,Player,MPPG,FGPG,FGAPG,FG%PG,3PPG,3PAPG,3P%PG,2PPG,2PAPG,2P%PG,eFG%PG,FTPG,FTAPG,FT%PG,ORBPG,DRBPG,TRBPG,ASTPG,STLPG,BLKPG,TOVPG,PFPG,PTSPG,First,Pts Won,Pts Max,Share,G_x,MP_x,PTS_x,TRB_x,AST_x,STL_x,BLK_x,FG%_x,3P%_x,FT%_x,WS_x,WS/48_x,G_y,GS,MP_y,FG,FGA,FG%_y,3P,3PA,3P%_y,2P,2PA,2P%,eFG%,FT,FTA,FT%_y,ORB,DRB,TRB_y,AST_y,STL_y,BLK_y,TOV,PF,PTS_y,Trp-Dbl,PER,TS%,3PAr,FTr,ORB%,DRB%,TRB%,AST%,STL%,BLK%,TOV%,USG%,OWS,DWS,WS_y,WS/48_y,OBPM,DBPM,BPM,VORP,First Pts Share,Year
0,Tracy McGrady,39.9,9.7,23.4,0.417,2.6,7.7,0.339,7.1,15.7,0.455,0.473,5.9,7.5,0.796,1.4,4.6,6.0,5.5,1.4,0.6,2.7,1.9,28.0,0.0,0.0,1230.0,0.0,0.0,0.0,0.0,0.0,0.0,0.0,0.0,0.0,0.0,0.0,0.0,0.0,67.0,67.0,2675.0,653.0,1566.0,0.417,174.0,513.0,0.339,479.0,1053.0,0.455,0.473,398.0,500.0,0.796,95.0,307.0,402.0,370.0,93.0,42.0,179.0,129.0,1878.0,0.0,25.3,0.526,0.328,0.319,3.9,13.3,8.5,28.3,1.8,1.1,9.1,33.2,8.1,0.4,8.4,0.151,7.6,-1.2,6.4,5.7,0.0,2004
1,Allen Iverson,42.5,9.1,23.4,0.387,1.2,4.1,0.286,7.9,19.3,0.408,0.412,7.1,9.5,0.745,0.7,3.0,3.7,6.8,2.4,0.1,4.4,1.8,26.4,0.0,0.0,1230.0,0.0,0.0,0.0,0.0,0.0,0.0,0.0,0.0,0.0,0.0,0.0,0.0,0.0,48.0,47.0,2040.0,435.0,1125.0,0.387,57.0,199.0,0.286,378.0,926.0,0.408,0.412,339.0,455.0,0.745,34.0,144.0,178.0,324.0,115.0,5.0,209.0,87.0,1266.0,0.0,19.3,0.478,0.177,0.404,2.0,8.2,5.1,34.4,3.1,0.2,13.6,35.3,0.5,2.3,2.8,0.066,2.7,-0.6,2.1,2.1,0.0,2004
2,Kevin Garnett,39.4,9.8,19.6,0.499,0.1,0.5,0.256,9.7,19.1,0.506,0.502,4.5,5.7,0.791,3.0,10.9,13.9,5.0,1.5,2.2,2.6,2.5,24.2,120.0,1219.0,1230.0,0.991,82.0,39.4,24.2,13.9,5.0,1.5,2.2,0.499,0.256,0.791,18.3,0.272,82.0,82.0,3231.0,804.0,1611.0,0.499,11.0,43.0,0.256,793.0,1568.0,0.506,0.502,368.0,465.0,0.791,245.0,894.0,1139.0,409.0,120.0,178.0,212.0,202.0,1987.0,2.0,29.4,0.547,0.027,0.289,9.1,30.0,20.1,24.4,2.0,4.0,10.5,29.6,10.4,8.0,18.3,0.272,6.8,3.3,10.2,10.0,0.0975609756097561,2004
3,Peja Stojaković,40.3,8.2,17.1,0.48,3.0,6.8,0.433,5.2,10.3,0.511,0.566,4.9,5.2,0.927,1.1,5.1,6.3,2.1,1.3,0.2,1.9,2.0,24.2,1.0,281.0,1230.0,0.228,81.0,40.3,24.2,6.3,2.1,1.3,0.2,0.48,0.433,0.927,13.5,0.198,81.0,81.0,3264.0,665.0,1386.0,0.48,240.0,554.0,0.433,425.0,832.0,0.511,0.566,394.0,425.0,0.927,91.0,417.0,508.0,173.0,108.0,14.0,153.0,159.0,1964.0,0.0,21.8,0.624,0.4,0.307,3.2,14.1,8.8,9.1,1.7,0.3,8.9,23.9,11.4,2.1,13.5,0.198,5.2,-1.3,3.9,4.9,0.0008130081300813008,2004
4,Kobe Bryant,37.6,7.9,18.1,0.438,1.1,3.3,0.327,6.8,14.8,0.463,0.468,7.0,8.2,0.852,1.6,3.9,5.5,5.1,1.7,0.4,2.6,2.7,24.0,0.0,212.0,1230.0,0.172,65.0,37.6,24.0,5.5,5.1,1.7,0.4,0.438,0.327,0.852,10.7,0.21,65.0,64.0,2447.0,516.0,1178.0,0.438,71.0,217.0,0.327,445.0,961.0,0.463,0.468,454.0,533.0,0.852,103.0,256.0,359.0,330.0,112.0,28.0,171.0,176.0,1557.0,1.0,23.7,0.551,0.184,0.452,4.7,12.0,8.3,24.4,2.4,0.8,10.8,29.1,7.8,3.0,10.7,0.21,5.1,0.5,5.6,4.7,0.0,2004
5,Ray Allen,38.4,8.0,18.2,0.44,2.6,6.8,0.392,5.3,11.4,0.468,0.512,4.4,4.8,0.904,1.2,3.9,5.1,4.8,1.3,0.2,2.8,2.4,23.0,0.0,0.0,1230.0,0.0,0.0,0.0,0.0,0.0,0.0,0.0,0.0,0.0,0.0,0.0,0.0,0.0,56.0,56.0,2152.0,447.0,1017.0,0.44,148.0,378.0,0.392,299.0,639.0,0.468,0.512,245.0,271.0,0.904,69.0,217.0,286.0,268.0,71.0,11.0,156.0,132.0,1287.0,1.0,21.7,0.566,0.372,0.266,3.8,11.8,7.8,23.3,1.8,0.4,12.1,27.8,6.5,0.4,6.9,0.153,5.5,-1.5,4.0,3.2,0.0,2004
6,Paul Pierce,38.7,7.5,18.7,0.402,1.4,4.8,0.299,6.1,13.9,0.438,0.441,6.5,7.9,0.819,0.9,5.7,6.5,5.1,1.6,0.7,3.8,2.9,23.0,0.0,0.0,1230.0,0.0,0.0,0.0,0.0,0.0,0.0,0.0,0.0,0.0,0.0,0.0,0.0,0.0,80.0,80.0,3099.0,602.0,1497.0,0.402,115.0,384.0,0.299,487.0,1113.0,0.438,0.441,517.0,631.0,0.819,69.0,453.0,522.0,410.0,131.0,52.0,303.0,234.0,1836.0,1.0,19.4,0.517,0.257,0.422,2.6,16.4,9.6,25.1,2.2,1.3,14.6,30.5,3.7,3.4,7.1,0.109,2.3,-0.3,2.0,3.2,0.0,2004
7,Baron Davis,40.1,8.3,20.9,0.395,2.8,8.7,0.321,5.5,12.2,0.448,0.462,3.5,5.3,0.673,1.0,3.3,4.3,7.5,2.4,0.4,3.2,2.7,22.9,0.0,4.0,1230.0,0.003,67.0,40.1,22.9,4.3,7.5,2.4,0.4,0.395,0.321,0.673,7.5,0.133,67.0,66.0,2686.0,554.0,1402.0,0.395,187.0,582.0,0.321,367.0,820.0,0.448,0.462,237.0,352.0,0.673,66.0,221.0,287.0,501.0,158.0,27.0,215.0,178.0,1532.0,0.0,20.7,0.492,0.415,0.251,2.7,9.6,6.1,37.9,3.2,0.8,12.1,30.1,4.3,3.2,7.5,0.133,4.7,0.5,5.2,4.8,0.0,2004
8,Vince Carter,38.2,8.3,20.0,0.417,1.3,3.3,0.383,7.1,16.6,0.424,0.449,4.6,5.7,0.806,1.3,3.5,4.8,4.8,1.2,0.9,3.1,2.9,22.5,0.0,0.0,1230.0,0.0,0.0,0.0,0.0,0.0,0.0,0.0,0.0,0.0,0.0,0.0,0.0,0.0,73.0,73.0,2785.0,608.0,1457.0,0.417,93.0,243.0,0.383,515.0,1214.0,0.424,0.449,336.0,417.0,0.806,95.0,254.0,349.0,348.0,88.0,65.0,223.0,212.0,1645.0,0.0,20.0,0.501,0.167,0.286,3.9,10.6,7.2,28.0,1.7,1.7,12.0,32.5,2.6,3.4,6.0,0.103,3.5,0.2,3.6,3.9,0.0,2004
9,Tim Duncan,36.6,8.6,17.1,0.501,0.0,0.2,0.167,8.6,16.9,0.505,0.502,5.1,8.5,0.599,3.3,9.2,12.4,3.1,0.9,2.7,2.7,2.4,22.3,0.0,716.0,1230.0,0.582,69.0,36.6,22.3,12.4,3.1,0.9,2.7,0.501,0.167,0.599,13.1,0.249,69.0,68.0,2527.0,592.0,1181.0,0.501,2.0,12.0,0.167,590.0,1169.0,0.505,0.502,352.0,588.0,0.599,227.0,632.0,859.0,213.0,62.0,185.0,183.0,164.0,1538.0,0.0,27.1,0.534,0.01,0.498,10.2,27.6,19.0,17.4,1.3,5.3,11.3,29.7,5.9,7.2,13.1,0.249,5.2,3.3,8.5,6.7,0.0,2004
10,Dirk Nowitzki,37.9,7.9,17.0,0.462,1.3,3.8,0.341,6.6,13.2,0.496,0.5,4.8,5.5,0.877,1.2,7.5,8.7,2.7,1.2,1.4,1.8,2.8,21.8,0.0,4.0,1230.0,0.003,77.0,37.9,21.8,8.7,2.7,1.2,1.4,0.462,0.341,0.877,11.5,0.19,77.0,77.0,2915.0,605.0,1310.0,0.462,99.0,290.0,0.341,506.0,1020.0,0.496,0.5,371.0,423.0,0.877,90.0,580.0,670.0,207.0,92.0,104.0,135.0,216.0,1680.0,0.0,22.5,0.561,0.221,0.323,3.3,22.2,12.5,11.3,1.6,2.6,8.3,24.5,9.0,2.5,11.5,0.19,3.8,0.0,3.8,4.3,0.0,2004
11,Michael Redd,36.8,7.7,17.5,0.44,1.5,4.4,0.35,6.2,13.1,0.47,0.484,4.7,5.4,0.868,1.4,3.5,5.0,2.3,1.0,0.1,1.4,1.9,21.7,0.0,1.0,1230.0,0.001,82.0,36.8,21.7,5.0,2.3,1.0,0.1,0.44,0.35,0.868,9.7,0.154,82.0,82.0,3021.0,633.0,1439.0,0.44,127.0,363.0,0.35,506.0,1076.0,0.47,0.484,383.0,441.0,0.868,118.0,289.0,407.0,185.0,81.0,6.0,116.0,152.0,1776.0,0.0,19.9,0.544,0.252,0.306,4.4,10.9,7.7,11.3,1.4,0.1,6.6,26.3,8.4,1.3,9.7,0.154,3.8,-1.3,2.5,3.5,0.0,2004
12,Shaquille O'Neal,36.8,8.3,14.1,0.584,0.0,0.0,0.0,8.3,14.1,0.584,0.584,4.9,10.1,0.49,3.7,7.8,11.5,2.9,0.5,2.5,2.9,3.4,21.5,0.0,178.0,1230.0,0.145,67.0,36.8,21.5,11.5,2.9,0.5,2.5,0.584,0.0,0.49,9.9,0.192,67.0,67.0,2464.0,554.0,948.0,0.584,0.0,0.0,0.0,554.0,948.0,0.584,0.584,331.0,676.0,0.49,246.0,523.0,769.0,196.0,34.0,166.0,195.0,225.0,1439.0,0.0,24.4,0.578,0.0,0.713,11.1,24.4,17.7,14.8,0.7,5.0,13.5,26.3,5.9,4.0,9.9,0.192,3.8,1.0,4.8,4.1,0.0,2004
13,Carmelo Anthony,36.5,7.6,17.9,0.426,0.8,2.6,0.322,6.8,15.3,0.444,0.449,5.0,6.4,0.777,2.2,3.8,6.1,2.8,1.2,0.5,3.0,2.7,21.0,0.0,1.0,1230.0,0.001,82.0,36.5,21.0,6.1,2.8,1.2,0.5,0.426,0.322,0.777,6.1,0.098,82.0,82.0,2995.0,624.0,1465.0,0.426,69.0,214.0,0.322,555.0,1251.0,0.444,0.449,408.0,525.0,0.777,183.0,315.0,498.0,227.0,97.0,41.0,247.0,225.0,1725.0,0.0,17.6,0.509,0.146,0.358,6.8,12.1,9.4,13.8,1.7,1.0,12.7,28.5,3.7,2.4,6.1,0.098,1.6,-1.6,0.1,1.6,0.0,2004
14,LeBron James,39.5,7.9,18.9,0.417,0.8,2.7,0.29,7.1,16.1,0.438,0.438,4.4,5.8,0.754,1.3,4.2,5.5,5.9,1.6,0.7,3.5,1.9,20.9,0.0,11.0,1230.0,0.009,79.0,39.5,20.9,5.5,5.9,1.6,0.7,0.417,0.29,0.754,5.1,0.078,79.0,79.0,3122.0,622.0,1492.0,0.417,63.0,217.0,0.29,559.0,1275.0,0.438,0.438,347.0,460.0,0.754,99.0,333.0,432.0,465.0,130.0,58.0,273.0,149.0,1654.0,0.0,18.3,0.488,0.145,0.308,3.5,11.8,7.6,27.8,2.2,1.3,13.9,28.2,2.4,2.6,5.1,0.078,2.3,-0.6,1.7,2.9,0.0,2004
15,Jamal Mashburn,38.4,8.2,20.9,0.392,1.0,3.5,0.284,7.2,17.4,0.414,0.416,3.4,4.2,0.813,1.0,5.2,6.2,2.5,0.7,0.3,1.9,2.2,20.8,0.0,0.0,1230.0,0.0,0.0,0.0,0.0,0.0,0.0,0.0,0.0,0.0,0.0,0.0,0.0,0.0,19.0,18.0,730.0,156.0,398.0,0.392,19.0,67.0,0.284,137.0,331.0,0.414,0.416,65.0,80.0,0.813,19.0,98.0,117.0,47.0,14.0,5.0,37.0,42.0,396.0,0.0,14.7,0.457,0.168,0.201,2.9,15.7,9.1,13.3,1.0,0.5,7.9,29.4,0.1,0.6,0.7,0.048,0.2,-1.7,-1.5,0.1,0.0,2004
16,Corey Maggette,36.0,6.2,13.9,0.447,1.0,3.2,0.329,5.2,10.7,0.482,0.485,7.2,8.5,0.848,1.3,4.6,5.9,3.1,0.9,0.2,2.8,3.0,20.7,0.0,0.0,1230.0,0.0,0.0,0.0,0.0,0.0,0.0,0.0,0.0,0.0,0.0,0.0,0.0,0.0,73.0,72.0,2628.0,453.0,1013.0,0.447,76.0,231.0,0.329,377.0,782.0,0.482,0.485,526.0,620.0,0.848,96.0,334.0,430.0,224.0,65.0,16.0,207.0,217.0,1508.0,0.0,20.1,0.586,0.228,0.612,4.1,14.6,9.3,15.8,1.3,0.4,13.9,25.2,8.2,0.5,8.6,0.157,3.6,-1.5,2.1,2.7,0.0,2004
17,Amar'e Stoudemire,36.8,7.5,15.7,0.475,0.0,0.1,0.2,7.5,15.6,0.477,0.476,5.6,7.9,0.713,2.9,6.2,9.0,1.4,1.2,1.6,3.2,3.4,20.6,0.0,0.0,1230.0,0.0,0.0,0.0,0.0,0.0,0.0,0.0,0.0,0.0,0.0,0.0,0.0,0.0,55.0,53.0,2025.0,411.0,865.0,0.475,1.0,5.0,0.2,410.0,860.0,0.477,0.476,310.0,435.0,0.713,157.0,339.0,496.0,78.0,64.0,89.0,177.0,188.0,1133.0,0.0,19.8,0.536,0.006,0.503,8.8,19.2,14.0,7.0,1.6,3.3,14.4,27.5,2.4,2.0,4.4,0.105,0.8,-0.7,0.1,1.1,0.0,2004
18,Stephon Marbury,40.2,7.4,17.1,0.431,1.1,3.4,0.318,6.3,13.7,0.46,0.463,4.4,5.4,0.817,0.7,2.5,3.2,8.9,1.6,0.1,3.1,2.1,20.2,0.0,0.0,1230.0,0.0,0.0,0.0,0.0,0.0,0.0,0.0,0.0,0.0,0.0,0.0,0.0,0.0,81.0,81.0,3254.0,598.0,1386.0,0.431,87.0,274.0,0.318,511.0,1112.0,0.46,0.463,356.0,436.0,0.817,58.0,205.0,263.0,719.0,129.0,9.0,249.0,172.0,1639.0,0.0,20.4,0.519,0.198,0.315,2.1,7.2,4.6,40.1,2.1,0.2,13.6,25.8,7.4,1.7,9.1,0.134,4.1,-0.9,3.2,4.3,0.0,2004
19,Jermaine O'Neal,35.7,7.8,17.9,0.434,0.0,0.2,0.111,7.8,17.7,0.438,0.435,4.5,5.9,0.757,2.5,7.5,10.0,2.1,0.8,2.6,2.3,3.2,20.1,2.0,523.0,1230.0,0.425,78.0,35.7,20.1,10.0,2.1,0.8,2.6,0.434,0.111,0.757,9.0,0.155,78.0,78.0,2788.0,608.0,1400.0,0.434,2.0,18.0,0.111,606.0,1382.0,0.438,0.435,348.0,460.0,0.757,193.0,585.0,778.0,164.0,59.0,199.0,181.0,248.0,1566.0,0.0,21.1,0.489,0.013,0.329,8.1,25.0,16.5,12.3,1.2,5.5,10.1,30.2,2.7,6.3,9.0,0.155,1.1,1.3,2.4,3.1,0.0016260162601626016,2004
20,Zach Randolph,37.9,8.2,16.9,0.485,0.0,0.1,0.2,8.2,16.8,0.486,0.485,3.7,4.9,0.761,3.0,7.5,10.5,2.0,0.8,0.5,3.0,2.8,20.1,0.0,0.0,1230.0,0.0,0.0,0.0,0.0,0.0,0.0,0.0,0.0,0.0,0.0,0.0,0.0,0.0,81.0,80.0,3067.0,663.0,1368.0,0.485,1.0,5.0,0.2,662.0,1363.0,0.486,0.485,299.0,393.0,0.761,242.0,609.0,851.0,163.0,68.0,41.0,247.0,227.0,1626.0,0.0,19.6,0.528,0.004,0.287,9.5,23.4,16.5,10.4,1.2,1.0,13.8,27.6,4.1,2.9,7.1,0.111,1.1,-1.6,-0.5,1.2,0.0,2004
21,Elton Brand,38.7,7.0,14.2,0.493,0.0,0.0,0.0,7.0,14.2,0.493,0.493,6.0,7.7,0.773,3.9,6.4,10.3,3.3,0.9,2.2,2.8,3.3,20.0,0.0,0.0,1230.0,0.0,0.0,0.0,0.0,0.0,0.0,0.0,0.0,0.0,0.0,0.0,0.0,0.0,69.0,68.0,2670.0,484.0,982.0,0.493,0.0,1.0,0.0,484.0,981.0,0.493,0.493,411.0,532.0,0.773,269.0,445.0,714.0,227.0,64.0,154.0,193.0,229.0,1379.0,0.0,23.2,0.567,0.001,0.542,11.4,19.1,15.2,16.0,1.3,4.2,13.7,23.4,7.9,1.8,9.7,0.174,4.0,0.0,4.0,4.0,0.0,2004
22,Sam Cassell,35.0,7.7,15.7,0.488,0.9,2.3,0.398,6.7,13.4,0.504,0.517,3.6,4.1,0.873,0.5,2.8,3.3,7.3,1.3,0.2,2.7,3.0,19.8,0.0,4.0,1230.0,0.003,81.0,35.0,19.8,3.3,7.3,1.3,0.2,0.488,0.398,0.873,12.1,0.205,81.0,81.0,2838.0,620.0,1270.0,0.488,74.0,186.0,0.398,546.0,1084.0,0.504,0.517,289.0,331.0,0.873,44.0,227.0,271.0,592.0,102.0,18.0,220.0,247.0,1603.0,1.0,22.8,0.566,0.146,0.261,1.9,8.7,5.5,38.0,1.9,0.5,13.5,27.2,8.8,3.3,12.1,0.205,4.1,0.3,4.4,4.6,0.0,2004
23,Gilbert Arenas,37.6,6.5,16.6,0.392,2.3,6.1,0.375,4.2,10.6,0.401,0.46,4.3,5.8,0.748,1.0,3.6,4.6,5.0,1.9,0.2,4.1,3.2,19.6,0.0,0.0,1230.0,0.0,0.0,0.0,0.0,0.0,0.0,0.0,0.0,0.0,0.0,0.0,0.0,0.0,55.0,52.0,2066.0,358.0,914.0,0.392,125.0,333.0,0.375,233.0,581.0,0.401,0.46,237.0,317.0,0.748,55.0,199.0,254.0,275.0,103.0,12.0,226.0,176.0,1078.0,3.0,16.0,0.512,0.364,0.347,2.9,11.1,6.9,25.5,2.6,0.4,17.7,27.4,1.1,1.5,2.6,0.061,1.1,-1.0,0.1,1.1,0.0,2004
24,Shawn Marion,40.7,7.5,17.0,0.44,1.1,3.4,0.34,6.3,13.6,0.465,0.474,2.9,3.4,0.851,2.7,6.6,9.3,2.7,2.1,1.3,2.0,2.6,19.0,0.0,0.0,1230.0,0.0,0.0,0.0,0.0,0.0,0.0,0.0,0.0,0.0,0.0,0.0,0.0,0.0,79.0,79.0,3217.0,590.0,1341.0,0.44,90.0,265.0,0.34,500.0,1076.0,0.465,0.474,228.0,268.0,0.851,212.0,525.0,737.0,214.0,167.0,104.0,156.0,203.0,1498.0,0.0,19.9,0.513,0.198,0.2,7.5,18.7,13.1,11.7,2.7,2.4,9.7,22.7,5.3,3.8,9.1,0.135,3.0,0.6,3.6,4.6,0.0,2004
25,Larry Hughes,33.8,6.6,16.5,0.397,1.3,3.8,0.341,5.3,12.7,0.414,0.437,4.4,5.5,0.797,1.6,3.8,5.3,2.4,1.6,0.4,2.5,2.4,18.8,0.0,0.0,1230.0,0.0,0.0,0.0,0.0,0.0,0.0,0.0,0.0,0.0,0.0,0.0,0.0,0.0,61.0,61.0,2061.0,401.0,1009.0,0.397,79.0,232.0,0.341,322.0,777.0,0.414,0.437,267.0,335.0,0.797,96.0,230.0,326.0,148.0,95.0,26.0,152.0,147.0,1148.0,0.0,17.6,0.496,0.23,0.332,5.1,12.9,8.9,14.3,2.4,0.9,11.6,28.1,2.1,1.6,3.8,0.088,1.7,-0.7,0.9,1.5,0.0,2004
26,Jason Richardson,37.6,7.2,16.5,0.438,1.0,3.5,0.282,6.2,13.0,0.481,0.468,3.3,4.8,0.684,1.6,5.1,6.7,2.9,1.1,0.5,2.5,2.3,18.7,0.0,0.0,1230.0,0.0,0.0,0.0,0.0,0.0,0.0,0.0,0.0,0.0,0.0,0.0,0.0,0.0,78.0,78.0,2936.0,563.0,1284.0,0.438,77.0,273.0,0.282,486.0,1011.0,0.481,0.468,258.0,377.0,0.684,124.0,400.0,524.0,226.0,86.0,41.0,196.0,182.0,1461.0,0.0,16.8,0.504,0.213,0.294,4.7,15.4,10.1,14.5,1.6,1.0,11.9,25.8,2.6,2.7,5.2,0.085,1.1,-0.6,0.5,1.9,0.0,2004
27,Chris Webber,36.1,7.6,18.3,0.413,0.0,0.2,0.2,7.5,18.1,0.416,0.414,3.5,5.0,0.711,2.1,6.6,8.7,4.6,1.3,0.9,2.6,3.3,18.7,0.0,0.0,1230.0,0.0,0.0,0.0,0.0,0.0,0.0,0.0,0.0,0.0,0.0,0.0,0.0,0.0,23.0,23.0,831.0,174.0,421.0,0.413,1.0,5.0,0.2,173.0,416.0,0.416,0.414,81.0,114.0,0.711,48.0,152.0,200.0,105.0,31.0,20.0,60.0,76.0,430.0,0.0,17.2,0.456,0.012,0.271,6.7,20.3,13.6,22.0,1.9,1.7,11.3,28.9,0.1,0.9,1.1,0.061,-0.2,-0.4,-0.6,0.3,0.0,2004
28,Michael Finley,38.6,7.1,16.1,0.443,2.1,5.1,0.405,5.1,11.0,0.461,0.508,2.3,2.7,0.85,1.1,3.4,4.5,2.9,1.2,0.5,1.2,1.6,18.6,0.0,0.0,1230.0,0.0,0.0,0.0,0.0,0.0,0.0,0.0,0.0,0.0,0.0,0.0,0.0,0.0,72.0,72.0,2778.0,514.0,1159.0,0.443,150.0,370.0,0.405,364.0,789.0,0.461,0.508,164.0,193.0,0.85,78.0,247.0,325.0,212.0,84.0,39.0,83.0,118.0,1342.0,0.0,17.8,0.539,0.319,0.167,3.0,9.9,6.4,11.7,1.6,1.0,6.3,20.9,7.0,0.5,7.6,0.131,3.0,-1.2,1.8,2.7,0.0,2004
29,Allan Houston,36.0,6.8,15.6,0.435,1.7,4.0,0.431,5.1,11.6,0.437,0.491,3.1,3.4,0.913,0.4,2.0,2.4,2.0,0.8,0.0,2.0,2.1,18.5,0.0,0.0,1230.0,0.0,0.0,0.0,0.0,0.0,0.0,0.0,0.0,0.0,0.0,0.0,0.0,0.0,50.0,50.0,1799.0,340.0,781.0,0.435,87.0,202.0,0.431,253.0,579.0,0.437,0.491,157.0,172.0,0.913,20.0,101.0,121.0,99.0,38.0,2.0,102.0,105.0,924.0,0.0,14.8,0.539,0.259,0.22,1.3,6.4,3.9,10.3,1.1,0.1,10.6,24.7,2.5,0.6,3.1,0.083,1.1,-1.6,-0.5,0.7,0.0,2004
30,Richard Jefferson,38.2,6.8,13.6,0.498,0.6,1.6,0.364,6.2,12.0,0.516,0.519,4.4,5.7,0.763,1.3,4.3,5.7,3.8,1.1,0.3,2.4,2.7,18.5,0.0,0.0,1230.0,0.0,0.0,0.0,0.0,0.0,0.0,0.0,0.0,0.0,0.0,0.0,0.0,0.0,82.0,82.0,3133.0,555.0,1115.0,0.498,48.0,132.0,0.364,507.0,983.0,0.516,0.519,357.0,468.0,0.763,109.0,355.0,464.0,315.0,92.0,28.0,198.0,224.0,1515.0,0.0,18.1,0.573,0.118,0.42,4.1,13.3,8.7,18.7,1.6,0.7,13.0,22.8,6.5,4.4,11.0,0.168,1.9,0.4,2.3,3.4,0.0,2004
31,Mike Bibby,36.3,6.4,14.3,0.45,1.8,4.6,0.392,4.6,9.7,0.479,0.514,3.7,4.5,0.815,0.8,2.6,3.4,5.4,1.4,0.2,2.1,1.8,18.4,0.0,0.0,1230.0,0.0,0.0,0.0,0.0,0.0,0.0,0.0,0.0,0.0,0.0,0.0,0.0,0.0,82.0,82.0,2980.0,527.0,1170.0,0.45,148.0,378.0,0.392,379.0,792.0,0.479,0.514,304.0,373.0,0.815,67.0,210.0,277.0,444.0,112.0,18.0,175.0,146.0,1506.0,0.0,19.3,0.564,0.323,0.319,2.6,7.8,5.3,24.5,1.9,0.4,11.6,22.9,8.0,1.3,9.3,0.151,3.4,-1.0,2.4,3.3,0.0,2004
32,Metta World Peace,37.2,6.4,15.2,0.421,1.0,3.3,0.31,5.4,11.9,0.452,0.455,4.4,6.0,0.733,1.4,3.9,5.3,3.7,2.1,0.7,2.8,2.7,18.3,0.0,0.0,1230.0,0.0,0.0,0.0,0.0,0.0,0.0,0.0,0.0,0.0,0.0,0.0,0.0,0.0,73.0,71.0,2714.0,468.0,1112.0,0.421,75.0,242.0,0.31,393.0,870.0,0.452,0.455,322.0,439.0,0.733,100.0,285.0,385.0,272.0,152.0,50.0,202.0,194.0,1333.0,0.0,18.2,0.511,0.218,0.395,4.3,12.5,8.4,19.2,3.1,1.4,13.4,26.2,2.8,5.2,8.0,0.141,1.6,1.9,3.5,3.8,0.0,2004
33,Stephen Jackson,36.8,6.7,15.8,0.425,1.8,5.3,0.34,4.9,10.4,0.469,0.483,2.9,3.7,0.785,1.2,3.4,4.6,3.1,1.8,0.3,2.8,2.7,18.1,0.0,0.0,1230.0,0.0,0.0,0.0,0.0,0.0,0.0,0.0,0.0,0.0,0.0,0.0,0.0,0.0,80.0,78.0,2940.0,536.0,1261.0,0.425,145.0,427.0,0.34,391.0,834.0,0.469,0.483,233.0,297.0,0.785,97.0,273.0,370.0,244.0,142.0,20.0,223.0,216.0,1450.0,0.0,16.1,0.521,0.339,0.236,3.8,10.4,7.1,15.7,2.6,0.5,13.8,25.0,2.7,1.8,4.4,0.072,1.0,-0.8,0.1,1.5,0.0,2004
34,Rashard Lewis,36.6,6.7,15.4,0.435,1.8,4.8,0.376,4.9,10.5,0.463,0.494,2.6,3.4,0.763,1.7,4.8,6.5,2.2,1.2,0.7,1.7,2.9,17.8,0.0,0.0,1230.0,0.0,0.0,0.0,0.0,0.0,0.0,0.0,0.0,0.0,0.0,0.0,0.0,0.0,80.0,80.0,2931.0,535.0,1229.0,0.435,145.0,386.0,0.376,390.0,843.0,0.463,0.494,206.0,270.0,0.763,133.0,385.0,518.0,175.0,99.0,54.0,135.0,233.0,1421.0,0.0,17.5,0.527,0.314,0.22,5.4,15.4,10.4,10.7,1.8,1.4,9.1,23.4,5.2,1.3,6.5,0.107,2.1,-1.2,1.0,2.2,0.0,2004
35,Pau Gasol,31.5,6.5,13.4,0.482,0.1,0.2,0.267,6.4,13.3,0.485,0.484,4.7,6.6,0.714,2.6,5.1,7.7,2.5,0.6,1.7,2.4,2.4,17.7,0.0,0.0,1230.0,0.0,0.0,0.0,0.0,0.0,0.0,0.0,0.0,0.0,0.0,0.0,0.0,0.0,78.0,78.0,2458.0,506.0,1049.0,0.482,4.0,15.0,0.267,502.0,1034.0,0.485,0.484,365.0,511.0,0.714,206.0,394.0,600.0,198.0,44.0,132.0,187.0,185.0,1381.0,0.0,21.7,0.542,0.014,0.487,9.4,18.3,13.8,14.9,0.9,3.9,12.8,26.8,5.3,2.8,8.1,0.159,2.9,0.1,2.9,3.0,0.0,2004
36,Richard Hamilton,35.5,6.8,14.9,0.455,0.2,0.9,0.265,6.6,14.1,0.466,0.462,3.8,4.4,0.868,1.0,2.6,3.6,4.0,1.3,0.2,2.7,2.8,17.6,0.0,0.0,1230.0,0.0,0.0,0.0,0.0,0.0,0.0,0.0,0.0,0.0,0.0,0.0,0.0,0.0,78.0,78.0,2772.0,530.0,1166.0,0.455,18.0,68.0,0.265,512.0,1098.0,0.466,0.462,297.0,342.0,0.868,78.0,201.0,279.0,310.0,103.0,17.0,210.0,222.0,1375.0,0.0,16.8,0.522,0.058,0.293,3.3,8.3,5.8,22.2,2.0,0.5,13.8,25.7,3.8,4.4,8.1,0.141,0.5,0.7,1.2,2.3,0.0,2004
37,Yao Ming,32.8,6.5,12.5,0.522,0.0,0.0,0.0,6.5,12.5,0.523,0.522,4.4,5.4,0.809,2.4,6.6,9.0,1.5,0.3,1.9,2.5,3.3,17.5,0.0,1.0,1230.0,0.001,82.0,32.8,17.5,9.0,1.5,0.3,1.9,0.522,0.0,0.809,11.4,0.202,82.0,82.0,2692.0,535.0,1025.0,0.522,0.0,2.0,0.0,535.0,1023.0,0.523,0.522,361.0,446.0,0.809,197.0,538.0,735.0,122.0,22.0,156.0,204.0,273.0,1431.0,0.0,21.9,0.586,0.002,0.435,9.1,22.4,16.1,9.3,0.4,4.5,14.3,25.3,6.5,4.8,11.4,0.202,1.7,1.1,2.8,3.2,0.0,2004
38,Jamal Crawford,35.1,6.4,16.5,0.386,2.1,6.5,0.317,4.3,10.0,0.432,0.449,2.5,3.0,0.833,0.6,3.0,3.5,5.1,1.4,0.4,2.4,2.0,17.3,0.0,0.0,1230.0,0.0,0.0,0.0,0.0,0.0,0.0,0.0,0.0,0.0,0.0,0.0,0.0,0.0,80.0,73.0,2811.0,509.0,1318.0,0.386,165.0,521.0,0.317,344.0,797.0,0.432,0.449,200.0,240.0,0.833,46.0,237.0,283.0,405.0,111.0,29.0,193.0,161.0,1383.0,0.0,15.9,0.486,0.395,0.182,1.7,9.5,5.5,27.5,2.1,0.8,11.9,25.7,1.9,2.1,4.1,0.069,1.9,-0.5,1.4,2.4,0.0,2004
39,Eddie Jones,37.0,5.8,14.3,0.409,2.2,5.9,0.37,3.7,8.4,0.437,0.486,3.4,4.1,0.835,0.5,3.3,3.8,3.2,1.1,0.4,1.6,2.8,17.3,0.0,0.0,1230.0,0.0,0.0,0.0,0.0,0.0,0.0,0.0,0.0,0.0,0.0,0.0,0.0,0.0,81.0,81.0,2998.0,473.0,1156.0,0.409,177.0,479.0,0.37,296.0,677.0,0.437,0.486,278.0,333.0,0.835,38.0,270.0,308.0,258.0,92.0,34.0,129.0,226.0,1401.0,0.0,16.7,0.538,0.414,0.288,1.5,10.6,6.0,16.1,1.7,0.9,9.0,22.5,6.2,3.0,9.1,0.146,2.2,0.2,2.5,3.4,0.0,2004
40,Quentin Richardson,36.0,6.5,16.4,0.398,1.8,5.2,0.352,4.7,11.2,0.42,0.454,2.3,3.1,0.74,2.2,4.1,6.4,2.1,1.0,0.3,2.2,2.0,17.2,0.0,0.0,1230.0,0.0,0.0,0.0,0.0,0.0,0.0,0.0,0.0,0.0,0.0,0.0,0.0,0.0,65.0,64.0,2338.0,425.0,1068.0,0.398,120.0,341.0,0.352,305.0,727.0,0.42,0.454,151.0,204.0,0.74,146.0,268.0,414.0,139.0,67.0,19.0,141.0,130.0,1121.0,0.0,15.1,0.484,0.319,0.191,7.1,13.2,10.1,11.2,1.5,0.6,10.9,24.6,2.0,0.4,2.4,0.05,1.7,-2.5,-0.8,0.7,0.0,2004
41,Lamar Odom,37.5,6.1,14.1,0.43,0.8,2.6,0.298,5.3,11.5,0.46,0.457,4.3,5.7,0.742,2.0,7.7,9.7,4.1,1.1,0.9,3.0,3.4,17.1,0.0,0.0,1230.0,0.0,0.0,0.0,0.0,0.0,0.0,0.0,0.0,0.0,0.0,0.0,0.0,0.0,80.0,80.0,3003.0,485.0,1127.0,0.43,61.0,205.0,0.298,424.0,922.0,0.46,0.457,340.0,458.0,0.742,160.0,616.0,776.0,327.0,85.0,71.0,236.0,273.0,1371.0,1.0,18.5,0.516,0.182,0.406,6.1,24.2,15.1,20.6,1.5,1.9,15.1,24.5,3.6,4.8,8.4,0.134,1.7,1.2,2.9,3.8,0.0,2004
42,Juwan Howard,35.5,6.5,14.4,0.453,0.0,0.0,0.0,6.5,14.4,0.453,0.453,3.9,4.9,0.809,2.1,4.9,7.0,2.0,0.7,0.3,2.2,3.5,17.0,0.0,0.0,1230.0,0.0,0.0,0.0,0.0,0.0,0.0,0.0,0.0,0.0,0.0,0.0,0.0,0.0,81.0,77.0,2877.0,529.0,1169.0,0.453,0.0,1.0,0.0,529.0,1168.0,0.453,0.453,318.0,393.0,0.809,171.0,399.0,570.0,158.0,54.0,22.0,178.0,284.0,1376.0,0.0,15.6,0.513,0.001,0.336,6.6,16.1,11.2,10.0,1.0,0.6,11.7,23.9,3.6,0.0,3.6,0.059,-0.3,-2.5,-2.9,-0.6,0.0,2004
43,Chauncey Billups,35.4,5.0,12.8,0.394,1.7,4.3,0.388,3.4,8.5,0.396,0.459,5.2,5.9,0.878,0.4,3.1,3.5,5.7,1.1,0.1,2.4,2.3,16.9,0.0,0.0,1230.0,0.0,0.0,0.0,0.0,0.0,0.0,0.0,0.0,0.0,0.0,0.0,0.0,0.0,78.0,78.0,2758.0,392.0,996.0,0.394,130.0,335.0,0.388,262.0,661.0,0.396,0.459,404.0,460.0,0.878,35.0,241.0,276.0,446.0,84.0,8.0,189.0,177.0,1318.0,1.0,18.6,0.55,0.336,0.462,1.5,10.0,5.8,29.3,1.7,0.2,13.6,23.5,7.1,4.2,11.3,0.198,3.1,0.5,3.6,3.9,0.0,2004
44,Latrell Sprewell,37.8,6.3,15.4,0.409,1.2,3.6,0.331,5.1,11.8,0.433,0.448,2.9,3.6,0.814,0.7,3.1,3.8,3.5,1.1,0.3,1.9,1.2,16.8,0.0,0.0,1230.0,0.0,0.0,0.0,0.0,0.0,0.0,0.0,0.0,0.0,0.0,0.0,0.0,0.0,82.0,82.0,3100.0,518.0,1266.0,0.409,99.0,299.0,0.331,419.0,967.0,0.433,0.448,240.0,295.0,0.814,56.0,254.0,310.0,286.0,88.0,21.0,158.0,101.0,1375.0,0.0,14.7,0.493,0.236,0.233,2.2,8.9,5.7,15.4,1.5,0.5,10.2,23.6,2.5,3.2,5.7,0.088,0.3,-0.6,-0.3,1.3,0.0,2004
45,Jason Terry,37.3,6.2,14.8,0.417,1.8,5.2,0.347,4.4,9.6,0.455,0.478,2.7,3.2,0.827,0.6,3.5,4.1,5.4,1.5,0.2,2.8,2.4,16.8,0.0,0.0,1230.0,0.0,0.0,0.0,0.0,0.0,0.0,0.0,0.0,0.0,0.0,0.0,0.0,0.0,81.0,78.0,3018.0,499.0,1196.0,0.417,146.0,421.0,0.347,353.0,775.0,0.455,0.478,215.0,260.0,0.827,49.0,287.0,336.0,437.0,124.0,16.0,229.0,192.0,1359.0,0.0,16.2,0.519,0.352,0.217,1.9,10.6,6.3,26.6,2.2,0.4,14.9,23.2,3.6,1.5,5.1,0.08,1.4,-1.1,0.3,1.7,0.0,2004
46,Joe Johnson,40.6,6.8,15.7,0.43,1.0,3.3,0.305,5.8,12.4,0.463,0.462,2.1,2.8,0.75,1.0,3.7,4.7,4.4,1.1,0.3,2.4,2.2,16.7,0.0,0.0,1230.0,0.0,0.0,0.0,0.0,0.0,0.0,0.0,0.0,0.0,0.0,0.0,0.0,0.0,82.0,77.0,3331.0,555.0,1291.0,0.43,83.0,272.0,0.305,472.0,1019.0,0.463,0.462,174.0,232.0,0.75,80.0,305.0,385.0,362.0,93.0,26.0,199.0,177.0,1367.0,0.0,13.9,0.491,0.211,0.18,2.7,10.5,6.6,18.6,1.4,0.6,12.5,21.6,2.2,1.1,3.3,0.047,0.1,-1.4,-1.3,0.6,0.0,2004
47,Kenyon Martin,34.6,6.8,13.8,0.488,0.1,0.4,0.28,6.6,13.5,0.494,0.492,3.1,4.5,0.684,2.0,7.4,9.5,2.5,1.5,1.3,2.6,3.5,16.7,0.0,0.0,1230.0,0.0,0.0,0.0,0.0,0.0,0.0,0.0,0.0,0.0,0.0,0.0,0.0,0.0,65.0,62.0,2252.0,439.0,900.0,0.488,7.0,25.0,0.28,432.0,875.0,0.494,0.492,201.0,294.0,0.684,133.0,484.0,617.0,160.0,95.0,82.0,168.0,230.0,1086.0,0.0,18.7,0.528,0.028,0.327,7.0,25.3,16.2,13.7,2.3,2.8,14.0,25.0,1.5,5.1,6.7,0.142,0.1,1.8,1.9,2.2,0.0,2004
48,Steve Francis,40.4,5.7,14.1,0.403,0.9,3.2,0.292,4.8,11.0,0.435,0.436,4.3,5.5,0.775,1.5,4.0,5.5,6.2,1.8,0.4,3.7,3.3,16.6,0.0,0.0,1230.0,0.0,0.0,0.0,0.0,0.0,0.0,0.0,0.0,0.0,0.0,0.0,0.0,0.0,79.0,79.0,3194.0,450.0,1117.0,0.403,73.0,250.0,0.292,377.0,867.0,0.435,0.436,337.0,435.0,0.775,116.0,317.0,433.0,493.0,139.0,35.0,294.0,257.0,1310.0,0.0,15.8,0.501,0.224,0.389,4.5,11.1,8.0,28.3,2.4,0.8,18.3,24.0,2.4,4.7,7.1,0.107,0.5,0.9,1.4,2.7,0.0,2004
49,Glenn Robinson,31.8,6.5,14.6,0.448,0.8,2.4,0.34,5.7,12.2,0.469,0.476,2.7,3.3,0.832,1.1,3.4,4.5,1.4,1.0,0.2,2.5,2.3,16.6,0.0,0.0,1230.0,0.0,0.0,0.0,0.0,0.0,0.0,0.0,0.0,0.0,0.0,0.0,0.0,0.0,42.0,42.0,1336.0,275.0,614.0,0.448,34.0,100.0,0.34,241.0,514.0,0.469,0.476,114.0,137.0,0.832,46.0,143.0,189.0,57.0,42.0,9.0,106.0,96.0,698.0,0.0,15.0,0.518,0.163,0.223,4.1,12.5,8.3,9.1,1.7,0.5,13.6,27.4,0.3,1.3,1.6,0.056,-0.3,-1.2,-1.5,0.1,0.0,2004
50,Andrei Kirilenko,37.1,5.3,11.9,0.443,0.9,2.6,0.338,4.4,9.4,0.471,0.479,5.0,6.4,0.79,2.9,5.2,8.1,3.1,1.9,2.8,2.8,2.2,16.5,0.0,2.0,1230.0,0.002,78.0,37.1,16.5,8.1,3.1,1.9,2.8,0.443,0.338,0.79,11.6,0.192,78.0,78.0,2895.0,412.0,931.0,0.443,68.0,201.0,0.338,344.0,730.0,0.471,0.479,392.0,496.0,0.79,226.0,403.0,629.0,244.0,150.0,215.0,215.0,174.0,1284.0,0.0,22.6,0.559,0.216,0.533,9.5,17.5,13.5,15.7,2.9,6.3,15.8,21.9,6.5,5.0,11.6,0.192,5.0,2.9,7.9,7.2,0.0,2004
51,Shareef Abdur-Rahim,31.6,5.9,12.4,0.475,0.1,0.4,0.265,5.8,12.0,0.482,0.48,4.4,5.0,0.869,2.2,5.3,7.5,2.0,0.8,0.4,2.2,2.6,16.3,0.0,0.0,1230.0,0.0,0.0,0.0,0.0,0.0,0.0,0.0,0.0,0.0,0.0,0.0,0.0,0.0,85.0,56.0,2684.0,501.0,1054.0,0.475,9.0,34.0,0.265,492.0,1020.0,0.482,0.48,373.0,429.0,0.869,189.0,450.0,639.0,174.0,68.0,37.0,184.0,222.0,1384.0,0.0,19.9,0.557,0.032,0.407,8.2,19.0,13.6,12.3,1.4,1.0,12.9,24.4,6.1,2.0,8.1,0.145,2.3,-0.7,1.6,2.4,0.0,2004
52,Matt Harpring,36.6,6.2,13.2,0.471,0.3,1.1,0.242,6.0,12.2,0.491,0.48,3.5,5.1,0.688,2.9,5.0,8.0,2.0,0.7,0.1,2.1,3.3,16.2,0.0,0.0,1230.0,0.0,0.0,0.0,0.0,0.0,0.0,0.0,0.0,0.0,0.0,0.0,0.0,0.0,31.0,31.0,1134.0,193.0,410.0,0.471,8.0,33.0,0.242,185.0,377.0,0.491,0.48,108.0,157.0,0.688,91.0,156.0,247.0,63.0,22.0,2.0,65.0,102.0,502.0,0.0,16.1,0.524,0.08,0.383,9.8,17.3,13.5,10.9,1.1,0.1,11.9,22.3,1.9,0.9,2.8,0.116,1.0,-1.8,-0.8,0.3,0.0,2004
53,Dwyane Wade,34.9,6.1,13.1,0.465,0.3,0.9,0.302,5.8,12.2,0.477,0.475,3.8,5.1,0.747,1.4,2.7,4.0,4.5,1.4,0.6,3.2,2.3,16.2,0.0,0.0,1230.0,0.0,0.0,0.0,0.0,0.0,0.0,0.0,0.0,0.0,0.0,0.0,0.0,0.0,61.0,56.0,2126.0,371.0,798.0,0.465,16.0,53.0,0.302,355.0,745.0,0.477,0.475,233.0,312.0,0.747,85.0,162.0,247.0,275.0,86.0,34.0,196.0,140.0,991.0,0.0,17.6,0.53,0.066,0.391,4.6,9.0,6.8,25.1,2.2,1.3,17.3,25.0,2.2,2.3,4.6,0.103,1.4,0.1,1.4,1.9,0.0,2004
54,Keith Van Horn,32.5,5.7,12.5,0.454,1.3,3.2,0.399,4.4,9.3,0.473,0.506,3.5,4.0,0.859,2.1,4.9,7.0,1.7,0.9,0.5,2.3,3.0,16.1,0.0,0.0,1230.0,0.0,0.0,0.0,0.0,0.0,0.0,0.0,0.0,0.0,0.0,0.0,0.0,0.0,72.0,62.0,2340.0,410.0,903.0,0.454,93.0,233.0,0.399,317.0,670.0,0.473,0.506,249.0,290.0,0.859,149.0,352.0,501.0,120.0,68.0,33.0,169.0,215.0,1162.0,0.0,17.8,0.564,0.258,0.321,7.4,17.1,12.3,9.2,1.5,1.0,14.1,23.6,4.1,2.2,6.3,0.129,1.8,-0.6,1.2,1.9,0.0,2004
55,Rasheed Wallace,35.1,6.3,14.3,0.436,1.2,3.6,0.331,5.0,10.7,0.472,0.478,2.3,3.1,0.736,1.5,5.3,6.8,2.3,0.9,1.8,1.8,2.8,16.0,0.0,0.0,1230.0,0.0,0.0,0.0,0.0,0.0,0.0,0.0,0.0,0.0,0.0,0.0,0.0,0.0,68.0,66.0,2390.0,425.0,974.0,0.436,82.0,248.0,0.331,343.0,726.0,0.472,0.478,156.0,212.0,0.736,102.0,357.0,459.0,156.0,61.0,122.0,119.0,190.0,1088.0,0.0,17.8,0.51,0.255,0.218,5.1,17.4,11.3,12.1,1.4,3.8,10.0,23.4,3.1,3.1,6.2,0.125,1.5,0.8,2.3,2.6,0.0,2004
56,Cuttino Mobley,40.4,5.8,13.5,0.426,2.1,5.3,0.39,3.7,8.3,0.448,0.501,2.2,2.7,0.811,0.5,4.0,4.5,3.2,1.3,0.4,2.3,2.2,15.8,0.0,0.0,1230.0,0.0,0.0,0.0,0.0,0.0,0.0,0.0,0.0,0.0,0.0,0.0,0.0,0.0,80.0,80.0,3229.0,460.0,1081.0,0.426,164.0,420.0,0.39,296.0,661.0,0.448,0.501,176.0,217.0,0.811,40.0,322.0,362.0,258.0,107.0,33.0,180.0,179.0,1260.0,0.0,14.1,0.535,0.389,0.201,1.5,11.2,6.6,14.7,1.8,0.8,13.3,20.1,3.4,4.3,7.6,0.114,0.5,0.9,1.4,2.8,0.0,2004
57,Jalen Rose,37.8,5.8,14.4,0.402,1.0,3.1,0.342,4.8,11.4,0.419,0.439,2.8,3.5,0.81,0.5,3.5,4.0,5.0,0.8,0.3,3.2,2.8,15.5,0.0,0.0,1230.0,0.0,0.0,0.0,0.0,0.0,0.0,0.0,0.0,0.0,0.0,0.0,0.0,0.0,66.0,64.0,2497.0,383.0,952.0,0.402,69.0,202.0,0.342,314.0,750.0,0.419,0.439,187.0,231.0,0.81,34.0,232.0,266.0,329.0,51.0,22.0,208.0,184.0,1022.0,0.0,12.4,0.485,0.212,0.243,1.5,10.7,6.1,25.5,1.1,0.6,16.5,24.1,-0.7,2.2,1.5,0.029,-1.4,-1.2,-2.6,-0.4,0.0,2004
58,Carlos Boozer,34.6,6.3,12.0,0.523,0.0,0.1,0.167,6.3,11.9,0.526,0.524,2.9,3.8,0.768,3.1,8.4,11.4,2.0,1.0,0.7,1.8,2.7,15.5,0.0,0.0,1230.0,0.0,0.0,0.0,0.0,0.0,0.0,0.0,0.0,0.0,0.0,0.0,0.0,0.0,75.0,75.0,2592.0,471.0,900.0,0.523,1.0,6.0,0.167,470.0,894.0,0.526,0.524,219.0,285.0,0.768,230.0,627.0,857.0,148.0,74.0,55.0,134.0,199.0,1162.0,0.0,20.8,0.567,0.007,0.317,9.8,26.8,18.3,10.3,1.5,1.5,11.6,20.0,6.1,3.4,9.4,0.174,2.4,-0.2,2.1,2.7,0.0,2004
59,Jason Kidd,36.6,5.5,14.3,0.384,1.4,4.4,0.321,4.1,9.9,0.411,0.433,3.1,3.7,0.827,1.3,5.1,6.4,9.2,1.8,0.2,3.2,1.6,15.5,0.0,17.0,1230.0,0.014,67.0,36.6,15.5,6.4,9.2,1.8,0.2,0.384,0.321,0.827,7.2,0.141,67.0,66.0,2450.0,368.0,959.0,0.384,94.0,293.0,0.321,274.0,666.0,0.411,0.433,206.0,249.0,0.827,85.0,343.0,428.0,618.0,122.0,14.0,214.0,110.0,1036.0,9.0,19.7,0.485,0.306,0.26,4.1,16.5,10.3,44.8,2.7,0.4,16.7,24.6,2.8,4.4,7.2,0.141,3.4,1.3,4.7,4.2,0.0,2004
60,Zydrunas Ilgauskas,31.3,5.8,11.9,0.483,0.0,0.1,0.286,5.7,11.8,0.484,0.484,3.7,5.0,0.746,3.4,4.6,8.1,1.3,0.5,2.5,2.0,3.4,15.3,0.0,0.0,1230.0,0.0,0.0,0.0,0.0,0.0,0.0,0.0,0.0,0.0,0.0,0.0,0.0,0.0,81.0,81.0,2539.0,466.0,965.0,0.483,2.0,7.0,0.286,464.0,958.0,0.484,0.484,303.0,406.0,0.746,279.0,374.0,653.0,109.0,39.0,201.0,163.0,277.0,1237.0,0.0,20.2,0.541,0.007,0.421,12.1,16.3,14.2,7.8,0.8,5.6,12.5,23.1,5.0,2.8,7.8,0.147,1.1,-0.2,0.9,1.9,0.0,2004
61,Antawn Jamison,29.0,6.0,11.1,0.535,0.2,0.5,0.4,5.8,10.6,0.541,0.543,2.7,3.6,0.748,2.8,3.5,6.3,0.9,1.0,0.4,1.0,2.1,14.8,0.0,0.0,1230.0,0.0,0.0,0.0,0.0,0.0,0.0,0.0,0.0,0.0,0.0,0.0,0.0,0.0,82.0,2.0,2376.0,488.0,913.0,0.535,16.0,40.0,0.4,472.0,873.0,0.541,0.543,220.0,294.0,0.748,233.0,287.0,520.0,70.0,83.0,30.0,81.0,174.0,1212.0,0.0,21.2,0.581,0.044,0.322,10.4,13.5,11.9,4.7,1.8,0.9,7.2,20.7,8.1,1.0,9.0,0.183,3.3,-1.5,1.7,2.2,0.0,2004
62,Andre Miller,34.6,5.2,11.5,0.457,0.1,0.8,0.185,5.1,10.7,0.477,0.463,4.2,5.0,0.832,1.5,2.9,4.5,6.1,1.7,0.3,2.6,2.4,14.8,0.0,0.0,1230.0,0.0,0.0,0.0,0.0,0.0,0.0,0.0,0.0,0.0,0.0,0.0,0.0,0.0,82.0,82.0,2838.0,430.0,941.0,0.457,12.0,65.0,0.185,418.0,876.0,0.477,0.463,342.0,411.0,0.832,127.0,239.0,366.0,501.0,142.0,25.0,215.0,194.0,1214.0,1.0,18.8,0.541,0.069,0.437,5.0,9.7,7.3,29.1,2.6,0.6,16.1,20.7,6.1,2.6,8.8,0.148,2.2,0.4,2.5,3.3,0.0,2004
63,Donyell Marshall,36.4,5.7,12.4,0.461,1.6,4.0,0.403,4.1,8.5,0.488,0.525,1.6,2.2,0.736,2.6,7.3,9.9,1.5,1.1,1.5,1.4,3.0,14.7,0.0,0.0,1230.0,0.0,0.0,0.0,0.0,0.0,0.0,0.0,0.0,0.0,0.0,0.0,0.0,0.0,82.0,74.0,2988.0,470.0,1020.0,0.461,131.0,325.0,0.403,339.0,695.0,0.488,0.525,134.0,182.0,0.736,210.0,598.0,808.0,122.0,93.0,124.0,117.0,247.0,1205.0,0.0,18.9,0.548,0.319,0.178,8.0,23.1,15.5,7.9,1.7,3.0,9.6,19.5,4.9,5.5,10.4,0.167,2.0,0.8,2.7,3.6,0.0,2004
64,Tim Thomas,31.7,5.5,12.3,0.446,1.1,2.9,0.376,4.4,9.4,0.468,0.491,2.6,3.3,0.784,1.0,3.9,4.8,1.9,1.0,0.3,1.8,3.0,14.7,0.0,0.0,1230.0,0.0,0.0,0.0,0.0,0.0,0.0,0.0,0.0,0.0,0.0,0.0,0.0,0.0,66.0,65.0,2089.0,363.0,813.0,0.446,73.0,194.0,0.376,290.0,619.0,0.468,0.491,171.0,218.0,0.784,64.0,256.0,320.0,124.0,64.0,20.0,116.0,196.0,970.0,0.0,15.1,0.534,0.239,0.268,3.5,13.9,8.8,10.4,1.6,0.7,11.3,22.4,2.5,1.6,4.1,0.093,0.6,-0.5,0.2,1.1,0.0,2004
65,Eddy Curry,29.5,5.7,11.5,0.496,0.0,0.0,1.0,5.7,11.5,0.496,0.497,3.2,4.8,0.671,2.0,4.2,6.2,0.9,0.3,1.1,2.4,3.5,14.7,0.0,0.0,1230.0,0.0,0.0,0.0,0.0,0.0,0.0,0.0,0.0,0.0,0.0,0.0,0.0,0.0,73.0,63.0,2154.0,417.0,840.0,0.496,1.0,1.0,1.0,416.0,839.0,0.496,0.497,235.0,350.0,0.671,143.0,308.0,451.0,68.0,24.0,83.0,177.0,258.0,1070.0,0.0,14.8,0.538,0.001,0.417,7.1,16.1,11.4,6.2,0.6,2.8,15.1,24.3,1.1,1.8,3.0,0.066,-1.7,-1.1,-2.8,-0.5,0.0,2004
66,Tony Parker,34.4,5.6,12.6,0.447,0.8,2.7,0.312,4.8,10.0,0.483,0.48,2.5,3.6,0.702,0.6,2.6,3.2,5.5,0.8,0.1,2.4,2.0,14.7,0.0,0.0,1230.0,0.0,0.0,0.0,0.0,0.0,0.0,0.0,0.0,0.0,0.0,0.0,0.0,0.0,75.0,75.0,2577.0,423.0,946.0,0.447,62.0,199.0,0.312,361.0,747.0,0.483,0.48,191.0,272.0,0.702,43.0,194.0,237.0,411.0,61.0,7.0,179.0,148.0,1099.0,0.0,15.7,0.516,0.21,0.288,1.9,8.3,5.1,28.7,1.3,0.2,14.4,22.3,3.5,4.0,7.5,0.14,0.8,0.0,0.8,1.8,0.0,2004
67,Gary Payton,34.5,5.9,12.5,0.471,0.7,2.0,0.333,5.2,10.5,0.497,0.498,2.2,3.1,0.714,0.9,3.3,4.2,5.5,1.2,0.2,1.8,2.1,14.6,0.0,0.0,1230.0,0.0,0.0,0.0,0.0,0.0,0.0,0.0,0.0,0.0,0.0,0.0,0.0,0.0,82.0,82.0,2825.0,482.0,1024.0,0.471,55.0,165.0,0.333,427.0,859.0,0.497,0.498,180.0,252.0,0.714,72.0,270.0,342.0,449.0,96.0,19.0,151.0,169.0,1199.0,1.0,17.3,0.528,0.161,0.246,2.8,11.0,6.9,26.9,1.8,0.5,11.7,20.4,5.3,2.7,8.1,0.137,1.8,0.2,2.0,2.9,0.0,2004
68,Steve Nash,33.5,5.1,10.8,0.47,1.3,3.3,0.405,3.8,7.5,0.498,0.531,2.9,3.2,0.916,0.8,2.2,3.0,8.8,0.9,0.1,2.7,1.8,14.5,0.0,0.0,1230.0,0.0,0.0,0.0,0.0,0.0,0.0,0.0,0.0,0.0,0.0,0.0,0.0,0.0,78.0,78.0,2612.0,397.0,845.0,0.47,104.0,257.0,0.405,293.0,588.0,0.498,0.531,230.0,251.0,0.916,59.0,173.0,232.0,687.0,67.0,8.0,209.0,139.0,1128.0,1.0,20.5,0.59,0.304,0.297,2.4,7.4,4.8,38.3,1.3,0.2,17.9,19.5,8.9,-0.1,8.8,0.162,4.7,-2.2,2.5,3.0,0.0,2004
69,Ricky Davis,31.3,5.6,12.0,0.469,0.7,1.8,0.371,5.0,10.3,0.486,0.497,2.5,3.5,0.718,1.0,3.6,4.5,3.3,1.2,0.3,2.4,2.2,14.4,0.0,0.0,1230.0,0.0,0.0,0.0,0.0,0.0,0.0,0.0,0.0,0.0,0.0,0.0,0.0,0.0,79.0,27.0,2474.0,446.0,950.0,0.469,52.0,140.0,0.371,394.0,810.0,0.486,0.497,196.0,273.0,0.718,77.0,281.0,358.0,259.0,96.0,22.0,189.0,171.0,1140.0,0.0,16.1,0.533,0.147,0.287,3.6,12.7,8.2,19.1,2.0,0.7,15.0,23.0,2.4,2.0,4.4,0.085,0.6,-0.5,0.1,1.3,0.0,2004
70,Desmond Mason,30.9,5.0,10.6,0.472,0.1,0.5,0.231,4.9,10.1,0.483,0.477,4.3,5.6,0.769,1.1,3.2,4.4,1.9,0.7,0.3,1.8,2.3,14.4,0.0,0.0,1230.0,0.0,0.0,0.0,0.0,0.0,0.0,0.0,0.0,0.0,0.0,0.0,0.0,0.0,82.0,31.0,2534.0,409.0,867.0,0.472,9.0,39.0,0.231,400.0,828.0,0.483,0.477,356.0,463.0,0.769,93.0,266.0,359.0,152.0,60.0,24.0,148.0,191.0,1183.0,0.0,15.7,0.552,0.045,0.534,4.2,11.9,8.0,10.2,1.2,0.7,12.1,21.8,4.4,1.2,5.7,0.107,0.5,-0.9,-0.4,1.0,0.0,2004
71,Voshon Lenard,30.6,5.4,12.8,0.422,1.5,4.0,0.367,3.9,8.8,0.447,0.479,2.0,2.5,0.791,0.6,2.1,2.7,2.1,0.8,0.2,1.4,2.4,14.2,0.0,0.0,1230.0,0.0,0.0,0.0,0.0,0.0,0.0,0.0,0.0,0.0,0.0,0.0,0.0,0.0,73.0,70.0,2233.0,394.0,933.0,0.422,106.0,289.0,0.367,288.0,644.0,0.447,0.479,144.0,182.0,0.791,46.0,154.0,200.0,151.0,61.0,12.0,101.0,177.0,1038.0,0.0,13.5,0.512,0.31,0.195,2.3,7.9,5.1,11.6,1.4,0.4,9.1,21.9,2.8,1.2,4.0,0.086,0.0,-1.4,-1.4,0.3,0.0,2004
72,Brad Miller,36.4,5.2,10.2,0.51,0.2,0.5,0.316,5.0,9.6,0.521,0.518,3.6,4.6,0.778,2.7,7.7,10.3,4.3,0.9,1.2,2.0,3.4,14.1,0.0,0.0,1230.0,0.0,0.0,0.0,0.0,0.0,0.0,0.0,0.0,0.0,0.0,0.0,0.0,0.0,72.0,53.0,2621.0,373.0,731.0,0.51,12.0,38.0,0.316,361.0,693.0,0.521,0.518,256.0,329.0,0.778,191.0,552.0,743.0,312.0,68.0,86.0,144.0,247.0,1014.0,2.0,19.4,0.579,0.052,0.45,8.5,23.3,16.1,18.5,1.3,2.3,14.1,17.6,7.1,3.0,10.0,0.184,2.0,1.0,3.1,3.4,0.0,2004
73,Antoine Walker,34.6,5.9,13.8,0.428,1.0,3.7,0.269,4.9,10.0,0.487,0.464,1.3,2.3,0.554,2.4,5.9,8.3,4.5,0.8,0.8,2.5,2.6,14.0,0.0,0.0,1230.0,0.0,0.0,0.0,0.0,0.0,0.0,0.0,0.0,0.0,0.0,0.0,0.0,0.0,82.0,82.0,2840.0,483.0,1129.0,0.428,82.0,305.0,0.269,401.0,824.0,0.487,0.464,103.0,186.0,0.554,198.0,486.0,684.0,369.0,65.0,65.0,202.0,212.0,1151.0,2.0,15.8,0.475,0.27,0.165,7.4,19.1,13.1,19.4,1.2,1.7,14.3,21.8,2.4,1.5,3.9,0.066,1.3,-0.8,0.5,1.8,0.0,2004
74,David Wesley,32.8,5.1,13.1,0.389,1.5,4.7,0.323,3.6,8.4,0.425,0.446,2.2,3.0,0.753,0.5,1.7,2.2,2.9,1.2,0.2,1.6,2.4,14.0,0.0,0.0,1230.0,0.0,0.0,0.0,0.0,0.0,0.0,0.0,0.0,0.0,0.0,0.0,0.0,0.0,61.0,60.0,2001.0,311.0,800.0,0.389,92.0,285.0,0.323,219.0,515.0,0.425,0.446,137.0,182.0,0.753,28.0,106.0,134.0,175.0,71.0,14.0,100.0,147.0,851.0,0.0,12.6,0.483,0.356,0.228,1.6,6.2,3.8,16.1,1.9,0.5,10.2,22.4,1.4,1.4,2.8,0.067,-0.8,-0.7,-1.5,0.2,0.0,2004
75,Jerry Stackhouse,29.8,4.9,12.3,0.399,0.9,2.5,0.354,4.0,9.8,0.41,0.435,3.2,4.0,0.806,0.6,3.0,3.6,4.0,0.9,0.1,3.4,1.9,13.9,0.0,0.0,1230.0,0.0,0.0,0.0,0.0,0.0,0.0,0.0,0.0,0.0,0.0,0.0,0.0,0.0,26.0,17.0,774.0,128.0,321.0,0.399,23.0,65.0,0.354,105.0,256.0,0.41,0.435,83.0,103.0,0.806,16.0,78.0,94.0,103.0,24.0,3.0,88.0,49.0,362.0,0.0,13.2,0.494,0.202,0.321,2.3,11.6,6.8,25.1,1.6,0.3,19.4,26.0,-0.2,0.4,0.2,0.013,-1.2,-2.5,-3.7,-0.3,0.0,2004
76,Bobby Jackson,23.7,5.3,11.8,0.444,1.6,4.4,0.37,3.6,7.5,0.488,0.513,1.6,2.2,0.752,1.1,2.4,3.5,2.1,1.0,0.2,1.3,2.1,13.8,0.0,0.0,1230.0,0.0,0.0,0.0,0.0,0.0,0.0,0.0,0.0,0.0,0.0,0.0,0.0,0.0,50.0,0.0,1185.0,263.0,592.0,0.444,81.0,219.0,0.37,182.0,373.0,0.488,0.513,82.0,109.0,0.752,55.0,119.0,174.0,105.0,49.0,8.0,63.0,106.0,689.0,0.0,19.2,0.538,0.37,0.184,5.4,11.1,8.3,15.8,2.1,0.5,9.0,26.8,2.3,0.8,3.1,0.124,3.1,-1.0,2.1,1.2,0.0,2004
77,James Posey,29.9,4.5,9.4,0.478,1.4,3.5,0.386,3.1,5.9,0.533,0.551,3.4,4.1,0.83,1.1,3.8,4.9,1.5,1.7,0.5,1.4,3.0,13.7,0.0,0.0,1230.0,0.0,0.0,0.0,0.0,0.0,0.0,0.0,0.0,0.0,0.0,0.0,0.0,0.0,82.0,82.0,2451.0,368.0,770.0,0.478,112.0,290.0,0.386,256.0,480.0,0.533,0.551,278.0,335.0,0.83,92.0,311.0,403.0,122.0,137.0,40.0,112.0,248.0,1126.0,0.0,18.8,0.614,0.377,0.435,4.2,14.5,9.3,8.4,2.9,1.2,10.9,18.9,6.8,3.2,10.0,0.195,2.3,1.4,3.7,3.5,0.0,2004
78,Derek Anderson,35.5,4.5,12.0,0.376,1.5,5.1,0.305,3.0,6.9,0.428,0.44,3.0,3.7,0.824,0.5,3.1,3.6,4.5,1.3,0.1,1.8,1.5,13.6,0.0,0.0,1230.0,0.0,0.0,0.0,0.0,0.0,0.0,0.0,0.0,0.0,0.0,0.0,0.0,0.0,51.0,46.0,1810.0,230.0,612.0,0.376,79.0,259.0,0.305,151.0,353.0,0.428,0.44,155.0,188.0,0.824,26.0,156.0,182.0,228.0,66.0,3.0,90.0,79.0,694.0,0.0,15.1,0.499,0.423,0.307,1.7,10.2,6.0,21.1,2.0,0.1,11.5,20.5,2.7,0.9,3.6,0.097,0.8,-0.5,0.3,1.0,0.0,2004
79,Jamaal Magloire,33.9,4.7,9.9,0.473,0.0,0.0,0.0,4.7,9.9,0.474,0.473,4.3,5.7,0.751,3.3,7.1,10.3,1.0,0.5,1.2,2.5,3.4,13.6,0.0,0.0,1230.0,0.0,0.0,0.0,0.0,0.0,0.0,0.0,0.0,0.0,0.0,0.0,0.0,0.0,82.0,82.0,2777.0,383.0,809.0,0.473,0.0,1.0,0.0,383.0,808.0,0.474,0.473,353.0,470.0,0.751,268.0,579.0,847.0,86.0,43.0,101.0,201.0,278.0,1119.0,0.0,16.5,0.551,0.001,0.581,10.7,24.4,17.4,5.5,0.8,2.8,16.5,20.0,3.9,3.7,7.6,0.131,-0.9,-0.7,-1.6,0.3,0.0,2004
80,Kenny Thomas,36.5,5.1,11.0,0.469,0.0,0.1,0.2,5.1,10.9,0.47,0.469,3.3,4.4,0.752,3.5,6.6,10.1,1.5,1.1,0.4,2.3,3.0,13.6,0.0,0.0,1230.0,0.0,0.0,0.0,0.0,0.0,0.0,0.0,0.0,0.0,0.0,0.0,0.0,0.0,74.0,72.0,2699.0,381.0,813.0,0.469,1.0,5.0,0.2,380.0,808.0,0.47,0.469,243.0,323.0,0.752,261.0,489.0,750.0,111.0,82.0,33.0,172.0,219.0,1006.0,0.0,15.9,0.527,0.006,0.397,11.5,21.1,16.4,7.7,1.7,1.0,15.3,19.6,2.9,3.7,6.6,0.118,-0.2,-0.5,-0.7,0.9,0.0,2004
81,Damon Stoudamire,38.0,5.0,12.4,0.401,1.9,5.2,0.365,3.1,7.2,0.426,0.477,1.5,1.8,0.876,0.6,3.1,3.8,6.1,1.2,0.1,2.2,2.1,13.4,0.0,0.0,1230.0,0.0,0.0,0.0,0.0,0.0,0.0,0.0,0.0,0.0,0.0,0.0,0.0,0.0,82.0,82.0,3118.0,408.0,1018.0,0.401,156.0,427.0,0.365,252.0,591.0,0.426,0.477,127.0,145.0,0.876,52.0,256.0,308.0,500.0,99.0,9.0,180.0,173.0,1099.0,0.0,14.8,0.508,0.419,0.142,2.0,9.7,5.9,27.0,1.8,0.2,14.3,19.2,4.5,1.4,5.9,0.091,1.1,-0.9,0.2,1.7,0.0,2004
82,Al Harrington,30.9,5.3,11.5,0.463,0.3,1.0,0.273,5.1,10.5,0.481,0.475,2.3,3.2,0.734,2.1,4.4,6.4,1.7,1.0,0.3,2.1,3.2,13.3,0.0,0.0,1230.0,0.0,0.0,0.0,0.0,0.0,0.0,0.0,0.0,0.0,0.0,0.0,0.0,0.0,79.0,15.0,2441.0,421.0,909.0,0.463,21.0,77.0,0.273,400.0,832.0,0.481,0.475,185.0,252.0,0.734,163.0,345.0,508.0,131.0,80.0,22.0,163.0,250.0,1048.0,0.0,14.9,0.514,0.085,0.277,7.8,16.9,12.3,10.3,1.8,0.7,13.8,22.9,1.8,4.1,5.9,0.116,-0.9,0.2,-0.7,0.8,0.0,2004
83,Karl Malone,32.7,4.6,9.5,0.483,0.0,0.0,0.0,4.6,9.5,0.484,0.483,4.0,5.4,0.747,1.5,7.3,8.7,3.9,1.2,0.5,2.5,2.8,13.2,0.0,0.0,1230.0,0.0,0.0,0.0,0.0,0.0,0.0,0.0,0.0,0.0,0.0,0.0,0.0,0.0,42.0,42.0,1373.0,193.0,400.0,0.483,0.0,1.0,0.0,193.0,399.0,0.484,0.483,168.0,225.0,0.747,61.0,306.0,367.0,163.0,50.0,20.0,103.0,116.0,554.0,1.0,17.8,0.555,0.003,0.563,5.0,25.6,15.1,19.1,1.9,1.1,17.1,19.7,2.1,2.2,4.3,0.151,1.1,1.7,2.8,1.7,0.0,2004
84,Kerry Kittles,34.7,5.3,11.7,0.453,1.2,3.4,0.351,4.1,8.3,0.493,0.503,1.3,1.7,0.787,0.7,3.3,4.0,2.5,1.5,0.5,1.2,1.8,13.1,0.0,0.0,1230.0,0.0,0.0,0.0,0.0,0.0,0.0,0.0,0.0,0.0,0.0,0.0,0.0,0.0,82.0,82.0,2842.0,434.0,959.0,0.453,97.0,276.0,0.351,337.0,683.0,0.493,0.503,107.0,136.0,0.787,56.0,271.0,327.0,206.0,125.0,40.0,95.0,144.0,1072.0,0.0,14.7,0.526,0.288,0.142,2.3,11.2,6.8,12.9,2.4,1.1,8.5,18.4,3.1,4.5,7.6,0.128,0.4,1.2,1.6,2.6,0.0,2004
85,Jim Jackson,39.0,4.8,11.3,0.424,2.0,5.1,0.4,2.8,6.2,0.444,0.514,1.3,1.6,0.843,0.7,5.4,6.1,2.8,1.1,0.3,2.2,2.8,12.9,0.0,0.0,1230.0,0.0,0.0,0.0,0.0,0.0,0.0,0.0,0.0,0.0,0.0,0.0,0.0,0.0,80.0,80.0,3119.0,382.0,900.0,0.424,162.0,405.0,0.4,220.0,495.0,0.444,0.514,107.0,127.0,0.843,52.0,435.0,487.0,226.0,86.0,23.0,175.0,227.0,1033.0,0.0,12.2,0.54,0.45,0.141,2.1,15.6,9.2,12.8,1.5,0.6,15.5,17.3,2.2,4.4,6.6,0.102,-0.4,1.0,0.6,2.1,0.0,2004
86,Manu Ginóbili,29.4,4.3,10.2,0.418,1.1,3.2,0.359,3.1,7.1,0.445,0.474,3.1,3.9,0.802,1.1,3.4,4.5,3.8,1.8,0.2,2.1,2.4,12.8,0.0,0.0,1230.0,0.0,0.0,0.0,0.0,0.0,0.0,0.0,0.0,0.0,0.0,0.0,0.0,0.0,77.0,38.0,2260.0,330.0,789.0,0.418,88.0,245.0,0.359,242.0,544.0,0.445,0.474,239.0,298.0,0.802,86.0,258.0,344.0,291.0,136.0,16.0,161.0,181.0,987.0,0.0,18.5,0.536,0.311,0.378,4.3,12.6,8.5,22.5,3.2,0.5,14.9,22.1,4.0,5.1,9.1,0.194,1.5,3.1,4.7,3.8,0.0,2004
87,Carlos Arroyo,28.3,4.8,10.8,0.441,0.5,1.6,0.325,4.2,9.2,0.462,0.466,2.5,3.2,0.804,0.6,2.0,2.6,5.0,0.9,0.1,2.2,2.3,12.6,0.0,0.0,1230.0,0.0,0.0,0.0,0.0,0.0,0.0,0.0,0.0,0.0,0.0,0.0,0.0,0.0,71.0,71.0,2008.0,339.0,768.0,0.441,38.0,117.0,0.325,301.0,651.0,0.462,0.466,181.0,225.0,0.804,41.0,144.0,185.0,355.0,63.0,5.0,156.0,165.0,897.0,0.0,16.8,0.517,0.152,0.293,2.5,9.0,5.7,34.6,1.7,0.2,15.2,23.7,3.5,1.2,4.7,0.112,2.0,-1.1,0.9,1.5,0.0,2004
88,Nick Van Exel,32.2,4.8,12.3,0.39,1.2,3.8,0.307,3.6,8.4,0.429,0.438,1.8,2.5,0.707,0.4,2.3,2.7,5.3,0.5,0.1,2.0,1.5,12.6,0.0,0.0,1230.0,0.0,0.0,0.0,0.0,0.0,0.0,0.0,0.0,0.0,0.0,0.0,0.0,0.0,39.0,29.0,1255.0,187.0,479.0,0.39,46.0,150.0,0.307,141.0,329.0,0.429,0.438,70.0,99.0,0.707,16.0,88.0,104.0,206.0,20.0,2.0,78.0,57.0,490.0,0.0,13.1,0.469,0.313,0.207,1.4,7.9,4.7,28.5,0.9,0.1,13.0,22.1,0.8,0.4,1.2,0.045,0.4,-1.8,-1.4,0.2,0.0,2004
89,Ronald Murray,24.6,4.7,11.2,0.425,0.8,2.8,0.293,3.9,8.4,0.469,0.462,2.0,2.9,0.715,0.5,1.9,2.5,2.5,1.0,0.3,1.8,1.9,12.4,0.0,0.0,1230.0,0.0,0.0,0.0,0.0,0.0,0.0,0.0,0.0,0.0,0.0,0.0,0.0,0.0,82.0,18.0,2021.0,389.0,915.0,0.425,67.0,229.0,0.293,322.0,686.0,0.469,0.462,168.0,235.0,0.715,45.0,159.0,204.0,205.0,81.0,28.0,149.0,158.0,1013.0,0.0,15.4,0.497,0.25,0.257,2.6,9.2,5.9,18.5,2.1,1.0,12.8,26.7,1.2,0.5,1.7,0.04,0.1,-1.4,-1.2,0.4,0.0,2004
90,Erick Dampier,32.5,4.7,8.8,0.535,0.0,0.0,0.0,4.7,8.8,0.537,0.535,2.9,4.5,0.654,4.6,7.3,12.0,0.8,0.4,1.9,1.8,3.1,12.3,0.0,0.0,1230.0,0.0,0.0,0.0,0.0,0.0,0.0,0.0,0.0,0.0,0.0,0.0,0.0,0.0,74.0,74.0,2403.0,348.0,650.0,0.535,0.0,2.0,0.0,348.0,648.0,0.537,0.535,217.0,332.0,0.654,344.0,543.0,887.0,60.0,33.0,137.0,131.0,227.0,913.0,0.0,20.1,0.573,0.003,0.511,16.1,25.5,20.8,4.3,0.7,4.1,14.1,17.8,5.5,3.4,8.9,0.178,1.3,-0.3,1.0,1.8,0.0,2004
91,Bonzi Wells,26.0,5.0,11.8,0.427,0.3,1.0,0.319,4.7,10.8,0.437,0.44,1.9,2.5,0.754,1.1,2.5,3.6,1.9,1.3,0.3,2.2,2.7,12.3,0.0,0.0,1230.0,0.0,0.0,0.0,0.0,0.0,0.0,0.0,0.0,0.0,0.0,0.0,0.0,0.0,72.0,27.0,1872.0,363.0,850.0,0.427,22.0,69.0,0.319,341.0,781.0,0.437,0.44,138.0,183.0,0.754,78.0,182.0,260.0,139.0,91.0,19.0,161.0,197.0,886.0,0.0,13.0,0.476,0.081,0.215,4.8,11.2,7.9,13.6,2.6,0.7,14.8,26.5,-0.9,1.8,0.9,0.023,-2.5,-0.5,-3.0,-0.4,0.0,2004
92,Kirk Hinrich,35.6,4.2,10.8,0.386,1.9,4.9,0.39,2.3,6.0,0.383,0.474,1.8,2.2,0.804,0.6,2.9,3.4,6.8,1.3,0.3,2.7,3.6,12.0,0.0,0.0,1230.0,0.0,0.0,0.0,0.0,0.0,0.0,0.0,0.0,0.0,0.0,0.0,0.0,0.0,76.0,66.0,2706.0,318.0,823.0,0.386,144.0,369.0,0.39,174.0,454.0,0.383,0.474,135.0,168.0,0.804,42.0,217.0,259.0,517.0,101.0,21.0,204.0,276.0,915.0,1.0,13.1,0.51,0.448,0.204,1.7,9.0,5.2,32.5,1.9,0.6,18.5,18.2,2.1,1.9,4.1,0.072,-0.5,-0.4,-0.8,0.8,0.0,2004
93,Vladimir Radmanović,30.1,4.5,10.5,0.425,1.8,4.9,0.371,2.7,5.6,0.471,0.511,1.2,1.6,0.748,1.4,3.9,5.3,1.8,1.0,0.5,1.4,2.4,12.0,0.0,0.0,1230.0,0.0,0.0,0.0,0.0,0.0,0.0,0.0,0.0,0.0,0.0,0.0,0.0,0.0,77.0,38.0,2321.0,345.0,812.0,0.425,140.0,377.0,0.371,205.0,435.0,0.471,0.511,95.0,127.0,0.748,104.0,302.0,406.0,142.0,80.0,42.0,109.0,187.0,925.0,0.0,15.1,0.533,0.464,0.156,5.3,15.2,10.3,10.3,1.8,1.4,11.2,19.5,3.2,1.0,4.2,0.088,1.6,-0.8,0.8,1.6,0.0,2004
94,Jeff McInnis,33.8,4.8,10.7,0.447,0.7,1.8,0.362,4.1,8.9,0.465,0.478,1.6,2.0,0.797,0.5,2.0,2.5,6.1,1.0,0.1,1.7,2.3,11.8,0.0,0.0,1230.0,0.0,0.0,0.0,0.0,0.0,0.0,0.0,0.0,0.0,0.0,0.0,0.0,0.0,70.0,57.0,2365.0,334.0,747.0,0.447,46.0,127.0,0.362,288.0,620.0,0.465,0.478,114.0,143.0,0.797,33.0,143.0,176.0,430.0,72.0,6.0,120.0,163.0,828.0,0.0,15.1,0.511,0.17,0.191,1.6,6.9,4.3,30.7,1.7,0.2,12.9,18.2,4.1,0.8,4.9,0.099,0.6,-1.0,-0.5,0.9,0.0,2004
95,Nenê,32.5,4.3,8.2,0.53,0.0,0.0,0.0,4.3,8.2,0.532,0.53,3.1,4.6,0.682,2.0,4.5,6.5,2.2,1.5,0.5,2.4,3.6,11.8,0.0,0.0,1230.0,0.0,0.0,0.0,0.0,0.0,0.0,0.0,0.0,0.0,0.0,0.0,0.0,0.0,77.0,77.0,2504.0,334.0,630.0,0.53,0.0,2.0,0.0,334.0,628.0,0.532,0.53,240.0,352.0,0.682,154.0,349.0,503.0,168.0,116.0,41.0,183.0,280.0,908.0,0.0,14.8,0.578,0.003,0.559,6.8,16.0,11.3,10.7,2.4,1.2,18.9,17.0,3.1,3.0,6.1,0.117,-0.9,0.7,-0.3,1.1,0.0,2004
96,Clifford Robinson,34.7,4.5,11.5,0.387,1.4,3.8,0.357,3.1,7.7,0.403,0.447,1.5,2.1,0.711,0.7,3.3,3.9,3.3,0.8,0.9,2.1,2.9,11.8,0.0,0.0,1230.0,0.0,0.0,0.0,0.0,0.0,0.0,0.0,0.0,0.0,0.0,0.0,0.0,0.0,82.0,82.0,2846.0,366.0,945.0,0.387,112.0,314.0,0.357,254.0,631.0,0.403,0.447,123.0,173.0,0.711,54.0,268.0,322.0,271.0,68.0,73.0,173.0,237.0,967.0,0.0,10.8,0.473,0.332,0.183,2.1,10.6,6.4,16.0,1.3,1.8,14.5,19.3,-0.1,2.1,2.0,0.033,-1.1,0.0,-1.1,0.6,0.0,2004
97,Mike Dunleavy,31.1,4.3,9.6,0.449,1.3,3.4,0.37,3.1,6.2,0.491,0.514,1.8,2.5,0.741,1.2,4.7,5.9,2.9,0.9,0.2,1.9,2.3,11.7,0.0,0.0,1230.0,0.0,0.0,0.0,0.0,0.0,0.0,0.0,0.0,0.0,0.0,0.0,0.0,0.0,75.0,69.0,2336.0,323.0,720.0,0.449,94.0,254.0,0.37,229.0,466.0,0.491,0.514,137.0,185.0,0.741,87.0,355.0,442.0,220.0,68.0,13.0,143.0,169.0,877.0,0.0,15.1,0.547,0.353,0.257,4.2,17.2,10.7,16.1,1.6,0.4,15.1,18.6,3.0,2.2,5.2,0.107,1.0,0.3,1.3,2.0,0.0,2004
98,Drew Gooden,27.0,4.7,10.5,0.445,0.1,0.5,0.214,4.6,10.0,0.457,0.451,2.1,3.3,0.637,2.0,4.5,6.5,1.1,0.8,0.9,1.6,2.5,11.6,0.0,0.0,1230.0,0.0,0.0,0.0,0.0,0.0,0.0,0.0,0.0,0.0,0.0,0.0,0.0,0.0,79.0,17.0,2134.0,369.0,829.0,0.445,9.0,42.0,0.214,360.0,787.0,0.457,0.451,167.0,262.0,0.637,160.0,356.0,516.0,89.0,62.0,72.0,126.0,196.0,914.0,0.0,15.6,0.484,0.051,0.316,8.3,19.3,13.7,7.5,1.5,2.4,11.8,22.7,1.0,0.9,1.9,0.043,-0.8,-1.7,-2.5,-0.2,0.0,2004
99,Chris Bosh,33.5,4.4,9.5,0.459,0.1,0.2,0.357,4.3,9.3,0.461,0.463,2.7,3.8,0.701,2.5,4.9,7.4,1.0,0.8,1.4,1.4,2.9,11.5,0.0,0.0,1230.0,0.0,0.0,0.0,0.0,0.0,0.0,0.0,0.0,0.0,0.0,0.0,0.0,0.0,75.0,63.0,2510.0,327.0,712.0,0.459,5.0,14.0,0.357,322.0,698.0,0.461,0.463,202.0,288.0,0.701,191.0,366.0,557.0,78.0,59.0,106.0,107.0,215.0,861.0,0.0,15.1,0.513,0.02,0.404,8.7,16.9,12.8,5.8,1.3,3.1,11.3,18.3,2.5,3.8,6.2,0.119,-1.2,0.5,-0.8,0.8,0.0,2004
100,Maurice Taylor,27.7,4.9,10.2,0.48,0.0,0.0,0.0,4.9,10.2,0.481,0.48,1.7,2.3,0.736,1.7,3.4,5.1,1.4,0.6,0.6,2.0,3.4,11.5,0.0,0.0,1230.0,0.0,0.0,0.0,0.0,0.0,0.0,0.0,0.0,0.0,0.0,0.0,0.0,0.0,75.0,10.0,2081.0,367.0,765.0,0.48,0.0,2.0,0.0,367.0,763.0,0.481,0.48,128.0,174.0,0.736,131.0,253.0,384.0,107.0,43.0,47.0,149.0,253.0,862.0,0.0,13.6,0.512,0.003,0.227,7.8,13.6,10.9,10.1,1.1,1.7,15.0,22.7,0.9,2.8,3.7,0.085,-1.9,0.1,-1.8,0.1,0.0,2004
101,DeShawn Stevenson,30.6,4.7,10.9,0.432,0.2,0.9,0.268,4.5,10.0,0.446,0.443,1.7,2.6,0.676,1.0,2.7,3.7,2.0,0.7,0.2,1.5,1.8,11.4,0.0,0.0,1230.0,0.0,0.0,0.0,0.0,0.0,0.0,0.0,0.0,0.0,0.0,0.0,0.0,0.0,80.0,78.0,2444.0,376.0,871.0,0.432,19.0,71.0,0.268,357.0,800.0,0.446,0.443,138.0,204.0,0.676,79.0,219.0,298.0,158.0,52.0,17.0,120.0,140.0,909.0,0.0,11.6,0.473,0.082,0.234,3.8,10.9,7.3,11.9,1.2,0.6,11.1,20.4,0.8,0.7,1.5,0.029,-1.3,-1.7,-3.0,-0.6,0.0,2004
102,Gordan Giriček,28.0,4.3,9.9,0.436,0.8,2.1,0.395,3.5,7.8,0.448,0.478,1.8,2.2,0.854,0.7,2.4,3.1,1.7,0.8,0.2,1.4,2.0,11.3,0.0,0.0,1230.0,0.0,0.0,0.0,0.0,0.0,0.0,0.0,0.0,0.0,0.0,0.0,0.0,0.0,73.0,43.0,2041.0,316.0,724.0,0.436,60.0,152.0,0.395,256.0,572.0,0.448,0.478,135.0,158.0,0.854,51.0,175.0,226.0,122.0,56.0,15.0,103.0,144.0,827.0,0.0,13.2,0.521,0.21,0.218,2.9,10.2,6.4,10.9,1.5,0.6,11.5,20.1,2.2,0.2,2.4,0.056,-0.1,-1.6,-1.6,0.2,0.0,2004
103,Jason Collier,27.3,4.0,8.3,0.479,0.1,0.2,0.25,3.9,8.1,0.484,0.482,3.4,4.3,0.788,1.8,3.8,5.6,0.9,0.6,0.6,1.6,3.6,11.3,0.0,0.0,1230.0,0.0,0.0,0.0,0.0,0.0,0.0,0.0,0.0,0.0,0.0,0.0,0.0,0.0,20.0,16.0,545.0,79.0,165.0,0.479,1.0,4.0,0.25,78.0,161.0,0.484,0.482,67.0,85.0,0.788,36.0,75.0,111.0,17.0,11.0,11.0,31.0,71.0,226.0,0.0,14.6,0.558,0.024,0.515,7.6,15.4,11.5,5.5,1.1,1.5,13.3,19.5,0.9,0.3,1.2,0.105,-1.7,-1.9,-3.6,-0.2,0.0,2004
104,Raja Bell,24.6,4.0,9.8,0.409,0.8,2.0,0.373,3.3,7.8,0.418,0.447,2.4,3.0,0.786,0.7,2.2,2.9,1.3,0.8,0.2,1.4,3.2,11.2,0.0,0.0,1230.0,0.0,0.0,0.0,0.0,0.0,0.0,0.0,0.0,0.0,0.0,0.0,0.0,0.0,82.0,4.0,2020.0,329.0,805.0,0.409,62.0,166.0,0.373,267.0,639.0,0.418,0.447,195.0,248.0,0.786,60.0,181.0,241.0,107.0,63.0,13.0,111.0,262.0,915.0,0.0,12.7,0.5,0.206,0.308,3.6,11.3,7.4,10.2,1.7,0.5,10.8,23.6,2.2,1.5,3.7,0.088,-1.2,-0.8,-2.0,0.0,0.0,2004
105,Mike Miller,27.2,4.2,9.5,0.438,1.2,3.3,0.372,2.9,6.2,0.474,0.503,1.6,2.2,0.723,0.6,2.7,3.3,3.6,0.9,0.2,1.6,2.5,11.1,0.0,0.0,1230.0,0.0,0.0,0.0,0.0,0.0,0.0,0.0,0.0,0.0,0.0,0.0,0.0,0.0,65.0,65.0,1770.0,270.0,616.0,0.438,80.0,215.0,0.372,190.0,401.0,0.474,0.503,102.0,141.0,0.723,42.0,174.0,216.0,232.0,59.0,14.0,107.0,162.0,722.0,0.0,14.9,0.532,0.349,0.229,2.7,11.2,6.9,22.1,1.8,0.6,13.6,20.0,2.5,1.4,3.9,0.107,0.8,-0.2,0.6,1.1,0.0,2004
106,Kurt Thomas,31.9,4.9,10.4,0.473,0.0,0.0,0.0,4.9,10.3,0.475,0.473,1.3,1.6,0.835,1.8,6.5,8.3,1.9,0.7,1.0,1.7,3.7,11.1,0.0,0.0,1230.0,0.0,0.0,0.0,0.0,0.0,0.0,0.0,0.0,0.0,0.0,0.0,0.0,0.0,80.0,75.0,2548.0,392.0,829.0,0.473,0.0,3.0,0.0,392.0,826.0,0.475,0.473,106.0,127.0,0.835,145.0,517.0,662.0,149.0,56.0,80.0,132.0,298.0,890.0,0.0,14.1,0.503,0.004,0.153,6.7,23.1,15.0,10.2,1.2,2.4,13.0,18.5,1.7,3.3,5.0,0.094,-1.3,0.6,-0.8,0.8,0.0,2004
107,Darius Miles,26.3,4.6,9.5,0.485,0.1,0.5,0.175,4.5,9.0,0.502,0.489,1.6,2.4,0.642,1.4,3.1,4.5,2.1,0.8,0.8,1.6,2.1,10.9,0.0,0.0,1230.0,0.0,0.0,0.0,0.0,0.0,0.0,0.0,0.0,0.0,0.0,0.0,0.0,0.0,79.0,56.0,2079.0,365.0,753.0,0.485,7.0,40.0,0.175,358.0,713.0,0.502,0.489,124.0,193.0,0.642,112.0,247.0,359.0,162.0,67.0,61.0,130.0,168.0,861.0,0.0,16.1,0.514,0.053,0.256,6.2,13.6,9.9,14.0,1.8,2.1,13.4,21.5,1.9,1.7,3.6,0.083,0.4,0.0,0.4,1.3,0.0,2004
108,Kwame Brown,30.3,3.9,8.0,0.489,0.0,0.0,0.5,3.9,7.9,0.489,0.49,3.1,4.5,0.683,2.4,5.0,7.4,1.5,0.9,0.7,1.9,1.9,10.9,0.0,0.0,1230.0,0.0,0.0,0.0,0.0,0.0,0.0,0.0,0.0,0.0,0.0,0.0,0.0,0.0,74.0,57.0,2239.0,288.0,589.0,0.489,1.0,2.0,0.5,287.0,587.0,0.489,0.49,228.0,334.0,0.683,178.0,372.0,550.0,112.0,66.0,52.0,140.0,144.0,805.0,0.0,15.7,0.547,0.003,0.567,8.7,19.2,13.8,8.8,1.5,1.7,16.0,17.3,2.9,2.0,4.9,0.105,0.0,-0.5,-0.6,0.8,0.0,2004
109,Joe Smith,29.7,4.1,9.3,0.439,0.0,0.1,0.2,4.1,9.3,0.441,0.44,2.7,3.2,0.859,3.0,5.4,8.5,1.0,0.6,1.2,1.1,2.8,10.9,0.0,0.0,1230.0,0.0,0.0,0.0,0.0,0.0,0.0,0.0,0.0,0.0,0.0,0.0,0.0,0.0,76.0,76.0,2254.0,311.0,708.0,0.439,1.0,5.0,0.2,310.0,703.0,0.441,0.44,207.0,241.0,0.859,230.0,413.0,643.0,78.0,47.0,94.0,82.0,209.0,830.0,0.0,16.6,0.51,0.007,0.34,11.6,20.8,16.2,5.6,1.1,3.0,9.2,18.0,4.0,2.3,6.3,0.134,0.3,-0.7,-0.4,0.9,0.0,2004
110,Jason Williams,29.4,4.0,9.9,0.407,1.7,5.1,0.33,2.4,4.8,0.487,0.491,1.1,1.4,0.837,0.3,1.7,2.0,6.8,1.3,0.1,1.9,1.3,10.9,0.0,0.0,1230.0,0.0,0.0,0.0,0.0,0.0,0.0,0.0,0.0,0.0,0.0,0.0,0.0,0.0,72.0,68.0,2115.0,290.0,713.0,0.407,120.0,364.0,0.33,170.0,349.0,0.487,0.491,82.0,98.0,0.837,25.0,122.0,147.0,492.0,92.0,5.0,136.0,97.0,782.0,0.0,16.9,0.517,0.511,0.137,1.3,6.6,3.9,38.3,2.3,0.2,15.2,19.0,3.9,1.4,5.4,0.122,3.3,-0.8,2.4,2.3,0.0,2004
111,Brent Barry,30.6,3.6,7.2,0.504,1.9,4.3,0.452,1.7,3.0,0.577,0.637,1.5,1.9,0.827,0.4,3.1,3.5,5.8,1.4,0.3,2.4,2.1,10.8,0.0,0.0,1230.0,0.0,0.0,0.0,0.0,0.0,0.0,0.0,0.0,0.0,0.0,0.0,0.0,0.0,59.0,53.0,1803.0,215.0,427.0,0.504,114.0,252.0,0.452,101.0,175.0,0.577,0.637,91.0,110.0,0.827,21.0,183.0,204.0,342.0,85.0,16.0,139.0,121.0,635.0,0.0,18.3,0.668,0.59,0.258,1.4,11.9,6.7,30.5,2.5,0.7,22.6,15.8,4.9,0.7,5.7,0.151,3.2,0.1,3.2,2.4,0.0,2004
112,Darrell Armstrong,28.4,3.7,9.3,0.395,1.7,5.4,0.315,2.0,3.9,0.508,0.487,1.6,1.8,0.854,0.8,2.1,2.9,3.9,1.7,0.2,2.0,1.9,10.6,0.0,0.0,1230.0,0.0,0.0,0.0,0.0,0.0,0.0,0.0,0.0,0.0,0.0,0.0,0.0,0.0,79.0,22.0,2247.0,291.0,736.0,0.395,135.0,429.0,0.315,156.0,307.0,0.508,0.487,123.0,144.0,0.854,63.0,163.0,226.0,311.0,133.0,16.0,155.0,148.0,840.0,0.0,15.6,0.525,0.583,0.196,3.1,8.5,5.7,24.3,3.2,0.5,16.2,19.4,2.8,2.5,5.3,0.114,1.3,1.1,2.4,2.5,0.0,2004
113,Speedy Claxton,26.6,3.7,8.7,0.427,0.1,0.4,0.182,3.7,8.4,0.438,0.431,3.0,3.7,0.813,0.6,2.0,2.6,4.5,1.6,0.2,1.7,2.4,10.6,0.0,0.0,1230.0,0.0,0.0,0.0,0.0,0.0,0.0,0.0,0.0,0.0,0.0,0.0,0.0,0.0,60.0,29.0,1595.0,224.0,524.0,0.427,4.0,22.0,0.182,220.0,502.0,0.438,0.431,182.0,224.0,0.813,38.0,118.0,156.0,267.0,97.0,9.0,102.0,146.0,634.0,0.0,17.3,0.509,0.042,0.427,2.7,8.4,5.5,28.7,3.3,0.4,14.1,20.9,2.6,1.6,4.2,0.127,-0.2,1.3,1.1,1.2,0.0,2004
114,P.J. Brown,34.4,4.2,8.9,0.476,0.0,0.0,0.0,4.2,8.9,0.477,0.476,2.0,2.3,0.854,3.0,5.7,8.6,1.9,1.0,0.9,1.3,2.5,10.5,0.0,0.0,1230.0,0.0,0.0,0.0,0.0,0.0,0.0,0.0,0.0,0.0,0.0,0.0,0.0,0.0,80.0,80.0,2753.0,339.0,712.0,0.476,0.0,1.0,0.0,339.0,711.0,0.477,0.476,158.0,185.0,0.854,237.0,453.0,690.0,155.0,78.0,73.0,101.0,203.0,836.0,0.0,15.7,0.527,0.001,0.26,9.6,19.3,14.3,9.8,1.5,2.0,11.3,14.8,4.7,3.4,8.1,0.142,0.3,0.4,0.7,1.9,0.0,2004
115,Tyronn Lue,30.7,4.1,9.4,0.433,1.1,2.8,0.383,3.0,6.6,0.453,0.489,1.3,1.7,0.771,0.3,2.1,2.5,4.2,0.8,0.1,1.6,2.4,10.5,0.0,0.0,1230.0,0.0,0.0,0.0,0.0,0.0,0.0,0.0,0.0,0.0,0.0,0.0,0.0,0.0,76.0,69.0,2332.0,309.0,714.0,0.433,80.0,209.0,0.383,229.0,505.0,0.453,0.489,101.0,131.0,0.771,26.0,161.0,187.0,317.0,61.0,5.0,124.0,185.0,799.0,0.0,12.6,0.518,0.293,0.183,1.2,8.0,4.5,22.7,1.4,0.2,13.8,17.4,2.7,-0.6,2.1,0.042,-0.5,-2.0,-2.5,-0.3,0.0,2004
116,Brian Skinner,28.2,4.6,9.2,0.497,0.0,0.0,0.0,4.6,9.2,0.497,0.497,1.4,2.5,0.572,2.1,5.2,7.3,0.9,0.5,1.1,1.4,2.9,10.5,0.0,0.0,1230.0,0.0,0.0,0.0,0.0,0.0,0.0,0.0,0.0,0.0,0.0,0.0,0.0,0.0,56.0,54.0,1577.0,255.0,513.0,0.497,0.0,0.0,0.0,255.0,513.0,0.497,0.497,79.0,138.0,0.572,119.0,292.0,411.0,49.0,30.0,61.0,78.0,165.0,589.0,0.0,14.4,0.513,0.0,0.269,8.6,21.0,14.8,5.3,1.0,2.8,12.0,18.7,1.2,1.6,2.7,0.083,-1.1,-0.7,-1.8,0.1,0.0,2004
117,Mark Blount,29.3,4.2,7.4,0.566,0.0,0.0,0.0,4.2,7.4,0.566,0.566,1.9,2.7,0.719,2.5,4.7,7.2,0.9,1.0,1.3,1.8,3.1,10.3,0.0,0.0,1230.0,0.0,0.0,0.0,0.0,0.0,0.0,0.0,0.0,0.0,0.0,0.0,0.0,0.0,82.0,73.0,2402.0,342.0,604.0,0.566,0.0,0.0,0.0,342.0,604.0,0.566,0.566,159.0,221.0,0.719,207.0,382.0,589.0,75.0,80.0,106.0,150.0,253.0,843.0,0.0,16.0,0.601,0.0,0.366,10.1,17.9,14.0,5.4,1.7,3.4,17.6,16.1,3.7,2.9,6.5,0.131,-0.6,0.1,-0.5,0.9,0.0,2004
118,Tayshaun Prince,32.9,4.1,8.8,0.467,0.7,1.9,0.363,3.4,6.9,0.496,0.507,1.3,1.7,0.766,1.1,3.6,4.8,2.3,0.8,0.8,1.5,1.8,10.3,0.0,0.0,1230.0,0.0,0.0,0.0,0.0,0.0,0.0,0.0,0.0,0.0,0.0,0.0,0.0,0.0,82.0,80.0,2701.0,338.0,723.0,0.467,57.0,157.0,0.363,281.0,566.0,0.496,0.507,108.0,141.0,0.766,93.0,297.0,390.0,191.0,63.0,69.0,119.0,149.0,841.0,0.0,13.3,0.536,0.217,0.195,4.0,12.5,8.4,12.4,1.3,1.9,13.2,15.6,3.0,4.6,7.5,0.134,0.4,1.4,1.8,2.6,0.0,2004
119,Eric Snow,36.2,3.6,8.7,0.413,0.0,0.2,0.111,3.6,8.5,0.42,0.414,3.1,3.9,0.797,0.8,2.7,3.4,6.9,1.2,0.1,2.3,2.6,10.3,0.0,0.0,1230.0,0.0,0.0,0.0,0.0,0.0,0.0,0.0,0.0,0.0,0.0,0.0,0.0,0.0,82.0,82.0,2966.0,295.0,715.0,0.413,2.0,18.0,0.111,293.0,697.0,0.42,0.414,252.0,316.0,0.797,62.0,219.0,281.0,563.0,97.0,6.0,187.0,213.0,844.0,0.0,13.5,0.494,0.025,0.442,2.5,8.6,5.6,33.0,1.8,0.2,18.0,16.5,3.2,2.3,5.5,0.09,-1.0,-0.3,-1.3,0.5,0.0,2004
120,Rafer Alston,31.5,3.5,9.3,0.376,2.0,5.3,0.371,1.5,4.0,0.382,0.481,1.3,1.6,0.769,0.3,2.4,2.8,4.5,1.4,0.2,1.6,2.6,10.2,0.0,0.0,1230.0,0.0,0.0,0.0,0.0,0.0,0.0,0.0,0.0,0.0,0.0,0.0,0.0,0.0,82.0,28.0,2581.0,287.0,764.0,0.376,161.0,434.0,0.371,126.0,330.0,0.382,0.481,103.0,134.0,0.769,26.0,200.0,226.0,372.0,114.0,18.0,128.0,212.0,838.0,0.0,13.7,0.509,0.568,0.175,1.2,9.1,5.1,24.9,2.4,0.6,13.5,17.3,3.1,2.8,5.9,0.11,0.2,0.7,0.9,1.9,0.0,2004
121,Earl Boykins,22.5,3.9,9.3,0.419,0.7,2.1,0.322,3.2,7.3,0.447,0.455,1.7,2.0,0.877,0.5,1.2,1.7,3.6,0.6,0.0,1.2,1.0,10.2,0.0,0.0,1230.0,0.0,0.0,0.0,0.0,0.0,0.0,0.0,0.0,0.0,0.0,0.0,0.0,0.0,82.0,3.0,1849.0,321.0,766.0,0.419,55.0,171.0,0.322,266.0,595.0,0.447,0.455,142.0,162.0,0.877,42.0,101.0,143.0,295.0,51.0,3.0,100.0,84.0,839.0,0.0,16.2,0.501,0.223,0.211,2.5,6.3,4.4,27.3,1.4,0.1,10.7,22.2,3.3,0.8,4.1,0.105,2.0,-1.5,0.5,1.2,0.0,2004
122,Chris Crawford,21.6,3.8,8.4,0.448,0.8,2.0,0.389,3.0,6.4,0.466,0.495,1.8,2.1,0.866,1.0,2.1,3.1,0.8,0.7,0.4,1.0,2.3,10.2,0.0,0.0,1230.0,0.0,0.0,0.0,0.0,0.0,0.0,0.0,0.0,0.0,0.0,0.0,0.0,0.0,56.0,25.0,1207.0,211.0,471.0,0.448,44.0,113.0,0.389,167.0,358.0,0.466,0.495,103.0,119.0,0.866,58.0,117.0,175.0,45.0,37.0,20.0,55.0,131.0,569.0,0.0,15.8,0.544,0.24,0.253,5.5,10.9,8.2,7.0,1.6,1.2,9.5,21.8,2.2,0.5,2.7,0.107,0.5,-2.0,-1.5,0.1,0.0,2004
123,Wally Szczerbiak,22.2,3.8,8.4,0.449,0.7,1.6,0.435,3.1,6.8,0.453,0.492,1.9,2.3,0.828,0.9,2.3,3.1,1.2,0.4,0.0,1.0,1.5,10.2,0.0,0.0,1230.0,0.0,0.0,0.0,0.0,0.0,0.0,0.0,0.0,0.0,0.0,0.0,0.0,0.0,28.0,0.0,622.0,106.0,236.0,0.449,20.0,46.0,0.435,86.0,190.0,0.453,0.492,53.0,64.0,0.828,24.0,64.0,88.0,33.0,12.0,1.0,28.0,42.0,285.0,0.0,15.3,0.539,0.195,0.271,4.7,11.2,8.1,8.9,1.0,0.1,9.6,22.1,1.0,0.6,1.6,0.126,1.2,-0.6,0.6,0.4,0.0,2004
124,Doug Christie,33.9,3.9,8.4,0.461,0.6,1.7,0.345,3.3,6.7,0.491,0.496,1.8,2.1,0.86,0.8,3.2,4.0,4.2,1.8,0.5,1.9,2.3,10.1,0.0,0.0,1230.0,0.0,0.0,0.0,0.0,0.0,0.0,0.0,0.0,0.0,0.0,0.0,0.0,0.0,82.0,82.0,2780.0,317.0,688.0,0.461,49.0,142.0,0.345,268.0,546.0,0.491,0.496,148.0,172.0,0.86,69.0,260.0,329.0,347.0,151.0,41.0,155.0,186.0,831.0,0.0,14.0,0.544,0.206,0.25,2.9,10.4,6.7,18.6,2.8,1.0,16.9,14.9,3.4,2.4,5.7,0.099,-0.3,1.1,0.8,2.0,0.0,2004
125,Eric Williams,26.6,3.3,8.4,0.386,0.5,1.8,0.276,2.8,6.6,0.416,0.416,3.0,4.0,0.76,0.9,3.1,4.0,1.7,1.0,0.1,1.2,2.5,10.0,0.0,0.0,1230.0,0.0,0.0,0.0,0.0,0.0,0.0,0.0,0.0,0.0,0.0,0.0,0.0,0.0,71.0,36.0,1886.0,231.0,598.0,0.386,35.0,127.0,0.276,196.0,471.0,0.416,0.416,215.0,283.0,0.76,65.0,221.0,286.0,120.0,70.0,9.0,88.0,180.0,712.0,0.0,12.5,0.493,0.212,0.473,3.9,13.0,8.5,10.4,1.9,0.3,10.9,19.3,1.7,1.4,3.1,0.079,-1.8,-0.3,-2.0,0.0,0.0,2004
126,Reggie Miller,28.2,3.3,7.4,0.438,1.7,4.2,0.401,1.6,3.3,0.485,0.551,1.8,2.1,0.885,0.2,2.1,2.4,3.1,0.8,0.1,0.9,1.2,10.0,0.0,0.0,1230.0,0.0,0.0,0.0,0.0,0.0,0.0,0.0,0.0,0.0,0.0,0.0,0.0,0.0,80.0,80.0,2254.0,260.0,594.0,0.438,134.0,334.0,0.401,126.0,260.0,0.485,0.551,146.0,165.0,0.885,18.0,170.0,188.0,249.0,65.0,11.0,68.0,96.0,800.0,0.0,16.1,0.6,0.562,0.278,0.9,9.0,4.9,19.1,1.6,0.4,9.3,15.4,6.0,2.9,8.9,0.189,2.5,0.9,3.5,3.1,0.0,2004
127,Troy Murphy,21.8,3.8,8.7,0.44,0.2,0.6,0.294,3.6,8.1,0.451,0.451,2.1,2.9,0.75,1.7,4.5,6.2,0.7,0.4,0.6,1.2,2.1,10.0,0.0,0.0,1230.0,0.0,0.0,0.0,0.0,0.0,0.0,0.0,0.0,0.0,0.0,0.0,0.0,0.0,28.0,0.0,610.0,107.0,243.0,0.44,5.0,17.0,0.294,102.0,226.0,0.451,0.451,60.0,80.0,0.75,48.0,125.0,173.0,20.0,12.0,17.0,34.0,58.0,279.0,0.0,16.8,0.501,0.07,0.329,8.8,23.2,16.0,6.0,1.1,2.0,10.9,23.6,0.6,0.7,1.3,0.104,-0.6,-1.0,-1.6,0.1,0.0,2004
128,Vlade Divac,28.6,3.9,8.2,0.47,0.0,0.2,0.154,3.9,8.1,0.476,0.472,2.1,3.2,0.654,1.7,4.0,5.7,5.3,0.7,1.0,2.1,2.7,9.9,0.0,0.0,1230.0,0.0,0.0,0.0,0.0,0.0,0.0,0.0,0.0,0.0,0.0,0.0,0.0,0.0,81.0,81.0,2317.0,314.0,668.0,0.47,2.0,13.0,0.154,312.0,655.0,0.476,0.472,170.0,260.0,0.654,136.0,327.0,463.0,432.0,57.0,77.0,173.0,222.0,800.0,1.0,16.3,0.511,0.019,0.389,6.8,15.6,11.3,28.7,1.3,2.3,18.1,18.6,3.5,1.8,5.3,0.11,1.1,0.9,2.0,2.4,0.0,2004
129,Vin Baker,24.3,3.9,8.0,0.481,0.0,0.1,0.333,3.8,7.9,0.483,0.483,2.1,2.9,0.726,2.1,3.1,5.2,1.2,0.5,0.6,1.4,3.0,9.8,0.0,0.0,1230.0,0.0,0.0,0.0,0.0,0.0,0.0,0.0,0.0,0.0,0.0,0.0,0.0,0.0,54.0,33.0,1313.0,208.0,432.0,0.481,1.0,3.0,0.333,207.0,429.0,0.483,0.483,114.0,157.0,0.726,112.0,168.0,280.0,66.0,29.0,32.0,77.0,160.0,531.0,0.0,14.8,0.53,0.007,0.363,10.0,14.4,12.2,9.0,1.1,1.9,13.3,20.1,1.7,1.1,2.8,0.101,-1.0,-1.1,-2.1,0.0,0.0,2004
130,Brian Cardinal,21.5,2.9,6.1,0.472,0.7,1.6,0.444,2.2,4.5,0.482,0.531,3.1,3.6,0.878,1.3,2.9,4.2,1.4,0.9,0.3,1.1,2.7,9.6,0.0,0.0,1230.0,0.0,0.0,0.0,0.0,0.0,0.0,0.0,0.0,0.0,0.0,0.0,0.0,0.0,76.0,11.0,1634.0,220.0,466.0,0.472,55.0,124.0,0.444,165.0,342.0,0.482,0.531,238.0,271.0,0.878,100.0,217.0,317.0,103.0,66.0,20.0,84.0,206.0,733.0,0.0,19.4,0.626,0.266,0.582,6.9,15.0,10.9,10.7,2.2,0.9,12.6,18.9,5.5,1.7,7.2,0.212,2.2,1.0,3.2,2.2,0.0,2004
131,Kendall Gill,25.2,3.8,9.8,0.392,0.2,0.7,0.237,3.7,9.1,0.404,0.401,1.8,2.4,0.735,1.1,2.3,3.4,1.6,1.2,0.3,1.5,1.9,9.6,0.0,0.0,1230.0,0.0,0.0,0.0,0.0,0.0,0.0,0.0,0.0,0.0,0.0,0.0,0.0,0.0,56.0,35.0,1411.0,215.0,548.0,0.392,9.0,38.0,0.237,206.0,510.0,0.404,0.401,100.0,136.0,0.735,61.0,129.0,190.0,89.0,65.0,16.0,83.0,107.0,539.0,0.0,11.1,0.443,0.069,0.248,4.6,10.3,7.4,11.4,2.4,0.8,12.0,21.9,-0.9,1.3,0.4,0.013,-2.8,-0.1,-2.8,-0.3,0.0,2004
132,Jarvis Hayes,29.2,4.0,9.9,0.4,0.6,1.9,0.305,3.4,8.1,0.422,0.429,1.1,1.4,0.786,1.0,2.8,3.8,1.5,1.0,0.2,1.6,2.2,9.6,0.0,0.0,1230.0,0.0,0.0,0.0,0.0,0.0,0.0,0.0,0.0,0.0,0.0,0.0,0.0,0.0,70.0,42.0,2044.0,278.0,695.0,0.4,40.0,131.0,0.305,238.0,564.0,0.422,0.429,77.0,98.0,0.786,71.0,193.0,264.0,106.0,71.0,11.0,110.0,157.0,673.0,0.0,9.4,0.456,0.188,0.141,3.8,10.9,7.2,9.3,1.8,0.4,13.0,18.4,-0.6,1.1,0.5,0.012,-3.0,-1.0,-4.0,-1.1,0.0,2004
133,Mehmet Okur,22.3,3.5,7.6,0.463,0.3,0.7,0.375,3.3,7.0,0.472,0.48,2.3,2.9,0.775,2.3,3.7,5.9,1.0,0.5,0.9,1.4,1.9,9.6,0.0,0.0,1230.0,0.0,0.0,0.0,0.0,0.0,0.0,0.0,0.0,0.0,0.0,0.0,0.0,0.0,71.0,33.0,1580.0,251.0,542.0,0.463,18.0,48.0,0.375,233.0,494.0,0.472,0.48,162.0,209.0,0.775,160.0,261.0,421.0,69.0,36.0,63.0,101.0,138.0,682.0,0.0,18.3,0.538,0.089,0.386,11.9,18.8,15.4,8.2,1.2,3.0,13.7,21.7,2.6,3.3,5.9,0.179,1.0,0.6,1.5,1.4,0.0,2004
134,Ben Wallace,37.7,3.9,9.2,0.421,0.0,0.1,0.125,3.9,9.1,0.424,0.422,1.8,3.6,0.49,4.0,8.4,12.4,1.7,1.8,3.0,1.5,2.0,9.5,0.0,24.0,1230.0,0.02,81.0,37.7,9.5,12.4,1.7,1.8,3.0,0.421,0.125,0.49,10.2,0.16,81.0,81.0,3050.0,315.0,748.0,0.421,1.0,8.0,0.125,314.0,740.0,0.424,0.422,142.0,290.0,0.49,324.0,682.0,1006.0,138.0,143.0,246.0,123.0,162.0,773.0,0.0,17.3,0.441,0.011,0.388,12.5,25.5,19.1,7.7,2.6,6.1,12.3,15.3,1.1,9.1,10.2,0.16,0.2,3.3,3.5,4.3,0.0,2004
135,Corliss Williamson,19.9,3.8,7.6,0.505,0.0,0.0,0.0,3.8,7.6,0.505,0.505,1.8,2.5,0.731,1.1,2.1,3.2,0.7,0.4,0.3,1.4,2.6,9.5,0.0,0.0,1230.0,0.0,0.0,0.0,0.0,0.0,0.0,0.0,0.0,0.0,0.0,0.0,0.0,0.0,79.0,0.0,1574.0,304.0,602.0,0.505,0.0,0.0,0.0,304.0,602.0,0.505,0.505,144.0,197.0,0.731,88.0,168.0,256.0,57.0,30.0,20.0,113.0,204.0,752.0,0.0,14.4,0.546,0.0,0.327,6.6,12.2,9.4,7.2,1.0,1.0,14.1,23.8,1.6,2.5,4.1,0.124,-1.4,-0.1,-1.5,0.2,0.0,2004
136,Juan Dixon,20.8,3.5,9.0,0.388,0.8,2.8,0.298,2.6,6.2,0.428,0.434,1.6,2.0,0.799,0.4,1.7,2.1,1.9,1.2,0.1,1.5,1.6,9.4,0.0,0.0,1230.0,0.0,0.0,0.0,0.0,0.0,0.0,0.0,0.0,0.0,0.0,0.0,0.0,0.0,71.0,16.0,1478.0,247.0,637.0,0.388,59.0,198.0,0.298,188.0,439.0,0.428,0.434,111.0,139.0,0.799,30.0,118.0,148.0,137.0,82.0,4.0,104.0,111.0,664.0,0.0,13.5,0.476,0.311,0.218,2.2,9.2,5.6,17.5,2.9,0.2,13.0,24.0,0.3,1.1,1.4,0.044,-1.0,-0.4,-1.4,0.2,0.0,2004
137,Marc Jackson,27.2,3.2,7.8,0.415,0.0,0.0,0.0,3.2,7.7,0.418,0.415,2.9,3.7,0.79,2.0,3.7,5.7,0.8,0.5,0.3,1.1,2.0,9.4,0.0,0.0,1230.0,0.0,0.0,0.0,0.0,0.0,0.0,0.0,0.0,0.0,0.0,0.0,0.0,0.0,22.0,13.0,598.0,71.0,171.0,0.415,0.0,1.0,0.0,71.0,170.0,0.418,0.415,64.0,81.0,0.79,45.0,81.0,126.0,18.0,12.0,6.0,24.0,45.0,206.0,0.0,13.2,0.498,0.006,0.474,8.9,15.8,12.4,5.4,1.1,0.8,10.4,18.1,0.7,0.6,1.3,0.1,-0.9,-1.2,-2.2,0.0,0.0,2004
138,Stromile Swift,19.8,3.5,7.4,0.469,0.0,0.1,0.25,3.5,7.4,0.471,0.47,2.5,3.4,0.725,1.8,3.1,4.9,0.5,0.7,1.5,1.1,2.4,9.4,0.0,0.0,1230.0,0.0,0.0,0.0,0.0,0.0,0.0,0.0,0.0,0.0,0.0,0.0,0.0,0.0,77.0,10.0,1528.0,268.0,571.0,0.469,1.0,4.0,0.25,267.0,567.0,0.471,0.47,190.0,262.0,0.725,141.0,237.0,378.0,38.0,56.0,118.0,88.0,188.0,727.0,0.0,19.2,0.53,0.007,0.459,10.3,17.7,14.0,4.4,1.9,5.6,11.4,22.8,2.4,2.4,4.8,0.15,-0.2,0.7,0.5,1.0,0.0,2004
139,Lorenzen Wright,25.8,4.0,9.0,0.439,0.0,0.1,0.0,4.0,8.9,0.442,0.439,1.5,2.0,0.733,2.2,4.6,6.8,1.1,0.7,0.9,1.2,3.0,9.4,0.0,0.0,1230.0,0.0,0.0,0.0,0.0,0.0,0.0,0.0,0.0,0.0,0.0,0.0,0.0,0.0,65.0,46.0,1674.0,257.0,586.0,0.439,0.0,5.0,0.0,257.0,581.0,0.442,0.439,96.0,131.0,0.733,144.0,301.0,445.0,71.0,45.0,58.0,77.0,192.0,610.0,0.0,14.0,0.474,0.009,0.224,9.6,20.5,15.0,7.2,1.4,2.5,10.7,19.4,1.0,2.1,3.2,0.092,-1.7,-0.5,-2.1,0.0,0.0,2004
140,Mike James,27.1,3.4,8.1,0.414,1.3,3.5,0.377,2.0,4.6,0.441,0.495,1.3,1.6,0.811,0.3,2.5,2.9,4.2,1.2,0.0,1.5,1.9,9.3,0.0,0.0,1230.0,0.0,0.0,0.0,0.0,0.0,0.0,0.0,0.0,0.0,0.0,0.0,0.0,0.0,81.0,55.0,2196.0,272.0,657.0,0.414,106.0,281.0,0.377,166.0,376.0,0.441,0.495,103.0,127.0,0.811,28.0,206.0,234.0,339.0,96.0,3.0,124.0,156.0,753.0,0.0,14.4,0.528,0.428,0.193,1.5,10.6,6.1,26.1,2.3,0.1,14.8,17.4,3.0,2.2,5.2,0.113,0.0,0.2,0.2,1.2,0.0,2004
141,Anfernee Hardaway,27.6,3.7,8.9,0.411,0.4,1.0,0.38,3.3,7.9,0.415,0.433,1.5,1.8,0.804,0.9,2.9,3.8,2.3,0.9,0.3,1.4,1.9,9.2,0.0,0.0,1230.0,0.0,0.0,0.0,0.0,0.0,0.0,0.0,0.0,0.0,0.0,0.0,0.0,0.0,76.0,14.0,2095.0,279.0,679.0,0.411,30.0,79.0,0.38,249.0,600.0,0.415,0.433,111.0,138.0,0.804,69.0,218.0,287.0,176.0,70.0,20.0,107.0,146.0,699.0,0.0,11.8,0.472,0.116,0.203,3.8,11.9,7.9,13.9,1.8,0.7,12.6,18.6,0.6,1.4,2.0,0.046,-1.4,-0.3,-1.7,0.1,0.0,2004
142,Caron Butler,29.9,3.5,9.3,0.38,0.1,0.6,0.238,3.4,8.7,0.39,0.388,2.0,2.6,0.756,1.4,3.4,4.8,1.9,1.1,0.2,1.3,2.4,9.2,0.0,0.0,1230.0,0.0,0.0,0.0,0.0,0.0,0.0,0.0,0.0,0.0,0.0,0.0,0.0,0.0,68.0,56.0,2030.0,240.0,631.0,0.38,10.0,42.0,0.238,230.0,589.0,0.39,0.388,133.0,176.0,0.756,92.0,234.0,326.0,126.0,75.0,13.0,91.0,162.0,623.0,0.0,10.7,0.44,0.067,0.279,5.2,13.6,9.4,10.8,2.0,0.5,11.4,18.5,-0.2,2.4,2.1,0.05,-2.9,0.1,-2.9,-0.4,0.0,2004
143,Aaron McKie,28.2,3.5,7.7,0.459,1.0,2.3,0.436,2.5,5.4,0.469,0.524,1.1,1.5,0.757,0.6,2.8,3.4,2.6,1.1,0.3,1.4,1.9,9.2,0.0,0.0,1230.0,0.0,0.0,0.0,0.0,0.0,0.0,0.0,0.0,0.0,0.0,0.0,0.0,0.0,75.0,41.0,2112.0,265.0,577.0,0.459,75.0,172.0,0.436,190.0,405.0,0.469,0.524,84.0,111.0,0.757,45.0,208.0,253.0,195.0,85.0,23.0,103.0,142.0,689.0,0.0,13.9,0.55,0.298,0.192,2.5,11.5,7.1,16.8,2.2,0.9,14.1,16.2,2.5,2.3,4.8,0.108,0.2,1.1,1.3,1.8,0.0,2004
144,Hedo Türkoğlu,25.9,3.3,8.1,0.406,1.3,3.0,0.419,2.0,5.1,0.399,0.484,1.4,2.0,0.708,0.7,3.8,4.5,1.9,1.0,0.4,1.2,2.1,9.2,0.0,0.0,1230.0,0.0,0.0,0.0,0.0,0.0,0.0,0.0,0.0,0.0,0.0,0.0,0.0,0.0,80.0,44.0,2073.0,262.0,645.0,0.406,101.0,241.0,0.419,161.0,404.0,0.399,0.484,114.0,161.0,0.708,52.0,306.0,358.0,154.0,80.0,32.0,94.0,165.0,739.0,0.0,14.1,0.516,0.374,0.25,2.8,16.3,9.7,12.5,2.1,1.1,11.6,18.1,2.2,4.5,6.7,0.155,0.1,2.4,2.5,2.3,0.0,2004
145,Jiří Welsch,26.9,3.2,7.6,0.428,0.9,2.2,0.381,2.4,5.3,0.448,0.484,1.9,2.5,0.743,0.7,2.9,3.7,2.3,1.2,0.1,1.6,2.2,9.2,0.0,0.0,1230.0,0.0,0.0,0.0,0.0,0.0,0.0,0.0,0.0,0.0,0.0,0.0,0.0,0.0,81.0,68.0,2179.0,262.0,612.0,0.428,69.0,181.0,0.381,193.0,431.0,0.448,0.484,153.0,206.0,0.743,60.0,236.0,296.0,183.0,101.0,7.0,129.0,176.0,746.0,0.0,12.6,0.531,0.296,0.337,3.2,12.2,7.8,14.0,2.4,0.2,15.5,17.4,1.7,1.9,3.6,0.08,-1.1,0.1,-0.9,0.6,0.0,2004
146,Dion Glover,23.8,3.3,8.5,0.39,0.6,1.7,0.336,2.8,6.8,0.404,0.424,1.7,2.3,0.769,0.8,3.0,3.9,1.9,0.7,0.3,1.5,1.8,9.0,0.0,0.0,1230.0,0.0,0.0,0.0,0.0,0.0,0.0,0.0,0.0,0.0,0.0,0.0,0.0,0.0,69.0,30.0,1643.0,230.0,589.0,0.39,40.0,119.0,0.336,190.0,470.0,0.404,0.424,120.0,156.0,0.769,58.0,208.0,266.0,130.0,50.0,19.0,102.0,123.0,620.0,0.0,12.2,0.471,0.202,0.265,4.0,14.2,9.2,14.0,1.6,0.9,13.4,21.2,0.1,1.0,1.1,0.032,-1.1,-0.9,-2.1,0.0,0.0,2004
147,Antonio Davis,32.1,3.3,8.3,0.403,0.0,0.0,0.0,3.3,8.3,0.403,0.403,2.2,2.9,0.765,2.6,5.8,8.4,1.7,0.5,0.8,1.4,2.6,8.9,0.0,0.0,1230.0,0.0,0.0,0.0,0.0,0.0,0.0,0.0,0.0,0.0,0.0,0.0,0.0,0.0,80.0,79.0,2570.0,266.0,660.0,0.403,0.0,0.0,0.0,266.0,660.0,0.403,0.403,176.0,230.0,0.765,207.0,464.0,671.0,137.0,37.0,65.0,114.0,206.0,708.0,0.0,11.8,0.465,0.0,0.348,8.7,20.4,14.4,9.0,0.8,1.9,13.0,15.5,1.0,2.8,3.8,0.071,-2.1,-0.3,-2.4,-0.3,0.0,2004
148,Etan Thomas,24.1,3.3,6.7,0.489,0.0,0.0,0.0,3.3,6.7,0.489,0.489,2.4,3.7,0.647,2.3,4.4,6.7,0.9,0.5,1.6,1.4,2.8,8.9,0.0,0.0,1230.0,0.0,0.0,0.0,0.0,0.0,0.0,0.0,0.0,0.0,0.0,0.0,0.0,0.0,79.0,15.0,1901.0,257.0,526.0,0.489,0.0,0.0,0.0,257.0,526.0,0.489,0.489,191.0,295.0,0.647,183.0,345.0,528.0,68.0,36.0,123.0,113.0,219.0,705.0,0.0,16.4,0.538,0.0,0.561,10.5,20.9,15.6,6.4,1.0,4.7,14.7,17.9,2.5,2.1,4.5,0.115,-1.1,0.0,-1.1,0.4,0.0,2004
149,Alvin Williams,30.9,3.6,8.9,0.405,0.5,1.6,0.292,3.1,7.3,0.43,0.431,1.2,1.5,0.776,0.3,2.4,2.7,4.0,1.0,0.2,1.4,2.0,8.8,0.0,0.0,1230.0,0.0,0.0,0.0,0.0,0.0,0.0,0.0,0.0,0.0,0.0,0.0,0.0,0.0,56.0,54.0,1730.0,201.0,496.0,0.405,26.0,89.0,0.292,175.0,407.0,0.43,0.431,66.0,85.0,0.776,18.0,132.0,150.0,224.0,55.0,10.0,78.0,114.0,494.0,0.0,11.4,0.463,0.179,0.171,1.2,8.8,5.0,23.6,1.8,0.4,12.8,17.1,0.3,1.8,2.1,0.058,-2.4,0.6,-1.9,0.0,0.0,2004
150,Brian Grant,30.3,3.8,8.1,0.471,0.0,0.0,0.0,3.8,8.1,0.472,0.471,1.1,1.4,0.782,2.3,4.6,6.9,0.9,0.7,0.5,1.1,3.3,8.7,0.0,0.0,1230.0,0.0,0.0,0.0,0.0,0.0,0.0,0.0,0.0,0.0,0.0,0.0,0.0,0.0,76.0,76.0,2303.0,289.0,613.0,0.471,0.0,1.0,0.0,289.0,612.0,0.472,0.471,86.0,110.0,0.782,174.0,350.0,524.0,69.0,51.0,35.0,82.0,254.0,664.0,0.0,12.1,0.502,0.002,0.179,8.7,17.9,13.3,5.3,1.2,1.2,11.0,15.2,2.1,2.8,4.9,0.101,-1.8,-0.2,-2.0,0.0,0.0,2004
151,Rasho Nesterović,28.7,4.0,8.5,0.469,0.0,0.0,0.0,4.0,8.5,0.469,0.469,0.7,1.4,0.474,3.1,4.6,7.7,1.4,0.6,2.0,1.3,3.0,8.7,0.0,0.0,1230.0,0.0,0.0,0.0,0.0,0.0,0.0,0.0,0.0,0.0,0.0,0.0,0.0,0.0,82.0,82.0,2353.0,328.0,700.0,0.469,0.0,0.0,0.0,328.0,700.0,0.469,0.469,54.0,114.0,0.474,257.0,376.0,633.0,114.0,51.0,165.0,107.0,247.0,710.0,0.0,15.3,0.473,0.0,0.163,12.4,17.6,15.0,8.4,1.2,5.1,12.5,16.8,1.6,5.6,7.2,0.147,-1.1,2.2,1.1,1.9,0.0,2004
152,Marcus Camby,30.0,3.6,7.6,0.477,0.0,0.0,0.0,3.6,7.6,0.479,0.477,1.4,1.9,0.721,2.9,7.2,10.1,1.8,1.2,2.6,1.4,3.3,8.6,0.0,0.0,1230.0,0.0,0.0,0.0,0.0,0.0,0.0,0.0,0.0,0.0,0.0,0.0,0.0,0.0,72.0,72.0,2162.0,262.0,549.0,0.477,0.0,2.0,0.0,262.0,547.0,0.479,0.477,98.0,136.0,0.721,211.0,516.0,727.0,132.0,86.0,187.0,98.0,239.0,622.0,0.0,17.8,0.511,0.004,0.248,10.9,27.4,19.0,9.6,2.0,6.1,13.9,14.3,2.6,4.3,6.9,0.154,-0.1,2.5,2.5,2.5,0.0,2004
153,Josh Howard,23.7,3.4,7.9,0.43,0.3,1.0,0.303,3.1,7.0,0.448,0.449,1.4,2.1,0.703,2.2,3.3,5.5,1.4,1.0,0.8,1.0,2.5,8.6,0.0,0.0,1230.0,0.0,0.0,0.0,0.0,0.0,0.0,0.0,0.0,0.0,0.0,0.0,0.0,0.0,67.0,29.0,1589.0,229.0,532.0,0.43,20.0,66.0,0.303,209.0,466.0,0.448,0.449,97.0,138.0,0.703,149.0,219.0,368.0,97.0,69.0,54.0,67.0,168.0,575.0,0.0,15.7,0.485,0.124,0.259,9.9,15.4,12.6,8.8,2.2,2.5,10.2,18.2,2.3,1.2,3.5,0.104,0.2,-0.2,-0.1,0.8,0.0,2004
154,Chris Wilcox,20.6,3.5,6.7,0.521,0.0,0.0,0.0,3.5,6.7,0.522,0.521,1.6,2.3,0.7,1.9,2.8,4.7,0.8,0.4,0.3,1.2,2.8,8.6,0.0,0.0,1230.0,0.0,0.0,0.0,0.0,0.0,0.0,0.0,0.0,0.0,0.0,0.0,0.0,0.0,65.0,17.0,1340.0,227.0,436.0,0.521,0.0,1.0,0.0,227.0,435.0,0.522,0.521,105.0,150.0,0.7,125.0,180.0,305.0,51.0,29.0,20.0,80.0,183.0,559.0,0.0,15.3,0.557,0.002,0.344,10.5,15.4,13.0,7.0,1.1,1.1,13.7,19.3,2.3,0.3,2.6,0.094,-0.4,-1.8,-2.2,-0.1,0.0,2004
155,Shane Battier,24.6,3.1,6.9,0.446,0.8,2.4,0.349,2.2,4.5,0.496,0.506,1.5,2.1,0.732,1.3,2.5,3.8,1.3,1.3,0.7,0.7,2.4,8.5,0.0,0.0,1230.0,0.0,0.0,0.0,0.0,0.0,0.0,0.0,0.0,0.0,0.0,0.0,0.0,0.0,79.0,1.0,1947.0,242.0,543.0,0.446,65.0,186.0,0.349,177.0,357.0,0.496,0.506,120.0,164.0,0.732,102.0,201.0,303.0,101.0,101.0,58.0,56.0,187.0,669.0,0.0,15.3,0.544,0.343,0.302,5.9,11.8,8.8,8.4,2.7,2.2,8.3,15.5,3.5,2.3,5.9,0.145,1.1,1.5,2.6,2.3,0.0,2004
156,Marquis Daniels,18.6,3.6,7.3,0.494,0.2,0.6,0.306,3.4,6.7,0.512,0.507,1.1,1.4,0.769,1.2,1.4,2.6,2.1,0.9,0.2,0.8,0.9,8.5,0.0,0.0,1230.0,0.0,0.0,0.0,0.0,0.0,0.0,0.0,0.0,0.0,0.0,0.0,0.0,0.0,56.0,15.0,1039.0,203.0,411.0,0.494,11.0,36.0,0.306,192.0,375.0,0.512,0.507,60.0,78.0,0.769,66.0,80.0,146.0,116.0,53.0,12.0,44.0,51.0,477.0,0.0,20.1,0.536,0.088,0.19,6.7,8.6,7.6,17.4,2.6,0.9,9.0,20.6,2.7,0.4,3.2,0.146,2.7,-0.4,2.3,1.1,0.0,2004
157,Marko Jarić,30.3,3.2,8.2,0.388,0.9,2.6,0.34,2.3,5.6,0.41,0.441,1.3,1.7,0.733,0.8,2.3,3.0,4.8,1.6,0.3,2.0,2.3,8.5,0.0,0.0,1230.0,0.0,0.0,0.0,0.0,0.0,0.0,0.0,0.0,0.0,0.0,0.0,0.0,0.0,58.0,50.0,1760.0,185.0,477.0,0.388,51.0,150.0,0.34,134.0,327.0,0.41,0.441,74.0,101.0,0.733,44.0,131.0,175.0,281.0,93.0,20.0,115.0,132.0,495.0,0.0,12.6,0.475,0.314,0.212,2.8,8.5,5.7,26.3,2.8,0.8,18.1,16.0,0.9,0.6,1.5,0.042,-0.6,0.0,-0.7,0.6,0.0,2004
158,Chucky Atkins,24.1,3.0,7.6,0.397,1.3,3.8,0.336,1.7,3.8,0.457,0.48,1.1,1.5,0.753,0.1,1.3,1.5,3.5,0.7,0.0,1.4,1.6,8.4,0.0,0.0,1230.0,0.0,0.0,0.0,0.0,0.0,0.0,0.0,0.0,0.0,0.0,0.0,0.0,0.0,64.0,24.0,1544.0,192.0,484.0,0.397,81.0,241.0,0.336,111.0,243.0,0.457,0.48,73.0,97.0,0.753,9.0,84.0,93.0,223.0,45.0,2.0,92.0,102.0,538.0,0.0,12.1,0.511,0.498,0.2,0.7,6.2,3.5,24.7,1.5,0.1,14.9,18.5,1.5,1.3,2.7,0.085,-0.3,-0.9,-1.1,0.3,0.0,2004
159,Toni Kukoč,20.8,2.9,6.9,0.417,0.7,2.3,0.292,2.2,4.6,0.479,0.465,2.0,2.7,0.729,0.8,2.9,3.7,2.7,0.8,0.3,1.5,1.5,8.4,0.0,0.0,1230.0,0.0,0.0,0.0,0.0,0.0,0.0,0.0,0.0,0.0,0.0,0.0,0.0,0.0,73.0,0.0,1522.0,211.0,506.0,0.417,49.0,168.0,0.292,162.0,338.0,0.479,0.465,145.0,199.0,0.729,60.0,211.0,271.0,200.0,59.0,21.0,110.0,110.0,616.0,0.0,16.1,0.519,0.332,0.393,4.5,15.7,10.1,21.5,2.0,1.0,15.6,21.0,1.7,1.3,3.1,0.096,1.5,0.5,2.0,1.6,0.0,2004
160,Stanislav Medvedenko,21.2,3.5,7.9,0.441,0.0,0.0,0.0,3.5,7.9,0.444,0.441,1.3,1.7,0.767,2.2,2.9,5.0,0.8,0.6,0.3,0.9,2.8,8.3,0.0,0.0,1230.0,0.0,0.0,0.0,0.0,0.0,0.0,0.0,0.0,0.0,0.0,0.0,0.0,0.0,68.0,38.0,1442.0,237.0,537.0,0.441,0.0,3.0,0.0,237.0,534.0,0.444,0.441,89.0,116.0,0.767,148.0,195.0,343.0,57.0,38.0,18.0,59.0,191.0,563.0,0.0,13.6,0.479,0.006,0.216,11.5,15.5,13.5,6.6,1.4,0.9,9.1,20.1,1.5,1.6,3.0,0.101,-1.8,-1.4,-3.2,-0.4,0.0,2004
161,Morris Peterson,26.2,2.9,7.2,0.405,1.5,4.1,0.371,1.4,3.0,0.453,0.513,0.9,1.1,0.809,0.4,2.8,3.2,1.4,1.1,0.2,0.8,2.5,8.3,0.0,0.0,1230.0,0.0,0.0,0.0,0.0,0.0,0.0,0.0,0.0,0.0,0.0,0.0,0.0,0.0,82.0,29.0,2148.0,238.0,587.0,0.405,126.0,340.0,0.371,112.0,247.0,0.453,0.513,76.0,94.0,0.809,35.0,226.0,261.0,113.0,88.0,14.0,69.0,206.0,678.0,0.0,12.1,0.539,0.579,0.16,1.9,12.2,7.0,9.5,2.3,0.5,9.9,15.7,2.1,2.8,4.9,0.11,-1.3,1.4,0.1,1.1,0.0,2004
162,Jamaal Tinsley,26.5,2.9,7.1,0.414,1.5,4.0,0.372,1.5,3.1,0.466,0.518,0.9,1.3,0.731,0.5,2.1,2.6,5.8,1.6,0.3,2.1,2.5,8.3,0.0,0.0,1230.0,0.0,0.0,0.0,0.0,0.0,0.0,0.0,0.0,0.0,0.0,0.0,0.0,0.0,52.0,43.0,1378.0,153.0,370.0,0.414,77.0,207.0,0.372,76.0,163.0,0.466,0.518,49.0,67.0,0.731,28.0,108.0,136.0,303.0,84.0,17.0,110.0,132.0,432.0,0.0,16.4,0.541,0.559,0.181,2.4,9.4,5.8,37.7,3.3,0.9,21.6,17.5,1.9,2.5,4.4,0.154,1.7,1.8,3.5,1.9,0.0,2004
163,Derrick Coleman,24.8,3.1,7.6,0.413,0.2,1.1,0.222,2.9,6.6,0.444,0.429,1.4,1.9,0.754,1.3,4.3,5.6,1.4,0.7,0.8,1.7,2.3,8.0,0.0,0.0,1230.0,0.0,0.0,0.0,0.0,0.0,0.0,0.0,0.0,0.0,0.0,0.0,0.0,0.0,34.0,30.0,843.0,107.0,259.0,0.413,8.0,36.0,0.222,99.0,223.0,0.444,0.429,49.0,65.0,0.754,45.0,147.0,192.0,46.0,23.0,26.0,57.0,79.0,271.0,0.0,11.6,0.471,0.139,0.251,6.3,20.3,13.4,9.9,1.5,2.4,16.5,19.2,-0.4,1.2,0.8,0.047,-2.5,0.4,-2.1,0.0,0.0,2004
164,Samuel Dalembert,26.8,3.3,6.1,0.541,0.0,0.0,0.0,3.3,6.1,0.542,0.541,1.4,2.1,0.644,2.4,5.3,7.6,0.3,0.5,2.3,1.0,3.3,8.0,0.0,0.0,1230.0,0.0,0.0,0.0,0.0,0.0,0.0,0.0,0.0,0.0,0.0,0.0,0.0,0.0,82.0,53.0,2197.0,270.0,499.0,0.541,0.0,1.0,0.0,270.0,498.0,0.542,0.541,112.0,174.0,0.644,194.0,432.0,626.0,21.0,44.0,189.0,86.0,273.0,652.0,0.0,16.1,0.566,0.002,0.349,10.5,22.9,16.8,1.7,1.1,6.8,13.0,14.1,3.0,4.0,6.9,0.151,-1.3,1.7,0.3,1.3,0.0,2004
165,Antonio Daniels,21.3,2.6,5.6,0.47,0.6,1.6,0.362,2.0,4.0,0.514,0.523,2.2,2.6,0.842,0.3,1.7,2.0,4.2,0.6,0.1,0.9,0.9,8.0,0.0,0.0,1230.0,0.0,0.0,0.0,0.0,0.0,0.0,0.0,0.0,0.0,0.0,0.0,0.0,0.0,71.0,32.0,1512.0,187.0,398.0,0.47,42.0,116.0,0.362,145.0,282.0,0.514,0.523,155.0,184.0,0.842,23.0,119.0,142.0,298.0,45.0,6.0,61.0,64.0,571.0,0.0,19.7,0.596,0.291,0.462,1.8,9.2,5.5,31.9,1.6,0.3,11.3,16.5,5.8,0.0,5.8,0.184,3.9,-1.0,2.9,1.9,0.0,2004
166,Alonzo Mourning,17.9,2.8,5.9,0.465,0.0,0.0,0.0,2.8,5.9,0.465,0.465,2.5,2.8,0.882,0.7,1.6,2.3,0.7,0.2,0.5,0.8,2.7,8.0,0.0,0.0,1230.0,0.0,0.0,0.0,0.0,0.0,0.0,0.0,0.0,0.0,0.0,0.0,0.0,0.0,12.0,0.0,215.0,33.0,71.0,0.465,0.0,0.0,0.0,33.0,71.0,0.465,0.465,30.0,34.0,0.882,8.0,19.0,27.0,8.0,2.0,6.0,10.0,32.0,96.0,0.0,13.3,0.558,0.0,0.479,4.4,10.4,7.4,6.6,0.5,2.2,10.4,20.9,0.4,0.3,0.6,0.14,-1.6,0.1,-1.4,0.0,0.0,2004
167,Theo Ratliff,31.3,3.1,6.5,0.485,0.0,0.0,0.0,3.1,6.5,0.485,0.485,1.6,2.6,0.645,2.3,4.9,7.2,0.8,0.6,3.6,1.4,3.5,7.9,0.0,0.0,1230.0,0.0,0.0,0.0,0.0,0.0,0.0,0.0,0.0,0.0,0.0,0.0,0.0,0.0,85.0,83.0,2664.0,266.0,549.0,0.485,0.0,0.0,0.0,266.0,549.0,0.485,0.485,140.0,217.0,0.645,195.0,419.0,614.0,71.0,54.0,307.0,120.0,300.0,672.0,0.0,14.4,0.521,0.0,0.395,8.6,17.9,13.3,4.3,1.1,8.6,15.7,13.2,1.8,3.4,5.2,0.094,-2.0,2.3,0.3,1.5,0.0,2004
168,Shandon Anderson,24.7,3.0,7.1,0.422,0.5,1.6,0.281,2.5,5.5,0.463,0.454,1.5,2.0,0.764,0.7,2.1,2.8,1.5,0.9,0.2,1.5,2.3,7.9,0.0,0.0,1230.0,0.0,0.0,0.0,0.0,0.0,0.0,0.0,0.0,0.0,0.0,0.0,0.0,0.0,80.0,37.0,1974.0,238.0,564.0,0.422,36.0,128.0,0.281,202.0,436.0,0.463,0.454,123.0,161.0,0.764,53.0,169.0,222.0,122.0,68.0,17.0,118.0,182.0,635.0,0.0,10.1,0.5,0.227,0.285,3.1,9.7,6.5,10.2,1.8,0.7,15.7,17.7,0.2,1.5,1.7,0.042,-2.4,0.1,-2.4,-0.2,0.0,2004
169,Leandro Barbosa,21.4,3.0,6.7,0.447,1.2,3.0,0.395,1.8,3.7,0.488,0.535,0.7,0.9,0.77,0.3,1.4,1.8,2.4,1.3,0.1,1.7,2.6,7.9,0.0,0.0,1230.0,0.0,0.0,0.0,0.0,0.0,0.0,0.0,0.0,0.0,0.0,0.0,0.0,0.0,70.0,46.0,1500.0,210.0,470.0,0.447,83.0,210.0,0.395,127.0,260.0,0.488,0.535,47.0,61.0,0.77,23.0,100.0,123.0,165.0,93.0,7.0,120.0,184.0,550.0,0.0,12.7,0.553,0.447,0.13,1.7,7.6,4.7,18.0,3.2,0.3,19.5,18.6,0.9,1.0,1.9,0.061,-1.3,0.5,-0.8,0.5,0.0,2004
170,Walter McCarty,24.7,2.6,6.8,0.388,1.8,4.8,0.374,0.9,2.0,0.42,0.519,0.8,1.1,0.756,0.4,2.7,3.1,1.6,0.9,0.3,1.2,2.3,7.9,0.0,0.0,1230.0,0.0,0.0,0.0,0.0,0.0,0.0,0.0,0.0,0.0,0.0,0.0,0.0,0.0,77.0,23.0,1900.0,203.0,523.0,0.388,137.0,366.0,0.374,66.0,157.0,0.42,0.519,62.0,82.0,0.756,28.0,211.0,239.0,124.0,72.0,22.0,91.0,179.0,605.0,0.0,10.9,0.541,0.7,0.157,1.7,12.5,7.2,10.6,2.0,0.9,14.0,15.6,1.3,1.6,2.9,0.073,-0.4,0.0,-0.4,0.7,0.0,2004
171,Malik Rose,18.7,2.6,6.0,0.428,0.0,0.0,0.0,2.6,6.0,0.431,0.428,2.7,3.4,0.813,1.6,3.1,4.8,1.0,0.5,0.4,1.7,2.4,7.9,0.0,0.0,1230.0,0.0,0.0,0.0,0.0,0.0,0.0,0.0,0.0,0.0,0.0,0.0,0.0,0.0,67.0,13.0,1256.0,173.0,404.0,0.428,0.0,3.0,0.0,173.0,401.0,0.431,0.428,183.0,225.0,0.813,110.0,210.0,320.0,69.0,36.0,24.0,112.0,164.0,529.0,0.0,15.0,0.526,0.007,0.557,9.9,18.5,14.2,9.4,1.5,1.4,18.2,22.6,1.1,2.7,3.8,0.145,-2.1,1.1,-1.0,0.3,0.0,2004
172,Marcus Fizer,16.0,2.9,7.6,0.383,0.0,0.4,0.118,2.9,7.2,0.396,0.386,2.0,2.6,0.75,1.3,3.1,4.4,0.9,0.3,0.2,1.1,2.1,7.8,0.0,0.0,1230.0,0.0,0.0,0.0,0.0,0.0,0.0,0.0,0.0,0.0,0.0,0.0,0.0,0.0,46.0,2.0,738.0,134.0,350.0,0.383,2.0,17.0,0.118,132.0,333.0,0.396,0.386,90.0,120.0,0.75,61.0,141.0,202.0,43.0,16.0,8.0,51.0,97.0,360.0,0.0,13.4,0.447,0.049,0.343,8.8,21.5,15.0,11.1,1.1,0.8,11.2,27.5,-0.3,0.8,0.5,0.033,-2.7,-1.7,-4.5,-0.5,0.0,2004
173,Raef LaFrentz,19.3,3.4,7.3,0.46,0.5,2.4,0.2,2.9,4.9,0.583,0.492,0.6,0.8,0.769,1.8,2.9,4.6,1.4,0.5,0.8,0.6,2.8,7.8,0.0,0.0,1230.0,0.0,0.0,0.0,0.0,0.0,0.0,0.0,0.0,0.0,0.0,0.0,0.0,0.0,17.0,1.0,328.0,57.0,124.0,0.46,8.0,40.0,0.2,49.0,84.0,0.583,0.492,10.0,13.0,0.769,30.0,49.0,79.0,24.0,8.0,13.0,11.0,47.0,132.0,0.0,16.8,0.509,0.323,0.105,10.7,16.8,13.8,13.4,1.3,3.1,7.8,19.5,0.6,0.3,0.9,0.137,0.7,-0.2,0.5,0.2,0.0,2004
174,Rodney Rogers,20.4,3.0,7.3,0.41,0.7,2.2,0.329,2.3,5.1,0.445,0.459,1.1,1.4,0.765,1.4,3.0,4.4,2.0,0.9,0.4,1.4,2.7,7.8,0.0,0.0,1230.0,0.0,0.0,0.0,0.0,0.0,0.0,0.0,0.0,0.0,0.0,0.0,0.0,0.0,69.0,15.0,1409.0,207.0,505.0,0.41,50.0,152.0,0.329,157.0,353.0,0.445,0.459,75.0,98.0,0.765,100.0,207.0,307.0,137.0,59.0,27.0,98.0,183.0,539.0,0.0,14.2,0.492,0.301,0.194,8.4,17.3,12.9,17.2,2.2,1.5,15.2,21.5,0.5,2.6,3.1,0.104,-1.0,0.7,-0.3,0.6,0.0,2004
175,Bobby Simmons,24.6,2.6,6.7,0.394,0.0,0.2,0.167,2.6,6.4,0.402,0.397,2.5,3.0,0.834,2.1,2.6,4.7,1.7,0.9,0.3,1.3,3.0,7.8,0.0,0.0,1230.0,0.0,0.0,0.0,0.0,0.0,0.0,0.0,0.0,0.0,0.0,0.0,0.0,0.0,56.0,8.0,1376.0,147.0,373.0,0.394,2.0,12.0,0.167,145.0,361.0,0.402,0.397,141.0,169.0,0.834,115.0,147.0,262.0,96.0,51.0,17.0,73.0,169.0,437.0,0.0,12.6,0.488,0.032,0.453,9.4,12.3,10.8,11.5,2.0,0.9,14.0,16.8,1.6,0.4,2.0,0.07,-0.9,-0.7,-1.6,0.1,0.0,2004
176,Calbert Cheaney,26.2,3.5,7.3,0.481,0.0,0.1,0.0,3.5,7.2,0.489,0.481,0.6,1.0,0.61,1.0,2.3,3.3,1.7,0.8,0.2,1.1,2.3,7.6,0.0,0.0,1230.0,0.0,0.0,0.0,0.0,0.0,0.0,0.0,0.0,0.0,0.0,0.0,0.0,0.0,79.0,7.0,2067.0,278.0,578.0,0.481,0.0,10.0,0.0,278.0,568.0,0.489,0.481,47.0,77.0,0.61,77.0,183.0,260.0,136.0,60.0,12.0,85.0,184.0,603.0,0.0,10.6,0.493,0.017,0.133,4.2,10.0,7.1,11.2,1.6,0.4,12.2,15.5,1.0,1.3,2.3,0.054,-2.4,0.1,-2.3,-0.1,0.0,2004
177,Bob Sura,20.8,2.5,6.1,0.416,0.3,1.0,0.266,2.3,5.1,0.446,0.438,2.1,2.8,0.757,1.3,2.8,4.1,2.9,0.8,0.2,1.3,2.0,7.5,0.0,0.0,1230.0,0.0,0.0,0.0,0.0,0.0,0.0,0.0,0.0,0.0,0.0,0.0,0.0,0.0,80.0,18.0,1663.0,202.0,485.0,0.416,21.0,79.0,0.266,181.0,406.0,0.446,0.438,171.0,226.0,0.757,100.0,226.0,326.0,233.0,62.0,14.0,105.0,158.0,596.0,2.0,16.2,0.51,0.163,0.466,6.9,15.3,11.2,24.1,2.0,0.6,15.2,19.0,2.6,2.0,4.6,0.133,0.6,0.5,1.1,1.3,0.0,2004
178,Troy Hudson,17.3,2.8,7.1,0.386,1.1,2.7,0.403,1.7,4.5,0.377,0.461,0.9,1.1,0.818,0.1,1.1,1.2,2.4,0.2,0.0,1.2,1.1,7.5,0.0,0.0,1230.0,0.0,0.0,0.0,0.0,0.0,0.0,0.0,0.0,0.0,0.0,0.0,0.0,0.0,29.0,1.0,503.0,80.0,207.0,0.386,31.0,77.0,0.403,49.0,130.0,0.377,0.461,27.0,33.0,0.818,4.0,31.0,35.0,70.0,7.0,0.0,34.0,32.0,218.0,0.0,12.5,0.492,0.372,0.159,1.0,6.7,4.0,22.9,0.8,0.0,13.3,23.9,0.3,0.3,0.6,0.058,0.1,-2.1,-2.0,0.0,0.0,2004
179,Rodney White,13.7,3.0,6.5,0.459,0.5,1.2,0.379,2.5,5.3,0.478,0.495,1.1,1.4,0.75,0.6,1.7,2.3,0.8,0.4,0.3,1.1,1.5,7.5,0.0,0.0,1230.0,0.0,0.0,0.0,0.0,0.0,0.0,0.0,0.0,0.0,0.0,0.0,0.0,0.0,72.0,0.0,985.0,215.0,468.0,0.459,33.0,87.0,0.379,182.0,381.0,0.478,0.495,78.0,104.0,0.75,44.0,121.0,165.0,60.0,32.0,20.0,78.0,105.0,541.0,0.0,16.4,0.527,0.186,0.222,5.0,14.1,9.5,11.3,1.7,1.4,13.2,26.4,0.8,0.9,1.8,0.087,0.6,-0.9,-0.3,0.4,0.0,2004
180,Nazr Mohammed,20.1,3.1,5.9,0.521,0.0,0.0,0.0,3.1,5.9,0.521,0.521,1.3,2.1,0.592,2.2,3.7,5.9,0.5,0.7,0.7,1.2,2.4,7.4,0.0,0.0,1230.0,0.0,0.0,0.0,0.0,0.0,0.0,0.0,0.0,0.0,0.0,0.0,0.0,0.0,80.0,24.0,1611.0,246.0,472.0,0.521,0.0,0.0,0.0,246.0,472.0,0.521,0.521,100.0,169.0,0.592,178.0,296.0,474.0,36.0,55.0,52.0,96.0,195.0,592.0,0.0,16.1,0.542,0.0,0.358,12.8,20.7,16.8,4.0,1.8,2.4,14.9,18.3,1.8,1.9,3.7,0.11,-0.5,-0.9,-1.4,0.3,0.0,2004
181,Devean George,23.8,2.8,7.0,0.408,0.8,2.3,0.349,2.0,4.7,0.436,0.465,0.9,1.2,0.76,1.1,3.0,4.0,1.4,1.0,0.5,1.1,2.3,7.4,0.0,0.0,1230.0,0.0,0.0,0.0,0.0,0.0,0.0,0.0,0.0,0.0,0.0,0.0,0.0,0.0,82.0,48.0,1951.0,233.0,571.0,0.408,65.0,186.0,0.349,168.0,385.0,0.436,0.465,73.0,96.0,0.76,87.0,245.0,332.0,112.0,81.0,38.0,88.0,189.0,604.0,0.0,11.5,0.492,0.326,0.168,5.0,14.4,9.6,8.9,2.2,1.4,12.5,16.1,0.8,2.5,3.4,0.083,-1.2,0.7,-0.4,0.8,0.0,2004
182,Udonis Haslem,23.9,2.7,6.0,0.459,0.0,0.0,0.0,2.7,5.9,0.462,0.459,1.9,2.4,0.765,2.5,3.8,6.3,0.7,0.4,0.3,1.0,2.6,7.3,0.0,0.0,1230.0,0.0,0.0,0.0,0.0,0.0,0.0,0.0,0.0,0.0,0.0,0.0,0.0,0.0,75.0,24.0,1795.0,205.0,447.0,0.459,0.0,3.0,0.0,205.0,444.0,0.462,0.459,140.0,183.0,0.765,189.0,284.0,473.0,51.0,33.0,24.0,74.0,197.0,550.0,0.0,13.7,0.521,0.007,0.409,12.1,18.7,15.4,4.9,1.0,1.1,12.3,15.8,2.7,2.1,4.8,0.128,-1.1,-0.9,-2.0,0.0,0.0,2004
183,Derek Fisher,21.6,2.5,7.0,0.352,0.6,2.2,0.291,1.8,4.8,0.38,0.398,1.5,1.9,0.797,0.4,1.5,1.9,2.3,1.3,0.0,1.0,1.4,7.1,0.0,0.0,1230.0,0.0,0.0,0.0,0.0,0.0,0.0,0.0,0.0,0.0,0.0,0.0,0.0,0.0,82.0,3.0,1769.0,203.0,576.0,0.352,52.0,179.0,0.291,151.0,397.0,0.38,0.398,122.0,153.0,0.797,30.0,122.0,152.0,187.0,103.0,4.0,79.0,115.0,580.0,0.0,11.5,0.451,0.311,0.266,1.9,7.9,4.9,16.3,3.0,0.2,10.9,18.3,0.4,2.0,2.4,0.066,-2.0,1.1,-0.8,0.5,0.0,2004
184,T.J. Ford,26.8,2.8,7.2,0.384,0.1,0.4,0.238,2.7,6.9,0.393,0.391,1.5,1.8,0.816,0.7,2.5,3.2,6.5,1.1,0.1,2.5,2.2,7.1,0.0,0.0,1230.0,0.0,0.0,0.0,0.0,0.0,0.0,0.0,0.0,0.0,0.0,0.0,0.0,0.0,55.0,55.0,1472.0,153.0,398.0,0.384,5.0,21.0,0.238,148.0,377.0,0.393,0.391,80.0,98.0,0.816,37.0,140.0,177.0,356.0,60.0,3.0,139.0,123.0,391.0,0.0,12.1,0.443,0.053,0.246,2.9,10.8,6.8,37.4,2.1,0.1,24.0,17.9,-0.2,0.9,0.7,0.022,-1.7,-0.6,-2.4,-0.1,0.0,2004
185,Vitaly Potapenko,21.8,3.1,6.3,0.489,0.0,0.0,0.0,3.1,6.3,0.489,0.489,0.9,1.4,0.641,1.6,2.9,4.4,0.8,0.3,0.4,1.2,2.5,7.1,0.0,0.0,1230.0,0.0,0.0,0.0,0.0,0.0,0.0,0.0,0.0,0.0,0.0,0.0,0.0,0.0,65.0,39.0,1419.0,200.0,409.0,0.489,0.0,0.0,0.0,200.0,409.0,0.489,0.489,59.0,92.0,0.641,101.0,188.0,289.0,53.0,22.0,28.0,77.0,161.0,459.0,0.0,11.2,0.511,0.0,0.225,8.4,15.5,12.0,6.2,0.8,1.5,14.6,17.2,0.8,0.3,1.1,0.037,-2.4,-1.9,-4.3,-0.8,0.0,2004
186,Jonathan Bender,12.9,2.4,5.0,0.472,0.4,1.0,0.409,2.0,4.0,0.488,0.514,1.9,2.2,0.83,0.4,1.5,1.9,0.4,0.2,0.5,1.6,1.1,7.0,0.0,0.0,1230.0,0.0,0.0,0.0,0.0,0.0,0.0,0.0,0.0,0.0,0.0,0.0,0.0,0.0,21.0,0.0,271.0,50.0,106.0,0.472,9.0,22.0,0.409,41.0,84.0,0.488,0.514,39.0,47.0,0.83,9.0,31.0,40.0,9.0,5.0,11.0,33.0,23.0,148.0,0.0,15.7,0.584,0.208,0.443,3.9,13.7,8.7,6.5,1.0,3.1,20.7,27.8,0.1,0.4,0.5,0.087,-0.8,-0.7,-1.5,0.0,0.0,2004
187,Brendan Haywood,19.3,2.6,5.0,0.515,0.0,0.0,0.0,2.6,5.0,0.517,0.515,1.8,3.0,0.585,2.4,2.6,5.0,0.6,0.4,1.3,1.0,2.0,7.0,0.0,0.0,1230.0,0.0,0.0,0.0,0.0,0.0,0.0,0.0,0.0,0.0,0.0,0.0,0.0,0.0,77.0,59.0,1484.0,200.0,388.0,0.515,0.0,1.0,0.0,200.0,387.0,0.517,0.515,137.0,234.0,0.585,186.0,201.0,387.0,43.0,32.0,100.0,80.0,154.0,537.0,0.0,17.2,0.547,0.003,0.603,13.7,15.6,14.6,5.2,1.1,4.9,14.0,17.0,2.4,1.4,3.8,0.123,-0.2,-0.5,-0.7,0.5,0.0,2004
188,Damon Jones,24.6,2.6,6.4,0.401,1.2,3.3,0.359,1.4,3.1,0.446,0.494,0.7,0.9,0.764,0.2,1.9,2.1,5.8,0.4,0.0,1.3,1.1,7.0,0.0,0.0,1230.0,0.0,0.0,0.0,0.0,0.0,0.0,0.0,0.0,0.0,0.0,0.0,0.0,0.0,82.0,26.0,2016.0,210.0,524.0,0.401,98.0,273.0,0.359,112.0,251.0,0.446,0.494,55.0,72.0,0.764,15.0,155.0,170.0,478.0,30.0,4.0,103.0,92.0,573.0,0.0,14.2,0.516,0.521,0.137,0.8,8.7,4.8,36.7,0.8,0.1,15.6,14.8,3.6,0.3,3.9,0.093,2.0,-1.9,0.0,1.0,0.0,2004
189,Raül López,19.7,2.7,6.3,0.431,0.3,1.0,0.294,2.4,5.3,0.458,0.456,1.2,1.4,0.863,0.3,1.6,1.9,3.7,0.8,0.0,2.1,2.4,7.0,0.0,0.0,1230.0,0.0,0.0,0.0,0.0,0.0,0.0,0.0,0.0,0.0,0.0,0.0,0.0,0.0,82.0,11.0,1617.0,223.0,517.0,0.431,25.0,85.0,0.294,198.0,432.0,0.458,0.456,101.0,117.0,0.863,24.0,131.0,155.0,305.0,62.0,2.0,174.0,200.0,572.0,0.0,12.0,0.503,0.164,0.226,1.8,10.2,5.9,34.8,2.1,0.1,23.4,21.4,0.1,1.2,1.4,0.041,-1.7,-1.0,-2.8,-0.3,0.0,2004
190,Antonio McDyess,22.1,3.0,6.4,0.47,0.0,0.0,0.0,3.0,6.4,0.47,0.47,0.9,1.6,0.551,1.7,4.5,6.1,0.9,0.9,0.6,1.4,2.8,6.9,0.0,0.0,1230.0,0.0,0.0,0.0,0.0,0.0,0.0,0.0,0.0,0.0,0.0,0.0,0.0,0.0,42.0,20.0,927.0,126.0,268.0,0.47,0.0,0.0,0.0,126.0,268.0,0.47,0.47,38.0,69.0,0.551,70.0,187.0,257.0,36.0,37.0,24.0,57.0,117.0,290.0,0.0,12.6,0.486,0.0,0.257,8.7,23.0,15.9,6.5,2.1,1.9,16.0,17.6,0.0,1.2,1.2,0.061,-2.5,0.3,-2.2,-0.1,0.0,2004
191,Howard Eisley,21.7,2.5,6.7,0.368,0.8,2.4,0.319,1.7,4.3,0.396,0.426,1.1,1.3,0.854,0.3,1.6,1.9,4.1,0.8,0.1,1.5,2.0,6.9,0.0,0.0,1230.0,0.0,0.0,0.0,0.0,0.0,0.0,0.0,0.0,0.0,0.0,0.0,0.0,0.0,67.0,23.0,1457.0,166.0,451.0,0.368,52.0,163.0,0.319,114.0,288.0,0.396,0.426,76.0,89.0,0.854,20.0,109.0,129.0,273.0,56.0,5.0,98.0,137.0,460.0,0.0,12.4,0.469,0.361,0.197,1.6,8.5,5.1,30.1,2.0,0.3,16.7,18.5,0.9,0.8,1.7,0.055,-0.9,-0.7,-1.5,0.2,0.0,2004
192,Bruce Bowen,32.0,2.6,6.1,0.42,0.9,2.6,0.363,1.6,3.5,0.462,0.497,0.8,1.4,0.579,0.5,2.5,3.1,1.4,1.0,0.4,1.1,2.0,6.9,0.0,0.0,1230.0,0.0,0.0,0.0,0.0,0.0,0.0,0.0,0.0,0.0,0.0,0.0,0.0,0.0,82.0,82.0,2624.0,211.0,502.0,0.42,77.0,212.0,0.363,134.0,290.0,0.462,0.497,66.0,114.0,0.579,45.0,208.0,253.0,113.0,84.0,33.0,90.0,166.0,565.0,0.0,8.2,0.512,0.422,0.227,1.9,8.8,5.4,6.7,1.7,0.9,14.0,11.3,0.8,4.6,5.4,0.098,-2.6,2.2,-0.5,1.0,0.0,2004
193,Willie Green,14.5,2.7,6.7,0.401,0.4,1.2,0.311,2.3,5.6,0.419,0.427,1.1,1.5,0.728,0.3,0.9,1.2,1.0,0.5,0.1,1.1,1.6,6.9,0.0,0.0,1230.0,0.0,0.0,0.0,0.0,0.0,0.0,0.0,0.0,0.0,0.0,0.0,0.0,0.0,53.0,0.0,767.0,143.0,357.0,0.401,19.0,61.0,0.311,124.0,296.0,0.419,0.427,59.0,81.0,0.728,16.0,49.0,65.0,53.0,26.0,5.0,59.0,83.0,364.0,0.0,10.8,0.464,0.171,0.227,2.5,7.5,5.0,14.1,1.8,0.5,13.1,27.7,-0.7,0.6,0.0,-0.003,-2.6,-1.2,-3.8,-0.3,0.0,2004
194,Lucious Harris,21.8,2.7,6.7,0.404,0.6,1.5,0.376,2.2,5.2,0.412,0.445,1.0,1.1,0.846,0.6,1.5,2.0,2.0,0.6,0.0,0.8,1.1,6.9,0.0,0.0,1230.0,0.0,0.0,0.0,0.0,0.0,0.0,0.0,0.0,0.0,0.0,0.0,0.0,0.0,69.0,15.0,1504.0,187.0,463.0,0.404,38.0,101.0,0.376,149.0,362.0,0.412,0.445,66.0,78.0,0.846,39.0,101.0,140.0,135.0,41.0,2.0,53.0,74.0,478.0,0.0,11.1,0.481,0.218,0.168,3.1,7.9,5.5,15.2,1.5,0.1,9.6,17.2,0.9,1.7,2.5,0.081,-1.7,-0.5,-2.2,-0.1,0.0,2004
195,Ruben Patterson,22.6,2.7,5.4,0.506,0.0,0.2,0.167,2.7,5.2,0.517,0.509,1.4,2.6,0.553,1.8,1.9,3.7,1.9,1.2,0.3,1.4,2.1,6.9,0.0,0.0,1230.0,0.0,0.0,0.0,0.0,0.0,0.0,0.0,0.0,0.0,0.0,0.0,0.0,0.0,73.0,1.0,1651.0,200.0,395.0,0.506,2.0,12.0,0.167,198.0,383.0,0.517,0.509,105.0,190.0,0.553,129.0,139.0,268.0,139.0,84.0,21.0,105.0,152.0,507.0,0.0,14.6,0.53,0.03,0.481,9.4,9.9,9.6,13.9,2.8,1.0,18.0,16.7,1.7,1.3,3.0,0.087,-0.4,0.7,0.4,1.0,0.0,2004
196,Keith Bogans,24.5,2.5,6.2,0.403,0.9,2.6,0.358,1.6,3.7,0.434,0.477,0.9,1.4,0.631,1.5,2.9,4.3,1.3,0.6,0.1,1.0,1.8,6.8,0.0,0.0,1230.0,0.0,0.0,0.0,0.0,0.0,0.0,0.0,0.0,0.0,0.0,0.0,0.0,0.0,73.0,36.0,1787.0,183.0,454.0,0.403,67.0,187.0,0.358,116.0,267.0,0.434,0.477,65.0,103.0,0.631,106.0,211.0,317.0,98.0,46.0,10.0,75.0,128.0,498.0,0.0,11.0,0.499,0.412,0.227,6.6,13.7,10.1,8.7,1.4,0.4,13.1,14.5,1.3,0.0,1.3,0.034,-0.5,-2.0,-2.4,-0.2,0.0,2004
197,Rasual Butler,15.0,2.6,5.6,0.476,1.1,2.4,0.463,1.5,3.2,0.486,0.576,0.4,0.5,0.762,0.1,1.3,1.4,0.5,0.2,0.3,0.6,1.6,6.8,0.0,0.0,1230.0,0.0,0.0,0.0,0.0,0.0,0.0,0.0,0.0,0.0,0.0,0.0,0.0,0.0,45.0,0.0,675.0,119.0,250.0,0.476,50.0,108.0,0.463,69.0,142.0,0.486,0.576,16.0,21.0,0.762,4.0,57.0,61.0,23.0,10.0,13.0,28.0,72.0,304.0,0.0,14.0,0.586,0.432,0.084,0.7,10.0,5.3,6.6,0.8,1.5,9.7,20.0,1.0,0.5,1.6,0.113,0.8,-0.7,0.1,0.4,0.0,2004
198,Eddie House,19.8,2.7,7.5,0.359,0.9,2.3,0.375,1.8,5.2,0.351,0.415,0.6,0.8,0.8,0.5,1.8,2.3,2.5,1.1,0.1,1.1,1.5,6.8,0.0,0.0,1230.0,0.0,0.0,0.0,0.0,0.0,0.0,0.0,0.0,0.0,0.0,0.0,0.0,0.0,60.0,10.0,1188.0,161.0,449.0,0.359,51.0,136.0,0.375,110.0,313.0,0.351,0.415,36.0,45.0,0.8,28.0,110.0,138.0,148.0,65.0,4.0,63.0,92.0,409.0,0.0,12.0,0.436,0.303,0.1,2.7,10.6,6.6,21.6,2.9,0.2,11.8,19.8,0.2,0.5,0.7,0.027,-1.0,-0.3,-1.3,0.2,0.0,2004
199,Greg Ostertag,27.6,2.7,5.6,0.476,0.0,0.0,0.0,2.7,5.6,0.477,0.476,1.4,2.5,0.579,2.8,4.6,7.4,1.6,0.4,1.8,1.3,2.9,6.8,0.0,0.0,1230.0,0.0,0.0,0.0,0.0,0.0,0.0,0.0,0.0,0.0,0.0,0.0,0.0,0.0,78.0,51.0,2153.0,208.0,437.0,0.476,0.0,1.0,0.0,208.0,436.0,0.477,0.476,113.0,195.0,0.579,221.0,357.0,578.0,123.0,30.0,139.0,99.0,228.0,529.0,0.0,14.3,0.506,0.002,0.446,12.6,20.9,16.7,9.8,0.8,5.5,15.9,13.4,2.3,2.7,5.0,0.111,-0.5,0.9,0.5,1.4,0.0,2004
200,Jannero Pargo,15.5,2.6,6.4,0.407,0.7,2.0,0.355,1.9,4.4,0.431,0.462,0.7,0.9,0.852,0.3,0.9,1.2,2.3,0.4,0.2,1.5,1.6,6.7,0.0,0.0,1230.0,0.0,0.0,0.0,0.0,0.0,0.0,0.0,0.0,0.0,0.0,0.0,0.0,0.0,31.0,1.0,479.0,81.0,199.0,0.407,22.0,62.0,0.355,59.0,137.0,0.431,0.462,23.0,27.0,0.852,8.0,29.0,37.0,70.0,13.0,6.0,47.0,50.0,207.0,0.0,11.5,0.491,0.312,0.136,1.8,6.9,4.3,27.2,1.4,0.9,18.2,24.3,-0.2,0.3,0.1,0.006,-1.7,-1.7,-3.4,-0.2,0.0,2004
201,Fred Hoiberg,22.8,2.3,4.8,0.465,1.0,2.2,0.442,1.3,2.7,0.483,0.564,1.2,1.5,0.845,0.3,3.1,3.4,1.4,0.8,0.1,0.6,1.7,6.7,0.0,0.0,1230.0,0.0,0.0,0.0,0.0,0.0,0.0,0.0,0.0,0.0,0.0,0.0,0.0,0.0,79.0,3.0,1804.0,178.0,383.0,0.465,76.0,172.0,0.442,102.0,211.0,0.483,0.564,98.0,116.0,0.845,21.0,247.0,268.0,109.0,66.0,10.0,44.0,136.0,530.0,0.0,13.6,0.611,0.449,0.303,1.4,14.8,8.5,9.0,2.0,0.4,9.2,12.5,3.6,2.6,6.1,0.163,0.2,1.9,2.0,1.8,0.0,2004
202,Eddie Robinson,20.1,3.1,6.4,0.482,0.0,0.1,0.2,3.1,6.3,0.486,0.483,0.5,0.8,0.651,0.5,1.5,2.0,1.1,0.6,0.2,0.9,1.1,6.7,0.0,0.0,1230.0,0.0,0.0,0.0,0.0,0.0,0.0,0.0,0.0,0.0,0.0,0.0,0.0,0.0,51.0,4.0,1024.0,157.0,326.0,0.482,1.0,5.0,0.2,156.0,321.0,0.486,0.483,28.0,43.0,0.651,27.0,77.0,104.0,58.0,33.0,10.0,45.0,57.0,343.0,0.0,11.0,0.497,0.015,0.132,2.8,8.4,5.5,10.3,1.7,0.7,11.5,17.0,0.2,0.6,0.8,0.039,-2.2,-0.3,-2.5,-0.1,0.0,2004
203,Jake Voskuhl,24.3,2.3,4.5,0.507,0.0,0.0,0.0,2.3,4.5,0.507,0.507,2.0,2.7,0.74,1.9,3.3,5.2,0.9,0.6,0.4,1.2,3.9,6.6,0.0,0.0,1230.0,0.0,0.0,0.0,0.0,0.0,0.0,0.0,0.0,0.0,0.0,0.0,0.0,0.0,66.0,43.0,1606.0,152.0,300.0,0.507,0.0,0.0,0.0,152.0,300.0,0.507,0.507,134.0,181.0,0.74,123.0,220.0,343.0,57.0,42.0,25.0,77.0,258.0,438.0,0.0,11.2,0.577,0.0,0.603,8.7,15.7,12.2,5.4,1.4,1.2,16.9,12.8,2.3,1.0,3.3,0.097,-2.7,-0.3,-2.9,-0.4,0.0,2004
204,Michael Olowokandi,21.5,2.8,6.6,0.425,0.0,0.0,0.0,2.8,6.6,0.425,0.425,0.8,1.4,0.59,1.8,3.9,5.7,0.6,0.4,1.6,1.3,3.2,6.5,0.0,0.0,1230.0,0.0,0.0,0.0,0.0,0.0,0.0,0.0,0.0,0.0,0.0,0.0,0.0,0.0,43.0,25.0,925.0,121.0,285.0,0.425,0.0,0.0,0.0,121.0,285.0,0.425,0.425,36.0,61.0,0.59,78.0,167.0,245.0,24.0,16.0,68.0,54.0,137.0,278.0,0.0,11.2,0.446,0.0,0.214,10.2,19.6,15.1,4.1,0.9,5.3,14.8,18.6,-0.5,1.7,1.2,0.061,-4.6,1.0,-3.5,-0.4,0.0,2004
205,Dajuan Wagner,16.1,2.5,7.0,0.366,0.7,2.0,0.36,1.8,5.0,0.368,0.417,0.7,1.1,0.681,0.2,1.1,1.3,1.2,0.6,0.2,0.9,2.0,6.5,0.0,0.0,1230.0,0.0,0.0,0.0,0.0,0.0,0.0,0.0,0.0,0.0,0.0,0.0,0.0,0.0,44.0,4.0,708.0,112.0,306.0,0.366,31.0,86.0,0.36,81.0,220.0,0.368,0.417,32.0,47.0,0.681,9.0,49.0,58.0,51.0,26.0,7.0,41.0,89.0,287.0,0.0,8.6,0.439,0.281,0.154,1.4,7.7,4.5,12.5,1.9,0.7,11.2,23.3,-0.5,0.4,-0.1,-0.008,-3.6,-1.2,-4.9,-0.5,0.0,2004
206,Kareem Rush,17.3,2.6,6.0,0.44,0.7,1.9,0.348,2.0,4.1,0.483,0.495,0.4,0.7,0.596,0.3,1.1,1.3,0.8,0.5,0.3,0.7,1.5,6.4,0.0,0.0,1230.0,0.0,0.0,0.0,0.0,0.0,0.0,0.0,0.0,0.0,0.0,0.0,0.0,0.0,72.0,15.0,1244.0,190.0,432.0,0.44,48.0,138.0,0.348,142.0,294.0,0.483,0.495,31.0,52.0,0.596,20.0,77.0,97.0,59.0,33.0,20.0,48.0,109.0,459.0,0.0,10.4,0.505,0.319,0.12,1.8,7.1,4.4,7.8,1.4,1.2,9.5,18.2,0.5,1.0,1.5,0.056,-1.7,-0.5,-2.2,0.0,0.0,2004
207,Chris Mihm,17.5,2.4,5.0,0.488,0.0,0.0,0.0,2.4,5.0,0.488,0.488,1.4,2.2,0.663,2.1,3.4,5.4,0.3,0.5,0.8,1.2,2.7,6.3,0.0,0.0,1230.0,0.0,0.0,0.0,0.0,0.0,0.0,0.0,0.0,0.0,0.0,0.0,0.0,0.0,76.0,17.0,1330.0,186.0,381.0,0.488,0.0,0.0,0.0,186.0,381.0,0.488,0.488,110.0,166.0,0.663,156.0,257.0,413.0,21.0,37.0,63.0,90.0,208.0,482.0,0.0,14.6,0.531,0.0,0.436,13.5,21.6,17.6,2.7,1.4,3.6,16.5,18.5,1.1,1.8,2.9,0.104,-2.4,-0.6,-3.0,-0.3,0.0,2004
208,Rod Strickland,19.6,2.5,5.8,0.425,0.2,0.6,0.278,2.3,5.2,0.442,0.439,1.2,1.6,0.735,0.6,2.0,2.5,4.0,0.6,0.2,1.4,1.2,6.3,0.0,0.0,1230.0,0.0,0.0,0.0,0.0,0.0,0.0,0.0,0.0,0.0,0.0,0.0,0.0,0.0,61.0,10.0,1197.0,150.0,353.0,0.425,10.0,36.0,0.278,140.0,317.0,0.442,0.439,72.0,98.0,0.735,34.0,121.0,155.0,244.0,35.0,11.0,85.0,76.0,382.0,0.0,14.9,0.482,0.102,0.278,3.2,11.7,7.4,34.5,1.6,0.7,17.7,18.5,1.0,0.3,1.3,0.052,-0.2,-1.7,-1.9,0.0,0.0,2004
209,Predrag Drobnjak,15.6,2.4,6.2,0.393,0.2,0.6,0.306,2.3,5.6,0.402,0.408,1.2,1.4,0.849,0.9,2.3,3.2,0.6,0.4,0.4,0.8,1.4,6.3,0.0,0.0,1230.0,0.0,0.0,0.0,0.0,0.0,0.0,0.0,0.0,0.0,0.0,0.0,0.0,0.0,61.0,14.0,949.0,149.0,379.0,0.393,11.0,36.0,0.306,138.0,343.0,0.402,0.408,73.0,86.0,0.849,54.0,142.0,196.0,39.0,22.0,24.0,48.0,85.0,382.0,0.0,12.6,0.458,0.095,0.227,6.4,17.2,11.8,7.4,1.2,1.8,10.3,21.7,0.3,0.4,0.7,0.034,-1.3,-1.8,-3.1,-0.3,0.0,2004
210,Aaron Williams,18.6,2.4,4.8,0.503,0.0,0.0,0.333,2.4,4.7,0.504,0.504,1.5,2.2,0.677,1.4,2.7,4.1,1.1,0.5,0.6,1.2,2.6,6.3,0.0,0.0,1230.0,0.0,0.0,0.0,0.0,0.0,0.0,0.0,0.0,0.0,0.0,0.0,0.0,0.0,72.0,7.0,1337.0,172.0,342.0,0.503,1.0,3.0,0.333,171.0,339.0,0.504,0.504,105.0,155.0,0.677,101.0,193.0,294.0,81.0,34.0,46.0,89.0,187.0,450.0,0.0,13.2,0.549,0.009,0.453,8.9,17.0,13.0,10.4,1.4,2.7,17.8,17.5,1.1,2.3,3.4,0.122,-2.4,0.8,-1.6,0.1,0.0,2004
211,Jerome Williams,24.1,2.3,4.9,0.47,0.0,0.1,0.0,2.3,4.8,0.482,0.47,1.6,2.3,0.684,2.6,4.4,7.0,1.1,1.3,0.1,1.1,2.0,6.2,0.0,0.0,1230.0,0.0,0.0,0.0,0.0,0.0,0.0,0.0,0.0,0.0,0.0,0.0,0.0,0.0,68.0,44.0,1637.0,158.0,336.0,0.47,0.0,8.0,0.0,158.0,328.0,0.482,0.47,106.0,155.0,0.684,177.0,298.0,475.0,72.0,90.0,8.0,74.0,134.0,422.0,0.0,14.7,0.522,0.024,0.461,11.7,20.6,16.1,7.3,2.9,0.4,15.5,13.3,1.8,2.5,4.3,0.127,-0.8,1.2,0.4,1.0,0.0,2004
212,Jon Barry,19.3,2.1,5.2,0.404,0.9,2.4,0.37,1.2,2.8,0.434,0.49,1.1,1.2,0.845,0.4,1.7,2.2,2.6,1.0,0.1,0.9,1.2,6.2,0.0,0.0,1230.0,0.0,0.0,0.0,0.0,0.0,0.0,0.0,0.0,0.0,0.0,0.0,0.0,0.0,57.0,9.0,1101.0,120.0,297.0,0.404,51.0,138.0,0.37,69.0,159.0,0.434,0.49,60.0,71.0,0.845,25.0,98.0,123.0,147.0,57.0,8.0,53.0,66.0,351.0,0.0,14.6,0.535,0.465,0.239,2.5,10.2,6.3,20.6,2.7,0.5,13.9,15.2,1.7,1.1,2.8,0.122,0.8,1.2,2.0,1.1,0.0,2004
213,Keyon Dooling,19.6,2.4,6.1,0.389,0.1,0.8,0.174,2.2,5.3,0.422,0.401,1.3,1.6,0.83,0.3,1.1,1.4,2.2,0.8,0.1,1.1,1.9,6.2,0.0,0.0,1230.0,0.0,0.0,0.0,0.0,0.0,0.0,0.0,0.0,0.0,0.0,0.0,0.0,0.0,58.0,24.0,1137.0,137.0,352.0,0.389,8.0,46.0,0.174,129.0,306.0,0.422,0.401,78.0,94.0,0.83,17.0,62.0,79.0,130.0,45.0,6.0,65.0,108.0,360.0,0.0,10.0,0.458,0.131,0.267,1.7,6.3,4.0,19.4,2.1,0.4,14.2,17.9,0.2,0.1,0.3,0.013,-2.8,-1.1,-3.9,-0.6,0.0,2004
214,Ronald Dupree,19.0,2.4,6.0,0.394,0.1,0.2,0.444,2.3,5.8,0.392,0.401,1.4,2.2,0.629,1.2,2.4,3.6,1.2,0.7,0.4,1.1,2.9,6.2,0.0,0.0,1230.0,0.0,0.0,0.0,0.0,0.0,0.0,0.0,0.0,0.0,0.0,0.0,0.0,0.0,47.0,8.0,893.0,111.0,282.0,0.394,4.0,9.0,0.444,107.0,273.0,0.392,0.401,66.0,105.0,0.629,55.0,112.0,167.0,55.0,32.0,18.0,51.0,134.0,292.0,0.0,9.7,0.445,0.032,0.372,6.5,14.1,10.2,10.6,1.9,1.5,13.4,19.0,-0.4,0.9,0.5,0.028,-4.1,-0.1,-4.3,-0.5,0.0,2004
215,Anthony Johnson,21.9,2.3,5.6,0.406,0.6,1.7,0.336,1.7,4.0,0.436,0.456,1.0,1.3,0.798,0.4,1.4,1.8,2.8,0.9,0.1,1.0,1.9,6.2,0.0,0.0,1230.0,0.0,0.0,0.0,0.0,0.0,0.0,0.0,0.0,0.0,0.0,0.0,0.0,0.0,73.0,7.0,1598.0,167.0,411.0,0.406,41.0,122.0,0.336,126.0,289.0,0.436,0.456,75.0,94.0,0.798,28.0,102.0,130.0,202.0,64.0,8.0,75.0,138.0,450.0,0.0,11.6,0.497,0.297,0.229,2.0,7.6,4.8,21.4,2.2,0.4,14.2,15.6,1.4,2.2,3.6,0.109,-1.6,1.2,-0.4,0.6,0.0,2004
216,Kelvin Cato,25.3,2.3,5.2,0.447,0.0,0.0,0.0,2.3,5.2,0.447,0.447,1.4,2.1,0.676,2.2,4.6,6.8,1.0,0.8,1.4,1.2,2.9,6.1,0.0,0.0,1230.0,0.0,0.0,0.0,0.0,0.0,0.0,0.0,0.0,0.0,0.0,0.0,0.0,0.0,69.0,67.0,1743.0,161.0,360.0,0.447,0.0,0.0,0.0,161.0,360.0,0.447,0.447,96.0,142.0,0.676,153.0,319.0,472.0,72.0,52.0,96.0,84.0,203.0,418.0,0.0,13.2,0.495,0.0,0.394,10.9,20.5,16.0,6.9,1.6,4.2,16.6,13.9,1.1,3.5,4.6,0.127,-2.0,2.4,0.4,1.1,0.0,2004
217,Tyson Chandler,22.3,1.9,4.5,0.424,0.0,0.0,0.0,1.9,4.5,0.427,0.424,2.3,3.4,0.669,2.3,5.4,7.7,0.7,0.5,1.2,1.1,2.5,6.1,0.0,0.0,1230.0,0.0,0.0,0.0,0.0,0.0,0.0,0.0,0.0,0.0,0.0,0.0,0.0,0.0,35.0,8.0,782.0,67.0,158.0,0.424,0.0,1.0,0.0,67.0,157.0,0.427,0.424,79.0,118.0,0.669,82.0,188.0,270.0,23.0,17.0,43.0,38.0,87.0,213.0,0.0,14.2,0.507,0.006,0.747,11.1,27.0,18.9,4.7,1.1,4.1,15.3,14.2,0.7,1.2,1.9,0.116,-2.1,0.3,-1.8,0.0,0.0,2004
218,Jeff Foster,23.9,2.4,4.4,0.544,0.0,0.0,0.0,2.4,4.4,0.55,0.544,1.3,1.9,0.669,3.0,4.4,7.4,0.8,0.9,0.3,0.7,2.3,6.1,0.0,0.0,1230.0,0.0,0.0,0.0,0.0,0.0,0.0,0.0,0.0,0.0,0.0,0.0,0.0,0.0,82.0,79.0,1961.0,197.0,362.0,0.544,0.0,4.0,0.0,197.0,358.0,0.55,0.544,103.0,154.0,0.669,248.0,362.0,610.0,64.0,71.0,27.0,60.0,189.0,497.0,0.0,16.2,0.578,0.011,0.425,14.8,22.0,18.4,5.5,2.0,1.1,12.3,11.8,4.4,3.8,8.3,0.202,0.8,0.5,1.3,1.6,0.0,2004
219,Chris Kaman,22.5,2.4,5.3,0.46,0.0,0.0,0.0,2.4,5.3,0.462,0.46,1.2,1.7,0.697,1.5,4.1,5.6,1.0,0.3,0.9,1.9,2.6,6.1,0.0,0.0,1230.0,0.0,0.0,0.0,0.0,0.0,0.0,0.0,0.0,0.0,0.0,0.0,0.0,0.0,82.0,61.0,1843.0,200.0,435.0,0.46,0.0,2.0,0.0,200.0,433.0,0.462,0.46,99.0,142.0,0.697,126.0,335.0,461.0,85.0,23.0,73.0,155.0,211.0,499.0,0.0,9.6,0.502,0.005,0.326,7.7,20.9,14.2,7.7,0.7,2.9,23.8,15.7,-0.9,0.9,0.0,0.001,-3.4,-0.8,-4.2,-1.0,0.0,2004
220,Charlie Ward,17.6,2.3,5.5,0.41,1.2,2.9,0.408,1.1,2.6,0.413,0.518,0.3,0.4,0.741,0.2,1.9,2.0,3.0,0.9,0.2,1.4,1.5,6.0,0.0,0.0,1230.0,0.0,0.0,0.0,0.0,0.0,0.0,0.0,0.0,0.0,0.0,0.0,0.0,0.0,71.0,10.0,1252.0,160.0,390.0,0.41,84.0,206.0,0.408,76.0,184.0,0.413,0.518,20.0,27.0,0.741,12.0,132.0,144.0,215.0,64.0,11.0,96.0,107.0,424.0,0.0,14.5,0.528,0.528,0.069,1.1,11.9,6.6,29.0,2.7,0.7,19.3,18.4,1.1,1.8,2.9,0.11,0.8,1.5,2.3,1.4,0.0,2004
221,Lee Nailon,13.7,2.6,5.7,0.45,0.0,0.1,0.0,2.6,5.7,0.454,0.45,0.8,1.0,0.81,1.1,1.4,2.5,0.7,0.3,0.1,0.8,1.6,6.0,0.0,0.0,1230.0,0.0,0.0,0.0,0.0,0.0,0.0,0.0,0.0,0.0,0.0,0.0,0.0,0.0,57.0,4.0,780.0,147.0,327.0,0.45,0.0,3.0,0.0,147.0,324.0,0.454,0.45,47.0,58.0,0.81,64.0,79.0,143.0,38.0,15.0,8.0,45.0,93.0,341.0,0.0,13.2,0.484,0.009,0.177,9.2,11.3,10.3,9.2,1.0,0.8,11.3,23.0,0.4,0.3,0.7,0.042,-1.6,-2.7,-4.3,-0.5,0.0,2004
222,Kenny Anderson,20.6,2.6,5.8,0.441,0.0,0.1,0.25,2.5,5.7,0.444,0.443,0.8,1.1,0.729,0.4,1.4,1.8,2.8,0.6,0.1,1.1,1.7,6.0,0.0,0.0,1230.0,0.0,0.0,0.0,0.0,0.0,0.0,0.0,0.0,0.0,0.0,0.0,0.0,0.0,44.0,31.0,905.0,113.0,256.0,0.441,1.0,4.0,0.25,112.0,252.0,0.444,0.443,35.0,48.0,0.729,19.0,62.0,81.0,125.0,26.0,5.0,50.0,73.0,262.0,0.0,11.1,0.473,0.016,0.188,2.5,8.2,5.3,24.2,1.6,0.4,15.3,17.1,0.4,1.1,1.5,0.079,-2.3,0.6,-1.7,0.1,0.0,2004
223,Dana Barros,11.0,2.0,3.0,0.667,0.0,0.0,0.0,2.0,3.0,0.667,0.667,2.0,2.0,1.0,0.0,0.0,0.0,0.0,0.0,0.0,0.0,2.0,6.0,0.0,0.0,1230.0,0.0,0.0,0.0,0.0,0.0,0.0,0.0,0.0,0.0,0.0,0.0,0.0,0.0,1.0,0.0,11.0,2.0,3.0,0.667,0.0,0.0,0.0,2.0,3.0,0.667,0.667,2.0,2.0,1.0,0.0,0.0,0.0,0.0,0.0,0.0,0.0,2.0,6.0,0.0,17.8,0.773,0.0,0.667,0.0,0.0,0.0,0.0,0.0,0.0,0.0,16.0,0.1,0.0,0.1,0.256,-1.7,-4.7,-6.4,0.0,0.0,2004
224,Jarron Collins,21.4,1.8,3.6,0.498,0.0,0.0,0.0,1.8,3.6,0.5,0.498,2.3,3.2,0.718,1.4,2.5,3.9,1.0,0.3,0.2,1.0,3.1,6.0,0.0,0.0,1230.0,0.0,0.0,0.0,0.0,0.0,0.0,0.0,0.0,0.0,0.0,0.0,0.0,0.0,81.0,31.0,1732.0,147.0,295.0,0.498,0.0,1.0,0.0,147.0,294.0,0.5,0.498,188.0,262.0,0.718,117.0,199.0,316.0,77.0,26.0,18.0,79.0,255.0,482.0,0.0,11.1,0.587,0.003,0.888,8.3,14.5,11.3,7.5,0.8,0.9,16.1,13.1,3.1,1.1,4.2,0.117,-1.7,-0.3,-2.0,0.0,0.0,2004
225,Tony Delk,15.4,2.1,5.6,0.38,0.6,2.0,0.303,1.5,3.6,0.424,0.435,1.1,1.3,0.841,0.5,1.3,1.8,0.8,0.8,0.2,0.5,1.4,6.0,0.0,0.0,1230.0,0.0,0.0,0.0,0.0,0.0,0.0,0.0,0.0,0.0,0.0,0.0,0.0,0.0,33.0,11.0,509.0,70.0,184.0,0.38,20.0,66.0,0.303,50.0,118.0,0.424,0.435,37.0,44.0,0.841,16.0,43.0,59.0,28.0,27.0,7.0,17.0,46.0,197.0,0.0,13.2,0.484,0.359,0.239,3.3,9.4,6.3,7.8,2.7,1.0,7.7,19.0,0.6,0.3,0.8,0.08,-0.7,0.4,-0.3,0.2,0.0,2004
226,Casey Jacobsen,23.4,1.9,4.6,0.417,1.0,2.3,0.417,1.0,2.3,0.417,0.521,1.2,1.4,0.82,0.5,2.0,2.6,1.3,0.6,0.1,0.9,1.8,6.0,0.0,0.0,1230.0,0.0,0.0,0.0,0.0,0.0,0.0,0.0,0.0,0.0,0.0,0.0,0.0,0.0,78.0,13.0,1828.0,150.0,360.0,0.417,75.0,180.0,0.417,75.0,180.0,0.417,0.521,91.0,111.0,0.82,42.0,159.0,201.0,98.0,48.0,9.0,68.0,144.0,466.0,0.0,9.6,0.57,0.5,0.308,2.6,10.0,6.3,8.0,1.4,0.4,14.3,11.8,2.1,0.5,2.6,0.068,-1.2,-0.6,-1.8,0.1,0.0,2004
227,Lamond Murray,15.7,2.3,6.5,0.353,0.6,1.8,0.35,1.7,4.7,0.355,0.402,0.7,1.1,0.686,0.4,2.3,2.7,0.8,0.5,0.2,1.2,1.4,6.0,0.0,0.0,1230.0,0.0,0.0,0.0,0.0,0.0,0.0,0.0,0.0,0.0,0.0,0.0,0.0,0.0,33.0,4.0,518.0,76.0,215.0,0.353,21.0,60.0,0.35,55.0,155.0,0.355,0.402,24.0,35.0,0.686,14.0,76.0,90.0,28.0,15.0,7.0,38.0,47.0,197.0,0.0,8.9,0.428,0.279,0.163,3.1,17.0,10.0,10.4,1.6,1.0,14.2,25.1,-1.1,0.7,-0.3,-0.031,-3.6,-0.2,-3.8,-0.2,0.0,2004
228,Marcus Banks,17.1,2.2,5.5,0.4,0.3,1.1,0.314,1.9,4.4,0.421,0.431,1.2,1.6,0.756,0.4,1.3,1.6,2.2,1.1,0.2,1.5,2.1,5.9,0.0,0.0,1230.0,0.0,0.0,0.0,0.0,0.0,0.0,0.0,0.0,0.0,0.0,0.0,0.0,0.0,81.0,2.0,1385.0,177.0,442.0,0.4,27.0,86.0,0.314,150.0,356.0,0.421,0.431,99.0,131.0,0.756,30.0,103.0,133.0,175.0,88.0,13.0,125.0,171.0,480.0,0.0,11.0,0.48,0.195,0.296,2.5,8.4,5.5,21.3,3.3,0.7,20.0,20.5,-0.6,1.4,0.7,0.026,-3.4,0.4,-3.0,-0.4,0.0,2004
229,Steve Blake,18.6,2.1,5.4,0.386,1.0,2.7,0.371,1.1,2.7,0.4,0.478,0.7,0.9,0.821,0.2,1.3,1.6,2.8,0.8,0.1,1.7,1.3,5.9,0.0,0.0,1230.0,0.0,0.0,0.0,0.0,0.0,0.0,0.0,0.0,0.0,0.0,0.0,0.0,0.0,75.0,14.0,1392.0,157.0,407.0,0.386,75.0,202.0,0.371,82.0,205.0,0.4,0.478,55.0,67.0,0.821,18.0,99.0,117.0,209.0,57.0,7.0,128.0,100.0,444.0,0.0,10.9,0.509,0.496,0.165,1.4,8.2,4.7,25.8,2.1,0.4,22.7,17.9,0.1,0.7,0.7,0.026,-1.5,-1.2,-2.7,-0.2,0.0,2004
230,Jason Collins,28.5,2.1,4.9,0.424,0.0,0.0,0.0,2.1,4.9,0.427,0.424,1.7,2.4,0.739,1.8,3.3,5.1,2.0,0.9,0.7,1.2,3.2,5.9,0.0,0.0,1230.0,0.0,0.0,0.0,0.0,0.0,0.0,0.0,0.0,0.0,0.0,0.0,0.0,0.0,78.0,78.0,2220.0,163.0,384.0,0.424,0.0,2.0,0.0,163.0,382.0,0.427,0.424,136.0,184.0,0.739,143.0,257.0,400.0,153.0,67.0,56.0,97.0,251.0,462.0,0.0,10.0,0.497,0.005,0.479,7.6,13.6,10.6,10.8,1.6,1.9,17.3,11.9,1.4,3.5,4.9,0.105,-2.9,1.3,-1.5,0.3,0.0,2004
231,Christian Laettner,20.5,2.5,5.3,0.465,0.1,0.4,0.286,2.4,4.9,0.481,0.477,0.8,1.0,0.8,1.0,3.8,4.8,1.9,0.8,0.6,0.9,2.1,5.9,0.0,0.0,1230.0,0.0,0.0,0.0,0.0,0.0,0.0,0.0,0.0,0.0,0.0,0.0,0.0,0.0,48.0,18.0,984.0,119.0,256.0,0.465,6.0,21.0,0.286,113.0,235.0,0.481,0.477,40.0,50.0,0.8,50.0,182.0,232.0,89.0,37.0,28.0,42.0,102.0,284.0,0.0,14.5,0.511,0.082,0.195,5.5,21.3,13.2,15.7,2.0,2.1,13.1,14.4,1.1,1.1,2.3,0.111,-0.7,1.2,0.5,0.6,0.0,2004
232,Scottie Pippen,17.9,2.3,6.1,0.379,0.6,2.1,0.271,1.7,4.0,0.435,0.425,0.7,1.2,0.63,0.9,2.1,3.0,2.2,0.9,0.4,1.3,1.7,5.9,0.0,0.0,1230.0,0.0,0.0,0.0,0.0,0.0,0.0,0.0,0.0,0.0,0.0,0.0,0.0,0.0,23.0,6.0,412.0,53.0,140.0,0.379,13.0,48.0,0.271,40.0,92.0,0.435,0.425,17.0,27.0,0.63,20.0,48.0,68.0,50.0,21.0,9.0,29.0,38.0,136.0,0.0,12.4,0.448,0.343,0.193,5.2,13.1,9.0,21.0,2.7,1.6,16.0,19.6,-0.2,0.5,0.3,0.037,-1.4,0.8,-0.6,0.1,0.0,2004
233,Wesley Person,17.9,2.2,5.4,0.401,0.9,2.4,0.399,1.2,3.0,0.403,0.489,0.5,0.7,0.795,0.3,1.7,2.0,1.1,0.3,0.2,0.7,0.7,5.8,0.0,0.0,1230.0,0.0,0.0,0.0,0.0,0.0,0.0,0.0,0.0,0.0,0.0,0.0,0.0,0.0,58.0,0.0,1037.0,126.0,314.0,0.401,55.0,138.0,0.399,71.0,176.0,0.403,0.489,31.0,39.0,0.795,16.0,101.0,117.0,66.0,19.0,9.0,38.0,38.0,338.0,0.0,11.5,0.51,0.439,0.124,1.8,11.3,6.6,10.5,1.0,0.6,10.3,16.5,0.9,0.4,1.3,0.061,0.1,-1.4,-1.3,0.2,0.0,2004
234,Stacey Augmon,20.5,2.1,5.0,0.412,0.0,0.1,0.143,2.1,4.9,0.418,0.414,1.6,2.0,0.791,0.8,1.8,2.5,1.2,0.8,0.2,1.1,1.7,5.8,0.0,0.0,1230.0,0.0,0.0,0.0,0.0,0.0,0.0,0.0,0.0,0.0,0.0,0.0,0.0,0.0,69.0,24.0,1416.0,143.0,347.0,0.412,1.0,7.0,0.143,142.0,340.0,0.418,0.414,110.0,139.0,0.791,52.0,122.0,174.0,85.0,55.0,15.0,76.0,114.0,397.0,0.0,10.0,0.486,0.02,0.401,4.1,10.1,7.0,10.0,2.1,0.8,15.7,15.6,0.4,1.3,1.6,0.056,-3.1,0.3,-2.8,-0.3,0.0,2004
235,John Salmons,20.8,2.1,5.4,0.387,0.6,1.9,0.34,1.4,3.5,0.413,0.447,0.9,1.2,0.772,0.5,2.1,2.5,1.7,0.8,0.2,1.0,1.6,5.8,0.0,0.0,1230.0,0.0,0.0,0.0,0.0,0.0,0.0,0.0,0.0,0.0,0.0,0.0,0.0,0.0,77.0,24.0,1603.0,161.0,416.0,0.387,50.0,147.0,0.34,111.0,269.0,0.413,0.447,71.0,92.0,0.772,38.0,158.0,196.0,134.0,62.0,16.0,77.0,122.0,443.0,0.0,10.6,0.485,0.353,0.221,2.8,11.5,7.2,14.5,2.1,0.8,14.4,15.6,0.4,1.7,2.1,0.064,-1.7,0.9,-0.8,0.5,0.0,2004
236,Dan Gadzuric,16.8,2.4,4.7,0.524,0.0,0.0,0.0,2.4,4.6,0.526,0.524,0.8,1.6,0.492,1.7,2.9,4.6,0.4,0.7,1.4,0.6,2.5,5.7,0.0,0.0,1230.0,0.0,0.0,0.0,0.0,0.0,0.0,0.0,0.0,0.0,0.0,0.0,0.0,0.0,75.0,0.0,1260.0,183.0,349.0,0.524,0.0,1.0,0.0,183.0,348.0,0.526,0.524,58.0,118.0,0.492,126.0,220.0,346.0,28.0,51.0,105.0,45.0,186.0,424.0,0.0,17.0,0.529,0.003,0.338,11.4,19.8,15.6,3.7,2.1,6.1,10.1,16.0,1.7,2.0,3.7,0.141,-1.0,1.6,0.7,0.8,0.0,2004
237,Jared Jeffries,23.3,2.2,5.7,0.377,0.1,0.4,0.167,2.1,5.4,0.392,0.383,1.3,2.1,0.614,2.2,3.0,5.2,1.1,0.6,0.3,1.3,2.6,5.7,0.0,0.0,1230.0,0.0,0.0,0.0,0.0,0.0,0.0,0.0,0.0,0.0,0.0,0.0,0.0,0.0,82.0,38.0,1913.0,177.0,469.0,0.377,5.0,30.0,0.167,172.0,439.0,0.392,0.383,105.0,171.0,0.614,180.0,244.0,424.0,93.0,48.0,28.0,107.0,212.0,464.0,0.0,8.7,0.426,0.064,0.365,10.3,14.7,12.4,8.1,1.3,1.1,16.4,15.1,-0.6,1.2,0.6,0.014,-3.6,-1.0,-4.6,-1.2,0.0,2004
238,Anthony Peeler,18.5,2.1,4.6,0.448,0.9,1.9,0.482,1.2,2.8,0.425,0.546,0.7,0.8,0.836,0.4,1.6,2.0,1.6,0.7,0.1,1.0,1.4,5.7,0.0,0.0,1230.0,0.0,0.0,0.0,0.0,0.0,0.0,0.0,0.0,0.0,0.0,0.0,0.0,0.0,75.0,0.0,1391.0,156.0,348.0,0.448,68.0,141.0,0.482,88.0,207.0,0.425,0.546,51.0,61.0,0.836,31.0,122.0,153.0,120.0,56.0,10.0,77.0,103.0,431.0,0.0,11.8,0.575,0.405,0.175,2.6,9.7,6.2,12.8,2.1,0.5,17.0,14.7,1.4,0.8,2.2,0.076,-0.4,-0.2,-0.5,0.5,0.0,2004
239,Earl Watson,20.6,2.1,5.7,0.371,0.3,1.3,0.245,1.8,4.4,0.408,0.399,1.1,1.7,0.652,0.6,1.6,2.2,5.0,1.1,0.2,1.8,2.2,5.7,0.0,0.0,1230.0,0.0,0.0,0.0,0.0,0.0,0.0,0.0,0.0,0.0,0.0,0.0,0.0,0.0,81.0,14.0,1669.0,172.0,464.0,0.371,26.0,106.0,0.245,146.0,358.0,0.408,0.399,90.0,138.0,0.652,49.0,129.0,178.0,402.0,91.0,19.0,146.0,175.0,460.0,0.0,12.8,0.438,0.228,0.297,3.3,8.8,6.0,37.5,2.9,0.8,21.8,18.1,0.1,1.7,1.8,0.052,-1.3,0.3,-1.0,0.4,0.0,2004
240,Tony Battie,20.2,2.3,5.3,0.443,0.0,0.1,0.222,2.3,5.1,0.448,0.445,0.9,1.2,0.742,1.6,3.3,4.9,0.8,0.4,0.9,0.9,2.2,5.6,0.0,0.0,1230.0,0.0,0.0,0.0,0.0,0.0,0.0,0.0,0.0,0.0,0.0,0.0,0.0,0.0,73.0,7.0,1478.0,170.0,384.0,0.443,2.0,9.0,0.222,168.0,375.0,0.448,0.445,66.0,89.0,0.742,118.0,241.0,359.0,58.0,26.0,67.0,63.0,159.0,408.0,0.0,11.9,0.482,0.023,0.232,9.0,18.1,13.6,6.4,0.9,3.3,13.0,14.8,0.8,1.4,2.3,0.074,-2.2,-0.1,-2.4,-0.1,0.0,2004
241,Elden Campbell,13.7,2.1,4.8,0.439,0.0,0.0,0.0,2.1,4.8,0.439,0.439,1.3,1.9,0.685,0.8,2.4,3.2,0.7,0.3,0.8,1.0,2.1,5.6,0.0,0.0,1230.0,0.0,0.0,0.0,0.0,0.0,0.0,0.0,0.0,0.0,0.0,0.0,0.0,0.0,65.0,27.0,892.0,138.0,314.0,0.439,0.0,0.0,0.0,138.0,314.0,0.439,0.439,85.0,124.0,0.685,52.0,157.0,209.0,45.0,21.0,50.0,63.0,137.0,361.0,0.0,13.8,0.49,0.0,0.395,6.8,20.1,13.6,9.3,1.3,4.3,14.6,22.6,0.1,2.0,2.1,0.115,-3.0,2.0,-1.0,0.2,0.0,2004
242,Dikembe Mutombo,23.0,2.2,4.5,0.478,0.0,0.0,0.0,2.2,4.5,0.478,0.478,1.2,1.8,0.681,2.2,4.5,6.7,0.4,0.3,1.9,0.8,2.2,5.6,0.0,0.0,1230.0,0.0,0.0,0.0,0.0,0.0,0.0,0.0,0.0,0.0,0.0,0.0,0.0,0.0,65.0,56.0,1494.0,141.0,295.0,0.478,0.0,0.0,0.0,141.0,295.0,0.478,0.478,81.0,119.0,0.681,145.0,292.0,437.0,25.0,17.0,123.0,54.0,141.0,363.0,0.0,14.3,0.523,0.0,0.403,11.4,22.2,16.9,2.7,0.6,6.2,13.5,12.5,1.6,2.1,3.8,0.122,-0.9,1.0,0.1,0.8,0.0,2004
243,Gary Trent,15.1,2.3,4.8,0.473,0.0,0.1,0.0,2.3,4.7,0.481,0.473,1.0,1.3,0.758,1.2,2.0,3.2,0.7,0.2,0.3,0.8,1.9,5.6,0.0,0.0,1230.0,0.0,0.0,0.0,0.0,0.0,0.0,0.0,0.0,0.0,0.0,0.0,0.0,0.0,68.0,2.0,1025.0,155.0,328.0,0.473,0.0,6.0,0.0,155.0,322.0,0.481,0.473,69.0,91.0,0.758,83.0,133.0,216.0,49.0,12.0,17.0,54.0,129.0,379.0,0.0,12.9,0.515,0.018,0.277,9.8,14.1,12.0,7.8,0.6,1.2,12.8,19.4,1.1,1.2,2.3,0.106,-2.2,-1.1,-3.2,-0.3,0.0,2004
244,Luke Ridnour,16.1,2.1,5.1,0.414,0.4,1.2,0.338,1.7,3.9,0.437,0.453,0.9,1.1,0.823,0.5,1.1,1.6,2.4,0.8,0.1,1.2,1.5,5.5,0.0,0.0,1230.0,0.0,0.0,0.0,0.0,0.0,0.0,0.0,0.0,0.0,0.0,0.0,0.0,0.0,69.0,6.0,1114.0,145.0,350.0,0.414,27.0,80.0,0.338,118.0,270.0,0.437,0.453,65.0,79.0,0.823,35.0,73.0,108.0,163.0,52.0,7.0,80.0,105.0,382.0,0.0,13.1,0.496,0.229,0.226,3.7,7.7,5.7,23.9,2.5,0.5,17.2,19.3,0.9,0.2,1.2,0.051,-0.9,-0.6,-1.5,0.2,0.0,2004
245,DerMarr Johnson,13.7,1.7,4.6,0.371,0.6,1.7,0.361,1.1,2.9,0.377,0.438,1.3,1.5,0.903,0.2,1.6,1.9,0.5,0.4,0.3,0.8,1.5,5.4,0.0,0.0,1230.0,0.0,0.0,0.0,0.0,0.0,0.0,0.0,0.0,0.0,0.0,0.0,0.0,0.0,21.0,1.0,287.0,36.0,97.0,0.371,13.0,36.0,0.361,23.0,61.0,0.377,0.438,28.0,31.0,0.903,5.0,34.0,39.0,11.0,8.0,7.0,16.0,32.0,113.0,0.0,11.5,0.511,0.371,0.32,2.0,13.5,7.8,6.4,1.5,1.8,12.6,20.5,0.1,0.3,0.4,0.069,-1.3,-0.6,-1.8,0.0,0.0,2004
246,Erick Strickland,13.3,1.8,4.6,0.403,0.7,1.5,0.439,1.2,3.0,0.385,0.477,1.0,1.2,0.863,0.3,1.3,1.7,2.1,0.6,0.0,1.3,1.5,5.4,0.0,0.0,1230.0,0.0,0.0,0.0,0.0,0.0,0.0,0.0,0.0,0.0,0.0,0.0,0.0,0.0,43.0,0.0,571.0,79.0,196.0,0.403,29.0,66.0,0.439,50.0,130.0,0.385,0.477,44.0,51.0,0.863,13.0,58.0,71.0,90.0,26.0,2.0,54.0,63.0,231.0,0.0,14.0,0.529,0.337,0.26,2.6,11.5,7.1,25.7,2.4,0.3,19.8,21.6,0.4,0.4,0.8,0.069,-0.1,0.0,-0.1,0.3,0.0,2004
247,Kedrick Brown,17.6,2.1,4.6,0.461,0.7,1.8,0.384,1.4,2.8,0.51,0.535,0.3,0.5,0.63,0.7,1.9,2.7,1.2,0.5,0.1,0.5,1.5,5.3,0.0,0.0,1230.0,0.0,0.0,0.0,0.0,0.0,0.0,0.0,0.0,0.0,0.0,0.0,0.0,0.0,55.0,26.0,969.0,117.0,254.0,0.461,38.0,99.0,0.384,79.0,155.0,0.51,0.535,17.0,27.0,0.63,41.0,105.0,146.0,64.0,30.0,7.0,29.0,80.0,289.0,0.0,12.5,0.543,0.39,0.106,4.8,12.1,8.5,10.8,1.6,0.5,9.8,13.7,1.4,0.6,2.0,0.1,0.3,0.2,0.5,0.6,0.0,2004
248,Mickaël Piétrus,14.1,1.8,4.4,0.416,0.7,2.0,0.333,1.2,2.4,0.484,0.491,1.0,1.4,0.693,0.9,1.3,2.2,0.5,0.6,0.2,0.8,1.9,5.3,0.0,0.0,1230.0,0.0,0.0,0.0,0.0,0.0,0.0,0.0,0.0,0.0,0.0,0.0,0.0,0.0,53.0,22.0,748.0,96.0,231.0,0.416,35.0,105.0,0.333,61.0,126.0,0.484,0.491,52.0,75.0,0.693,48.0,71.0,119.0,27.0,32.0,12.0,40.0,100.0,279.0,0.0,12.9,0.528,0.455,0.325,7.2,10.7,9.0,6.1,2.3,1.2,13.2,18.7,0.8,0.7,1.5,0.095,-1.0,0.4,-0.6,0.3,0.0,2004
249,Robert Traylor,13.3,2.0,4.0,0.505,0.0,0.1,0.4,2.0,4.0,0.507,0.509,1.0,1.8,0.547,1.5,2.2,3.7,0.6,0.5,0.5,0.9,2.3,5.1,0.0,0.0,1230.0,0.0,0.0,0.0,0.0,0.0,0.0,0.0,0.0,0.0,0.0,0.0,0.0,0.0,71.0,0.0,942.0,145.0,287.0,0.505,2.0,5.0,0.4,143.0,282.0,0.507,0.509,70.0,128.0,0.547,106.0,156.0,262.0,43.0,39.0,37.0,62.0,161.0,362.0,0.0,16.2,0.527,0.017,0.446,12.5,19.4,15.9,8.4,2.2,3.0,15.3,19.6,1.0,1.5,2.5,0.127,-1.8,0.4,-1.4,0.1,0.0,2004
250,Clarence Weatherspoon,16.7,2.0,4.1,0.493,0.0,0.0,0.0,2.0,4.0,0.495,0.493,1.0,1.4,0.736,1.4,2.5,3.9,0.6,0.6,0.3,0.7,1.4,5.0,0.0,0.0,1230.0,0.0,0.0,0.0,0.0,0.0,0.0,0.0,0.0,0.0,0.0,0.0,0.0,0.0,52.0,1.0,868.0,104.0,211.0,0.493,0.0,1.0,0.0,104.0,210.0,0.495,0.493,53.0,72.0,0.736,74.0,130.0,204.0,30.0,30.0,15.0,35.0,75.0,261.0,0.0,14.6,0.538,0.005,0.341,10.5,16.9,13.8,5.9,1.9,1.3,12.6,15.2,1.2,1.3,2.6,0.141,-0.4,0.7,0.3,0.5,0.0,2004
251,Austin Croshere,13.6,1.5,4.0,0.388,0.7,1.9,0.389,0.8,2.1,0.387,0.479,1.2,1.4,0.894,0.8,2.4,3.2,0.7,0.3,0.2,0.7,1.3,5.0,0.0,0.0,1230.0,0.0,0.0,0.0,0.0,0.0,0.0,0.0,0.0,0.0,0.0,0.0,0.0,0.0,77.0,0.0,1051.0,119.0,307.0,0.388,56.0,144.0,0.389,63.0,163.0,0.387,0.479,93.0,104.0,0.894,60.0,183.0,243.0,52.0,24.0,14.0,55.0,101.0,387.0,0.0,14.4,0.549,0.469,0.339,6.7,20.8,13.7,8.5,1.3,1.0,13.5,18.3,1.6,1.8,3.4,0.156,0.7,0.4,1.1,0.8,0.0,2004
252,Trenton Hassell,28.0,2.2,4.7,0.465,0.0,0.2,0.308,2.1,4.5,0.47,0.47,0.6,0.8,0.787,0.8,2.3,3.2,1.6,0.4,0.7,0.6,2.5,5.0,0.0,0.0,1230.0,0.0,0.0,0.0,0.0,0.0,0.0,0.0,0.0,0.0,0.0,0.0,0.0,0.0,81.0,74.0,2264.0,177.0,381.0,0.465,4.0,13.0,0.308,173.0,368.0,0.47,0.47,48.0,61.0,0.787,68.0,189.0,257.0,133.0,36.0,54.0,46.0,200.0,406.0,0.0,8.2,0.498,0.034,0.16,3.6,9.0,6.5,8.5,0.9,1.7,10.1,9.5,1.7,2.3,4.0,0.084,-2.2,0.9,-1.3,0.4,0.0,2004
253,Jerome James,15.2,2.0,4.0,0.498,0.0,0.0,0.0,2.0,4.0,0.498,0.498,1.0,1.5,0.66,1.2,2.3,3.5,0.5,0.3,0.9,1.3,2.8,5.0,0.0,0.0,1230.0,0.0,0.0,0.0,0.0,0.0,0.0,0.0,0.0,0.0,0.0,0.0,0.0,0.0,65.0,24.0,990.0,129.0,259.0,0.498,0.0,0.0,0.0,129.0,259.0,0.498,0.498,66.0,100.0,0.66,78.0,152.0,230.0,32.0,20.0,60.0,82.0,180.0,324.0,0.0,11.3,0.535,0.0,0.386,9.4,18.0,13.7,5.3,1.1,4.6,21.3,18.0,0.1,0.6,0.7,0.036,-4.6,-0.1,-4.7,-0.7,0.0,2004
254,Ron Mercer,13.2,2.3,5.4,0.427,0.1,0.2,0.286,2.3,5.2,0.431,0.431,0.3,0.4,0.765,0.3,1.0,1.3,0.6,0.4,0.1,0.7,0.9,5.0,0.0,0.0,1230.0,0.0,0.0,0.0,0.0,0.0,0.0,0.0,0.0,0.0,0.0,0.0,0.0,0.0,39.0,0.0,516.0,90.0,211.0,0.427,2.0,7.0,0.286,88.0,204.0,0.431,0.431,13.0,17.0,0.765,10.0,39.0,49.0,22.0,14.0,5.0,26.0,37.0,195.0,0.0,9.3,0.446,0.033,0.081,2.2,8.3,5.3,7.8,1.5,0.7,10.6,21.9,-0.4,0.8,0.4,0.04,-3.9,0.3,-3.6,-0.2,0.0,2004
255,Steve Smith,13.1,1.7,4.1,0.406,0.6,1.5,0.402,1.1,2.6,0.409,0.48,1.1,1.2,0.928,0.4,0.8,1.1,0.8,0.2,0.1,0.6,1.3,5.0,0.0,0.0,1230.0,0.0,0.0,0.0,0.0,0.0,0.0,0.0,0.0,0.0,0.0,0.0,0.0,0.0,71.0,4.0,929.0,119.0,293.0,0.406,43.0,107.0,0.402,76.0,186.0,0.409,0.48,77.0,83.0,0.928,27.0,54.0,81.0,56.0,15.0,6.0,42.0,91.0,358.0,0.0,11.8,0.543,0.365,0.283,3.2,6.8,5.0,10.6,0.9,0.5,11.3,18.3,1.5,0.4,1.9,0.099,-0.5,-1.5,-2.0,0.0,0.0,2004
256,Mo Williams,13.5,2.0,5.3,0.38,0.2,0.7,0.256,1.8,4.6,0.398,0.396,0.8,1.0,0.786,0.4,0.9,1.3,1.3,0.5,0.0,0.9,1.5,5.0,0.0,0.0,1230.0,0.0,0.0,0.0,0.0,0.0,0.0,0.0,0.0,0.0,0.0,0.0,0.0,0.0,57.0,0.0,772.0,115.0,303.0,0.38,10.0,39.0,0.256,105.0,264.0,0.398,0.396,44.0,56.0,0.786,23.0,49.0,72.0,76.0,28.0,2.0,51.0,87.0,284.0,0.0,9.4,0.433,0.129,0.185,3.6,8.0,5.8,18.5,2.0,0.2,13.5,22.8,-0.3,0.5,0.2,0.011,-3.1,-0.9,-4.1,-0.4,0.0,2004
257,Calvin Booth,17.0,1.9,4.1,0.466,0.0,0.0,0.0,1.9,4.1,0.469,0.466,1.1,1.3,0.798,1.2,2.7,3.9,0.4,0.2,1.4,0.6,2.1,4.9,0.0,0.0,1230.0,0.0,0.0,0.0,0.0,0.0,0.0,0.0,0.0,0.0,0.0,0.0,0.0,0.0,71.0,35.0,1206.0,135.0,290.0,0.466,0.0,2.0,0.0,135.0,288.0,0.469,0.466,75.0,94.0,0.798,86.0,194.0,280.0,28.0,17.0,101.0,45.0,150.0,345.0,0.0,13.6,0.521,0.007,0.324,8.5,18.8,13.7,3.7,0.8,6.3,12.0,14.4,1.3,0.9,2.2,0.088,-2.2,0.3,-1.8,0.0,0.0,2004
258,Fred Jones,18.6,1.5,3.8,0.395,0.3,1.1,0.303,1.2,2.7,0.432,0.439,1.5,1.8,0.832,0.3,1.2,1.6,2.1,0.8,0.2,0.9,1.6,4.9,0.0,0.0,1230.0,0.0,0.0,0.0,0.0,0.0,0.0,0.0,0.0,0.0,0.0,0.0,0.0,0.0,81.0,2.0,1508.0,123.0,311.0,0.395,27.0,89.0,0.303,96.0,222.0,0.432,0.439,124.0,149.0,0.832,25.0,101.0,126.0,173.0,65.0,18.0,73.0,132.0,397.0,0.0,11.8,0.527,0.286,0.479,1.9,8.0,4.9,18.7,2.4,0.9,16.2,14.1,1.7,2.3,4.0,0.126,-1.7,1.9,0.2,0.8,0.0,2004
259,Shammond Williams,14.4,1.6,4.4,0.375,0.6,1.9,0.3,1.1,2.5,0.432,0.44,1.0,1.1,0.879,0.2,1.0,1.1,2.2,0.7,0.0,0.9,1.2,4.8,0.0,0.0,1230.0,0.0,0.0,0.0,0.0,0.0,0.0,0.0,0.0,0.0,0.0,0.0,0.0,0.0,53.0,4.0,763.0,87.0,232.0,0.375,30.0,100.0,0.3,57.0,132.0,0.432,0.44,51.0,58.0,0.879,9.0,51.0,60.0,116.0,37.0,2.0,47.0,62.0,255.0,0.0,13.1,0.495,0.431,0.25,1.3,7.8,4.5,25.3,2.6,0.2,15.4,18.1,0.7,0.2,1.0,0.06,-0.9,-0.6,-1.5,0.1,0.0,2004
260,Rick Fox,22.3,1.9,4.9,0.392,0.4,1.6,0.246,1.5,3.3,0.464,0.433,0.6,0.8,0.733,0.8,1.9,2.7,2.6,0.8,0.1,1.3,2.6,4.8,0.0,0.0,1230.0,0.0,0.0,0.0,0.0,0.0,0.0,0.0,0.0,0.0,0.0,0.0,0.0,0.0,38.0,34.0,846.0,73.0,186.0,0.392,15.0,61.0,0.246,58.0,125.0,0.464,0.433,22.0,30.0,0.733,29.0,73.0,102.0,98.0,29.0,4.0,48.0,99.0,183.0,0.0,8.0,0.459,0.328,0.161,3.8,9.9,6.8,17.1,1.8,0.3,19.4,13.1,0.0,0.8,0.8,0.043,-3.4,0.5,-2.9,-0.2,0.0,2004
261,Robert Horry,15.9,1.7,4.3,0.405,0.5,1.3,0.38,1.2,3.0,0.417,0.464,0.9,1.3,0.645,1.3,2.0,3.4,1.2,0.6,0.6,0.7,2.0,4.8,0.0,0.0,1230.0,0.0,0.0,0.0,0.0,0.0,0.0,0.0,0.0,0.0,0.0,0.0,0.0,0.0,81.0,1.0,1290.0,141.0,348.0,0.405,41.0,108.0,0.38,100.0,240.0,0.417,0.464,69.0,107.0,0.645,108.0,164.0,272.0,101.0,48.0,49.0,55.0,165.0,392.0,0.0,14.5,0.496,0.31,0.307,9.5,14.0,11.8,12.8,2.0,2.8,12.2,16.1,1.7,2.9,4.6,0.171,0.0,2.7,2.7,1.5,0.0,2004
262,George Lynch,21.8,1.9,4.8,0.397,0.6,1.8,0.309,1.4,3.0,0.449,0.455,0.4,0.7,0.667,1.2,2.8,4.0,1.5,0.6,0.2,0.8,2.0,4.8,0.0,0.0,1230.0,0.0,0.0,0.0,0.0,0.0,0.0,0.0,0.0,0.0,0.0,0.0,0.0,0.0,78.0,51.0,1701.0,149.0,375.0,0.397,43.0,139.0,0.309,106.0,236.0,0.449,0.455,34.0,51.0,0.667,96.0,216.0,312.0,117.0,48.0,18.0,64.0,159.0,375.0,0.0,9.7,0.472,0.371,0.136,6.3,14.9,10.5,11.3,1.5,0.8,13.9,12.4,0.9,1.6,2.5,0.072,-1.9,0.3,-1.5,0.2,0.0,2004
263,Sasha Pavlović,14.5,1.9,4.8,0.396,0.2,0.9,0.271,1.6,3.9,0.425,0.422,0.8,1.1,0.774,0.6,1.5,2.0,0.8,0.5,0.2,0.8,2.4,4.8,0.0,0.0,1230.0,0.0,0.0,0.0,0.0,0.0,0.0,0.0,0.0,0.0,0.0,0.0,0.0,0.0,79.0,14.0,1144.0,149.0,376.0,0.396,19.0,70.0,0.271,130.0,306.0,0.425,0.422,65.0,84.0,0.774,44.0,115.0,159.0,60.0,41.0,16.0,67.0,187.0,382.0,0.0,8.7,0.463,0.186,0.223,4.7,12.7,8.6,9.5,2.0,1.2,14.0,19.5,-0.1,1.1,0.9,0.04,-3.9,-0.1,-4.0,-0.6,0.0,2004
264,Brevin Knight,18.5,1.9,4.4,0.427,0.0,0.1,0.25,1.8,4.3,0.433,0.431,0.9,1.2,0.754,0.3,1.8,2.0,3.6,1.5,0.0,1.3,1.9,4.7,0.0,0.0,1230.0,0.0,0.0,0.0,0.0,0.0,0.0,0.0,0.0,0.0,0.0,0.0,0.0,0.0,56.0,13.0,1037.0,105.0,246.0,0.427,2.0,8.0,0.25,103.0,238.0,0.433,0.431,49.0,65.0,0.754,14.0,98.0,112.0,204.0,84.0,1.0,72.0,107.0,261.0,0.0,13.6,0.475,0.033,0.264,1.5,10.8,6.1,31.7,4.2,0.1,20.8,14.9,0.5,1.2,1.7,0.078,-2.5,2.2,-0.3,0.4,0.0,2004
265,Scott Williams,12.3,2.1,4.3,0.484,0.0,0.1,0.667,2.0,4.3,0.481,0.489,0.4,0.6,0.593,0.9,2.2,3.1,0.4,0.5,0.4,0.4,2.2,4.6,0.0,0.0,1230.0,0.0,0.0,0.0,0.0,0.0,0.0,0.0,0.0,0.0,0.0,0.0,0.0,0.0,43.0,21.0,527.0,90.0,186.0,0.484,2.0,3.0,0.667,88.0,183.0,0.481,0.489,16.0,27.0,0.593,38.0,94.0,132.0,17.0,20.0,16.0,16.0,95.0,198.0,0.0,14.4,0.5,0.016,0.145,8.0,20.2,14.0,5.1,2.0,2.3,7.5,18.1,0.6,0.5,1.1,0.104,-2.1,-0.3,-2.5,-0.1,0.0,2004
266,Othella Harrington,15.6,1.8,3.6,0.495,0.0,0.0,0.0,1.8,3.6,0.495,0.495,1.0,1.4,0.744,1.0,2.1,3.2,0.5,0.2,0.3,1.2,2.4,4.6,0.0,0.0,1230.0,0.0,0.0,0.0,0.0,0.0,0.0,0.0,0.0,0.0,0.0,0.0,0.0,0.0,56.0,3.0,872.0,100.0,202.0,0.495,0.0,0.0,0.0,100.0,202.0,0.495,0.495,58.0,78.0,0.744,58.0,119.0,177.0,29.0,12.0,14.0,65.0,134.0,258.0,0.0,9.0,0.546,0.0,0.386,7.8,15.5,11.7,5.5,0.7,1.2,21.6,16.0,0.2,0.7,0.8,0.046,-4.0,-0.6,-4.6,-0.6,0.0,2004
267,Avery Johnson,13.8,1.7,4.3,0.402,0.0,0.1,0.0,1.7,4.3,0.408,0.402,1.1,1.7,0.667,0.1,0.7,0.7,2.4,0.6,0.1,1.1,0.7,4.6,0.0,0.0,1230.0,0.0,0.0,0.0,0.0,0.0,0.0,0.0,0.0,0.0,0.0,0.0,0.0,0.0,46.0,1.0,637.0,80.0,199.0,0.402,0.0,3.0,0.0,80.0,196.0,0.408,0.402,52.0,78.0,0.667,3.0,30.0,33.0,111.0,26.0,3.0,51.0,34.0,212.0,0.0,11.7,0.454,0.015,0.392,0.5,5.3,2.9,29.1,2.2,0.3,17.9,20.6,-0.2,0.4,0.2,0.016,-2.1,-0.7,-2.8,-0.1,0.0,2004
268,Maciej Lampe,10.7,2.0,4.2,0.489,0.0,0.2,0.0,2.0,4.0,0.512,0.489,0.5,0.6,0.769,0.4,1.7,2.1,0.4,0.1,0.1,0.7,1.3,4.6,0.0,0.0,1230.0,0.0,0.0,0.0,0.0,0.0,0.0,0.0,0.0,0.0,0.0,0.0,0.0,0.0,21.0,0.0,224.0,43.0,88.0,0.489,0.0,4.0,0.0,43.0,84.0,0.512,0.489,10.0,13.0,0.769,9.0,35.0,44.0,9.0,3.0,3.0,15.0,28.0,96.0,0.0,12.2,0.512,0.045,0.148,4.6,17.9,11.2,7.2,0.7,1.0,13.8,21.9,0.0,0.1,0.1,0.029,-2.8,-2.0,-4.8,-0.2,0.0,2004
269,Bo Outlaw,19.6,1.9,3.8,0.51,0.0,0.0,0.0,1.9,3.8,0.516,0.51,0.7,1.4,0.526,1.5,2.6,4.2,1.1,0.9,0.9,0.8,2.1,4.6,0.0,0.0,1230.0,0.0,0.0,0.0,0.0,0.0,0.0,0.0,0.0,0.0,0.0,0.0,0.0,0.0,82.0,1.0,1606.0,159.0,312.0,0.51,0.0,4.0,0.0,159.0,308.0,0.516,0.51,61.0,116.0,0.526,125.0,217.0,342.0,90.0,73.0,70.0,69.0,170.0,379.0,0.0,13.1,0.522,0.013,0.372,8.7,15.4,12.0,8.7,2.4,3.2,16.0,12.1,1.4,2.2,3.6,0.107,-1.0,1.9,0.9,1.2,0.0,2004
270,Darius Songaila,13.4,1.8,3.7,0.487,0.0,0.0,0.0,1.8,3.7,0.487,0.487,1.0,1.2,0.807,1.2,1.8,3.1,0.7,0.6,0.2,0.6,1.7,4.6,0.0,0.0,1230.0,0.0,0.0,0.0,0.0,0.0,0.0,0.0,0.0,0.0,0.0,0.0,0.0,0.0,73.0,7.0,976.0,133.0,273.0,0.487,0.0,0.0,0.0,133.0,273.0,0.487,0.487,71.0,88.0,0.807,91.0,134.0,225.0,48.0,42.0,12.0,43.0,126.0,337.0,0.0,14.6,0.541,0.0,0.322,10.8,15.2,13.1,7.6,2.2,0.9,12.1,16.4,1.7,0.9,2.6,0.129,-0.8,-0.4,-1.2,0.2,0.0,2004
271,Michael Doleac,14.3,1.9,4.5,0.435,0.0,0.0,0.0,1.9,4.5,0.435,0.435,0.6,0.7,0.865,1.2,2.5,3.7,0.6,0.3,0.5,0.7,2.0,4.5,0.0,0.0,1230.0,0.0,0.0,0.0,0.0,0.0,0.0,0.0,0.0,0.0,0.0,0.0,0.0,0.0,72.0,0.0,1029.0,140.0,322.0,0.435,0.0,0.0,0.0,140.0,322.0,0.435,0.435,45.0,52.0,0.865,88.0,177.0,265.0,44.0,23.0,36.0,48.0,142.0,325.0,0.0,12.4,0.471,0.0,0.161,9.9,19.6,14.8,7.2,1.2,2.6,12.2,17.4,0.5,1.2,1.7,0.079,-2.3,0.1,-2.2,0.0,0.0,2004
272,Matt Barnes,19.1,1.7,3.6,0.457,0.1,0.3,0.154,1.6,3.3,0.488,0.464,1.1,1.6,0.705,1.4,2.6,4.0,1.3,0.7,0.1,1.2,2.0,4.5,0.0,0.0,1230.0,0.0,0.0,0.0,0.0,0.0,0.0,0.0,0.0,0.0,0.0,0.0,0.0,0.0,38.0,9.0,724.0,63.0,138.0,0.457,2.0,13.0,0.154,61.0,125.0,0.488,0.464,43.0,61.0,0.705,53.0,98.0,151.0,48.0,27.0,3.0,44.0,76.0,171.0,0.0,10.6,0.519,0.094,0.442,8.3,15.5,11.9,10.6,2.0,0.3,21.1,12.8,0.4,0.3,0.7,0.045,-1.4,-0.7,-2.2,0.0,0.0,2004
273,Boris Diaw,25.3,1.8,4.1,0.447,0.1,0.3,0.231,1.8,3.8,0.467,0.457,0.7,1.2,0.602,1.5,3.0,4.5,2.4,0.8,0.5,1.7,2.5,4.5,0.0,0.0,1230.0,0.0,0.0,0.0,0.0,0.0,0.0,0.0,0.0,0.0,0.0,0.0,0.0,0.0,76.0,37.0,1919.0,140.0,313.0,0.447,6.0,26.0,0.231,134.0,287.0,0.467,0.457,56.0,93.0,0.602,111.0,231.0,342.0,182.0,59.0,37.0,126.0,191.0,342.0,0.0,8.8,0.483,0.083,0.297,6.6,13.5,10.1,14.9,1.6,1.4,26.3,11.4,-0.3,1.1,0.8,0.021,-2.4,0.1,-2.3,-0.2,0.0,2004
274,Kyle Korver,11.9,1.6,4.4,0.352,1.1,2.8,0.391,0.5,1.6,0.283,0.476,0.3,0.3,0.792,0.4,1.1,1.5,0.5,0.3,0.1,0.6,1.4,4.5,0.0,0.0,1230.0,0.0,0.0,0.0,0.0,0.0,0.0,0.0,0.0,0.0,0.0,0.0,0.0,0.0,74.0,0.0,882.0,115.0,327.0,0.352,81.0,207.0,0.391,34.0,120.0,0.283,0.476,19.0,24.0,0.792,30.0,81.0,111.0,40.0,25.0,8.0,41.0,102.0,330.0,0.0,10.1,0.489,0.633,0.073,4.0,10.7,7.4,8.3,1.5,0.7,10.8,20.2,0.2,0.8,1.0,0.054,-0.2,-0.5,-0.7,0.3,0.0,2004
275,Anthony Carter,17.4,2.2,7.4,0.297,0.0,0.6,0.0,2.2,6.8,0.324,0.297,0.0,0.0,0.0,0.4,1.8,2.2,2.4,0.8,0.0,2.4,1.8,4.4,0.0,0.0,1230.0,0.0,0.0,0.0,0.0,0.0,0.0,0.0,0.0,0.0,0.0,0.0,0.0,0.0,5.0,2.0,87.0,11.0,37.0,0.297,0.0,3.0,0.0,11.0,34.0,0.324,0.297,0.0,0.0,0.0,2.0,9.0,11.0,12.0,4.0,0.0,12.0,9.0,22.0,0.0,0.3,0.297,0.081,0.0,2.6,11.4,7.1,23.3,2.5,0.0,24.5,26.0,-0.5,0.2,-0.3,-0.176,-9.9,-1.0,-10.9,-0.2,0.0,2004
276,Brian Cook,12.6,1.9,4.0,0.475,0.0,0.1,0.0,1.9,3.9,0.493,0.475,0.6,0.8,0.75,0.9,2.0,2.9,0.6,0.5,0.5,0.5,1.8,4.4,0.0,0.0,1230.0,0.0,0.0,0.0,0.0,0.0,0.0,0.0,0.0,0.0,0.0,0.0,0.0,0.0,35.0,2.0,442.0,67.0,141.0,0.475,0.0,5.0,0.0,67.0,136.0,0.493,0.475,21.0,28.0,0.75,31.0,70.0,101.0,20.0,16.0,16.0,17.0,64.0,155.0,0.0,14.0,0.505,0.035,0.199,7.8,18.2,12.9,7.4,1.9,2.7,10.0,17.3,0.5,0.7,1.1,0.122,-2.1,0.9,-1.1,0.1,0.0,2004
277,Dale Davis,22.1,1.8,3.7,0.473,0.0,0.0,0.0,1.8,3.7,0.473,0.473,0.9,1.4,0.613,2.1,3.2,5.2,0.9,0.6,0.8,0.5,2.0,4.4,0.0,0.0,1230.0,0.0,0.0,0.0,0.0,0.0,0.0,0.0,0.0,0.0,0.0,0.0,0.0,0.0,76.0,37.0,1682.0,133.0,281.0,0.473,0.0,0.0,0.0,133.0,281.0,0.473,0.473,65.0,106.0,0.613,158.0,240.0,398.0,72.0,43.0,62.0,40.0,154.0,331.0,0.0,12.9,0.505,0.0,0.377,11.3,16.8,14.1,6.6,1.4,2.8,10.9,10.3,2.4,1.5,3.9,0.11,-0.7,0.4,-0.3,0.7,0.0,2004
278,Milt Palacio,20.5,1.8,5.1,0.349,0.1,0.4,0.154,1.7,4.6,0.368,0.356,0.8,1.2,0.662,0.3,1.5,1.7,3.1,0.7,0.2,1.5,1.5,4.4,0.0,0.0,1230.0,0.0,0.0,0.0,0.0,0.0,0.0,0.0,0.0,0.0,0.0,0.0,0.0,0.0,59.0,13.0,1211.0,104.0,298.0,0.349,4.0,26.0,0.154,100.0,272.0,0.368,0.356,45.0,68.0,0.662,15.0,87.0,102.0,184.0,41.0,11.0,87.0,90.0,257.0,0.0,7.4,0.392,0.087,0.228,1.4,8.3,4.8,26.3,1.9,0.7,21.0,16.6,-1.8,1.3,-0.5,-0.02,-4.9,0.1,-4.9,-0.9,0.0,2004
279,Tony Massenburg,13.4,1.8,3.7,0.475,0.0,0.0,0.0,1.8,3.7,0.477,0.475,0.7,1.1,0.683,1.0,2.2,3.2,0.5,0.2,0.3,0.8,2.4,4.3,0.0,0.0,1230.0,0.0,0.0,0.0,0.0,0.0,0.0,0.0,0.0,0.0,0.0,0.0,0.0,0.0,59.0,0.0,789.0,104.0,219.0,0.475,0.0,1.0,0.0,104.0,218.0,0.477,0.475,43.0,63.0,0.683,57.0,131.0,188.0,29.0,14.0,18.0,45.0,144.0,251.0,0.0,9.7,0.509,0.005,0.288,8.4,18.4,13.5,5.6,0.9,1.6,15.4,16.7,0.3,0.6,0.9,0.057,-4.8,-1.4,-6.1,-0.8,0.0,2004
280,Mike Sweetney,11.8,1.6,3.3,0.493,0.0,0.0,0.0,1.6,3.3,0.496,0.493,1.0,1.4,0.724,1.6,2.1,3.7,0.3,0.4,0.3,0.8,1.4,4.3,0.0,0.0,1230.0,0.0,0.0,0.0,0.0,0.0,0.0,0.0,0.0,0.0,0.0,0.0,0.0,0.0,42.0,1.0,494.0,69.0,140.0,0.493,0.0,1.0,0.0,69.0,139.0,0.496,0.493,42.0,58.0,0.724,68.0,89.0,157.0,14.0,18.0,12.0,32.0,57.0,180.0,0.0,17.2,0.544,0.007,0.414,16.1,20.5,18.3,4.8,2.0,1.8,16.2,18.6,0.8,0.7,1.4,0.138,0.0,-1.2,-1.2,0.1,0.0,2004
281,Jake Tsakalidis,13.3,1.7,3.3,0.504,0.0,0.0,0.0,1.7,3.3,0.504,0.504,0.9,1.5,0.59,0.9,2.3,3.2,0.5,0.2,0.6,0.6,2.0,4.3,0.0,0.0,1230.0,0.0,0.0,0.0,0.0,0.0,0.0,0.0,0.0,0.0,0.0,0.0,0.0,0.0,40.0,28.0,533.0,67.0,133.0,0.504,0.0,0.0,0.0,67.0,133.0,0.504,0.504,36.0,61.0,0.59,37.0,91.0,128.0,18.0,9.0,22.0,23.0,79.0,170.0,0.0,12.5,0.532,0.0,0.459,7.8,19.5,13.6,5.5,0.9,3.0,12.6,15.5,0.6,0.6,1.2,0.105,-2.4,0.2,-2.2,0.0,0.0,2004
282,John Wallace,9.9,1.6,3.9,0.421,0.1,0.4,0.385,1.5,3.6,0.424,0.438,0.8,1.1,0.775,0.3,1.3,1.6,0.4,0.1,0.2,0.6,1.0,4.3,0.0,0.0,1230.0,0.0,0.0,0.0,0.0,0.0,0.0,0.0,0.0,0.0,0.0,0.0,0.0,0.0,37.0,0.0,368.0,61.0,145.0,0.421,5.0,13.0,0.385,56.0,132.0,0.424,0.438,31.0,40.0,0.775,12.0,47.0,59.0,14.0,5.0,8.0,24.0,38.0,158.0,0.0,11.6,0.486,0.09,0.276,3.8,15.1,9.3,7.2,0.7,1.7,12.9,23.9,-0.1,0.4,0.3,0.039,-1.8,-0.8,-2.6,-0.1,0.0,2004
283,Maurice Carter,11.0,1.1,3.5,0.314,0.4,1.1,0.364,0.7,2.4,0.292,0.371,1.6,2.0,0.8,0.2,0.9,1.1,0.4,0.0,0.0,0.9,1.0,4.2,0.0,0.0,1230.0,0.0,0.0,0.0,0.0,0.0,0.0,0.0,0.0,0.0,0.0,0.0,0.0,0.0,10.0,0.0,110.0,11.0,35.0,0.314,4.0,11.0,0.364,7.0,24.0,0.292,0.371,16.0,20.0,0.8,2.0,9.0,11.0,4.0,0.0,0.0,9.0,10.0,42.0,0.0,5.8,0.479,0.314,0.571,2.0,9.5,5.7,5.8,0.0,0.0,17.0,21.7,-0.1,0.0,0.0,-0.014,-4.8,-3.2,-8.0,-0.2,0.0,2004
284,Jahidi White,14.0,1.6,3.1,0.521,0.0,0.0,0.0,1.6,3.1,0.521,0.521,1.0,2.0,0.5,1.6,2.6,4.2,0.1,0.4,0.8,1.1,2.8,4.2,0.0,0.0,1230.0,0.0,0.0,0.0,0.0,0.0,0.0,0.0,0.0,0.0,0.0,0.0,0.0,0.0,62.0,17.0,865.0,99.0,190.0,0.521,0.0,0.0,0.0,99.0,190.0,0.521,0.521,63.0,126.0,0.5,97.0,164.0,261.0,7.0,25.0,51.0,66.0,176.0,261.0,0.0,11.8,0.532,0.0,0.663,12.7,21.7,17.2,1.3,1.5,4.4,21.2,16.3,0.1,1.0,1.2,0.064,-4.5,-0.2,-4.7,-0.6,0.0,2004
285,Malik Allen,13.7,1.8,4.4,0.419,0.0,0.0,0.0,1.8,4.4,0.419,0.419,0.6,0.7,0.758,0.9,1.7,2.6,0.4,0.3,0.6,0.6,1.8,4.2,0.0,0.0,1230.0,0.0,0.0,0.0,0.0,0.0,0.0,0.0,0.0,0.0,0.0,0.0,0.0,0.0,45.0,6.0,616.0,83.0,198.0,0.419,0.0,0.0,0.0,83.0,198.0,0.419,0.419,25.0,33.0,0.758,42.0,77.0,119.0,16.0,12.0,28.0,27.0,81.0,191.0,0.0,10.5,0.449,0.0,0.167,7.9,14.7,11.3,4.7,1.1,3.6,11.3,18.3,-0.1,0.8,0.7,0.051,-3.7,-0.1,-3.8,-0.3,0.0,2004
286,Linton Johnson,17.9,1.8,5.0,0.355,0.2,0.8,0.212,1.6,4.1,0.382,0.372,0.5,0.9,0.595,1.4,3.0,4.5,0.7,0.9,0.8,0.9,2.2,4.2,0.0,0.0,1230.0,0.0,0.0,0.0,0.0,0.0,0.0,0.0,0.0,0.0,0.0,0.0,0.0,0.0,41.0,20.0,734.0,72.0,203.0,0.355,7.0,33.0,0.212,65.0,170.0,0.382,0.372,22.0,37.0,0.595,59.0,124.0,183.0,27.0,37.0,32.0,37.0,90.0,173.0,0.0,9.6,0.394,0.163,0.182,8.5,19.0,13.6,6.1,2.6,3.2,14.4,15.6,-0.8,1.1,0.4,0.023,-4.4,1.1,-3.3,-0.2,0.0,2004
287,Kevin Ollie,17.1,1.2,3.1,0.37,0.0,0.1,0.444,1.1,3.0,0.367,0.377,1.8,2.1,0.835,0.3,1.8,2.1,2.9,0.6,0.1,1.0,1.5,4.2,0.0,0.0,1230.0,0.0,0.0,0.0,0.0,0.0,0.0,0.0,0.0,0.0,0.0,0.0,0.0,0.0,82.0,7.0,1401.0,95.0,257.0,0.37,4.0,9.0,0.444,91.0,248.0,0.367,0.377,147.0,176.0,0.835,23.0,147.0,170.0,234.0,51.0,8.0,81.0,119.0,341.0,0.0,12.2,0.51,0.035,0.685,1.8,11.6,6.7,25.0,1.9,0.4,19.5,13.3,1.5,1.0,2.4,0.083,-2.3,0.3,-2.0,0.0,0.0,2004
288,Mikki Moore,12.3,1.6,3.1,0.505,0.0,0.0,0.0,1.6,3.1,0.505,0.505,0.9,1.1,0.857,0.9,1.7,2.6,0.6,0.2,0.4,0.7,2.0,4.1,0.0,0.0,1230.0,0.0,0.0,0.0,0.0,0.0,0.0,0.0,0.0,0.0,0.0,0.0,0.0,0.0,32.0,0.0,395.0,50.0,99.0,0.505,0.0,0.0,0.0,50.0,99.0,0.505,0.505,30.0,35.0,0.857,29.0,55.0,84.0,19.0,7.0,13.0,22.0,65.0,130.0,0.0,13.3,0.568,0.0,0.354,9.0,17.5,13.2,8.7,1.0,2.8,16.1,16.1,0.6,0.4,1.0,0.122,-1.6,0.6,-1.0,0.1,0.0,2004
289,Žarko Čabarkapa,11.6,1.7,4.0,0.411,0.1,0.7,0.188,1.5,3.4,0.455,0.426,0.7,1.1,0.66,0.5,1.5,2.0,0.8,0.2,0.3,1.1,1.5,4.1,0.0,0.0,1230.0,0.0,0.0,0.0,0.0,0.0,0.0,0.0,0.0,0.0,0.0,0.0,0.0,0.0,49.0,4.0,570.0,81.0,197.0,0.411,6.0,32.0,0.188,75.0,165.0,0.455,0.426,35.0,53.0,0.66,26.0,73.0,99.0,40.0,10.0,13.0,54.0,75.0,203.0,0.0,8.4,0.461,0.162,0.269,5.2,14.7,9.9,11.6,0.9,1.7,19.7,21.7,-0.7,0.3,-0.4,-0.037,-4.2,-1.4,-5.7,-0.5,0.0,2004
290,Horace Grant,20.1,1.7,4.1,0.411,0.0,0.0,0.0,1.7,4.1,0.413,0.411,0.7,1.0,0.722,1.4,2.8,4.2,1.3,0.4,0.4,0.5,1.3,4.1,0.0,0.0,1230.0,0.0,0.0,0.0,0.0,0.0,0.0,0.0,0.0,0.0,0.0,0.0,0.0,0.0,55.0,10.0,1106.0,92.0,224.0,0.411,0.0,1.0,0.0,92.0,223.0,0.413,0.411,39.0,54.0,0.722,79.0,154.0,233.0,71.0,24.0,21.0,29.0,70.0,223.0,0.0,10.6,0.45,0.004,0.241,8.0,16.0,11.9,9.4,1.1,1.4,10.5,11.2,0.8,1.2,2.0,0.087,-1.2,0.0,-1.3,0.2,0.0,2004
291,Eric Piatkowski,14.3,1.5,3.9,0.377,0.9,2.5,0.352,0.6,1.4,0.42,0.49,0.3,0.3,0.875,0.2,1.3,1.5,0.5,0.3,0.1,0.6,0.9,4.1,0.0,0.0,1230.0,0.0,0.0,0.0,0.0,0.0,0.0,0.0,0.0,0.0,0.0,0.0,0.0,0.0,49.0,0.0,703.0,72.0,191.0,0.377,43.0,122.0,0.352,29.0,69.0,0.42,0.49,14.0,16.0,0.875,10.0,63.0,73.0,26.0,16.0,5.0,29.0,42.0,201.0,0.0,8.7,0.507,0.639,0.084,1.8,10.1,6.1,6.3,1.2,0.5,12.8,15.4,0.1,0.8,0.9,0.061,-1.1,0.2,-0.8,0.2,0.0,2004
292,Corie Blount,16.9,1.9,4.1,0.455,0.0,0.0,0.0,1.9,4.0,0.46,0.455,0.2,0.4,0.556,1.6,2.9,4.4,0.9,0.8,0.4,0.7,2.2,4.0,0.0,0.0,1230.0,0.0,0.0,0.0,0.0,0.0,0.0,0.0,0.0,0.0,0.0,0.0,0.0,0.0,62.0,3.0,1050.0,115.0,253.0,0.455,0.0,3.0,0.0,115.0,250.0,0.46,0.455,15.0,27.0,0.556,98.0,177.0,275.0,55.0,49.0,24.0,43.0,135.0,245.0,0.0,11.9,0.462,0.012,0.107,10.1,19.1,14.5,9.0,2.5,1.7,14.0,13.3,0.3,1.6,1.9,0.085,-2.5,1.0,-1.4,0.1,0.0,2004
293,Lonny Baxter,12.4,1.7,3.4,0.493,0.0,0.0,0.333,1.6,3.3,0.495,0.495,0.7,1.2,0.579,1.0,2.0,3.0,0.3,0.3,0.5,0.6,2.0,4.0,0.0,0.0,1230.0,0.0,0.0,0.0,0.0,0.0,0.0,0.0,0.0,0.0,0.0,0.0,0.0,0.0,62.0,5.0,766.0,103.0,209.0,0.493,1.0,3.0,0.333,102.0,206.0,0.495,0.495,44.0,76.0,0.579,64.0,123.0,187.0,20.0,17.0,29.0,38.0,123.0,251.0,0.0,12.6,0.518,0.014,0.364,9.4,18.5,13.9,4.8,1.2,2.8,13.6,17.2,0.5,1.0,1.5,0.094,-3.3,0.1,-3.2,-0.2,0.0,2004
294,Donnell Harvey,13.1,1.5,3.4,0.443,0.0,0.1,0.0,1.5,3.3,0.449,0.443,1.0,1.4,0.735,0.8,1.9,2.7,0.4,0.4,0.5,0.8,2.2,4.0,0.0,0.0,1230.0,0.0,0.0,0.0,0.0,0.0,0.0,0.0,0.0,0.0,0.0,0.0,0.0,0.0,60.0,8.0,783.0,89.0,201.0,0.443,0.0,3.0,0.0,89.0,198.0,0.449,0.443,61.0,83.0,0.735,48.0,116.0,164.0,21.0,24.0,27.0,45.0,129.0,239.0,0.0,10.4,0.503,0.015,0.413,6.9,17.0,11.9,4.3,1.6,2.5,15.9,16.3,0.2,0.5,0.7,0.043,-3.7,-0.3,-4.0,-0.4,0.0,2004
295,Devin Brown,10.8,1.5,3.4,0.434,0.1,0.2,0.286,1.4,3.1,0.445,0.444,1.0,1.3,0.811,0.7,1.6,2.2,0.6,0.3,0.1,0.7,1.1,4.0,0.0,0.0,1230.0,0.0,0.0,0.0,0.0,0.0,0.0,0.0,0.0,0.0,0.0,0.0,0.0,0.0,58.0,0.0,627.0,85.0,196.0,0.434,4.0,14.0,0.286,81.0,182.0,0.445,0.444,60.0,74.0,0.811,38.0,92.0,130.0,33.0,15.0,4.0,38.0,61.0,234.0,0.0,13.1,0.512,0.071,0.378,6.9,16.2,11.6,9.0,1.3,0.5,14.3,19.7,0.5,1.2,1.7,0.133,-1.9,0.6,-1.4,0.1,0.0,2004
296,Ben Handlogten,10.1,1.5,2.8,0.532,0.0,0.0,0.0,1.5,2.8,0.532,0.532,1.1,1.6,0.667,1.3,1.9,3.2,0.4,0.2,0.2,0.6,1.9,4.0,0.0,0.0,1230.0,0.0,0.0,0.0,0.0,0.0,0.0,0.0,0.0,0.0,0.0,0.0,0.0,0.0,17.0,0.0,172.0,25.0,47.0,0.532,0.0,0.0,0.0,25.0,47.0,0.532,0.532,18.0,27.0,0.667,22.0,33.0,55.0,6.0,3.0,4.0,10.0,32.0,68.0,0.0,17.1,0.577,0.0,0.574,15.6,24.2,19.8,6.5,1.0,2.0,14.5,18.6,0.4,0.2,0.6,0.168,-0.4,-1.6,-2.0,0.0,0.0,2004
297,Alan Henderson,11.3,1.7,3.5,0.476,0.0,0.0,0.0,1.7,3.5,0.476,0.476,0.7,1.0,0.667,1.8,1.7,3.5,0.3,0.2,0.3,0.5,0.2,4.0,0.0,0.0,1230.0,0.0,0.0,0.0,0.0,0.0,0.0,0.0,0.0,0.0,0.0,0.0,0.0,0.0,6.0,0.0,68.0,10.0,21.0,0.476,0.0,0.0,0.0,10.0,21.0,0.476,0.476,4.0,6.0,0.667,11.0,10.0,21.0,2.0,1.0,2.0,3.0,1.0,24.0,0.0,18.2,0.508,0.0,0.286,18.5,16.5,17.5,5.2,0.8,2.2,11.3,17.8,0.1,0.0,0.2,0.109,3.1,-2.1,1.0,0.1,0.0,2004
298,Chris Jefferies,9.3,1.3,3.4,0.375,0.8,2.0,0.405,0.5,1.4,0.333,0.493,0.6,1.0,0.65,0.2,1.1,1.4,0.3,0.2,0.3,0.9,1.7,4.0,0.0,0.0,1230.0,0.0,0.0,0.0,0.0,0.0,0.0,0.0,0.0,0.0,0.0,0.0,0.0,0.0,21.0,2.0,195.0,27.0,72.0,0.375,17.0,42.0,0.405,10.0,30.0,0.333,0.493,13.0,20.0,0.65,5.0,24.0,29.0,7.0,4.0,7.0,19.0,36.0,84.0,0.0,8.4,0.52,0.583,0.278,2.7,13.8,8.1,7.1,1.1,2.6,19.0,23.0,-0.2,0.2,0.0,0.0,-3.7,-0.6,-4.3,-0.1,0.0,2004
299,Ira Newble,19.5,1.7,4.3,0.391,0.0,0.3,0.105,1.7,4.0,0.412,0.395,0.6,0.7,0.783,1.0,1.4,2.4,1.1,0.4,0.3,0.8,1.7,4.0,0.0,0.0,1230.0,0.0,0.0,0.0,0.0,0.0,0.0,0.0,0.0,0.0,0.0,0.0,0.0,0.0,64.0,25.0,1245.0,108.0,276.0,0.391,2.0,19.0,0.105,106.0,257.0,0.412,0.395,36.0,46.0,0.783,65.0,90.0,155.0,72.0,25.0,19.0,54.0,109.0,254.0,0.0,6.7,0.429,0.069,0.167,5.8,8.0,6.9,8.9,1.1,1.1,15.4,12.6,-0.4,0.5,0.1,0.004,-3.4,-1.0,-4.5,-0.8,0.0,2004
300,Bryon Russell,13.1,1.4,3.4,0.402,0.6,1.6,0.384,0.8,1.8,0.417,0.49,0.7,0.9,0.769,0.4,1.6,2.0,1.0,0.4,0.2,0.5,1.5,4.0,0.0,0.0,1230.0,0.0,0.0,0.0,0.0,0.0,0.0,0.0,0.0,0.0,0.0,0.0,0.0,0.0,72.0,1.0,945.0,98.0,244.0,0.402,43.0,112.0,0.384,55.0,132.0,0.417,0.49,50.0,65.0,0.769,32.0,114.0,146.0,71.0,32.0,12.0,37.0,110.0,289.0,0.0,11.6,0.53,0.459,0.266,3.8,13.9,8.7,11.4,1.8,0.9,12.0,14.7,1.1,1.1,2.2,0.111,-0.9,0.6,-0.2,0.4,0.0,2004
301,Daniel Santiago,13.1,1.4,3.0,0.479,0.0,0.0,0.0,1.4,3.0,0.479,0.479,1.1,1.7,0.678,0.6,1.8,2.4,0.4,0.4,0.4,0.6,1.8,4.0,0.0,0.0,1230.0,0.0,0.0,0.0,0.0,0.0,0.0,0.0,0.0,0.0,0.0,0.0,0.0,0.0,54.0,28.0,708.0,78.0,163.0,0.479,0.0,0.0,0.0,78.0,163.0,0.479,0.479,61.0,90.0,0.678,35.0,97.0,132.0,24.0,19.0,21.0,32.0,98.0,217.0,0.0,11.2,0.536,0.0,0.552,5.6,15.6,10.6,5.3,1.4,2.2,13.6,15.0,0.6,0.6,1.2,0.083,-2.4,0.5,-1.9,0.0,0.0,2004
302,Danny Fortson,11.2,1.3,2.5,0.511,0.0,0.0,0.0,1.3,2.5,0.511,0.511,1.3,1.6,0.815,2.0,2.4,4.5,0.2,0.2,0.2,0.7,2.6,3.9,0.0,0.0,1230.0,0.0,0.0,0.0,0.0,0.0,0.0,0.0,0.0,0.0,0.0,0.0,0.0,0.0,56.0,20.0,625.0,71.0,139.0,0.511,0.0,0.0,0.0,71.0,139.0,0.511,0.511,75.0,92.0,0.815,114.0,136.0,250.0,9.0,12.0,11.0,37.0,148.0,217.0,0.0,15.9,0.605,0.0,0.662,19.3,24.3,21.8,2.0,1.0,1.3,17.1,15.2,1.9,0.4,2.3,0.177,-1.7,-2.4,-4.0,-0.3,0.0,2004
303,Frank Williams,12.8,1.4,3.7,0.385,0.3,1.1,0.3,1.1,2.6,0.419,0.428,0.7,0.9,0.854,0.1,0.8,0.9,2.2,0.4,0.1,1.1,1.0,3.9,0.0,0.0,1230.0,0.0,0.0,0.0,0.0,0.0,0.0,0.0,0.0,0.0,0.0,0.0,0.0,0.0,56.0,3.0,714.0,80.0,208.0,0.385,18.0,60.0,0.3,62.0,148.0,0.419,0.428,41.0,48.0,0.854,8.0,45.0,53.0,121.0,25.0,6.0,63.0,58.0,219.0,0.0,10.7,0.478,0.288,0.231,1.3,7.2,4.3,27.7,1.9,0.6,21.6,19.0,-0.1,0.5,0.3,0.023,-2.0,-0.9,-2.9,-0.2,0.0,2004
304,Željko Rebrača,11.4,1.4,3.2,0.442,0.0,0.0,0.0,1.4,3.2,0.442,0.442,1.0,1.3,0.767,1.0,1.5,2.4,0.3,0.2,0.5,0.7,2.2,3.8,0.0,0.0,1230.0,0.0,0.0,0.0,0.0,0.0,0.0,0.0,0.0,0.0,0.0,0.0,0.0,0.0,24.0,2.0,273.0,34.0,77.0,0.442,0.0,0.0,0.0,34.0,77.0,0.442,0.442,23.0,30.0,0.767,23.0,35.0,58.0,6.0,5.0,11.0,17.0,52.0,91.0,0.0,10.5,0.504,0.0,0.39,9.9,14.6,12.2,4.0,1.0,3.0,15.9,18.2,0.1,0.4,0.5,0.097,-4.5,0.6,-3.9,-0.1,0.0,2004
305,Mateen Cleaves,23.0,1.8,5.8,0.304,0.0,0.3,0.0,1.8,5.5,0.318,0.304,0.3,0.5,0.5,0.3,1.5,1.8,4.8,1.0,0.5,1.3,3.3,3.8,0.0,0.0,1230.0,0.0,0.0,0.0,0.0,0.0,0.0,0.0,0.0,0.0,0.0,0.0,0.0,0.0,4.0,2.0,92.0,7.0,23.0,0.304,0.0,1.0,0.0,7.0,22.0,0.318,0.304,1.0,2.0,0.5,1.0,6.0,7.0,19.0,4.0,2.0,5.0,13.0,15.0,0.0,6.8,0.314,0.043,0.087,1.2,7.2,4.2,31.3,2.3,1.5,17.3,14.1,-0.1,0.1,0.0,-0.024,-4.8,-0.3,-5.2,-0.1,0.0,2004
306,Jacque Vaughn,17.9,1.5,3.9,0.386,0.0,0.3,0.15,1.5,3.6,0.405,0.392,0.7,1.0,0.779,0.2,1.5,1.6,2.7,0.6,0.0,1.2,1.8,3.8,0.0,0.0,1230.0,0.0,0.0,0.0,0.0,0.0,0.0,0.0,0.0,0.0,0.0,0.0,0.0,0.0,71.0,6.0,1271.0,107.0,277.0,0.386,3.0,20.0,0.15,104.0,257.0,0.405,0.392,53.0,68.0,0.779,12.0,104.0,116.0,195.0,44.0,2.0,84.0,126.0,270.0,0.0,8.0,0.44,0.072,0.245,1.1,9.2,5.2,24.5,1.8,0.1,21.5,14.0,-0.5,0.4,0.0,-0.002,-4.4,-0.6,-5.0,-1.0,0.0,2004
307,David West,13.1,1.5,3.2,0.474,0.0,0.0,0.0,1.5,3.2,0.478,0.474,0.8,1.1,0.713,1.6,2.5,4.2,0.8,0.4,0.4,0.7,1.6,3.8,0.0,0.0,1230.0,0.0,0.0,0.0,0.0,0.0,0.0,0.0,0.0,0.0,0.0,0.0,0.0,0.0,71.0,1.0,930.0,108.0,228.0,0.474,0.0,2.0,0.0,108.0,226.0,0.478,0.474,57.0,80.0,0.713,117.0,180.0,297.0,60.0,27.0,28.0,48.0,117.0,273.0,0.0,15.9,0.519,0.009,0.351,14.0,22.6,18.2,11.1,1.6,2.3,15.4,15.3,1.4,1.3,2.8,0.143,-0.8,0.3,-0.5,0.4,0.0,2004
308,Roger Mason,12.6,1.2,3.8,0.327,0.5,1.5,0.333,0.7,2.3,0.322,0.393,0.7,0.8,0.864,0.0,1.2,1.2,1.0,0.4,0.2,0.8,1.4,3.7,0.0,0.0,1230.0,0.0,0.0,0.0,0.0,0.0,0.0,0.0,0.0,0.0,0.0,0.0,0.0,0.0,26.0,3.0,328.0,32.0,98.0,0.327,13.0,39.0,0.333,19.0,59.0,0.322,0.393,19.0,22.0,0.864,1.0,30.0,31.0,26.0,11.0,6.0,20.0,36.0,96.0,0.0,7.7,0.446,0.398,0.224,0.3,10.6,5.4,14.0,1.8,1.3,15.7,18.7,-0.3,0.4,0.1,0.008,-4.0,0.5,-3.5,-0.1,0.0,2004
309,Doug Overton,16.9,1.6,4.0,0.404,0.0,0.4,0.13,1.6,3.6,0.432,0.41,0.4,0.5,0.742,0.3,1.1,1.4,2.3,0.4,0.0,1.0,1.5,3.7,0.0,0.0,1230.0,0.0,0.0,0.0,0.0,0.0,0.0,0.0,0.0,0.0,0.0,0.0,0.0,0.0,61.0,11.0,1033.0,99.0,245.0,0.404,3.0,23.0,0.13,96.0,222.0,0.432,0.41,23.0,31.0,0.742,16.0,70.0,86.0,138.0,26.0,2.0,58.0,89.0,224.0,0.0,7.5,0.433,0.094,0.127,1.7,7.8,4.7,21.7,1.3,0.1,18.3,13.6,-0.2,-0.1,-0.3,-0.016,-3.5,-1.4,-4.9,-0.8,0.0,2004
310,Melvin Ely,12.1,1.6,3.6,0.431,0.0,0.0,0.0,1.6,3.6,0.434,0.431,0.6,1.0,0.595,1.1,1.3,2.4,0.5,0.2,0.4,0.5,1.6,3.7,0.0,0.0,1230.0,0.0,0.0,0.0,0.0,0.0,0.0,0.0,0.0,0.0,0.0,0.0,0.0,0.0,42.0,2.0,510.0,66.0,153.0,0.431,0.0,1.0,0.0,66.0,152.0,0.434,0.431,25.0,42.0,0.595,48.0,53.0,101.0,22.0,9.0,17.0,20.0,68.0,157.0,0.0,11.1,0.458,0.007,0.275,10.6,11.9,11.3,7.4,0.9,2.4,10.4,16.6,0.3,0.1,0.4,0.039,-1.9,-1.5,-3.3,-0.2,0.0,2004
311,Zendon Hamilton,10.3,1.1,2.1,0.537,0.0,0.0,0.0,1.1,2.1,0.537,0.537,1.5,2.1,0.698,1.1,2.1,3.2,0.3,0.2,0.2,0.6,1.6,3.7,0.0,0.0,1230.0,0.0,0.0,0.0,0.0,0.0,0.0,0.0,0.0,0.0,0.0,0.0,0.0,0.0,46.0,0.0,473.0,51.0,95.0,0.537,0.0,0.0,0.0,51.0,95.0,0.537,0.537,67.0,96.0,0.698,49.0,97.0,146.0,13.0,8.0,8.0,27.0,74.0,169.0,0.0,15.9,0.616,0.0,1.011,12.3,23.9,18.2,4.8,0.9,1.3,16.4,16.3,1.1,0.6,1.8,0.178,-1.0,-0.5,-1.5,0.1,0.0,2004
312,Shane Heal,12.0,1.2,4.0,0.292,0.7,3.0,0.222,0.5,1.0,0.5,0.375,0.7,0.8,0.8,0.2,0.5,0.7,0.8,0.2,0.0,0.8,0.3,3.7,0.0,0.0,1230.0,0.0,0.0,0.0,0.0,0.0,0.0,0.0,0.0,0.0,0.0,0.0,0.0,0.0,6.0,0.0,72.0,7.0,24.0,0.292,4.0,18.0,0.222,3.0,6.0,0.5,0.375,4.0,5.0,0.8,1.0,3.0,4.0,5.0,1.0,0.0,5.0,2.0,22.0,0.0,5.3,0.42,0.75,0.208,1.6,4.6,3.1,11.2,0.7,0.0,16.0,20.0,-0.1,0.1,0.0,-0.006,-3.2,-0.4,-3.6,0.0,0.0,2004
313,Glen Rice,14.6,1.2,4.2,0.289,0.3,1.6,0.179,0.9,2.7,0.354,0.322,0.9,0.9,1.0,0.5,1.8,2.3,1.3,0.3,0.0,0.7,1.2,3.7,0.0,0.0,1230.0,0.0,0.0,0.0,0.0,0.0,0.0,0.0,0.0,0.0,0.0,0.0,0.0,0.0,18.0,0.0,262.0,22.0,76.0,0.289,5.0,28.0,0.179,17.0,48.0,0.354,0.322,17.0,17.0,1.0,9.0,32.0,41.0,24.0,6.0,0.0,13.0,22.0,66.0,0.0,7.3,0.395,0.368,0.224,3.9,14.0,8.9,14.6,1.2,0.0,13.5,16.3,-0.1,0.0,-0.1,-0.017,-3.1,-1.3,-4.4,-0.2,0.0,2004
314,Curtis Borchardt,16.1,1.4,3.5,0.393,0.0,0.1,0.0,1.4,3.4,0.4,0.393,0.9,1.1,0.778,0.8,2.6,3.4,0.9,0.3,0.9,1.1,2.5,3.6,0.0,0.0,1230.0,0.0,0.0,0.0,0.0,0.0,0.0,0.0,0.0,0.0,0.0,0.0,0.0,0.0,16.0,0.0,258.0,22.0,56.0,0.393,0.0,1.0,0.0,22.0,55.0,0.4,0.393,14.0,18.0,0.778,13.0,41.0,54.0,15.0,4.0,14.0,18.0,40.0,58.0,0.0,7.9,0.454,0.018,0.321,6.2,20.0,13.0,9.8,0.9,4.6,22.0,14.8,-0.2,0.3,0.1,0.026,-4.4,1.4,-3.0,-0.1,0.0,2004
315,Mark Madsen,17.3,1.4,2.8,0.495,0.0,0.1,0.0,1.4,2.8,0.51,0.495,0.8,1.6,0.483,1.9,1.9,3.8,0.4,0.5,0.3,0.7,2.4,3.6,0.0,0.0,1230.0,0.0,0.0,0.0,0.0,0.0,0.0,0.0,0.0,0.0,0.0,0.0,0.0,0.0,72.0,12.0,1246.0,101.0,204.0,0.495,0.0,6.0,0.0,101.0,198.0,0.51,0.495,57.0,118.0,0.483,134.0,138.0,272.0,28.0,33.0,18.0,47.0,175.0,259.0,0.0,9.4,0.506,0.029,0.578,13.0,12.0,12.5,3.3,1.4,1.0,15.5,11.5,1.1,1.5,2.7,0.103,-2.9,0.0,-2.9,-0.3,0.0,2004
316,Qyntel Woods,10.9,1.4,3.8,0.371,0.2,0.5,0.345,1.3,3.4,0.375,0.392,0.6,1.0,0.633,0.7,1.5,2.2,0.7,0.3,0.2,0.8,1.4,3.6,0.0,0.0,1230.0,0.0,0.0,0.0,0.0,0.0,0.0,0.0,0.0,0.0,0.0,0.0,0.0,0.0,62.0,8.0,673.0,88.0,237.0,0.371,10.0,29.0,0.345,78.0,208.0,0.375,0.392,38.0,60.0,0.633,46.0,90.0,136.0,46.0,20.0,14.0,52.0,88.0,224.0,0.0,9.4,0.425,0.122,0.253,8.2,15.8,12.0,11.5,1.7,1.6,16.5,22.2,-0.7,0.5,-0.2,-0.012,-4.1,-0.8,-4.8,-0.5,0.0,2004
317,Moochie Norris,12.8,1.2,3.3,0.369,0.3,0.9,0.345,0.9,2.4,0.377,0.415,0.8,1.1,0.761,0.2,0.8,1.0,1.8,0.7,0.1,1.0,0.8,3.5,0.0,0.0,1230.0,0.0,0.0,0.0,0.0,0.0,0.0,0.0,0.0,0.0,0.0,0.0,0.0,0.0,66.0,0.0,847.0,80.0,217.0,0.369,20.0,58.0,0.345,60.0,159.0,0.377,0.415,54.0,71.0,0.761,10.0,55.0,65.0,121.0,44.0,5.0,64.0,51.0,234.0,0.0,10.9,0.471,0.267,0.327,1.4,7.3,4.5,23.4,2.8,0.4,20.5,17.3,-0.1,0.9,0.8,0.045,-1.9,0.8,-1.1,0.2,0.0,2004
318,Mamadou N'Diaye,13.1,1.0,2.5,0.391,0.0,0.0,0.0,1.0,2.5,0.391,0.391,1.6,2.1,0.746,1.5,2.5,4.0,0.0,0.3,0.9,0.6,2.1,3.5,0.0,0.0,1230.0,0.0,0.0,0.0,0.0,0.0,0.0,0.0,0.0,0.0,0.0,0.0,0.0,0.0,28.0,1.0,366.0,27.0,69.0,0.391,0.0,0.0,0.0,27.0,69.0,0.391,0.391,44.0,59.0,0.746,43.0,69.0,112.0,0.0,8.0,25.0,18.0,59.0,98.0,0.0,12.9,0.516,0.0,0.855,13.4,21.1,17.3,0.0,1.2,5.0,15.9,14.0,0.4,0.4,0.8,0.104,-3.9,-1.4,-5.3,-0.3,0.0,2004
319,Francisco Elson,14.1,1.5,3.2,0.472,0.0,0.0,0.0,1.5,3.2,0.475,0.472,0.5,0.7,0.667,1.0,2.2,3.3,0.5,0.6,0.6,0.6,2.3,3.5,0.0,0.0,1230.0,0.0,0.0,0.0,0.0,0.0,0.0,0.0,0.0,0.0,0.0,0.0,0.0,0.0,62.0,14.0,875.0,94.0,199.0,0.472,0.0,1.0,0.0,94.0,198.0,0.475,0.472,30.0,45.0,0.667,65.0,138.0,203.0,32.0,35.0,39.0,35.0,145.0,218.0,0.0,11.2,0.498,0.005,0.226,8.3,18.1,13.1,5.6,2.1,3.1,13.8,12.7,0.6,1.2,1.8,0.097,-3.2,1.4,-1.8,0.0,0.0,2004
320,Brandon Hunter,11.3,1.5,3.2,0.457,0.0,0.1,0.0,1.5,3.1,0.469,0.457,0.5,1.2,0.442,1.4,1.9,3.3,0.5,0.4,0.0,0.6,1.1,3.5,0.0,0.0,1230.0,0.0,0.0,0.0,0.0,0.0,0.0,0.0,0.0,0.0,0.0,0.0,0.0,0.0,36.0,12.0,406.0,53.0,116.0,0.457,0.0,3.0,0.0,53.0,113.0,0.469,0.457,19.0,43.0,0.442,50.0,68.0,118.0,19.0,13.0,1.0,22.0,40.0,125.0,0.0,12.6,0.463,0.026,0.371,14.4,18.8,16.6,7.9,1.6,0.2,14.0,17.6,0.2,0.4,0.6,0.066,-1.1,-1.3,-2.4,0.0,0.0,2004
321,Lindsey Hunter,20.0,1.5,4.3,0.343,0.4,1.5,0.28,1.1,2.8,0.376,0.392,0.2,0.2,0.625,0.4,1.6,2.0,2.6,1.2,0.2,1.0,1.4,3.5,0.0,0.0,1230.0,0.0,0.0,0.0,0.0,0.0,0.0,0.0,0.0,0.0,0.0,0.0,0.0,0.0,33.0,8.0,661.0,49.0,143.0,0.343,14.0,50.0,0.28,35.0,93.0,0.376,0.392,5.0,8.0,0.625,13.0,54.0,67.0,85.0,39.0,6.0,34.0,45.0,117.0,0.0,9.0,0.399,0.35,0.056,2.3,9.3,5.9,20.7,3.2,0.7,18.8,12.8,-0.4,1.3,0.9,0.067,-3.4,3.1,-0.2,0.3,0.0,2004
322,Jason Kapono,10.4,1.3,3.1,0.403,0.5,1.1,0.477,0.8,2.1,0.365,0.484,0.5,0.6,0.833,0.5,0.9,1.3,0.3,0.3,0.0,0.5,1.0,3.5,0.0,0.0,1230.0,0.0,0.0,0.0,0.0,0.0,0.0,0.0,0.0,0.0,0.0,0.0,0.0,0.0,41.0,3.0,427.0,52.0,129.0,0.403,21.0,44.0,0.477,31.0,85.0,0.365,0.484,20.0,24.0,0.833,19.0,36.0,55.0,14.0,13.0,2.0,21.0,41.0,145.0,0.0,10.2,0.519,0.341,0.186,4.9,9.3,7.1,5.3,1.6,0.3,13.1,16.8,0.3,0.2,0.5,0.056,-1.5,-1.1,-2.6,-0.1,0.0,2004
323,Brian Scalabrine,13.4,1.2,3.2,0.394,0.1,0.6,0.244,1.1,2.6,0.429,0.417,0.8,1.0,0.829,0.6,1.9,2.5,0.9,0.3,0.2,0.6,1.6,3.5,0.0,0.0,1230.0,0.0,0.0,0.0,0.0,0.0,0.0,0.0,0.0,0.0,0.0,0.0,0.0,0.0,69.0,2.0,928.0,86.0,218.0,0.394,10.0,41.0,0.244,76.0,177.0,0.429,0.417,58.0,70.0,0.829,42.0,131.0,173.0,65.0,21.0,14.0,42.0,113.0,240.0,0.0,9.5,0.482,0.188,0.321,5.4,16.6,11.0,11.3,1.2,1.2,14.4,14.7,0.3,1.4,1.7,0.089,-3.2,0.7,-2.6,-0.1,0.0,2004
324,Ansu Sesay,10.2,1.4,3.1,0.455,0.1,0.4,0.286,1.3,2.8,0.478,0.472,0.6,0.8,0.696,0.8,0.9,1.6,0.3,0.3,0.4,0.4,1.2,3.5,0.0,0.0,1230.0,0.0,0.0,0.0,0.0,0.0,0.0,0.0,0.0,0.0,0.0,0.0,0.0,0.0,57.0,2.0,583.0,81.0,178.0,0.455,6.0,21.0,0.286,75.0,157.0,0.478,0.472,32.0,46.0,0.696,43.0,49.0,92.0,19.0,19.0,20.0,23.0,66.0,200.0,0.0,13.0,0.504,0.118,0.258,8.8,9.8,9.3,5.4,1.7,2.6,10.4,17.6,0.6,0.2,0.8,0.065,-1.5,-1.0,-2.5,-0.1,0.0,2004
325,Chris Andersen,14.5,1.3,2.9,0.443,0.0,0.0,0.0,1.3,2.8,0.446,0.443,0.9,1.5,0.589,1.3,2.9,4.2,0.5,0.5,1.6,0.7,1.7,3.4,0.0,0.0,1230.0,0.0,0.0,0.0,0.0,0.0,0.0,0.0,0.0,0.0,0.0,0.0,0.0,0.0,71.0,0.0,1029.0,90.0,203.0,0.443,0.0,1.0,0.0,90.0,202.0,0.446,0.443,63.0,107.0,0.589,89.0,209.0,298.0,35.0,34.0,114.0,48.0,119.0,243.0,0.0,14.4,0.486,0.005,0.527,9.6,23.3,16.3,5.1,1.7,7.8,16.1,12.7,0.5,1.9,2.4,0.111,-2.2,2.7,0.4,0.6,0.0,2004
326,Richie Frahm,8.7,1.2,2.6,0.453,0.6,1.7,0.37,0.5,0.9,0.617,0.576,0.4,0.5,0.885,0.2,0.8,1.0,0.4,0.3,0.1,0.1,0.9,3.4,0.0,0.0,1230.0,0.0,0.0,0.0,0.0,0.0,0.0,0.0,0.0,0.0,0.0,0.0,0.0,0.0,54.0,0.0,469.0,63.0,139.0,0.453,34.0,92.0,0.37,29.0,47.0,0.617,0.576,23.0,26.0,0.885,12.0,44.0,56.0,24.0,16.0,4.0,7.0,50.0,183.0,0.0,15.7,0.608,0.662,0.187,3.0,11.0,7.0,8.4,1.8,0.6,4.4,15.5,1.4,0.1,1.5,0.152,1.9,-0.6,1.4,0.4,0.0,2004
327,Sean Lampley,6.3,1.3,2.0,0.65,0.0,0.0,0.0,1.3,2.0,0.65,0.65,0.8,1.2,0.667,0.2,0.9,1.1,0.2,0.0,0.1,0.3,0.2,3.4,0.0,0.0,1230.0,0.0,0.0,0.0,0.0,0.0,0.0,0.0,0.0,0.0,0.0,0.0,0.0,0.0,10.0,0.0,63.0,13.0,20.0,0.65,0.0,0.0,0.0,13.0,20.0,0.65,0.65,8.0,12.0,0.667,2.0,9.0,11.0,2.0,0.0,1.0,3.0,2.0,34.0,0.0,21.6,0.672,0.0,0.6,3.6,16.1,9.8,6.1,0.0,1.1,10.6,20.7,0.2,0.0,0.2,0.189,3.8,-0.7,3.1,0.1,0.0,2004
328,Darrick Martin,10.8,1.3,4.2,0.299,0.4,1.6,0.231,0.9,2.6,0.341,0.343,0.6,0.6,1.0,0.1,0.3,0.4,1.4,0.1,0.1,0.4,1.4,3.4,0.0,0.0,1230.0,0.0,0.0,0.0,0.0,0.0,0.0,0.0,0.0,0.0,0.0,0.0,0.0,0.0,16.0,0.0,172.0,20.0,67.0,0.299,6.0,26.0,0.231,14.0,41.0,0.341,0.343,9.0,9.0,1.0,2.0,5.0,7.0,23.0,2.0,1.0,7.0,23.0,55.0,0.0,6.1,0.388,0.388,0.134,1.4,3.2,2.3,20.5,0.6,0.4,9.0,21.4,-0.1,0.1,0.0,-0.008,-5.0,-2.2,-7.2,-0.2,0.0,2004
329,Scott Padgett,9.4,1.3,2.9,0.443,0.5,1.1,0.431,0.8,1.8,0.451,0.527,0.4,0.6,0.75,0.8,1.6,2.4,0.4,0.2,0.2,0.4,1.3,3.4,0.0,0.0,1230.0,0.0,0.0,0.0,0.0,0.0,0.0,0.0,0.0,0.0,0.0,0.0,0.0,0.0,58.0,5.0,547.0,74.0,167.0,0.443,28.0,65.0,0.431,46.0,102.0,0.451,0.527,24.0,32.0,0.75,46.0,93.0,139.0,23.0,12.0,13.0,22.0,73.0,200.0,0.0,15.6,0.552,0.389,0.192,10.5,19.1,15.0,7.6,1.2,1.8,10.8,17.7,1.1,0.9,1.9,0.17,1.0,0.6,1.7,0.5,0.0,2004
330,Kevin Willis,7.8,1.5,3.1,0.467,0.0,0.0,0.0,1.5,3.1,0.47,0.467,0.5,0.8,0.615,0.8,1.3,2.0,0.2,0.4,0.2,0.7,1.3,3.4,0.0,0.0,1230.0,0.0,0.0,0.0,0.0,0.0,0.0,0.0,0.0,0.0,0.0,0.0,0.0,0.0,48.0,0.0,373.0,70.0,150.0,0.467,0.0,1.0,0.0,70.0,149.0,0.47,0.467,24.0,39.0,0.615,37.0,61.0,98.0,11.0,21.0,9.0,32.0,61.0,164.0,0.0,14.9,0.491,0.007,0.26,11.2,18.1,14.7,5.5,3.0,1.8,16.1,24.7,-0.1,1.0,0.9,0.111,-3.4,1.5,-1.9,0.0,0.0,2004
331,J.R. Bremer,12.3,1.2,4.4,0.272,0.5,2.1,0.257,0.7,2.3,0.286,0.332,0.4,0.6,0.65,0.3,0.8,1.0,1.4,0.5,0.1,0.7,0.9,3.3,0.0,0.0,1230.0,0.0,0.0,0.0,0.0,0.0,0.0,0.0,0.0,0.0,0.0,0.0,0.0,0.0,36.0,2.0,443.0,43.0,158.0,0.272,19.0,74.0,0.257,24.0,84.0,0.286,0.332,13.0,20.0,0.65,9.0,27.0,36.0,51.0,18.0,4.0,24.0,32.0,118.0,0.0,6.2,0.354,0.468,0.127,2.3,6.7,4.5,18.1,2.1,0.6,12.6,19.4,-0.7,0.3,-0.5,-0.053,-4.3,-0.9,-5.2,-0.4,0.0,2004
332,Shawn Bradley,11.7,1.3,2.8,0.473,0.0,0.0,0.0,1.3,2.8,0.476,0.473,0.6,0.7,0.837,1.1,1.5,2.6,0.3,0.5,1.1,0.3,2.0,3.3,0.0,0.0,1230.0,0.0,0.0,0.0,0.0,0.0,0.0,0.0,0.0,0.0,0.0,0.0,0.0,0.0,66.0,5.0,773.0,89.0,188.0,0.473,0.0,1.0,0.0,89.0,187.0,0.476,0.473,41.0,49.0,0.837,72.0,101.0,173.0,20.0,33.0,74.0,17.0,130.0,219.0,0.0,15.6,0.523,0.005,0.261,9.9,14.6,12.2,3.6,2.2,7.1,7.5,12.8,1.5,0.9,2.3,0.145,-1.5,1.6,0.1,0.4,0.0,2004
333,Mitchell Butler,13.5,1.3,3.0,0.435,0.3,0.7,0.367,1.0,2.3,0.457,0.48,0.4,0.6,0.625,0.6,1.1,1.7,0.8,0.5,0.1,0.6,1.3,3.3,0.0,0.0,1230.0,0.0,0.0,0.0,0.0,0.0,0.0,0.0,0.0,0.0,0.0,0.0,0.0,0.0,41.0,4.0,552.0,54.0,124.0,0.435,11.0,30.0,0.367,43.0,94.0,0.457,0.48,15.0,24.0,0.625,24.0,47.0,71.0,32.0,22.0,4.0,24.0,54.0,134.0,0.0,9.3,0.498,0.242,0.194,4.7,9.8,7.2,9.7,2.1,0.5,15.1,12.7,0.2,0.3,0.5,0.048,-2.5,0.2,-2.3,0.0,0.0,2004
334,Jason Hart,12.5,1.3,3.0,0.447,0.0,0.2,0.222,1.3,2.8,0.46,0.453,0.6,0.8,0.767,0.2,1.3,1.5,1.5,0.5,0.1,0.5,1.1,3.3,0.0,0.0,1230.0,0.0,0.0,0.0,0.0,0.0,0.0,0.0,0.0,0.0,0.0,0.0,0.0,0.0,53.0,5.0,660.0,71.0,159.0,0.447,2.0,9.0,0.222,69.0,150.0,0.46,0.453,33.0,43.0,0.767,10.0,69.0,79.0,81.0,28.0,5.0,29.0,59.0,177.0,0.0,12.3,0.497,0.057,0.27,1.7,11.5,6.7,20.1,2.3,0.6,14.0,14.5,0.6,1.3,1.9,0.139,-2.8,3.0,0.2,0.4,0.0,2004
335,Zaza Pachulia,11.3,1.2,3.0,0.389,0.0,0.0,0.0,1.2,3.0,0.389,0.389,1.0,1.5,0.644,1.2,1.8,2.9,0.2,0.4,0.2,0.6,1.5,3.3,0.0,0.0,1230.0,0.0,0.0,0.0,0.0,0.0,0.0,0.0,0.0,0.0,0.0,0.0,0.0,0.0,59.0,2.0,664.0,68.0,175.0,0.389,0.0,0.0,0.0,68.0,175.0,0.389,0.389,58.0,90.0,0.644,69.0,105.0,174.0,13.0,21.0,12.0,34.0,87.0,194.0,0.0,10.8,0.452,0.0,0.514,11.5,18.3,14.9,3.1,1.7,1.3,13.7,16.9,0.1,0.2,0.3,0.023,-3.3,-2.5,-5.8,-0.6,0.0,2004
336,Andrew DeClercq,17.1,1.3,2.7,0.477,0.0,0.0,0.0,1.3,2.7,0.477,0.477,0.6,0.8,0.815,1.8,2.6,4.5,0.6,0.7,0.5,0.8,3.1,3.2,0.0,0.0,1230.0,0.0,0.0,0.0,0.0,0.0,0.0,0.0,0.0,0.0,0.0,0.0,0.0,0.0,71.0,53.0,1211.0,93.0,195.0,0.477,0.0,0.0,0.0,93.0,195.0,0.477,0.477,44.0,54.0,0.815,131.0,186.0,317.0,44.0,47.0,32.0,54.0,217.0,230.0,0.0,10.6,0.526,0.0,0.277,12.0,17.8,14.8,5.5,2.1,1.9,19.8,10.2,1.1,0.6,1.7,0.069,-3.2,-0.4,-3.6,-0.5,0.0,2004
337,Steven Hunter,13.4,1.4,2.6,0.529,0.0,0.0,0.0,1.4,2.6,0.529,0.529,0.4,1.2,0.333,0.9,2.0,2.9,0.2,0.1,1.2,0.5,1.7,3.2,0.0,0.0,1230.0,0.0,0.0,0.0,0.0,0.0,0.0,0.0,0.0,0.0,0.0,0.0,0.0,0.0,59.0,23.0,789.0,82.0,155.0,0.529,0.0,0.0,0.0,82.0,155.0,0.529,0.529,23.0,69.0,0.333,54.0,116.0,170.0,12.0,5.0,73.0,29.0,101.0,187.0,0.0,11.2,0.504,0.0,0.445,7.6,17.0,12.2,2.4,0.3,6.7,13.5,12.3,0.3,0.3,0.6,0.034,-3.1,0.0,-3.0,-0.2,0.0,2004
338,Desmond Penigar,8.9,1.4,2.8,0.5,0.0,0.0,0.0,1.4,2.8,0.5,0.5,0.4,0.4,1.0,0.6,1.8,2.4,0.3,0.2,0.2,0.6,1.4,3.2,0.0,0.0,1230.0,0.0,0.0,0.0,0.0,0.0,0.0,0.0,0.0,0.0,0.0,0.0,0.0,0.0,10.0,0.0,89.0,14.0,28.0,0.5,0.0,0.0,0.0,14.0,28.0,0.5,0.5,4.0,4.0,1.0,6.0,18.0,24.0,3.0,2.0,2.0,6.0,14.0,32.0,0.0,12.9,0.538,0.0,0.143,7.5,23.4,15.3,5.9,1.2,1.6,16.8,18.2,0.0,0.0,0.1,0.049,-3.7,-1.2,-4.8,-0.1,0.0,2004
339,Samaki Walker,12.7,1.2,3.0,0.384,0.0,0.1,0.0,1.2,2.9,0.392,0.384,0.9,1.3,0.659,1.3,2.1,3.4,0.2,0.3,0.3,0.5,1.6,3.2,0.0,0.0,1230.0,0.0,0.0,0.0,0.0,0.0,0.0,0.0,0.0,0.0,0.0,0.0,0.0,0.0,33.0,0.0,418.0,38.0,99.0,0.384,0.0,2.0,0.0,38.0,97.0,0.392,0.384,29.0,44.0,0.659,42.0,70.0,112.0,6.0,9.0,11.0,15.0,54.0,105.0,0.0,10.4,0.444,0.02,0.444,11.6,19.7,15.6,2.4,1.2,2.1,11.2,15.0,0.1,0.6,0.7,0.08,-3.0,-0.5,-3.5,-0.2,0.0,2004
340,Loren Woods,13.3,1.2,2.5,0.458,0.0,0.0,0.0,1.2,2.5,0.458,0.458,0.9,1.4,0.6,1.7,1.8,3.5,0.3,0.3,0.5,0.7,1.4,3.2,0.0,0.0,1230.0,0.0,0.0,0.0,0.0,0.0,0.0,0.0,0.0,0.0,0.0,0.0,0.0,0.0,38.0,2.0,506.0,44.0,96.0,0.458,0.0,0.0,0.0,44.0,96.0,0.458,0.458,33.0,55.0,0.6,65.0,69.0,134.0,10.0,11.0,19.0,26.0,52.0,121.0,0.0,12.3,0.503,0.0,0.573,14.8,16.1,15.4,3.3,1.2,3.0,17.8,13.6,0.4,0.6,1.1,0.1,-1.6,-0.6,-2.2,0.0,0.0,2004
341,Greg Buckner,13.3,1.2,3.3,0.377,0.2,0.8,0.273,1.0,2.5,0.412,0.411,0.4,0.5,0.741,0.5,1.4,1.9,0.8,0.4,0.1,0.6,1.5,3.1,0.0,0.0,1230.0,0.0,0.0,0.0,0.0,0.0,0.0,0.0,0.0,0.0,0.0,0.0,0.0,0.0,53.0,3.0,703.0,66.0,175.0,0.377,12.0,44.0,0.273,54.0,131.0,0.412,0.411,20.0,27.0,0.741,28.0,75.0,103.0,45.0,21.0,4.0,34.0,77.0,164.0,0.0,7.4,0.439,0.251,0.154,4.7,12.4,8.6,11.0,1.6,0.4,15.4,14.8,-0.3,0.7,0.3,0.024,-3.8,0.3,-3.5,-0.3,0.0,2004
342,Adonal Foyle,13.0,1.3,3.0,0.454,0.0,0.0,0.0,1.3,3.0,0.454,0.454,0.4,0.8,0.543,1.2,2.6,3.8,0.4,0.1,1.0,0.5,1.5,3.1,0.0,0.0,1230.0,0.0,0.0,0.0,0.0,0.0,0.0,0.0,0.0,0.0,0.0,0.0,0.0,0.0,44.0,8.0,572.0,59.0,130.0,0.454,0.0,0.0,0.0,59.0,130.0,0.454,0.454,19.0,35.0,0.543,54.0,113.0,167.0,17.0,6.0,46.0,21.0,68.0,137.0,0.0,13.0,0.471,0.0,0.269,10.6,22.3,16.4,4.8,0.6,5.8,12.6,13.4,0.3,0.8,1.1,0.093,-2.3,1.2,-1.1,0.1,0.0,2004
343,Boštjan Nachbar,11.5,1.0,2.9,0.356,0.5,1.4,0.365,0.5,1.5,0.348,0.443,0.5,0.6,0.724,0.2,1.4,1.6,0.7,0.3,0.3,0.5,1.6,3.1,0.0,0.0,1230.0,0.0,0.0,0.0,0.0,0.0,0.0,0.0,0.0,0.0,0.0,0.0,0.0,0.0,45.0,3.0,516.0,47.0,132.0,0.356,23.0,63.0,0.365,24.0,69.0,0.348,0.443,21.0,29.0,0.724,8.0,62.0,70.0,30.0,14.0,14.0,23.0,72.0,138.0,0.0,8.3,0.477,0.477,0.22,1.9,13.5,8.0,9.8,1.5,2.1,13.7,15.5,0.0,0.8,0.8,0.071,-3.0,1.8,-1.2,0.1,0.0,2004
344,Zoran Planinić,9.7,1.1,2.6,0.411,0.2,0.7,0.281,0.9,2.0,0.454,0.446,0.8,1.2,0.633,0.3,0.8,1.1,1.4,0.3,0.1,0.7,1.4,3.1,0.0,0.0,1230.0,0.0,0.0,0.0,0.0,0.0,0.0,0.0,0.0,0.0,0.0,0.0,0.0,0.0,49.0,1.0,473.0,53.0,129.0,0.411,9.0,32.0,0.281,44.0,97.0,0.454,0.446,38.0,60.0,0.633,14.0,41.0,55.0,68.0,13.0,3.0,36.0,70.0,153.0,0.0,10.0,0.492,0.248,0.465,3.5,10.2,6.9,23.9,1.5,0.5,18.8,19.0,0.1,0.6,0.7,0.068,-3.3,-0.1,-3.4,-0.2,0.0,2004
345,Rick Brunson,10.3,1.0,2.6,0.381,0.3,0.6,0.478,0.7,2.1,0.354,0.433,0.7,0.8,0.871,0.2,0.7,0.9,2.1,0.6,0.1,0.8,1.1,3.0,0.0,0.0,1230.0,0.0,0.0,0.0,0.0,0.0,0.0,0.0,0.0,0.0,0.0,0.0,0.0,0.0,40.0,0.0,412.0,40.0,105.0,0.381,11.0,23.0,0.478,29.0,82.0,0.354,0.433,27.0,31.0,0.871,9.0,28.0,37.0,82.0,25.0,3.0,33.0,44.0,118.0,0.0,13.1,0.497,0.219,0.295,2.3,7.6,4.9,32.8,3.2,0.5,21.8,16.5,0.2,0.4,0.6,0.075,-1.3,1.2,-0.1,0.2,0.0,2004
346,Marcus Haislip,8.5,1.2,2.4,0.486,0.0,0.1,0.5,1.1,2.3,0.486,0.493,0.6,0.9,0.714,0.7,1.0,1.7,0.1,0.2,0.4,0.3,0.8,3.0,0.0,0.0,1230.0,0.0,0.0,0.0,0.0,0.0,0.0,0.0,0.0,0.0,0.0,0.0,0.0,0.0,31.0,0.0,263.0,36.0,74.0,0.486,1.0,2.0,0.5,35.0,72.0,0.486,0.493,20.0,28.0,0.714,21.0,32.0,53.0,4.0,6.0,12.0,9.0,25.0,93.0,0.0,14.6,0.539,0.027,0.378,9.1,13.8,11.4,2.5,1.2,3.3,9.4,16.4,0.4,0.2,0.6,0.113,-0.8,-0.1,-0.9,0.1,0.0,2004
347,Travis Hansen,12.4,1.1,3.2,0.354,0.2,0.7,0.3,0.9,2.4,0.37,0.388,0.5,0.7,0.815,0.7,1.0,1.7,0.5,0.2,0.2,0.4,1.6,3.0,0.0,0.0,1230.0,0.0,0.0,0.0,0.0,0.0,0.0,0.0,0.0,0.0,0.0,0.0,0.0,0.0,41.0,4.0,507.0,46.0,130.0,0.354,9.0,30.0,0.3,37.0,100.0,0.37,0.388,22.0,27.0,0.815,30.0,40.0,70.0,19.0,10.0,9.0,15.0,67.0,123.0,0.0,7.2,0.433,0.231,0.208,6.8,8.8,7.8,6.0,1.0,1.3,9.6,14.1,0.1,0.1,0.2,0.019,-3.8,-2.4,-6.2,-0.5,0.0,2004
348,Eduardo Nájera,12.4,1.2,2.8,0.444,0.0,0.1,0.5,1.2,2.7,0.443,0.451,0.5,0.8,0.652,1.2,1.5,2.7,0.4,0.6,0.3,0.5,1.6,3.0,0.0,0.0,1230.0,0.0,0.0,0.0,0.0,0.0,0.0,0.0,0.0,0.0,0.0,0.0,0.0,0.0,58.0,7.0,720.0,72.0,162.0,0.444,2.0,4.0,0.5,70.0,158.0,0.443,0.451,30.0,46.0,0.652,67.0,89.0,156.0,25.0,35.0,19.0,29.0,90.0,176.0,0.0,11.5,0.483,0.025,0.284,9.9,13.8,11.8,4.7,2.5,2.0,13.7,12.8,0.6,0.5,1.1,0.074,-1.8,0.5,-1.3,0.1,0.0,2004
349,Paul Shirley,12.3,1.4,3.3,0.435,0.0,0.1,0.0,1.4,3.1,0.455,0.435,0.1,0.4,0.333,1.1,1.1,2.3,0.6,0.1,0.1,1.3,1.3,3.0,0.0,0.0,1230.0,0.0,0.0,0.0,0.0,0.0,0.0,0.0,0.0,0.0,0.0,0.0,0.0,0.0,7.0,0.0,86.0,10.0,23.0,0.435,0.0,1.0,0.0,10.0,22.0,0.455,0.435,1.0,3.0,0.333,8.0,8.0,16.0,4.0,1.0,1.0,9.0,9.0,21.0,0.0,4.6,0.432,0.043,0.13,9.9,10.5,10.2,7.9,0.6,0.9,27.0,17.3,-0.2,0.0,-0.1,-0.083,-6.1,-3.1,-9.2,-0.2,0.0,2004
350,Joel Przybilla,20.4,1.1,2.9,0.36,0.0,0.0,0.0,1.1,2.9,0.36,0.36,0.8,1.8,0.419,1.9,4.6,6.5,0.4,0.3,1.0,1.1,3.1,2.9,0.0,0.0,1230.0,0.0,0.0,0.0,0.0,0.0,0.0,0.0,0.0,0.0,0.0,0.0,0.0,0.0,17.0,12.0,347.0,18.0,50.0,0.36,0.0,0.0,0.0,18.0,50.0,0.36,0.36,13.0,31.0,0.419,32.0,79.0,111.0,7.0,5.0,17.0,18.0,53.0,49.0,0.0,6.7,0.385,0.0,0.62,10.5,25.5,18.1,2.9,0.8,3.6,22.0,10.7,-0.3,0.4,0.1,0.007,-6.0,-1.1,-7.1,-0.4,0.0,2004
351,Tom Gugliotta,14.9,1.3,3.7,0.345,0.0,0.1,0.25,1.3,3.6,0.347,0.347,0.4,0.5,0.714,1.2,2.2,3.4,1.1,0.6,0.2,0.7,1.5,2.9,0.0,0.0,1230.0,0.0,0.0,0.0,0.0,0.0,0.0,0.0,0.0,0.0,0.0,0.0,0.0,0.0,55.0,27.0,819.0,70.0,203.0,0.345,1.0,4.0,0.25,69.0,199.0,0.347,0.347,20.0,28.0,0.714,65.0,122.0,187.0,63.0,31.0,12.0,39.0,81.0,161.0,0.0,9.1,0.374,0.02,0.138,9.5,18.2,13.8,12.4,2.0,1.2,15.3,14.2,-0.5,0.9,0.3,0.019,-2.6,0.5,-2.1,0.0,0.0,2004
352,Wang Zhizhi,7.1,1.1,2.9,0.37,0.3,0.9,0.286,0.8,2.0,0.406,0.413,0.6,0.6,0.9,0.3,0.9,1.1,0.1,0.2,0.3,0.4,0.8,2.9,0.0,0.0,1230.0,0.0,0.0,0.0,0.0,0.0,0.0,0.0,0.0,0.0,0.0,0.0,0.0,0.0,16.0,0.0,114.0,17.0,46.0,0.37,4.0,14.0,0.286,13.0,32.0,0.406,0.413,9.0,10.0,0.9,4.0,14.0,18.0,2.0,3.0,5.0,6.0,13.0,47.0,0.0,11.5,0.466,0.304,0.217,4.0,14.4,9.2,3.3,1.4,3.4,10.6,23.2,0.0,0.1,0.1,0.043,-3.3,-0.8,-4.1,-0.1,0.0,2004
353,Michael Curry,17.6,1.1,2.8,0.388,0.0,0.2,0.2,1.0,2.6,0.403,0.395,0.7,0.8,0.845,0.3,0.9,1.2,0.8,0.3,0.1,0.7,2.2,2.9,0.0,0.0,1230.0,0.0,0.0,0.0,0.0,0.0,0.0,0.0,0.0,0.0,0.0,0.0,0.0,0.0,70.0,15.0,1229.0,76.0,196.0,0.388,3.0,15.0,0.2,73.0,181.0,0.403,0.395,49.0,58.0,0.845,22.0,65.0,87.0,53.0,23.0,5.0,48.0,153.0,204.0,0.0,3.6,0.46,0.077,0.296,2.0,6.1,4.1,7.2,1.0,0.3,17.8,10.6,-0.6,0.9,0.3,0.013,-6.6,0.4,-6.2,-1.3,0.0,2004
354,Derrick Dial,9.6,1.0,3.1,0.321,0.2,1.0,0.222,0.8,2.1,0.368,0.357,0.7,0.9,0.75,0.6,0.9,1.4,0.2,0.7,0.0,0.1,0.7,2.9,0.0,0.0,1230.0,0.0,0.0,0.0,0.0,0.0,0.0,0.0,0.0,0.0,0.0,0.0,0.0,0.0,9.0,0.0,86.0,9.0,28.0,0.321,2.0,9.0,0.222,7.0,19.0,0.368,0.357,6.0,8.0,0.75,5.0,8.0,13.0,2.0,6.0,0.0,1.0,6.0,26.0,0.0,11.6,0.412,0.321,0.286,6.5,10.8,8.6,3.7,3.7,0.0,3.1,17.1,0.0,0.0,0.1,0.035,-1.9,0.5,-1.5,0.0,0.0,2004
355,Reggie Evans,17.1,0.9,2.2,0.406,0.0,0.0,0.0,0.9,2.2,0.414,0.406,1.1,2.0,0.561,2.1,3.4,5.4,0.4,0.7,0.1,0.9,2.3,2.9,0.0,0.0,1230.0,0.0,0.0,0.0,0.0,0.0,0.0,0.0,0.0,0.0,0.0,0.0,0.0,0.0,75.0,27.0,1280.0,67.0,165.0,0.406,0.0,3.0,0.0,67.0,162.0,0.414,0.406,83.0,148.0,0.561,156.0,252.0,408.0,33.0,54.0,10.0,65.0,176.0,217.0,0.0,9.9,0.471,0.018,0.897,14.5,23.0,18.8,3.7,2.3,0.6,22.0,10.7,0.7,1.1,1.7,0.065,-2.7,-1.2,-3.9,-0.6,0.0,2004
356,Jérôme Moïso,11.9,1.1,2.4,0.476,0.0,0.0,0.0,1.1,2.4,0.482,0.476,0.6,1.1,0.579,1.2,2.1,3.2,0.2,0.5,0.3,0.7,1.2,2.9,0.0,0.0,1230.0,0.0,0.0,0.0,0.0,0.0,0.0,0.0,0.0,0.0,0.0,0.0,0.0,0.0,35.0,1.0,417.0,40.0,84.0,0.476,0.0,1.0,0.0,40.0,83.0,0.482,0.476,22.0,38.0,0.579,41.0,72.0,113.0,8.0,17.0,12.0,25.0,42.0,102.0,0.0,12.3,0.506,0.012,0.452,11.3,20.0,15.6,3.4,2.3,2.1,19.9,14.6,0.0,0.8,0.8,0.09,-3.4,0.8,-2.6,-0.1,0.0,2004
357,Jamal Sampson,13.0,1.1,2.3,0.478,0.0,0.0,0.0,1.1,2.3,0.478,0.478,0.7,1.2,0.583,2.3,2.9,5.2,0.7,0.2,0.4,0.6,1.6,2.9,0.0,0.0,1230.0,0.0,0.0,0.0,0.0,0.0,0.0,0.0,0.0,0.0,0.0,0.0,0.0,0.0,10.0,2.0,130.0,11.0,23.0,0.478,0.0,0.0,0.0,11.0,23.0,0.478,0.478,7.0,12.0,0.583,23.0,29.0,52.0,7.0,2.0,4.0,6.0,16.0,29.0,0.0,15.0,0.513,0.0,0.522,19.7,25.6,22.6,7.9,0.8,2.3,17.5,11.8,0.2,0.2,0.4,0.156,-1.1,-0.9,-2.0,0.0,0.0,2004
358,Chris Whitney,11.6,1.1,2.8,0.378,0.5,1.1,0.444,0.6,1.7,0.333,0.467,0.3,0.3,1.0,0.2,0.8,0.9,0.9,0.4,0.1,0.4,0.4,2.9,0.0,0.0,1230.0,0.0,0.0,0.0,0.0,0.0,0.0,0.0,0.0,0.0,0.0,0.0,0.0,0.0,16.0,5.0,186.0,17.0,45.0,0.378,8.0,18.0,0.444,9.0,27.0,0.333,0.467,5.0,5.0,1.0,3.0,12.0,15.0,14.0,6.0,2.0,6.0,6.0,47.0,0.0,10.1,0.498,0.4,0.111,1.8,7.4,4.5,12.5,1.7,0.8,11.3,12.6,0.2,0.1,0.2,0.058,-0.5,0.1,-0.4,0.1,0.0,2004
359,Travis Best,12.5,1.0,2.8,0.372,0.0,0.3,0.15,1.0,2.5,0.401,0.381,0.7,0.8,0.87,0.3,0.8,1.1,1.8,0.5,0.1,0.5,1.1,2.8,0.0,0.0,1230.0,0.0,0.0,0.0,0.0,0.0,0.0,0.0,0.0,0.0,0.0,0.0,0.0,0.0,61.0,1.0,762.0,64.0,172.0,0.372,3.0,20.0,0.15,61.0,152.0,0.401,0.381,40.0,46.0,0.87,17.0,51.0,68.0,112.0,31.0,4.0,33.0,66.0,171.0,0.0,10.1,0.445,0.116,0.267,2.4,7.5,4.9,19.5,2.1,0.4,14.7,12.9,0.5,0.2,0.7,0.044,-2.8,-0.2,-3.0,-0.2,0.0,2004
360,Torraye Braggs,10.3,1.1,2.2,0.485,0.0,0.0,0.0,1.1,2.2,0.485,0.485,0.5,0.8,0.667,1.2,1.4,2.6,0.5,0.3,0.1,0.9,1.9,2.7,0.0,0.0,1230.0,0.0,0.0,0.0,0.0,0.0,0.0,0.0,0.0,0.0,0.0,0.0,0.0,0.0,15.0,0.0,154.0,16.0,33.0,0.485,0.0,0.0,0.0,16.0,33.0,0.485,0.485,8.0,12.0,0.667,18.0,21.0,39.0,7.0,4.0,2.0,13.0,29.0,40.0,0.0,9.5,0.522,0.0,0.364,14.3,15.3,14.9,7.8,1.4,1.0,25.4,15.8,0.0,0.2,0.2,0.07,-4.7,0.7,-4.0,-0.1,0.0,2004
361,Brandon Armstrong,7.8,1.2,3.1,0.371,0.3,0.9,0.365,0.8,2.2,0.374,0.426,0.0,0.1,0.5,0.2,0.6,0.8,0.3,0.2,0.0,0.4,0.9,2.7,0.0,0.0,1230.0,0.0,0.0,0.0,0.0,0.0,0.0,0.0,0.0,0.0,0.0,0.0,0.0,0.0,56.0,0.0,434.0,65.0,175.0,0.371,19.0,52.0,0.365,46.0,123.0,0.374,0.426,2.0,4.0,0.5,12.0,31.0,43.0,14.0,12.0,2.0,24.0,49.0,151.0,0.0,5.5,0.427,0.297,0.023,3.3,8.4,5.8,5.7,1.5,0.4,12.0,21.7,-0.8,0.5,-0.3,-0.03,-5.5,-2.0,-7.5,-0.6,0.0,2004
362,Keith McLeod,11.8,0.8,2.5,0.329,0.0,0.3,0.1,0.8,2.2,0.361,0.335,1.0,1.3,0.767,0.2,0.9,1.0,1.8,0.5,0.0,0.9,1.2,2.7,0.0,0.0,1230.0,0.0,0.0,0.0,0.0,0.0,0.0,0.0,0.0,0.0,0.0,0.0,0.0,0.0,33.0,0.0,391.0,27.0,82.0,0.329,1.0,10.0,0.1,26.0,72.0,0.361,0.335,33.0,43.0,0.767,5.0,29.0,34.0,59.0,16.0,1.0,29.0,39.0,88.0,0.0,8.1,0.436,0.122,0.524,1.5,8.0,5.0,21.6,2.2,0.2,22.3,15.7,-0.2,0.5,0.2,0.028,-4.7,0.6,-4.1,-0.2,0.0,2004
363,Nikoloz Tskitishvili,7.9,1.0,3.1,0.328,0.1,0.3,0.273,0.9,2.8,0.333,0.34,0.6,0.7,0.793,0.6,1.0,1.6,0.3,0.2,0.2,0.4,1.3,2.7,0.0,0.0,1230.0,0.0,0.0,0.0,0.0,0.0,0.0,0.0,0.0,0.0,0.0,0.0,0.0,0.0,39.0,0.0,307.0,40.0,122.0,0.328,3.0,11.0,0.273,37.0,111.0,0.333,0.34,23.0,29.0,0.793,24.0,39.0,63.0,10.0,6.0,8.0,17.0,50.0,106.0,0.0,7.1,0.393,0.09,0.238,8.7,14.6,11.6,5.2,1.0,1.8,11.2,21.7,-0.3,0.3,-0.1,-0.012,-5.2,-1.4,-6.6,-0.4,0.0,2004
364,Sean Rooks,10.8,1.0,2.7,0.358,0.0,0.0,0.0,1.0,2.7,0.36,0.358,0.6,0.7,0.892,0.4,1.3,1.8,0.5,0.3,0.2,0.4,1.6,2.6,0.0,0.0,1230.0,0.0,0.0,0.0,0.0,0.0,0.0,0.0,0.0,0.0,0.0,0.0,0.0,0.0,55.0,0.0,595.0,54.0,151.0,0.358,0.0,1.0,0.0,54.0,150.0,0.36,0.358,33.0,37.0,0.892,24.0,73.0,97.0,29.0,14.0,10.0,22.0,89.0,141.0,0.0,6.8,0.421,0.007,0.245,4.5,14.3,9.3,7.7,1.3,1.3,11.6,14.5,-0.2,0.3,0.2,0.014,-5.4,-0.6,-6.1,-0.6,0.0,2004
365,Vladimir Stepania,10.8,1.0,2.5,0.417,0.0,0.0,0.0,1.0,2.5,0.417,0.417,0.5,0.9,0.611,1.2,1.8,3.0,0.5,0.3,0.4,0.5,1.5,2.6,0.0,0.0,1230.0,0.0,0.0,0.0,0.0,0.0,0.0,0.0,0.0,0.0,0.0,0.0,0.0,0.0,42.0,2.0,453.0,43.0,103.0,0.417,0.0,0.0,0.0,43.0,103.0,0.417,0.417,22.0,36.0,0.611,50.0,75.0,125.0,23.0,11.0,15.0,19.0,61.0,108.0,0.0,12.2,0.454,0.0,0.35,13.2,19.5,16.4,8.1,1.4,2.5,13.8,14.4,0.3,0.4,0.8,0.081,-2.3,-0.3,-2.6,-0.1,0.0,2004
366,Jamison Brewer,12.3,1.0,2.7,0.371,0.4,1.1,0.357,0.6,1.6,0.381,0.443,0.1,0.5,0.167,0.2,0.7,0.8,1.3,0.5,0.0,0.8,0.7,2.5,0.0,0.0,1230.0,0.0,0.0,0.0,0.0,0.0,0.0,0.0,0.0,0.0,0.0,0.0,0.0,0.0,13.0,1.0,160.0,13.0,35.0,0.371,5.0,14.0,0.357,8.0,21.0,0.381,0.443,1.0,6.0,0.167,2.0,9.0,11.0,17.0,7.0,0.0,10.0,9.0,32.0,0.0,6.6,0.425,0.4,0.171,1.5,6.7,4.1,17.3,2.4,0.0,21.0,14.1,-0.2,0.2,0.0,0.014,-3.3,1.8,-1.5,0.0,0.0,2004
367,Paul Grant,9.8,1.1,2.3,0.478,0.0,0.0,0.0,1.1,2.3,0.478,0.478,0.3,0.8,0.375,0.7,1.0,1.7,0.3,0.1,0.1,0.7,1.7,2.5,0.0,0.0,1230.0,0.0,0.0,0.0,0.0,0.0,0.0,0.0,0.0,0.0,0.0,0.0,0.0,0.0,10.0,0.0,98.0,11.0,23.0,0.478,0.0,0.0,0.0,11.0,23.0,0.478,0.478,3.0,8.0,0.375,7.0,10.0,17.0,3.0,1.0,1.0,7.0,17.0,25.0,0.0,5.1,0.471,0.0,0.348,8.7,12.9,10.8,5.4,0.6,0.9,20.9,15.9,-0.1,0.1,0.0,-0.015,-5.7,-1.5,-7.2,-0.1,0.0,2004
368,Mark Jackson,13.7,0.8,2.4,0.34,0.2,1.0,0.171,0.6,1.4,0.458,0.375,0.7,0.9,0.718,0.2,1.4,1.7,2.8,0.4,0.0,1.3,1.0,2.5,0.0,0.0,1230.0,0.0,0.0,0.0,0.0,0.0,0.0,0.0,0.0,0.0,0.0,0.0,0.0,0.0,42.0,3.0,577.0,34.0,100.0,0.34,7.0,41.0,0.171,27.0,59.0,0.458,0.375,28.0,39.0,0.718,10.0,60.0,70.0,119.0,17.0,1.0,53.0,41.0,103.0,0.0,8.9,0.44,0.41,0.39,2.2,11.7,7.2,32.8,1.6,0.1,31.1,14.1,-0.3,0.7,0.4,0.034,-3.2,-0.3,-3.5,-0.2,0.0,2004
369,Oliver Miller,10.5,1.1,2.1,0.53,0.0,0.0,0.0,1.1,2.1,0.535,0.53,0.3,0.5,0.652,1.0,1.8,2.7,0.8,0.4,0.5,0.7,1.9,2.5,0.0,0.0,1230.0,0.0,0.0,0.0,0.0,0.0,0.0,0.0,0.0,0.0,0.0,0.0,0.0,0.0,48.0,1.0,506.0,53.0,100.0,0.53,0.0,1.0,0.0,53.0,99.0,0.535,0.53,15.0,23.0,0.652,46.0,84.0,130.0,36.0,19.0,26.0,33.0,91.0,121.0,0.0,12.9,0.549,0.01,0.23,11.0,18.0,14.7,10.7,2.0,3.7,23.1,13.3,0.4,1.0,1.4,0.13,-3.0,2.8,-0.2,0.2,0.0,2004
370,Tamar Slay,7.5,1.0,2.7,0.35,0.2,0.5,0.333,0.8,2.2,0.354,0.383,0.3,0.6,0.5,0.5,0.7,1.1,0.6,0.3,0.0,0.5,0.9,2.4,0.0,0.0,1230.0,0.0,0.0,0.0,0.0,0.0,0.0,0.0,0.0,0.0,0.0,0.0,0.0,0.0,22.0,0.0,165.0,21.0,60.0,0.35,4.0,12.0,0.333,17.0,48.0,0.354,0.383,7.0,14.0,0.5,10.0,15.0,25.0,14.0,7.0,1.0,11.0,20.0,53.0,0.0,7.8,0.401,0.2,0.233,7.2,10.7,8.9,14.5,2.3,0.5,14.3,21.9,-0.3,0.2,0.0,-0.004,-4.4,-0.7,-5.1,-0.1,0.0,2004
371,Luke Walton,10.1,0.9,2.1,0.425,0.2,0.5,0.333,0.7,1.6,0.456,0.467,0.4,0.6,0.705,0.5,1.2,1.8,1.6,0.4,0.1,0.6,1.0,2.4,0.0,0.0,1230.0,0.0,0.0,0.0,0.0,0.0,0.0,0.0,0.0,0.0,0.0,0.0,0.0,0.0,72.0,2.0,730.0,65.0,153.0,0.425,13.0,39.0,0.333,52.0,114.0,0.456,0.467,31.0,44.0,0.705,39.0,88.0,127.0,113.0,28.0,8.0,44.0,70.0,174.0,0.0,12.7,0.505,0.255,0.288,6.0,13.8,9.8,23.0,2.0,0.8,20.3,13.3,0.7,0.9,1.6,0.103,-0.4,1.3,0.9,0.5,0.0,2004
372,Kaniel Dickens,4.0,1.0,1.0,1.0,0.0,0.0,0.0,1.0,1.0,1.0,1.0,0.3,0.7,0.5,0.7,0.0,0.7,0.0,0.0,0.0,0.3,1.0,2.3,0.0,0.0,1230.0,0.0,0.0,0.0,0.0,0.0,0.0,0.0,0.0,0.0,0.0,0.0,0.0,0.0,3.0,0.0,12.0,3.0,3.0,1.0,0.0,0.0,0.0,3.0,3.0,1.0,1.0,1.0,2.0,0.5,2.0,0.0,2.0,0.0,0.0,0.0,1.0,3.0,7.0,0.0,23.1,0.902,0.0,0.667,20.0,0.0,9.9,0.0,0.0,0.0,20.5,19.3,0.0,0.0,0.0,0.18,2.0,-2.5,-0.5,0.0,0.0,2004
373,DeSagana Diop,13.0,1.0,2.6,0.388,0.0,0.0,0.0,1.0,2.6,0.388,0.388,0.2,0.4,0.6,1.3,2.3,3.6,0.6,0.5,0.9,0.5,2.1,2.3,0.0,0.0,1230.0,0.0,0.0,0.0,0.0,0.0,0.0,0.0,0.0,0.0,0.0,0.0,0.0,0.0,56.0,3.0,730.0,57.0,147.0,0.388,0.0,0.0,0.0,57.0,147.0,0.388,0.388,12.0,20.0,0.6,72.0,127.0,199.0,34.0,26.0,51.0,29.0,116.0,126.0,0.0,10.4,0.404,0.0,0.136,10.9,19.2,15.1,7.1,1.9,5.0,15.7,11.3,-0.1,1.1,1.0,0.063,-3.8,1.7,-2.1,0.0,0.0,2004
374,Eddie Gill,7.1,0.7,1.6,0.417,0.1,0.4,0.375,0.5,1.3,0.429,0.458,0.8,0.9,0.85,0.2,0.6,0.8,0.7,0.4,0.0,0.5,0.7,2.3,0.0,0.0,1230.0,0.0,0.0,0.0,0.0,0.0,0.0,0.0,0.0,0.0,0.0,0.0,0.0,0.0,22.0,0.0,157.0,15.0,36.0,0.417,3.0,8.0,0.375,12.0,28.0,0.429,0.458,17.0,20.0,0.85,4.0,13.0,17.0,16.0,9.0,1.0,12.0,16.0,50.0,0.0,13.2,0.558,0.222,0.556,3.1,9.8,6.4,16.2,3.2,0.5,21.1,17.1,0.2,0.1,0.3,0.091,-1.1,1.6,0.5,0.1,0.0,2004
375,Jeff Trepagnier,8.7,0.9,3.5,0.263,0.2,0.4,0.5,0.7,3.1,0.235,0.289,0.3,0.5,0.5,0.5,0.8,1.4,0.4,0.3,0.0,0.5,0.6,2.3,0.0,0.0,1230.0,0.0,0.0,0.0,0.0,0.0,0.0,0.0,0.0,0.0,0.0,0.0,0.0,0.0,11.0,0.0,96.0,10.0,38.0,0.263,2.0,4.0,0.5,8.0,34.0,0.235,0.289,3.0,6.0,0.5,6.0,9.0,15.0,4.0,3.0,0.0,6.0,7.0,25.0,0.0,2.3,0.308,0.105,0.158,7.0,10.7,8.8,6.4,1.6,0.0,12.9,21.3,-0.3,0.1,-0.2,-0.122,-6.3,-3.6,-9.9,-0.2,0.0,2004
376,Dan Langhi,6.2,0.8,2.3,0.357,0.2,0.3,0.5,0.7,2.0,0.333,0.393,0.3,0.3,1.0,0.0,0.7,0.7,0.0,0.0,0.0,0.3,1.2,2.2,0.0,0.0,1230.0,0.0,0.0,0.0,0.0,0.0,0.0,0.0,0.0,0.0,0.0,0.0,0.0,0.0,6.0,0.0,37.0,5.0,14.0,0.357,1.0,2.0,0.5,4.0,12.0,0.333,0.393,2.0,2.0,1.0,0.0,4.0,4.0,0.0,0.0,0.0,2.0,7.0,13.0,0.0,1.8,0.437,0.143,0.143,0.0,12.2,6.1,0.0,0.0,0.0,11.8,20.9,-0.1,0.0,-0.1,-0.068,-8.7,-1.2,-9.9,-0.1,0.0,2004
377,Dan Dickau,6.8,0.9,2.3,0.378,0.2,0.7,0.333,0.6,1.6,0.397,0.429,0.3,0.3,0.786,0.2,0.4,0.6,0.9,0.4,0.0,0.6,1.0,2.2,0.0,0.0,1230.0,0.0,0.0,0.0,0.0,0.0,0.0,0.0,0.0,0.0,0.0,0.0,0.0,0.0,43.0,0.0,294.0,37.0,98.0,0.378,10.0,30.0,0.333,27.0,68.0,0.397,0.429,11.0,14.0,0.786,7.0,19.0,26.0,38.0,17.0,0.0,26.0,44.0,95.0,0.0,9.0,0.456,0.306,0.143,2.8,7.4,5.1,21.8,3.1,0.0,20.0,20.6,-0.2,0.2,0.0,-0.003,-3.8,0.4,-3.4,-0.1,0.0,2004
378,Bruno Šundov,6.6,0.8,2.0,0.4,0.0,0.0,0.0,0.8,2.0,0.4,0.4,0.6,1.2,0.5,0.4,1.6,2.0,0.2,0.0,0.0,0.6,1.8,2.2,0.0,0.0,1230.0,0.0,0.0,0.0,0.0,0.0,0.0,0.0,0.0,0.0,0.0,0.0,0.0,0.0,5.0,0.0,33.0,4.0,10.0,0.4,0.0,0.0,0.0,4.0,10.0,0.4,0.4,3.0,6.0,0.5,2.0,8.0,10.0,1.0,0.0,0.0,3.0,9.0,11.0,0.0,3.5,0.435,0.0,0.6,6.7,26.8,16.8,6.4,0.0,0.0,19.2,21.3,-0.1,0.0,0.0,-0.046,-9.1,-1.6,-10.7,-0.1,0.0,2004
379,Jumaine Jones,8.9,0.8,2.3,0.344,0.3,1.0,0.295,0.5,1.2,0.385,0.411,0.3,0.5,0.609,0.6,1.0,1.6,0.3,0.3,0.2,0.5,1.1,2.2,0.0,0.0,1230.0,0.0,0.0,0.0,0.0,0.0,0.0,0.0,0.0,0.0,0.0,0.0,0.0,0.0,42.0,2.0,373.0,33.0,96.0,0.344,13.0,44.0,0.295,20.0,52.0,0.385,0.411,14.0,23.0,0.609,24.0,44.0,68.0,14.0,12.0,9.0,19.0,48.0,93.0,0.0,7.6,0.438,0.458,0.24,7.5,13.2,10.4,5.9,1.7,1.9,15.2,15.2,-0.2,0.3,0.1,0.019,-2.9,-0.4,-3.4,-0.1,0.0,2004
380,Kendrick Perkins,3.5,0.8,1.5,0.533,0.0,0.0,0.0,0.8,1.5,0.533,0.533,0.6,0.9,0.667,0.5,0.9,1.4,0.3,0.0,0.2,0.5,0.6,2.2,0.0,0.0,1230.0,0.0,0.0,0.0,0.0,0.0,0.0,0.0,0.0,0.0,0.0,0.0,0.0,0.0,10.0,0.0,35.0,8.0,15.0,0.533,0.0,0.0,0.0,8.0,15.0,0.533,0.533,6.0,9.0,0.667,5.0,9.0,14.0,3.0,0.0,2.0,5.0,6.0,22.0,0.0,22.8,0.58,0.0,0.6,16.7,28.9,22.9,17.4,0.0,4.4,20.9,31.1,0.1,0.0,0.1,0.145,0.2,0.5,0.7,0.0,0.0,2004
381,Michael Ruffin,17.9,0.9,2.9,0.325,0.0,0.0,0.0,0.9,2.9,0.325,0.325,0.4,0.9,0.421,1.9,3.1,5.0,1.0,0.5,0.5,1.0,2.5,2.2,0.0,0.0,1230.0,0.0,0.0,0.0,0.0,0.0,0.0,0.0,0.0,0.0,0.0,0.0,0.0,0.0,41.0,23.0,733.0,38.0,117.0,0.325,0.0,0.0,0.0,38.0,117.0,0.325,0.325,16.0,38.0,0.421,78.0,129.0,207.0,41.0,22.0,21.0,42.0,103.0,92.0,0.0,7.0,0.344,0.0,0.325,13.0,22.2,17.5,8.9,1.7,2.4,23.9,11.2,-0.8,1.0,0.2,0.014,-4.2,0.6,-3.5,-0.3,0.0,2004
382,Theron Smith,8.9,0.8,2.2,0.372,0.3,0.6,0.5,0.5,1.6,0.323,0.442,0.3,0.4,0.75,0.7,1.4,2.1,0.4,0.3,0.3,0.7,0.9,2.2,0.0,0.0,1230.0,0.0,0.0,0.0,0.0,0.0,0.0,0.0,0.0,0.0,0.0,0.0,0.0,0.0,20.0,0.0,178.0,16.0,43.0,0.372,6.0,12.0,0.5,10.0,31.0,0.323,0.442,6.0,8.0,0.75,13.0,28.0,41.0,7.0,5.0,5.0,14.0,18.0,44.0,0.0,8.4,0.473,0.279,0.186,8.2,18.0,13.0,6.0,1.5,2.0,23.1,15.3,-0.1,0.2,0.1,0.019,-3.0,-0.3,-3.3,-0.1,0.0,2004
383,Britton Johnsen,14.5,0.9,3.0,0.288,0.1,0.6,0.083,0.8,2.4,0.34,0.297,0.4,0.8,0.438,0.8,1.5,2.3,0.6,0.4,0.1,0.7,1.4,2.1,0.0,0.0,1230.0,0.0,0.0,0.0,0.0,0.0,0.0,0.0,0.0,0.0,0.0,0.0,0.0,0.0,20.0,4.0,290.0,17.0,59.0,0.288,1.0,12.0,0.083,16.0,47.0,0.34,0.297,7.0,16.0,0.438,15.0,30.0,45.0,12.0,7.0,1.0,14.0,28.0,42.0,0.0,2.6,0.318,0.203,0.271,5.7,12.0,8.8,6.1,1.3,0.2,17.5,12.5,-0.5,0.0,-0.6,-0.096,-6.1,-1.7,-7.8,-0.4,0.0,2004
384,Jabari Smith,5.4,0.8,2.3,0.371,0.0,0.1,0.0,0.8,2.2,0.388,0.371,0.4,0.6,0.6,0.4,0.6,1.0,0.4,0.1,0.2,0.2,0.8,2.1,0.0,0.0,1230.0,0.0,0.0,0.0,0.0,0.0,0.0,0.0,0.0,0.0,0.0,0.0,0.0,0.0,31.0,0.0,168.0,26.0,70.0,0.371,0.0,3.0,0.0,26.0,67.0,0.388,0.371,12.0,20.0,0.6,11.0,20.0,31.0,11.0,2.0,6.0,7.0,25.0,64.0,0.0,9.2,0.406,0.043,0.286,7.6,13.2,10.5,10.4,0.6,2.5,8.2,23.1,-0.1,0.1,0.0,-0.005,-5.4,-2.2,-7.7,-0.2,0.0,2004
385,Tierre Brown,5.7,0.7,1.3,0.5,0.0,0.0,0.0,0.7,1.3,0.5,0.5,0.7,1.3,0.5,0.0,0.3,0.3,0.7,0.0,0.0,2.3,0.3,2.0,0.0,0.0,1230.0,0.0,0.0,0.0,0.0,0.0,0.0,0.0,0.0,0.0,0.0,0.0,0.0,0.0,3.0,0.0,17.0,2.0,4.0,0.5,0.0,0.0,0.0,2.0,4.0,0.5,0.5,2.0,4.0,0.5,0.0,1.0,1.0,2.0,0.0,0.0,7.0,1.0,6.0,0.0,-9.2,0.521,0.0,1.0,0.0,6.9,3.4,20.2,0.0,0.0,54.9,34.3,-0.2,0.0,-0.2,-0.497,-13.0,-8.6,-21.6,-0.1,0.0,2004
386,Keon Clark,13.5,1.0,3.0,0.333,0.0,0.0,0.0,1.0,3.0,0.333,0.333,0.0,0.0,0.0,0.5,3.0,3.5,0.5,0.5,0.0,0.0,0.5,2.0,0.0,0.0,1230.0,0.0,0.0,0.0,0.0,0.0,0.0,0.0,0.0,0.0,0.0,0.0,0.0,0.0,2.0,0.0,27.0,2.0,6.0,0.333,0.0,0.0,0.0,2.0,6.0,0.333,0.333,0.0,0.0,0.0,1.0,6.0,7.0,1.0,1.0,0.0,0.0,1.0,4.0,0.0,8.8,0.333,0.0,0.0,4.5,28.0,16.1,6.1,2.1,0.0,0.0,10.3,0.0,0.0,0.0,0.058,-2.1,1.2,-0.9,0.0,0.0,2004
387,Hiram Fuller,10.8,0.8,2.0,0.375,0.0,0.0,0.0,0.8,2.0,0.375,0.375,0.5,1.5,0.333,1.0,1.8,2.8,0.5,0.0,0.3,1.0,1.3,2.0,0.0,0.0,1230.0,0.0,0.0,0.0,0.0,0.0,0.0,0.0,0.0,0.0,0.0,0.0,0.0,0.0,4.0,0.0,43.0,3.0,8.0,0.375,0.0,0.0,0.0,3.0,8.0,0.375,0.375,2.0,6.0,0.333,4.0,7.0,11.0,2.0,0.0,1.0,4.0,5.0,8.0,0.0,3.6,0.376,0.0,0.75,10.6,18.2,14.5,7.3,0.0,1.7,27.3,15.5,-0.1,0.0,-0.1,-0.094,-7.3,-3.1,-10.5,-0.1,0.0,2004
388,Randy Livingston,12.0,0.5,2.5,0.2,0.0,0.8,0.0,0.5,1.8,0.286,0.2,1.0,1.5,0.667,0.5,1.3,1.8,1.0,0.5,0.0,1.0,1.8,2.0,0.0,0.0,1230.0,0.0,0.0,0.0,0.0,0.0,0.0,0.0,0.0,0.0,0.0,0.0,0.0,0.0,4.0,0.0,48.0,2.0,10.0,0.2,0.0,3.0,0.0,2.0,7.0,0.286,0.2,4.0,6.0,0.667,2.0,5.0,7.0,4.0,2.0,0.0,4.0,7.0,8.0,0.0,1.7,0.316,0.3,0.6,4.7,12.0,8.3,12.4,2.2,0.0,24.0,15.4,-0.1,0.0,-0.1,-0.11,-8.4,-1.1,-9.5,-0.1,0.0,2004
389,Leon Smith,4.0,1.0,2.0,0.5,0.0,0.0,0.0,1.0,2.0,0.5,0.5,0.0,0.0,0.0,1.0,1.0,2.0,0.0,0.0,0.0,0.0,1.0,2.0,0.0,0.0,1230.0,0.0,0.0,0.0,0.0,0.0,0.0,0.0,0.0,0.0,0.0,0.0,0.0,0.0,1.0,0.0,4.0,1.0,2.0,0.5,0.0,0.0,0.0,1.0,2.0,0.5,0.5,0.0,0.0,0.0,1.0,1.0,2.0,0.0,0.0,0.0,0.0,1.0,2.0,0.0,21.7,0.5,0.0,0.0,29.7,29.2,29.5,0.0,0.0,0.0,0.0,23.1,0.0,0.0,0.0,0.201,5.7,-5.7,0.0,0.0,0.0,2004
390,Ime Udoka,7.0,0.8,2.3,0.333,0.0,0.3,0.0,0.8,2.0,0.375,0.333,0.5,1.0,0.5,0.3,1.0,1.3,0.5,0.5,0.3,0.8,0.8,2.0,0.0,0.0,1230.0,0.0,0.0,0.0,0.0,0.0,0.0,0.0,0.0,0.0,0.0,0.0,0.0,0.0,4.0,0.0,28.0,3.0,9.0,0.333,0.0,1.0,0.0,3.0,8.0,0.375,0.333,2.0,4.0,0.5,1.0,4.0,5.0,2.0,2.0,1.0,3.0,3.0,8.0,0.0,6.7,0.372,0.111,0.444,4.0,16.4,10.1,10.9,3.7,2.6,21.8,22.1,-0.1,0.1,0.0,-0.073,-6.7,1.7,-5.0,0.0,0.0,2004
391,Gerald Wallace,9.1,0.9,2.4,0.36,0.0,0.1,0.0,0.9,2.4,0.368,0.36,0.3,0.6,0.458,0.9,1.1,2.0,0.5,0.4,0.4,0.2,1.0,2.0,0.0,0.0,1230.0,0.0,0.0,0.0,0.0,0.0,0.0,0.0,0.0,0.0,0.0,0.0,0.0,0.0,37.0,1.0,337.0,32.0,89.0,0.36,0.0,2.0,0.0,32.0,87.0,0.368,0.36,11.0,24.0,0.458,35.0,39.0,74.0,19.0,14.0,14.0,8.0,37.0,75.0,0.0,10.6,0.377,0.022,0.27,12.1,12.8,12.4,8.2,2.1,2.9,7.4,14.4,0.0,0.3,0.4,0.052,-2.5,-0.4,-3.0,-0.1,0.0,2004
392,Rodney Buford,6.4,0.9,2.5,0.339,0.0,0.1,0.0,0.9,2.5,0.352,0.339,0.1,0.3,0.5,0.3,0.4,0.7,0.3,0.3,0.0,0.2,0.4,1.9,0.0,0.0,1230.0,0.0,0.0,0.0,0.0,0.0,0.0,0.0,0.0,0.0,0.0,0.0,0.0,0.0,22.0,0.0,141.0,19.0,56.0,0.339,0.0,2.0,0.0,19.0,54.0,0.352,0.339,3.0,6.0,0.5,6.0,9.0,15.0,7.0,6.0,1.0,4.0,9.0,41.0,0.0,6.2,0.35,0.036,0.107,4.9,7.1,6.0,7.6,2.2,0.5,6.4,20.1,-0.3,0.1,-0.2,-0.063,-5.2,-2.0,-7.2,-0.2,0.0,2004
393,Desmond Ferguson,4.6,0.7,1.7,0.417,0.4,1.1,0.375,0.3,0.6,0.5,0.542,0.0,0.3,0.0,0.0,0.6,0.6,0.1,0.0,0.0,0.1,0.0,1.9,0.0,0.0,1230.0,0.0,0.0,0.0,0.0,0.0,0.0,0.0,0.0,0.0,0.0,0.0,0.0,0.0,7.0,0.0,32.0,5.0,12.0,0.417,3.0,8.0,0.375,2.0,4.0,0.5,0.542,0.0,2.0,0.0,0.0,4.0,4.0,1.0,0.0,0.0,1.0,0.0,13.0,0.0,11.3,0.505,0.667,0.167,0.0,14.7,7.4,5.5,0.0,0.0,7.2,20.5,0.0,0.0,0.0,0.021,4.1,-2.7,1.4,0.0,0.0,2004
394,Ervin Johnson,14.6,0.8,1.6,0.534,0.0,0.0,0.0,0.8,1.5,0.539,0.534,0.3,0.4,0.607,0.9,2.6,3.5,0.4,0.4,0.7,0.5,2.4,1.9,0.0,0.0,1230.0,0.0,0.0,0.0,0.0,0.0,0.0,0.0,0.0,0.0,0.0,0.0,0.0,0.0,66.0,47.0,965.0,55.0,103.0,0.534,0.0,1.0,0.0,55.0,102.0,0.539,0.534,17.0,28.0,0.607,61.0,171.0,232.0,24.0,27.0,43.0,30.0,156.0,127.0,0.0,8.5,0.551,0.01,0.272,7.6,19.2,13.7,3.5,1.5,3.2,20.6,7.1,0.6,1.7,2.3,0.115,-3.7,2.4,-1.3,0.2,0.0,2004
395,Amal McCaskill,10.8,0.8,2.0,0.402,0.0,0.0,0.0,0.8,2.0,0.405,0.402,0.3,0.5,0.704,0.8,1.4,2.3,0.3,0.2,0.3,0.4,1.5,1.9,0.0,0.0,1230.0,0.0,0.0,0.0,0.0,0.0,0.0,0.0,0.0,0.0,0.0,0.0,0.0,0.0,59.0,3.0,636.0,47.0,117.0,0.402,0.0,1.0,0.0,47.0,116.0,0.405,0.402,19.0,27.0,0.704,48.0,85.0,133.0,20.0,12.0,20.0,25.0,89.0,113.0,0.0,7.3,0.438,0.009,0.231,9.0,15.6,12.3,5.2,1.0,2.5,16.2,11.4,-0.1,0.7,0.6,0.047,-4.4,0.4,-4.0,-0.3,0.0,2004
396,Robert Pack,8.5,0.8,2.0,0.423,0.0,0.0,0.0,0.8,2.0,0.423,0.423,0.2,0.2,0.833,0.2,0.5,0.7,1.0,0.5,0.0,0.6,0.8,1.9,0.0,0.0,1230.0,0.0,0.0,0.0,0.0,0.0,0.0,0.0,0.0,0.0,0.0,0.0,0.0,0.0,26.0,0.0,220.0,22.0,52.0,0.423,0.0,0.0,0.0,22.0,52.0,0.423,0.423,5.0,6.0,0.833,4.0,14.0,18.0,27.0,12.0,1.0,16.0,20.0,49.0,0.0,8.0,0.448,0.0,0.115,2.1,7.5,4.8,20.0,2.9,0.4,22.7,15.1,-0.2,0.3,0.1,0.028,-4.8,1.8,-3.0,-0.1,0.0,2004
397,Mike Wilks,5.6,0.7,1.4,0.472,0.2,0.4,0.6,0.4,1.0,0.423,0.556,0.4,0.5,0.833,0.1,0.5,0.6,0.7,0.1,0.0,0.3,0.6,1.9,0.0,0.0,1230.0,0.0,0.0,0.0,0.0,0.0,0.0,0.0,0.0,0.0,0.0,0.0,0.0,0.0,26.0,0.0,145.0,17.0,36.0,0.472,6.0,10.0,0.6,11.0,26.0,0.423,0.556,10.0,12.0,0.833,3.0,13.0,16.0,17.0,3.0,0.0,7.0,15.0,50.0,0.0,14.4,0.606,0.278,0.333,2.6,10.1,6.5,20.6,1.1,0.0,14.5,15.9,0.4,0.2,0.5,0.169,0.4,1.2,1.7,0.1,0.0,2004
398,Troy Bell,5.7,0.7,3.0,0.222,0.0,0.7,0.0,0.7,2.3,0.286,0.222,0.5,0.5,1.0,0.5,0.2,0.7,0.7,0.2,0.0,1.0,1.0,1.8,0.0,0.0,1230.0,0.0,0.0,0.0,0.0,0.0,0.0,0.0,0.0,0.0,0.0,0.0,0.0,0.0,6.0,0.0,34.0,4.0,18.0,0.222,0.0,4.0,0.0,4.0,14.0,0.286,0.222,3.0,3.0,1.0,3.0,1.0,4.0,4.0,1.0,0.0,6.0,6.0,11.0,0.0,-4.5,0.285,0.222,0.167,9.9,3.4,6.6,18.7,1.5,0.0,23.7,33.5,-0.2,0.0,-0.2,-0.326,-13.0,-6.5,-19.6,-0.2,0.0,2004
399,Reece Gaines,9.6,0.7,2.3,0.291,0.1,0.3,0.3,0.6,2.0,0.289,0.308,0.4,0.7,0.64,0.2,0.8,1.0,1.1,0.3,0.1,0.5,0.6,1.8,0.0,0.0,1230.0,0.0,0.0,0.0,0.0,0.0,0.0,0.0,0.0,0.0,0.0,0.0,0.0,0.0,38.0,1.0,364.0,25.0,86.0,0.291,3.0,10.0,0.3,22.0,76.0,0.289,0.308,16.0,25.0,0.64,8.0,31.0,39.0,40.0,11.0,2.0,18.0,22.0,69.0,0.0,6.1,0.356,0.116,0.291,2.4,9.9,6.1,16.6,1.6,0.4,15.7,14.3,-0.4,0.0,-0.5,-0.065,-4.5,-1.6,-6.1,-0.4,0.0,2004
400,Darvin Ham,9.0,0.7,1.4,0.493,0.0,0.0,0.5,0.7,1.4,0.493,0.5,0.4,0.6,0.6,0.9,0.9,1.7,0.3,0.2,0.1,0.6,1.2,1.8,0.0,0.0,1230.0,0.0,0.0,0.0,0.0,0.0,0.0,0.0,0.0,0.0,0.0,0.0,0.0,0.0,54.0,2.0,484.0,37.0,75.0,0.493,1.0,2.0,0.5,36.0,73.0,0.493,0.5,21.0,35.0,0.6,47.0,46.0,93.0,16.0,13.0,8.0,31.0,63.0,96.0,0.0,8.3,0.531,0.027,0.467,11.4,10.8,11.1,5.3,1.5,1.3,25.5,11.7,0.1,0.8,0.9,0.087,-3.9,0.8,-3.1,-0.1,0.0,2004
401,Tyrone Hill,7.6,0.6,1.0,0.6,0.0,0.0,0.0,0.6,1.0,0.6,0.6,0.6,0.8,0.75,1.0,0.6,1.6,0.0,0.0,0.2,0.4,2.0,1.8,0.0,0.0,1230.0,0.0,0.0,0.0,0.0,0.0,0.0,0.0,0.0,0.0,0.0,0.0,0.0,0.0,5.0,0.0,38.0,3.0,5.0,0.6,0.0,0.0,0.0,3.0,5.0,0.6,0.6,3.0,4.0,0.75,5.0,3.0,8.0,0.0,0.0,1.0,2.0,10.0,9.0,0.0,8.2,0.666,0.0,0.8,15.2,9.3,12.3,0.0,0.0,2.1,22.8,10.8,0.1,0.0,0.1,0.123,-4.4,-0.8,-5.2,0.0,0.0,2004
402,Dahntay Jones,7.7,0.8,2.7,0.283,0.1,0.2,0.25,0.7,2.5,0.286,0.292,0.3,0.6,0.455,0.4,0.8,1.2,0.6,0.3,0.3,0.6,1.2,1.8,0.0,0.0,1230.0,0.0,0.0,0.0,0.0,0.0,0.0,0.0,0.0,0.0,0.0,0.0,0.0,0.0,20.0,0.0,154.0,15.0,53.0,0.283,1.0,4.0,0.25,14.0,49.0,0.286,0.292,5.0,11.0,0.455,7.0,16.0,23.0,12.0,5.0,6.0,12.0,23.0,36.0,0.0,2.5,0.311,0.075,0.208,5.1,11.9,8.4,12.0,1.7,2.8,17.2,20.4,-0.5,0.2,-0.4,-0.114,-7.1,-0.6,-7.7,-0.2,0.0,2004
403,Alton Ford,4.6,0.7,1.2,0.545,0.0,0.0,0.0,0.7,1.2,0.545,0.545,0.3,0.7,0.5,0.3,0.9,1.2,0.3,0.0,0.1,0.3,1.0,1.7,0.0,0.0,1230.0,0.0,0.0,0.0,0.0,0.0,0.0,0.0,0.0,0.0,0.0,0.0,0.0,0.0,9.0,0.0,41.0,6.0,11.0,0.545,0.0,0.0,0.0,6.0,11.0,0.545,0.545,3.0,6.0,0.5,3.0,8.0,11.0,3.0,0.0,1.0,3.0,9.0,15.0,0.0,12.4,0.55,0.0,0.545,9.1,21.9,15.8,13.5,0.0,1.9,18.0,19.4,0.0,0.1,0.1,0.117,-2.6,1.9,-0.7,0.0,0.0,2004
404,Scot Pollard,11.1,0.8,1.9,0.412,0.0,0.0,0.0,0.8,1.9,0.412,0.412,0.2,0.3,0.571,1.1,1.6,2.7,0.2,0.4,0.4,0.4,1.8,1.7,0.0,0.0,1230.0,0.0,0.0,0.0,0.0,0.0,0.0,0.0,0.0,0.0,0.0,0.0,0.0,0.0,61.0,3.0,678.0,47.0,114.0,0.412,0.0,0.0,0.0,47.0,114.0,0.412,0.412,12.0,21.0,0.571,67.0,97.0,164.0,10.0,23.0,26.0,22.0,110.0,106.0,0.0,8.3,0.43,0.0,0.184,11.6,17.1,14.3,2.4,1.9,2.9,15.1,10.1,0.1,1.3,1.4,0.098,-4.4,1.0,-3.4,-0.2,0.0,2004
405,Primož Brezec,4.0,0.7,1.4,0.462,0.0,0.0,0.0,0.7,1.4,0.462,0.462,0.2,0.3,0.667,0.3,0.6,0.8,0.2,0.0,0.2,0.3,0.7,1.6,0.0,0.0,1230.0,0.0,0.0,0.0,0.0,0.0,0.0,0.0,0.0,0.0,0.0,0.0,0.0,0.0,18.0,0.0,72.0,12.0,26.0,0.462,0.0,0.0,0.0,12.0,26.0,0.462,0.462,4.0,6.0,0.667,5.0,10.0,15.0,3.0,0.0,3.0,6.0,13.0,28.0,0.0,9.7,0.489,0.0,0.231,8.1,16.6,12.3,7.9,0.0,3.2,17.3,22.7,0.0,0.1,0.1,0.04,-5.1,0.0,-5.1,-0.1,0.0,2004
406,Anthony Goldwire,7.7,0.6,2.0,0.318,0.2,0.7,0.25,0.5,1.3,0.357,0.364,0.1,0.1,1.0,0.1,0.5,0.6,1.0,0.5,0.0,0.3,0.5,1.5,0.0,0.0,1230.0,0.0,0.0,0.0,0.0,0.0,0.0,0.0,0.0,0.0,0.0,0.0,0.0,0.0,11.0,0.0,85.0,7.0,22.0,0.318,2.0,8.0,0.25,5.0,14.0,0.357,0.364,1.0,1.0,1.0,1.0,6.0,7.0,11.0,5.0,0.0,3.0,5.0,17.0,0.0,8.8,0.379,0.364,0.045,1.4,7.8,4.7,18.9,3.2,0.0,11.8,14.1,0.0,0.1,0.1,0.042,-3.6,2.1,-1.5,0.0,0.0,2004
407,Alex Garcia,6.5,0.5,3.5,0.143,0.0,0.0,0.0,0.5,3.5,0.143,0.143,0.5,1.0,0.5,0.0,0.0,0.0,0.0,1.0,0.0,0.5,0.0,1.5,0.0,0.0,1230.0,0.0,0.0,0.0,0.0,0.0,0.0,0.0,0.0,0.0,0.0,0.0,0.0,0.0,2.0,0.0,13.0,1.0,7.0,0.143,0.0,0.0,0.0,1.0,7.0,0.143,0.143,1.0,2.0,0.5,0.0,0.0,0.0,0.0,2.0,0.0,1.0,0.0,3.0,0.0,-4.7,0.19,0.0,0.286,0.0,0.0,0.0,0.0,8.3,0.0,11.3,31.6,-0.1,0.0,-0.1,-0.319,-14.5,0.9,-13.6,0.0,0.0,2004
408,Kirk Penney,9.0,0.5,3.0,0.167,0.5,1.5,0.333,0.0,1.5,0.0,0.25,0.0,0.0,0.0,0.0,0.5,0.5,0.5,0.5,0.0,1.5,0.5,1.5,0.0,0.0,1230.0,0.0,0.0,0.0,0.0,0.0,0.0,0.0,0.0,0.0,0.0,0.0,0.0,0.0,2.0,0.0,18.0,1.0,6.0,0.167,1.0,3.0,0.333,0.0,3.0,0.0,0.25,0.0,0.0,0.0,0.0,1.0,1.0,1.0,1.0,0.0,3.0,1.0,3.0,0.0,-7.2,0.25,0.5,0.0,0.0,6.6,3.2,8.7,3.0,0.0,33.3,23.5,-0.1,0.0,-0.1,-0.326,-11.8,-3.2,-15.0,-0.1,0.0,2004
409,Darko Miličić,4.7,0.5,1.9,0.262,0.0,0.0,0.0,0.5,1.9,0.266,0.262,0.4,0.7,0.583,0.3,0.9,1.3,0.2,0.2,0.4,0.4,1.0,1.4,0.0,0.0,1230.0,0.0,0.0,0.0,0.0,0.0,0.0,0.0,0.0,0.0,0.0,0.0,0.0,0.0,34.0,0.0,159.0,17.0,65.0,0.262,0.0,1.0,0.0,17.0,64.0,0.266,0.262,14.0,24.0,0.583,11.0,32.0,43.0,7.0,7.0,15.0,13.0,33.0,48.0,0.0,6.1,0.318,0.015,0.369,8.1,22.9,15.6,7.5,2.4,7.2,14.7,26.0,-0.6,0.5,-0.2,-0.049,-11.6,1.2,-10.4,-0.3,0.0,2004
410,Bimbo Coles,7.7,0.5,1.5,0.353,0.0,0.0,0.0,0.5,1.5,0.353,0.353,0.2,0.3,0.667,0.1,0.4,0.5,0.7,0.1,0.0,0.4,1.2,1.3,0.0,0.0,1230.0,0.0,0.0,0.0,0.0,0.0,0.0,0.0,0.0,0.0,0.0,0.0,0.0,0.0,22.0,1.0,170.0,12.0,34.0,0.353,0.0,0.0,0.0,12.0,34.0,0.353,0.353,4.0,6.0,0.667,2.0,8.0,10.0,15.0,3.0,0.0,9.0,27.0,28.0,0.0,1.8,0.382,0.0,0.176,1.4,5.5,3.4,14.2,1.0,0.0,19.7,12.6,-0.2,0.1,-0.1,-0.036,-7.8,-0.7,-8.5,-0.3,0.0,2004
411,Josh Davis,5.8,0.5,1.3,0.4,0.0,0.5,0.0,0.5,0.8,0.667,0.4,0.3,0.3,1.0,0.3,1.0,1.3,0.0,0.0,0.0,0.5,0.8,1.3,0.0,0.0,1230.0,0.0,0.0,0.0,0.0,0.0,0.0,0.0,0.0,0.0,0.0,0.0,0.0,0.0,4.0,1.0,23.0,2.0,5.0,0.4,0.0,2.0,0.0,2.0,3.0,0.667,0.4,1.0,1.0,1.0,1.0,4.0,5.0,0.0,0.0,0.0,2.0,3.0,5.0,0.0,2.1,0.46,0.4,0.2,5.0,19.5,12.3,0.0,0.0,0.0,26.9,14.7,0.0,0.0,0.0,-0.075,-8.1,-2.1,-10.2,0.0,0.0,2004
412,Charles Oakley,3.6,0.3,0.9,0.333,0.0,0.0,0.0,0.3,0.9,0.333,0.333,0.7,0.9,0.833,0.0,0.7,0.7,0.3,0.0,0.0,0.1,1.1,1.3,0.0,0.0,1230.0,0.0,0.0,0.0,0.0,0.0,0.0,0.0,0.0,0.0,0.0,0.0,0.0,0.0,7.0,0.0,25.0,2.0,6.0,0.333,0.0,0.0,0.0,2.0,6.0,0.333,0.333,5.0,6.0,0.833,0.0,5.0,5.0,2.0,0.0,0.0,1.0,8.0,9.0,0.0,8.1,0.521,0.0,1.0,0.0,22.4,11.8,13.2,0.0,0.0,10.4,18.4,0.0,0.0,0.1,0.147,-6.3,1.6,-4.7,0.0,0.0,2004
413,Matt Carroll,4.4,0.4,1.0,0.438,0.1,0.2,0.333,0.4,0.8,0.462,0.469,0.3,0.4,0.667,0.1,0.3,0.4,0.1,0.1,0.0,0.4,0.5,1.2,0.0,0.0,1230.0,0.0,0.0,0.0,0.0,0.0,0.0,0.0,0.0,0.0,0.0,0.0,0.0,0.0,16.0,0.0,70.0,7.0,16.0,0.438,1.0,3.0,0.333,6.0,13.0,0.462,0.469,4.0,6.0,0.667,1.0,5.0,6.0,2.0,1.0,0.0,6.0,8.0,19.0,0.0,3.8,0.51,0.188,0.375,1.6,8.2,4.9,4.6,0.8,0.0,24.4,16.5,-0.1,0.0,0.0,-0.033,-6.6,-1.5,-8.2,-0.1,0.0,2004
414,Tremaine Fowlkes,7.3,0.4,1.3,0.313,0.0,0.2,0.125,0.4,1.1,0.35,0.323,0.4,0.5,0.722,0.5,1.0,1.5,0.4,0.3,0.1,0.3,1.0,1.2,0.0,0.0,1230.0,0.0,0.0,0.0,0.0,0.0,0.0,0.0,0.0,0.0,0.0,0.0,0.0,0.0,36.0,0.0,261.0,15.0,48.0,0.313,1.0,8.0,0.125,14.0,40.0,0.35,0.323,13.0,18.0,0.722,18.0,35.0,53.0,14.0,9.0,3.0,12.0,37.0,44.0,0.0,6.5,0.393,0.167,0.375,8.1,15.3,11.7,8.4,1.9,0.9,17.7,12.2,-0.1,0.5,0.4,0.068,-4.9,2.2,-2.7,0.0,0.0,2004
415,James Jones,4.3,0.3,1.5,0.222,0.2,0.7,0.25,0.2,0.8,0.2,0.278,0.3,0.3,1.0,0.0,0.3,0.3,0.0,0.2,0.0,0.0,0.2,1.2,0.0,0.0,1230.0,0.0,0.0,0.0,0.0,0.0,0.0,0.0,0.0,0.0,0.0,0.0,0.0,0.0,6.0,0.0,26.0,2.0,9.0,0.222,1.0,4.0,0.25,1.0,5.0,0.2,0.278,2.0,2.0,1.0,0.0,2.0,2.0,0.0,1.0,0.0,0.0,1.0,7.0,0.0,4.9,0.354,0.444,0.222,0.0,9.2,4.5,0.0,2.1,0.0,0.0,17.9,0.0,0.0,0.0,0.01,-3.4,-0.5,-3.9,0.0,0.0,2004
416,Mengke Bateer,5.7,0.6,1.0,0.571,0.0,0.0,0.0,0.6,1.0,0.571,0.571,0.0,0.0,0.0,0.7,0.4,1.1,0.1,0.1,0.0,0.3,1.4,1.1,0.0,0.0,1230.0,0.0,0.0,0.0,0.0,0.0,0.0,0.0,0.0,0.0,0.0,0.0,0.0,0.0,7.0,0.0,40.0,4.0,7.0,0.571,0.0,0.0,0.0,4.0,7.0,0.571,0.571,0.0,0.0,0.0,5.0,3.0,8.0,1.0,1.0,0.0,2.0,10.0,8.0,0.0,7.2,0.571,0.0,0.0,14.3,8.7,11.5,4.4,1.4,0.0,22.2,10.9,0.0,0.0,0.1,0.09,-5.6,0.3,-5.3,0.0,0.0,2004
417,Quincy Lewis,4.6,0.5,1.4,0.35,0.1,0.4,0.4,0.4,1.1,0.333,0.4,0.0,0.0,0.0,0.1,0.4,0.5,0.1,0.1,0.1,0.2,0.7,1.1,0.0,0.0,1230.0,0.0,0.0,0.0,0.0,0.0,0.0,0.0,0.0,0.0,0.0,0.0,0.0,0.0,14.0,0.0,65.0,7.0,20.0,0.35,2.0,5.0,0.4,5.0,15.0,0.333,0.4,0.0,0.0,0.0,1.0,6.0,7.0,2.0,2.0,2.0,3.0,10.0,16.0,0.0,4.1,0.4,0.25,0.0,1.9,10.0,6.1,4.7,1.7,2.2,13.0,16.7,-0.1,0.1,0.0,-0.018,-5.7,0.5,-5.2,-0.1,0.0,2004
418,Tracy Murray,5.0,0.4,1.7,0.25,0.3,0.7,0.4,0.1,1.0,0.143,0.333,0.0,0.1,0.0,0.4,0.3,0.7,0.1,0.1,0.0,0.3,0.4,1.1,0.0,0.0,1230.0,0.0,0.0,0.0,0.0,0.0,0.0,0.0,0.0,0.0,0.0,0.0,0.0,0.0,7.0,0.0,35.0,3.0,12.0,0.25,2.0,5.0,0.4,1.0,7.0,0.143,0.333,0.0,1.0,0.0,3.0,2.0,5.0,1.0,1.0,0.0,2.0,3.0,8.0,0.0,2.4,0.322,0.417,0.083,10.3,6.7,8.5,4.5,1.6,0.0,13.9,19.5,-0.1,0.0,-0.1,-0.109,-5.1,-3.6,-8.7,-0.1,0.0,2004
419,Robert Archibald,8.0,0.3,1.0,0.273,0.0,0.0,0.0,0.3,1.0,0.273,0.273,0.4,1.0,0.452,0.7,1.0,1.6,0.4,0.4,0.1,0.3,1.6,1.0,0.0,0.0,1230.0,0.0,0.0,0.0,0.0,0.0,0.0,0.0,0.0,0.0,0.0,0.0,0.0,0.0,32.0,3.0,256.0,9.0,33.0,0.273,0.0,0.0,0.0,9.0,33.0,0.273,0.273,14.0,31.0,0.452,21.0,31.0,52.0,13.0,14.0,3.0,10.0,50.0,32.0,0.0,5.6,0.343,0.0,0.939,9.4,14.0,11.7,7.9,3.0,0.9,17.7,10.7,-0.2,0.4,0.2,0.039,-6.7,2.2,-4.5,-0.1,0.0,2004
420,Jerome Beasley,2.5,0.5,1.5,0.333,0.0,0.0,0.0,0.5,1.5,0.333,0.333,0.0,0.0,0.0,0.0,0.5,0.5,0.0,0.0,0.0,0.0,0.0,1.0,0.0,0.0,1230.0,0.0,0.0,0.0,0.0,0.0,0.0,0.0,0.0,0.0,0.0,0.0,0.0,0.0,2.0,0.0,5.0,1.0,3.0,0.333,0.0,0.0,0.0,1.0,3.0,0.333,0.333,0.0,0.0,0.0,0.0,1.0,1.0,0.0,0.0,0.0,0.0,0.0,2.0,0.0,5.9,0.333,0.0,0.0,0.0,23.6,11.7,0.0,0.0,0.0,0.0,28.2,0.0,0.0,0.0,-0.117,-1.8,-3.4,-5.2,0.0,0.0,2004
421,Damone Brown,5.7,0.3,3.3,0.1,0.0,0.0,0.0,0.3,3.3,0.1,0.1,0.3,0.7,0.5,1.0,0.7,1.7,0.0,0.7,0.0,0.3,0.7,1.0,0.0,0.0,1230.0,0.0,0.0,0.0,0.0,0.0,0.0,0.0,0.0,0.0,0.0,0.0,0.0,0.0,3.0,0.0,17.0,1.0,10.0,0.1,0.0,0.0,0.0,1.0,10.0,0.1,0.1,1.0,2.0,0.5,3.0,2.0,5.0,0.0,2.0,0.0,1.0,2.0,3.0,0.0,-4.3,0.138,0.0,0.2,20.9,13.9,17.4,0.0,6.3,0.0,8.4,32.8,-0.2,0.0,-0.1,-0.345,-10.9,-4.7,-15.7,-0.1,0.0,2004
422,Pat Garrity,11.0,0.5,1.5,0.333,0.0,0.0,0.0,0.5,1.5,0.333,0.333,0.0,0.0,0.0,0.0,0.0,0.0,0.5,0.0,0.0,0.0,1.0,1.0,0.0,0.0,1230.0,0.0,0.0,0.0,0.0,0.0,0.0,0.0,0.0,0.0,0.0,0.0,0.0,0.0,2.0,0.0,22.0,1.0,3.0,0.333,0.0,0.0,0.0,1.0,3.0,0.333,0.333,0.0,0.0,0.0,0.0,0.0,0.0,1.0,0.0,0.0,0.0,2.0,2.0,0.0,0.5,0.333,0.0,0.0,0.0,0.0,0.0,6.6,0.0,0.0,0.0,6.2,0.0,0.0,0.0,-0.06,-5.1,-3.1,-8.2,0.0,0.0,2004
423,Ryan Humphrey,5.5,0.5,2.0,0.25,0.0,0.5,0.0,0.5,1.5,0.333,0.25,0.0,0.0,0.0,1.0,0.5,1.5,0.5,0.5,0.0,1.0,1.5,1.0,0.0,0.0,1230.0,0.0,0.0,0.0,0.0,0.0,0.0,0.0,0.0,0.0,0.0,0.0,0.0,0.0,2.0,0.0,11.0,1.0,4.0,0.25,0.0,1.0,0.0,1.0,3.0,0.333,0.25,0.0,0.0,0.0,2.0,1.0,3.0,1.0,1.0,0.0,2.0,3.0,2.0,0.0,-1.0,0.25,0.25,0.0,20.3,10.4,15.4,13.9,4.8,0.0,33.3,24.6,-0.1,0.0,0.0,-0.217,-12.2,-2.3,-14.6,0.0,0.0,2004
424,Rusty LaRue,5.5,0.3,0.8,0.333,0.3,0.3,1.0,0.0,0.5,0.0,0.5,0.3,0.5,0.5,0.0,0.8,0.8,0.5,0.5,0.0,1.0,0.5,1.0,0.0,0.0,1230.0,0.0,0.0,0.0,0.0,0.0,0.0,0.0,0.0,0.0,0.0,0.0,0.0,0.0,4.0,0.0,22.0,1.0,3.0,0.333,1.0,1.0,1.0,0.0,2.0,0.0,0.5,1.0,2.0,0.5,0.0,3.0,3.0,2.0,2.0,0.0,4.0,2.0,4.0,0.0,3.1,0.515,0.333,0.667,0.0,15.4,7.7,13.4,4.9,0.0,50.8,16.5,-0.1,0.0,-0.1,-0.117,-8.0,3.2,-4.7,0.0,0.0,2004
425,Travis Outlaw,2.4,0.4,0.9,0.429,0.0,0.0,0.0,0.4,0.9,0.429,0.429,0.3,0.5,0.5,0.3,0.3,0.5,0.1,0.1,0.0,0.1,0.1,1.0,0.0,0.0,1230.0,0.0,0.0,0.0,0.0,0.0,0.0,0.0,0.0,0.0,0.0,0.0,0.0,0.0,8.0,0.0,19.0,3.0,7.0,0.429,0.0,0.0,0.0,3.0,7.0,0.429,0.429,2.0,4.0,0.5,2.0,2.0,4.0,1.0,1.0,0.0,1.0,1.0,8.0,0.0,16.4,0.457,0.0,0.571,12.6,12.4,12.5,9.3,2.9,0.0,10.2,24.3,0.0,0.0,0.0,0.067,1.8,-0.3,1.4,0.0,0.0,2004
426,Cherokee Parks,5.3,0.3,0.8,0.4,0.0,0.0,0.0,0.3,0.8,0.4,0.4,0.3,0.5,0.667,0.3,0.5,0.8,0.1,0.0,0.3,0.2,0.6,1.0,0.0,0.0,1230.0,0.0,0.0,0.0,0.0,0.0,0.0,0.0,0.0,0.0,0.0,0.0,0.0,0.0,12.0,0.0,64.0,4.0,10.0,0.4,0.0,0.0,0.0,4.0,10.0,0.4,0.4,4.0,6.0,0.667,4.0,6.0,10.0,1.0,0.0,3.0,2.0,7.0,12.0,0.0,7.0,0.475,0.0,0.6,7.0,10.6,8.8,2.4,0.0,3.4,13.7,10.5,0.0,0.0,0.1,0.043,-2.7,0.4,-2.3,0.0,0.0,2004
427,Michael Bradley,6.1,0.4,0.9,0.467,0.0,0.0,0.0,0.4,0.9,0.467,0.467,0.1,0.1,0.5,0.4,1.1,1.4,0.1,0.2,0.0,0.4,0.9,0.9,0.0,0.0,1230.0,0.0,0.0,0.0,0.0,0.0,0.0,0.0,0.0,0.0,0.0,0.0,0.0,0.0,16.0,1.0,98.0,7.0,15.0,0.467,0.0,0.0,0.0,7.0,15.0,0.467,0.467,1.0,2.0,0.5,6.0,17.0,23.0,1.0,3.0,0.0,7.0,14.0,15.0,0.0,4.1,0.472,0.0,0.133,7.0,19.8,13.4,1.6,1.6,0.0,30.6,10.8,-0.1,0.1,0.0,-0.015,-7.6,-2.3,-9.9,-0.2,0.0,2004
428,Ryan Bowen,7.5,0.3,1.0,0.34,0.0,0.0,0.0,0.3,1.0,0.34,0.34,0.2,0.2,0.833,0.8,0.9,1.7,0.3,0.3,0.3,0.1,0.9,0.9,0.0,0.0,1230.0,0.0,0.0,0.0,0.0,0.0,0.0,0.0,0.0,0.0,0.0,0.0,0.0,0.0,52.0,1.0,392.0,18.0,53.0,0.34,0.0,0.0,0.0,18.0,53.0,0.34,0.34,10.0,12.0,0.833,39.0,48.0,87.0,18.0,18.0,16.0,6.0,47.0,46.0,0.0,9.9,0.395,0.0,0.226,11.1,14.0,12.5,6.4,2.4,2.9,9.3,7.2,0.3,0.5,0.8,0.097,-2.1,1.8,-0.3,0.2,0.0,2004
429,Omar Cook,8.2,0.4,1.6,0.259,0.0,0.1,0.0,0.4,1.5,0.269,0.259,0.0,0.0,0.0,0.2,0.2,0.4,1.4,0.6,0.0,0.6,0.8,0.8,0.0,0.0,1230.0,0.0,0.0,0.0,0.0,0.0,0.0,0.0,0.0,0.0,0.0,0.0,0.0,0.0,17.0,0.0,139.0,7.0,27.0,0.259,0.0,1.0,0.0,7.0,26.0,0.269,0.259,0.0,0.0,0.0,3.0,3.0,6.0,24.0,10.0,0.0,10.0,14.0,14.0,0.0,4.7,0.259,0.037,0.0,2.6,2.5,2.6,25.6,4.0,0.0,27.0,12.6,-0.3,0.1,-0.2,-0.068,-6.3,1.0,-5.4,-0.1,0.0,2004
430,Bryce Drew,5.2,0.3,1.2,0.222,0.1,0.5,0.143,0.2,0.7,0.273,0.25,0.2,0.2,1.0,0.0,0.4,0.4,0.9,0.3,0.0,0.5,0.1,0.8,0.0,0.0,1230.0,0.0,0.0,0.0,0.0,0.0,0.0,0.0,0.0,0.0,0.0,0.0,0.0,0.0,15.0,0.0,78.0,4.0,18.0,0.222,1.0,7.0,0.143,3.0,11.0,0.273,0.25,3.0,3.0,1.0,0.0,6.0,6.0,13.0,4.0,0.0,8.0,1.0,12.0,0.0,4.5,0.311,0.389,0.167,0.0,9.0,4.4,25.7,2.8,0.0,29.3,16.0,-0.2,0.1,-0.2,-0.095,-5.8,-1.7,-7.5,-0.1,0.0,2004
431,Ndudi Ebi,1.9,0.4,0.8,0.429,0.0,0.0,0.0,0.4,0.8,0.429,0.429,0.1,0.2,0.25,0.1,0.1,0.2,0.2,0.0,0.2,0.2,0.4,0.8,0.0,0.0,1230.0,0.0,0.0,0.0,0.0,0.0,0.0,0.0,0.0,0.0,0.0,0.0,0.0,0.0,17.0,0.0,32.0,6.0,14.0,0.429,0.0,0.0,0.0,6.0,14.0,0.429,0.429,1.0,4.0,0.25,2.0,1.0,3.0,3.0,0.0,4.0,3.0,6.0,13.0,0.0,9.3,0.412,0.0,0.286,7.5,3.4,5.4,16.2,0.0,9.1,16.0,27.6,-0.1,0.0,0.0,-0.057,-6.6,0.4,-6.2,0.0,0.0,2004
432,Adrian Griffin,7.0,0.3,0.9,0.278,0.1,0.1,0.5,0.2,0.8,0.25,0.306,0.0,0.2,0.0,0.1,0.9,1.0,0.5,0.4,0.1,0.2,0.9,0.6,0.0,0.0,1230.0,0.0,0.0,0.0,0.0,0.0,0.0,0.0,0.0,0.0,0.0,0.0,0.0,0.0,19.0,1.0,133.0,5.0,18.0,0.278,1.0,2.0,0.5,4.0,16.0,0.25,0.306,0.0,4.0,0.0,1.0,18.0,19.0,10.0,7.0,2.0,3.0,17.0,11.0,0.0,4.5,0.278,0.111,0.222,0.9,15.2,8.4,11.6,2.9,1.2,13.2,8.2,-0.2,0.2,0.1,0.031,-6.3,4.4,-1.9,0.0,0.0,2004
433,Michael Stewart,5.9,0.2,0.5,0.417,0.0,0.0,0.0,0.2,0.5,0.417,0.417,0.1,0.2,0.75,0.3,0.8,1.2,0.0,0.1,0.4,0.1,1.4,0.5,0.0,0.0,1230.0,0.0,0.0,0.0,0.0,0.0,0.0,0.0,0.0,0.0,0.0,0.0,0.0,0.0,25.0,2.0,147.0,5.0,12.0,0.417,0.0,0.0,0.0,5.0,12.0,0.417,0.417,3.0,4.0,0.75,8.0,21.0,29.0,0.0,2.0,10.0,3.0,34.0,13.0,0.0,4.2,0.472,0.0,0.333,6.1,15.9,11.1,0.0,0.7,4.9,17.9,5.1,0.0,0.2,0.2,0.057,-6.3,1.1,-5.2,-0.1,0.0,2004
434,Mark Pope,5.0,0.3,0.5,0.5,0.0,0.0,0.0,0.3,0.5,0.5,0.5,0.0,0.3,0.0,0.0,0.8,0.8,0.0,0.3,0.0,0.8,2.0,0.5,0.0,0.0,1230.0,0.0,0.0,0.0,0.0,0.0,0.0,0.0,0.0,0.0,0.0,0.0,0.0,0.0,4.0,0.0,20.0,1.0,2.0,0.5,0.0,0.0,0.0,1.0,2.0,0.5,0.5,0.0,1.0,0.0,0.0,3.0,3.0,0.0,1.0,0.0,3.0,8.0,2.0,0.0,-9.0,0.41,0.0,0.5,0.0,17.2,8.5,0.0,2.6,0.0,55.1,11.9,-0.1,0.0,-0.1,-0.172,-16.9,1.5,-15.4,-0.1,0.0,2004
435,Ruben Boumtje-Boumtje,2.9,0.1,0.6,0.2,0.0,0.0,0.0,0.1,0.6,0.2,0.2,0.2,0.2,1.0,0.0,0.1,0.1,0.1,0.0,0.1,0.0,0.2,0.4,0.0,0.0,1230.0,0.0,0.0,0.0,0.0,0.0,0.0,0.0,0.0,0.0,0.0,0.0,0.0,0.0,9.0,0.0,26.0,1.0,5.0,0.2,0.0,0.0,0.0,1.0,5.0,0.2,0.2,2.0,2.0,1.0,0.0,1.0,1.0,1.0,0.0,1.0,0.0,2.0,4.0,0.0,3.4,0.34,0.0,0.4,0.0,4.5,2.3,5.6,0.0,2.9,0.0,10.7,0.0,0.0,0.0,-0.014,-4.4,-1.4,-5.8,0.0,0.0,2004
436,Hubert Davis,4.6,0.1,0.6,0.091,0.0,0.1,0.0,0.1,0.6,0.1,0.091,0.1,0.1,1.0,0.1,0.4,0.5,0.2,0.1,0.0,0.2,0.7,0.2,0.0,0.0,1230.0,0.0,0.0,0.0,0.0,0.0,0.0,0.0,0.0,0.0,0.0,0.0,0.0,0.0,17.0,0.0,78.0,1.0,11.0,0.091,0.0,1.0,0.0,1.0,10.0,0.1,0.091,2.0,2.0,1.0,2.0,6.0,8.0,4.0,2.0,0.0,3.0,12.0,4.0,0.0,-2.3,0.168,0.091,0.182,3.0,9.1,6.1,7.4,1.4,0.0,20.2,8.9,-0.2,0.1,-0.1,-0.062,-10.0,0.5,-9.5,-0.1,0.0,2004
437,Cezary Trybański,2.1,0.0,0.6,0.0,0.0,0.0,0.0,0.0,0.6,0.0,0.0,0.1,0.3,0.5,0.0,0.1,0.1,0.0,0.1,0.1,0.3,0.4,0.1,0.0,0.0,1230.0,0.0,0.0,0.0,0.0,0.0,0.0,0.0,0.0,0.0,0.0,0.0,0.0,0.0,7.0,0.0,15.0,0.0,4.0,0.0,0.0,0.0,0.0,0.0,4.0,0.0,0.0,1.0,2.0,0.5,0.0,1.0,1.0,0.0,1.0,1.0,2.0,3.0,1.0,0.0,-12.1,0.102,0.0,0.5,0.0,7.6,3.8,0.0,3.6,5.0,29.1,21.0,-0.1,0.0,-0.1,-0.396,-20.9,-1.4,-22.3,-0.1,0.0,2004
438,Popeye Jones,2.0,0.0,0.4,0.0,0.0,0.0,0.0,0.0,0.4,0.0,0.0,0.0,0.0,0.0,0.2,0.0,0.2,0.0,0.0,0.0,0.0,0.4,0.0,0.0,0.0,1230.0,0.0,0.0,0.0,0.0,0.0,0.0,0.0,0.0,0.0,0.0,0.0,0.0,0.0,5.0,0.0,10.0,0.0,2.0,0.0,0.0,0.0,0.0,0.0,2.0,0.0,0.0,0.0,0.0,0.0,1.0,0.0,1.0,0.0,0.0,0.0,0.0,2.0,0.0,0.0,-7.8,0.0,0.0,0.0,11.2,0.0,5.6,0.0,0.0,0.0,0.0,9.2,0.0,0.0,0.0,-0.169,-9.8,-4.7,-14.5,0.0,0.0,2004
439,Jelani McCoy,6.0,0.0,0.0,0.0,0.0,0.0,0.0,0.0,0.0,0.0,0.0,0.0,0.0,0.0,0.5,1.5,2.0,0.0,0.0,0.0,0.5,2.0,0.0,0.0,0.0,1230.0,0.0,0.0,0.0,0.0,0.0,0.0,0.0,0.0,0.0,0.0,0.0,0.0,0.0,2.0,0.0,12.0,0.0,0.0,0.0,0.0,0.0,0.0,0.0,0.0,0.0,0.0,0.0,0.0,0.0,1.0,3.0,4.0,0.0,0.0,0.0,1.0,4.0,0.0,0.0,-3.8,0.0,0.0,0.0,9.2,27.7,18.4,0.0,0.0,0.0,100.0,3.7,0.0,0.0,0.0,-0.044,-11.4,-1.3,-12.7,0.0,0.0,2004
440,Olden Polynice,6.0,0.0,0.0,0.0,0.0,0.0,0.0,0.0,0.0,0.0,0.0,0.0,0.0,0.0,0.5,0.5,1.0,0.5,0.5,0.0,2.0,1.0,0.0,0.0,0.0,1230.0,0.0,0.0,0.0,0.0,0.0,0.0,0.0,0.0,0.0,0.0,0.0,0.0,0.0,2.0,0.0,12.0,0.0,0.0,0.0,0.0,0.0,0.0,0.0,0.0,0.0,0.0,0.0,0.0,0.0,1.0,1.0,2.0,1.0,1.0,0.0,4.0,2.0,0.0,0.0,-9.2,0.0,0.0,0.0,9.4,9.6,9.5,11.7,4.4,0.0,100.0,14.8,-0.1,0.0,-0.1,-0.394,-17.7,1.7,-16.0,0.0,0.0,2004
441,Slavko Vraneš,3.0,0.0,1.0,0.0,0.0,0.0,0.0,0.0,1.0,0.0,0.0,0.0,0.0,0.0,0.0,0.0,0.0,0.0,0.0,0.0,0.0,1.0,0.0,0.0,0.0,1230.0,0.0,0.0,0.0,0.0,0.0,0.0,0.0,0.0,0.0,0.0,0.0,0.0,0.0,1.0,0.0,3.0,0.0,1.0,0.0,0.0,0.0,0.0,0.0,1.0,0.0,0.0,0.0,0.0,0.0,0.0,0.0,0.0,0.0,0.0,0.0,0.0,1.0,0.0,0.0,-20.4,0.0,0.0,0.0,0.0,0.0,0.0,0.0,0.0,0.0,0.0,15.8,0.0,0.0,0.0,-0.371,-19.8,-6.4,-26.2,0.0,0.0,2004
