,Player,MPPG,FGPG,FGAPG,FG%PG,3PPG,3PAPG,3P%PG,2PPG,2PAPG,2P%PG,eFG%PG,FTPG,FTAPG,FT%PG,ORBPG,DRBPG,TRBPG,ASTPG,STLPG,BLKPG,TOVPG,PFPG,PTSPG,First,Pts Won,Pts Max,Share,G_x,MP_x,PTS_x,TRB_x,AST_x,STL_x,BLK_x,FG%_x,3P%_x,FT%_x,WS_x,WS/48_x,G_y,GS,MP_y,FG,FGA,FG%_y,3P,3PA,3P%_y,2P,2PA,2P%,eFG%,FT,FTA,FT%_y,ORB,DRB,TRB_y,AST_y,STL_y,BLK_y,TOV,PF,PTS_y,Trp-Dbl,PER,TS%,3PAr,FTr,ORB%,DRB%,TRB%,AST%,STL%,BLK%,TOV%,USG%,OWS,DWS,WS_y,WS/48_y,OBPM,DBPM,BPM,VORP,First Pts Share,Year
0,Kobe Bryant,41.0,12.2,27.2,0.45,2.3,6.5,0.347,10.0,20.7,0.482,0.491,8.7,10.2,0.85,0.9,4.4,5.3,4.5,1.8,0.4,3.1,2.9,35.4,22.0,483.0,1250.0,0.386,80.0,41.0,35.4,5.3,4.5,1.8,0.4,0.45,0.347,0.85,15.3,0.224,80.0,80.0,3277.0,978.0,2173.0,0.45,180.0,518.0,0.347,798.0,1655.0,0.482,0.491,696.0,819.0,0.85,71.0,354.0,425.0,360.0,147.0,30.0,250.0,233.0,2832.0,0.0,28.0,0.559,0.238,0.377,2.6,12.7,7.6,24.1,2.4,0.7,9.0,38.7,11.6,3.7,15.3,0.224,7.4,0.2,7.6,8.0,0.0176,2006
1,Allen Iverson,43.1,11.3,25.3,0.447,1.0,3.1,0.323,10.3,22.2,0.465,0.467,9.4,11.5,0.814,0.6,2.6,3.2,7.4,1.9,0.1,3.4,1.7,33.0,0.0,1.0,1250.0,0.001,72.0,43.1,33.0,3.2,7.4,1.9,0.1,0.447,0.323,0.814,10.6,0.165,72.0,72.0,3103.0,815.0,1822.0,0.447,72.0,223.0,0.323,743.0,1599.0,0.465,0.467,675.0,829.0,0.814,44.0,188.0,232.0,532.0,140.0,10.0,248.0,121.0,2377.0,0.0,25.9,0.543,0.122,0.455,1.7,7.1,4.4,34.9,2.3,0.2,10.2,35.8,8.8,1.8,10.6,0.165,5.8,-1.0,4.8,5.3,0.0,2006
2,LeBron James,42.5,11.1,23.1,0.48,1.6,4.8,0.335,9.5,18.3,0.518,0.515,7.6,10.3,0.738,0.9,6.1,7.0,6.6,1.6,0.8,3.3,2.3,31.4,16.0,688.0,1250.0,0.55,79.0,42.5,31.4,7.0,6.6,1.6,0.8,0.48,0.335,0.738,16.3,0.232,79.0,79.0,3361.0,875.0,1823.0,0.48,127.0,379.0,0.335,748.0,1444.0,0.518,0.515,601.0,814.0,0.738,75.0,481.0,556.0,521.0,123.0,66.0,260.0,181.0,2478.0,5.0,28.1,0.568,0.208,0.447,2.6,17.1,9.8,32.8,2.0,1.5,10.7,33.6,12.0,4.3,16.3,0.232,7.5,1.6,9.1,9.4,0.0128,2006
3,Gilbert Arenas,42.3,9.3,20.9,0.447,2.5,6.8,0.369,6.8,14.1,0.485,0.507,8.2,10.0,0.82,0.7,2.8,3.5,6.1,2.0,0.3,3.7,3.6,29.3,0.0,0.0,1250.0,0.0,0.0,0.0,0.0,0.0,0.0,0.0,0.0,0.0,0.0,0.0,0.0,0.0,80.0,80.0,3384.0,746.0,1668.0,0.447,199.0,540.0,0.369,547.0,1128.0,0.485,0.507,655.0,799.0,0.82,59.0,221.0,280.0,484.0,161.0,25.0,297.0,286.0,2346.0,0.0,23.8,0.581,0.324,0.479,2.0,7.8,4.8,27.0,2.5,0.6,12.8,30.5,11.0,2.6,13.6,0.193,5.4,0.0,5.4,6.3,0.0,2006
4,Dwyane Wade,38.6,9.3,18.8,0.495,0.2,1.0,0.171,9.1,17.8,0.513,0.499,8.4,10.7,0.783,1.4,4.3,5.7,6.7,1.9,0.8,3.6,2.9,27.2,0.0,87.0,1250.0,0.07,75.0,38.6,27.2,5.7,6.7,1.9,0.8,0.495,0.171,0.783,14.4,0.239,75.0,75.0,2892.0,699.0,1413.0,0.495,13.0,76.0,0.171,686.0,1337.0,0.513,0.499,629.0,803.0,0.783,107.0,323.0,430.0,503.0,146.0,58.0,268.0,217.0,2040.0,2.0,27.6,0.577,0.054,0.568,4.5,12.6,8.7,33.0,2.6,1.5,13.2,32.5,10.2,4.2,14.4,0.239,5.9,1.8,7.7,7.1,0.0,2006
5,Paul Pierce,39.0,8.7,18.5,0.471,1.4,4.0,0.354,7.3,14.5,0.503,0.509,7.9,10.3,0.772,1.0,5.7,6.7,4.7,1.4,0.4,3.5,2.8,26.8,0.0,0.0,1250.0,0.0,0.0,0.0,0.0,0.0,0.0,0.0,0.0,0.0,0.0,0.0,0.0,0.0,79.0,79.0,3084.0,689.0,1462.0,0.471,111.0,314.0,0.354,578.0,1148.0,0.503,0.509,627.0,812.0,0.772,77.0,453.0,530.0,375.0,107.0,34.0,273.0,223.0,2116.0,1.0,23.6,0.582,0.215,0.555,3.1,17.5,10.5,23.4,1.8,0.8,13.0,31.2,8.3,3.2,11.5,0.178,5.0,-0.2,4.8,5.3,0.0,2006
6,Dirk Nowitzki,38.1,9.3,19.3,0.48,1.4,3.3,0.406,7.9,16.0,0.496,0.515,6.7,7.4,0.901,1.4,7.6,9.0,2.8,0.7,1.0,1.9,2.0,26.6,14.0,544.0,1250.0,0.435,81.0,38.1,26.6,9.0,2.8,0.7,1.0,0.48,0.406,0.901,17.7,0.275,81.0,81.0,3089.0,751.0,1564.0,0.48,110.0,271.0,0.406,641.0,1293.0,0.496,0.515,539.0,598.0,0.901,115.0,613.0,728.0,226.0,58.0,83.0,156.0,164.0,2151.0,0.0,28.1,0.589,0.173,0.382,4.6,23.4,14.2,14.7,1.0,2.1,7.9,30.0,13.5,4.3,17.7,0.275,7.8,0.4,8.1,7.9,0.0112,2006
7,Carmelo Anthony,36.8,9.5,19.7,0.481,0.5,1.9,0.243,9.0,17.8,0.506,0.493,7.2,8.9,0.808,1.5,3.4,4.9,2.7,1.1,0.5,2.7,2.9,26.5,0.0,0.0,1250.0,0.0,0.0,0.0,0.0,0.0,0.0,0.0,0.0,0.0,0.0,0.0,0.0,0.0,80.0,80.0,2941.0,756.0,1572.0,0.481,37.0,152.0,0.243,719.0,1420.0,0.506,0.493,573.0,709.0,0.808,122.0,272.0,394.0,216.0,88.0,42.0,218.0,229.0,2122.0,0.0,22.0,0.563,0.097,0.451,4.9,10.7,7.8,14.3,1.5,1.1,10.4,32.0,6.8,2.6,9.4,0.153,3.5,-0.9,2.7,3.5,0.0,2006
8,Michael Redd,39.1,8.5,19.0,0.45,2.0,5.2,0.395,6.5,13.8,0.471,0.504,6.3,7.1,0.877,1.0,3.3,4.3,2.9,1.2,0.1,2.1,2.0,25.4,0.0,0.0,1250.0,0.0,0.0,0.0,0.0,0.0,0.0,0.0,0.0,0.0,0.0,0.0,0.0,0.0,80.0,80.0,3130.0,682.0,1516.0,0.45,163.0,413.0,0.395,519.0,1103.0,0.471,0.504,501.0,571.0,0.877,78.0,264.0,342.0,229.0,95.0,5.0,170.0,157.0,2028.0,0.0,21.2,0.574,0.272,0.377,2.9,10.2,6.5,13.8,1.6,0.1,8.8,28.3,8.8,2.0,10.8,0.166,4.7,-0.9,3.8,4.6,0.0,2006
9,Ray Allen,38.7,8.7,19.2,0.454,3.4,8.4,0.412,5.3,10.9,0.486,0.544,4.2,4.6,0.903,0.9,3.3,4.3,3.7,1.3,0.2,2.4,1.9,25.1,0.0,0.0,1250.0,0.0,0.0,0.0,0.0,0.0,0.0,0.0,0.0,0.0,0.0,0.0,0.0,0.0,78.0,78.0,3022.0,681.0,1500.0,0.454,269.0,653.0,0.412,412.0,847.0,0.486,0.544,324.0,359.0,0.903,71.0,261.0,332.0,286.0,105.0,16.0,188.0,151.0,1955.0,0.0,22.2,0.59,0.435,0.239,2.8,10.6,6.6,17.2,1.8,0.4,10.2,27.4,9.8,-0.3,9.5,0.15,6.4,-2.0,4.4,4.9,0.0,2006
10,Elton Brand,39.2,9.6,18.2,0.527,0.0,0.0,0.333,9.6,18.1,0.527,0.527,5.6,7.2,0.775,3.0,7.0,10.0,2.6,1.0,2.5,2.2,2.9,24.7,1.0,50.0,1250.0,0.04,79.0,39.2,24.7,10.0,2.6,1.0,2.5,0.527,0.333,0.775,14.8,0.229,79.0,79.0,3099.0,756.0,1435.0,0.527,1.0,3.0,0.333,755.0,1432.0,0.527,0.527,440.0,568.0,0.775,236.0,554.0,790.0,208.0,81.0,201.0,173.0,227.0,1953.0,0.0,26.5,0.58,0.002,0.396,9.3,19.9,14.8,13.1,1.4,4.9,9.3,27.7,9.3,5.5,14.8,0.229,5.1,1.6,6.7,6.8,0.0008,2006
11,Tracy McGrady,37.1,8.7,21.5,0.406,1.6,5.0,0.312,7.2,16.5,0.434,0.442,5.4,7.2,0.747,1.0,5.6,6.5,4.8,1.3,0.9,2.6,1.9,24.4,0.0,0.0,1250.0,0.0,0.0,0.0,0.0,0.0,0.0,0.0,0.0,0.0,0.0,0.0,0.0,0.0,47.0,47.0,1745.0,410.0,1011.0,0.406,73.0,234.0,0.312,337.0,777.0,0.434,0.442,254.0,340.0,0.747,46.0,261.0,307.0,225.0,59.0,41.0,120.0,88.0,1147.0,0.0,21.9,0.494,0.231,0.336,3.1,17.2,10.3,28.8,1.8,1.9,9.4,35.0,1.4,2.7,4.1,0.112,4.8,0.7,5.4,3.3,0.0,2006
12,Vince Carter,36.8,8.3,19.2,0.43,1.6,4.6,0.341,6.7,14.6,0.459,0.471,6.1,7.6,0.799,1.7,4.1,5.8,4.3,1.2,0.7,2.7,3.0,24.2,0.0,0.0,1250.0,0.0,0.0,0.0,0.0,0.0,0.0,0.0,0.0,0.0,0.0,0.0,0.0,0.0,79.0,79.0,2906.0,653.0,1518.0,0.43,125.0,367.0,0.341,528.0,1151.0,0.459,0.471,480.0,601.0,0.799,135.0,327.0,462.0,338.0,94.0,53.0,213.0,235.0,1911.0,1.0,21.6,0.536,0.242,0.396,5.4,13.4,9.3,24.4,1.7,1.5,10.7,32.3,4.9,4.4,9.3,0.153,4.5,0.5,5.1,5.2,0.0,2006
13,Jason Richardson,38.4,8.5,19.2,0.446,2.4,6.4,0.384,6.1,12.8,0.477,0.509,3.7,5.5,0.673,1.4,4.4,5.8,3.1,1.3,0.5,2.2,2.7,23.2,0.0,0.0,1250.0,0.0,0.0,0.0,0.0,0.0,0.0,0.0,0.0,0.0,0.0,0.0,0.0,0.0,75.0,75.0,2877.0,641.0,1438.0,0.446,183.0,477.0,0.384,458.0,961.0,0.477,0.509,276.0,410.0,0.673,105.0,333.0,438.0,232.0,97.0,37.0,167.0,206.0,1741.0,0.0,19.2,0.538,0.332,0.285,4.0,13.2,8.5,15.6,1.7,1.0,9.4,27.6,4.5,2.8,7.3,0.122,3.4,-0.3,3.1,3.7,0.0,2006
14,Chris Bosh,39.3,7.8,15.5,0.505,0.0,0.2,0.0,7.8,15.3,0.511,0.505,6.8,8.3,0.816,2.9,6.3,9.2,2.6,0.7,1.1,2.2,3.0,22.5,0.0,0.0,1250.0,0.0,0.0,0.0,0.0,0.0,0.0,0.0,0.0,0.0,0.0,0.0,0.0,0.0,70.0,70.0,2751.0,549.0,1087.0,0.505,0.0,13.0,0.0,549.0,1074.0,0.511,0.505,474.0,581.0,0.816,204.0,443.0,647.0,181.0,50.0,79.0,157.0,209.0,1572.0,0.0,23.2,0.585,0.012,0.534,8.7,20.6,14.4,11.8,1.0,2.3,10.5,25.2,8.7,1.1,9.8,0.17,3.9,-1.0,2.9,3.4,0.0,2006
15,Yao Ming,34.2,8.2,15.8,0.519,0.0,0.0,0.0,8.2,15.8,0.519,0.519,5.9,6.9,0.853,2.6,7.6,10.2,1.5,0.5,1.6,2.6,3.4,22.3,0.0,0.0,1250.0,0.0,0.0,0.0,0.0,0.0,0.0,0.0,0.0,0.0,0.0,0.0,0.0,0.0,57.0,57.0,1949.0,467.0,900.0,0.519,0.0,1.0,0.0,467.0,899.0,0.519,0.519,337.0,395.0,0.853,148.0,433.0,581.0,85.0,30.0,94.0,147.0,195.0,1271.0,0.0,25.6,0.592,0.001,0.439,9.1,25.6,17.5,9.8,0.8,3.9,12.0,29.9,5.0,3.5,8.6,0.211,3.5,0.9,4.4,3.2,0.0,2006
16,Kevin Garnett,38.9,8.2,15.7,0.526,0.1,0.4,0.267,8.1,15.3,0.532,0.529,5.2,6.4,0.81,2.8,9.9,12.7,4.1,1.4,1.4,2.4,2.7,21.8,0.0,0.0,1250.0,0.0,0.0,0.0,0.0,0.0,0.0,0.0,0.0,0.0,0.0,0.0,0.0,0.0,76.0,76.0,2957.0,626.0,1191.0,0.526,8.0,30.0,0.267,618.0,1161.0,0.532,0.529,396.0,489.0,0.81,214.0,752.0,966.0,308.0,104.0,107.0,180.0,206.0,1656.0,0.0,26.8,0.589,0.025,0.411,8.9,29.7,19.6,20.2,1.9,2.7,11.3,25.5,9.0,5.9,14.9,0.242,5.6,2.2,7.8,7.4,0.0,2006
17,Shawn Marion,40.3,8.8,16.9,0.525,1.2,3.6,0.331,7.7,13.3,0.577,0.56,3.0,3.7,0.809,3.1,8.8,11.8,1.8,2.0,1.7,1.5,2.8,21.8,0.0,1.0,1250.0,0.001,81.0,40.3,21.8,11.8,1.8,2.0,1.7,0.525,0.331,0.809,14.6,0.214,81.0,81.0,3263.0,716.0,1365.0,0.525,96.0,290.0,0.331,620.0,1075.0,0.577,0.56,241.0,298.0,0.809,249.0,710.0,959.0,143.0,160.0,137.0,125.0,223.0,1769.0,0.0,23.6,0.591,0.212,0.218,8.7,23.6,16.3,6.8,2.5,2.9,7.7,22.3,8.6,5.9,14.6,0.214,3.5,1.3,4.8,5.6,0.0,2006
18,Mike Bibby,38.6,7.3,16.9,0.432,2.3,6.1,0.386,4.9,10.8,0.458,0.501,4.2,4.9,0.849,0.4,2.6,2.9,5.4,1.0,0.1,2.4,2.1,21.1,0.0,0.0,1250.0,0.0,0.0,0.0,0.0,0.0,0.0,0.0,0.0,0.0,0.0,0.0,0.0,0.0,82.0,82.0,3167.0,597.0,1382.0,0.432,192.0,497.0,0.386,405.0,885.0,0.458,0.501,342.0,403.0,0.849,29.0,211.0,240.0,444.0,82.0,10.0,199.0,169.0,1728.0,0.0,17.9,0.554,0.36,0.292,1.1,7.7,4.4,25.2,1.4,0.2,11.3,25.4,6.0,2.4,8.4,0.127,2.7,-1.2,1.5,2.8,0.0,2006
19,Antawn Jamison,40.1,8.0,18.2,0.442,1.8,4.5,0.394,6.3,13.7,0.458,0.491,2.6,3.6,0.731,2.0,7.3,9.3,1.9,1.1,0.1,1.7,2.3,20.5,0.0,0.0,1250.0,0.0,0.0,0.0,0.0,0.0,0.0,0.0,0.0,0.0,0.0,0.0,0.0,0.0,82.0,80.0,3288.0,660.0,1494.0,0.442,147.0,373.0,0.394,513.0,1121.0,0.458,0.491,217.0,297.0,0.731,167.0,598.0,765.0,158.0,90.0,12.0,137.0,189.0,1684.0,0.0,17.7,0.518,0.25,0.199,5.7,21.8,13.5,8.7,1.4,0.3,7.8,23.9,4.9,3.2,8.2,0.119,2.4,-1.2,1.2,2.7,0.0,2006
20,Pau Gasol,39.2,7.5,14.9,0.503,0.0,0.2,0.25,7.5,14.8,0.505,0.504,5.3,7.7,0.689,2.4,6.5,8.9,4.6,0.6,1.9,2.9,2.3,20.4,0.0,0.0,1250.0,0.0,0.0,0.0,0.0,0.0,0.0,0.0,0.0,0.0,0.0,0.0,0.0,0.0,80.0,80.0,3135.0,600.0,1194.0,0.503,3.0,12.0,0.25,597.0,1182.0,0.505,0.504,425.0,617.0,0.689,191.0,522.0,713.0,371.0,46.0,153.0,235.0,184.0,1628.0,1.0,22.7,0.555,0.01,0.517,7.5,20.0,13.8,23.7,0.8,3.9,13.8,26.4,6.6,5.4,12.0,0.184,3.9,1.7,5.5,6.0,0.0,2006
21,Mike James,37.0,7.3,15.5,0.469,2.1,4.8,0.442,5.2,10.7,0.481,0.538,3.6,4.3,0.837,0.6,2.7,3.3,5.8,0.9,0.0,2.6,2.7,20.3,0.0,0.0,1250.0,0.0,0.0,0.0,0.0,0.0,0.0,0.0,0.0,0.0,0.0,0.0,0.0,0.0,79.0,79.0,2925.0,576.0,1228.0,0.469,169.0,382.0,0.442,407.0,846.0,0.481,0.538,283.0,338.0,0.837,45.0,217.0,262.0,460.0,72.0,3.0,206.0,214.0,1604.0,0.0,19.8,0.583,0.311,0.275,1.8,9.5,5.5,28.2,1.3,0.1,13.0,25.0,7.7,-0.1,7.6,0.125,4.0,-2.2,1.8,2.9,0.0,2006
22,Joe Johnson,40.7,7.7,17.0,0.453,1.6,4.4,0.356,6.1,12.6,0.487,0.499,3.2,4.0,0.791,1.2,2.9,4.1,6.5,1.3,0.4,3.3,2.3,20.2,0.0,0.0,1250.0,0.0,0.0,0.0,0.0,0.0,0.0,0.0,0.0,0.0,0.0,0.0,0.0,0.0,82.0,82.0,3340.0,632.0,1395.0,0.453,128.0,360.0,0.356,504.0,1035.0,0.487,0.499,261.0,330.0,0.791,98.0,237.0,335.0,536.0,103.0,31.0,267.0,187.0,1653.0,1.0,17.9,0.537,0.258,0.237,3.4,8.8,6.0,29.1,1.6,0.7,14.8,24.6,5.5,0.4,6.0,0.086,3.1,-2.1,1.0,2.5,0.0,2006
23,Chris Webber,38.6,8.2,19.0,0.434,0.3,1.0,0.273,7.9,17.9,0.443,0.441,3.5,4.6,0.756,2.5,7.4,9.9,3.4,1.4,0.8,2.4,2.9,20.2,0.0,0.0,1250.0,0.0,0.0,0.0,0.0,0.0,0.0,0.0,0.0,0.0,0.0,0.0,0.0,0.0,75.0,75.0,2893.0,617.0,1422.0,0.434,21.0,77.0,0.273,596.0,1345.0,0.443,0.441,263.0,348.0,0.756,184.0,557.0,741.0,256.0,103.0,62.0,182.0,219.0,1518.0,0.0,18.4,0.482,0.054,0.245,7.4,22.6,15.0,16.4,1.8,1.6,10.4,27.7,1.1,3.3,4.4,0.074,0.6,-0.7,-0.1,1.3,0.0,2006
24,Richard Hamilton,35.3,8.1,16.5,0.491,0.7,1.5,0.458,7.4,15.0,0.494,0.512,3.2,3.8,0.845,1.1,2.2,3.2,3.4,0.7,0.2,2.2,2.6,20.1,0.0,0.0,1250.0,0.0,0.0,0.0,0.0,0.0,0.0,0.0,0.0,0.0,0.0,0.0,0.0,0.0,80.0,80.0,2825.0,649.0,1322.0,0.491,55.0,120.0,0.458,594.0,1202.0,0.494,0.512,256.0,303.0,0.845,84.0,172.0,256.0,275.0,52.0,16.0,173.0,207.0,1609.0,0.0,18.2,0.553,0.091,0.229,3.5,7.3,5.4,18.6,1.0,0.4,10.6,27.4,5.3,2.4,7.6,0.13,1.7,-0.9,0.8,2.0,0.0,2006
25,Rashard Lewis,36.9,6.9,14.8,0.467,1.8,4.7,0.384,5.1,10.0,0.507,0.529,4.5,5.5,0.818,1.4,3.6,5.0,2.3,1.3,0.6,1.8,2.4,20.1,0.0,0.0,1250.0,0.0,0.0,0.0,0.0,0.0,0.0,0.0,0.0,0.0,0.0,0.0,0.0,0.0,78.0,77.0,2876.0,538.0,1151.0,0.467,142.0,370.0,0.384,396.0,781.0,0.507,0.529,350.0,428.0,0.818,111.0,279.0,390.0,182.0,102.0,50.0,141.0,191.0,1568.0,0.0,20.0,0.585,0.321,0.372,4.6,11.9,8.2,10.7,1.9,1.3,9.5,23.1,8.2,0.1,8.3,0.138,4.2,-1.6,2.7,3.4,0.0,2006
26,Jermaine O'Neal,35.3,7.5,15.8,0.472,0.1,0.2,0.3,7.4,15.6,0.474,0.474,5.1,7.2,0.709,2.0,7.3,9.3,2.6,0.5,2.3,3.0,3.5,20.1,0.0,0.0,1250.0,0.0,0.0,0.0,0.0,0.0,0.0,0.0,0.0,0.0,0.0,0.0,0.0,0.0,51.0,47.0,1802.0,380.0,805.0,0.472,3.0,10.0,0.3,377.0,795.0,0.474,0.474,261.0,368.0,0.709,102.0,374.0,476.0,133.0,27.0,117.0,151.0,177.0,1024.0,0.0,20.4,0.53,0.012,0.457,6.7,23.2,15.2,14.9,0.8,4.7,13.5,28.9,1.4,3.5,4.9,0.131,0.6,1.7,2.3,2.0,0.0,2006
27,Shaquille O'Neal,30.6,8.1,13.6,0.6,0.0,0.0,0.0,8.1,13.6,0.6,0.6,3.7,8.0,0.469,2.9,6.3,9.2,1.9,0.4,1.8,2.8,3.9,20.0,0.0,0.0,1250.0,0.0,0.0,0.0,0.0,0.0,0.0,0.0,0.0,0.0,0.0,0.0,0.0,0.0,59.0,58.0,1806.0,480.0,800.0,0.6,0.0,0.0,0.0,480.0,800.0,0.6,0.6,221.0,471.0,0.469,172.0,369.0,541.0,113.0,23.0,104.0,168.0,230.0,1181.0,1.0,24.4,0.586,0.0,0.589,11.7,23.1,17.6,12.4,0.7,4.4,14.3,30.0,3.3,2.9,6.2,0.164,2.4,0.3,2.7,2.1,0.0,2006
28,Richard Jefferson,39.2,6.3,12.9,0.493,0.8,2.4,0.319,5.6,10.5,0.532,0.522,6.0,7.4,0.812,1.2,5.6,6.8,3.8,0.8,0.2,2.2,2.5,19.5,0.0,0.0,1250.0,0.0,0.0,0.0,0.0,0.0,0.0,0.0,0.0,0.0,0.0,0.0,0.0,0.0,78.0,78.0,3059.0,495.0,1005.0,0.493,60.0,188.0,0.319,435.0,817.0,0.532,0.522,471.0,580.0,0.812,95.0,439.0,534.0,297.0,59.0,17.0,174.0,193.0,1521.0,0.0,18.9,0.603,0.187,0.577,3.6,17.1,10.2,18.0,1.0,0.4,12.1,22.1,7.6,4.1,11.7,0.184,2.6,0.5,3.1,3.9,0.0,2006
29,Ricky Davis,41.1,7.5,16.7,0.448,0.9,3.1,0.302,6.6,13.6,0.481,0.476,3.5,4.4,0.797,0.8,3.7,4.5,5.1,1.2,0.2,2.7,2.4,19.4,0.0,0.0,1250.0,0.0,0.0,0.0,0.0,0.0,0.0,0.0,0.0,0.0,0.0,0.0,0.0,0.0,78.0,78.0,3207.0,584.0,1304.0,0.448,73.0,242.0,0.302,511.0,1062.0,0.481,0.476,275.0,345.0,0.797,65.0,286.0,351.0,394.0,91.0,17.0,213.0,190.0,1516.0,0.0,15.6,0.521,0.186,0.265,2.5,10.5,6.6,22.2,1.5,0.4,12.8,24.3,2.5,2.5,5.0,0.075,0.6,-1.0,-0.4,1.3,0.0,2006
30,Wally Szczerbiak,37.9,6.8,14.1,0.487,1.4,3.5,0.4,5.4,10.5,0.517,0.538,3.9,4.3,0.897,1.1,3.3,4.3,3.0,0.6,0.3,1.9,2.1,19.0,0.0,0.0,1250.0,0.0,0.0,0.0,0.0,0.0,0.0,0.0,0.0,0.0,0.0,0.0,0.0,0.0,72.0,71.0,2729.0,493.0,1012.0,0.487,102.0,255.0,0.4,391.0,757.0,0.517,0.538,278.0,310.0,0.897,77.0,236.0,313.0,213.0,40.0,19.0,136.0,150.0,1366.0,0.0,17.7,0.595,0.252,0.306,3.5,10.2,6.9,14.1,0.8,0.5,10.6,22.1,6.3,1.7,8.0,0.141,2.8,-1.2,1.6,2.5,0.0,2006
31,Tony Parker,33.9,7.8,14.2,0.548,0.1,0.5,0.306,7.7,13.8,0.556,0.553,3.2,4.5,0.707,0.5,2.8,3.3,5.8,1.0,0.1,3.1,2.0,18.9,0.0,9.0,1250.0,0.007,80.0,33.9,18.9,3.3,5.8,1.0,0.1,0.548,0.306,0.707,9.6,0.169,80.0,80.0,2715.0,623.0,1136.0,0.548,11.0,36.0,0.306,612.0,1100.0,0.556,0.553,253.0,358.0,0.707,38.0,223.0,261.0,460.0,83.0,4.0,249.0,161.0,1510.0,0.0,20.8,0.584,0.032,0.315,1.7,9.5,5.7,32.2,1.7,0.1,16.1,27.1,5.5,4.1,9.6,0.169,2.4,0.4,2.8,3.3,0.0,2006
32,Steve Nash,35.4,6.8,13.4,0.512,1.9,4.3,0.439,4.9,9.0,0.548,0.583,3.3,3.5,0.921,0.6,3.6,4.2,10.5,0.8,0.2,3.5,1.5,18.8,57.0,924.0,1250.0,0.739,79.0,35.4,18.8,4.2,10.5,0.8,0.2,0.512,0.439,0.921,12.4,0.212,79.0,79.0,2796.0,541.0,1056.0,0.512,150.0,342.0,0.439,391.0,714.0,0.548,0.583,257.0,279.0,0.921,47.0,286.0,333.0,826.0,61.0,12.0,276.0,120.0,1489.0,1.0,23.3,0.632,0.324,0.264,1.9,11.1,6.6,44.4,1.1,0.3,19.0,23.3,10.3,2.1,12.4,0.212,5.7,-0.7,5.0,4.9,0.0456,2006
33,Tim Duncan,34.8,7.2,14.8,0.484,0.0,0.1,0.4,7.2,14.8,0.485,0.485,4.2,6.7,0.629,2.9,8.1,11.0,3.2,0.9,2.0,2.5,2.7,18.6,0.0,33.0,1250.0,0.026,80.0,34.8,18.6,11.0,3.2,0.9,2.0,0.484,0.4,0.629,10.8,0.187,80.0,80.0,2784.0,574.0,1185.0,0.484,2.0,5.0,0.4,572.0,1180.0,0.485,0.485,335.0,533.0,0.629,231.0,650.0,881.0,253.0,70.0,162.0,198.0,219.0,1485.0,0.0,23.1,0.523,0.004,0.45,10.1,26.9,18.7,16.5,1.4,4.2,12.2,27.7,3.9,6.9,10.8,0.187,2.3,2.6,5.0,4.9,0.0,2006
34,Al Harrington,36.6,7.3,16.1,0.452,0.9,2.5,0.346,6.4,13.5,0.471,0.479,3.2,4.6,0.694,1.7,5.1,6.9,3.1,1.1,0.2,2.6,4.0,18.6,0.0,0.0,1250.0,0.0,0.0,0.0,0.0,0.0,0.0,0.0,0.0,0.0,0.0,0.0,0.0,0.0,76.0,76.0,2782.0,551.0,1220.0,0.452,66.0,191.0,0.346,485.0,1029.0,0.471,0.479,243.0,350.0,0.694,132.0,391.0,523.0,238.0,85.0,14.0,195.0,301.0,1411.0,0.0,16.0,0.513,0.157,0.287,5.5,17.4,11.3,15.8,1.6,0.4,12.4,25.6,2.6,1.2,3.8,0.065,0.4,-1.7,-1.3,0.5,0.0,2006
35,Chauncey Billups,36.1,5.2,12.5,0.418,2.3,5.2,0.433,3.0,7.2,0.407,0.509,5.7,6.4,0.894,0.5,2.6,3.1,8.6,0.9,0.1,2.1,2.0,18.5,15.0,430.0,1250.0,0.344,81.0,36.1,18.5,3.1,8.6,0.9,0.1,0.418,0.433,0.894,15.5,0.254,81.0,81.0,2925.0,423.0,1012.0,0.418,184.0,425.0,0.433,239.0,587.0,0.407,0.509,465.0,520.0,0.894,41.0,211.0,252.0,699.0,71.0,8.0,170.0,160.0,1495.0,0.0,23.4,0.602,0.42,0.514,1.6,8.7,5.1,39.3,1.3,0.2,12.0,22.9,12.7,2.8,15.5,0.254,6.2,0.1,6.2,6.1,0.012,2006
36,Peja Stojaković,36.6,6.3,14.3,0.437,2.3,5.7,0.401,4.0,8.6,0.461,0.517,3.4,3.7,0.915,1.1,4.7,5.8,1.9,0.6,0.1,1.5,2.4,18.2,0.0,0.0,1250.0,0.0,0.0,0.0,0.0,0.0,0.0,0.0,0.0,0.0,0.0,0.0,0.0,0.0,71.0,71.0,2601.0,445.0,1018.0,0.437,162.0,404.0,0.401,283.0,614.0,0.461,0.517,238.0,260.0,0.915,79.0,336.0,415.0,136.0,45.0,10.0,103.0,171.0,1290.0,0.0,16.7,0.57,0.397,0.255,3.6,14.6,9.3,9.4,0.9,0.3,8.3,22.0,5.2,2.8,8.0,0.147,2.4,-0.8,1.6,2.3,0.0,2006
37,Mehmet Okur,35.9,6.3,13.8,0.46,1.0,2.9,0.342,5.4,10.9,0.491,0.496,4.3,5.5,0.78,2.6,6.5,9.1,2.4,0.5,0.9,2.0,3.5,18.0,0.0,0.0,1250.0,0.0,0.0,0.0,0.0,0.0,0.0,0.0,0.0,0.0,0.0,0.0,0.0,0.0,82.0,82.0,2945.0,519.0,1128.0,0.46,80.0,234.0,0.342,439.0,894.0,0.491,0.496,354.0,454.0,0.78,211.0,535.0,746.0,194.0,40.0,73.0,163.0,285.0,1472.0,0.0,19.0,0.554,0.207,0.402,8.6,22.2,15.4,12.8,0.7,2.1,10.9,23.5,6.3,3.0,9.3,0.152,2.4,-0.8,1.6,2.7,0.0,2006
38,Zach Randolph,34.4,7.2,16.6,0.436,0.2,0.7,0.291,7.0,15.9,0.443,0.443,3.3,4.6,0.714,2.6,5.4,8.0,1.9,0.8,0.2,2.2,2.5,18.0,0.0,0.0,1250.0,0.0,0.0,0.0,0.0,0.0,0.0,0.0,0.0,0.0,0.0,0.0,0.0,0.0,74.0,71.0,2545.0,536.0,1229.0,0.436,16.0,55.0,0.291,520.0,1174.0,0.443,0.443,245.0,343.0,0.714,193.0,399.0,592.0,144.0,57.0,14.0,165.0,185.0,1333.0,0.0,16.9,0.483,0.045,0.279,9.0,19.1,14.0,11.4,1.2,0.4,10.7,28.8,0.4,0.9,1.3,0.024,0.5,-2.6,-2.0,0.0,0.0,2006
39,Baron Davis,36.5,6.2,15.9,0.389,1.9,6.0,0.315,4.3,9.9,0.434,0.448,3.6,5.4,0.675,0.8,3.5,4.4,8.9,1.6,0.3,2.9,3.1,17.9,0.0,0.0,1250.0,0.0,0.0,0.0,0.0,0.0,0.0,0.0,0.0,0.0,0.0,0.0,0.0,0.0,54.0,48.0,1971.0,335.0,861.0,0.389,102.0,324.0,0.315,233.0,537.0,0.434,0.448,195.0,289.0,0.675,45.0,191.0,236.0,480.0,89.0,14.0,159.0,165.0,967.0,1.0,18.3,0.489,0.376,0.336,2.5,11.1,6.7,42.6,2.3,0.5,13.9,25.9,2.4,2.0,4.4,0.106,2.8,-0.2,2.6,2.3,0.0,2006
40,Corey Maggette,29.5,5.2,11.7,0.445,0.8,2.2,0.338,4.5,9.5,0.47,0.477,6.6,8.0,0.828,0.9,4.4,5.3,2.1,0.6,0.1,2.4,3.0,17.8,0.0,0.0,1250.0,0.0,0.0,0.0,0.0,0.0,0.0,0.0,0.0,0.0,0.0,0.0,0.0,0.0,32.0,13.0,943.0,167.0,375.0,0.445,24.0,71.0,0.338,143.0,304.0,0.47,0.477,212.0,256.0,0.828,28.0,141.0,169.0,66.0,19.0,4.0,78.0,95.0,570.0,0.0,18.9,0.584,0.189,0.683,3.6,16.6,10.4,12.1,1.1,0.3,13.8,27.7,1.9,1.1,3.0,0.154,1.6,-0.7,0.9,0.7,0.0,2006
41,Metta World Peace,39.4,6.3,15.5,0.404,1.4,4.5,0.308,4.9,11.0,0.443,0.449,3.7,5.4,0.675,1.3,3.8,5.1,3.6,2.2,0.7,2.3,2.9,17.6,0.0,0.0,1250.0,0.0,0.0,0.0,0.0,0.0,0.0,0.0,0.0,0.0,0.0,0.0,0.0,0.0,56.0,56.0,2207.0,350.0,867.0,0.404,78.0,253.0,0.308,272.0,614.0,0.443,0.449,206.0,305.0,0.675,75.0,211.0,286.0,203.0,122.0,41.0,131.0,164.0,984.0,0.0,15.2,0.491,0.292,0.352,4.0,11.0,7.6,15.8,2.9,1.4,11.6,23.6,0.5,3.2,3.7,0.081,-0.2,1.3,1.1,1.7,0.0,2006
42,Caron Butler,36.1,6.6,14.5,0.455,0.5,1.6,0.342,6.0,12.9,0.469,0.474,3.9,4.4,0.87,1.5,4.7,6.2,2.5,1.7,0.2,2.3,3.2,17.6,0.0,0.0,1250.0,0.0,0.0,0.0,0.0,0.0,0.0,0.0,0.0,0.0,0.0,0.0,0.0,0.0,75.0,54.0,2708.0,494.0,1086.0,0.455,41.0,120.0,0.342,453.0,966.0,0.469,0.474,289.0,332.0,0.87,114.0,352.0,466.0,186.0,127.0,18.0,175.0,238.0,1318.0,0.0,17.0,0.535,0.11,0.306,4.8,15.6,10.0,12.1,2.4,0.5,12.4,23.2,3.5,2.8,6.3,0.112,0.4,0.1,0.6,1.7,0.0,2006
43,Sam Cassell,34.0,6.3,14.3,0.443,0.9,2.4,0.368,5.4,11.8,0.459,0.475,3.7,4.3,0.863,0.5,3.2,3.7,6.3,0.9,0.1,2.2,2.9,17.2,0.0,0.0,1250.0,0.0,0.0,0.0,0.0,0.0,0.0,0.0,0.0,0.0,0.0,0.0,0.0,0.0,78.0,75.0,2653.0,493.0,1112.0,0.443,70.0,190.0,0.368,423.0,922.0,0.459,0.475,289.0,335.0,0.863,40.0,247.0,287.0,491.0,74.0,11.0,175.0,225.0,1345.0,0.0,18.5,0.534,0.171,0.301,1.8,10.4,6.3,32.5,1.5,0.3,12.2,25.0,4.8,2.8,7.6,0.137,2.1,-0.5,1.6,2.4,0.0,2006
44,Jason Terry,35.0,6.5,13.7,0.47,2.1,5.2,0.411,4.3,8.5,0.505,0.547,2.1,2.6,0.8,0.4,1.6,2.0,3.8,1.3,0.3,1.7,2.5,17.1,0.0,0.0,1250.0,0.0,0.0,0.0,0.0,0.0,0.0,0.0,0.0,0.0,0.0,0.0,0.0,0.0,80.0,80.0,2798.0,516.0,1099.0,0.47,171.0,416.0,0.411,345.0,683.0,0.505,0.547,168.0,210.0,0.8,31.0,127.0,158.0,306.0,100.0,27.0,135.0,196.0,1371.0,0.0,18.4,0.575,0.379,0.191,1.4,5.4,3.4,19.6,2.0,0.7,10.2,22.2,7.4,2.3,9.6,0.165,3.6,-0.2,3.3,3.7,0.0,2006
45,David West,34.1,7.2,14.0,0.512,0.0,0.1,0.273,7.1,13.9,0.514,0.513,2.7,3.2,0.843,2.3,5.1,7.4,1.2,0.8,0.9,1.4,2.9,17.1,0.0,0.0,1250.0,0.0,0.0,0.0,0.0,0.0,0.0,0.0,0.0,0.0,0.0,0.0,0.0,0.0,74.0,74.0,2526.0,530.0,1036.0,0.512,3.0,11.0,0.273,527.0,1025.0,0.514,0.513,199.0,236.0,0.843,168.0,380.0,548.0,92.0,61.0,64.0,105.0,214.0,1262.0,0.0,19.7,0.554,0.011,0.228,7.7,18.4,12.9,7.2,1.3,2.1,8.4,23.0,4.8,2.6,7.4,0.141,1.8,-0.3,1.4,2.2,0.0,2006
46,Ben Gordon,31.0,6.1,14.4,0.422,2.1,4.8,0.435,4.0,9.6,0.416,0.494,2.6,3.4,0.787,0.5,2.2,2.7,3.0,0.9,0.1,2.3,3.0,16.9,0.0,0.0,1250.0,0.0,0.0,0.0,0.0,0.0,0.0,0.0,0.0,0.0,0.0,0.0,0.0,0.0,80.0,47.0,2482.0,486.0,1152.0,0.422,166.0,382.0,0.435,320.0,770.0,0.416,0.494,211.0,268.0,0.787,43.0,176.0,219.0,240.0,75.0,5.0,180.0,238.0,1349.0,0.0,14.5,0.531,0.332,0.233,2.0,8.1,5.1,17.3,1.6,0.2,12.4,26.3,1.8,2.6,4.4,0.086,0.7,-0.3,0.5,1.6,0.0,2006
47,Morris Peterson,38.3,5.8,13.4,0.436,2.2,5.5,0.395,3.7,7.9,0.465,0.517,2.9,3.6,0.82,0.8,3.9,4.6,2.3,1.3,0.2,1.5,2.7,16.8,0.0,0.0,1250.0,0.0,0.0,0.0,0.0,0.0,0.0,0.0,0.0,0.0,0.0,0.0,0.0,0.0,82.0,77.0,3140.0,478.0,1096.0,0.436,177.0,448.0,0.395,301.0,648.0,0.465,0.517,241.0,294.0,0.82,65.0,316.0,381.0,190.0,104.0,15.0,126.0,223.0,1374.0,0.0,15.3,0.561,0.409,0.268,2.4,12.8,7.4,10.0,1.7,0.4,9.3,19.9,5.2,0.6,5.9,0.09,1.4,-1.0,0.4,1.9,0.0,2006
48,Stephen Jackson,35.9,5.8,14.2,0.411,1.4,4.2,0.345,4.4,10.0,0.439,0.462,3.3,4.2,0.786,0.6,3.3,3.9,2.8,1.3,0.5,2.5,2.4,16.4,0.0,0.0,1250.0,0.0,0.0,0.0,0.0,0.0,0.0,0.0,0.0,0.0,0.0,0.0,0.0,0.0,81.0,81.0,2910.0,472.0,1148.0,0.411,117.0,339.0,0.345,355.0,809.0,0.439,0.462,268.0,341.0,0.786,48.0,264.0,312.0,225.0,104.0,43.0,203.0,195.0,1329.0,0.0,13.6,0.512,0.295,0.297,2.0,10.1,6.2,14.2,1.9,1.1,13.5,24.0,0.5,3.9,4.4,0.073,-0.6,0.5,-0.1,1.4,0.0,2006
49,Carlos Boozer,31.1,6.6,12.1,0.549,0.0,0.0,0.0,6.6,12.1,0.549,0.549,3.0,4.2,0.723,2.2,6.4,8.6,2.7,0.9,0.2,2.1,3.2,16.3,0.0,0.0,1250.0,0.0,0.0,0.0,0.0,0.0,0.0,0.0,0.0,0.0,0.0,0.0,0.0,0.0,33.0,19.0,1025.0,219.0,399.0,0.549,0.0,0.0,0.0,219.0,399.0,0.549,0.549,99.0,137.0,0.723,73.0,212.0,285.0,88.0,30.0,8.0,69.0,105.0,537.0,0.0,21.4,0.585,0.0,0.343,8.6,25.3,16.9,18.0,1.6,0.6,13.1,23.9,2.2,1.3,3.5,0.162,2.4,-0.3,2.1,1.1,0.0,2006
50,Stephon Marbury,36.6,5.8,12.9,0.451,0.6,1.7,0.317,5.3,11.2,0.472,0.472,4.1,5.4,0.755,0.4,2.5,2.9,6.4,1.1,0.1,2.6,2.4,16.3,0.0,0.0,1250.0,0.0,0.0,0.0,0.0,0.0,0.0,0.0,0.0,0.0,0.0,0.0,0.0,0.0,60.0,60.0,2193.0,349.0,774.0,0.451,33.0,104.0,0.317,316.0,670.0,0.472,0.472,246.0,326.0,0.755,25.0,150.0,175.0,382.0,63.0,4.0,157.0,143.0,977.0,0.0,16.4,0.532,0.134,0.421,1.4,8.4,4.9,31.7,1.5,0.1,14.6,22.2,3.5,0.3,3.9,0.084,1.8,-1.7,0.1,1.1,0.0,2006
51,Chris Paul,36.0,5.2,12.1,0.43,0.6,2.3,0.282,4.6,9.9,0.464,0.456,5.1,6.0,0.847,0.8,4.3,5.1,7.8,2.2,0.1,2.3,2.8,16.1,0.0,0.0,1250.0,0.0,0.0,0.0,0.0,0.0,0.0,0.0,0.0,0.0,0.0,0.0,0.0,0.0,78.0,78.0,2808.0,407.0,947.0,0.43,50.0,177.0,0.282,357.0,770.0,0.464,0.456,394.0,465.0,0.847,61.0,339.0,400.0,611.0,175.0,6.0,183.0,218.0,1258.0,2.0,22.1,0.546,0.187,0.491,2.5,14.8,8.5,38.2,3.4,0.2,13.7,22.2,6.8,3.6,10.4,0.178,3.0,2.2,5.2,5.1,0.0,2006
52,Kirk Hinrich,36.5,5.6,13.3,0.418,1.6,4.2,0.37,4.0,9.1,0.441,0.477,3.2,3.9,0.815,0.4,3.2,3.6,6.3,1.2,0.3,2.3,3.1,15.9,0.0,0.0,1250.0,0.0,0.0,0.0,0.0,0.0,0.0,0.0,0.0,0.0,0.0,0.0,0.0,0.0,81.0,81.0,2955.0,451.0,1078.0,0.418,126.0,341.0,0.37,325.0,737.0,0.441,0.477,256.0,314.0,0.815,29.0,259.0,288.0,514.0,94.0,21.0,188.0,251.0,1284.0,0.0,15.5,0.528,0.316,0.291,1.1,10.0,5.6,28.9,1.6,0.6,13.4,21.4,4.1,3.5,7.6,0.124,1.1,0.6,1.8,2.8,0.0,2006
53,Dwight Howard,36.8,5.7,10.7,0.531,0.0,0.0,0.0,5.7,10.7,0.532,0.531,4.3,7.3,0.595,3.5,9.0,12.5,1.5,0.8,1.4,2.6,3.4,15.8,0.0,0.0,1250.0,0.0,0.0,0.0,0.0,0.0,0.0,0.0,0.0,0.0,0.0,0.0,0.0,0.0,82.0,81.0,3021.0,468.0,881.0,0.531,0.0,2.0,0.0,468.0,879.0,0.532,0.531,356.0,598.0,0.595,288.0,734.0,1022.0,125.0,65.0,115.0,217.0,277.0,1292.0,0.0,19.3,0.565,0.002,0.679,12.1,29.2,20.9,7.2,1.2,3.0,15.9,21.3,4.2,4.4,8.6,0.137,1.1,-0.1,1.0,2.3,0.0,2006
54,Josh Howard,32.5,5.9,12.6,0.471,0.5,1.1,0.429,5.5,11.5,0.475,0.489,3.3,4.5,0.734,2.1,4.2,6.3,1.9,1.2,0.4,1.3,2.8,15.6,0.0,0.0,1250.0,0.0,0.0,0.0,0.0,0.0,0.0,0.0,0.0,0.0,0.0,0.0,0.0,0.0,59.0,58.0,1915.0,350.0,743.0,0.471,27.0,63.0,0.429,323.0,680.0,0.475,0.489,196.0,267.0,0.734,123.0,248.0,371.0,111.0,68.0,26.0,79.0,167.0,923.0,0.0,19.3,0.536,0.085,0.359,7.9,15.3,11.7,10.4,1.9,1.0,8.4,22.9,4.4,2.3,6.7,0.168,2.2,0.0,2.2,2.0,0.0,2006
55,Zydrunas Ilgauskas,29.3,5.8,11.4,0.506,0.0,0.1,0.0,5.8,11.3,0.509,0.506,4.1,4.9,0.834,3.1,4.4,7.6,1.2,0.5,1.7,2.0,3.6,15.6,0.0,0.0,1250.0,0.0,0.0,0.0,0.0,0.0,0.0,0.0,0.0,0.0,0.0,0.0,0.0,0.0,78.0,78.0,2283.0,450.0,889.0,0.506,0.0,5.0,0.0,450.0,884.0,0.509,0.506,317.0,380.0,0.834,245.0,346.0,591.0,91.0,38.0,136.0,155.0,280.0,1217.0,0.0,21.9,0.576,0.006,0.427,12.6,18.1,15.3,7.4,0.9,4.6,12.8,24.6,5.6,3.1,8.7,0.184,1.4,0.2,1.6,2.1,0.0,2006
56,Larry Hughes,35.6,5.3,13.0,0.409,0.8,2.1,0.368,4.6,10.9,0.417,0.439,4.1,5.4,0.756,0.7,3.8,4.5,3.6,1.5,0.6,2.8,3.3,15.5,0.0,0.0,1250.0,0.0,0.0,0.0,0.0,0.0,0.0,0.0,0.0,0.0,0.0,0.0,0.0,0.0,36.0,31.0,1281.0,192.0,469.0,0.409,28.0,76.0,0.368,164.0,393.0,0.417,0.439,146.0,193.0,0.756,26.0,135.0,161.0,131.0,53.0,21.0,99.0,117.0,558.0,0.0,14.0,0.504,0.162,0.412,2.4,12.6,7.4,17.5,2.2,1.3,15.2,23.6,0.3,1.5,1.8,0.067,-1.4,0.1,-1.3,0.2,0.0,2006
57,Andrei Kirilenko,37.7,4.9,10.6,0.46,0.5,1.7,0.308,4.3,8.9,0.489,0.485,5.0,7.2,0.699,2.3,5.7,8.0,4.3,1.5,3.2,2.9,2.3,15.3,0.0,0.0,1250.0,0.0,0.0,0.0,0.0,0.0,0.0,0.0,0.0,0.0,0.0,0.0,0.0,0.0,69.0,63.0,2604.0,336.0,730.0,0.46,36.0,117.0,0.308,300.0,613.0,0.489,0.485,346.0,495.0,0.699,161.0,391.0,552.0,299.0,102.0,220.0,203.0,162.0,1054.0,2.0,20.7,0.556,0.16,0.678,7.4,18.4,12.9,20.5,2.1,7.0,17.6,20.5,3.6,4.3,7.9,0.145,3.4,3.1,6.6,5.6,0.0,2006
58,Gerald Wallace,34.5,5.8,10.7,0.538,0.3,0.9,0.28,5.5,9.8,0.562,0.55,3.4,5.6,0.614,2.2,5.3,7.5,1.7,2.5,2.1,1.8,2.7,15.2,0.0,0.0,1250.0,0.0,0.0,0.0,0.0,0.0,0.0,0.0,0.0,0.0,0.0,0.0,0.0,0.0,55.0,52.0,1895.0,317.0,589.0,0.538,14.0,50.0,0.28,303.0,539.0,0.562,0.55,188.0,306.0,0.614,123.0,289.0,412.0,96.0,138.0,115.0,99.0,150.0,836.0,0.0,21.3,0.578,0.085,0.52,7.1,18.9,12.6,8.8,3.7,4.7,12.0,19.3,3.0,3.4,6.4,0.163,2.0,2.9,4.9,3.2,0.0,2006
59,Manu Ginóbili,27.9,4.8,10.3,0.462,1.3,3.3,0.382,3.5,7.0,0.5,0.524,4.3,5.5,0.778,0.6,2.9,3.5,3.6,1.6,0.4,1.9,2.4,15.1,0.0,0.0,1250.0,0.0,0.0,0.0,0.0,0.0,0.0,0.0,0.0,0.0,0.0,0.0,0.0,0.0,65.0,56.0,1813.0,309.0,669.0,0.462,83.0,217.0,0.382,226.0,452.0,0.5,0.524,280.0,360.0,0.778,42.0,188.0,230.0,235.0,101.0,26.0,121.0,156.0,981.0,0.0,22.4,0.593,0.324,0.538,2.8,12.0,7.5,22.2,3.0,1.0,12.8,25.0,5.1,3.7,8.8,0.234,3.8,3.0,6.8,4.1,0.0,2006
60,Grant Hill,29.2,5.7,11.6,0.49,0.1,0.4,0.25,5.6,11.2,0.498,0.494,3.7,4.9,0.765,0.7,3.1,3.8,2.3,1.1,0.3,1.7,2.4,15.1,0.0,0.0,1250.0,0.0,0.0,0.0,0.0,0.0,0.0,0.0,0.0,0.0,0.0,0.0,0.0,0.0,21.0,17.0,613.0,119.0,243.0,0.49,2.0,8.0,0.25,117.0,235.0,0.498,0.494,78.0,102.0,0.765,15.0,65.0,80.0,48.0,24.0,6.0,35.0,50.0,318.0,0.0,19.0,0.552,0.033,0.42,3.1,12.7,8.1,14.6,2.1,0.8,10.8,24.9,1.1,0.6,1.7,0.13,1.5,0.0,1.5,0.5,0.0,2006
61,Rasheed Wallace,34.8,5.7,13.3,0.43,1.9,5.4,0.357,3.8,7.9,0.48,0.503,1.7,2.3,0.743,1.1,5.7,6.8,2.3,1.0,1.6,1.1,2.9,15.1,0.0,0.0,1250.0,0.0,0.0,0.0,0.0,0.0,0.0,0.0,0.0,0.0,0.0,0.0,0.0,0.0,80.0,80.0,2780.0,459.0,1067.0,0.43,155.0,434.0,0.357,304.0,633.0,0.48,0.503,136.0,183.0,0.743,90.0,457.0,547.0,182.0,82.0,130.0,85.0,232.0,1209.0,0.0,17.6,0.527,0.407,0.172,3.8,19.8,11.7,11.2,1.6,3.4,6.9,21.1,4.0,4.9,8.9,0.154,1.8,1.9,3.7,4.0,0.0,2006
62,Brad Miller,37.0,5.5,11.1,0.495,0.4,1.1,0.386,5.1,10.0,0.507,0.514,3.5,4.3,0.828,1.5,6.2,7.8,4.7,0.8,0.8,2.3,3.0,15.0,0.0,0.0,1250.0,0.0,0.0,0.0,0.0,0.0,0.0,0.0,0.0,0.0,0.0,0.0,0.0,0.0,79.0,79.0,2923.0,434.0,877.0,0.495,34.0,88.0,0.386,400.0,789.0,0.507,0.514,280.0,338.0,0.828,122.0,493.0,615.0,374.0,61.0,62.0,180.0,234.0,1182.0,0.0,17.5,0.576,0.1,0.385,4.9,19.5,12.3,21.5,1.1,1.6,14.9,18.9,5.5,3.6,9.1,0.15,1.5,1.0,2.5,3.3,0.0,2006
63,Hedo Türkoğlu,33.5,5.1,11.2,0.454,1.5,3.6,0.403,3.6,7.6,0.478,0.519,3.3,3.8,0.861,0.9,3.4,4.3,2.8,0.9,0.3,1.7,3.0,14.9,0.0,0.0,1250.0,0.0,0.0,0.0,0.0,0.0,0.0,0.0,0.0,0.0,0.0,0.0,0.0,0.0,78.0,59.0,2615.0,398.0,877.0,0.454,114.0,283.0,0.403,284.0,594.0,0.478,0.519,255.0,296.0,0.861,70.0,263.0,333.0,216.0,70.0,21.0,130.0,234.0,1165.0,0.0,16.7,0.578,0.323,0.338,3.4,12.1,7.9,14.3,1.5,0.6,11.4,20.6,5.8,1.9,7.6,0.14,2.1,-0.2,2.0,2.5,0.0,2006
64,Cuttino Mobley,37.7,5.4,12.8,0.426,1.1,3.1,0.339,4.4,9.7,0.453,0.467,2.9,3.5,0.839,0.6,3.7,4.3,3.0,1.2,0.5,1.8,2.6,14.8,0.0,0.0,1250.0,0.0,0.0,0.0,0.0,0.0,0.0,0.0,0.0,0.0,0.0,0.0,0.0,0.0,79.0,74.0,2979.0,429.0,1008.0,0.426,83.0,245.0,0.339,346.0,763.0,0.453,0.467,229.0,273.0,0.839,50.0,291.0,341.0,238.0,93.0,36.0,145.0,208.0,1170.0,0.0,13.1,0.519,0.243,0.271,2.0,10.9,6.6,13.1,1.6,0.9,11.4,19.8,1.9,3.4,5.3,0.086,-0.7,0.5,-0.2,1.3,0.0,2006
65,Lamar Odom,40.3,5.6,11.6,0.481,1.0,2.7,0.372,4.6,8.9,0.514,0.524,2.7,3.9,0.69,2.3,7.0,9.2,5.5,0.9,0.8,2.7,3.2,14.8,0.0,0.0,1250.0,0.0,0.0,0.0,0.0,0.0,0.0,0.0,0.0,0.0,0.0,0.0,0.0,0.0,80.0,80.0,3221.0,445.0,925.0,0.481,80.0,215.0,0.372,365.0,710.0,0.514,0.524,216.0,313.0,0.69,181.0,557.0,738.0,443.0,75.0,64.0,213.0,256.0,1186.0,2.0,17.0,0.558,0.232,0.338,6.6,20.3,13.5,22.4,1.2,1.5,16.7,18.1,5.4,3.8,9.2,0.137,2.1,0.6,2.7,3.9,0.0,2006
66,Raja Bell,37.5,5.4,11.8,0.457,2.5,5.6,0.442,2.9,6.1,0.471,0.563,1.5,1.8,0.788,0.6,2.6,3.2,2.6,1.0,0.3,1.1,3.1,14.7,0.0,0.0,1250.0,0.0,0.0,0.0,0.0,0.0,0.0,0.0,0.0,0.0,0.0,0.0,0.0,0.0,79.0,79.0,2959.0,425.0,930.0,0.457,197.0,446.0,0.442,228.0,484.0,0.471,0.563,115.0,146.0,0.788,44.0,209.0,253.0,207.0,76.0,22.0,89.0,248.0,1162.0,0.0,12.9,0.584,0.48,0.157,1.7,7.7,4.7,9.8,1.3,0.5,8.2,16.4,4.7,2.1,6.8,0.11,0.2,0.1,0.2,1.6,0.0,2006
67,Jameer Nelson,28.8,5.6,11.6,0.483,1.1,2.7,0.424,4.5,8.9,0.5,0.531,2.3,2.9,0.779,0.6,2.3,2.9,4.9,1.1,0.1,2.4,2.8,14.6,0.0,0.0,1250.0,0.0,0.0,0.0,0.0,0.0,0.0,0.0,0.0,0.0,0.0,0.0,0.0,0.0,62.0,33.0,1784.0,347.0,719.0,0.483,70.0,165.0,0.424,277.0,554.0,0.5,0.531,141.0,181.0,0.779,39.0,141.0,180.0,302.0,70.0,9.0,148.0,174.0,905.0,0.0,19.5,0.567,0.229,0.252,2.8,9.5,6.2,31.5,2.1,0.4,15.6,25.1,3.5,1.4,4.9,0.132,2.6,-0.6,2.0,1.8,0.0,2006
68,Steve Francis,34.2,4.8,10.9,0.435,0.4,1.2,0.301,4.4,9.7,0.452,0.452,4.5,5.7,0.787,1.1,3.1,4.1,4.9,1.1,0.2,3.1,2.9,14.4,0.0,0.0,1250.0,0.0,0.0,0.0,0.0,0.0,0.0,0.0,0.0,0.0,0.0,0.0,0.0,0.0,70.0,60.0,2393.0,333.0,765.0,0.435,25.0,83.0,0.301,308.0,682.0,0.452,0.452,314.0,399.0,0.787,74.0,216.0,290.0,345.0,74.0,17.0,214.0,204.0,1005.0,1.0,15.2,0.534,0.108,0.522,3.9,10.9,7.5,24.6,1.7,0.6,18.5,22.6,2.2,1.4,3.6,0.073,0.7,-0.7,0.0,1.2,0.0,2006
69,Jamal Crawford,32.3,4.6,11.1,0.416,1.3,3.7,0.345,3.4,7.4,0.452,0.474,3.7,4.5,0.826,0.5,2.7,3.1,3.8,1.1,0.2,2.2,1.9,14.3,0.0,0.0,1250.0,0.0,0.0,0.0,0.0,0.0,0.0,0.0,0.0,0.0,0.0,0.0,0.0,0.0,79.0,27.0,2555.0,366.0,879.0,0.416,101.0,293.0,0.345,265.0,586.0,0.452,0.474,295.0,357.0,0.826,36.0,212.0,248.0,301.0,87.0,15.0,175.0,150.0,1128.0,0.0,15.5,0.544,0.333,0.406,1.7,10.2,5.9,20.9,1.8,0.5,14.4,21.5,3.7,0.8,4.5,0.084,1.6,-1.1,0.5,1.6,0.0,2006
70,Luol Deng,33.4,5.7,12.2,0.463,0.3,1.0,0.269,5.4,11.2,0.481,0.474,2.7,3.5,0.75,1.6,5.0,6.6,1.9,0.9,0.6,1.3,1.6,14.3,0.0,0.0,1250.0,0.0,0.0,0.0,0.0,0.0,0.0,0.0,0.0,0.0,0.0,0.0,0.0,0.0,78.0,56.0,2604.0,442.0,954.0,0.463,21.0,78.0,0.269,421.0,876.0,0.481,0.474,207.0,276.0,0.75,127.0,389.0,516.0,147.0,72.0,50.0,105.0,128.0,1112.0,0.0,15.8,0.517,0.082,0.289,5.6,17.1,11.4,9.7,1.4,1.5,8.9,20.4,2.7,3.8,6.5,0.12,0.8,0.9,1.6,2.4,0.0,2006
71,Tayshaun Prince,35.3,5.5,12.2,0.455,0.8,2.2,0.35,4.8,10.0,0.479,0.487,2.2,2.9,0.765,1.3,3.0,4.2,2.3,0.8,0.5,1.1,1.2,14.1,0.0,0.0,1250.0,0.0,0.0,0.0,0.0,0.0,0.0,0.0,0.0,0.0,0.0,0.0,0.0,0.0,82.0,82.0,2898.0,455.0,999.0,0.455,64.0,183.0,0.35,391.0,816.0,0.479,0.487,182.0,238.0,0.765,104.0,242.0,346.0,186.0,62.0,39.0,91.0,96.0,1156.0,0.0,14.8,0.524,0.183,0.238,4.2,10.0,7.1,10.8,1.2,1.0,7.6,19.6,4.0,3.0,7.0,0.115,0.5,-0.2,0.3,1.7,0.0,2006
72,Darius Miles,32.2,5.9,12.8,0.461,0.1,0.3,0.2,5.8,12.5,0.466,0.463,2.2,4.1,0.534,0.6,4.0,4.6,1.8,1.1,1.0,2.5,2.5,14.0,0.0,0.0,1250.0,0.0,0.0,0.0,0.0,0.0,0.0,0.0,0.0,0.0,0.0,0.0,0.0,0.0,40.0,23.0,1286.0,235.0,510.0,0.461,2.0,10.0,0.2,233.0,500.0,0.466,0.463,87.0,163.0,0.534,24.0,158.0,182.0,73.0,42.0,39.0,99.0,100.0,559.0,0.0,12.5,0.48,0.02,0.32,2.2,15.0,8.5,10.8,1.8,2.3,14.5,25.1,-1.6,0.6,-1.0,-0.037,-2.5,-0.9,-3.4,-0.4,0.0,2006
73,Troy Murphy,34.0,4.9,11.3,0.433,0.8,2.4,0.32,4.1,8.9,0.464,0.468,3.4,4.3,0.787,2.6,7.4,10.0,1.4,0.6,0.4,1.5,2.6,14.0,0.0,0.0,1250.0,0.0,0.0,0.0,0.0,0.0,0.0,0.0,0.0,0.0,0.0,0.0,0.0,0.0,74.0,74.0,2516.0,363.0,838.0,0.433,58.0,181.0,0.32,305.0,657.0,0.464,0.468,251.0,319.0,0.787,195.0,548.0,743.0,101.0,47.0,26.0,108.0,191.0,1035.0,0.0,15.9,0.529,0.216,0.381,8.4,24.9,16.5,6.7,1.0,0.8,9.9,19.2,3.5,3.0,6.5,0.125,0.5,-0.9,-0.3,1.1,0.0,2006
74,Andre Miller,35.8,4.9,10.6,0.463,0.1,0.3,0.185,4.9,10.3,0.472,0.466,3.8,5.2,0.738,1.1,3.2,4.3,8.2,1.3,0.2,3.1,2.6,13.7,0.0,0.0,1250.0,0.0,0.0,0.0,0.0,0.0,0.0,0.0,0.0,0.0,0.0,0.0,0.0,0.0,82.0,82.0,2937.0,404.0,872.0,0.463,5.0,27.0,0.185,399.0,845.0,0.472,0.466,313.0,424.0,0.738,92.0,259.0,351.0,674.0,106.0,18.0,256.0,213.0,1126.0,0.0,16.4,0.532,0.031,0.486,3.7,10.2,7.0,36.2,1.8,0.5,19.5,20.0,3.6,2.6,6.2,0.101,0.6,-0.4,0.2,1.7,0.0,2006
75,Mike Miller,30.6,4.8,10.3,0.466,1.9,4.6,0.407,2.9,5.7,0.513,0.557,2.3,2.8,0.8,0.6,4.8,5.4,2.7,0.7,0.4,1.9,2.3,13.7,0.0,0.0,1250.0,0.0,0.0,0.0,0.0,0.0,0.0,0.0,0.0,0.0,0.0,0.0,0.0,0.0,74.0,9.0,2268.0,354.0,760.0,0.466,138.0,339.0,0.407,216.0,421.0,0.513,0.557,168.0,210.0,0.8,42.0,355.0,397.0,200.0,52.0,27.0,140.0,173.0,1014.0,1.0,17.2,0.595,0.446,0.276,2.3,18.8,10.6,16.5,1.3,1.0,14.1,21.3,3.9,3.5,7.4,0.157,2.4,0.6,3.0,2.9,0.0,2006
76,Eddy Curry,25.9,4.7,8.3,0.563,0.0,0.0,0.0,4.7,8.3,0.563,0.563,4.3,6.8,0.632,2.0,4.0,6.0,0.3,0.4,0.8,2.5,3.3,13.6,0.0,0.0,1250.0,0.0,0.0,0.0,0.0,0.0,0.0,0.0,0.0,0.0,0.0,0.0,0.0,0.0,72.0,69.0,1865.0,336.0,597.0,0.563,0.0,0.0,0.0,336.0,597.0,0.563,0.563,307.0,486.0,0.632,145.0,287.0,432.0,19.0,28.0,56.0,179.0,239.0,979.0,0.0,17.0,0.604,0.0,0.814,9.4,18.9,14.1,1.9,0.8,2.5,18.1,24.1,2.3,1.0,3.3,0.084,-0.5,-1.6,-2.1,0.0,0.0,2006
77,Bonzi Wells,32.4,5.5,11.8,0.463,0.2,0.9,0.222,5.3,10.9,0.482,0.471,2.5,3.7,0.679,2.7,5.0,7.7,2.8,1.8,0.5,2.4,3.0,13.6,0.0,0.0,1250.0,0.0,0.0,0.0,0.0,0.0,0.0,0.0,0.0,0.0,0.0,0.0,0.0,0.0,52.0,41.0,1684.0,284.0,613.0,0.463,10.0,45.0,0.222,274.0,568.0,0.482,0.471,129.0,190.0,0.679,142.0,259.0,401.0,144.0,94.0,25.0,126.0,156.0,707.0,0.0,16.6,0.507,0.073,0.31,10.0,17.8,13.9,14.8,2.9,1.1,15.3,22.4,0.7,2.7,3.4,0.096,-0.4,0.8,0.4,1.0,0.0,2006
78,Nenad Krstić,30.9,5.6,11.0,0.507,0.0,0.1,0.25,5.6,11.0,0.509,0.508,2.3,3.3,0.698,2.3,4.1,6.4,1.1,0.4,0.8,1.7,3.7,13.5,0.0,0.0,1250.0,0.0,0.0,0.0,0.0,0.0,0.0,0.0,0.0,0.0,0.0,0.0,0.0,0.0,80.0,80.0,2469.0,447.0,881.0,0.507,1.0,4.0,0.25,446.0,877.0,0.509,0.508,185.0,265.0,0.698,182.0,331.0,513.0,88.0,32.0,63.0,133.0,297.0,1080.0,0.0,14.4,0.541,0.005,0.301,8.5,15.9,12.2,6.8,0.7,2.1,11.8,21.6,2.0,3.4,5.4,0.105,-1.9,-0.4,-2.2,-0.1,0.0,2006
79,Bobby Simmons,33.8,4.9,10.8,0.453,1.4,3.3,0.42,3.5,7.4,0.468,0.518,2.2,2.7,0.825,1.2,3.2,4.4,2.3,1.1,0.3,1.6,3.4,13.4,0.0,0.0,1250.0,0.0,0.0,0.0,0.0,0.0,0.0,0.0,0.0,0.0,0.0,0.0,0.0,0.0,75.0,74.0,2538.0,366.0,808.0,0.453,105.0,250.0,0.42,261.0,558.0,0.468,0.518,165.0,200.0,0.825,91.0,242.0,333.0,172.0,86.0,21.0,123.0,254.0,1002.0,0.0,13.8,0.559,0.309,0.248,4.2,11.5,7.8,11.2,1.8,0.7,12.1,18.3,3.3,2.0,5.3,0.101,0.2,0.1,0.3,1.5,0.0,2006
80,Boris Diaw,35.5,5.5,10.5,0.526,0.1,0.4,0.267,5.4,10.2,0.536,0.531,2.1,2.9,0.731,2.0,4.9,6.9,6.2,0.7,1.0,2.3,3.2,13.3,0.0,0.0,1250.0,0.0,0.0,0.0,0.0,0.0,0.0,0.0,0.0,0.0,0.0,0.0,0.0,0.0,81.0,70.0,2874.0,449.0,853.0,0.526,8.0,30.0,0.267,441.0,823.0,0.536,0.531,174.0,238.0,0.731,159.0,399.0,558.0,503.0,58.0,85.0,189.0,260.0,1080.0,4.0,17.3,0.564,0.035,0.279,6.3,15.1,10.8,24.9,1.0,2.1,16.5,17.9,5.9,3.0,8.9,0.149,1.4,1.4,2.8,3.5,0.0,2006
81,Derek Fisher,31.6,4.4,10.8,0.41,1.4,3.6,0.397,3.0,7.2,0.417,0.476,3.0,3.6,0.833,0.4,2.1,2.6,4.3,1.5,0.1,1.9,2.9,13.3,0.0,0.0,1250.0,0.0,0.0,0.0,0.0,0.0,0.0,0.0,0.0,0.0,0.0,0.0,0.0,0.0,82.0,36.0,2589.0,364.0,887.0,0.41,117.0,295.0,0.397,247.0,592.0,0.417,0.476,244.0,293.0,0.833,36.0,175.0,211.0,352.0,125.0,8.0,156.0,237.0,1089.0,0.0,14.8,0.536,0.333,0.33,1.5,7.7,4.5,22.6,2.5,0.2,13.3,20.2,3.4,2.4,5.8,0.107,-0.2,0.6,0.4,1.6,0.0,2006
82,Jason Kidd,37.2,4.6,11.3,0.404,1.7,4.9,0.352,2.8,6.4,0.445,0.481,2.4,3.1,0.795,1.1,6.2,7.3,8.4,1.9,0.4,2.4,2.0,13.3,0.0,0.0,1250.0,0.0,0.0,0.0,0.0,0.0,0.0,0.0,0.0,0.0,0.0,0.0,0.0,0.0,80.0,80.0,2975.0,366.0,905.0,0.404,139.0,395.0,0.352,227.0,510.0,0.445,0.481,194.0,244.0,0.795,86.0,494.0,580.0,672.0,150.0,29.0,192.0,157.0,1065.0,8.0,19.2,0.526,0.436,0.27,3.3,19.8,11.4,39.0,2.7,0.8,15.9,19.1,4.5,5.6,10.1,0.163,2.8,2.6,5.4,5.5,0.0,2006
83,Emeka Okafor,33.6,5.0,12.2,0.415,0.0,0.0,0.0,5.0,12.2,0.415,0.415,3.2,4.8,0.656,3.6,6.4,10.0,1.2,0.8,1.9,2.0,3.4,13.2,0.0,0.0,1250.0,0.0,0.0,0.0,0.0,0.0,0.0,0.0,0.0,0.0,0.0,0.0,0.0,0.0,26.0,25.0,874.0,131.0,316.0,0.415,0.0,0.0,0.0,131.0,316.0,0.415,0.415,82.0,125.0,0.656,94.0,167.0,261.0,31.0,22.0,50.0,53.0,88.0,344.0,0.0,14.9,0.464,0.0,0.396,11.7,23.7,17.3,6.0,1.3,4.4,12.5,21.5,-0.2,1.1,1.0,0.054,-1.7,-0.4,-2.1,0.0,0.0,2006
84,Leandro Barbosa,27.9,4.8,9.9,0.481,1.5,3.4,0.444,3.3,6.5,0.501,0.558,1.9,2.6,0.755,0.5,2.1,2.6,2.8,0.8,0.1,1.6,2.5,13.1,0.0,0.0,1250.0,0.0,0.0,0.0,0.0,0.0,0.0,0.0,0.0,0.0,0.0,0.0,0.0,0.0,57.0,11.0,1592.0,273.0,567.0,0.481,87.0,196.0,0.444,186.0,371.0,0.501,0.558,111.0,147.0,0.755,31.0,119.0,150.0,158.0,48.0,6.0,89.0,145.0,744.0,0.0,15.1,0.589,0.346,0.259,2.2,8.1,5.2,14.4,1.5,0.3,12.3,20.3,2.6,1.2,3.8,0.115,0.4,-0.5,-0.1,0.8,0.0,2006
85,Andrés Nocioni,27.3,4.7,10.1,0.461,1.1,2.9,0.391,3.5,7.2,0.489,0.517,2.5,3.0,0.843,1.1,5.0,6.1,1.4,0.5,0.6,1.5,3.1,13.0,0.0,0.0,1250.0,0.0,0.0,0.0,0.0,0.0,0.0,0.0,0.0,0.0,0.0,0.0,0.0,0.0,82.0,43.0,2239.0,383.0,831.0,0.461,93.0,238.0,0.391,290.0,593.0,0.489,0.517,204.0,242.0,0.843,89.0,411.0,500.0,117.0,40.0,52.0,120.0,252.0,1063.0,0.0,16.1,0.567,0.286,0.291,4.6,21.0,12.8,9.0,0.9,1.8,11.3,21.3,3.3,3.4,6.7,0.144,0.8,0.9,1.7,2.1,0.0,2006
86,Jerry Stackhouse,27.7,4.4,11.0,0.401,0.7,2.4,0.277,3.7,8.6,0.436,0.431,3.5,4.0,0.882,0.6,2.2,2.8,2.9,0.7,0.2,2.2,1.7,13.0,0.0,0.0,1250.0,0.0,0.0,0.0,0.0,0.0,0.0,0.0,0.0,0.0,0.0,0.0,0.0,0.0,55.0,11.0,1525.0,242.0,603.0,0.401,36.0,130.0,0.277,206.0,473.0,0.436,0.431,195.0,221.0,0.882,32.0,121.0,153.0,160.0,37.0,10.0,121.0,96.0,715.0,0.0,14.5,0.511,0.216,0.367,2.6,9.4,6.0,18.0,1.3,0.5,14.7,25.2,1.2,1.2,2.4,0.076,0.1,-1.5,-1.5,0.2,0.0,2006
87,Charlie Villanueva,29.1,5.4,11.6,0.463,0.9,2.6,0.327,4.5,9.0,0.503,0.5,1.4,2.0,0.706,2.2,4.2,6.4,1.1,0.7,0.8,1.2,3.0,13.0,0.0,0.0,1250.0,0.0,0.0,0.0,0.0,0.0,0.0,0.0,0.0,0.0,0.0,0.0,0.0,0.0,81.0,36.0,2361.0,435.0,940.0,0.463,70.0,214.0,0.327,365.0,726.0,0.503,0.5,113.0,160.0,0.706,181.0,340.0,521.0,88.0,60.0,63.0,99.0,247.0,1053.0,0.0,16.4,0.521,0.228,0.17,9.0,18.4,13.5,6.5,1.3,2.1,8.9,21.7,2.9,1.0,3.9,0.079,0.7,-1.6,-0.9,0.6,0.0,2006
88,Kenyon Martin,27.6,5.3,10.7,0.495,0.1,0.4,0.227,5.2,10.3,0.505,0.499,2.2,3.0,0.712,1.7,4.6,6.3,1.4,0.8,0.9,1.3,3.1,12.9,0.0,0.0,1250.0,0.0,0.0,0.0,0.0,0.0,0.0,0.0,0.0,0.0,0.0,0.0,0.0,0.0,56.0,49.0,1546.0,297.0,600.0,0.495,5.0,22.0,0.227,292.0,578.0,0.505,0.499,121.0,170.0,0.712,93.0,260.0,353.0,79.0,43.0,52.0,72.0,171.0,720.0,0.0,16.7,0.533,0.037,0.283,7.1,19.4,13.3,8.8,1.4,2.5,9.6,21.6,1.8,2.0,3.8,0.117,-0.3,0.4,0.1,0.8,0.0,2006
89,Marcus Camby,33.2,5.4,11.6,0.465,0.0,0.2,0.091,5.4,11.4,0.472,0.466,2.0,2.8,0.712,2.4,9.6,11.9,2.1,1.4,3.3,1.6,2.8,12.8,0.0,0.0,1250.0,0.0,0.0,0.0,0.0,0.0,0.0,0.0,0.0,0.0,0.0,0.0,0.0,0.0,56.0,54.0,1857.0,302.0,649.0,0.465,1.0,11.0,0.091,301.0,638.0,0.472,0.466,111.0,156.0,0.712,132.0,536.0,668.0,115.0,79.0,184.0,92.0,158.0,716.0,0.0,19.9,0.499,0.017,0.24,8.4,33.3,21.0,10.2,2.2,7.5,11.4,19.5,1.0,4.5,5.5,0.141,0.1,3.3,3.5,2.6,0.0,2006
90,Earl Boykins,25.7,4.5,11.0,0.41,1.0,3.0,0.346,3.5,8.0,0.434,0.457,2.5,2.9,0.874,0.4,1.0,1.4,3.8,0.8,0.1,1.4,1.2,12.6,0.0,0.0,1250.0,0.0,0.0,0.0,0.0,0.0,0.0,0.0,0.0,0.0,0.0,0.0,0.0,0.0,60.0,0.0,1542.0,271.0,661.0,0.41,62.0,179.0,0.346,209.0,482.0,0.434,0.457,152.0,174.0,0.874,21.0,60.0,81.0,230.0,48.0,4.0,83.0,73.0,756.0,0.0,15.7,0.513,0.271,0.263,1.6,4.5,3.1,25.0,1.6,0.2,10.1,23.8,2.0,0.9,2.9,0.09,1.3,-1.3,0.0,0.7,0.0,2006
91,Brevin Knight,34.1,4.5,11.2,0.399,0.0,0.2,0.231,4.4,11.0,0.402,0.401,3.7,4.6,0.803,0.5,2.7,3.2,8.8,2.3,0.1,2.4,2.9,12.6,0.0,0.0,1250.0,0.0,0.0,0.0,0.0,0.0,0.0,0.0,0.0,0.0,0.0,0.0,0.0,0.0,69.0,67.0,2351.0,308.0,772.0,0.399,3.0,13.0,0.231,305.0,759.0,0.402,0.401,252.0,314.0,0.803,35.0,188.0,223.0,610.0,157.0,4.0,164.0,202.0,871.0,0.0,17.3,0.478,0.017,0.407,1.6,9.9,5.5,42.3,3.4,0.1,15.3,20.3,2.5,2.5,4.9,0.101,0.4,1.0,1.4,2.0,0.0,2006
92,Matt Harpring,27.4,4.5,9.5,0.475,0.2,0.5,0.359,4.3,9.0,0.482,0.485,3.2,4.4,0.725,2.2,3.0,5.2,1.4,0.8,0.2,1.5,2.8,12.5,0.0,0.0,1250.0,0.0,0.0,0.0,0.0,0.0,0.0,0.0,0.0,0.0,0.0,0.0,0.0,0.0,71.0,32.0,1944.0,322.0,678.0,0.475,14.0,39.0,0.359,308.0,639.0,0.482,0.485,227.0,313.0,0.725,158.0,210.0,368.0,98.0,59.0,14.0,109.0,202.0,885.0,0.0,16.3,0.542,0.058,0.462,9.8,13.2,11.5,9.6,1.7,0.6,11.8,22.0,3.1,1.6,4.7,0.115,0.6,-1.2,-0.6,0.7,0.0,2006
93,Primož Brezec,27.4,5.2,10.0,0.517,0.0,0.0,0.0,5.2,10.0,0.518,0.517,2.1,2.8,0.732,2.3,3.3,5.6,0.6,0.2,0.4,1.1,2.9,12.4,0.0,0.0,1250.0,0.0,0.0,0.0,0.0,0.0,0.0,0.0,0.0,0.0,0.0,0.0,0.0,0.0,79.0,79.0,2165.0,409.0,791.0,0.517,0.0,2.0,0.0,409.0,789.0,0.518,0.517,164.0,224.0,0.732,181.0,259.0,440.0,45.0,19.0,32.0,85.0,227.0,982.0,0.0,15.3,0.552,0.003,0.283,9.1,14.8,11.8,3.7,0.5,1.1,8.7,20.0,3.4,1.2,4.6,0.102,-0.4,-2.0,-2.4,-0.2,0.0,2006
94,Jalen Rose,27.5,4.0,9.5,0.423,0.8,2.4,0.343,3.2,7.1,0.45,0.466,3.4,4.4,0.78,0.4,2.5,2.9,2.5,0.4,0.2,1.6,2.2,12.3,0.0,0.0,1250.0,0.0,0.0,0.0,0.0,0.0,0.0,0.0,0.0,0.0,0.0,0.0,0.0,0.0,72.0,45.0,1983.0,290.0,685.0,0.423,59.0,172.0,0.343,231.0,513.0,0.45,0.466,248.0,318.0,0.78,28.0,183.0,211.0,181.0,30.0,13.0,115.0,156.0,887.0,0.0,13.9,0.538,0.251,0.464,1.7,11.6,6.5,15.5,0.8,0.5,12.2,21.8,2.5,0.0,2.5,0.06,0.5,-2.0,-1.5,0.2,0.0,2006
95,Shareef Abdur-Rahim,27.2,4.6,8.8,0.525,0.1,0.3,0.227,4.5,8.5,0.536,0.529,3.0,3.9,0.784,1.5,3.5,5.0,2.1,0.7,0.6,1.5,3.2,12.3,0.0,0.0,1250.0,0.0,0.0,0.0,0.0,0.0,0.0,0.0,0.0,0.0,0.0,0.0,0.0,0.0,72.0,30.0,1961.0,332.0,632.0,0.525,5.0,22.0,0.227,327.0,610.0,0.536,0.529,218.0,278.0,0.784,106.0,251.0,357.0,149.0,48.0,42.0,108.0,227.0,887.0,0.0,17.2,0.588,0.035,0.44,6.4,14.8,10.6,13.2,1.3,1.6,12.5,20.1,4.0,2.2,6.2,0.152,0.5,0.4,0.9,1.4,0.0,2006
96,Speedy Claxton,28.4,4.3,10.4,0.413,0.2,0.9,0.27,4.0,9.5,0.426,0.425,3.5,4.5,0.769,0.5,2.2,2.7,4.8,1.5,0.1,2.2,2.5,12.3,0.0,0.0,1250.0,0.0,0.0,0.0,0.0,0.0,0.0,0.0,0.0,0.0,0.0,0.0,0.0,0.0,71.0,3.0,2019.0,304.0,736.0,0.413,17.0,63.0,0.27,287.0,673.0,0.426,0.425,246.0,320.0,0.769,39.0,154.0,193.0,339.0,108.0,6.0,154.0,177.0,871.0,0.0,16.1,0.497,0.086,0.435,2.2,9.3,5.7,29.8,2.9,0.2,14.9,23.8,1.1,2.0,3.0,0.072,-0.1,0.3,0.1,1.1,0.0,2006
97,Juan Dixon,25.3,4.7,10.8,0.435,0.9,2.2,0.382,3.8,8.6,0.449,0.474,2.1,2.6,0.804,0.4,1.9,2.3,2.0,0.8,0.1,1.5,2.1,12.3,0.0,0.0,1250.0,0.0,0.0,0.0,0.0,0.0,0.0,0.0,0.0,0.0,0.0,0.0,0.0,0.0,76.0,42.0,1920.0,357.0,821.0,0.435,65.0,170.0,0.382,292.0,651.0,0.449,0.474,156.0,194.0,0.804,30.0,147.0,177.0,149.0,58.0,6.0,113.0,157.0,935.0,0.0,14.6,0.516,0.207,0.236,1.9,9.3,5.5,14.9,1.7,0.2,11.1,25.2,1.1,0.1,1.2,0.03,-0.2,-1.7,-1.9,0.0,0.0,2006
98,Channing Frye,24.2,4.7,9.8,0.477,0.0,0.1,0.333,4.6,9.7,0.479,0.479,2.9,3.5,0.825,2.1,3.6,5.8,0.8,0.5,0.7,1.5,3.1,12.3,0.0,0.0,1250.0,0.0,0.0,0.0,0.0,0.0,0.0,0.0,0.0,0.0,0.0,0.0,0.0,0.0,65.0,14.0,1572.0,305.0,640.0,0.477,3.0,9.0,0.333,302.0,631.0,0.479,0.479,189.0,229.0,0.825,138.0,236.0,374.0,53.0,30.0,47.0,97.0,200.0,802.0,0.0,18.1,0.541,0.014,0.358,10.6,18.5,14.5,6.6,1.0,2.5,11.6,24.2,2.6,0.9,3.5,0.108,0.7,-1.4,-0.7,0.5,0.0,2006
99,Andre Iguodala,37.6,4.2,8.4,0.5,0.7,1.9,0.354,3.5,6.5,0.543,0.541,3.2,4.3,0.754,1.4,4.4,5.9,3.1,1.6,0.3,1.9,2.4,12.3,0.0,0.0,1250.0,0.0,0.0,0.0,0.0,0.0,0.0,0.0,0.0,0.0,0.0,0.0,0.0,0.0,82.0,82.0,3086.0,344.0,688.0,0.5,56.0,158.0,0.354,288.0,530.0,0.543,0.541,263.0,349.0,0.754,117.0,364.0,481.0,255.0,135.0,21.0,153.0,198.0,1007.0,0.0,14.8,0.598,0.23,0.507,4.4,13.8,9.1,12.9,2.3,0.5,15.4,14.7,4.9,2.6,7.5,0.116,0.2,0.4,0.6,2.0,0.0,2006
100,Jason Williams,31.8,4.5,10.3,0.442,1.8,4.9,0.372,2.7,5.4,0.506,0.531,1.4,1.7,0.867,0.1,2.3,2.4,4.9,0.9,0.1,1.7,1.7,12.3,0.0,0.0,1250.0,0.0,0.0,0.0,0.0,0.0,0.0,0.0,0.0,0.0,0.0,0.0,0.0,0.0,59.0,56.0,1874.0,268.0,606.0,0.442,107.0,288.0,0.372,161.0,318.0,0.506,0.531,85.0,98.0,0.867,6.0,133.0,139.0,287.0,53.0,5.0,100.0,101.0,728.0,0.0,15.0,0.561,0.475,0.162,0.4,8.0,4.4,24.5,1.5,0.2,13.3,18.5,3.2,1.6,4.8,0.124,1.7,-0.5,1.1,1.5,0.0,2006
101,T.J. Ford,35.5,4.6,11.0,0.416,0.5,1.4,0.337,4.1,9.5,0.428,0.438,2.6,3.4,0.754,0.9,3.4,4.3,6.6,1.4,0.1,3.0,2.7,12.2,0.0,0.0,1250.0,0.0,0.0,0.0,0.0,0.0,0.0,0.0,0.0,0.0,0.0,0.0,0.0,0.0,72.0,70.0,2557.0,328.0,789.0,0.416,35.0,104.0,0.337,293.0,685.0,0.428,0.438,187.0,248.0,0.754,63.0,248.0,311.0,473.0,104.0,7.0,219.0,196.0,878.0,0.0,13.1,0.489,0.132,0.314,2.9,11.7,7.2,29.8,2.1,0.2,19.6,20.0,0.4,2.1,2.5,0.047,-1.1,-0.1,-1.2,0.5,0.0,2006
102,Antoine Walker,26.8,4.8,11.0,0.435,1.7,4.7,0.358,3.1,6.3,0.493,0.512,1.0,1.6,0.628,1.3,3.9,5.1,2.0,0.6,0.4,1.8,2.3,12.2,0.0,0.0,1250.0,0.0,0.0,0.0,0.0,0.0,0.0,0.0,0.0,0.0,0.0,0.0,0.0,0.0,82.0,19.0,2199.0,391.0,898.0,0.435,137.0,383.0,0.358,254.0,515.0,0.493,0.512,81.0,129.0,0.628,103.0,318.0,421.0,166.0,47.0,30.0,150.0,187.0,1000.0,0.0,14.4,0.524,0.427,0.144,5.8,16.3,11.3,12.8,1.1,1.0,13.6,23.2,1.1,2.5,3.6,0.08,1.1,-0.7,0.4,1.3,0.0,2006
103,Ruben Patterson,25.2,4.6,8.9,0.515,0.0,0.2,0.077,4.6,8.8,0.524,0.516,2.9,4.8,0.601,1.7,1.8,3.4,1.8,1.1,0.3,2.1,2.1,12.1,0.0,0.0,1250.0,0.0,0.0,0.0,0.0,0.0,0.0,0.0,0.0,0.0,0.0,0.0,0.0,0.0,71.0,22.0,1792.0,327.0,635.0,0.515,1.0,13.0,0.077,326.0,622.0,0.524,0.516,203.0,338.0,0.601,118.0,126.0,244.0,127.0,76.0,21.0,150.0,150.0,858.0,0.0,16.4,0.547,0.02,0.532,7.8,8.4,8.1,12.7,2.3,0.9,16.1,24.1,1.1,1.0,2.1,0.055,0.2,-0.8,-0.5,0.7,0.0,2006
104,Rafer Alston,38.6,4.4,11.7,0.379,1.6,5.0,0.327,2.8,6.8,0.418,0.449,1.6,2.3,0.692,0.6,3.5,4.0,6.7,1.6,0.2,2.5,3.1,12.1,0.0,0.0,1250.0,0.0,0.0,0.0,0.0,0.0,0.0,0.0,0.0,0.0,0.0,0.0,0.0,0.0,63.0,63.0,2431.0,280.0,738.0,0.379,102.0,312.0,0.327,178.0,426.0,0.418,0.449,99.0,143.0,0.692,36.0,219.0,255.0,425.0,101.0,15.0,157.0,194.0,761.0,0.0,12.6,0.475,0.423,0.194,1.8,10.4,6.1,30.8,2.3,0.5,16.4,18.8,0.2,3.1,3.4,0.067,-1.0,0.6,-0.4,1.0,0.0,2006
105,Mo Williams,26.4,4.6,10.8,0.424,1.3,3.3,0.382,3.3,7.6,0.443,0.483,1.7,1.9,0.85,0.5,1.9,2.5,4.0,0.9,0.1,1.8,2.5,12.1,0.0,0.0,1250.0,0.0,0.0,0.0,0.0,0.0,0.0,0.0,0.0,0.0,0.0,0.0,0.0,0.0,58.0,12.0,1531.0,267.0,629.0,0.424,73.0,191.0,0.382,194.0,438.0,0.443,0.483,96.0,113.0,0.85,30.0,113.0,143.0,230.0,52.0,7.0,105.0,146.0,703.0,0.0,15.0,0.518,0.304,0.18,2.3,8.9,5.5,26.1,1.8,0.4,13.4,23.4,1.5,1.0,2.5,0.079,0.8,-0.8,0.0,0.8,0.0,2006
106,Raymond Felton,30.1,4.3,11.0,0.391,1.2,3.4,0.358,3.1,7.7,0.405,0.446,2.0,2.8,0.725,1.0,2.4,3.3,5.6,1.3,0.1,2.3,2.3,11.9,0.0,0.0,1250.0,0.0,0.0,0.0,0.0,0.0,0.0,0.0,0.0,0.0,0.0,0.0,0.0,0.0,80.0,54.0,2406.0,345.0,883.0,0.391,97.0,271.0,0.358,248.0,612.0,0.405,0.446,161.0,222.0,0.725,77.0,188.0,265.0,446.0,102.0,8.0,182.0,181.0,948.0,0.0,14.2,0.483,0.307,0.251,3.5,9.7,6.4,30.9,2.2,0.3,15.7,21.4,0.8,1.8,2.6,0.051,0.2,-0.8,-0.6,0.8,0.0,2006
107,Chris Kaman,32.8,4.7,9.1,0.523,0.0,0.0,0.0,4.7,9.0,0.524,0.523,2.5,3.2,0.77,2.4,7.2,9.6,1.0,0.6,1.4,2.3,3.4,11.9,0.0,0.0,1250.0,0.0,0.0,0.0,0.0,0.0,0.0,0.0,0.0,0.0,0.0,0.0,0.0,0.0,78.0,78.0,2560.0,369.0,706.0,0.523,0.0,2.0,0.0,369.0,704.0,0.524,0.523,194.0,252.0,0.77,187.0,563.0,750.0,79.0,45.0,108.0,176.0,269.0,932.0,0.0,15.0,0.57,0.003,0.357,8.9,24.5,17.0,5.0,0.9,3.2,17.7,17.9,1.8,4.3,6.1,0.114,-1.3,0.6,-0.7,0.8,0.0,2006
108,Juwan Howard,31.7,4.9,10.7,0.459,0.0,0.1,0.0,4.9,10.7,0.461,0.459,1.9,2.4,0.806,2.1,4.6,6.7,1.4,0.6,0.1,1.7,2.9,11.8,0.0,0.0,1250.0,0.0,0.0,0.0,0.0,0.0,0.0,0.0,0.0,0.0,0.0,0.0,0.0,0.0,80.0,80.0,2537.0,394.0,859.0,0.459,0.0,4.0,0.0,394.0,855.0,0.461,0.459,154.0,191.0,0.806,168.0,367.0,535.0,112.0,49.0,8.0,133.0,235.0,942.0,0.0,12.5,0.499,0.005,0.222,7.9,16.7,12.4,8.4,1.1,0.3,12.4,20.2,0.6,3.0,3.7,0.069,-2.0,-0.6,-2.6,-0.4,0.0,2006
109,Eddie Jones,32.5,3.9,9.6,0.404,1.8,5.0,0.356,2.1,4.6,0.457,0.497,2.2,2.9,0.781,0.5,3.3,3.7,2.4,1.7,0.4,1.2,2.7,11.8,0.0,0.0,1250.0,0.0,0.0,0.0,0.0,0.0,0.0,0.0,0.0,0.0,0.0,0.0,0.0,0.0,75.0,75.0,2437.0,292.0,722.0,0.404,133.0,374.0,0.356,159.0,348.0,0.457,0.497,168.0,215.0,0.781,35.0,244.0,279.0,177.0,131.0,27.0,93.0,201.0,885.0,0.0,14.7,0.542,0.518,0.298,1.8,12.0,6.9,12.7,3.0,0.9,10.2,18.1,3.0,4.2,7.2,0.141,-0.1,2.3,2.2,2.6,0.0,2006
110,Delonte West,34.1,4.7,9.6,0.487,1.2,3.1,0.385,3.5,6.6,0.534,0.548,1.2,1.4,0.851,0.8,3.3,4.1,4.6,1.2,0.6,1.9,2.8,11.8,0.0,0.0,1250.0,0.0,0.0,0.0,0.0,0.0,0.0,0.0,0.0,0.0,0.0,0.0,0.0,0.0,71.0,71.0,2418.0,333.0,684.0,0.487,84.0,218.0,0.385,249.0,466.0,0.534,0.548,86.0,101.0,0.851,57.0,232.0,289.0,329.0,84.0,46.0,133.0,197.0,836.0,0.0,15.1,0.574,0.319,0.148,2.9,11.4,7.3,22.5,1.8,1.5,15.4,16.4,3.6,2.1,5.7,0.114,1.2,0.7,1.9,2.4,0.0,2006
111,Zaza Pachulia,31.4,3.9,8.7,0.451,0.0,0.0,0.0,3.9,8.7,0.452,0.451,3.8,5.2,0.735,3.4,4.5,7.9,1.7,1.1,0.5,2.3,3.7,11.7,0.0,0.0,1250.0,0.0,0.0,0.0,0.0,0.0,0.0,0.0,0.0,0.0,0.0,0.0,0.0,0.0,78.0,78.0,2452.0,307.0,681.0,0.451,0.0,2.0,0.0,307.0,679.0,0.452,0.451,297.0,404.0,0.735,264.0,349.0,613.0,129.0,89.0,39.0,180.0,286.0,911.0,0.0,15.0,0.53,0.003,0.593,12.6,17.6,15.0,8.5,1.9,1.2,17.3,19.2,2.5,1.4,3.9,0.077,-0.8,-1.3,-2.1,-0.1,0.0,2006
112,Damon Stoudamire,31.9,4.2,10.6,0.397,1.3,3.9,0.346,2.9,6.8,0.426,0.46,2.0,2.3,0.855,0.9,2.7,3.5,4.7,0.7,0.0,2.0,1.8,11.7,0.0,0.0,1250.0,0.0,0.0,0.0,0.0,0.0,0.0,0.0,0.0,0.0,0.0,0.0,0.0,0.0,27.0,27.0,862.0,114.0,287.0,0.397,36.0,104.0,0.346,78.0,183.0,0.426,0.46,53.0,62.0,0.855,23.0,72.0,95.0,128.0,19.0,1.0,55.0,49.0,317.0,0.0,13.7,0.504,0.362,0.216,3.3,10.0,6.7,26.6,1.2,0.1,14.9,20.8,0.7,1.0,1.7,0.093,0.4,-0.5,-0.1,0.4,0.0,2006
113,Mike Dunleavy,31.8,4.1,10.1,0.406,0.9,3.2,0.285,3.2,6.9,0.462,0.451,2.4,3.1,0.778,1.0,4.0,4.9,2.9,0.7,0.4,1.5,2.5,11.5,0.0,0.0,1250.0,0.0,0.0,0.0,0.0,0.0,0.0,0.0,0.0,0.0,0.0,0.0,0.0,0.0,81.0,68.0,2578.0,331.0,816.0,0.406,74.0,260.0,0.285,257.0,556.0,0.462,0.451,196.0,252.0,0.778,78.0,321.0,399.0,237.0,60.0,32.0,120.0,199.0,932.0,0.0,12.5,0.503,0.319,0.309,3.3,14.2,8.6,15.0,1.2,0.9,11.5,18.1,1.9,2.3,4.2,0.077,-0.7,0.0,-0.7,0.9,0.0,2006
114,Kyle Korver,31.3,4.0,9.3,0.43,2.2,5.3,0.42,1.7,3.9,0.443,0.551,1.2,1.5,0.849,0.3,3.0,3.3,2.0,0.8,0.3,1.2,2.7,11.5,0.0,0.0,1250.0,0.0,0.0,0.0,0.0,0.0,0.0,0.0,0.0,0.0,0.0,0.0,0.0,0.0,82.0,43.0,2563.0,327.0,761.0,0.43,184.0,438.0,0.42,143.0,323.0,0.443,0.551,101.0,119.0,0.849,27.0,243.0,270.0,163.0,65.0,26.0,98.0,224.0,939.0,0.0,12.3,0.577,0.576,0.156,1.2,11.1,6.2,10.2,1.3,0.8,10.8,16.2,3.2,1.3,4.6,0.086,0.3,-0.9,-0.6,0.9,0.0,2006
115,Smush Parker,33.8,4.2,9.5,0.447,1.5,4.0,0.366,2.8,5.5,0.506,0.524,1.5,2.2,0.694,0.5,2.9,3.3,3.7,1.7,0.2,1.8,2.6,11.5,0.0,0.0,1250.0,0.0,0.0,0.0,0.0,0.0,0.0,0.0,0.0,0.0,0.0,0.0,0.0,0.0,82.0,82.0,2773.0,348.0,779.0,0.447,120.0,328.0,0.366,228.0,451.0,0.506,0.524,125.0,180.0,0.694,37.0,234.0,271.0,302.0,140.0,16.0,147.0,213.0,941.0,0.0,13.4,0.548,0.421,0.231,1.6,9.9,5.7,17.3,2.7,0.4,14.6,16.5,2.8,3.0,5.8,0.1,-0.8,0.8,0.1,1.5,0.0,2006
116,Luke Ridnour,33.2,4.2,10.1,0.418,0.5,1.9,0.289,3.7,8.2,0.448,0.445,2.5,2.9,0.877,0.6,2.4,3.0,7.0,1.6,0.3,2.1,2.3,11.5,0.0,0.0,1250.0,0.0,0.0,0.0,0.0,0.0,0.0,0.0,0.0,0.0,0.0,0.0,0.0,0.0,79.0,77.0,2625.0,334.0,799.0,0.418,43.0,149.0,0.289,291.0,650.0,0.448,0.445,199.0,227.0,0.877,47.0,188.0,235.0,550.0,123.0,22.0,162.0,178.0,910.0,0.0,16.0,0.506,0.186,0.284,2.1,8.8,5.4,32.3,2.5,0.6,15.3,18.1,4.4,0.0,4.4,0.081,1.1,-1.3,-0.2,1.2,0.0,2006
117,Bobby Jackson,25.0,4.0,10.5,0.382,1.8,4.7,0.389,2.2,5.9,0.377,0.469,1.5,2.1,0.733,0.6,2.5,3.1,2.7,0.9,0.0,1.4,2.2,11.4,0.0,0.0,1250.0,0.0,0.0,0.0,0.0,0.0,0.0,0.0,0.0,0.0,0.0,0.0,0.0,0.0,71.0,15.0,1775.0,286.0,748.0,0.382,129.0,332.0,0.389,157.0,416.0,0.377,0.469,107.0,146.0,0.733,44.0,179.0,223.0,195.0,61.0,1.0,101.0,155.0,808.0,0.0,14.6,0.497,0.444,0.195,3.0,12.1,7.6,20.7,1.9,0.0,11.1,25.0,1.0,2.5,3.5,0.095,0.6,-0.2,0.4,1.1,0.0,2006
118,Mark Blount,27.7,4.6,9.1,0.508,0.0,0.0,0.0,4.6,9.1,0.508,0.508,2.1,2.7,0.757,1.2,3.3,4.5,1.2,0.5,0.9,2.4,3.1,11.3,0.0,0.0,1250.0,0.0,0.0,0.0,0.0,0.0,0.0,0.0,0.0,0.0,0.0,0.0,0.0,0.0,81.0,55.0,2240.0,373.0,734.0,0.508,0.0,0.0,0.0,373.0,734.0,0.508,0.508,168.0,222.0,0.757,96.0,269.0,365.0,99.0,40.0,76.0,194.0,254.0,914.0,0.0,12.1,0.549,0.0,0.302,5.3,14.2,9.8,7.8,1.0,2.6,18.9,21.4,-0.5,2.3,1.7,0.037,-2.9,-0.6,-3.4,-0.8,0.0,2006
119,Josh Smith,32.0,4.1,9.7,0.425,0.4,1.4,0.309,3.7,8.3,0.444,0.447,2.6,3.7,0.719,2.2,4.4,6.6,2.4,0.8,2.6,2.0,3.3,11.3,0.0,0.0,1250.0,0.0,0.0,0.0,0.0,0.0,0.0,0.0,0.0,0.0,0.0,0.0,0.0,0.0,80.0,73.0,2559.0,329.0,774.0,0.425,34.0,110.0,0.309,295.0,664.0,0.444,0.447,210.0,292.0,0.719,176.0,355.0,531.0,191.0,64.0,208.0,162.0,260.0,902.0,0.0,15.5,0.5,0.142,0.377,8.0,17.2,12.5,12.2,1.3,6.2,15.2,18.9,1.5,2.1,3.6,0.067,-0.5,0.8,0.3,1.4,0.0,2006
120,Ronald Murray,27.8,4.2,10.1,0.418,0.5,1.9,0.262,3.7,8.3,0.453,0.442,2.3,3.2,0.711,0.4,1.6,2.0,2.6,0.9,0.1,1.8,1.8,11.2,0.0,0.0,1250.0,0.0,0.0,0.0,0.0,0.0,0.0,0.0,0.0,0.0,0.0,0.0,0.0,0.0,76.0,27.0,2112.0,321.0,768.0,0.418,37.0,141.0,0.262,284.0,627.0,0.453,0.442,172.0,242.0,0.711,33.0,120.0,153.0,197.0,68.0,11.0,135.0,133.0,851.0,0.0,11.5,0.487,0.184,0.315,1.8,6.9,4.3,15.4,1.7,0.4,13.4,21.7,0.2,0.5,0.7,0.015,-1.6,-1.6,-3.2,-0.6,0.0,2006
121,Tyronn Lue,24.2,3.8,8.2,0.459,1.1,2.5,0.457,2.6,5.7,0.46,0.529,2.3,2.7,0.855,0.3,1.4,1.6,3.1,0.5,0.1,1.5,2.2,11.0,0.0,0.0,1250.0,0.0,0.0,0.0,0.0,0.0,0.0,0.0,0.0,0.0,0.0,0.0,0.0,0.0,51.0,10.0,1234.0,192.0,418.0,0.459,58.0,127.0,0.457,134.0,291.0,0.46,0.529,118.0,138.0,0.855,13.0,69.0,82.0,157.0,26.0,3.0,75.0,113.0,560.0,0.0,15.5,0.585,0.304,0.33,1.2,6.9,4.0,21.7,1.1,0.2,13.5,20.4,2.8,-0.1,2.7,0.104,1.5,-2.2,-0.7,0.4,0.0,2006
122,DeShawn Stevenson,32.3,4.4,9.5,0.46,0.0,0.2,0.133,4.4,9.3,0.466,0.461,2.2,3.0,0.744,0.7,2.2,2.9,2.0,0.7,0.2,1.5,2.2,11.0,0.0,0.0,1250.0,0.0,0.0,0.0,0.0,0.0,0.0,0.0,0.0,0.0,0.0,0.0,0.0,0.0,82.0,82.0,2648.0,359.0,781.0,0.46,2.0,15.0,0.133,357.0,766.0,0.466,0.461,180.0,242.0,0.744,59.0,182.0,241.0,160.0,58.0,17.0,123.0,178.0,900.0,0.0,10.9,0.507,0.019,0.31,2.8,8.3,5.6,10.1,1.2,0.5,12.2,18.1,1.2,1.3,2.4,0.044,-1.8,-0.8,-2.5,-0.3,0.0,2006
123,Kevin Martin,26.6,3.6,7.6,0.48,0.9,2.5,0.369,2.7,5.1,0.534,0.54,2.6,3.1,0.847,0.8,2.8,3.6,1.3,0.8,0.1,1.1,1.9,10.8,0.0,0.0,1250.0,0.0,0.0,0.0,0.0,0.0,0.0,0.0,0.0,0.0,0.0,0.0,0.0,0.0,72.0,41.0,1913.0,262.0,546.0,0.48,66.0,179.0,0.369,196.0,367.0,0.534,0.54,188.0,222.0,0.847,58.0,203.0,261.0,97.0,55.0,9.0,81.0,138.0,778.0,0.0,14.8,0.604,0.328,0.407,3.6,12.3,8.0,8.3,1.5,0.3,11.2,17.4,3.6,1.9,5.5,0.137,0.4,0.0,0.4,1.2,0.0,2006
124,Desmond Mason,30.0,3.9,9.9,0.399,0.0,0.1,0.167,3.9,9.8,0.401,0.399,2.9,4.3,0.682,0.9,3.3,4.3,0.9,0.6,0.2,1.6,1.9,10.8,0.0,0.0,1250.0,0.0,0.0,0.0,0.0,0.0,0.0,0.0,0.0,0.0,0.0,0.0,0.0,0.0,70.0,55.0,2102.0,275.0,690.0,0.399,1.0,6.0,0.167,274.0,684.0,0.401,0.399,206.0,302.0,0.682,64.0,234.0,298.0,66.0,42.0,17.0,113.0,136.0,757.0,0.0,9.2,0.46,0.009,0.438,3.5,13.6,8.4,5.4,1.1,0.7,12.1,20.8,-1.7,1.4,-0.2,-0.005,-3.5,-1.4,-4.9,-1.5,0.0,2006
125,Deron Williams,28.8,4.2,10.1,0.421,1.1,2.7,0.416,3.1,7.3,0.423,0.478,1.2,1.7,0.704,0.4,2.0,2.4,4.5,0.8,0.2,1.8,2.9,10.8,0.0,0.0,1250.0,0.0,0.0,0.0,0.0,0.0,0.0,0.0,0.0,0.0,0.0,0.0,0.0,0.0,80.0,47.0,2307.0,339.0,805.0,0.421,91.0,219.0,0.416,248.0,586.0,0.423,0.478,95.0,135.0,0.704,35.0,159.0,194.0,359.0,60.0,17.0,145.0,233.0,864.0,0.0,12.4,0.5,0.272,0.168,1.8,8.4,5.1,28.6,1.4,0.6,14.4,20.3,1.5,1.3,2.8,0.059,-0.5,-1.2,-1.7,0.2,0.0,2006
126,Drew Gooden,27.5,4.2,8.3,0.512,0.0,0.0,0.333,4.2,8.2,0.513,0.513,2.2,3.3,0.682,3.0,5.4,8.4,0.7,0.7,0.6,1.3,2.4,10.7,0.0,0.0,1250.0,0.0,0.0,0.0,0.0,0.0,0.0,0.0,0.0,0.0,0.0,0.0,0.0,0.0,79.0,79.0,2174.0,334.0,652.0,0.512,1.0,3.0,0.333,333.0,649.0,0.513,0.513,176.0,258.0,0.682,237.0,428.0,665.0,56.0,52.0,49.0,106.0,190.0,845.0,0.0,17.6,0.552,0.005,0.396,12.8,23.5,18.1,4.4,1.3,1.7,12.2,18.6,3.6,2.9,6.6,0.145,0.5,-0.8,-0.2,1.0,0.0,2006
127,Gordan Giriček,25.8,4.5,10.4,0.433,0.5,1.6,0.305,4.0,8.8,0.457,0.457,1.2,1.5,0.754,0.4,1.5,1.9,1.7,0.4,0.1,1.7,2.4,10.6,0.0,0.0,1250.0,0.0,0.0,0.0,0.0,0.0,0.0,0.0,0.0,0.0,0.0,0.0,0.0,0.0,37.0,36.0,956.0,166.0,383.0,0.433,18.0,59.0,0.305,148.0,324.0,0.457,0.457,43.0,57.0,0.754,15.0,55.0,70.0,63.0,16.0,4.0,63.0,87.0,393.0,0.0,8.7,0.482,0.154,0.149,1.9,7.0,4.4,12.8,0.9,0.3,13.4,22.8,-0.6,0.4,-0.2,-0.01,-3.3,-2.3,-5.6,-0.9,0.0,2006
128,Jumaine Jones,27.5,3.9,9.7,0.405,1.5,4.4,0.343,2.4,5.3,0.456,0.483,1.2,1.6,0.727,1.4,3.6,4.9,0.8,0.9,0.3,1.0,2.6,10.5,0.0,0.0,1250.0,0.0,0.0,0.0,0.0,0.0,0.0,0.0,0.0,0.0,0.0,0.0,0.0,0.0,76.0,42.0,2089.0,298.0,736.0,0.405,115.0,335.0,0.343,183.0,401.0,0.456,0.483,88.0,121.0,0.727,105.0,271.0,376.0,63.0,68.0,22.0,74.0,200.0,799.0,0.0,12.1,0.506,0.455,0.164,5.5,16.1,10.4,5.0,1.7,0.8,8.6,18.3,1.2,1.8,3.0,0.068,-0.9,-0.9,-1.7,0.2,0.0,2006
129,Tim Thomas,23.0,3.9,9.0,0.431,1.6,3.8,0.414,2.3,5.2,0.444,0.519,1.0,1.4,0.667,0.8,3.8,4.5,0.7,0.6,0.2,1.1,2.7,10.3,0.0,0.0,1250.0,0.0,0.0,0.0,0.0,0.0,0.0,0.0,0.0,0.0,0.0,0.0,0.0,0.0,29.0,10.0,666.0,113.0,262.0,0.431,46.0,111.0,0.414,67.0,151.0,0.444,0.519,28.0,42.0,0.667,22.0,109.0,131.0,20.0,16.0,7.0,33.0,78.0,300.0,0.0,12.2,0.535,0.424,0.16,3.8,17.8,10.9,4.4,1.2,0.7,10.5,21.1,0.2,0.7,0.9,0.065,-1.7,-1.4,-3.1,-0.2,0.0,2006
130,Marquis Daniels,28.5,4.0,8.3,0.48,0.1,0.3,0.211,3.9,8.0,0.491,0.484,2.2,3.0,0.754,1.3,2.3,3.6,2.8,1.1,0.2,1.6,2.3,10.2,0.0,0.0,1250.0,0.0,0.0,0.0,0.0,0.0,0.0,0.0,0.0,0.0,0.0,0.0,0.0,0.0,62.0,29.0,1766.0,246.0,512.0,0.48,4.0,19.0,0.211,242.0,493.0,0.491,0.484,138.0,183.0,0.754,81.0,143.0,224.0,172.0,67.0,13.0,100.0,143.0,634.0,0.0,14.9,0.535,0.037,0.357,5.6,9.6,7.6,16.2,2.1,0.6,14.4,18.3,2.4,1.7,4.2,0.114,0.1,0.4,0.5,1.1,0.0,2006
131,Chris Mihm,26.1,3.9,7.8,0.501,0.0,0.0,0.0,3.9,7.8,0.501,0.501,2.4,3.4,0.716,2.3,4.0,6.3,1.0,0.3,1.2,1.4,3.6,10.2,0.0,0.0,1250.0,0.0,0.0,0.0,0.0,0.0,0.0,0.0,0.0,0.0,0.0,0.0,0.0,0.0,59.0,56.0,1541.0,230.0,459.0,0.501,0.0,0.0,0.0,230.0,459.0,0.501,0.501,144.0,201.0,0.716,137.0,236.0,373.0,61.0,16.0,73.0,83.0,214.0,604.0,0.0,15.3,0.552,0.0,0.438,10.5,18.0,14.2,6.6,0.5,3.6,13.2,18.7,2.2,1.7,4.0,0.124,-1.4,-0.5,-1.9,0.0,0.0,2006
132,Shane Battier,35.0,3.7,7.7,0.488,0.8,2.0,0.394,2.9,5.6,0.522,0.54,1.8,2.6,0.707,2.0,3.3,5.3,1.7,1.1,1.4,1.1,2.8,10.1,0.0,0.0,1250.0,0.0,0.0,0.0,0.0,0.0,0.0,0.0,0.0,0.0,0.0,0.0,0.0,0.0,81.0,81.0,2839.0,303.0,621.0,0.488,65.0,165.0,0.394,238.0,456.0,0.522,0.54,147.0,208.0,0.707,164.0,265.0,429.0,136.0,92.0,114.0,90.0,223.0,818.0,0.0,14.7,0.574,0.266,0.335,7.1,11.2,9.2,8.2,1.8,3.2,11.2,13.7,4.6,4.5,9.1,0.153,0.8,1.8,2.6,3.3,0.0,2006
133,Michael Finley,26.5,3.7,9.0,0.412,1.4,3.6,0.394,2.3,5.4,0.423,0.491,1.3,1.5,0.852,0.4,2.8,3.2,1.5,0.5,0.1,0.8,1.3,10.1,0.0,0.0,1250.0,0.0,0.0,0.0,0.0,0.0,0.0,0.0,0.0,0.0,0.0,0.0,0.0,0.0,77.0,18.0,2038.0,286.0,695.0,0.412,110.0,279.0,0.394,176.0,416.0,0.423,0.491,98.0,115.0,0.852,31.0,216.0,247.0,116.0,37.0,7.0,62.0,97.0,780.0,0.0,12.7,0.523,0.401,0.165,1.8,12.2,7.2,9.3,1.0,0.2,7.7,18.9,2.0,2.9,5.0,0.117,0.1,0.2,0.2,1.1,0.0,2006
134,Kareem Rush,23.6,3.9,10.0,0.386,1.2,3.5,0.348,2.6,6.5,0.407,0.447,1.2,1.6,0.714,0.4,1.8,2.2,1.1,0.8,0.3,1.4,1.7,10.1,0.0,0.0,1250.0,0.0,0.0,0.0,0.0,0.0,0.0,0.0,0.0,0.0,0.0,0.0,0.0,0.0,47.0,25.0,1111.0,181.0,469.0,0.386,57.0,164.0,0.348,124.0,305.0,0.407,0.447,55.0,77.0,0.714,18.0,85.0,103.0,50.0,38.0,13.0,65.0,79.0,474.0,0.0,9.8,0.471,0.35,0.164,1.8,9.5,5.4,7.7,1.8,0.9,11.4,22.7,-1.0,0.7,-0.2,-0.01,-2.3,-1.1,-3.4,-0.4,0.0,2006
135,Marcus Banks,25.8,3.8,8.1,0.468,0.4,1.1,0.349,3.4,7.0,0.486,0.491,2.0,2.5,0.803,0.4,1.9,2.3,3.8,0.9,0.2,2.1,2.8,10.0,0.0,0.0,1250.0,0.0,0.0,0.0,0.0,0.0,0.0,0.0,0.0,0.0,0.0,0.0,0.0,0.0,58.0,29.0,1497.0,219.0,468.0,0.468,22.0,63.0,0.349,197.0,405.0,0.486,0.491,118.0,147.0,0.803,23.0,112.0,135.0,220.0,54.0,11.0,119.0,162.0,578.0,0.0,13.6,0.543,0.135,0.314,1.9,8.8,5.4,25.3,1.9,0.6,18.3,20.6,0.9,1.4,2.3,0.074,-1.4,-0.2,-1.7,0.1,0.0,2006
136,Josh Childress,30.4,3.8,6.8,0.552,0.4,0.9,0.492,3.3,5.9,0.56,0.583,2.1,2.7,0.766,1.8,3.4,5.2,1.8,1.2,0.5,1.4,2.5,10.0,0.0,0.0,1250.0,0.0,0.0,0.0,0.0,0.0,0.0,0.0,0.0,0.0,0.0,0.0,0.0,0.0,74.0,10.0,2249.0,278.0,504.0,0.552,32.0,65.0,0.492,246.0,439.0,0.56,0.583,154.0,201.0,0.766,134.0,253.0,387.0,131.0,86.0,39.0,101.0,184.0,742.0,0.0,15.8,0.626,0.129,0.399,7.0,13.9,10.3,9.4,2.0,1.3,14.6,14.0,4.6,1.1,5.7,0.121,1.3,-0.1,1.2,1.8,0.0,2006
137,Devin Harris,22.8,3.4,7.2,0.469,0.1,0.4,0.238,3.3,6.9,0.482,0.475,3.0,4.2,0.716,0.5,1.8,2.2,3.2,0.9,0.3,1.5,2.2,9.9,0.0,0.0,1250.0,0.0,0.0,0.0,0.0,0.0,0.0,0.0,0.0,0.0,0.0,0.0,0.0,0.0,56.0,4.0,1275.0,190.0,405.0,0.469,5.0,21.0,0.238,185.0,384.0,0.482,0.475,169.0,236.0,0.716,26.0,99.0,125.0,177.0,53.0,16.0,84.0,121.0,554.0,0.0,17.4,0.544,0.052,0.583,2.5,9.2,5.9,23.4,2.3,1.0,14.2,21.7,2.3,1.4,3.7,0.139,0.8,0.6,1.4,1.1,0.0,2006
138,David Wesley,33.4,3.2,7.9,0.403,1.4,3.8,0.365,1.8,4.1,0.438,0.491,2.1,2.6,0.807,0.3,2.2,2.5,2.9,0.8,0.1,1.7,3.0,9.9,0.0,0.0,1250.0,0.0,0.0,0.0,0.0,0.0,0.0,0.0,0.0,0.0,0.0,0.0,0.0,0.0,71.0,59.0,2372.0,226.0,561.0,0.403,99.0,271.0,0.365,127.0,290.0,0.438,0.491,151.0,187.0,0.807,24.0,154.0,178.0,204.0,59.0,6.0,120.0,212.0,702.0,0.0,9.6,0.546,0.483,0.333,1.2,7.5,4.4,14.6,1.4,0.2,15.7,15.3,1.4,2.2,3.6,0.072,-2.2,0.2,-2.0,0.0,0.0,2006
139,Vladimir Radmanović,25.6,3.4,8.4,0.407,1.8,4.6,0.39,1.6,3.8,0.429,0.515,1.2,1.5,0.816,0.8,3.8,4.6,1.8,0.8,0.4,1.2,2.7,9.8,0.0,0.0,1250.0,0.0,0.0,0.0,0.0,0.0,0.0,0.0,0.0,0.0,0.0,0.0,0.0,0.0,77.0,27.0,1974.0,262.0,643.0,0.407,138.0,354.0,0.39,124.0,289.0,0.429,0.515,93.0,114.0,0.816,64.0,294.0,358.0,136.0,61.0,29.0,93.0,210.0,755.0,0.0,13.6,0.545,0.551,0.177,3.9,17.4,10.8,10.9,1.6,1.1,11.8,18.1,2.3,1.4,3.8,0.091,1.0,-0.5,0.5,1.2,0.0,2006
140,Melvin Ely,23.6,3.8,7.5,0.508,0.0,0.0,0.0,3.8,7.4,0.511,0.508,2.2,3.4,0.667,1.6,3.2,4.9,1.3,0.5,0.8,1.8,2.8,9.8,0.0,0.0,1250.0,0.0,0.0,0.0,0.0,0.0,0.0,0.0,0.0,0.0,0.0,0.0,0.0,0.0,57.0,22.0,1348.0,216.0,425.0,0.508,0.0,2.0,0.0,216.0,423.0,0.511,0.508,128.0,192.0,0.667,94.0,183.0,277.0,76.0,29.0,44.0,100.0,160.0,560.0,0.0,14.3,0.55,0.005,0.452,7.6,16.8,11.9,9.7,1.1,2.5,16.4,20.1,0.8,1.2,2.0,0.072,-1.7,-0.2,-1.8,0.1,0.0,2006
141,Eddie House,17.5,4.0,9.4,0.422,1.5,3.9,0.389,2.4,5.5,0.445,0.503,0.4,0.5,0.805,0.2,1.4,1.6,1.8,0.5,0.1,0.9,1.2,9.8,0.0,0.0,1250.0,0.0,0.0,0.0,0.0,0.0,0.0,0.0,0.0,0.0,0.0,0.0,0.0,0.0,81.0,0.0,1421.0,320.0,759.0,0.422,123.0,316.0,0.389,197.0,443.0,0.445,0.503,33.0,41.0,0.805,15.0,117.0,132.0,148.0,42.0,12.0,76.0,96.0,796.0,0.0,15.2,0.512,0.416,0.054,1.2,8.9,5.2,16.4,1.5,0.6,8.9,26.9,0.5,1.1,1.6,0.054,0.8,-0.9,-0.2,0.7,0.0,2006
142,Salim Stoudamire,20.3,3.3,8.1,0.415,1.3,3.5,0.38,2.0,4.5,0.442,0.498,1.6,1.8,0.9,0.2,1.7,1.9,1.2,0.4,0.0,1.3,1.9,9.7,0.0,0.0,1250.0,0.0,0.0,0.0,0.0,0.0,0.0,0.0,0.0,0.0,0.0,0.0,0.0,0.0,61.0,1.0,1236.0,204.0,492.0,0.415,82.0,216.0,0.38,122.0,276.0,0.442,0.498,99.0,110.0,0.9,12.0,104.0,116.0,75.0,27.0,3.0,82.0,118.0,589.0,0.0,12.5,0.545,0.439,0.224,1.1,10.4,5.6,10.5,1.2,0.2,13.2,22.9,1.1,0.0,1.2,0.046,-0.3,-2.3,-2.5,-0.2,0.0,2006
143,Antonio Daniels,28.5,2.9,6.9,0.418,0.3,1.3,0.228,2.6,5.6,0.461,0.439,3.6,4.2,0.845,0.2,1.9,2.2,3.6,0.7,0.1,1.1,1.2,9.6,0.0,0.0,1250.0,0.0,0.0,0.0,0.0,0.0,0.0,0.0,0.0,0.0,0.0,0.0,0.0,0.0,80.0,17.0,2283.0,230.0,550.0,0.418,23.0,101.0,0.228,207.0,449.0,0.461,0.439,284.0,336.0,0.845,19.0,153.0,172.0,284.0,52.0,8.0,89.0,96.0,767.0,0.0,13.7,0.55,0.184,0.611,0.9,8.0,4.4,19.2,1.2,0.3,11.3,15.4,4.3,0.9,5.3,0.111,0.1,-0.8,-0.7,0.8,0.0,2006
144,Fred Jones,27.0,3.4,8.2,0.417,0.9,2.8,0.337,2.5,5.5,0.457,0.473,1.8,2.4,0.763,0.3,2.2,2.5,2.3,0.8,0.3,1.6,2.1,9.6,0.0,0.0,1250.0,0.0,0.0,0.0,0.0,0.0,0.0,0.0,0.0,0.0,0.0,0.0,0.0,0.0,68.0,2.0,1837.0,233.0,559.0,0.417,63.0,187.0,0.337,170.0,372.0,0.457,0.473,122.0,160.0,0.763,18.0,152.0,170.0,154.0,55.0,20.0,107.0,142.0,651.0,0.0,11.0,0.517,0.335,0.286,1.2,9.3,5.3,14.5,1.6,0.8,14.5,18.7,0.4,2.2,2.6,0.069,-1.8,0.7,-1.0,0.4,0.0,2006
145,Chucky Atkins,24.1,3.2,8.1,0.394,1.4,3.9,0.354,1.8,4.2,0.431,0.479,1.8,2.3,0.791,0.3,1.4,1.7,2.8,0.6,0.0,1.2,2.1,9.5,0.0,0.0,1250.0,0.0,0.0,0.0,0.0,0.0,0.0,0.0,0.0,0.0,0.0,0.0,0.0,0.0,71.0,41.0,1713.0,226.0,573.0,0.394,97.0,274.0,0.354,129.0,299.0,0.431,0.479,129.0,163.0,0.791,23.0,97.0,120.0,198.0,43.0,2.0,87.0,152.0,678.0,0.0,12.9,0.526,0.478,0.284,1.6,6.8,4.2,20.0,1.4,0.1,11.9,20.2,2.1,1.4,3.6,0.1,-0.1,-0.8,-0.9,0.4,0.0,2006
146,Troy Hudson,22.2,3.5,9.3,0.381,1.1,2.8,0.396,2.4,6.4,0.375,0.441,1.3,1.4,0.923,0.2,1.0,1.2,2.9,0.3,0.1,1.1,1.5,9.5,0.0,0.0,1250.0,0.0,0.0,0.0,0.0,0.0,0.0,0.0,0.0,0.0,0.0,0.0,0.0,0.0,36.0,0.0,800.0,127.0,333.0,0.381,40.0,101.0,0.396,87.0,232.0,0.375,0.441,48.0,52.0,0.923,8.0,36.0,44.0,106.0,12.0,4.0,40.0,55.0,342.0,0.0,12.2,0.48,0.303,0.156,1.2,5.3,3.3,23.3,0.8,0.4,10.1,23.5,0.3,0.4,0.7,0.042,-0.1,-2.0,-2.1,0.0,0.0,2006
147,Sebastian Telfair,24.1,3.4,8.5,0.394,0.8,2.4,0.352,2.5,6.1,0.411,0.444,1.9,2.6,0.743,0.3,1.5,1.8,3.6,1.0,0.1,1.7,2.5,9.5,0.0,0.0,1250.0,0.0,0.0,0.0,0.0,0.0,0.0,0.0,0.0,0.0,0.0,0.0,0.0,0.0,68.0,30.0,1641.0,228.0,578.0,0.394,57.0,162.0,0.352,171.0,416.0,0.411,0.444,130.0,175.0,0.743,19.0,101.0,120.0,247.0,66.0,6.0,115.0,167.0,643.0,0.0,13.0,0.491,0.28,0.303,1.4,7.5,4.4,26.5,2.2,0.3,14.9,22.2,0.4,0.2,0.6,0.017,-1.2,-1.6,-2.8,-0.3,0.0,2006
148,Andrew Bogut,28.6,3.9,7.4,0.533,0.0,0.0,0.0,3.9,7.4,0.536,0.533,1.5,2.4,0.629,2.3,4.7,7.0,2.3,0.6,0.8,1.5,3.2,9.4,0.0,0.0,1250.0,0.0,0.0,0.0,0.0,0.0,0.0,0.0,0.0,0.0,0.0,0.0,0.0,0.0,82.0,77.0,2348.0,323.0,606.0,0.533,0.0,3.0,0.0,323.0,603.0,0.536,0.533,122.0,194.0,0.629,189.0,384.0,573.0,192.0,49.0,68.0,125.0,259.0,768.0,0.0,15.2,0.555,0.005,0.32,9.4,19.8,14.5,13.4,1.1,2.3,15.3,15.9,3.1,2.4,5.5,0.113,-0.3,0.7,0.4,1.4,0.0,2006
149,Keyon Dooling,22.7,3.6,8.1,0.44,0.3,0.9,0.302,3.3,7.2,0.456,0.456,2.0,2.4,0.835,0.2,1.3,1.6,2.2,1.0,0.1,1.6,2.3,9.4,0.0,0.0,1250.0,0.0,0.0,0.0,0.0,0.0,0.0,0.0,0.0,0.0,0.0,0.0,0.0,0.0,50.0,7.0,1137.0,178.0,405.0,0.44,13.0,43.0,0.302,165.0,362.0,0.456,0.456,101.0,121.0,0.835,11.0,67.0,78.0,109.0,49.0,4.0,82.0,116.0,470.0,0.0,12.6,0.513,0.106,0.299,1.2,7.1,4.2,16.7,2.3,0.3,15.2,22.5,0.3,0.8,1.1,0.046,-2.4,-0.3,-2.7,-0.2,0.0,2006
150,Udonis Haslem,30.8,3.7,7.3,0.508,0.0,0.0,0.0,3.7,7.3,0.509,0.508,1.9,2.5,0.789,2.1,5.8,7.8,1.2,0.6,0.2,1.0,2.7,9.3,0.0,0.0,1250.0,0.0,0.0,0.0,0.0,0.0,0.0,0.0,0.0,0.0,0.0,0.0,0.0,0.0,81.0,80.0,2491.0,300.0,591.0,0.508,0.0,2.0,0.0,300.0,589.0,0.509,0.508,157.0,199.0,0.789,167.0,467.0,634.0,95.0,50.0,17.0,80.0,216.0,757.0,0.0,13.7,0.558,0.003,0.337,8.2,21.2,15.0,5.9,1.1,0.5,10.5,14.1,3.9,3.1,7.0,0.134,-0.4,-0.1,-0.5,0.9,0.0,2006
151,Jarvis Hayes,24.6,3.7,8.7,0.421,0.8,2.2,0.362,2.9,6.5,0.441,0.467,1.2,1.4,0.833,0.9,2.7,3.6,1.3,0.8,0.0,1.0,1.8,9.3,0.0,0.0,1250.0,0.0,0.0,0.0,0.0,0.0,0.0,0.0,0.0,0.0,0.0,0.0,0.0,0.0,21.0,13.0,516.0,77.0,183.0,0.421,17.0,47.0,0.362,60.0,136.0,0.441,0.467,25.0,30.0,0.833,19.0,57.0,76.0,27.0,16.0,1.0,22.0,38.0,196.0,0.0,12.2,0.499,0.257,0.164,4.2,13.2,8.6,8.7,1.6,0.2,10.1,18.8,0.3,0.4,0.7,0.065,-0.9,-0.5,-1.4,0.1,0.0,2006
152,James Jones,23.6,3.2,7.7,0.418,1.5,3.8,0.386,1.8,3.9,0.449,0.513,1.4,1.6,0.851,0.6,2.8,3.4,0.8,0.5,0.7,0.5,1.9,9.3,0.0,0.0,1250.0,0.0,0.0,0.0,0.0,0.0,0.0,0.0,0.0,0.0,0.0,0.0,0.0,0.0,75.0,24.0,1772.0,243.0,581.0,0.418,110.0,285.0,0.386,133.0,296.0,0.449,0.513,103.0,121.0,0.851,44.0,209.0,253.0,57.0,38.0,49.0,35.0,142.0,699.0,0.0,13.2,0.551,0.491,0.208,2.8,12.8,7.9,4.5,1.1,1.9,5.2,16.9,2.3,1.7,4.0,0.11,0.1,-0.2,-0.1,0.9,0.0,2006
153,Donyell Marshall,25.6,3.3,8.3,0.395,1.6,4.9,0.324,1.7,3.4,0.496,0.49,1.1,1.5,0.748,1.3,4.8,6.1,0.7,0.7,0.5,1.1,2.0,9.3,0.0,0.0,1250.0,0.0,0.0,0.0,0.0,0.0,0.0,0.0,0.0,0.0,0.0,0.0,0.0,0.0,81.0,0.0,2077.0,265.0,671.0,0.395,128.0,395.0,0.324,137.0,276.0,0.496,0.49,92.0,123.0,0.748,105.0,387.0,492.0,60.0,59.0,41.0,90.0,160.0,750.0,0.0,13.4,0.517,0.589,0.183,5.9,22.3,14.0,4.8,1.5,1.5,11.0,18.2,1.4,2.8,4.2,0.097,0.2,-0.1,0.1,1.1,0.0,2006
154,Mickaël Piétrus,22.7,3.3,8.0,0.404,1.1,3.4,0.318,2.2,4.7,0.467,0.471,1.7,2.8,0.608,1.1,2.0,3.1,0.8,0.6,0.2,1.5,2.5,9.3,0.0,0.0,1250.0,0.0,0.0,0.0,0.0,0.0,0.0,0.0,0.0,0.0,0.0,0.0,0.0,0.0,52.0,18.0,1179.0,169.0,418.0,0.404,56.0,176.0,0.318,113.0,242.0,0.467,0.471,87.0,143.0,0.608,58.0,105.0,163.0,44.0,33.0,10.0,78.0,132.0,481.0,0.0,10.0,0.5,0.421,0.342,5.4,10.2,7.7,6.2,1.4,0.6,14.0,21.1,-0.3,0.9,0.6,0.024,-2.3,-0.9,-3.2,-0.4,0.0,2006
155,Nate Robinson,21.4,3.2,7.8,0.407,0.8,2.0,0.397,2.4,5.8,0.411,0.458,2.1,2.8,0.752,0.8,1.5,2.3,2.0,0.8,0.0,1.6,2.8,9.3,0.0,0.0,1250.0,0.0,0.0,0.0,0.0,0.0,0.0,0.0,0.0,0.0,0.0,0.0,0.0,0.0,72.0,26.0,1544.0,230.0,565.0,0.407,58.0,146.0,0.397,172.0,419.0,0.411,0.458,152.0,202.0,0.752,56.0,111.0,167.0,147.0,59.0,1.0,114.0,201.0,670.0,0.0,12.6,0.512,0.258,0.358,4.4,8.8,6.6,17.0,2.0,0.1,14.8,22.5,1.0,0.5,1.5,0.046,-1.0,-1.1,-2.1,-0.1,0.0,2006
156,Jamaal Tinsley,26.7,3.8,9.2,0.409,0.4,1.7,0.229,3.4,7.5,0.449,0.43,1.4,2.2,0.637,0.8,2.3,3.2,5.0,1.2,0.1,2.6,2.3,9.3,0.0,0.0,1250.0,0.0,0.0,0.0,0.0,0.0,0.0,0.0,0.0,0.0,0.0,0.0,0.0,0.0,42.0,27.0,1122.0,158.0,386.0,0.409,16.0,70.0,0.229,142.0,316.0,0.449,0.43,58.0,91.0,0.637,35.0,98.0,133.0,211.0,49.0,6.0,109.0,96.0,390.0,0.0,12.1,0.458,0.181,0.236,3.7,9.8,6.8,33.3,2.3,0.4,20.4,22.2,-0.8,1.5,0.7,0.031,-1.8,0.3,-1.6,0.1,0.0,2006
157,Trenton Hassell,32.6,3.7,8.0,0.464,0.1,0.3,0.304,3.6,7.7,0.47,0.47,1.7,2.3,0.744,1.1,1.7,2.8,2.6,0.6,0.4,1.6,2.6,9.2,0.0,0.0,1250.0,0.0,0.0,0.0,0.0,0.0,0.0,0.0,0.0,0.0,0.0,0.0,0.0,0.0,77.0,67.0,2514.0,286.0,616.0,0.464,7.0,23.0,0.304,279.0,593.0,0.47,0.47,131.0,176.0,0.744,82.0,134.0,216.0,203.0,43.0,29.0,124.0,201.0,710.0,0.0,9.5,0.512,0.037,0.286,4.0,6.2,5.2,13.2,0.9,0.9,15.2,15.4,0.7,1.6,2.3,0.044,-2.4,-0.6,-3.1,-0.7,0.0,2006
158,Anthony Johnson,26.4,3.6,8.0,0.443,0.7,2.1,0.329,2.9,6.0,0.482,0.485,1.4,1.9,0.752,0.4,1.8,2.2,4.3,0.8,0.3,1.5,1.8,9.2,0.0,0.0,1250.0,0.0,0.0,0.0,0.0,0.0,0.0,0.0,0.0,0.0,0.0,0.0,0.0,0.0,75.0,53.0,1981.0,267.0,603.0,0.443,51.0,155.0,0.329,216.0,448.0,0.482,0.485,106.0,141.0,0.752,31.0,137.0,168.0,324.0,63.0,22.0,115.0,132.0,691.0,0.0,14.2,0.52,0.257,0.234,1.9,7.7,4.9,28.6,1.7,0.8,14.7,18.3,2.2,2.3,4.5,0.108,0.2,0.4,0.7,1.3,0.0,2006
159,Jamaal Magloire,30.1,3.5,7.5,0.467,0.0,0.0,0.0,3.5,7.5,0.467,0.467,2.2,4.1,0.535,2.7,6.8,9.5,0.7,0.4,1.0,2.0,3.4,9.2,0.0,0.0,1250.0,0.0,0.0,0.0,0.0,0.0,0.0,0.0,0.0,0.0,0.0,0.0,0.0,0.0,82.0,82.0,2465.0,287.0,615.0,0.467,0.0,0.0,0.0,287.0,615.0,0.467,0.467,178.0,333.0,0.535,220.0,558.0,778.0,56.0,29.0,80.0,166.0,276.0,752.0,0.0,11.1,0.494,0.0,0.541,10.4,27.4,18.8,3.6,0.6,2.6,17.9,17.2,-0.8,2.9,2.0,0.039,-3.3,-0.8,-4.1,-1.3,0.0,2006
160,Darius Songaila,21.4,3.8,7.9,0.481,0.0,0.1,0.4,3.8,7.8,0.481,0.483,1.5,1.9,0.817,1.2,2.7,4.0,1.4,0.6,0.3,1.4,2.5,9.2,0.0,0.0,1250.0,0.0,0.0,0.0,0.0,0.0,0.0,0.0,0.0,0.0,0.0,0.0,0.0,0.0,62.0,7.0,1329.0,236.0,491.0,0.481,2.0,5.0,0.4,234.0,486.0,0.481,0.483,94.0,115.0,0.817,76.0,170.0,246.0,88.0,35.0,16.0,85.0,157.0,568.0,0.0,13.6,0.524,0.01,0.234,6.6,14.6,10.6,11.5,1.4,0.9,13.6,21.3,0.7,1.8,2.5,0.09,-1.5,0.4,-1.1,0.3,0.0,2006
161,Kenny Thomas,28.0,3.7,7.4,0.505,0.0,0.0,0.0,3.7,7.4,0.506,0.505,1.7,2.5,0.676,2.4,5.1,7.5,2.0,0.9,0.5,1.6,2.4,9.1,0.0,0.0,1250.0,0.0,0.0,0.0,0.0,0.0,0.0,0.0,0.0,0.0,0.0,0.0,0.0,0.0,82.0,55.0,2293.0,305.0,604.0,0.505,0.0,1.0,0.0,305.0,603.0,0.506,0.505,138.0,204.0,0.676,199.0,419.0,618.0,168.0,72.0,39.0,135.0,196.0,748.0,1.0,15.0,0.539,0.002,0.338,10.3,21.2,15.8,12.0,1.6,1.2,16.3,16.6,2.2,3.3,5.5,0.115,-0.7,0.6,0.0,1.1,0.0,2006
162,P.J. Brown,31.7,3.6,7.8,0.461,0.0,0.0,0.0,3.6,7.8,0.461,0.461,1.9,2.2,0.827,2.4,4.9,7.3,1.2,0.6,0.7,1.2,2.9,9.0,0.0,0.0,1250.0,0.0,0.0,0.0,0.0,0.0,0.0,0.0,0.0,0.0,0.0,0.0,0.0,0.0,75.0,73.0,2380.0,269.0,583.0,0.461,0.0,0.0,0.0,269.0,583.0,0.461,0.461,139.0,168.0,0.827,182.0,365.0,547.0,90.0,46.0,50.0,90.0,216.0,677.0,0.0,12.7,0.515,0.0,0.288,8.9,18.8,13.7,6.3,1.0,1.7,12.0,14.7,2.1,2.3,4.4,0.088,-1.3,-0.2,-1.5,0.3,0.0,2006
163,Earl Watson,22.5,3.1,7.3,0.43,1.6,3.9,0.404,1.6,3.4,0.46,0.538,1.1,1.6,0.676,0.3,1.9,2.3,4.1,1.0,0.1,1.9,2.3,8.9,0.0,0.0,1250.0,0.0,0.0,0.0,0.0,0.0,0.0,0.0,0.0,0.0,0.0,0.0,0.0,0.0,70.0,10.0,1578.0,219.0,509.0,0.43,110.0,272.0,0.404,109.0,237.0,0.46,0.538,75.0,111.0,0.676,24.0,134.0,158.0,289.0,68.0,10.0,136.0,159.0,623.0,0.0,14.6,0.558,0.534,0.218,1.8,10.1,5.9,29.0,2.2,0.5,19.6,19.7,1.7,1.0,2.7,0.081,0.9,-0.7,0.2,0.9,0.0,2006
164,Stromile Swift,20.4,3.4,6.9,0.491,0.0,0.0,0.0,3.4,6.9,0.493,0.491,2.1,3.2,0.651,1.6,2.8,4.4,0.4,0.6,0.8,1.4,3.0,8.9,0.0,0.0,1250.0,0.0,0.0,0.0,0.0,0.0,0.0,0.0,0.0,0.0,0.0,0.0,0.0,0.0,66.0,5.0,1344.0,225.0,458.0,0.491,0.0,2.0,0.0,225.0,456.0,0.493,0.491,136.0,209.0,0.651,103.0,188.0,291.0,25.0,38.0,50.0,91.0,198.0,586.0,0.0,14.6,0.533,0.004,0.456,9.1,16.1,12.7,3.6,1.5,3.0,14.2,22.7,0.4,2.1,2.5,0.091,-2.8,0.1,-2.7,-0.2,0.0,2006
165,Keith Van Horn,20.6,3.1,7.3,0.424,0.9,2.6,0.368,2.2,4.7,0.454,0.488,1.8,2.1,0.832,1.0,2.6,3.6,0.7,0.6,0.2,1.3,2.3,8.9,0.0,0.0,1250.0,0.0,0.0,0.0,0.0,0.0,0.0,0.0,0.0,0.0,0.0,0.0,0.0,0.0,53.0,0.0,1090.0,164.0,387.0,0.424,50.0,136.0,0.368,114.0,251.0,0.454,0.488,94.0,113.0,0.832,54.0,138.0,192.0,37.0,31.0,11.0,71.0,121.0,472.0,0.0,13.8,0.54,0.351,0.292,6.1,15.0,10.6,5.7,1.6,0.8,14.0,21.8,1.1,1.2,2.3,0.101,-0.3,-0.9,-1.2,0.2,0.0,2006
166,Bracey Wright,19.3,3.0,7.3,0.412,0.9,2.4,0.353,2.1,4.9,0.441,0.471,2.0,2.3,0.875,0.4,2.1,2.6,0.7,0.1,0.0,1.1,1.1,8.9,0.0,0.0,1250.0,0.0,0.0,0.0,0.0,0.0,0.0,0.0,0.0,0.0,0.0,0.0,0.0,0.0,7.0,0.0,135.0,21.0,51.0,0.412,6.0,17.0,0.353,15.0,34.0,0.441,0.471,14.0,16.0,0.875,3.0,15.0,18.0,5.0,1.0,0.0,8.0,8.0,62.0,0.0,12.1,0.534,0.333,0.314,2.7,13.0,8.0,6.5,0.4,0.0,12.1,23.2,0.1,0.1,0.2,0.054,-0.5,-2.2,-2.7,0.0,0.0,2006
167,Luther Head,28.9,3.2,7.9,0.403,1.4,3.9,0.361,1.8,4.0,0.445,0.493,1.1,1.5,0.699,0.4,2.9,3.3,2.7,1.1,0.1,1.5,2.1,8.8,0.0,0.0,1250.0,0.0,0.0,0.0,0.0,0.0,0.0,0.0,0.0,0.0,0.0,0.0,0.0,0.0,80.0,27.0,2310.0,254.0,630.0,0.403,113.0,313.0,0.361,141.0,317.0,0.445,0.493,86.0,123.0,0.699,33.0,233.0,266.0,215.0,89.0,9.0,119.0,169.0,707.0,0.0,11.2,0.517,0.497,0.195,1.7,11.6,6.8,16.2,2.1,0.3,14.8,16.6,0.5,2.9,3.5,0.072,-1.3,1.1,-0.2,1.1,0.0,2006
168,Rasual Butler,23.7,3.3,8.0,0.406,1.2,3.1,0.38,2.1,4.9,0.422,0.479,1.0,1.4,0.693,0.6,2.3,2.9,0.5,0.4,0.6,0.8,1.8,8.7,0.0,0.0,1250.0,0.0,0.0,0.0,0.0,0.0,0.0,0.0,0.0,0.0,0.0,0.0,0.0,0.0,79.0,20.0,1875.0,257.0,633.0,0.406,92.0,242.0,0.38,165.0,391.0,0.422,0.479,79.0,114.0,0.693,51.0,181.0,232.0,40.0,33.0,45.0,65.0,142.0,685.0,0.0,10.8,0.501,0.382,0.18,3.2,11.8,7.4,3.7,0.9,2.0,8.7,18.6,0.4,1.3,1.7,0.045,-0.9,-1.1,-2.0,0.0,0.0,2006
169,Chris Duhon,29.1,2.9,7.3,0.4,1.4,3.8,0.36,1.6,3.5,0.442,0.493,1.6,1.9,0.818,0.4,2.6,3.0,5.0,0.9,0.0,1.6,2.1,8.7,0.0,0.0,1250.0,0.0,0.0,0.0,0.0,0.0,0.0,0.0,0.0,0.0,0.0,0.0,0.0,0.0,74.0,38.0,2155.0,215.0,538.0,0.4,100.0,278.0,0.36,115.0,260.0,0.442,0.493,117.0,143.0,0.818,28.0,192.0,220.0,373.0,70.0,3.0,117.0,152.0,647.0,1.0,12.9,0.538,0.517,0.266,1.5,10.2,5.9,26.4,1.7,0.1,16.3,15.0,2.7,2.5,5.2,0.116,0.0,0.8,0.8,1.5,0.0,2006
170,Amar'e Stoudemire,16.7,3.0,9.0,0.333,0.0,0.3,0.0,3.0,8.7,0.346,0.333,2.7,3.0,0.889,2.0,3.3,5.3,0.7,0.3,1.0,0.3,1.3,8.7,0.0,0.0,1250.0,0.0,0.0,0.0,0.0,0.0,0.0,0.0,0.0,0.0,0.0,0.0,0.0,0.0,3.0,3.0,50.0,9.0,27.0,0.333,0.0,1.0,0.0,9.0,26.0,0.346,0.333,8.0,9.0,0.889,6.0,10.0,16.0,2.0,1.0,3.0,1.0,4.0,26.0,0.0,17.8,0.42,0.037,0.333,13.6,21.7,17.8,5.9,1.0,4.2,3.1,28.7,0.0,0.1,0.1,0.085,-2.0,-2.4,-4.4,0.0,0.0,2006
171,Keith Bogans,26.6,3.0,7.6,0.395,0.9,2.8,0.325,2.1,4.8,0.436,0.455,1.8,2.6,0.683,0.8,2.8,3.5,1.8,1.0,0.1,1.3,2.3,8.6,0.0,0.0,1250.0,0.0,0.0,0.0,0.0,0.0,0.0,0.0,0.0,0.0,0.0,0.0,0.0,0.0,72.0,31.0,1912.0,215.0,544.0,0.395,65.0,200.0,0.325,150.0,344.0,0.436,0.455,127.0,186.0,0.683,55.0,200.0,255.0,128.0,71.0,9.0,90.0,167.0,622.0,0.0,10.7,0.497,0.368,0.342,3.3,12.4,7.8,11.2,2.0,0.4,12.6,17.2,0.3,2.0,2.3,0.058,-1.8,0.5,-1.4,0.3,0.0,2006
172,Joe Smith,20.2,3.3,6.9,0.475,0.0,0.0,0.0,3.3,6.9,0.479,0.475,2.0,2.6,0.774,1.9,3.3,5.2,0.7,0.5,0.3,0.9,2.7,8.6,0.0,0.0,1250.0,0.0,0.0,0.0,0.0,0.0,0.0,0.0,0.0,0.0,0.0,0.0,0.0,0.0,44.0,5.0,887.0,145.0,305.0,0.475,0.0,2.0,0.0,145.0,303.0,0.479,0.475,89.0,115.0,0.774,83.0,147.0,230.0,31.0,24.0,13.0,40.0,120.0,379.0,0.0,16.1,0.533,0.007,0.377,10.9,20.1,15.4,6.0,1.4,1.2,10.1,20.4,1.4,0.9,2.3,0.123,-1.0,-1.0,-2.0,0.0,0.0,2006
173,Kurt Thomas,26.6,3.6,7.4,0.486,0.0,0.0,0.0,3.6,7.4,0.486,0.486,1.4,1.7,0.815,1.9,5.9,7.8,1.1,0.4,1.0,1.1,3.6,8.6,0.0,0.0,1250.0,0.0,0.0,0.0,0.0,0.0,0.0,0.0,0.0,0.0,0.0,0.0,0.0,0.0,53.0,50.0,1411.0,190.0,391.0,0.486,0.0,0.0,0.0,190.0,391.0,0.486,0.486,75.0,92.0,0.815,102.0,313.0,415.0,57.0,23.0,54.0,57.0,193.0,455.0,0.0,13.1,0.527,0.0,0.235,8.2,24.1,16.3,5.6,0.8,2.7,11.7,15.5,1.3,2.0,3.3,0.112,-2.6,0.8,-1.8,0.1,0.0,2006
174,Marvin Williams,24.7,3.0,6.7,0.443,0.2,0.7,0.245,2.8,6.1,0.464,0.455,2.4,3.2,0.747,1.5,3.3,4.8,0.8,0.6,0.3,1.1,2.9,8.5,0.0,0.0,1250.0,0.0,0.0,0.0,0.0,0.0,0.0,0.0,0.0,0.0,0.0,0.0,0.0,0.0,79.0,7.0,1952.0,235.0,531.0,0.443,13.0,53.0,0.245,222.0,478.0,0.464,0.455,189.0,253.0,0.747,122.0,261.0,383.0,63.0,48.0,24.0,83.0,227.0,672.0,0.0,12.2,0.523,0.1,0.476,7.3,16.5,11.8,5.2,1.3,0.9,11.4,16.9,2.1,0.7,2.8,0.069,-1.8,-1.7,-3.5,-0.7,0.0,2006
175,Charlie Bell,21.7,3.1,6.9,0.439,1.2,2.8,0.423,1.8,4.1,0.45,0.526,1.1,1.5,0.708,0.4,1.7,2.0,2.2,1.0,0.1,0.7,2.1,8.4,0.0,0.0,1250.0,0.0,0.0,0.0,0.0,0.0,0.0,0.0,0.0,0.0,0.0,0.0,0.0,0.0,59.0,6.0,1283.0,180.0,410.0,0.439,71.0,168.0,0.423,109.0,242.0,0.45,0.526,63.0,89.0,0.708,21.0,99.0,120.0,130.0,59.0,5.0,41.0,126.0,494.0,1.0,14.7,0.55,0.41,0.217,1.9,9.3,5.6,16.6,2.4,0.3,8.4,17.5,2.2,1.1,3.3,0.123,0.1,0.8,1.0,0.9,0.0,2006
176,Steve Blake,26.2,3.0,6.9,0.438,1.1,2.7,0.413,1.9,4.2,0.455,0.519,1.1,1.3,0.791,0.4,1.8,2.1,4.5,0.6,0.1,1.2,1.6,8.2,0.0,0.0,1250.0,0.0,0.0,0.0,0.0,0.0,0.0,0.0,0.0,0.0,0.0,0.0,0.0,0.0,68.0,57.0,1781.0,206.0,470.0,0.438,76.0,184.0,0.413,130.0,286.0,0.455,0.519,72.0,91.0,0.791,26.0,120.0,146.0,306.0,42.0,5.0,83.0,107.0,560.0,0.0,14.5,0.549,0.391,0.194,1.7,8.2,4.9,29.0,1.3,0.2,14.0,15.8,3.0,-0.2,2.8,0.076,1.0,-2.0,-1.0,0.4,0.0,2006
177,Austin Croshere,23.0,2.6,5.7,0.463,1.1,2.8,0.386,1.6,2.9,0.538,0.558,1.8,2.0,0.882,1.2,4.1,5.3,1.2,0.4,0.1,1.0,2.1,8.2,0.0,0.0,1250.0,0.0,0.0,0.0,0.0,0.0,0.0,0.0,0.0,0.0,0.0,0.0,0.0,0.0,50.0,26.0,1148.0,132.0,285.0,0.463,54.0,140.0,0.386,78.0,145.0,0.538,0.558,90.0,102.0,0.882,62.0,203.0,265.0,62.0,22.0,7.0,48.0,105.0,408.0,0.0,15.2,0.618,0.491,0.358,6.4,19.8,13.3,9.1,1.0,0.4,12.7,15.3,2.5,1.7,4.1,0.173,1.5,0.6,2.1,1.2,0.0,2006
178,Sean May,17.3,3.0,7.4,0.409,0.0,0.2,0.0,3.0,7.2,0.422,0.409,2.1,2.8,0.766,1.8,2.9,4.7,1.0,0.7,0.5,1.4,2.5,8.2,0.0,0.0,1250.0,0.0,0.0,0.0,0.0,0.0,0.0,0.0,0.0,0.0,0.0,0.0,0.0,0.0,23.0,1.0,398.0,70.0,171.0,0.409,0.0,5.0,0.0,70.0,166.0,0.422,0.409,49.0,64.0,0.766,42.0,67.0,109.0,22.0,17.0,12.0,33.0,58.0,189.0,0.0,15.3,0.474,0.029,0.374,11.5,20.9,15.9,9.7,2.2,2.3,14.2,25.9,-0.1,0.5,0.4,0.047,-2.0,-0.6,-2.6,0.0,0.0,2006
179,Quentin Richardson,26.2,3.0,8.3,0.355,1.2,3.4,0.34,1.8,4.9,0.365,0.425,1.1,1.7,0.67,1.2,3.0,4.2,1.6,0.7,0.1,1.0,2.4,8.2,0.0,0.0,1250.0,0.0,0.0,0.0,0.0,0.0,0.0,0.0,0.0,0.0,0.0,0.0,0.0,0.0,55.0,43.0,1442.0,163.0,459.0,0.355,64.0,188.0,0.34,99.0,271.0,0.365,0.425,61.0,91.0,0.67,65.0,165.0,230.0,88.0,39.0,6.0,56.0,134.0,451.0,0.0,9.6,0.452,0.41,0.198,5.4,14.1,9.7,10.3,1.4,0.3,10.1,17.4,0.2,0.5,0.7,0.023,-0.8,-1.1,-1.9,0.0,0.0,2006
180,Chris Wilcox,19.9,3.3,5.8,0.571,0.0,0.0,0.0,3.3,5.8,0.574,0.571,1.5,2.0,0.732,1.5,3.8,5.3,0.7,0.4,0.4,0.9,2.4,8.1,0.0,0.0,1250.0,0.0,0.0,0.0,0.0,0.0,0.0,0.0,0.0,0.0,0.0,0.0,0.0,0.0,77.0,24.0,1529.0,257.0,450.0,0.571,0.0,2.0,0.0,257.0,448.0,0.574,0.571,112.0,153.0,0.732,118.0,292.0,410.0,52.0,33.0,34.0,72.0,183.0,626.0,0.0,17.3,0.605,0.004,0.34,9.3,22.5,15.9,5.7,1.1,1.7,12.2,17.5,3.2,1.2,4.4,0.138,0.4,-0.5,-0.1,0.7,0.0,2006
181,Derek Anderson,24.3,2.5,7.0,0.356,0.9,3.1,0.299,1.6,3.9,0.402,0.422,2.2,2.6,0.838,0.5,2.8,3.3,2.3,0.5,0.1,1.3,2.3,8.1,0.0,0.0,1250.0,0.0,0.0,0.0,0.0,0.0,0.0,0.0,0.0,0.0,0.0,0.0,0.0,0.0,43.0,11.0,1047.0,108.0,303.0,0.356,40.0,134.0,0.299,68.0,169.0,0.402,0.422,93.0,111.0,0.838,21.0,122.0,143.0,101.0,23.0,6.0,54.0,98.0,349.0,0.0,10.8,0.496,0.442,0.366,2.4,13.3,8.0,15.7,1.2,0.5,13.3,18.2,0.5,1.1,1.6,0.074,-1.3,0.1,-1.2,0.2,0.0,2006
182,Mike Sweetney,18.5,3.0,6.7,0.45,0.0,0.0,0.0,3.0,6.7,0.45,0.45,2.0,3.1,0.652,1.8,3.5,5.3,0.9,0.3,0.8,1.4,3.2,8.1,0.0,0.0,1250.0,0.0,0.0,0.0,0.0,0.0,0.0,0.0,0.0,0.0,0.0,0.0,0.0,0.0,66.0,44.0,1222.0,200.0,444.0,0.45,0.0,0.0,0.0,200.0,444.0,0.45,0.45,133.0,204.0,0.652,118.0,232.0,350.0,59.0,19.0,56.0,95.0,209.0,533.0,0.0,13.9,0.499,0.0,0.459,11.2,21.7,16.5,8.2,0.8,3.6,15.1,23.2,0.1,2.1,2.1,0.084,-3.3,0.5,-2.8,-0.3,0.0,2006
183,Kirk Snyder,19.3,3.0,6.7,0.453,0.7,1.9,0.357,2.3,4.8,0.491,0.503,1.3,1.7,0.735,0.8,1.6,2.4,1.5,0.4,0.3,1.0,1.6,8.0,0.0,0.0,1250.0,0.0,0.0,0.0,0.0,0.0,0.0,0.0,0.0,0.0,0.0,0.0,0.0,0.0,68.0,45.0,1310.0,205.0,453.0,0.453,46.0,129.0,0.357,159.0,324.0,0.491,0.503,86.0,117.0,0.735,55.0,106.0,161.0,102.0,29.0,23.0,70.0,106.0,542.0,0.0,14.6,0.537,0.285,0.258,4.9,9.9,7.3,13.9,1.2,1.4,12.2,20.5,1.4,0.9,2.2,0.082,1.1,-0.5,0.6,0.9,0.0,2006
184,Tony Battie,27.0,3.4,6.7,0.507,0.0,0.1,0.0,3.4,6.7,0.513,0.507,1.1,1.6,0.664,1.8,3.8,5.6,0.6,0.6,0.8,1.1,3.0,7.9,0.0,0.0,1250.0,0.0,0.0,0.0,0.0,0.0,0.0,0.0,0.0,0.0,0.0,0.0,0.0,0.0,82.0,82.0,2215.0,280.0,552.0,0.507,0.0,6.0,0.0,280.0,546.0,0.513,0.507,89.0,134.0,0.664,145.0,312.0,457.0,49.0,46.0,69.0,88.0,250.0,649.0,0.0,12.2,0.531,0.011,0.243,8.3,16.9,12.7,3.7,1.1,2.5,12.6,14.9,1.7,2.2,3.8,0.083,-1.7,0.0,-1.8,0.1,0.0,2006
185,Brian Cook,19.0,3.2,6.3,0.511,0.4,1.0,0.429,2.8,5.3,0.527,0.546,1.0,1.2,0.832,1.1,2.3,3.4,0.9,0.5,0.4,0.8,2.5,7.9,0.0,0.0,1250.0,0.0,0.0,0.0,0.0,0.0,0.0,0.0,0.0,0.0,0.0,0.0,0.0,0.0,81.0,46.0,1535.0,261.0,511.0,0.511,36.0,84.0,0.429,225.0,427.0,0.527,0.546,84.0,101.0,0.832,88.0,186.0,274.0,74.0,37.0,32.0,61.0,205.0,642.0,0.0,15.6,0.578,0.164,0.198,6.8,14.2,10.5,8.3,1.3,1.6,9.9,18.3,3.0,1.5,4.5,0.142,0.2,-0.3,-0.1,0.7,0.0,2006
186,Al Jefferson,18.0,3.2,6.4,0.499,0.0,0.1,0.0,3.2,6.4,0.504,0.499,1.5,2.3,0.642,1.6,3.4,5.1,0.5,0.5,0.8,1.1,2.8,7.9,0.0,0.0,1250.0,0.0,0.0,0.0,0.0,0.0,0.0,0.0,0.0,0.0,0.0,0.0,0.0,0.0,59.0,7.0,1062.0,189.0,379.0,0.499,0.0,4.0,0.0,189.0,375.0,0.504,0.499,86.0,134.0,0.642,97.0,202.0,299.0,30.0,30.0,46.0,62.0,166.0,464.0,0.0,16.2,0.53,0.011,0.354,11.4,22.6,17.2,5.0,1.5,3.3,12.4,21.6,0.9,1.5,2.3,0.105,-1.7,-0.4,-2.1,0.0,0.0,2006
187,Rashad McCants,17.2,3.1,6.8,0.45,0.8,2.3,0.372,2.2,4.5,0.49,0.513,1.0,1.3,0.736,0.4,1.4,1.8,0.8,0.6,0.3,1.1,2.2,7.9,0.0,0.0,1250.0,0.0,0.0,0.0,0.0,0.0,0.0,0.0,0.0,0.0,0.0,0.0,0.0,0.0,79.0,12.0,1362.0,241.0,535.0,0.45,67.0,180.0,0.372,174.0,355.0,0.49,0.513,78.0,106.0,0.736,29.0,114.0,143.0,63.0,44.0,22.0,86.0,176.0,627.0,0.0,12.6,0.539,0.336,0.198,2.6,9.8,6.3,8.4,1.7,1.2,12.9,23.3,0.2,1.4,1.6,0.058,-1.3,-0.3,-1.7,0.1,0.0,2006
188,Marko Jarić,28.0,3.0,7.5,0.399,0.5,1.8,0.301,2.5,5.8,0.43,0.435,1.3,1.8,0.688,0.8,2.3,3.1,3.9,1.4,0.3,1.7,2.5,7.8,0.0,0.0,1250.0,0.0,0.0,0.0,0.0,0.0,0.0,0.0,0.0,0.0,0.0,0.0,0.0,0.0,75.0,49.0,2102.0,226.0,566.0,0.399,40.0,133.0,0.301,186.0,433.0,0.43,0.435,95.0,138.0,0.688,60.0,173.0,233.0,293.0,108.0,21.0,127.0,189.0,587.0,0.0,11.7,0.468,0.235,0.244,3.5,9.6,6.7,22.5,2.8,0.8,16.8,17.0,-0.3,2.6,2.3,0.053,-2.1,1.4,-0.7,0.7,0.0,2006
189,Raef LaFrentz,24.8,2.9,6.7,0.431,1.4,3.5,0.392,1.5,3.2,0.474,0.533,0.6,0.9,0.68,1.0,4.0,5.0,1.4,0.4,0.9,0.8,3.3,7.8,0.0,0.0,1250.0,0.0,0.0,0.0,0.0,0.0,0.0,0.0,0.0,0.0,0.0,0.0,0.0,0.0,82.0,63.0,2033.0,238.0,552.0,0.431,112.0,286.0,0.392,126.0,266.0,0.474,0.533,51.0,75.0,0.68,80.0,326.0,406.0,115.0,29.0,72.0,65.0,273.0,639.0,0.0,12.0,0.546,0.518,0.136,4.9,19.1,12.2,9.0,0.7,2.7,10.0,14.7,2.2,2.0,4.3,0.101,-0.4,0.2,-0.1,1.0,0.0,2006
190,Antonio McDyess,21.1,3.5,6.8,0.509,0.0,0.0,0.0,3.5,6.8,0.511,0.509,0.8,1.5,0.557,1.9,3.4,5.3,1.1,0.6,0.6,0.9,2.7,7.8,0.0,0.0,1250.0,0.0,0.0,0.0,0.0,0.0,0.0,0.0,0.0,0.0,0.0,0.0,0.0,0.0,82.0,0.0,1733.0,285.0,560.0,0.509,0.0,2.0,0.0,285.0,558.0,0.511,0.509,68.0,122.0,0.557,156.0,280.0,436.0,90.0,46.0,48.0,76.0,220.0,638.0,0.0,15.5,0.52,0.004,0.218,10.6,19.4,15.0,8.8,1.5,2.0,11.0,18.9,1.9,2.8,4.6,0.128,-1.7,0.5,-1.2,0.3,0.0,2006
191,Alonzo Mourning,20.0,2.9,4.8,0.597,0.0,0.0,0.0,2.9,4.8,0.599,0.597,2.0,3.4,0.594,1.9,3.6,5.5,0.2,0.2,2.7,1.2,2.7,7.8,0.0,0.0,1250.0,0.0,0.0,0.0,0.0,0.0,0.0,0.0,0.0,0.0,0.0,0.0,0.0,0.0,65.0,20.0,1302.0,188.0,315.0,0.597,0.0,1.0,0.0,188.0,314.0,0.599,0.597,133.0,224.0,0.594,125.0,234.0,359.0,11.0,13.0,173.0,79.0,177.0,509.0,0.0,19.4,0.615,0.003,0.711,11.8,20.3,16.2,1.4,0.5,10.2,16.0,17.5,2.1,2.6,4.8,0.176,-0.7,2.5,1.8,1.2,0.0,2006
192,Gary Payton,28.5,2.8,6.8,0.42,0.8,2.8,0.287,2.0,3.9,0.517,0.481,1.2,1.6,0.794,0.4,2.5,2.9,3.2,0.9,0.1,1.3,2.1,7.7,0.0,0.0,1250.0,0.0,0.0,0.0,0.0,0.0,0.0,0.0,0.0,0.0,0.0,0.0,0.0,0.0,81.0,25.0,2305.0,230.0,547.0,0.42,66.0,230.0,0.287,164.0,317.0,0.517,0.481,100.0,126.0,0.794,34.0,199.0,233.0,257.0,71.0,10.0,102.0,169.0,626.0,0.0,10.7,0.52,0.42,0.23,1.8,9.7,5.9,16.7,1.6,0.3,14.5,14.1,1.8,2.3,4.1,0.085,-1.4,0.5,-0.9,0.6,0.0,2006
193,J.R. Smith,18.0,2.6,6.7,0.393,0.9,2.5,0.371,1.7,4.1,0.407,0.464,1.5,1.8,0.822,0.3,1.7,2.0,1.1,0.7,0.1,1.0,1.6,7.7,0.0,0.0,1250.0,0.0,0.0,0.0,0.0,0.0,0.0,0.0,0.0,0.0,0.0,0.0,0.0,0.0,55.0,25.0,989.0,144.0,366.0,0.393,52.0,140.0,0.371,92.0,226.0,0.407,0.464,83.0,101.0,0.822,19.0,91.0,110.0,58.0,37.0,4.0,54.0,90.0,423.0,0.0,12.7,0.515,0.383,0.276,2.2,11.3,6.6,10.3,2.0,0.3,11.6,21.9,0.4,0.8,1.2,0.06,-0.8,-0.2,-1.0,0.3,0.0,2006
194,Tony Delk,16.0,3.0,6.7,0.441,0.8,2.0,0.426,2.1,4.8,0.447,0.503,0.8,1.1,0.741,0.6,1.6,2.2,1.4,0.5,0.0,0.8,1.2,7.6,0.0,0.0,1250.0,0.0,0.0,0.0,0.0,0.0,0.0,0.0,0.0,0.0,0.0,0.0,0.0,0.0,24.0,0.0,385.0,71.0,161.0,0.441,20.0,47.0,0.426,51.0,114.0,0.447,0.503,20.0,27.0,0.741,14.0,39.0,53.0,33.0,13.0,1.0,19.0,28.0,182.0,0.0,16.1,0.526,0.292,0.168,4.3,12.2,8.2,15.2,1.9,0.2,9.9,23.7,0.4,0.5,0.9,0.112,0.4,-0.5,-0.1,0.2,0.0,2006
195,Matt Carroll,16.3,2.5,6.1,0.403,0.9,2.4,0.389,1.5,3.7,0.412,0.479,1.8,2.2,0.821,0.4,1.6,2.0,0.4,0.6,0.1,0.6,1.5,7.6,0.0,0.0,1250.0,0.0,0.0,0.0,0.0,0.0,0.0,0.0,0.0,0.0,0.0,0.0,0.0,0.0,78.0,6.0,1275.0,192.0,476.0,0.403,72.0,185.0,0.389,120.0,291.0,0.412,0.479,138.0,168.0,0.821,34.0,123.0,157.0,35.0,47.0,11.0,48.0,120.0,594.0,0.0,13.9,0.54,0.389,0.353,2.9,12.0,7.1,4.6,1.9,0.7,8.0,20.8,1.6,1.0,2.6,0.097,0.0,-0.6,-0.6,0.5,0.0,2006
196,Ryan Gomes,22.6,2.8,5.8,0.487,0.0,0.1,0.333,2.8,5.7,0.491,0.492,1.8,2.4,0.752,1.7,3.2,4.9,1.0,0.6,0.1,0.9,1.4,7.6,0.0,0.0,1250.0,0.0,0.0,0.0,0.0,0.0,0.0,0.0,0.0,0.0,0.0,0.0,0.0,0.0,61.0,33.0,1376.0,173.0,355.0,0.487,3.0,9.0,0.333,170.0,346.0,0.491,0.492,112.0,149.0,0.752,102.0,196.0,298.0,58.0,35.0,5.0,55.0,83.0,461.0,0.0,14.0,0.548,0.025,0.42,9.3,16.9,13.2,6.8,1.3,0.3,11.6,15.9,1.9,1.2,3.1,0.108,0.0,-1.2,-1.2,0.3,0.0,2006
197,Matt Bonner,21.9,2.7,6.0,0.448,1.3,3.1,0.42,1.4,2.9,0.478,0.557,0.8,1.0,0.829,1.1,2.5,3.6,0.7,0.6,0.4,0.4,2.8,7.5,0.0,0.0,1250.0,0.0,0.0,0.0,0.0,0.0,0.0,0.0,0.0,0.0,0.0,0.0,0.0,0.0,78.0,6.0,1710.0,209.0,467.0,0.448,102.0,243.0,0.42,107.0,224.0,0.478,0.557,63.0,76.0,0.829,86.0,198.0,284.0,56.0,49.0,31.0,32.0,216.0,583.0,0.0,13.7,0.582,0.52,0.163,5.9,14.8,10.2,5.2,1.5,1.4,6.0,14.4,3.5,0.5,4.1,0.114,1.3,-0.6,0.7,1.2,0.0,2006
198,Bruce Bowen,33.6,2.8,6.5,0.433,1.3,3.0,0.424,1.6,3.5,0.44,0.53,0.6,1.0,0.607,0.4,3.5,3.9,1.5,1.0,0.4,0.8,2.3,7.5,0.0,0.0,1250.0,0.0,0.0,0.0,0.0,0.0,0.0,0.0,0.0,0.0,0.0,0.0,0.0,0.0,82.0,82.0,2755.0,232.0,536.0,0.433,104.0,245.0,0.424,128.0,291.0,0.44,0.53,51.0,84.0,0.607,35.0,285.0,320.0,126.0,79.0,30.0,67.0,191.0,619.0,0.0,9.1,0.54,0.457,0.157,1.5,11.9,6.9,6.8,1.6,0.8,10.5,11.1,1.7,4.5,6.2,0.108,-1.8,2.0,0.3,1.6,0.0,2006
199,Devin Brown,21.1,2.6,6.5,0.393,0.5,1.5,0.331,2.1,5.0,0.411,0.43,2.0,2.6,0.745,0.9,1.7,2.6,1.3,0.5,0.2,1.2,1.9,7.5,0.0,0.0,1250.0,0.0,0.0,0.0,0.0,0.0,0.0,0.0,0.0,0.0,0.0,0.0,0.0,0.0,81.0,14.0,1711.0,207.0,527.0,0.393,39.0,118.0,0.331,168.0,409.0,0.411,0.43,158.0,212.0,0.745,73.0,134.0,207.0,104.0,44.0,14.0,99.0,153.0,611.0,0.0,10.3,0.493,0.224,0.402,5.1,9.6,7.3,10.7,1.4,0.7,13.8,19.5,0.4,1.1,1.4,0.041,-2.1,-1.3,-3.3,-0.6,0.0,2006
200,Nick Collison,21.9,3.1,6.0,0.525,0.0,0.0,0.0,3.1,5.9,0.529,0.525,1.2,1.7,0.699,2.2,3.4,5.6,1.1,0.3,0.5,1.2,3.2,7.5,0.0,0.0,1250.0,0.0,0.0,0.0,0.0,0.0,0.0,0.0,0.0,0.0,0.0,0.0,0.0,0.0,66.0,27.0,1448.0,207.0,394.0,0.525,0.0,3.0,0.0,207.0,391.0,0.529,0.525,79.0,113.0,0.699,143.0,225.0,368.0,74.0,21.0,35.0,77.0,213.0,493.0,0.0,14.0,0.556,0.008,0.287,11.8,19.0,15.4,8.1,0.8,1.9,14.8,16.1,2.2,0.1,2.3,0.075,-1.1,-2.1,-3.2,-0.4,0.0,2006
201,Danny Granger,22.6,2.8,6.1,0.462,0.4,1.2,0.323,2.4,4.9,0.496,0.494,1.5,1.9,0.777,1.7,3.2,4.9,1.2,0.7,0.8,1.0,2.7,7.5,0.0,0.0,1250.0,0.0,0.0,0.0,0.0,0.0,0.0,0.0,0.0,0.0,0.0,0.0,0.0,0.0,78.0,17.0,1765.0,221.0,478.0,0.462,30.0,93.0,0.323,191.0,385.0,0.496,0.494,115.0,148.0,0.777,131.0,253.0,384.0,90.0,58.0,62.0,80.0,211.0,587.0,0.0,14.7,0.54,0.195,0.31,8.8,16.0,12.5,8.8,1.8,2.6,12.8,16.4,2.1,3.0,5.1,0.139,-0.7,1.8,1.1,1.4,0.0,2006
202,John Salmons,25.1,2.7,6.4,0.42,0.3,1.1,0.299,2.4,5.3,0.445,0.445,1.9,2.4,0.775,0.6,2.1,2.7,2.7,0.9,0.2,1.5,2.2,7.5,0.0,0.0,1250.0,0.0,0.0,0.0,0.0,0.0,0.0,0.0,0.0,0.0,0.0,0.0,0.0,0.0,82.0,24.0,2059.0,219.0,521.0,0.42,26.0,87.0,0.299,193.0,434.0,0.445,0.445,155.0,200.0,0.775,48.0,172.0,220.0,223.0,73.0,13.0,125.0,178.0,619.0,0.0,10.7,0.508,0.167,0.384,2.7,9.8,6.3,16.7,1.8,0.5,17.0,16.3,0.5,1.2,1.7,0.04,-2.3,-0.3,-2.7,-0.3,0.0,2006
203,Kwame Brown,27.5,2.8,5.4,0.526,0.0,0.0,0.0,2.8,5.4,0.527,0.526,1.8,3.3,0.545,2.5,4.0,6.6,1.0,0.4,0.6,1.4,2.7,7.4,0.0,0.0,1250.0,0.0,0.0,0.0,0.0,0.0,0.0,0.0,0.0,0.0,0.0,0.0,0.0,0.0,72.0,49.0,1978.0,204.0,388.0,0.526,0.0,1.0,0.0,204.0,387.0,0.527,0.526,128.0,235.0,0.545,182.0,291.0,473.0,72.0,27.0,46.0,100.0,196.0,536.0,0.0,11.7,0.545,0.003,0.606,10.8,17.3,14.1,5.6,0.7,1.8,16.9,13.6,1.7,1.9,3.6,0.088,-1.7,-0.8,-2.5,-0.3,0.0,2006
204,Voshon Lenard,17.6,2.9,7.3,0.393,1.0,3.0,0.321,1.9,4.3,0.442,0.458,0.6,1.2,0.516,0.2,1.6,1.8,1.6,0.8,0.2,1.2,1.5,7.3,0.0,0.0,1250.0,0.0,0.0,0.0,0.0,0.0,0.0,0.0,0.0,0.0,0.0,0.0,0.0,0.0,26.0,6.0,458.0,75.0,191.0,0.393,25.0,78.0,0.321,50.0,113.0,0.442,0.458,16.0,31.0,0.516,5.0,42.0,47.0,41.0,21.0,4.0,31.0,39.0,191.0,0.0,10.9,0.467,0.408,0.162,1.3,10.8,6.1,15.6,2.4,0.7,13.2,23.7,-0.5,0.3,-0.1,-0.013,-1.9,-0.3,-2.2,0.0,0.0,2006
205,Samuel Dalembert,26.7,3.0,5.6,0.531,0.0,0.0,0.0,3.0,5.6,0.533,0.531,1.4,2.0,0.705,2.4,5.8,8.2,0.4,0.5,2.4,1.6,3.7,7.3,0.0,0.0,1250.0,0.0,0.0,0.0,0.0,0.0,0.0,0.0,0.0,0.0,0.0,0.0,0.0,0.0,66.0,52.0,1761.0,196.0,369.0,0.531,0.0,1.0,0.0,196.0,368.0,0.533,0.531,93.0,132.0,0.705,159.0,382.0,541.0,25.0,34.0,160.0,107.0,244.0,485.0,0.0,14.2,0.568,0.003,0.358,10.6,25.4,18.0,2.2,1.0,6.9,20.0,13.8,0.9,2.6,3.6,0.097,-2.9,1.2,-1.8,0.1,0.0,2006
206,Brendan Haywood,23.8,2.8,5.5,0.514,0.0,0.0,0.0,2.8,5.5,0.514,0.514,1.7,2.8,0.585,2.5,3.4,5.9,0.6,0.4,1.3,1.2,2.9,7.3,0.0,0.0,1250.0,0.0,0.0,0.0,0.0,0.0,0.0,0.0,0.0,0.0,0.0,0.0,0.0,0.0,79.0,70.0,1879.0,222.0,432.0,0.514,0.0,0.0,0.0,222.0,432.0,0.514,0.514,131.0,224.0,0.585,200.0,267.0,467.0,46.0,30.0,104.0,97.0,232.0,575.0,0.0,13.8,0.542,0.0,0.519,12.0,17.0,14.5,3.9,0.8,4.3,15.5,14.9,2.0,1.9,3.9,0.099,-1.5,-0.2,-1.7,0.2,0.0,2006
207,Šarūnas Jasikevičius,20.8,2.3,5.7,0.396,1.1,3.1,0.364,1.1,2.6,0.435,0.497,1.6,1.8,0.91,0.3,1.8,2.0,3.0,0.5,0.1,1.5,1.4,7.3,0.0,0.0,1250.0,0.0,0.0,0.0,0.0,0.0,0.0,0.0,0.0,0.0,0.0,0.0,0.0,0.0,75.0,15.0,1557.0,170.0,429.0,0.396,86.0,236.0,0.364,84.0,193.0,0.435,0.497,121.0,133.0,0.91,19.0,134.0,153.0,227.0,40.0,4.0,116.0,108.0,547.0,0.0,12.9,0.561,0.55,0.31,1.5,9.6,5.7,24.4,1.4,0.2,19.2,18.0,1.6,1.7,3.3,0.103,0.1,0.0,0.1,0.9,0.0,2006
208,Ben Wallace,35.2,2.9,5.7,0.51,0.0,0.0,0.0,2.9,5.6,0.514,0.51,1.5,3.6,0.416,3.7,7.6,11.3,1.9,1.8,2.2,1.1,2.0,7.3,0.0,0.0,1250.0,0.0,0.0,0.0,0.0,0.0,0.0,0.0,0.0,0.0,0.0,0.0,0.0,0.0,82.0,82.0,2890.0,237.0,465.0,0.51,0.0,4.0,0.0,237.0,461.0,0.514,0.51,123.0,296.0,0.416,301.0,622.0,923.0,158.0,146.0,181.0,88.0,164.0,597.0,0.0,17.5,0.501,0.009,0.637,12.2,25.9,19.0,8.2,2.8,4.6,12.9,11.2,3.3,6.9,10.1,0.168,0.4,3.1,3.5,4.0,0.0,2006
209,Tony Allen,19.2,2.5,5.4,0.471,0.2,0.7,0.324,2.3,4.7,0.492,0.491,2.0,2.6,0.746,0.6,1.5,2.2,1.3,1.0,0.4,1.3,2.5,7.2,0.0,0.0,1250.0,0.0,0.0,0.0,0.0,0.0,0.0,0.0,0.0,0.0,0.0,0.0,0.0,0.0,51.0,9.0,978.0,129.0,274.0,0.471,11.0,34.0,0.324,118.0,240.0,0.492,0.491,100.0,134.0,0.746,32.0,79.0,111.0,67.0,51.0,18.0,67.0,126.0,369.0,0.0,12.9,0.554,0.124,0.489,4.1,9.6,6.9,11.2,2.7,1.4,16.8,18.8,0.6,1.0,1.7,0.082,-2.3,0.9,-1.4,0.1,0.0,2006
210,James Posey,28.6,2.4,5.9,0.403,1.7,4.3,0.403,0.6,1.6,0.4,0.551,0.7,0.9,0.787,0.5,4.3,4.8,1.3,0.8,0.3,0.9,2.9,7.2,0.0,0.0,1250.0,0.0,0.0,0.0,0.0,0.0,0.0,0.0,0.0,0.0,0.0,0.0,0.0,0.0,67.0,63.0,1914.0,159.0,395.0,0.403,117.0,290.0,0.403,42.0,105.0,0.4,0.551,48.0,61.0,0.787,33.0,286.0,319.0,89.0,54.0,20.0,58.0,196.0,483.0,0.0,9.8,0.572,0.734,0.154,2.1,16.9,9.8,6.8,1.5,0.8,12.1,11.6,1.8,2.4,4.2,0.104,-0.8,1.0,0.1,1.0,0.0,2006
211,Ike Diogu,14.9,2.5,4.8,0.524,0.0,0.0,0.0,2.5,4.8,0.524,0.524,2.0,2.4,0.81,1.4,1.9,3.3,0.4,0.2,0.4,1.1,2.4,7.0,0.0,0.0,1250.0,0.0,0.0,0.0,0.0,0.0,0.0,0.0,0.0,0.0,0.0,0.0,0.0,0.0,69.0,14.0,1031.0,175.0,334.0,0.524,0.0,0.0,0.0,175.0,334.0,0.524,0.524,136.0,168.0,0.81,95.0,134.0,229.0,29.0,15.0,30.0,78.0,164.0,486.0,0.0,15.8,0.596,0.0,0.503,10.0,14.9,12.4,4.9,0.7,2.2,16.1,21.0,1.7,1.0,2.6,0.123,-1.6,-0.6,-2.2,0.0,0.0,2006
212,Willie Green,15.3,2.8,6.6,0.424,1.0,1.9,0.526,1.8,4.7,0.383,0.5,0.4,0.5,0.8,0.1,1.4,1.5,0.5,0.2,0.0,1.2,1.3,7.0,0.0,0.0,1250.0,0.0,0.0,0.0,0.0,0.0,0.0,0.0,0.0,0.0,0.0,0.0,0.0,0.0,10.0,2.0,153.0,28.0,66.0,0.424,10.0,19.0,0.526,18.0,47.0,0.383,0.5,4.0,5.0,0.8,1.0,14.0,15.0,5.0,2.0,0.0,12.0,13.0,70.0,0.0,8.6,0.513,0.288,0.076,0.8,10.7,5.7,5.7,0.7,0.0,15.0,23.9,-0.2,0.0,-0.1,-0.038,-2.7,-3.4,-6.1,-0.2,0.0,2006
213,Clifford Robinson,23.3,2.7,6.4,0.427,0.8,2.2,0.343,2.0,4.2,0.47,0.485,0.7,1.0,0.658,0.7,2.7,3.3,1.1,0.6,0.5,0.8,2.6,6.9,0.0,0.0,1250.0,0.0,0.0,0.0,0.0,0.0,0.0,0.0,0.0,0.0,0.0,0.0,0.0,0.0,80.0,13.0,1863.0,219.0,513.0,0.427,60.0,175.0,0.343,159.0,338.0,0.47,0.485,52.0,79.0,0.658,55.0,212.0,267.0,89.0,44.0,40.0,62.0,206.0,550.0,0.0,9.6,0.502,0.341,0.154,3.4,13.5,8.4,8.2,1.3,1.7,10.2,15.4,0.2,2.7,2.8,0.073,-2.7,0.7,-1.9,0.1,0.0,2006
214,Monta Ellis,18.1,2.7,6.5,0.415,0.6,1.7,0.341,2.1,4.8,0.441,0.459,0.9,1.2,0.712,0.4,1.7,2.1,1.6,0.7,0.2,1.2,1.4,6.8,0.0,0.0,1250.0,0.0,0.0,0.0,0.0,0.0,0.0,0.0,0.0,0.0,0.0,0.0,0.0,0.0,49.0,3.0,886.0,132.0,318.0,0.415,28.0,82.0,0.341,104.0,236.0,0.441,0.459,42.0,59.0,0.712,22.0,83.0,105.0,78.0,32.0,11.0,58.0,69.0,334.0,0.0,11.1,0.486,0.258,0.186,2.7,10.7,6.6,14.9,1.9,0.9,14.4,20.2,-0.3,0.8,0.5,0.028,-1.9,0.2,-1.7,0.1,0.0,2006
215,Greg Buckner,24.1,2.5,5.7,0.434,1.2,3.3,0.354,1.3,2.4,0.546,0.537,0.6,0.8,0.782,0.4,2.4,2.9,1.7,1.2,0.3,0.7,2.5,6.7,0.0,0.0,1250.0,0.0,0.0,0.0,0.0,0.0,0.0,0.0,0.0,0.0,0.0,0.0,0.0,0.0,73.0,27.0,1758.0,181.0,417.0,0.434,86.0,243.0,0.354,95.0,174.0,0.546,0.537,43.0,55.0,0.782,31.0,178.0,209.0,127.0,87.0,20.0,52.0,180.0,491.0,0.0,11.4,0.556,0.583,0.132,2.1,11.7,6.9,10.8,2.5,0.9,10.5,12.6,1.7,2.0,3.8,0.103,-1.2,1.7,0.5,1.1,0.0,2006
216,Marcus Fizer,13.0,3.0,5.7,0.529,0.3,0.3,1.0,2.7,5.3,0.5,0.559,0.3,0.7,0.5,0.3,2.0,2.3,0.3,0.0,0.0,0.7,1.7,6.7,0.0,0.0,1250.0,0.0,0.0,0.0,0.0,0.0,0.0,0.0,0.0,0.0,0.0,0.0,0.0,0.0,3.0,0.0,39.0,9.0,17.0,0.529,1.0,1.0,1.0,8.0,16.0,0.5,0.559,1.0,2.0,0.5,1.0,6.0,7.0,1.0,0.0,0.0,2.0,5.0,20.0,0.0,14.1,0.559,0.059,0.118,3.0,18.8,10.7,5.3,0.0,0.0,10.1,23.8,0.0,0.0,0.0,0.056,-1.4,-2.3,-3.7,0.0,0.0,2006
217,Joey Graham,19.8,2.5,5.2,0.478,0.4,1.1,0.333,2.1,4.1,0.517,0.513,1.4,1.7,0.812,0.7,2.3,3.1,0.8,0.5,0.2,1.2,2.9,6.7,0.0,0.0,1250.0,0.0,0.0,0.0,0.0,0.0,0.0,0.0,0.0,0.0,0.0,0.0,0.0,0.0,80.0,24.0,1581.0,198.0,414.0,0.478,29.0,87.0,0.333,169.0,327.0,0.517,0.513,108.0,133.0,0.812,57.0,187.0,244.0,60.0,37.0,13.0,92.0,228.0,533.0,0.0,10.2,0.564,0.21,0.321,4.2,15.1,9.4,6.0,1.2,0.6,16.3,16.5,1.0,0.3,1.3,0.038,-2.7,-1.1,-3.8,-0.7,0.0,2006
218,Jarrett Jack,20.2,2.4,5.4,0.442,0.3,1.0,0.263,2.1,4.5,0.48,0.465,1.6,2.0,0.8,0.2,1.8,2.0,2.8,0.5,0.0,1.3,1.7,6.7,0.0,0.0,1250.0,0.0,0.0,0.0,0.0,0.0,0.0,0.0,0.0,0.0,0.0,0.0,0.0,0.0,79.0,4.0,1599.0,189.0,428.0,0.442,20.0,76.0,0.263,169.0,352.0,0.48,0.465,128.0,160.0,0.8,18.0,142.0,160.0,219.0,41.0,2.0,102.0,138.0,526.0,0.0,12.3,0.528,0.178,0.374,1.3,10.8,6.0,23.2,1.4,0.1,17.0,17.8,1.1,0.1,1.2,0.035,-1.7,-1.4,-3.1,-0.4,0.0,2006
219,Amir Johnson,13.0,2.3,3.3,0.7,0.7,1.0,0.667,1.7,2.3,0.714,0.8,1.3,1.3,1.0,1.0,0.3,1.3,1.0,0.0,0.7,1.3,2.3,6.7,0.0,0.0,1250.0,0.0,0.0,0.0,0.0,0.0,0.0,0.0,0.0,0.0,0.0,0.0,0.0,0.0,3.0,0.0,39.0,7.0,10.0,0.7,2.0,3.0,0.667,5.0,7.0,0.714,0.8,4.0,4.0,1.0,3.0,1.0,4.0,3.0,0.0,2.0,4.0,7.0,20.0,0.0,20.3,0.85,0.3,0.4,9.0,3.1,6.1,13.4,0.0,3.7,25.4,19.2,0.1,0.0,0.2,0.208,1.1,-0.7,0.4,0.0,0.0,2006
220,Damon Jones,25.5,2.3,6.0,0.387,1.7,4.5,0.377,0.6,1.5,0.417,0.53,0.4,0.6,0.64,0.2,1.5,1.6,2.1,0.5,0.0,0.7,1.4,6.7,0.0,0.0,1250.0,0.0,0.0,0.0,0.0,0.0,0.0,0.0,0.0,0.0,0.0,0.0,0.0,0.0,82.0,7.0,2089.0,190.0,491.0,0.387,140.0,371.0,0.377,50.0,120.0,0.417,0.53,32.0,50.0,0.64,14.0,119.0,133.0,169.0,37.0,1.0,55.0,112.0,552.0,0.0,9.3,0.538,0.756,0.102,0.8,6.8,3.8,12.6,0.9,0.0,9.7,12.6,2.2,1.1,3.4,0.077,-0.6,-0.5,-1.1,0.5,0.0,2006
221,Qyntel Woods,20.7,2.6,5.2,0.508,0.4,1.2,0.367,2.2,4.0,0.552,0.551,1.0,1.6,0.645,0.9,3.0,3.9,1.0,0.7,0.3,1.2,2.0,6.7,0.0,0.0,1250.0,0.0,0.0,0.0,0.0,0.0,0.0,0.0,0.0,0.0,0.0,0.0,0.0,0.0,49.0,16.0,1013.0,129.0,254.0,0.508,22.0,60.0,0.367,107.0,194.0,0.552,0.551,49.0,76.0,0.645,44.0,146.0,190.0,47.0,32.0,13.0,61.0,96.0,329.0,0.0,12.4,0.572,0.236,0.299,5.2,17.7,11.4,8.0,1.7,1.1,17.5,15.6,0.7,0.6,1.3,0.061,-0.2,-0.6,-0.8,0.3,0.0,2006
222,Martell Webster,17.5,2.3,5.7,0.399,1.1,3.0,0.357,1.2,2.7,0.446,0.493,1.0,1.2,0.859,0.5,1.7,2.1,0.6,0.3,0.2,0.7,1.5,6.6,0.0,0.0,1250.0,0.0,0.0,0.0,0.0,0.0,0.0,0.0,0.0,0.0,0.0,0.0,0.0,0.0,61.0,18.0,1070.0,139.0,348.0,0.399,65.0,182.0,0.357,74.0,166.0,0.446,0.493,61.0,71.0,0.859,29.0,101.0,130.0,34.0,21.0,14.0,43.0,90.0,404.0,0.0,11.6,0.533,0.523,0.204,3.2,11.5,7.3,5.5,1.1,1.0,10.2,18.7,0.8,0.1,0.9,0.039,-0.3,-2.2,-2.5,-0.1,0.0,2006
223,Marc Jackson,16.0,2.7,5.8,0.472,0.0,0.0,0.5,2.7,5.7,0.471,0.473,1.0,1.3,0.805,1.3,2.0,3.4,0.7,0.2,0.1,1.0,2.0,6.5,0.0,0.0,1250.0,0.0,0.0,0.0,0.0,0.0,0.0,0.0,0.0,0.0,0.0,0.0,0.0,0.0,64.0,10.0,1027.0,174.0,369.0,0.472,1.0,2.0,0.5,173.0,367.0,0.471,0.473,66.0,82.0,0.805,86.0,131.0,217.0,44.0,13.0,8.0,65.0,126.0,415.0,0.0,12.5,0.512,0.005,0.222,9.7,15.4,12.5,7.9,0.7,0.6,13.8,21.5,0.3,0.9,1.2,0.057,-2.4,-1.8,-4.2,-0.6,0.0,2006
224,Damien Wilkins,18.6,2.4,5.3,0.444,0.2,0.7,0.25,2.2,4.6,0.472,0.46,1.7,2.0,0.84,1.0,1.4,2.3,1.3,0.9,0.1,1.0,1.8,6.5,0.0,0.0,1250.0,0.0,0.0,0.0,0.0,0.0,0.0,0.0,0.0,0.0,0.0,0.0,0.0,0.0,82.0,12.0,1525.0,193.0,435.0,0.444,14.0,56.0,0.25,179.0,379.0,0.472,0.46,136.0,162.0,0.84,79.0,113.0,192.0,107.0,72.0,12.0,85.0,144.0,536.0,0.0,13.1,0.529,0.129,0.372,6.2,9.1,7.6,10.8,2.5,0.6,14.4,17.4,1.7,0.1,1.7,0.054,-0.8,-0.9,-1.6,0.1,0.0,2006
225,Jared Jeffries,25.3,2.4,5.4,0.451,0.2,0.6,0.32,2.2,4.7,0.468,0.47,1.3,2.2,0.589,2.1,2.8,4.9,1.9,0.8,0.6,1.3,2.9,6.4,0.0,0.0,1250.0,0.0,0.0,0.0,0.0,0.0,0.0,0.0,0.0,0.0,0.0,0.0,0.0,0.0,77.0,77.0,1951.0,187.0,415.0,0.451,16.0,50.0,0.32,171.0,365.0,0.468,0.47,99.0,168.0,0.589,164.0,215.0,379.0,148.0,58.0,50.0,99.0,223.0,489.0,0.0,11.6,0.5,0.12,0.405,9.5,13.2,11.3,11.6,1.5,2.0,16.8,13.4,1.4,1.7,3.1,0.076,-1.1,0.4,-0.8,0.6,0.0,2006
226,Bernard Robinson,19.7,2.4,5.5,0.43,0.0,0.3,0.095,2.3,5.2,0.451,0.433,1.6,2.0,0.791,0.9,2.4,3.3,1.2,1.2,0.2,1.1,2.1,6.4,0.0,0.0,1250.0,0.0,0.0,0.0,0.0,0.0,0.0,0.0,0.0,0.0,0.0,0.0,0.0,0.0,66.0,18.0,1303.0,157.0,365.0,0.43,2.0,21.0,0.095,155.0,344.0,0.451,0.433,106.0,134.0,0.791,62.0,157.0,219.0,77.0,81.0,10.0,74.0,141.0,422.0,0.0,12.0,0.498,0.058,0.367,5.2,14.9,9.7,9.5,3.2,0.6,14.9,17.0,0.1,1.6,1.7,0.061,-2.9,1.1,-1.8,0.1,0.0,2006
227,Robert Swift,21.0,2.6,5.1,0.515,0.0,0.0,0.0,2.6,5.1,0.515,0.515,1.1,1.9,0.582,2.0,3.6,5.6,0.2,0.3,1.2,1.0,3.0,6.4,0.0,0.0,1250.0,0.0,0.0,0.0,0.0,0.0,0.0,0.0,0.0,0.0,0.0,0.0,0.0,0.0,47.0,20.0,987.0,124.0,241.0,0.515,0.0,0.0,0.0,124.0,241.0,0.515,0.515,53.0,91.0,0.582,94.0,170.0,264.0,8.0,15.0,56.0,49.0,142.0,301.0,0.0,12.7,0.536,0.0,0.378,11.3,21.1,16.2,1.2,0.8,4.4,14.8,15.0,0.7,0.3,1.1,0.052,-2.4,-1.5,-3.9,-0.5,0.0,2006
228,Devean George,21.7,2.4,6.0,0.4,0.7,2.3,0.313,1.7,3.7,0.453,0.459,0.8,1.2,0.674,1.2,2.7,3.9,1.0,0.9,0.5,0.8,2.2,6.3,0.0,0.0,1250.0,0.0,0.0,0.0,0.0,0.0,0.0,0.0,0.0,0.0,0.0,0.0,0.0,0.0,71.0,5.0,1542.0,170.0,425.0,0.4,50.0,160.0,0.313,120.0,265.0,0.453,0.459,58.0,86.0,0.674,82.0,192.0,274.0,68.0,66.0,34.0,54.0,159.0,448.0,0.0,11.3,0.484,0.376,0.202,6.3,14.6,10.5,6.9,2.3,1.7,10.4,15.3,0.7,2.0,2.6,0.082,-1.3,0.5,-0.8,0.4,0.0,2006
229,Maurice Taylor,18.1,2.7,5.8,0.468,0.0,0.0,0.0,2.7,5.8,0.469,0.468,0.9,1.2,0.699,1.0,2.4,3.4,0.8,0.3,0.2,1.5,2.6,6.3,0.0,0.0,1250.0,0.0,0.0,0.0,0.0,0.0,0.0,0.0,0.0,0.0,0.0,0.0,0.0,0.0,67.0,13.0,1210.0,182.0,389.0,0.468,0.0,1.0,0.0,182.0,388.0,0.469,0.468,58.0,83.0,0.699,65.0,164.0,229.0,53.0,21.0,14.0,103.0,177.0,422.0,0.0,8.5,0.496,0.003,0.213,6.5,16.7,11.5,7.9,0.9,0.9,19.5,19.8,-1.0,0.4,-0.5,-0.021,-4.1,-1.5,-5.7,-1.1,0.0,2006
230,Nazr Mohammed,17.4,2.4,4.7,0.504,0.0,0.0,0.0,2.4,4.7,0.504,0.504,1.4,1.8,0.785,2.0,3.2,5.2,0.5,0.3,0.6,1.1,2.8,6.2,0.0,0.0,1250.0,0.0,0.0,0.0,0.0,0.0,0.0,0.0,0.0,0.0,0.0,0.0,0.0,0.0,80.0,30.0,1389.0,190.0,377.0,0.504,0.0,0.0,0.0,190.0,377.0,0.504,0.504,113.0,144.0,0.785,163.0,255.0,418.0,40.0,21.0,49.0,91.0,220.0,493.0,0.0,15.0,0.56,0.0,0.382,14.2,21.2,17.8,4.7,0.8,2.5,17.1,18.3,1.7,2.8,4.5,0.156,-2.4,0.4,-2.0,0.0,0.0,2006
231,Milt Palacio,19.4,2.4,5.7,0.424,0.0,0.2,0.063,2.4,5.5,0.439,0.426,1.4,2.1,0.653,0.2,1.6,1.9,2.7,0.7,0.2,1.5,1.8,6.2,0.0,0.0,1250.0,0.0,0.0,0.0,0.0,0.0,0.0,0.0,0.0,0.0,0.0,0.0,0.0,0.0,71.0,18.0,1376.0,171.0,403.0,0.424,1.0,16.0,0.063,170.0,387.0,0.439,0.426,98.0,150.0,0.653,17.0,117.0,134.0,190.0,47.0,14.0,110.0,125.0,441.0,0.0,9.9,0.47,0.04,0.372,1.5,10.4,5.9,24.4,1.9,0.8,19.0,19.5,-0.9,1.1,0.2,0.008,-3.4,-0.4,-3.7,-0.6,0.0,2006
232,Steven Hunter,19.0,2.5,4.2,0.601,0.0,0.0,0.0,2.5,4.2,0.601,0.601,1.0,2.0,0.514,1.6,2.3,3.9,0.2,0.2,1.1,0.9,1.7,6.1,0.0,0.0,1250.0,0.0,0.0,0.0,0.0,0.0,0.0,0.0,0.0,0.0,0.0,0.0,0.0,0.0,69.0,35.0,1312.0,175.0,291.0,0.601,0.0,0.0,0.0,175.0,291.0,0.601,0.601,71.0,138.0,0.514,110.0,161.0,271.0,17.0,12.0,76.0,64.0,120.0,421.0,0.0,13.9,0.598,0.0,0.474,9.8,14.4,12.1,2.1,0.5,4.4,15.4,14.4,1.5,1.0,2.5,0.09,-1.4,-0.9,-2.4,-0.1,0.0,2006
233,DerMarr Johnson,15.9,2.3,5.3,0.431,1.0,2.8,0.35,1.3,2.5,0.521,0.523,0.6,0.7,0.81,0.3,1.3,1.7,0.9,0.4,0.4,0.8,1.5,6.1,0.0,0.0,1250.0,0.0,0.0,0.0,0.0,0.0,0.0,0.0,0.0,0.0,0.0,0.0,0.0,0.0,58.0,21.0,924.0,132.0,306.0,0.431,56.0,160.0,0.35,76.0,146.0,0.521,0.523,34.0,42.0,0.81,19.0,77.0,96.0,55.0,25.0,26.0,46.0,86.0,354.0,0.0,11.7,0.545,0.523,0.137,2.4,9.6,6.1,9.5,1.4,2.1,12.4,17.9,0.5,0.8,1.3,0.07,-0.6,-0.2,-0.8,0.3,0.0,2006
234,Joel Przybilla,24.9,2.3,4.3,0.548,0.0,0.0,0.0,2.3,4.3,0.548,0.548,1.5,2.8,0.532,2.6,4.4,7.0,0.8,0.4,2.3,1.4,2.7,6.1,0.0,0.0,1250.0,0.0,0.0,0.0,0.0,0.0,0.0,0.0,0.0,0.0,0.0,0.0,0.0,0.0,56.0,52.0,1395.0,131.0,239.0,0.548,0.0,0.0,0.0,131.0,239.0,0.548,0.548,82.0,154.0,0.532,146.0,245.0,391.0,43.0,20.0,130.0,76.0,149.0,344.0,0.0,15.3,0.561,0.0,0.644,12.4,21.4,16.9,5.0,0.8,7.1,19.9,13.0,1.0,1.2,2.3,0.078,-1.4,0.8,-0.6,0.5,0.0,2006
235,Jeff Foster,25.1,2.2,4.0,0.552,0.0,0.1,0.0,2.2,3.9,0.561,0.552,1.5,2.5,0.604,3.6,5.6,9.1,0.8,0.7,0.4,1.0,3.0,5.9,0.0,0.0,1250.0,0.0,0.0,0.0,0.0,0.0,0.0,0.0,0.0,0.0,0.0,0.0,0.0,0.0,63.0,37.0,1581.0,138.0,250.0,0.552,0.0,4.0,0.0,138.0,246.0,0.561,0.552,96.0,159.0,0.604,224.0,350.0,574.0,50.0,41.0,27.0,64.0,191.0,372.0,0.0,15.1,0.581,0.016,0.636,16.9,24.8,20.9,5.1,1.4,1.2,16.7,11.3,2.8,2.9,5.7,0.174,-0.3,0.4,0.0,0.8,0.0,2006
236,Carlos Arroyo,15.5,2.2,4.9,0.444,0.1,0.3,0.35,2.1,4.6,0.45,0.454,1.4,1.8,0.774,0.4,1.3,1.7,3.0,0.5,0.1,1.1,1.5,5.8,0.0,0.0,1250.0,0.0,0.0,0.0,0.0,0.0,0.0,0.0,0.0,0.0,0.0,0.0,0.0,0.0,77.0,0.0,1194.0,168.0,378.0,0.444,7.0,20.0,0.35,161.0,358.0,0.45,0.454,106.0,137.0,0.774,33.0,97.0,130.0,232.0,38.0,4.0,83.0,119.0,449.0,0.0,15.6,0.512,0.053,0.362,3.3,9.8,6.6,31.6,1.7,0.2,15.9,20.7,1.6,1.1,2.7,0.107,-0.1,-0.4,-0.5,0.5,0.0,2006
237,Alan Anderson,15.7,2.1,5.0,0.414,0.7,1.6,0.414,1.4,3.4,0.415,0.481,0.9,1.1,0.805,0.6,1.3,1.9,0.9,0.3,0.1,0.9,1.3,5.8,0.0,0.0,1250.0,0.0,0.0,0.0,0.0,0.0,0.0,0.0,0.0,0.0,0.0,0.0,0.0,0.0,36.0,7.0,564.0,75.0,181.0,0.414,24.0,58.0,0.414,51.0,123.0,0.415,0.481,33.0,41.0,0.805,23.0,47.0,70.0,32.0,11.0,4.0,32.0,48.0,207.0,0.0,10.4,0.52,0.32,0.227,4.4,10.3,7.2,9.3,1.0,0.6,13.9,18.2,0.2,0.3,0.4,0.037,-1.7,-1.7,-3.3,-0.2,0.0,2006
238,Brent Barry,17.0,2.1,4.7,0.452,1.1,2.7,0.396,1.0,1.9,0.531,0.568,0.5,0.8,0.661,0.4,1.8,2.1,1.7,0.5,0.4,0.7,1.3,5.8,0.0,0.0,1250.0,0.0,0.0,0.0,0.0,0.0,0.0,0.0,0.0,0.0,0.0,0.0,0.0,0.0,74.0,5.0,1259.0,156.0,345.0,0.452,80.0,202.0,0.396,76.0,143.0,0.531,0.568,39.0,59.0,0.661,29.0,130.0,159.0,123.0,39.0,27.0,52.0,99.0,431.0,0.0,14.8,0.581,0.586,0.171,2.8,11.9,7.5,15.5,1.7,1.5,12.3,16.0,2.1,2.2,4.3,0.162,1.4,2.0,3.4,1.7,0.0,2006
239,Viktor Khryapa,21.6,2.3,5.0,0.462,0.1,0.4,0.333,2.1,4.5,0.474,0.477,1.1,1.6,0.694,1.7,2.8,4.4,1.3,0.7,0.4,1.2,3.0,5.8,0.0,0.0,1250.0,0.0,0.0,0.0,0.0,0.0,0.0,0.0,0.0,0.0,0.0,0.0,0.0,0.0,69.0,53.0,1492.0,158.0,342.0,0.462,10.0,30.0,0.333,148.0,312.0,0.474,0.477,77.0,111.0,0.694,114.0,193.0,307.0,88.0,50.0,29.0,84.0,209.0,403.0,0.0,11.5,0.516,0.088,0.325,9.1,15.8,12.4,9.8,1.8,1.5,17.7,15.1,0.6,0.7,1.3,0.042,-2.8,-0.5,-3.3,-0.5,0.0,2006
240,Shaun Livingston,25.0,2.4,5.7,0.427,0.0,0.1,0.125,2.4,5.6,0.434,0.428,0.9,1.3,0.688,0.7,2.3,3.0,4.5,0.8,0.5,1.8,2.6,5.8,0.0,0.0,1250.0,0.0,0.0,0.0,0.0,0.0,0.0,0.0,0.0,0.0,0.0,0.0,0.0,0.0,61.0,14.0,1525.0,149.0,349.0,0.427,1.0,8.0,0.125,148.0,341.0,0.434,0.428,53.0,77.0,0.688,41.0,142.0,183.0,273.0,46.0,32.0,111.0,160.0,352.0,0.0,10.2,0.46,0.023,0.221,3.3,10.4,7.0,27.2,1.6,1.6,22.5,15.0,-0.5,1.8,1.3,0.041,-2.6,0.7,-1.9,0.1,0.0,2006
241,Travis Outlaw,16.7,2.3,5.3,0.44,0.2,0.8,0.264,2.1,4.6,0.47,0.459,0.9,1.3,0.697,0.7,2.0,2.7,0.5,0.4,0.7,0.5,1.6,5.8,0.0,0.0,1250.0,0.0,0.0,0.0,0.0,0.0,0.0,0.0,0.0,0.0,0.0,0.0,0.0,0.0,69.0,11.0,1153.0,162.0,368.0,0.44,14.0,53.0,0.264,148.0,315.0,0.47,0.459,62.0,89.0,0.697,48.0,141.0,189.0,34.0,31.0,46.0,37.0,112.0,400.0,0.0,12.9,0.491,0.144,0.242,4.9,14.9,9.9,5.2,1.5,3.0,8.3,18.3,0.4,0.5,0.9,0.039,-1.8,-0.7,-2.5,-0.1,0.0,2006
242,Lorenzen Wright,21.7,2.5,5.2,0.478,0.0,0.0,0.0,2.5,5.2,0.48,0.478,0.8,1.5,0.564,1.8,3.2,5.1,0.6,0.7,0.6,0.9,2.6,5.8,0.0,0.0,1250.0,0.0,0.0,0.0,0.0,0.0,0.0,0.0,0.0,0.0,0.0,0.0,0.0,0.0,78.0,58.0,1689.0,194.0,406.0,0.478,0.0,2.0,0.0,194.0,404.0,0.48,0.478,66.0,117.0,0.564,142.0,253.0,395.0,48.0,52.0,46.0,67.0,201.0,454.0,0.0,12.2,0.496,0.005,0.288,10.3,18.0,14.2,4.9,1.7,2.2,12.8,15.1,0.8,3.0,3.7,0.106,-2.7,0.7,-2.1,0.0,0.0,2006
243,Erick Dampier,23.6,2.1,4.2,0.493,0.0,0.0,0.0,2.1,4.2,0.493,0.493,1.5,2.6,0.591,3.3,4.5,7.8,0.6,0.3,1.3,1.4,3.2,5.7,0.0,0.0,1250.0,0.0,0.0,0.0,0.0,0.0,0.0,0.0,0.0,0.0,0.0,0.0,0.0,0.0,82.0,36.0,1934.0,171.0,347.0,0.493,0.0,0.0,0.0,171.0,347.0,0.493,0.493,127.0,215.0,0.591,273.0,367.0,640.0,51.0,27.0,106.0,115.0,263.0,469.0,0.0,13.9,0.531,0.0,0.62,17.3,22.4,19.9,4.0,0.8,4.2,20.7,13.4,1.9,2.9,4.8,0.119,-1.5,-0.1,-1.7,0.2,0.0,2006
244,David Harrison,15.4,2.2,4.4,0.503,0.0,0.0,0.0,2.2,4.4,0.503,0.503,1.3,2.6,0.511,1.3,2.5,3.8,0.2,0.3,0.9,1.2,2.9,5.7,0.0,0.0,1250.0,0.0,0.0,0.0,0.0,0.0,0.0,0.0,0.0,0.0,0.0,0.0,0.0,0.0,67.0,17.0,1034.0,148.0,294.0,0.503,0.0,0.0,0.0,148.0,294.0,0.503,0.503,89.0,174.0,0.511,84.0,170.0,254.0,14.0,23.0,59.0,79.0,193.0,385.0,0.0,11.8,0.519,0.0,0.592,9.7,18.4,14.2,2.4,1.2,4.2,17.6,20.2,-0.4,1.9,1.5,0.068,-5.1,1.1,-4.0,-0.5,0.0,2006
245,Reggie Evans,20.8,2.0,4.0,0.489,0.0,0.0,0.0,2.0,4.0,0.491,0.489,1.7,3.2,0.53,2.6,4.9,7.5,0.6,0.6,0.1,1.3,2.5,5.6,0.0,0.0,1250.0,0.0,0.0,0.0,0.0,0.0,0.0,0.0,0.0,0.0,0.0,0.0,0.0,0.0,67.0,25.0,1393.0,131.0,268.0,0.489,0.0,1.0,0.0,131.0,267.0,0.491,0.489,115.0,217.0,0.53,171.0,331.0,502.0,38.0,40.0,10.0,85.0,166.0,377.0,0.0,12.5,0.519,0.004,0.81,14.6,28.3,21.4,4.0,1.5,0.5,19.0,14.4,0.8,1.3,2.1,0.072,-1.8,-1.9,-3.7,-0.6,0.0,2006
246,Francisco García,19.4,1.9,4.9,0.4,0.6,2.0,0.285,1.4,2.8,0.484,0.46,1.2,1.5,0.772,0.6,2.2,2.8,1.4,0.6,0.7,1.1,2.0,5.6,0.0,0.0,1250.0,0.0,0.0,0.0,0.0,0.0,0.0,0.0,0.0,0.0,0.0,0.0,0.0,0.0,67.0,11.0,1301.0,130.0,325.0,0.4,39.0,137.0,0.285,91.0,188.0,0.484,0.46,78.0,101.0,0.772,39.0,146.0,185.0,94.0,41.0,47.0,75.0,135.0,377.0,0.0,10.3,0.51,0.422,0.311,3.5,13.0,8.3,11.2,1.6,2.6,16.9,15.7,0.0,1.6,1.6,0.06,-2.1,1.3,-0.8,0.4,0.0,2006
247,Keith McLeod,18.7,1.8,5.2,0.353,0.4,1.2,0.293,1.5,3.9,0.372,0.388,1.6,2.0,0.797,0.2,1.0,1.2,2.3,0.6,0.1,1.2,2.0,5.6,0.0,0.0,1250.0,0.0,0.0,0.0,0.0,0.0,0.0,0.0,0.0,0.0,0.0,0.0,0.0,0.0,66.0,32.0,1232.0,120.0,340.0,0.353,24.0,82.0,0.293,96.0,258.0,0.372,0.388,106.0,133.0,0.797,11.0,67.0,78.0,151.0,42.0,9.0,76.0,131.0,370.0,0.0,8.6,0.464,0.241,0.391,1.1,6.7,3.8,20.7,1.9,0.6,16.0,17.8,-0.2,0.8,0.6,0.024,-3.7,-0.8,-4.5,-0.8,0.0,2006
248,José Calderón,23.2,2.1,4.9,0.423,0.1,0.7,0.163,2.0,4.2,0.465,0.434,1.2,1.4,0.848,0.5,1.7,2.2,4.5,0.7,0.1,1.6,1.5,5.5,0.0,0.0,1250.0,0.0,0.0,0.0,0.0,0.0,0.0,0.0,0.0,0.0,0.0,0.0,0.0,0.0,64.0,11.0,1487.0,132.0,312.0,0.423,7.0,43.0,0.163,125.0,269.0,0.465,0.434,78.0,92.0,0.848,30.0,111.0,141.0,288.0,42.0,4.0,101.0,93.0,349.0,0.0,11.4,0.495,0.138,0.295,2.4,9.5,5.8,29.1,1.5,0.2,22.3,14.1,0.9,0.0,0.9,0.029,-1.0,-1.8,-2.8,-0.3,0.0,2006
249,Nick Van Exel,15.2,2.1,5.3,0.397,0.8,2.4,0.357,1.2,2.9,0.429,0.477,0.4,0.6,0.683,0.1,1.3,1.4,1.9,0.2,0.0,0.9,0.9,5.5,0.0,0.0,1250.0,0.0,0.0,0.0,0.0,0.0,0.0,0.0,0.0,0.0,0.0,0.0,0.0,0.0,65.0,2.0,986.0,136.0,343.0,0.397,55.0,154.0,0.357,81.0,189.0,0.429,0.477,28.0,41.0,0.683,6.0,85.0,91.0,123.0,16.0,3.0,57.0,60.0,355.0,0.0,11.0,0.492,0.449,0.12,0.7,9.9,5.5,20.2,0.9,0.2,13.6,20.2,0.1,1.3,1.4,0.07,-0.9,-0.2,-1.1,0.2,0.0,2006
250,Eduardo Nájera,22.6,2.0,4.7,0.422,0.1,0.2,0.333,1.9,4.5,0.426,0.429,1.4,1.8,0.781,2.0,3.1,5.1,0.8,0.8,0.5,0.8,2.6,5.4,0.0,0.0,1250.0,0.0,0.0,0.0,0.0,0.0,0.0,0.0,0.0,0.0,0.0,0.0,0.0,0.0,64.0,3.0,1449.0,127.0,301.0,0.422,4.0,12.0,0.333,123.0,289.0,0.426,0.429,89.0,114.0,0.781,128.0,197.0,325.0,52.0,53.0,34.0,54.0,165.0,347.0,0.0,10.9,0.494,0.04,0.379,10.4,15.7,13.1,5.2,1.9,1.8,13.3,12.5,1.0,1.8,2.7,0.09,-2.3,0.5,-1.8,0.1,0.0,2006
251,Jackie Butler,13.5,2.1,3.9,0.544,0.0,0.0,0.0,2.1,3.9,0.544,0.544,1.1,1.4,0.753,1.2,2.1,3.3,0.5,0.3,0.6,1.1,2.3,5.3,0.0,0.0,1250.0,0.0,0.0,0.0,0.0,0.0,0.0,0.0,0.0,0.0,0.0,0.0,0.0,0.0,55.0,0.0,740.0,117.0,215.0,0.544,0.0,0.0,0.0,117.0,215.0,0.544,0.544,58.0,77.0,0.753,67.0,116.0,183.0,25.0,17.0,31.0,62.0,127.0,292.0,0.0,14.8,0.587,0.0,0.358,10.9,19.3,15.0,6.1,1.2,3.4,19.9,19.0,0.7,0.6,1.2,0.078,-2.0,-0.8,-2.8,-0.2,0.0,2006
252,Tyson Chandler,26.8,2.0,3.6,0.565,0.0,0.0,0.0,2.0,3.6,0.567,0.565,1.2,2.4,0.503,3.4,5.7,9.0,1.0,0.5,1.3,1.6,3.8,5.3,0.0,0.0,1250.0,0.0,0.0,0.0,0.0,0.0,0.0,0.0,0.0,0.0,0.0,0.0,0.0,0.0,79.0,50.0,2121.0,160.0,283.0,0.565,0.0,1.0,0.0,160.0,282.0,0.567,0.565,97.0,193.0,0.503,265.0,449.0,714.0,81.0,41.0,104.0,123.0,298.0,417.0,0.0,12.2,0.567,0.004,0.682,14.4,24.2,19.3,5.6,1.0,3.8,25.1,10.4,1.5,3.9,5.4,0.123,-2.2,1.8,-0.4,0.9,0.0,2006
253,Jarron Collins,21.9,1.6,3.5,0.461,0.0,0.0,0.0,1.6,3.5,0.461,0.461,2.0,2.8,0.717,1.7,2.5,4.2,1.2,0.5,0.3,0.8,3.2,5.3,0.0,0.0,1250.0,0.0,0.0,0.0,0.0,0.0,0.0,0.0,0.0,0.0,0.0,0.0,0.0,0.0,79.0,41.0,1730.0,129.0,280.0,0.461,0.0,0.0,0.0,129.0,280.0,0.461,0.461,157.0,219.0,0.717,134.0,199.0,333.0,97.0,36.0,27.0,61.0,252.0,415.0,0.0,11.0,0.551,0.0,0.782,9.3,14.1,11.7,9.1,1.1,1.3,13.9,11.7,2.5,1.4,3.9,0.107,-2.2,0.0,-2.1,-0.1,0.0,2006
254,Jeff McInnis,17.4,2.3,5.1,0.441,0.1,0.6,0.188,2.1,4.5,0.472,0.451,0.7,1.0,0.69,0.4,1.4,1.8,1.9,0.4,0.1,1.0,1.3,5.3,0.0,0.0,1250.0,0.0,0.0,0.0,0.0,0.0,0.0,0.0,0.0,0.0,0.0,0.0,0.0,0.0,28.0,1.0,486.0,63.0,143.0,0.441,3.0,16.0,0.188,60.0,127.0,0.472,0.451,20.0,29.0,0.69,11.0,39.0,50.0,52.0,11.0,2.0,29.0,37.0,149.0,0.0,9.2,0.478,0.112,0.203,2.6,9.5,6.0,18.7,1.2,0.3,15.7,17.9,-0.2,0.6,0.3,0.031,-2.9,-0.3,-3.3,-0.2,0.0,2006
255,Jake Voskuhl,16.0,2.2,5.1,0.437,0.0,0.1,0.333,2.2,5.1,0.438,0.439,0.8,1.2,0.683,1.2,2.4,3.6,0.8,0.5,0.5,0.6,3.1,5.3,0.0,0.0,1250.0,0.0,0.0,0.0,0.0,0.0,0.0,0.0,0.0,0.0,0.0,0.0,0.0,0.0,51.0,2.0,818.0,114.0,261.0,0.437,1.0,3.0,0.333,113.0,258.0,0.438,0.439,41.0,60.0,0.683,62.0,121.0,183.0,39.0,26.0,23.0,33.0,157.0,270.0,0.0,11.0,0.47,0.011,0.23,8.3,18.3,13.0,7.9,1.6,2.2,10.3,17.4,0.2,0.9,1.0,0.061,-4.4,0.0,-4.4,-0.5,0.0,2006
256,Dan Gadzuric,12.0,2.3,4.2,0.553,0.0,0.0,0.0,2.3,4.2,0.555,0.553,0.6,1.2,0.461,1.2,1.9,3.1,0.3,0.3,0.6,0.5,2.3,5.2,0.0,0.0,1250.0,0.0,0.0,0.0,0.0,0.0,0.0,0.0,0.0,0.0,0.0,0.0,0.0,0.0,74.0,0.0,885.0,171.0,309.0,0.553,0.0,1.0,0.0,171.0,308.0,0.555,0.553,41.0,89.0,0.461,91.0,141.0,232.0,24.0,25.0,43.0,35.0,171.0,383.0,0.0,17.2,0.55,0.003,0.288,12.0,19.3,15.6,4.9,1.5,3.9,9.1,19.8,1.3,1.1,2.5,0.134,-1.6,-0.1,-1.7,0.0,0.0,2006
257,Gerald Green,11.7,2.1,4.3,0.478,0.2,0.6,0.3,1.9,3.7,0.508,0.5,0.9,1.2,0.784,0.3,1.0,1.3,0.6,0.4,0.1,0.7,1.3,5.2,0.0,0.0,1250.0,0.0,0.0,0.0,0.0,0.0,0.0,0.0,0.0,0.0,0.0,0.0,0.0,0.0,32.0,3.0,374.0,66.0,138.0,0.478,6.0,20.0,0.3,60.0,118.0,0.508,0.5,29.0,37.0,0.784,10.0,31.0,41.0,18.0,13.0,4.0,22.0,41.0,167.0,0.0,13.1,0.541,0.145,0.268,3.3,9.9,6.7,8.5,1.8,0.8,12.5,21.7,0.2,0.3,0.5,0.064,-2.3,-1.2,-3.5,-0.1,0.0,2006
258,Kendrick Perkins,19.6,2.0,3.9,0.515,0.0,0.0,0.0,2.0,3.9,0.519,0.515,1.2,1.9,0.615,2.1,3.9,5.9,1.0,0.3,1.5,1.6,2.9,5.2,0.0,0.0,1250.0,0.0,0.0,0.0,0.0,0.0,0.0,0.0,0.0,0.0,0.0,0.0,0.0,0.0,68.0,40.0,1332.0,137.0,266.0,0.515,0.0,2.0,0.0,137.0,264.0,0.519,0.515,80.0,130.0,0.615,140.0,264.0,404.0,69.0,21.0,105.0,107.0,199.0,354.0,0.0,13.2,0.548,0.008,0.489,13.1,23.6,18.5,8.1,0.8,6.0,24.9,14.8,0.3,2.0,2.3,0.082,-2.8,1.3,-1.5,0.2,0.0,2006
259,Johan Petro,18.9,2.3,4.4,0.51,0.0,0.0,0.0,2.3,4.4,0.51,0.51,0.7,1.1,0.627,1.6,2.8,4.4,0.2,0.4,0.8,0.9,3.1,5.2,0.0,0.0,1250.0,0.0,0.0,0.0,0.0,0.0,0.0,0.0,0.0,0.0,0.0,0.0,0.0,0.0,68.0,41.0,1282.0,153.0,300.0,0.51,0.0,0.0,0.0,153.0,300.0,0.51,0.51,47.0,75.0,0.627,109.0,187.0,296.0,15.0,25.0,51.0,60.0,213.0,353.0,0.0,10.4,0.53,0.0,0.25,10.1,17.9,13.9,1.8,1.0,3.1,15.3,13.7,0.7,0.2,1.0,0.037,-3.2,-1.5,-4.7,-0.9,0.0,2006
260,Robert Horry,18.8,1.8,4.6,0.384,0.8,2.3,0.368,0.9,2.3,0.399,0.474,0.7,1.1,0.647,1.1,2.7,3.8,1.3,0.7,0.8,0.7,1.8,5.1,0.0,0.0,1250.0,0.0,0.0,0.0,0.0,0.0,0.0,0.0,0.0,0.0,0.0,0.0,0.0,0.0,63.0,3.0,1182.0,112.0,292.0,0.384,53.0,144.0,0.368,59.0,148.0,0.399,0.474,44.0,68.0,0.647,71.0,171.0,242.0,79.0,43.0,51.0,41.0,115.0,321.0,0.0,13.5,0.499,0.493,0.233,7.3,16.7,12.1,10.1,2.0,3.1,11.3,14.7,1.0,2.5,3.6,0.145,0.4,2.8,3.1,1.5,0.0,2006
261,David Lee,16.9,2.0,3.4,0.596,0.0,0.0,0.0,2.0,3.4,0.596,0.596,1.1,1.8,0.577,1.6,2.9,4.5,0.6,0.4,0.3,0.8,1.9,5.1,0.0,0.0,1250.0,0.0,0.0,0.0,0.0,0.0,0.0,0.0,0.0,0.0,0.0,0.0,0.0,0.0,67.0,14.0,1129.0,137.0,230.0,0.596,0.0,0.0,0.0,137.0,230.0,0.596,0.596,71.0,123.0,0.577,109.0,194.0,303.0,43.0,30.0,20.0,51.0,124.0,345.0,0.0,15.4,0.607,0.0,0.535,11.6,21.1,16.3,6.5,1.4,1.5,15.2,13.5,2.0,0.8,2.7,0.116,0.7,-0.6,0.1,0.6,0.0,2006
262,Beno Udrih,10.9,2.0,4.3,0.455,0.4,1.3,0.343,1.5,3.0,0.503,0.506,0.7,0.9,0.78,0.3,0.6,1.0,1.7,0.3,0.0,1.0,1.0,5.1,0.0,0.0,1250.0,0.0,0.0,0.0,0.0,0.0,0.0,0.0,0.0,0.0,0.0,0.0,0.0,0.0,54.0,3.0,586.0,106.0,233.0,0.455,24.0,70.0,0.343,82.0,163.0,0.503,0.506,39.0,50.0,0.78,18.0,34.0,52.0,92.0,14.0,2.0,53.0,55.0,275.0,0.0,15.3,0.539,0.3,0.215,3.7,6.7,5.2,27.3,1.3,0.2,17.2,25.1,0.5,0.8,1.3,0.109,0.2,-1.2,-1.0,0.1,0.0,2006
263,Michael Olowokandi,19.1,2.2,5.0,0.446,0.0,0.0,0.0,2.2,5.0,0.446,0.446,0.5,1.0,0.511,1.0,3.5,4.6,0.5,0.5,0.7,1.1,2.5,5.0,0.0,0.0,1250.0,0.0,0.0,0.0,0.0,0.0,0.0,0.0,0.0,0.0,0.0,0.0,0.0,0.0,48.0,24.0,919.0,107.0,240.0,0.446,0.0,0.0,0.0,107.0,240.0,0.446,0.446,24.0,47.0,0.511,50.0,170.0,220.0,23.0,22.0,33.0,55.0,122.0,238.0,0.0,8.3,0.456,0.0,0.196,6.7,21.7,14.4,4.1,1.3,2.7,17.4,16.2,-1.1,1.4,0.3,0.014,-5.3,0.3,-5.0,-0.7,0.0,2006
264,Chris Andersen,17.8,1.8,3.1,0.571,0.0,0.0,0.0,1.8,3.1,0.571,0.571,1.5,3.2,0.476,1.9,2.9,4.8,0.2,0.3,1.3,0.8,2.6,5.0,0.0,0.0,1250.0,0.0,0.0,0.0,0.0,0.0,0.0,0.0,0.0,0.0,0.0,0.0,0.0,0.0,32.0,2.0,570.0,56.0,98.0,0.571,0.0,0.0,0.0,56.0,98.0,0.571,0.571,49.0,103.0,0.476,61.0,94.0,155.0,6.0,8.0,41.0,26.0,84.0,161.0,0.0,14.1,0.562,0.0,1.051,12.4,20.2,16.2,1.7,0.8,5.9,15.4,13.9,0.6,0.7,1.3,0.112,-2.0,0.9,-1.2,0.1,0.0,2006
265,Jonathan Bender,10.5,2.0,2.5,0.8,0.0,0.0,0.0,2.0,2.5,0.8,0.8,1.0,1.0,1.0,0.0,2.0,2.0,1.0,0.0,0.5,0.0,1.0,5.0,0.0,0.0,1250.0,0.0,0.0,0.0,0.0,0.0,0.0,0.0,0.0,0.0,0.0,0.0,0.0,0.0,2.0,0.0,21.0,4.0,5.0,0.8,0.0,0.0,0.0,4.0,5.0,0.8,0.8,2.0,2.0,1.0,0.0,4.0,4.0,2.0,0.0,1.0,0.0,2.0,10.0,0.0,26.4,0.85,0.0,0.4,0.0,21.3,11.0,18.5,0.0,3.5,0.0,13.0,0.1,0.0,0.2,0.359,5.9,3.9,9.8,0.1,0.0,2006
266,Maurice Evans,14.2,1.9,4.3,0.452,0.5,1.5,0.371,1.4,2.8,0.493,0.515,0.7,0.8,0.8,1.0,1.1,2.0,0.8,0.5,0.2,0.5,1.5,5.0,0.0,0.0,1250.0,0.0,0.0,0.0,0.0,0.0,0.0,0.0,0.0,0.0,0.0,0.0,0.0,0.0,80.0,1.0,1139.0,154.0,341.0,0.452,43.0,116.0,0.371,111.0,225.0,0.493,0.515,52.0,65.0,0.8,76.0,87.0,163.0,60.0,41.0,15.0,39.0,122.0,403.0,0.0,14.0,0.545,0.34,0.191,7.8,9.2,8.5,8.5,2.0,1.0,9.5,17.0,1.8,1.4,3.2,0.135,-0.4,0.5,0.2,0.6,0.0,2006
267,Jake Tsakalidis,14.4,2.0,3.2,0.606,0.0,0.0,0.0,2.0,3.2,0.606,0.606,1.1,1.7,0.655,1.5,2.6,4.2,0.3,0.3,0.6,0.8,2.1,5.0,0.0,0.0,1250.0,0.0,0.0,0.0,0.0,0.0,0.0,0.0,0.0,0.0,0.0,0.0,0.0,0.0,51.0,19.0,732.0,100.0,165.0,0.606,0.0,0.0,0.0,100.0,165.0,0.606,0.606,57.0,87.0,0.655,78.0,134.0,212.0,13.0,14.0,32.0,39.0,107.0,257.0,0.0,17.3,0.632,0.0,0.527,13.1,22.0,17.6,3.2,1.1,3.5,16.1,16.1,1.5,1.4,2.8,0.186,-0.9,0.4,-0.5,0.3,0.0,2006
268,Luke Walton,19.3,2.0,4.8,0.412,0.3,0.8,0.327,1.7,4.0,0.429,0.439,0.8,1.1,0.75,1.3,2.3,3.6,2.3,0.6,0.2,1.1,1.7,5.0,0.0,0.0,1250.0,0.0,0.0,0.0,0.0,0.0,0.0,0.0,0.0,0.0,0.0,0.0,0.0,0.0,69.0,6.0,1333.0,135.0,328.0,0.412,18.0,55.0,0.327,117.0,273.0,0.429,0.439,57.0,76.0,0.75,88.0,159.0,247.0,156.0,41.0,15.0,78.0,119.0,345.0,0.0,11.6,0.477,0.168,0.232,7.8,14.0,10.9,17.9,1.6,0.9,17.7,15.0,0.6,1.3,2.0,0.071,-1.1,0.0,-1.1,0.3,0.0,2006
269,Antonio Davis,21.4,1.9,4.3,0.432,0.0,0.0,0.0,1.9,4.3,0.434,0.432,1.2,1.8,0.642,2.0,2.7,4.7,0.5,0.5,0.2,1.2,2.8,4.9,0.0,0.0,1250.0,0.0,0.0,0.0,0.0,0.0,0.0,0.0,0.0,0.0,0.0,0.0,0.0,0.0,44.0,39.0,940.0,82.0,190.0,0.432,0.0,1.0,0.0,82.0,189.0,0.434,0.432,52.0,81.0,0.642,90.0,118.0,208.0,21.0,23.0,10.0,51.0,125.0,216.0,0.0,8.3,0.479,0.005,0.426,11.5,15.5,13.5,3.5,1.3,0.9,18.4,13.4,0.0,0.4,0.3,0.017,-3.2,-1.0,-4.3,-0.5,0.0,2006
270,Malik Allen,13.0,2.2,4.6,0.49,0.0,0.0,1.0,2.2,4.6,0.488,0.492,0.4,0.7,0.605,0.8,1.8,2.6,0.4,0.3,0.3,0.6,1.7,4.9,0.0,0.0,1250.0,0.0,0.0,0.0,0.0,0.0,0.0,0.0,0.0,0.0,0.0,0.0,0.0,0.0,54.0,20.0,701.0,121.0,247.0,0.49,1.0,1.0,1.0,120.0,246.0,0.488,0.492,23.0,38.0,0.605,44.0,96.0,140.0,20.0,14.0,16.0,34.0,92.0,266.0,0.0,11.5,0.504,0.004,0.154,7.2,15.7,11.5,4.9,1.0,1.8,11.4,19.2,0.0,1.0,1.0,0.068,-3.0,0.3,-2.7,-0.1,0.0,2006
271,Francisco Elson,21.9,2.1,3.9,0.532,0.0,0.1,0.2,2.1,3.9,0.538,0.533,0.7,1.0,0.662,1.4,3.3,4.7,0.7,0.8,0.6,0.9,2.9,4.9,0.0,0.0,1250.0,0.0,0.0,0.0,0.0,0.0,0.0,0.0,0.0,0.0,0.0,0.0,0.0,0.0,72.0,54.0,1579.0,151.0,284.0,0.532,1.0,5.0,0.2,150.0,279.0,0.538,0.533,49.0,74.0,0.662,99.0,240.0,339.0,47.0,54.0,45.0,65.0,211.0,352.0,0.0,10.1,0.556,0.018,0.261,7.4,17.6,12.5,4.4,1.7,2.1,17.0,10.8,0.8,2.0,2.9,0.087,-3.2,1.0,-2.2,-0.1,0.0,2006
272,Pat Garrity,16.5,1.8,4.2,0.417,0.9,2.3,0.388,0.9,2.0,0.451,0.521,0.5,0.6,0.811,0.5,1.4,1.9,0.7,0.2,0.2,0.7,1.9,4.9,0.0,0.0,1250.0,0.0,0.0,0.0,0.0,0.0,0.0,0.0,0.0,0.0,0.0,0.0,0.0,0.0,57.0,0.0,938.0,101.0,242.0,0.417,50.0,129.0,0.388,51.0,113.0,0.451,0.521,30.0,37.0,0.811,31.0,77.0,108.0,38.0,12.0,9.0,38.0,108.0,282.0,0.0,9.1,0.546,0.533,0.153,4.2,9.9,7.1,6.5,0.7,0.8,12.8,15.0,0.8,0.4,1.2,0.062,-0.9,-1.0,-1.8,0.0,0.0,2006
273,Toni Kukoč,15.7,1.8,4.6,0.389,0.7,2.3,0.306,1.1,2.3,0.47,0.465,0.6,0.9,0.714,0.4,1.9,2.3,2.1,0.5,0.3,1.0,1.3,4.9,0.0,0.0,1250.0,0.0,0.0,0.0,0.0,0.0,0.0,0.0,0.0,0.0,0.0,0.0,0.0,0.0,65.0,0.0,1018.0,116.0,298.0,0.389,45.0,147.0,0.306,71.0,151.0,0.47,0.465,40.0,56.0,0.714,26.0,124.0,150.0,139.0,33.0,17.0,66.0,87.0,317.0,0.0,11.9,0.491,0.493,0.188,3.0,14.7,8.8,21.5,1.7,1.3,17.0,17.4,0.2,0.9,1.1,0.053,-0.3,0.5,0.3,0.6,0.0,2006
274,Theo Ratliff,23.7,2.0,3.4,0.571,0.0,0.0,0.0,2.0,3.4,0.571,0.571,1.0,1.5,0.651,1.6,3.5,5.1,0.5,0.3,1.6,0.9,2.6,4.9,0.0,0.0,1250.0,0.0,0.0,0.0,0.0,0.0,0.0,0.0,0.0,0.0,0.0,0.0,0.0,0.0,55.0,19.0,1301.0,108.0,189.0,0.571,0.0,0.0,0.0,108.0,189.0,0.571,0.571,54.0,83.0,0.651,89.0,190.0,279.0,28.0,18.0,88.0,47.0,143.0,270.0,0.0,12.2,0.599,0.0,0.439,8.1,17.8,12.9,3.4,0.8,5.2,17.2,9.9,1.3,0.7,2.0,0.074,-2.2,0.6,-1.6,0.1,0.0,2006
275,Darko Miličić,13.9,2.2,4.3,0.509,0.0,0.0,0.0,2.2,4.2,0.513,0.509,0.5,0.9,0.56,0.8,1.9,2.7,0.7,0.3,1.4,0.9,1.7,4.8,0.0,0.0,1250.0,0.0,0.0,0.0,0.0,0.0,0.0,0.0,0.0,0.0,0.0,0.0,0.0,0.0,55.0,1.0,767.0,119.0,234.0,0.509,0.0,2.0,0.0,119.0,232.0,0.513,0.509,28.0,50.0,0.56,44.0,107.0,151.0,41.0,14.0,77.0,51.0,92.0,266.0,0.0,15.2,0.52,0.009,0.214,7.2,16.8,12.1,9.2,1.0,7.8,16.6,19.0,0.0,1.1,1.2,0.073,-2.3,2.2,-0.2,0.4,0.0,2006
276,Othella Harrington,11.4,1.9,3.8,0.495,0.0,0.0,0.0,1.9,3.8,0.495,0.495,1.1,1.7,0.626,0.8,1.4,2.1,0.5,0.1,0.2,0.8,1.8,4.8,0.0,0.0,1250.0,0.0,0.0,0.0,0.0,0.0,0.0,0.0,0.0,0.0,0.0,0.0,0.0,0.0,72.0,23.0,824.0,135.0,273.0,0.495,0.0,0.0,0.0,135.0,273.0,0.495,0.495,77.0,123.0,0.626,54.0,100.0,154.0,39.0,7.0,13.0,61.0,131.0,347.0,0.0,11.1,0.53,0.0,0.451,7.6,13.9,10.7,8.0,0.4,1.2,15.7,21.2,0.2,0.9,1.1,0.063,-3.4,-0.4,-3.9,-0.4,0.0,2006
277,Jannero Pargo,11.3,1.9,5.1,0.373,0.7,1.8,0.379,1.2,3.3,0.37,0.44,0.3,0.4,0.81,0.1,0.9,1.1,1.6,0.4,0.0,1.1,1.0,4.8,0.0,0.0,1250.0,0.0,0.0,0.0,0.0,0.0,0.0,0.0,0.0,0.0,0.0,0.0,0.0,0.0,57.0,0.0,646.0,109.0,292.0,0.373,39.0,103.0,0.379,70.0,189.0,0.37,0.44,17.0,21.0,0.81,8.0,53.0,61.0,94.0,24.0,2.0,61.0,57.0,274.0,0.0,9.9,0.455,0.353,0.072,1.4,9.4,5.4,24.8,1.9,0.2,16.8,25.3,-0.9,0.8,-0.1,-0.008,-2.2,-0.2,-2.4,-0.1,0.0,2006
278,Eric Snow,28.7,2.0,4.9,0.409,0.0,0.1,0.1,2.0,4.7,0.416,0.41,0.8,1.1,0.688,0.5,2.0,2.4,4.2,0.9,0.2,1.4,2.7,4.8,0.0,0.0,1250.0,0.0,0.0,0.0,0.0,0.0,0.0,0.0,0.0,0.0,0.0,0.0,0.0,0.0,82.0,82.0,2351.0,163.0,399.0,0.409,1.0,10.0,0.1,162.0,389.0,0.416,0.41,64.0,93.0,0.688,38.0,160.0,198.0,346.0,76.0,19.0,116.0,218.0,391.0,0.0,8.1,0.444,0.025,0.233,1.9,8.1,5.0,22.2,1.7,0.6,20.9,10.9,0.0,2.0,2.1,0.042,-3.6,0.6,-3.0,-0.6,0.0,2006
279,Gerald Fitch,13.3,1.7,4.9,0.337,0.4,1.4,0.269,1.3,3.5,0.365,0.376,0.9,1.3,0.739,0.4,1.3,1.7,1.8,0.4,0.3,0.8,1.6,4.7,0.0,0.0,1250.0,0.0,0.0,0.0,0.0,0.0,0.0,0.0,0.0,0.0,0.0,0.0,0.0,0.0,18.0,1.0,239.0,30.0,89.0,0.337,7.0,26.0,0.269,23.0,63.0,0.365,0.376,17.0,23.0,0.739,7.0,23.0,30.0,33.0,7.0,5.0,15.0,28.0,84.0,0.0,10.2,0.424,0.292,0.258,3.6,10.9,7.4,21.5,1.5,1.6,13.1,22.0,-0.1,0.3,0.1,0.026,-3.2,-0.3,-3.5,-0.1,0.0,2006
280,Željko Rebrača,14.2,1.8,3.3,0.542,0.0,0.0,0.0,1.8,3.3,0.542,0.542,1.1,1.4,0.756,0.4,1.8,2.2,0.3,0.2,0.7,0.8,2.0,4.7,0.0,0.0,1250.0,0.0,0.0,0.0,0.0,0.0,0.0,0.0,0.0,0.0,0.0,0.0,0.0,0.0,29.0,2.0,412.0,52.0,96.0,0.542,0.0,0.0,0.0,52.0,96.0,0.542,0.542,31.0,41.0,0.756,13.0,51.0,64.0,9.0,5.0,19.0,24.0,59.0,135.0,0.0,10.7,0.592,0.0,0.427,3.8,13.8,9.0,3.5,0.6,3.5,17.4,15.5,0.2,0.5,0.7,0.086,-3.7,0.9,-2.8,-0.1,0.0,2006
281,Quinton Ross,22.6,1.9,4.6,0.422,0.0,0.1,0.0,1.9,4.5,0.432,0.422,0.9,1.1,0.76,0.6,2.0,2.5,1.2,0.8,0.2,0.7,2.3,4.7,0.0,0.0,1250.0,0.0,0.0,0.0,0.0,0.0,0.0,0.0,0.0,0.0,0.0,0.0,0.0,0.0,67.0,45.0,1515.0,130.0,308.0,0.422,0.0,7.0,0.0,130.0,301.0,0.432,0.422,57.0,75.0,0.76,38.0,132.0,170.0,79.0,51.0,16.0,47.0,155.0,317.0,0.0,7.4,0.465,0.023,0.244,3.0,9.7,6.5,7.8,1.8,0.8,12.1,11.8,-0.2,1.7,1.6,0.05,-4.0,1.5,-2.5,-0.2,0.0,2006
282,Etan Thomas,15.8,1.8,3.5,0.533,0.0,0.0,0.0,1.8,3.5,0.533,0.533,1.1,1.8,0.6,1.4,2.5,3.9,0.2,0.3,1.0,0.7,2.1,4.7,0.0,0.0,1250.0,0.0,0.0,0.0,0.0,0.0,0.0,0.0,0.0,0.0,0.0,0.0,0.0,0.0,71.0,9.0,1121.0,131.0,246.0,0.533,0.0,0.0,0.0,131.0,246.0,0.533,0.533,75.0,125.0,0.6,99.0,180.0,279.0,14.0,20.0,68.0,51.0,148.0,337.0,0.0,13.6,0.56,0.0,0.508,10.0,19.3,14.5,2.0,0.9,4.7,14.5,14.0,1.2,1.3,2.5,0.107,-1.8,0.0,-1.7,0.1,0.0,2006
283,Aaron Williams,16.5,1.9,3.7,0.517,0.0,0.0,0.0,1.9,3.7,0.517,0.517,0.8,1.2,0.69,1.3,2.4,3.8,0.4,0.4,0.4,0.6,2.9,4.6,0.0,0.0,1250.0,0.0,0.0,0.0,0.0,0.0,0.0,0.0,0.0,0.0,0.0,0.0,0.0,0.0,48.0,5.0,791.0,91.0,176.0,0.517,0.0,0.0,0.0,91.0,176.0,0.517,0.517,40.0,58.0,0.69,64.0,117.0,181.0,17.0,17.0,21.0,30.0,138.0,222.0,0.0,11.6,0.551,0.0,0.33,9.4,18.2,13.6,3.6,1.2,2.2,13.0,13.7,0.8,0.8,1.6,0.096,-3.2,-0.4,-3.6,-0.3,0.0,2006
284,Trevor Ariza,17.5,1.6,4.0,0.412,0.0,0.1,0.2,1.6,3.9,0.416,0.414,1.4,2.2,0.606,1.4,2.5,3.8,1.1,1.0,0.2,1.1,1.8,4.6,0.0,0.0,1250.0,0.0,0.0,0.0,0.0,0.0,0.0,0.0,0.0,0.0,0.0,0.0,0.0,0.0,57.0,10.0,999.0,93.0,226.0,0.412,1.0,5.0,0.2,92.0,221.0,0.416,0.414,77.0,127.0,0.606,78.0,140.0,218.0,61.0,57.0,11.0,62.0,100.0,264.0,0.0,11.8,0.468,0.022,0.562,9.6,17.1,13.3,9.8,3.0,0.9,18.0,15.8,-0.1,1.0,0.9,0.043,-1.8,1.1,-0.7,0.3,0.0,2006
285,Andre Barrett,14.8,2.0,5.5,0.365,0.1,0.7,0.143,1.9,4.7,0.4,0.375,0.5,0.6,0.75,0.5,0.8,1.3,2.7,0.5,0.0,0.8,0.7,4.6,0.0,0.0,1250.0,0.0,0.0,0.0,0.0,0.0,0.0,0.0,0.0,0.0,0.0,0.0,0.0,0.0,19.0,0.0,282.0,38.0,104.0,0.365,2.0,14.0,0.143,36.0,90.0,0.4,0.375,9.0,12.0,0.75,9.0,16.0,25.0,52.0,10.0,0.0,15.0,13.0,87.0,0.0,11.3,0.398,0.135,0.115,3.7,7.1,5.4,29.5,1.9,0.0,12.1,20.3,-0.1,0.0,-0.1,-0.019,-1.7,-2.0,-3.6,-0.1,0.0,2006
286,Adrian Griffin,23.9,1.9,3.9,0.48,0.0,0.0,0.0,1.9,3.9,0.485,0.48,0.8,1.0,0.774,1.4,2.9,4.4,1.7,1.0,0.2,0.8,2.2,4.6,0.0,0.0,1250.0,0.0,0.0,0.0,0.0,0.0,0.0,0.0,0.0,0.0,0.0,0.0,0.0,0.0,52.0,45.0,1245.0,98.0,204.0,0.48,0.0,2.0,0.0,98.0,202.0,0.485,0.48,41.0,53.0,0.774,75.0,152.0,227.0,89.0,51.0,9.0,39.0,113.0,237.0,0.0,11.6,0.521,0.01,0.26,7.4,14.4,11.0,10.8,2.2,0.6,14.6,10.0,1.4,1.5,2.9,0.113,-0.8,1.6,0.8,0.9,0.0,2006
287,Eddie Griffin,19.4,1.9,5.3,0.351,0.2,1.2,0.195,1.6,4.1,0.396,0.373,0.6,1.1,0.595,1.5,4.0,5.6,0.6,0.2,2.1,0.6,1.8,4.6,0.0,0.0,1250.0,0.0,0.0,0.0,0.0,0.0,0.0,0.0,0.0,0.0,0.0,0.0,0.0,0.0,70.0,27.0,1359.0,130.0,370.0,0.351,16.0,82.0,0.195,114.0,288.0,0.396,0.373,44.0,74.0,0.595,107.0,282.0,389.0,40.0,13.0,148.0,43.0,125.0,320.0,0.0,12.2,0.397,0.222,0.2,9.7,24.3,17.2,4.7,0.5,8.2,9.7,15.6,-1.0,2.6,1.5,0.055,-3.1,1.5,-1.6,0.1,0.0,2006
288,Anderson Varejão,15.8,1.6,3.1,0.527,0.0,0.0,0.0,1.6,3.1,0.53,0.527,1.3,2.5,0.513,1.6,3.3,4.9,0.4,0.6,0.4,0.6,2.5,4.6,0.0,0.0,1250.0,0.0,0.0,0.0,0.0,0.0,0.0,0.0,0.0,0.0,0.0,0.0,0.0,0.0,48.0,4.0,760.0,79.0,150.0,0.527,0.0,1.0,0.0,79.0,149.0,0.53,0.527,61.0,119.0,0.513,77.0,158.0,235.0,19.0,31.0,19.0,27.0,118.0,219.0,0.0,14.8,0.541,0.007,0.793,11.9,24.8,18.3,4.0,2.2,1.9,11.8,14.0,1.1,1.3,2.3,0.146,-1.5,0.7,-0.8,0.2,0.0,2006
289,Justin Reed,13.8,1.7,4.1,0.403,0.0,0.0,0.0,1.7,4.1,0.405,0.403,1.2,1.7,0.725,0.7,1.0,1.7,0.6,0.3,0.2,0.7,2.3,4.5,0.0,0.0,1250.0,0.0,0.0,0.0,0.0,0.0,0.0,0.0,0.0,0.0,0.0,0.0,0.0,0.0,72.0,6.0,997.0,119.0,295.0,0.403,0.0,1.0,0.0,119.0,294.0,0.405,0.403,87.0,120.0,0.725,53.0,71.0,124.0,41.0,23.0,15.0,52.0,163.0,325.0,0.0,7.9,0.467,0.003,0.407,6.6,8.4,7.5,6.8,1.2,1.1,13.0,18.9,-0.4,0.8,0.4,0.021,-4.8,-1.0,-5.8,-0.9,0.0,2006
290,Adonal Foyle,23.7,2.0,3.9,0.507,0.0,0.0,0.0,2.0,3.9,0.507,0.507,0.5,0.9,0.612,1.9,3.6,5.5,0.4,0.6,1.6,1.0,2.8,4.5,0.0,0.0,1250.0,0.0,0.0,0.0,0.0,0.0,0.0,0.0,0.0,0.0,0.0,0.0,0.0,0.0,77.0,72.0,1824.0,152.0,300.0,0.507,0.0,0.0,0.0,152.0,300.0,0.507,0.507,41.0,67.0,0.612,143.0,281.0,424.0,33.0,44.0,125.0,80.0,215.0,345.0,0.0,10.3,0.524,0.0,0.223,8.5,17.6,13.0,2.8,1.2,5.1,19.5,10.0,0.3,2.5,2.8,0.075,-3.4,1.7,-1.7,0.1,0.0,2006
291,Rasho Nesterović,18.9,2.2,4.2,0.515,0.0,0.0,0.0,2.2,4.2,0.518,0.515,0.2,0.4,0.6,1.4,2.4,3.9,0.4,0.3,1.1,0.7,2.6,4.5,0.0,0.0,1250.0,0.0,0.0,0.0,0.0,0.0,0.0,0.0,0.0,0.0,0.0,0.0,0.0,0.0,80.0,51.0,1515.0,172.0,334.0,0.515,0.0,2.0,0.0,172.0,332.0,0.518,0.515,18.0,30.0,0.6,114.0,195.0,309.0,33.0,21.0,88.0,53.0,209.0,362.0,0.0,11.0,0.521,0.006,0.09,9.1,14.8,12.1,3.4,0.8,4.2,13.2,12.6,0.9,2.9,3.7,0.118,-3.3,1.8,-1.5,0.2,0.0,2006
292,Sasha Pavlović,15.3,1.6,4.0,0.41,0.7,1.8,0.365,1.0,2.2,0.448,0.493,0.6,0.9,0.653,0.3,1.2,1.5,0.5,0.4,0.1,0.8,1.9,4.5,0.0,0.0,1250.0,0.0,0.0,0.0,0.0,0.0,0.0,0.0,0.0,0.0,0.0,0.0,0.0,0.0,53.0,19.0,813.0,87.0,212.0,0.41,35.0,96.0,0.365,52.0,116.0,0.448,0.493,32.0,49.0,0.653,16.0,64.0,80.0,25.0,19.0,6.0,42.0,103.0,241.0,0.0,6.9,0.516,0.453,0.231,2.3,9.4,5.8,4.9,1.2,0.6,15.2,15.7,-0.1,0.6,0.5,0.03,-3.5,-0.1,-3.6,-0.3,0.0,2006
293,Boštjan Nachbar,13.9,1.5,4.3,0.346,0.5,2.0,0.268,1.0,2.4,0.412,0.407,0.8,1.2,0.682,0.2,1.4,1.7,0.8,0.4,0.1,0.7,1.8,4.4,0.0,0.0,1250.0,0.0,0.0,0.0,0.0,0.0,0.0,0.0,0.0,0.0,0.0,0.0,0.0,0.0,36.0,13.0,502.0,54.0,156.0,0.346,19.0,71.0,0.268,35.0,85.0,0.412,0.407,30.0,44.0,0.682,8.0,52.0,60.0,27.0,16.0,5.0,24.0,65.0,157.0,0.0,7.2,0.448,0.455,0.282,1.8,12.6,7.1,8.9,1.7,0.8,12.0,18.6,-0.4,0.5,0.1,0.005,-4.4,-0.2,-4.6,-0.3,0.0,2006
294,Malik Rose,15.5,1.5,3.9,0.374,0.0,0.0,1.0,1.4,3.9,0.371,0.375,1.5,1.9,0.781,1.2,2.4,3.6,0.9,0.6,0.2,1.1,2.0,4.4,0.0,0.0,1250.0,0.0,0.0,0.0,0.0,0.0,0.0,0.0,0.0,0.0,0.0,0.0,0.0,0.0,72.0,35.0,1119.0,105.0,281.0,0.374,1.0,1.0,1.0,104.0,280.0,0.371,0.375,107.0,137.0,0.781,84.0,175.0,259.0,67.0,43.0,14.0,80.0,145.0,318.0,0.0,10.2,0.466,0.004,0.488,9.0,19.2,14.1,9.7,2.0,1.0,19.0,17.1,-0.3,0.8,0.5,0.021,-2.6,-0.2,-2.8,-0.2,0.0,2006
295,Linton Johnson,14.6,1.7,4.1,0.409,0.4,1.0,0.361,1.3,3.1,0.425,0.453,0.5,0.8,0.667,1.1,2.3,3.4,0.4,0.3,0.3,0.8,1.7,4.3,0.0,0.0,1250.0,0.0,0.0,0.0,0.0,0.0,0.0,0.0,0.0,0.0,0.0,0.0,0.0,0.0,36.0,7.0,524.0,61.0,149.0,0.409,13.0,36.0,0.361,48.0,113.0,0.425,0.453,18.0,27.0,0.667,40.0,82.0,122.0,14.0,12.0,12.0,28.0,61.0,153.0,0.0,10.1,0.476,0.242,0.181,8.9,19.1,13.8,4.5,1.2,1.9,14.8,16.8,-0.2,0.6,0.4,0.036,-3.0,-1.1,-4.1,-0.3,0.0,2006
296,Jon Barry,17.1,1.3,3.3,0.385,0.6,1.6,0.375,0.7,1.7,0.394,0.477,1.2,1.5,0.828,0.1,1.5,1.6,1.3,0.7,0.1,1.1,1.3,4.3,0.0,0.0,1250.0,0.0,0.0,0.0,0.0,0.0,0.0,0.0,0.0,0.0,0.0,0.0,0.0,0.0,20.0,0.0,342.0,25.0,65.0,0.385,12.0,32.0,0.375,13.0,33.0,0.394,0.477,24.0,29.0,0.828,1.0,30.0,31.0,26.0,13.0,1.0,22.0,25.0,86.0,0.0,8.5,0.553,0.492,0.446,0.3,10.1,5.3,12.5,2.1,0.2,22.1,13.9,0.0,0.4,0.4,0.055,-3.0,1.5,-1.5,0.0,0.0,2006
297,Anthony Grundy,9.0,1.6,3.2,0.5,0.4,1.3,0.333,1.2,1.9,0.609,0.566,0.8,1.2,0.643,0.1,1.3,1.4,0.8,0.6,0.0,0.8,1.2,4.3,0.0,0.0,1250.0,0.0,0.0,0.0,0.0,0.0,0.0,0.0,0.0,0.0,0.0,0.0,0.0,0.0,12.0,0.0,108.0,19.0,38.0,0.5,5.0,15.0,0.333,14.0,23.0,0.609,0.566,9.0,14.0,0.643,1.0,16.0,17.0,9.0,7.0,0.0,9.0,14.0,52.0,0.0,16.6,0.589,0.395,0.368,1.1,18.3,9.5,14.7,3.4,0.0,16.9,22.4,0.1,0.1,0.2,0.095,-1.3,0.9,-0.4,0.0,0.0,2006
298,Jiří Welsch,14.9,1.5,3.8,0.387,0.2,0.8,0.286,1.2,3.0,0.416,0.419,1.1,1.5,0.747,0.4,1.5,1.9,1.1,0.6,0.0,0.7,1.1,4.3,0.0,0.0,1250.0,0.0,0.0,0.0,0.0,0.0,0.0,0.0,0.0,0.0,0.0,0.0,0.0,0.0,58.0,2.0,866.0,86.0,222.0,0.387,14.0,49.0,0.286,72.0,173.0,0.416,0.419,65.0,87.0,0.747,22.0,89.0,111.0,62.0,34.0,1.0,41.0,65.0,251.0,0.0,9.8,0.482,0.221,0.392,3.0,12.4,7.6,11.0,2.1,0.1,13.6,15.9,0.1,0.7,0.8,0.043,-2.6,0.4,-2.2,0.0,0.0,2006
299,Lee Nailon,10.8,1.8,3.6,0.5,0.0,0.0,0.0,1.8,3.6,0.5,0.5,0.6,0.7,0.867,1.0,0.9,1.9,0.3,0.4,0.2,0.5,1.5,4.2,0.0,0.0,1250.0,0.0,0.0,0.0,0.0,0.0,0.0,0.0,0.0,0.0,0.0,0.0,0.0,0.0,22.0,0.0,237.0,40.0,80.0,0.5,0.0,0.0,0.0,40.0,80.0,0.5,0.5,13.0,15.0,0.867,23.0,19.0,42.0,7.0,8.0,4.0,10.0,32.0,93.0,0.0,14.5,0.537,0.0,0.188,11.3,9.4,10.4,5.0,1.7,1.3,10.4,18.6,0.3,0.2,0.5,0.096,-1.4,-1.3,-2.7,0.0,0.0,2006
300,Laron Profit,11.2,1.6,3.4,0.476,0.1,0.7,0.167,1.5,2.6,0.561,0.494,0.8,1.0,0.875,0.3,1.4,1.7,0.6,0.4,0.2,1.0,1.0,4.2,0.0,0.0,1250.0,0.0,0.0,0.0,0.0,0.0,0.0,0.0,0.0,0.0,0.0,0.0,0.0,0.0,25.0,1.0,279.0,40.0,84.0,0.476,3.0,18.0,0.167,37.0,66.0,0.561,0.494,21.0,24.0,0.875,8.0,35.0,43.0,15.0,11.0,5.0,24.0,25.0,104.0,0.0,11.8,0.55,0.214,0.286,3.4,14.7,9.1,8.8,2.1,1.4,20.2,19.4,0.0,0.3,0.3,0.05,-2.2,0.4,-1.8,0.0,0.0,2006
301,Jason Kapono,13.0,1.5,3.5,0.446,0.4,1.0,0.396,1.1,2.4,0.468,0.506,0.5,0.6,0.848,0.2,1.2,1.4,0.7,0.1,0.1,0.4,1.7,4.1,0.0,0.0,1250.0,0.0,0.0,0.0,0.0,0.0,0.0,0.0,0.0,0.0,0.0,0.0,0.0,0.0,51.0,2.0,665.0,79.0,177.0,0.446,21.0,53.0,0.396,58.0,124.0,0.468,0.506,28.0,33.0,0.848,12.0,59.0,71.0,37.0,7.0,3.0,20.0,89.0,207.0,0.0,9.0,0.54,0.299,0.186,2.2,10.0,6.3,8.6,0.6,0.3,9.5,14.7,0.7,0.5,1.2,0.085,-2.3,-0.5,-2.8,-0.1,0.0,2006
302,Hakim Warrick,10.6,1.5,3.4,0.443,0.0,0.0,0.0,1.5,3.4,0.443,0.443,1.1,1.7,0.661,0.6,1.5,2.1,0.4,0.2,0.3,0.8,1.7,4.1,0.0,0.0,1250.0,0.0,0.0,0.0,0.0,0.0,0.0,0.0,0.0,0.0,0.0,0.0,0.0,0.0,68.0,2.0,724.0,101.0,228.0,0.443,0.0,0.0,0.0,101.0,228.0,0.443,0.443,76.0,115.0,0.661,43.0,101.0,144.0,30.0,14.0,21.0,56.0,113.0,278.0,0.0,11.0,0.499,0.0,0.504,7.3,16.8,12.1,7.5,1.1,2.3,16.7,22.5,-0.3,1.1,0.8,0.053,-4.9,-0.1,-5.0,-0.5,0.0,2006
303,Dahntay Jones,13.6,1.5,3.7,0.414,0.0,0.3,0.143,1.5,3.4,0.438,0.42,0.8,1.3,0.645,0.3,1.2,1.5,0.5,0.5,0.2,0.7,1.5,4.0,0.0,0.0,1250.0,0.0,0.0,0.0,0.0,0.0,0.0,0.0,0.0,0.0,0.0,0.0,0.0,0.0,71.0,4.0,967.0,109.0,263.0,0.414,3.0,21.0,0.143,106.0,242.0,0.438,0.42,60.0,93.0,0.645,20.0,84.0,104.0,39.0,38.0,15.0,50.0,108.0,281.0,0.0,8.0,0.462,0.08,0.354,2.5,10.4,6.5,7.0,2.2,1.2,14.1,17.8,-0.9,1.5,0.6,0.029,-5.3,0.9,-4.4,-0.6,0.0,2006
304,Sasha Vujačić,17.7,1.3,3.8,0.346,0.7,2.1,0.343,0.6,1.7,0.35,0.441,0.6,0.6,0.885,0.4,1.5,1.9,1.7,0.6,0.0,0.6,1.8,3.9,0.0,0.0,1250.0,0.0,0.0,0.0,0.0,0.0,0.0,0.0,0.0,0.0,0.0,0.0,0.0,0.0,82.0,4.0,1449.0,108.0,312.0,0.346,59.0,172.0,0.343,49.0,140.0,0.35,0.441,46.0,52.0,0.885,33.0,126.0,159.0,139.0,48.0,3.0,50.0,150.0,321.0,0.0,8.4,0.479,0.551,0.167,2.7,10.2,6.5,14.1,1.7,0.2,13.0,12.1,0.8,1.2,2.0,0.066,-2.6,0.4,-2.2,-0.1,0.0,2006
305,Andris Biedriņš,14.7,1.7,2.7,0.638,0.0,0.0,0.0,1.7,2.7,0.638,0.638,0.3,1.1,0.306,1.8,2.3,4.2,0.4,0.3,0.7,0.5,2.8,3.8,0.0,0.0,1250.0,0.0,0.0,0.0,0.0,0.0,0.0,0.0,0.0,0.0,0.0,0.0,0.0,0.0,68.0,2.0,1000.0,118.0,185.0,0.638,0.0,0.0,0.0,118.0,185.0,0.638,0.638,22.0,72.0,0.306,124.0,159.0,283.0,24.0,23.0,47.0,34.0,190.0,258.0,0.0,13.6,0.595,0.0,0.389,13.5,18.2,15.8,3.9,1.2,3.5,13.6,11.2,1.6,1.3,2.9,0.137,-2.3,0.6,-1.6,0.1,0.0,2006
306,Travis Diener,10.7,1.3,3.0,0.42,1.1,2.5,0.439,0.2,0.5,0.333,0.601,0.2,0.3,0.833,0.2,0.7,0.9,0.7,0.3,0.0,0.4,1.0,3.8,0.0,0.0,1250.0,0.0,0.0,0.0,0.0,0.0,0.0,0.0,0.0,0.0,0.0,0.0,0.0,0.0,23.0,0.0,246.0,29.0,69.0,0.42,25.0,57.0,0.439,4.0,12.0,0.333,0.601,5.0,6.0,0.833,4.0,17.0,21.0,16.0,7.0,0.0,10.0,22.0,88.0,0.0,12.6,0.614,0.826,0.087,2.1,8.3,5.3,10.6,1.5,0.0,12.2,15.7,0.5,0.1,0.6,0.115,1.3,-0.4,0.9,0.2,0.0,2006
307,Daniel Ewing,14.7,1.5,3.9,0.38,0.3,1.2,0.282,1.1,2.7,0.424,0.424,0.5,0.7,0.783,0.3,0.9,1.3,1.3,0.6,0.1,0.9,1.3,3.8,0.0,0.0,1250.0,0.0,0.0,0.0,0.0,0.0,0.0,0.0,0.0,0.0,0.0,0.0,0.0,0.0,66.0,5.0,971.0,97.0,255.0,0.38,22.0,78.0,0.282,75.0,177.0,0.424,0.424,36.0,46.0,0.783,23.0,62.0,85.0,84.0,37.0,6.0,57.0,86.0,252.0,0.0,7.6,0.458,0.306,0.18,2.9,7.1,5.1,13.2,2.0,0.5,17.2,15.8,-0.7,1.0,0.3,0.017,-3.8,0.6,-3.2,-0.3,0.0,2006
308,Danny Fortson,12.0,1.2,2.2,0.529,0.0,0.0,0.0,1.2,2.2,0.529,0.529,1.4,1.9,0.767,1.3,2.0,3.4,0.1,0.2,0.1,1.1,3.3,3.8,0.0,0.0,1250.0,0.0,0.0,0.0,0.0,0.0,0.0,0.0,0.0,0.0,0.0,0.0,0.0,0.0,23.0,1.0,276.0,27.0,51.0,0.529,0.0,0.0,0.0,27.0,51.0,0.529,0.529,33.0,43.0,0.767,31.0,47.0,78.0,2.0,4.0,2.0,26.0,76.0,87.0,0.0,8.5,0.622,0.0,0.843,13.4,20.9,17.1,1.1,0.8,0.6,27.1,15.6,0.2,0.0,0.2,0.038,-6.2,-2.9,-9.1,-0.5,0.0,2006
309,Scot Pollard,17.1,1.6,3.4,0.455,0.0,0.0,0.0,1.6,3.4,0.455,0.455,0.6,0.8,0.763,1.6,3.2,4.8,0.5,0.8,0.4,0.6,2.6,3.8,0.0,0.0,1250.0,0.0,0.0,0.0,0.0,0.0,0.0,0.0,0.0,0.0,0.0,0.0,0.0,0.0,45.0,32.0,771.0,70.0,154.0,0.455,0.0,0.0,0.0,70.0,154.0,0.455,0.455,29.0,38.0,0.763,73.0,145.0,218.0,24.0,37.0,20.0,26.0,115.0,169.0,0.0,12.3,0.495,0.0,0.247,11.3,21.0,16.3,5.1,2.6,1.9,13.2,11.9,0.6,1.6,2.1,0.134,-2.6,2.1,-0.5,0.3,0.0,2006
310,Doug Christie,26.4,1.3,3.7,0.346,0.0,0.1,0.0,1.3,3.6,0.36,0.346,1.1,1.7,0.667,0.3,1.6,1.9,2.0,1.3,0.1,0.9,1.4,3.7,0.0,0.0,1250.0,0.0,0.0,0.0,0.0,0.0,0.0,0.0,0.0,0.0,0.0,0.0,0.0,0.0,7.0,7.0,185.0,9.0,26.0,0.346,0.0,1.0,0.0,9.0,25.0,0.36,0.346,8.0,12.0,0.667,2.0,11.0,13.0,14.0,9.0,1.0,6.0,10.0,26.0,0.0,6.8,0.416,0.038,0.462,1.3,7.0,4.2,10.9,2.7,0.4,16.1,9.4,-0.1,0.2,0.1,0.035,-2.7,1.6,-1.0,0.0,0.0,2006
311,Chuck Hayes,13.4,1.5,2.6,0.562,0.0,0.0,0.0,1.5,2.6,0.567,0.562,0.7,1.1,0.644,1.7,2.8,4.5,0.4,0.7,0.4,0.3,1.9,3.7,0.0,0.0,1250.0,0.0,0.0,0.0,0.0,0.0,0.0,0.0,0.0,0.0,0.0,0.0,0.0,0.0,40.0,0.0,535.0,59.0,105.0,0.562,0.0,1.0,0.0,59.0,104.0,0.567,0.562,29.0,45.0,0.644,67.0,112.0,179.0,14.0,26.0,14.0,12.0,76.0,147.0,0.0,18.0,0.589,0.01,0.429,14.9,24.1,19.6,4.6,2.6,2.1,8.8,12.2,1.2,1.1,2.4,0.212,0.2,1.6,1.8,0.5,0.0,2006
312,Kelvin Cato,12.3,1.3,3.1,0.429,0.0,0.0,0.0,1.3,3.1,0.429,0.429,1.0,1.3,0.743,0.7,1.9,2.6,0.1,0.2,0.4,0.7,1.9,3.6,0.0,0.0,1250.0,0.0,0.0,0.0,0.0,0.0,0.0,0.0,0.0,0.0,0.0,0.0,0.0,0.0,27.0,0.0,333.0,36.0,84.0,0.429,0.0,0.0,0.0,36.0,84.0,0.429,0.429,26.0,35.0,0.743,20.0,50.0,70.0,4.0,6.0,12.0,18.0,52.0,98.0,0.0,9.3,0.493,0.0,0.417,7.6,18.0,12.9,1.9,1.0,2.8,15.3,16.7,0.0,0.4,0.3,0.045,-4.9,-0.3,-5.2,-0.3,0.0,2006
313,Charles Smith,9.5,1.4,3.3,0.417,0.7,1.7,0.395,0.7,1.5,0.441,0.521,0.2,0.4,0.625,0.1,0.6,0.7,0.4,0.2,0.3,0.2,1.3,3.6,0.0,0.0,1250.0,0.0,0.0,0.0,0.0,0.0,0.0,0.0,0.0,0.0,0.0,0.0,0.0,0.0,22.0,4.0,210.0,30.0,72.0,0.417,15.0,38.0,0.395,15.0,34.0,0.441,0.521,5.0,8.0,0.625,3.0,13.0,16.0,9.0,5.0,6.0,4.0,28.0,80.0,0.0,12.0,0.53,0.528,0.111,1.7,7.6,4.6,7.6,1.3,2.2,5.0,17.9,0.2,0.0,0.3,0.06,-0.6,-1.1,-1.7,0.0,0.0,2006
314,Will Bynum,10.8,1.4,3.5,0.404,0.1,0.6,0.222,1.3,2.9,0.442,0.423,0.7,1.1,0.625,0.2,0.6,0.8,1.3,0.5,0.0,0.9,0.7,3.6,0.0,0.0,1250.0,0.0,0.0,0.0,0.0,0.0,0.0,0.0,0.0,0.0,0.0,0.0,0.0,0.0,15.0,0.0,162.0,21.0,52.0,0.404,2.0,9.0,0.222,19.0,43.0,0.442,0.423,10.0,16.0,0.625,3.0,9.0,12.0,19.0,7.0,0.0,14.0,10.0,54.0,0.0,8.7,0.457,0.173,0.308,2.0,6.3,4.1,19.2,2.2,0.0,19.2,20.1,-0.2,0.1,-0.1,-0.021,-4.5,-0.5,-5.0,-0.1,0.0,2006
315,Jason Collins,26.7,1.5,3.7,0.397,0.0,0.2,0.25,1.4,3.5,0.404,0.403,0.6,1.2,0.512,1.3,3.5,4.8,1.0,0.6,0.6,0.9,3.5,3.6,0.0,0.0,1250.0,0.0,0.0,0.0,0.0,0.0,0.0,0.0,0.0,0.0,0.0,0.0,0.0,0.0,71.0,70.0,1895.0,104.0,262.0,0.397,3.0,12.0,0.25,101.0,250.0,0.404,0.403,44.0,86.0,0.512,93.0,249.0,342.0,70.0,46.0,40.0,61.0,251.0,255.0,0.0,5.5,0.425,0.046,0.328,5.7,15.6,10.6,5.7,1.3,1.7,16.9,9.0,-0.9,2.9,2.0,0.051,-5.3,1.5,-3.8,-0.9,0.0,2006
316,Carlos Delfino,10.7,1.3,3.3,0.403,0.3,0.9,0.333,1.0,2.4,0.428,0.447,0.7,1.0,0.672,0.4,1.3,1.7,0.6,0.3,0.2,0.5,1.3,3.6,0.0,0.0,1250.0,0.0,0.0,0.0,0.0,0.0,0.0,0.0,0.0,0.0,0.0,0.0,0.0,0.0,68.0,1.0,726.0,91.0,226.0,0.403,20.0,60.0,0.333,71.0,166.0,0.428,0.447,45.0,67.0,0.672,28.0,85.0,113.0,44.0,21.0,15.0,36.0,86.0,247.0,0.0,10.6,0.483,0.265,0.296,4.5,14.1,9.3,9.7,1.6,1.5,12.4,19.1,0.0,1.0,1.0,0.067,-3.3,0.4,-2.9,-0.2,0.0,2006
317,Royal Ivey,13.4,1.6,3.6,0.439,0.1,0.1,0.4,1.5,3.5,0.441,0.447,0.3,0.5,0.727,0.4,0.9,1.3,1.0,0.3,0.1,0.3,2.0,3.6,0.0,0.0,1250.0,0.0,0.0,0.0,0.0,0.0,0.0,0.0,0.0,0.0,0.0,0.0,0.0,0.0,73.0,66.0,978.0,116.0,264.0,0.439,4.0,10.0,0.4,112.0,254.0,0.441,0.447,24.0,33.0,0.727,31.0,65.0,96.0,74.0,24.0,7.0,23.0,147.0,260.0,0.0,8.4,0.467,0.038,0.125,3.7,8.2,5.9,12.2,1.3,0.5,7.6,14.0,0.6,0.0,0.7,0.034,-3.7,-0.9,-4.6,-0.6,0.0,2006
318,Linas Kleiza,8.5,1.3,2.8,0.445,0.0,0.2,0.154,1.2,2.6,0.469,0.451,0.9,1.3,0.704,0.6,1.3,1.9,0.2,0.2,0.2,0.3,1.4,3.5,0.0,0.0,1250.0,0.0,0.0,0.0,0.0,0.0,0.0,0.0,0.0,0.0,0.0,0.0,0.0,0.0,61.0,2.0,519.0,77.0,173.0,0.445,2.0,13.0,0.154,75.0,160.0,0.469,0.451,57.0,81.0,0.704,38.0,78.0,116.0,15.0,10.0,13.0,16.0,87.0,213.0,0.0,13.2,0.51,0.075,0.468,8.7,17.4,13.1,4.6,1.0,1.9,7.1,19.4,0.6,0.6,1.2,0.111,-2.9,-0.8,-3.7,-0.2,0.0,2006
319,Pape Sow,14.0,1.3,2.9,0.431,0.0,0.0,0.0,1.3,2.9,0.431,0.431,1.0,1.4,0.719,1.3,2.2,3.5,0.2,0.5,0.5,0.7,2.8,3.5,0.0,0.0,1250.0,0.0,0.0,0.0,0.0,0.0,0.0,0.0,0.0,0.0,0.0,0.0,0.0,0.0,42.0,25.0,590.0,53.0,123.0,0.431,0.0,0.0,0.0,53.0,123.0,0.431,0.431,41.0,57.0,0.719,54.0,92.0,146.0,8.0,21.0,19.0,30.0,118.0,147.0,0.0,9.5,0.496,0.0,0.463,10.7,19.9,15.1,2.0,1.9,2.5,16.8,14.0,0.2,0.4,0.6,0.045,-4.9,-0.9,-5.8,-0.6,0.0,2006
320,Vin Baker,10.6,0.9,1.9,0.467,0.0,0.0,0.0,0.9,1.9,0.467,0.467,1.6,2.3,0.722,0.3,2.1,2.4,0.5,0.5,0.5,1.1,1.6,3.4,0.0,0.0,1250.0,0.0,0.0,0.0,0.0,0.0,0.0,0.0,0.0,0.0,0.0,0.0,0.0,0.0,8.0,1.0,85.0,7.0,15.0,0.467,0.0,0.0,0.0,7.0,15.0,0.467,0.467,13.0,18.0,0.722,2.0,17.0,19.0,4.0,4.0,4.0,9.0,13.0,27.0,0.0,11.2,0.589,0.0,1.2,2.9,22.2,13.0,7.0,2.5,3.5,28.2,17.4,0.0,0.2,0.1,0.072,-4.9,2.5,-2.4,0.0,0.0,2006
321,Pat Burke,8.2,1.5,3.0,0.496,0.0,0.2,0.286,1.5,2.9,0.508,0.504,0.3,0.5,0.619,0.5,1.2,1.7,0.4,0.1,0.3,0.8,1.5,3.4,0.0,0.0,1250.0,0.0,0.0,0.0,0.0,0.0,0.0,0.0,0.0,0.0,0.0,0.0,0.0,0.0,42.0,0.0,346.0,63.0,127.0,0.496,2.0,7.0,0.286,61.0,120.0,0.508,0.504,13.0,21.0,0.619,21.0,52.0,73.0,16.0,6.0,13.0,33.0,62.0,141.0,0.0,9.9,0.517,0.055,0.165,6.9,16.3,11.7,6.8,0.9,2.6,19.5,21.9,-0.3,0.4,0.1,0.009,-6.1,-0.1,-6.2,-0.4,0.0,2006
322,Brian Cardinal,11.2,1.3,3.1,0.414,0.4,0.8,0.448,0.9,2.3,0.402,0.473,0.5,0.8,0.704,0.3,1.2,1.5,0.9,0.6,0.0,0.8,1.8,3.4,0.0,0.0,1250.0,0.0,0.0,0.0,0.0,0.0,0.0,0.0,0.0,0.0,0.0,0.0,0.0,0.0,36.0,0.0,402.0,46.0,111.0,0.414,13.0,29.0,0.448,33.0,82.0,0.402,0.473,19.0,27.0,0.704,11.0,44.0,55.0,33.0,23.0,0.0,27.0,65.0,124.0,0.0,10.0,0.505,0.261,0.243,3.4,13.1,8.3,14.2,3.2,0.0,18.0,18.1,-0.1,0.7,0.6,0.074,-4.6,1.7,-2.9,-0.1,0.0,2006
323,C.J. Miles,8.8,1.2,3.3,0.368,0.2,0.9,0.25,1.0,2.4,0.411,0.401,0.8,1.0,0.75,0.8,0.9,1.7,0.7,0.3,0.1,0.4,0.9,3.4,0.0,0.0,1250.0,0.0,0.0,0.0,0.0,0.0,0.0,0.0,0.0,0.0,0.0,0.0,0.0,0.0,23.0,0.0,203.0,28.0,76.0,0.368,5.0,20.0,0.25,23.0,56.0,0.411,0.401,18.0,24.0,0.75,18.0,20.0,38.0,16.0,7.0,2.0,9.0,20.0,79.0,0.0,13.8,0.456,0.263,0.316,10.7,12.0,11.3,14.3,1.9,0.8,9.4,21.8,0.1,0.2,0.3,0.076,-0.2,-1.6,-1.8,0.0,0.0,2006
324,Lamond Murray,10.1,1.3,3.2,0.398,0.5,1.4,0.346,0.8,1.8,0.437,0.472,0.4,0.7,0.625,0.5,1.8,2.3,0.2,0.3,0.1,0.4,1.2,3.4,0.0,0.0,1250.0,0.0,0.0,0.0,0.0,0.0,0.0,0.0,0.0,0.0,0.0,0.0,0.0,0.0,57.0,1.0,576.0,72.0,181.0,0.398,27.0,78.0,0.346,45.0,103.0,0.437,0.472,25.0,40.0,0.625,29.0,103.0,132.0,13.0,17.0,7.0,22.0,66.0,196.0,0.0,10.8,0.493,0.431,0.221,5.8,21.3,13.4,3.9,1.6,1.0,10.0,18.0,-0.1,1.0,0.9,0.076,-2.8,-0.2,-3.0,-0.1,0.0,2006
325,Scott Padgett,11.6,1.1,3.2,0.353,0.7,2.0,0.347,0.5,1.3,0.363,0.458,0.4,0.5,0.794,0.9,1.8,2.7,0.7,0.5,0.2,0.3,1.5,3.4,0.0,0.0,1250.0,0.0,0.0,0.0,0.0,0.0,0.0,0.0,0.0,0.0,0.0,0.0,0.0,0.0,62.0,1.0,718.0,71.0,201.0,0.353,42.0,121.0,0.347,29.0,80.0,0.363,0.458,27.0,34.0,0.794,56.0,109.0,165.0,41.0,28.0,12.0,21.0,90.0,211.0,0.0,12.5,0.489,0.602,0.169,9.0,18.1,13.5,9.5,2.1,1.4,8.9,15.5,0.6,1.3,1.8,0.123,-0.9,0.8,-0.2,0.3,0.0,2006
326,Zoran Planinić,10.6,1.2,3.3,0.361,0.2,1.0,0.232,0.9,2.3,0.417,0.396,0.8,1.2,0.697,0.3,1.1,1.3,0.9,0.4,0.1,0.8,1.6,3.4,0.0,0.0,1250.0,0.0,0.0,0.0,0.0,0.0,0.0,0.0,0.0,0.0,0.0,0.0,0.0,0.0,56.0,1.0,596.0,66.0,183.0,0.361,13.0,56.0,0.232,53.0,127.0,0.417,0.396,46.0,66.0,0.697,14.0,60.0,74.0,53.0,20.0,4.0,43.0,91.0,191.0,0.0,6.9,0.45,0.306,0.361,2.7,12.0,7.3,15.0,1.8,0.5,16.9,20.2,-0.8,0.8,0.1,0.005,-6.1,0.4,-5.7,-0.6,0.0,2006
327,Wayne Simien,9.6,1.3,2.8,0.483,0.0,0.0,0.0,1.3,2.8,0.483,0.483,0.7,0.8,0.882,0.9,1.2,2.0,0.2,0.3,0.0,0.6,1.6,3.4,0.0,0.0,1250.0,0.0,0.0,0.0,0.0,0.0,0.0,0.0,0.0,0.0,0.0,0.0,0.0,0.0,43.0,2.0,414.0,58.0,120.0,0.483,0.0,0.0,0.0,58.0,120.0,0.483,0.483,30.0,34.0,0.882,38.0,50.0,88.0,7.0,13.0,1.0,24.0,70.0,146.0,0.0,11.5,0.541,0.0,0.283,11.3,13.6,12.5,2.7,1.6,0.2,15.1,17.7,0.4,0.5,0.8,0.096,-3.6,-0.7,-4.3,-0.2,0.0,2006
328,James Singleton,12.8,1.3,2.6,0.51,0.2,0.3,0.5,1.1,2.2,0.511,0.543,0.7,0.8,0.78,1.1,2.3,3.3,0.5,0.3,0.4,0.5,1.6,3.4,0.0,0.0,1250.0,0.0,0.0,0.0,0.0,0.0,0.0,0.0,0.0,0.0,0.0,0.0,0.0,0.0,59.0,10.0,753.0,77.0,151.0,0.51,10.0,20.0,0.5,67.0,131.0,0.511,0.543,39.0,50.0,0.78,63.0,134.0,197.0,29.0,19.0,21.0,28.0,95.0,203.0,0.0,13.6,0.587,0.132,0.331,10.2,19.8,15.2,5.9,1.3,2.1,13.9,12.3,1.2,1.1,2.3,0.147,-0.7,1.0,0.4,0.4,0.0,2006
329,Jacque Vaughn,15.4,1.3,3.1,0.437,0.0,0.1,0.167,1.3,3.0,0.444,0.439,0.7,1.0,0.728,0.2,0.9,1.1,1.5,0.5,0.0,0.7,1.8,3.4,0.0,0.0,1250.0,0.0,0.0,0.0,0.0,0.0,0.0,0.0,0.0,0.0,0.0,0.0,0.0,0.0,80.0,6.0,1234.0,107.0,245.0,0.437,1.0,6.0,0.167,106.0,239.0,0.444,0.439,59.0,81.0,0.728,16.0,75.0,91.0,123.0,42.0,1.0,52.0,140.0,274.0,0.0,7.5,0.488,0.024,0.331,1.5,7.2,4.3,16.2,1.8,0.1,15.6,12.7,0.0,1.5,1.5,0.06,-5.3,1.1,-4.1,-0.7,0.0,2006
330,Corliss Williamson,9.8,1.2,2.8,0.417,0.1,0.1,1.0,1.1,2.7,0.406,0.427,1.0,1.3,0.776,0.6,1.2,1.8,0.4,0.2,0.1,0.8,1.5,3.4,0.0,0.0,1250.0,0.0,0.0,0.0,0.0,0.0,0.0,0.0,0.0,0.0,0.0,0.0,0.0,0.0,37.0,0.0,362.0,43.0,103.0,0.417,2.0,2.0,1.0,41.0,101.0,0.406,0.427,38.0,49.0,0.776,21.0,46.0,67.0,14.0,7.0,4.0,30.0,56.0,126.0,0.0,8.1,0.506,0.019,0.476,6.9,14.7,10.8,6.2,1.0,0.8,19.4,19.6,-0.2,0.4,0.2,0.021,-5.1,-0.8,-5.9,-0.4,0.0,2006
331,Richie Frahm,10.4,1.2,3.0,0.39,0.7,2.1,0.329,0.5,0.9,0.533,0.505,0.2,0.3,0.7,0.1,0.9,1.0,0.6,0.1,0.1,0.2,0.9,3.3,0.0,0.0,1250.0,0.0,0.0,0.0,0.0,0.0,0.0,0.0,0.0,0.0,0.0,0.0,0.0,0.0,33.0,0.0,342.0,39.0,100.0,0.39,23.0,70.0,0.329,16.0,30.0,0.533,0.505,7.0,10.0,0.7,3.0,30.0,33.0,21.0,4.0,2.0,8.0,30.0,108.0,0.0,9.4,0.517,0.7,0.1,1.1,10.2,5.7,10.2,0.6,0.4,7.1,15.6,0.2,0.3,0.5,0.071,-1.4,-0.8,-2.2,0.0,0.0,2006
332,Žarko Čabarkapa,8.3,1.1,2.9,0.385,0.1,0.3,0.25,1.0,2.5,0.403,0.399,1.0,1.4,0.714,0.6,1.2,1.8,0.3,0.2,0.1,0.6,1.4,3.3,0.0,0.0,1250.0,0.0,0.0,0.0,0.0,0.0,0.0,0.0,0.0,0.0,0.0,0.0,0.0,0.0,61.0,0.0,505.0,67.0,174.0,0.385,5.0,20.0,0.25,62.0,154.0,0.403,0.399,60.0,84.0,0.714,37.0,74.0,111.0,20.0,13.0,7.0,35.0,87.0,199.0,0.0,9.9,0.472,0.115,0.483,8.0,16.7,12.3,6.5,1.3,1.0,14.2,21.7,-0.2,0.5,0.3,0.031,-4.7,-0.6,-5.3,-0.4,0.0,2006
333,Anthony Carter,13.1,1.2,3.0,0.387,0.1,0.3,0.267,1.1,2.7,0.402,0.401,0.9,1.2,0.727,0.2,1.2,1.4,2.2,0.5,0.2,0.9,1.6,3.3,0.0,0.0,1250.0,0.0,0.0,0.0,0.0,0.0,0.0,0.0,0.0,0.0,0.0,0.0,0.0,0.0,45.0,8.0,589.0,53.0,137.0,0.387,4.0,15.0,0.267,49.0,122.0,0.402,0.401,40.0,55.0,0.727,9.0,53.0,62.0,101.0,24.0,9.0,40.0,71.0,150.0,0.0,10.6,0.465,0.109,0.401,1.9,10.5,6.3,26.9,2.2,1.2,19.9,16.2,-0.1,0.7,0.6,0.047,-3.5,1.2,-2.2,0.0,0.0,2006
334,Dan Dickau,12.3,0.9,2.4,0.37,0.5,1.1,0.5,0.4,1.4,0.269,0.478,0.9,0.9,1.0,0.3,0.6,0.8,2.1,0.6,0.1,0.9,2.1,3.3,0.0,0.0,1250.0,0.0,0.0,0.0,0.0,0.0,0.0,0.0,0.0,0.0,0.0,0.0,0.0,0.0,19.0,0.0,234.0,17.0,46.0,0.37,10.0,20.0,0.5,7.0,26.0,0.269,0.478,18.0,18.0,1.0,5.0,11.0,16.0,40.0,11.0,1.0,18.0,40.0,62.0,0.0,10.4,0.575,0.435,0.391,2.7,5.6,4.2,25.5,2.4,0.3,25.0,14.1,0.3,0.2,0.4,0.09,-2.6,0.2,-2.4,0.0,0.0,2006
335,Jason Hart,12.4,1.3,3.3,0.389,0.1,0.5,0.29,1.2,2.9,0.405,0.41,0.6,0.8,0.661,0.2,0.9,1.1,1.1,0.5,0.1,0.7,1.3,3.3,0.0,0.0,1250.0,0.0,0.0,0.0,0.0,0.0,0.0,0.0,0.0,0.0,0.0,0.0,0.0,0.0,66.0,0.0,818.0,86.0,221.0,0.389,9.0,31.0,0.29,77.0,190.0,0.405,0.41,37.0,56.0,0.661,12.0,59.0,71.0,70.0,31.0,5.0,43.0,85.0,218.0,0.0,7.1,0.444,0.14,0.253,1.7,8.3,5.1,13.4,2.0,0.4,14.9,16.2,-0.7,0.8,0.1,0.006,-5.1,0.4,-4.7,-0.6,0.0,2006
336,Mikki Moore,12.4,1.1,2.6,0.435,0.0,0.0,0.0,1.1,2.6,0.443,0.435,1.0,1.3,0.742,0.9,1.8,2.8,0.6,0.1,0.3,0.9,2.0,3.3,0.0,0.0,1250.0,0.0,0.0,0.0,0.0,0.0,0.0,0.0,0.0,0.0,0.0,0.0,0.0,0.0,47.0,1.0,583.0,54.0,124.0,0.435,0.0,2.0,0.0,54.0,122.0,0.443,0.435,46.0,62.0,0.742,44.0,86.0,130.0,27.0,7.0,15.0,40.0,92.0,154.0,0.0,8.6,0.509,0.016,0.5,9.0,18.1,13.5,6.8,0.6,2.0,20.9,14.7,0.1,0.0,0.1,0.006,-3.9,-1.5,-5.5,-0.5,0.0,2006
337,Eric Williams,12.6,1.0,2.7,0.387,0.2,0.6,0.278,0.9,2.0,0.421,0.42,1.0,1.4,0.737,0.4,1.4,1.8,0.5,0.3,0.1,0.5,2.0,3.3,0.0,0.0,1250.0,0.0,0.0,0.0,0.0,0.0,0.0,0.0,0.0,0.0,0.0,0.0,0.0,0.0,28.0,11.0,352.0,29.0,75.0,0.387,5.0,18.0,0.278,24.0,57.0,0.421,0.42,28.0,38.0,0.737,10.0,40.0,50.0,15.0,7.0,2.0,15.0,55.0,91.0,0.0,6.8,0.496,0.24,0.507,3.3,14.5,8.7,6.3,1.0,0.4,14.1,14.0,0.0,0.0,0.1,0.011,-4.3,-1.4,-5.7,-0.3,0.0,2006
338,Howard Eisley,12.3,1.1,3.2,0.33,0.4,1.3,0.31,0.7,1.9,0.344,0.393,0.6,0.8,0.833,0.1,0.9,1.0,2.2,0.3,0.1,0.7,1.1,3.2,0.0,0.0,1250.0,0.0,0.0,0.0,0.0,0.0,0.0,0.0,0.0,0.0,0.0,0.0,0.0,0.0,32.0,0.0,394.0,34.0,103.0,0.33,13.0,42.0,0.31,21.0,61.0,0.344,0.393,20.0,24.0,0.833,3.0,30.0,33.0,69.0,11.0,2.0,21.0,34.0,101.0,0.0,9.2,0.445,0.408,0.233,0.9,8.7,4.9,25.6,1.4,0.4,15.6,15.4,0.0,0.3,0.3,0.037,-2.6,-0.2,-2.7,-0.1,0.0,2006
339,Michael Doleac,12.0,1.2,2.8,0.42,0.0,0.0,0.0,1.2,2.8,0.42,0.42,0.8,1.0,0.8,0.7,2.0,2.7,0.3,0.3,0.2,0.5,1.5,3.2,0.0,0.0,1250.0,0.0,0.0,0.0,0.0,0.0,0.0,0.0,0.0,0.0,0.0,0.0,0.0,0.0,31.0,3.0,371.0,37.0,88.0,0.42,0.0,0.0,0.0,37.0,88.0,0.42,0.42,24.0,30.0,0.8,23.0,62.0,85.0,8.0,10.0,7.0,14.0,45.0,98.0,0.0,9.9,0.484,0.0,0.341,7.6,18.9,13.5,3.2,1.4,1.4,12.2,14.3,0.1,0.5,0.6,0.079,-3.6,-0.4,-3.9,-0.2,0.0,2006
340,Orien Greene,15.4,1.3,3.2,0.395,0.1,0.5,0.225,1.1,2.7,0.427,0.413,0.6,0.9,0.662,0.5,1.4,1.8,1.6,1.0,0.1,1.4,2.3,3.2,0.0,0.0,1250.0,0.0,0.0,0.0,0.0,0.0,0.0,0.0,0.0,0.0,0.0,0.0,0.0,0.0,80.0,5.0,1235.0,100.0,253.0,0.395,9.0,40.0,0.225,91.0,213.0,0.427,0.413,45.0,68.0,0.662,37.0,108.0,145.0,129.0,77.0,10.0,109.0,181.0,254.0,0.0,6.4,0.449,0.158,0.269,3.7,10.4,7.2,15.8,3.2,0.6,27.8,14.6,-1.8,1.4,-0.3,-0.013,-5.9,1.4,-4.4,-0.8,0.0,2006
341,Sean Marks,7.2,1.5,2.8,0.521,0.0,0.1,0.0,1.5,2.7,0.544,0.521,0.3,0.5,0.583,0.5,1.2,1.7,0.3,0.2,0.3,0.3,0.8,3.2,0.0,0.0,1250.0,0.0,0.0,0.0,0.0,0.0,0.0,0.0,0.0,0.0,0.0,0.0,0.0,0.0,25.0,0.0,181.0,37.0,71.0,0.521,0.0,3.0,0.0,37.0,68.0,0.544,0.521,7.0,12.0,0.583,12.0,31.0,43.0,7.0,5.0,7.0,7.0,21.0,81.0,0.0,17.9,0.531,0.042,0.169,8.0,19.8,14.0,7.0,1.5,2.8,8.4,22.0,0.2,0.4,0.6,0.156,-1.1,1.0,-0.1,0.1,0.0,2006
342,Matt Barnes,11.3,1.3,2.5,0.5,0.1,0.3,0.2,1.2,2.2,0.536,0.511,0.6,0.8,0.681,0.9,1.3,2.2,0.5,0.4,0.1,0.5,1.8,3.1,0.0,0.0,1250.0,0.0,0.0,0.0,0.0,0.0,0.0,0.0,0.0,0.0,0.0,0.0,0.0,0.0,56.0,5.0,631.0,70.0,140.0,0.5,3.0,15.0,0.2,67.0,125.0,0.536,0.511,32.0,47.0,0.681,48.0,73.0,121.0,28.0,20.0,7.0,30.0,100.0,175.0,0.0,10.7,0.545,0.107,0.336,8.9,13.7,11.3,7.0,1.6,0.8,15.7,13.8,0.5,0.4,1.0,0.075,-3.0,-0.1,-3.1,-0.2,0.0,2006
343,Rawle Marshall,10.5,1.0,2.6,0.4,0.0,0.1,0.333,1.0,2.5,0.404,0.408,1.0,1.3,0.759,0.3,1.0,1.3,0.4,0.3,0.3,0.7,0.7,3.1,0.0,0.0,1250.0,0.0,0.0,0.0,0.0,0.0,0.0,0.0,0.0,0.0,0.0,0.0,0.0,0.0,23.0,9.0,241.0,24.0,60.0,0.4,1.0,3.0,0.333,23.0,57.0,0.404,0.408,22.0,29.0,0.759,8.0,23.0,31.0,10.0,8.0,7.0,15.0,17.0,71.0,0.0,10.1,0.488,0.05,0.483,4.1,11.3,7.7,6.5,1.8,2.2,17.1,17.0,-0.1,0.3,0.2,0.043,-1.8,0.0,-1.8,0.0,0.0,2006
344,Jim Jackson,12.8,1.2,4.0,0.294,0.5,1.9,0.243,0.7,2.2,0.337,0.35,0.2,0.3,0.692,0.3,1.6,1.9,0.9,0.3,0.2,0.9,1.3,3.0,0.0,0.0,1250.0,0.0,0.0,0.0,0.0,0.0,0.0,0.0,0.0,0.0,0.0,0.0,0.0,0.0,40.0,1.0,512.0,47.0,160.0,0.294,18.0,74.0,0.243,29.0,86.0,0.337,0.35,9.0,13.0,0.692,11.0,65.0,76.0,35.0,12.0,6.0,35.0,51.0,121.0,0.0,3.0,0.365,0.463,0.081,2.4,14.0,8.3,9.1,1.2,0.8,17.4,17.6,-1.3,0.5,-0.8,-0.078,-6.2,-0.3,-6.5,-0.6,0.0,2006
345,Sergei Monia,13.2,1.1,3.3,0.333,0.3,1.3,0.265,0.8,2.0,0.377,0.385,0.4,0.5,0.714,0.4,1.6,2.0,0.7,0.3,0.2,0.5,1.6,3.0,0.0,0.0,1250.0,0.0,0.0,0.0,0.0,0.0,0.0,0.0,0.0,0.0,0.0,0.0,0.0,0.0,26.0,15.0,343.0,29.0,87.0,0.333,9.0,34.0,0.265,20.0,53.0,0.377,0.385,10.0,14.0,0.714,11.0,41.0,52.0,19.0,7.0,5.0,12.0,41.0,77.0,0.0,6.3,0.413,0.391,0.161,3.8,14.6,9.1,8.9,1.1,1.1,11.4,14.5,-0.3,0.1,-0.2,-0.025,-4.2,-1.1,-5.3,-0.3,0.0,2006
346,Kris Humphries,10.0,1.2,3.3,0.379,0.0,0.1,0.0,1.2,3.2,0.389,0.379,0.5,1.0,0.523,0.9,1.6,2.5,0.5,0.4,0.3,0.5,1.3,3.0,0.0,0.0,1250.0,0.0,0.0,0.0,0.0,0.0,0.0,0.0,0.0,0.0,0.0,0.0,0.0,0.0,62.0,2.0,619.0,77.0,203.0,0.379,0.0,5.0,0.0,77.0,198.0,0.389,0.379,34.0,65.0,0.523,56.0,101.0,157.0,30.0,23.0,16.0,31.0,82.0,188.0,0.0,10.3,0.406,0.025,0.32,10.9,20.0,15.4,8.6,2.0,2.2,11.8,19.7,-0.6,0.8,0.2,0.019,-4.0,-0.5,-4.5,-0.4,0.0,2006
347,Jerome James,9.0,1.2,2.7,0.463,0.0,0.0,0.0,1.2,2.7,0.463,0.463,0.6,0.9,0.625,0.9,1.2,2.0,0.3,0.1,0.5,1.1,2.3,3.0,0.0,0.0,1250.0,0.0,0.0,0.0,0.0,0.0,0.0,0.0,0.0,0.0,0.0,0.0,0.0,0.0,45.0,9.0,406.0,56.0,121.0,0.463,0.0,0.0,0.0,56.0,121.0,0.463,0.463,25.0,40.0,0.625,39.0,52.0,91.0,12.0,3.0,23.0,51.0,104.0,137.0,0.0,6.3,0.494,0.0,0.331,11.6,15.7,13.6,5.2,0.4,4.6,26.9,21.2,-0.7,0.2,-0.5,-0.062,-8.2,-1.1,-9.3,-0.8,0.0,2006
348,Andre Owens,9.1,1.2,3.2,0.365,0.1,0.7,0.188,1.0,2.5,0.414,0.385,0.5,0.8,0.667,0.5,0.4,0.9,0.3,0.2,0.0,0.6,1.1,3.0,0.0,0.0,1250.0,0.0,0.0,0.0,0.0,0.0,0.0,0.0,0.0,0.0,0.0,0.0,0.0,0.0,23.0,2.0,210.0,27.0,74.0,0.365,3.0,16.0,0.188,24.0,58.0,0.414,0.385,12.0,18.0,0.667,11.0,10.0,21.0,8.0,5.0,0.0,13.0,25.0,69.0,0.0,5.2,0.421,0.216,0.243,6.3,5.8,6.1,6.8,1.3,0.0,13.7,20.9,-0.3,0.1,-0.2,-0.047,-6.0,-2.3,-8.3,-0.3,0.0,2006
349,Pavel Podkolzin,18.0,0.0,2.0,0.0,0.0,0.0,0.0,0.0,2.0,0.0,0.0,3.0,6.0,0.5,0.0,7.0,7.0,0.0,0.0,1.0,2.0,0.0,3.0,0.0,0.0,1250.0,0.0,0.0,0.0,0.0,0.0,0.0,0.0,0.0,0.0,0.0,0.0,0.0,0.0,1.0,0.0,18.0,0.0,2.0,0.0,0.0,0.0,0.0,0.0,2.0,0.0,0.0,3.0,6.0,0.5,0.0,7.0,7.0,0.0,0.0,1.0,2.0,0.0,3.0,0.0,2.3,0.323,0.0,3.0,0.0,45.9,23.4,0.0,0.0,4.2,30.1,17.2,-0.1,0.0,-0.1,-0.135,-8.3,-0.9,-9.3,0.0,0.0,2006
350,Josh Powell,11.6,1.0,2.2,0.457,0.0,0.0,0.0,1.0,2.2,0.457,0.457,1.0,1.2,0.8,0.8,1.4,2.2,0.2,0.2,0.1,0.6,1.4,3.0,0.0,0.0,1250.0,0.0,0.0,0.0,0.0,0.0,0.0,0.0,0.0,0.0,0.0,0.0,0.0,0.0,37.0,2.0,429.0,37.0,81.0,0.457,0.0,0.0,0.0,37.0,81.0,0.457,0.457,36.0,45.0,0.8,28.0,53.0,81.0,9.0,7.0,4.0,22.0,52.0,110.0,0.0,9.2,0.546,0.0,0.556,8.0,14.6,11.4,3.2,0.9,0.7,17.9,13.4,0.3,0.4,0.7,0.079,-2.7,-0.9,-3.6,-0.2,0.0,2006
351,Brian Skinner,14.5,1.3,2.5,0.513,0.0,0.0,0.0,1.3,2.5,0.513,0.513,0.4,0.9,0.482,1.2,2.3,3.5,0.5,0.4,0.7,0.7,1.8,2.9,0.0,0.0,1250.0,0.0,0.0,0.0,0.0,0.0,0.0,0.0,0.0,0.0,0.0,0.0,0.0,0.0,65.0,5.0,944.0,82.0,160.0,0.513,0.0,0.0,0.0,82.0,160.0,0.513,0.513,27.0,56.0,0.482,76.0,152.0,228.0,30.0,25.0,43.0,45.0,119.0,191.0,0.0,10.5,0.517,0.0,0.35,9.5,19.2,14.3,5.0,1.4,3.4,19.6,11.4,0.1,1.0,1.1,0.057,-3.1,0.4,-2.7,-0.2,0.0,2006
352,Lonny Baxter,9.8,1.1,2.5,0.433,0.0,0.0,0.0,1.1,2.5,0.433,0.433,0.7,0.9,0.8,1.1,1.8,2.9,0.1,0.3,0.2,0.5,1.4,2.9,0.0,0.0,1250.0,0.0,0.0,0.0,0.0,0.0,0.0,0.0,0.0,0.0,0.0,0.0,0.0,0.0,41.0,0.0,400.0,45.0,104.0,0.433,0.0,0.0,0.0,45.0,104.0,0.433,0.433,28.0,35.0,0.8,45.0,72.0,117.0,4.0,11.0,8.0,20.0,56.0,118.0,0.0,11.9,0.494,0.0,0.337,13.2,21.3,17.1,1.7,1.5,1.6,14.3,16.2,0.1,0.6,0.7,0.088,-3.7,-0.8,-4.5,-0.2,0.0,2006
353,Brian Grant,11.8,1.3,3.1,0.415,0.0,0.0,0.0,1.3,3.1,0.415,0.415,0.3,0.4,0.875,0.5,2.2,2.7,0.3,0.2,0.1,0.3,2.1,2.9,0.0,0.0,1250.0,0.0,0.0,0.0,0.0,0.0,0.0,0.0,0.0,0.0,0.0,0.0,0.0,0.0,21.0,2.0,248.0,27.0,65.0,0.415,0.0,0.0,0.0,27.0,65.0,0.415,0.415,7.0,8.0,0.875,11.0,46.0,57.0,7.0,5.0,3.0,7.0,45.0,61.0,0.0,6.6,0.445,0.0,0.123,5.0,20.1,12.8,3.8,1.0,0.8,9.3,13.6,-0.1,0.3,0.2,0.041,-5.8,-0.2,-6.0,-0.3,0.0,2006
354,Lindsey Hunter,11.8,1.2,3.3,0.37,0.4,1.4,0.256,0.9,1.9,0.456,0.425,0.1,0.1,0.5,0.3,1.0,1.3,2.1,0.6,0.0,0.7,1.5,2.9,0.0,0.0,1250.0,0.0,0.0,0.0,0.0,0.0,0.0,0.0,0.0,0.0,0.0,0.0,0.0,0.0,30.0,1.0,353.0,37.0,100.0,0.37,11.0,43.0,0.256,26.0,57.0,0.456,0.425,2.0,4.0,0.5,10.0,30.0,40.0,62.0,19.0,1.0,20.0,44.0,87.0,0.0,10.5,0.427,0.43,0.04,3.3,10.2,6.7,27.1,3.0,0.2,16.4,16.4,0.0,0.5,0.5,0.066,-3.6,2.0,-1.6,0.0,0.0,2006
355,Mario Kasun,7.6,1.1,2.5,0.449,0.0,0.0,0.0,1.1,2.5,0.449,0.449,0.6,0.8,0.783,0.9,1.3,2.1,0.1,0.1,0.1,0.5,2.5,2.9,0.0,0.0,1250.0,0.0,0.0,0.0,0.0,0.0,0.0,0.0,0.0,0.0,0.0,0.0,0.0,0.0,28.0,0.0,213.0,31.0,69.0,0.449,0.0,0.0,0.0,31.0,69.0,0.449,0.449,18.0,23.0,0.783,24.0,36.0,60.0,3.0,2.0,3.0,15.0,69.0,80.0,0.0,8.9,0.506,0.0,0.333,14.3,20.3,17.4,2.4,0.5,1.1,15.9,20.9,0.1,0.2,0.3,0.059,-7.2,-1.8,-9.0,-0.4,0.0,2006
356,Brian Scalabrine,13.2,1.0,2.7,0.383,0.4,1.2,0.356,0.6,1.5,0.406,0.464,0.4,0.5,0.722,0.4,1.2,1.6,0.7,0.3,0.3,0.7,1.8,2.9,0.0,0.0,1250.0,0.0,0.0,0.0,0.0,0.0,0.0,0.0,0.0,0.0,0.0,0.0,0.0,0.0,71.0,1.0,938.0,74.0,193.0,0.383,31.0,87.0,0.356,43.0,106.0,0.406,0.464,26.0,36.0,0.722,27.0,87.0,114.0,51.0,21.0,19.0,50.0,127.0,205.0,0.0,5.9,0.491,0.451,0.187,3.6,11.0,7.4,8.2,1.2,1.5,19.3,12.7,-0.4,0.7,0.3,0.015,-3.5,-0.1,-3.6,-0.4,0.0,2006
357,Dorell Wright,6.6,1.0,2.2,0.465,0.2,0.3,0.5,0.9,1.9,0.459,0.5,0.8,0.9,0.882,0.1,1.5,1.6,0.4,0.2,0.1,0.7,0.6,2.9,0.0,0.0,1250.0,0.0,0.0,0.0,0.0,0.0,0.0,0.0,0.0,0.0,0.0,0.0,0.0,0.0,20.0,2.0,132.0,20.0,43.0,0.465,3.0,6.0,0.5,17.0,37.0,0.459,0.5,15.0,17.0,0.882,2.0,30.0,32.0,8.0,3.0,1.0,14.0,12.0,58.0,0.0,13.2,0.574,0.14,0.395,1.9,25.6,14.3,9.8,1.2,0.6,21.7,22.6,0.0,0.2,0.2,0.064,-2.6,0.0,-2.6,0.0,0.0,2006
358,Moochie Norris,9.4,1.0,2.5,0.411,0.1,0.3,0.286,0.9,2.2,0.429,0.429,0.6,0.9,0.69,0.3,0.9,1.2,1.1,0.4,0.0,0.7,1.1,2.8,0.0,0.0,1250.0,0.0,0.0,0.0,0.0,0.0,0.0,0.0,0.0,0.0,0.0,0.0,0.0,0.0,45.0,0.0,424.0,46.0,112.0,0.411,4.0,14.0,0.286,42.0,98.0,0.429,0.429,29.0,42.0,0.69,12.0,42.0,54.0,50.0,20.0,1.0,33.0,49.0,125.0,0.0,10.1,0.479,0.125,0.375,3.4,11.7,7.5,20.1,2.6,0.2,20.2,18.2,-0.3,0.5,0.3,0.029,-4.2,1.3,-3.0,-0.1,0.0,2006
359,Chris Taft,8.5,1.4,2.2,0.605,0.0,0.0,0.0,1.4,2.2,0.605,0.605,0.1,0.4,0.167,1.1,1.0,2.1,0.1,0.1,0.4,0.1,1.5,2.8,0.0,0.0,1250.0,0.0,0.0,0.0,0.0,0.0,0.0,0.0,0.0,0.0,0.0,0.0,0.0,0.0,17.0,0.0,144.0,23.0,38.0,0.605,0.0,0.0,0.0,23.0,38.0,0.605,0.605,1.0,6.0,0.167,19.0,17.0,36.0,2.0,2.0,7.0,2.0,25.0,47.0,0.0,15.6,0.578,0.0,0.158,14.4,13.5,13.9,2.4,0.7,3.6,4.7,13.2,0.3,0.1,0.5,0.155,-0.8,0.2,-0.7,0.0,0.0,2006
360,Dijon Thompson,4.3,1.1,2.5,0.44,0.4,1.1,0.364,0.7,1.4,0.5,0.52,0.2,0.2,1.0,0.4,0.7,1.1,0.1,0.3,0.1,0.2,0.6,2.8,0.0,0.0,1250.0,0.0,0.0,0.0,0.0,0.0,0.0,0.0,0.0,0.0,0.0,0.0,0.0,0.0,10.0,0.0,43.0,11.0,25.0,0.44,4.0,11.0,0.364,7.0,14.0,0.5,0.52,2.0,2.0,1.0,4.0,7.0,11.0,1.0,3.0,1.0,2.0,6.0,28.0,0.0,22.0,0.541,0.44,0.08,10.6,17.7,14.2,3.9,3.5,1.6,7.2,29.1,0.1,0.1,0.1,0.146,1.7,1.2,2.9,0.1,0.0,2006
361,Ime Udoka,14.3,1.1,3.0,0.375,0.1,0.4,0.333,1.0,2.6,0.381,0.396,0.4,0.8,0.5,0.4,1.8,2.1,0.8,0.1,0.0,0.3,1.0,2.8,0.0,0.0,1250.0,0.0,0.0,0.0,0.0,0.0,0.0,0.0,0.0,0.0,0.0,0.0,0.0,0.0,8.0,0.0,114.0,9.0,24.0,0.375,1.0,3.0,0.333,8.0,21.0,0.381,0.396,3.0,6.0,0.5,3.0,14.0,17.0,6.0,1.0,0.0,2.0,8.0,22.0,0.0,6.1,0.413,0.125,0.25,3.2,15.1,9.1,8.4,0.5,0.0,7.0,11.4,0.0,0.0,0.0,0.001,-3.3,-2.2,-5.4,-0.1,0.0,2006
362,Mateen Cleaves,8.5,0.9,2.6,0.352,0.1,0.6,0.25,0.8,2.0,0.382,0.38,0.7,0.9,0.792,0.1,0.4,0.5,1.6,0.1,0.1,0.5,1.1,2.7,0.0,0.0,1250.0,0.0,0.0,0.0,0.0,0.0,0.0,0.0,0.0,0.0,0.0,0.0,0.0,0.0,27.0,0.0,230.0,25.0,71.0,0.352,4.0,16.0,0.25,21.0,55.0,0.382,0.38,19.0,24.0,0.792,2.0,12.0,14.0,42.0,3.0,2.0,14.0,30.0,73.0,0.0,9.1,0.448,0.225,0.338,1.0,6.4,3.7,27.4,0.7,0.7,14.7,18.6,0.1,-0.1,0.0,-0.005,-2.0,-3.0,-5.0,-0.2,0.0,2006
363,Luke Jackson,8.8,0.8,2.4,0.341,0.3,1.0,0.333,0.5,1.4,0.347,0.412,0.7,0.9,0.788,0.4,0.7,1.1,0.7,0.3,0.1,0.9,0.8,2.7,0.0,0.0,1250.0,0.0,0.0,0.0,0.0,0.0,0.0,0.0,0.0,0.0,0.0,0.0,0.0,0.0,36.0,0.0,315.0,29.0,85.0,0.341,12.0,36.0,0.333,17.0,49.0,0.347,0.412,26.0,33.0,0.788,16.0,24.0,40.0,25.0,11.0,2.0,31.0,30.0,96.0,0.0,7.9,0.482,0.424,0.388,6.0,9.1,7.5,12.4,1.9,0.5,23.8,19.2,-0.3,0.3,0.0,-0.003,-3.3,-0.7,-4.0,-0.2,0.0,2006
364,Kevin Ollie,15.3,1.1,2.5,0.431,0.0,0.0,0.333,1.1,2.4,0.433,0.434,0.6,0.7,0.837,0.2,1.2,1.4,1.4,0.5,0.0,0.4,1.5,2.7,0.0,0.0,1250.0,0.0,0.0,0.0,0.0,0.0,0.0,0.0,0.0,0.0,0.0,0.0,0.0,0.0,70.0,23.0,1069.0,75.0,174.0,0.431,1.0,3.0,0.333,74.0,171.0,0.433,0.434,41.0,49.0,0.837,13.0,85.0,98.0,101.0,33.0,3.0,29.0,103.0,192.0,0.0,7.8,0.491,0.017,0.282,1.4,9.3,5.4,13.8,1.6,0.2,12.9,9.6,0.5,0.5,1.1,0.048,-3.8,0.1,-3.7,-0.5,0.0,2006
365,Donell Taylor,9.1,1.0,2.7,0.39,0.1,0.3,0.235,1.0,2.3,0.412,0.404,0.6,0.8,0.698,0.3,0.7,1.0,0.9,0.6,0.1,0.7,0.9,2.7,0.0,0.0,1250.0,0.0,0.0,0.0,0.0,0.0,0.0,0.0,0.0,0.0,0.0,0.0,0.0,0.0,51.0,1.0,465.0,53.0,136.0,0.39,4.0,17.0,0.235,49.0,119.0,0.412,0.404,30.0,43.0,0.698,16.0,37.0,53.0,45.0,30.0,4.0,34.0,47.0,140.0,0.0,10.1,0.452,0.125,0.316,3.9,9.5,6.6,15.2,3.4,0.7,18.0,18.1,-0.3,0.5,0.2,0.017,-3.5,1.1,-2.4,0.0,0.0,2006
366,Stephen Graham,8.0,1.0,2.5,0.389,0.1,0.5,0.2,0.9,2.0,0.432,0.407,0.6,0.7,0.933,0.2,1.0,1.2,0.3,0.2,0.1,0.6,1.4,2.6,0.0,0.0,1250.0,0.0,0.0,0.0,0.0,0.0,0.0,0.0,0.0,0.0,0.0,0.0,0.0,0.0,22.0,0.0,175.0,21.0,54.0,0.389,2.0,10.0,0.2,19.0,44.0,0.432,0.407,14.0,15.0,0.933,5.0,22.0,27.0,7.0,5.0,2.0,13.0,31.0,58.0,0.0,6.9,0.479,0.185,0.278,3.4,14.8,9.1,6.9,1.5,0.9,17.7,19.6,-0.2,0.2,0.0,0.009,-6.0,0.3,-5.8,-0.2,0.0,2006
367,Shandon Anderson,13.3,1.1,2.6,0.429,0.1,0.4,0.263,1.0,2.2,0.458,0.448,0.3,0.4,0.722,0.4,1.3,1.7,0.6,0.4,0.1,0.5,1.6,2.6,0.0,0.0,1250.0,0.0,0.0,0.0,0.0,0.0,0.0,0.0,0.0,0.0,0.0,0.0,0.0,0.0,48.0,1.0,638.0,54.0,126.0,0.429,5.0,19.0,0.263,49.0,107.0,0.458,0.448,13.0,18.0,0.722,18.0,63.0,81.0,30.0,17.0,6.0,24.0,75.0,126.0,0.0,6.2,0.47,0.151,0.143,3.5,11.1,7.5,6.9,1.4,0.7,15.2,11.4,-0.1,0.7,0.5,0.039,-4.1,0.4,-3.7,-0.3,0.0,2006
368,Darrick Martin,8.5,0.9,2.4,0.351,0.4,1.0,0.4,0.5,1.4,0.316,0.433,0.5,0.6,0.75,0.1,0.5,0.5,1.4,0.4,0.0,0.4,1.1,2.6,0.0,0.0,1250.0,0.0,0.0,0.0,0.0,0.0,0.0,0.0,0.0,0.0,0.0,0.0,0.0,0.0,40.0,0.0,339.0,34.0,97.0,0.351,16.0,40.0,0.4,18.0,57.0,0.316,0.433,18.0,24.0,0.75,2.0,18.0,20.0,57.0,17.0,0.0,15.0,42.0,102.0,0.0,11.5,0.474,0.412,0.247,0.7,6.8,3.6,25.7,2.6,0.0,12.2,16.7,0.3,0.1,0.4,0.052,-1.6,-0.5,-2.1,0.0,0.0,2006
369,Dikembe Mutombo,14.9,0.8,1.5,0.526,0.0,0.0,0.0,0.8,1.5,0.526,0.526,1.1,1.4,0.758,1.6,3.2,4.8,0.1,0.3,0.9,0.5,2.0,2.6,0.0,0.0,1250.0,0.0,0.0,0.0,0.0,0.0,0.0,0.0,0.0,0.0,0.0,0.0,0.0,0.0,64.0,23.0,955.0,50.0,95.0,0.526,0.0,0.0,0.0,50.0,95.0,0.526,0.526,69.0,91.0,0.758,100.0,206.0,306.0,4.0,17.0,57.0,35.0,128.0,169.0,0.0,12.7,0.626,0.0,0.958,12.5,24.9,18.8,0.7,1.0,4.9,20.6,8.5,1.3,1.8,3.1,0.156,-2.3,1.5,-0.8,0.3,0.0,2006
370,Melvin Sanders,7.1,1.0,2.1,0.485,0.1,0.2,0.667,0.9,1.9,0.467,0.515,0.4,0.6,0.7,0.3,1.2,1.4,0.2,0.3,0.0,0.5,1.3,2.6,0.0,0.0,1250.0,0.0,0.0,0.0,0.0,0.0,0.0,0.0,0.0,0.0,0.0,0.0,0.0,0.0,16.0,0.0,113.0,16.0,33.0,0.485,2.0,3.0,0.667,14.0,30.0,0.467,0.515,7.0,10.0,0.7,4.0,19.0,23.0,3.0,5.0,0.0,8.0,20.0,41.0,0.0,10.5,0.548,0.091,0.303,4.3,19.4,12.0,4.3,2.4,0.0,17.6,19.2,0.0,0.2,0.2,0.093,-5.5,1.6,-3.9,-0.1,0.0,2006
371,Vitaly Potapenko,10.7,1.1,2.2,0.521,0.0,0.0,0.0,1.1,2.2,0.521,0.521,0.3,0.5,0.588,0.8,1.1,1.9,0.3,0.1,0.1,0.5,1.5,2.5,0.0,0.0,1250.0,0.0,0.0,0.0,0.0,0.0,0.0,0.0,0.0,0.0,0.0,0.0,0.0,0.0,33.0,12.0,353.0,37.0,71.0,0.521,0.0,0.0,0.0,37.0,71.0,0.521,0.521,10.0,17.0,0.588,27.0,37.0,64.0,9.0,2.0,2.0,16.0,50.0,84.0,0.0,7.4,0.535,0.0,0.239,9.1,12.8,10.9,3.9,0.3,0.4,16.9,12.0,0.2,-0.1,0.1,0.012,-3.7,-3.0,-6.7,-0.4,0.0,2006
372,Anfernee Hardaway,18.0,1.0,3.5,0.286,0.0,0.3,0.0,1.0,3.3,0.308,0.286,0.5,0.5,1.0,0.0,2.5,2.5,2.0,0.5,0.0,1.5,1.8,2.5,0.0,0.0,1250.0,0.0,0.0,0.0,0.0,0.0,0.0,0.0,0.0,0.0,0.0,0.0,0.0,0.0,4.0,0.0,72.0,4.0,14.0,0.286,0.0,1.0,0.0,4.0,13.0,0.308,0.286,2.0,2.0,1.0,0.0,10.0,10.0,8.0,2.0,0.0,6.0,7.0,10.0,0.0,2.0,0.336,0.071,0.143,0.0,17.1,8.4,17.0,1.5,0.0,28.7,13.1,-0.2,0.0,-0.2,-0.101,-6.1,0.4,-5.7,-0.1,0.0,2006
373,Alan Henderson,10.4,0.9,1.8,0.516,0.0,0.0,0.0,0.9,1.8,0.516,0.516,0.6,1.0,0.673,1.2,1.5,2.7,0.2,0.2,0.2,0.4,1.1,2.5,0.0,0.0,1250.0,0.0,0.0,0.0,0.0,0.0,0.0,0.0,0.0,0.0,0.0,0.0,0.0,0.0,51.0,3.0,531.0,47.0,91.0,0.516,0.0,0.0,0.0,47.0,91.0,0.516,0.516,33.0,49.0,0.673,60.0,77.0,137.0,10.0,9.0,12.0,22.0,58.0,127.0,0.0,12.2,0.564,0.0,0.538,13.3,17.3,15.3,2.9,0.9,1.7,16.3,11.7,0.7,0.6,1.3,0.116,-1.3,-0.8,-2.1,0.0,0.0,2006
374,Walter McCarty,9.8,0.9,2.8,0.333,0.3,1.3,0.222,0.6,1.5,0.426,0.384,0.3,0.6,0.571,0.4,1.5,1.9,0.6,0.2,0.1,0.5,1.4,2.4,0.0,0.0,1250.0,0.0,0.0,0.0,0.0,0.0,0.0,0.0,0.0,0.0,0.0,0.0,0.0,0.0,36.0,1.0,353.0,33.0,99.0,0.333,10.0,45.0,0.222,23.0,54.0,0.426,0.384,12.0,21.0,0.571,15.0,53.0,68.0,23.0,8.0,5.0,19.0,52.0,88.0,0.0,5.9,0.407,0.455,0.212,5.2,16.7,11.2,9.8,1.2,1.1,14.9,16.7,-0.5,0.5,0.0,-0.001,-4.7,0.0,-4.7,-0.2,0.0,2006
375,Greg Ostertag,13.5,1.0,2.1,0.492,0.0,0.0,0.0,1.0,2.1,0.492,0.492,0.4,0.8,0.5,1.4,2.4,3.8,1.0,0.1,1.1,0.8,2.2,2.4,0.0,0.0,1250.0,0.0,0.0,0.0,0.0,0.0,0.0,0.0,0.0,0.0,0.0,0.0,0.0,0.0,60.0,22.0,807.0,61.0,124.0,0.492,0.0,0.0,0.0,61.0,124.0,0.492,0.492,24.0,48.0,0.5,82.0,143.0,225.0,58.0,6.0,66.0,46.0,129.0,146.0,0.0,11.6,0.503,0.0,0.387,12.2,21.7,16.9,11.7,0.4,6.8,24.1,11.0,0.2,1.1,1.3,0.076,-3.3,2.0,-1.4,0.1,0.0,2006
376,Rafael Araújo,11.6,1.0,2.8,0.366,0.0,0.0,0.0,1.0,2.8,0.368,0.366,0.3,0.5,0.536,0.8,1.9,2.8,0.3,0.5,0.1,0.8,2.0,2.3,0.0,0.0,1250.0,0.0,0.0,0.0,0.0,0.0,0.0,0.0,0.0,0.0,0.0,0.0,0.0,0.0,52.0,34.0,601.0,53.0,145.0,0.366,0.0,1.0,0.0,53.0,144.0,0.368,0.366,15.0,28.0,0.536,43.0,101.0,144.0,15.0,24.0,6.0,42.0,104.0,121.0,0.0,4.5,0.385,0.007,0.193,8.4,21.5,14.6,3.7,2.1,0.8,21.1,15.3,-1.2,0.4,-0.8,-0.066,-6.7,-1.0,-7.7,-0.9,0.0,2006
377,Brandon Bass,9.2,1.0,2.4,0.4,0.0,0.0,0.0,1.0,2.4,0.4,0.4,0.4,0.7,0.632,0.6,1.7,2.3,0.1,0.1,0.2,0.4,0.6,2.3,0.0,0.0,1250.0,0.0,0.0,0.0,0.0,0.0,0.0,0.0,0.0,0.0,0.0,0.0,0.0,0.0,29.0,1.0,268.0,28.0,70.0,0.4,0.0,0.0,0.0,28.0,70.0,0.4,0.4,12.0,19.0,0.632,18.0,50.0,68.0,3.0,3.0,7.0,11.0,18.0,68.0,0.0,9.1,0.434,0.0,0.271,7.8,22.8,15.1,1.8,0.6,2.2,12.3,15.6,-0.2,0.3,0.1,0.013,-3.6,-1.4,-5.0,-0.2,0.0,2006
378,DeSagana Diop,18.6,0.9,1.9,0.487,0.0,0.0,0.5,0.9,1.9,0.487,0.49,0.5,0.9,0.542,1.8,2.8,4.6,0.3,0.5,1.8,0.4,3.1,2.3,0.0,0.0,1250.0,0.0,0.0,0.0,0.0,0.0,0.0,0.0,0.0,0.0,0.0,0.0,0.0,0.0,81.0,45.0,1510.0,75.0,154.0,0.487,1.0,2.0,0.5,74.0,152.0,0.487,0.49,39.0,72.0,0.542,145.0,229.0,374.0,23.0,44.0,146.0,36.0,253.0,190.0,0.0,11.5,0.512,0.013,0.468,11.8,17.9,14.9,2.2,1.6,7.4,16.2,6.9,1.3,2.7,4.1,0.13,-2.3,2.8,0.5,1.0,0.0,2006
379,John Lucas III,8.2,1.1,2.8,0.389,0.2,0.7,0.222,0.9,2.1,0.444,0.417,0.0,0.0,0.0,0.2,0.2,0.4,0.9,0.4,0.0,0.5,0.5,2.3,0.0,0.0,1250.0,0.0,0.0,0.0,0.0,0.0,0.0,0.0,0.0,0.0,0.0,0.0,0.0,0.0,13.0,0.0,107.0,14.0,36.0,0.389,2.0,9.0,0.222,12.0,27.0,0.444,0.417,0.0,0.0,0.0,2.0,3.0,5.0,12.0,5.0,0.0,7.0,6.0,30.0,0.0,7.7,0.417,0.25,0.0,2.2,3.2,2.7,20.3,2.5,0.0,16.3,19.2,-0.2,0.1,-0.1,-0.027,-3.8,-0.5,-4.4,-0.1,0.0,2006
380,Arvydas Macijauskas,7.1,0.7,2.2,0.341,0.2,0.6,0.25,0.6,1.5,0.379,0.378,0.7,0.8,0.867,0.2,0.4,0.5,0.3,0.4,0.0,0.4,0.5,2.3,0.0,0.0,1250.0,0.0,0.0,0.0,0.0,0.0,0.0,0.0,0.0,0.0,0.0,0.0,0.0,0.0,19.0,0.0,135.0,14.0,41.0,0.341,3.0,12.0,0.25,11.0,29.0,0.379,0.378,13.0,15.0,0.867,3.0,7.0,10.0,5.0,7.0,0.0,8.0,10.0,44.0,0.0,8.3,0.462,0.293,0.366,2.6,6.3,4.4,6.1,2.8,0.0,14.4,19.2,-0.1,0.1,0.0,-0.001,-4.3,0.0,-4.2,-0.1,0.0,2006
381,Jason Maxiell,6.1,0.9,2.1,0.426,0.0,0.0,0.0,0.9,2.1,0.426,0.426,0.5,1.6,0.333,0.5,0.6,1.1,0.1,0.2,0.2,0.4,0.5,2.3,0.0,0.0,1250.0,0.0,0.0,0.0,0.0,0.0,0.0,0.0,0.0,0.0,0.0,0.0,0.0,0.0,26.0,0.0,159.0,23.0,54.0,0.426,0.0,0.0,0.0,23.0,54.0,0.426,0.426,14.0,42.0,0.333,12.0,16.0,28.0,3.0,4.0,5.0,11.0,14.0,60.0,0.0,8.0,0.414,0.0,0.778,8.9,12.1,10.5,3.1,1.4,2.3,13.2,24.9,-0.4,0.2,-0.2,-0.054,-6.4,-2.8,-9.2,-0.3,0.0,2006
382,Bo Outlaw,11.1,1.1,1.8,0.603,0.0,0.0,0.0,1.1,1.8,0.603,0.603,0.2,0.3,0.625,1.0,1.4,2.4,0.4,0.3,0.4,0.5,1.6,2.3,0.0,0.0,1250.0,0.0,0.0,0.0,0.0,0.0,0.0,0.0,0.0,0.0,0.0,0.0,0.0,0.0,32.0,0.0,355.0,35.0,58.0,0.603,0.0,0.0,0.0,35.0,58.0,0.603,0.603,5.0,8.0,0.625,31.0,46.0,77.0,14.0,10.0,12.0,17.0,50.0,75.0,0.0,11.8,0.61,0.0,0.138,11.1,15.6,13.4,6.2,1.5,2.7,21.7,10.5,0.4,0.4,0.7,0.101,-1.5,1.1,-0.4,0.2,0.0,2006
383,Shavlik Randolph,8.5,0.8,1.7,0.454,0.0,0.0,0.0,0.8,1.7,0.454,0.454,0.8,1.2,0.606,1.0,1.4,2.3,0.3,0.3,0.2,0.4,1.5,2.3,0.0,0.0,1250.0,0.0,0.0,0.0,0.0,0.0,0.0,0.0,0.0,0.0,0.0,0.0,0.0,0.0,57.0,1.0,487.0,44.0,97.0,0.454,0.0,0.0,0.0,44.0,97.0,0.454,0.454,43.0,71.0,0.606,55.0,78.0,133.0,19.0,19.0,12.0,21.0,83.0,131.0,0.0,12.6,0.511,0.0,0.732,13.2,18.8,16.0,5.9,2.0,1.9,14.1,14.0,0.5,0.5,1.1,0.105,-2.5,-0.4,-2.9,-0.1,0.0,2006
384,Loren Woods,12.0,1.0,2.2,0.475,0.0,0.0,0.0,1.0,2.1,0.483,0.475,0.2,0.5,0.429,1.6,2.4,4.1,0.1,0.3,0.9,0.6,1.8,2.3,0.0,0.0,1250.0,0.0,0.0,0.0,0.0,0.0,0.0,0.0,0.0,0.0,0.0,0.0,0.0,0.0,27.0,4.0,324.0,28.0,59.0,0.475,0.0,1.0,0.0,28.0,58.0,0.483,0.475,6.0,14.0,0.429,44.0,66.0,110.0,4.0,9.0,23.0,16.0,49.0,62.0,0.0,12.3,0.476,0.017,0.237,15.9,26.0,20.8,1.8,1.5,5.6,19.7,11.6,0.1,0.3,0.4,0.064,-2.6,0.2,-2.4,0.0,0.0,2006
385,Zendon Hamilton,4.1,0.6,1.2,0.5,0.0,0.0,0.0,0.6,1.2,0.5,0.5,1.0,1.5,0.667,0.3,0.7,0.9,0.0,0.3,0.0,0.5,0.4,2.2,0.0,0.0,1250.0,0.0,0.0,0.0,0.0,0.0,0.0,0.0,0.0,0.0,0.0,0.0,0.0,0.0,12.0,0.0,49.0,7.0,14.0,0.5,0.0,0.0,0.0,7.0,14.0,0.5,0.5,12.0,18.0,0.667,3.0,8.0,11.0,0.0,4.0,0.0,6.0,5.0,26.0,0.0,17.6,0.593,0.0,1.286,7.2,19.5,13.3,0.0,4.3,0.0,21.5,26.3,0.0,0.1,0.1,0.098,-2.0,0.4,-1.6,0.0,0.0,2006
386,Andray Blatche,6.0,0.9,2.3,0.388,0.1,0.4,0.231,0.8,1.9,0.426,0.41,0.3,0.4,0.833,0.4,0.9,1.3,0.3,0.2,0.2,0.4,1.2,2.2,0.0,0.0,1250.0,0.0,0.0,0.0,0.0,0.0,0.0,0.0,0.0,0.0,0.0,0.0,0.0,0.0,29.0,0.0,175.0,26.0,67.0,0.388,3.0,13.0,0.231,23.0,54.0,0.426,0.41,10.0,12.0,0.833,12.0,26.0,38.0,10.0,5.0,7.0,12.0,36.0,65.0,0.0,10.1,0.45,0.194,0.179,7.7,17.8,12.6,9.5,1.5,3.1,14.2,21.5,-0.1,0.2,0.1,0.026,-4.9,-0.1,-5.0,-0.1,0.0,2006
387,Calbert Cheaney,10.7,1.0,2.6,0.389,0.0,0.2,0.0,1.0,2.4,0.42,0.389,0.2,0.2,1.0,0.5,1.0,1.5,0.5,0.3,0.0,0.4,0.9,2.2,0.0,0.0,1250.0,0.0,0.0,0.0,0.0,0.0,0.0,0.0,0.0,0.0,0.0,0.0,0.0,0.0,42.0,0.0,448.0,42.0,108.0,0.389,0.0,8.0,0.0,42.0,100.0,0.42,0.389,8.0,8.0,1.0,20.0,41.0,61.0,19.0,13.0,2.0,17.0,38.0,92.0,0.0,6.0,0.412,0.074,0.074,4.9,10.5,7.6,6.6,1.5,0.3,13.2,12.8,-0.3,0.3,0.0,0.0,-4.7,-0.1,-4.8,-0.3,0.0,2006
388,Ronald Dupree,7.4,0.9,1.8,0.524,0.0,0.0,0.0,0.9,1.7,0.532,0.524,0.4,1.1,0.341,0.6,0.8,1.4,0.4,0.3,0.0,0.4,1.2,2.2,0.0,0.0,1250.0,0.0,0.0,0.0,0.0,0.0,0.0,0.0,0.0,0.0,0.0,0.0,0.0,0.0,36.0,0.0,265.0,33.0,63.0,0.524,0.0,1.0,0.0,33.0,62.0,0.532,0.524,14.0,41.0,0.341,21.0,28.0,49.0,14.0,12.0,0.0,14.0,44.0,80.0,0.0,10.4,0.494,0.016,0.651,9.8,12.4,11.1,8.8,2.4,0.0,14.7,17.0,0.0,0.3,0.3,0.056,-4.1,0.2,-3.8,-0.1,0.0,2006
389,Boniface N'Dong,6.6,1.0,2.3,0.415,0.0,0.0,0.0,1.0,2.3,0.423,0.415,0.3,0.4,0.667,0.7,1.0,1.6,0.3,0.1,0.2,0.3,1.0,2.2,0.0,0.0,1250.0,0.0,0.0,0.0,0.0,0.0,0.0,0.0,0.0,0.0,0.0,0.0,0.0,0.0,23.0,1.0,152.0,22.0,53.0,0.415,0.0,1.0,0.0,22.0,52.0,0.423,0.415,6.0,9.0,0.667,15.0,22.0,37.0,7.0,2.0,5.0,6.0,23.0,50.0,0.0,11.0,0.439,0.019,0.17,12.0,16.1,14.1,7.5,0.7,2.5,9.5,19.1,0.0,0.2,0.2,0.058,-3.8,-1.2,-5.0,-0.1,0.0,2006
390,Anthony Roberson,5.5,0.9,1.9,0.452,0.3,0.6,0.5,0.6,1.3,0.429,0.532,0.1,0.1,1.0,0.0,0.4,0.4,0.3,0.1,0.0,0.2,0.4,2.2,0.0,0.0,1250.0,0.0,0.0,0.0,0.0,0.0,0.0,0.0,0.0,0.0,0.0,0.0,0.0,0.0,16.0,0.0,88.0,14.0,31.0,0.452,5.0,10.0,0.5,9.0,21.0,0.429,0.532,2.0,2.0,1.0,0.0,6.0,6.0,5.0,1.0,0.0,3.0,6.0,35.0,0.0,11.7,0.549,0.323,0.065,0.0,8.2,4.1,10.7,0.6,0.0,8.6,19.3,0.1,0.1,0.2,0.088,-1.7,-0.7,-2.3,0.0,0.0,2006
391,Billy Thomas,7.7,0.8,2.4,0.325,0.6,1.8,0.333,0.2,0.6,0.3,0.45,0.1,0.1,1.0,0.3,0.5,0.8,0.5,0.6,0.1,0.4,1.1,2.2,0.0,0.0,1250.0,0.0,0.0,0.0,0.0,0.0,0.0,0.0,0.0,0.0,0.0,0.0,0.0,0.0,17.0,0.0,131.0,13.0,40.0,0.325,10.0,30.0,0.333,3.0,10.0,0.3,0.45,2.0,2.0,1.0,5.0,9.0,14.0,9.0,10.0,1.0,6.0,19.0,38.0,0.0,9.8,0.465,0.75,0.05,4.3,8.2,6.2,10.6,4.0,0.6,12.8,16.0,0.0,0.2,0.2,0.063,-2.5,2.2,-0.2,0.1,0.0,2006
392,Nikoloz Tskitishvili,5.8,0.8,2.2,0.351,0.1,0.2,0.333,0.7,2.0,0.353,0.365,0.5,0.8,0.643,0.5,0.8,1.3,0.2,0.1,0.1,0.4,0.5,2.1,0.0,0.0,1250.0,0.0,0.0,0.0,0.0,0.0,0.0,0.0,0.0,0.0,0.0,0.0,0.0,0.0,17.0,0.0,99.0,13.0,37.0,0.351,1.0,3.0,0.333,12.0,34.0,0.353,0.365,9.0,14.0,0.643,9.0,13.0,22.0,3.0,1.0,2.0,6.0,8.0,36.0,0.0,8.3,0.417,0.081,0.378,10.3,14.4,12.4,4.2,0.5,1.4,12.2,22.4,-0.1,0.1,0.0,-0.023,-4.8,-2.7,-7.5,-0.1,0.0,2006
393,Darrell Armstrong,10.0,0.7,2.1,0.336,0.2,0.8,0.229,0.5,1.3,0.4,0.379,0.5,0.7,0.786,0.3,1.0,1.3,1.4,0.4,0.0,0.9,1.1,2.1,0.0,0.0,1250.0,0.0,0.0,0.0,0.0,0.0,0.0,0.0,0.0,0.0,0.0,0.0,0.0,0.0,62.0,2.0,622.0,43.0,128.0,0.336,11.0,48.0,0.229,32.0,80.0,0.4,0.379,33.0,42.0,0.786,18.0,63.0,81.0,86.0,27.0,3.0,58.0,71.0,130.0,0.0,7.3,0.444,0.375,0.328,3.6,12.0,7.8,20.6,2.4,0.4,28.4,15.4,-0.7,0.7,0.0,0.003,-4.2,0.2,-4.0,-0.3,0.0,2006
394,Eddie Basden,7.4,0.8,1.9,0.405,0.1,0.4,0.143,0.7,1.6,0.467,0.419,0.4,0.5,0.8,0.4,1.1,1.5,0.4,0.5,0.1,0.5,0.9,2.1,0.0,0.0,1250.0,0.0,0.0,0.0,0.0,0.0,0.0,0.0,0.0,0.0,0.0,0.0,0.0,0.0,19.0,0.0,141.0,15.0,37.0,0.405,1.0,7.0,0.143,14.0,30.0,0.467,0.419,8.0,10.0,0.8,7.0,21.0,28.0,8.0,9.0,2.0,9.0,17.0,39.0,0.0,10.3,0.471,0.189,0.27,5.7,17.0,11.4,8.8,3.3,1.1,17.9,16.1,-0.1,0.3,0.2,0.065,-3.9,3.2,-0.6,0.0,0.0,2006
395,Ronnie Price,5.2,0.7,2.0,0.362,0.2,0.9,0.222,0.5,1.1,0.484,0.414,0.4,0.4,1.0,0.2,0.3,0.5,0.4,0.2,0.0,0.3,0.3,2.1,0.0,0.0,1250.0,0.0,0.0,0.0,0.0,0.0,0.0,0.0,0.0,0.0,0.0,0.0,0.0,0.0,29.0,0.0,150.0,21.0,58.0,0.362,6.0,27.0,0.222,15.0,31.0,0.484,0.414,12.0,12.0,1.0,5.0,10.0,15.0,11.0,6.0,0.0,10.0,10.0,60.0,0.0,10.5,0.474,0.466,0.207,3.9,7.7,5.8,12.1,2.1,0.0,13.6,22.4,-0.1,0.1,0.1,0.021,-2.5,-0.7,-3.2,0.0,0.0,2006
396,Robert Whaley,9.2,1.0,2.5,0.404,0.0,0.0,0.0,1.0,2.5,0.404,0.404,0.1,0.3,0.5,0.7,1.2,1.9,0.7,0.3,0.3,0.6,1.8,2.1,0.0,0.0,1250.0,0.0,0.0,0.0,0.0,0.0,0.0,0.0,0.0,0.0,0.0,0.0,0.0,0.0,23.0,0.0,212.0,23.0,57.0,0.404,0.0,0.0,0.0,23.0,57.0,0.404,0.404,3.0,6.0,0.5,16.0,27.0,43.0,17.0,7.0,8.0,14.0,41.0,49.0,0.0,7.6,0.411,0.0,0.105,9.1,15.6,12.3,13.8,1.8,3.1,19.0,16.1,-0.2,0.3,0.0,0.004,-5.6,0.5,-5.1,-0.2,0.0,2006
397,Rick Brunson,9.1,0.8,2.0,0.389,0.2,0.5,0.385,0.6,1.5,0.39,0.435,0.3,0.4,0.583,0.0,0.8,0.8,1.3,0.3,0.0,0.8,0.8,2.0,0.0,0.0,1250.0,0.0,0.0,0.0,0.0,0.0,0.0,0.0,0.0,0.0,0.0,0.0,0.0,0.0,27.0,0.0,246.0,21.0,54.0,0.389,5.0,13.0,0.385,16.0,41.0,0.39,0.435,7.0,12.0,0.583,1.0,21.0,22.0,35.0,8.0,1.0,22.0,22.0,54.0,0.0,6.3,0.455,0.241,0.222,0.5,9.9,5.3,23.4,1.8,0.3,27.1,15.6,-0.4,0.2,-0.1,-0.025,-4.9,-0.2,-5.2,-0.2,0.0,2006
398,Stacey Augmon,10.7,0.7,2.0,0.342,0.0,0.0,0.0,0.7,2.0,0.342,0.342,0.6,0.8,0.7,0.5,1.0,1.5,0.6,0.3,0.2,0.3,1.1,2.0,0.0,0.0,1250.0,0.0,0.0,0.0,0.0,0.0,0.0,0.0,0.0,0.0,0.0,0.0,0.0,0.0,36.0,3.0,385.0,25.0,73.0,0.342,0.0,0.0,0.0,25.0,73.0,0.342,0.342,21.0,30.0,0.7,18.0,35.0,53.0,23.0,12.0,6.0,11.0,40.0,71.0,0.0,7.6,0.412,0.0,0.411,5.9,10.9,8.5,9.0,1.7,1.2,11.3,12.0,0.0,0.3,0.3,0.033,-2.7,0.6,-2.1,0.0,0.0,2006
399,Antonio Burks,10.0,0.9,2.5,0.354,0.0,0.1,0.167,0.9,2.4,0.362,0.358,0.2,0.4,0.435,0.1,0.6,0.6,1.3,0.4,0.0,0.6,0.8,2.0,0.0,0.0,1250.0,0.0,0.0,0.0,0.0,0.0,0.0,0.0,0.0,0.0,0.0,0.0,0.0,0.0,57.0,1.0,570.0,51.0,144.0,0.354,1.0,6.0,0.167,50.0,138.0,0.362,0.358,10.0,23.0,0.435,4.0,33.0,37.0,76.0,20.0,0.0,36.0,45.0,113.0,0.0,5.1,0.367,0.042,0.16,0.9,7.0,3.9,22.1,2.0,0.0,18.9,16.2,-1.1,0.7,-0.4,-0.033,-6.4,-0.4,-6.8,-0.7,0.0,2006
400,Eric Piatkowski,7.9,0.8,2.1,0.393,0.3,1.1,0.273,0.5,1.0,0.536,0.467,0.1,0.2,0.4,0.1,0.7,0.8,0.4,0.2,0.0,0.4,0.7,2.0,0.0,0.0,1250.0,0.0,0.0,0.0,0.0,0.0,0.0,0.0,0.0,0.0,0.0,0.0,0.0,0.0,29.0,1.0,228.0,24.0,61.0,0.393,9.0,33.0,0.273,15.0,28.0,0.536,0.467,2.0,5.0,0.4,4.0,19.0,23.0,13.0,6.0,1.0,11.0,20.0,59.0,0.0,6.2,0.467,0.541,0.082,2.0,9.5,5.8,8.8,1.4,0.3,14.8,14.7,-0.2,0.2,0.1,0.018,-3.8,0.5,-3.4,-0.1,0.0,2006
401,Ronny Turiaf,7.0,0.7,1.3,0.5,0.0,0.0,0.0,0.7,1.3,0.5,0.5,0.7,1.2,0.556,0.5,1.1,1.6,0.3,0.1,0.4,0.3,1.3,2.0,0.0,0.0,1250.0,0.0,0.0,0.0,0.0,0.0,0.0,0.0,0.0,0.0,0.0,0.0,0.0,0.0,23.0,1.0,161.0,15.0,30.0,0.5,0.0,0.0,0.0,15.0,30.0,0.5,0.5,15.0,27.0,0.556,11.0,26.0,37.0,8.0,3.0,10.0,7.0,30.0,45.0,0.0,12.2,0.537,0.0,0.9,8.1,19.0,13.5,7.5,1.0,4.7,14.3,13.8,0.2,0.2,0.4,0.115,-3.8,1.1,-2.7,0.0,0.0,2006
402,Derrick Zimmerman,16.0,1.0,1.5,0.667,0.0,0.0,0.0,1.0,1.5,0.667,0.667,0.0,0.0,0.0,0.5,1.5,2.0,3.5,0.0,0.0,2.0,2.0,2.0,0.0,0.0,1250.0,0.0,0.0,0.0,0.0,0.0,0.0,0.0,0.0,0.0,0.0,0.0,0.0,0.0,2.0,0.0,32.0,2.0,3.0,0.667,0.0,0.0,0.0,2.0,3.0,0.667,0.667,0.0,0.0,0.0,1.0,3.0,4.0,7.0,0.0,0.0,4.0,4.0,4.0,0.0,5.5,0.667,0.0,0.0,3.6,11.2,7.3,34.2,0.0,0.0,57.1,10.3,0.0,0.0,0.0,0.004,-7.7,-2.7,-10.4,-0.1,0.0,2006
403,Lou Williams,4.8,0.8,1.7,0.442,0.1,0.3,0.222,0.7,1.4,0.488,0.462,0.3,0.4,0.615,0.1,0.5,0.6,0.3,0.2,0.0,0.4,0.4,1.9,0.0,0.0,1250.0,0.0,0.0,0.0,0.0,0.0,0.0,0.0,0.0,0.0,0.0,0.0,0.0,0.0,30.0,0.0,145.0,23.0,52.0,0.442,2.0,9.0,0.222,21.0,43.0,0.488,0.462,8.0,13.0,0.615,3.0,16.0,19.0,10.0,5.0,0.0,13.0,13.0,56.0,0.0,9.0,0.485,0.173,0.25,2.4,12.9,7.7,11.6,1.8,0.0,18.4,22.2,-0.2,0.1,-0.1,-0.036,-4.9,-1.4,-6.3,-0.2,0.0,2006
404,Mike Wilks,7.4,0.6,1.9,0.322,0.1,0.4,0.158,0.6,1.5,0.366,0.339,0.5,0.9,0.61,0.2,0.6,0.8,0.7,0.3,0.0,0.5,0.7,1.8,0.0,0.0,1250.0,0.0,0.0,0.0,0.0,0.0,0.0,0.0,0.0,0.0,0.0,0.0,0.0,0.0,47.0,0.0,348.0,29.0,90.0,0.322,3.0,19.0,0.158,26.0,71.0,0.366,0.339,25.0,41.0,0.61,9.0,30.0,39.0,32.0,14.0,1.0,24.0,34.0,86.0,0.0,5.8,0.398,0.211,0.456,3.1,10.4,6.7,13.9,2.1,0.2,18.2,17.3,-0.5,0.2,-0.3,-0.042,-5.7,-0.1,-5.8,-0.3,0.0,2006
405,Alex Acker,7.0,0.8,3.2,0.25,0.2,1.0,0.2,0.6,2.2,0.273,0.281,0.0,0.0,0.0,0.2,0.8,1.0,0.8,0.2,0.0,0.8,0.8,1.8,0.0,0.0,1250.0,0.0,0.0,0.0,0.0,0.0,0.0,0.0,0.0,0.0,0.0,0.0,0.0,0.0,5.0,0.0,35.0,4.0,16.0,0.25,1.0,5.0,0.2,3.0,11.0,0.273,0.281,0.0,0.0,0.0,1.0,4.0,5.0,4.0,1.0,0.0,4.0,4.0,9.0,0.0,-2.4,0.281,0.313,0.0,3.4,13.7,8.5,17.9,1.6,0.0,20.0,27.2,-0.2,0.0,-0.2,-0.23,-11.0,-4.2,-15.3,-0.1,0.0,2006
406,Esteban Batista,8.7,0.6,1.4,0.425,0.0,0.0,0.0,0.6,1.4,0.43,0.425,0.6,0.9,0.623,1.1,1.5,2.5,0.1,0.3,0.2,0.7,1.9,1.8,0.0,0.0,1250.0,0.0,0.0,0.0,0.0,0.0,0.0,0.0,0.0,0.0,0.0,0.0,0.0,0.0,57.0,3.0,495.0,34.0,80.0,0.425,0.0,1.0,0.0,34.0,79.0,0.43,0.425,33.0,53.0,0.623,61.0,83.0,144.0,7.0,15.0,11.0,38.0,111.0,101.0,0.0,7.1,0.489,0.013,0.663,14.4,20.7,17.5,2.1,1.6,1.7,26.9,13.0,-0.2,0.3,0.1,0.011,-6.2,-1.7,-7.9,-0.7,0.0,2006
407,Kevin Burleson,8.7,0.6,2.3,0.25,0.3,1.4,0.185,0.3,0.9,0.353,0.307,0.4,0.4,0.941,0.1,0.6,0.7,1.2,0.7,0.1,0.6,1.6,1.8,0.0,0.0,1250.0,0.0,0.0,0.0,0.0,0.0,0.0,0.0,0.0,0.0,0.0,0.0,0.0,0.0,39.0,1.0,340.0,22.0,88.0,0.25,10.0,54.0,0.185,12.0,34.0,0.353,0.307,16.0,17.0,0.941,4.0,22.0,26.0,48.0,26.0,2.0,25.0,63.0,70.0,0.0,5.1,0.367,0.614,0.193,1.3,8.0,4.4,20.8,3.9,0.5,20.8,15.7,-0.6,0.4,-0.2,-0.032,-7.8,1.6,-6.2,-0.4,0.0,2006
408,John Edwards,7.4,0.8,1.6,0.484,0.0,0.0,0.0,0.8,1.6,0.484,0.484,0.2,0.3,0.727,0.5,0.8,1.2,0.1,0.1,0.4,0.3,1.9,1.8,0.0,0.0,1250.0,0.0,0.0,0.0,0.0,0.0,0.0,0.0,0.0,0.0,0.0,0.0,0.0,0.0,40.0,4.0,296.0,31.0,64.0,0.484,0.0,0.0,0.0,31.0,64.0,0.484,0.484,8.0,11.0,0.727,18.0,30.0,48.0,5.0,3.0,15.0,12.0,76.0,70.0,0.0,6.4,0.508,0.0,0.172,7.1,12.5,9.7,2.7,0.5,3.9,14.8,12.4,0.1,0.1,0.2,0.026,-6.2,-0.2,-6.4,-0.3,0.0,2006
409,Luke Schenscher,7.5,0.8,1.3,0.615,0.0,0.0,0.0,0.8,1.3,0.615,0.615,0.2,0.7,0.308,0.4,1.1,1.5,0.4,0.1,0.2,0.3,1.1,1.8,0.0,0.0,1250.0,0.0,0.0,0.0,0.0,0.0,0.0,0.0,0.0,0.0,0.0,0.0,0.0,0.0,20.0,0.0,149.0,16.0,26.0,0.615,0.0,0.0,0.0,16.0,26.0,0.615,0.615,4.0,13.0,0.308,8.0,21.0,29.0,7.0,1.0,3.0,5.0,21.0,36.0,0.0,9.3,0.567,0.0,0.5,6.2,16.1,11.2,7.3,0.3,1.6,13.6,11.1,0.1,0.2,0.3,0.095,-3.0,1.3,-1.7,0.0,0.0,2006
410,Jackson Vroman,9.9,0.6,1.6,0.394,0.0,0.0,0.0,0.6,1.6,0.394,0.394,0.5,1.1,0.477,0.8,1.3,2.1,0.3,0.3,0.3,0.5,1.9,1.8,0.0,0.0,1250.0,0.0,0.0,0.0,0.0,0.0,0.0,0.0,0.0,0.0,0.0,0.0,0.0,0.0,41.0,2.0,406.0,26.0,66.0,0.394,0.0,0.0,0.0,26.0,66.0,0.394,0.394,21.0,44.0,0.477,33.0,53.0,86.0,11.0,12.0,11.0,21.0,78.0,73.0,0.0,5.9,0.428,0.0,0.667,9.4,16.0,12.6,4.2,1.6,2.2,19.7,12.2,-0.3,0.4,0.1,0.014,-6.2,0.5,-5.7,-0.4,0.0,2006
411,Antoine Wright,9.5,0.7,2.1,0.358,0.0,0.4,0.067,0.7,1.7,0.424,0.364,0.3,0.6,0.5,0.2,0.6,0.8,0.3,0.1,0.1,0.5,1.1,1.8,0.0,0.0,1250.0,0.0,0.0,0.0,0.0,0.0,0.0,0.0,0.0,0.0,0.0,0.0,0.0,0.0,39.0,0.0,370.0,29.0,81.0,0.358,1.0,15.0,0.067,28.0,66.0,0.424,0.364,11.0,22.0,0.5,8.0,22.0,30.0,12.0,4.0,3.0,21.0,42.0,70.0,0.0,0.7,0.386,0.185,0.272,2.5,7.1,4.8,5.2,0.6,0.7,18.8,14.2,-0.8,0.3,-0.5,-0.062,-7.9,-0.9,-8.8,-0.6,0.0,2006
412,D.J. Mbenga,5.5,0.7,1.4,0.533,0.0,0.0,0.0,0.7,1.4,0.542,0.533,0.2,0.5,0.5,0.4,0.9,1.3,0.0,0.1,0.6,0.4,1.1,1.7,0.0,0.0,1250.0,0.0,0.0,0.0,0.0,0.0,0.0,0.0,0.0,0.0,0.0,0.0,0.0,0.0,43.0,1.0,237.0,32.0,60.0,0.533,0.0,1.0,0.0,32.0,59.0,0.542,0.533,10.0,20.0,0.5,19.0,37.0,56.0,2.0,6.0,25.0,16.0,47.0,74.0,0.0,13.4,0.538,0.017,0.333,9.8,18.4,14.2,1.4,1.4,8.1,18.9,16.7,0.0,0.4,0.5,0.092,-4.7,2.1,-2.6,0.0,0.0,2006
413,Fabricio Oberto,8.3,0.7,1.6,0.473,0.0,0.0,0.0,0.7,1.5,0.484,0.473,0.3,0.5,0.556,1.0,1.1,2.1,0.5,0.2,0.2,0.5,1.5,1.7,0.0,0.0,1250.0,0.0,0.0,0.0,0.0,0.0,0.0,0.0,0.0,0.0,0.0,0.0,0.0,0.0,59.0,0.0,490.0,44.0,93.0,0.473,0.0,2.0,0.0,44.0,91.0,0.484,0.473,15.0,27.0,0.556,57.0,66.0,123.0,27.0,9.0,11.0,28.0,91.0,103.0,0.0,9.3,0.491,0.022,0.29,14.1,15.5,14.8,8.3,1.0,1.6,21.1,12.9,0.2,0.9,1.1,0.105,-4.3,1.1,-3.2,-0.2,0.0,2006
414,Donta Smith,5.5,0.7,1.2,0.556,0.1,0.2,0.5,0.6,1.0,0.565,0.593,0.3,0.5,0.5,0.1,0.5,0.6,0.4,0.3,0.0,0.2,0.9,1.7,0.0,0.0,1250.0,0.0,0.0,0.0,0.0,0.0,0.0,0.0,0.0,0.0,0.0,0.0,0.0,0.0,23.0,0.0,127.0,15.0,27.0,0.556,2.0,4.0,0.5,13.0,23.0,0.565,0.593,6.0,12.0,0.5,3.0,11.0,14.0,9.0,8.0,0.0,4.0,20.0,38.0,0.0,12.7,0.589,0.148,0.444,2.8,10.7,6.6,11.4,3.3,0.0,11.0,13.0,0.2,0.1,0.3,0.104,-3.1,1.2,-1.9,0.0,0.0,2006
415,Awvee Storey,4.6,0.6,1.6,0.39,0.1,0.3,0.429,0.5,1.4,0.382,0.427,0.3,0.6,0.571,0.3,0.6,0.9,0.2,0.1,0.0,0.2,0.9,1.7,0.0,0.0,1250.0,0.0,0.0,0.0,0.0,0.0,0.0,0.0,0.0,0.0,0.0,0.0,0.0,0.0,25.0,1.0,116.0,16.0,41.0,0.39,3.0,7.0,0.429,13.0,34.0,0.382,0.427,8.0,14.0,0.571,8.0,14.0,22.0,4.0,3.0,1.0,5.0,22.0,43.0,0.0,9.2,0.456,0.171,0.341,7.8,14.5,11.0,5.6,1.3,0.7,9.6,20.0,0.0,0.1,0.1,0.039,-4.6,-1.6,-6.2,-0.1,0.0,2006
416,Earl Barron,5.6,0.6,2.0,0.313,0.0,0.0,0.0,0.6,2.0,0.313,0.313,0.4,0.5,0.75,0.3,1.0,1.3,0.0,0.0,0.0,0.6,1.3,1.6,0.0,0.0,1250.0,0.0,0.0,0.0,0.0,0.0,0.0,0.0,0.0,0.0,0.0,0.0,0.0,0.0,8.0,0.0,45.0,5.0,16.0,0.313,0.0,0.0,0.0,5.0,16.0,0.313,0.313,3.0,4.0,0.75,2.0,8.0,10.0,0.0,0.0,0.0,5.0,10.0,13.0,0.0,-2.8,0.366,0.0,0.25,5.5,20.1,13.1,0.0,0.0,0.0,22.0,23.4,-0.2,0.0,-0.2,-0.167,-13.4,-4.3,-17.7,-0.2,0.0,2006
417,Andrew Bynum,7.3,0.7,1.8,0.402,0.0,0.0,0.0,0.7,1.8,0.402,0.402,0.2,0.6,0.296,0.7,1.0,1.7,0.2,0.1,0.5,0.4,1.2,1.6,0.0,0.0,1250.0,0.0,0.0,0.0,0.0,0.0,0.0,0.0,0.0,0.0,0.0,0.0,0.0,0.0,46.0,0.0,338.0,33.0,82.0,0.402,0.0,0.0,0.0,33.0,82.0,0.402,0.402,8.0,27.0,0.296,34.0,46.0,80.0,9.0,4.0,22.0,17.0,56.0,74.0,0.0,7.4,0.394,0.0,0.329,11.9,16.0,13.9,4.1,0.6,5.0,15.3,15.0,-0.4,0.4,0.1,0.007,-6.1,-0.8,-6.9,-0.4,0.0,2006
418,Terence Morris,8.7,0.7,2.2,0.327,0.0,0.1,0.0,0.7,2.1,0.34,0.327,0.1,0.1,1.0,0.3,1.5,1.7,0.2,0.3,0.2,0.3,0.9,1.6,0.0,0.0,1250.0,0.0,0.0,0.0,0.0,0.0,0.0,0.0,0.0,0.0,0.0,0.0,0.0,0.0,22.0,0.0,192.0,16.0,49.0,0.327,0.0,2.0,0.0,16.0,47.0,0.34,0.327,3.0,3.0,1.0,6.0,32.0,38.0,4.0,6.0,5.0,7.0,19.0,35.0,0.0,5.1,0.348,0.041,0.061,4.0,20.0,12.2,3.2,1.7,2.1,12.2,14.1,-0.4,0.2,-0.1,-0.031,-5.0,0.6,-4.4,-0.1,0.0,2006
419,Ha Seung-Jin,7.9,0.7,1.1,0.581,0.0,0.0,0.0,0.7,1.1,0.581,0.581,0.3,0.6,0.471,0.5,1.3,1.8,0.0,0.1,0.3,0.5,1.5,1.6,0.0,0.0,1250.0,0.0,0.0,0.0,0.0,0.0,0.0,0.0,0.0,0.0,0.0,0.0,0.0,0.0,27.0,4.0,212.0,18.0,31.0,0.581,0.0,0.0,0.0,18.0,31.0,0.581,0.581,8.0,17.0,0.471,14.0,35.0,49.0,1.0,3.0,8.0,14.0,41.0,44.0,0.0,6.9,0.572,0.0,0.548,7.8,20.2,13.9,0.8,0.8,2.9,26.7,11.7,-0.1,0.1,0.0,0.003,-6.5,-0.7,-7.1,-0.3,0.0,2006
420,Michael Bradley,8.0,0.7,1.7,0.405,0.0,0.1,0.2,0.7,1.6,0.419,0.411,0.0,0.1,0.667,0.9,1.5,2.3,0.4,0.1,0.2,0.4,0.8,1.5,0.0,0.0,1250.0,0.0,0.0,0.0,0.0,0.0,0.0,0.0,0.0,0.0,0.0,0.0,0.0,0.0,46.0,1.0,367.0,32.0,79.0,0.405,1.0,5.0,0.2,31.0,74.0,0.419,0.411,2.0,3.0,0.667,40.0,67.0,107.0,17.0,5.0,7.0,19.0,39.0,67.0,0.0,8.4,0.417,0.063,0.038,12.7,21.4,17.1,6.9,0.7,1.4,19.1,12.3,-0.2,0.3,0.1,0.019,-3.2,-1.4,-4.6,-0.2,0.0,2006
421,Noel Felix,6.8,0.5,2.1,0.24,0.1,0.3,0.333,0.4,1.8,0.227,0.26,0.4,0.7,0.625,0.3,0.8,1.1,0.2,0.2,0.3,0.7,1.1,1.5,0.0,0.0,1250.0,0.0,0.0,0.0,0.0,0.0,0.0,0.0,0.0,0.0,0.0,0.0,0.0,0.0,12.0,0.0,82.0,6.0,25.0,0.24,1.0,3.0,0.333,5.0,22.0,0.227,0.26,5.0,8.0,0.625,3.0,10.0,13.0,2.0,2.0,3.0,8.0,13.0,18.0,0.0,-1.1,0.316,0.12,0.32,4.4,14.9,9.6,3.5,1.3,2.8,21.9,20.0,-0.3,0.0,-0.3,-0.197,-10.0,-2.5,-12.5,-0.2,0.0,2006
422,Lawrence Roberts,5.5,0.6,1.3,0.455,0.0,0.1,0.0,0.6,1.3,0.476,0.455,0.3,0.7,0.478,0.8,0.7,1.5,0.2,0.2,0.1,0.2,0.9,1.5,0.0,0.0,1250.0,0.0,0.0,0.0,0.0,0.0,0.0,0.0,0.0,0.0,0.0,0.0,0.0,0.0,33.0,0.0,181.0,20.0,44.0,0.455,0.0,2.0,0.0,20.0,42.0,0.476,0.455,11.0,23.0,0.478,26.0,23.0,49.0,5.0,8.0,2.0,5.0,30.0,51.0,0.0,13.8,0.471,0.045,0.523,17.6,15.3,16.4,4.8,2.5,0.9,8.5,15.9,0.2,0.3,0.5,0.144,-2.8,-0.1,-3.0,-0.1,0.0,2006
423,Calvin Booth,7.6,0.6,1.4,0.426,0.0,0.1,0.5,0.6,1.4,0.422,0.436,0.2,0.3,0.556,0.6,1.0,1.6,0.4,0.3,0.3,0.2,1.3,1.4,0.0,0.0,1250.0,0.0,0.0,0.0,0.0,0.0,0.0,0.0,0.0,0.0,0.0,0.0,0.0,0.0,33.0,2.0,250.0,20.0,47.0,0.426,1.0,2.0,0.5,19.0,45.0,0.422,0.436,5.0,9.0,0.556,19.0,33.0,52.0,12.0,9.0,9.0,8.0,44.0,46.0,0.0,8.9,0.451,0.043,0.191,8.6,15.8,12.1,7.2,1.9,2.8,13.6,10.5,0.1,0.3,0.4,0.07,-3.7,1.3,-2.3,0.0,0.0,2006
424,Michael Ruffin,13.3,0.4,1.0,0.442,0.0,0.0,0.0,0.4,1.0,0.453,0.442,0.5,1.0,0.5,1.6,2.0,3.6,0.4,0.4,0.4,0.5,2.4,1.4,0.0,0.0,1250.0,0.0,0.0,0.0,0.0,0.0,0.0,0.0,0.0,0.0,0.0,0.0,0.0,0.0,76.0,4.0,1010.0,34.0,77.0,0.442,0.0,2.0,0.0,34.0,75.0,0.453,0.442,37.0,74.0,0.5,122.0,149.0,271.0,27.0,33.0,31.0,38.0,179.0,105.0,0.0,8.1,0.479,0.026,0.961,13.6,17.7,15.6,3.7,1.7,2.4,25.8,6.5,0.6,1.1,1.7,0.081,-3.4,0.7,-2.7,-0.2,0.0,2006
425,James Thomas,6.8,0.5,0.9,0.526,0.0,0.0,0.0,0.5,0.9,0.526,0.526,0.4,0.6,0.571,0.5,1.2,1.8,0.0,0.0,0.1,0.3,1.6,1.3,0.0,0.0,1250.0,0.0,0.0,0.0,0.0,0.0,0.0,0.0,0.0,0.0,0.0,0.0,0.0,0.0,22.0,0.0,150.0,10.0,19.0,0.526,0.0,0.0,0.0,10.0,19.0,0.526,0.526,8.0,14.0,0.571,12.0,27.0,39.0,1.0,0.0,3.0,7.0,35.0,28.0,0.0,5.4,0.556,0.0,0.737,9.3,21.0,15.2,1.0,0.0,1.5,21.8,9.8,0.0,0.1,0.2,0.052,-6.1,-1.0,-7.1,-0.2,0.0,2006
426,Ryan Bowen,9.6,0.5,1.8,0.298,0.0,0.3,0.136,0.5,1.5,0.333,0.31,0.2,0.2,0.786,0.5,0.8,1.3,0.4,0.3,0.1,0.2,1.3,1.3,0.0,0.0,1250.0,0.0,0.0,0.0,0.0,0.0,0.0,0.0,0.0,0.0,0.0,0.0,0.0,0.0,68.0,19.0,652.0,37.0,124.0,0.298,3.0,22.0,0.136,34.0,102.0,0.333,0.31,11.0,14.0,0.786,31.0,57.0,88.0,24.0,21.0,6.0,13.0,85.0,88.0,0.0,4.0,0.338,0.177,0.113,5.7,10.1,7.9,5.9,1.8,0.8,9.1,10.5,-0.6,0.8,0.2,0.012,-5.8,0.7,-5.1,-0.5,0.0,2006
427,Sharrod Ford,4.3,0.7,1.0,0.667,0.0,0.0,0.0,0.7,1.0,0.667,0.667,0.0,0.0,0.0,0.3,0.7,1.0,0.0,0.0,0.3,0.7,2.3,1.3,0.0,0.0,1250.0,0.0,0.0,0.0,0.0,0.0,0.0,0.0,0.0,0.0,0.0,0.0,0.0,0.0,3.0,0.0,13.0,2.0,3.0,0.667,0.0,0.0,0.0,2.0,3.0,0.667,0.667,0.0,0.0,0.0,1.0,2.0,3.0,0.0,0.0,1.0,2.0,7.0,4.0,0.0,0.6,0.667,0.0,0.0,8.7,16.7,12.8,0.0,0.0,5.4,40.0,17.2,0.0,0.0,0.0,-0.032,-16.2,1.2,-14.9,0.0,0.0,2006
428,Ira Newble,9.8,0.5,1.6,0.298,0.1,0.4,0.231,0.4,1.2,0.318,0.325,0.3,0.4,0.688,0.6,1.0,1.6,0.3,0.1,0.3,0.3,1.3,1.3,0.0,0.0,1250.0,0.0,0.0,0.0,0.0,0.0,0.0,0.0,0.0,0.0,0.0,0.0,0.0,0.0,36.0,3.0,353.0,17.0,57.0,0.298,3.0,13.0,0.231,14.0,44.0,0.318,0.325,11.0,16.0,0.688,21.0,35.0,56.0,9.0,5.0,10.0,12.0,47.0,48.0,0.0,4.0,0.375,0.228,0.281,7.0,11.9,9.4,3.7,0.8,2.2,15.8,10.0,-0.3,0.3,0.1,0.009,-5.3,0.1,-5.2,-0.3,0.0,2006
429,Von Wafer,4.6,0.4,2.4,0.158,0.1,1.1,0.118,0.3,1.3,0.19,0.184,0.4,0.5,0.75,0.3,0.2,0.5,0.3,0.2,0.0,0.1,0.8,1.3,0.0,0.0,1250.0,0.0,0.0,0.0,0.0,0.0,0.0,0.0,0.0,0.0,0.0,0.0,0.0,0.0,16.0,0.0,73.0,6.0,38.0,0.158,2.0,17.0,0.118,4.0,21.0,0.19,0.184,6.0,8.0,0.75,5.0,3.0,8.0,4.0,3.0,0.0,1.0,12.0,20.0,0.0,-1.6,0.241,0.447,0.211,8.1,4.8,6.4,8.2,2.2,0.0,2.4,26.6,-0.3,0.1,-0.3,-0.174,-9.9,-4.1,-14.0,-0.2,0.0,2006
430,Jermaine Jackson,6.7,0.4,0.9,0.423,0.0,0.1,0.25,0.3,0.7,0.455,0.442,0.4,0.5,0.857,0.3,0.6,0.9,0.8,0.1,0.0,0.4,0.6,1.2,0.0,0.0,1250.0,0.0,0.0,0.0,0.0,0.0,0.0,0.0,0.0,0.0,0.0,0.0,0.0,0.0,30.0,2.0,202.0,11.0,26.0,0.423,1.0,4.0,0.25,10.0,22.0,0.455,0.442,12.0,14.0,0.857,8.0,19.0,27.0,25.0,4.0,1.0,13.0,19.0,35.0,0.0,8.2,0.544,0.154,0.538,4.6,11.4,7.9,17.8,1.0,0.4,28.8,10.2,0.1,0.1,0.2,0.047,-2.6,-0.1,-2.7,0.0,0.0,2006
431,Mark Madsen,10.9,0.4,1.1,0.409,0.0,0.1,0.0,0.4,1.0,0.458,0.409,0.3,0.8,0.426,0.8,1.5,2.3,0.2,0.4,0.3,0.4,1.8,1.2,0.0,0.0,1250.0,0.0,0.0,0.0,0.0,0.0,0.0,0.0,0.0,0.0,0.0,0.0,0.0,0.0,62.0,7.0,676.0,27.0,66.0,0.409,0.0,7.0,0.0,27.0,59.0,0.458,0.409,20.0,47.0,0.426,50.0,91.0,141.0,11.0,23.0,17.0,26.0,114.0,74.0,0.0,5.3,0.427,0.106,0.712,9.1,15.7,12.5,2.4,1.8,1.9,23.1,7.9,-0.3,0.9,0.6,0.043,-5.7,0.9,-4.8,-0.5,0.0,2006
432,Reece Gaines,4.5,0.5,1.0,0.5,0.0,0.2,0.0,0.5,0.8,0.6,0.5,0.1,0.3,0.25,0.0,0.0,0.0,0.3,0.1,0.0,0.1,0.1,1.1,0.0,0.0,1250.0,0.0,0.0,0.0,0.0,0.0,0.0,0.0,0.0,0.0,0.0,0.0,0.0,0.0,12.0,0.0,54.0,6.0,12.0,0.5,0.0,2.0,0.0,6.0,10.0,0.6,0.5,1.0,4.0,0.25,0.0,0.0,0.0,3.0,1.0,0.0,1.0,1.0,13.0,0.0,6.7,0.472,0.167,0.333,0.0,0.0,0.0,8.7,1.0,0.0,6.8,12.5,0.0,0.0,0.0,0.004,-3.1,-2.0,-5.1,0.0,0.0,2006
433,Eddie Gill,3.0,0.2,1.1,0.222,0.2,0.6,0.304,0.1,0.5,0.136,0.3,0.4,0.6,0.783,0.0,0.4,0.4,0.3,0.3,0.0,0.2,0.3,1.1,0.0,0.0,1250.0,0.0,0.0,0.0,0.0,0.0,0.0,0.0,0.0,0.0,0.0,0.0,0.0,0.0,41.0,0.0,122.0,10.0,45.0,0.222,7.0,23.0,0.304,3.0,22.0,0.136,0.3,18.0,23.0,0.783,0.0,15.0,15.0,12.0,11.0,1.0,9.0,13.0,45.0,0.0,9.9,0.408,0.511,0.511,0.0,13.8,7.1,15.8,4.8,0.6,14.0,24.5,-0.2,0.3,0.1,0.02,-4.6,3.5,-1.1,0.0,0.0,2006
434,Yaroslav Korolev,5.3,0.4,1.3,0.3,0.1,0.3,0.286,0.3,1.0,0.304,0.333,0.3,0.4,0.7,0.2,0.3,0.5,0.4,0.1,0.0,0.3,0.5,1.1,0.0,0.0,1250.0,0.0,0.0,0.0,0.0,0.0,0.0,0.0,0.0,0.0,0.0,0.0,0.0,0.0,24.0,0.0,127.0,9.0,30.0,0.3,2.0,7.0,0.286,7.0,23.0,0.304,0.333,7.0,10.0,0.7,5.0,8.0,13.0,9.0,3.0,0.0,6.0,11.0,27.0,0.0,4.8,0.392,0.233,0.333,4.8,7.0,5.9,10.3,1.2,0.0,14.9,14.7,-0.1,0.1,0.0,-0.013,-4.7,-0.9,-5.6,-0.1,0.0,2006
435,Josh Davis,2.8,0.3,1.2,0.286,0.0,0.3,0.0,0.3,0.8,0.4,0.286,0.3,0.5,0.667,0.5,0.2,0.7,0.2,0.3,0.0,0.2,0.5,1.0,0.0,0.0,1250.0,0.0,0.0,0.0,0.0,0.0,0.0,0.0,0.0,0.0,0.0,0.0,0.0,0.0,6.0,0.0,17.0,2.0,7.0,0.286,0.0,2.0,0.0,2.0,5.0,0.4,0.286,2.0,3.0,0.667,3.0,1.0,4.0,1.0,2.0,0.0,1.0,3.0,6.0,0.0,13.6,0.361,0.286,0.429,20.4,7.1,13.7,8.8,6.0,0.0,10.7,24.8,0.0,0.0,0.0,0.018,-2.0,0.2,-1.7,0.0,0.0,2006
436,Dwayne Jones,6.2,0.3,0.7,0.4,0.0,0.0,0.0,0.3,0.7,0.4,0.4,0.4,0.9,0.462,0.7,1.5,2.2,0.1,0.1,0.2,0.2,1.0,1.0,0.0,0.0,1250.0,0.0,0.0,0.0,0.0,0.0,0.0,0.0,0.0,0.0,0.0,0.0,0.0,0.0,14.0,0.0,87.0,4.0,10.0,0.4,0.0,0.0,0.0,4.0,10.0,0.4,0.4,6.0,13.0,0.462,10.0,21.0,31.0,2.0,1.0,3.0,3.0,14.0,14.0,0.0,9.2,0.445,0.0,1.3,14.4,28.7,21.7,3.3,0.6,2.6,16.0,9.9,0.0,0.1,0.1,0.081,-3.8,-1.0,-4.8,-0.1,0.0,2006
437,Stanislav Medvedenko,3.0,0.5,1.0,0.5,0.0,0.0,0.0,0.5,1.0,0.5,0.5,0.0,0.0,0.0,0.0,0.0,0.0,0.5,0.0,0.0,0.0,0.5,1.0,0.0,0.0,1250.0,0.0,0.0,0.0,0.0,0.0,0.0,0.0,0.0,0.0,0.0,0.0,0.0,0.0,2.0,0.0,6.0,1.0,2.0,0.5,0.0,0.0,0.0,1.0,2.0,0.5,0.5,0.0,0.0,0.0,0.0,0.0,0.0,1.0,0.0,0.0,0.0,1.0,2.0,0.0,11.0,0.5,0.0,0.0,0.0,0.0,0.0,28.4,0.0,0.0,0.0,15.2,0.0,0.0,0.0,0.114,-0.7,-0.8,-1.4,0.0,0.0,2006
438,Matt Walsh,1.5,0.5,0.5,1.0,0.0,0.0,0.0,0.5,0.5,1.0,1.0,0.0,1.0,0.0,0.0,0.0,0.0,0.0,0.0,0.0,0.5,0.0,1.0,0.0,0.0,1250.0,0.0,0.0,0.0,0.0,0.0,0.0,0.0,0.0,0.0,0.0,0.0,0.0,0.0,2.0,0.0,3.0,1.0,1.0,1.0,0.0,0.0,0.0,1.0,1.0,1.0,1.0,0.0,2.0,0.0,0.0,0.0,0.0,0.0,0.0,0.0,1.0,0.0,2.0,0.0,-2.4,0.532,0.0,2.0,0.0,0.0,0.0,0.0,0.0,0.0,34.7,44.3,0.0,0.0,0.0,-0.642,-8.8,-6.9,-15.7,0.0,0.0,2006
439,Alvin Williams,10.0,0.0,3.0,0.0,0.0,2.0,0.0,0.0,1.0,0.0,0.0,1.0,2.0,0.5,0.0,3.0,3.0,0.0,0.0,0.0,0.0,0.0,1.0,0.0,0.0,1250.0,0.0,0.0,0.0,0.0,0.0,0.0,0.0,0.0,0.0,0.0,0.0,0.0,0.0,1.0,0.0,10.0,0.0,3.0,0.0,0.0,2.0,0.0,0.0,1.0,0.0,0.0,1.0,2.0,0.5,0.0,3.0,3.0,0.0,0.0,0.0,0.0,0.0,1.0,0.0,-4.7,0.129,0.667,0.667,0.0,38.3,18.3,0.0,0.0,0.0,0.0,17.9,-0.1,0.0,-0.1,-0.278,-10.6,-4.5,-15.1,0.0,0.0,2006
440,John Thomas,7.9,0.4,0.9,0.4,0.0,0.0,0.0,0.4,0.9,0.4,0.4,0.2,0.3,0.75,0.6,0.6,1.3,0.1,0.2,0.1,0.5,1.1,0.9,0.0,0.0,1250.0,0.0,0.0,0.0,0.0,0.0,0.0,0.0,0.0,0.0,0.0,0.0,0.0,0.0,16.0,0.0,127.0,6.0,15.0,0.4,0.0,0.0,0.0,6.0,15.0,0.4,0.4,3.0,4.0,0.75,10.0,10.0,20.0,2.0,3.0,2.0,8.0,17.0,15.0,0.0,3.4,0.447,0.0,0.267,9.1,9.6,9.3,2.4,1.3,1.3,32.3,9.1,-0.1,0.1,0.0,-0.017,-6.5,-2.0,-8.5,-0.2,0.0,2006
441,Dale Davis,6.4,0.3,0.9,0.375,0.0,0.0,0.0,0.3,0.8,0.391,0.375,0.3,0.5,0.533,0.8,1.1,1.9,0.2,0.0,0.3,0.1,0.8,0.9,0.0,0.0,1250.0,0.0,0.0,0.0,0.0,0.0,0.0,0.0,0.0,0.0,0.0,0.0,0.0,0.0,28.0,2.0,178.0,9.0,24.0,0.375,0.0,1.0,0.0,9.0,23.0,0.391,0.375,8.0,15.0,0.533,21.0,32.0,53.0,6.0,0.0,9.0,4.0,23.0,26.0,0.0,9.9,0.425,0.042,0.625,13.9,21.6,17.7,4.8,0.0,3.7,11.6,9.2,0.1,0.3,0.4,0.108,-3.3,-0.2,-3.5,-0.1,0.0,2006
442,Devin Green,5.0,0.2,1.0,0.214,0.0,0.1,0.0,0.2,1.0,0.231,0.214,0.5,0.8,0.619,0.4,0.5,0.9,0.3,0.1,0.0,0.2,0.5,0.9,0.0,0.0,1250.0,0.0,0.0,0.0,0.0,0.0,0.0,0.0,0.0,0.0,0.0,0.0,0.0,0.0,27.0,0.0,135.0,6.0,28.0,0.214,0.0,2.0,0.0,6.0,26.0,0.231,0.214,13.0,21.0,0.619,10.0,14.0,24.0,7.0,3.0,0.0,5.0,13.0,25.0,0.0,4.7,0.336,0.071,0.75,8.7,12.2,10.5,7.3,1.2,0.0,11.8,14.3,-0.2,0.1,-0.1,-0.018,-5.1,-1.5,-6.5,-0.2,0.0,2006
443,Julius Hodge,2.4,0.4,0.9,0.385,0.0,0.0,0.0,0.4,0.9,0.385,0.385,0.2,0.6,0.375,0.4,0.1,0.5,0.4,0.1,0.0,0.6,0.5,0.9,0.0,0.0,1250.0,0.0,0.0,0.0,0.0,0.0,0.0,0.0,0.0,0.0,0.0,0.0,0.0,0.0,14.0,0.0,33.0,5.0,13.0,0.385,0.0,0.0,0.0,5.0,13.0,0.385,0.385,3.0,8.0,0.375,5.0,2.0,7.0,6.0,2.0,0.0,8.0,7.0,13.0,0.0,4.2,0.393,0.0,0.615,17.9,7.0,12.4,29.3,3.1,0.0,32.6,33.3,-0.2,0.0,-0.2,-0.219,-8.9,-2.8,-11.7,-0.1,0.0,2006
444,Ervin Johnson,4.5,0.4,0.9,0.412,0.0,0.0,0.0,0.4,0.9,0.412,0.412,0.1,0.1,0.5,0.3,1.1,1.3,0.1,0.1,0.1,0.3,1.3,0.8,0.0,0.0,1250.0,0.0,0.0,0.0,0.0,0.0,0.0,0.0,0.0,0.0,0.0,0.0,0.0,0.0,18.0,0.0,81.0,7.0,17.0,0.412,0.0,0.0,0.0,7.0,17.0,0.412,0.412,1.0,2.0,0.5,5.0,19.0,24.0,2.0,1.0,2.0,5.0,23.0,15.0,0.0,3.1,0.419,0.0,0.118,7.2,28.4,17.6,3.7,0.6,2.0,21.9,12.9,-0.1,0.1,0.0,-0.01,-9.2,-0.7,-9.9,-0.2,0.0,2006
445,Aaron Miles,6.2,0.3,0.9,0.333,0.0,0.0,0.0,0.3,0.9,0.333,0.333,0.2,0.2,1.0,0.0,0.7,0.7,1.3,0.2,0.1,0.6,0.7,0.8,0.0,0.0,1250.0,0.0,0.0,0.0,0.0,0.0,0.0,0.0,0.0,0.0,0.0,0.0,0.0,0.0,19.0,0.0,118.0,6.0,18.0,0.333,0.0,0.0,0.0,6.0,18.0,0.333,0.333,4.0,4.0,1.0,0.0,14.0,14.0,24.0,4.0,1.0,11.0,13.0,16.0,0.0,6.0,0.405,0.0,0.222,0.0,13.6,6.6,29.5,1.7,0.6,35.8,11.6,-0.2,0.1,0.0,-0.015,-5.7,0.8,-5.0,-0.1,0.0,2006
446,Jamal Sampson,3.3,0.4,0.6,0.714,0.0,0.0,0.0,0.4,0.6,0.714,0.714,0.0,0.2,0.0,0.4,1.1,1.5,0.4,0.0,0.3,0.0,0.4,0.8,0.0,0.0,1250.0,0.0,0.0,0.0,0.0,0.0,0.0,0.0,0.0,0.0,0.0,0.0,0.0,0.0,12.0,0.0,39.0,5.0,7.0,0.714,0.0,0.0,0.0,5.0,7.0,0.714,0.714,0.0,2.0,0.0,5.0,13.0,18.0,5.0,0.0,4.0,0.0,5.0,10.0,0.0,24.4,0.635,0.0,0.286,15.2,38.6,27.0,20.8,0.0,7.5,0.0,9.3,0.2,0.1,0.2,0.293,4.8,5.0,9.8,0.1,0.0,2006
447,Maciej Lampe,4.7,0.3,1.8,0.182,0.0,0.0,0.0,0.3,1.8,0.182,0.182,0.0,0.3,0.0,0.7,0.8,1.5,0.3,0.0,0.0,0.5,0.3,0.7,0.0,0.0,1250.0,0.0,0.0,0.0,0.0,0.0,0.0,0.0,0.0,0.0,0.0,0.0,0.0,0.0,6.0,0.0,28.0,2.0,11.0,0.182,0.0,0.0,0.0,2.0,11.0,0.182,0.182,0.0,2.0,0.0,4.0,5.0,9.0,2.0,0.0,0.0,3.0,2.0,4.0,0.0,-4.4,0.168,0.0,0.182,16.9,21.3,19.0,10.0,0.0,0.0,20.2,25.2,-0.2,0.0,-0.2,-0.332,-11.9,-6.4,-18.3,-0.1,0.0,2006
448,Anthony Goldwire,7.3,0.3,2.3,0.143,0.0,0.7,0.0,0.3,1.7,0.2,0.143,0.0,0.0,0.0,0.0,0.3,0.3,0.7,0.0,0.0,0.3,0.0,0.7,0.0,0.0,1250.0,0.0,0.0,0.0,0.0,0.0,0.0,0.0,0.0,0.0,0.0,0.0,0.0,0.0,3.0,0.0,22.0,1.0,7.0,0.143,0.0,2.0,0.0,1.0,5.0,0.2,0.143,0.0,0.0,0.0,0.0,1.0,1.0,2.0,0.0,0.0,1.0,0.0,2.0,0.0,-5.5,0.143,0.286,0.0,0.0,5.1,2.6,12.8,0.0,0.0,12.5,16.8,-0.1,0.0,-0.1,-0.245,-9.0,-4.0,-13.0,-0.1,0.0,2006
449,Randy Holcomb,2.8,0.3,0.3,1.0,0.0,0.0,0.0,0.3,0.3,1.0,1.0,0.0,0.0,0.0,0.3,0.0,0.3,0.0,0.0,0.0,0.0,0.5,0.5,0.0,0.0,1250.0,0.0,0.0,0.0,0.0,0.0,0.0,0.0,0.0,0.0,0.0,0.0,0.0,0.0,4.0,0.0,11.0,1.0,1.0,1.0,0.0,0.0,0.0,1.0,1.0,1.0,1.0,0.0,0.0,0.0,1.0,0.0,1.0,0.0,0.0,0.0,0.0,2.0,2.0,0.0,8.2,1.0,0.0,0.0,10.5,0.0,5.2,0.0,0.0,0.0,0.0,4.1,0.0,0.0,0.0,0.15,-1.0,-0.8,-1.7,0.0,0.0,2006
450,Aaron McKie,8.6,0.2,0.9,0.25,0.0,0.1,0.0,0.2,0.7,0.3,0.25,0.1,0.1,0.5,0.2,1.2,1.4,0.8,0.4,0.0,0.1,0.5,0.5,0.0,0.0,1250.0,0.0,0.0,0.0,0.0,0.0,0.0,0.0,0.0,0.0,0.0,0.0,0.0,0.0,14.0,0.0,121.0,3.0,12.0,0.25,0.0,2.0,0.0,3.0,10.0,0.3,0.25,1.0,2.0,0.5,3.0,17.0,20.0,11.0,5.0,0.0,2.0,7.0,7.0,0.0,6.1,0.272,0.167,0.167,2.9,16.5,9.7,12.5,2.2,0.0,13.4,5.6,0.0,0.1,0.1,0.041,-4.5,2.1,-2.4,0.0,0.0,2006
451,Samaki Walker,3.1,0.0,0.3,0.0,0.0,0.0,0.0,0.0,0.3,0.0,0.0,0.3,0.3,1.0,0.0,0.4,0.4,0.0,0.0,0.1,0.3,1.0,0.3,0.0,0.0,1250.0,0.0,0.0,0.0,0.0,0.0,0.0,0.0,0.0,0.0,0.0,0.0,0.0,0.0,7.0,0.0,22.0,0.0,2.0,0.0,0.0,0.0,0.0,0.0,2.0,0.0,0.0,2.0,2.0,1.0,0.0,3.0,3.0,0.0,0.0,1.0,2.0,7.0,2.0,0.0,-6.2,0.347,0.0,1.0,0.0,15.3,7.9,0.0,0.0,3.3,41.0,10.3,-0.1,0.0,0.0,-0.091,-13.9,1.7,-12.2,-0.1,0.0,2006
452,Martynas Andriuškevičius,1.5,0.0,0.2,0.0,0.0,0.0,0.0,0.0,0.2,0.0,0.0,0.0,0.0,0.0,0.2,0.5,0.7,0.0,0.3,0.0,0.0,0.2,0.0,0.0,0.0,1250.0,0.0,0.0,0.0,0.0,0.0,0.0,0.0,0.0,0.0,0.0,0.0,0.0,0.0,6.0,0.0,9.0,0.0,1.0,0.0,0.0,0.0,0.0,0.0,1.0,0.0,0.0,0.0,0.0,0.0,1.0,3.0,4.0,0.0,2.0,0.0,0.0,1.0,0.0,0.0,15.5,0.0,0.0,0.0,13.0,39.8,26.3,0.0,11.9,0.0,0.0,5.1,0.0,0.0,0.0,0.155,-1.8,7.0,5.2,0.0,0.0,2006
453,Deng Gai,2.5,0.0,0.0,0.0,0.0,0.0,0.0,0.0,0.0,0.0,0.0,0.0,0.0,0.0,0.0,0.0,0.0,0.0,0.0,0.0,0.0,0.0,0.0,0.0,0.0,1250.0,0.0,0.0,0.0,0.0,0.0,0.0,0.0,0.0,0.0,0.0,0.0,0.0,0.0,2.0,0.0,5.0,0.0,0.0,0.0,0.0,0.0,0.0,0.0,0.0,0.0,0.0,0.0,0.0,0.0,0.0,0.0,0.0,0.0,0.0,0.0,0.0,0.0,0.0,0.0,0.0,0.0,0.0,0.0,0.0,0.0,0.0,0.0,0.0,0.0,0.0,0.0,0.0,0.0,0.0,-0.015,-3.6,-3.5,-7.2,0.0,0.0,2006
454,Nenê,3.0,0.0,1.0,0.0,0.0,0.0,0.0,0.0,1.0,0.0,0.0,0.0,0.0,0.0,0.0,0.0,0.0,0.0,0.0,0.0,2.0,1.0,0.0,0.0,0.0,1250.0,0.0,0.0,0.0,0.0,0.0,0.0,0.0,0.0,0.0,0.0,0.0,0.0,0.0,1.0,0.0,3.0,0.0,1.0,0.0,0.0,0.0,0.0,0.0,1.0,0.0,0.0,0.0,0.0,0.0,0.0,0.0,0.0,0.0,0.0,0.0,2.0,1.0,0.0,0.0,-54.4,0.0,0.0,0.0,0.0,0.0,0.0,0.0,0.0,0.0,66.7,44.8,-0.1,0.0,-0.1,-1.312,-56.5,-14.2,-70.7,0.0,0.0,2006
455,Randy Livingston,4.4,0.0,0.4,0.0,0.0,0.0,0.0,0.0,0.4,0.0,0.0,0.0,0.0,0.0,0.2,0.6,0.8,0.2,0.2,0.0,0.2,1.2,0.0,0.0,0.0,1250.0,0.0,0.0,0.0,0.0,0.0,0.0,0.0,0.0,0.0,0.0,0.0,0.0,0.0,5.0,0.0,22.0,0.0,2.0,0.0,0.0,0.0,0.0,0.0,2.0,0.0,0.0,0.0,0.0,0.0,1.0,3.0,4.0,1.0,1.0,0.0,1.0,6.0,0.0,0.0,-3.0,0.0,0.0,0.0,5.2,15.6,10.4,6.0,2.3,0.0,33.3,6.2,-0.1,0.0,0.0,-0.045,-11.9,3.3,-8.6,0.0,0.0,2006
456,Bryon Russell,3.0,0.0,0.0,0.0,0.0,0.0,0.0,0.0,0.0,0.0,0.0,0.0,0.0,0.0,0.0,1.0,1.0,1.0,0.0,0.0,0.0,0.0,0.0,0.0,0.0,1250.0,0.0,0.0,0.0,0.0,0.0,0.0,0.0,0.0,0.0,0.0,0.0,0.0,0.0,1.0,0.0,3.0,0.0,0.0,0.0,0.0,0.0,0.0,0.0,0.0,0.0,0.0,0.0,0.0,0.0,0.0,1.0,1.0,1.0,0.0,0.0,0.0,0.0,0.0,0.0,16.4,0.0,0.0,0.0,0.0,38.5,19.5,43.2,0.0,0.0,0.0,0.0,0.0,0.0,0.0,0.194,3.2,5.1,8.2,0.0,0.0,2006
457,Alex Scales,0.0,0.0,0.0,0.0,0.0,0.0,0.0,0.0,0.0,0.0,0.0,0.0,0.0,0.0,0.0,0.0,0.0,0.0,0.0,0.0,0.0,0.0,0.0,0.0,0.0,1250.0,0.0,0.0,0.0,0.0,0.0,0.0,0.0,0.0,0.0,0.0,0.0,0.0,0.0,1.0,0.0,0.0,0.0,0.0,0.0,0.0,0.0,0.0,0.0,0.0,0.0,0.0,0.0,0.0,0.0,0.0,0.0,0.0,0.0,0.0,0.0,0.0,0.0,0.0,0.0,0.0,0.0,0.0,0.0,0.0,0.0,0.0,0.0,0.0,0.0,0.0,0.0,0.0,0.0,0.0,0.0,0.0,0.0,0.0,0.0,0.0,2006
