,Player,MPPG,FGPG,FGAPG,FG%PG,3PPG,3PAPG,3P%PG,2PPG,2PAPG,2P%PG,eFG%PG,FTPG,FTAPG,FT%PG,ORBPG,DRBPG,TRBPG,ASTPG,STLPG,BLKPG,TOVPG,PFPG,PTSPG,First,Pts Won,Pts Max,Share,G_x,MP_x,PTS_x,TRB_x,AST_x,STL_x,BLK_x,FG%_x,3P%_x,FT%_x,WS_x,WS/48_x,G_y,GS,MP_y,FG,FGA,FG%_y,3P,3PA,3P%_y,2P,2PA,2P%,eFG%,FT,FTA,FT%_y,ORB,DRB,TRB_y,AST_y,STL_y,BLK_y,TOV,PF,PTS_y,Trp-Dbl,PER,TS%,3PAr,FTr,ORB%,DRB%,TRB%,AST%,STL%,BLK%,TOV%,USG%,OWS,DWS,WS_y,WS/48_y,OBPM,DBPM,BPM,VORP,First Pts Share,Year
0,LeBron James,40.4,10.6,21.9,0.484,1.5,4.8,0.315,9.1,17.1,0.531,0.518,7.3,10.3,0.712,1.8,6.1,7.9,7.2,1.8,1.1,3.4,2.2,30.0,1.0,438.0,1260.0,0.348,75.0,40.4,30.0,7.9,7.2,1.8,1.1,0.484,0.315,0.712,15.2,0.242,75.0,74.0,3027.0,794.0,1642.0,0.484,113.0,359.0,0.315,681.0,1283.0,0.531,0.518,549.0,771.0,0.712,133.0,459.0,592.0,539.0,138.0,81.0,255.0,165.0,2250.0,7.0,29.1,0.568,0.219,0.47,4.9,17.8,11.1,37.3,2.4,2.1,11.4,33.5,10.7,4.6,15.2,0.242,8.2,2.6,10.9,9.8,0.0007936507936507937,2008
1,Kobe Bryant,38.9,9.5,20.6,0.459,1.8,5.1,0.361,7.6,15.5,0.49,0.503,7.6,9.0,0.84,1.1,5.2,6.3,5.4,1.8,0.5,3.1,2.8,28.3,82.0,1100.0,1260.0,0.873,82.0,38.9,28.3,6.3,5.4,1.8,0.5,0.459,0.361,0.84,13.8,0.208,82.0,82.0,3192.0,775.0,1690.0,0.459,150.0,415.0,0.361,625.0,1275.0,0.49,0.503,623.0,742.0,0.84,94.0,423.0,517.0,441.0,151.0,40.0,257.0,227.0,2323.0,0.0,24.2,0.576,0.246,0.439,3.4,14.1,9.0,23.9,2.4,0.9,11.3,31.4,9.5,4.3,13.8,0.208,5.2,0.6,5.8,6.3,0.06507936507936508,2008
2,Allen Iverson,41.8,8.7,19.0,0.458,1.2,3.4,0.345,7.5,15.6,0.482,0.488,7.9,9.7,0.809,0.6,2.4,3.0,7.1,2.0,0.1,3.0,1.3,26.4,0.0,0.0,1260.0,0.0,0.0,0.0,0.0,0.0,0.0,0.0,0.0,0.0,0.0,0.0,0.0,0.0,82.0,82.0,3424.0,712.0,1556.0,0.458,95.0,275.0,0.345,617.0,1281.0,0.482,0.488,645.0,797.0,0.809,47.0,196.0,243.0,586.0,160.0,12.0,245.0,109.0,2164.0,0.0,20.9,0.567,0.177,0.512,1.5,6.1,3.8,27.4,2.2,0.2,11.4,26.7,8.9,2.8,11.6,0.163,3.4,-0.7,2.7,4.0,0.0,2008
3,Carmelo Anthony,36.4,9.5,19.2,0.492,0.8,2.1,0.354,8.7,17.1,0.509,0.511,6.0,7.7,0.786,2.3,5.1,7.4,3.4,1.3,0.5,3.3,3.3,25.7,0.0,3.0,1260.0,0.002,77.0,36.4,25.7,7.4,3.4,1.3,0.5,0.492,0.354,0.786,8.2,0.14,77.0,77.0,2806.0,728.0,1481.0,0.492,58.0,164.0,0.354,670.0,1317.0,0.509,0.511,464.0,590.0,0.786,178.0,393.0,571.0,259.0,98.0,39.0,253.0,253.0,1978.0,0.0,21.1,0.568,0.111,0.398,7.0,14.9,11.0,16.1,1.7,1.0,12.7,30.2,5.2,3.0,8.2,0.14,2.5,-0.9,1.6,2.5,0.0,2008
4,Amar'e Stoudemire,33.9,9.0,15.3,0.59,0.1,0.4,0.161,9.0,14.9,0.601,0.592,7.0,8.7,0.805,2.3,6.8,9.1,1.5,0.8,2.1,2.2,3.7,25.2,0.0,27.0,1260.0,0.021,79.0,33.9,25.2,9.1,1.5,0.8,2.1,0.59,0.161,0.805,14.6,0.262,79.0,79.0,2677.0,714.0,1211.0,0.59,5.0,31.0,0.161,709.0,1180.0,0.601,0.592,556.0,691.0,0.805,178.0,541.0,719.0,118.0,64.0,163.0,174.0,294.0,1989.0,0.0,27.6,0.656,0.026,0.571,8.2,21.1,15.2,7.5,1.2,4.0,10.3,28.2,10.9,3.8,14.6,0.262,4.2,0.6,4.8,4.6,0.0,2008
5,Dwyane Wade,38.3,8.6,18.4,0.469,0.4,1.5,0.286,8.2,16.9,0.485,0.48,6.9,9.2,0.758,0.9,3.3,4.2,6.9,1.7,0.7,4.4,2.7,24.6,0.0,0.0,1260.0,0.0,0.0,0.0,0.0,0.0,0.0,0.0,0.0,0.0,0.0,0.0,0.0,0.0,51.0,49.0,1954.0,439.0,937.0,0.469,22.0,77.0,0.286,417.0,860.0,0.485,0.48,354.0,467.0,0.758,45.0,169.0,214.0,354.0,87.0,37.0,224.0,137.0,1254.0,0.0,21.5,0.549,0.082,0.498,2.7,10.5,6.6,37.5,2.4,1.5,16.4,33.1,1.8,1.5,3.3,0.082,3.1,-0.2,2.9,2.3,0.0,2008
6,Kevin Martin,36.3,6.8,15.0,0.456,1.8,4.4,0.402,5.1,10.6,0.478,0.515,8.2,9.5,0.869,0.8,3.7,4.5,2.1,1.0,0.1,2.1,2.5,23.7,0.0,0.0,1260.0,0.0,0.0,0.0,0.0,0.0,0.0,0.0,0.0,0.0,0.0,0.0,0.0,0.0,61.0,57.0,2216.0,417.0,914.0,0.456,107.0,266.0,0.402,310.0,648.0,0.478,0.515,502.0,578.0,0.869,48.0,225.0,273.0,129.0,62.0,5.0,131.0,150.0,1443.0,0.0,21.0,0.618,0.291,0.632,2.6,11.8,7.3,10.1,1.4,0.2,10.1,26.2,7.4,1.1,8.4,0.183,3.8,-1.4,2.4,2.4,0.0,2008
7,Dirk Nowitzki,36.0,8.2,17.1,0.479,1.0,2.9,0.359,7.2,14.2,0.504,0.51,6.2,7.1,0.879,1.2,7.3,8.6,3.5,0.7,0.9,2.1,2.6,23.6,0.0,5.0,1260.0,0.004,77.0,36.0,23.6,8.6,3.5,0.7,0.9,0.479,0.359,0.879,12.9,0.223,77.0,77.0,2769.0,630.0,1314.0,0.479,79.0,220.0,0.359,551.0,1094.0,0.504,0.51,478.0,544.0,0.879,95.0,564.0,659.0,266.0,51.0,71.0,160.0,198.0,1817.0,1.0,24.6,0.585,0.167,0.414,4.1,22.8,13.8,17.8,1.0,1.9,9.3,28.8,8.9,4.0,12.9,0.223,5.6,1.0,6.6,6.0,0.0,2008
8,Michael Redd,37.5,7.6,17.3,0.442,1.8,5.0,0.362,5.8,12.3,0.475,0.495,5.6,6.8,0.82,1.2,3.1,4.3,3.4,0.9,0.2,2.5,1.7,22.7,0.0,0.0,1260.0,0.0,0.0,0.0,0.0,0.0,0.0,0.0,0.0,0.0,0.0,0.0,0.0,0.0,72.0,71.0,2702.0,550.0,1243.0,0.442,130.0,359.0,0.362,420.0,884.0,0.475,0.495,402.0,490.0,0.82,85.0,224.0,309.0,247.0,65.0,13.0,181.0,120.0,1632.0,0.0,18.8,0.559,0.289,0.394,3.5,10.2,6.7,16.4,1.3,0.4,11.0,27.3,5.6,0.2,5.8,0.104,3.5,-2.1,1.5,2.4,0.0,2008
9,Richard Jefferson,39.0,7.5,16.2,0.466,0.9,2.6,0.362,6.6,13.6,0.486,0.495,6.6,8.3,0.798,1.1,3.0,4.2,3.1,0.9,0.3,2.4,2.7,22.6,0.0,0.0,1260.0,0.0,0.0,0.0,0.0,0.0,0.0,0.0,0.0,0.0,0.0,0.0,0.0,0.0,82.0,82.0,3200.0,619.0,1328.0,0.466,77.0,213.0,0.362,542.0,1115.0,0.486,0.495,542.0,679.0,0.798,93.0,249.0,342.0,252.0,76.0,21.0,199.0,225.0,1857.0,0.0,17.4,0.571,0.16,0.511,3.4,9.0,6.2,15.0,1.2,0.5,10.9,26.1,6.1,1.5,7.6,0.114,1.6,-1.3,0.3,1.8,0.0,2008
10,Chris Bosh,36.2,7.6,15.3,0.494,0.1,0.4,0.4,7.4,15.0,0.496,0.499,7.0,8.3,0.844,2.6,6.1,8.7,2.6,0.9,1.0,2.3,2.3,22.3,0.0,0.0,1260.0,0.0,0.0,0.0,0.0,0.0,0.0,0.0,0.0,0.0,0.0,0.0,0.0,0.0,67.0,67.0,2425.0,507.0,1027.0,0.494,10.0,25.0,0.4,497.0,1002.0,0.496,0.499,472.0,559.0,0.844,174.0,409.0,583.0,171.0,63.0,67.0,153.0,157.0,1496.0,0.0,23.8,0.588,0.024,0.544,8.4,20.1,14.2,12.1,1.4,2.2,10.7,27.7,7.0,3.1,10.1,0.2,4.0,0.4,4.4,3.9,0.0,2008
11,Corey Maggette,35.7,6.5,14.3,0.458,1.1,2.9,0.384,5.4,11.4,0.477,0.497,7.9,9.7,0.812,1.1,4.5,5.6,2.7,1.0,0.1,2.8,3.0,22.1,0.0,0.0,1260.0,0.0,0.0,0.0,0.0,0.0,0.0,0.0,0.0,0.0,0.0,0.0,0.0,0.0,70.0,65.0,2502.0,458.0,1000.0,0.458,78.0,203.0,0.384,380.0,797.0,0.477,0.497,553.0,681.0,0.812,78.0,316.0,394.0,189.0,71.0,7.0,195.0,210.0,1547.0,0.0,19.3,0.595,0.203,0.681,3.6,14.7,9.1,14.3,1.5,0.2,13.0,27.6,5.1,1.8,6.9,0.133,2.6,-0.7,1.9,2.4,0.0,2008
12,Yao Ming,37.2,7.9,15.5,0.507,0.0,0.0,0.0,7.9,15.5,0.508,0.507,6.3,7.4,0.85,3.1,7.7,10.8,2.3,0.5,2.0,3.3,3.1,22.0,0.0,0.0,1260.0,0.0,0.0,0.0,0.0,0.0,0.0,0.0,0.0,0.0,0.0,0.0,0.0,0.0,55.0,55.0,2044.0,432.0,852.0,0.507,0.0,2.0,0.0,432.0,850.0,0.508,0.507,345.0,406.0,0.85,172.0,422.0,594.0,129.0,25.0,111.0,183.0,171.0,1209.0,0.0,22.5,0.587,0.002,0.477,9.6,22.9,16.4,11.5,0.6,4.0,15.1,27.1,4.2,4.1,8.3,0.196,1.8,1.6,3.4,2.8,0.0,2008
13,Baron Davis,39.0,7.9,18.6,0.426,2.1,6.4,0.33,5.8,12.2,0.477,0.483,3.9,5.2,0.75,1.2,3.5,4.7,7.6,2.3,0.5,2.8,3.0,21.8,0.0,0.0,1260.0,0.0,0.0,0.0,0.0,0.0,0.0,0.0,0.0,0.0,0.0,0.0,0.0,0.0,82.0,82.0,3196.0,650.0,1526.0,0.426,173.0,525.0,0.33,477.0,1001.0,0.477,0.483,318.0,424.0,0.75,96.0,289.0,385.0,623.0,191.0,43.0,232.0,247.0,1791.0,3.0,19.8,0.523,0.344,0.278,3.1,10.1,6.4,29.7,2.9,1.0,11.9,25.6,5.9,2.8,8.7,0.131,3.2,0.3,3.6,4.5,0.0,2008
14,Jason Richardson,38.4,7.9,17.9,0.441,3.0,7.3,0.406,4.9,10.6,0.466,0.524,3.0,4.0,0.752,1.0,4.4,5.4,3.1,1.4,0.7,2.0,2.9,21.8,0.0,0.0,1260.0,0.0,0.0,0.0,0.0,0.0,0.0,0.0,0.0,0.0,0.0,0.0,0.0,0.0,82.0,82.0,3149.0,648.0,1468.0,0.441,243.0,599.0,0.406,405.0,869.0,0.466,0.524,249.0,331.0,0.752,80.0,361.0,441.0,258.0,116.0,57.0,166.0,241.0,1788.0,0.0,18.4,0.554,0.408,0.225,2.9,13.3,8.0,15.2,1.9,1.4,9.3,25.9,4.8,2.6,7.4,0.113,3.3,-0.3,3.0,4.0,0.0,2008
15,Joe Johnson,40.8,7.9,18.3,0.432,2.1,5.4,0.381,5.8,12.8,0.454,0.489,3.9,4.6,0.834,1.0,3.5,4.5,5.8,1.0,0.2,2.7,2.0,21.7,0.0,0.0,1260.0,0.0,0.0,0.0,0.0,0.0,0.0,0.0,0.0,0.0,0.0,0.0,0.0,0.0,82.0,82.0,3343.0,647.0,1497.0,0.432,169.0,444.0,0.381,478.0,1053.0,0.454,0.489,316.0,379.0,0.834,83.0,284.0,367.0,474.0,84.0,18.0,223.0,168.0,1779.0,0.0,17.3,0.535,0.297,0.253,2.9,9.9,6.4,25.5,1.3,0.4,11.8,25.6,5.3,1.7,7.0,0.1,2.7,-1.5,1.2,2.7,0.0,2008
16,Tracy McGrady,37.0,8.3,19.8,0.419,1.3,4.5,0.292,7.0,15.3,0.457,0.452,3.7,5.4,0.684,0.6,4.5,5.1,5.9,1.0,0.5,2.4,1.4,21.6,0.0,19.0,1260.0,0.015,66.0,37.0,21.6,5.1,5.9,1.0,0.5,0.419,0.292,0.684,5.8,0.115,66.0,62.0,2440.0,548.0,1307.0,0.419,86.0,295.0,0.292,462.0,1012.0,0.457,0.452,245.0,358.0,0.684,42.0,297.0,339.0,387.0,68.0,30.0,160.0,91.0,1427.0,1.0,18.4,0.487,0.226,0.274,2.0,13.5,7.8,29.6,1.5,0.9,9.8,30.4,2.0,3.8,5.8,0.115,2.4,0.5,2.9,3.1,0.0,2008
17,Antawn Jamison,38.7,7.8,17.9,0.436,1.5,4.5,0.339,6.3,13.5,0.468,0.478,4.2,5.5,0.76,2.7,7.5,10.2,1.5,1.3,0.4,1.4,2.5,21.4,0.0,1.0,1260.0,0.001,79.0,38.7,21.4,10.2,1.5,1.3,0.4,0.436,0.339,0.76,9.2,0.144,79.0,79.0,3061.0,618.0,1417.0,0.436,120.0,354.0,0.339,498.0,1063.0,0.468,0.478,333.0,438.0,0.76,215.0,591.0,806.0,120.0,106.0,34.0,113.0,195.0,1689.0,0.0,20.3,0.525,0.25,0.309,8.0,23.3,15.4,7.2,1.9,0.9,6.6,25.9,6.0,3.2,9.2,0.144,3.1,-1.3,1.7,2.9,0.0,2008
18,Vince Carter,38.9,7.7,16.9,0.456,1.3,3.6,0.359,6.4,13.3,0.482,0.494,4.6,5.6,0.816,1.5,4.5,6.0,5.1,1.2,0.4,2.4,3.2,21.3,0.0,0.0,1260.0,0.0,0.0,0.0,0.0,0.0,0.0,0.0,0.0,0.0,0.0,0.0,0.0,0.0,76.0,72.0,2959.0,587.0,1287.0,0.456,98.0,273.0,0.359,489.0,1014.0,0.482,0.494,350.0,429.0,0.816,112.0,341.0,453.0,389.0,93.0,33.0,181.0,241.0,1622.0,0.0,18.8,0.55,0.212,0.333,4.4,13.4,8.9,25.2,1.6,0.9,10.9,25.6,5.5,2.2,7.7,0.126,2.6,-0.3,2.4,3.3,0.0,2008
19,Carlos Boozer,34.9,8.8,16.0,0.547,0.0,0.0,0.0,8.8,16.0,0.547,0.547,3.6,4.9,0.738,2.4,8.0,10.4,2.9,1.2,0.5,2.6,3.6,21.1,0.0,1.0,1260.0,0.001,81.0,34.9,21.1,10.4,2.9,1.2,0.5,0.547,0.0,0.738,10.2,0.173,81.0,81.0,2827.0,709.0,1297.0,0.547,0.0,1.0,0.0,709.0,1296.0,0.547,0.547,290.0,393.0,0.738,197.0,647.0,844.0,233.0,100.0,41.0,210.0,293.0,1708.0,1.0,21.9,0.581,0.001,0.303,8.6,27.7,18.2,14.2,1.8,1.2,12.5,26.6,5.9,4.3,10.2,0.173,2.5,0.3,2.8,3.5,0.0,2008
20,Chris Paul,37.6,7.9,16.1,0.488,1.2,3.1,0.369,6.7,13.0,0.516,0.524,4.2,4.9,0.851,0.8,3.2,4.0,11.6,2.7,0.1,2.5,2.3,21.1,28.0,894.0,1260.0,0.71,80.0,37.6,21.1,4.0,11.6,2.7,0.1,0.488,0.369,0.851,17.8,0.284,80.0,80.0,3006.0,630.0,1291.0,0.488,92.0,249.0,0.369,538.0,1042.0,0.516,0.524,332.0,390.0,0.851,62.0,259.0,321.0,925.0,217.0,4.0,201.0,185.0,1684.0,1.0,28.3,0.576,0.193,0.302,2.4,10.3,6.2,52.2,3.9,0.1,12.1,25.7,13.2,4.6,17.8,0.284,7.2,3.2,10.4,9.3,0.022222222222222223,2008
21,Al Jefferson,35.6,8.8,17.6,0.5,0.0,0.1,0.0,8.8,17.5,0.502,0.5,3.5,4.8,0.721,3.8,7.4,11.1,1.4,0.9,1.5,2.0,2.7,21.0,0.0,0.0,1260.0,0.0,0.0,0.0,0.0,0.0,0.0,0.0,0.0,0.0,0.0,0.0,0.0,0.0,82.0,82.0,2919.0,721.0,1441.0,0.5,0.0,5.0,0.0,721.0,1436.0,0.502,0.5,284.0,394.0,0.721,308.0,603.0,911.0,117.0,74.0,119.0,167.0,222.0,1726.0,0.0,22.7,0.535,0.003,0.273,11.9,24.7,18.1,7.5,1.3,3.2,9.4,27.5,4.8,2.9,7.7,0.127,2.8,-1.2,1.6,2.6,0.0,2008
22,Dwight Howard,37.7,7.1,11.9,0.599,0.0,0.0,0.0,7.1,11.8,0.601,0.599,6.5,10.9,0.59,3.4,10.8,14.2,1.3,0.9,2.1,3.2,3.3,20.7,0.0,60.0,1260.0,0.048,82.0,37.7,20.7,14.2,1.3,0.9,2.1,0.599,0.0,0.59,12.9,0.2,82.0,82.0,3088.0,583.0,974.0,0.599,0.0,4.0,0.0,583.0,970.0,0.601,0.599,529.0,897.0,0.59,279.0,882.0,1161.0,110.0,74.0,176.0,263.0,274.0,1695.0,0.0,22.9,0.619,0.004,0.921,10.9,31.6,21.7,6.1,1.2,4.2,16.1,24.2,6.4,6.4,12.9,0.2,1.6,1.2,2.8,3.7,0.0,2008
23,Jamal Crawford,39.9,7.1,17.4,0.41,2.2,6.2,0.356,4.9,11.2,0.439,0.473,4.1,4.8,0.864,0.5,2.1,2.6,5.0,1.0,0.2,2.4,1.8,20.6,0.0,0.0,1260.0,0.0,0.0,0.0,0.0,0.0,0.0,0.0,0.0,0.0,0.0,0.0,0.0,0.0,80.0,80.0,3190.0,570.0,1391.0,0.41,176.0,494.0,0.356,394.0,897.0,0.439,0.473,329.0,381.0,0.864,37.0,170.0,207.0,398.0,81.0,17.0,192.0,144.0,1645.0,0.0,16.0,0.528,0.355,0.274,1.3,6.3,3.7,22.0,1.3,0.4,11.0,24.6,4.6,0.4,5.0,0.076,2.1,-1.8,0.3,1.9,0.0,2008
24,David West,37.8,8.3,17.2,0.482,0.1,0.3,0.24,8.2,16.8,0.487,0.484,3.9,4.6,0.85,2.4,6.5,8.9,2.3,0.8,1.3,2.2,2.7,20.6,0.0,0.0,1260.0,0.0,0.0,0.0,0.0,0.0,0.0,0.0,0.0,0.0,0.0,0.0,0.0,0.0,76.0,76.0,2870.0,629.0,1305.0,0.482,6.0,25.0,0.24,623.0,1280.0,0.487,0.484,300.0,353.0,0.85,180.0,495.0,675.0,177.0,62.0,99.0,165.0,208.0,1564.0,0.0,19.9,0.535,0.019,0.27,7.2,20.6,13.7,10.6,1.2,2.7,10.2,26.3,4.3,4.0,8.4,0.14,1.3,0.2,1.5,2.6,0.0,2008
25,Metta World Peace,38.1,7.6,16.9,0.453,1.5,3.9,0.38,6.2,13.0,0.475,0.497,3.7,5.2,0.719,1.8,4.0,5.8,3.5,2.3,0.7,2.6,2.8,20.5,0.0,0.0,1260.0,0.0,0.0,0.0,0.0,0.0,0.0,0.0,0.0,0.0,0.0,0.0,0.0,0.0,57.0,54.0,2172.0,436.0,962.0,0.453,84.0,221.0,0.38,352.0,741.0,0.475,0.497,212.0,295.0,0.719,101.0,227.0,328.0,199.0,133.0,38.0,148.0,159.0,1168.0,0.0,18.8,0.535,0.23,0.307,5.6,12.1,8.9,16.2,3.1,1.4,11.9,25.5,2.4,2.2,4.7,0.103,2.1,0.7,2.8,2.6,0.0,2008
26,Caron Butler,39.9,7.6,16.3,0.466,1.1,3.2,0.357,6.4,13.1,0.492,0.501,4.1,4.5,0.901,1.6,5.1,6.7,4.9,2.2,0.3,2.6,2.8,20.3,0.0,0.0,1260.0,0.0,0.0,0.0,0.0,0.0,0.0,0.0,0.0,0.0,0.0,0.0,0.0,0.0,58.0,58.0,2314.0,439.0,943.0,0.466,66.0,185.0,0.357,373.0,758.0,0.492,0.501,236.0,262.0,0.901,93.0,295.0,388.0,284.0,128.0,20.0,150.0,160.0,1180.0,3.0,20.7,0.558,0.196,0.278,4.6,15.4,9.8,21.9,3.0,0.7,12.4,24.0,4.8,2.4,7.2,0.15,3.0,1.1,4.1,3.5,0.0,2008
27,Kevin Durant,34.6,7.3,17.1,0.43,0.7,2.6,0.288,6.6,14.5,0.455,0.451,4.9,5.6,0.873,0.9,3.5,4.4,2.4,1.0,0.9,2.9,1.5,20.3,0.0,0.0,1260.0,0.0,0.0,0.0,0.0,0.0,0.0,0.0,0.0,0.0,0.0,0.0,0.0,0.0,80.0,80.0,2768.0,587.0,1366.0,0.43,59.0,205.0,0.288,528.0,1161.0,0.455,0.451,391.0,448.0,0.873,70.0,278.0,348.0,192.0,78.0,75.0,232.0,122.0,1624.0,0.0,15.8,0.519,0.15,0.328,2.8,10.9,6.9,12.0,1.4,1.9,12.9,28.1,0.4,1.9,2.3,0.04,0.5,-0.7,-0.1,1.3,0.0,2008
28,Monta Ellis,37.9,8.0,15.1,0.531,0.1,0.6,0.231,7.9,14.5,0.545,0.536,4.0,5.1,0.767,1.6,3.3,5.0,3.9,1.5,0.3,2.1,2.4,20.2,0.0,0.0,1260.0,0.0,0.0,0.0,0.0,0.0,0.0,0.0,0.0,0.0,0.0,0.0,0.0,0.0,81.0,72.0,3071.0,652.0,1227.0,0.531,12.0,52.0,0.231,640.0,1175.0,0.545,0.536,320.0,417.0,0.767,133.0,271.0,404.0,315.0,124.0,27.0,173.0,195.0,1636.0,0.0,19.0,0.58,0.042,0.34,4.5,9.8,7.0,15.8,2.0,0.6,10.9,21.7,7.1,1.8,9.0,0.14,1.8,-0.3,1.6,2.8,0.0,2008
29,Rudy Gay,37.0,7.7,16.7,0.461,1.7,4.8,0.346,6.1,12.0,0.507,0.511,3.1,3.9,0.785,1.7,4.4,6.2,2.0,1.4,1.0,2.3,2.8,20.1,0.0,0.0,1260.0,0.0,0.0,0.0,0.0,0.0,0.0,0.0,0.0,0.0,0.0,0.0,0.0,0.0,81.0,81.0,3000.0,625.0,1355.0,0.461,134.0,387.0,0.346,491.0,968.0,0.507,0.511,248.0,316.0,0.785,140.0,359.0,499.0,158.0,111.0,79.0,190.0,230.0,1632.0,0.0,17.4,0.546,0.286,0.233,5.2,13.5,9.3,9.3,1.9,1.9,11.3,25.0,2.9,2.1,5.0,0.08,1.5,-0.6,0.8,2.1,0.0,2008
30,Stephen Jackson,39.1,6.7,16.5,0.405,2.5,6.9,0.363,4.2,9.6,0.435,0.481,4.2,5.1,0.832,0.9,3.4,4.4,4.1,1.3,0.4,2.7,2.3,20.1,0.0,0.0,1260.0,0.0,0.0,0.0,0.0,0.0,0.0,0.0,0.0,0.0,0.0,0.0,0.0,0.0,73.0,73.0,2855.0,488.0,1204.0,0.405,182.0,501.0,0.363,306.0,703.0,0.435,0.481,308.0,370.0,0.832,67.0,251.0,318.0,300.0,92.0,29.0,197.0,171.0,1466.0,0.0,14.9,0.536,0.416,0.307,2.4,9.8,6.0,15.2,1.6,0.7,12.6,23.1,3.2,1.4,4.6,0.077,1.1,-1.2,-0.2,1.3,0.0,2008
31,Josh Howard,36.3,7.5,16.4,0.455,0.9,2.8,0.319,6.6,13.6,0.482,0.482,4.1,5.1,0.813,1.6,5.4,7.0,2.2,0.8,0.4,1.5,2.7,19.9,0.0,0.0,1260.0,0.0,0.0,0.0,0.0,0.0,0.0,0.0,0.0,0.0,0.0,0.0,0.0,0.0,76.0,76.0,2757.0,567.0,1247.0,0.455,67.0,210.0,0.319,500.0,1037.0,0.482,0.482,312.0,384.0,0.813,120.0,412.0,532.0,164.0,59.0,32.0,114.0,202.0,1513.0,0.0,18.3,0.534,0.168,0.308,5.2,16.7,11.2,10.6,1.1,0.9,7.5,25.9,4.8,3.2,8.0,0.14,1.8,-0.6,1.2,2.2,0.0,2008
32,Andre Iguodala,39.5,7.1,15.6,0.456,1.2,3.7,0.329,5.9,11.8,0.496,0.495,4.5,6.2,0.721,1.0,4.4,5.4,4.8,2.1,0.6,2.6,2.3,19.9,0.0,0.0,1260.0,0.0,0.0,0.0,0.0,0.0,0.0,0.0,0.0,0.0,0.0,0.0,0.0,0.0,82.0,82.0,3242.0,582.0,1277.0,0.456,101.0,307.0,0.329,481.0,970.0,0.496,0.495,365.0,506.0,0.721,85.0,361.0,446.0,391.0,171.0,49.0,214.0,187.0,1630.0,0.0,19.0,0.543,0.24,0.396,3.1,13.4,8.2,20.3,2.8,1.2,12.5,23.8,5.3,4.4,9.6,0.143,2.5,1.5,4.0,4.9,0.0,2008
33,Danny Granger,36.0,6.7,15.1,0.446,2.1,5.3,0.404,4.6,9.8,0.468,0.517,4.0,4.7,0.852,1.2,4.9,6.1,2.1,1.2,1.1,2.1,3.6,19.6,0.0,0.0,1260.0,0.0,0.0,0.0,0.0,0.0,0.0,0.0,0.0,0.0,0.0,0.0,0.0,0.0,80.0,80.0,2876.0,537.0,1205.0,0.446,171.0,423.0,0.404,366.0,782.0,0.468,0.517,322.0,378.0,0.852,93.0,393.0,486.0,166.0,95.0,84.0,171.0,290.0,1567.0,0.0,16.7,0.571,0.351,0.314,3.4,15.2,9.2,9.6,1.6,2.2,11.1,23.2,4.1,3.2,7.3,0.122,1.3,0.1,1.4,2.5,0.0,2008
34,Paul Pierce,35.9,6.4,13.7,0.464,1.8,4.6,0.392,4.6,9.2,0.499,0.529,5.1,6.1,0.843,0.7,4.5,5.1,4.5,1.3,0.5,2.8,2.5,19.6,0.0,1.0,1260.0,0.001,80.0,35.9,19.6,5.1,4.5,1.3,0.5,0.464,0.392,0.843,12.4,0.207,80.0,80.0,2874.0,509.0,1098.0,0.464,143.0,365.0,0.392,366.0,733.0,0.499,0.529,409.0,485.0,0.843,53.0,358.0,411.0,363.0,101.0,36.0,221.0,200.0,1570.0,0.0,19.6,0.599,0.332,0.442,2.3,14.0,8.5,21.8,1.9,1.0,14.4,24.8,6.7,5.7,12.4,0.207,3.3,1.4,4.8,5.0,0.0,2008
35,Manu Ginóbili,31.1,6.1,13.3,0.46,2.1,5.3,0.401,4.0,8.0,0.499,0.54,5.1,6.0,0.86,0.9,3.9,4.8,4.5,1.5,0.4,2.7,2.3,19.5,0.0,9.0,1260.0,0.007,74.0,31.1,19.5,4.8,4.5,1.5,0.4,0.46,0.401,0.86,11.1,0.232,74.0,23.0,2299.0,453.0,984.0,0.46,156.0,389.0,0.401,297.0,595.0,0.499,0.54,380.0,442.0,0.86,63.0,291.0,354.0,332.0,109.0,33.0,200.0,173.0,1442.0,0.0,24.3,0.612,0.395,0.449,3.3,14.7,9.1,26.4,2.6,1.1,14.5,28.7,6.6,4.5,11.1,0.232,5.6,2.7,8.3,6.0,0.0,2008
36,Hedo Türkoğlu,36.9,6.8,14.9,0.456,2.0,5.1,0.4,4.8,9.8,0.485,0.524,4.0,4.8,0.829,1.0,4.7,5.7,5.0,0.9,0.3,3.0,3.0,19.5,0.0,0.0,1260.0,0.0,0.0,0.0,0.0,0.0,0.0,0.0,0.0,0.0,0.0,0.0,0.0,0.0,82.0,82.0,3026.0,556.0,1219.0,0.456,166.0,415.0,0.4,390.0,804.0,0.485,0.524,324.0,391.0,0.829,83.0,388.0,471.0,409.0,74.0,25.0,246.0,244.0,1602.0,2.0,17.8,0.576,0.34,0.321,3.3,14.2,9.0,22.9,1.3,0.6,15.0,24.8,5.6,3.5,9.0,0.143,2.6,0.1,2.7,3.6,0.0,2008
37,Gilbert Arenas,32.7,6.0,15.1,0.398,1.7,6.0,0.282,4.3,9.1,0.475,0.454,5.7,7.4,0.771,0.5,3.5,3.9,5.1,1.8,0.1,3.8,2.3,19.4,0.0,0.0,1260.0,0.0,0.0,0.0,0.0,0.0,0.0,0.0,0.0,0.0,0.0,0.0,0.0,0.0,13.0,8.0,425.0,78.0,196.0,0.398,22.0,78.0,0.282,56.0,118.0,0.475,0.454,74.0,96.0,0.771,6.0,45.0,51.0,66.0,23.0,1.0,49.0,30.0,252.0,0.0,18.2,0.529,0.398,0.49,1.6,12.8,7.0,27.4,2.9,0.2,17.1,31.1,0.2,0.4,0.6,0.07,2.3,0.1,2.4,0.5,0.0,2008
38,Gerald Wallace,38.3,6.6,14.6,0.449,1.1,3.6,0.321,5.4,11.1,0.491,0.488,5.0,6.9,0.731,0.9,5.1,6.0,3.5,2.1,0.9,2.9,3.0,19.4,0.0,0.0,1260.0,0.0,0.0,0.0,0.0,0.0,0.0,0.0,0.0,0.0,0.0,0.0,0.0,0.0,62.0,59.0,2376.0,408.0,908.0,0.449,71.0,221.0,0.321,337.0,687.0,0.491,0.488,313.0,428.0,0.731,58.0,315.0,373.0,216.0,131.0,58.0,180.0,189.0,1200.0,0.0,17.5,0.547,0.243,0.471,2.8,15.3,9.0,15.9,2.9,1.9,14.1,24.6,1.8,2.8,4.6,0.094,0.8,1.3,2.1,2.5,0.0,2008
39,Tim Duncan,34.0,7.5,15.1,0.497,0.0,0.1,0.0,7.5,15.1,0.498,0.497,4.3,5.9,0.73,3.0,8.3,11.3,2.8,0.7,1.9,2.3,2.4,19.3,0.0,25.0,1260.0,0.02,78.0,34.0,19.3,11.3,2.8,0.7,1.9,0.497,0.0,0.73,11.1,0.201,78.0,78.0,2651.0,585.0,1178.0,0.497,0.0,4.0,0.0,585.0,1174.0,0.498,0.497,338.0,463.0,0.73,237.0,644.0,881.0,218.0,56.0,152.0,178.0,185.0,1508.0,0.0,24.4,0.546,0.003,0.393,10.7,28.3,19.6,15.7,1.1,4.3,11.4,28.2,4.9,6.2,11.1,0.201,3.0,2.2,5.2,4.8,0.0,2008
40,Mike Dunleavy,36.0,6.5,13.6,0.476,2.0,4.7,0.424,4.5,8.9,0.504,0.55,4.1,4.9,0.834,0.7,4.5,5.2,3.5,1.0,0.4,2.3,2.5,19.1,0.0,0.0,1260.0,0.0,0.0,0.0,0.0,0.0,0.0,0.0,0.0,0.0,0.0,0.0,0.0,0.0,82.0,82.0,2953.0,532.0,1117.0,0.476,165.0,389.0,0.424,367.0,728.0,0.504,0.55,336.0,403.0,0.834,59.0,365.0,424.0,288.0,86.0,31.0,190.0,208.0,1565.0,0.0,17.3,0.605,0.348,0.361,2.1,13.7,7.8,16.1,1.4,0.8,12.8,21.8,5.9,2.6,8.5,0.138,1.9,-0.2,1.7,2.8,0.0,2008
41,Brandon Roy,37.7,7.2,15.8,0.454,1.0,2.9,0.34,6.2,12.9,0.48,0.485,3.8,5.0,0.753,1.1,3.6,4.7,5.8,1.1,0.2,1.8,2.0,19.1,0.0,0.0,1260.0,0.0,0.0,0.0,0.0,0.0,0.0,0.0,0.0,0.0,0.0,0.0,0.0,0.0,74.0,74.0,2792.0,531.0,1170.0,0.454,73.0,215.0,0.34,458.0,955.0,0.48,0.485,281.0,373.0,0.753,81.0,267.0,348.0,430.0,79.0,16.0,136.0,147.0,1416.0,1.0,19.4,0.531,0.184,0.319,3.4,11.2,7.3,28.2,1.5,0.4,9.3,24.9,5.9,2.1,8.0,0.138,3.2,0.1,3.3,3.6,0.0,2008
42,Pau Gasol,35.6,7.2,13.5,0.534,0.1,0.2,0.25,7.1,13.2,0.539,0.536,4.4,5.5,0.807,2.3,6.0,8.4,3.2,0.5,1.5,1.9,2.1,18.9,0.0,0.0,1260.0,0.0,0.0,0.0,0.0,0.0,0.0,0.0,0.0,0.0,0.0,0.0,0.0,0.0,66.0,66.0,2351.0,475.0,890.0,0.534,4.0,16.0,0.25,471.0,874.0,0.539,0.536,292.0,362.0,0.807,155.0,398.0,553.0,211.0,30.0,98.0,124.0,139.0,1246.0,0.0,21.6,0.594,0.018,0.407,7.4,18.7,13.1,15.2,0.6,3.0,10.6,22.1,6.4,2.1,8.4,0.172,3.3,0.1,3.4,3.2,0.0,2008
43,Kevin Garnett,32.8,7.5,13.9,0.539,0.0,0.2,0.0,7.5,13.8,0.545,0.539,3.8,4.7,0.801,1.9,7.3,9.2,3.4,1.4,1.3,1.9,2.3,18.8,15.0,670.0,1260.0,0.532,71.0,32.8,18.8,9.2,3.4,1.4,1.3,0.539,0.0,0.801,12.9,0.265,71.0,71.0,2328.0,534.0,990.0,0.539,0.0,11.0,0.0,534.0,979.0,0.545,0.539,269.0,336.0,0.801,135.0,520.0,655.0,244.0,100.0,89.0,138.0,163.0,1337.0,0.0,25.3,0.588,0.011,0.339,7.3,25.1,16.8,19.9,2.3,3.1,10.8,25.5,6.6,6.2,12.9,0.265,4.7,3.5,8.2,6.0,0.011904761904761904,2008
44,Tony Parker,33.5,7.5,15.1,0.494,0.2,1.0,0.258,7.2,14.2,0.51,0.502,3.6,5.0,0.715,0.4,2.8,3.2,6.0,0.8,0.1,2.4,1.3,18.8,0.0,0.0,1260.0,0.0,0.0,0.0,0.0,0.0,0.0,0.0,0.0,0.0,0.0,0.0,0.0,0.0,69.0,68.0,2312.0,515.0,1043.0,0.494,17.0,66.0,0.258,498.0,977.0,0.51,0.502,248.0,347.0,0.715,30.0,191.0,221.0,411.0,55.0,8.0,164.0,93.0,1295.0,0.0,20.0,0.542,0.063,0.333,1.6,9.6,5.6,34.1,1.3,0.3,12.1,28.2,3.9,3.2,7.0,0.146,2.5,-0.1,2.4,2.6,0.0,2008
45,Deron Williams,37.3,6.9,13.6,0.507,1.0,2.6,0.395,5.9,11.1,0.533,0.544,4.0,5.0,0.803,0.4,2.5,3.0,10.5,1.1,0.3,3.4,2.4,18.8,0.0,4.0,1260.0,0.003,82.0,37.3,18.8,3.0,10.5,1.1,0.3,0.507,0.395,0.803,11.3,0.177,82.0,82.0,3059.0,566.0,1117.0,0.507,83.0,210.0,0.395,483.0,907.0,0.533,0.544,330.0,411.0,0.803,34.0,209.0,243.0,862.0,90.0,23.0,279.0,200.0,1545.0,0.0,20.8,0.595,0.188,0.368,1.4,8.3,4.9,43.6,1.5,0.6,17.7,23.1,8.9,2.3,11.3,0.177,4.9,-1.1,3.8,4.5,0.0,2008
46,Ben Gordon,31.8,6.4,14.8,0.434,2.0,4.8,0.41,4.5,10.0,0.445,0.5,3.7,4.1,0.908,0.6,2.5,3.1,3.0,0.8,0.1,2.1,2.4,18.6,0.0,0.0,1260.0,0.0,0.0,0.0,0.0,0.0,0.0,0.0,0.0,0.0,0.0,0.0,0.0,0.0,72.0,27.0,2291.0,464.0,1069.0,0.434,142.0,346.0,0.41,322.0,723.0,0.445,0.5,266.0,293.0,0.908,40.0,181.0,221.0,213.0,55.0,8.0,150.0,171.0,1336.0,0.0,16.4,0.558,0.324,0.274,1.9,9.2,5.4,16.9,1.2,0.3,11.1,26.0,3.6,1.4,5.1,0.106,2.1,-1.2,0.9,1.7,0.0,2008
47,Rashard Lewis,38.0,6.4,14.0,0.455,2.8,6.8,0.409,3.6,7.2,0.498,0.554,2.7,3.2,0.838,1.2,4.2,5.4,2.4,1.2,0.5,1.7,2.6,18.2,0.0,0.0,1260.0,0.0,0.0,0.0,0.0,0.0,0.0,0.0,0.0,0.0,0.0,0.0,0.0,0.0,81.0,81.0,3076.0,516.0,1135.0,0.455,226.0,553.0,0.409,290.0,582.0,0.498,0.554,218.0,260.0,0.838,97.0,340.0,437.0,196.0,99.0,38.0,140.0,214.0,1476.0,0.0,16.7,0.591,0.487,0.229,3.8,12.2,8.2,10.5,1.7,0.9,10.1,20.7,6.1,3.7,9.8,0.153,2.7,0.4,3.1,4.0,0.0,2008
48,LaMarcus Aldridge,34.9,7.4,15.3,0.484,0.0,0.1,0.143,7.4,15.2,0.486,0.484,3.0,3.9,0.762,2.9,4.7,7.6,1.6,0.7,1.2,1.7,3.2,17.8,0.0,0.0,1260.0,0.0,0.0,0.0,0.0,0.0,0.0,0.0,0.0,0.0,0.0,0.0,0.0,0.0,76.0,76.0,2649.0,561.0,1160.0,0.484,1.0,7.0,0.143,560.0,1153.0,0.486,0.484,227.0,298.0,0.762,220.0,358.0,578.0,122.0,55.0,94.0,126.0,240.0,1350.0,0.0,18.5,0.523,0.006,0.257,9.8,15.8,12.8,8.8,1.1,2.8,8.9,25.3,3.5,2.8,6.2,0.113,0.6,-0.4,0.2,1.5,0.0,2008
49,Elton Brand,34.3,6.5,14.3,0.456,0.0,0.0,0.0,6.5,14.3,0.456,0.456,4.6,5.9,0.787,2.6,5.4,8.0,2.0,0.4,1.9,2.1,2.6,17.6,0.0,0.0,1260.0,0.0,0.0,0.0,0.0,0.0,0.0,0.0,0.0,0.0,0.0,0.0,0.0,0.0,8.0,6.0,274.0,52.0,114.0,0.456,0.0,0.0,0.0,52.0,114.0,0.456,0.456,37.0,47.0,0.787,21.0,43.0,64.0,16.0,3.0,15.0,17.0,21.0,141.0,0.0,18.0,0.523,0.0,0.412,8.8,18.2,13.5,11.2,0.6,4.1,11.2,25.5,0.2,0.3,0.5,0.08,0.3,-0.6,-0.3,0.1,0.0,2008
50,Zach Randolph,32.5,7.0,15.3,0.459,0.3,1.2,0.275,6.7,14.2,0.474,0.47,3.2,4.2,0.772,2.7,7.6,10.3,2.0,0.9,0.2,2.7,2.8,17.6,0.0,0.0,1260.0,0.0,0.0,0.0,0.0,0.0,0.0,0.0,0.0,0.0,0.0,0.0,0.0,0.0,69.0,68.0,2244.0,486.0,1058.0,0.459,22.0,80.0,0.275,464.0,978.0,0.474,0.47,223.0,289.0,0.772,184.0,526.0,710.0,140.0,59.0,16.0,186.0,194.0,1217.0,0.0,18.0,0.513,0.076,0.273,9.1,27.6,18.0,11.8,1.4,0.6,13.6,27.4,0.9,2.0,3.0,0.063,0.5,-1.1,-0.6,0.8,0.0,2008
51,Ray Allen,35.9,6.0,13.5,0.445,2.5,6.2,0.398,3.5,7.3,0.485,0.537,2.9,3.2,0.907,1.0,2.6,3.7,3.1,0.9,0.2,1.7,2.0,17.4,0.0,0.0,1260.0,0.0,0.0,0.0,0.0,0.0,0.0,0.0,0.0,0.0,0.0,0.0,0.0,0.0,73.0,73.0,2624.0,439.0,986.0,0.445,180.0,452.0,0.398,259.0,534.0,0.485,0.537,215.0,237.0,0.907,75.0,193.0,268.0,225.0,65.0,16.0,127.0,147.0,1273.0,0.0,16.4,0.584,0.458,0.24,3.6,8.3,6.1,14.6,1.3,0.5,10.4,21.6,5.6,4.1,9.7,0.177,2.9,0.2,3.0,3.3,0.0,2008
52,Richard Hamilton,33.7,6.9,14.3,0.484,0.9,2.0,0.44,6.1,12.3,0.492,0.515,2.6,3.1,0.833,1.0,2.2,3.3,4.2,1.0,0.1,1.8,2.4,17.3,0.0,0.0,1260.0,0.0,0.0,0.0,0.0,0.0,0.0,0.0,0.0,0.0,0.0,0.0,0.0,0.0,72.0,72.0,2424.0,499.0,1030.0,0.484,62.0,141.0,0.44,437.0,889.0,0.492,0.515,184.0,221.0,0.833,75.0,160.0,235.0,299.0,73.0,10.0,132.0,171.0,1244.0,0.0,18.2,0.552,0.137,0.215,3.7,7.9,5.8,22.3,1.7,0.3,10.5,24.5,4.8,2.9,7.7,0.152,2.3,0.1,2.3,2.6,0.0,2008
53,Josh Smith,35.5,6.4,14.0,0.457,0.3,1.2,0.253,6.1,12.8,0.477,0.468,4.1,5.8,0.71,2.0,6.2,8.2,3.4,1.5,2.8,3.0,3.3,17.2,0.0,0.0,1260.0,0.0,0.0,0.0,0.0,0.0,0.0,0.0,0.0,0.0,0.0,0.0,0.0,0.0,81.0,81.0,2873.0,518.0,1133.0,0.457,25.0,99.0,0.253,493.0,1034.0,0.477,0.468,333.0,469.0,0.71,161.0,506.0,667.0,272.0,123.0,227.0,245.0,269.0,1394.0,1.0,19.0,0.52,0.087,0.414,6.6,20.4,13.5,16.6,2.3,5.9,15.5,25.0,1.2,4.6,5.8,0.097,0.5,2.5,3.0,3.7,0.0,2008
54,Mo Williams,36.5,6.7,13.9,0.48,1.3,3.5,0.385,5.3,10.4,0.512,0.528,2.5,2.9,0.856,0.6,2.9,3.5,6.3,1.2,0.2,2.8,2.8,17.2,0.0,0.0,1260.0,0.0,0.0,0.0,0.0,0.0,0.0,0.0,0.0,0.0,0.0,0.0,0.0,0.0,66.0,66.0,2410.0,441.0,919.0,0.48,89.0,231.0,0.385,352.0,688.0,0.512,0.528,166.0,194.0,0.856,37.0,193.0,230.0,419.0,78.0,10.0,182.0,188.0,1137.0,0.0,17.0,0.566,0.251,0.211,1.7,9.8,5.6,30.0,1.7,0.3,15.3,22.1,4.1,0.5,4.5,0.091,1.7,-1.4,0.3,1.4,0.0,2008
55,Chauncey Billups,32.3,5.0,11.2,0.448,1.8,4.4,0.401,3.3,6.9,0.479,0.526,5.1,5.6,0.918,0.5,2.2,2.7,6.8,1.3,0.2,2.1,1.7,17.0,0.0,0.0,1260.0,0.0,0.0,0.0,0.0,0.0,0.0,0.0,0.0,0.0,0.0,0.0,0.0,0.0,78.0,78.0,2522.0,393.0,877.0,0.448,137.0,342.0,0.401,256.0,535.0,0.479,0.526,401.0,437.0,0.918,42.0,170.0,212.0,529.0,101.0,17.0,160.0,130.0,1324.0,0.0,23.6,0.619,0.39,0.498,2.0,8.1,5.0,34.7,2.2,0.5,13.0,23.0,10.2,3.4,13.5,0.257,6.5,1.2,7.7,6.2,0.0,2008
56,Luol Deng,33.8,6.8,14.2,0.479,0.1,0.3,0.364,6.7,13.9,0.482,0.483,3.2,4.2,0.77,2.2,4.1,6.3,2.5,0.9,0.5,1.9,1.9,17.0,0.0,0.0,1260.0,0.0,0.0,0.0,0.0,0.0,0.0,0.0,0.0,0.0,0.0,0.0,0.0,0.0,63.0,59.0,2128.0,429.0,896.0,0.479,8.0,22.0,0.364,421.0,874.0,0.482,0.483,204.0,265.0,0.77,136.0,258.0,394.0,155.0,57.0,29.0,120.0,117.0,1070.0,0.0,17.0,0.528,0.025,0.296,7.0,14.2,10.4,13.2,1.4,1.1,10.6,23.6,2.4,1.9,4.4,0.098,1.1,-1.0,0.1,1.1,0.0,2008
57,Andre Miller,36.8,6.9,14.1,0.492,0.0,0.4,0.088,6.9,13.7,0.504,0.494,3.1,4.1,0.772,1.2,2.8,4.0,6.9,1.3,0.1,2.5,2.2,17.0,0.0,0.0,1260.0,0.0,0.0,0.0,0.0,0.0,0.0,0.0,0.0,0.0,0.0,0.0,0.0,0.0,82.0,82.0,3016.0,569.0,1156.0,0.492,3.0,34.0,0.088,566.0,1122.0,0.504,0.494,257.0,333.0,0.772,95.0,229.0,324.0,565.0,105.0,6.0,206.0,181.0,1398.0,0.0,18.4,0.537,0.029,0.288,3.7,9.1,6.4,32.0,1.8,0.2,13.7,22.6,5.7,2.6,8.3,0.131,2.1,-0.3,1.8,2.9,0.0,2008
58,Steve Nash,34.3,6.0,11.9,0.504,2.2,4.7,0.47,3.8,7.2,0.527,0.597,2.7,3.0,0.906,0.3,3.1,3.5,11.1,0.7,0.1,3.6,1.4,16.9,0.0,18.0,1260.0,0.014,81.0,34.3,16.9,3.5,11.1,0.7,0.1,0.504,0.47,0.906,10.5,0.181,81.0,81.0,2780.0,485.0,962.0,0.504,179.0,381.0,0.47,306.0,581.0,0.527,0.597,222.0,245.0,0.906,28.0,254.0,282.0,898.0,53.0,5.0,295.0,113.0,1371.0,0.0,21.1,0.641,0.396,0.255,1.2,9.6,5.7,47.3,0.9,0.1,21.6,22.0,9.0,1.4,10.5,0.181,5.8,-1.8,3.9,4.2,0.0,2008
59,Mike Miller,35.3,5.9,11.8,0.502,2.2,5.1,0.432,3.7,6.6,0.557,0.596,2.3,3.0,0.774,0.7,5.9,6.7,3.4,0.5,0.2,2.6,2.1,16.4,0.0,0.0,1260.0,0.0,0.0,0.0,0.0,0.0,0.0,0.0,0.0,0.0,0.0,0.0,0.0,0.0,70.0,70.0,2474.0,414.0,824.0,0.502,155.0,359.0,0.432,259.0,465.0,0.557,0.596,164.0,212.0,0.774,51.0,416.0,467.0,240.0,35.0,16.0,182.0,145.0,1147.0,0.0,16.1,0.625,0.436,0.257,2.3,19.0,10.6,16.0,0.7,0.5,16.6,19.8,3.9,1.1,5.0,0.098,2.2,-1.1,1.1,2.0,0.0,2008
60,Peja Stojaković,35.2,5.9,13.3,0.44,3.0,6.8,0.441,2.9,6.5,0.438,0.552,1.7,1.8,0.929,0.8,3.5,4.3,1.2,0.7,0.1,0.8,1.6,16.4,0.0,0.0,1260.0,0.0,0.0,0.0,0.0,0.0,0.0,0.0,0.0,0.0,0.0,0.0,0.0,0.0,77.0,77.0,2711.0,451.0,1026.0,0.44,231.0,524.0,0.441,220.0,502.0,0.438,0.552,130.0,140.0,0.929,64.0,267.0,331.0,96.0,57.0,10.0,61.0,127.0,1263.0,0.0,15.7,0.581,0.511,0.136,2.7,11.8,7.1,5.6,1.1,0.3,5.3,19.7,5.8,2.4,8.1,0.144,2.5,-0.9,1.7,2.5,0.0,2008
61,Chris Kaman,37.2,6.0,12.5,0.483,0.0,0.1,0.0,6.0,12.4,0.486,0.483,3.6,4.7,0.762,3.1,9.6,12.7,1.9,0.6,2.8,2.9,3.2,15.7,0.0,0.0,1260.0,0.0,0.0,0.0,0.0,0.0,0.0,0.0,0.0,0.0,0.0,0.0,0.0,0.0,56.0,55.0,2083.0,338.0,700.0,0.483,0.0,4.0,0.0,338.0,696.0,0.486,0.483,202.0,265.0,0.762,173.0,538.0,711.0,107.0,33.0,155.0,164.0,179.0,878.0,0.0,17.5,0.538,0.006,0.379,9.5,30.0,19.7,9.3,0.8,5.6,16.7,21.7,0.4,3.2,3.6,0.083,-0.9,1.2,0.3,1.2,0.0,2008
62,Leandro Barbosa,29.5,5.8,12.5,0.462,2.0,5.1,0.389,3.8,7.3,0.514,0.543,2.1,2.6,0.822,0.5,2.3,2.8,2.6,0.9,0.2,1.4,2.4,15.6,0.0,0.0,1260.0,0.0,0.0,0.0,0.0,0.0,0.0,0.0,0.0,0.0,0.0,0.0,0.0,0.0,82.0,12.0,2421.0,472.0,1021.0,0.462,164.0,422.0,0.389,308.0,599.0,0.514,0.543,175.0,213.0,0.822,40.0,191.0,231.0,216.0,75.0,18.0,117.0,195.0,1283.0,0.0,15.8,0.575,0.413,0.209,2.0,8.2,5.4,13.5,1.5,0.5,9.5,22.8,3.9,1.6,5.5,0.109,1.1,-0.9,0.2,1.4,0.0,2008
63,Jason Terry,31.5,5.7,12.3,0.467,1.7,4.4,0.375,4.1,7.9,0.519,0.535,2.3,2.7,0.857,0.4,2.2,2.5,3.2,1.1,0.2,1.1,2.1,15.5,0.0,0.0,1260.0,0.0,0.0,0.0,0.0,0.0,0.0,0.0,0.0,0.0,0.0,0.0,0.0,0.0,82.0,34.0,2579.0,471.0,1008.0,0.467,136.0,363.0,0.375,335.0,645.0,0.519,0.535,191.0,223.0,0.857,30.0,178.0,208.0,264.0,88.0,18.0,92.0,170.0,1269.0,0.0,17.8,0.574,0.36,0.221,1.4,7.7,4.7,17.5,1.8,0.5,7.7,21.7,6.1,2.5,8.6,0.16,2.6,0.4,3.1,3.3,0.0,2008
64,Shawn Marion,36.7,6.3,12.5,0.508,1.0,3.1,0.333,5.3,9.3,0.567,0.55,1.7,2.4,0.707,2.2,8.0,10.2,2.2,2.0,1.3,1.4,2.4,15.4,0.0,0.0,1260.0,0.0,0.0,0.0,0.0,0.0,0.0,0.0,0.0,0.0,0.0,0.0,0.0,0.0,63.0,62.0,2315.0,400.0,787.0,0.508,66.0,198.0,0.333,334.0,589.0,0.567,0.55,106.0,150.0,0.707,136.0,507.0,643.0,138.0,125.0,85.0,86.0,150.0,972.0,0.0,19.2,0.57,0.252,0.191,7.1,23.9,16.0,9.4,2.7,2.5,9.2,18.5,3.5,3.9,7.4,0.153,1.7,1.6,3.3,3.1,0.0,2008
65,Rashad McCants,26.9,5.7,12.6,0.453,1.9,4.7,0.407,3.8,7.9,0.481,0.529,1.5,2.1,0.748,0.7,2.1,2.7,2.2,0.9,0.2,2.3,3.1,14.9,0.0,0.0,1260.0,0.0,0.0,0.0,0.0,0.0,0.0,0.0,0.0,0.0,0.0,0.0,0.0,0.0,75.0,24.0,2020.0,428.0,944.0,0.453,142.0,349.0,0.407,286.0,595.0,0.481,0.529,116.0,155.0,0.748,50.0,156.0,206.0,162.0,66.0,18.0,172.0,234.0,1114.0,0.0,14.6,0.55,0.37,0.164,2.8,9.2,5.9,14.1,1.7,0.7,14.5,26.4,0.9,0.8,1.7,0.04,0.7,-1.5,-0.8,0.6,0.0,2008
66,Devin Harris,31.6,5.0,10.8,0.463,0.9,2.6,0.335,4.1,8.2,0.504,0.504,3.9,4.7,0.824,0.4,2.3,2.7,5.8,1.4,0.2,2.5,3.0,14.8,0.0,0.0,1260.0,0.0,0.0,0.0,0.0,0.0,0.0,0.0,0.0,0.0,0.0,0.0,0.0,0.0,64.0,61.0,2022.0,321.0,693.0,0.463,56.0,167.0,0.335,265.0,526.0,0.504,0.504,248.0,301.0,0.824,28.0,145.0,173.0,369.0,90.0,10.0,161.0,190.0,946.0,0.0,17.5,0.573,0.241,0.434,1.6,8.2,5.0,31.1,2.4,0.4,16.3,22.6,3.6,1.9,5.6,0.132,1.2,-0.2,1.0,1.5,0.0,2008
67,Marvin Williams,34.6,5.3,11.5,0.462,0.0,0.1,0.1,5.3,11.4,0.466,0.462,4.2,5.1,0.822,1.5,4.2,5.7,1.7,1.0,0.4,1.6,2.8,14.8,0.0,0.0,1260.0,0.0,0.0,0.0,0.0,0.0,0.0,0.0,0.0,0.0,0.0,0.0,0.0,0.0,80.0,80.0,2765.0,424.0,918.0,0.462,1.0,10.0,0.1,423.0,908.0,0.466,0.462,336.0,409.0,0.822,119.0,338.0,457.0,137.0,81.0,33.0,127.0,225.0,1185.0,0.0,14.5,0.54,0.011,0.446,5.0,14.2,9.6,8.3,1.5,0.9,10.4,20.1,3.6,2.1,5.7,0.099,-0.9,-0.5,-1.4,0.4,0.0,2008
68,Mehmet Okur,33.2,5.2,11.7,0.445,1.6,4.1,0.388,3.6,7.6,0.475,0.512,2.6,3.2,0.804,1.8,5.9,7.7,2.0,0.8,0.4,1.4,3.3,14.5,0.0,0.0,1260.0,0.0,0.0,0.0,0.0,0.0,0.0,0.0,0.0,0.0,0.0,0.0,0.0,0.0,72.0,72.0,2390.0,374.0,841.0,0.445,114.0,294.0,0.388,260.0,547.0,0.475,0.512,185.0,230.0,0.804,132.0,424.0,556.0,145.0,55.0,29.0,104.0,236.0,1047.0,0.0,15.2,0.556,0.35,0.273,6.8,21.5,14.2,9.0,1.2,1.0,9.9,19.6,4.0,2.7,6.7,0.134,1.3,-0.5,0.8,1.7,0.0,2008
69,Raymond Felton,37.6,5.2,12.6,0.413,0.7,2.5,0.28,4.5,10.1,0.447,0.441,3.3,4.1,0.8,0.5,2.5,3.0,7.4,1.2,0.2,2.7,2.3,14.4,0.0,0.0,1260.0,0.0,0.0,0.0,0.0,0.0,0.0,0.0,0.0,0.0,0.0,0.0,0.0,0.0,79.0,79.0,2972.0,412.0,997.0,0.413,56.0,200.0,0.28,356.0,797.0,0.447,0.441,260.0,325.0,0.8,37.0,199.0,236.0,583.0,96.0,12.0,213.0,184.0,1140.0,0.0,13.8,0.5,0.201,0.326,1.4,7.7,4.6,32.4,1.7,0.3,15.7,20.8,2.0,1.4,3.4,0.054,-0.6,-1.5,-2.1,-0.1,0.0,2008
70,Andrew Bogut,34.9,6.0,11.7,0.511,0.0,0.1,0.0,6.0,11.6,0.515,0.511,2.4,4.1,0.587,3.1,6.6,9.8,2.6,0.8,1.7,2.2,3.3,14.3,0.0,0.0,1260.0,0.0,0.0,0.0,0.0,0.0,0.0,0.0,0.0,0.0,0.0,0.0,0.0,0.0,78.0,78.0,2720.0,465.0,910.0,0.511,0.0,7.0,0.0,465.0,903.0,0.515,0.511,189.0,322.0,0.587,245.0,518.0,763.0,199.0,64.0,135.0,172.0,254.0,1119.0,0.0,17.5,0.532,0.008,0.354,10.2,23.4,16.5,12.4,1.2,3.9,14.1,20.2,2.6,2.3,4.8,0.085,0.0,0.0,0.0,1.4,0.0,2008
71,Lamar Odom,37.9,5.4,10.3,0.525,0.4,1.5,0.274,5.0,8.9,0.566,0.544,3.0,4.3,0.698,2.6,8.1,10.6,3.5,1.0,0.9,2.0,2.9,14.2,0.0,0.0,1260.0,0.0,0.0,0.0,0.0,0.0,0.0,0.0,0.0,0.0,0.0,0.0,0.0,0.0,77.0,77.0,2921.0,417.0,795.0,0.525,31.0,113.0,0.274,386.0,682.0,0.566,0.544,229.0,328.0,0.698,197.0,622.0,819.0,273.0,75.0,72.0,156.0,222.0,1094.0,1.0,16.9,0.582,0.142,0.413,7.8,22.7,15.6,13.8,1.3,1.8,14.2,16.5,5.3,4.3,9.7,0.159,1.3,1.0,2.3,3.2,0.0,2008
72,Zydrunas Ilgauskas,30.4,5.7,12.0,0.474,0.0,0.0,0.0,5.7,12.0,0.475,0.474,2.7,3.3,0.802,3.6,5.7,9.3,1.4,0.5,1.6,1.8,3.4,14.1,0.0,0.0,1260.0,0.0,0.0,0.0,0.0,0.0,0.0,0.0,0.0,0.0,0.0,0.0,0.0,0.0,73.0,73.0,2222.0,417.0,879.0,0.474,0.0,1.0,0.0,417.0,878.0,0.475,0.474,195.0,243.0,0.802,263.0,419.0,682.0,104.0,34.0,120.0,135.0,247.0,1029.0,0.0,18.7,0.522,0.001,0.276,13.1,22.2,17.5,8.5,0.8,4.3,12.0,22.9,2.9,3.2,6.1,0.131,-0.1,-0.3,-0.4,0.9,0.0,2008
73,Mike Bibby,32.8,5.2,12.6,0.411,1.9,5.2,0.375,3.2,7.4,0.437,0.488,1.6,2.1,0.78,0.3,3.0,3.3,6.0,1.1,0.1,2.5,2.0,13.9,0.0,0.0,1260.0,0.0,0.0,0.0,0.0,0.0,0.0,0.0,0.0,0.0,0.0,0.0,0.0,0.0,48.0,44.0,1573.0,248.0,603.0,0.411,93.0,248.0,0.375,155.0,355.0,0.437,0.488,78.0,100.0,0.78,16.0,144.0,160.0,290.0,54.0,4.0,119.0,97.0,667.0,0.0,14.5,0.515,0.411,0.166,1.2,10.6,6.0,30.9,1.8,0.2,15.5,22.0,1.1,0.9,2.1,0.063,0.4,-1.6,-1.3,0.3,0.0,2008
74,Stephon Marbury,33.5,4.6,11.0,0.419,1.2,3.1,0.378,3.5,8.0,0.435,0.472,3.5,4.8,0.716,0.7,1.8,2.5,4.7,0.9,0.1,2.0,2.4,13.9,0.0,0.0,1260.0,0.0,0.0,0.0,0.0,0.0,0.0,0.0,0.0,0.0,0.0,0.0,0.0,0.0,24.0,19.0,805.0,111.0,265.0,0.419,28.0,74.0,0.378,83.0,191.0,0.435,0.472,83.0,116.0,0.716,17.0,42.0,59.0,113.0,21.0,2.0,48.0,57.0,333.0,0.0,13.8,0.527,0.279,0.438,2.3,6.1,4.2,23.1,1.4,0.2,13.2,20.3,1.0,0.1,1.1,0.066,0.8,-1.3,-0.5,0.3,0.0,2008
75,Ricky Davis,36.1,5.1,11.8,0.433,1.6,4.1,0.405,3.5,7.8,0.447,0.502,1.9,2.4,0.787,0.7,3.6,4.3,3.4,1.1,0.2,2.3,2.3,13.8,0.0,0.0,1260.0,0.0,0.0,0.0,0.0,0.0,0.0,0.0,0.0,0.0,0.0,0.0,0.0,0.0,82.0,47.0,2963.0,420.0,971.0,0.433,135.0,333.0,0.405,285.0,638.0,0.447,0.502,155.0,197.0,0.787,55.0,298.0,353.0,276.0,87.0,14.0,191.0,187.0,1130.0,0.0,12.0,0.534,0.343,0.203,2.2,12.2,7.1,16.4,1.6,0.4,15.3,20.0,0.3,1.6,1.9,0.03,-1.0,-1.0,-2.0,0.0,0.0,2008
76,Emeka Okafor,33.1,5.6,10.5,0.535,0.0,0.0,0.0,5.6,10.5,0.535,0.535,2.6,4.6,0.57,3.1,7.6,10.7,0.9,0.8,1.7,2.0,2.9,13.8,0.0,0.0,1260.0,0.0,0.0,0.0,0.0,0.0,0.0,0.0,0.0,0.0,0.0,0.0,0.0,0.0,82.0,82.0,2718.0,460.0,860.0,0.535,0.0,0.0,0.0,460.0,860.0,0.535,0.535,213.0,374.0,0.57,255.0,621.0,876.0,70.0,62.0,138.0,164.0,241.0,1133.0,0.0,17.4,0.553,0.0,0.435,10.7,26.4,18.5,4.5,1.2,3.9,13.8,20.0,2.2,3.6,5.8,0.103,-0.7,-0.4,-1.1,0.6,0.0,2008
77,Shaquille O'Neal,28.7,5.4,9.1,0.593,0.0,0.0,0.0,5.4,9.1,0.593,0.593,2.8,5.5,0.503,2.7,6.4,9.1,1.5,0.5,1.4,3.0,3.7,13.6,0.0,0.0,1260.0,0.0,0.0,0.0,0.0,0.0,0.0,0.0,0.0,0.0,0.0,0.0,0.0,0.0,61.0,61.0,1748.0,331.0,558.0,0.593,0.0,0.0,0.0,331.0,558.0,0.593,0.593,170.0,338.0,0.503,166.0,388.0,554.0,93.0,32.0,88.0,181.0,228.0,832.0,0.0,17.1,0.589,0.0,0.606,11.4,24.8,18.4,9.1,0.9,3.7,20.4,23.5,0.6,2.3,2.8,0.078,-1.2,0.2,-1.1,0.4,0.0,2008
78,Al Harrington,27.0,5.0,11.4,0.434,1.9,5.0,0.375,3.1,6.4,0.482,0.517,1.8,2.3,0.774,1.3,4.1,5.4,1.6,0.9,0.2,1.1,3.3,13.6,0.0,0.0,1260.0,0.0,0.0,0.0,0.0,0.0,0.0,0.0,0.0,0.0,0.0,0.0,0.0,0.0,81.0,59.0,2190.0,401.0,923.0,0.434,153.0,408.0,0.375,248.0,515.0,0.482,0.517,147.0,190.0,0.774,107.0,332.0,439.0,132.0,74.0,16.0,90.0,266.0,1102.0,0.0,15.6,0.547,0.442,0.206,5.0,16.9,10.7,8.9,1.6,0.5,8.2,21.1,3.7,1.7,5.4,0.118,1.0,-0.8,0.2,1.2,0.0,2008
79,Jermaine O'Neal,28.7,5.4,12.2,0.439,0.0,0.1,0.0,5.4,12.1,0.444,0.439,2.9,3.9,0.742,2.0,4.8,6.7,2.2,0.5,2.1,2.5,3.1,13.6,0.0,0.0,1260.0,0.0,0.0,0.0,0.0,0.0,0.0,0.0,0.0,0.0,0.0,0.0,0.0,0.0,42.0,34.0,1206.0,225.0,512.0,0.439,0.0,5.0,0.0,225.0,507.0,0.444,0.439,121.0,163.0,0.742,82.0,201.0,283.0,93.0,20.0,87.0,106.0,129.0,571.0,0.0,14.4,0.489,0.01,0.318,7.3,18.5,12.8,12.9,0.8,5.4,15.4,24.8,-0.7,1.6,0.9,0.035,-2.7,0.9,-1.8,0.1,0.0,2008
80,Brad Miller,34.9,4.7,10.1,0.463,0.4,1.3,0.311,4.3,8.9,0.484,0.482,3.6,4.3,0.848,2.3,7.1,9.5,3.7,1.0,1.0,2.3,3.4,13.4,0.0,0.0,1260.0,0.0,0.0,0.0,0.0,0.0,0.0,0.0,0.0,0.0,0.0,0.0,0.0,0.0,72.0,72.0,2513.0,337.0,728.0,0.463,28.0,90.0,0.311,309.0,638.0,0.484,0.482,262.0,309.0,0.848,167.0,514.0,681.0,264.0,69.0,74.0,164.0,247.0,964.0,0.0,16.8,0.558,0.124,0.424,8.0,23.7,16.0,16.6,1.4,2.3,16.0,18.3,3.8,2.7,6.5,0.125,0.9,0.8,1.7,2.3,0.0,2008
81,Chris Wilcox,28.0,5.4,10.3,0.524,0.0,0.0,0.0,5.4,10.2,0.526,0.524,2.6,4.0,0.645,2.0,5.0,7.0,1.2,0.7,0.6,1.7,2.8,13.4,0.0,0.0,1260.0,0.0,0.0,0.0,0.0,0.0,0.0,0.0,0.0,0.0,0.0,0.0,0.0,0.0,62.0,55.0,1739.0,334.0,638.0,0.524,0.0,3.0,0.0,334.0,635.0,0.526,0.524,160.0,248.0,0.645,126.0,307.0,433.0,74.0,46.0,36.0,103.0,174.0,828.0,0.0,16.3,0.554,0.005,0.389,7.9,19.2,13.6,7.1,1.3,1.5,12.1,21.2,1.7,1.6,3.4,0.093,-0.7,-0.3,-1.0,0.4,0.0,2008
82,Travis Outlaw,26.7,5.1,11.8,0.433,0.5,1.2,0.396,4.6,10.5,0.437,0.453,2.7,3.6,0.741,1.2,3.4,4.6,1.3,0.7,0.8,1.3,2.1,13.3,0.0,0.0,1260.0,0.0,0.0,0.0,0.0,0.0,0.0,0.0,0.0,0.0,0.0,0.0,0.0,0.0,82.0,6.0,2186.0,417.0,964.0,0.433,40.0,101.0,0.396,377.0,863.0,0.437,0.453,218.0,294.0,0.741,96.0,280.0,376.0,106.0,59.0,63.0,107.0,173.0,1092.0,0.0,15.7,0.499,0.105,0.305,5.2,15.0,10.1,8.9,1.5,2.2,8.9,26.0,0.9,2.3,3.2,0.071,-0.2,-0.1,-0.3,1.0,0.0,2008
83,Eddy Curry,25.9,5.0,9.2,0.546,0.0,0.0,0.0,5.0,9.2,0.546,0.546,3.2,5.1,0.623,1.9,2.8,4.7,0.5,0.2,0.5,2.1,2.7,13.2,0.0,0.0,1260.0,0.0,0.0,0.0,0.0,0.0,0.0,0.0,0.0,0.0,0.0,0.0,0.0,0.0,59.0,58.0,1530.0,297.0,544.0,0.546,0.0,0.0,0.0,297.0,544.0,0.546,0.546,187.0,300.0,0.623,111.0,164.0,275.0,32.0,14.0,29.0,126.0,157.0,781.0,0.0,15.0,0.578,0.0,0.551,8.0,12.6,10.2,3.8,0.5,1.5,15.7,23.5,1.3,0.4,1.7,0.053,-0.8,-2.0,-2.8,-0.3,0.0,2008
84,Andrés Nocioni,24.6,4.6,10.7,0.432,1.5,4.2,0.364,3.1,6.5,0.476,0.504,2.4,3.0,0.807,0.6,3.6,4.2,1.2,0.3,0.5,1.6,3.0,13.2,0.0,0.0,1260.0,0.0,0.0,0.0,0.0,0.0,0.0,0.0,0.0,0.0,0.0,0.0,0.0,0.0,82.0,27.0,2021.0,379.0,877.0,0.432,126.0,346.0,0.364,253.0,531.0,0.476,0.504,196.0,243.0,0.807,48.0,294.0,342.0,95.0,25.0,43.0,133.0,245.0,1080.0,0.0,13.6,0.549,0.395,0.277,2.6,17.0,9.5,8.3,0.6,1.7,11.9,24.5,1.5,1.8,3.3,0.077,-0.2,-0.7,-0.8,0.6,0.0,2008
85,Tayshaun Prince,32.9,5.1,11.5,0.448,0.6,1.8,0.363,4.5,9.7,0.463,0.476,2.3,2.9,0.768,1.3,3.5,4.9,3.3,0.5,0.4,1.1,1.1,13.2,0.0,0.0,1260.0,0.0,0.0,0.0,0.0,0.0,0.0,0.0,0.0,0.0,0.0,0.0,0.0,0.0,82.0,82.0,2694.0,421.0,940.0,0.448,53.0,146.0,0.363,368.0,794.0,0.463,0.476,185.0,241.0,0.768,109.0,289.0,398.0,268.0,42.0,33.0,91.0,90.0,1080.0,0.0,15.6,0.516,0.155,0.256,4.8,12.9,8.8,16.5,0.9,1.0,8.0,19.9,4.3,3.2,7.5,0.133,1.7,-0.1,1.6,2.5,0.0,2008
86,Rafer Alston,34.1,4.9,12.5,0.394,1.9,5.5,0.351,3.0,7.0,0.427,0.471,1.3,1.9,0.715,0.4,3.1,3.5,5.3,1.3,0.2,2.2,1.9,13.1,0.0,0.0,1260.0,0.0,0.0,0.0,0.0,0.0,0.0,0.0,0.0,0.0,0.0,0.0,0.0,0.0,74.0,74.0,2526.0,364.0,924.0,0.394,143.0,407.0,0.351,221.0,517.0,0.427,0.471,98.0,137.0,0.715,28.0,232.0,260.0,392.0,98.0,18.0,160.0,139.0,969.0,0.0,13.2,0.492,0.44,0.148,1.3,10.2,5.8,25.2,2.1,0.5,14.0,20.7,1.0,4.0,5.0,0.095,-0.5,1.0,0.5,1.6,0.0,2008
87,Andrew Bynum,28.8,5.4,8.5,0.636,0.0,0.0,0.0,5.4,8.5,0.636,0.636,2.3,3.4,0.695,3.0,7.2,10.2,1.7,0.3,2.1,1.5,2.8,13.1,0.0,0.0,1260.0,0.0,0.0,0.0,0.0,0.0,0.0,0.0,0.0,0.0,0.0,0.0,0.0,0.0,35.0,25.0,1008.0,189.0,297.0,0.636,0.0,0.0,0.0,189.0,297.0,0.636,0.636,82.0,118.0,0.695,105.0,251.0,356.0,61.0,12.0,72.0,52.0,98.0,460.0,0.0,22.6,0.659,0.0,0.397,12.1,26.6,19.6,9.6,0.6,5.1,13.0,17.5,3.0,1.8,4.8,0.23,2.9,1.3,4.2,1.6,0.0,2008
88,Randy Foye,32.3,5.1,11.8,0.429,1.6,3.8,0.412,3.5,8.1,0.436,0.495,1.4,1.7,0.815,0.3,2.9,3.3,4.2,0.9,0.1,2.0,2.6,13.1,0.0,0.0,1260.0,0.0,0.0,0.0,0.0,0.0,0.0,0.0,0.0,0.0,0.0,0.0,0.0,0.0,39.0,31.0,1259.0,198.0,462.0,0.429,61.0,148.0,0.412,137.0,314.0,0.436,0.495,53.0,65.0,0.815,13.0,115.0,128.0,164.0,36.0,3.0,79.0,102.0,510.0,0.0,12.7,0.52,0.32,0.141,1.2,10.9,5.9,20.9,1.5,0.2,13.9,20.4,0.7,0.4,1.1,0.042,-0.6,-1.6,-2.2,-0.1,0.0,2008
89,Grant Hill,31.7,5.1,10.2,0.503,0.5,1.5,0.317,4.6,8.7,0.535,0.526,2.4,2.8,0.867,1.1,4.0,5.0,2.9,0.9,0.8,1.4,2.2,13.1,0.0,0.0,1260.0,0.0,0.0,0.0,0.0,0.0,0.0,0.0,0.0,0.0,0.0,0.0,0.0,0.0,70.0,68.0,2222.0,358.0,712.0,0.503,33.0,104.0,0.317,325.0,608.0,0.535,0.526,170.0,196.0,0.867,74.0,279.0,353.0,203.0,65.0,56.0,96.0,153.0,919.0,0.0,15.7,0.576,0.146,0.275,4.1,13.1,9.0,13.1,1.5,1.6,10.7,18.0,3.8,2.1,5.9,0.127,0.9,0.5,1.4,1.9,0.0,2008
90,Cuttino Mobley,35.1,4.9,11.3,0.433,0.9,2.5,0.349,4.0,8.8,0.457,0.472,2.1,2.6,0.819,0.6,2.9,3.6,2.6,1.0,0.4,1.6,2.0,12.8,0.0,0.0,1260.0,0.0,0.0,0.0,0.0,0.0,0.0,0.0,0.0,0.0,0.0,0.0,0.0,0.0,77.0,38.0,2702.0,377.0,870.0,0.433,67.0,192.0,0.349,310.0,678.0,0.457,0.472,163.0,199.0,0.819,50.0,225.0,275.0,202.0,78.0,34.0,123.0,152.0,984.0,0.0,11.5,0.514,0.221,0.229,2.1,9.7,5.9,13.1,1.5,0.9,11.4,18.5,0.4,1.7,2.1,0.037,-1.7,-0.6,-2.3,-0.2,0.0,2008
91,Beno Udrih,32.0,5.0,10.9,0.463,0.8,2.1,0.387,4.2,8.8,0.482,0.501,1.9,2.3,0.85,0.5,2.8,3.3,4.3,0.9,0.2,2.3,2.1,12.8,0.0,0.0,1260.0,0.0,0.0,0.0,0.0,0.0,0.0,0.0,0.0,0.0,0.0,0.0,0.0,0.0,65.0,51.0,2080.0,328.0,708.0,0.463,53.0,137.0,0.387,275.0,571.0,0.482,0.501,125.0,147.0,0.85,34.0,183.0,217.0,282.0,56.0,10.0,148.0,138.0,834.0,0.0,13.3,0.54,0.194,0.208,2.0,10.2,6.2,22.2,1.4,0.4,16.1,19.8,1.5,0.9,2.4,0.056,-0.2,-1.2,-1.4,0.3,0.0,2008
92,Nate Robinson,26.2,4.6,10.9,0.423,1.3,4.1,0.332,3.3,6.8,0.478,0.485,2.1,2.7,0.786,0.7,2.4,3.1,2.9,0.8,0.0,1.4,2.6,12.7,0.0,0.0,1260.0,0.0,0.0,0.0,0.0,0.0,0.0,0.0,0.0,0.0,0.0,0.0,0.0,0.0,72.0,17.0,1883.0,331.0,782.0,0.423,97.0,292.0,0.332,234.0,490.0,0.478,0.485,154.0,196.0,0.786,51.0,171.0,222.0,212.0,60.0,1.0,103.0,186.0,913.0,0.0,15.3,0.526,0.373,0.251,3.0,10.7,6.7,19.7,1.7,0.0,10.6,23.1,2.5,0.7,3.2,0.082,0.8,-0.8,0.0,1.0,0.0,2008
93,Al Thornton,27.3,4.7,11.0,0.429,0.5,1.6,0.331,4.2,9.4,0.447,0.454,2.7,3.6,0.743,1.2,3.3,4.5,1.2,0.6,0.5,1.6,2.5,12.7,0.0,0.0,1260.0,0.0,0.0,0.0,0.0,0.0,0.0,0.0,0.0,0.0,0.0,0.0,0.0,0.0,79.0,31.0,2158.0,374.0,871.0,0.429,43.0,130.0,0.331,331.0,741.0,0.447,0.454,214.0,288.0,0.743,98.0,260.0,358.0,98.0,46.0,43.0,128.0,195.0,1005.0,0.0,12.7,0.504,0.149,0.331,5.2,14.0,9.6,8.4,1.1,1.5,11.4,24.1,-0.5,1.6,1.1,0.025,-1.9,-1.5,-3.4,-0.8,0.0,2008
94,Rasheed Wallace,30.5,4.9,11.3,0.432,1.5,4.1,0.356,3.4,7.2,0.476,0.497,1.5,1.9,0.767,1.1,5.5,6.6,1.8,1.2,1.7,1.1,2.8,12.7,0.0,1.0,1260.0,0.001,77.0,30.5,12.7,6.6,1.8,1.2,1.7,0.432,0.356,0.767,7.6,0.155,77.0,76.0,2346.0,376.0,870.0,0.432,112.0,315.0,0.356,264.0,555.0,0.476,0.497,115.0,150.0,0.767,84.0,427.0,511.0,137.0,91.0,129.0,86.0,213.0,979.0,0.0,17.2,0.523,0.362,0.172,4.3,21.8,13.0,9.7,2.1,4.3,8.4,20.5,2.5,5.1,7.6,0.155,1.5,2.6,4.1,3.6,0.0,2008
95,Ryan Gomes,29.7,4.8,10.5,0.457,0.7,2.2,0.33,4.1,8.3,0.491,0.492,2.3,2.8,0.83,1.6,4.2,5.8,1.8,0.8,0.1,1.2,1.9,12.6,0.0,0.0,1260.0,0.0,0.0,0.0,0.0,0.0,0.0,0.0,0.0,0.0,0.0,0.0,0.0,0.0,82.0,74.0,2434.0,392.0,857.0,0.457,59.0,179.0,0.33,333.0,678.0,0.491,0.492,190.0,229.0,0.83,133.0,342.0,475.0,145.0,65.0,10.0,96.0,154.0,1033.0,0.0,15.7,0.539,0.209,0.267,6.1,16.8,11.3,9.6,1.4,0.3,9.1,19.5,3.6,1.2,4.8,0.096,1.0,-1.1,-0.1,1.1,0.0,2008
96,Anthony Parker,32.1,4.8,10.1,0.476,1.6,3.7,0.438,3.2,6.4,0.499,0.557,1.2,1.5,0.816,0.6,3.5,4.1,2.2,1.0,0.2,1.1,1.9,12.5,0.0,0.0,1260.0,0.0,0.0,0.0,0.0,0.0,0.0,0.0,0.0,0.0,0.0,0.0,0.0,0.0,82.0,82.0,2634.0,395.0,829.0,0.476,133.0,304.0,0.438,262.0,525.0,0.499,0.557,102.0,125.0,0.816,50.0,284.0,334.0,183.0,79.0,17.0,87.0,157.0,1025.0,0.0,14.4,0.58,0.367,0.151,2.2,12.9,7.5,10.8,1.6,0.5,9.0,17.4,3.8,2.5,6.2,0.113,0.6,0.2,0.9,1.9,0.0,2008
97,John Salmons,31.1,4.7,9.9,0.477,0.5,1.5,0.325,4.2,8.4,0.504,0.501,2.6,3.2,0.823,0.9,3.4,4.3,2.6,1.1,0.4,2.1,2.1,12.5,0.0,0.0,1260.0,0.0,0.0,0.0,0.0,0.0,0.0,0.0,0.0,0.0,0.0,0.0,0.0,0.0,81.0,41.0,2517.0,381.0,799.0,0.477,39.0,120.0,0.325,342.0,679.0,0.504,0.501,214.0,260.0,0.823,76.0,273.0,349.0,208.0,93.0,31.0,170.0,171.0,1015.0,0.0,13.9,0.556,0.15,0.325,3.6,12.6,8.2,13.4,1.9,1.0,15.7,19.2,2.0,1.7,3.7,0.071,-0.3,-0.3,-0.6,0.9,0.0,2008
98,Willie Green,26.6,5.1,11.8,0.436,0.7,2.4,0.285,4.4,9.3,0.475,0.465,1.5,2.0,0.757,0.4,2.0,2.5,2.0,0.7,0.3,1.5,1.6,12.4,0.0,0.0,1260.0,0.0,0.0,0.0,0.0,0.0,0.0,0.0,0.0,0.0,0.0,0.0,0.0,0.0,74.0,74.0,1970.0,379.0,870.0,0.436,51.0,179.0,0.285,328.0,691.0,0.475,0.465,112.0,148.0,0.757,32.0,150.0,182.0,151.0,54.0,22.0,109.0,119.0,921.0,0.0,12.8,0.492,0.206,0.17,1.9,9.1,5.5,13.2,1.5,0.9,10.4,23.9,0.4,1.6,2.1,0.05,-0.9,-0.8,-1.6,0.2,0.0,2008
99,Kenyon Martin,30.4,5.3,9.8,0.538,0.0,0.2,0.182,5.3,9.7,0.544,0.539,1.7,3.0,0.58,1.5,5.0,6.5,1.3,1.2,1.2,1.3,3.3,12.4,0.0,0.0,1260.0,0.0,0.0,0.0,0.0,0.0,0.0,0.0,0.0,0.0,0.0,0.0,0.0,0.0,71.0,71.0,2159.0,376.0,699.0,0.538,2.0,11.0,0.182,374.0,688.0,0.544,0.539,123.0,212.0,0.58,105.0,356.0,461.0,90.0,88.0,85.0,91.0,235.0,877.0,0.0,14.7,0.553,0.016,0.303,5.4,17.5,11.6,6.3,2.0,2.8,10.3,17.4,2.0,3.0,5.0,0.111,-1.6,0.8,-0.8,0.6,0.0,2008
100,Tim Thomas,30.8,4.6,11.2,0.413,1.3,4.3,0.306,3.3,6.9,0.479,0.472,1.8,2.4,0.752,1.0,4.1,5.1,2.7,0.6,0.5,1.6,3.0,12.4,0.0,0.0,1260.0,0.0,0.0,0.0,0.0,0.0,0.0,0.0,0.0,0.0,0.0,0.0,0.0,0.0,63.0,51.0,1940.0,291.0,705.0,0.413,83.0,271.0,0.306,208.0,434.0,0.479,0.472,115.0,153.0,0.752,62.0,261.0,323.0,171.0,40.0,29.0,98.0,192.0,780.0,0.0,12.2,0.505,0.384,0.217,3.7,15.6,9.6,15.7,1.1,1.1,11.3,20.7,0.3,1.4,1.7,0.042,-0.9,-0.5,-1.4,0.3,0.0,2008
101,Francisco García,26.5,4.4,9.5,0.463,1.4,3.7,0.391,3.0,5.9,0.508,0.538,2.1,2.6,0.779,0.7,2.7,3.3,1.6,1.2,0.6,1.6,2.9,12.3,0.0,0.0,1260.0,0.0,0.0,0.0,0.0,0.0,0.0,0.0,0.0,0.0,0.0,0.0,0.0,0.0,79.0,20.0,2096.0,348.0,752.0,0.463,113.0,289.0,0.391,235.0,463.0,0.508,0.538,162.0,208.0,0.779,52.0,212.0,264.0,128.0,96.0,50.0,128.0,232.0,971.0,0.0,15.1,0.576,0.384,0.277,3.0,11.7,7.4,10.2,2.3,1.8,13.2,20.7,2.4,1.8,4.2,0.097,0.7,0.1,0.8,1.5,0.0,2008
102,J.R. Smith,19.2,4.2,9.1,0.461,2.1,5.3,0.403,2.1,3.8,0.542,0.578,1.7,2.4,0.719,0.6,1.5,2.1,1.7,0.8,0.2,1.5,1.9,12.3,0.0,0.0,1260.0,0.0,0.0,0.0,0.0,0.0,0.0,0.0,0.0,0.0,0.0,0.0,0.0,0.0,74.0,0.0,1421.0,311.0,674.0,0.461,157.0,390.0,0.403,154.0,284.0,0.542,0.578,128.0,178.0,0.719,43.0,109.0,152.0,128.0,62.0,12.0,112.0,144.0,907.0,0.0,18.1,0.603,0.579,0.264,3.3,8.1,5.8,14.7,2.1,0.6,13.0,25.8,2.5,1.3,3.7,0.126,3.4,-0.8,2.6,1.6,0.0,2008
103,Larry Hughes,29.7,4.5,11.8,0.381,1.0,2.9,0.345,3.5,8.9,0.392,0.423,2.2,2.8,0.798,0.6,2.8,3.4,2.7,1.5,0.3,1.7,2.0,12.2,0.0,0.0,1260.0,0.0,0.0,0.0,0.0,0.0,0.0,0.0,0.0,0.0,0.0,0.0,0.0,0.0,68.0,57.0,2020.0,305.0,801.0,0.381,67.0,194.0,0.345,238.0,607.0,0.392,0.423,150.0,188.0,0.798,39.0,191.0,230.0,181.0,99.0,17.0,116.0,139.0,827.0,0.0,11.9,0.468,0.242,0.235,2.1,11.1,6.5,15.1,2.6,0.7,11.6,22.2,-0.5,2.3,1.8,0.042,-2.3,0.0,-2.3,-0.1,0.0,2008
104,Troy Murphy,28.1,4.2,9.2,0.455,1.3,3.1,0.398,2.9,6.1,0.484,0.522,2.6,3.2,0.797,1.4,5.8,7.2,2.2,0.7,0.4,1.3,2.9,12.2,0.0,0.0,1260.0,0.0,0.0,0.0,0.0,0.0,0.0,0.0,0.0,0.0,0.0,0.0,0.0,0.0,75.0,61.0,2106.0,315.0,693.0,0.455,94.0,236.0,0.398,221.0,457.0,0.484,0.522,192.0,241.0,0.797,108.0,435.0,543.0,165.0,49.0,32.0,96.0,217.0,916.0,0.0,16.0,0.573,0.341,0.348,5.5,22.9,14.0,12.3,1.1,1.1,10.7,18.4,3.7,2.5,6.2,0.141,0.9,0.2,1.2,1.7,0.0,2008
105,T.J. Ford,23.5,4.8,10.3,0.469,0.3,1.0,0.294,4.5,9.3,0.488,0.484,2.2,2.5,0.88,0.5,1.5,2.0,6.1,1.1,0.0,2.0,1.8,12.1,0.0,0.0,1260.0,0.0,0.0,0.0,0.0,0.0,0.0,0.0,0.0,0.0,0.0,0.0,0.0,0.0,51.0,26.0,1199.0,246.0,524.0,0.469,15.0,51.0,0.294,231.0,473.0,0.488,0.484,110.0,125.0,0.88,23.0,77.0,100.0,313.0,54.0,0.0,102.0,93.0,617.0,0.0,20.3,0.533,0.097,0.239,2.3,7.7,4.9,44.4,2.4,0.0,15.0,26.8,2.1,1.1,3.3,0.13,2.8,-0.3,2.5,1.4,0.0,2008
106,Drew Gooden,30.8,4.8,10.7,0.449,0.0,0.1,0.0,4.8,10.6,0.452,0.449,2.3,3.1,0.753,2.5,6.0,8.6,1.2,0.7,0.8,1.8,2.9,12.0,0.0,0.0,1260.0,0.0,0.0,0.0,0.0,0.0,0.0,0.0,0.0,0.0,0.0,0.0,0.0,0.0,69.0,65.0,2122.0,332.0,740.0,0.449,0.0,6.0,0.0,332.0,734.0,0.452,0.449,162.0,215.0,0.753,175.0,415.0,590.0,81.0,48.0,53.0,122.0,203.0,826.0,0.0,13.8,0.495,0.008,0.291,9.1,23.0,15.8,6.5,1.2,2.0,12.8,20.3,0.5,2.8,3.3,0.074,-2.1,-0.7,-2.8,-0.4,0.0,2008
107,Ronnie Brewer,27.5,4.7,8.3,0.558,0.1,0.7,0.22,4.5,7.7,0.587,0.567,2.6,3.4,0.759,1.3,1.6,2.9,1.8,1.7,0.3,0.9,1.4,12.0,0.0,0.0,1260.0,0.0,0.0,0.0,0.0,0.0,0.0,0.0,0.0,0.0,0.0,0.0,0.0,0.0,76.0,76.0,2088.0,354.0,634.0,0.558,11.0,50.0,0.22,343.0,584.0,0.587,0.567,195.0,257.0,0.759,97.0,121.0,218.0,134.0,129.0,19.0,69.0,110.0,914.0,0.0,18.4,0.612,0.079,0.405,5.7,7.0,6.4,9.7,3.2,0.7,8.5,17.5,5.4,2.4,7.8,0.178,2.2,1.6,3.8,3.1,0.0,2008
108,Udonis Haslem,36.8,4.8,10.3,0.467,0.0,0.0,0.0,4.8,10.3,0.467,0.467,2.3,2.9,0.81,2.2,6.9,9.0,1.4,0.8,0.4,1.4,3.0,12.0,0.0,0.0,1260.0,0.0,0.0,0.0,0.0,0.0,0.0,0.0,0.0,0.0,0.0,0.0,0.0,0.0,49.0,48.0,1805.0,237.0,507.0,0.467,0.0,0.0,0.0,237.0,507.0,0.467,0.467,115.0,142.0,0.81,107.0,336.0,443.0,68.0,39.0,18.0,67.0,145.0,589.0,0.0,12.7,0.517,0.0,0.28,7.0,22.7,14.7,6.5,1.1,0.8,10.5,16.7,1.0,1.5,2.5,0.067,-1.8,-0.9,-2.7,-0.3,0.0,2008
109,Raja Bell,35.3,4.2,10.0,0.421,2.3,5.9,0.401,1.9,4.2,0.449,0.538,1.1,1.2,0.868,0.6,3.0,3.7,2.2,0.7,0.4,0.9,2.9,11.9,0.0,0.0,1260.0,0.0,0.0,0.0,0.0,0.0,0.0,0.0,0.0,0.0,0.0,0.0,0.0,0.0,75.0,75.0,2646.0,317.0,753.0,0.421,176.0,439.0,0.401,141.0,314.0,0.449,0.538,79.0,91.0,0.868,47.0,227.0,274.0,168.0,54.0,27.0,65.0,220.0,889.0,0.0,10.5,0.561,0.583,0.121,2.2,9.0,5.9,8.6,1.0,0.7,7.6,14.5,3.0,1.5,4.5,0.082,-0.3,-0.5,-0.8,0.8,0.0,2008
110,Jamaal Tinsley,33.2,4.5,11.9,0.38,1.0,3.6,0.284,3.5,8.3,0.422,0.423,1.8,2.6,0.72,0.6,3.0,3.6,8.4,1.7,0.3,3.3,2.5,11.9,0.0,0.0,1260.0,0.0,0.0,0.0,0.0,0.0,0.0,0.0,0.0,0.0,0.0,0.0,0.0,0.0,39.0,36.0,1293.0,176.0,463.0,0.38,40.0,141.0,0.284,136.0,322.0,0.422,0.423,72.0,100.0,0.72,24.0,117.0,141.0,326.0,66.0,10.0,130.0,97.0,464.0,0.0,12.8,0.458,0.305,0.216,2.0,10.0,5.9,38.8,2.5,0.6,20.4,21.3,-0.6,1.3,0.8,0.028,-1.0,-0.5,-1.5,0.1,0.0,2008
111,Tyson Chandler,35.2,4.8,7.7,0.623,0.0,0.0,0.0,4.8,7.6,0.624,0.623,2.2,3.7,0.593,4.1,7.7,11.7,1.0,0.6,1.1,1.7,3.1,11.8,0.0,0.0,1260.0,0.0,0.0,0.0,0.0,0.0,0.0,0.0,0.0,0.0,0.0,0.0,0.0,0.0,79.0,79.0,2783.0,377.0,605.0,0.623,0.0,1.0,0.0,377.0,604.0,0.624,0.623,175.0,295.0,0.593,322.0,606.0,928.0,81.0,45.0,84.0,136.0,243.0,929.0,0.0,17.5,0.632,0.002,0.488,13.2,26.1,19.5,4.4,0.9,2.4,15.6,14.5,5.9,4.1,10.0,0.172,0.7,-0.2,0.4,1.7,0.0,2008
112,Josh Childress,29.9,4.3,7.5,0.571,0.3,0.8,0.367,4.0,6.8,0.595,0.59,2.9,3.6,0.807,2.3,2.6,4.9,1.5,0.9,0.6,1.3,1.7,11.8,0.0,0.0,1260.0,0.0,0.0,0.0,0.0,0.0,0.0,0.0,0.0,0.0,0.0,0.0,0.0,0.0,76.0,0.0,2274.0,327.0,573.0,0.571,22.0,60.0,0.367,305.0,513.0,0.595,0.59,222.0,275.0,0.807,174.0,199.0,373.0,117.0,71.0,43.0,98.0,129.0,898.0,0.0,17.8,0.647,0.105,0.48,9.0,10.2,9.6,8.5,1.6,1.4,12.4,15.8,6.0,1.5,7.6,0.16,2.3,-0.3,2.0,2.3,0.0,2008
113,Derek Fisher,27.4,4.1,9.5,0.436,1.4,3.4,0.406,2.8,6.1,0.453,0.508,2.0,2.3,0.883,0.3,1.8,2.1,2.9,1.0,0.0,1.1,2.3,11.7,0.0,0.0,1260.0,0.0,0.0,0.0,0.0,0.0,0.0,0.0,0.0,0.0,0.0,0.0,0.0,0.0,82.0,82.0,2249.0,339.0,777.0,0.436,112.0,276.0,0.406,227.0,501.0,0.453,0.508,166.0,188.0,0.883,24.0,146.0,170.0,239.0,86.0,3.0,90.0,188.0,956.0,0.0,13.8,0.556,0.355,0.242,1.2,6.9,4.2,15.9,1.9,0.1,9.5,18.6,3.7,2.0,5.7,0.121,-0.3,0.0,-0.4,0.9,0.0,2008
114,Charlie Villanueva,24.1,4.7,10.7,0.435,0.7,2.4,0.297,3.9,8.3,0.475,0.469,1.6,2.1,0.783,1.9,4.2,6.1,1.0,0.4,0.5,1.4,2.3,11.7,0.0,0.0,1260.0,0.0,0.0,0.0,0.0,0.0,0.0,0.0,0.0,0.0,0.0,0.0,0.0,0.0,76.0,31.0,1829.0,354.0,814.0,0.435,55.0,185.0,0.297,299.0,629.0,0.475,0.469,123.0,157.0,0.783,145.0,321.0,466.0,78.0,30.0,35.0,107.0,174.0,886.0,0.0,14.9,0.502,0.227,0.193,8.9,21.5,15.0,7.5,0.9,1.5,10.8,24.4,0.9,0.9,1.7,0.045,-0.4,-2.4,-2.8,-0.3,0.0,2008
115,Wally Szczerbiak,23.1,4.1,9.6,0.431,1.2,2.9,0.413,2.9,6.7,0.438,0.493,2.0,2.3,0.851,0.5,2.4,2.9,1.4,0.3,0.2,1.0,1.4,11.5,0.0,0.0,1260.0,0.0,0.0,0.0,0.0,0.0,0.0,0.0,0.0,0.0,0.0,0.0,0.0,0.0,75.0,2.0,1736.0,311.0,722.0,0.431,90.0,218.0,0.413,221.0,504.0,0.438,0.493,149.0,175.0,0.851,34.0,183.0,217.0,104.0,23.0,12.0,76.0,103.0,861.0,0.0,13.9,0.539,0.302,0.242,2.2,11.8,6.9,10.1,0.7,0.5,8.7,22.1,2.0,0.9,2.9,0.079,0.7,-1.1,-0.5,0.7,0.0,2008
116,Kirk Hinrich,31.7,4.4,10.6,0.414,1.1,3.2,0.35,3.3,7.4,0.442,0.467,1.6,1.9,0.831,0.4,2.9,3.3,6.0,1.2,0.3,2.1,3.0,11.5,0.0,0.0,1260.0,0.0,0.0,0.0,0.0,0.0,0.0,0.0,0.0,0.0,0.0,0.0,0.0,0.0,75.0,72.0,2380.0,330.0,797.0,0.414,84.0,240.0,0.35,246.0,557.0,0.442,0.467,118.0,142.0,0.831,28.0,216.0,244.0,452.0,87.0,19.0,157.0,224.0,862.0,1.0,13.1,0.501,0.301,0.178,1.3,10.6,5.8,30.9,1.9,0.6,15.4,18.9,1.5,2.1,3.6,0.072,-0.9,0.2,-0.8,0.7,0.0,2008
117,Lou Williams,23.3,4.0,9.4,0.424,0.7,1.9,0.359,3.3,7.5,0.441,0.461,2.8,3.6,0.783,0.5,1.6,2.1,3.2,1.0,0.2,1.6,1.6,11.5,0.0,0.0,1260.0,0.0,0.0,0.0,0.0,0.0,0.0,0.0,0.0,0.0,0.0,0.0,0.0,0.0,80.0,0.0,1862.0,319.0,752.0,0.424,55.0,153.0,0.359,264.0,599.0,0.441,0.461,227.0,290.0,0.783,41.0,126.0,167.0,253.0,81.0,13.0,125.0,130.0,920.0,0.0,16.7,0.523,0.203,0.386,2.6,8.1,5.3,22.6,2.3,0.6,12.4,24.3,2.5,1.8,4.4,0.112,1.3,0.1,1.4,1.6,0.0,2008
118,Hakim Warrick,23.4,4.4,8.7,0.502,0.2,0.6,0.271,4.2,8.1,0.521,0.512,2.4,3.5,0.704,1.6,3.1,4.7,0.7,0.5,0.4,1.1,2.1,11.4,0.0,0.0,1260.0,0.0,0.0,0.0,0.0,0.0,0.0,0.0,0.0,0.0,0.0,0.0,0.0,0.0,75.0,30.0,1754.0,328.0,653.0,0.502,13.0,48.0,0.271,315.0,605.0,0.521,0.512,183.0,260.0,0.704,123.0,233.0,356.0,53.0,36.0,28.0,85.0,156.0,852.0,0.0,16.2,0.555,0.074,0.398,7.8,15.0,11.4,5.2,1.0,1.2,10.0,21.6,2.5,0.8,3.3,0.09,-0.3,-1.6,-1.9,0.0,0.0,2008
119,Sam Cassell,23.2,4.2,9.7,0.438,0.4,1.4,0.303,3.8,8.3,0.461,0.46,2.3,2.6,0.882,0.3,2.2,2.5,3.9,0.7,0.1,1.8,1.8,11.2,0.0,0.0,1260.0,0.0,0.0,0.0,0.0,0.0,0.0,0.0,0.0,0.0,0.0,0.0,0.0,0.0,55.0,34.0,1274.0,233.0,532.0,0.438,23.0,76.0,0.303,210.0,456.0,0.461,0.46,127.0,144.0,0.882,17.0,119.0,136.0,214.0,37.0,6.0,97.0,98.0,616.0,0.0,15.4,0.517,0.143,0.271,1.6,10.8,6.2,31.5,1.5,0.4,14.0,25.1,0.7,1.1,1.8,0.067,-0.3,-0.7,-0.9,0.3,0.0,2008
120,José Calderón,30.3,4.5,8.6,0.519,1.0,2.2,0.429,3.5,6.4,0.551,0.575,1.3,1.5,0.908,0.4,2.5,2.9,8.3,1.1,0.1,1.5,1.6,11.2,0.0,0.0,1260.0,0.0,0.0,0.0,0.0,0.0,0.0,0.0,0.0,0.0,0.0,0.0,0.0,0.0,82.0,56.0,2484.0,367.0,707.0,0.519,79.0,184.0,0.429,288.0,523.0,0.551,0.575,109.0,120.0,0.908,34.0,202.0,236.0,678.0,87.0,6.0,126.0,134.0,922.0,0.0,20.5,0.607,0.26,0.17,1.6,9.7,5.6,42.3,1.9,0.2,14.2,16.8,8.1,2.2,10.2,0.197,4.1,0.4,4.5,4.1,0.0,2008
121,DeShawn Stevenson,31.3,3.7,9.5,0.386,1.9,5.0,0.383,1.7,4.5,0.39,0.487,1.9,2.4,0.797,0.5,2.4,2.9,3.1,0.8,0.2,1.2,1.3,11.2,0.0,0.0,1260.0,0.0,0.0,0.0,0.0,0.0,0.0,0.0,0.0,0.0,0.0,0.0,0.0,0.0,82.0,82.0,2564.0,301.0,780.0,0.386,158.0,413.0,0.383,143.0,367.0,0.39,0.487,157.0,197.0,0.797,37.0,198.0,235.0,252.0,65.0,15.0,102.0,110.0,917.0,0.0,12.6,0.529,0.529,0.253,1.6,9.3,5.4,15.5,1.4,0.5,10.5,17.4,3.2,0.9,4.1,0.077,0.9,-1.0,-0.2,1.2,0.0,2008
122,Linas Kleiza,23.9,3.9,8.3,0.472,1.2,3.5,0.339,2.7,4.8,0.568,0.543,2.1,2.7,0.77,1.2,3.1,4.2,1.2,0.6,0.2,1.1,2.3,11.1,0.0,0.0,1260.0,0.0,0.0,0.0,0.0,0.0,0.0,0.0,0.0,0.0,0.0,0.0,0.0,0.0,79.0,13.0,1889.0,311.0,659.0,0.472,94.0,277.0,0.339,217.0,382.0,0.568,0.543,164.0,213.0,0.77,92.0,241.0,333.0,95.0,44.0,19.0,89.0,181.0,880.0,0.0,14.4,0.585,0.42,0.323,5.4,13.5,9.5,7.5,1.1,0.7,10.6,18.9,3.1,1.6,4.7,0.119,0.2,-1.1,-0.9,0.5,0.0,2008
123,Andrei Kirilenko,30.8,3.8,7.6,0.506,0.6,1.6,0.379,3.2,5.9,0.54,0.546,2.8,3.6,0.77,1.7,3.0,4.7,4.0,1.2,1.5,1.9,2.3,11.0,0.0,0.0,1260.0,0.0,0.0,0.0,0.0,0.0,0.0,0.0,0.0,0.0,0.0,0.0,0.0,0.0,72.0,72.0,2217.0,275.0,544.0,0.506,44.0,116.0,0.379,231.0,428.0,0.54,0.546,198.0,257.0,0.77,121.0,218.0,339.0,285.0,86.0,109.0,140.0,165.0,792.0,1.0,17.2,0.603,0.213,0.472,6.7,11.9,9.3,18.2,2.0,4.0,17.6,16.1,4.3,2.8,7.1,0.154,3.1,2.0,5.2,4.0,0.0,2008
124,Juan Carlos Navarro,25.8,3.8,9.3,0.402,1.9,5.3,0.361,1.9,4.1,0.455,0.504,1.5,1.8,0.849,0.4,2.1,2.6,2.2,0.6,0.0,1.6,1.1,10.9,0.0,0.0,1260.0,0.0,0.0,0.0,0.0,0.0,0.0,0.0,0.0,0.0,0.0,0.0,0.0,0.0,82.0,30.0,2117.0,308.0,766.0,0.402,156.0,432.0,0.361,152.0,334.0,0.455,0.504,124.0,146.0,0.849,34.0,176.0,210.0,177.0,48.0,1.0,134.0,94.0,896.0,0.0,11.9,0.54,0.564,0.191,1.8,9.4,5.6,13.3,1.1,0.0,13.9,20.2,1.0,0.4,1.4,0.031,-0.3,-2.0,-2.3,-0.2,0.0,2008
125,Jameer Nelson,28.4,4.1,8.7,0.469,0.9,2.2,0.416,3.2,6.5,0.488,0.522,1.8,2.2,0.828,0.4,3.1,3.5,5.6,0.9,0.1,2.0,2.4,10.9,0.0,0.0,1260.0,0.0,0.0,0.0,0.0,0.0,0.0,0.0,0.0,0.0,0.0,0.0,0.0,0.0,69.0,62.0,1961.0,283.0,603.0,0.469,64.0,154.0,0.416,219.0,449.0,0.488,0.522,125.0,151.0,0.828,28.0,215.0,243.0,383.0,63.0,4.0,141.0,167.0,755.0,0.0,15.5,0.564,0.255,0.25,1.7,12.1,7.1,31.1,1.7,0.1,17.4,19.0,3.4,2.2,5.6,0.136,0.7,0.5,1.2,1.6,0.0,2008
126,Jason Kidd,36.3,3.8,9.9,0.385,1.5,3.9,0.381,2.3,6.0,0.387,0.46,1.7,2.1,0.818,1.2,6.3,7.5,10.1,1.7,0.3,3.3,2.1,10.8,0.0,0.0,1260.0,0.0,0.0,0.0,0.0,0.0,0.0,0.0,0.0,0.0,0.0,0.0,0.0,0.0,80.0,80.0,2906.0,305.0,793.0,0.385,119.0,312.0,0.381,186.0,481.0,0.387,0.46,135.0,165.0,0.818,94.0,506.0,600.0,806.0,136.0,26.0,266.0,165.0,864.0,13.0,16.7,0.499,0.393,0.208,3.8,20.0,12.0,44.0,2.5,0.7,23.5,17.9,2.0,3.8,5.9,0.097,1.6,1.3,3.0,3.6,0.0,2008
127,David Lee,29.1,4.2,7.6,0.552,0.0,0.0,0.0,4.2,7.6,0.554,0.552,2.4,2.9,0.819,3.0,6.0,8.9,1.2,0.7,0.4,1.2,2.6,10.8,0.0,0.0,1260.0,0.0,0.0,0.0,0.0,0.0,0.0,0.0,0.0,0.0,0.0,0.0,0.0,0.0,81.0,29.0,2356.0,341.0,618.0,0.552,0.0,2.0,0.0,341.0,616.0,0.554,0.552,194.0,237.0,0.819,242.0,482.0,724.0,95.0,55.0,29.0,97.0,210.0,876.0,0.0,18.0,0.606,0.003,0.383,11.3,24.1,17.5,6.7,1.2,1.0,11.8,15.6,5.6,1.8,7.4,0.151,1.1,-0.7,0.4,1.4,0.0,2008
128,Jerry Stackhouse,24.3,3.7,9.1,0.405,1.0,3.2,0.326,2.6,5.9,0.447,0.462,2.3,2.6,0.892,0.6,1.7,2.3,2.5,0.5,0.2,1.5,1.4,10.7,0.0,0.0,1260.0,0.0,0.0,0.0,0.0,0.0,0.0,0.0,0.0,0.0,0.0,0.0,0.0,0.0,58.0,13.0,1412.0,213.0,526.0,0.405,60.0,184.0,0.326,153.0,342.0,0.447,0.462,132.0,148.0,0.892,33.0,100.0,133.0,145.0,28.0,10.0,86.0,82.0,618.0,0.0,13.3,0.523,0.35,0.281,2.8,7.9,5.4,16.7,1.1,0.5,12.7,22.4,1.2,1.1,2.3,0.077,0.3,-1.1,-0.8,0.4,0.0,2008
129,Earl Watson,29.1,4.3,9.6,0.454,0.6,1.7,0.371,3.7,7.9,0.472,0.487,1.4,1.9,0.766,0.6,2.3,2.9,6.8,0.9,0.1,2.2,2.0,10.7,0.0,0.0,1260.0,0.0,0.0,0.0,0.0,0.0,0.0,0.0,0.0,0.0,0.0,0.0,0.0,0.0,78.0,73.0,2269.0,339.0,747.0,0.454,49.0,132.0,0.371,290.0,615.0,0.472,0.487,111.0,145.0,0.766,43.0,182.0,225.0,531.0,69.0,11.0,175.0,158.0,838.0,1.0,14.6,0.517,0.177,0.194,2.1,8.7,5.4,36.6,1.5,0.3,17.8,18.8,1.7,1.1,2.9,0.061,0.1,-1.0,-0.9,0.6,0.0,2008
130,Martell Webster,28.4,3.7,8.7,0.422,1.6,4.2,0.388,2.1,4.5,0.454,0.516,1.6,2.2,0.735,0.7,3.2,3.9,1.2,0.6,0.4,1.1,2.1,10.7,0.0,0.0,1260.0,0.0,0.0,0.0,0.0,0.0,0.0,0.0,0.0,0.0,0.0,0.0,0.0,0.0,75.0,70.0,2132.0,277.0,656.0,0.422,123.0,317.0,0.388,154.0,339.0,0.454,0.516,122.0,166.0,0.735,54.0,242.0,296.0,90.0,42.0,28.0,83.0,159.0,799.0,0.0,12.0,0.548,0.483,0.253,3.0,13.3,8.2,7.0,1.1,1.0,10.2,18.0,1.8,1.7,3.5,0.079,0.1,-0.2,-0.2,1.0,0.0,2008
131,Brendan Haywood,27.9,4.0,7.5,0.528,0.0,0.0,0.0,4.0,7.5,0.528,0.528,2.7,3.7,0.735,3.4,3.8,7.2,0.9,0.4,1.7,1.4,2.7,10.6,0.0,0.0,1260.0,0.0,0.0,0.0,0.0,0.0,0.0,0.0,0.0,0.0,0.0,0.0,0.0,0.0,80.0,80.0,2228.0,316.0,599.0,0.528,0.0,0.0,0.0,316.0,599.0,0.528,0.528,216.0,294.0,0.735,273.0,303.0,576.0,71.0,31.0,133.0,108.0,216.0,848.0,0.0,18.3,0.582,0.0,0.491,14.0,16.4,15.2,5.2,0.7,5.0,12.9,17.3,4.9,1.9,6.8,0.146,0.6,-0.8,-0.2,1.0,0.0,2008
132,Rajon Rondo,29.9,4.6,9.3,0.492,0.1,0.2,0.263,4.5,9.0,0.499,0.496,1.4,2.3,0.611,1.0,3.2,4.2,5.1,1.7,0.2,1.9,2.4,10.6,0.0,0.0,1260.0,0.0,0.0,0.0,0.0,0.0,0.0,0.0,0.0,0.0,0.0,0.0,0.0,0.0,77.0,77.0,2306.0,351.0,713.0,0.492,5.0,19.0,0.263,346.0,694.0,0.499,0.496,107.0,175.0,0.611,78.0,244.0,322.0,393.0,129.0,13.0,147.0,187.0,814.0,0.0,15.6,0.515,0.027,0.245,4.3,11.9,8.3,28.2,3.0,0.5,15.7,18.9,2.3,4.9,7.2,0.15,-0.4,2.6,2.1,2.4,0.0,2008
133,Andris Biedriņš,27.3,4.5,7.1,0.626,0.0,0.0,0.0,4.5,7.1,0.626,0.626,1.5,2.5,0.62,3.4,6.4,9.8,1.0,0.7,1.2,1.1,3.4,10.5,0.0,0.0,1260.0,0.0,0.0,0.0,0.0,0.0,0.0,0.0,0.0,0.0,0.0,0.0,0.0,0.0,76.0,59.0,2078.0,340.0,543.0,0.626,0.0,0.0,0.0,340.0,543.0,0.626,0.626,116.0,187.0,0.62,256.0,488.0,744.0,75.0,56.0,94.0,85.0,262.0,796.0,0.0,19.2,0.637,0.0,0.344,12.7,26.2,19.1,5.2,1.3,3.3,12.0,14.4,5.4,2.6,8.0,0.185,1.1,0.1,1.1,1.6,0.0,2008
134,Samuel Dalembert,33.2,4.1,8.1,0.513,0.0,0.0,0.0,4.1,8.0,0.514,0.513,2.3,3.2,0.707,3.7,6.6,10.4,0.5,0.5,2.3,1.9,3.3,10.5,0.0,0.0,1260.0,0.0,0.0,0.0,0.0,0.0,0.0,0.0,0.0,0.0,0.0,0.0,0.0,0.0,82.0,82.0,2724.0,339.0,661.0,0.513,0.0,1.0,0.0,339.0,660.0,0.514,0.513,186.0,263.0,0.707,304.0,545.0,849.0,45.0,40.0,192.0,155.0,269.0,864.0,0.0,15.6,0.556,0.002,0.398,13.1,24.0,18.5,2.5,0.8,5.6,16.6,15.4,2.6,4.3,6.9,0.121,-1.5,0.5,-1.0,0.7,0.0,2008
135,Jeff Green,28.2,4.0,9.4,0.427,0.3,1.0,0.276,3.7,8.4,0.444,0.441,2.2,3.0,0.744,1.3,3.5,4.7,1.5,0.6,0.6,2.0,2.5,10.5,0.0,0.0,1260.0,0.0,0.0,0.0,0.0,0.0,0.0,0.0,0.0,0.0,0.0,0.0,0.0,0.0,80.0,52.0,2253.0,320.0,749.0,0.427,21.0,76.0,0.276,299.0,673.0,0.444,0.441,177.0,238.0,0.744,101.0,278.0,379.0,119.0,46.0,49.0,158.0,198.0,838.0,0.0,9.8,0.491,0.101,0.318,4.9,13.4,9.2,8.2,1.0,1.6,15.6,19.4,-1.3,1.5,0.2,0.003,-3.4,-0.6,-4.1,-1.2,0.0,2008
136,Daniel Gibson,30.4,3.5,8.0,0.432,2.0,4.6,0.44,1.4,3.4,0.421,0.559,1.5,1.8,0.81,0.5,1.8,2.3,2.5,0.8,0.2,1.3,2.8,10.4,0.0,0.0,1260.0,0.0,0.0,0.0,0.0,0.0,0.0,0.0,0.0,0.0,0.0,0.0,0.0,0.0,58.0,26.0,1765.0,201.0,465.0,0.432,118.0,268.0,0.44,83.0,197.0,0.421,0.559,85.0,105.0,0.81,30.0,104.0,134.0,145.0,47.0,14.0,76.0,163.0,605.0,0.0,11.7,0.592,0.576,0.226,1.9,6.9,4.3,13.1,1.4,0.6,12.9,15.1,2.7,1.4,4.1,0.111,-0.4,0.0,-0.4,0.7,0.0,2008
137,Luis Scola,24.7,4.2,8.2,0.515,0.0,0.0,0.0,4.2,8.1,0.517,0.515,1.9,2.9,0.668,2.1,4.3,6.4,1.3,0.7,0.2,1.3,2.9,10.3,0.0,0.0,1260.0,0.0,0.0,0.0,0.0,0.0,0.0,0.0,0.0,0.0,0.0,0.0,0.0,0.0,82.0,39.0,2024.0,345.0,670.0,0.515,0.0,3.0,0.0,345.0,667.0,0.517,0.515,157.0,235.0,0.668,174.0,351.0,525.0,106.0,60.0,19.0,105.0,235.0,847.0,0.0,16.1,0.548,0.004,0.351,9.9,19.3,14.6,8.9,1.6,0.7,12.0,19.8,2.8,3.7,6.5,0.154,-1.0,1.0,0.0,1.0,0.0,2008
138,Andrea Bargnani,23.9,3.6,9.3,0.386,1.2,3.3,0.345,2.4,5.9,0.409,0.448,1.8,2.2,0.84,0.6,3.1,3.7,1.1,0.3,0.5,1.1,2.7,10.2,0.0,0.0,1260.0,0.0,0.0,0.0,0.0,0.0,0.0,0.0,0.0,0.0,0.0,0.0,0.0,0.0,78.0,53.0,1861.0,280.0,725.0,0.386,90.0,261.0,0.345,190.0,464.0,0.409,0.448,142.0,169.0,0.84,50.0,238.0,288.0,89.0,23.0,37.0,88.0,211.0,792.0,0.0,10.6,0.495,0.36,0.233,3.2,15.2,9.2,7.4,0.7,1.6,9.9,22.5,-0.3,1.6,1.4,0.036,-2.5,-1.2,-3.7,-0.8,0.0,2008
139,Joe Smith,22.4,4.1,8.5,0.478,0.0,0.0,0.0,4.1,8.4,0.48,0.478,2.0,2.6,0.755,2.1,3.1,5.2,0.9,0.4,0.6,0.9,2.4,10.1,0.0,0.0,1260.0,0.0,0.0,0.0,0.0,0.0,0.0,0.0,0.0,0.0,0.0,0.0,0.0,0.0,77.0,36.0,1726.0,312.0,653.0,0.478,0.0,3.0,0.0,312.0,650.0,0.48,0.478,154.0,204.0,0.755,163.0,238.0,401.0,66.0,34.0,47.0,71.0,186.0,778.0,0.0,16.1,0.524,0.005,0.312,10.3,16.1,13.1,6.7,1.0,2.1,8.7,21.0,2.4,1.8,4.1,0.115,-0.5,-0.6,-1.1,0.4,0.0,2008
140,Michael Finley,26.9,3.8,9.3,0.414,1.6,4.4,0.37,2.2,4.9,0.453,0.501,0.8,1.0,0.8,0.3,2.8,3.1,1.4,0.4,0.1,0.7,1.1,10.1,0.0,0.0,1260.0,0.0,0.0,0.0,0.0,0.0,0.0,0.0,0.0,0.0,0.0,0.0,0.0,0.0,82.0,61.0,2204.0,315.0,761.0,0.414,132.0,357.0,0.37,183.0,404.0,0.453,0.501,64.0,80.0,0.8,27.0,227.0,254.0,114.0,29.0,10.0,56.0,93.0,826.0,0.0,11.4,0.519,0.469,0.105,1.5,12.0,6.8,8.6,0.7,0.3,6.6,18.5,1.3,2.9,4.2,0.091,-0.5,-0.1,-0.6,0.8,0.0,2008
141,Al Horford,31.4,4.1,8.2,0.499,0.0,0.1,0.0,4.1,8.2,0.502,0.499,1.9,2.6,0.731,3.1,6.6,9.7,1.5,0.7,0.9,1.7,3.3,10.1,0.0,0.0,1260.0,0.0,0.0,0.0,0.0,0.0,0.0,0.0,0.0,0.0,0.0,0.0,0.0,0.0,81.0,77.0,2540.0,333.0,668.0,0.499,0.0,5.0,0.0,333.0,663.0,0.502,0.499,155.0,212.0,0.731,248.0,537.0,785.0,124.0,60.0,76.0,137.0,267.0,821.0,0.0,14.7,0.539,0.007,0.317,11.4,24.5,18.0,7.9,1.2,2.2,15.3,16.0,2.4,3.0,5.5,0.103,-1.2,-0.3,-1.6,0.3,0.0,2008
142,Kyle Korver,23.1,3.4,7.7,0.443,1.5,3.9,0.375,1.9,3.7,0.516,0.54,1.6,1.7,0.915,0.3,2.0,2.3,1.3,0.6,0.4,1.0,2.6,9.9,0.0,0.0,1260.0,0.0,0.0,0.0,0.0,0.0,0.0,0.0,0.0,0.0,0.0,0.0,0.0,0.0,75.0,0.0,1732.0,255.0,575.0,0.443,111.0,296.0,0.375,144.0,279.0,0.516,0.54,119.0,130.0,0.915,21.0,151.0,172.0,101.0,42.0,29.0,75.0,192.0,740.0,0.0,12.8,0.585,0.515,0.226,1.5,10.5,6.0,8.8,1.3,1.4,10.6,18.3,2.7,1.5,4.2,0.116,0.4,-0.1,0.3,1.0,0.0,2008
143,Jarrett Jack,27.2,3.3,7.6,0.431,0.8,2.3,0.342,2.5,5.2,0.47,0.483,2.6,3.0,0.867,0.4,2.5,2.9,3.8,0.7,0.0,2.2,1.6,9.9,0.0,0.0,1260.0,0.0,0.0,0.0,0.0,0.0,0.0,0.0,0.0,0.0,0.0,0.0,0.0,0.0,82.0,16.0,2229.0,267.0,620.0,0.431,65.0,190.0,0.342,202.0,430.0,0.47,0.483,215.0,248.0,0.867,31.0,203.0,234.0,313.0,61.0,1.0,178.0,129.0,814.0,0.0,13.0,0.558,0.306,0.4,1.6,10.7,6.2,22.7,1.5,0.0,19.6,19.3,1.6,1.5,3.2,0.069,-0.8,-0.4,-1.2,0.5,0.0,2008
144,Nick Collison,28.5,4.1,8.2,0.502,0.0,0.0,0.0,4.1,8.2,0.504,0.502,1.6,2.1,0.737,3.3,6.1,9.4,1.4,0.6,0.8,1.5,3.2,9.8,0.0,0.0,1260.0,0.0,0.0,0.0,0.0,0.0,0.0,0.0,0.0,0.0,0.0,0.0,0.0,0.0,78.0,35.0,2223.0,322.0,641.0,0.502,0.0,2.0,0.0,322.0,639.0,0.504,0.502,123.0,167.0,0.737,254.0,476.0,730.0,113.0,47.0,60.0,118.0,250.0,767.0,0.0,15.0,0.537,0.003,0.261,12.5,23.3,17.9,7.9,1.1,1.9,14.2,16.2,2.2,2.3,4.5,0.098,-1.2,-0.2,-1.4,0.3,0.0,2008
145,Boštjan Nachbar,22.1,3.3,8.1,0.402,1.3,3.5,0.359,2.0,4.6,0.435,0.479,2.1,2.6,0.786,0.7,2.7,3.5,1.2,0.6,0.3,1.1,2.4,9.8,0.0,0.0,1260.0,0.0,0.0,0.0,0.0,0.0,0.0,0.0,0.0,0.0,0.0,0.0,0.0,0.0,75.0,1.0,1660.0,245.0,609.0,0.402,94.0,262.0,0.359,151.0,347.0,0.435,0.479,154.0,196.0,0.786,56.0,204.0,260.0,88.0,44.0,21.0,85.0,182.0,738.0,0.0,12.4,0.531,0.43,0.322,3.9,14.3,9.1,9.3,1.4,1.0,10.9,21.5,1.0,1.2,2.2,0.064,-0.8,-1.0,-1.8,0.1,0.0,2008
146,Desmond Mason,28.8,3.9,8.1,0.482,0.0,0.0,0.0,3.9,8.1,0.482,0.482,1.9,2.9,0.659,1.3,3.1,4.3,2.1,0.7,0.5,1.4,1.8,9.7,0.0,0.0,1260.0,0.0,0.0,0.0,0.0,0.0,0.0,0.0,0.0,0.0,0.0,0.0,0.0,0.0,59.0,56.0,1702.0,230.0,477.0,0.482,0.0,0.0,0.0,230.0,477.0,0.482,0.482,114.0,173.0,0.659,75.0,181.0,256.0,121.0,40.0,30.0,83.0,106.0,574.0,0.0,12.3,0.519,0.0,0.363,5.0,13.1,8.8,11.3,1.2,1.4,13.0,16.8,1.0,0.5,1.5,0.041,-1.2,-0.9,-2.1,0.0,0.0,2008
147,Kyle Lowry,25.5,3.1,7.2,0.432,0.4,1.7,0.257,2.7,5.5,0.487,0.463,3.0,4.2,0.698,0.5,2.5,3.0,3.6,1.1,0.3,1.5,2.3,9.6,0.0,0.0,1260.0,0.0,0.0,0.0,0.0,0.0,0.0,0.0,0.0,0.0,0.0,0.0,0.0,0.0,82.0,9.0,2089.0,256.0,592.0,0.432,36.0,140.0,0.257,220.0,452.0,0.487,0.463,243.0,348.0,0.698,41.0,209.0,250.0,296.0,92.0,22.0,127.0,185.0,791.0,0.0,14.3,0.531,0.236,0.588,2.2,11.3,6.7,21.8,2.2,0.8,14.6,18.6,2.1,1.3,3.4,0.078,-1.2,0.3,-0.9,0.6,0.0,2008
148,Ronald Murray,20.8,3.7,8.7,0.42,0.5,1.5,0.317,3.2,7.2,0.441,0.447,1.6,2.3,0.694,0.5,1.4,2.0,3.4,0.9,0.1,2.0,1.2,9.4,0.0,0.0,1260.0,0.0,0.0,0.0,0.0,0.0,0.0,0.0,0.0,0.0,0.0,0.0,0.0,0.0,42.0,19.0,874.0,154.0,367.0,0.42,20.0,63.0,0.317,134.0,304.0,0.441,0.447,68.0,98.0,0.694,23.0,60.0,83.0,144.0,38.0,4.0,84.0,50.0,396.0,0.0,13.2,0.483,0.172,0.267,3.0,7.9,5.4,27.5,2.2,0.3,17.0,25.3,-0.5,0.9,0.4,0.024,-1.5,-1.2,-2.7,-0.1,0.0,2008
149,Mike Conley,26.1,3.6,8.3,0.428,0.6,1.7,0.33,3.0,6.6,0.453,0.462,1.7,2.3,0.732,0.4,2.2,2.6,4.2,0.8,0.0,1.7,1.6,9.4,0.0,0.0,1260.0,0.0,0.0,0.0,0.0,0.0,0.0,0.0,0.0,0.0,0.0,0.0,0.0,0.0,53.0,46.0,1381.0,189.0,442.0,0.428,30.0,91.0,0.33,159.0,351.0,0.453,0.462,90.0,123.0,0.732,21.0,118.0,139.0,222.0,44.0,2.0,89.0,85.0,498.0,0.0,12.6,0.502,0.206,0.278,1.7,9.7,5.6,25.3,1.6,0.1,15.2,18.8,0.6,0.5,1.1,0.038,-1.6,-1.3,-3.0,-0.3,0.0,2008
150,Craig Smith,20.1,3.9,6.9,0.563,0.0,0.1,0.0,3.9,6.7,0.572,0.563,1.7,2.6,0.665,1.6,3.0,4.6,0.8,0.5,0.2,1.2,2.8,9.4,0.0,0.0,1260.0,0.0,0.0,0.0,0.0,0.0,0.0,0.0,0.0,0.0,0.0,0.0,0.0,0.0,77.0,11.0,1547.0,297.0,528.0,0.563,0.0,9.0,0.0,297.0,519.0,0.572,0.563,133.0,200.0,0.665,123.0,230.0,353.0,60.0,36.0,17.0,89.0,217.0,727.0,0.0,16.7,0.59,0.017,0.379,8.9,17.8,13.2,6.6,1.2,0.9,12.6,20.6,2.7,0.9,3.5,0.109,-0.3,-1.0,-1.3,0.3,0.0,2008
151,Shane Battier,36.3,3.3,7.7,0.428,1.7,4.6,0.377,1.6,3.1,0.504,0.54,0.9,1.3,0.743,1.6,3.5,5.1,1.9,1.0,1.1,1.0,2.5,9.3,0.0,0.0,1260.0,0.0,0.0,0.0,0.0,0.0,0.0,0.0,0.0,0.0,0.0,0.0,0.0,0.0,80.0,78.0,2907.0,265.0,619.0,0.428,139.0,369.0,0.377,126.0,250.0,0.504,0.54,75.0,101.0,0.743,131.0,276.0,407.0,155.0,77.0,90.0,78.0,196.0,744.0,0.0,11.7,0.561,0.596,0.163,5.2,10.5,7.9,8.0,1.4,2.3,10.5,11.7,3.6,4.6,8.2,0.135,0.0,1.9,2.0,2.9,0.0,2008
152,Sebastian Telfair,32.2,3.7,9.3,0.401,0.5,1.9,0.281,3.2,7.4,0.432,0.43,1.3,1.8,0.743,0.3,2.0,2.3,5.9,1.0,0.2,1.9,2.9,9.3,0.0,0.0,1260.0,0.0,0.0,0.0,0.0,0.0,0.0,0.0,0.0,0.0,0.0,0.0,0.0,0.0,60.0,51.0,1933.0,223.0,556.0,0.401,32.0,114.0,0.281,191.0,442.0,0.432,0.43,78.0,105.0,0.743,16.0,119.0,135.0,355.0,59.0,11.0,111.0,171.0,556.0,0.0,10.4,0.462,0.205,0.189,0.9,7.4,4.0,27.7,1.6,0.5,15.6,16.6,0.2,0.5,0.7,0.018,-2.2,-1.0,-3.1,-0.6,0.0,2008
153,Damien Wilkins,24.3,3.6,8.9,0.403,0.7,2.0,0.323,2.9,6.8,0.427,0.44,1.4,1.9,0.736,0.9,2.3,3.2,2.0,0.8,0.3,1.2,1.7,9.2,0.0,0.0,1260.0,0.0,0.0,0.0,0.0,0.0,0.0,0.0,0.0,0.0,0.0,0.0,0.0,0.0,76.0,31.0,1843.0,271.0,673.0,0.403,50.0,155.0,0.323,221.0,518.0,0.427,0.44,106.0,144.0,0.736,72.0,173.0,245.0,150.0,62.0,19.0,89.0,128.0,698.0,0.0,11.3,0.474,0.23,0.214,4.3,10.2,7.2,12.7,1.7,0.7,10.8,19.4,-0.1,1.2,1.0,0.027,-2.0,-0.3,-2.3,-0.2,0.0,2008
154,Bonzi Wells,21.4,3.5,7.8,0.443,0.2,0.7,0.24,3.3,7.1,0.462,0.453,2.0,3.1,0.643,1.2,3.4,4.5,1.3,1.0,0.4,1.4,2.2,9.1,0.0,0.0,1260.0,0.0,0.0,0.0,0.0,0.0,0.0,0.0,0.0,0.0,0.0,0.0,0.0,0.0,73.0,7.0,1562.0,252.0,569.0,0.443,12.0,50.0,0.24,240.0,519.0,0.462,0.453,146.0,227.0,0.643,84.0,247.0,331.0,97.0,75.0,32.0,103.0,157.0,662.0,0.0,14.4,0.495,0.088,0.399,6.2,17.8,12.0,10.2,2.6,1.5,13.3,22.7,-0.1,3.0,3.0,0.092,-2.0,1.7,-0.3,0.7,0.0,2008
155,Marcus Camby,34.9,3.6,8.0,0.45,0.1,0.3,0.3,3.5,7.8,0.455,0.455,1.8,2.6,0.708,2.9,10.2,13.1,3.3,1.1,3.6,1.5,2.7,9.1,0.0,0.0,1260.0,0.0,0.0,0.0,0.0,0.0,0.0,0.0,0.0,0.0,0.0,0.0,0.0,0.0,79.0,79.0,2758.0,286.0,635.0,0.45,6.0,20.0,0.3,280.0,615.0,0.455,0.455,143.0,202.0,0.708,230.0,807.0,1037.0,259.0,85.0,285.0,118.0,216.0,721.0,2.0,17.2,0.498,0.031,0.318,9.2,31.1,20.3,12.9,1.5,7.3,14.0,13.0,2.6,5.9,8.5,0.148,0.1,3.3,3.4,3.8,0.0,2008
156,Jordan Farmar,20.6,3.5,7.7,0.461,1.4,3.7,0.371,2.2,4.0,0.546,0.552,0.6,1.0,0.679,0.5,1.8,2.2,2.7,0.9,0.1,1.3,1.3,9.1,0.0,0.0,1260.0,0.0,0.0,0.0,0.0,0.0,0.0,0.0,0.0,0.0,0.0,0.0,0.0,0.0,82.0,0.0,1690.0,291.0,631.0,0.461,114.0,307.0,0.371,177.0,324.0,0.546,0.552,53.0,78.0,0.679,39.0,144.0,183.0,225.0,77.0,5.0,108.0,105.0,749.0,0.0,15.4,0.563,0.487,0.124,2.7,9.1,6.0,20.5,2.3,0.2,14.0,20.2,2.1,1.8,3.9,0.111,1.3,0.0,1.3,1.4,0.0,2008
157,Roger Mason,21.4,3.3,7.5,0.443,1.6,4.1,0.398,1.7,3.4,0.498,0.552,0.8,0.9,0.873,0.2,1.4,1.6,1.7,0.5,0.2,0.9,1.8,9.1,0.0,0.0,1260.0,0.0,0.0,0.0,0.0,0.0,0.0,0.0,0.0,0.0,0.0,0.0,0.0,0.0,80.0,9.0,1708.0,266.0,600.0,0.443,130.0,327.0,0.398,136.0,273.0,0.498,0.552,62.0,71.0,0.873,17.0,113.0,130.0,134.0,40.0,18.0,69.0,140.0,724.0,0.0,13.8,0.573,0.545,0.118,1.1,8.0,4.5,13.2,1.3,0.9,9.9,18.9,2.8,0.6,3.4,0.096,1.2,-1.2,0.0,0.9,0.0,2008
158,Matt Carroll,25.2,3.2,7.4,0.428,1.3,3.0,0.436,1.8,4.4,0.422,0.517,1.4,1.7,0.804,0.4,2.4,2.8,0.9,0.6,0.2,0.7,2.3,9.0,0.0,0.0,1260.0,0.0,0.0,0.0,0.0,0.0,0.0,0.0,0.0,0.0,0.0,0.0,0.0,0.0,80.0,18.0,2016.0,252.0,589.0,0.428,105.0,241.0,0.436,147.0,348.0,0.422,0.517,111.0,138.0,0.804,33.0,193.0,226.0,73.0,46.0,19.0,58.0,187.0,720.0,0.0,10.7,0.554,0.409,0.234,1.9,11.1,6.4,5.8,1.2,0.7,8.2,16.1,1.9,1.0,3.0,0.071,-1.2,-0.8,-2.0,0.0,0.0,2008
159,Carlos Delfino,23.5,3.1,7.7,0.397,1.5,3.8,0.382,1.6,3.9,0.412,0.492,1.4,1.9,0.744,0.8,3.6,4.4,1.8,0.8,0.1,0.9,2.2,9.0,0.0,0.0,1260.0,0.0,0.0,0.0,0.0,0.0,0.0,0.0,0.0,0.0,0.0,0.0,0.0,0.0,82.0,0.0,1928.0,251.0,632.0,0.397,120.0,314.0,0.382,131.0,318.0,0.412,0.492,116.0,156.0,0.744,66.0,293.0,359.0,145.0,69.0,11.0,75.0,177.0,738.0,0.0,13.6,0.527,0.497,0.247,4.0,18.1,11.0,11.3,1.9,0.5,9.7,19.0,1.7,2.3,4.0,0.1,0.0,0.3,0.4,1.2,0.0,2008
160,Maurice Evans,22.9,3.5,7.3,0.481,1.1,2.8,0.388,2.4,4.5,0.539,0.555,0.8,1.1,0.711,1.2,1.7,2.9,1.1,0.6,0.1,0.5,1.9,8.9,0.0,0.0,1260.0,0.0,0.0,0.0,0.0,0.0,0.0,0.0,0.0,0.0,0.0,0.0,0.0,0.0,75.0,47.0,1720.0,262.0,545.0,0.481,81.0,209.0,0.388,181.0,336.0,0.539,0.555,59.0,83.0,0.711,92.0,126.0,218.0,81.0,46.0,10.0,40.0,142.0,664.0,0.0,13.9,0.571,0.383,0.152,6.4,8.1,7.3,7.5,1.4,0.4,6.4,16.5,3.2,1.6,4.9,0.135,1.2,-0.2,1.0,1.3,0.0,2008
161,Daequan Cook,24.4,3.3,8.7,0.381,1.3,4.0,0.332,2.0,4.7,0.424,0.458,0.8,1.0,0.825,0.3,2.7,3.0,1.3,0.4,0.2,1.1,2.7,8.8,0.0,0.0,1260.0,0.0,0.0,0.0,0.0,0.0,0.0,0.0,0.0,0.0,0.0,0.0,0.0,0.0,59.0,19.0,1441.0,196.0,514.0,0.381,79.0,238.0,0.332,117.0,276.0,0.424,0.458,47.0,57.0,0.825,20.0,157.0,177.0,75.0,23.0,9.0,63.0,157.0,518.0,0.0,7.9,0.48,0.463,0.111,1.6,13.3,7.4,9.1,0.8,0.5,10.5,19.8,-1.0,0.6,-0.4,-0.013,-3.4,-1.9,-5.2,-1.2,0.0,2008
162,Boris Diaw,28.1,3.8,7.9,0.477,0.2,0.5,0.317,3.6,7.4,0.488,0.487,1.2,1.6,0.744,1.2,3.4,4.6,3.9,0.7,0.5,1.9,2.0,8.8,0.0,0.0,1260.0,0.0,0.0,0.0,0.0,0.0,0.0,0.0,0.0,0.0,0.0,0.0,0.0,0.0,82.0,19.0,2308.0,308.0,646.0,0.477,13.0,41.0,0.317,295.0,605.0,0.488,0.487,96.0,129.0,0.744,97.0,281.0,378.0,317.0,61.0,39.0,155.0,166.0,725.0,0.0,12.0,0.516,0.063,0.2,5.2,12.7,9.3,19.0,1.3,1.1,18.1,16.6,1.1,1.9,3.0,0.063,-1.0,0.2,-0.8,0.7,0.0,2008
163,Antonio McDyess,29.3,3.8,7.7,0.488,0.0,0.0,0.0,3.8,7.7,0.49,0.488,1.2,2.0,0.622,2.6,5.9,8.5,1.1,0.8,0.7,1.0,3.2,8.8,0.0,0.0,1260.0,0.0,0.0,0.0,0.0,0.0,0.0,0.0,0.0,0.0,0.0,0.0,0.0,0.0,78.0,78.0,2285.0,293.0,600.0,0.488,0.0,2.0,0.0,293.0,598.0,0.49,0.488,97.0,156.0,0.622,204.0,462.0,666.0,89.0,61.0,53.0,75.0,246.0,683.0,0.0,14.1,0.511,0.003,0.26,10.6,24.3,17.4,6.2,1.5,1.8,10.1,15.3,2.4,4.3,6.7,0.141,-1.1,0.7,-0.5,0.9,0.0,2008
164,Sasha Vujačić,17.8,3.0,6.7,0.454,1.6,3.8,0.437,1.4,2.9,0.476,0.577,1.1,1.3,0.835,0.3,1.9,2.1,1.0,0.5,0.1,0.7,1.5,8.8,0.0,0.0,1260.0,0.0,0.0,0.0,0.0,0.0,0.0,0.0,0.0,0.0,0.0,0.0,0.0,0.0,72.0,0.0,1279.0,219.0,482.0,0.454,118.0,270.0,0.437,101.0,212.0,0.476,0.577,76.0,91.0,0.835,19.0,135.0,154.0,72.0,36.0,5.0,52.0,107.0,632.0,0.0,15.1,0.605,0.56,0.189,1.7,11.3,6.7,8.7,1.4,0.3,9.1,19.8,2.4,1.2,3.6,0.136,1.8,-0.7,1.2,1.0,0.0,2008
165,Jason Williams,28.1,3.1,8.2,0.384,1.4,4.1,0.353,1.7,4.1,0.415,0.472,1.0,1.2,0.863,0.2,1.8,1.9,4.6,1.2,0.1,1.4,1.4,8.8,0.0,0.0,1260.0,0.0,0.0,0.0,0.0,0.0,0.0,0.0,0.0,0.0,0.0,0.0,0.0,0.0,67.0,53.0,1886.0,211.0,550.0,0.384,97.0,275.0,0.353,114.0,275.0,0.415,0.472,69.0,80.0,0.863,12.0,118.0,130.0,307.0,83.0,5.0,91.0,93.0,588.0,0.0,12.7,0.502,0.5,0.145,0.8,7.6,4.1,27.3,2.3,0.2,13.5,17.0,1.0,1.1,2.1,0.052,-0.5,-0.4,-0.9,0.6,0.0,2008
166,Keith Bogans,26.8,2.9,7.2,0.41,1.8,5.0,0.362,1.1,2.2,0.52,0.536,1.0,1.3,0.736,0.5,2.7,3.2,1.3,0.7,0.1,0.6,2.0,8.7,0.0,0.0,1260.0,0.0,0.0,0.0,0.0,0.0,0.0,0.0,0.0,0.0,0.0,0.0,0.0,0.0,82.0,35.0,2198.0,241.0,588.0,0.41,148.0,409.0,0.362,93.0,179.0,0.52,0.536,81.0,110.0,0.736,42.0,224.0,266.0,104.0,59.0,10.0,53.0,164.0,711.0,0.0,10.9,0.559,0.696,0.187,2.3,11.3,7.0,7.1,1.4,0.3,7.7,14.4,2.6,2.3,4.9,0.106,0.1,0.5,0.6,1.4,0.0,2008
167,Yi Jianlian,25.0,3.3,7.9,0.421,0.1,0.3,0.286,3.2,7.6,0.427,0.427,1.8,2.2,0.841,1.6,3.6,5.2,0.8,0.5,0.8,1.4,2.3,8.6,0.0,0.0,1260.0,0.0,0.0,0.0,0.0,0.0,0.0,0.0,0.0,0.0,0.0,0.0,0.0,0.0,66.0,49.0,1647.0,219.0,520.0,0.421,6.0,21.0,0.286,213.0,499.0,0.427,0.427,122.0,145.0,0.841,106.0,238.0,344.0,55.0,36.0,56.0,90.0,153.0,566.0,0.0,11.3,0.485,0.04,0.279,7.3,17.7,12.3,5.3,1.1,2.7,13.4,18.4,-0.1,0.9,0.7,0.022,-2.9,-1.1,-3.9,-0.8,0.0,2008
168,Kelenna Azubuike,21.4,3.2,7.2,0.445,0.9,2.4,0.364,2.3,4.8,0.485,0.505,1.2,1.7,0.717,1.3,2.7,4.0,0.9,0.6,0.4,0.7,2.0,8.5,0.0,0.0,1260.0,0.0,0.0,0.0,0.0,0.0,0.0,0.0,0.0,0.0,0.0,0.0,0.0,0.0,81.0,17.0,1732.0,261.0,587.0,0.445,71.0,195.0,0.364,190.0,392.0,0.485,0.505,99.0,138.0,0.717,107.0,217.0,324.0,75.0,45.0,34.0,58.0,159.0,692.0,0.0,13.5,0.534,0.332,0.235,6.4,14.0,10.0,6.1,1.3,1.4,8.2,17.2,2.3,1.1,3.4,0.094,0.0,-0.9,-0.8,0.5,0.0,2008
169,Steve Blake,29.9,3.2,7.9,0.408,1.5,3.7,0.406,1.7,4.2,0.409,0.502,0.6,0.8,0.766,0.4,2.0,2.4,5.1,0.7,0.0,1.4,1.6,8.5,0.0,0.0,1260.0,0.0,0.0,0.0,0.0,0.0,0.0,0.0,0.0,0.0,0.0,0.0,0.0,0.0,81.0,78.0,2424.0,261.0,640.0,0.408,121.0,298.0,0.406,140.0,342.0,0.409,0.502,49.0,64.0,0.766,31.0,164.0,195.0,413.0,55.0,4.0,113.0,133.0,692.0,0.0,12.0,0.518,0.466,0.1,1.5,7.9,4.7,27.1,1.2,0.1,14.5,15.3,2.5,1.3,3.8,0.075,0.1,-0.6,-0.5,0.9,0.0,2008
170,Jamario Moon,27.8,3.6,7.4,0.485,0.5,1.6,0.328,3.1,5.8,0.528,0.52,0.8,1.1,0.741,1.2,5.0,6.2,1.2,1.0,1.4,0.7,1.9,8.5,0.0,0.0,1260.0,0.0,0.0,0.0,0.0,0.0,0.0,0.0,0.0,0.0,0.0,0.0,0.0,0.0,78.0,75.0,2166.0,279.0,575.0,0.485,40.0,122.0,0.328,239.0,453.0,0.528,0.52,63.0,85.0,0.741,92.0,392.0,484.0,90.0,80.0,108.0,51.0,152.0,661.0,0.0,15.0,0.54,0.212,0.148,5.0,21.6,13.2,6.2,2.0,4.0,7.7,14.4,2.1,3.6,5.7,0.126,0.0,1.9,1.9,2.2,0.0,2008
171,Mikki Moore,29.1,3.4,6.0,0.577,0.0,0.0,0.0,3.4,5.9,0.579,0.577,1.6,2.2,0.736,2.0,4.1,6.0,1.0,0.4,0.6,1.3,3.8,8.5,0.0,0.0,1260.0,0.0,0.0,0.0,0.0,0.0,0.0,0.0,0.0,0.0,0.0,0.0,0.0,0.0,82.0,79.0,2385.0,282.0,489.0,0.577,0.0,2.0,0.0,282.0,487.0,0.579,0.577,134.0,182.0,0.736,160.0,334.0,494.0,84.0,35.0,46.0,110.0,310.0,698.0,0.0,11.5,0.613,0.004,0.372,8.1,16.2,12.2,5.4,0.7,1.5,16.2,12.7,3.2,1.4,4.6,0.092,-1.8,-0.6,-2.4,-0.3,0.0,2008
172,Mark Blount,22.3,3.4,7.5,0.462,0.2,0.6,0.386,3.2,6.8,0.469,0.479,1.3,2.0,0.638,1.0,2.8,3.8,0.6,0.5,0.5,1.0,1.9,8.4,0.0,0.0,1260.0,0.0,0.0,0.0,0.0,0.0,0.0,0.0,0.0,0.0,0.0,0.0,0.0,0.0,69.0,46.0,1542.0,238.0,515.0,0.462,17.0,44.0,0.386,221.0,471.0,0.469,0.479,88.0,138.0,0.638,69.0,194.0,263.0,41.0,33.0,34.0,70.0,133.0,581.0,0.0,11.4,0.505,0.085,0.268,5.3,15.3,10.2,4.8,1.1,1.8,10.8,19.8,-0.3,1.0,0.7,0.021,-2.9,-1.2,-4.0,-0.8,0.0,2008
173,Antonio Daniels,30.4,2.9,6.3,0.459,0.2,1.0,0.23,2.6,5.3,0.504,0.478,2.4,3.1,0.776,0.3,2.5,2.9,4.8,1.0,0.0,1.3,1.1,8.4,0.0,0.0,1260.0,0.0,0.0,0.0,0.0,0.0,0.0,0.0,0.0,0.0,0.0,0.0,0.0,0.0,71.0,63.0,2161.0,205.0,447.0,0.459,17.0,74.0,0.23,188.0,373.0,0.504,0.478,170.0,219.0,0.776,23.0,180.0,203.0,340.0,69.0,2.0,91.0,78.0,597.0,0.0,13.7,0.549,0.166,0.49,1.2,10.0,5.5,24.0,1.7,0.1,14.3,13.5,3.5,1.0,4.5,0.099,-0.4,-0.3,-0.8,0.7,0.0,2008
174,Vladimir Radmanović,22.8,3.0,6.7,0.453,1.5,3.6,0.406,1.6,3.1,0.507,0.562,0.8,1.0,0.8,0.9,2.4,3.3,1.9,0.7,0.2,1.1,2.3,8.4,0.0,0.0,1260.0,0.0,0.0,0.0,0.0,0.0,0.0,0.0,0.0,0.0,0.0,0.0,0.0,0.0,65.0,41.0,1483.0,198.0,437.0,0.453,95.0,234.0,0.406,103.0,203.0,0.507,0.562,52.0,65.0,0.8,56.0,159.0,215.0,123.0,46.0,12.0,73.0,147.0,543.0,0.0,12.6,0.583,0.535,0.149,4.4,11.4,8.0,12.1,1.6,0.6,13.6,16.0,2.0,1.5,3.5,0.113,0.4,-0.2,0.2,0.8,0.0,2008
175,Delonte West,25.1,3.2,7.8,0.413,0.8,2.2,0.356,2.4,5.6,0.435,0.463,1.1,1.5,0.736,0.5,2.7,3.2,3.8,1.0,0.5,1.9,1.7,8.3,0.0,0.0,1260.0,0.0,0.0,0.0,0.0,0.0,0.0,0.0,0.0,0.0,0.0,0.0,0.0,0.0,61.0,31.0,1533.0,196.0,475.0,0.413,48.0,135.0,0.356,148.0,340.0,0.435,0.463,67.0,91.0,0.736,31.0,162.0,193.0,229.0,59.0,29.0,117.0,103.0,507.0,0.0,12.1,0.492,0.284,0.192,2.2,11.9,7.0,23.5,2.0,1.4,18.5,18.3,-0.2,1.5,1.3,0.041,-1.5,0.8,-0.8,0.5,0.0,2008
176,Brandon Bass,19.7,3.1,6.2,0.499,0.0,0.1,0.0,3.1,6.2,0.503,0.499,2.1,2.5,0.822,1.5,2.9,4.4,0.7,0.3,0.6,1.0,1.9,8.3,0.0,0.0,1260.0,0.0,0.0,0.0,0.0,0.0,0.0,0.0,0.0,0.0,0.0,0.0,0.0,0.0,79.0,1.0,1557.0,246.0,493.0,0.499,0.0,4.0,0.0,246.0,489.0,0.503,0.499,162.0,197.0,0.822,120.0,227.0,347.0,58.0,22.0,48.0,82.0,150.0,654.0,0.0,15.9,0.564,0.008,0.4,9.2,16.3,12.9,6.1,0.8,2.3,12.4,19.8,2.4,1.9,4.3,0.132,-0.2,-0.2,-0.4,0.6,0.0,2008
177,Marko Jarić,29.2,3.0,7.0,0.43,0.6,1.7,0.362,2.4,5.3,0.451,0.473,1.6,2.2,0.742,0.5,2.5,3.0,4.1,1.3,0.4,1.7,2.4,8.3,0.0,0.0,1260.0,0.0,0.0,0.0,0.0,0.0,0.0,0.0,0.0,0.0,0.0,0.0,0.0,0.0,75.0,56.0,2189.0,227.0,528.0,0.43,46.0,127.0,0.362,181.0,401.0,0.451,0.473,121.0,163.0,0.742,38.0,184.0,222.0,311.0,97.0,32.0,128.0,180.0,621.0,0.0,12.1,0.518,0.241,0.309,2.0,10.1,5.9,21.0,2.3,1.2,17.6,15.0,1.1,1.3,2.4,0.053,-1.5,0.6,-0.9,0.6,0.0,2008
178,Kareem Rush,21.2,3.2,8.0,0.401,1.4,3.7,0.389,1.8,4.3,0.41,0.49,0.4,0.6,0.714,0.3,2.1,2.4,1.3,0.6,0.3,0.9,1.5,8.3,0.0,0.0,1260.0,0.0,0.0,0.0,0.0,0.0,0.0,0.0,0.0,0.0,0.0,0.0,0.0,0.0,71.0,15.0,1504.0,228.0,569.0,0.401,102.0,262.0,0.389,126.0,307.0,0.41,0.49,30.0,42.0,0.714,19.0,149.0,168.0,89.0,42.0,19.0,62.0,108.0,588.0,0.0,10.0,0.5,0.46,0.074,1.3,11.0,6.1,9.3,1.4,1.0,9.5,18.7,-0.2,1.2,1.0,0.033,-1.6,-0.7,-2.3,-0.1,0.0,2008
179,Josh Boone,25.3,3.4,6.2,0.548,0.0,0.0,0.0,3.4,6.2,0.548,0.548,1.4,3.1,0.456,2.7,4.5,7.3,0.8,0.5,0.9,1.0,2.2,8.2,0.0,0.0,1260.0,0.0,0.0,0.0,0.0,0.0,0.0,0.0,0.0,0.0,0.0,0.0,0.0,0.0,70.0,53.0,1773.0,238.0,434.0,0.548,0.0,0.0,0.0,238.0,434.0,0.548,0.548,99.0,217.0,0.456,192.0,317.0,509.0,55.0,36.0,61.0,68.0,155.0,575.0,0.0,14.8,0.543,0.0,0.5,12.5,20.8,16.6,5.3,1.1,2.7,11.4,15.4,1.9,1.8,3.7,0.1,-0.9,-0.9,-1.8,0.1,0.0,2008
180,Marquis Daniels,20.9,3.3,7.6,0.43,0.4,1.4,0.265,2.9,6.2,0.466,0.454,1.3,1.9,0.698,0.9,2.0,2.9,1.9,1.1,0.2,1.5,1.6,8.2,0.0,0.0,1260.0,0.0,0.0,0.0,0.0,0.0,0.0,0.0,0.0,0.0,0.0,0.0,0.0,0.0,74.0,1.0,1546.0,241.0,561.0,0.43,27.0,102.0,0.265,214.0,459.0,0.466,0.454,97.0,139.0,0.698,66.0,146.0,212.0,137.0,79.0,18.0,112.0,121.0,606.0,0.0,11.6,0.487,0.182,0.248,4.6,10.5,7.5,14.1,2.5,0.9,15.3,20.6,-0.7,1.6,0.9,0.028,-2.7,0.3,-2.4,-0.1,0.0,2008
181,Matt Harpring,18.1,3.1,6.2,0.5,0.0,0.1,0.2,3.1,6.1,0.506,0.502,1.9,2.7,0.712,1.3,1.9,3.2,1.1,0.6,0.2,1.3,2.1,8.2,0.0,0.0,1260.0,0.0,0.0,0.0,0.0,0.0,0.0,0.0,0.0,0.0,0.0,0.0,0.0,0.0,76.0,0.0,1374.0,237.0,474.0,0.5,2.0,10.0,0.2,235.0,464.0,0.506,0.502,146.0,205.0,0.712,96.0,144.0,240.0,82.0,45.0,14.0,95.0,162.0,622.0,0.0,14.1,0.551,0.021,0.432,8.6,12.7,10.7,9.0,1.7,0.8,14.4,21.5,1.4,1.4,2.8,0.096,-1.0,-0.9,-1.9,0.0,0.0,2008
182,Thaddeus Young,21.0,3.6,6.6,0.539,0.1,0.3,0.316,3.5,6.4,0.548,0.545,1.0,1.4,0.738,1.6,2.6,4.2,0.8,1.0,0.1,0.9,1.7,8.2,0.0,0.0,1260.0,0.0,0.0,0.0,0.0,0.0,0.0,0.0,0.0,0.0,0.0,0.0,0.0,0.0,74.0,22.0,1554.0,264.0,490.0,0.539,6.0,19.0,0.316,258.0,471.0,0.548,0.545,76.0,103.0,0.738,120.0,192.0,312.0,58.0,73.0,8.0,64.0,126.0,610.0,0.0,16.5,0.57,0.039,0.21,9.1,14.8,11.9,6.2,2.5,0.4,10.7,17.4,2.6,2.0,4.5,0.14,0.2,0.3,0.5,1.0,0.0,2008
183,Keyon Dooling,18.5,2.8,5.9,0.468,0.3,0.9,0.338,2.4,5.0,0.492,0.494,2.3,2.7,0.845,0.1,1.3,1.4,1.8,0.5,0.1,0.8,1.8,8.1,0.0,0.0,1260.0,0.0,0.0,0.0,0.0,0.0,0.0,0.0,0.0,0.0,0.0,0.0,0.0,0.0,72.0,1.0,1334.0,198.0,423.0,0.468,22.0,65.0,0.338,176.0,358.0,0.492,0.494,163.0,193.0,0.845,7.0,94.0,101.0,133.0,36.0,5.0,61.0,131.0,581.0,0.0,14.1,0.572,0.154,0.456,0.6,7.8,4.4,16.0,1.4,0.3,10.7,19.6,2.4,1.2,3.7,0.132,-0.9,0.3,-0.6,0.5,0.0,2008
184,Carl Landry,16.9,3.2,5.2,0.616,0.0,0.0,0.0,3.2,5.2,0.619,0.616,1.7,2.6,0.661,2.3,2.6,4.9,0.5,0.4,0.2,0.6,2.3,8.1,0.0,0.0,1260.0,0.0,0.0,0.0,0.0,0.0,0.0,0.0,0.0,0.0,0.0,0.0,0.0,0.0,42.0,0.0,711.0,135.0,219.0,0.616,0.0,1.0,0.0,135.0,218.0,0.619,0.616,72.0,109.0,0.661,96.0,111.0,207.0,21.0,17.0,7.0,26.0,98.0,342.0,0.0,21.4,0.641,0.005,0.498,15.5,17.3,16.4,5.2,1.3,0.7,8.9,18.8,2.5,1.2,3.7,0.251,1.6,-0.1,1.5,0.6,0.0,2008
185,Paul Millsap,20.8,3.1,6.1,0.504,0.0,0.0,0.0,3.1,6.1,0.508,0.504,1.9,2.8,0.677,2.0,3.6,5.6,1.0,0.9,0.9,1.1,3.3,8.1,0.0,0.0,1260.0,0.0,0.0,0.0,0.0,0.0,0.0,0.0,0.0,0.0,0.0,0.0,0.0,0.0,82.0,2.0,1702.0,253.0,502.0,0.504,0.0,4.0,0.0,253.0,498.0,0.508,0.504,155.0,229.0,0.677,167.0,293.0,460.0,81.0,72.0,73.0,87.0,269.0,661.0,0.0,16.1,0.548,0.008,0.456,12.1,20.8,16.5,7.0,2.2,3.5,12.6,18.1,2.5,2.7,5.2,0.148,-0.9,0.8,-0.2,0.8,0.0,2008
186,Jannero Pargo,18.7,3.2,8.2,0.39,0.8,2.3,0.349,2.4,5.8,0.406,0.439,0.9,1.0,0.877,0.3,1.3,1.6,2.4,0.6,0.1,1.2,1.5,8.1,0.0,0.0,1260.0,0.0,0.0,0.0,0.0,0.0,0.0,0.0,0.0,0.0,0.0,0.0,0.0,0.0,80.0,5.0,1497.0,254.0,652.0,0.39,65.0,186.0,0.349,189.0,466.0,0.406,0.439,71.0,81.0,0.877,26.0,104.0,130.0,192.0,50.0,5.0,93.0,123.0,644.0,0.0,11.9,0.468,0.285,0.124,2.0,8.3,5.1,20.4,1.8,0.3,11.9,24.2,-0.3,1.4,1.1,0.037,-1.8,-0.9,-2.7,-0.3,0.0,2008
187,Quentin Richardson,28.3,3.1,8.5,0.359,1.1,3.3,0.322,2.0,5.2,0.381,0.421,0.9,1.4,0.682,0.9,4.0,4.8,1.8,0.7,0.2,1.1,2.4,8.1,0.0,0.0,1260.0,0.0,0.0,0.0,0.0,0.0,0.0,0.0,0.0,0.0,0.0,0.0,0.0,0.0,65.0,65.0,1841.0,199.0,555.0,0.359,69.0,214.0,0.322,130.0,341.0,0.381,0.421,60.0,88.0,0.682,56.0,259.0,315.0,116.0,44.0,15.0,69.0,153.0,527.0,0.0,8.5,0.444,0.386,0.159,3.4,16.5,9.7,9.9,1.3,0.6,10.4,16.1,-0.6,0.9,0.3,0.008,-2.3,-0.5,-2.8,-0.4,0.0,2008
188,Ramon Sessions,26.5,3.0,6.9,0.436,0.2,0.4,0.429,2.8,6.5,0.436,0.449,1.9,2.4,0.78,0.5,2.9,3.4,7.5,1.0,0.2,2.1,1.5,8.1,0.0,0.0,1260.0,0.0,0.0,0.0,0.0,0.0,0.0,0.0,0.0,0.0,0.0,0.0,0.0,0.0,17.0,7.0,450.0,51.0,117.0,0.436,3.0,7.0,0.429,48.0,110.0,0.436,0.449,32.0,41.0,0.78,8.0,50.0,58.0,127.0,17.0,3.0,36.0,26.0,137.0,0.0,16.2,0.507,0.06,0.35,2.0,13.6,7.6,43.5,2.0,0.5,21.0,17.1,0.5,0.2,0.7,0.077,0.2,-1.2,-1.0,0.1,0.0,2008
189,James Jones,22.0,2.5,5.6,0.437,1.6,3.5,0.444,0.9,2.1,0.426,0.576,1.5,1.7,0.878,0.7,2.0,2.8,0.6,0.4,0.3,0.5,1.7,8.0,0.0,0.0,1260.0,0.0,0.0,0.0,0.0,0.0,0.0,0.0,0.0,0.0,0.0,0.0,0.0,0.0,58.0,3.0,1276.0,143.0,327.0,0.437,91.0,205.0,0.444,52.0,122.0,0.426,0.576,86.0,98.0,0.878,43.0,118.0,161.0,34.0,24.0,15.0,28.0,96.0,463.0,0.0,13.6,0.625,0.627,0.3,4.0,10.8,7.4,4.3,1.0,0.9,7.0,14.8,2.9,0.8,3.7,0.139,1.4,-0.2,1.3,1.1,0.0,2008
190,Morris Peterson,23.6,2.8,6.8,0.417,1.5,3.8,0.394,1.3,3.0,0.445,0.526,0.9,1.1,0.765,0.5,2.2,2.7,0.9,0.6,0.1,0.5,1.6,8.0,0.0,0.0,1260.0,0.0,0.0,0.0,0.0,0.0,0.0,0.0,0.0,0.0,0.0,0.0,0.0,0.0,76.0,76.0,1796.0,215.0,516.0,0.417,113.0,287.0,0.394,102.0,229.0,0.445,0.526,65.0,85.0,0.765,36.0,170.0,206.0,67.0,47.0,7.0,41.0,125.0,608.0,0.0,11.2,0.549,0.556,0.165,2.3,11.3,6.7,5.5,1.4,0.3,6.9,15.4,2.1,1.7,3.8,0.101,-0.5,0.1,-0.3,0.8,0.0,2008
191,Antoine Walker,19.4,3.0,8.2,0.363,1.3,4.1,0.324,1.6,4.1,0.401,0.444,0.8,1.4,0.53,1.2,2.4,3.7,1.0,0.7,0.2,1.0,1.7,8.0,0.0,0.0,1260.0,0.0,0.0,0.0,0.0,0.0,0.0,0.0,0.0,0.0,0.0,0.0,0.0,0.0,46.0,1.0,892.0,136.0,375.0,0.363,61.0,188.0,0.324,75.0,187.0,0.401,0.444,35.0,66.0,0.53,56.0,112.0,168.0,45.0,33.0,8.0,46.0,80.0,368.0,0.0,11.4,0.455,0.501,0.176,7.1,15.0,10.9,8.0,1.9,0.7,10.2,22.8,-0.5,0.5,0.1,0.004,-0.8,-1.4,-2.2,-0.1,0.0,2008
192,Jason Maxiell,21.6,2.9,5.4,0.538,0.0,0.0,0.0,2.9,5.4,0.539,0.538,2.1,3.3,0.633,2.2,3.1,5.3,0.6,0.3,1.1,0.9,2.2,7.9,0.0,0.0,1260.0,0.0,0.0,0.0,0.0,0.0,0.0,0.0,0.0,0.0,0.0,0.0,0.0,0.0,82.0,7.0,1768.0,240.0,446.0,0.538,0.0,1.0,0.0,240.0,445.0,0.539,0.538,171.0,270.0,0.633,177.0,256.0,433.0,46.0,21.0,94.0,71.0,183.0,651.0,0.0,16.7,0.576,0.002,0.605,11.9,17.4,14.6,4.2,0.7,4.2,11.2,17.0,3.4,2.9,6.3,0.171,-0.3,0.2,-0.1,0.8,0.0,2008
193,Leon Powe,14.4,2.8,4.8,0.572,0.0,0.0,0.0,2.8,4.8,0.575,0.572,2.4,3.4,0.71,1.7,2.4,4.1,0.3,0.3,0.3,0.8,2.3,7.9,0.0,0.0,1260.0,0.0,0.0,0.0,0.0,0.0,0.0,0.0,0.0,0.0,0.0,0.0,0.0,0.0,56.0,5.0,809.0,154.0,269.0,0.572,0.0,1.0,0.0,154.0,268.0,0.575,0.572,137.0,193.0,0.71,95.0,132.0,227.0,15.0,15.0,16.0,43.0,127.0,445.0,0.0,20.9,0.629,0.004,0.717,14.9,18.3,16.7,3.3,1.0,1.6,10.8,22.8,2.7,1.6,4.3,0.256,1.0,-0.7,0.2,0.5,0.0,2008
194,Dorell Wright,25.1,3.3,6.7,0.488,0.1,0.3,0.364,3.2,6.4,0.493,0.495,1.3,1.6,0.826,1.1,3.9,5.0,1.4,0.7,0.9,0.7,1.8,7.9,0.0,0.0,1260.0,0.0,0.0,0.0,0.0,0.0,0.0,0.0,0.0,0.0,0.0,0.0,0.0,0.0,44.0,34.0,1104.0,143.0,293.0,0.488,4.0,11.0,0.364,139.0,282.0,0.493,0.495,57.0,69.0,0.826,48.0,172.0,220.0,60.0,29.0,41.0,29.0,79.0,347.0,0.0,14.4,0.537,0.038,0.235,5.1,19.0,11.9,9.4,1.4,3.0,8.2,15.1,1.2,1.1,2.2,0.096,-0.7,0.7,0.1,0.6,0.0,2008
195,Nazr Mohammed,20.1,3.3,6.4,0.515,0.0,0.0,0.0,3.3,6.4,0.516,0.515,1.2,2.0,0.583,2.4,3.7,6.0,0.9,0.5,0.7,1.2,2.8,7.8,0.0,0.0,1260.0,0.0,0.0,0.0,0.0,0.0,0.0,0.0,0.0,0.0,0.0,0.0,0.0,0.0,82.0,29.0,1650.0,272.0,528.0,0.515,0.0,1.0,0.0,272.0,527.0,0.516,0.515,95.0,163.0,0.583,194.0,300.0,494.0,72.0,45.0,60.0,101.0,230.0,639.0,0.0,15.8,0.533,0.002,0.309,13.5,21.1,17.3,7.6,1.4,2.8,14.4,19.5,1.3,2.0,3.4,0.098,-1.8,-0.5,-2.3,-0.1,0.0,2008
196,Anthony Carter,28.0,3.1,6.8,0.458,0.6,1.8,0.349,2.5,5.0,0.499,0.505,0.9,1.2,0.753,0.4,2.5,2.9,5.5,1.5,0.4,1.8,2.5,7.8,0.0,0.0,1260.0,0.0,0.0,0.0,0.0,0.0,0.0,0.0,0.0,0.0,0.0,0.0,0.0,0.0,70.0,67.0,1960.0,218.0,476.0,0.458,45.0,129.0,0.349,173.0,347.0,0.499,0.505,64.0,85.0,0.753,27.0,173.0,200.0,388.0,107.0,28.0,124.0,172.0,545.0,0.0,12.8,0.531,0.271,0.179,1.5,9.4,5.5,27.4,2.6,1.0,19.5,13.8,1.6,2.2,3.8,0.092,-1.2,1.2,-0.1,1.0,0.0,2008
197,Rasho Nesterović,20.9,3.6,6.6,0.55,0.0,0.0,0.333,3.6,6.5,0.552,0.551,0.5,0.7,0.755,1.8,3.0,4.8,1.2,0.3,0.7,0.8,1.9,7.8,0.0,0.0,1260.0,0.0,0.0,0.0,0.0,0.0,0.0,0.0,0.0,0.0,0.0,0.0,0.0,0.0,71.0,39.0,1486.0,257.0,467.0,0.55,1.0,3.0,0.333,256.0,464.0,0.552,0.551,37.0,49.0,0.755,130.0,212.0,342.0,82.0,20.0,52.0,60.0,132.0,552.0,0.0,16.1,0.565,0.006,0.105,10.3,17.0,13.6,8.9,0.7,2.8,10.9,17.4,2.3,1.6,3.9,0.125,0.0,-0.1,0.0,0.7,0.0,2008
198,Chris Quinn,22.3,2.6,6.2,0.424,1.1,2.7,0.403,1.6,3.6,0.439,0.509,1.4,1.6,0.867,0.2,1.8,2.0,3.0,0.8,0.1,0.9,1.5,7.8,0.0,0.0,1260.0,0.0,0.0,0.0,0.0,0.0,0.0,0.0,0.0,0.0,0.0,0.0,0.0,0.0,60.0,25.0,1340.0,158.0,373.0,0.424,64.0,159.0,0.403,94.0,214.0,0.439,0.509,85.0,98.0,0.867,11.0,107.0,118.0,178.0,46.0,4.0,55.0,90.0,465.0,0.0,13.8,0.559,0.426,0.263,1.0,9.7,5.3,22.5,1.8,0.2,11.7,16.6,1.9,0.7,2.6,0.092,-0.2,-0.3,-0.5,0.5,0.0,2008
199,Bobby Jackson,19.3,2.8,7.0,0.403,1.1,3.1,0.358,1.7,3.9,0.439,0.483,0.9,1.1,0.79,0.5,2.1,2.5,1.9,0.6,0.1,0.8,1.3,7.7,0.0,0.0,1260.0,0.0,0.0,0.0,0.0,0.0,0.0,0.0,0.0,0.0,0.0,0.0,0.0,0.0,72.0,5.0,1389.0,204.0,506.0,0.403,81.0,226.0,0.358,123.0,280.0,0.439,0.483,64.0,81.0,0.79,33.0,148.0,181.0,139.0,45.0,5.0,59.0,96.0,553.0,0.0,13.5,0.51,0.447,0.16,2.7,12.4,7.5,15.9,1.7,0.3,9.8,20.0,1.3,1.7,3.0,0.105,0.0,0.6,0.6,0.9,0.0,2008
200,Charlie Bell,23.9,2.7,7.1,0.381,1.1,3.2,0.341,1.6,4.0,0.413,0.457,1.0,1.3,0.805,0.5,2.0,2.5,3.1,0.8,0.0,1.1,1.8,7.6,0.0,0.0,1260.0,0.0,0.0,0.0,0.0,0.0,0.0,0.0,0.0,0.0,0.0,0.0,0.0,0.0,68.0,5.0,1628.0,185.0,486.0,0.381,74.0,217.0,0.341,111.0,269.0,0.413,0.457,70.0,87.0,0.805,31.0,136.0,167.0,210.0,52.0,2.0,76.0,121.0,514.0,0.0,10.9,0.49,0.447,0.179,2.1,10.3,6.0,19.9,1.7,0.1,12.7,16.6,1.0,0.3,1.3,0.038,-1.4,-1.1,-2.5,-0.2,0.0,2008
201,Luther Head,18.9,2.8,6.5,0.432,1.1,3.1,0.351,1.7,3.5,0.504,0.515,0.9,1.1,0.815,0.2,1.6,1.8,1.9,0.6,0.1,1.0,1.0,7.6,0.0,0.0,1260.0,0.0,0.0,0.0,0.0,0.0,0.0,0.0,0.0,0.0,0.0,0.0,0.0,0.0,73.0,17.0,1379.0,206.0,477.0,0.432,79.0,225.0,0.351,127.0,252.0,0.504,0.515,66.0,81.0,0.815,18.0,117.0,135.0,138.0,44.0,9.0,70.0,75.0,557.0,0.0,13.6,0.543,0.472,0.17,1.5,9.4,5.5,16.4,1.7,0.5,12.0,19.3,1.5,2.0,3.5,0.121,-0.1,0.9,0.8,1.0,0.0,2008
202,Fred Jones,25.1,2.6,6.2,0.421,1.1,2.7,0.385,1.5,3.4,0.45,0.507,1.3,1.8,0.746,0.4,2.0,2.4,2.4,0.7,0.3,1.1,2.0,7.6,0.0,0.0,1260.0,0.0,0.0,0.0,0.0,0.0,0.0,0.0,0.0,0.0,0.0,0.0,0.0,0.0,70.0,26.0,1757.0,182.0,432.0,0.421,74.0,192.0,0.385,108.0,240.0,0.45,0.507,94.0,126.0,0.746,30.0,140.0,170.0,166.0,48.0,18.0,78.0,140.0,532.0,0.0,10.9,0.546,0.444,0.292,1.9,9.4,5.5,14.7,1.4,0.8,13.8,14.4,1.7,0.6,2.2,0.061,-1.2,-0.2,-1.3,0.3,0.0,2008
203,Kasib Powell,27.6,3.2,8.6,0.368,0.7,3.0,0.242,2.5,5.6,0.435,0.411,0.5,0.8,0.667,0.7,3.3,4.0,1.6,0.8,0.2,0.5,1.6,7.6,0.0,0.0,1260.0,0.0,0.0,0.0,0.0,0.0,0.0,0.0,0.0,0.0,0.0,0.0,0.0,0.0,11.0,4.0,304.0,35.0,95.0,0.368,8.0,33.0,0.242,27.0,62.0,0.435,0.411,6.0,9.0,0.667,8.0,36.0,44.0,18.0,9.0,2.0,5.0,18.0,84.0,0.0,9.0,0.424,0.347,0.095,3.1,14.4,8.7,10.0,1.6,0.5,4.8,16.2,-0.2,0.2,0.0,0.006,-3.1,-0.7,-3.8,-0.1,0.0,2008
204,Bobby Simmons,21.7,3.0,7.1,0.421,0.9,2.4,0.351,2.1,4.6,0.458,0.482,0.8,1.0,0.757,1.0,2.3,3.2,1.1,0.7,0.1,1.1,2.0,7.6,0.0,0.0,1260.0,0.0,0.0,0.0,0.0,0.0,0.0,0.0,0.0,0.0,0.0,0.0,0.0,0.0,70.0,21.0,1521.0,209.0,496.0,0.421,60.0,171.0,0.351,149.0,325.0,0.458,0.482,53.0,70.0,0.757,67.0,159.0,226.0,80.0,50.0,5.0,78.0,140.0,531.0,0.0,10.3,0.504,0.345,0.141,5.0,12.8,8.7,8.4,1.7,0.3,12.9,17.9,0.2,0.5,0.7,0.022,-1.9,-1.2,-3.2,-0.4,0.0,2008
205,Rodney Stuckey,19.0,2.7,6.7,0.401,0.1,0.3,0.188,2.6,6.4,0.41,0.404,2.2,2.7,0.814,0.6,1.7,2.3,2.8,0.9,0.1,1.4,2.0,7.6,0.0,0.0,1260.0,0.0,0.0,0.0,0.0,0.0,0.0,0.0,0.0,0.0,0.0,0.0,0.0,0.0,57.0,2.0,1081.0,153.0,382.0,0.401,3.0,16.0,0.188,150.0,366.0,0.41,0.404,127.0,156.0,0.814,32.0,97.0,129.0,160.0,49.0,6.0,78.0,113.0,436.0,0.0,13.8,0.484,0.042,0.408,3.5,10.8,7.1,23.9,2.5,0.4,14.8,23.1,0.4,1.6,2.0,0.09,-2.1,1.1,-1.1,0.3,0.0,2008
206,Andray Blatche,20.4,3.1,6.5,0.474,0.0,0.2,0.231,3.1,6.4,0.48,0.477,1.3,1.9,0.695,2.0,3.2,5.2,1.1,0.6,1.4,1.4,3.1,7.5,0.0,0.0,1260.0,0.0,0.0,0.0,0.0,0.0,0.0,0.0,0.0,0.0,0.0,0.0,0.0,0.0,82.0,15.0,1675.0,254.0,536.0,0.474,3.0,13.0,0.231,251.0,523.0,0.48,0.477,107.0,154.0,0.695,164.0,261.0,425.0,92.0,53.0,114.0,112.0,258.0,618.0,0.0,15.5,0.512,0.024,0.287,11.2,18.8,14.9,9.2,1.7,5.7,15.6,19.7,0.8,2.1,3.0,0.085,-2.4,0.7,-1.7,0.1,0.0,2008
207,Devin Brown,22.6,2.8,6.8,0.409,0.6,1.9,0.308,2.2,4.9,0.447,0.451,1.4,1.8,0.754,0.8,2.5,3.4,2.2,0.7,0.1,1.3,1.8,7.5,0.0,0.0,1260.0,0.0,0.0,0.0,0.0,0.0,0.0,0.0,0.0,0.0,0.0,0.0,0.0,0.0,78.0,20.0,1762.0,217.0,531.0,0.409,45.0,146.0,0.308,172.0,385.0,0.447,0.451,107.0,142.0,0.754,65.0,198.0,263.0,175.0,52.0,7.0,99.0,144.0,586.0,0.0,11.3,0.494,0.275,0.267,4.1,13.2,8.5,16.1,1.6,0.3,14.3,17.8,0.6,1.7,2.4,0.064,-2.1,-0.1,-2.1,-0.1,0.0,2008
208,Eddie House,19.0,2.8,6.8,0.409,1.5,3.8,0.393,1.3,3.0,0.429,0.519,0.4,0.5,0.917,0.2,1.9,2.1,1.9,0.8,0.1,1.0,1.5,7.5,0.0,0.0,1260.0,0.0,0.0,0.0,0.0,0.0,0.0,0.0,0.0,0.0,0.0,0.0,0.0,0.0,78.0,2.0,1480.0,217.0,531.0,0.409,117.0,298.0,0.393,100.0,233.0,0.429,0.519,33.0,36.0,0.917,19.0,148.0,167.0,152.0,59.0,10.0,76.0,114.0,584.0,0.0,13.0,0.534,0.561,0.068,1.6,11.2,6.7,16.9,2.1,0.6,12.2,19.6,1.1,2.8,3.9,0.127,0.4,1.4,1.8,1.4,0.0,2008
209,Nick Young,15.4,2.8,6.4,0.439,0.5,1.3,0.4,2.3,5.0,0.45,0.481,1.3,1.7,0.815,0.3,1.2,1.5,0.8,0.5,0.1,1.3,1.7,7.5,0.0,0.0,1260.0,0.0,0.0,0.0,0.0,0.0,0.0,0.0,0.0,0.0,0.0,0.0,0.0,0.0,75.0,2.0,1158.0,210.0,478.0,0.439,40.0,100.0,0.4,170.0,378.0,0.45,0.481,101.0,124.0,0.815,23.0,92.0,115.0,63.0,35.0,7.0,94.0,130.0,561.0,0.0,11.6,0.527,0.209,0.259,2.3,9.6,5.8,9.6,1.6,0.5,15.0,24.9,-0.1,0.6,0.4,0.017,-2.6,-2.1,-4.7,-0.8,0.0,2008
210,Sasha Pavlović,23.3,2.9,7.9,0.362,0.7,2.2,0.298,2.2,5.7,0.388,0.404,1.0,1.5,0.688,0.7,1.8,2.5,1.6,0.6,0.1,1.1,2.3,7.4,0.0,0.0,1260.0,0.0,0.0,0.0,0.0,0.0,0.0,0.0,0.0,0.0,0.0,0.0,0.0,0.0,51.0,45.0,1188.0,146.0,403.0,0.362,34.0,114.0,0.298,112.0,289.0,0.388,0.404,53.0,77.0,0.688,35.0,93.0,128.0,82.0,29.0,6.0,55.0,117.0,379.0,0.0,7.2,0.434,0.283,0.191,3.3,9.2,6.1,11.2,1.3,0.4,11.2,18.8,-0.8,0.9,0.2,0.006,-4.2,-0.7,-4.9,-0.9,0.0,2008
211,James Posey,24.6,2.3,5.6,0.418,1.4,3.8,0.38,0.9,1.8,0.496,0.546,1.3,1.6,0.809,0.4,3.9,4.4,1.5,1.0,0.3,0.9,2.5,7.4,0.0,0.0,1260.0,0.0,0.0,0.0,0.0,0.0,0.0,0.0,0.0,0.0,0.0,0.0,0.0,0.0,74.0,2.0,1821.0,173.0,414.0,0.418,106.0,279.0,0.38,67.0,135.0,0.496,0.546,93.0,115.0,0.809,30.0,292.0,322.0,114.0,72.0,19.0,65.0,182.0,545.0,0.0,12.0,0.587,0.674,0.278,2.1,18.0,10.5,9.5,2.1,0.9,12.3,13.5,2.2,4.0,6.2,0.164,0.0,2.5,2.5,2.1,0.0,2008
212,Kirk Snyder,21.1,2.7,5.3,0.508,0.1,0.6,0.217,2.5,4.6,0.548,0.521,1.8,2.4,0.727,0.8,2.7,3.5,1.8,0.6,0.4,1.4,1.5,7.3,0.0,0.0,1260.0,0.0,0.0,0.0,0.0,0.0,0.0,0.0,0.0,0.0,0.0,0.0,0.0,0.0,36.0,18.0,761.0,96.0,189.0,0.508,5.0,23.0,0.217,91.0,166.0,0.548,0.521,64.0,88.0,0.727,30.0,96.0,126.0,64.0,20.0,15.0,52.0,55.0,261.0,0.0,13.3,0.573,0.122,0.466,4.4,15.0,9.6,12.9,1.4,1.6,18.6,16.6,0.6,0.5,1.1,0.068,-1.1,-0.7,-1.8,0.0,0.0,2008
213,Wilson Chandler,19.6,3.0,6.9,0.438,0.3,0.9,0.3,2.8,6.1,0.458,0.457,1.0,1.5,0.63,1.1,2.5,3.6,0.9,0.4,0.5,0.8,2.4,7.3,0.0,0.0,1260.0,0.0,0.0,0.0,0.0,0.0,0.0,0.0,0.0,0.0,0.0,0.0,0.0,0.0,35.0,16.0,685.0,106.0,242.0,0.438,9.0,30.0,0.3,97.0,212.0,0.458,0.457,34.0,54.0,0.63,38.0,89.0,127.0,33.0,15.0,16.0,27.0,83.0,255.0,0.0,11.7,0.48,0.124,0.223,6.1,15.3,10.6,8.1,1.1,1.8,9.2,19.2,0.2,0.4,0.5,0.038,-2.9,-1.1,-4.0,-0.3,0.0,2008
214,Jason Kapono,18.9,3.0,6.1,0.488,0.7,1.5,0.483,2.3,4.7,0.489,0.545,0.5,0.5,0.86,0.4,1.1,1.5,0.8,0.4,0.0,0.7,1.6,7.2,0.0,0.0,1260.0,0.0,0.0,0.0,0.0,0.0,0.0,0.0,0.0,0.0,0.0,0.0,0.0,0.0,81.0,7.0,1530.0,243.0,498.0,0.488,57.0,118.0,0.483,186.0,380.0,0.489,0.545,37.0,43.0,0.86,31.0,89.0,120.0,65.0,34.0,2.0,58.0,131.0,580.0,0.0,10.8,0.561,0.237,0.086,2.4,6.9,4.6,6.7,1.2,0.1,10.1,17.7,1.0,0.9,1.9,0.06,-1.9,-0.7,-2.7,-0.3,0.0,2008
215,Darko Miličić,23.8,3.1,7.1,0.438,0.0,0.0,0.0,3.1,7.1,0.439,0.438,1.0,1.7,0.554,1.8,4.2,6.1,0.8,0.5,1.6,1.4,2.6,7.2,0.0,0.0,1260.0,0.0,0.0,0.0,0.0,0.0,0.0,0.0,0.0,0.0,0.0,0.0,0.0,0.0,70.0,64.0,1663.0,219.0,500.0,0.438,0.0,1.0,0.0,219.0,499.0,0.439,0.438,67.0,121.0,0.554,127.0,297.0,424.0,58.0,32.0,114.0,101.0,185.0,505.0,0.0,11.0,0.456,0.002,0.242,8.5,20.2,14.3,5.4,1.0,5.0,15.4,17.5,-1.4,1.6,0.2,0.006,-4.0,0.2,-3.8,-0.8,0.0,2008
216,Mickaël Piétrus,19.9,2.6,5.9,0.439,1.0,2.8,0.361,1.6,3.1,0.51,0.525,1.0,1.5,0.673,1.0,2.7,3.7,0.7,1.0,0.7,0.7,3.0,7.2,0.0,0.0,1260.0,0.0,0.0,0.0,0.0,0.0,0.0,0.0,0.0,0.0,0.0,0.0,0.0,0.0,66.0,16.0,1316.0,170.0,387.0,0.439,66.0,183.0,0.361,104.0,204.0,0.51,0.525,66.0,98.0,0.673,67.0,175.0,242.0,49.0,66.0,43.0,48.0,200.0,472.0,0.0,12.7,0.549,0.473,0.253,5.2,14.8,9.8,5.1,2.4,2.4,10.0,15.3,1.4,1.4,2.8,0.104,-1.1,0.9,-0.2,0.6,0.0,2008
217,Luke Walton,23.4,2.9,6.5,0.45,0.4,1.1,0.333,2.5,5.3,0.475,0.479,1.0,1.5,0.706,1.1,2.8,3.9,2.9,0.8,0.2,1.4,1.8,7.2,0.0,0.0,1260.0,0.0,0.0,0.0,0.0,0.0,0.0,0.0,0.0,0.0,0.0,0.0,0.0,0.0,74.0,31.0,1729.0,215.0,478.0,0.45,28.0,84.0,0.333,187.0,394.0,0.475,0.479,77.0,109.0,0.706,85.0,206.0,291.0,218.0,60.0,18.0,100.0,133.0,535.0,0.0,12.3,0.509,0.176,0.228,5.7,12.7,9.3,18.1,1.7,0.8,16.0,16.0,1.2,2.0,3.2,0.088,-0.8,0.5,-0.3,0.7,0.0,2008
218,Earl Barron,19.3,2.9,7.1,0.404,0.0,0.3,0.077,2.8,6.8,0.417,0.405,1.3,1.9,0.701,1.5,2.8,4.3,0.6,0.4,0.2,1.0,2.5,7.1,0.0,0.0,1260.0,0.0,0.0,0.0,0.0,0.0,0.0,0.0,0.0,0.0,0.0,0.0,0.0,0.0,46.0,15.0,889.0,132.0,327.0,0.404,1.0,13.0,0.077,131.0,314.0,0.417,0.405,61.0,87.0,0.701,67.0,131.0,198.0,29.0,19.0,8.0,48.0,114.0,326.0,0.0,9.4,0.446,0.04,0.266,8.9,17.9,13.3,5.8,1.1,0.7,11.6,22.0,-1.0,0.6,-0.4,-0.019,-5.0,-2.2,-7.2,-1.2,0.0,2008
219,Brent Barry,17.9,2.5,5.2,0.481,1.5,3.6,0.429,0.9,1.5,0.604,0.631,0.6,0.6,0.95,0.4,1.4,1.8,1.7,0.5,0.1,0.6,1.4,7.1,0.0,0.0,1260.0,0.0,0.0,0.0,0.0,0.0,0.0,0.0,0.0,0.0,0.0,0.0,0.0,0.0,31.0,1.0,554.0,77.0,160.0,0.481,48.0,112.0,0.429,29.0,48.0,0.604,0.631,19.0,20.0,0.95,12.0,43.0,55.0,54.0,17.0,3.0,18.0,43.0,221.0,0.0,16.7,0.655,0.7,0.125,2.6,9.0,5.9,16.1,1.7,0.4,9.6,16.1,1.5,0.8,2.3,0.203,2.4,1.2,3.6,0.8,0.0,2008
220,Carlos Arroyo,20.5,2.5,5.6,0.451,0.5,1.4,0.345,2.1,4.3,0.485,0.493,1.4,1.6,0.853,0.2,1.7,1.8,3.5,0.4,0.0,1.2,1.4,6.9,0.0,0.0,1260.0,0.0,0.0,0.0,0.0,0.0,0.0,0.0,0.0,0.0,0.0,0.0,0.0,0.0,62.0,20.0,1269.0,157.0,348.0,0.451,29.0,84.0,0.345,128.0,264.0,0.485,0.493,87.0,102.0,0.853,10.0,103.0,113.0,219.0,26.0,2.0,77.0,85.0,430.0,0.0,12.8,0.547,0.241,0.293,0.9,9.0,5.1,26.6,1.1,0.1,16.4,17.0,1.7,1.1,2.8,0.107,-0.5,-0.4,-0.9,0.3,0.0,2008
221,Travis Diener,20.5,2.4,6.5,0.37,1.1,3.5,0.318,1.3,3.0,0.431,0.456,1.0,1.1,0.901,0.4,1.3,1.7,3.8,0.5,0.1,0.8,1.6,6.9,0.0,0.0,1260.0,0.0,0.0,0.0,0.0,0.0,0.0,0.0,0.0,0.0,0.0,0.0,0.0,0.0,66.0,21.0,1356.0,159.0,430.0,0.37,74.0,233.0,0.318,85.0,197.0,0.431,0.456,64.0,71.0,0.901,26.0,89.0,115.0,251.0,35.0,4.0,55.0,107.0,456.0,0.0,12.2,0.494,0.542,0.165,2.0,7.3,4.6,27.7,1.3,0.2,10.7,16.5,1.7,0.8,2.5,0.088,-0.2,-1.1,-1.4,0.2,0.0,2008
222,Kendrick Perkins,24.5,2.7,4.5,0.615,0.0,0.0,0.0,2.7,4.4,0.617,0.615,1.5,2.3,0.623,1.9,4.2,6.1,1.1,0.4,1.5,1.6,3.1,6.9,0.0,0.0,1260.0,0.0,0.0,0.0,0.0,0.0,0.0,0.0,0.0,0.0,0.0,0.0,0.0,0.0,78.0,78.0,1912.0,214.0,348.0,0.615,0.0,1.0,0.0,214.0,347.0,0.617,0.615,114.0,183.0,0.623,145.0,329.0,474.0,84.0,31.0,114.0,125.0,242.0,542.0,0.0,13.3,0.632,0.003,0.526,9.6,19.3,14.8,6.8,0.9,4.9,22.6,13.5,1.9,4.3,6.2,0.156,-1.9,2.4,0.5,1.2,0.0,2008
223,Channing Frye,17.2,2.8,5.8,0.488,0.0,0.1,0.3,2.8,5.7,0.492,0.491,1.1,1.4,0.78,1.4,3.2,4.5,0.7,0.4,0.3,0.7,2.7,6.8,0.0,0.0,1260.0,0.0,0.0,0.0,0.0,0.0,0.0,0.0,0.0,0.0,0.0,0.0,0.0,0.0,78.0,20.0,1342.0,221.0,453.0,0.488,3.0,10.0,0.3,218.0,443.0,0.492,0.491,85.0,109.0,0.78,107.0,247.0,354.0,57.0,29.0,27.0,55.0,208.0,530.0,0.0,14.8,0.529,0.022,0.241,9.4,21.6,15.5,7.4,1.2,1.6,9.9,19.6,1.6,1.6,3.2,0.114,-1.9,0.1,-1.8,0.1,0.0,2008
224,Tyrus Thomas,18.0,2.5,5.9,0.423,0.0,0.1,0.167,2.5,5.9,0.426,0.424,1.7,2.4,0.741,1.4,3.2,4.6,1.2,0.6,1.0,1.0,2.3,6.8,0.0,0.0,1260.0,0.0,0.0,0.0,0.0,0.0,0.0,0.0,0.0,0.0,0.0,0.0,0.0,0.0,74.0,27.0,1330.0,186.0,440.0,0.423,1.0,6.0,0.167,185.0,434.0,0.426,0.424,129.0,174.0,0.741,102.0,240.0,342.0,90.0,48.0,72.0,77.0,170.0,502.0,0.0,14.6,0.486,0.014,0.395,8.4,21.1,14.5,11.0,1.9,4.2,13.0,19.7,0.4,2.1,2.4,0.088,-2.2,1.6,-0.6,0.5,0.0,2008
225,Matt Barnes,19.4,2.6,6.1,0.423,0.7,2.5,0.293,1.8,3.6,0.513,0.483,0.8,1.1,0.747,1.3,3.2,4.4,1.9,0.7,0.5,1.2,2.2,6.7,0.0,0.0,1260.0,0.0,0.0,0.0,0.0,0.0,0.0,0.0,0.0,0.0,0.0,0.0,0.0,0.0,73.0,18.0,1414.0,187.0,442.0,0.423,53.0,181.0,0.293,134.0,261.0,0.513,0.483,59.0,79.0,0.747,94.0,230.0,324.0,139.0,48.0,36.0,85.0,159.0,486.0,0.0,12.9,0.51,0.41,0.179,6.8,18.1,12.3,13.5,1.6,1.9,15.1,16.7,1.0,1.3,2.3,0.077,-0.5,0.3,-0.2,0.6,0.0,2008
226,Jarvis Hayes,15.7,2.6,6.1,0.431,0.9,2.4,0.376,1.8,3.8,0.465,0.503,0.5,0.7,0.75,0.4,1.7,2.2,0.8,0.6,0.1,0.6,1.7,6.7,0.0,0.0,1260.0,0.0,0.0,0.0,0.0,0.0,0.0,0.0,0.0,0.0,0.0,0.0,0.0,0.0,82.0,1.0,1287.0,217.0,504.0,0.431,73.0,194.0,0.376,144.0,310.0,0.465,0.503,45.0,60.0,0.75,35.0,143.0,178.0,62.0,47.0,6.0,47.0,137.0,552.0,0.0,13.0,0.52,0.385,0.119,3.2,13.3,8.3,8.1,2.0,0.4,8.1,21.1,1.0,1.9,2.9,0.108,-1.0,0.4,-0.6,0.5,0.0,2008
227,Thabo Sefolosha,20.8,2.6,6.1,0.428,0.4,1.3,0.33,2.2,4.8,0.453,0.462,1.1,1.5,0.721,0.7,3.0,3.7,1.9,0.9,0.4,1.3,1.9,6.7,0.0,0.0,1260.0,0.0,0.0,0.0,0.0,0.0,0.0,0.0,0.0,0.0,0.0,0.0,0.0,0.0,69.0,22.0,1436.0,180.0,421.0,0.428,29.0,88.0,0.33,151.0,333.0,0.453,0.462,75.0,104.0,0.721,50.0,205.0,255.0,129.0,61.0,30.0,93.0,128.0,464.0,0.0,11.4,0.497,0.209,0.247,3.8,16.7,10.0,14.3,2.2,1.6,16.6,17.3,-0.3,1.8,1.5,0.05,-2.3,1.2,-1.0,0.4,0.0,2008
228,Anderson Varejão,27.5,2.8,6.1,0.461,0.0,0.0,0.0,2.8,6.1,0.464,0.461,1.0,1.7,0.598,2.8,5.5,8.3,1.1,0.8,0.5,1.2,2.8,6.7,0.0,0.0,1260.0,0.0,0.0,0.0,0.0,0.0,0.0,0.0,0.0,0.0,0.0,0.0,0.0,0.0,48.0,13.0,1320.0,136.0,295.0,0.461,0.0,2.0,0.0,136.0,293.0,0.464,0.461,49.0,82.0,0.598,134.0,265.0,399.0,53.0,37.0,26.0,59.0,134.0,321.0,0.0,12.0,0.485,0.007,0.278,11.2,23.6,17.2,6.3,1.5,1.6,15.1,13.4,0.5,1.9,2.4,0.086,-2.7,0.1,-2.6,-0.2,0.0,2008
229,Shawne Williams,14.9,2.4,5.7,0.427,0.7,2.1,0.314,1.8,3.6,0.494,0.485,1.2,1.6,0.717,0.8,1.9,2.7,0.9,0.4,0.4,0.9,2.0,6.7,0.0,0.0,1260.0,0.0,0.0,0.0,0.0,0.0,0.0,0.0,0.0,0.0,0.0,0.0,0.0,0.0,65.0,3.0,967.0,159.0,372.0,0.427,43.0,137.0,0.314,116.0,235.0,0.494,0.485,76.0,106.0,0.717,54.0,122.0,176.0,59.0,26.0,26.0,58.0,132.0,437.0,0.0,12.8,0.522,0.368,0.285,6.0,14.0,9.9,9.8,1.3,2.0,12.2,21.3,0.4,1.0,1.4,0.069,-1.4,-0.4,-1.8,0.0,0.0,2008
230,Marcus Banks,15.8,2.4,5.3,0.45,1.1,2.8,0.392,1.3,2.5,0.517,0.555,0.8,1.0,0.771,0.1,1.1,1.3,1.7,0.4,0.4,1.0,1.8,6.6,0.0,0.0,1260.0,0.0,0.0,0.0,0.0,0.0,0.0,0.0,0.0,0.0,0.0,0.0,0.0,0.0,36.0,3.0,569.0,86.0,191.0,0.45,40.0,102.0,0.392,46.0,89.0,0.517,0.555,27.0,35.0,0.771,4.0,41.0,45.0,61.0,14.0,13.0,37.0,65.0,239.0,0.0,12.6,0.579,0.534,0.183,0.9,8.3,4.6,17.7,1.3,1.6,15.2,19.7,0.5,0.3,0.8,0.068,-0.8,-0.7,-1.5,0.1,0.0,2008
231,Tony Allen,18.3,2.3,5.2,0.434,0.2,0.8,0.316,2.0,4.4,0.455,0.458,1.8,2.4,0.762,0.5,1.8,2.2,1.5,0.8,0.3,1.5,2.2,6.6,0.0,0.0,1260.0,0.0,0.0,0.0,0.0,0.0,0.0,0.0,0.0,0.0,0.0,0.0,0.0,0.0,75.0,11.0,1373.0,169.0,389.0,0.434,18.0,57.0,0.316,151.0,332.0,0.455,0.458,138.0,181.0,0.762,34.0,134.0,168.0,114.0,62.0,21.0,109.0,168.0,494.0,0.0,10.7,0.527,0.147,0.465,3.1,11.0,7.3,13.1,2.4,1.3,18.9,19.6,-0.1,2.8,2.7,0.093,-3.4,1.7,-1.7,0.1,0.0,2008
232,Nenad Krstić,18.0,2.7,6.7,0.41,0.0,0.0,0.0,2.7,6.6,0.413,0.41,1.2,1.5,0.754,0.8,3.7,4.4,0.6,0.2,0.4,0.9,2.5,6.6,0.0,0.0,1260.0,0.0,0.0,0.0,0.0,0.0,0.0,0.0,0.0,0.0,0.0,0.0,0.0,0.0,45.0,38.0,812.0,123.0,300.0,0.41,0.0,2.0,0.0,123.0,298.0,0.413,0.41,52.0,69.0,0.754,35.0,165.0,200.0,27.0,9.0,17.0,41.0,111.0,298.0,0.0,8.5,0.451,0.007,0.23,5.0,23.6,14.3,5.8,0.6,1.6,11.0,20.9,-0.9,0.7,-0.1,-0.007,-5.4,-1.3,-6.7,-1.0,0.0,2008
233,Joakim Noah,20.7,2.4,5.0,0.482,0.0,0.0,0.0,2.4,4.9,0.484,0.482,1.8,2.6,0.691,2.4,3.3,5.6,1.1,0.9,0.9,1.2,2.3,6.6,0.0,0.0,1260.0,0.0,0.0,0.0,0.0,0.0,0.0,0.0,0.0,0.0,0.0,0.0,0.0,0.0,74.0,31.0,1534.0,177.0,367.0,0.482,0.0,1.0,0.0,177.0,366.0,0.484,0.482,134.0,194.0,0.691,174.0,242.0,416.0,84.0,68.0,64.0,89.0,173.0,488.0,0.0,15.5,0.539,0.003,0.529,12.4,18.4,15.3,8.6,2.3,3.3,16.4,15.6,1.5,2.3,3.8,0.12,-1.2,1.0,-0.2,0.7,0.0,2008
234,Ronny Turiaf,18.7,2.4,5.1,0.474,0.0,0.0,0.0,2.4,5.1,0.475,0.474,1.8,2.4,0.753,1.2,2.7,3.9,1.6,0.4,1.4,0.9,2.6,6.6,0.0,0.0,1260.0,0.0,0.0,0.0,0.0,0.0,0.0,0.0,0.0,0.0,0.0,0.0,0.0,0.0,78.0,21.0,1458.0,188.0,397.0,0.474,0.0,1.0,0.0,188.0,396.0,0.475,0.474,140.0,186.0,0.753,95.0,211.0,306.0,128.0,28.0,108.0,72.0,199.0,516.0,0.0,15.0,0.539,0.003,0.469,7.5,15.4,11.6,12.7,1.0,5.3,13.1,16.7,2.0,2.1,4.2,0.137,-1.2,1.9,0.7,1.0,0.0,2008
235,Damon Jones,19.9,2.3,5.4,0.416,1.7,4.1,0.417,0.5,1.3,0.414,0.574,0.3,0.4,0.714,0.1,1.0,1.1,1.9,0.3,0.0,0.5,1.0,6.5,0.0,0.0,1260.0,0.0,0.0,0.0,0.0,0.0,0.0,0.0,0.0,0.0,0.0,0.0,0.0,0.0,67.0,3.0,1336.0,151.0,363.0,0.416,115.0,276.0,0.417,36.0,87.0,0.414,0.574,20.0,28.0,0.714,5.0,67.0,72.0,126.0,19.0,1.0,36.0,66.0,437.0,0.0,11.3,0.582,0.76,0.077,0.4,5.9,3.1,15.1,0.8,0.1,8.8,14.0,2.4,0.7,3.0,0.108,0.6,-1.1,-0.4,0.5,0.0,2008
236,Jeff Foster,24.5,2.7,4.8,0.55,0.0,0.0,0.0,2.7,4.8,0.554,0.55,1.1,1.9,0.593,3.4,5.2,8.7,1.7,0.7,0.4,0.8,2.9,6.4,0.0,0.0,1260.0,0.0,0.0,0.0,0.0,0.0,0.0,0.0,0.0,0.0,0.0,0.0,0.0,0.0,77.0,52.0,1884.0,205.0,373.0,0.55,0.0,3.0,0.0,205.0,370.0,0.554,0.55,86.0,145.0,0.593,264.0,404.0,668.0,129.0,56.0,32.0,62.0,221.0,496.0,0.0,15.7,0.568,0.008,0.389,14.9,23.8,19.3,10.1,1.5,1.3,12.4,11.5,4.0,2.4,6.5,0.165,0.3,0.2,0.5,1.2,0.0,2008
237,Luke Ridnour,20.0,2.4,6.0,0.399,0.3,1.2,0.296,2.1,4.9,0.424,0.428,1.3,1.5,0.857,0.2,1.3,1.5,4.0,0.6,0.2,1.3,2.0,6.4,0.0,0.0,1260.0,0.0,0.0,0.0,0.0,0.0,0.0,0.0,0.0,0.0,0.0,0.0,0.0,0.0,61.0,5.0,1223.0,147.0,368.0,0.399,21.0,71.0,0.296,126.0,297.0,0.424,0.428,78.0,91.0,0.857,13.0,81.0,94.0,241.0,37.0,14.0,80.0,120.0,393.0,0.0,11.3,0.482,0.193,0.247,1.2,7.2,4.2,29.5,1.5,0.8,16.4,17.3,0.3,0.6,0.9,0.035,-2.4,-0.7,-3.1,-0.4,0.0,2008
238,Kurt Thomas,22.6,2.8,5.7,0.492,0.0,0.0,0.0,2.8,5.6,0.494,0.492,0.8,1.1,0.663,1.9,5.4,7.2,1.0,0.8,0.8,0.7,2.7,6.3,0.0,0.0,1260.0,0.0,0.0,0.0,0.0,0.0,0.0,0.0,0.0,0.0,0.0,0.0,0.0,0.0,70.0,48.0,1584.0,195.0,396.0,0.492,0.0,1.0,0.0,195.0,395.0,0.494,0.492,53.0,80.0,0.663,130.0,377.0,507.0,67.0,56.0,57.0,46.0,188.0,443.0,0.0,14.2,0.514,0.003,0.202,9.2,26.4,17.8,6.5,1.8,2.6,9.6,13.5,1.3,2.7,4.1,0.123,-1.7,1.9,0.1,0.9,0.0,2008
239,Antoine Wright,22.0,2.4,5.9,0.413,0.6,2.0,0.291,1.9,3.9,0.475,0.462,0.8,1.2,0.687,0.7,1.9,2.6,1.4,0.5,0.4,0.9,2.3,6.3,0.0,0.0,1260.0,0.0,0.0,0.0,0.0,0.0,0.0,0.0,0.0,0.0,0.0,0.0,0.0,0.0,56.0,10.0,1232.0,136.0,329.0,0.413,32.0,110.0,0.291,104.0,219.0,0.475,0.462,46.0,67.0,0.687,40.0,107.0,147.0,80.0,28.0,21.0,50.0,127.0,350.0,0.0,8.4,0.488,0.334,0.204,3.8,10.0,6.9,10.5,1.2,1.3,12.2,15.2,0.0,0.8,0.8,0.029,-2.9,0.0,-3.0,-0.3,0.0,2008
240,Darius Songaila,19.4,2.7,5.8,0.458,0.0,0.0,0.0,2.7,5.8,0.46,0.458,0.8,0.9,0.918,1.0,2.4,3.4,1.7,0.7,0.2,1.1,2.3,6.2,0.0,0.0,1260.0,0.0,0.0,0.0,0.0,0.0,0.0,0.0,0.0,0.0,0.0,0.0,0.0,0.0,80.0,13.0,1554.0,214.0,467.0,0.458,0.0,2.0,0.0,214.0,465.0,0.46,0.458,67.0,73.0,0.918,81.0,190.0,271.0,135.0,53.0,16.0,86.0,181.0,495.0,0.0,11.8,0.496,0.004,0.156,6.0,14.7,10.2,14.2,1.8,0.9,14.7,17.3,0.6,1.2,1.7,0.053,-2.3,-0.3,-2.6,-0.2,0.0,2008
241,Stromile Swift,15.1,2.4,4.7,0.509,0.0,0.0,0.0,2.4,4.7,0.513,0.509,1.3,1.9,0.67,1.1,2.4,3.6,0.5,0.3,1.0,0.9,2.0,6.1,0.0,0.0,1260.0,0.0,0.0,0.0,0.0,0.0,0.0,0.0,0.0,0.0,0.0,0.0,0.0,0.0,56.0,4.0,844.0,135.0,265.0,0.509,0.0,2.0,0.0,135.0,263.0,0.513,0.509,73.0,109.0,0.67,64.0,135.0,199.0,26.0,15.0,54.0,51.0,113.0,343.0,0.0,14.8,0.548,0.008,0.411,8.5,18.3,13.4,5.1,0.9,4.8,14.0,19.3,0.6,0.8,1.4,0.078,-2.6,-0.2,-2.8,-0.2,0.0,2008
242,Erick Dampier,24.4,2.5,3.8,0.643,0.0,0.0,0.0,2.5,3.8,0.643,0.643,1.2,2.0,0.575,2.9,4.6,7.5,0.9,0.3,1.5,1.1,3.1,6.1,0.0,0.0,1260.0,0.0,0.0,0.0,0.0,0.0,0.0,0.0,0.0,0.0,0.0,0.0,0.0,0.0,72.0,64.0,1755.0,178.0,277.0,0.643,0.0,0.0,0.0,178.0,277.0,0.643,0.643,84.0,146.0,0.575,207.0,332.0,539.0,63.0,24.0,106.0,80.0,226.0,440.0,0.0,15.3,0.645,0.0,0.527,14.1,21.2,17.8,5.4,0.7,4.4,19.0,11.2,3.3,2.8,6.0,0.165,-0.2,1.2,1.1,1.4,0.0,2008
243,Bruce Bowen,30.2,2.1,5.3,0.407,1.1,2.7,0.419,1.0,2.6,0.394,0.512,0.6,0.9,0.652,0.4,2.5,2.9,1.1,0.7,0.3,0.6,2.2,6.0,0.0,0.0,1260.0,0.0,0.0,0.0,0.0,0.0,0.0,0.0,0.0,0.0,0.0,0.0,0.0,0.0,81.0,81.0,2448.0,174.0,428.0,0.407,90.0,215.0,0.419,84.0,213.0,0.394,0.512,45.0,69.0,0.652,33.0,201.0,234.0,91.0,54.0,22.0,46.0,177.0,483.0,0.0,7.0,0.527,0.502,0.161,1.6,9.6,5.6,5.5,1.2,0.7,9.1,9.9,0.9,3.4,4.4,0.085,-2.9,1.5,-1.4,0.4,0.0,2008
244,Alonzo Mourning,15.6,2.1,3.8,0.547,0.0,0.0,0.0,2.1,3.8,0.547,0.547,1.8,3.0,0.592,1.4,2.4,3.7,0.3,0.2,1.7,1.0,2.2,6.0,0.0,0.0,1260.0,0.0,0.0,0.0,0.0,0.0,0.0,0.0,0.0,0.0,0.0,0.0,0.0,0.0,25.0,0.0,389.0,52.0,95.0,0.547,0.0,0.0,0.0,52.0,95.0,0.547,0.547,45.0,76.0,0.592,34.0,59.0,93.0,7.0,4.0,42.0,25.0,56.0,149.0,0.0,16.2,0.58,0.0,0.8,10.3,18.5,14.3,3.1,0.5,8.6,16.3,18.7,0.3,0.5,0.8,0.098,-2.5,1.1,-1.5,0.1,0.0,2008
245,Johan Petro,18.2,2.6,6.1,0.419,0.0,0.0,0.0,2.6,6.1,0.42,0.419,0.9,1.2,0.736,1.4,3.8,5.1,0.4,0.5,0.6,1.0,2.4,6.0,0.0,0.0,1260.0,0.0,0.0,0.0,0.0,0.0,0.0,0.0,0.0,0.0,0.0,0.0,0.0,0.0,72.0,28.0,1310.0,184.0,439.0,0.419,0.0,1.0,0.0,184.0,438.0,0.42,0.419,64.0,87.0,0.736,98.0,272.0,370.0,32.0,35.0,42.0,73.0,173.0,432.0,0.0,10.0,0.453,0.002,0.198,8.2,22.6,15.4,3.8,1.3,2.3,13.3,18.2,-1.1,1.5,0.4,0.014,-4.8,-0.3,-5.1,-1.0,0.0,2008
246,Smush Parker,21.1,2.3,6.6,0.348,0.6,2.8,0.231,1.6,3.8,0.434,0.397,0.7,1.0,0.679,0.1,1.7,1.8,3.0,0.9,0.2,1.6,2.1,5.9,0.0,0.0,1260.0,0.0,0.0,0.0,0.0,0.0,0.0,0.0,0.0,0.0,0.0,0.0,0.0,0.0,28.0,2.0,592.0,64.0,184.0,0.348,18.0,78.0,0.231,46.0,106.0,0.434,0.397,19.0,28.0,0.679,4.0,47.0,51.0,84.0,24.0,6.0,44.0,60.0,165.0,0.0,7.0,0.42,0.424,0.152,0.8,9.4,5.0,23.6,2.1,0.8,18.3,18.9,-1.1,0.4,-0.6,-0.052,-4.8,-0.7,-5.5,-0.5,0.0,2008
247,Eduardo Nájera,21.3,2.2,4.7,0.473,0.7,1.9,0.361,1.6,2.8,0.548,0.545,0.8,1.1,0.708,1.4,2.9,4.3,1.2,0.9,0.5,0.8,2.6,5.9,0.0,0.0,1260.0,0.0,0.0,0.0,0.0,0.0,0.0,0.0,0.0,0.0,0.0,0.0,0.0,0.0,78.0,3.0,1664.0,174.0,368.0,0.473,53.0,147.0,0.361,121.0,221.0,0.548,0.545,63.0,89.0,0.708,113.0,224.0,337.0,95.0,69.0,40.0,59.0,199.0,464.0,0.0,12.1,0.57,0.399,0.242,7.5,14.3,11.0,7.8,2.0,1.7,12.7,11.9,2.1,2.0,4.1,0.118,-0.8,1.0,0.2,0.9,0.0,2008
248,Marcus Williams,16.1,2.1,5.5,0.379,1.0,2.7,0.38,1.1,2.8,0.377,0.471,0.7,0.9,0.787,0.3,1.6,1.9,2.6,0.5,0.1,1.4,1.0,5.9,0.0,0.0,1260.0,0.0,0.0,0.0,0.0,0.0,0.0,0.0,0.0,0.0,0.0,0.0,0.0,0.0,53.0,7.0,854.0,111.0,293.0,0.379,54.0,142.0,0.38,57.0,151.0,0.377,0.471,37.0,47.0,0.787,14.0,87.0,101.0,140.0,25.0,3.0,75.0,52.0,313.0,0.0,11.0,0.499,0.485,0.16,1.9,11.8,6.9,27.8,1.5,0.3,19.3,20.8,-0.4,0.5,0.2,0.009,-0.8,-1.6,-2.4,-0.1,0.0,2008
249,Gordan Giriček,14.8,2.4,5.4,0.44,0.6,1.8,0.364,1.7,3.6,0.478,0.5,0.4,0.5,0.885,0.3,1.4,1.7,1.1,0.4,0.1,0.9,1.5,5.8,0.0,0.0,1260.0,0.0,0.0,0.0,0.0,0.0,0.0,0.0,0.0,0.0,0.0,0.0,0.0,0.0,56.0,0.0,831.0,133.0,302.0,0.44,36.0,99.0,0.364,97.0,203.0,0.478,0.5,23.0,26.0,0.885,16.0,80.0,96.0,62.0,24.0,4.0,52.0,82.0,325.0,0.0,9.8,0.518,0.328,0.086,2.4,10.8,6.7,11.0,1.5,0.4,14.2,19.7,-0.1,0.6,0.5,0.029,-2.4,-0.8,-3.2,-0.3,0.0,2008
250,Tyronn Lue,14.7,2.3,5.1,0.447,0.8,1.7,0.453,1.5,3.3,0.443,0.524,0.5,0.6,0.781,0.2,0.9,1.1,1.5,0.2,0.0,0.5,1.3,5.8,0.0,0.0,1260.0,0.0,0.0,0.0,0.0,0.0,0.0,0.0,0.0,0.0,0.0,0.0,0.0,0.0,50.0,3.0,736.0,113.0,253.0,0.447,39.0,86.0,0.453,74.0,167.0,0.443,0.524,25.0,32.0,0.781,9.0,45.0,54.0,74.0,11.0,1.0,27.0,66.0,290.0,0.0,11.9,0.543,0.34,0.126,1.4,7.0,4.3,16.8,0.8,0.1,9.2,18.2,1.0,0.3,1.2,0.08,-0.2,-1.2,-1.4,0.1,0.0,2008
251,Blake Ahearn,14.8,1.3,4.8,0.263,0.8,2.8,0.294,0.4,1.9,0.217,0.351,2.5,2.6,0.968,0.1,1.5,1.6,1.6,0.5,0.0,1.3,1.7,5.8,0.0,0.0,1260.0,0.0,0.0,0.0,0.0,0.0,0.0,0.0,0.0,0.0,0.0,0.0,0.0,0.0,12.0,0.0,177.0,15.0,57.0,0.263,10.0,34.0,0.294,5.0,23.0,0.217,0.351,30.0,31.0,0.968,1.0,18.0,19.0,19.0,6.0,0.0,16.0,20.0,70.0,0.0,9.0,0.495,0.596,0.544,0.7,12.4,6.4,17.2,1.8,0.0,18.5,23.2,-0.1,0.1,0.0,-0.006,-3.5,-1.3,-4.8,-0.1,0.0,2008
252,Corey Brewer,22.8,2.3,6.2,0.374,0.1,0.5,0.194,2.2,5.7,0.389,0.382,1.1,1.4,0.8,1.0,2.7,3.7,1.4,1.0,0.3,1.1,2.4,5.8,0.0,0.0,1260.0,0.0,0.0,0.0,0.0,0.0,0.0,0.0,0.0,0.0,0.0,0.0,0.0,0.0,79.0,35.0,1803.0,182.0,486.0,0.374,7.0,36.0,0.194,175.0,450.0,0.389,0.382,88.0,110.0,0.8,82.0,210.0,292.0,111.0,76.0,25.0,89.0,188.0,459.0,0.0,8.3,0.429,0.074,0.226,5.1,13.9,9.4,9.1,2.2,1.1,14.3,15.6,-1.4,1.2,-0.2,-0.005,-4.2,0.1,-4.1,-1.0,0.0,2008
253,Rodney Carney,14.8,2.3,5.6,0.403,0.5,1.7,0.317,1.7,3.9,0.441,0.452,0.8,1.2,0.679,0.7,1.4,2.1,0.5,0.6,0.3,0.5,1.4,5.8,0.0,0.0,1260.0,0.0,0.0,0.0,0.0,0.0,0.0,0.0,0.0,0.0,0.0,0.0,0.0,0.0,70.0,6.0,1039.0,158.0,392.0,0.403,38.0,120.0,0.317,120.0,272.0,0.441,0.452,55.0,81.0,0.679,50.0,99.0,149.0,32.0,39.0,23.0,34.0,96.0,409.0,0.0,12.1,0.478,0.306,0.207,5.7,11.4,8.5,5.0,2.0,1.8,7.4,20.0,0.4,1.2,1.6,0.075,-1.4,-0.3,-1.7,0.1,0.0,2008
254,Jared Dudley,19.0,2.2,4.8,0.468,0.1,0.6,0.22,2.1,4.2,0.502,0.481,1.2,1.6,0.737,1.7,2.3,3.9,1.1,0.8,0.1,0.7,1.8,5.8,0.0,0.0,1260.0,0.0,0.0,0.0,0.0,0.0,0.0,0.0,0.0,0.0,0.0,0.0,0.0,0.0,73.0,14.0,1384.0,163.0,348.0,0.468,9.0,41.0,0.22,154.0,307.0,0.502,0.481,87.0,118.0,0.737,121.0,165.0,286.0,81.0,55.0,10.0,50.0,128.0,422.0,0.0,13.6,0.528,0.118,0.339,10.0,13.8,11.9,9.3,2.1,0.5,11.1,14.9,1.8,1.1,2.9,0.1,-0.7,0.0,-0.7,0.4,0.0,2008
255,Chris Duhon,22.6,2.0,5.2,0.387,0.8,2.3,0.348,1.2,2.9,0.418,0.465,1.0,1.2,0.813,0.3,1.5,1.8,4.0,0.7,0.0,1.1,1.4,5.8,0.0,0.0,1260.0,0.0,0.0,0.0,0.0,0.0,0.0,0.0,0.0,0.0,0.0,0.0,0.0,0.0,66.0,18.0,1490.0,133.0,344.0,0.387,54.0,155.0,0.348,79.0,189.0,0.418,0.465,65.0,80.0,0.813,19.0,97.0,116.0,263.0,48.0,2.0,71.0,92.0,385.0,0.0,11.1,0.508,0.451,0.233,1.4,7.6,4.4,26.5,1.7,0.1,15.8,13.4,1.3,1.0,2.3,0.075,-1.5,-0.2,-1.7,0.1,0.0,2008
256,Ime Udoka,18.0,2.2,5.1,0.424,0.8,2.3,0.37,1.3,2.9,0.467,0.505,0.6,0.8,0.759,0.5,2.6,3.1,0.9,0.8,0.2,0.8,1.7,5.8,0.0,0.0,1260.0,0.0,0.0,0.0,0.0,0.0,0.0,0.0,0.0,0.0,0.0,0.0,0.0,0.0,73.0,0.0,1316.0,159.0,375.0,0.424,61.0,165.0,0.37,98.0,210.0,0.467,0.505,44.0,58.0,0.759,36.0,192.0,228.0,63.0,56.0,17.0,58.0,127.0,423.0,0.0,11.5,0.528,0.44,0.155,3.3,17.0,10.2,7.7,2.3,1.0,12.6,16.7,0.2,2.6,2.8,0.102,-2.0,2.2,0.2,0.7,0.0,2008
257,Kris Humphries,13.2,2.3,4.8,0.483,0.0,0.0,0.0,2.3,4.7,0.486,0.483,1.1,1.8,0.605,1.3,2.4,3.7,0.4,0.4,0.4,0.7,1.5,5.7,0.0,0.0,1260.0,0.0,0.0,0.0,0.0,0.0,0.0,0.0,0.0,0.0,0.0,0.0,0.0,0.0,70.0,0.0,925.0,161.0,333.0,0.483,0.0,2.0,0.0,161.0,331.0,0.486,0.483,75.0,124.0,0.605,90.0,169.0,259.0,28.0,25.0,28.0,47.0,107.0,397.0,0.0,15.7,0.512,0.006,0.372,11.4,21.8,16.6,4.9,1.4,2.5,10.8,22.1,0.6,1.3,1.8,0.096,-1.6,-0.7,-2.3,-0.1,0.0,2008
258,Salim Stoudamire,11.5,1.9,5.1,0.361,0.8,2.4,0.341,1.0,2.7,0.379,0.442,1.2,1.4,0.82,0.1,0.6,0.7,0.8,0.2,0.1,0.6,1.0,5.7,0.0,0.0,1260.0,0.0,0.0,0.0,0.0,0.0,0.0,0.0,0.0,0.0,0.0,0.0,0.0,0.0,35.0,0.0,402.0,65.0,180.0,0.361,29.0,85.0,0.341,36.0,95.0,0.379,0.442,41.0,50.0,0.82,4.0,20.0,24.0,28.0,7.0,5.0,21.0,34.0,200.0,0.0,11.1,0.495,0.472,0.278,1.2,5.8,3.5,11.9,0.9,0.9,9.4,25.2,0.1,0.1,0.3,0.031,-1.0,-2.5,-3.5,-0.1,0.0,2008
259,Javaris Crittenton,13.6,2.0,4.7,0.421,0.2,0.7,0.27,1.8,3.9,0.449,0.442,1.4,2.1,0.692,0.5,1.7,2.2,1.0,0.4,0.0,1.1,0.9,5.6,0.0,0.0,1260.0,0.0,0.0,0.0,0.0,0.0,0.0,0.0,0.0,0.0,0.0,0.0,0.0,0.0,50.0,0.0,679.0,98.0,233.0,0.421,10.0,37.0,0.27,88.0,196.0,0.449,0.442,72.0,104.0,0.692,27.0,83.0,110.0,51.0,19.0,2.0,55.0,47.0,278.0,0.0,11.0,0.499,0.159,0.446,4.5,13.7,9.1,11.7,1.4,0.2,16.5,21.8,-0.3,0.4,0.1,0.004,-2.7,-1.4,-4.1,-0.4,0.0,2008
260,Anthony Johnson,22.2,2.2,5.1,0.437,0.6,1.3,0.452,1.6,3.8,0.431,0.496,0.5,0.6,0.814,0.3,1.7,2.0,3.8,0.8,0.1,1.2,1.7,5.6,0.0,0.0,1260.0,0.0,0.0,0.0,0.0,0.0,0.0,0.0,0.0,0.0,0.0,0.0,0.0,0.0,69.0,52.0,1531.0,155.0,355.0,0.437,42.0,93.0,0.452,113.0,262.0,0.431,0.496,35.0,43.0,0.814,22.0,115.0,137.0,262.0,52.0,9.0,84.0,115.0,387.0,0.0,11.2,0.517,0.262,0.121,1.7,8.7,5.2,26.3,1.8,0.4,18.3,13.5,1.1,0.9,2.0,0.061,-1.5,-0.2,-1.6,0.1,0.0,2008
261,Ike Diogu,10.2,2.1,4.5,0.478,0.0,0.0,0.0,2.1,4.5,0.478,0.478,1.3,1.6,0.851,1.3,1.6,2.8,0.3,0.2,0.1,0.7,1.4,5.6,0.0,0.0,1260.0,0.0,0.0,0.0,0.0,0.0,0.0,0.0,0.0,0.0,0.0,0.0,0.0,0.0,30.0,1.0,305.0,64.0,134.0,0.478,0.0,0.0,0.0,64.0,134.0,0.478,0.478,40.0,47.0,0.851,38.0,47.0,85.0,10.0,7.0,3.0,20.0,43.0,168.0,0.0,17.2,0.543,0.0,0.351,13.3,17.1,15.2,5.7,1.1,0.7,11.4,24.8,0.4,0.3,0.7,0.115,-0.9,-2.3,-3.2,-0.1,0.0,2008
262,Royal Ivey,19.2,2.0,5.0,0.394,0.5,1.4,0.327,1.5,3.6,0.421,0.44,1.1,1.6,0.726,0.5,1.1,1.6,2.1,0.6,0.1,1.0,2.2,5.6,0.0,0.0,1260.0,0.0,0.0,0.0,0.0,0.0,0.0,0.0,0.0,0.0,0.0,0.0,0.0,0.0,75.0,20.0,1437.0,149.0,378.0,0.394,35.0,107.0,0.327,114.0,271.0,0.421,0.44,85.0,117.0,0.726,38.0,80.0,118.0,160.0,45.0,7.0,75.0,166.0,418.0,0.0,8.8,0.487,0.283,0.31,3.0,6.8,4.8,16.9,1.6,0.4,14.9,15.8,0.4,0.2,0.5,0.018,-3.3,-1.1,-4.4,-0.9,0.0,2008
263,Luke Jackson,16.3,1.9,5.7,0.325,0.8,2.1,0.367,1.1,3.6,0.3,0.394,1.1,1.6,0.696,0.5,1.9,2.4,1.2,0.6,0.0,0.6,1.6,5.6,0.0,0.0,1260.0,0.0,0.0,0.0,0.0,0.0,0.0,0.0,0.0,0.0,0.0,0.0,0.0,0.0,14.0,1.0,228.0,26.0,80.0,0.325,11.0,30.0,0.367,15.0,50.0,0.3,0.394,16.0,23.0,0.696,7.0,26.0,33.0,17.0,8.0,0.0,9.0,22.0,79.0,0.0,9.1,0.438,0.375,0.288,3.6,13.9,8.7,12.6,1.9,0.0,9.1,20.6,-0.2,0.2,0.0,-0.004,-3.0,-1.0,-3.9,-0.1,0.0,2008
264,Sean Williams,17.5,2.2,4.2,0.538,0.0,0.0,0.0,2.2,4.2,0.538,0.538,1.1,1.8,0.609,1.6,2.8,4.4,0.4,0.4,1.5,1.0,2.6,5.6,0.0,0.0,1260.0,0.0,0.0,0.0,0.0,0.0,0.0,0.0,0.0,0.0,0.0,0.0,0.0,0.0,73.0,29.0,1278.0,164.0,305.0,0.538,0.0,0.0,0.0,164.0,305.0,0.538,0.538,81.0,133.0,0.609,115.0,207.0,322.0,28.0,28.0,106.0,70.0,193.0,409.0,0.0,13.9,0.563,0.0,0.436,10.4,18.8,14.6,3.7,1.1,6.5,16.1,15.5,0.8,1.7,2.5,0.093,-3.3,1.1,-2.2,-0.1,0.0,2008
265,Trevor Ariza,15.6,2.0,3.9,0.507,0.1,0.5,0.278,1.8,3.4,0.542,0.526,1.4,2.1,0.653,0.9,2.2,3.1,1.3,0.9,0.3,0.7,1.3,5.5,0.0,0.0,1260.0,0.0,0.0,0.0,0.0,0.0,0.0,0.0,0.0,0.0,0.0,0.0,0.0,0.0,35.0,3.0,546.0,69.0,136.0,0.507,5.0,18.0,0.278,64.0,118.0,0.542,0.526,49.0,75.0,0.653,30.0,78.0,108.0,44.0,31.0,11.0,23.0,45.0,192.0,0.0,16.1,0.568,0.132,0.551,6.4,15.4,11.1,11.8,2.9,1.5,12.0,15.6,0.9,0.9,1.8,0.157,0.4,2.3,2.8,0.7,0.0,2008
266,Steve Francis,19.9,1.9,5.7,0.333,0.4,1.7,0.235,1.5,4.0,0.375,0.368,1.3,2.3,0.565,0.8,1.5,2.3,3.0,0.9,0.5,1.4,2.5,5.5,0.0,0.0,1260.0,0.0,0.0,0.0,0.0,0.0,0.0,0.0,0.0,0.0,0.0,0.0,0.0,0.0,10.0,3.0,199.0,19.0,57.0,0.333,4.0,17.0,0.235,15.0,40.0,0.375,0.368,13.0,23.0,0.565,8.0,15.0,23.0,30.0,9.0,5.0,14.0,25.0,55.0,0.0,9.1,0.41,0.298,0.404,4.6,8.4,6.5,22.7,2.4,1.8,17.3,18.6,-0.2,0.3,0.2,0.039,-4.0,2.0,-2.0,0.0,0.0,2008
267,Josh Powell,19.2,2.3,4.9,0.46,0.0,0.0,0.0,2.3,4.9,0.465,0.46,1.0,1.4,0.724,1.8,3.4,5.2,0.7,0.2,0.4,1.0,2.0,5.5,0.0,0.0,1260.0,0.0,0.0,0.0,0.0,0.0,0.0,0.0,0.0,0.0,0.0,0.0,0.0,0.0,64.0,25.0,1228.0,145.0,315.0,0.46,0.0,3.0,0.0,145.0,312.0,0.465,0.46,63.0,87.0,0.724,115.0,216.0,331.0,47.0,14.0,23.0,65.0,130.0,353.0,0.0,10.7,0.5,0.01,0.276,10.7,20.4,15.6,6.4,0.6,1.4,15.5,15.7,0.1,1.0,1.1,0.042,-3.1,-1.7,-4.9,-0.9,0.0,2008
268,Shannon Brown,11.4,2.1,6.0,0.349,0.4,1.4,0.3,1.7,4.6,0.365,0.385,0.8,1.4,0.586,0.3,0.7,1.0,0.8,0.5,0.1,1.1,1.4,5.4,0.0,0.0,1260.0,0.0,0.0,0.0,0.0,0.0,0.0,0.0,0.0,0.0,0.0,0.0,0.0,0.0,21.0,4.0,240.0,44.0,126.0,0.349,9.0,30.0,0.3,35.0,96.0,0.365,0.385,17.0,29.0,0.586,6.0,14.0,20.0,17.0,11.0,3.0,24.0,29.0,114.0,0.0,6.3,0.411,0.238,0.23,2.8,6.9,4.7,12.8,2.4,1.0,14.7,30.7,-0.8,0.3,-0.5,-0.102,-5.7,-2.1,-7.9,-0.4,0.0,2008
269,Damon Stoudamire,17.3,2.0,5.6,0.356,0.8,2.5,0.336,1.2,3.1,0.372,0.43,0.5,0.6,0.794,0.3,1.6,2.0,2.8,0.5,0.0,1.3,1.3,5.3,0.0,0.0,1260.0,0.0,0.0,0.0,0.0,0.0,0.0,0.0,0.0,0.0,0.0,0.0,0.0,0.0,60.0,33.0,1037.0,120.0,337.0,0.356,50.0,149.0,0.336,70.0,188.0,0.372,0.43,27.0,34.0,0.794,20.0,98.0,118.0,165.0,30.0,2.0,80.0,76.0,317.0,0.0,8.9,0.45,0.442,0.101,2.2,10.8,6.5,24.6,1.5,0.1,18.5,19.1,-0.9,0.8,-0.1,-0.004,-2.7,-1.0,-3.7,-0.4,0.0,2008
270,Dan Dickau,15.5,1.9,4.4,0.419,0.5,1.6,0.333,1.3,2.8,0.468,0.48,1.0,1.2,0.829,0.2,1.3,1.4,2.6,0.5,0.0,0.8,1.6,5.3,0.0,0.0,1260.0,0.0,0.0,0.0,0.0,0.0,0.0,0.0,0.0,0.0,0.0,0.0,0.0,0.0,67.0,8.0,1040.0,124.0,296.0,0.419,36.0,108.0,0.333,88.0,188.0,0.468,0.48,68.0,82.0,0.829,13.0,84.0,97.0,172.0,32.0,3.0,55.0,108.0,352.0,0.0,12.5,0.53,0.365,0.277,1.4,9.4,5.4,27.9,1.6,0.2,14.2,17.2,0.9,0.6,1.5,0.071,-1.4,-0.4,-1.7,0.1,0.0,2008
271,Thomas Gardner,11.3,2.3,5.8,0.391,0.8,3.0,0.25,1.5,2.8,0.545,0.457,0.0,0.5,0.0,0.8,0.3,1.0,0.3,0.0,0.0,1.0,1.0,5.3,0.0,0.0,1260.0,0.0,0.0,0.0,0.0,0.0,0.0,0.0,0.0,0.0,0.0,0.0,0.0,0.0,4.0,0.0,45.0,9.0,23.0,0.391,3.0,12.0,0.25,6.0,11.0,0.545,0.457,0.0,2.0,0.0,3.0,1.0,4.0,1.0,0.0,0.0,4.0,4.0,21.0,0.0,4.4,0.44,0.522,0.087,7.3,2.6,5.0,4.0,0.0,0.0,14.3,27.4,-0.1,0.0,-0.1,-0.128,-3.5,-3.7,-7.2,-0.1,0.0,2008
272,Nenê,16.6,1.8,4.4,0.408,0.0,0.1,0.0,1.8,4.4,0.414,0.408,1.7,3.1,0.551,1.9,3.6,5.4,0.9,0.6,0.9,1.3,2.9,5.3,0.0,0.0,1260.0,0.0,0.0,0.0,0.0,0.0,0.0,0.0,0.0,0.0,0.0,0.0,0.0,0.0,16.0,1.0,266.0,29.0,71.0,0.408,0.0,1.0,0.0,29.0,70.0,0.414,0.408,27.0,49.0,0.551,30.0,57.0,87.0,15.0,9.0,14.0,21.0,46.0,85.0,0.0,11.1,0.459,0.014,0.69,12.4,22.8,17.7,7.8,1.6,3.7,18.5,18.1,-0.1,0.4,0.3,0.052,-4.6,0.4,-4.2,-0.1,0.0,2008
273,Stéphane Lasme,18.9,2.0,4.4,0.451,0.0,0.0,0.0,2.0,4.4,0.451,0.451,1.2,2.0,0.594,1.6,1.7,3.3,0.2,0.8,1.4,0.9,2.2,5.2,0.0,0.0,1260.0,0.0,0.0,0.0,0.0,0.0,0.0,0.0,0.0,0.0,0.0,0.0,0.0,0.0,16.0,4.0,303.0,32.0,71.0,0.451,0.0,0.0,0.0,32.0,71.0,0.451,0.451,19.0,32.0,0.594,26.0,27.0,53.0,3.0,13.0,22.0,15.0,35.0,83.0,0.0,11.7,0.488,0.0,0.451,10.1,10.8,10.5,1.6,2.3,5.8,15.0,15.6,-0.1,0.3,0.3,0.041,-4.8,0.3,-4.4,-0.2,0.0,2008
274,Aaron Brooks,11.9,1.8,4.4,0.413,0.7,2.1,0.33,1.1,2.3,0.491,0.493,0.8,1.0,0.857,0.3,0.8,1.1,1.7,0.3,0.1,0.9,1.4,5.2,0.0,0.0,1260.0,0.0,0.0,0.0,0.0,0.0,0.0,0.0,0.0,0.0,0.0,0.0,0.0,0.0,51.0,0.0,608.0,93.0,225.0,0.413,36.0,109.0,0.33,57.0,116.0,0.491,0.493,42.0,49.0,0.857,13.0,43.0,56.0,87.0,13.0,5.0,44.0,69.0,264.0,0.0,13.1,0.535,0.484,0.218,2.5,7.9,5.2,23.5,1.1,0.6,15.1,21.8,0.6,0.8,1.4,0.112,-0.5,0.2,-0.2,0.3,0.0,2008
275,Reggie Evans,23.2,1.9,4.3,0.439,0.0,0.0,1.0,1.9,4.3,0.438,0.441,1.5,3.2,0.467,2.8,4.8,7.5,0.8,1.1,0.1,1.3,2.6,5.2,0.0,0.0,1260.0,0.0,0.0,0.0,0.0,0.0,0.0,0.0,0.0,0.0,0.0,0.0,0.0,0.0,81.0,61.0,1879.0,152.0,346.0,0.439,1.0,1.0,1.0,151.0,345.0,0.438,0.441,120.0,257.0,0.467,224.0,387.0,611.0,65.0,86.0,8.0,108.0,213.0,425.0,0.0,11.0,0.463,0.003,0.743,14.0,24.7,19.3,5.0,2.4,0.3,19.0,13.6,-0.3,3.0,2.7,0.068,-3.0,0.0,-3.0,-0.5,0.0,2008
276,Zaza Pachulia,15.2,1.7,4.0,0.437,0.0,0.0,0.0,1.7,3.9,0.442,0.437,1.7,2.5,0.706,1.4,2.6,4.0,0.6,0.4,0.2,1.1,2.3,5.2,0.0,0.0,1260.0,0.0,0.0,0.0,0.0,0.0,0.0,0.0,0.0,0.0,0.0,0.0,0.0,0.0,62.0,5.0,944.0,107.0,245.0,0.437,0.0,3.0,0.0,107.0,242.0,0.442,0.437,108.0,153.0,0.706,89.0,159.0,248.0,36.0,24.0,13.0,69.0,140.0,322.0,0.0,11.0,0.515,0.012,0.624,11.0,19.5,15.3,6.0,1.3,1.0,18.1,18.3,0.2,0.9,1.1,0.054,-3.9,-1.3,-5.1,-0.7,0.0,2008
277,Gerald Green,12.1,1.7,5.0,0.344,0.5,1.3,0.385,1.2,3.7,0.33,0.394,1.1,1.4,0.829,0.4,1.7,2.1,1.0,0.3,0.1,1.1,1.5,5.1,0.0,0.0,1260.0,0.0,0.0,0.0,0.0,0.0,0.0,0.0,0.0,0.0,0.0,0.0,0.0,0.0,30.0,0.0,362.0,52.0,151.0,0.344,15.0,39.0,0.385,37.0,112.0,0.33,0.394,34.0,41.0,0.829,13.0,51.0,64.0,29.0,8.0,4.0,32.0,45.0,153.0,0.0,8.7,0.453,0.258,0.272,4.1,16.9,10.2,12.5,1.2,0.9,15.9,25.1,-0.5,0.2,-0.4,-0.048,-3.2,-1.2,-4.3,-0.2,0.0,2008
278,Earl Boykins,16.0,1.7,4.8,0.355,0.4,1.2,0.318,1.3,3.6,0.367,0.395,1.4,1.6,0.831,0.3,0.7,0.9,2.7,0.4,0.0,1.1,0.6,5.1,0.0,0.0,1260.0,0.0,0.0,0.0,0.0,0.0,0.0,0.0,0.0,0.0,0.0,0.0,0.0,0.0,36.0,0.0,577.0,61.0,172.0,0.355,14.0,44.0,0.318,47.0,128.0,0.367,0.395,49.0,59.0,0.831,9.0,25.0,34.0,96.0,13.0,0.0,41.0,21.0,185.0,0.0,10.0,0.467,0.256,0.343,1.8,5.0,3.4,26.0,1.2,0.0,17.2,19.0,-0.1,0.1,0.0,0.001,-2.0,-2.8,-4.8,-0.4,0.0,2008
279,Ruben Patterson,16.4,2.0,4.3,0.453,0.0,0.1,0.0,2.0,4.2,0.464,0.453,1.2,2.2,0.558,1.2,2.0,3.2,0.9,1.1,0.4,1.4,1.9,5.1,0.0,0.0,1260.0,0.0,0.0,0.0,0.0,0.0,0.0,0.0,0.0,0.0,0.0,0.0,0.0,0.0,20.0,5.0,327.0,39.0,86.0,0.453,0.0,2.0,0.0,39.0,84.0,0.464,0.453,24.0,43.0,0.558,24.0,40.0,64.0,17.0,21.0,7.0,27.0,37.0,102.0,0.0,10.9,0.486,0.023,0.5,8.4,14.2,11.3,8.8,3.3,1.6,20.5,18.6,-0.4,0.4,0.1,0.01,-4.1,1.6,-2.5,0.0,0.0,2008
280,Juan Dixon,12.6,2.0,4.9,0.411,0.6,1.4,0.417,1.4,3.5,0.409,0.469,0.4,0.5,0.808,0.3,1.1,1.4,1.8,0.4,0.0,1.0,1.2,5.0,0.0,0.0,1260.0,0.0,0.0,0.0,0.0,0.0,0.0,0.0,0.0,0.0,0.0,0.0,0.0,0.0,53.0,0.0,668.0,106.0,258.0,0.411,30.0,72.0,0.417,76.0,186.0,0.409,0.469,21.0,26.0,0.808,15.0,60.0,75.0,97.0,21.0,2.0,54.0,62.0,263.0,0.0,11.3,0.488,0.279,0.101,2.7,10.7,6.7,23.3,1.7,0.2,16.7,22.8,-0.3,0.7,0.4,0.026,-1.8,-0.5,-2.3,-0.1,0.0,2008
281,Mike James,13.3,1.9,5.4,0.348,0.6,1.8,0.32,1.3,3.6,0.363,0.402,0.7,0.9,0.813,0.3,1.0,1.3,1.1,0.4,0.0,0.7,1.0,5.0,0.0,0.0,1260.0,0.0,0.0,0.0,0.0,0.0,0.0,0.0,0.0,0.0,0.0,0.0,0.0,0.0,54.0,1.0,720.0,101.0,290.0,0.348,31.0,97.0,0.32,70.0,193.0,0.363,0.402,39.0,48.0,0.813,14.0,55.0,69.0,60.0,21.0,2.0,36.0,56.0,272.0,0.0,8.6,0.437,0.334,0.166,2.2,8.7,5.5,13.4,1.6,0.2,10.4,22.1,-0.5,0.9,0.3,0.023,-3.4,-0.4,-3.8,-0.3,0.0,2008
282,Derek Anderson,14.1,1.7,4.5,0.376,0.7,1.9,0.365,1.0,2.6,0.384,0.452,1.0,1.4,0.737,0.3,1.5,1.9,1.6,0.4,0.0,0.9,1.8,5.0,0.0,0.0,1260.0,0.0,0.0,0.0,0.0,0.0,0.0,0.0,0.0,0.0,0.0,0.0,0.0,0.0,28.0,0.0,396.0,47.0,125.0,0.376,19.0,52.0,0.365,28.0,73.0,0.384,0.452,28.0,38.0,0.737,9.0,43.0,52.0,44.0,12.0,1.0,25.0,49.0,141.0,0.0,10.0,0.497,0.416,0.304,2.6,12.6,7.5,17.8,1.6,0.2,15.0,19.3,0.0,0.3,0.3,0.032,-2.6,-0.7,-3.2,-0.1,0.0,2008
283,C.J. Miles,11.5,1.9,3.9,0.479,0.5,1.3,0.39,1.4,2.7,0.522,0.542,0.7,0.9,0.788,0.3,1.0,1.3,0.9,0.5,0.1,0.5,1.6,5.0,0.0,0.0,1260.0,0.0,0.0,0.0,0.0,0.0,0.0,0.0,0.0,0.0,0.0,0.0,0.0,0.0,60.0,13.0,689.0,113.0,236.0,0.479,30.0,77.0,0.39,83.0,159.0,0.522,0.542,41.0,52.0,0.788,16.0,62.0,78.0,53.0,32.0,8.0,27.0,98.0,297.0,0.0,14.2,0.574,0.326,0.22,2.9,10.9,6.9,11.5,2.4,0.9,9.4,18.6,1.1,0.8,1.9,0.134,-0.1,0.7,0.6,0.5,0.0,2008
284,Rasual Butler,17.2,1.8,5.1,0.35,0.9,2.6,0.331,0.9,2.5,0.37,0.435,0.5,0.6,0.839,0.3,1.6,2.0,0.7,0.3,0.4,0.2,1.3,4.9,0.0,0.0,1260.0,0.0,0.0,0.0,0.0,0.0,0.0,0.0,0.0,0.0,0.0,0.0,0.0,0.0,51.0,8.0,875.0,91.0,260.0,0.35,44.0,133.0,0.331,47.0,127.0,0.37,0.435,26.0,31.0,0.839,16.0,84.0,100.0,36.0,15.0,21.0,10.0,66.0,252.0,0.0,8.8,0.46,0.512,0.119,2.1,11.5,6.7,5.9,0.9,1.9,3.5,15.1,0.3,0.8,1.2,0.063,-1.8,-0.1,-1.9,0.0,0.0,2008
285,Kwame Brown,18.8,1.9,3.7,0.507,0.0,0.0,0.0,1.9,3.7,0.507,0.507,1.1,2.6,0.408,1.3,3.6,4.9,1.2,0.6,0.6,1.3,2.2,4.8,0.0,0.0,1260.0,0.0,0.0,0.0,0.0,0.0,0.0,0.0,0.0,0.0,0.0,0.0,0.0,0.0,38.0,15.0,713.0,72.0,142.0,0.507,0.0,0.0,0.0,72.0,142.0,0.507,0.507,40.0,98.0,0.408,51.0,137.0,188.0,45.0,22.0,23.0,51.0,82.0,184.0,0.0,10.1,0.497,0.0,0.69,8.1,20.8,14.7,9.0,1.6,2.3,21.6,14.6,-0.3,1.0,0.6,0.043,-3.3,1.0,-2.3,0.0,0.0,2008
286,Ben Wallace,30.6,1.9,4.9,0.392,0.0,0.1,0.0,1.9,4.8,0.397,0.392,1.0,2.3,0.426,3.3,5.1,8.4,1.5,1.2,1.6,0.9,1.7,4.8,0.0,0.0,1260.0,0.0,0.0,0.0,0.0,0.0,0.0,0.0,0.0,0.0,0.0,0.0,0.0,0.0,72.0,72.0,2205.0,138.0,352.0,0.392,0.0,4.0,0.0,138.0,348.0,0.397,0.392,72.0,169.0,0.426,234.0,370.0,604.0,105.0,88.0,117.0,67.0,121.0,348.0,0.0,12.0,0.408,0.011,0.48,11.6,19.6,15.5,6.9,2.1,4.2,13.6,10.0,0.1,3.5,3.6,0.078,-1.7,1.9,0.2,1.2,0.0,2008
287,Matt Bonner,12.5,1.8,4.3,0.416,0.7,2.0,0.336,1.1,2.3,0.487,0.495,0.6,0.6,0.864,0.8,2.0,2.8,0.5,0.2,0.3,0.6,1.6,4.8,0.0,0.0,1260.0,0.0,0.0,0.0,0.0,0.0,0.0,0.0,0.0,0.0,0.0,0.0,0.0,0.0,68.0,3.0,853.0,121.0,291.0,0.416,46.0,137.0,0.336,75.0,154.0,0.487,0.495,38.0,44.0,0.864,53.0,139.0,192.0,32.0,14.0,17.0,39.0,111.0,326.0,0.0,12.4,0.525,0.471,0.151,7.4,19.0,13.3,6.2,0.9,1.5,11.2,19.6,0.5,1.5,2.0,0.11,-1.8,0.3,-1.5,0.1,0.0,2008
288,Quincy Douby,11.8,1.8,4.5,0.394,0.6,1.6,0.344,1.2,2.9,0.423,0.457,0.6,0.7,0.923,0.2,0.9,1.1,0.7,0.4,0.2,0.8,1.1,4.8,0.0,0.0,1260.0,0.0,0.0,0.0,0.0,0.0,0.0,0.0,0.0,0.0,0.0,0.0,0.0,0.0,74.0,0.0,876.0,132.0,335.0,0.394,42.0,122.0,0.344,90.0,213.0,0.423,0.457,48.0,52.0,0.923,17.0,66.0,83.0,53.0,30.0,12.0,59.0,80.0,354.0,0.0,9.7,0.495,0.364,0.155,2.3,8.7,5.6,9.8,1.7,1.1,14.2,21.3,-0.5,0.5,0.0,0.0,-2.2,-1.2,-3.4,-0.3,0.0,2008
289,Fabricio Oberto,20.0,2.2,3.6,0.608,0.0,0.0,0.0,2.2,3.6,0.61,0.608,0.5,0.7,0.607,1.9,3.4,5.2,1.2,0.5,0.2,0.6,2.5,4.8,0.0,0.0,1260.0,0.0,0.0,0.0,0.0,0.0,0.0,0.0,0.0,0.0,0.0,0.0,0.0,0.0,82.0,64.0,1644.0,180.0,296.0,0.608,0.0,1.0,0.0,180.0,295.0,0.61,0.608,37.0,61.0,0.607,153.0,277.0,430.0,95.0,37.0,20.0,51.0,203.0,397.0,0.0,13.8,0.615,0.003,0.206,11.1,19.6,15.4,9.1,1.2,0.9,13.6,10.9,3.2,2.9,6.1,0.178,-1.2,1.7,0.4,1.0,0.0,2008
290,Joel Przybilla,23.6,1.9,3.2,0.576,0.0,0.0,0.0,1.9,3.2,0.578,0.576,1.1,1.6,0.68,2.5,5.9,8.4,0.4,0.2,1.2,1.2,3.0,4.8,0.0,0.0,1260.0,0.0,0.0,0.0,0.0,0.0,0.0,0.0,0.0,0.0,0.0,0.0,0.0,0.0,77.0,67.0,1819.0,144.0,250.0,0.576,0.0,1.0,0.0,144.0,249.0,0.578,0.576,83.0,122.0,0.68,195.0,454.0,649.0,27.0,13.0,93.0,95.0,234.0,371.0,0.0,12.3,0.611,0.004,0.488,12.7,29.3,21.0,2.3,0.4,4.0,23.8,10.4,1.6,2.7,4.3,0.113,-2.6,0.9,-1.7,0.1,0.0,2008
291,Brian Cook,12.3,1.7,4.6,0.376,0.8,2.3,0.374,0.9,2.3,0.378,0.468,0.4,0.4,0.905,0.5,1.6,2.1,0.5,0.3,0.2,0.8,1.8,4.7,0.0,0.0,1260.0,0.0,0.0,0.0,0.0,0.0,0.0,0.0,0.0,0.0,0.0,0.0,0.0,0.0,51.0,2.0,629.0,88.0,234.0,0.376,43.0,115.0,0.374,45.0,119.0,0.378,0.468,19.0,21.0,0.905,28.0,81.0,109.0,27.0,13.0,12.0,39.0,93.0,238.0,0.0,8.6,0.489,0.491,0.09,5.3,14.2,10.0,6.8,1.1,1.4,13.8,20.5,-0.4,0.7,0.4,0.029,-3.1,-0.7,-3.8,-0.3,0.0,2008
292,Chucky Atkins,14.7,1.8,5.1,0.344,1.0,3.3,0.316,0.7,1.8,0.395,0.447,0.2,0.4,0.444,0.1,1.2,1.3,2.0,0.4,0.0,0.4,1.1,4.7,0.0,0.0,1260.0,0.0,0.0,0.0,0.0,0.0,0.0,0.0,0.0,0.0,0.0,0.0,0.0,0.0,24.0,0.0,352.0,42.0,122.0,0.344,25.0,79.0,0.316,17.0,43.0,0.395,0.447,4.0,9.0,0.444,3.0,28.0,31.0,47.0,9.0,1.0,10.0,27.0,113.0,0.0,8.9,0.449,0.648,0.074,0.9,8.4,4.8,18.7,1.2,0.2,7.4,16.4,0.1,0.2,0.3,0.04,-1.8,-1.1,-3.0,-0.1,0.0,2008
293,Richie Frahm,16.3,2.0,5.4,0.37,0.7,2.5,0.28,1.3,2.9,0.448,0.435,0.0,0.2,0.0,0.4,1.0,1.4,0.8,0.2,0.0,0.6,0.7,4.7,0.0,0.0,1260.0,0.0,0.0,0.0,0.0,0.0,0.0,0.0,0.0,0.0,0.0,0.0,0.0,0.0,10.0,2.0,163.0,20.0,54.0,0.37,7.0,25.0,0.28,13.0,29.0,0.448,0.435,0.0,2.0,0.0,4.0,10.0,14.0,8.0,2.0,0.0,6.0,7.0,47.0,0.0,5.5,0.428,0.463,0.037,2.8,7.1,5.0,8.3,0.6,0.0,9.9,17.2,-0.2,0.0,-0.2,-0.054,-3.6,-1.5,-5.1,-0.1,0.0,2008
294,Spencer Hawes,13.1,2.1,4.5,0.459,0.1,0.3,0.19,2.0,4.2,0.478,0.465,0.5,0.8,0.655,1.0,2.3,3.2,0.6,0.2,0.6,0.8,1.8,4.7,0.0,0.0,1260.0,0.0,0.0,0.0,0.0,0.0,0.0,0.0,0.0,0.0,0.0,0.0,0.0,0.0,71.0,8.0,931.0,146.0,318.0,0.459,4.0,21.0,0.19,142.0,297.0,0.478,0.465,38.0,58.0,0.655,68.0,162.0,230.0,44.0,14.0,40.0,56.0,128.0,334.0,0.0,11.6,0.486,0.066,0.182,8.8,20.1,14.6,7.7,0.8,3.3,14.0,19.2,-0.2,0.8,0.6,0.033,-3.2,-0.9,-4.1,-0.5,0.0,2008
295,Malik Allen,15.0,2.2,4.5,0.48,0.0,0.0,0.5,2.1,4.5,0.48,0.482,0.3,0.3,0.92,0.9,1.8,2.7,0.6,0.3,0.4,0.6,2.0,4.6,0.0,0.0,1260.0,0.0,0.0,0.0,0.0,0.0,0.0,0.0,0.0,0.0,0.0,0.0,0.0,0.0,73.0,16.0,1096.0,157.0,327.0,0.48,1.0,2.0,0.5,156.0,325.0,0.48,0.482,23.0,25.0,0.92,66.0,130.0,196.0,44.0,19.0,31.0,45.0,149.0,338.0,0.0,9.8,0.5,0.006,0.076,7.0,13.6,10.4,6.8,0.9,2.2,11.7,16.1,0.1,0.9,1.0,0.045,-3.4,0.0,-3.5,-0.4,0.0,2008
296,Brevin Knight,22.6,1.9,4.6,0.404,0.0,0.1,0.0,1.9,4.5,0.411,0.404,0.8,1.0,0.873,0.2,1.7,1.9,4.4,1.4,0.1,1.0,2.2,4.6,0.0,0.0,1260.0,0.0,0.0,0.0,0.0,0.0,0.0,0.0,0.0,0.0,0.0,0.0,0.0,0.0,74.0,39.0,1674.0,138.0,342.0,0.404,0.0,6.0,0.0,138.0,336.0,0.411,0.404,62.0,71.0,0.873,15.0,127.0,142.0,328.0,100.0,11.0,71.0,160.0,338.0,0.0,11.4,0.453,0.018,0.208,1.0,8.8,4.9,31.1,3.1,0.5,16.0,12.2,0.5,1.6,2.1,0.06,-3.3,1.6,-1.7,0.1,0.0,2008
297,Glen Davis,13.6,1.6,3.2,0.484,0.0,0.0,0.0,1.6,3.2,0.484,0.484,1.4,2.2,0.66,1.4,1.6,3.0,0.4,0.4,0.3,0.9,2.3,4.5,0.0,0.0,1260.0,0.0,0.0,0.0,0.0,0.0,0.0,0.0,0.0,0.0,0.0,0.0,0.0,0.0,69.0,1.0,940.0,107.0,221.0,0.484,0.0,0.0,0.0,107.0,221.0,0.484,0.484,99.0,150.0,0.66,95.0,113.0,208.0,28.0,31.0,20.0,65.0,160.0,313.0,0.0,11.3,0.545,0.0,0.679,12.8,13.5,13.2,4.6,1.7,1.7,18.5,17.4,0.6,1.9,2.5,0.128,-3.6,0.7,-3.0,-0.2,0.0,2008
298,Jeff McInnis,26.1,2.0,4.6,0.434,0.1,0.4,0.158,1.9,4.3,0.457,0.44,0.4,0.6,0.767,0.3,1.5,1.8,4.1,0.4,0.1,1.4,2.2,4.5,0.0,0.0,1260.0,0.0,0.0,0.0,0.0,0.0,0.0,0.0,0.0,0.0,0.0,0.0,0.0,0.0,54.0,26.0,1410.0,108.0,249.0,0.434,3.0,19.0,0.158,105.0,230.0,0.457,0.44,23.0,30.0,0.767,16.0,80.0,96.0,220.0,23.0,3.0,76.0,120.0,242.0,0.0,6.5,0.461,0.076,0.12,1.3,6.6,3.9,23.4,0.9,0.2,22.5,11.0,-0.2,0.3,0.1,0.002,-4.3,-1.1,-5.4,-1.2,0.0,2008
299,Jason Smith,14.6,1.9,4.1,0.455,0.1,0.2,0.286,1.8,3.9,0.463,0.461,0.7,1.1,0.659,1.0,2.0,3.0,0.3,0.3,0.7,0.6,1.9,4.5,0.0,0.0,1260.0,0.0,0.0,0.0,0.0,0.0,0.0,0.0,0.0,0.0,0.0,0.0,0.0,0.0,76.0,1.0,1107.0,141.0,310.0,0.455,4.0,14.0,0.286,137.0,296.0,0.463,0.461,54.0,82.0,0.659,77.0,153.0,230.0,20.0,22.0,50.0,48.0,142.0,340.0,0.0,10.7,0.491,0.045,0.265,8.2,16.6,12.3,2.8,1.1,3.6,12.2,16.1,0.2,1.4,1.5,0.067,-3.6,0.1,-3.5,-0.4,0.0,2008
300,Theo Ratliff,16.8,1.6,3.3,0.482,0.0,0.0,0.0,1.6,3.2,0.488,0.482,1.1,1.7,0.674,1.2,2.2,3.4,0.5,0.3,1.4,0.8,2.3,4.3,0.0,0.0,1260.0,0.0,0.0,0.0,0.0,0.0,0.0,0.0,0.0,0.0,0.0,0.0,0.0,0.0,26.0,9.0,437.0,41.0,85.0,0.482,0.0,1.0,0.0,41.0,84.0,0.488,0.482,29.0,43.0,0.674,32.0,57.0,89.0,14.0,7.0,37.0,21.0,59.0,111.0,0.0,11.9,0.534,0.012,0.506,8.5,15.6,12.0,4.7,0.9,6.7,16.8,13.2,0.2,0.6,0.8,0.091,-2.9,1.8,-1.1,0.1,0.0,2008
301,J.J. Barea,10.5,1.6,3.9,0.418,0.5,1.2,0.389,1.1,2.6,0.431,0.479,0.6,0.8,0.8,0.1,1.0,1.1,1.3,0.3,0.0,0.8,1.1,4.3,0.0,0.0,1260.0,0.0,0.0,0.0,0.0,0.0,0.0,0.0,0.0,0.0,0.0,0.0,0.0,0.0,44.0,9.0,460.0,71.0,170.0,0.418,21.0,54.0,0.389,50.0,116.0,0.431,0.479,28.0,35.0,0.8,4.0,43.0,47.0,58.0,14.0,1.0,35.0,48.0,191.0,0.0,11.7,0.515,0.318,0.206,1.0,10.5,5.9,20.6,1.6,0.2,15.9,22.3,0.0,0.5,0.5,0.052,-1.7,-0.2,-1.9,0.0,0.0,2008
302,Mickaël Gelabale,11.9,1.8,4.0,0.439,0.4,0.9,0.432,1.4,3.1,0.442,0.49,0.4,0.5,0.778,0.4,1.1,1.5,0.8,0.3,0.2,0.7,0.8,4.3,0.0,0.0,1260.0,0.0,0.0,0.0,0.0,0.0,0.0,0.0,0.0,0.0,0.0,0.0,0.0,0.0,39.0,0.0,465.0,69.0,157.0,0.439,16.0,37.0,0.432,53.0,120.0,0.442,0.49,14.0,18.0,0.778,16.0,42.0,58.0,33.0,10.0,9.0,27.0,31.0,168.0,0.0,10.5,0.509,0.236,0.115,3.8,9.8,6.8,11.1,1.1,1.4,14.1,17.9,0.0,0.2,0.2,0.021,-2.0,-1.0,-3.1,-0.1,0.0,2008
303,Aaron Gray,10.0,1.7,3.3,0.505,0.0,0.0,0.0,1.7,3.3,0.507,0.505,0.9,1.6,0.566,1.1,1.6,2.8,0.7,0.3,0.3,0.9,1.9,4.3,0.0,0.0,1260.0,0.0,0.0,0.0,0.0,0.0,0.0,0.0,0.0,0.0,0.0,0.0,0.0,0.0,61.0,1.0,613.0,103.0,204.0,0.505,0.0,1.0,0.0,103.0,203.0,0.507,0.505,56.0,99.0,0.566,70.0,98.0,168.0,41.0,21.0,16.0,57.0,117.0,262.0,0.0,13.9,0.529,0.005,0.485,12.5,18.7,15.5,11.4,1.8,2.0,18.7,22.0,0.1,0.8,0.8,0.066,-3.6,0.0,-3.5,-0.2,0.0,2008
304,David Harrison,12.8,1.6,3.1,0.529,0.0,0.0,0.0,1.6,3.1,0.529,0.529,0.9,1.7,0.51,0.8,1.4,2.1,0.3,0.4,1.1,1.1,3.0,4.2,0.0,0.0,1260.0,0.0,0.0,0.0,0.0,0.0,0.0,0.0,0.0,0.0,0.0,0.0,0.0,0.0,55.0,0.0,702.0,90.0,170.0,0.529,0.0,0.0,0.0,90.0,170.0,0.529,0.529,49.0,96.0,0.51,43.0,75.0,118.0,14.0,20.0,59.0,58.0,164.0,229.0,0.0,8.6,0.539,0.0,0.565,6.5,11.9,9.1,3.0,1.4,6.3,21.5,16.7,-0.5,0.9,0.4,0.03,-7.3,1.4,-5.9,-0.7,0.0,2008
305,Alexander Johnson,12.8,1.4,2.9,0.488,0.0,0.0,0.0,1.4,2.9,0.488,0.488,1.3,1.9,0.687,0.7,1.4,2.2,0.3,0.3,0.2,1.0,1.9,4.2,0.0,0.0,1260.0,0.0,0.0,0.0,0.0,0.0,0.0,0.0,0.0,0.0,0.0,0.0,0.0,0.0,43.0,6.0,549.0,61.0,125.0,0.488,0.0,0.0,0.0,61.0,125.0,0.488,0.488,57.0,83.0,0.687,32.0,62.0,94.0,13.0,13.0,10.0,42.0,80.0,179.0,0.0,8.9,0.554,0.0,0.664,6.9,13.7,10.3,4.0,1.3,1.5,20.6,17.6,-0.1,0.4,0.2,0.019,-5.2,-1.0,-6.2,-0.6,0.0,2008
306,Acie Law,15.4,1.7,4.2,0.401,0.1,0.6,0.206,1.6,3.6,0.433,0.416,0.7,0.9,0.792,0.2,0.8,1.0,2.0,0.5,0.0,1.0,1.3,4.2,0.0,0.0,1260.0,0.0,0.0,0.0,0.0,0.0,0.0,0.0,0.0,0.0,0.0,0.0,0.0,0.0,56.0,6.0,865.0,95.0,237.0,0.401,7.0,34.0,0.206,88.0,203.0,0.433,0.416,38.0,48.0,0.792,12.0,45.0,57.0,113.0,29.0,0.0,56.0,73.0,235.0,0.0,7.7,0.455,0.143,0.203,1.6,6.0,3.8,20.4,1.8,0.0,17.8,16.5,-0.5,0.4,-0.1,-0.007,-4.2,-1.0,-5.2,-0.7,0.0,2008
307,Nick Fazekas,10.3,1.8,3.2,0.561,0.0,0.1,0.0,1.8,3.1,0.575,0.561,0.6,0.8,0.682,1.3,2.1,3.4,0.4,0.3,0.4,0.5,1.0,4.1,0.0,0.0,1260.0,0.0,0.0,0.0,0.0,0.0,0.0,0.0,0.0,0.0,0.0,0.0,0.0,0.0,26.0,0.0,269.0,46.0,82.0,0.561,0.0,2.0,0.0,46.0,80.0,0.575,0.561,15.0,22.0,0.682,34.0,55.0,89.0,11.0,8.0,11.0,13.0,25.0,107.0,0.0,19.6,0.584,0.024,0.268,14.5,23.7,19.1,7.5,1.6,3.1,12.4,18.0,0.5,0.4,0.8,0.148,0.9,-0.4,0.5,0.2,0.0,2008
308,JJ Redick,8.1,1.4,3.2,0.444,0.5,1.3,0.395,0.9,1.9,0.477,0.523,0.8,1.0,0.794,0.0,0.6,0.7,0.5,0.1,0.0,0.4,0.9,4.1,0.0,0.0,1260.0,0.0,0.0,0.0,0.0,0.0,0.0,0.0,0.0,0.0,0.0,0.0,0.0,0.0,34.0,0.0,276.0,48.0,108.0,0.444,17.0,43.0,0.395,31.0,65.0,0.477,0.523,27.0,34.0,0.794,1.0,22.0,23.0,16.0,4.0,0.0,15.0,29.0,140.0,0.0,12.7,0.569,0.398,0.315,0.4,8.8,4.8,9.7,0.7,0.0,10.9,22.9,0.3,0.2,0.5,0.091,-1.0,-1.4,-2.4,0.0,0.0,2008
309,Quinton Ross,19.8,1.7,4.4,0.391,0.1,0.3,0.429,1.6,4.1,0.389,0.404,0.5,0.8,0.667,0.7,1.6,2.3,1.2,0.6,0.4,0.4,1.7,4.1,0.0,0.0,1260.0,0.0,0.0,0.0,0.0,0.0,0.0,0.0,0.0,0.0,0.0,0.0,0.0,0.0,76.0,44.0,1505.0,131.0,335.0,0.391,9.0,21.0,0.429,122.0,314.0,0.389,0.404,40.0,60.0,0.667,54.0,118.0,172.0,88.0,43.0,33.0,29.0,132.0,311.0,0.0,7.6,0.43,0.063,0.179,4.1,9.1,6.6,9.4,1.5,1.6,7.4,12.0,-0.3,1.0,0.7,0.022,-3.6,0.5,-3.2,-0.4,0.0,2008
310,Jacque Vaughn,15.4,1.6,3.8,0.428,0.0,0.1,0.3,1.6,3.7,0.432,0.433,0.8,1.1,0.763,0.2,0.8,1.0,2.1,0.3,0.0,0.7,1.3,4.1,0.0,0.0,1260.0,0.0,0.0,0.0,0.0,0.0,0.0,0.0,0.0,0.0,0.0,0.0,0.0,0.0,74.0,9.0,1139.0,121.0,283.0,0.428,3.0,10.0,0.3,118.0,273.0,0.432,0.433,61.0,80.0,0.763,13.0,61.0,74.0,159.0,23.0,1.0,54.0,97.0,306.0,0.0,9.2,0.481,0.035,0.283,1.4,6.2,3.8,21.9,1.1,0.1,14.5,15.6,0.3,1.4,1.6,0.069,-3.9,0.4,-3.5,-0.4,0.0,2008
311,Shelden Williams,12.1,1.4,3.3,0.434,0.0,0.0,0.0,1.4,3.3,0.438,0.434,1.1,1.6,0.676,1.1,2.1,3.2,0.3,0.3,0.3,0.5,1.7,4.0,0.0,0.0,1260.0,0.0,0.0,0.0,0.0,0.0,0.0,0.0,0.0,0.0,0.0,0.0,0.0,0.0,64.0,0.0,776.0,92.0,212.0,0.434,0.0,2.0,0.0,92.0,210.0,0.438,0.434,71.0,105.0,0.676,68.0,137.0,205.0,19.0,22.0,21.0,35.0,110.0,255.0,0.0,11.9,0.494,0.009,0.495,10.4,20.5,15.5,3.8,1.5,2.1,11.9,17.0,0.4,0.8,1.2,0.072,-2.7,-0.7,-3.5,-0.3,0.0,2008
312,Greg Buckner,16.8,1.5,3.8,0.385,0.5,1.6,0.3,1.0,2.2,0.448,0.449,0.6,0.7,0.864,0.3,1.8,2.1,1.3,0.7,0.1,0.9,2.0,4.0,0.0,0.0,1260.0,0.0,0.0,0.0,0.0,0.0,0.0,0.0,0.0,0.0,0.0,0.0,0.0,0.0,31.0,4.0,520.0,45.0,117.0,0.385,15.0,50.0,0.3,30.0,67.0,0.448,0.449,19.0,22.0,0.864,10.0,55.0,65.0,39.0,21.0,2.0,29.0,63.0,124.0,0.0,7.2,0.489,0.427,0.188,2.2,12.7,7.2,10.8,2.1,0.3,18.6,13.5,-0.2,0.3,0.1,0.008,-4.4,0.2,-4.1,-0.3,0.0,2008
313,Stephen Graham,5.8,1.5,2.6,0.586,0.3,0.6,0.5,1.2,2.0,0.614,0.647,0.5,0.7,0.75,0.2,0.8,1.0,0.4,0.2,0.0,0.5,0.6,4.0,0.0,0.0,1260.0,0.0,0.0,0.0,0.0,0.0,0.0,0.0,0.0,0.0,0.0,0.0,0.0,0.0,22.0,0.0,128.0,34.0,58.0,0.586,7.0,14.0,0.5,27.0,44.0,0.614,0.647,12.0,16.0,0.75,4.0,18.0,22.0,9.0,4.0,1.0,10.0,14.0,87.0,0.0,21.9,0.669,0.241,0.276,3.3,15.6,9.3,13.5,1.5,0.6,13.3,25.4,0.3,0.1,0.4,0.167,4.2,0.0,4.2,0.2,0.0,2008
314,Andre Owens,12.6,1.3,3.5,0.374,0.6,1.3,0.45,0.7,2.2,0.328,0.458,0.8,1.1,0.735,0.4,1.1,1.5,1.5,0.4,0.1,0.8,1.2,4.0,0.0,0.0,1260.0,0.0,0.0,0.0,0.0,0.0,0.0,0.0,0.0,0.0,0.0,0.0,0.0,0.0,31.0,7.0,392.0,40.0,107.0,0.374,18.0,40.0,0.45,22.0,67.0,0.328,0.458,25.0,34.0,0.735,13.0,34.0,47.0,47.0,13.0,3.0,24.0,37.0,123.0,0.0,10.0,0.504,0.374,0.318,3.5,9.6,6.5,17.6,1.6,0.6,16.4,16.1,0.1,0.3,0.4,0.053,-1.4,0.5,-1.0,0.1,0.0,2008
315,Brandan Wright,9.9,1.6,2.9,0.554,0.0,0.0,0.0,1.6,2.9,0.554,0.554,0.7,1.1,0.675,1.0,1.6,2.6,0.2,0.2,0.6,0.3,0.9,4.0,0.0,0.0,1260.0,0.0,0.0,0.0,0.0,0.0,0.0,0.0,0.0,0.0,0.0,0.0,0.0,0.0,38.0,6.0,376.0,62.0,112.0,0.554,0.0,0.0,0.0,62.0,112.0,0.554,0.554,27.0,40.0,0.675,38.0,61.0,99.0,9.0,6.0,22.0,13.0,36.0,151.0,0.0,17.2,0.583,0.0,0.357,10.4,18.1,14.1,3.4,0.8,4.3,9.1,16.0,0.8,0.3,1.1,0.142,0.2,-0.6,-0.4,0.2,0.0,2008
316,Austin Croshere,10.4,1.4,3.1,0.445,0.5,1.4,0.361,0.9,1.7,0.513,0.526,0.7,0.7,0.906,0.8,1.6,2.4,0.7,0.2,0.1,0.5,1.4,3.9,0.0,0.0,1260.0,0.0,0.0,0.0,0.0,0.0,0.0,0.0,0.0,0.0,0.0,0.0,0.0,0.0,44.0,0.0,457.0,61.0,137.0,0.445,22.0,61.0,0.361,39.0,76.0,0.513,0.526,29.0,32.0,0.906,33.0,71.0,104.0,30.0,8.0,6.0,22.0,60.0,173.0,0.0,13.2,0.573,0.445,0.234,7.4,17.3,12.2,9.0,0.9,1.0,12.7,16.0,0.8,0.3,1.1,0.112,-0.2,-0.8,-1.1,0.1,0.0,2008
317,Melvin Ely,11.9,1.6,3.5,0.472,0.0,0.0,0.0,1.6,3.5,0.472,0.472,0.6,1.1,0.552,0.5,2.3,2.8,0.4,0.1,0.3,0.8,1.5,3.9,0.0,0.0,1260.0,0.0,0.0,0.0,0.0,0.0,0.0,0.0,0.0,0.0,0.0,0.0,0.0,0.0,52.0,1.0,621.0,85.0,180.0,0.472,0.0,0.0,0.0,85.0,180.0,0.472,0.472,32.0,58.0,0.552,28.0,117.0,145.0,22.0,7.0,18.0,42.0,79.0,202.0,0.0,9.0,0.491,0.0,0.322,5.1,22.6,13.6,5.4,0.6,2.3,17.0,18.5,-0.5,0.8,0.3,0.022,-5.1,-0.2,-5.2,-0.5,0.0,2008
318,Steve Novak,7.5,1.4,2.9,0.48,1.0,2.0,0.479,0.4,0.9,0.484,0.647,0.1,0.1,0.75,0.1,0.9,1.0,0.2,0.1,0.1,0.1,0.5,3.9,0.0,0.0,1260.0,0.0,0.0,0.0,0.0,0.0,0.0,0.0,0.0,0.0,0.0,0.0,0.0,0.0,35.0,0.0,264.0,49.0,102.0,0.48,34.0,71.0,0.479,15.0,31.0,0.484,0.647,3.0,4.0,0.75,4.0,31.0,35.0,6.0,2.0,3.0,4.0,17.0,135.0,0.0,17.3,0.651,0.696,0.039,1.7,13.0,7.5,3.9,0.4,0.8,3.7,18.7,0.7,0.3,1.1,0.196,4.3,-0.1,4.2,0.4,0.0,2008
319,Chris Webber,14.0,1.7,3.4,0.484,0.0,0.0,0.0,1.7,3.4,0.484,0.484,0.6,1.3,0.417,0.2,3.3,3.6,2.0,0.4,0.7,1.2,1.9,3.9,0.0,0.0,1260.0,0.0,0.0,0.0,0.0,0.0,0.0,0.0,0.0,0.0,0.0,0.0,0.0,0.0,9.0,8.0,126.0,15.0,31.0,0.484,0.0,0.0,0.0,15.0,31.0,0.484,0.484,5.0,12.0,0.417,2.0,30.0,32.0,18.0,4.0,6.0,11.0,17.0,35.0,0.0,10.7,0.482,0.0,0.387,1.6,26.5,13.6,19.3,1.5,3.5,23.3,15.8,-0.1,0.2,0.1,0.025,-3.6,2.5,-1.1,0.0,0.0,2008
320,Julian Wright,11.2,1.6,3.0,0.533,0.2,0.4,0.417,1.4,2.5,0.552,0.562,0.6,0.9,0.635,0.6,1.5,2.1,0.7,0.5,0.2,0.6,0.8,3.9,0.0,0.0,1260.0,0.0,0.0,0.0,0.0,0.0,0.0,0.0,0.0,0.0,0.0,0.0,0.0,0.0,57.0,1.0,640.0,90.0,169.0,0.533,10.0,24.0,0.417,80.0,145.0,0.552,0.562,33.0,52.0,0.635,33.0,84.0,117.0,40.0,29.0,12.0,34.0,43.0,223.0,0.0,15.4,0.581,0.142,0.308,5.9,15.7,10.7,9.5,2.4,1.5,15.1,16.4,0.7,0.9,1.7,0.126,0.3,1.5,1.8,0.6,0.0,2008
321,Bobby Jones,11.3,1.3,3.0,0.429,0.4,1.1,0.34,0.9,1.9,0.483,0.493,0.9,1.1,0.784,0.6,1.3,2.0,0.6,0.3,0.1,0.6,1.8,3.8,0.0,0.0,1260.0,0.0,0.0,0.0,0.0,0.0,0.0,0.0,0.0,0.0,0.0,0.0,0.0,0.0,47.0,2.0,531.0,60.0,140.0,0.429,18.0,53.0,0.34,42.0,87.0,0.483,0.493,40.0,51.0,0.784,29.0,63.0,92.0,28.0,15.0,3.0,28.0,85.0,178.0,0.0,9.9,0.548,0.379,0.364,6.2,13.3,9.8,7.9,1.4,0.4,14.7,15.9,0.4,0.4,0.8,0.07,-3.3,-0.4,-3.7,-0.2,0.0,2008
322,Ira Newble,14.2,1.6,3.6,0.437,0.3,1.0,0.327,1.2,2.6,0.48,0.483,0.4,0.5,0.769,1.0,1.6,2.6,0.4,0.6,0.2,0.7,1.4,3.8,0.0,0.0,1260.0,0.0,0.0,0.0,0.0,0.0,0.0,0.0,0.0,0.0,0.0,0.0,0.0,0.0,49.0,13.0,698.0,76.0,174.0,0.437,16.0,49.0,0.327,60.0,125.0,0.48,0.483,20.0,26.0,0.769,47.0,78.0,125.0,18.0,28.0,8.0,34.0,69.0,188.0,0.0,9.7,0.507,0.282,0.149,7.5,13.1,10.2,4.0,2.1,0.9,15.5,14.2,0.1,0.8,0.9,0.061,-2.9,-0.1,-3.0,-0.2,0.0,2008
323,Anfernee Hardaway,20.3,1.4,3.8,0.367,0.5,1.2,0.421,0.9,2.6,0.341,0.433,0.5,0.6,0.889,0.2,2.0,2.2,2.2,1.2,0.1,0.8,1.5,3.8,0.0,0.0,1260.0,0.0,0.0,0.0,0.0,0.0,0.0,0.0,0.0,0.0,0.0,0.0,0.0,0.0,16.0,8.0,325.0,22.0,60.0,0.367,8.0,19.0,0.421,14.0,41.0,0.341,0.433,8.0,9.0,0.889,3.0,32.0,35.0,35.0,19.0,1.0,13.0,24.0,60.0,0.0,9.0,0.469,0.317,0.15,1.1,12.0,6.5,16.8,3.1,0.2,16.9,11.2,-0.1,0.3,0.2,0.036,-3.4,2.3,-1.1,0.1,0.0,2008
324,Donyell Marshall,13.1,1.2,3.8,0.327,0.6,2.0,0.283,0.7,1.7,0.378,0.403,0.7,0.8,0.864,0.9,2.0,2.9,0.4,0.2,0.6,0.6,1.2,3.8,0.0,0.0,1260.0,0.0,0.0,0.0,0.0,0.0,0.0,0.0,0.0,0.0,0.0,0.0,0.0,0.0,26.0,1.0,340.0,32.0,98.0,0.327,15.0,53.0,0.283,17.0,45.0,0.378,0.403,19.0,22.0,0.864,24.0,52.0,76.0,10.0,6.0,16.0,15.0,31.0,98.0,0.0,9.8,0.455,0.541,0.224,7.8,17.2,12.4,4.4,0.9,3.6,12.2,16.0,-0.1,0.4,0.3,0.042,-2.2,-1.0,-3.1,-0.1,0.0,2008
325,Arron Afflalo,12.9,1.3,3.2,0.411,0.1,0.6,0.208,1.2,2.6,0.461,0.432,0.9,1.2,0.782,0.5,1.3,1.8,0.7,0.4,0.1,0.5,1.1,3.7,0.0,0.0,1260.0,0.0,0.0,0.0,0.0,0.0,0.0,0.0,0.0,0.0,0.0,0.0,0.0,0.0,75.0,9.0,970.0,99.0,241.0,0.411,10.0,48.0,0.208,89.0,193.0,0.461,0.432,68.0,87.0,0.782,36.0,101.0,137.0,52.0,31.0,8.0,34.0,83.0,276.0,0.0,10.2,0.494,0.199,0.361,4.4,12.5,8.4,8.1,1.8,0.7,10.9,15.2,0.5,1.4,1.9,0.092,-2.6,1.0,-1.5,0.1,0.0,2008
326,Devean George,15.5,1.4,3.9,0.357,0.4,1.3,0.324,1.0,2.6,0.374,0.411,0.5,0.6,0.706,0.5,2.1,2.6,0.7,0.4,0.2,0.5,1.7,3.7,0.0,0.0,1260.0,0.0,0.0,0.0,0.0,0.0,0.0,0.0,0.0,0.0,0.0,0.0,0.0,0.0,53.0,4.0,821.0,74.0,207.0,0.357,22.0,68.0,0.324,52.0,139.0,0.374,0.411,24.0,34.0,0.706,28.0,109.0,137.0,35.0,19.0,13.0,24.0,90.0,194.0,0.0,7.0,0.437,0.329,0.164,4.1,14.9,9.6,6.3,1.2,1.2,9.8,14.0,-0.3,1.0,0.7,0.039,-3.4,0.6,-2.8,-0.2,0.0,2008
327,Jared Jeffries,18.2,1.5,3.7,0.4,0.1,0.3,0.16,1.4,3.4,0.424,0.407,0.7,1.3,0.527,1.6,1.7,3.3,0.9,0.5,0.3,0.9,1.8,3.7,0.0,0.0,1260.0,0.0,0.0,0.0,0.0,0.0,0.0,0.0,0.0,0.0,0.0,0.0,0.0,0.0,73.0,19.0,1325.0,108.0,270.0,0.4,4.0,25.0,0.16,104.0,245.0,0.424,0.407,49.0,93.0,0.527,118.0,125.0,243.0,66.0,36.0,23.0,64.0,132.0,269.0,0.0,7.9,0.433,0.093,0.344,9.8,11.1,10.4,7.5,1.4,1.3,17.1,12.7,-0.5,0.6,0.1,0.002,-3.4,-0.7,-4.1,-0.7,0.0,2008
328,Eddie Jones,19.6,1.4,3.8,0.367,0.7,2.5,0.293,0.7,1.4,0.5,0.461,0.2,0.3,0.714,0.4,2.4,2.8,1.5,0.6,0.2,0.6,1.5,3.7,0.0,0.0,1260.0,0.0,0.0,0.0,0.0,0.0,0.0,0.0,0.0,0.0,0.0,0.0,0.0,0.0,47.0,33.0,922.0,66.0,180.0,0.367,34.0,116.0,0.293,32.0,64.0,0.5,0.461,10.0,14.0,0.714,18.0,114.0,132.0,69.0,26.0,8.0,29.0,72.0,176.0,0.0,7.6,0.473,0.644,0.078,2.3,13.8,8.3,10.8,1.5,0.6,13.5,10.9,0.1,1.0,1.1,0.058,-2.3,1.3,-1.0,0.2,0.0,2008
329,Ronnie Price,9.6,1.4,3.3,0.431,0.4,1.2,0.347,1.0,2.1,0.481,0.495,0.4,0.6,0.684,0.1,0.6,0.8,1.3,0.5,0.0,0.5,1.4,3.7,0.0,0.0,1260.0,0.0,0.0,0.0,0.0,0.0,0.0,0.0,0.0,0.0,0.0,0.0,0.0,0.0,61.0,3.0,588.0,88.0,204.0,0.431,26.0,75.0,0.347,62.0,129.0,0.481,0.495,26.0,38.0,0.684,8.0,38.0,46.0,78.0,32.0,3.0,30.0,83.0,228.0,0.0,12.3,0.516,0.368,0.186,1.7,7.8,4.8,19.4,2.8,0.4,12.0,19.1,0.5,0.6,1.1,0.094,-1.8,1.1,-0.7,0.2,0.0,2008
330,Alando Tucker,8.0,1.3,3.7,0.364,0.2,0.7,0.25,1.2,3.0,0.389,0.386,0.8,1.0,0.833,0.7,0.7,1.3,0.0,0.0,0.2,0.0,0.3,3.7,0.0,0.0,1260.0,0.0,0.0,0.0,0.0,0.0,0.0,0.0,0.0,0.0,0.0,0.0,0.0,0.0,6.0,0.0,48.0,8.0,22.0,0.364,1.0,4.0,0.25,7.0,18.0,0.389,0.386,5.0,6.0,0.833,4.0,4.0,8.0,0.0,0.0,1.0,0.0,2.0,22.0,0.0,11.8,0.446,0.182,0.273,10.2,8.7,9.4,0.0,0.0,1.4,0.0,23.0,0.0,0.0,0.0,0.042,-2.8,-4.5,-7.2,-0.1,0.0,2008
331,C.J. Watson,11.5,1.3,3.2,0.426,0.3,0.8,0.346,1.1,2.3,0.453,0.47,0.7,0.9,0.793,0.4,0.6,1.0,1.1,0.5,0.0,0.6,0.6,3.7,0.0,0.0,1260.0,0.0,0.0,0.0,0.0,0.0,0.0,0.0,0.0,0.0,0.0,0.0,0.0,0.0,32.0,0.0,368.0,43.0,101.0,0.426,9.0,26.0,0.346,34.0,75.0,0.453,0.47,23.0,29.0,0.793,13.0,19.0,32.0,35.0,15.0,0.0,18.0,19.0,118.0,0.0,11.0,0.519,0.257,0.287,3.6,5.8,4.7,12.8,2.0,0.0,13.7,15.1,0.3,0.1,0.4,0.056,-2.0,-0.9,-2.8,-0.1,0.0,2008
332,Joey Graham,8.7,1.3,3.0,0.434,0.1,0.1,0.667,1.2,2.9,0.427,0.442,1.0,1.2,0.844,0.5,1.3,1.8,0.4,0.1,0.0,0.6,1.2,3.6,0.0,0.0,1260.0,0.0,0.0,0.0,0.0,0.0,0.0,0.0,0.0,0.0,0.0,0.0,0.0,0.0,38.0,3.0,331.0,49.0,113.0,0.434,2.0,3.0,0.667,47.0,110.0,0.427,0.442,38.0,45.0,0.844,18.0,49.0,67.0,15.0,3.0,0.0,23.0,47.0,138.0,0.0,10.3,0.52,0.027,0.398,6.4,17.7,12.0,7.0,0.5,0.0,14.8,22.2,0.0,0.3,0.3,0.04,-4.3,-2.2,-6.5,-0.4,0.0,2008
333,Mike Harris,9.4,1.6,3.2,0.5,0.0,0.1,0.0,1.6,3.1,0.519,0.5,0.5,0.8,0.615,1.4,1.8,3.2,0.2,0.4,0.2,0.5,0.9,3.6,0.0,0.0,1260.0,0.0,0.0,0.0,0.0,0.0,0.0,0.0,0.0,0.0,0.0,0.0,0.0,0.0,17.0,0.0,159.0,27.0,54.0,0.5,0.0,2.0,0.0,27.0,52.0,0.519,0.5,8.0,13.0,0.615,24.0,30.0,54.0,3.0,6.0,3.0,9.0,16.0,62.0,0.0,17.1,0.519,0.037,0.241,17.3,21.0,19.2,3.2,2.0,1.4,13.1,19.7,0.1,0.3,0.5,0.143,-0.1,0.5,0.3,0.1,0.0,2008
334,Amir Johnson,12.3,1.5,2.7,0.558,0.0,0.0,0.0,1.5,2.7,0.558,0.558,0.6,0.9,0.673,1.4,2.4,3.8,0.5,0.4,1.3,0.6,2.3,3.6,0.0,0.0,1260.0,0.0,0.0,0.0,0.0,0.0,0.0,0.0,0.0,0.0,0.0,0.0,0.0,0.0,62.0,0.0,764.0,92.0,165.0,0.558,0.0,0.0,0.0,92.0,165.0,0.558,0.558,37.0,55.0,0.673,87.0,148.0,235.0,29.0,24.0,82.0,39.0,141.0,221.0,0.0,17.5,0.584,0.0,0.333,13.5,23.2,18.4,5.9,1.7,8.5,17.1,14.1,1.1,1.9,3.0,0.19,-2.4,3.7,1.3,0.6,0.0,2008
335,Viktor Khryapa,11.7,1.3,3.4,0.387,0.0,0.1,0.0,1.3,3.3,0.4,0.387,0.9,1.6,0.571,0.7,1.6,2.2,0.9,0.7,0.0,0.7,1.2,3.6,0.0,0.0,1260.0,0.0,0.0,0.0,0.0,0.0,0.0,0.0,0.0,0.0,0.0,0.0,0.0,0.0,9.0,0.0,105.0,12.0,31.0,0.387,0.0,1.0,0.0,12.0,30.0,0.4,0.387,8.0,14.0,0.571,6.0,14.0,20.0,8.0,6.0,0.0,6.0,11.0,32.0,0.0,9.7,0.431,0.032,0.452,6.2,15.6,10.7,11.9,2.9,0.0,13.9,18.2,-0.1,0.1,0.0,0.02,-3.3,1.5,-1.8,0.0,0.0,2008
336,Tarence Kinsey,8.7,1.5,3.5,0.421,0.3,0.6,0.429,1.2,2.8,0.419,0.461,0.5,0.5,0.833,0.3,0.8,1.1,0.2,0.3,0.0,0.3,1.0,3.6,0.0,0.0,1260.0,0.0,0.0,0.0,0.0,0.0,0.0,0.0,0.0,0.0,0.0,0.0,0.0,0.0,11.0,0.0,96.0,16.0,38.0,0.421,3.0,7.0,0.429,13.0,31.0,0.419,0.461,5.0,6.0,0.833,3.0,9.0,12.0,2.0,3.0,0.0,3.0,11.0,40.0,0.0,10.3,0.492,0.184,0.158,3.5,10.6,7.0,3.4,1.6,0.0,6.9,20.2,0.0,0.0,0.0,0.02,-2.7,-0.5,-3.2,0.0,0.0,2008
337,Chris Mihm,12.1,1.4,4.1,0.337,0.0,0.0,0.0,1.4,4.1,0.337,0.337,0.8,1.2,0.667,1.2,2.1,3.3,0.6,0.2,0.6,0.7,1.8,3.6,0.0,0.0,1260.0,0.0,0.0,0.0,0.0,0.0,0.0,0.0,0.0,0.0,0.0,0.0,0.0,0.0,23.0,5.0,278.0,32.0,95.0,0.337,0.0,0.0,0.0,32.0,95.0,0.337,0.337,18.0,27.0,0.667,28.0,49.0,77.0,13.0,4.0,14.0,17.0,42.0,82.0,0.0,7.7,0.384,0.0,0.284,11.7,18.8,15.4,6.6,0.7,3.6,13.7,19.6,-0.4,0.4,0.0,-0.004,-6.2,-1.8,-8.0,-0.4,0.0,2008
338,Oleksiy Pecherov,9.1,1.3,3.6,0.352,0.5,1.7,0.283,0.8,1.9,0.415,0.42,0.6,0.9,0.645,0.6,1.3,1.9,0.2,0.2,0.1,0.5,0.9,3.6,0.0,0.0,1260.0,0.0,0.0,0.0,0.0,0.0,0.0,0.0,0.0,0.0,0.0,0.0,0.0,0.0,35.0,0.0,320.0,44.0,125.0,0.352,17.0,60.0,0.283,27.0,65.0,0.415,0.42,20.0,31.0,0.645,21.0,45.0,66.0,7.0,6.0,5.0,17.0,30.0,125.0,0.0,9.6,0.451,0.48,0.248,7.5,16.9,12.1,3.6,1.0,1.3,10.9,22.4,-0.2,0.2,0.0,-0.002,-2.7,-3.4,-6.1,-0.3,0.0,2008
339,Joel Anthony,20.8,1.2,2.5,0.467,0.0,0.0,0.0,1.2,2.5,0.467,0.467,1.2,2.0,0.592,1.6,2.3,3.9,0.1,0.4,1.3,0.7,2.3,3.5,0.0,0.0,1260.0,0.0,0.0,0.0,0.0,0.0,0.0,0.0,0.0,0.0,0.0,0.0,0.0,0.0,24.0,1.0,498.0,28.0,60.0,0.467,0.0,0.0,0.0,28.0,60.0,0.467,0.467,29.0,49.0,0.592,38.0,55.0,93.0,3.0,9.0,31.0,17.0,55.0,85.0,0.0,8.8,0.521,0.0,0.817,9.0,13.4,11.2,0.9,1.0,5.0,17.2,9.4,0.1,0.4,0.6,0.054,-5.3,-0.3,-5.5,-0.4,0.0,2008
340,Ian Mahinmi,3.8,1.0,2.0,0.5,0.0,0.0,0.0,1.0,2.0,0.5,0.5,1.5,1.5,1.0,0.0,0.8,0.8,0.2,0.0,0.7,0.3,0.7,3.5,0.0,0.0,1260.0,0.0,0.0,0.0,0.0,0.0,0.0,0.0,0.0,0.0,0.0,0.0,0.0,0.0,6.0,0.0,23.0,6.0,12.0,0.5,0.0,0.0,0.0,6.0,12.0,0.5,0.5,9.0,9.0,1.0,0.0,5.0,5.0,1.0,0.0,4.0,2.0,4.0,21.0,0.0,35.3,0.658,0.0,0.75,0.0,25.3,12.8,9.0,0.0,13.2,11.1,37.4,0.1,0.1,0.2,0.372,0.8,5.8,6.6,0.0,0.0,2008
341,Malik Rose,10.1,1.3,3.7,0.367,0.0,0.1,0.286,1.3,3.5,0.37,0.372,0.8,1.0,0.725,0.6,1.5,2.1,0.6,0.3,0.1,0.8,1.6,3.5,0.0,0.0,1260.0,0.0,0.0,0.0,0.0,0.0,0.0,0.0,0.0,0.0,0.0,0.0,0.0,0.0,49.0,3.0,494.0,66.0,180.0,0.367,2.0,7.0,0.286,64.0,173.0,0.37,0.372,37.0,51.0,0.725,31.0,72.0,103.0,28.0,16.0,7.0,40.0,80.0,171.0,0.0,7.3,0.422,0.039,0.283,6.9,17.1,11.9,9.3,1.7,1.1,16.5,22.0,-0.9,0.4,-0.5,-0.052,-6.3,-1.2,-7.5,-0.7,0.0,2008
342,Awvee Storey,10.0,1.5,3.4,0.438,0.0,0.3,0.0,1.5,3.2,0.476,0.438,0.5,1.1,0.483,1.2,0.9,2.1,0.6,0.3,0.0,0.4,1.6,3.5,0.0,0.0,1260.0,0.0,0.0,0.0,0.0,0.0,0.0,0.0,0.0,0.0,0.0,0.0,0.0,0.0,26.0,0.0,259.0,39.0,89.0,0.438,0.0,7.0,0.0,39.0,82.0,0.476,0.438,14.0,29.0,0.483,31.0,23.0,54.0,16.0,7.0,1.0,10.0,41.0,92.0,0.0,11.5,0.452,0.079,0.326,13.5,10.9,12.3,10.1,1.4,0.3,8.9,19.4,0.1,0.0,0.2,0.031,-2.7,-2.5,-5.2,-0.2,0.0,2008
343,Walter Herrmann,8.3,1.2,3.2,0.389,0.4,1.4,0.313,0.8,1.8,0.45,0.458,0.5,0.6,0.84,0.5,1.1,1.6,0.4,0.2,0.0,0.3,0.5,3.4,0.0,0.0,1260.0,0.0,0.0,0.0,0.0,0.0,0.0,0.0,0.0,0.0,0.0,0.0,0.0,0.0,45.0,0.0,373.0,56.0,144.0,0.389,20.0,64.0,0.313,36.0,80.0,0.45,0.458,21.0,25.0,0.84,22.0,51.0,73.0,18.0,7.0,1.0,12.0,24.0,153.0,0.0,13.2,0.494,0.444,0.174,6.9,16.1,11.5,8.0,1.0,0.2,7.2,20.8,0.3,0.4,0.7,0.086,0.7,-1.0,-0.3,0.2,0.0,2008
344,Renaldo Balkman,14.6,1.4,2.9,0.489,0.0,0.2,0.083,1.4,2.7,0.517,0.492,0.6,1.5,0.432,1.3,2.0,3.3,0.6,0.7,0.5,0.6,2.0,3.4,0.0,0.0,1260.0,0.0,0.0,0.0,0.0,0.0,0.0,0.0,0.0,0.0,0.0,0.0,0.0,0.0,65.0,0.0,952.0,91.0,186.0,0.489,1.0,12.0,0.083,90.0,174.0,0.517,0.492,41.0,95.0,0.432,83.0,133.0,216.0,40.0,44.0,30.0,37.0,132.0,224.0,0.0,11.5,0.492,0.065,0.511,9.6,16.4,12.9,6.5,2.4,2.4,14.0,12.5,0.4,0.9,1.3,0.065,-2.9,1.0,-1.8,0.0,0.0,2008
345,Brian Cardinal,11.9,1.2,3.4,0.341,0.7,2.2,0.309,0.5,1.2,0.4,0.44,0.4,0.5,0.684,0.7,1.9,2.6,0.6,0.3,0.1,0.6,1.7,3.4,0.0,0.0,1260.0,0.0,0.0,0.0,0.0,0.0,0.0,0.0,0.0,0.0,0.0,0.0,0.0,0.0,37.0,1.0,440.0,43.0,126.0,0.341,25.0,81.0,0.309,18.0,45.0,0.4,0.44,13.0,19.0,0.684,26.0,70.0,96.0,22.0,10.0,2.0,23.0,62.0,124.0,0.0,7.3,0.461,0.643,0.151,6.6,18.0,12.2,7.4,1.1,0.3,14.6,15.9,-0.2,0.2,0.0,0.003,-3.9,-1.3,-5.2,-0.4,0.0,2008
346,DerMarr Johnson,5.6,1.4,2.8,0.5,0.6,1.8,0.333,0.8,1.0,0.8,0.607,0.0,0.4,0.0,0.0,0.2,0.2,0.2,0.2,0.0,0.0,0.8,3.4,0.0,0.0,1260.0,0.0,0.0,0.0,0.0,0.0,0.0,0.0,0.0,0.0,0.0,0.0,0.0,0.0,5.0,0.0,28.0,7.0,14.0,0.5,3.0,9.0,0.333,4.0,5.0,0.8,0.607,0.0,2.0,0.0,0.0,1.0,1.0,1.0,1.0,0.0,0.0,4.0,17.0,0.0,17.3,0.571,0.643,0.143,0.0,4.2,2.1,7.2,1.9,0.0,0.0,25.5,0.0,0.0,0.1,0.143,1.7,0.8,2.5,0.0,0.0,2008
347,Francisco Elson,12.9,1.5,3.7,0.39,0.0,0.0,0.0,1.5,3.7,0.391,0.39,0.4,0.6,0.703,0.8,2.4,3.2,0.4,0.2,0.3,0.7,1.5,3.3,0.0,0.0,1260.0,0.0,0.0,0.0,0.0,0.0,0.0,0.0,0.0,0.0,0.0,0.0,0.0,0.0,63.0,5.0,813.0,92.0,236.0,0.39,0.0,1.0,0.0,92.0,235.0,0.391,0.39,26.0,37.0,0.703,50.0,150.0,200.0,24.0,15.0,20.0,47.0,96.0,210.0,0.0,6.9,0.416,0.004,0.157,7.1,21.0,14.2,4.6,1.0,1.8,15.7,17.0,-1.3,1.2,0.0,-0.001,-6.3,0.0,-6.3,-0.9,0.0,2008
348,Brian Skinner,12.8,1.4,3.0,0.465,0.0,0.0,0.667,1.4,3.0,0.462,0.47,0.5,1.0,0.524,1.0,2.7,3.6,0.2,0.3,1.2,0.6,1.7,3.3,0.0,0.0,1260.0,0.0,0.0,0.0,0.0,0.0,0.0,0.0,0.0,0.0,0.0,0.0,0.0,0.0,66.0,0.0,844.0,92.0,198.0,0.465,2.0,3.0,0.667,90.0,195.0,0.462,0.47,33.0,63.0,0.524,63.0,175.0,238.0,15.0,21.0,77.0,39.0,112.0,219.0,0.0,11.4,0.485,0.015,0.318,9.2,21.7,15.9,2.4,1.2,6.0,14.7,14.0,-0.2,1.4,1.2,0.069,-4.1,1.1,-3.0,-0.2,0.0,2008
349,Mardy Collins,13.8,1.2,3.8,0.326,0.2,0.7,0.25,1.1,3.1,0.343,0.349,0.5,0.8,0.605,0.4,1.2,1.6,1.9,0.5,0.2,1.2,1.2,3.2,0.0,0.0,1260.0,0.0,0.0,0.0,0.0,0.0,0.0,0.0,0.0,0.0,0.0,0.0,0.0,0.0,46.0,8.0,634.0,57.0,175.0,0.326,8.0,32.0,0.25,49.0,143.0,0.343,0.349,23.0,38.0,0.605,19.0,56.0,75.0,89.0,24.0,8.0,56.0,56.0,145.0,0.0,5.9,0.378,0.183,0.217,3.3,10.4,6.7,21.4,2.0,1.0,22.6,17.5,-1.4,0.3,-1.0,-0.079,-5.5,-0.9,-6.4,-0.7,0.0,2008
350,Jermareo Davidson,8.5,1.3,3.3,0.408,0.0,0.0,0.0,1.3,3.3,0.408,0.408,0.5,0.7,0.643,0.6,1.1,1.6,0.3,0.2,0.4,0.4,1.2,3.2,0.0,0.0,1260.0,0.0,0.0,0.0,0.0,0.0,0.0,0.0,0.0,0.0,0.0,0.0,0.0,0.0,38.0,2.0,322.0,51.0,125.0,0.408,0.0,0.0,0.0,51.0,125.0,0.408,0.408,18.0,28.0,0.643,21.0,41.0,62.0,13.0,7.0,15.0,17.0,46.0,120.0,0.0,9.8,0.437,0.0,0.224,7.5,14.7,11.1,6.9,1.1,3.5,11.0,21.9,-0.4,0.3,-0.1,-0.012,-4.6,-0.6,-5.2,-0.3,0.0,2008
351,Dan Gadzuric,10.5,1.3,3.0,0.416,0.0,0.0,0.0,1.3,3.0,0.418,0.416,0.6,1.2,0.524,1.3,1.5,2.8,0.2,0.4,0.5,0.7,1.6,3.2,0.0,0.0,1260.0,0.0,0.0,0.0,0.0,0.0,0.0,0.0,0.0,0.0,0.0,0.0,0.0,0.0,51.0,4.0,534.0,64.0,154.0,0.416,0.0,1.0,0.0,64.0,153.0,0.418,0.416,33.0,63.0,0.524,67.0,77.0,144.0,11.0,20.0,24.0,34.0,83.0,161.0,0.0,10.7,0.443,0.006,0.409,14.2,17.7,15.9,3.2,2.0,3.5,15.8,18.2,-0.4,0.4,0.1,0.006,-4.8,-1.3,-6.1,-0.6,0.0,2008
352,Dahntay Jones,8.2,0.9,2.1,0.434,0.0,0.2,0.167,0.9,1.9,0.468,0.443,1.4,2.0,0.667,0.3,1.1,1.4,0.5,0.3,0.2,0.4,1.1,3.2,0.0,0.0,1260.0,0.0,0.0,0.0,0.0,0.0,0.0,0.0,0.0,0.0,0.0,0.0,0.0,0.0,25.0,0.0,206.0,23.0,53.0,0.434,1.0,6.0,0.167,22.0,47.0,0.468,0.443,34.0,51.0,0.667,7.0,28.0,35.0,12.0,8.0,6.0,10.0,28.0,81.0,0.0,13.5,0.537,0.113,0.962,4.1,15.7,10.0,8.9,2.0,2.3,11.7,18.5,0.2,0.2,0.4,0.096,-1.7,1.1,-0.6,0.1,0.0,2008
353,Jorge Garbajosa,10.6,1.1,3.6,0.32,0.9,2.3,0.375,0.3,1.3,0.222,0.44,0.0,0.0,0.0,0.3,1.9,2.1,0.4,0.4,0.0,0.1,0.3,3.1,0.0,0.0,1260.0,0.0,0.0,0.0,0.0,0.0,0.0,0.0,0.0,0.0,0.0,0.0,0.0,0.0,7.0,0.0,74.0,8.0,25.0,0.32,6.0,16.0,0.375,2.0,9.0,0.222,0.44,0.0,0.0,0.0,2.0,13.0,15.0,3.0,3.0,0.0,1.0,2.0,22.0,0.0,10.4,0.44,0.64,0.0,3.2,20.9,12.0,5.9,2.2,0.0,3.8,16.6,0.0,0.1,0.1,0.047,-0.3,-0.2,-0.5,0.0,0.0,2008
354,Troy Hudson,10.3,1.0,3.4,0.29,0.4,1.3,0.333,0.6,2.1,0.263,0.355,0.7,0.7,1.0,0.0,0.8,0.8,1.0,0.3,0.0,0.8,0.4,3.1,0.0,0.0,1260.0,0.0,0.0,0.0,0.0,0.0,0.0,0.0,0.0,0.0,0.0,0.0,0.0,0.0,9.0,0.0,93.0,9.0,31.0,0.29,4.0,12.0,0.333,5.0,19.0,0.263,0.355,6.0,6.0,1.0,0.0,7.0,7.0,9.0,3.0,0.0,7.0,4.0,28.0,0.0,5.2,0.416,0.387,0.194,0.0,8.4,4.0,12.7,1.6,0.0,17.2,18.4,-0.2,0.0,-0.1,-0.062,-4.6,-1.7,-6.3,-0.1,0.0,2008
355,Sean Marks,6.8,1.2,2.3,0.535,0.1,0.2,0.25,1.2,2.1,0.564,0.547,0.6,1.0,0.632,0.5,1.4,1.9,0.2,0.2,0.5,0.4,1.2,3.1,0.0,0.0,1260.0,0.0,0.0,0.0,0.0,0.0,0.0,0.0,0.0,0.0,0.0,0.0,0.0,0.0,19.0,0.0,130.0,23.0,43.0,0.535,1.0,4.0,0.25,22.0,39.0,0.564,0.547,12.0,19.0,0.632,9.0,27.0,36.0,4.0,3.0,10.0,8.0,23.0,59.0,0.0,16.1,0.574,0.093,0.442,8.5,21.7,15.6,4.5,1.1,5.0,13.5,20.4,0.1,0.2,0.3,0.121,-3.2,1.1,-2.1,0.0,0.0,2008
356,Randolph Morris,10.1,1.2,3.2,0.362,0.0,0.0,0.0,1.2,3.2,0.362,0.362,0.8,1.6,0.483,0.7,1.4,2.1,0.1,0.2,0.1,0.5,2.1,3.1,0.0,0.0,1260.0,0.0,0.0,0.0,0.0,0.0,0.0,0.0,0.0,0.0,0.0,0.0,0.0,0.0,18.0,2.0,181.0,21.0,58.0,0.362,0.0,0.0,0.0,21.0,58.0,0.362,0.362,14.0,29.0,0.483,12.0,25.0,37.0,2.0,4.0,2.0,9.0,37.0,56.0,0.0,4.3,0.396,0.0,0.5,7.3,16.2,11.6,1.8,1.2,0.9,11.3,19.8,-0.3,0.1,-0.2,-0.061,-8.7,-2.9,-11.6,-0.4,0.0,2008
357,Andre Brown,8.7,1.2,2.4,0.5,0.0,0.0,0.0,1.2,2.4,0.5,0.5,0.7,1.5,0.449,1.1,1.7,2.8,0.2,0.2,0.1,0.4,1.2,3.0,0.0,0.0,1260.0,0.0,0.0,0.0,0.0,0.0,0.0,0.0,0.0,0.0,0.0,0.0,0.0,0.0,33.0,1.0,286.0,39.0,78.0,0.5,0.0,0.0,0.0,39.0,78.0,0.5,0.5,22.0,49.0,0.449,37.0,55.0,92.0,8.0,7.0,4.0,14.0,38.0,100.0,0.0,13.5,0.502,0.0,0.628,14.4,21.8,18.0,4.4,1.2,1.0,12.3,17.7,0.2,0.2,0.4,0.068,-2.5,-2.2,-4.7,-0.2,0.0,2008
358,Marcin Gortat,6.8,1.3,2.8,0.471,0.0,0.0,0.0,1.3,2.8,0.471,0.471,0.3,0.5,0.667,1.3,1.3,2.7,0.3,0.2,0.2,0.3,0.7,3.0,0.0,0.0,1260.0,0.0,0.0,0.0,0.0,0.0,0.0,0.0,0.0,0.0,0.0,0.0,0.0,0.0,6.0,0.0,41.0,8.0,17.0,0.471,0.0,0.0,0.0,8.0,17.0,0.471,0.471,2.0,3.0,0.667,8.0,8.0,16.0,2.0,1.0,1.0,2.0,4.0,18.0,0.0,19.8,0.491,0.0,0.176,23.5,21.6,22.5,8.4,1.3,1.8,9.8,22.7,0.1,0.1,0.1,0.158,-1.3,-2.2,-3.4,0.0,0.0,2008
359,Chuck Hayes,19.9,1.4,2.8,0.511,0.0,0.0,0.0,1.4,2.8,0.518,0.511,0.1,0.3,0.458,1.7,3.7,5.4,1.2,1.1,0.5,0.8,2.7,3.0,0.0,0.0,1260.0,0.0,0.0,0.0,0.0,0.0,0.0,0.0,0.0,0.0,0.0,0.0,0.0,0.0,79.0,44.0,1575.0,113.0,221.0,0.511,0.0,3.0,0.0,113.0,218.0,0.518,0.511,11.0,24.0,0.458,132.0,295.0,427.0,91.0,85.0,43.0,62.0,212.0,237.0,0.0,11.2,0.512,0.014,0.109,9.6,20.8,15.3,8.4,2.9,2.0,21.1,8.5,0.8,3.7,4.4,0.136,-3.2,4.1,0.8,1.1,0.0,2008
360,Dikembe Mutombo,15.9,1.1,2.1,0.538,0.0,0.0,0.0,1.1,2.1,0.538,0.538,0.8,1.2,0.711,1.7,3.4,5.1,0.1,0.3,1.2,0.4,1.4,3.0,0.0,0.0,1260.0,0.0,0.0,0.0,0.0,0.0,0.0,0.0,0.0,0.0,0.0,0.0,0.0,0.0,39.0,25.0,619.0,43.0,80.0,0.538,0.0,0.0,0.0,43.0,80.0,0.538,0.538,32.0,45.0,0.711,68.0,131.0,199.0,5.0,11.0,48.0,17.0,55.0,118.0,0.0,14.5,0.591,0.0,0.563,12.6,23.5,18.1,1.2,0.9,5.7,14.6,8.6,0.9,1.4,2.3,0.178,-1.2,2.5,1.3,0.5,0.0,2008
361,DeSagana Diop,16.4,1.2,2.3,0.522,0.0,0.0,0.0,1.2,2.3,0.522,0.522,0.5,0.9,0.543,2.0,2.9,5.0,0.5,0.3,1.1,0.7,1.8,2.9,0.0,0.0,1260.0,0.0,0.0,0.0,0.0,0.0,0.0,0.0,0.0,0.0,0.0,0.0,0.0,0.0,79.0,23.0,1295.0,94.0,180.0,0.522,0.0,0.0,0.0,94.0,180.0,0.522,0.522,38.0,70.0,0.543,160.0,232.0,392.0,40.0,26.0,88.0,58.0,146.0,226.0,0.0,12.5,0.536,0.0,0.389,14.6,20.3,17.5,4.6,1.1,5.1,21.6,9.6,1.0,2.0,3.0,0.113,-1.7,1.1,-0.6,0.5,0.0,2008
362,Marco Belinelli,7.3,1.1,2.8,0.387,0.5,1.2,0.39,0.6,1.6,0.385,0.473,0.2,0.3,0.778,0.1,0.3,0.4,0.5,0.2,0.0,0.4,0.5,2.9,0.0,0.0,1260.0,0.0,0.0,0.0,0.0,0.0,0.0,0.0,0.0,0.0,0.0,0.0,0.0,0.0,33.0,0.0,241.0,36.0,93.0,0.387,16.0,41.0,0.39,20.0,52.0,0.385,0.473,7.0,9.0,0.778,3.0,11.0,14.0,15.0,5.0,0.0,12.0,15.0,95.0,0.0,8.2,0.49,0.441,0.097,1.3,5.1,3.1,8.8,1.0,0.0,11.0,19.1,0.0,0.0,0.0,-0.002,-2.2,-2.4,-4.6,-0.2,0.0,2008
363,Jason Hart,10.6,1.0,3.2,0.322,0.2,0.5,0.355,0.8,2.6,0.315,0.353,0.7,0.8,0.844,0.1,0.9,1.0,1.5,0.5,0.1,0.5,1.3,2.9,0.0,0.0,1260.0,0.0,0.0,0.0,0.0,0.0,0.0,0.0,0.0,0.0,0.0,0.0,0.0,0.0,57.0,0.0,606.0,58.0,180.0,0.322,11.0,31.0,0.355,47.0,149.0,0.315,0.353,38.0,45.0,0.844,5.0,50.0,55.0,86.0,30.0,3.0,28.0,75.0,165.0,0.0,8.0,0.413,0.172,0.25,1.0,10.0,5.5,19.3,2.5,0.4,12.3,16.8,-0.2,0.7,0.4,0.033,-4.1,0.8,-3.3,-0.2,0.0,2008
364,Darius Washington,8.1,1.2,2.7,0.438,0.2,0.7,0.333,0.9,2.0,0.472,0.479,0.4,0.7,0.538,0.2,0.9,1.1,0.8,0.3,0.0,0.8,0.9,2.9,0.0,0.0,1260.0,0.0,0.0,0.0,0.0,0.0,0.0,0.0,0.0,0.0,0.0,0.0,0.0,0.0,18.0,0.0,146.0,21.0,48.0,0.438,4.0,12.0,0.333,17.0,36.0,0.472,0.479,7.0,13.0,0.538,4.0,16.0,20.0,15.0,5.0,0.0,14.0,16.0,53.0,0.0,9.0,0.493,0.25,0.271,3.3,12.8,8.1,17.1,1.9,0.0,20.7,22.2,-0.2,0.2,0.0,0.012,-4.9,0.2,-4.7,-0.1,0.0,2008
365,Yakhouba Diawara,10.0,1.0,2.5,0.41,0.4,1.2,0.318,0.6,1.3,0.5,0.489,0.4,0.6,0.71,0.4,0.7,1.1,0.7,0.1,0.1,0.3,1.1,2.8,0.0,0.0,1260.0,0.0,0.0,0.0,0.0,0.0,0.0,0.0,0.0,0.0,0.0,0.0,0.0,0.0,54.0,14.0,542.0,55.0,134.0,0.41,21.0,66.0,0.318,34.0,68.0,0.5,0.489,22.0,31.0,0.71,23.0,39.0,62.0,37.0,8.0,3.0,16.0,61.0,153.0,0.0,8.1,0.518,0.493,0.231,4.7,7.6,6.2,9.3,0.7,0.4,9.8,12.8,0.5,0.3,0.7,0.065,-2.6,-1.1,-3.6,-0.2,0.0,2008
366,Mike Wilks,12.5,1.1,2.4,0.472,0.2,0.5,0.375,0.9,1.9,0.5,0.514,0.3,0.3,1.0,0.3,0.9,1.3,0.9,0.6,0.0,0.6,0.9,2.7,0.0,0.0,1260.0,0.0,0.0,0.0,0.0,0.0,0.0,0.0,0.0,0.0,0.0,0.0,0.0,0.0,15.0,0.0,188.0,17.0,36.0,0.472,3.0,8.0,0.375,14.0,28.0,0.5,0.514,4.0,4.0,1.0,5.0,14.0,19.0,14.0,9.0,0.0,9.0,13.0,41.0,0.0,8.6,0.543,0.222,0.111,3.0,8.3,5.6,11.3,2.4,0.0,19.2,10.7,0.0,0.2,0.2,0.052,-3.2,0.9,-2.3,0.0,0.0,2008
367,Eddie Gill,11.0,0.9,2.2,0.387,0.4,1.1,0.333,0.5,1.1,0.438,0.468,0.6,0.6,1.0,0.1,1.5,1.6,1.6,0.5,0.1,0.6,1.3,2.7,0.0,0.0,1260.0,0.0,0.0,0.0,0.0,0.0,0.0,0.0,0.0,0.0,0.0,0.0,0.0,0.0,14.0,1.0,154.0,12.0,31.0,0.387,5.0,15.0,0.333,7.0,16.0,0.438,0.468,9.0,9.0,1.0,1.0,21.0,22.0,22.0,7.0,2.0,9.0,18.0,38.0,0.0,10.9,0.543,0.484,0.29,0.8,15.8,8.3,22.1,2.4,1.0,20.5,13.0,0.1,0.2,0.2,0.077,-2.8,2.1,-0.6,0.1,0.0,2008
368,Hilton Armstrong,11.3,1.0,2.3,0.453,0.0,0.0,0.0,1.0,2.3,0.453,0.453,0.7,1.1,0.629,1.0,1.5,2.5,0.4,0.2,0.5,0.9,2.0,2.7,0.0,0.0,1260.0,0.0,0.0,0.0,0.0,0.0,0.0,0.0,0.0,0.0,0.0,0.0,0.0,0.0,65.0,3.0,732.0,67.0,148.0,0.453,0.0,0.0,0.0,67.0,148.0,0.453,0.453,44.0,70.0,0.629,65.0,98.0,163.0,23.0,15.0,34.0,59.0,130.0,178.0,0.0,7.7,0.498,0.0,0.473,10.1,16.0,13.0,4.4,1.1,3.6,24.8,15.1,-0.5,1.0,0.5,0.032,-6.3,0.5,-5.8,-0.7,0.0,2008
369,Maceo Baston,6.9,1.1,1.7,0.68,0.0,0.0,0.0,1.1,1.7,0.68,0.68,0.5,0.7,0.7,0.6,1.1,1.7,0.2,0.1,0.3,0.3,1.3,2.7,0.0,0.0,1260.0,0.0,0.0,0.0,0.0,0.0,0.0,0.0,0.0,0.0,0.0,0.0,0.0,0.0,15.0,2.0,103.0,17.0,25.0,0.68,0.0,0.0,0.0,17.0,25.0,0.68,0.68,7.0,10.0,0.7,9.0,17.0,26.0,3.0,2.0,4.0,4.0,20.0,41.0,0.0,17.6,0.697,0.0,0.4,10.3,19.7,14.9,4.6,1.0,3.2,12.0,15.3,0.3,0.1,0.4,0.201,-1.4,0.5,-0.9,0.0,0.0,2008
370,Linton Johnson,7.9,1.1,2.4,0.474,0.1,0.4,0.333,1.0,2.0,0.5,0.5,0.3,0.3,1.0,0.6,1.1,1.8,0.5,0.0,0.1,0.6,1.4,2.6,0.0,0.0,1260.0,0.0,0.0,0.0,0.0,0.0,0.0,0.0,0.0,0.0,0.0,0.0,0.0,0.0,8.0,0.0,63.0,9.0,19.0,0.474,1.0,3.0,0.333,8.0,16.0,0.5,0.5,2.0,2.0,1.0,5.0,9.0,14.0,4.0,0.0,1.0,5.0,11.0,21.0,0.0,8.2,0.528,0.158,0.105,9.8,15.2,12.6,9.2,0.0,1.0,20.1,18.0,0.0,0.0,0.0,0.024,-4.4,-2.0,-6.4,-0.1,0.0,2008
371,Darrell Armstrong,11.0,0.8,2.2,0.364,0.5,1.4,0.333,0.3,0.8,0.415,0.468,0.4,0.6,0.667,0.3,1.0,1.3,1.5,0.6,0.0,0.8,1.1,2.5,0.0,0.0,1260.0,0.0,0.0,0.0,0.0,0.0,0.0,0.0,0.0,0.0,0.0,0.0,0.0,0.0,50.0,2.0,549.0,40.0,110.0,0.364,23.0,69.0,0.333,17.0,41.0,0.415,0.468,20.0,30.0,0.667,17.0,50.0,67.0,73.0,28.0,2.0,41.0,53.0,123.0,0.0,8.7,0.499,0.627,0.273,3.6,10.6,7.1,20.5,2.7,0.3,25.0,13.7,-0.2,0.5,0.3,0.024,-3.5,0.8,-2.7,-0.1,0.0,2008
372,Paul Davis,8.8,1.1,3.0,0.369,0.0,0.0,0.0,1.1,3.0,0.369,0.369,0.3,0.5,0.6,1.1,1.0,2.1,0.5,0.3,0.3,0.4,1.5,2.5,0.0,0.0,1260.0,0.0,0.0,0.0,0.0,0.0,0.0,0.0,0.0,0.0,0.0,0.0,0.0,0.0,22.0,1.0,194.0,24.0,65.0,0.369,0.0,0.0,0.0,24.0,65.0,0.369,0.369,6.0,10.0,0.6,25.0,22.0,47.0,10.0,6.0,6.0,9.0,33.0,54.0,0.0,9.0,0.389,0.0,0.154,14.8,13.2,14.0,8.8,1.6,2.3,11.5,18.6,-0.2,0.2,0.0,-0.007,-5.0,-0.5,-5.5,-0.2,0.0,2008
373,Ryan Hollins,8.9,0.8,1.6,0.489,0.0,0.0,0.0,0.8,1.6,0.489,0.489,0.9,1.4,0.671,0.9,0.9,1.8,0.2,0.2,0.5,0.4,1.6,2.5,0.0,0.0,1260.0,0.0,0.0,0.0,0.0,0.0,0.0,0.0,0.0,0.0,0.0,0.0,0.0,0.0,60.0,1.0,532.0,46.0,94.0,0.489,0.0,0.0,0.0,46.0,94.0,0.489,0.489,55.0,82.0,0.671,53.0,54.0,107.0,14.0,10.0,30.0,25.0,96.0,147.0,0.0,11.4,0.565,0.0,0.872,11.4,11.7,11.6,4.0,1.0,4.3,16.1,13.3,0.6,0.4,1.1,0.096,-3.9,0.1,-3.8,-0.2,0.0,2008
374,Robert Horry,13.0,0.8,2.6,0.319,0.4,1.6,0.257,0.4,1.1,0.408,0.395,0.4,0.6,0.643,0.8,1.6,2.4,1.0,0.5,0.4,0.5,1.2,2.5,0.0,0.0,1260.0,0.0,0.0,0.0,0.0,0.0,0.0,0.0,0.0,0.0,0.0,0.0,0.0,0.0,45.0,5.0,583.0,38.0,119.0,0.319,18.0,70.0,0.257,20.0,49.0,0.408,0.395,18.0,28.0,0.643,35.0,74.0,109.0,47.0,21.0,19.0,22.0,55.0,112.0,0.0,9.6,0.426,0.588,0.235,7.2,14.8,11.0,11.9,1.9,2.5,14.3,12.6,-0.1,1.1,1.1,0.088,-2.2,2.7,0.4,0.4,0.0,2008
375,Sergio Rodríguez,8.7,1.0,2.7,0.352,0.2,0.8,0.293,0.7,1.9,0.377,0.395,0.3,0.5,0.658,0.2,0.6,0.8,1.7,0.3,0.0,0.7,0.8,2.5,0.0,0.0,1260.0,0.0,0.0,0.0,0.0,0.0,0.0,0.0,0.0,0.0,0.0,0.0,0.0,0.0,72.0,0.0,628.0,69.0,196.0,0.352,17.0,58.0,0.293,52.0,138.0,0.377,0.395,25.0,38.0,0.658,13.0,45.0,58.0,123.0,24.0,0.0,53.0,57.0,180.0,0.0,9.0,0.423,0.296,0.194,2.4,8.4,5.4,31.2,2.1,0.0,19.9,20.0,-0.7,0.5,-0.2,-0.017,-3.1,-0.5,-3.7,-0.3,0.0,2008
376,Michael Doleac,10.7,1.2,2.6,0.444,0.0,0.0,0.0,1.2,2.6,0.444,0.444,0.0,0.1,0.5,0.7,1.4,2.0,0.3,0.4,0.4,0.5,1.8,2.4,0.0,0.0,1260.0,0.0,0.0,0.0,0.0,0.0,0.0,0.0,0.0,0.0,0.0,0.0,0.0,0.0,24.0,8.0,257.0,28.0,63.0,0.444,0.0,0.0,0.0,28.0,63.0,0.444,0.444,1.0,2.0,0.5,16.0,33.0,49.0,7.0,10.0,10.0,12.0,44.0,57.0,0.0,7.5,0.446,0.0,0.032,7.0,15.4,11.1,4.1,2.0,3.1,15.8,13.3,-0.2,0.2,0.0,0.005,-5.4,1.1,-4.4,-0.2,0.0,2008
377,Lindsey Hunter,9.0,0.9,2.7,0.344,0.3,1.1,0.269,0.6,1.6,0.395,0.398,0.3,0.4,0.778,0.2,0.4,0.5,1.4,0.5,0.1,0.5,1.3,2.4,0.0,0.0,1260.0,0.0,0.0,0.0,0.0,0.0,0.0,0.0,0.0,0.0,0.0,0.0,0.0,0.0,24.0,0.0,215.0,22.0,64.0,0.344,7.0,26.0,0.269,15.0,38.0,0.395,0.398,7.0,9.0,0.778,4.0,9.0,13.0,33.0,13.0,2.0,13.0,30.0,58.0,0.0,8.8,0.427,0.406,0.141,2.2,5.0,3.6,23.3,3.3,0.7,16.1,17.7,-0.1,0.3,0.2,0.048,-4.2,2.1,-2.1,0.0,0.0,2008
378,Eric Piatkowski,7.1,0.8,2.1,0.364,0.7,1.6,0.423,0.1,0.4,0.143,0.53,0.3,0.3,1.0,0.1,0.7,0.8,0.6,0.0,0.1,0.4,0.7,2.4,0.0,0.0,1260.0,0.0,0.0,0.0,0.0,0.0,0.0,0.0,0.0,0.0,0.0,0.0,0.0,0.0,16.0,0.0,113.0,12.0,33.0,0.364,11.0,26.0,0.423,1.0,7.0,0.143,0.53,4.0,4.0,1.0,1.0,11.0,12.0,10.0,0.0,1.0,6.0,11.0,39.0,0.0,8.3,0.561,0.788,0.121,1.1,10.2,6.0,11.8,0.0,0.6,14.7,16.1,0.1,0.0,0.1,0.045,-0.9,-1.6,-2.5,0.0,0.0,2008
379,Mouhamed Sene,4.8,0.8,1.8,0.458,0.0,0.0,0.0,0.8,1.8,0.458,0.458,0.6,1.3,0.471,0.5,0.7,1.2,0.1,0.0,0.5,0.0,0.7,2.3,0.0,0.0,1260.0,0.0,0.0,0.0,0.0,0.0,0.0,0.0,0.0,0.0,0.0,0.0,0.0,0.0,13.0,0.0,62.0,11.0,24.0,0.458,0.0,0.0,0.0,11.0,24.0,0.458,0.458,8.0,17.0,0.471,7.0,9.0,16.0,1.0,0.0,7.0,0.0,9.0,30.0,0.0,18.2,0.476,0.0,0.708,12.3,15.8,14.1,2.6,0.0,8.1,0.0,22.0,0.1,0.1,0.2,0.121,-1.6,-1.6,-3.2,0.0,0.0,2008
380,Aaron Williams,9.9,0.9,1.8,0.491,0.0,0.0,0.0,0.9,1.8,0.491,0.491,0.5,0.6,0.778,0.5,1.5,2.0,0.3,0.4,0.5,0.4,1.5,2.3,0.0,0.0,1260.0,0.0,0.0,0.0,0.0,0.0,0.0,0.0,0.0,0.0,0.0,0.0,0.0,0.0,30.0,5.0,297.0,27.0,55.0,0.491,0.0,0.0,0.0,27.0,55.0,0.491,0.491,14.0,18.0,0.778,15.0,46.0,61.0,9.0,12.0,15.0,13.0,44.0,68.0,0.0,10.3,0.54,0.0,0.327,5.8,18.0,11.9,4.9,2.1,3.8,17.1,11.8,0.0,0.4,0.4,0.072,-4.5,2.0,-2.5,0.0,0.0,2008
381,Primož Brezec,9.5,0.9,1.9,0.468,0.0,0.0,0.0,0.9,1.9,0.468,0.468,0.5,0.8,0.6,0.6,1.0,1.6,0.2,0.1,0.1,0.5,1.7,2.2,0.0,0.0,1260.0,0.0,0.0,0.0,0.0,0.0,0.0,0.0,0.0,0.0,0.0,0.0,0.0,0.0,50.0,18.0,475.0,44.0,94.0,0.468,0.0,0.0,0.0,44.0,94.0,0.468,0.468,24.0,40.0,0.6,30.0,51.0,81.0,11.0,3.0,7.0,24.0,83.0,112.0,0.0,5.4,0.502,0.0,0.426,7.3,12.6,10.0,3.5,0.3,1.2,17.7,13.3,-0.1,0.3,0.2,0.017,-6.1,-1.2,-7.3,-0.6,0.0,2008
382,Ryan Bowen,12.5,0.9,1.9,0.49,0.0,0.0,0.0,0.9,1.9,0.495,0.49,0.3,0.5,0.552,1.0,0.8,1.9,0.5,0.6,0.2,0.3,1.5,2.2,0.0,0.0,1260.0,0.0,0.0,0.0,0.0,0.0,0.0,0.0,0.0,0.0,0.0,0.0,0.0,0.0,53.0,4.0,660.0,49.0,100.0,0.49,0.0,1.0,0.0,49.0,99.0,0.495,0.49,16.0,29.0,0.552,55.0,45.0,100.0,25.0,32.0,11.0,15.0,77.0,114.0,0.0,9.9,0.505,0.01,0.29,9.5,8.2,8.9,5.2,2.6,1.3,11.7,9.0,0.6,0.8,1.5,0.107,-2.5,1.8,-0.8,0.2,0.0,2008
383,P.J. Brown,11.6,0.8,2.3,0.341,0.0,0.1,0.0,0.8,2.2,0.35,0.341,0.6,0.9,0.688,1.6,2.2,3.8,0.6,0.3,0.4,0.6,1.6,2.2,0.0,0.0,1260.0,0.0,0.0,0.0,0.0,0.0,0.0,0.0,0.0,0.0,0.0,0.0,0.0,0.0,18.0,0.0,209.0,14.0,41.0,0.341,0.0,1.0,0.0,14.0,40.0,0.35,0.341,11.0,16.0,0.688,29.0,39.0,68.0,10.0,5.0,8.0,10.0,29.0,39.0,0.0,10.2,0.406,0.024,0.39,17.6,21.0,19.4,6.9,1.3,3.1,17.2,12.9,0.0,0.5,0.5,0.116,-3.5,0.9,-2.7,0.0,0.0,2008
384,D.J. Strawberry,8.2,0.9,2.8,0.315,0.2,0.8,0.24,0.7,2.0,0.343,0.348,0.3,0.6,0.474,0.3,0.6,0.8,0.9,0.4,0.2,0.3,1.1,2.2,0.0,0.0,1260.0,0.0,0.0,0.0,0.0,0.0,0.0,0.0,0.0,0.0,0.0,0.0,0.0,0.0,33.0,0.0,270.0,29.0,92.0,0.315,6.0,25.0,0.24,23.0,67.0,0.343,0.348,9.0,19.0,0.474,9.0,19.0,28.0,30.0,12.0,6.0,11.0,36.0,73.0,0.0,6.2,0.364,0.272,0.207,4.1,7.4,5.9,14.8,2.2,1.5,9.9,18.5,-0.4,0.2,-0.2,-0.031,-5.9,0.3,-5.6,-0.2,0.0,2008
385,Marcus Vinicius,5.3,0.7,1.5,0.45,0.4,0.9,0.417,0.3,0.6,0.5,0.575,0.4,0.8,0.455,0.1,0.5,0.6,0.2,0.1,0.1,0.2,0.3,2.2,0.0,0.0,1260.0,0.0,0.0,0.0,0.0,0.0,0.0,0.0,0.0,0.0,0.0,0.0,0.0,0.0,13.0,0.0,69.0,9.0,20.0,0.45,5.0,12.0,0.417,4.0,8.0,0.5,0.575,5.0,11.0,0.455,1.0,7.0,8.0,2.0,1.0,1.0,3.0,4.0,28.0,0.0,11.6,0.564,0.6,0.55,1.7,12.1,6.8,4.3,0.8,1.1,10.8,18.8,0.0,0.1,0.1,0.073,-1.2,-1.2,-2.5,0.0,0.0,2008
386,Jake Voskuhl,8.8,0.8,1.8,0.463,0.0,0.0,0.0,0.8,1.8,0.463,0.463,0.5,0.7,0.828,0.7,1.5,2.2,0.3,0.2,0.5,0.7,1.9,2.2,0.0,0.0,1260.0,0.0,0.0,0.0,0.0,0.0,0.0,0.0,0.0,0.0,0.0,0.0,0.0,0.0,44.0,0.0,386.0,37.0,80.0,0.463,0.0,0.0,0.0,37.0,80.0,0.463,0.463,24.0,29.0,0.828,30.0,67.0,97.0,13.0,9.0,21.0,29.0,83.0,98.0,0.0,8.7,0.528,0.0,0.363,8.8,21.3,14.8,5.1,1.2,4.3,23.8,14.2,-0.1,0.3,0.2,0.025,-6.3,0.4,-5.9,-0.4,0.0,2008
387,Pat Garrity,9.2,0.9,2.6,0.338,0.3,1.2,0.216,0.6,1.4,0.442,0.388,0.1,0.2,0.8,0.3,1.1,1.4,0.4,0.2,0.0,0.5,1.1,2.1,0.0,0.0,1260.0,0.0,0.0,0.0,0.0,0.0,0.0,0.0,0.0,0.0,0.0,0.0,0.0,0.0,31.0,0.0,284.0,27.0,80.0,0.338,8.0,37.0,0.216,19.0,43.0,0.442,0.388,4.0,5.0,0.8,9.0,35.0,44.0,13.0,6.0,1.0,17.0,35.0,66.0,0.0,3.2,0.401,0.463,0.063,3.8,13.6,8.9,6.8,1.1,0.3,17.1,16.0,-0.5,0.3,-0.2,-0.038,-6.5,-0.2,-6.6,-0.3,0.0,2008
388,Othella Harrington,7.5,0.8,1.9,0.429,0.0,0.0,0.0,0.8,1.9,0.429,0.429,0.5,0.7,0.625,0.5,1.4,1.9,0.2,0.0,0.2,0.5,1.5,2.1,0.0,0.0,1260.0,0.0,0.0,0.0,0.0,0.0,0.0,0.0,0.0,0.0,0.0,0.0,0.0,0.0,22.0,0.0,166.0,18.0,42.0,0.429,0.0,0.0,0.0,18.0,42.0,0.429,0.429,10.0,16.0,0.625,11.0,31.0,42.0,4.0,1.0,4.0,11.0,34.0,46.0,0.0,5.8,0.469,0.0,0.381,7.6,21.6,14.5,3.8,0.3,1.8,18.3,16.6,-0.2,0.1,0.0,-0.01,-7.6,-1.6,-9.2,-0.3,0.0,2008
389,Steven Hunter,6.3,0.8,1.5,0.536,0.0,0.0,0.0,0.8,1.5,0.536,0.536,0.5,1.1,0.45,0.5,1.0,1.5,0.0,0.0,0.3,0.4,1.1,2.1,0.0,0.0,1260.0,0.0,0.0,0.0,0.0,0.0,0.0,0.0,0.0,0.0,0.0,0.0,0.0,0.0,19.0,2.0,120.0,15.0,28.0,0.536,0.0,0.0,0.0,15.0,28.0,0.536,0.536,9.0,20.0,0.45,10.0,19.0,29.0,0.0,0.0,6.0,7.0,20.0,39.0,0.0,8.6,0.53,0.0,0.714,9.2,16.8,13.1,0.0,0.0,3.5,16.0,15.5,0.0,0.1,0.1,0.043,-5.5,-2.0,-7.5,-0.2,0.0,2008
390,Gabe Pruitt,6.3,0.9,2.6,0.359,0.2,0.8,0.25,0.7,1.8,0.407,0.397,0.1,0.1,0.5,0.1,0.5,0.5,0.9,0.3,0.0,0.3,0.7,2.1,0.0,0.0,1260.0,0.0,0.0,0.0,0.0,0.0,0.0,0.0,0.0,0.0,0.0,0.0,0.0,0.0,15.0,0.0,95.0,14.0,39.0,0.359,3.0,12.0,0.25,11.0,27.0,0.407,0.397,1.0,2.0,0.5,1.0,7.0,8.0,13.0,5.0,0.0,5.0,10.0,32.0,0.0,8.3,0.401,0.308,0.051,1.3,8.3,5.0,22.5,2.8,0.0,11.1,22.0,-0.1,0.2,0.1,0.028,-5.7,0.8,-4.8,-0.1,0.0,2008
391,Maurice Ager,6.3,0.8,2.5,0.323,0.1,0.7,0.158,0.7,1.8,0.391,0.346,0.2,0.5,0.5,0.2,0.3,0.5,0.3,0.0,0.0,0.2,0.7,2.0,0.0,0.0,1260.0,0.0,0.0,0.0,0.0,0.0,0.0,0.0,0.0,0.0,0.0,0.0,0.0,0.0,26.0,3.0,165.0,21.0,65.0,0.323,3.0,19.0,0.158,18.0,46.0,0.391,0.346,6.0,12.0,0.5,4.0,9.0,13.0,8.0,0.0,1.0,6.0,17.0,51.0,0.0,1.8,0.363,0.292,0.185,2.8,6.3,4.6,8.0,0.0,0.4,7.9,21.3,-0.4,0.0,-0.4,-0.114,-6.8,-4.2,-11.1,-0.4,0.0,2008
392,D.J. Mbenga,7.8,0.9,2.0,0.464,0.0,0.0,0.0,0.9,2.0,0.464,0.464,0.1,0.3,0.417,0.7,1.0,1.7,0.2,0.2,0.6,0.3,1.7,2.0,0.0,0.0,1260.0,0.0,0.0,0.0,0.0,0.0,0.0,0.0,0.0,0.0,0.0,0.0,0.0,0.0,42.0,0.0,326.0,39.0,84.0,0.464,0.0,0.0,0.0,39.0,84.0,0.464,0.464,5.0,12.0,0.417,28.0,44.0,72.0,10.0,7.0,26.0,12.0,70.0,83.0,0.0,9.4,0.465,0.0,0.143,9.4,14.7,12.1,4.3,1.1,5.8,11.8,13.5,0.0,0.4,0.4,0.066,-5.7,0.4,-5.3,-0.3,0.0,2008
393,Trenton Hassell,12.3,0.9,2.1,0.422,0.0,0.1,0.222,0.9,2.0,0.437,0.43,0.1,0.2,0.7,0.3,1.0,1.3,0.7,0.2,0.0,0.3,1.4,2.0,0.0,0.0,1260.0,0.0,0.0,0.0,0.0,0.0,0.0,0.0,0.0,0.0,0.0,0.0,0.0,0.0,63.0,6.0,773.0,57.0,135.0,0.422,2.0,9.0,0.222,55.0,126.0,0.437,0.43,7.0,10.0,0.7,20.0,63.0,83.0,41.0,13.0,3.0,22.0,90.0,123.0,0.0,4.2,0.441,0.067,0.074,3.0,9.3,6.2,7.9,0.9,0.3,13.6,9.7,-0.2,0.5,0.2,0.015,-5.0,-0.2,-5.1,-0.6,0.0,2008
394,Casey Jacobsen,10.3,0.7,2.2,0.339,0.3,1.4,0.222,0.4,0.8,0.535,0.409,0.2,0.3,0.765,0.2,1.0,1.2,0.4,0.1,0.0,0.3,0.6,2.0,0.0,0.0,1260.0,0.0,0.0,0.0,0.0,0.0,0.0,0.0,0.0,0.0,0.0,0.0,0.0,0.0,53.0,0.0,547.0,39.0,115.0,0.339,16.0,72.0,0.222,23.0,43.0,0.535,0.409,13.0,17.0,0.765,12.0,53.0,65.0,20.0,5.0,1.0,16.0,34.0,107.0,0.0,4.5,0.437,0.626,0.148,2.4,11.0,6.7,5.2,0.5,0.1,11.6,11.3,-0.3,0.0,-0.3,-0.023,-4.0,-1.6,-5.6,-0.5,0.0,2008
395,Jerome James,2.5,0.5,0.5,1.0,0.0,0.0,0.0,0.5,0.5,1.0,1.0,1.0,1.0,1.0,0.0,1.5,1.5,0.0,0.0,0.0,0.0,0.0,2.0,0.0,0.0,1260.0,0.0,0.0,0.0,0.0,0.0,0.0,0.0,0.0,0.0,0.0,0.0,0.0,0.0,2.0,0.0,5.0,1.0,1.0,1.0,0.0,0.0,0.0,1.0,1.0,1.0,1.0,2.0,2.0,1.0,0.0,3.0,3.0,0.0,0.0,0.0,0.0,0.0,4.0,0.0,45.3,1.064,0.0,2.0,0.0,70.6,34.2,0.0,0.0,0.0,0.0,16.9,0.1,0.0,0.1,0.613,16.5,4.6,21.2,0.0,0.0,2008
396,Bo Outlaw,3.5,1.0,1.5,0.667,0.0,0.0,0.0,1.0,1.5,0.667,0.667,0.0,0.0,0.0,0.0,0.0,0.0,0.0,0.0,0.0,0.5,0.5,2.0,0.0,0.0,1260.0,0.0,0.0,0.0,0.0,0.0,0.0,0.0,0.0,0.0,0.0,0.0,0.0,0.0,2.0,0.0,7.0,2.0,3.0,0.667,0.0,0.0,0.0,2.0,3.0,0.667,0.667,0.0,0.0,0.0,0.0,0.0,0.0,0.0,0.0,0.0,1.0,1.0,4.0,0.0,8.6,0.667,0.0,0.0,0.0,0.0,0.0,0.0,0.0,0.0,25.0,26.2,0.0,0.0,0.0,-0.071,-5.5,0.8,-4.7,0.0,0.0,2008
397,Michael Ruffin,13.7,0.7,1.3,0.532,0.0,0.0,0.0,0.7,1.3,0.532,0.532,0.5,1.4,0.397,2.0,2.1,4.0,0.5,0.7,0.4,0.4,2.0,2.0,0.0,0.0,1260.0,0.0,0.0,0.0,0.0,0.0,0.0,0.0,0.0,0.0,0.0,0.0,0.0,0.0,46.0,2.0,632.0,33.0,62.0,0.532,0.0,0.0,0.0,33.0,62.0,0.532,0.532,25.0,63.0,0.397,90.0,96.0,186.0,24.0,31.0,19.0,19.0,93.0,91.0,0.0,12.1,0.507,0.0,1.016,16.1,18.6,17.3,5.3,2.6,2.4,17.5,7.7,0.7,0.6,1.2,0.095,-2.0,0.3,-1.8,0.0,0.0,2008
398,Jason Collins,15.8,0.7,1.5,0.469,0.0,0.0,0.0,0.7,1.5,0.473,0.469,0.5,1.0,0.459,0.9,1.5,2.4,0.3,0.3,0.3,0.6,2.6,1.9,0.0,0.0,1260.0,0.0,0.0,0.0,0.0,0.0,0.0,0.0,0.0,0.0,0.0,0.0,0.0,0.0,74.0,26.0,1172.0,53.0,113.0,0.469,0.0,1.0,0.0,53.0,112.0,0.473,0.469,34.0,74.0,0.459,64.0,114.0,178.0,25.0,23.0,25.0,48.0,194.0,140.0,0.0,3.4,0.481,0.009,0.655,6.2,11.1,8.7,3.1,1.0,1.6,24.8,7.4,-0.5,0.6,0.1,0.005,-6.7,0.0,-6.7,-1.4,0.0,2008
399,Adrian Griffin,8.8,0.9,2.2,0.395,0.0,0.0,0.0,0.9,2.2,0.395,0.395,0.1,0.3,0.556,0.8,0.9,1.7,0.8,0.5,0.1,0.6,0.8,1.9,0.0,0.0,1260.0,0.0,0.0,0.0,0.0,0.0,0.0,0.0,0.0,0.0,0.0,0.0,0.0,0.0,35.0,2.0,307.0,30.0,76.0,0.395,0.0,0.0,0.0,30.0,76.0,0.395,0.395,5.0,9.0,0.556,28.0,31.0,59.0,27.0,17.0,2.0,21.0,27.0,65.0,0.0,8.7,0.406,0.0,0.118,10.0,11.4,10.7,13.4,2.8,0.5,20.8,14.5,-0.3,0.3,0.0,0.001,-4.1,1.1,-3.0,-0.1,0.0,2008
400,Adonal Foyle,9.4,0.9,1.9,0.458,0.0,0.0,0.0,0.9,1.9,0.458,0.458,0.2,0.4,0.471,0.9,1.7,2.5,0.2,0.2,0.5,0.4,1.1,1.9,0.0,0.0,1260.0,0.0,0.0,0.0,0.0,0.0,0.0,0.0,0.0,0.0,0.0,0.0,0.0,0.0,82.0,0.0,774.0,70.0,153.0,0.458,0.0,0.0,0.0,70.0,153.0,0.458,0.458,16.0,34.0,0.471,71.0,137.0,208.0,18.0,16.0,45.0,32.0,94.0,156.0,0.0,9.9,0.464,0.0,0.222,11.0,19.6,15.5,3.4,1.1,4.2,16.0,11.8,0.0,1.3,1.3,0.08,-3.1,1.2,-1.9,0.0,0.0,2008
401,Chris Richard,10.7,0.8,1.7,0.471,0.0,0.0,0.0,0.8,1.7,0.471,0.471,0.3,0.5,0.593,1.0,1.6,2.6,0.3,0.2,0.2,0.5,1.6,1.9,0.0,0.0,1260.0,0.0,0.0,0.0,0.0,0.0,0.0,0.0,0.0,0.0,0.0,0.0,0.0,0.0,52.0,3.0,556.0,41.0,87.0,0.471,0.0,0.0,0.0,41.0,87.0,0.471,0.471,16.0,27.0,0.593,52.0,83.0,135.0,18.0,10.0,12.0,24.0,83.0,98.0,0.0,7.9,0.496,0.0,0.31,10.5,17.9,14.1,4.6,0.9,1.7,19.5,10.0,0.1,0.3,0.4,0.037,-4.6,-1.1,-5.7,-0.5,0.0,2008
402,Coby Karl,4.2,0.5,1.5,0.346,0.2,0.8,0.308,0.3,0.8,0.385,0.423,0.5,0.6,0.8,0.2,0.6,0.8,0.5,0.2,0.1,0.3,0.2,1.8,0.0,0.0,1260.0,0.0,0.0,0.0,0.0,0.0,0.0,0.0,0.0,0.0,0.0,0.0,0.0,0.0,17.0,0.0,71.0,9.0,26.0,0.346,4.0,13.0,0.308,5.0,13.0,0.385,0.423,8.0,10.0,0.8,3.0,11.0,14.0,9.0,4.0,2.0,5.0,4.0,30.0,0.0,15.8,0.493,0.5,0.385,4.9,16.5,10.9,18.3,2.8,2.0,14.1,22.0,0.0,0.1,0.2,0.106,-0.3,0.7,0.4,0.0,0.0,2008
403,Jamaal Magloire,9.2,0.6,1.8,0.327,0.0,0.0,0.0,0.6,1.8,0.327,0.327,0.6,1.4,0.455,0.6,2.3,2.9,0.2,0.0,0.3,1.0,1.6,1.8,0.0,0.0,1260.0,0.0,0.0,0.0,0.0,0.0,0.0,0.0,0.0,0.0,0.0,0.0,0.0,0.0,31.0,2.0,286.0,18.0,55.0,0.327,0.0,0.0,0.0,18.0,55.0,0.327,0.327,20.0,44.0,0.455,19.0,70.0,89.0,7.0,1.0,10.0,30.0,50.0,56.0,0.0,1.4,0.377,0.0,0.8,7.7,28.3,18.0,3.7,0.2,2.7,28.7,16.8,-1.0,0.3,-0.6,-0.109,-9.9,-0.9,-10.8,-0.6,0.0,2008
404,Kevin Ollie,7.5,0.7,1.7,0.42,0.0,0.0,0.0,0.7,1.7,0.426,0.42,0.3,0.4,0.8,0.1,0.4,0.5,1.0,0.3,0.0,0.1,0.7,1.8,0.0,0.0,1260.0,0.0,0.0,0.0,0.0,0.0,0.0,0.0,0.0,0.0,0.0,0.0,0.0,0.0,40.0,0.0,300.0,29.0,69.0,0.42,0.0,1.0,0.0,29.0,68.0,0.426,0.42,12.0,15.0,0.8,4.0,15.0,19.0,38.0,10.0,0.0,5.0,28.0,70.0,0.0,9.7,0.463,0.014,0.217,1.6,6.0,3.8,18.7,1.8,0.0,6.2,12.1,0.3,0.2,0.5,0.084,-3.3,0.6,-2.7,-0.1,0.0,2008
405,Scot Pollard,7.9,0.5,1.0,0.522,0.0,0.0,0.0,0.5,1.0,0.522,0.522,0.7,1.0,0.682,0.6,1.0,1.7,0.1,0.1,0.3,0.2,2.0,1.8,0.0,0.0,1260.0,0.0,0.0,0.0,0.0,0.0,0.0,0.0,0.0,0.0,0.0,0.0,0.0,0.0,22.0,0.0,173.0,12.0,23.0,0.522,0.0,0.0,0.0,12.0,23.0,0.522,0.522,15.0,22.0,0.682,14.0,23.0,37.0,3.0,3.0,6.0,5.0,43.0,39.0,0.0,8.7,0.597,0.0,0.957,10.2,14.9,12.7,2.5,0.9,2.9,13.3,10.1,0.3,0.3,0.6,0.171,-4.3,2.1,-2.2,0.0,0.0,2008
406,Cheikh Samb,7.8,0.8,1.0,0.75,0.0,0.0,0.0,0.8,1.0,0.75,0.75,0.3,0.5,0.5,0.8,1.0,1.8,0.0,0.3,0.5,0.3,2.0,1.8,0.0,0.0,1260.0,0.0,0.0,0.0,0.0,0.0,0.0,0.0,0.0,0.0,0.0,0.0,0.0,0.0,4.0,0.0,31.0,3.0,4.0,0.75,0.0,0.0,0.0,3.0,4.0,0.75,0.75,1.0,2.0,0.5,3.0,4.0,7.0,0.0,1.0,2.0,1.0,8.0,7.0,0.0,12.0,0.717,0.0,0.5,11.5,15.5,13.5,0.0,1.8,5.1,17.0,8.9,0.1,0.1,0.1,0.178,-4.2,1.9,-2.3,0.0,0.0,2008
407,Brian Scalabrine,10.7,0.6,2.0,0.309,0.3,1.0,0.326,0.3,1.0,0.292,0.388,0.3,0.4,0.75,0.5,1.2,1.6,0.8,0.2,0.2,0.5,1.3,1.8,0.0,0.0,1260.0,0.0,0.0,0.0,0.0,0.0,0.0,0.0,0.0,0.0,0.0,0.0,0.0,0.0,48.0,9.0,512.0,29.0,94.0,0.309,15.0,46.0,0.326,14.0,48.0,0.292,0.388,15.0,20.0,0.75,22.0,57.0,79.0,40.0,9.0,8.0,26.0,63.0,88.0,0.0,5.1,0.428,0.489,0.213,5.4,12.5,9.2,11.2,0.9,1.3,20.2,11.7,-0.3,0.9,0.6,0.057,-3.8,1.0,-2.8,-0.1,0.0,2008
408,Robert Swift,12.3,0.8,2.1,0.353,0.0,0.0,0.0,0.8,2.1,0.353,0.353,0.3,0.3,1.0,0.8,1.5,2.3,0.1,0.6,0.8,1.3,2.0,1.8,0.0,0.0,1260.0,0.0,0.0,0.0,0.0,0.0,0.0,0.0,0.0,0.0,0.0,0.0,0.0,0.0,8.0,4.0,98.0,6.0,17.0,0.353,0.0,0.0,0.0,6.0,17.0,0.353,0.353,2.0,2.0,1.0,6.0,12.0,18.0,1.0,5.0,6.0,10.0,16.0,14.0,0.0,2.9,0.391,0.0,0.118,6.7,13.3,10.0,1.4,2.5,4.4,35.9,12.3,-0.3,0.1,-0.2,-0.074,-8.1,1.6,-6.5,-0.1,0.0,2008
409,Shareef Abdur-Rahim,8.5,0.5,2.3,0.214,0.0,0.0,0.0,0.5,2.3,0.214,0.214,0.7,0.7,1.0,1.0,0.7,1.7,0.7,0.2,0.0,0.2,1.5,1.7,0.0,0.0,1260.0,0.0,0.0,0.0,0.0,0.0,0.0,0.0,0.0,0.0,0.0,0.0,0.0,0.0,6.0,0.0,51.0,3.0,14.0,0.214,0.0,0.0,0.0,3.0,14.0,0.214,0.214,4.0,4.0,1.0,6.0,4.0,10.0,4.0,1.0,0.0,1.0,9.0,10.0,0.0,5.5,0.317,0.0,0.286,14.2,9.1,11.6,11.1,1.0,0.0,6.0,14.7,0.0,0.0,0.0,-0.005,-4.4,-2.5,-6.9,-0.1,0.0,2008
410,Jarron Collins,10.0,0.5,1.2,0.439,0.0,0.0,0.0,0.5,1.2,0.444,0.439,0.7,1.1,0.622,0.6,1.1,1.7,0.5,0.1,0.1,0.3,1.5,1.7,0.0,0.0,1260.0,0.0,0.0,0.0,0.0,0.0,0.0,0.0,0.0,0.0,0.0,0.0,0.0,0.0,70.0,9.0,702.0,36.0,82.0,0.439,0.0,1.0,0.0,36.0,81.0,0.444,0.439,46.0,74.0,0.622,40.0,76.0,116.0,37.0,10.0,6.0,22.0,106.0,118.0,0.0,6.1,0.515,0.012,0.902,7.0,13.1,10.1,6.8,0.7,0.7,16.1,8.7,0.5,0.5,1.0,0.07,-3.3,-0.1,-3.4,-0.3,0.0,2008
411,Raef LaFrentz,7.5,0.7,1.6,0.443,0.0,0.1,0.0,0.7,1.5,0.474,0.443,0.3,0.5,0.579,0.7,1.0,1.7,0.2,0.3,0.4,0.3,1.5,1.7,0.0,0.0,1260.0,0.0,0.0,0.0,0.0,0.0,0.0,0.0,0.0,0.0,0.0,0.0,0.0,0.0,39.0,0.0,291.0,27.0,61.0,0.443,0.0,4.0,0.0,27.0,57.0,0.474,0.443,11.0,19.0,0.579,28.0,39.0,67.0,6.0,12.0,17.0,10.0,59.0,65.0,0.0,10.4,0.469,0.066,0.311,11.4,15.7,13.6,3.2,2.3,4.5,12.6,12.9,0.1,0.4,0.5,0.085,-4.8,2.1,-2.7,-0.1,0.0,2008
412,Von Wafer,5.3,0.6,2.1,0.279,0.1,0.9,0.154,0.4,1.2,0.371,0.311,0.3,0.4,0.667,0.0,0.6,0.7,0.2,0.1,0.1,0.4,0.2,1.6,0.0,0.0,1260.0,0.0,0.0,0.0,0.0,0.0,0.0,0.0,0.0,0.0,0.0,0.0,0.0,0.0,29.0,0.0,154.0,17.0,61.0,0.279,4.0,26.0,0.154,13.0,35.0,0.371,0.311,8.0,12.0,0.667,1.0,18.0,19.0,7.0,2.0,3.0,13.0,7.0,46.0,0.0,1.0,0.347,0.426,0.197,0.7,13.1,7.0,6.6,0.6,1.5,16.4,22.7,-0.6,0.1,-0.5,-0.163,-7.4,-2.9,-10.3,-0.3,0.0,2008
413,Taurean Green,4.4,0.4,1.5,0.28,0.1,0.6,0.182,0.3,0.8,0.357,0.32,0.6,0.7,0.917,0.0,0.6,0.6,0.6,0.1,0.0,0.5,0.3,1.6,0.0,0.0,1260.0,0.0,0.0,0.0,0.0,0.0,0.0,0.0,0.0,0.0,0.0,0.0,0.0,0.0,17.0,0.0,74.0,7.0,25.0,0.28,2.0,11.0,0.182,5.0,14.0,0.357,0.32,11.0,12.0,0.917,0.0,10.0,10.0,11.0,2.0,0.0,9.0,5.0,27.0,0.0,7.0,0.446,0.44,0.48,0.0,14.9,7.6,22.3,1.4,0.0,22.9,24.3,-0.2,0.1,-0.1,-0.066,-5.3,-2.2,-7.5,-0.1,0.0,2008
414,James Augustine,6.0,0.7,1.4,0.529,0.0,0.0,0.0,0.7,1.4,0.529,0.529,0.2,0.3,0.5,0.6,0.6,1.2,0.1,0.2,0.1,0.2,0.7,1.6,0.0,0.0,1260.0,0.0,0.0,0.0,0.0,0.0,0.0,0.0,0.0,0.0,0.0,0.0,0.0,0.0,25.0,0.0,149.0,18.0,34.0,0.529,0.0,0.0,0.0,18.0,34.0,0.529,0.529,4.0,8.0,0.5,16.0,14.0,30.0,2.0,5.0,2.0,6.0,18.0,40.0,0.0,10.8,0.533,0.0,0.235,12.9,10.4,11.6,2.1,1.7,1.0,13.8,13.4,0.1,0.2,0.3,0.098,-2.5,-0.3,-2.8,0.0,0.0,2008
415,Kyrylo Fesenko,7.8,0.7,1.8,0.375,0.0,0.0,0.0,0.7,1.8,0.375,0.375,0.2,0.4,0.5,1.6,1.2,2.8,0.2,0.0,0.3,0.9,2.1,1.6,0.0,0.0,1260.0,0.0,0.0,0.0,0.0,0.0,0.0,0.0,0.0,0.0,0.0,0.0,0.0,0.0,9.0,0.0,70.0,6.0,16.0,0.375,0.0,0.0,0.0,6.0,16.0,0.375,0.375,2.0,4.0,0.5,14.0,11.0,25.0,2.0,0.0,3.0,8.0,19.0,14.0,0.0,4.0,0.394,0.0,0.25,24.6,19.0,21.8,3.8,0.0,3.5,31.1,16.5,-0.1,0.1,0.0,-0.031,-8.9,-2.9,-11.9,-0.2,0.0,2008
416,Darrick Martin,8.3,0.6,2.5,0.233,0.1,0.9,0.125,0.5,1.6,0.296,0.256,0.3,0.4,0.833,0.2,0.2,0.4,1.2,0.4,0.0,0.1,0.7,1.6,0.0,0.0,1260.0,0.0,0.0,0.0,0.0,0.0,0.0,0.0,0.0,0.0,0.0,0.0,0.0,0.0,17.0,0.0,141.0,10.0,43.0,0.233,2.0,16.0,0.125,8.0,27.0,0.296,0.256,5.0,6.0,0.833,3.0,4.0,7.0,21.0,6.0,0.0,1.0,12.0,27.0,0.0,5.8,0.296,0.372,0.14,2.5,3.4,2.9,20.6,2.3,0.0,2.1,15.6,-0.2,0.1,-0.1,-0.021,-5.1,0.5,-4.6,-0.1,0.0,2008
417,Justin Williams,5.3,0.6,1.3,0.448,0.0,0.0,0.0,0.6,1.3,0.448,0.448,0.3,1.1,0.308,0.9,1.3,2.1,0.0,0.2,0.2,0.2,0.7,1.5,0.0,0.0,1260.0,0.0,0.0,0.0,0.0,0.0,0.0,0.0,0.0,0.0,0.0,0.0,0.0,0.0,23.0,0.0,123.0,13.0,29.0,0.448,0.0,0.0,0.0,13.0,29.0,0.448,0.448,8.0,26.0,0.308,20.0,29.0,49.0,0.0,5.0,5.0,4.0,17.0,34.0,0.0,13.2,0.42,0.0,0.897,19.5,27.3,23.5,0.0,2.1,3.1,9.0,16.2,0.0,0.2,0.2,0.071,-2.2,-1.2,-3.5,0.0,0.0,2008
418,Jeremy Richardson,4.9,0.6,1.6,0.364,0.3,0.7,0.368,0.3,0.9,0.36,0.443,0.1,0.1,1.0,0.0,0.3,0.3,0.1,0.1,0.0,0.2,0.5,1.5,0.0,0.0,1260.0,0.0,0.0,0.0,0.0,0.0,0.0,0.0,0.0,0.0,0.0,0.0,0.0,0.0,27.0,1.0,132.0,16.0,44.0,0.364,7.0,19.0,0.368,9.0,25.0,0.36,0.443,2.0,2.0,1.0,1.0,8.0,9.0,2.0,3.0,0.0,6.0,13.0,41.0,0.0,4.2,0.457,0.432,0.045,0.9,7.0,4.0,2.2,1.2,0.0,11.8,17.6,-0.2,0.1,-0.1,-0.041,-5.5,-2.3,-7.8,-0.2,0.0,2008
419,Andre Barrett,6.3,0.5,1.3,0.4,0.3,0.8,0.333,0.3,0.5,0.5,0.5,0.3,0.5,0.5,0.0,0.3,0.3,1.8,0.0,0.0,0.3,0.3,1.5,0.0,0.0,1260.0,0.0,0.0,0.0,0.0,0.0,0.0,0.0,0.0,0.0,0.0,0.0,0.0,0.0,4.0,0.0,25.0,2.0,5.0,0.4,1.0,3.0,0.333,1.0,2.0,0.5,0.5,1.0,2.0,0.5,0.0,1.0,1.0,7.0,0.0,0.0,1.0,1.0,6.0,0.0,12.5,0.51,0.6,0.4,0.0,4.7,2.3,44.3,0.0,0.0,14.5,12.7,0.0,0.0,0.0,0.078,1.5,-1.7,-0.2,0.0,0.0,2008
420,Josh McRoberts,3.5,0.8,1.3,0.6,0.0,0.1,0.0,0.8,1.1,0.667,0.6,0.0,0.0,0.0,0.3,1.0,1.3,0.3,0.1,0.0,0.3,0.1,1.5,0.0,0.0,1260.0,0.0,0.0,0.0,0.0,0.0,0.0,0.0,0.0,0.0,0.0,0.0,0.0,0.0,8.0,0.0,28.0,6.0,10.0,0.6,0.0,1.0,0.0,6.0,9.0,0.667,0.6,0.0,0.0,0.0,2.0,8.0,10.0,2.0,1.0,0.0,2.0,1.0,12.0,0.0,20.3,0.6,0.1,0.0,8.4,33.5,21.0,13.7,2.0,0.0,16.7,20.3,0.0,0.0,0.1,0.131,2.0,1.8,3.7,0.0,0.0,2008
421,Patrick O'Bryant,4.1,0.7,1.2,0.552,0.0,0.0,0.0,0.7,1.2,0.552,0.552,0.1,0.2,0.6,0.4,0.8,1.2,0.2,0.2,0.4,0.3,1.1,1.5,0.0,0.0,1260.0,0.0,0.0,0.0,0.0,0.0,0.0,0.0,0.0,0.0,0.0,0.0,0.0,0.0,24.0,0.0,99.0,16.0,29.0,0.552,0.0,0.0,0.0,16.0,29.0,0.552,0.552,3.0,5.0,0.6,10.0,19.0,29.0,4.0,4.0,9.0,7.0,27.0,35.0,0.0,14.0,0.561,0.0,0.172,10.4,21.4,15.7,5.8,2.0,6.6,18.3,16.3,0.1,0.2,0.2,0.105,-5.3,1.4,-3.9,0.0,0.0,2008
422,Morris Almond,4.3,0.4,1.7,0.267,0.1,0.4,0.25,0.3,1.2,0.273,0.3,0.4,0.7,0.667,0.0,0.2,0.2,0.3,0.1,0.0,0.2,0.6,1.4,0.0,0.0,1260.0,0.0,0.0,0.0,0.0,0.0,0.0,0.0,0.0,0.0,0.0,0.0,0.0,0.0,9.0,0.0,39.0,4.0,15.0,0.267,1.0,4.0,0.25,3.0,11.0,0.273,0.3,4.0,6.0,0.667,0.0,2.0,2.0,3.0,1.0,0.0,2.0,5.0,13.0,0.0,2.0,0.368,0.267,0.4,0.0,6.2,3.1,10.5,1.3,0.0,10.2,22.5,-0.1,0.0,-0.1,-0.081,-9.1,-2.9,-12.0,-0.1,0.0,2008
423,Dwayne Jones,8.4,0.4,0.8,0.532,0.0,0.0,0.0,0.4,0.8,0.543,0.532,0.5,1.0,0.483,1.2,1.3,2.5,0.2,0.2,0.4,0.3,1.6,1.4,0.0,0.0,1260.0,0.0,0.0,0.0,0.0,0.0,0.0,0.0,0.0,0.0,0.0,0.0,0.0,0.0,56.0,0.0,472.0,25.0,47.0,0.532,0.0,1.0,0.0,25.0,46.0,0.543,0.532,28.0,58.0,0.483,69.0,71.0,140.0,10.0,10.0,25.0,17.0,88.0,78.0,0.0,11.1,0.538,0.021,1.234,16.2,17.7,16.9,3.1,1.1,4.2,19.0,8.6,0.5,0.7,1.2,0.121,-3.7,0.1,-3.6,-0.2,0.0,2008
424,Kosta Perović,5.4,0.4,1.4,0.3,0.0,0.0,0.0,0.4,1.4,0.3,0.3,0.6,0.9,0.667,0.9,1.0,1.9,0.1,0.0,0.3,0.1,0.9,1.4,0.0,0.0,1260.0,0.0,0.0,0.0,0.0,0.0,0.0,0.0,0.0,0.0,0.0,0.0,0.0,0.0,7.0,0.0,38.0,3.0,10.0,0.3,0.0,0.0,0.0,3.0,10.0,0.3,0.3,4.0,6.0,0.667,6.0,7.0,13.0,1.0,0.0,2.0,1.0,6.0,10.0,0.0,10.3,0.396,0.0,0.6,16.2,20.5,18.3,3.4,0.0,3.8,7.3,15.1,0.0,0.0,0.0,0.06,-3.1,-2.8,-5.9,0.0,0.0,2008
425,Kenny Thomas,12.2,0.7,1.7,0.421,0.0,0.0,0.0,0.7,1.7,0.421,0.421,0.0,0.2,0.0,0.8,1.9,2.7,0.6,0.3,0.0,0.9,1.7,1.4,0.0,0.0,1260.0,0.0,0.0,0.0,0.0,0.0,0.0,0.0,0.0,0.0,0.0,0.0,0.0,0.0,23.0,3.0,281.0,16.0,38.0,0.421,0.0,0.0,0.0,16.0,38.0,0.421,0.421,0.0,5.0,0.0,18.0,43.0,61.0,13.0,6.0,1.0,21.0,38.0,32.0,0.0,2.6,0.398,0.0,0.132,7.7,17.7,12.8,6.5,1.1,0.3,34.3,9.7,-0.5,0.2,-0.3,-0.047,-5.9,-0.1,-6.0,-0.3,0.0,2008
426,Billy Thomas,3.8,0.4,1.5,0.235,0.4,1.5,0.25,0.0,0.1,0.0,0.353,0.2,0.2,1.0,0.0,0.2,0.2,0.0,0.1,0.0,0.4,0.4,1.3,0.0,0.0,1260.0,0.0,0.0,0.0,0.0,0.0,0.0,0.0,0.0,0.0,0.0,0.0,0.0,0.0,11.0,0.0,42.0,4.0,17.0,0.235,4.0,16.0,0.25,0.0,1.0,0.0,0.353,2.0,2.0,1.0,0.0,2.0,2.0,0.0,1.0,0.0,4.0,4.0,14.0,0.0,-1.9,0.391,0.941,0.118,0.0,5.6,2.7,0.0,1.3,0.0,18.3,23.7,-0.2,0.0,-0.1,-0.165,-8.6,-3.7,-12.3,-0.1,0.0,2008
427,Dominic McGuire,9.9,0.6,1.5,0.379,0.0,0.1,0.167,0.5,1.4,0.392,0.383,0.2,0.5,0.438,0.8,1.2,2.0,0.6,0.3,0.4,0.6,1.1,1.3,0.0,0.0,1260.0,0.0,0.0,0.0,0.0,0.0,0.0,0.0,0.0,0.0,0.0,0.0,0.0,0.0,70.0,1.0,695.0,39.0,103.0,0.379,1.0,6.0,0.167,38.0,97.0,0.392,0.383,14.0,32.0,0.438,53.0,86.0,139.0,40.0,20.0,26.0,40.0,76.0,93.0,0.0,6.6,0.397,0.058,0.311,8.7,14.9,11.7,8.3,1.5,3.1,25.5,10.4,-0.6,0.6,0.0,-0.003,-4.4,0.1,-4.3,-0.4,0.0,2008
428,Darryl Watkins,7.9,0.6,1.7,0.333,0.0,0.0,0.0,0.6,1.7,0.333,0.333,0.2,0.6,0.4,0.6,0.8,1.3,0.0,0.2,0.2,0.8,0.9,1.3,0.0,0.0,1260.0,0.0,0.0,0.0,0.0,0.0,0.0,0.0,0.0,0.0,0.0,0.0,0.0,0.0,9.0,0.0,71.0,5.0,15.0,0.333,0.0,0.0,0.0,5.0,15.0,0.333,0.333,2.0,5.0,0.4,5.0,7.0,12.0,0.0,2.0,2.0,7.0,8.0,12.0,0.0,0.5,0.349,0.0,0.333,8.5,11.4,10.0,0.0,1.4,2.2,28.9,15.2,-0.2,0.0,-0.2,-0.136,-8.4,-3.4,-11.8,-0.2,0.0,2008
429,Chris Andersen,6.8,0.4,1.4,0.286,0.0,0.0,0.0,0.4,1.4,0.286,0.286,0.4,0.8,0.5,0.4,1.4,1.8,0.0,0.0,0.8,0.2,1.2,1.2,0.0,0.0,1260.0,0.0,0.0,0.0,0.0,0.0,0.0,0.0,0.0,0.0,0.0,0.0,0.0,0.0,5.0,0.0,34.0,2.0,7.0,0.286,0.0,0.0,0.0,2.0,7.0,0.286,0.286,2.0,4.0,0.5,2.0,7.0,9.0,0.0,0.0,4.0,1.0,6.0,6.0,0.0,6.1,0.342,0.0,0.571,6.7,24.6,15.5,0.0,0.0,9.2,10.2,13.3,-0.1,0.1,0.0,0.012,-6.7,0.2,-6.5,0.0,0.0,2008
430,Demetris Nichols,3.1,0.4,1.6,0.261,0.2,0.9,0.231,0.2,0.7,0.3,0.326,0.0,0.0,0.0,0.0,0.4,0.4,0.1,0.0,0.2,0.3,0.3,1.1,0.0,0.0,1260.0,0.0,0.0,0.0,0.0,0.0,0.0,0.0,0.0,0.0,0.0,0.0,0.0,0.0,14.0,0.0,44.0,6.0,23.0,0.261,3.0,13.0,0.231,3.0,10.0,0.3,0.326,0.0,0.0,0.0,0.0,5.0,5.0,1.0,0.0,3.0,4.0,4.0,15.0,0.0,-1.9,0.326,0.565,0.0,0.0,13.3,6.4,3.9,0.0,5.3,14.8,27.4,-0.3,0.0,-0.2,-0.234,-8.6,-3.5,-12.1,-0.1,0.0,2008
431,Lou Amundson,4.0,0.5,1.0,0.5,0.0,0.0,0.0,0.5,1.0,0.5,0.5,0.1,0.4,0.286,0.4,0.3,0.8,0.0,0.1,0.1,0.1,0.8,1.1,0.0,0.0,1260.0,0.0,0.0,0.0,0.0,0.0,0.0,0.0,0.0,0.0,0.0,0.0,0.0,0.0,16.0,0.0,64.0,8.0,16.0,0.5,0.0,0.0,0.0,8.0,16.0,0.5,0.5,2.0,7.0,0.286,7.0,5.0,12.0,0.0,1.0,1.0,2.0,13.0,18.0,0.0,7.4,0.472,0.0,0.438,12.9,9.4,11.1,0.0,0.8,1.2,9.5,14.9,0.0,0.0,0.1,0.043,-6.3,-2.1,-8.5,-0.1,0.0,2008
432,Juwan Howard,7.1,0.5,1.3,0.359,0.0,0.0,0.0,0.5,1.3,0.359,0.359,0.2,0.3,0.786,0.4,1.2,1.6,0.3,0.1,0.0,0.3,1.2,1.1,0.0,0.0,1260.0,0.0,0.0,0.0,0.0,0.0,0.0,0.0,0.0,0.0,0.0,0.0,0.0,0.0,50.0,0.0,353.0,23.0,64.0,0.359,0.0,0.0,0.0,23.0,64.0,0.359,0.359,11.0,14.0,0.786,21.0,60.0,81.0,17.0,5.0,2.0,17.0,62.0,57.0,0.0,4.1,0.406,0.0,0.219,7.1,19.0,13.3,6.9,0.8,0.4,19.5,11.5,-0.3,0.4,0.1,0.016,-6.2,0.0,-6.2,-0.4,0.0,2008
433,Lance Allred,3.3,0.3,1.3,0.25,0.0,0.0,0.0,0.3,1.3,0.25,0.25,0.3,0.7,0.5,0.0,0.3,0.3,0.0,0.0,0.0,0.0,0.3,1.0,0.0,0.0,1260.0,0.0,0.0,0.0,0.0,0.0,0.0,0.0,0.0,0.0,0.0,0.0,0.0,0.0,3.0,0.0,10.0,1.0,4.0,0.25,0.0,0.0,0.0,1.0,4.0,0.25,0.25,1.0,2.0,0.5,0.0,1.0,1.0,0.0,0.0,0.0,0.0,1.0,3.0,0.0,-1.0,0.307,0.0,0.5,0.0,11.8,5.7,0.0,0.0,0.0,0.0,22.1,0.0,0.0,0.0,-0.125,-8.1,-3.0,-11.1,0.0,0.0,2008
434,Solomon Jones,4.1,0.3,0.9,0.4,0.0,0.1,0.0,0.3,0.8,0.429,0.4,0.3,0.6,0.55,0.5,0.7,1.2,0.0,0.1,0.1,0.3,0.8,1.0,0.0,0.0,1260.0,0.0,0.0,0.0,0.0,0.0,0.0,0.0,0.0,0.0,0.0,0.0,0.0,0.0,35.0,0.0,145.0,12.0,30.0,0.4,0.0,2.0,0.0,12.0,28.0,0.429,0.4,11.0,20.0,0.55,19.0,23.0,42.0,0.0,3.0,5.0,11.0,28.0,35.0,0.0,6.8,0.451,0.067,0.667,15.3,18.4,16.9,0.0,1.1,2.6,22.1,15.6,-0.1,0.1,0.0,0.0,-6.7,-2.0,-8.8,-0.2,0.0,2008
435,Keith Langford,5.0,0.5,2.0,0.25,0.0,0.0,0.0,0.5,2.0,0.25,0.25,0.0,0.0,0.0,0.0,1.0,1.0,0.0,0.0,0.0,0.0,0.5,1.0,0.0,0.0,1260.0,0.0,0.0,0.0,0.0,0.0,0.0,0.0,0.0,0.0,0.0,0.0,0.0,0.0,2.0,0.0,10.0,1.0,4.0,0.25,0.0,0.0,0.0,1.0,4.0,0.25,0.25,0.0,0.0,0.0,0.0,2.0,2.0,0.0,0.0,0.0,0.0,1.0,2.0,0.0,-2.4,0.25,0.0,0.0,0.0,23.3,11.8,0.0,0.0,0.0,0.0,19.2,0.0,0.0,0.0,-0.142,-12.9,-2.2,-15.1,0.0,0.0,2008
436,Eric Snow,13.9,0.3,1.7,0.158,0.0,0.1,0.0,0.3,1.6,0.167,0.158,0.5,1.0,0.455,0.2,0.7,0.9,1.9,0.5,0.2,0.5,1.4,1.0,0.0,0.0,1260.0,0.0,0.0,0.0,0.0,0.0,0.0,0.0,0.0,0.0,0.0,0.0,0.0,0.0,22.0,5.0,305.0,6.0,38.0,0.158,0.0,2.0,0.0,6.0,36.0,0.167,0.158,10.0,22.0,0.455,4.0,16.0,20.0,42.0,10.0,4.0,10.0,30.0,22.0,0.0,3.1,0.231,0.053,0.579,1.4,6.2,3.7,19.1,1.7,1.0,17.3,8.6,-0.4,0.3,-0.1,-0.021,-6.7,0.3,-6.4,-0.3,0.0,2008
437,Orien Greene,8.7,0.4,1.6,0.273,0.0,0.1,0.0,0.4,1.4,0.3,0.273,0.0,0.0,0.0,0.0,0.9,0.9,0.4,0.4,0.1,1.0,1.3,0.9,0.0,0.0,1260.0,0.0,0.0,0.0,0.0,0.0,0.0,0.0,0.0,0.0,0.0,0.0,0.0,0.0,7.0,2.0,61.0,3.0,11.0,0.273,0.0,1.0,0.0,3.0,10.0,0.3,0.273,0.0,0.0,0.0,0.0,6.0,6.0,3.0,3.0,1.0,7.0,9.0,6.0,0.0,-3.3,0.273,0.091,0.0,0.0,11.4,5.8,6.8,2.5,1.3,38.9,13.2,-0.3,0.1,-0.2,-0.18,-10.9,-0.1,-10.9,-0.1,0.0,2008
438,Shavlik Randolph,3.0,0.4,1.6,0.286,0.0,0.0,0.0,0.4,1.6,0.286,0.286,0.0,0.0,0.0,1.0,0.2,1.2,0.3,0.1,0.3,0.2,0.6,0.9,0.0,0.0,1260.0,0.0,0.0,0.0,0.0,0.0,0.0,0.0,0.0,0.0,0.0,0.0,0.0,0.0,9.0,0.0,27.0,4.0,14.0,0.286,0.0,0.0,0.0,4.0,14.0,0.286,0.286,0.0,0.0,0.0,9.0,2.0,11.0,3.0,1.0,3.0,2.0,5.0,8.0,0.0,15.6,0.286,0.0,0.0,39.2,8.9,24.2,17.8,2.0,8.9,12.5,26.7,-0.1,0.0,0.0,-0.012,-3.2,-2.0,-5.1,0.0,0.0,2008
439,Mario West,4.2,0.3,0.8,0.429,0.0,0.1,0.0,0.3,0.7,0.467,0.429,0.3,0.4,0.654,0.4,0.3,0.8,0.2,0.2,0.1,0.1,1.0,0.9,0.0,0.0,1260.0,0.0,0.0,0.0,0.0,0.0,0.0,0.0,0.0,0.0,0.0,0.0,0.0,0.0,64.0,2.0,269.0,21.0,49.0,0.429,0.0,4.0,0.0,21.0,45.0,0.467,0.429,17.0,26.0,0.654,26.0,22.0,48.0,13.0,12.0,4.0,9.0,61.0,59.0,0.0,8.6,0.488,0.082,0.531,11.3,9.5,10.4,7.2,2.4,1.1,13.0,11.7,0.2,0.2,0.5,0.082,-4.4,0.6,-3.8,-0.1,0.0,2008
440,Loren Woods,2.4,0.4,0.7,0.6,0.0,0.0,0.0,0.4,0.7,0.6,0.6,0.0,0.0,0.0,0.0,0.1,0.1,0.3,0.0,0.0,0.0,0.3,0.9,0.0,0.0,1260.0,0.0,0.0,0.0,0.0,0.0,0.0,0.0,0.0,0.0,0.0,0.0,0.0,0.0,7.0,0.0,17.0,3.0,5.0,0.6,0.0,0.0,0.0,3.0,5.0,0.6,0.6,0.0,0.0,0.0,0.0,1.0,1.0,2.0,0.0,0.0,0.0,2.0,6.0,0.0,13.4,0.6,0.0,0.0,0.0,6.5,3.3,20.1,0.0,0.0,0.0,13.4,0.0,0.0,0.1,0.179,-0.3,1.3,1.1,0.0,0.0,2008
441,Ronald Dupree,4.2,0.2,0.6,0.333,0.0,0.0,0.0,0.2,0.6,0.333,0.333,0.4,0.4,1.0,0.2,1.4,1.6,0.2,0.2,0.0,0.0,0.0,0.8,0.0,0.0,1260.0,0.0,0.0,0.0,0.0,0.0,0.0,0.0,0.0,0.0,0.0,0.0,0.0,0.0,5.0,0.0,21.0,1.0,3.0,0.333,0.0,0.0,0.0,1.0,3.0,0.333,0.333,2.0,2.0,1.0,1.0,7.0,8.0,1.0,1.0,0.0,0.0,0.0,4.0,0.0,15.0,0.515,0.0,0.667,5.2,36.2,20.8,6.5,2.4,0.0,0.0,8.0,0.0,0.0,0.1,0.159,0.9,3.4,4.3,0.0,0.0,2008
442,Lorenzen Wright,8.9,0.3,1.2,0.286,0.0,0.0,0.0,0.3,1.2,0.286,0.286,0.2,0.3,0.5,0.4,1.7,2.1,0.2,0.2,0.2,0.2,1.7,0.8,0.0,0.0,1260.0,0.0,0.0,0.0,0.0,0.0,0.0,0.0,0.0,0.0,0.0,0.0,0.0,0.0,18.0,1.0,161.0,6.0,21.0,0.286,0.0,0.0,0.0,6.0,21.0,0.286,0.286,3.0,6.0,0.5,8.0,30.0,38.0,4.0,3.0,3.0,4.0,31.0,15.0,0.0,2.5,0.317,0.0,0.286,5.8,21.6,13.8,3.5,1.0,1.4,14.5,7.8,-0.2,0.2,0.0,0.001,-6.9,0.3,-6.6,-0.2,0.0,2008
443,Calvin Booth,6.6,0.3,0.9,0.333,0.0,0.0,0.0,0.3,0.9,0.333,0.333,0.2,0.3,0.6,0.2,1.0,1.2,0.3,0.2,0.6,0.1,1.1,0.8,0.0,0.0,1260.0,0.0,0.0,0.0,0.0,0.0,0.0,0.0,0.0,0.0,0.0,0.0,0.0,0.0,31.0,0.0,204.0,9.0,27.0,0.333,0.0,0.0,0.0,9.0,27.0,0.333,0.333,6.0,10.0,0.6,6.0,32.0,38.0,8.0,6.0,18.0,4.0,35.0,24.0,0.0,7.1,0.382,0.0,0.37,3.5,18.8,11.1,5.4,1.6,7.0,11.3,7.8,-0.1,0.4,0.3,0.065,-5.5,3.2,-2.3,0.0,0.0,2008
444,Guillermo Díaz,3.0,0.2,0.7,0.25,0.0,0.2,0.0,0.2,0.5,0.333,0.25,0.5,0.8,0.6,0.3,0.0,0.3,0.2,0.0,0.0,0.0,0.0,0.8,0.0,0.0,1260.0,0.0,0.0,0.0,0.0,0.0,0.0,0.0,0.0,0.0,0.0,0.0,0.0,0.0,6.0,0.0,18.0,1.0,4.0,0.25,0.0,1.0,0.0,1.0,3.0,0.333,0.25,3.0,5.0,0.6,2.0,0.0,2.0,1.0,0.0,0.0,0.0,0.0,5.0,0.0,9.9,0.403,0.25,1.25,12.7,0.0,6.4,8.5,0.0,0.0,0.0,15.9,0.0,0.0,0.0,0.033,-0.2,-2.7,-2.9,0.0,0.0,2008
445,Cedric Simmons,6.2,0.3,1.0,0.286,0.0,0.0,0.0,0.3,1.0,0.286,0.286,0.0,0.7,0.0,0.4,0.9,1.3,0.0,0.1,0.4,0.4,0.6,0.6,0.0,0.0,1260.0,0.0,0.0,0.0,0.0,0.0,0.0,0.0,0.0,0.0,0.0,0.0,0.0,0.0,14.0,0.0,87.0,4.0,14.0,0.286,0.0,0.0,0.0,4.0,14.0,0.286,0.286,0.0,10.0,0.0,6.0,12.0,18.0,0.0,2.0,5.0,6.0,8.0,8.0,0.0,0.0,0.217,0.0,0.714,7.6,16.2,11.8,0.0,1.2,4.5,24.6,12.6,-0.4,0.1,-0.2,-0.134,-8.5,-0.9,-9.4,-0.2,0.0,2008
446,Mark Madsen,7.6,0.2,1.0,0.158,0.0,0.0,0.0,0.2,1.0,0.158,0.158,0.2,0.6,0.25,0.9,1.0,1.9,0.2,0.2,0.1,0.5,1.3,0.5,0.0,0.0,1260.0,0.0,0.0,0.0,0.0,0.0,0.0,0.0,0.0,0.0,0.0,0.0,0.0,0.0,20.0,6.0,151.0,3.0,19.0,0.158,0.0,0.0,0.0,3.0,19.0,0.158,0.158,3.0,12.0,0.25,18.0,20.0,38.0,4.0,3.0,2.0,9.0,25.0,9.0,0.0,0.2,0.185,0.0,0.632,13.4,15.8,14.6,3.5,1.0,1.1,27.0,9.9,-0.4,0.1,-0.3,-0.102,-8.2,-2.4,-10.6,-0.3,0.0,2008
447,Jelani McCoy,5.5,0.2,0.2,1.0,0.0,0.0,0.0,0.2,0.2,1.0,1.0,0.2,0.3,0.5,0.2,1.0,1.2,0.0,0.0,0.8,0.7,1.2,0.5,0.0,0.0,1260.0,0.0,0.0,0.0,0.0,0.0,0.0,0.0,0.0,0.0,0.0,0.0,0.0,0.0,6.0,1.0,33.0,1.0,1.0,1.0,0.0,0.0,0.0,1.0,1.0,1.0,1.0,1.0,2.0,0.5,1.0,6.0,7.0,0.0,0.0,5.0,4.0,7.0,3.0,0.0,2.6,0.798,0.0,2.0,3.3,19.3,11.5,0.0,0.0,10.8,68.0,7.6,-0.1,0.1,0.0,-0.036,-9.6,3.5,-6.1,0.0,0.0,2008
448,Kaniel Dickens,2.4,0.2,0.6,0.333,0.0,0.0,0.0,0.2,0.6,0.333,0.333,0.0,0.0,0.0,0.0,0.2,0.2,0.2,0.0,0.2,0.0,0.2,0.4,0.0,0.0,1260.0,0.0,0.0,0.0,0.0,0.0,0.0,0.0,0.0,0.0,0.0,0.0,0.0,0.0,5.0,0.0,12.0,1.0,3.0,0.333,0.0,0.0,0.0,1.0,3.0,0.333,0.333,0.0,0.0,0.0,0.0,1.0,1.0,1.0,0.0,1.0,0.0,1.0,2.0,0.0,6.6,0.333,0.0,0.0,0.0,9.8,4.7,12.7,0.0,6.6,0.0,11.3,0.0,0.0,0.0,0.023,-4.5,1.7,-2.8,0.0,0.0,2008
449,Courtney Sims,3.7,0.0,0.3,0.0,0.0,0.0,0.0,0.0,0.3,0.0,0.0,0.0,0.0,0.0,0.3,0.3,0.7,0.3,0.0,0.0,0.0,0.7,0.0,0.0,0.0,1260.0,0.0,0.0,0.0,0.0,0.0,0.0,0.0,0.0,0.0,0.0,0.0,0.0,0.0,3.0,0.0,11.0,0.0,1.0,0.0,0.0,0.0,0.0,0.0,1.0,0.0,0.0,0.0,0.0,0.0,1.0,1.0,2.0,1.0,0.0,0.0,0.0,2.0,0.0,0.0,1.1,0.0,0.0,0.0,9.7,10.1,9.9,11.6,0.0,0.0,0.0,3.9,0.0,0.0,0.0,0.008,-6.0,-1.6,-7.5,0.0,0.0,2008
