,Player,MPPG,FGPG,FGAPG,FG%PG,3PPG,3PAPG,3P%PG,2PPG,2PAPG,2P%PG,eFG%PG,FTPG,FTAPG,FT%PG,ORBPG,DRBPG,TRBPG,ASTPG,STLPG,BLKPG,TOVPG,PFPG,PTSPG,First,Pts Won,Pts Max,Share,G_x,MP_x,PTS_x,TRB_x,AST_x,STL_x,BLK_x,FG%_x,3P%_x,FT%_x,WS_x,WS/48_x,G_y,GS,MP_y,FG,FGA,FG%_y,3P,3PA,3P%_y,2P,2PA,2P%,eFG%,FT,FTA,FT%_y,ORB,DRB,TRB_y,AST_y,STL_y,BLK_y,TOV,PF,PTS_y,Trp-Dbl,PER,TS%,3PAr,FTr,ORB%,DRB%,TRB%,AST%,STL%,BLK%,TOV%,USG%,OWS,DWS,WS_y,WS/48_y,OBPM,DBPM,BPM,VORP,First Pts Share,Year
0,Kevin Durant,39.5,9.7,20.3,0.476,1.6,4.3,0.365,8.1,16.1,0.506,0.514,9.2,10.2,0.9,1.3,6.3,7.6,2.8,1.4,1.0,3.3,2.1,30.1,4.0,609.0,1230.0,0.495,82.0,39.5,30.1,7.6,2.8,1.4,1.0,0.476,0.365,0.9,16.1,0.238,82.0,82.0,3239.0,794.0,1668.0,0.476,128.0,351.0,0.365,666.0,1317.0,0.506,0.514,756.0,840.0,0.9,105.0,518.0,623.0,231.0,112.0,84.0,271.0,171.0,2472.0,0.0,26.2,0.607,0.21,0.504,3.8,17.9,11.0,13.5,1.8,1.9,11.7,32.0,11.1,5.0,16.1,0.238,6.3,0.8,7.1,7.5,0.0032520325203252032,2010
1,LeBron James,39.0,10.1,20.1,0.503,1.7,5.1,0.333,8.4,15.0,0.56,0.545,7.8,10.2,0.767,0.9,6.4,7.3,8.6,1.6,1.0,3.4,1.6,29.7,116.0,1205.0,1230.0,0.98,76.0,39.0,29.7,7.3,8.6,1.6,1.0,0.503,0.333,0.767,18.5,0.299,76.0,76.0,2966.0,768.0,1528.0,0.503,129.0,387.0,0.333,639.0,1141.0,0.56,0.545,593.0,773.0,0.767,71.0,483.0,554.0,651.0,125.0,77.0,261.0,119.0,2258.0,4.0,31.1,0.604,0.253,0.506,3.0,18.5,11.1,41.8,2.2,2.0,12.3,33.5,13.3,5.2,18.5,0.299,9.1,2.8,11.8,10.3,0.0943089430894309,2010
2,Carmelo Anthony,38.2,10.0,21.8,0.458,0.9,2.7,0.316,9.1,19.1,0.478,0.478,7.4,8.9,0.83,2.2,4.4,6.6,3.2,1.3,0.4,3.0,3.3,28.2,0.0,65.0,1230.0,0.053,69.0,38.2,28.2,6.6,3.2,1.3,0.4,0.458,0.316,0.83,7.9,0.145,69.0,69.0,2634.0,688.0,1502.0,0.458,59.0,187.0,0.316,629.0,1315.0,0.478,0.478,508.0,612.0,0.83,152.0,302.0,454.0,222.0,88.0,30.0,209.0,225.0,1943.0,0.0,22.2,0.548,0.125,0.407,6.7,13.1,9.9,15.9,1.7,0.9,10.6,33.4,5.6,2.4,7.9,0.145,3.5,-1.2,2.3,2.9,0.0,2010
3,Kobe Bryant,38.8,9.8,21.5,0.456,1.4,4.1,0.329,8.5,17.4,0.487,0.488,6.0,7.4,0.811,1.1,4.3,5.4,5.0,1.5,0.3,3.2,2.6,27.0,0.0,599.0,1230.0,0.487,73.0,38.8,27.0,5.4,5.0,1.5,0.3,0.456,0.329,0.811,9.4,0.16,73.0,73.0,2835.0,716.0,1569.0,0.456,99.0,301.0,0.329,617.0,1268.0,0.487,0.488,439.0,541.0,0.811,78.0,313.0,391.0,365.0,113.0,20.0,233.0,187.0,1970.0,0.0,21.9,0.545,0.192,0.345,3.1,12.2,7.7,23.8,2.1,0.5,11.4,32.3,5.4,4.0,9.4,0.16,3.9,0.2,4.1,4.4,0.0,2010
4,Dwyane Wade,36.3,9.3,19.6,0.476,0.9,3.2,0.3,8.4,16.5,0.509,0.5,6.9,9.1,0.761,1.4,3.5,4.8,6.5,1.8,1.1,3.3,2.4,26.6,0.0,119.0,1230.0,0.097,77.0,36.3,26.6,4.8,6.5,1.8,1.1,0.476,0.3,0.761,13.0,0.224,77.0,77.0,2792.0,719.0,1511.0,0.476,73.0,243.0,0.3,646.0,1268.0,0.509,0.5,534.0,702.0,0.761,107.0,266.0,373.0,501.0,142.0,82.0,252.0,181.0,2045.0,0.0,28.0,0.562,0.161,0.465,4.5,11.1,7.8,36.4,2.7,2.4,12.2,34.9,8.5,4.6,13.0,0.224,7.1,2.1,9.2,7.9,0.0,2010
5,Monta Ellis,41.4,9.9,22.0,0.449,1.2,3.6,0.338,8.7,18.4,0.47,0.476,4.6,6.1,0.753,0.7,3.3,4.0,5.3,2.2,0.4,3.8,3.0,25.5,0.0,0.0,1230.0,0.0,0.0,0.0,0.0,0.0,0.0,0.0,0.0,0.0,0.0,0.0,0.0,0.0,64.0,64.0,2647.0,631.0,1406.0,0.449,77.0,228.0,0.338,554.0,1178.0,0.47,0.476,292.0,388.0,0.753,47.0,210.0,257.0,340.0,143.0,25.0,244.0,189.0,1631.0,0.0,16.7,0.517,0.162,0.276,1.9,9.0,5.4,21.2,2.6,0.7,13.4,29.5,0.0,1.3,1.3,0.023,0.1,-1.5,-1.4,0.4,0.0,2010
6,Dirk Nowitzki,37.5,8.9,18.5,0.481,0.6,1.5,0.421,8.3,17.0,0.487,0.498,6.6,7.2,0.915,1.0,6.7,7.7,2.7,0.9,1.0,1.8,2.6,25.0,0.0,55.0,1230.0,0.045,81.0,37.5,25.0,7.7,2.7,0.9,1.0,0.481,0.421,0.915,12.3,0.194,81.0,80.0,3039.0,720.0,1496.0,0.481,51.0,121.0,0.421,669.0,1375.0,0.487,0.498,536.0,586.0,0.915,80.0,540.0,620.0,218.0,70.0,79.0,149.0,208.0,2027.0,1.0,22.9,0.578,0.081,0.392,3.1,20.1,11.7,13.0,1.2,2.0,7.8,28.8,8.4,3.9,12.3,0.194,3.7,0.5,4.2,4.7,0.0,2010
7,Danny Granger,36.7,7.9,18.4,0.428,2.5,7.1,0.361,5.3,11.3,0.471,0.498,5.9,6.9,0.848,1.1,4.4,5.5,2.8,1.5,0.8,2.5,3.0,24.1,0.0,0.0,1230.0,0.0,0.0,0.0,0.0,0.0,0.0,0.0,0.0,0.0,0.0,0.0,0.0,0.0,62.0,62.0,2278.0,488.0,1139.0,0.428,158.0,438.0,0.361,330.0,701.0,0.471,0.498,363.0,428.0,0.848,67.0,275.0,342.0,171.0,94.0,51.0,157.0,183.0,1497.0,0.0,19.8,0.564,0.385,0.376,3.2,13.3,8.2,13.6,2.0,1.6,10.6,28.7,3.5,2.7,6.2,0.131,3.1,0.0,3.1,2.9,0.0,2010
8,Chris Bosh,36.1,8.6,16.5,0.518,0.1,0.3,0.364,8.5,16.2,0.521,0.522,6.7,8.4,0.797,2.9,7.9,10.8,2.4,0.6,1.0,2.4,2.4,24.0,0.0,1.0,1230.0,0.001,70.0,36.1,24.0,10.8,2.4,0.6,1.0,0.518,0.364,0.797,9.6,0.182,70.0,70.0,2526.0,600.0,1158.0,0.518,8.0,22.0,0.364,592.0,1136.0,0.521,0.522,470.0,590.0,0.797,205.0,554.0,759.0,166.0,43.0,68.0,169.0,170.0,1678.0,0.0,25.0,0.592,0.019,0.509,9.9,25.2,17.7,11.5,0.9,2.1,10.7,28.7,7.9,1.7,9.6,0.182,4.8,-1.2,3.6,3.6,0.0,2010
9,Amar'e Stoudemire,34.6,8.6,15.4,0.557,0.0,0.1,0.167,8.6,15.3,0.559,0.557,5.9,7.7,0.771,2.8,6.1,8.9,1.0,0.6,1.0,2.6,3.4,23.1,0.0,5.0,1230.0,0.004,82.0,34.6,23.1,8.9,1.0,0.6,1.0,0.557,0.167,0.771,10.7,0.181,82.0,82.0,2838.0,704.0,1264.0,0.557,1.0,6.0,0.167,703.0,1258.0,0.559,0.557,487.0,632.0,0.771,230.0,502.0,732.0,82.0,52.0,83.0,213.0,281.0,1896.0,0.0,22.6,0.615,0.005,0.5,9.7,18.9,14.5,4.8,0.9,2.1,12.1,27.3,8.2,2.5,10.7,0.181,2.1,-1.1,1.0,2.2,0.0,2010
10,Gilbert Arenas,36.5,7.9,19.3,0.411,2.0,5.7,0.348,5.9,13.6,0.437,0.462,4.8,6.5,0.739,0.5,3.6,4.2,7.2,1.3,0.3,3.7,3.0,22.6,0.0,0.0,1230.0,0.0,0.0,0.0,0.0,0.0,0.0,0.0,0.0,0.0,0.0,0.0,0.0,0.0,32.0,32.0,1169.0,253.0,616.0,0.411,63.0,181.0,0.348,190.0,435.0,0.437,0.462,153.0,207.0,0.739,17.0,116.0,133.0,230.0,41.0,9.0,117.0,95.0,722.0,1.0,18.7,0.511,0.294,0.336,1.6,11.6,6.5,36.3,1.8,0.6,14.2,31.9,0.9,0.9,1.8,0.072,2.9,-1.2,1.7,1.1,0.0,2010
11,Brandon Roy,37.2,7.6,16.0,0.473,1.1,3.4,0.33,6.4,12.6,0.512,0.508,5.3,6.8,0.78,1.1,3.3,4.4,4.7,0.9,0.2,2.0,2.1,21.5,0.0,0.0,1230.0,0.0,0.0,0.0,0.0,0.0,0.0,0.0,0.0,0.0,0.0,0.0,0.0,0.0,65.0,65.0,2419.0,491.0,1038.0,0.473,73.0,221.0,0.33,418.0,817.0,0.512,0.508,343.0,440.0,0.78,73.0,212.0,285.0,305.0,61.0,16.0,129.0,136.0,1398.0,0.0,21.3,0.568,0.213,0.424,3.7,10.9,7.3,23.1,1.4,0.5,9.5,26.7,7.0,2.1,9.1,0.18,4.7,0.0,4.7,4.1,0.0,2010
12,Joe Johnson,38.0,8.4,18.2,0.458,1.7,4.6,0.369,6.7,13.6,0.488,0.505,2.9,3.5,0.818,1.0,3.7,4.6,4.9,1.1,0.1,1.9,1.9,21.3,0.0,1.0,1230.0,0.001,76.0,38.0,21.3,4.6,4.9,1.1,0.1,0.458,0.369,0.818,8.4,0.14,76.0,76.0,2886.0,635.0,1386.0,0.458,129.0,350.0,0.369,506.0,1036.0,0.488,0.505,220.0,269.0,0.818,74.0,279.0,353.0,369.0,82.0,5.0,145.0,145.0,1619.0,0.0,19.3,0.538,0.253,0.194,3.0,11.4,7.1,22.0,1.5,0.1,8.8,26.3,6.0,2.4,8.4,0.14,3.4,-0.7,2.7,3.4,0.0,2010
13,Zach Randolph,37.7,8.0,16.5,0.488,0.2,0.6,0.288,7.9,15.9,0.496,0.494,4.5,5.7,0.778,4.1,7.7,11.7,1.8,1.0,0.4,2.1,2.8,20.8,0.0,0.0,1230.0,0.0,0.0,0.0,0.0,0.0,0.0,0.0,0.0,0.0,0.0,0.0,0.0,0.0,81.0,81.0,3051.0,652.0,1336.0,0.488,15.0,52.0,0.288,637.0,1284.0,0.496,0.494,362.0,465.0,0.778,330.0,620.0,950.0,149.0,80.0,34.0,174.0,226.0,1681.0,0.0,21.2,0.546,0.039,0.348,12.6,23.8,18.2,8.2,1.3,0.8,10.1,24.6,7.0,2.7,9.7,0.153,2.7,-1.4,1.3,2.5,0.0,2010
14,Derrick Rose,36.8,8.6,17.6,0.489,0.2,0.8,0.267,8.4,16.8,0.5,0.495,3.3,4.3,0.766,0.8,2.9,3.8,6.0,0.7,0.3,2.8,1.2,20.8,0.0,0.0,1230.0,0.0,0.0,0.0,0.0,0.0,0.0,0.0,0.0,0.0,0.0,0.0,0.0,0.0,78.0,78.0,2871.0,672.0,1373.0,0.489,16.0,60.0,0.267,656.0,1313.0,0.5,0.495,259.0,338.0,0.766,65.0,228.0,293.0,469.0,57.0,27.0,217.0,96.0,1619.0,0.0,18.6,0.532,0.044,0.246,2.6,8.7,5.7,30.3,1.0,0.7,12.5,27.2,3.5,2.5,6.0,0.1,2.6,-0.9,1.7,2.7,0.0,2010
15,Kevin Martin,35.5,6.3,15.1,0.417,1.5,4.6,0.333,4.8,10.5,0.453,0.468,6.5,7.4,0.876,0.6,2.9,3.6,2.4,1.0,0.1,2.0,2.1,20.6,0.0,0.0,1230.0,0.0,0.0,0.0,0.0,0.0,0.0,0.0,0.0,0.0,0.0,0.0,0.0,0.0,46.0,43.0,1633.0,289.0,693.0,0.417,70.0,210.0,0.333,219.0,483.0,0.453,0.468,298.0,340.0,0.876,29.0,135.0,164.0,111.0,46.0,6.0,92.0,96.0,946.0,0.0,17.0,0.561,0.303,0.491,2.0,9.7,5.8,11.2,1.4,0.3,9.8,25.3,3.2,1.0,4.2,0.123,1.0,-1.4,-0.4,0.6,0.0,2010
16,Stephen Jackson,38.6,7.4,17.5,0.423,1.6,4.9,0.328,5.8,12.7,0.46,0.469,4.2,5.4,0.779,1.0,4.0,5.0,3.7,1.6,0.5,3.2,2.4,20.6,0.0,1.0,1230.0,0.001,81.0,38.6,20.6,5.0,3.7,1.6,0.5,0.423,0.328,0.779,5.0,0.077,81.0,81.0,3129.0,600.0,1418.0,0.423,129.0,393.0,0.328,471.0,1025.0,0.46,0.469,338.0,434.0,0.779,78.0,323.0,401.0,300.0,132.0,43.0,259.0,197.0,1667.0,0.0,15.6,0.518,0.277,0.306,3.0,12.2,7.7,17.7,2.2,1.1,13.9,27.5,0.5,4.6,5.0,0.077,0.3,0.1,0.4,1.9,0.0,2010
17,David Lee,37.3,8.5,15.5,0.545,0.0,0.1,0.0,8.5,15.4,0.549,0.545,3.3,4.1,0.812,2.8,8.9,11.7,3.6,1.0,0.5,2.3,3.2,20.2,0.0,0.0,1230.0,0.0,0.0,0.0,0.0,0.0,0.0,0.0,0.0,0.0,0.0,0.0,0.0,0.0,81.0,81.0,3019.0,686.0,1258.0,0.545,0.0,8.0,0.0,686.0,1250.0,0.549,0.545,268.0,330.0,0.812,228.0,721.0,949.0,295.0,85.0,40.0,189.0,257.0,1640.0,1.0,22.2,0.584,0.006,0.262,8.4,27.6,17.9,17.5,1.4,1.0,11.9,23.8,7.4,2.9,10.3,0.163,2.6,0.0,2.5,3.5,0.0,2010
18,Tyreke Evans,37.2,7.4,16.2,0.458,0.5,2.0,0.255,6.9,14.2,0.485,0.473,4.8,6.5,0.748,0.9,4.4,5.3,5.8,1.5,0.4,3.0,2.8,20.1,0.0,0.0,1230.0,0.0,0.0,0.0,0.0,0.0,0.0,0.0,0.0,0.0,0.0,0.0,0.0,0.0,72.0,72.0,2677.0,533.0,1165.0,0.458,36.0,141.0,0.255,497.0,1024.0,0.485,0.473,348.0,465.0,0.748,66.0,314.0,380.0,414.0,109.0,26.0,216.0,204.0,1450.0,1.0,18.2,0.529,0.121,0.399,2.8,13.6,8.1,26.1,2.1,0.7,13.6,26.2,3.3,2.1,5.4,0.097,1.3,0.0,1.3,2.2,0.0,2010
19,Corey Maggette,29.7,6.5,12.7,0.516,0.2,0.7,0.26,6.3,11.9,0.531,0.523,6.6,7.9,0.835,1.3,4.0,5.3,2.5,0.7,0.1,2.4,3.3,19.8,0.0,0.0,1230.0,0.0,0.0,0.0,0.0,0.0,0.0,0.0,0.0,0.0,0.0,0.0,0.0,0.0,70.0,49.0,2081.0,457.0,886.0,0.516,13.0,50.0,0.26,444.0,836.0,0.531,0.523,460.0,551.0,0.835,92.0,281.0,373.0,172.0,51.0,4.0,168.0,231.0,1387.0,0.0,20.3,0.615,0.056,0.622,4.9,15.2,10.0,13.2,1.2,0.1,13.0,26.7,5.6,0.7,6.3,0.144,2.1,-1.8,0.3,1.2,0.0,2010
20,Aaron Brooks,35.6,7.0,16.2,0.432,2.5,6.4,0.398,4.5,9.8,0.454,0.511,3.0,3.6,0.822,0.7,2.0,2.6,5.3,0.8,0.2,2.8,2.4,19.6,0.0,0.0,1230.0,0.0,0.0,0.0,0.0,0.0,0.0,0.0,0.0,0.0,0.0,0.0,0.0,0.0,82.0,82.0,2919.0,575.0,1331.0,0.432,209.0,525.0,0.398,366.0,806.0,0.454,0.511,245.0,298.0,0.822,54.0,161.0,215.0,434.0,69.0,14.0,232.0,199.0,1604.0,0.0,16.0,0.549,0.394,0.224,2.0,6.6,4.2,25.6,1.2,0.3,13.7,25.7,3.9,1.6,5.5,0.091,2.3,-1.6,0.7,1.9,0.0,2010
21,Rudy Gay,39.7,7.5,16.1,0.466,0.8,2.5,0.327,6.7,13.6,0.492,0.491,3.8,5.0,0.753,1.4,4.5,5.9,1.9,1.5,0.8,2.1,2.5,19.6,0.0,0.0,1230.0,0.0,0.0,0.0,0.0,0.0,0.0,0.0,0.0,0.0,0.0,0.0,0.0,0.0,80.0,80.0,3175.0,600.0,1288.0,0.466,66.0,202.0,0.327,534.0,1086.0,0.492,0.491,301.0,400.0,0.753,115.0,357.0,472.0,153.0,118.0,64.0,169.0,201.0,1567.0,0.0,16.2,0.535,0.157,0.311,4.2,13.2,8.7,7.8,1.9,1.5,10.3,22.5,4.0,2.4,6.4,0.096,0.8,-0.3,0.5,2.0,0.0,2010
22,Chauncey Billups,34.1,5.5,13.2,0.418,2.2,5.6,0.386,3.4,7.6,0.441,0.499,6.4,7.0,0.91,0.3,2.8,3.1,5.6,1.1,0.1,2.4,2.1,19.5,0.0,1.0,1230.0,0.001,73.0,34.1,19.5,3.1,5.6,1.1,0.1,0.418,0.386,0.91,9.5,0.182,73.0,73.0,2490.0,402.0,962.0,0.418,157.0,407.0,0.386,245.0,555.0,0.441,0.499,466.0,512.0,0.91,25.0,203.0,228.0,409.0,82.0,9.0,177.0,153.0,1427.0,0.0,20.2,0.601,0.423,0.532,1.2,9.3,5.3,26.1,1.7,0.3,13.0,24.3,7.7,1.7,9.5,0.182,4.5,-0.8,3.7,3.6,0.0,2010
23,Carlos Boozer,34.3,7.9,14.1,0.562,0.0,0.0,0.0,7.9,14.1,0.562,0.562,3.7,4.9,0.742,2.3,8.9,11.2,3.2,1.1,0.5,2.7,3.5,19.5,0.0,0.0,1230.0,0.0,0.0,0.0,0.0,0.0,0.0,0.0,0.0,0.0,0.0,0.0,0.0,0.0,78.0,78.0,2673.0,617.0,1098.0,0.562,0.0,0.0,0.0,617.0,1098.0,0.562,0.562,285.0,384.0,0.742,181.0,693.0,874.0,247.0,84.0,36.0,212.0,270.0,1519.0,0.0,21.3,0.599,0.0,0.35,8.2,29.9,19.4,15.8,1.6,1.1,14.3,24.8,5.3,4.6,9.9,0.178,2.4,1.1,3.4,3.7,0.0,2010
24,David West,36.4,7.6,15.1,0.505,0.1,0.3,0.259,7.6,14.8,0.51,0.508,3.7,4.2,0.865,2.0,5.4,7.5,3.0,0.9,0.7,2.1,2.9,19.0,0.0,0.0,1230.0,0.0,0.0,0.0,0.0,0.0,0.0,0.0,0.0,0.0,0.0,0.0,0.0,0.0,81.0,81.0,2949.0,619.0,1226.0,0.505,7.0,27.0,0.259,612.0,1199.0,0.51,0.508,296.0,342.0,0.865,164.0,441.0,605.0,239.0,76.0,60.0,173.0,233.0,1541.0,0.0,18.9,0.56,0.022,0.279,6.4,17.9,12.0,13.7,1.3,1.5,11.2,24.0,5.2,2.3,7.5,0.122,1.2,-0.3,0.8,2.1,0.0,2010
25,Brook Lopez,36.9,6.9,13.8,0.499,0.0,0.0,0.0,6.9,13.7,0.5,0.499,5.1,6.2,0.817,3.3,5.4,8.6,2.3,0.7,1.7,2.5,3.1,18.8,0.0,0.0,1230.0,0.0,0.0,0.0,0.0,0.0,0.0,0.0,0.0,0.0,0.0,0.0,0.0,0.0,82.0,82.0,3027.0,563.0,1129.0,0.499,0.0,2.0,0.0,563.0,1127.0,0.5,0.499,416.0,509.0,0.817,270.0,439.0,709.0,187.0,55.0,139.0,204.0,251.0,1542.0,0.0,20.1,0.57,0.002,0.451,9.9,17.5,13.5,11.8,1.0,3.4,13.1,23.6,5.5,2.4,7.9,0.125,1.6,-0.5,1.2,2.5,0.0,2010
26,Antawn Jamison,36.5,7.2,15.7,0.461,1.3,3.7,0.344,6.0,12.0,0.498,0.502,2.9,4.5,0.647,2.1,6.3,8.4,1.3,1.1,0.3,1.4,2.7,18.7,0.0,0.0,1230.0,0.0,0.0,0.0,0.0,0.0,0.0,0.0,0.0,0.0,0.0,0.0,0.0,0.0,66.0,64.0,2406.0,478.0,1036.0,0.461,85.0,247.0,0.344,393.0,789.0,0.498,0.502,194.0,300.0,0.647,136.0,419.0,555.0,84.0,71.0,21.0,91.0,179.0,1235.0,0.0,17.3,0.529,0.238,0.29,6.6,20.1,13.4,6.1,1.5,0.7,7.2,23.9,3.0,2.8,5.8,0.115,1.1,-0.9,0.2,1.3,0.0,2010
27,Chris Paul,38.0,7.0,14.2,0.493,1.2,2.8,0.409,5.8,11.3,0.514,0.534,3.6,4.2,0.847,0.4,3.8,4.2,10.7,2.1,0.2,2.5,2.6,18.7,0.0,0.0,1230.0,0.0,0.0,0.0,0.0,0.0,0.0,0.0,0.0,0.0,0.0,0.0,0.0,0.0,45.0,45.0,1712.0,314.0,637.0,0.493,52.0,127.0,0.409,262.0,510.0,0.514,0.534,161.0,190.0,0.847,20.0,171.0,191.0,480.0,96.0,8.0,112.0,118.0,841.0,1.0,23.7,0.584,0.199,0.298,1.3,11.9,6.5,45.4,2.9,0.4,13.5,22.2,5.7,1.5,7.3,0.204,4.6,1.6,6.2,3.5,0.0,2010
28,Deron Williams,36.9,6.5,13.9,0.469,1.3,3.4,0.371,5.2,10.4,0.501,0.515,4.4,5.5,0.801,0.7,3.3,4.0,10.5,1.3,0.2,3.3,2.7,18.7,0.0,7.0,1230.0,0.006,76.0,36.9,18.7,4.0,10.5,1.3,0.2,0.469,0.371,0.801,10.3,0.177,76.0,76.0,2802.0,494.0,1053.0,0.469,96.0,259.0,0.371,398.0,794.0,0.501,0.515,335.0,418.0,0.801,50.0,253.0,303.0,798.0,96.0,16.0,252.0,208.0,1419.0,0.0,20.6,0.574,0.246,0.397,2.2,10.4,6.4,44.5,1.8,0.5,16.9,23.8,7.4,3.0,10.3,0.177,4.2,-0.4,3.8,4.1,0.0,2010
29,Chris Kaman,34.3,7.8,15.8,0.49,0.0,0.1,0.0,7.8,15.7,0.492,0.49,3.0,4.0,0.749,2.4,6.8,9.3,1.6,0.5,1.2,2.9,2.8,18.5,0.0,0.0,1230.0,0.0,0.0,0.0,0.0,0.0,0.0,0.0,0.0,0.0,0.0,0.0,0.0,0.0,76.0,76.0,2608.0,589.0,1202.0,0.49,0.0,6.0,0.0,589.0,1196.0,0.492,0.49,230.0,307.0,0.749,184.0,520.0,704.0,120.0,37.0,94.0,223.0,213.0,1408.0,0.0,16.5,0.527,0.005,0.255,8.1,23.2,15.6,8.6,0.7,2.7,14.3,27.1,0.0,2.4,2.4,0.044,-1.4,-1.1,-2.5,-0.3,0.0,2010
30,Pau Gasol,37.0,7.0,13.0,0.536,0.0,0.1,0.0,7.0,12.9,0.539,0.536,4.4,5.6,0.79,3.7,7.6,11.3,3.4,0.6,1.7,2.2,2.3,18.3,0.0,0.0,1230.0,0.0,0.0,0.0,0.0,0.0,0.0,0.0,0.0,0.0,0.0,0.0,0.0,0.0,65.0,65.0,2403.0,452.0,844.0,0.536,0.0,5.0,0.0,452.0,839.0,0.539,0.536,286.0,362.0,0.79,243.0,491.0,734.0,218.0,37.0,113.0,143.0,152.0,1190.0,0.0,22.9,0.593,0.006,0.429,11.4,22.7,17.1,15.0,0.8,3.5,12.5,21.4,6.8,4.2,11.0,0.22,3.7,1.3,4.9,4.2,0.0,2010
31,Dwight Howard,34.7,6.2,10.2,0.612,0.0,0.1,0.0,6.2,10.1,0.617,0.612,5.9,10.0,0.592,3.5,9.7,13.2,1.8,0.9,2.8,3.3,3.5,18.3,3.0,478.0,1230.0,0.389,82.0,34.7,18.3,13.2,1.8,0.9,2.8,0.612,0.0,0.592,13.2,0.223,82.0,82.0,2843.0,510.0,834.0,0.612,0.0,7.0,0.0,510.0,827.0,0.617,0.612,483.0,816.0,0.592,284.0,798.0,1082.0,144.0,75.0,228.0,274.0,287.0,1503.0,0.0,24.0,0.63,0.008,0.978,12.0,31.3,22.0,8.7,1.4,6.0,18.7,23.9,6.1,7.1,13.2,0.223,1.6,2.8,4.4,4.6,0.0024390243902439024,2010
32,Paul Pierce,34.0,5.8,12.2,0.472,1.5,3.7,0.414,4.2,8.5,0.497,0.535,5.2,6.1,0.852,0.5,3.8,4.4,3.1,1.2,0.4,2.3,2.8,18.3,0.0,0.0,1230.0,0.0,0.0,0.0,0.0,0.0,0.0,0.0,0.0,0.0,0.0,0.0,0.0,0.0,71.0,71.0,2411.0,409.0,867.0,0.472,109.0,263.0,0.414,300.0,604.0,0.497,0.535,369.0,433.0,0.852,39.0,271.0,310.0,218.0,84.0,31.0,166.0,196.0,1296.0,0.0,18.2,0.613,0.303,0.499,2.0,13.4,7.9,15.1,1.8,1.0,13.6,23.8,5.0,3.3,8.3,0.165,2.3,0.7,3.0,3.0,0.0,2010
33,Gerald Wallace,41.0,6.0,12.4,0.484,0.7,1.8,0.371,5.3,10.6,0.503,0.511,5.6,7.2,0.776,2.0,8.1,10.0,2.1,1.5,1.1,2.3,2.6,18.2,0.0,0.0,1230.0,0.0,0.0,0.0,0.0,0.0,0.0,0.0,0.0,0.0,0.0,0.0,0.0,0.0,76.0,76.0,3119.0,456.0,943.0,0.484,52.0,140.0,0.371,404.0,803.0,0.503,0.511,422.0,544.0,0.776,150.0,612.0,762.0,161.0,117.0,83.0,178.0,194.0,1386.0,0.0,18.3,0.586,0.148,0.577,5.9,23.2,14.7,9.0,2.0,2.2,13.1,20.3,5.3,6.2,11.5,0.177,1.0,1.7,2.7,3.7,0.0,2010
34,Richard Hamilton,33.7,6.4,15.6,0.409,0.9,3.0,0.297,5.5,12.6,0.435,0.437,4.4,5.2,0.846,0.7,2.0,2.7,4.4,0.7,0.1,2.5,2.5,18.1,0.0,0.0,1230.0,0.0,0.0,0.0,0.0,0.0,0.0,0.0,0.0,0.0,0.0,0.0,0.0,0.0,46.0,46.0,1552.0,293.0,717.0,0.409,41.0,138.0,0.297,252.0,579.0,0.435,0.437,204.0,241.0,0.846,30.0,92.0,122.0,202.0,30.0,3.0,115.0,115.0,831.0,0.0,14.9,0.505,0.192,0.336,2.2,7.7,4.8,23.5,1.0,0.2,12.3,27.9,1.2,0.1,1.4,0.043,0.6,-2.7,-2.1,0.0,0.0,2010
35,Jamal Crawford,31.1,6.3,14.0,0.449,2.1,5.4,0.382,4.2,8.6,0.491,0.523,3.4,4.0,0.857,0.4,2.1,2.5,3.0,0.8,0.2,1.7,1.7,18.0,0.0,0.0,1230.0,0.0,0.0,0.0,0.0,0.0,0.0,0.0,0.0,0.0,0.0,0.0,0.0,0.0,79.0,0.0,2460.0,496.0,1105.0,0.449,163.0,427.0,0.382,333.0,678.0,0.491,0.523,270.0,315.0,0.857,34.0,167.0,201.0,238.0,61.0,12.0,137.0,132.0,1425.0,0.0,18.4,0.573,0.386,0.285,1.6,8.0,4.8,16.1,1.3,0.4,9.9,25.8,5.6,1.7,7.3,0.143,3.5,-1.1,2.4,2.7,0.0,2010
36,LaMarcus Aldridge,37.5,7.4,15.0,0.495,0.1,0.2,0.313,7.4,14.8,0.498,0.497,2.9,3.9,0.757,2.5,5.6,8.0,2.1,0.9,0.6,1.3,3.0,17.9,0.0,0.0,1230.0,0.0,0.0,0.0,0.0,0.0,0.0,0.0,0.0,0.0,0.0,0.0,0.0,0.0,78.0,78.0,2922.0,579.0,1169.0,0.495,5.0,16.0,0.313,574.0,1153.0,0.498,0.497,230.0,304.0,0.757,192.0,435.0,627.0,160.0,67.0,48.0,104.0,231.0,1393.0,0.0,18.2,0.535,0.014,0.26,8.1,18.6,13.3,9.9,1.3,1.3,7.4,22.9,5.5,3.3,8.8,0.145,1.4,-0.2,1.2,2.3,0.0,2010
37,Tim Duncan,31.3,7.2,13.9,0.518,0.0,0.1,0.182,7.2,13.7,0.522,0.519,3.5,4.8,0.725,2.8,7.3,10.1,3.2,0.6,1.5,1.8,1.9,17.9,0.0,0.0,1230.0,0.0,0.0,0.0,0.0,0.0,0.0,0.0,0.0,0.0,0.0,0.0,0.0,0.0,78.0,77.0,2438.0,561.0,1082.0,0.518,2.0,11.0,0.182,559.0,1071.0,0.522,0.519,271.0,374.0,0.725,221.0,567.0,788.0,246.0,45.0,117.0,140.0,152.0,1395.0,0.0,24.7,0.56,0.01,0.346,10.8,26.8,18.9,17.8,1.0,3.5,10.1,26.0,6.4,4.5,10.9,0.215,4.4,1.8,6.1,5.0,0.0,2010
38,Al Harrington,30.5,6.2,14.3,0.435,1.9,5.7,0.342,4.3,8.6,0.496,0.503,3.3,4.4,0.757,1.2,4.4,5.6,1.5,0.9,0.4,1.8,2.9,17.7,0.0,0.0,1230.0,0.0,0.0,0.0,0.0,0.0,0.0,0.0,0.0,0.0,0.0,0.0,0.0,0.0,72.0,15.0,2195.0,448.0,1030.0,0.435,140.0,409.0,0.342,308.0,621.0,0.496,0.503,240.0,317.0,0.757,88.0,317.0,405.0,110.0,62.0,26.0,132.0,209.0,1276.0,0.0,16.8,0.546,0.397,0.308,4.5,16.7,10.5,8.6,1.4,0.9,10.1,26.8,2.2,1.3,3.5,0.077,0.8,-1.6,-0.8,0.6,0.0,2010
39,Luol Deng,37.9,6.8,14.5,0.466,0.5,1.2,0.386,6.3,13.3,0.474,0.482,3.6,4.7,0.764,1.9,5.4,7.3,2.0,0.9,0.9,1.9,1.8,17.6,0.0,0.0,1230.0,0.0,0.0,0.0,0.0,0.0,0.0,0.0,0.0,0.0,0.0,0.0,0.0,0.0,70.0,69.0,2651.0,473.0,1014.0,0.466,32.0,83.0,0.386,441.0,931.0,0.474,0.482,252.0,330.0,0.764,131.0,381.0,512.0,143.0,66.0,61.0,134.0,129.0,1230.0,0.0,16.1,0.531,0.082,0.325,5.6,15.8,10.7,9.1,1.3,1.8,10.4,21.9,2.5,3.4,5.9,0.106,0.7,0.3,1.0,2.0,0.0,2010
40,Stephen Curry,36.2,6.6,14.3,0.462,2.1,4.8,0.437,4.5,9.5,0.474,0.535,2.2,2.5,0.885,0.6,3.9,4.5,5.9,1.9,0.2,3.0,3.2,17.5,0.0,0.0,1230.0,0.0,0.0,0.0,0.0,0.0,0.0,0.0,0.0,0.0,0.0,0.0,0.0,0.0,80.0,77.0,2896.0,528.0,1143.0,0.462,166.0,380.0,0.437,362.0,763.0,0.474,0.535,177.0,200.0,0.885,48.0,308.0,356.0,472.0,152.0,19.0,243.0,252.0,1399.0,1.0,16.3,0.568,0.332,0.175,1.8,12.0,6.8,24.6,2.5,0.5,16.5,21.8,3.0,1.6,4.7,0.077,1.1,-0.5,0.7,2.0,0.0,2010
41,O.J. Mayo,38.0,6.6,14.4,0.458,1.7,4.3,0.383,5.0,10.1,0.49,0.516,2.6,3.2,0.809,0.7,3.0,3.8,3.0,1.2,0.2,2.1,2.1,17.5,0.0,0.0,1230.0,0.0,0.0,0.0,0.0,0.0,0.0,0.0,0.0,0.0,0.0,0.0,0.0,0.0,82.0,82.0,3113.0,542.0,1183.0,0.458,136.0,355.0,0.383,406.0,828.0,0.49,0.516,212.0,262.0,0.809,61.0,250.0,311.0,242.0,98.0,17.0,176.0,174.0,1432.0,0.0,14.6,0.551,0.3,0.221,2.3,9.4,5.8,12.2,1.6,0.4,11.9,20.7,4.3,1.4,5.6,0.087,0.8,-0.8,0.0,1.6,0.0,2010
42,Andrea Bargnani,35.0,6.7,14.3,0.47,1.5,4.1,0.372,5.2,10.2,0.509,0.523,2.3,2.9,0.774,1.3,4.9,6.2,1.2,0.3,1.4,1.5,2.7,17.2,0.0,0.0,1230.0,0.0,0.0,0.0,0.0,0.0,0.0,0.0,0.0,0.0,0.0,0.0,0.0,0.0,80.0,80.0,2799.0,537.0,1143.0,0.47,121.0,325.0,0.372,416.0,818.0,0.509,0.523,181.0,234.0,0.774,105.0,388.0,493.0,93.0,25.0,111.0,120.0,215.0,1376.0,0.0,15.5,0.552,0.284,0.205,4.6,15.9,10.4,5.4,0.5,3.0,8.8,22.3,3.3,0.9,4.2,0.072,0.9,-1.7,-0.8,0.9,0.0,2010
43,Andre Iguodala,38.9,6.0,13.7,0.443,1.1,3.7,0.31,4.9,10.0,0.492,0.485,3.8,5.2,0.733,1.0,5.5,6.5,5.8,1.7,0.7,2.7,1.8,17.1,0.0,0.0,1230.0,0.0,0.0,0.0,0.0,0.0,0.0,0.0,0.0,0.0,0.0,0.0,0.0,0.0,82.0,82.0,3193.0,496.0,1120.0,0.443,94.0,303.0,0.31,402.0,817.0,0.492,0.485,315.0,430.0,0.733,82.0,447.0,529.0,472.0,141.0,55.0,218.0,145.0,1401.0,0.0,17.8,0.535,0.271,0.384,3.0,16.8,9.8,23.7,2.3,1.4,14.3,21.8,4.0,2.8,6.7,0.101,2.0,0.4,2.4,3.5,0.0,2010
44,Al Jefferson,32.4,7.4,14.8,0.498,0.0,0.1,0.0,7.4,14.8,0.5,0.498,2.4,3.5,0.68,2.4,6.9,9.3,1.8,0.8,1.3,1.8,2.7,17.1,0.0,0.0,1230.0,0.0,0.0,0.0,0.0,0.0,0.0,0.0,0.0,0.0,0.0,0.0,0.0,0.0,76.0,76.0,2463.0,560.0,1125.0,0.498,0.0,4.0,0.0,560.0,1121.0,0.5,0.498,181.0,266.0,0.68,180.0,523.0,703.0,137.0,63.0,98.0,136.0,205.0,1301.0,0.0,19.0,0.524,0.004,0.236,8.0,24.2,16.0,10.0,1.3,3.0,9.9,24.3,2.3,2.3,4.6,0.09,0.7,-0.4,0.4,1.5,0.0,2010
45,Eric Gordon,36.0,5.7,12.6,0.449,1.9,5.2,0.371,3.8,7.5,0.503,0.525,3.6,4.8,0.742,0.4,2.2,2.6,3.0,1.1,0.2,2.3,1.5,16.9,0.0,0.0,1230.0,0.0,0.0,0.0,0.0,0.0,0.0,0.0,0.0,0.0,0.0,0.0,0.0,0.0,62.0,60.0,2229.0,352.0,784.0,0.449,119.0,321.0,0.371,233.0,463.0,0.503,0.525,222.0,299.0,0.742,25.0,135.0,160.0,186.0,69.0,14.0,144.0,96.0,1045.0,0.0,14.1,0.571,0.409,0.381,1.3,7.1,4.2,13.8,1.6,0.5,13.6,21.5,2.3,0.9,3.2,0.069,0.1,-1.0,-0.9,0.6,0.0,2010
46,Devin Harris,34.7,5.6,13.8,0.403,0.9,3.4,0.276,4.6,10.4,0.444,0.437,4.8,6.0,0.798,0.4,2.8,3.2,6.6,1.2,0.3,2.8,2.8,16.9,0.0,0.0,1230.0,0.0,0.0,0.0,0.0,0.0,0.0,0.0,0.0,0.0,0.0,0.0,0.0,0.0,64.0,61.0,2221.0,356.0,884.0,0.403,60.0,217.0,0.276,296.0,667.0,0.444,0.437,308.0,386.0,0.798,24.0,179.0,203.0,423.0,79.0,18.0,181.0,178.0,1080.0,0.0,16.2,0.512,0.245,0.437,1.2,9.7,5.3,34.6,1.9,0.6,14.7,25.5,1.5,1.2,2.7,0.057,0.7,-1.5,-0.8,0.7,0.0,2010
47,Carl Landry,30.9,6.2,11.6,0.536,0.0,0.0,0.333,6.2,11.6,0.537,0.537,4.3,5.3,0.806,2.4,3.5,5.9,0.8,0.7,0.8,1.7,2.9,16.8,0.0,0.0,1230.0,0.0,0.0,0.0,0.0,0.0,0.0,0.0,0.0,0.0,0.0,0.0,0.0,0.0,80.0,29.0,2469.0,499.0,931.0,0.536,1.0,3.0,0.333,498.0,928.0,0.537,0.537,344.0,427.0,0.806,188.0,280.0,468.0,66.0,55.0,63.0,136.0,234.0,1343.0,0.0,19.0,0.6,0.003,0.459,8.5,13.4,10.9,4.6,1.1,1.9,10.8,22.5,5.8,1.9,7.7,0.15,1.2,-0.4,0.8,1.7,0.0,2010
48,Vince Carter,30.8,5.8,13.5,0.428,1.6,4.3,0.367,4.2,9.2,0.456,0.486,3.4,4.1,0.84,0.4,3.5,3.9,3.1,0.7,0.2,1.4,2.5,16.6,0.0,0.0,1230.0,0.0,0.0,0.0,0.0,0.0,0.0,0.0,0.0,0.0,0.0,0.0,0.0,0.0,75.0,74.0,2310.0,434.0,1015.0,0.428,119.0,324.0,0.367,315.0,691.0,0.456,0.486,257.0,306.0,0.84,33.0,260.0,293.0,236.0,53.0,18.0,106.0,189.0,1244.0,0.0,17.1,0.541,0.319,0.301,1.7,12.6,7.3,17.8,1.2,0.6,8.4,25.2,4.4,3.0,7.4,0.154,1.6,0.4,2.0,2.3,0.0,2010
49,Rodney Stuckey,34.2,6.2,15.2,0.405,0.2,1.1,0.228,5.9,14.1,0.418,0.413,4.1,4.9,0.833,0.9,2.9,3.8,4.8,1.4,0.2,2.2,2.8,16.6,0.0,0.0,1230.0,0.0,0.0,0.0,0.0,0.0,0.0,0.0,0.0,0.0,0.0,0.0,0.0,0.0,73.0,67.0,2499.0,449.0,1109.0,0.405,18.0,79.0,0.228,431.0,1030.0,0.418,0.413,299.0,359.0,0.833,67.0,214.0,281.0,348.0,101.0,12.0,163.0,205.0,1215.0,0.0,15.6,0.479,0.071,0.324,3.1,11.1,6.8,24.7,2.2,0.4,11.4,26.4,1.4,1.3,2.7,0.052,0.0,-0.4,-0.4,1.0,0.0,2010
50,Jason Terry,33.0,5.9,13.5,0.438,1.8,4.8,0.365,4.2,8.7,0.479,0.503,3.0,3.5,0.866,0.2,1.6,1.8,3.8,1.2,0.2,1.4,1.8,16.6,0.0,0.0,1230.0,0.0,0.0,0.0,0.0,0.0,0.0,0.0,0.0,0.0,0.0,0.0,0.0,0.0,77.0,12.0,2540.0,456.0,1041.0,0.438,136.0,373.0,0.365,320.0,668.0,0.479,0.503,232.0,268.0,0.866,19.0,121.0,140.0,292.0,94.0,17.0,109.0,142.0,1280.0,0.0,16.5,0.552,0.358,0.257,0.9,5.4,3.2,18.8,1.9,0.5,8.6,23.0,4.4,2.1,6.5,0.123,1.6,-0.1,1.5,2.2,0.0,2010
51,Manu Ginóbili,28.7,5.3,12.0,0.441,1.8,4.7,0.377,3.5,7.4,0.481,0.514,4.1,4.7,0.87,0.9,2.9,3.8,4.9,1.4,0.3,2.1,2.1,16.5,0.0,3.0,1230.0,0.002,75.0,28.7,16.5,3.8,4.9,1.4,0.3,0.441,0.377,0.87,9.7,0.216,75.0,21.0,2150.0,398.0,903.0,0.441,132.0,350.0,0.377,266.0,553.0,0.481,0.514,309.0,355.0,0.87,68.0,216.0,284.0,370.0,103.0,24.0,154.0,154.0,1237.0,0.0,22.5,0.584,0.388,0.393,3.8,11.6,7.7,28.2,2.5,0.8,12.7,25.8,6.5,3.2,9.7,0.216,5.1,1.6,6.7,4.7,0.0,2010
52,Steve Nash,32.8,6.2,12.2,0.507,1.5,3.6,0.426,4.6,8.6,0.54,0.57,2.6,2.8,0.938,0.4,2.9,3.3,11.0,0.5,0.1,3.6,1.3,16.5,0.0,49.0,1230.0,0.04,81.0,32.8,16.5,3.3,11.0,0.5,0.1,0.507,0.426,0.938,9.9,0.178,81.0,81.0,2660.0,499.0,985.0,0.507,124.0,291.0,0.426,375.0,694.0,0.54,0.57,211.0,225.0,0.938,34.0,234.0,268.0,892.0,42.0,12.0,295.0,108.0,1333.0,0.0,21.6,0.615,0.295,0.228,1.5,9.4,5.7,50.9,0.8,0.3,21.4,22.9,9.1,0.8,9.9,0.178,6.1,-1.8,4.3,4.2,0.0,2010
53,Caron Butler,37.6,6.1,14.2,0.428,0.6,2.0,0.29,5.5,12.2,0.45,0.448,3.6,4.3,0.838,1.4,4.8,6.2,2.1,1.6,0.3,2.2,2.6,16.3,0.0,0.0,1230.0,0.0,0.0,0.0,0.0,0.0,0.0,0.0,0.0,0.0,0.0,0.0,0.0,0.0,74.0,74.0,2783.0,450.0,1051.0,0.428,42.0,145.0,0.29,408.0,906.0,0.45,0.448,264.0,315.0,0.838,104.0,357.0,461.0,156.0,116.0,24.0,160.0,193.0,1206.0,0.0,13.7,0.507,0.138,0.3,4.3,14.9,9.5,9.2,2.2,0.7,11.9,22.1,0.6,2.9,3.5,0.061,-1.3,0.0,-1.3,0.5,0.0,2010
54,Ray Allen,35.2,5.8,12.2,0.477,1.8,5.0,0.363,4.0,7.2,0.556,0.551,2.9,3.2,0.913,0.6,2.6,3.2,2.6,0.8,0.3,1.6,2.3,16.3,0.0,0.0,1230.0,0.0,0.0,0.0,0.0,0.0,0.0,0.0,0.0,0.0,0.0,0.0,0.0,0.0,80.0,80.0,2819.0,464.0,973.0,0.477,145.0,399.0,0.363,319.0,574.0,0.556,0.551,231.0,253.0,0.913,45.0,208.0,253.0,210.0,64.0,25.0,129.0,182.0,1304.0,0.0,15.2,0.601,0.41,0.26,2.0,8.8,5.5,12.3,1.2,0.7,10.6,20.2,5.1,2.9,7.9,0.135,1.5,-0.3,1.2,2.3,0.0,2010
55,Luis Scola,32.6,6.8,13.3,0.514,0.0,0.1,0.2,6.8,13.2,0.515,0.514,2.5,3.3,0.779,2.1,6.5,8.6,2.1,0.8,0.3,2.0,3.0,16.2,0.0,0.0,1230.0,0.0,0.0,0.0,0.0,0.0,0.0,0.0,0.0,0.0,0.0,0.0,0.0,0.0,82.0,82.0,2671.0,560.0,1090.0,0.514,1.0,5.0,0.2,559.0,1085.0,0.515,0.514,208.0,267.0,0.779,175.0,530.0,705.0,169.0,63.0,26.0,163.0,246.0,1329.0,0.0,17.2,0.55,0.005,0.245,7.2,23.6,15.1,11.1,1.2,0.7,11.9,22.7,3.4,3.0,6.3,0.114,0.0,-0.3,-0.3,1.1,0.0,2010
56,Russell Westbrook,34.3,5.9,14.1,0.418,0.3,1.3,0.221,5.6,12.9,0.438,0.428,4.0,5.1,0.78,1.7,3.1,4.9,8.0,1.3,0.4,3.3,2.5,16.1,0.0,0.0,1230.0,0.0,0.0,0.0,0.0,0.0,0.0,0.0,0.0,0.0,0.0,0.0,0.0,0.0,82.0,82.0,2813.0,485.0,1160.0,0.418,23.0,104.0,0.221,462.0,1056.0,0.438,0.428,329.0,422.0,0.78,143.0,258.0,401.0,652.0,108.0,34.0,268.0,204.0,1322.0,1.0,17.8,0.491,0.09,0.364,6.0,10.3,8.2,38.6,2.0,0.9,16.6,25.7,2.7,3.4,6.1,0.105,1.7,-0.5,1.2,2.3,0.0,2010
57,Tony Parker,30.9,6.2,12.8,0.487,0.2,0.6,0.294,6.1,12.2,0.497,0.494,3.3,4.4,0.756,0.1,2.3,2.4,5.7,0.5,0.1,2.7,1.7,16.0,0.0,0.0,1230.0,0.0,0.0,0.0,0.0,0.0,0.0,0.0,0.0,0.0,0.0,0.0,0.0,0.0,56.0,50.0,1728.0,349.0,716.0,0.487,10.0,34.0,0.294,339.0,682.0,0.497,0.494,186.0,246.0,0.756,7.0,128.0,135.0,317.0,29.0,8.0,149.0,96.0,894.0,0.0,16.4,0.542,0.047,0.344,0.5,8.5,4.6,30.9,0.9,0.3,15.3,25.8,2.0,1.6,3.6,0.101,0.6,-1.3,-0.7,0.6,0.0,2010
58,Andrew Bogut,32.3,6.9,13.2,0.52,0.0,0.0,0.0,6.9,13.2,0.521,0.52,2.2,3.4,0.629,3.0,7.1,10.2,1.8,0.6,2.5,1.9,3.2,15.9,0.0,0.0,1230.0,0.0,0.0,0.0,0.0,0.0,0.0,0.0,0.0,0.0,0.0,0.0,0.0,0.0,69.0,69.0,2229.0,473.0,910.0,0.52,0.0,2.0,0.0,473.0,908.0,0.521,0.52,149.0,237.0,0.629,208.0,493.0,701.0,127.0,39.0,175.0,131.0,222.0,1095.0,0.0,20.7,0.54,0.002,0.26,10.1,26.4,17.9,10.3,0.9,6.2,11.4,23.3,2.6,4.8,7.5,0.161,0.8,2.2,3.1,2.8,0.0,2010
59,Mo Williams,34.2,5.5,12.4,0.442,2.3,5.4,0.429,3.2,7.0,0.452,0.535,2.6,2.9,0.894,0.4,2.6,3.0,5.3,1.0,0.3,2.5,2.5,15.8,0.0,0.0,1230.0,0.0,0.0,0.0,0.0,0.0,0.0,0.0,0.0,0.0,0.0,0.0,0.0,0.0,69.0,68.0,2359.0,378.0,855.0,0.442,159.0,371.0,0.429,219.0,484.0,0.452,0.535,177.0,198.0,0.894,28.0,178.0,206.0,368.0,70.0,21.0,173.0,170.0,1092.0,0.0,16.1,0.58,0.434,0.232,1.5,8.6,5.2,25.0,1.6,0.7,15.5,22.0,4.0,2.7,6.7,0.136,2.2,-0.4,1.8,2.3,0.0,2010
60,Jason Richardson,31.5,6.0,12.6,0.474,2.0,5.1,0.393,4.0,7.6,0.528,0.553,1.7,2.3,0.739,1.0,4.1,5.1,1.8,0.8,0.4,1.2,2.1,15.7,0.0,0.0,1230.0,0.0,0.0,0.0,0.0,0.0,0.0,0.0,0.0,0.0,0.0,0.0,0.0,0.0,79.0,76.0,2485.0,473.0,998.0,0.474,157.0,400.0,0.393,316.0,598.0,0.528,0.553,136.0,184.0,0.739,81.0,323.0,404.0,143.0,66.0,33.0,92.0,169.0,1239.0,0.0,16.6,0.574,0.401,0.184,3.9,13.9,9.2,8.8,1.3,0.9,7.9,20.8,5.0,1.7,6.6,0.128,2.2,-0.5,1.7,2.3,0.0,2010
61,Josh Smith,35.4,6.2,12.3,0.505,0.0,0.1,0.0,6.2,12.2,0.508,0.505,3.2,5.2,0.618,2.8,6.0,8.7,4.2,1.6,2.1,2.4,3.0,15.7,0.0,0.0,1230.0,0.0,0.0,0.0,0.0,0.0,0.0,0.0,0.0,0.0,0.0,0.0,0.0,0.0,81.0,81.0,2871.0,504.0,999.0,0.505,0.0,7.0,0.0,504.0,992.0,0.508,0.505,261.0,422.0,0.618,223.0,482.0,705.0,342.0,130.0,172.0,198.0,240.0,1269.0,1.0,21.0,0.536,0.007,0.422,9.0,19.8,14.3,19.0,2.4,4.5,14.3,22.2,4.2,5.1,9.3,0.155,2.4,2.7,5.1,5.1,0.0,2010
62,Brandon Jennings,32.6,5.5,14.8,0.371,1.8,4.7,0.374,3.7,10.1,0.37,0.431,2.7,3.3,0.817,0.6,2.8,3.4,5.7,1.3,0.2,2.4,2.3,15.5,0.0,0.0,1230.0,0.0,0.0,0.0,0.0,0.0,0.0,0.0,0.0,0.0,0.0,0.0,0.0,0.0,82.0,82.0,2671.0,451.0,1216.0,0.371,145.0,388.0,0.374,306.0,828.0,0.37,0.431,223.0,273.0,0.817,49.0,233.0,282.0,470.0,105.0,18.0,200.0,191.0,1270.0,0.0,14.5,0.475,0.319,0.225,2.0,10.4,6.0,29.6,2.1,0.5,13.0,26.1,0.3,3.9,4.2,0.075,0.5,0.2,0.7,1.8,0.0,2010
63,John Salmons,34.9,5.4,12.2,0.441,1.5,3.8,0.382,3.9,8.4,0.468,0.501,3.1,3.8,0.83,0.4,2.9,3.3,2.8,1.2,0.3,1.5,2.0,15.4,0.0,0.0,1230.0,0.0,0.0,0.0,0.0,0.0,0.0,0.0,0.0,0.0,0.0,0.0,0.0,0.0,81.0,56.0,2824.0,437.0,991.0,0.441,118.0,309.0,0.382,319.0,682.0,0.468,0.501,253.0,305.0,0.83,35.0,235.0,270.0,223.0,99.0,26.0,123.0,166.0,1245.0,0.0,14.7,0.553,0.312,0.308,1.4,9.4,5.4,12.9,1.8,0.7,9.9,19.9,3.7,3.4,7.1,0.121,0.4,1.2,1.6,2.5,0.0,2010
64,J.R. Smith,27.8,5.7,13.8,0.414,2.1,6.2,0.338,3.6,7.5,0.477,0.491,1.9,2.7,0.706,0.4,2.7,3.1,2.4,1.3,0.3,1.9,2.3,15.4,0.0,0.0,1230.0,0.0,0.0,0.0,0.0,0.0,0.0,0.0,0.0,0.0,0.0,0.0,0.0,0.0,75.0,0.0,2082.0,428.0,1033.0,0.414,158.0,467.0,0.338,270.0,566.0,0.477,0.491,142.0,201.0,0.706,28.0,206.0,234.0,183.0,99.0,20.0,139.0,174.0,1156.0,0.0,15.0,0.515,0.452,0.195,1.6,11.3,6.5,15.0,2.4,0.7,11.0,26.9,0.6,2.1,2.7,0.062,0.5,-0.4,0.1,1.1,0.0,2010
65,Wilson Chandler,35.7,6.3,13.2,0.479,0.6,2.3,0.267,5.7,10.9,0.524,0.502,2.0,2.5,0.806,1.4,3.9,5.4,2.1,0.7,0.8,1.7,2.8,15.3,0.0,0.0,1230.0,0.0,0.0,0.0,0.0,0.0,0.0,0.0,0.0,0.0,0.0,0.0,0.0,0.0,65.0,64.0,2320.0,412.0,860.0,0.479,40.0,150.0,0.267,372.0,710.0,0.524,0.502,129.0,160.0,0.806,93.0,255.0,348.0,138.0,46.0,49.0,108.0,184.0,993.0,0.0,13.7,0.534,0.174,0.186,4.5,12.7,8.5,9.8,1.0,1.6,10.4,20.2,1.8,0.9,2.7,0.057,-1.0,-1.1,-2.1,0.0,0.0,2010
66,Baron Davis,33.6,5.5,13.5,0.406,1.1,3.9,0.277,4.4,9.6,0.459,0.446,3.2,3.9,0.821,0.7,2.9,3.5,8.0,1.7,0.6,2.8,2.8,15.3,0.0,0.0,1230.0,0.0,0.0,0.0,0.0,0.0,0.0,0.0,0.0,0.0,0.0,0.0,0.0,0.0,75.0,73.0,2523.0,412.0,1015.0,0.406,82.0,296.0,0.277,330.0,719.0,0.459,0.446,239.0,291.0,0.821,52.0,214.0,266.0,598.0,126.0,43.0,211.0,210.0,1145.0,1.0,17.4,0.501,0.292,0.287,2.4,9.9,6.1,39.6,2.6,1.3,15.6,24.3,2.5,2.1,4.5,0.086,1.5,0.0,1.5,2.2,0.0,2010
67,Reggie Williams,32.6,5.8,11.8,0.495,1.4,3.8,0.359,4.5,8.0,0.56,0.553,2.2,2.6,0.839,0.8,3.8,4.6,2.8,1.0,0.3,1.2,2.0,15.2,0.0,0.0,1230.0,0.0,0.0,0.0,0.0,0.0,0.0,0.0,0.0,0.0,0.0,0.0,0.0,0.0,24.0,10.0,782.0,140.0,283.0,0.495,33.0,92.0,0.359,107.0,191.0,0.56,0.553,52.0,62.0,0.839,18.0,92.0,110.0,66.0,23.0,6.0,29.0,49.0,365.0,0.0,16.1,0.588,0.325,0.219,2.5,13.3,7.8,12.7,1.4,0.5,8.5,18.6,1.5,0.3,1.7,0.105,1.2,-1.8,-0.6,0.3,0.0,2010
68,Danilo Gallinari,33.9,4.8,11.4,0.423,2.3,6.0,0.381,2.5,5.4,0.469,0.523,3.1,3.8,0.818,0.8,4.1,4.9,1.7,0.9,0.7,1.4,2.4,15.1,0.0,0.0,1230.0,0.0,0.0,0.0,0.0,0.0,0.0,0.0,0.0,0.0,0.0,0.0,0.0,0.0,81.0,74.0,2747.0,392.0,927.0,0.423,186.0,488.0,0.381,206.0,439.0,0.469,0.523,251.0,307.0,0.818,65.0,333.0,398.0,135.0,75.0,58.0,110.0,191.0,1221.0,0.0,14.8,0.575,0.526,0.331,2.6,14.0,8.2,7.6,1.4,1.6,9.4,19.3,4.1,1.5,5.6,0.098,1.2,-0.7,0.5,1.7,0.0,2010
69,Jeff Green,37.1,5.9,13.0,0.453,1.3,3.8,0.333,4.6,9.2,0.503,0.502,2.0,2.7,0.74,1.4,4.6,6.0,1.6,1.3,0.9,1.6,2.7,15.1,0.0,0.0,1230.0,0.0,0.0,0.0,0.0,0.0,0.0,0.0,0.0,0.0,0.0,0.0,0.0,0.0,82.0,82.0,3043.0,485.0,1070.0,0.453,104.0,312.0,0.333,381.0,758.0,0.503,0.502,165.0,223.0,0.74,112.0,378.0,490.0,134.0,104.0,72.0,135.0,221.0,1239.0,0.0,13.8,0.53,0.292,0.208,4.3,13.9,9.2,7.2,1.8,1.8,10.4,19.2,2.5,4.2,6.6,0.105,-0.4,0.6,0.2,1.7,0.0,2010
70,Andrew Bynum,30.4,6.0,10.6,0.57,0.0,0.0,0.0,6.0,10.6,0.571,0.57,3.0,4.0,0.739,2.7,5.6,8.3,1.0,0.5,1.4,1.8,3.0,15.0,0.0,0.0,1230.0,0.0,0.0,0.0,0.0,0.0,0.0,0.0,0.0,0.0,0.0,0.0,0.0,0.0,65.0,65.0,1977.0,392.0,688.0,0.57,0.0,1.0,0.0,392.0,687.0,0.571,0.57,193.0,261.0,0.739,177.0,364.0,541.0,68.0,35.0,94.0,115.0,193.0,977.0,0.0,20.2,0.608,0.001,0.379,10.1,20.4,15.3,5.8,0.9,3.6,12.5,20.8,4.4,3.4,7.8,0.188,1.1,0.4,1.5,1.8,0.0,2010
71,Trevor Ariza,36.5,5.5,13.9,0.394,1.9,5.7,0.334,3.6,8.2,0.436,0.462,2.1,3.2,0.649,1.1,4.5,5.6,3.8,1.8,0.6,2.2,2.3,14.9,0.0,0.0,1230.0,0.0,0.0,0.0,0.0,0.0,0.0,0.0,0.0,0.0,0.0,0.0,0.0,0.0,72.0,71.0,2629.0,394.0,999.0,0.394,136.0,407.0,0.334,258.0,592.0,0.436,0.462,148.0,228.0,0.649,78.0,325.0,403.0,276.0,126.0,40.0,161.0,162.0,1072.0,1.0,13.3,0.488,0.407,0.228,3.3,14.7,8.8,16.7,2.4,1.1,12.8,21.2,0.1,3.1,3.2,0.058,-0.4,0.9,0.5,1.7,0.0,2010
72,Michael Beasley,29.8,6.0,13.3,0.45,0.4,1.3,0.275,5.6,12.0,0.469,0.463,2.5,3.1,0.8,1.6,4.8,6.4,1.3,1.0,0.6,1.7,2.8,14.8,0.0,0.0,1230.0,0.0,0.0,0.0,0.0,0.0,0.0,0.0,0.0,0.0,0.0,0.0,0.0,0.0,78.0,78.0,2328.0,468.0,1040.0,0.45,28.0,102.0,0.275,440.0,938.0,0.469,0.463,192.0,240.0,0.8,123.0,375.0,498.0,100.0,80.0,49.0,131.0,221.0,1156.0,0.0,16.1,0.505,0.098,0.231,6.3,18.8,12.6,7.8,1.8,1.7,10.3,25.8,0.8,3.8,4.6,0.095,-0.9,0.1,-0.8,0.7,0.0,2010
73,Marc Gasol,35.8,5.5,9.4,0.581,0.0,0.0,0.0,5.5,9.4,0.582,0.581,3.7,5.4,0.67,3.0,6.3,9.3,2.4,1.0,1.6,2.0,3.7,14.6,0.0,0.0,1230.0,0.0,0.0,0.0,0.0,0.0,0.0,0.0,0.0,0.0,0.0,0.0,0.0,0.0,69.0,69.0,2469.0,378.0,651.0,0.581,0.0,1.0,0.0,378.0,650.0,0.582,0.581,252.0,376.0,0.67,208.0,432.0,640.0,165.0,69.0,109.0,135.0,254.0,1008.0,0.0,19.3,0.617,0.002,0.578,9.8,20.5,15.1,10.2,1.4,3.4,14.2,16.9,5.9,2.5,8.4,0.164,1.8,1.1,2.8,3.0,0.0,2010
74,Troy Murphy,32.6,5.3,11.3,0.472,1.8,4.6,0.384,3.6,6.7,0.533,0.551,2.1,2.7,0.798,1.8,8.4,10.2,2.1,1.0,0.5,1.4,2.4,14.6,0.0,0.0,1230.0,0.0,0.0,0.0,0.0,0.0,0.0,0.0,0.0,0.0,0.0,0.0,0.0,0.0,72.0,69.0,2344.0,384.0,813.0,0.472,128.0,333.0,0.384,256.0,480.0,0.533,0.551,154.0,193.0,0.798,129.0,608.0,737.0,150.0,72.0,34.0,100.0,175.0,1050.0,0.0,18.0,0.585,0.41,0.237,6.0,28.5,17.2,10.6,1.5,1.0,10.0,18.8,4.1,3.7,7.8,0.159,2.4,0.6,2.9,2.9,0.0,2010
75,Marcus Thornton,25.6,5.5,12.1,0.451,1.6,4.3,0.374,3.8,7.8,0.493,0.517,2.0,2.4,0.814,1.0,1.9,2.9,1.6,0.8,0.2,1.0,1.7,14.5,0.0,0.0,1230.0,0.0,0.0,0.0,0.0,0.0,0.0,0.0,0.0,0.0,0.0,0.0,0.0,0.0,73.0,17.0,1872.0,398.0,883.0,0.451,117.0,313.0,0.374,281.0,570.0,0.493,0.517,144.0,177.0,0.814,72.0,139.0,211.0,114.0,58.0,11.0,76.0,127.0,1057.0,0.0,17.4,0.55,0.354,0.2,4.4,8.9,6.6,10.3,1.6,0.4,7.3,25.3,3.1,0.9,4.0,0.103,2.3,-1.4,0.9,1.4,0.0,2010
76,Kevin Garnett,29.9,5.8,11.2,0.521,0.0,0.1,0.2,5.8,11.1,0.523,0.521,2.7,3.2,0.837,1.1,6.2,7.3,2.7,1.0,0.8,1.5,2.5,14.3,0.0,0.0,1230.0,0.0,0.0,0.0,0.0,0.0,0.0,0.0,0.0,0.0,0.0,0.0,0.0,0.0,69.0,69.0,2060.0,402.0,772.0,0.521,1.0,5.0,0.2,401.0,767.0,0.523,0.521,185.0,221.0,0.837,78.0,428.0,506.0,185.0,68.0,57.0,101.0,170.0,990.0,0.0,19.4,0.569,0.006,0.286,4.8,24.8,15.1,15.7,1.7,2.2,10.4,22.1,3.6,3.8,7.3,0.171,1.5,1.9,3.5,2.9,0.0,2010
77,Al Horford,35.1,5.8,10.5,0.551,0.0,0.0,1.0,5.8,10.4,0.551,0.552,2.6,3.3,0.789,2.9,7.0,9.9,2.3,0.7,1.1,1.5,2.8,14.2,0.0,0.0,1230.0,0.0,0.0,0.0,0.0,0.0,0.0,0.0,0.0,0.0,0.0,0.0,0.0,0.0,81.0,81.0,2845.0,467.0,847.0,0.551,1.0,1.0,1.0,466.0,846.0,0.551,0.552,213.0,270.0,0.789,236.0,563.0,799.0,189.0,59.0,91.0,122.0,225.0,1148.0,0.0,19.4,0.594,0.001,0.319,9.6,23.3,16.4,10.4,1.1,2.4,11.2,17.6,6.9,3.9,10.9,0.183,1.8,0.5,2.3,3.1,0.0,2010
78,Andray Blatche,27.9,5.9,12.3,0.478,0.2,0.5,0.295,5.7,11.8,0.487,0.485,2.1,2.9,0.744,2.0,4.3,6.3,2.1,1.0,0.9,2.2,2.7,14.1,0.0,0.0,1230.0,0.0,0.0,0.0,0.0,0.0,0.0,0.0,0.0,0.0,0.0,0.0,0.0,0.0,81.0,36.0,2256.0,478.0,999.0,0.478,13.0,44.0,0.295,465.0,955.0,0.487,0.485,174.0,234.0,0.744,158.0,351.0,509.0,170.0,85.0,71.0,182.0,218.0,1143.0,0.0,17.6,0.519,0.044,0.234,7.9,18.2,13.0,13.8,2.0,2.4,14.2,25.8,0.8,2.6,3.4,0.073,0.2,0.4,0.6,1.5,0.0,2010
79,Rashard Lewis,32.9,4.9,11.2,0.435,2.3,5.9,0.397,2.5,5.3,0.476,0.539,2.0,2.5,0.806,0.9,3.6,4.4,1.5,1.1,0.4,1.5,2.5,14.1,0.0,0.0,1230.0,0.0,0.0,0.0,0.0,0.0,0.0,0.0,0.0,0.0,0.0,0.0,0.0,0.0,72.0,72.0,2369.0,350.0,805.0,0.435,168.0,423.0,0.397,182.0,382.0,0.476,0.539,145.0,180.0,0.806,62.0,256.0,318.0,107.0,78.0,28.0,108.0,180.0,1013.0,0.0,14.0,0.573,0.525,0.224,3.1,12.1,7.8,7.4,1.7,0.9,10.9,19.4,3.1,3.4,6.5,0.132,0.9,0.8,1.8,2.3,0.0,2010
80,Kevin Love,28.6,4.9,10.8,0.45,0.6,1.8,0.33,4.3,9.0,0.474,0.478,3.8,4.6,0.815,3.8,7.2,11.0,2.3,0.7,0.4,2.0,2.3,14.0,0.0,0.0,1230.0,0.0,0.0,0.0,0.0,0.0,0.0,0.0,0.0,0.0,0.0,0.0,0.0,0.0,60.0,22.0,1714.0,291.0,646.0,0.45,35.0,106.0,0.33,256.0,540.0,0.474,0.478,225.0,276.0,0.815,227.0,431.0,658.0,136.0,43.0,23.0,117.0,136.0,842.0,0.0,20.7,0.549,0.164,0.427,14.5,28.6,21.5,12.9,1.3,1.0,13.2,22.4,3.4,1.5,4.9,0.138,2.7,-1.2,1.5,1.5,0.0,2010
81,Andre Miller,30.5,4.9,11.1,0.445,0.2,1.0,0.2,4.7,10.1,0.469,0.454,3.9,4.8,0.821,1.0,2.3,3.2,5.4,1.1,0.1,2.1,2.1,14.0,0.0,0.0,1230.0,0.0,0.0,0.0,0.0,0.0,0.0,0.0,0.0,0.0,0.0,0.0,0.0,0.0,82.0,66.0,2500.0,404.0,908.0,0.445,16.0,80.0,0.2,388.0,828.0,0.469,0.454,322.0,392.0,0.821,81.0,185.0,266.0,445.0,93.0,9.0,173.0,169.0,1146.0,0.0,18.1,0.53,0.088,0.432,4.0,9.2,6.6,30.3,2.0,0.3,13.8,23.8,4.6,2.4,7.0,0.134,1.8,0.0,1.8,2.4,0.0,2010
82,Lou Williams,29.9,5.0,10.6,0.47,1.1,3.2,0.34,3.9,7.4,0.527,0.521,3.0,3.6,0.824,0.4,2.5,2.9,4.2,1.3,0.2,1.7,1.7,14.0,0.0,0.0,1230.0,0.0,0.0,0.0,0.0,0.0,0.0,0.0,0.0,0.0,0.0,0.0,0.0,0.0,64.0,38.0,1912.0,318.0,677.0,0.47,70.0,206.0,0.34,248.0,471.0,0.527,0.521,192.0,233.0,0.824,25.0,162.0,187.0,268.0,80.0,15.0,106.0,110.0,898.0,0.0,18.2,0.576,0.304,0.344,1.5,10.1,5.8,22.9,2.2,0.6,12.0,21.1,4.1,1.1,5.2,0.13,1.9,-0.4,1.6,1.7,0.0,2010
83,Kelenna Azubuike,25.7,5.3,9.8,0.545,1.1,3.0,0.37,4.2,6.8,0.623,0.602,2.1,3.1,0.679,1.3,3.2,4.6,1.1,0.6,1.0,0.8,1.8,13.9,0.0,0.0,1230.0,0.0,0.0,0.0,0.0,0.0,0.0,0.0,0.0,0.0,0.0,0.0,0.0,0.0,9.0,7.0,231.0,48.0,88.0,0.545,10.0,27.0,0.37,38.0,61.0,0.623,0.602,19.0,28.0,0.679,12.0,29.0,41.0,10.0,5.0,9.0,7.0,16.0,125.0,0.0,19.8,0.623,0.307,0.318,5.7,14.2,9.9,6.8,1.0,2.8,6.5,19.9,0.6,0.1,0.7,0.148,3.3,-1.1,2.1,0.2,0.0,2010
84,Allen Iverson,30.9,4.9,11.3,0.43,0.3,0.9,0.36,4.5,10.4,0.436,0.445,3.7,4.7,0.794,0.6,2.3,2.8,4.0,0.7,0.1,2.3,1.7,13.8,0.0,0.0,1230.0,0.0,0.0,0.0,0.0,0.0,0.0,0.0,0.0,0.0,0.0,0.0,0.0,0.0,28.0,24.0,865.0,136.0,316.0,0.43,9.0,25.0,0.36,127.0,291.0,0.436,0.445,104.0,131.0,0.794,16.0,63.0,79.0,113.0,19.0,2.0,64.0,48.0,385.0,0.0,13.4,0.515,0.079,0.415,2.1,8.7,5.4,21.0,1.2,0.2,14.6,23.0,0.5,0.2,0.7,0.037,-1.0,-1.9,-3.0,-0.2,0.0,2010
85,Ben Gordon,27.9,4.7,11.3,0.416,1.2,3.8,0.321,3.5,7.5,0.465,0.47,3.2,3.7,0.861,0.4,1.5,1.9,2.7,0.8,0.1,1.9,2.4,13.8,0.0,0.0,1230.0,0.0,0.0,0.0,0.0,0.0,0.0,0.0,0.0,0.0,0.0,0.0,0.0,0.0,62.0,17.0,1730.0,291.0,699.0,0.416,75.0,234.0,0.321,216.0,465.0,0.465,0.47,198.0,230.0,0.861,26.0,93.0,119.0,166.0,49.0,6.0,118.0,147.0,855.0,0.0,14.0,0.534,0.335,0.329,1.7,7.0,4.2,16.7,1.5,0.3,12.9,24.5,1.8,0.4,2.1,0.059,0.3,-1.8,-1.4,0.2,0.0,2010
86,Nenê,33.6,5.1,8.7,0.587,0.0,0.0,0.0,5.1,8.7,0.589,0.587,3.6,5.1,0.704,2.0,5.6,7.6,2.5,1.4,1.0,1.5,3.4,13.8,0.0,0.0,1230.0,0.0,0.0,0.0,0.0,0.0,0.0,0.0,0.0,0.0,0.0,0.0,0.0,0.0,82.0,82.0,2755.0,421.0,717.0,0.587,0.0,2.0,0.0,421.0,715.0,0.589,0.587,293.0,416.0,0.704,166.0,461.0,627.0,203.0,115.0,82.0,125.0,281.0,1135.0,0.0,18.9,0.631,0.003,0.58,7.0,19.1,13.1,11.6,2.1,2.2,12.2,16.5,7.1,3.7,10.8,0.188,1.6,1.6,3.2,3.6,0.0,2010
87,Thaddeus Young,32.0,5.7,12.1,0.47,0.7,2.1,0.348,5.0,10.1,0.495,0.499,1.7,2.5,0.691,1.9,3.3,5.2,1.4,1.2,0.2,1.9,2.0,13.8,0.0,0.0,1230.0,0.0,0.0,0.0,0.0,0.0,0.0,0.0,0.0,0.0,0.0,0.0,0.0,0.0,67.0,45.0,2145.0,382.0,813.0,0.47,48.0,138.0,0.348,334.0,675.0,0.495,0.499,114.0,165.0,0.691,130.0,220.0,350.0,97.0,81.0,15.0,126.0,133.0,926.0,0.0,14.0,0.523,0.17,0.203,7.0,12.3,9.6,7.5,2.0,0.6,12.5,21.5,0.9,1.2,2.1,0.047,-0.4,-1.5,-1.9,0.1,0.0,2010
88,Rajon Rondo,36.6,5.7,11.2,0.508,0.2,1.0,0.213,5.5,10.2,0.536,0.517,2.2,3.5,0.621,1.2,3.2,4.4,9.8,2.3,0.1,3.0,2.4,13.7,0.0,0.0,1230.0,0.0,0.0,0.0,0.0,0.0,0.0,0.0,0.0,0.0,0.0,0.0,0.0,0.0,81.0,81.0,2963.0,459.0,904.0,0.508,17.0,80.0,0.213,442.0,824.0,0.536,0.517,175.0,282.0,0.621,100.0,260.0,360.0,794.0,189.0,11.0,246.0,198.0,1110.0,2.0,19.1,0.54,0.088,0.312,4.3,10.5,7.5,43.7,3.3,0.3,19.3,20.2,4.9,4.7,9.6,0.156,2.2,1.4,3.6,4.2,0.0,2010
89,Jermaine O'Neal,28.4,5.6,10.6,0.529,0.0,0.0,0.0,5.6,10.6,0.53,0.529,2.3,3.2,0.72,1.8,5.2,6.9,1.3,0.4,1.4,1.8,3.0,13.6,0.0,0.0,1230.0,0.0,0.0,0.0,0.0,0.0,0.0,0.0,0.0,0.0,0.0,0.0,0.0,0.0,70.0,70.0,1991.0,394.0,745.0,0.529,0.0,2.0,0.0,394.0,743.0,0.53,0.529,162.0,225.0,0.72,124.0,362.0,486.0,92.0,25.0,95.0,125.0,212.0,950.0,0.0,17.9,0.563,0.003,0.302,7.4,21.2,14.3,8.4,0.7,3.9,12.9,22.9,2.4,3.2,5.6,0.135,-0.5,0.4,-0.1,1.0,0.0,2010
90,Jonny Flynn,28.9,4.9,11.8,0.417,1.0,2.7,0.358,4.0,9.1,0.434,0.457,2.8,3.3,0.826,0.3,2.1,2.4,4.4,1.0,0.0,2.9,1.2,13.5,0.0,0.0,1230.0,0.0,0.0,0.0,0.0,0.0,0.0,0.0,0.0,0.0,0.0,0.0,0.0,0.0,81.0,81.0,2339.0,397.0,952.0,0.417,77.0,215.0,0.358,320.0,737.0,0.434,0.457,223.0,270.0,0.826,24.0,167.0,191.0,356.0,82.0,2.0,233.0,98.0,1094.0,0.0,13.0,0.511,0.226,0.284,1.1,8.1,4.6,24.7,1.8,0.1,17.9,24.2,-0.6,0.7,0.1,0.002,-0.8,-2.1,-2.9,-0.5,0.0,2010
91,Mehmet Okur,29.4,4.9,10.6,0.458,1.1,2.9,0.385,3.7,7.7,0.486,0.511,2.7,3.3,0.82,1.8,5.2,7.1,1.6,0.5,1.1,1.7,3.1,13.5,0.0,0.0,1230.0,0.0,0.0,0.0,0.0,0.0,0.0,0.0,0.0,0.0,0.0,0.0,0.0,0.0,73.0,73.0,2149.0,355.0,775.0,0.458,82.0,213.0,0.385,273.0,562.0,0.486,0.511,196.0,239.0,0.82,132.0,383.0,515.0,119.0,38.0,81.0,127.0,223.0,988.0,0.0,15.6,0.561,0.275,0.308,7.5,20.6,14.2,8.5,0.9,3.0,12.6,21.0,2.6,3.0,5.6,0.126,0.4,0.1,0.5,1.4,0.0,2010
92,Tayshaun Prince,34.0,5.8,11.8,0.486,0.6,1.5,0.37,5.2,10.3,0.503,0.509,1.4,2.0,0.714,1.4,3.6,5.1,3.3,0.7,0.4,1.2,1.6,13.5,0.0,0.0,1230.0,0.0,0.0,0.0,0.0,0.0,0.0,0.0,0.0,0.0,0.0,0.0,0.0,0.0,49.0,49.0,1664.0,282.0,580.0,0.486,27.0,73.0,0.37,255.0,507.0,0.503,0.509,70.0,98.0,0.714,71.0,177.0,248.0,161.0,34.0,22.0,60.0,77.0,661.0,0.0,16.0,0.53,0.126,0.169,4.9,13.8,9.0,16.9,1.1,1.1,8.8,18.9,2.6,0.6,3.2,0.091,1.8,-1.0,0.8,1.2,0.0,2010
93,Elton Brand,30.2,5.4,11.3,0.48,0.0,0.0,0.0,5.4,11.3,0.481,0.48,2.3,3.1,0.738,2.4,3.7,6.1,1.4,1.1,1.1,1.7,3.1,13.1,0.0,0.0,1230.0,0.0,0.0,0.0,0.0,0.0,0.0,0.0,0.0,0.0,0.0,0.0,0.0,0.0,76.0,57.0,2297.0,412.0,858.0,0.48,0.0,1.0,0.0,412.0,857.0,0.481,0.48,172.0,233.0,0.738,179.0,282.0,461.0,109.0,82.0,80.0,131.0,232.0,996.0,0.0,15.7,0.518,0.001,0.272,9.0,14.7,11.8,7.9,1.9,2.7,12.0,21.7,1.6,1.9,3.5,0.073,-1.1,-0.7,-1.8,0.1,0.0,2010
94,Corey Brewer,30.3,5.0,11.6,0.431,1.0,2.9,0.346,4.0,8.7,0.459,0.474,2.0,3.1,0.648,0.9,2.5,3.4,2.4,1.4,0.4,2.0,2.7,13.0,0.0,0.0,1230.0,0.0,0.0,0.0,0.0,0.0,0.0,0.0,0.0,0.0,0.0,0.0,0.0,0.0,82.0,82.0,2482.0,409.0,949.0,0.431,82.0,237.0,0.346,327.0,712.0,0.459,0.474,166.0,256.0,0.648,70.0,209.0,279.0,193.0,117.0,29.0,164.0,224.0,1066.0,0.0,12.1,0.502,0.25,0.27,3.1,9.6,6.3,12.5,2.4,0.9,13.4,21.5,-0.4,1.4,1.0,0.02,-2.1,-0.1,-2.2,-0.1,0.0,2010
95,Anthony Morrow,29.2,4.8,10.2,0.468,2.0,4.4,0.456,2.7,5.7,0.477,0.568,1.5,1.7,0.886,0.9,2.9,3.8,1.5,0.9,0.2,1.2,2.3,13.0,0.0,0.0,1230.0,0.0,0.0,0.0,0.0,0.0,0.0,0.0,0.0,0.0,0.0,0.0,0.0,0.0,69.0,37.0,2018.0,329.0,703.0,0.468,140.0,307.0,0.456,189.0,396.0,0.477,0.568,101.0,114.0,0.886,61.0,198.0,259.0,104.0,65.0,16.0,84.0,158.0,899.0,0.0,14.0,0.597,0.437,0.162,3.3,11.1,7.1,7.6,1.5,0.6,10.0,17.8,3.0,0.6,3.5,0.084,1.2,-1.5,-0.4,0.8,0.0,2010
96,Beno Udrih,31.4,5.3,10.6,0.493,0.9,2.5,0.377,4.3,8.1,0.53,0.538,1.5,1.8,0.837,0.5,2.3,2.8,4.7,1.1,0.1,1.7,2.1,12.9,0.0,0.0,1230.0,0.0,0.0,0.0,0.0,0.0,0.0,0.0,0.0,0.0,0.0,0.0,0.0,0.0,79.0,41.0,2477.0,415.0,841.0,0.493,75.0,199.0,0.377,340.0,642.0,0.53,0.538,118.0,141.0,0.837,38.0,181.0,219.0,372.0,89.0,10.0,136.0,166.0,1023.0,1.0,15.7,0.566,0.237,0.168,1.7,8.5,5.1,24.1,1.8,0.3,13.1,18.6,4.2,1.3,5.5,0.107,0.7,-0.2,0.4,1.5,0.0,2010
97,Josh Howard,26.2,4.5,11.1,0.405,0.7,2.5,0.267,3.8,8.6,0.444,0.434,3.1,4.0,0.784,0.9,2.7,3.6,1.4,0.7,0.3,1.3,2.6,12.7,0.0,0.0,1230.0,0.0,0.0,0.0,0.0,0.0,0.0,0.0,0.0,0.0,0.0,0.0,0.0,0.0,35.0,12.0,918.0,157.0,388.0,0.405,23.0,86.0,0.267,134.0,302.0,0.444,0.434,109.0,139.0,0.784,30.0,95.0,125.0,48.0,26.0,11.0,46.0,91.0,446.0,0.0,12.7,0.496,0.222,0.358,3.8,11.8,7.8,8.5,1.5,0.9,9.3,24.8,0.2,0.9,1.0,0.054,-2.2,-1.1,-3.3,-0.3,0.0,2010
98,Jameer Nelson,28.6,4.9,10.9,0.449,1.3,3.5,0.381,3.6,7.4,0.481,0.51,1.5,1.8,0.845,0.4,2.6,3.0,5.4,0.7,0.0,2.1,2.3,12.6,0.0,0.0,1230.0,0.0,0.0,0.0,0.0,0.0,0.0,0.0,0.0,0.0,0.0,0.0,0.0,0.0,65.0,64.0,1860.0,317.0,706.0,0.449,86.0,226.0,0.381,231.0,480.0,0.481,0.51,98.0,116.0,0.845,26.0,168.0,194.0,353.0,48.0,2.0,139.0,147.0,818.0,0.0,15.5,0.54,0.32,0.164,1.7,10.1,6.0,32.1,1.3,0.1,15.5,22.3,2.8,2.2,5.0,0.13,1.0,-0.3,0.7,1.3,0.0,2010
99,Peja Stojaković,31.4,4.5,11.1,0.404,2.1,5.7,0.375,2.4,5.4,0.435,0.5,1.5,1.7,0.897,0.6,3.0,3.7,1.5,0.8,0.1,0.9,1.3,12.6,0.0,0.0,1230.0,0.0,0.0,0.0,0.0,0.0,0.0,0.0,0.0,0.0,0.0,0.0,0.0,0.0,62.0,55.0,1947.0,278.0,688.0,0.404,132.0,352.0,0.375,146.0,336.0,0.435,0.5,96.0,107.0,0.897,39.0,188.0,227.0,92.0,48.0,5.0,56.0,83.0,784.0,0.0,12.4,0.533,0.512,0.156,2.3,11.5,6.8,7.2,1.3,0.2,7.1,18.6,1.9,0.9,2.7,0.067,0.2,-1.1,-0.9,0.5,0.0,2010
100,Courtney Lee,33.5,4.8,10.9,0.436,1.1,3.2,0.338,3.7,7.7,0.476,0.485,1.9,2.2,0.869,0.8,2.7,3.5,1.7,1.3,0.3,1.1,1.8,12.5,0.0,0.0,1230.0,0.0,0.0,0.0,0.0,0.0,0.0,0.0,0.0,0.0,0.0,0.0,0.0,0.0,71.0,66.0,2375.0,338.0,775.0,0.436,76.0,225.0,0.338,262.0,550.0,0.476,0.485,133.0,153.0,0.869,60.0,192.0,252.0,121.0,93.0,20.0,76.0,130.0,885.0,0.0,12.8,0.525,0.29,0.197,2.8,9.7,6.1,9.0,2.1,0.6,8.3,17.7,1.8,1.3,3.1,0.063,-1.0,-0.4,-1.4,0.4,0.0,2010
101,Jason Thompson,31.4,4.9,10.5,0.472,0.0,0.1,0.1,4.9,10.3,0.477,0.473,2.6,3.7,0.715,3.0,5.5,8.5,1.7,0.5,1.0,1.9,3.7,12.5,0.0,0.0,1230.0,0.0,0.0,0.0,0.0,0.0,0.0,0.0,0.0,0.0,0.0,0.0,0.0,0.0,75.0,58.0,2357.0,370.0,784.0,0.472,1.0,10.0,0.1,369.0,774.0,0.477,0.473,198.0,277.0,0.715,224.0,413.0,637.0,124.0,41.0,73.0,139.0,279.0,939.0,0.0,14.5,0.518,0.013,0.353,10.8,20.3,15.5,8.3,0.9,2.3,13.3,19.6,1.9,2.0,4.0,0.081,-1.6,-0.8,-2.4,-0.2,0.0,2010
102,Darren Collison,27.8,4.9,10.4,0.477,0.6,1.5,0.4,4.3,8.9,0.49,0.506,1.9,2.3,0.851,0.5,2.0,2.5,5.7,1.0,0.1,2.7,1.2,12.4,0.0,0.0,1230.0,0.0,0.0,0.0,0.0,0.0,0.0,0.0,0.0,0.0,0.0,0.0,0.0,0.0,76.0,37.0,2109.0,376.0,789.0,0.477,46.0,115.0,0.4,330.0,674.0,0.49,0.506,148.0,174.0,0.851,41.0,151.0,192.0,432.0,78.0,4.0,202.0,92.0,946.0,1.0,16.5,0.546,0.146,0.221,2.2,8.6,5.3,32.9,1.9,0.1,18.9,23.1,1.9,1.1,2.9,0.067,0.9,-1.8,-0.8,0.6,0.0,2010
103,George Hill,29.2,4.5,9.5,0.478,1.0,2.4,0.399,3.6,7.1,0.505,0.529,2.3,3.0,0.772,0.5,2.1,2.6,2.9,0.9,0.3,1.3,2.8,12.4,0.0,0.0,1230.0,0.0,0.0,0.0,0.0,0.0,0.0,0.0,0.0,0.0,0.0,0.0,0.0,0.0,78.0,43.0,2276.0,353.0,738.0,0.478,75.0,188.0,0.399,278.0,550.0,0.505,0.529,183.0,237.0,0.772,42.0,163.0,205.0,226.0,69.0,26.0,101.0,222.0,964.0,0.0,14.7,0.572,0.255,0.321,2.2,8.2,5.3,15.5,1.6,0.8,10.7,19.0,4.1,2.6,6.7,0.142,0.0,0.9,0.9,1.7,0.0,2010
104,Richard Jefferson,31.1,4.5,9.6,0.467,0.7,2.3,0.316,3.7,7.3,0.515,0.505,2.6,3.5,0.735,0.7,3.7,4.4,2.0,0.6,0.5,1.3,2.2,12.3,0.0,0.0,1230.0,0.0,0.0,0.0,0.0,0.0,0.0,0.0,0.0,0.0,0.0,0.0,0.0,0.0,81.0,70.0,2520.0,362.0,775.0,0.467,59.0,187.0,0.316,303.0,588.0,0.515,0.505,211.0,287.0,0.735,58.0,298.0,356.0,158.0,45.0,40.0,105.0,178.0,994.0,0.0,13.1,0.551,0.241,0.37,2.7,13.6,8.3,9.6,0.9,1.1,10.4,18.3,3.0,3.0,6.0,0.113,-0.5,0.3,-0.2,1.2,0.0,2010
105,Raymond Felton,33.0,4.9,10.6,0.459,0.8,2.0,0.385,4.1,8.6,0.475,0.494,1.7,2.2,0.763,0.7,2.9,3.6,5.6,1.5,0.3,2.1,2.2,12.1,0.0,0.0,1230.0,0.0,0.0,0.0,0.0,0.0,0.0,0.0,0.0,0.0,0.0,0.0,0.0,0.0,80.0,80.0,2643.0,388.0,846.0,0.459,60.0,156.0,0.385,328.0,690.0,0.475,0.494,132.0,173.0,0.763,53.0,235.0,288.0,446.0,123.0,22.0,168.0,172.0,968.0,0.0,15.2,0.525,0.184,0.204,2.5,10.5,6.6,29.5,2.5,0.7,15.4,19.2,2.5,4.0,6.5,0.118,0.1,1.5,1.6,2.3,0.0,2010
106,Mike Conley,32.1,4.6,10.4,0.445,1.0,2.7,0.387,3.6,7.7,0.464,0.494,1.7,2.3,0.743,0.4,2.0,2.4,5.3,1.4,0.2,2.1,2.2,12.0,0.0,0.0,1230.0,0.0,0.0,0.0,0.0,0.0,0.0,0.0,0.0,0.0,0.0,0.0,0.0,0.0,80.0,80.0,2569.0,369.0,830.0,0.445,82.0,212.0,0.387,287.0,618.0,0.464,0.494,139.0,187.0,0.743,30.0,161.0,191.0,425.0,109.0,12.0,170.0,178.0,959.0,0.0,13.9,0.526,0.255,0.225,1.4,7.3,4.3,24.8,2.2,0.4,15.7,18.4,2.6,1.3,4.0,0.074,0.0,-0.6,-0.6,0.9,0.0,2010
107,Yi Jianlian,31.8,4.4,10.8,0.403,0.3,0.8,0.366,4.1,10.0,0.406,0.417,3.0,3.7,0.798,2.2,4.9,7.2,0.9,0.7,1.0,1.5,3.3,12.0,0.0,0.0,1230.0,0.0,0.0,0.0,0.0,0.0,0.0,0.0,0.0,0.0,0.0,0.0,0.0,0.0,52.0,51.0,1655.0,227.0,563.0,0.403,15.0,41.0,0.366,212.0,522.0,0.406,0.417,154.0,193.0,0.798,115.0,257.0,372.0,47.0,37.0,52.0,77.0,170.0,623.0,0.0,12.3,0.481,0.073,0.343,7.7,18.7,13.0,4.9,1.2,2.3,10.6,20.1,0.0,1.3,1.3,0.037,-2.8,-1.3,-4.1,-0.9,0.0,2010
108,Shawn Marion,31.8,5.3,10.4,0.508,0.0,0.3,0.158,5.2,10.1,0.516,0.51,1.4,1.9,0.755,2.1,4.3,6.4,1.4,0.9,0.8,1.3,1.9,12.0,0.0,0.0,1230.0,0.0,0.0,0.0,0.0,0.0,0.0,0.0,0.0,0.0,0.0,0.0,0.0,0.0,75.0,75.0,2385.0,395.0,778.0,0.508,3.0,19.0,0.158,392.0,759.0,0.516,0.51,105.0,139.0,0.755,158.0,319.0,477.0,107.0,69.0,61.0,99.0,141.0,898.0,0.0,14.7,0.535,0.024,0.179,7.7,15.2,11.5,7.2,1.5,1.9,10.6,18.1,2.1,2.8,5.0,0.1,-0.5,0.1,-0.5,0.9,0.0,2010
109,Shaquille O'Neal,23.4,4.9,8.7,0.566,0.0,0.0,0.0,4.9,8.7,0.567,0.566,2.1,4.3,0.496,1.8,4.9,6.7,1.5,0.3,1.2,2.0,3.2,12.0,0.0,0.0,1230.0,0.0,0.0,0.0,0.0,0.0,0.0,0.0,0.0,0.0,0.0,0.0,0.0,0.0,53.0,53.0,1240.0,262.0,463.0,0.566,0.0,1.0,0.0,262.0,462.0,0.567,0.566,112.0,226.0,0.496,93.0,262.0,355.0,80.0,15.0,62.0,105.0,169.0,636.0,0.0,17.9,0.565,0.002,0.488,9.4,24.0,17.0,11.3,0.6,3.9,15.7,25.1,0.9,2.1,3.1,0.119,-1.0,0.8,-0.2,0.6,0.0,2010
110,Rasual Butler,33.0,4.3,10.6,0.409,1.8,5.3,0.336,2.6,5.3,0.482,0.493,1.5,1.8,0.841,0.5,2.5,2.9,1.4,0.4,0.8,1.0,1.5,11.9,0.0,0.0,1230.0,0.0,0.0,0.0,0.0,0.0,0.0,0.0,0.0,0.0,0.0,0.0,0.0,0.0,82.0,64.0,2702.0,356.0,870.0,0.409,145.0,432.0,0.336,211.0,438.0,0.482,0.493,122.0,145.0,0.841,39.0,201.0,240.0,116.0,36.0,68.0,79.0,121.0,979.0,0.0,10.7,0.524,0.497,0.167,1.7,8.7,5.1,6.8,0.7,1.9,7.8,17.0,1.8,0.9,2.7,0.048,-0.8,-1.1,-1.9,0.1,0.0,2010
111,Andrei Kirilenko,29.0,4.2,8.3,0.506,0.4,1.5,0.292,3.8,6.8,0.555,0.533,3.0,4.0,0.744,1.3,3.2,4.6,2.7,1.4,1.2,1.4,1.8,11.9,0.0,0.0,1230.0,0.0,0.0,0.0,0.0,0.0,0.0,0.0,0.0,0.0,0.0,0.0,0.0,0.0,58.0,35.0,1681.0,244.0,482.0,0.506,26.0,89.0,0.292,218.0,393.0,0.555,0.533,174.0,234.0,0.744,76.0,188.0,264.0,158.0,83.0,71.0,79.0,102.0,688.0,0.0,18.2,0.588,0.185,0.485,5.5,12.9,9.3,14.0,2.5,3.4,11.9,17.7,3.3,2.7,6.0,0.171,2.7,2.4,5.1,3.0,0.0,2010
112,Michael Redd,27.3,4.2,11.8,0.352,1.0,3.3,0.3,3.2,8.5,0.373,0.394,2.6,3.7,0.712,0.6,2.4,3.0,2.2,1.1,0.1,0.8,1.3,11.9,0.0,0.0,1230.0,0.0,0.0,0.0,0.0,0.0,0.0,0.0,0.0,0.0,0.0,0.0,0.0,0.0,18.0,12.0,492.0,75.0,213.0,0.352,18.0,60.0,0.3,57.0,153.0,0.373,0.394,47.0,66.0,0.712,11.0,43.0,54.0,39.0,19.0,2.0,15.0,24.0,215.0,0.0,12.1,0.444,0.282,0.31,2.4,10.4,6.2,13.0,2.0,0.3,5.8,23.7,-0.1,0.7,0.6,0.059,-0.9,1.0,0.1,0.2,0.0,2010
113,Charlie Villanueva,23.7,4.7,10.6,0.439,1.3,3.6,0.351,3.4,7.0,0.484,0.499,1.4,1.7,0.815,1.1,3.6,4.7,0.7,0.6,0.7,0.9,2.9,11.9,0.0,0.0,1230.0,0.0,0.0,0.0,0.0,0.0,0.0,0.0,0.0,0.0,0.0,0.0,0.0,0.0,78.0,16.0,1848.0,363.0,827.0,0.439,99.0,282.0,0.351,264.0,545.0,0.484,0.499,106.0,130.0,0.815,85.0,280.0,365.0,53.0,48.0,55.0,74.0,223.0,931.0,0.0,16.0,0.526,0.341,0.157,5.2,19.6,12.0,5.2,1.4,2.5,7.7,23.9,2.1,1.4,3.5,0.092,0.8,-0.8,0.0,0.9,0.0,2010
114,Raja Bell,30.0,4.7,10.2,0.459,2.0,4.5,0.444,2.7,5.7,0.471,0.557,0.5,0.5,1.0,0.8,3.0,3.8,2.2,0.7,0.3,0.8,2.5,11.8,0.0,0.0,1230.0,0.0,0.0,0.0,0.0,0.0,0.0,0.0,0.0,0.0,0.0,0.0,0.0,0.0,6.0,5.0,180.0,28.0,61.0,0.459,12.0,27.0,0.444,16.0,34.0,0.471,0.557,3.0,3.0,1.0,5.0,18.0,23.0,13.0,4.0,2.0,5.0,15.0,71.0,0.0,13.8,0.57,0.443,0.049,3.4,11.8,7.6,12.3,1.2,0.9,7.4,17.3,0.3,0.2,0.5,0.131,1.5,1.8,3.3,0.2,0.0,2010
115,Anthony Tolliver,31.0,4.2,9.8,0.43,1.1,3.3,0.329,3.1,6.5,0.481,0.486,2.2,2.9,0.769,1.8,5.1,7.0,1.9,0.7,0.7,1.0,2.8,11.7,0.0,0.0,1230.0,0.0,0.0,0.0,0.0,0.0,0.0,0.0,0.0,0.0,0.0,0.0,0.0,0.0,46.0,29.0,1427.0,193.0,449.0,0.43,50.0,152.0,0.329,143.0,297.0,0.481,0.486,103.0,134.0,0.769,84.0,236.0,320.0,87.0,32.0,33.0,46.0,128.0,539.0,0.0,13.6,0.531,0.339,0.298,6.5,18.7,12.5,8.6,1.1,1.7,8.3,16.6,1.7,0.8,2.5,0.084,-0.3,-1.3,-1.6,0.1,0.0,2010
116,Earl Barron,33.1,4.3,9.7,0.441,0.0,0.0,0.0,4.3,9.7,0.441,0.441,3.1,4.1,0.759,4.4,6.6,11.0,1.1,0.6,0.6,1.6,3.4,11.7,0.0,0.0,1230.0,0.0,0.0,0.0,0.0,0.0,0.0,0.0,0.0,0.0,0.0,0.0,0.0,0.0,7.0,6.0,232.0,30.0,68.0,0.441,0.0,0.0,0.0,30.0,68.0,0.441,0.441,22.0,29.0,0.759,31.0,46.0,77.0,8.0,4.0,4.0,11.0,24.0,82.0,0.0,14.7,0.508,0.0,0.426,14.9,22.9,18.9,5.2,0.9,1.3,12.0,17.9,0.3,0.2,0.4,0.091,-1.5,-2.9,-4.5,-0.1,0.0,2010
117,Roy Hibbert,25.1,4.8,9.7,0.495,0.0,0.1,0.5,4.7,9.6,0.495,0.497,2.1,2.8,0.754,2.2,3.5,5.7,2.0,0.4,1.6,1.8,3.5,11.7,0.0,0.0,1230.0,0.0,0.0,0.0,0.0,0.0,0.0,0.0,0.0,0.0,0.0,0.0,0.0,0.0,81.0,69.0,2035.0,387.0,782.0,0.495,3.0,6.0,0.5,384.0,776.0,0.495,0.497,169.0,224.0,0.754,177.0,287.0,464.0,158.0,30.0,131.0,145.0,285.0,946.0,0.0,16.2,0.537,0.008,0.286,9.4,15.5,12.4,13.5,0.7,4.6,14.1,22.2,1.6,2.5,4.1,0.098,-1.5,0.6,-0.9,0.6,0.0,2010
118,Paul Millsap,27.8,4.7,8.7,0.538,0.0,0.1,0.111,4.7,8.6,0.543,0.538,2.2,3.2,0.693,2.3,4.5,6.8,1.6,0.8,1.2,1.4,3.5,11.6,0.0,0.0,1230.0,0.0,0.0,0.0,0.0,0.0,0.0,0.0,0.0,0.0,0.0,0.0,0.0,0.0,82.0,8.0,2277.0,385.0,716.0,0.538,1.0,9.0,0.111,384.0,707.0,0.543,0.538,183.0,264.0,0.693,186.0,373.0,559.0,131.0,64.0,99.0,116.0,285.0,954.0,0.0,16.7,0.573,0.013,0.369,9.9,18.9,14.5,8.9,1.4,3.5,12.2,18.7,3.7,3.5,7.2,0.151,-0.4,0.8,0.4,1.4,0.0,2010
119,Anthony Randolph,22.7,4.2,9.4,0.443,0.0,0.2,0.2,4.1,9.2,0.447,0.445,3.3,4.1,0.801,2.2,4.3,6.5,1.3,0.8,1.5,1.5,2.8,11.6,0.0,0.0,1230.0,0.0,0.0,0.0,0.0,0.0,0.0,0.0,0.0,0.0,0.0,0.0,0.0,0.0,33.0,8.0,749.0,137.0,309.0,0.443,1.0,5.0,0.2,136.0,304.0,0.447,0.445,109.0,136.0,0.801,73.0,142.0,215.0,42.0,28.0,51.0,49.0,92.0,384.0,0.0,18.7,0.521,0.016,0.44,10.7,21.4,16.0,8.5,1.8,4.9,11.7,23.9,0.7,0.8,1.5,0.098,-0.2,-0.3,-0.6,0.3,0.0,2010
120,Kenyon Martin,34.2,4.9,10.7,0.456,0.1,0.5,0.276,4.7,10.2,0.465,0.463,1.6,2.9,0.557,2.4,7.0,9.4,1.9,1.2,1.1,1.6,3.2,11.5,0.0,0.0,1230.0,0.0,0.0,0.0,0.0,0.0,0.0,0.0,0.0,0.0,0.0,0.0,0.0,0.0,58.0,58.0,1986.0,283.0,620.0,0.456,8.0,29.0,0.276,275.0,591.0,0.465,0.463,93.0,167.0,0.557,142.0,404.0,546.0,109.0,72.0,61.0,91.0,186.0,667.0,0.0,13.4,0.481,0.047,0.269,8.3,23.3,15.8,8.5,1.8,2.3,11.6,17.5,0.4,2.8,3.3,0.079,-1.4,0.5,-0.8,0.6,0.0,2010
121,Jarrett Jack,27.4,3.9,8.2,0.481,1.0,2.4,0.412,2.9,5.8,0.511,0.542,2.5,2.9,0.842,0.4,2.3,2.7,5.0,0.7,0.1,2.0,1.8,11.4,0.0,0.0,1230.0,0.0,0.0,0.0,0.0,0.0,0.0,0.0,0.0,0.0,0.0,0.0,0.0,0.0,82.0,43.0,2243.0,323.0,671.0,0.481,82.0,199.0,0.412,241.0,472.0,0.511,0.542,203.0,241.0,0.842,30.0,192.0,222.0,413.0,60.0,6.0,163.0,151.0,931.0,0.0,16.3,0.599,0.297,0.359,1.6,9.8,5.8,27.7,1.4,0.2,17.3,19.1,4.5,0.2,4.8,0.102,2.0,-1.6,0.4,1.4,0.0,2010
122,Boris Diaw,35.4,4.5,9.4,0.483,0.8,2.5,0.32,3.7,6.9,0.541,0.525,1.4,1.8,0.769,1.6,3.6,5.2,4.0,0.7,0.7,2.2,2.7,11.3,0.0,0.0,1230.0,0.0,0.0,0.0,0.0,0.0,0.0,0.0,0.0,0.0,0.0,0.0,0.0,0.0,82.0,82.0,2906.0,373.0,773.0,0.483,66.0,206.0,0.32,307.0,567.0,0.541,0.525,113.0,147.0,0.769,131.0,293.0,424.0,325.0,60.0,57.0,178.0,219.0,925.0,0.0,12.8,0.552,0.266,0.19,5.5,11.9,8.8,18.9,1.1,1.6,17.5,16.2,2.4,3.8,6.2,0.103,-0.1,0.9,0.8,2.0,0.0,2010
123,Grant Hill,30.0,4.1,8.7,0.478,0.4,1.0,0.438,3.7,7.7,0.483,0.503,2.5,3.1,0.817,0.9,4.6,5.5,2.4,0.7,0.4,1.3,2.0,11.3,0.0,0.0,1230.0,0.0,0.0,0.0,0.0,0.0,0.0,0.0,0.0,0.0,0.0,0.0,0.0,0.0,81.0,81.0,2430.0,336.0,703.0,0.478,35.0,80.0,0.438,301.0,623.0,0.483,0.503,205.0,251.0,0.817,74.0,371.0,445.0,193.0,60.0,36.0,108.0,165.0,912.0,0.0,14.0,0.561,0.114,0.357,3.6,16.3,10.3,11.2,1.2,1.0,11.7,16.8,3.7,1.8,5.5,0.109,0.3,0.3,0.6,1.6,0.0,2010
124,Hedo Türkoğlu,30.7,3.7,9.1,0.409,1.5,3.9,0.374,2.3,5.2,0.436,0.49,2.4,3.1,0.774,0.6,4.1,4.6,4.1,0.7,0.4,1.7,3.0,11.3,0.0,0.0,1230.0,0.0,0.0,0.0,0.0,0.0,0.0,0.0,0.0,0.0,0.0,0.0,0.0,0.0,74.0,69.0,2272.0,276.0,674.0,0.409,108.0,289.0,0.374,168.0,385.0,0.436,0.49,175.0,226.0,0.774,42.0,301.0,343.0,304.0,55.0,32.0,125.0,220.0,835.0,0.0,13.3,0.54,0.429,0.335,2.2,15.2,8.9,19.5,1.2,1.1,13.9,18.1,2.6,0.8,3.4,0.071,0.7,-0.4,0.4,1.4,0.0,2010
125,Channing Frye,27.0,3.9,8.7,0.451,2.1,4.8,0.439,1.8,3.8,0.466,0.573,1.2,1.5,0.81,0.8,4.5,5.3,1.4,0.8,0.9,0.9,3.2,11.2,0.0,0.0,1230.0,0.0,0.0,0.0,0.0,0.0,0.0,0.0,0.0,0.0,0.0,0.0,0.0,0.0,81.0,41.0,2190.0,317.0,703.0,0.451,172.0,392.0,0.439,145.0,311.0,0.466,0.573,98.0,121.0,0.81,66.0,361.0,427.0,113.0,64.0,74.0,73.0,263.0,904.0,0.0,15.0,0.598,0.558,0.172,3.6,17.6,11.0,7.4,1.5,2.4,8.8,16.7,4.3,2.2,6.4,0.141,1.8,0.9,2.7,2.6,0.0,2010
126,Greg Oden,23.9,4.4,7.2,0.605,0.0,0.0,0.0,4.4,7.2,0.605,0.605,2.3,3.0,0.766,3.0,5.4,8.5,0.9,0.4,2.3,1.9,4.0,11.1,0.0,0.0,1230.0,0.0,0.0,0.0,0.0,0.0,0.0,0.0,0.0,0.0,0.0,0.0,0.0,0.0,21.0,21.0,502.0,92.0,152.0,0.605,0.0,0.0,0.0,92.0,152.0,0.605,0.605,49.0,64.0,0.766,64.0,114.0,178.0,19.0,8.0,48.0,39.0,84.0,233.0,0.0,23.1,0.647,0.0,0.421,15.6,28.3,21.9,6.7,0.9,7.7,17.8,20.7,1.3,1.0,2.2,0.214,0.9,2.6,3.5,0.7,0.0,2010
127,Carlos Delfino,30.4,4.0,9.8,0.408,1.8,4.9,0.367,2.2,4.9,0.45,0.5,1.2,1.6,0.782,0.7,4.6,5.3,2.7,1.1,0.3,1.6,1.8,11.0,0.0,0.0,1230.0,0.0,0.0,0.0,0.0,0.0,0.0,0.0,0.0,0.0,0.0,0.0,0.0,0.0,75.0,66.0,2279.0,299.0,732.0,0.408,134.0,365.0,0.367,165.0,367.0,0.45,0.5,93.0,119.0,0.782,51.0,343.0,394.0,202.0,80.0,21.0,119.0,138.0,825.0,0.0,12.9,0.526,0.499,0.163,2.4,18.0,9.8,14.0,1.8,0.7,13.2,18.0,1.1,3.7,4.8,0.101,-0.1,1.5,1.5,2.0,0.0,2010
128,Metta World Peace,33.8,4.0,9.6,0.414,1.4,3.8,0.355,2.6,5.8,0.453,0.484,1.7,2.4,0.688,1.3,3.0,4.3,3.0,1.4,0.3,1.6,2.1,11.0,0.0,0.0,1230.0,0.0,0.0,0.0,0.0,0.0,0.0,0.0,0.0,0.0,0.0,0.0,0.0,0.0,77.0,77.0,2605.0,306.0,740.0,0.414,105.0,296.0,0.355,201.0,444.0,0.453,0.484,128.0,186.0,0.688,99.0,232.0,331.0,234.0,106.0,21.0,121.0,165.0,845.0,0.0,12.1,0.514,0.4,0.251,4.3,9.9,7.1,13.3,2.1,0.6,12.8,16.2,1.8,3.5,5.3,0.098,-0.6,1.1,0.5,1.6,0.0,2010
129,Drew Gooden,25.1,4.1,8.6,0.478,0.0,0.1,0.125,4.1,8.5,0.483,0.479,2.7,3.1,0.861,3.0,4.8,7.7,0.7,0.6,0.8,1.5,2.8,10.9,0.0,0.0,1230.0,0.0,0.0,0.0,0.0,0.0,0.0,0.0,0.0,0.0,0.0,0.0,0.0,0.0,70.0,33.0,1755.0,288.0,602.0,0.478,1.0,8.0,0.125,287.0,594.0,0.483,0.479,186.0,216.0,0.861,207.0,335.0,542.0,47.0,41.0,58.0,108.0,194.0,763.0,0.0,16.9,0.547,0.013,0.359,13.7,21.9,17.8,4.4,1.2,2.5,13.4,21.0,2.3,2.2,4.4,0.121,-1.2,-1.0,-2.1,-0.1,0.0,2010
130,Ryan Gomes,29.1,4.3,9.6,0.447,1.0,2.6,0.372,3.3,7.0,0.475,0.497,1.4,1.7,0.825,1.0,3.6,4.6,1.6,0.8,0.2,1.3,2.0,10.9,0.0,0.0,1230.0,0.0,0.0,0.0,0.0,0.0,0.0,0.0,0.0,0.0,0.0,0.0,0.0,0.0,76.0,64.0,2210.0,327.0,732.0,0.447,74.0,199.0,0.372,253.0,533.0,0.475,0.497,104.0,126.0,0.825,76.0,272.0,348.0,124.0,62.0,16.0,95.0,155.0,832.0,0.0,12.1,0.528,0.272,0.172,3.8,14.0,8.8,8.8,1.4,0.5,10.8,17.4,1.5,0.9,2.4,0.052,-1.0,-0.8,-1.8,0.1,0.0,2010
131,Kirk Hinrich,33.5,4.2,10.2,0.409,1.4,3.8,0.371,2.8,6.4,0.431,0.478,1.1,1.5,0.752,0.3,3.2,3.5,4.5,1.1,0.3,1.5,2.8,10.9,0.0,0.0,1230.0,0.0,0.0,0.0,0.0,0.0,0.0,0.0,0.0,0.0,0.0,0.0,0.0,0.0,74.0,53.0,2481.0,308.0,753.0,0.409,104.0,280.0,0.371,204.0,473.0,0.431,0.478,85.0,113.0,0.752,24.0,236.0,260.0,330.0,85.0,24.0,113.0,204.0,805.0,0.0,11.6,0.501,0.372,0.15,1.1,10.4,5.8,20.5,1.8,0.7,12.3,16.6,1.2,2.8,4.0,0.077,-1.6,1.0,-0.5,0.9,0.0,2010
132,Mike Miller,33.4,4.0,8.0,0.501,1.5,3.2,0.48,2.5,4.9,0.515,0.596,1.3,1.6,0.824,1.0,5.2,6.2,3.9,0.7,0.2,2.1,2.4,10.9,0.0,0.0,1230.0,0.0,0.0,0.0,0.0,0.0,0.0,0.0,0.0,0.0,0.0,0.0,0.0,0.0,54.0,50.0,1805.0,217.0,433.0,0.501,82.0,171.0,0.48,135.0,262.0,0.515,0.596,70.0,85.0,0.824,55.0,281.0,336.0,212.0,39.0,12.0,115.0,131.0,586.0,0.0,13.9,0.623,0.395,0.196,3.5,18.2,10.7,18.4,1.1,0.5,19.6,14.7,2.5,1.4,3.9,0.104,0.9,0.4,1.3,1.5,0.0,2010
133,Lamar Odom,31.5,4.2,9.0,0.463,0.7,2.2,0.319,3.5,6.8,0.51,0.502,1.7,2.5,0.693,2.2,7.5,9.8,3.3,0.9,0.7,1.8,2.8,10.8,0.0,0.0,1230.0,0.0,0.0,0.0,0.0,0.0,0.0,0.0,0.0,0.0,0.0,0.0,0.0,0.0,82.0,38.0,2585.0,342.0,739.0,0.463,58.0,182.0,0.319,284.0,557.0,0.51,0.502,140.0,202.0,0.693,184.0,618.0,802.0,267.0,75.0,59.0,150.0,227.0,882.0,0.0,15.9,0.533,0.246,0.273,8.0,26.5,17.3,15.6,1.5,1.7,15.3,17.0,2.8,4.9,7.7,0.143,0.7,1.8,2.5,2.9,0.0,2010
134,Joakim Noah,30.1,4.1,8.1,0.504,0.0,0.0,0.0,4.1,8.1,0.504,0.504,2.5,3.4,0.744,3.4,7.6,11.0,2.1,0.5,1.6,1.8,3.1,10.7,0.0,0.0,1230.0,0.0,0.0,0.0,0.0,0.0,0.0,0.0,0.0,0.0,0.0,0.0,0.0,0.0,64.0,54.0,1925.0,262.0,520.0,0.504,0.0,0.0,0.0,262.0,520.0,0.504,0.504,163.0,219.0,0.744,220.0,484.0,704.0,132.0,32.0,100.0,117.0,198.0,687.0,0.0,17.9,0.557,0.0,0.421,12.9,27.6,20.3,10.8,0.9,4.0,16.0,17.1,2.7,3.5,6.2,0.154,0.1,1.5,1.6,1.7,0.0,2010
135,Al Thornton,27.7,4.3,9.0,0.473,0.1,0.4,0.355,4.1,8.6,0.479,0.482,2.0,2.8,0.725,1.5,2.4,3.9,1.2,0.6,0.5,1.4,2.7,10.7,0.0,0.0,1230.0,0.0,0.0,0.0,0.0,0.0,0.0,0.0,0.0,0.0,0.0,0.0,0.0,0.0,75.0,46.0,2079.0,320.0,676.0,0.473,11.0,31.0,0.355,309.0,645.0,0.479,0.482,153.0,211.0,0.725,116.0,178.0,294.0,90.0,45.0,35.0,102.0,206.0,804.0,0.0,11.8,0.523,0.046,0.312,6.4,10.0,8.2,7.1,1.1,1.3,11.7,19.0,1.2,1.0,2.2,0.05,-2.1,-1.0,-3.1,-0.6,0.0,2010
136,Ersan İlyasova,23.4,4.0,9.0,0.443,1.0,3.0,0.336,3.0,6.0,0.496,0.499,1.4,2.0,0.715,1.9,4.4,6.4,1.0,0.7,0.3,0.9,3.1,10.4,0.0,0.0,1230.0,0.0,0.0,0.0,0.0,0.0,0.0,0.0,0.0,0.0,0.0,0.0,0.0,0.0,81.0,31.0,1898.0,323.0,729.0,0.443,81.0,241.0,0.336,242.0,488.0,0.496,0.499,113.0,158.0,0.715,157.0,360.0,517.0,84.0,53.0,23.0,71.0,251.0,840.0,0.0,15.7,0.526,0.331,0.217,9.0,22.6,15.5,7.5,1.5,1.0,8.2,20.8,2.5,3.3,5.8,0.146,0.1,0.3,0.4,1.1,0.0,2010
137,Emeka Okafor,28.9,4.2,8.0,0.53,0.0,0.0,0.0,4.2,8.0,0.53,0.53,1.9,3.3,0.562,3.1,6.0,9.0,0.7,0.7,1.5,1.4,2.7,10.4,0.0,0.0,1230.0,0.0,0.0,0.0,0.0,0.0,0.0,0.0,0.0,0.0,0.0,0.0,0.0,0.0,82.0,82.0,2370.0,348.0,656.0,0.53,0.0,0.0,0.0,348.0,656.0,0.53,0.53,154.0,274.0,0.562,251.0,491.0,742.0,55.0,54.0,127.0,111.0,218.0,850.0,0.0,16.5,0.547,0.0,0.418,12.2,24.7,18.4,3.5,1.2,4.1,12.5,17.1,2.6,2.8,5.5,0.111,-0.9,-0.3,-1.2,0.4,0.0,2010
138,Luke Ridnour,21.5,4.0,8.4,0.478,0.8,2.2,0.381,3.2,6.2,0.513,0.528,1.5,1.7,0.907,0.3,1.5,1.7,4.0,0.7,0.1,1.3,2.2,10.4,0.0,0.0,1230.0,0.0,0.0,0.0,0.0,0.0,0.0,0.0,0.0,0.0,0.0,0.0,0.0,0.0,82.0,0.0,1759.0,328.0,686.0,0.478,69.0,181.0,0.381,259.0,505.0,0.513,0.528,127.0,140.0,0.907,24.0,119.0,143.0,324.0,54.0,7.0,106.0,182.0,852.0,0.0,17.7,0.57,0.264,0.204,1.5,8.1,4.6,31.9,1.6,0.3,12.4,22.0,4.0,2.2,6.2,0.168,1.7,0.5,2.2,1.8,0.0,2010
139,José Calderón,26.7,4.0,8.4,0.482,1.0,2.5,0.398,3.0,5.8,0.519,0.542,1.2,1.5,0.798,0.3,1.8,2.1,5.9,0.7,0.1,1.5,2.0,10.3,0.0,0.0,1230.0,0.0,0.0,0.0,0.0,0.0,0.0,0.0,0.0,0.0,0.0,0.0,0.0,0.0,68.0,39.0,1817.0,274.0,568.0,0.482,68.0,171.0,0.398,206.0,397.0,0.519,0.542,83.0,104.0,0.798,23.0,119.0,142.0,404.0,47.0,7.0,99.0,135.0,699.0,0.0,16.5,0.569,0.301,0.183,1.5,7.5,4.6,33.8,1.3,0.3,13.9,17.9,4.2,0.0,4.2,0.111,2.5,-1.9,0.6,1.2,0.0,2010
140,Omri Casspi,25.1,3.9,8.7,0.446,1.0,2.6,0.369,2.9,6.1,0.48,0.502,1.5,2.3,0.672,1.0,3.6,4.5,1.2,0.7,0.2,1.3,1.6,10.3,0.0,0.0,1230.0,0.0,0.0,0.0,0.0,0.0,0.0,0.0,0.0,0.0,0.0,0.0,0.0,0.0,77.0,31.0,1931.0,300.0,672.0,0.446,75.0,203.0,0.369,225.0,469.0,0.48,0.502,117.0,174.0,0.672,75.0,274.0,349.0,95.0,54.0,17.0,98.0,125.0,792.0,0.0,13.0,0.529,0.302,0.259,4.4,16.5,10.4,7.7,1.4,0.6,11.6,19.4,1.1,1.4,2.5,0.063,-0.3,-0.8,-1.1,0.4,0.0,2010
141,T.J. Ford,25.3,4.0,8.9,0.445,0.2,1.1,0.16,3.8,7.8,0.484,0.455,2.2,2.9,0.77,0.9,2.3,3.2,3.8,0.9,0.2,1.9,2.2,10.3,0.0,0.0,1230.0,0.0,0.0,0.0,0.0,0.0,0.0,0.0,0.0,0.0,0.0,0.0,0.0,0.0,47.0,32.0,1189.0,186.0,418.0,0.445,8.0,50.0,0.16,178.0,368.0,0.484,0.455,104.0,135.0,0.77,41.0,108.0,149.0,180.0,44.0,11.0,90.0,102.0,484.0,0.0,13.4,0.507,0.12,0.323,3.7,10.0,6.8,24.8,1.8,0.7,15.9,21.0,0.3,1.1,1.4,0.058,-1.4,0.0,-1.4,0.2,0.0,2010
142,Jason Kidd,36.0,3.6,8.4,0.423,2.2,5.2,0.425,1.4,3.2,0.42,0.554,1.0,1.2,0.808,0.6,5.0,5.6,9.1,1.8,0.4,2.4,1.8,10.3,0.0,0.0,1230.0,0.0,0.0,0.0,0.0,0.0,0.0,0.0,0.0,0.0,0.0,0.0,0.0,0.0,80.0,80.0,2881.0,284.0,671.0,0.423,176.0,414.0,0.425,108.0,257.0,0.42,0.554,80.0,99.0,0.808,48.0,397.0,445.0,724.0,145.0,35.0,195.0,142.0,824.0,2.0,17.2,0.577,0.617,0.148,1.9,15.6,8.9,36.4,2.6,0.9,21.4,14.5,4.8,4.0,8.9,0.148,2.5,1.7,4.2,4.5,0.0,2010
143,C.J. Watson,27.5,3.8,8.1,0.468,0.7,2.2,0.31,3.1,5.9,0.527,0.51,2.0,2.6,0.771,0.4,2.2,2.6,2.8,1.6,0.1,1.1,1.9,10.3,0.0,0.0,1230.0,0.0,0.0,0.0,0.0,0.0,0.0,0.0,0.0,0.0,0.0,0.0,0.0,0.0,65.0,15.0,1788.0,247.0,528.0,0.468,45.0,145.0,0.31,202.0,383.0,0.527,0.51,128.0,166.0,0.771,28.0,141.0,169.0,180.0,103.0,8.0,69.0,124.0,667.0,0.0,13.8,0.555,0.275,0.314,1.7,8.9,5.3,14.3,2.8,0.3,10.3,16.0,2.2,0.9,3.1,0.082,-0.8,0.3,-0.4,0.7,0.0,2010
144,Dahntay Jones,24.9,3.8,8.2,0.461,0.1,0.4,0.125,3.7,7.8,0.479,0.464,2.6,3.4,0.77,0.6,2.4,3.0,2.0,0.5,0.5,1.7,3.1,10.2,0.0,0.0,1230.0,0.0,0.0,0.0,0.0,0.0,0.0,0.0,0.0,0.0,0.0,0.0,0.0,0.0,76.0,26.0,1892.0,287.0,623.0,0.461,4.0,32.0,0.125,283.0,591.0,0.479,0.464,198.0,257.0,0.77,48.0,181.0,229.0,150.0,40.0,39.0,129.0,237.0,776.0,0.0,10.8,0.527,0.051,0.413,2.7,10.5,6.6,12.9,1.0,1.5,14.9,20.1,0.1,1.6,1.8,0.045,-3.3,-0.4,-3.6,-0.8,0.0,2010
145,Nate Robinson,19.9,3.8,8.8,0.436,1.6,4.0,0.39,2.3,4.8,0.474,0.524,0.9,1.2,0.746,0.5,1.5,2.0,2.9,0.9,0.1,1.3,2.1,10.1,0.0,0.0,1230.0,0.0,0.0,0.0,0.0,0.0,0.0,0.0,0.0,0.0,0.0,0.0,0.0,0.0,56.0,2.0,1115.0,215.0,493.0,0.436,87.0,223.0,0.39,128.0,270.0,0.474,0.524,50.0,67.0,0.746,28.0,82.0,110.0,163.0,49.0,5.0,73.0,116.0,567.0,0.0,16.3,0.543,0.452,0.136,2.9,8.6,5.8,24.9,2.3,0.3,12.3,24.4,1.4,0.8,2.2,0.095,1.2,-0.6,0.7,0.7,0.0,2010
146,Nicolas Batum,24.8,3.8,7.2,0.519,1.5,3.6,0.409,2.3,3.7,0.625,0.619,1.2,1.4,0.843,0.9,2.9,3.8,1.2,0.6,0.7,0.7,2.2,10.1,0.0,0.0,1230.0,0.0,0.0,0.0,0.0,0.0,0.0,0.0,0.0,0.0,0.0,0.0,0.0,0.0,37.0,25.0,918.0,139.0,268.0,0.519,54.0,132.0,0.409,85.0,136.0,0.625,0.619,43.0,51.0,0.843,32.0,109.0,141.0,44.0,24.0,25.0,27.0,83.0,375.0,0.0,17.3,0.646,0.493,0.19,4.3,14.8,9.5,8.0,1.4,2.2,8.5,16.4,2.4,1.1,3.5,0.181,2.8,1.1,3.9,1.4,0.0,2010
147,Randy Foye,23.8,3.7,8.8,0.414,0.9,2.6,0.346,2.8,6.2,0.442,0.464,1.8,2.1,0.89,0.2,1.6,1.9,3.3,0.5,0.1,1.3,1.8,10.1,0.0,0.0,1230.0,0.0,0.0,0.0,0.0,0.0,0.0,0.0,0.0,0.0,0.0,0.0,0.0,0.0,70.0,38.0,1667.0,256.0,619.0,0.414,63.0,182.0,0.346,193.0,437.0,0.442,0.464,129.0,145.0,0.89,16.0,114.0,130.0,228.0,33.0,10.0,94.0,123.0,704.0,0.0,13.2,0.516,0.294,0.234,1.1,8.0,4.5,22.6,1.0,0.5,12.1,21.1,1.6,0.7,2.2,0.064,0.0,-1.2,-1.2,0.3,0.0,2010
148,Kendrick Perkins,27.6,4.0,6.7,0.602,0.0,0.0,0.0,4.0,6.7,0.605,0.602,2.1,3.6,0.582,2.0,5.6,7.6,1.0,0.3,1.7,2.1,2.8,10.1,0.0,0.0,1230.0,0.0,0.0,0.0,0.0,0.0,0.0,0.0,0.0,0.0,0.0,0.0,0.0,0.0,78.0,78.0,2154.0,314.0,522.0,0.602,0.0,3.0,0.0,314.0,519.0,0.605,0.602,163.0,280.0,0.582,155.0,440.0,595.0,80.0,26.0,132.0,165.0,219.0,791.0,0.0,15.0,0.613,0.006,0.536,9.1,24.4,16.9,6.0,0.6,4.8,20.4,17.6,1.4,3.8,5.2,0.117,-1.7,1.0,-0.7,0.7,0.0,2010
149,Marvin Williams,30.5,3.7,8.2,0.455,0.5,1.6,0.303,3.2,6.6,0.492,0.485,2.2,2.7,0.819,1.3,3.8,5.1,1.1,0.8,0.6,0.9,2.0,10.1,0.0,0.0,1230.0,0.0,0.0,0.0,0.0,0.0,0.0,0.0,0.0,0.0,0.0,0.0,0.0,0.0,81.0,81.0,2468.0,302.0,664.0,0.455,40.0,132.0,0.303,262.0,532.0,0.492,0.485,176.0,215.0,0.819,106.0,310.0,416.0,93.0,66.0,46.0,72.0,160.0,820.0,0.0,13.0,0.54,0.199,0.324,5.0,14.8,9.8,5.6,1.4,1.4,8.7,15.5,3.1,2.6,5.7,0.112,-0.4,0.1,-0.4,1.0,0.0,2010
150,Will Bynum,26.5,3.8,8.5,0.444,0.2,0.9,0.218,3.6,7.6,0.47,0.455,2.3,2.8,0.798,0.4,1.9,2.3,4.5,0.9,0.1,1.8,2.3,10.0,0.0,0.0,1230.0,0.0,0.0,0.0,0.0,0.0,0.0,0.0,0.0,0.0,0.0,0.0,0.0,0.0,63.0,20.0,1667.0,237.0,534.0,0.444,12.0,55.0,0.218,225.0,479.0,0.47,0.455,142.0,178.0,0.798,24.0,118.0,142.0,283.0,55.0,7.0,115.0,143.0,628.0,0.0,13.8,0.513,0.103,0.333,1.6,9.2,5.2,28.2,1.8,0.4,15.8,20.1,1.3,0.6,1.9,0.054,-1.0,-1.3,-2.2,-0.1,0.0,2010
151,Spencer Hawes,26.4,4.3,9.3,0.468,0.4,1.2,0.299,4.0,8.0,0.494,0.488,1.0,1.5,0.689,2.0,4.0,6.1,2.2,0.4,1.2,1.8,2.8,10.0,0.0,0.0,1230.0,0.0,0.0,0.0,0.0,0.0,0.0,0.0,0.0,0.0,0.0,0.0,0.0,0.0,72.0,59.0,1904.0,312.0,666.0,0.468,26.0,87.0,0.299,286.0,579.0,0.494,0.488,73.0,106.0,0.689,145.0,291.0,436.0,158.0,32.0,83.0,131.0,200.0,723.0,0.0,13.8,0.507,0.131,0.159,8.6,17.7,13.1,13.2,0.9,3.2,15.5,19.6,0.5,1.6,2.1,0.054,-1.2,0.1,-1.2,0.4,0.0,2010
152,Ronald Murray,22.3,3.6,9.1,0.392,0.9,2.9,0.312,2.7,6.2,0.431,0.443,1.9,2.6,0.727,0.4,2.1,2.4,1.8,0.6,0.2,1.2,1.7,9.9,0.0,0.0,1230.0,0.0,0.0,0.0,0.0,0.0,0.0,0.0,0.0,0.0,0.0,0.0,0.0,0.0,75.0,2.0,1673.0,268.0,683.0,0.392,69.0,221.0,0.312,199.0,462.0,0.431,0.443,141.0,194.0,0.727,28.0,155.0,183.0,135.0,46.0,16.0,91.0,126.0,746.0,0.0,11.7,0.485,0.324,0.284,2.0,10.6,6.4,14.0,1.4,0.8,10.6,23.6,-0.2,2.0,1.8,0.051,-1.7,-0.6,-2.3,-0.1,0.0,2010
153,Mike Dunleavy,22.2,3.4,8.3,0.41,1.1,3.5,0.318,2.3,4.8,0.478,0.478,2.0,2.4,0.842,0.4,3.1,3.5,1.5,0.6,0.2,1.1,1.6,9.9,0.0,0.0,1230.0,0.0,0.0,0.0,0.0,0.0,0.0,0.0,0.0,0.0,0.0,0.0,0.0,0.0,67.0,15.0,1486.0,229.0,558.0,0.41,75.0,236.0,0.318,154.0,322.0,0.478,0.478,133.0,158.0,0.842,25.0,211.0,236.0,103.0,38.0,15.0,72.0,105.0,666.0,0.0,13.1,0.531,0.423,0.283,1.8,15.6,8.7,11.3,1.3,0.7,10.3,20.7,0.8,1.5,2.3,0.075,-0.5,-0.4,-0.8,0.4,0.0,2010
154,James Harden,22.9,3.1,7.6,0.403,1.2,3.3,0.375,1.8,4.3,0.424,0.484,2.6,3.2,0.808,0.6,2.6,3.2,1.8,1.1,0.3,1.4,2.6,9.9,0.0,0.0,1230.0,0.0,0.0,0.0,0.0,0.0,0.0,0.0,0.0,0.0,0.0,0.0,0.0,0.0,76.0,0.0,1738.0,233.0,578.0,0.403,93.0,248.0,0.375,140.0,330.0,0.424,0.484,194.0,240.0,0.808,47.0,197.0,244.0,137.0,80.0,20.0,106.0,200.0,753.0,0.0,14.0,0.551,0.429,0.415,3.2,12.7,8.1,12.3,2.4,0.9,13.4,20.4,2.0,2.5,4.5,0.124,-0.7,1.2,0.5,1.1,0.0,2010
155,Udonis Haslem,27.9,4.0,8.1,0.494,0.0,0.0,0.0,4.0,8.1,0.494,0.494,1.9,2.5,0.762,2.1,5.9,8.1,0.7,0.4,0.3,1.0,2.2,9.9,0.0,0.0,1230.0,0.0,0.0,0.0,0.0,0.0,0.0,0.0,0.0,0.0,0.0,0.0,0.0,0.0,78.0,0.0,2177.0,312.0,632.0,0.494,0.0,0.0,0.0,312.0,632.0,0.494,0.494,147.0,193.0,0.762,167.0,462.0,629.0,52.0,30.0,23.0,75.0,174.0,771.0,0.0,14.6,0.538,0.0,0.305,9.1,24.8,17.0,3.9,0.7,0.9,9.5,17.1,2.8,3.2,6.0,0.132,-0.8,-0.8,-1.7,0.2,0.0,2010
156,C.J. Miles,23.8,3.8,8.9,0.429,1.2,3.4,0.341,2.7,5.5,0.484,0.495,1.0,1.5,0.695,0.7,2.0,2.7,1.7,0.9,0.3,1.3,3.0,9.9,0.0,0.0,1230.0,0.0,0.0,0.0,0.0,0.0,0.0,0.0,0.0,0.0,0.0,0.0,0.0,0.0,63.0,28.0,1497.0,241.0,562.0,0.429,74.0,217.0,0.341,167.0,345.0,0.484,0.495,66.0,95.0,0.695,42.0,126.0,168.0,105.0,58.0,17.0,81.0,190.0,622.0,0.0,10.8,0.515,0.386,0.169,3.4,9.7,6.6,10.7,2.0,0.9,11.8,20.5,0.2,1.7,1.9,0.061,-2.0,0.1,-1.9,0.0,0.0,2010
157,Chris Douglas-Roberts,25.8,3.8,8.6,0.445,0.2,0.8,0.259,3.6,7.7,0.464,0.457,2.0,2.3,0.847,0.7,2.3,3.0,1.4,0.8,0.3,1.4,1.5,9.8,0.0,0.0,1230.0,0.0,0.0,0.0,0.0,0.0,0.0,0.0,0.0,0.0,0.0,0.0,0.0,0.0,67.0,38.0,1730.0,255.0,573.0,0.445,14.0,54.0,0.259,241.0,519.0,0.464,0.457,133.0,157.0,0.847,45.0,153.0,198.0,93.0,55.0,19.0,97.0,101.0,657.0,0.0,11.5,0.512,0.094,0.274,2.9,10.7,6.6,9.5,1.7,0.8,13.1,19.6,-0.2,0.9,0.7,0.02,-2.2,-0.9,-3.2,-0.5,0.0,2010
158,Hakim Warrick,20.5,3.5,7.2,0.482,0.0,0.1,0.143,3.5,7.1,0.486,0.483,2.7,3.6,0.737,1.7,2.5,4.1,0.7,0.3,0.2,1.1,1.7,9.6,0.0,0.0,1230.0,0.0,0.0,0.0,0.0,0.0,0.0,0.0,0.0,0.0,0.0,0.0,0.0,0.0,76.0,6.0,1557.0,265.0,550.0,0.482,1.0,7.0,0.143,264.0,543.0,0.486,0.483,202.0,274.0,0.737,127.0,187.0,314.0,52.0,24.0,18.0,80.0,126.0,733.0,0.0,15.6,0.547,0.013,0.498,9.0,13.9,11.4,5.6,0.8,0.9,10.7,21.8,2.2,1.8,4.0,0.124,-0.4,-0.9,-1.3,0.3,0.0,2010
159,JJ Redick,22.0,3.0,6.7,0.439,1.4,3.3,0.405,1.6,3.4,0.473,0.54,2.3,2.7,0.86,0.2,1.7,1.9,1.9,0.3,0.0,0.8,1.4,9.6,0.0,0.0,1230.0,0.0,0.0,0.0,0.0,0.0,0.0,0.0,0.0,0.0,0.0,0.0,0.0,0.0,82.0,9.0,1808.0,243.0,553.0,0.439,111.0,274.0,0.405,132.0,279.0,0.473,0.54,191.0,222.0,0.86,17.0,138.0,155.0,158.0,28.0,4.0,63.0,118.0,788.0,0.0,15.0,0.606,0.495,0.401,1.1,8.5,5.0,13.9,0.8,0.2,8.8,18.3,4.7,1.8,6.5,0.173,1.8,0.1,1.8,1.8,0.0,2010
160,Leandro Barbosa,17.9,3.5,8.3,0.425,1.0,3.1,0.324,2.5,5.2,0.485,0.485,1.5,1.7,0.877,0.3,1.3,1.6,1.5,0.5,0.3,1.0,1.6,9.5,0.0,0.0,1230.0,0.0,0.0,0.0,0.0,0.0,0.0,0.0,0.0,0.0,0.0,0.0,0.0,0.0,44.0,5.0,786.0,155.0,365.0,0.425,44.0,136.0,0.324,111.0,229.0,0.485,0.485,64.0,73.0,0.877,11.0,58.0,69.0,64.0,23.0,12.0,46.0,71.0,418.0,0.0,14.0,0.526,0.373,0.2,1.7,7.9,5.0,12.5,1.5,1.1,10.4,24.9,0.7,0.4,1.1,0.065,-0.8,-1.3,-2.1,0.0,0.0,2010
161,Henry Walker,21.9,3.4,6.6,0.517,1.4,3.3,0.431,2.0,3.3,0.603,0.625,1.1,1.4,0.796,0.4,2.1,2.5,1.1,0.7,0.1,0.8,2.4,9.4,0.0,0.0,1230.0,0.0,0.0,0.0,0.0,0.0,0.0,0.0,0.0,0.0,0.0,0.0,0.0,0.0,35.0,13.0,768.0,120.0,232.0,0.517,50.0,116.0,0.431,70.0,116.0,0.603,0.625,39.0,49.0,0.796,15.0,73.0,88.0,40.0,23.0,3.0,28.0,83.0,329.0,0.0,14.6,0.649,0.5,0.211,2.2,11.0,6.5,8.3,1.5,0.3,9.9,16.6,1.6,0.3,1.9,0.121,0.4,-0.8,-0.5,0.3,0.0,2010
162,Tyrus Thomas,22.6,3.6,7.8,0.462,0.0,0.1,0.0,3.6,7.7,0.465,0.462,2.2,3.2,0.686,1.5,4.7,6.2,1.0,1.2,1.6,1.7,2.4,9.4,0.0,0.0,1230.0,0.0,0.0,0.0,0.0,0.0,0.0,0.0,0.0,0.0,0.0,0.0,0.0,0.0,54.0,3.0,1220.0,194.0,420.0,0.462,0.0,3.0,0.0,194.0,417.0,0.465,0.462,120.0,175.0,0.686,81.0,254.0,335.0,56.0,63.0,85.0,92.0,129.0,508.0,0.0,16.8,0.511,0.007,0.417,7.8,23.6,15.9,7.8,2.7,5.5,15.6,22.1,-0.3,2.9,2.6,0.103,-2.0,2.9,0.9,0.9,0.0,2010
163,Wesley Matthews,24.7,3.3,6.9,0.483,0.8,2.0,0.382,2.6,4.9,0.525,0.539,2.0,2.4,0.829,0.6,1.7,2.3,1.5,0.8,0.2,1.1,1.9,9.4,0.0,0.0,1230.0,0.0,0.0,0.0,0.0,0.0,0.0,0.0,0.0,0.0,0.0,0.0,0.0,0.0,82.0,48.0,2025.0,273.0,565.0,0.483,63.0,165.0,0.382,210.0,400.0,0.525,0.539,160.0,193.0,0.829,50.0,141.0,191.0,124.0,64.0,15.0,93.0,152.0,769.0,0.0,12.3,0.592,0.292,0.342,3.0,8.0,5.6,9.0,1.6,0.6,12.5,16.5,2.6,1.9,4.6,0.108,-0.6,0.0,-0.5,0.8,0.0,2010
164,Brandon Rush,30.4,3.6,8.6,0.423,1.5,3.7,0.411,2.1,4.9,0.433,0.511,0.7,1.1,0.629,0.5,3.7,4.2,1.4,0.7,0.8,1.1,1.9,9.4,0.0,0.0,1230.0,0.0,0.0,0.0,0.0,0.0,0.0,0.0,0.0,0.0,0.0,0.0,0.0,0.0,82.0,64.0,2491.0,297.0,702.0,0.423,124.0,302.0,0.411,173.0,400.0,0.433,0.511,56.0,89.0,0.629,41.0,305.0,346.0,112.0,56.0,65.0,93.0,159.0,774.0,0.0,9.6,0.522,0.43,0.127,1.8,13.5,7.6,6.9,1.1,1.9,11.1,14.8,0.0,2.5,2.5,0.047,-1.5,0.1,-1.3,0.4,0.0,2010
165,Martell Webster,24.5,3.2,7.8,0.405,1.5,4.0,0.373,1.6,3.7,0.44,0.502,1.5,1.9,0.813,0.6,2.7,3.3,0.8,0.5,0.5,0.7,1.9,9.4,0.0,0.0,1230.0,0.0,0.0,0.0,0.0,0.0,0.0,0.0,0.0,0.0,0.0,0.0,0.0,0.0,82.0,49.0,2005.0,259.0,639.0,0.405,124.0,332.0,0.373,135.0,307.0,0.44,0.502,126.0,155.0,0.813,47.0,221.0,268.0,62.0,45.0,40.0,60.0,153.0,768.0,0.0,12.5,0.543,0.52,0.243,2.9,13.7,8.3,5.0,1.2,1.6,7.8,18.2,2.4,2.0,4.4,0.105,0.3,-0.3,0.0,1.0,0.0,2010
166,Jonas Jerebko,27.9,3.6,7.5,0.481,0.5,1.4,0.313,3.2,6.1,0.52,0.511,1.6,2.2,0.71,2.4,3.6,6.0,0.7,1.0,0.4,1.0,2.9,9.3,0.0,0.0,1230.0,0.0,0.0,0.0,0.0,0.0,0.0,0.0,0.0,0.0,0.0,0.0,0.0,0.0,80.0,73.0,2232.0,290.0,603.0,0.481,36.0,115.0,0.313,254.0,488.0,0.52,0.511,125.0,176.0,0.71,194.0,284.0,478.0,58.0,79.0,29.0,82.0,230.0,741.0,0.0,13.9,0.545,0.191,0.292,9.9,16.5,13.0,4.2,1.9,1.1,10.8,15.7,2.9,1.5,4.4,0.095,-0.7,-0.6,-1.3,0.4,0.0,2010
167,Travis Outlaw,21.5,3.2,8.3,0.391,1.2,3.1,0.381,2.1,5.2,0.398,0.463,1.4,1.7,0.831,1.0,2.6,3.6,1.0,0.5,0.5,0.9,1.3,9.1,0.0,0.0,1230.0,0.0,0.0,0.0,0.0,0.0,0.0,0.0,0.0,0.0,0.0,0.0,0.0,0.0,34.0,6.0,730.0,110.0,281.0,0.391,40.0,105.0,0.381,70.0,176.0,0.398,0.463,49.0,59.0,0.831,33.0,88.0,121.0,34.0,18.0,17.0,32.0,43.0,309.0,0.0,13.3,0.503,0.374,0.21,5.3,14.3,9.8,7.6,1.3,1.8,9.4,21.4,0.4,0.6,0.9,0.062,0.0,-0.9,-0.9,0.2,0.0,2010
168,Brendan Haywood,30.6,3.6,6.4,0.562,0.0,0.0,0.0,3.6,6.4,0.563,0.562,2.0,3.2,0.62,3.6,5.7,9.3,0.6,0.3,2.1,1.3,2.7,9.1,0.0,0.0,1230.0,0.0,0.0,0.0,0.0,0.0,0.0,0.0,0.0,0.0,0.0,0.0,0.0,0.0,77.0,67.0,2355.0,276.0,491.0,0.562,0.0,1.0,0.0,276.0,490.0,0.563,0.562,152.0,245.0,0.62,278.0,437.0,715.0,43.0,26.0,158.0,99.0,209.0,704.0,0.0,16.1,0.588,0.002,0.499,13.5,21.5,17.5,2.8,0.6,5.1,14.2,13.5,3.7,3.0,6.7,0.137,-0.3,0.2,-0.1,1.1,0.0,2010
169,Larry Hughes,24.8,3.0,8.6,0.355,1.0,3.1,0.309,2.1,5.5,0.381,0.411,2.1,2.5,0.832,0.5,2.6,3.2,3.0,1.2,0.3,1.7,1.6,9.1,0.0,0.0,1230.0,0.0,0.0,0.0,0.0,0.0,0.0,0.0,0.0,0.0,0.0,0.0,0.0,0.0,45.0,16.0,1115.0,137.0,386.0,0.355,43.0,139.0,0.309,94.0,247.0,0.381,0.411,94.0,113.0,0.832,23.0,119.0,142.0,137.0,52.0,15.0,75.0,70.0,411.0,0.0,12.0,0.472,0.36,0.293,2.4,12.4,7.3,18.9,2.4,1.0,14.7,20.9,-0.3,1.0,0.7,0.03,-2.0,0.1,-1.9,0.0,0.0,2010
170,Mike Bibby,27.4,3.4,8.1,0.416,1.6,4.1,0.389,1.8,4.0,0.444,0.514,0.9,1.0,0.861,0.3,2.1,2.3,3.9,0.8,0.0,1.1,2.0,9.1,0.0,0.0,1230.0,0.0,0.0,0.0,0.0,0.0,0.0,0.0,0.0,0.0,0.0,0.0,0.0,0.0,80.0,80.0,2195.0,268.0,644.0,0.416,126.0,324.0,0.389,142.0,320.0,0.444,0.514,68.0,79.0,0.861,20.0,164.0,184.0,310.0,67.0,3.0,90.0,157.0,730.0,0.0,12.7,0.538,0.503,0.123,1.1,8.8,4.9,20.8,1.6,0.1,11.7,16.1,3.0,1.7,4.8,0.104,0.1,-0.2,-0.2,1.0,0.0,2010
171,Kyle Lowry,24.3,2.7,6.8,0.397,0.5,2.0,0.272,2.2,4.8,0.448,0.436,3.2,3.8,0.827,1.3,2.3,3.6,4.5,0.9,0.1,1.7,2.5,9.1,0.0,0.0,1230.0,0.0,0.0,0.0,0.0,0.0,0.0,0.0,0.0,0.0,0.0,0.0,0.0,0.0,68.0,0.0,1651.0,184.0,464.0,0.397,37.0,136.0,0.272,147.0,328.0,0.448,0.436,215.0,260.0,0.827,91.0,156.0,247.0,305.0,60.0,9.0,116.0,173.0,620.0,0.0,15.5,0.536,0.293,0.56,6.1,11.2,8.6,27.7,1.9,0.4,16.7,18.6,2.9,1.4,4.3,0.126,0.4,0.4,0.8,1.2,0.0,2010
172,Taj Gibson,26.9,3.8,7.7,0.494,0.0,0.0,0.0,3.8,7.7,0.494,0.494,1.4,2.1,0.646,2.8,4.7,7.5,0.9,0.6,1.3,1.4,3.4,9.0,0.0,0.0,1230.0,0.0,0.0,0.0,0.0,0.0,0.0,0.0,0.0,0.0,0.0,0.0,0.0,0.0,82.0,70.0,2204.0,311.0,629.0,0.494,0.0,0.0,0.0,311.0,629.0,0.494,0.494,113.0,175.0,0.646,226.0,385.0,611.0,70.0,50.0,104.0,114.0,282.0,735.0,0.0,13.8,0.521,0.0,0.278,11.6,19.2,15.4,5.0,1.2,3.6,13.9,16.7,1.2,3.5,4.7,0.103,-2.4,0.5,-2.0,0.0,0.0,2010
173,Rasheed Wallace,22.5,3.4,8.2,0.409,1.0,3.7,0.283,2.3,4.6,0.511,0.472,1.2,1.6,0.768,0.5,3.6,4.1,1.0,1.0,0.9,0.8,2.8,9.0,0.0,0.0,1230.0,0.0,0.0,0.0,0.0,0.0,0.0,0.0,0.0,0.0,0.0,0.0,0.0,0.0,79.0,13.0,1780.0,266.0,650.0,0.409,82.0,290.0,0.283,184.0,360.0,0.511,0.472,96.0,125.0,0.768,42.0,283.0,325.0,80.0,80.0,70.0,63.0,222.0,710.0,0.0,13.1,0.504,0.446,0.192,3.0,19.0,11.2,7.3,2.4,3.1,8.2,20.2,0.2,3.4,3.6,0.096,-1.6,1.6,0.0,0.9,0.0,2010
174,Chase Budinger,20.1,3.4,7.6,0.441,1.2,3.4,0.369,2.1,4.3,0.497,0.522,0.9,1.2,0.77,0.5,2.5,3.0,1.2,0.5,0.1,0.6,1.1,8.9,0.0,0.0,1230.0,0.0,0.0,0.0,0.0,0.0,0.0,0.0,0.0,0.0,0.0,0.0,0.0,0.0,74.0,4.0,1488.0,249.0,565.0,0.441,92.0,249.0,0.369,157.0,316.0,0.497,0.522,67.0,87.0,0.77,38.0,182.0,220.0,88.0,34.0,11.0,48.0,85.0,657.0,0.0,14.1,0.545,0.441,0.154,2.8,14.6,8.5,9.7,1.2,0.5,7.4,19.4,1.9,1.2,3.1,0.1,1.1,-0.7,0.5,0.9,0.0,2010
175,Quentin Richardson,27.4,3.2,7.4,0.431,1.9,4.7,0.397,1.3,2.7,0.493,0.558,0.7,0.9,0.732,0.8,4.1,4.9,1.2,0.9,0.2,0.8,2.2,8.9,0.0,0.0,1230.0,0.0,0.0,0.0,0.0,0.0,0.0,0.0,0.0,0.0,0.0,0.0,0.0,0.0,76.0,75.0,2082.0,242.0,561.0,0.431,142.0,358.0,0.397,100.0,203.0,0.493,0.558,52.0,71.0,0.732,64.0,310.0,374.0,93.0,70.0,18.0,62.0,169.0,678.0,0.0,12.9,0.572,0.638,0.127,3.6,17.4,10.6,7.0,1.8,0.7,9.5,14.8,2.7,3.1,5.8,0.133,0.4,0.8,1.3,1.7,0.0,2010
176,Ronnie Brewer,30.0,3.6,7.4,0.487,0.1,0.5,0.258,3.5,6.9,0.505,0.497,1.5,2.3,0.639,0.8,2.4,3.2,2.7,1.6,0.3,0.9,1.4,8.8,0.0,0.0,1230.0,0.0,0.0,0.0,0.0,0.0,0.0,0.0,0.0,0.0,0.0,0.0,0.0,0.0,58.0,53.0,1742.0,209.0,429.0,0.487,8.0,31.0,0.258,201.0,398.0,0.505,0.497,85.0,133.0,0.639,45.0,142.0,187.0,154.0,91.0,15.0,53.0,80.0,511.0,0.0,12.5,0.524,0.072,0.31,3.1,9.4,6.4,12.7,2.7,0.7,9.8,13.9,1.6,2.2,3.7,0.103,-0.8,2.0,1.1,1.4,0.0,2010
177,Arron Afflalo,27.1,3.3,7.1,0.465,1.3,3.0,0.434,2.0,4.1,0.488,0.557,0.9,1.2,0.735,0.7,2.4,3.1,1.7,0.6,0.4,0.9,2.7,8.8,0.0,0.0,1230.0,0.0,0.0,0.0,0.0,0.0,0.0,0.0,0.0,0.0,0.0,0.0,0.0,0.0,82.0,75.0,2221.0,272.0,585.0,0.465,108.0,249.0,0.434,164.0,336.0,0.488,0.557,72.0,98.0,0.735,59.0,193.0,252.0,138.0,46.0,30.0,74.0,225.0,724.0,0.0,10.9,0.576,0.426,0.168,3.1,9.9,6.5,9.3,1.0,1.0,10.5,14.0,2.8,1.4,4.3,0.092,-0.2,-0.2,-0.4,0.9,0.0,2010
178,Matt Barnes,25.9,3.3,6.9,0.487,0.8,2.6,0.319,2.5,4.3,0.586,0.546,1.3,1.8,0.74,1.3,4.2,5.5,1.7,0.7,0.4,1.4,2.3,8.8,0.0,0.0,1230.0,0.0,0.0,0.0,0.0,0.0,0.0,0.0,0.0,0.0,0.0,0.0,0.0,0.0,81.0,58.0,2097.0,271.0,557.0,0.487,66.0,207.0,0.319,205.0,350.0,0.586,0.546,108.0,146.0,0.74,106.0,339.0,445.0,134.0,59.0,30.0,112.0,185.0,716.0,0.0,13.6,0.576,0.372,0.262,6.1,18.0,12.3,10.1,1.5,1.1,15.3,16.2,2.5,3.4,5.9,0.135,-0.1,1.3,1.3,1.7,0.0,2010
179,Brad Miller,23.8,3.0,7.1,0.43,0.5,1.6,0.28,2.6,5.5,0.474,0.462,2.2,2.7,0.827,1.0,3.9,4.9,1.9,0.5,0.4,1.3,2.3,8.8,0.0,0.0,1230.0,0.0,0.0,0.0,0.0,0.0,0.0,0.0,0.0,0.0,0.0,0.0,0.0,0.0,82.0,37.0,1950.0,250.0,581.0,0.43,37.0,132.0,0.28,213.0,449.0,0.474,0.462,182.0,220.0,0.827,83.0,316.0,399.0,154.0,44.0,29.0,107.0,189.0,719.0,0.0,12.9,0.53,0.227,0.379,4.8,17.8,11.4,12.2,1.2,1.1,13.6,18.1,1.5,2.5,4.0,0.098,-1.4,0.5,-0.8,0.6,0.0,2010
180,Delonte West,25.0,3.2,7.3,0.445,0.4,1.3,0.325,2.8,6.0,0.471,0.474,1.9,2.4,0.81,0.5,2.3,2.8,3.3,0.9,0.5,1.5,1.4,8.8,0.0,0.0,1230.0,0.0,0.0,0.0,0.0,0.0,0.0,0.0,0.0,0.0,0.0,0.0,0.0,0.0,60.0,3.0,1500.0,194.0,436.0,0.445,25.0,77.0,0.325,169.0,359.0,0.471,0.474,115.0,142.0,0.81,29.0,140.0,169.0,196.0,55.0,28.0,90.0,86.0,528.0,0.0,13.8,0.53,0.177,0.326,2.4,10.6,6.7,20.0,1.9,1.4,15.3,18.3,1.3,2.0,3.3,0.106,-0.3,1.0,0.7,1.0,0.0,2010
181,Willie Green,21.3,3.4,7.4,0.457,0.6,1.9,0.346,2.8,5.6,0.494,0.5,1.3,1.6,0.833,0.3,1.5,1.8,2.1,0.4,0.2,0.9,1.8,8.7,0.0,0.0,1230.0,0.0,0.0,0.0,0.0,0.0,0.0,0.0,0.0,0.0,0.0,0.0,0.0,0.0,73.0,18.0,1553.0,248.0,543.0,0.457,47.0,136.0,0.346,201.0,407.0,0.494,0.5,95.0,114.0,0.833,20.0,109.0,129.0,152.0,32.0,11.0,67.0,135.0,638.0,0.0,12.8,0.538,0.25,0.21,1.5,8.4,4.9,15.8,1.1,0.6,10.1,19.4,1.8,0.3,2.2,0.067,-0.7,-1.5,-2.2,-0.1,0.0,2010
182,Mickaël Piétrus,22.5,3.1,7.2,0.432,1.5,4.1,0.379,1.6,3.1,0.502,0.54,0.9,1.5,0.633,0.5,2.3,2.9,0.7,0.7,0.4,0.9,1.8,8.7,0.0,0.0,1230.0,0.0,0.0,0.0,0.0,0.0,0.0,0.0,0.0,0.0,0.0,0.0,0.0,0.0,75.0,24.0,1687.0,233.0,539.0,0.432,116.0,306.0,0.379,117.0,233.0,0.502,0.54,69.0,109.0,0.633,39.0,176.0,215.0,49.0,53.0,31.0,69.0,138.0,651.0,0.0,11.9,0.555,0.568,0.202,2.8,11.6,7.4,4.7,1.6,1.4,10.5,18.0,1.2,2.5,3.6,0.103,0.0,0.9,0.9,1.2,0.0,2010
183,DeMar DeRozan,21.6,3.3,6.6,0.498,0.1,0.2,0.25,3.3,6.4,0.506,0.502,1.9,2.5,0.763,0.9,2.0,2.9,0.7,0.6,0.2,0.8,2.3,8.6,0.0,0.0,1230.0,0.0,0.0,0.0,0.0,0.0,0.0,0.0,0.0,0.0,0.0,0.0,0.0,0.0,77.0,65.0,1664.0,255.0,512.0,0.498,4.0,16.0,0.25,251.0,496.0,0.506,0.502,148.0,194.0,0.763,66.0,157.0,223.0,53.0,43.0,18.0,62.0,176.0,662.0,0.0,12.5,0.554,0.031,0.379,4.8,10.9,7.9,4.9,1.3,0.8,9.4,18.1,2.0,0.3,2.3,0.066,-1.5,-1.3,-2.8,-0.3,0.0,2010
184,Toney Douglas,19.4,3.2,7.0,0.458,1.2,3.1,0.389,2.0,3.9,0.514,0.545,1.0,1.2,0.809,0.7,1.2,1.9,2.0,0.8,0.1,1.0,2.1,8.6,0.0,0.0,1230.0,0.0,0.0,0.0,0.0,0.0,0.0,0.0,0.0,0.0,0.0,0.0,0.0,0.0,56.0,12.0,1087.0,179.0,391.0,0.458,68.0,175.0,0.389,111.0,216.0,0.514,0.545,55.0,68.0,0.809,40.0,68.0,108.0,112.0,42.0,3.0,55.0,116.0,481.0,0.0,14.9,0.571,0.448,0.174,4.1,7.2,5.6,16.6,2.0,0.2,11.6,19.8,1.8,0.4,2.2,0.097,0.5,-0.8,-0.4,0.5,0.0,2010
185,Marreese Speights,16.4,3.4,7.2,0.477,0.0,0.1,0.0,3.4,7.1,0.483,0.477,1.7,2.3,0.745,1.4,2.7,4.1,0.6,0.5,0.5,0.8,2.5,8.6,0.0,0.0,1230.0,0.0,0.0,0.0,0.0,0.0,0.0,0.0,0.0,0.0,0.0,0.0,0.0,0.0,62.0,1.0,1016.0,212.0,444.0,0.477,0.0,5.0,0.0,212.0,439.0,0.483,0.477,108.0,145.0,0.745,85.0,167.0,252.0,36.0,29.0,34.0,51.0,152.0,532.0,0.0,17.6,0.524,0.011,0.327,9.7,19.7,14.6,6.2,1.5,2.6,9.1,25.1,1.2,0.9,2.1,0.101,-1.3,-1.6,-2.9,-0.2,0.0,2010
186,Anderson Varejão,28.5,3.5,6.1,0.572,0.0,0.1,0.2,3.5,6.1,0.576,0.573,1.5,2.3,0.663,2.5,5.1,7.6,1.1,0.9,0.9,0.9,2.9,8.6,0.0,0.0,1230.0,0.0,0.0,0.0,0.0,0.0,0.0,0.0,0.0,0.0,0.0,0.0,0.0,0.0,76.0,7.0,2166.0,267.0,467.0,0.572,1.0,5.0,0.2,266.0,462.0,0.576,0.573,116.0,175.0,0.663,189.0,389.0,578.0,87.0,71.0,67.0,67.0,223.0,651.0,0.0,15.8,0.598,0.011,0.375,10.9,20.4,15.9,6.1,1.7,2.4,11.0,13.1,4.3,3.8,8.1,0.179,0.1,1.2,1.3,1.8,0.0,2010
187,Nick Young,19.2,3.1,7.5,0.418,0.9,2.3,0.406,2.2,5.2,0.423,0.479,1.4,1.8,0.8,0.3,1.1,1.4,0.6,0.4,0.1,0.8,2.0,8.6,0.0,0.0,1230.0,0.0,0.0,0.0,0.0,0.0,0.0,0.0,0.0,0.0,0.0,0.0,0.0,0.0,74.0,23.0,1421.0,233.0,558.0,0.418,69.0,170.0,0.406,164.0,388.0,0.423,0.479,104.0,130.0,0.8,20.0,82.0,102.0,48.0,28.0,8.0,56.0,147.0,639.0,0.0,10.7,0.519,0.305,0.233,1.6,6.7,4.1,5.7,1.0,0.4,8.3,21.4,0.9,0.5,1.4,0.046,-2.0,-1.7,-3.7,-0.6,0.0,2010
188,Jerryd Bayless,17.6,2.7,6.5,0.414,0.4,1.2,0.315,2.3,5.3,0.437,0.444,2.7,3.3,0.831,0.2,1.4,1.6,2.3,0.4,0.1,1.3,2.1,8.5,0.0,0.0,1230.0,0.0,0.0,0.0,0.0,0.0,0.0,0.0,0.0,0.0,0.0,0.0,0.0,0.0,74.0,11.0,1304.0,200.0,483.0,0.414,29.0,92.0,0.315,171.0,391.0,0.437,0.444,201.0,242.0,0.831,18.0,102.0,120.0,172.0,26.0,5.0,94.0,152.0,630.0,0.0,14.3,0.534,0.19,0.501,1.7,9.8,5.7,22.1,1.1,0.3,13.8,24.9,1.7,1.0,2.7,0.098,-0.7,-1.0,-1.7,0.1,0.0,2010
189,Donté Greene,21.4,3.2,7.3,0.441,0.9,2.4,0.377,2.3,4.9,0.473,0.504,1.2,1.8,0.643,0.7,2.4,3.1,0.9,0.5,0.7,1.2,2.0,8.5,0.0,0.0,1230.0,0.0,0.0,0.0,0.0,0.0,0.0,0.0,0.0,0.0,0.0,0.0,0.0,0.0,76.0,50.0,1630.0,244.0,553.0,0.441,69.0,183.0,0.377,175.0,370.0,0.473,0.504,90.0,140.0,0.643,53.0,181.0,234.0,71.0,41.0,53.0,93.0,150.0,647.0,0.0,11.6,0.526,0.331,0.253,3.7,12.9,8.2,6.8,1.3,2.4,13.1,19.2,0.3,1.2,1.5,0.044,-1.2,-0.4,-1.6,0.1,0.0,2010
190,Tyler Hansbrough,17.6,2.8,7.8,0.36,0.0,0.1,0.0,2.8,7.6,0.367,0.36,2.9,3.9,0.743,2.1,2.7,4.8,1.0,0.6,0.3,0.7,2.4,8.5,0.0,0.0,1230.0,0.0,0.0,0.0,0.0,0.0,0.0,0.0,0.0,0.0,0.0,0.0,0.0,0.0,29.0,1.0,511.0,81.0,225.0,0.36,0.0,4.0,0.0,81.0,221.0,0.367,0.36,84.0,113.0,0.743,60.0,78.0,138.0,28.0,17.0,8.0,21.0,70.0,246.0,0.0,14.6,0.448,0.018,0.502,12.7,16.8,14.7,9.0,1.6,1.1,7.1,25.5,0.1,0.6,0.7,0.07,-2.2,-1.2,-3.3,-0.2,0.0,2010
191,J.J. Hickson,20.9,3.6,6.4,0.554,0.0,0.0,0.0,3.6,6.4,0.555,0.554,1.4,2.0,0.681,1.4,3.6,4.9,0.5,0.4,0.5,1.1,1.6,8.5,0.0,0.0,1230.0,0.0,0.0,0.0,0.0,0.0,0.0,0.0,0.0,0.0,0.0,0.0,0.0,0.0,81.0,73.0,1691.0,289.0,522.0,0.554,0.0,1.0,0.0,289.0,521.0,0.555,0.554,111.0,163.0,0.681,110.0,290.0,400.0,40.0,36.0,39.0,92.0,132.0,689.0,0.0,15.2,0.58,0.002,0.312,8.2,19.5,14.1,3.9,1.1,1.8,13.4,18.9,1.8,2.5,4.3,0.123,-1.0,-0.4,-1.4,0.3,0.0,2010
192,Andrés Nocioni,19.7,3.1,7.8,0.399,1.3,3.3,0.386,1.8,4.5,0.408,0.48,0.9,1.3,0.717,0.4,2.5,3.0,1.0,0.4,0.3,0.9,2.1,8.5,0.0,0.0,1230.0,0.0,0.0,0.0,0.0,0.0,0.0,0.0,0.0,0.0,0.0,0.0,0.0,0.0,75.0,28.0,1477.0,234.0,587.0,0.399,96.0,249.0,0.386,138.0,338.0,0.408,0.48,71.0,99.0,0.717,32.0,190.0,222.0,75.0,32.0,26.0,67.0,160.0,635.0,0.0,11.1,0.504,0.424,0.169,2.5,14.9,8.6,8.0,1.1,1.3,9.6,20.9,0.4,1.0,1.3,0.044,-1.3,-1.1,-2.4,-0.1,0.0,2010
193,Jerry Stackhouse,20.4,3.1,7.5,0.408,1.1,3.1,0.346,2.0,4.4,0.452,0.479,1.3,1.6,0.797,0.5,1.9,2.4,1.7,0.5,0.2,1.6,1.3,8.5,0.0,0.0,1230.0,0.0,0.0,0.0,0.0,0.0,0.0,0.0,0.0,0.0,0.0,0.0,0.0,0.0,42.0,0.0,855.0,129.0,316.0,0.408,45.0,130.0,0.346,84.0,186.0,0.452,0.479,55.0,69.0,0.797,19.0,81.0,100.0,70.0,21.0,9.0,66.0,56.0,358.0,0.0,11.1,0.517,0.411,0.218,2.4,11.3,6.6,13.4,1.3,0.8,16.0,21.9,-0.3,1.1,0.9,0.048,-1.4,-0.3,-1.7,0.1,0.0,2010
194,Nenad Krstić,22.9,3.7,7.4,0.502,0.0,0.1,0.2,3.7,7.3,0.505,0.503,1.0,1.4,0.717,1.8,3.3,5.0,0.7,0.4,0.6,0.8,2.3,8.4,0.0,0.0,1230.0,0.0,0.0,0.0,0.0,0.0,0.0,0.0,0.0,0.0,0.0,0.0,0.0,0.0,76.0,76.0,1741.0,281.0,560.0,0.502,1.0,5.0,0.2,280.0,555.0,0.505,0.503,76.0,106.0,0.717,134.0,249.0,383.0,52.0,32.0,45.0,58.0,177.0,639.0,0.0,13.7,0.527,0.009,0.189,9.1,16.0,12.6,4.9,0.9,1.9,8.7,17.1,2.0,2.2,4.2,0.116,-1.5,-0.2,-1.8,0.1,0.0,2010
195,Robin Lopez,19.3,3.4,5.7,0.588,0.0,0.0,0.0,3.4,5.7,0.588,0.588,1.7,2.5,0.704,2.0,2.8,4.9,0.1,0.2,1.0,0.8,2.3,8.4,0.0,0.0,1230.0,0.0,0.0,0.0,0.0,0.0,0.0,0.0,0.0,0.0,0.0,0.0,0.0,0.0,51.0,31.0,986.0,171.0,291.0,0.588,0.0,0.0,0.0,171.0,291.0,0.588,0.588,88.0,125.0,0.704,104.0,144.0,248.0,7.0,10.0,53.0,41.0,117.0,430.0,0.0,17.6,0.621,0.0,0.43,12.6,15.6,14.2,1.1,0.5,3.8,10.6,17.3,2.5,0.8,3.2,0.158,0.3,-0.9,-0.6,0.4,0.0,2010
196,Terrence Williams,22.6,3.3,8.3,0.401,0.4,1.3,0.31,2.9,7.1,0.417,0.425,1.3,1.8,0.715,0.6,3.9,4.5,2.9,0.6,0.1,1.6,1.6,8.4,0.0,0.0,1230.0,0.0,0.0,0.0,0.0,0.0,0.0,0.0,0.0,0.0,0.0,0.0,0.0,0.0,78.0,9.0,1764.0,261.0,651.0,0.401,31.0,100.0,0.31,230.0,551.0,0.417,0.425,103.0,144.0,0.715,46.0,302.0,348.0,223.0,43.0,10.0,124.0,126.0,656.0,1.0,11.5,0.459,0.154,0.221,2.9,20.6,11.4,22.4,1.3,0.4,14.8,21.8,-1.5,1.3,-0.3,-0.007,-2.0,-0.8,-2.8,-0.4,0.0,2010
197,Ty Lawson,20.3,3.1,6.0,0.515,0.5,1.3,0.41,2.6,4.7,0.544,0.559,1.6,2.2,0.757,0.6,1.3,1.9,3.1,0.7,0.0,1.3,1.4,8.3,0.0,0.0,1230.0,0.0,0.0,0.0,0.0,0.0,0.0,0.0,0.0,0.0,0.0,0.0,0.0,0.0,65.0,8.0,1318.0,201.0,390.0,0.515,34.0,83.0,0.41,167.0,307.0,0.544,0.559,106.0,140.0,0.757,42.0,82.0,124.0,203.0,48.0,2.0,82.0,89.0,542.0,0.0,16.4,0.6,0.213,0.359,3.7,7.1,5.4,24.2,1.8,0.1,15.4,18.0,2.9,0.9,3.7,0.135,1.5,-0.4,1.1,1.0,0.0,2010
198,Rafer Alston,27.3,3.0,8.6,0.348,1.1,3.2,0.345,1.9,5.3,0.349,0.413,1.1,1.6,0.728,0.3,2.2,2.5,3.4,1.0,0.2,1.8,2.0,8.2,0.0,0.0,1230.0,0.0,0.0,0.0,0.0,0.0,0.0,0.0,0.0,0.0,0.0,0.0,0.0,0.0,52.0,38.0,1421.0,155.0,446.0,0.348,58.0,168.0,0.345,97.0,278.0,0.349,0.413,59.0,81.0,0.728,13.0,116.0,129.0,176.0,50.0,10.0,95.0,103.0,427.0,1.0,8.2,0.443,0.377,0.182,1.0,9.7,5.3,20.2,1.9,0.5,16.5,18.8,-1.6,1.2,-0.4,-0.013,-3.3,-0.5,-3.8,-0.6,0.0,2010
199,Tracy McGrady,22.4,3.0,7.8,0.387,0.5,2.1,0.25,2.5,5.7,0.439,0.421,1.6,2.1,0.746,0.7,2.4,3.1,3.3,0.5,0.5,1.5,1.3,8.2,0.0,0.0,1230.0,0.0,0.0,0.0,0.0,0.0,0.0,0.0,0.0,0.0,0.0,0.0,0.0,0.0,30.0,24.0,673.0,91.0,235.0,0.387,16.0,64.0,0.25,75.0,171.0,0.439,0.421,47.0,63.0,0.746,22.0,72.0,94.0,99.0,15.0,14.0,44.0,40.0,245.0,0.0,12.2,0.466,0.272,0.268,3.7,12.4,7.9,22.6,1.1,1.5,14.3,20.6,0.0,0.3,0.3,0.018,-0.8,-1.3,-2.2,0.0,0.0,2010
200,Jared Dudley,24.3,2.7,6.0,0.459,1.5,3.2,0.458,1.3,2.8,0.461,0.582,1.3,1.7,0.754,1.2,2.2,3.4,1.4,1.0,0.2,0.8,2.0,8.2,0.0,0.0,1230.0,0.0,0.0,0.0,0.0,0.0,0.0,0.0,0.0,0.0,0.0,0.0,0.0,0.0,82.0,1.0,1991.0,225.0,490.0,0.459,120.0,262.0,0.458,105.0,228.0,0.461,0.582,104.0,138.0,0.754,99.0,182.0,281.0,115.0,81.0,16.0,68.0,162.0,674.0,0.0,13.6,0.612,0.535,0.282,5.9,9.8,8.0,7.9,2.0,0.6,11.0,13.7,4.0,1.3,5.3,0.129,1.4,0.7,2.1,2.1,0.0,2010
201,Ramon Sessions,21.1,3.1,6.8,0.456,0.0,0.2,0.067,3.1,6.6,0.467,0.457,2.0,2.8,0.717,0.7,1.9,2.6,3.1,0.7,0.1,1.7,1.7,8.2,0.0,0.0,1230.0,0.0,0.0,0.0,0.0,0.0,0.0,0.0,0.0,0.0,0.0,0.0,0.0,0.0,82.0,1.0,1732.0,253.0,555.0,0.456,1.0,15.0,0.067,252.0,540.0,0.467,0.457,167.0,233.0,0.717,58.0,156.0,214.0,258.0,55.0,5.0,137.0,137.0,674.0,0.0,12.9,0.513,0.027,0.42,3.7,10.3,6.9,23.3,1.6,0.2,17.2,19.9,0.5,0.6,1.1,0.031,-1.8,-1.2,-3.0,-0.4,0.0,2010
202,Shannon Brown,20.7,3.1,7.2,0.427,0.8,2.3,0.328,2.3,4.9,0.474,0.48,1.2,1.5,0.818,0.4,1.9,2.2,1.3,0.7,0.4,0.8,1.6,8.1,0.0,0.0,1230.0,0.0,0.0,0.0,0.0,0.0,0.0,0.0,0.0,0.0,0.0,0.0,0.0,0.0,82.0,7.0,1700.0,253.0,592.0,0.427,62.0,189.0,0.328,191.0,403.0,0.474,0.48,99.0,121.0,0.818,30.0,153.0,183.0,108.0,57.0,31.0,67.0,129.0,667.0,0.0,12.4,0.517,0.319,0.204,2.0,10.0,6.0,9.9,1.7,1.4,9.4,18.8,1.1,2.3,3.4,0.096,-1.2,0.8,-0.4,0.7,0.0,2010
203,Samuel Dalembert,25.9,3.5,6.4,0.545,0.0,0.0,0.0,3.5,6.4,0.545,0.545,1.2,1.6,0.729,2.9,6.6,9.6,0.8,0.5,1.8,1.5,3.1,8.1,0.0,0.0,1230.0,0.0,0.0,0.0,0.0,0.0,0.0,0.0,0.0,0.0,0.0,0.0,0.0,0.0,82.0,80.0,2124.0,285.0,523.0,0.545,0.0,0.0,0.0,285.0,523.0,0.545,0.545,97.0,133.0,0.729,239.0,545.0,784.0,64.0,42.0,151.0,123.0,252.0,667.0,0.0,16.8,0.573,0.0,0.254,13.1,30.7,21.8,4.7,1.0,5.6,17.5,15.1,2.3,3.0,5.2,0.118,-1.2,0.3,-0.9,0.6,0.0,2010
204,Rudy Fernández,23.2,2.6,6.8,0.378,1.6,4.3,0.368,1.0,2.5,0.395,0.494,1.4,1.6,0.867,0.6,2.1,2.6,2.0,1.0,0.2,1.2,1.4,8.1,0.0,0.0,1230.0,0.0,0.0,0.0,0.0,0.0,0.0,0.0,0.0,0.0,0.0,0.0,0.0,0.0,62.0,2.0,1441.0,160.0,423.0,0.378,98.0,266.0,0.368,62.0,157.0,0.395,0.494,85.0,98.0,0.867,35.0,129.0,164.0,127.0,62.0,11.0,72.0,87.0,503.0,0.0,13.1,0.54,0.629,0.232,3.0,11.2,7.0,13.8,2.4,0.6,13.4,17.7,1.4,1.6,3.0,0.101,0.6,0.9,1.5,1.3,0.0,2010
205,Francisco García,23.0,3.3,7.0,0.466,0.9,2.4,0.39,2.4,4.7,0.504,0.531,0.6,0.7,0.882,0.4,2.2,2.6,1.8,0.4,0.8,0.8,2.0,8.1,0.0,0.0,1230.0,0.0,0.0,0.0,0.0,0.0,0.0,0.0,0.0,0.0,0.0,0.0,0.0,0.0,25.0,4.0,575.0,82.0,176.0,0.466,23.0,59.0,0.39,59.0,117.0,0.504,0.531,15.0,17.0,0.882,11.0,55.0,66.0,45.0,10.0,19.0,21.0,49.0,202.0,0.0,12.4,0.55,0.335,0.097,2.2,11.1,6.6,12.1,0.9,2.4,10.3,15.7,0.6,0.3,1.0,0.081,0.1,0.2,0.3,0.3,0.0,2010
206,Devin Brown,21.2,2.7,7.2,0.377,1.2,3.3,0.354,1.6,3.9,0.396,0.457,1.4,1.7,0.802,0.6,1.9,2.5,1.3,0.7,0.1,1.2,1.4,8.0,0.0,0.0,1230.0,0.0,0.0,0.0,0.0,0.0,0.0,0.0,0.0,0.0,0.0,0.0,0.0,0.0,50.0,37.0,1060.0,136.0,361.0,0.377,58.0,164.0,0.354,78.0,197.0,0.396,0.457,69.0,86.0,0.802,29.0,95.0,124.0,65.0,33.0,6.0,62.0,72.0,399.0,0.0,10.0,0.5,0.454,0.238,3.2,10.6,6.8,9.1,1.6,0.4,13.5,19.8,-0.2,0.6,0.4,0.017,-1.9,-0.8,-2.7,-0.2,0.0,2010
207,Shane Battier,32.4,2.7,6.7,0.398,1.5,4.2,0.362,1.1,2.5,0.458,0.511,1.1,1.6,0.726,1.1,3.6,4.7,2.4,0.8,1.1,1.0,2.1,8.0,0.0,0.0,1230.0,0.0,0.0,0.0,0.0,0.0,0.0,0.0,0.0,0.0,0.0,0.0,0.0,0.0,67.0,62.0,2168.0,178.0,447.0,0.398,101.0,279.0,0.362,77.0,168.0,0.458,0.511,77.0,106.0,0.726,74.0,238.0,312.0,164.0,53.0,76.0,64.0,139.0,534.0,0.0,11.1,0.541,0.624,0.237,3.8,13.1,8.2,10.9,1.2,2.6,11.5,11.4,2.2,2.1,4.3,0.095,0.1,1.4,1.5,1.9,0.0,2010
208,Jrue Holiday,24.2,3.2,7.1,0.442,0.8,2.2,0.39,2.3,4.9,0.465,0.502,0.9,1.2,0.756,0.8,1.8,2.6,3.8,1.1,0.2,2.1,2.1,8.0,0.0,0.0,1230.0,0.0,0.0,0.0,0.0,0.0,0.0,0.0,0.0,0.0,0.0,0.0,0.0,0.0,73.0,51.0,1767.0,230.0,520.0,0.442,62.0,159.0,0.39,168.0,361.0,0.465,0.502,65.0,86.0,0.756,56.0,135.0,191.0,280.0,79.0,18.0,156.0,153.0,587.0,0.0,12.3,0.526,0.306,0.165,3.7,9.1,6.4,24.4,2.3,0.8,21.9,18.4,0.2,1.0,1.2,0.032,-1.1,-0.6,-1.7,0.1,0.0,2010
209,Goran Dragić,18.0,2.8,6.1,0.452,0.9,2.4,0.394,1.9,3.8,0.488,0.527,1.5,2.0,0.736,0.5,1.7,2.1,3.0,0.6,0.1,1.6,1.6,7.9,0.0,0.0,1230.0,0.0,0.0,0.0,0.0,0.0,0.0,0.0,0.0,0.0,0.0,0.0,0.0,0.0,80.0,2.0,1442.0,222.0,491.0,0.452,74.0,188.0,0.394,148.0,303.0,0.488,0.527,117.0,159.0,0.736,38.0,133.0,171.0,241.0,48.0,8.0,126.0,131.0,635.0,0.0,14.8,0.566,0.383,0.324,3.2,9.8,6.7,24.1,1.7,0.4,18.3,21.1,2.0,0.8,2.8,0.094,0.8,-0.7,0.1,0.8,0.0,2010
210,Nazr Mohammed,17.0,3.3,5.9,0.553,0.0,0.0,0.0,3.3,5.9,0.553,0.553,1.4,2.2,0.648,2.0,3.3,5.2,0.5,0.3,0.7,0.9,1.8,7.9,0.0,0.0,1230.0,0.0,0.0,0.0,0.0,0.0,0.0,0.0,0.0,0.0,0.0,0.0,0.0,0.0,58.0,29.0,984.0,189.0,342.0,0.553,0.0,0.0,0.0,189.0,342.0,0.553,0.553,81.0,125.0,0.648,114.0,190.0,304.0,28.0,15.0,43.0,53.0,105.0,459.0,0.0,19.6,0.578,0.0,0.365,14.2,22.9,18.6,5.4,0.8,3.6,11.8,21.3,1.8,1.8,3.6,0.174,0.6,-0.1,0.5,0.6,0.0,2010
211,Cartier Martin,21.7,2.8,7.6,0.368,0.9,2.7,0.347,1.8,4.8,0.379,0.43,1.3,1.7,0.8,1.4,2.4,3.8,0.9,0.6,0.1,1.1,2.7,7.8,0.0,0.0,1230.0,0.0,0.0,0.0,0.0,0.0,0.0,0.0,0.0,0.0,0.0,0.0,0.0,0.0,18.0,2.0,390.0,50.0,136.0,0.368,17.0,49.0,0.347,33.0,87.0,0.379,0.43,24.0,30.0,0.8,25.0,43.0,68.0,16.0,11.0,1.0,19.0,48.0,141.0,0.0,9.0,0.473,0.36,0.221,7.1,12.6,9.8,6.2,1.4,0.2,11.3,18.8,-0.1,0.2,0.1,0.011,-2.9,-1.5,-4.4,-0.2,0.0,2010
212,DeJuan Blair,18.2,3.4,6.0,0.556,0.0,0.0,0.0,3.4,6.0,0.558,0.556,1.1,2.0,0.547,2.4,4.0,6.4,0.8,0.6,0.5,1.4,2.7,7.8,0.0,0.0,1230.0,0.0,0.0,0.0,0.0,0.0,0.0,0.0,0.0,0.0,0.0,0.0,0.0,0.0,82.0,23.0,1494.0,275.0,495.0,0.556,0.0,2.0,0.0,275.0,493.0,0.558,0.556,88.0,161.0,0.547,200.0,326.0,526.0,65.0,50.0,39.0,112.0,224.0,638.0,0.0,17.7,0.564,0.004,0.325,16.0,25.1,20.6,7.1,1.8,1.9,16.5,20.8,1.8,2.8,4.6,0.147,-1.0,0.4,-0.7,0.5,0.0,2010
213,Jarvis Hayes,23.0,3.1,7.3,0.421,1.3,4.0,0.335,1.7,3.3,0.523,0.512,0.3,0.4,0.778,0.2,2.2,2.4,0.9,0.6,0.2,0.6,2.0,7.8,0.0,0.0,1230.0,0.0,0.0,0.0,0.0,0.0,0.0,0.0,0.0,0.0,0.0,0.0,0.0,0.0,45.0,19.0,1033.0,138.0,328.0,0.421,60.0,179.0,0.335,78.0,149.0,0.523,0.512,14.0,18.0,0.778,9.0,99.0,108.0,40.0,29.0,9.0,28.0,91.0,350.0,0.0,9.7,0.521,0.546,0.055,1.0,11.5,6.0,6.7,1.5,0.6,7.7,16.2,0.3,0.5,0.8,0.038,-2.2,-0.7,-2.9,-0.2,0.0,2010
214,Craig Smith,16.4,3.0,5.3,0.569,0.0,0.1,0.2,3.0,5.2,0.574,0.571,1.8,2.8,0.635,1.3,2.5,3.8,1.1,0.4,0.3,1.2,2.6,7.8,0.0,0.0,1230.0,0.0,0.0,0.0,0.0,0.0,0.0,0.0,0.0,0.0,0.0,0.0,0.0,0.0,75.0,2.0,1232.0,226.0,397.0,0.569,1.0,5.0,0.2,225.0,392.0,0.574,0.571,132.0,208.0,0.635,97.0,190.0,287.0,84.0,33.0,25.0,88.0,194.0,585.0,0.0,16.9,0.599,0.013,0.524,9.1,18.0,13.5,11.8,1.4,1.5,15.3,21.2,2.0,1.0,3.0,0.117,-0.9,0.1,-0.8,0.4,0.0,2010
215,Earl Watson,29.4,2.8,6.6,0.426,0.7,2.3,0.288,2.2,4.3,0.5,0.476,1.5,2.1,0.71,0.7,2.4,3.0,5.1,1.3,0.2,2.2,2.3,7.8,0.0,0.0,1230.0,0.0,0.0,0.0,0.0,0.0,0.0,0.0,0.0,0.0,0.0,0.0,0.0,0.0,79.0,52.0,2322.0,223.0,524.0,0.426,53.0,184.0,0.288,170.0,340.0,0.5,0.476,120.0,169.0,0.71,54.0,186.0,240.0,399.0,104.0,16.0,175.0,181.0,619.0,0.0,10.9,0.517,0.351,0.323,2.5,8.8,5.6,25.6,2.2,0.5,22.6,14.7,0.3,2.3,2.6,0.055,-2.6,0.3,-2.3,-0.2,0.0,2010
216,Ryan Anderson,14.5,2.7,6.2,0.436,1.2,3.3,0.37,1.4,2.8,0.514,0.536,1.1,1.3,0.866,1.1,2.1,3.2,0.6,0.4,0.2,0.9,1.3,7.7,0.0,0.0,1230.0,0.0,0.0,0.0,0.0,0.0,0.0,0.0,0.0,0.0,0.0,0.0,0.0,0.0,63.0,6.0,911.0,169.0,388.0,0.436,78.0,211.0,0.37,91.0,177.0,0.514,0.536,71.0,82.0,0.866,70.0,132.0,202.0,37.0,25.0,14.0,56.0,81.0,487.0,0.0,18.1,0.574,0.544,0.211,9.2,16.2,12.8,7.1,1.4,1.1,11.7,24.4,1.7,1.4,3.1,0.161,2.6,-0.3,2.3,1.0,0.0,2010
217,J.J. Barea,19.8,3.0,6.8,0.44,0.7,2.0,0.357,2.3,4.7,0.476,0.493,1.0,1.2,0.844,0.2,1.7,1.9,3.3,0.4,0.1,1.3,1.5,7.6,0.0,0.0,1230.0,0.0,0.0,0.0,0.0,0.0,0.0,0.0,0.0,0.0,0.0,0.0,0.0,0.0,78.0,18.0,1546.0,232.0,527.0,0.44,56.0,157.0,0.357,176.0,370.0,0.476,0.493,76.0,90.0,0.844,17.0,129.0,146.0,258.0,35.0,6.0,102.0,119.0,596.0,0.0,12.8,0.526,0.298,0.171,1.3,9.5,5.4,26.1,1.2,0.3,15.3,19.9,1.0,1.2,2.2,0.069,-0.6,-0.7,-1.3,0.3,0.0,2010
218,Luther Head,17.3,2.9,6.6,0.437,0.8,2.2,0.352,2.1,4.4,0.481,0.497,1.0,1.2,0.828,0.1,1.6,1.7,1.5,0.4,0.2,1.1,1.1,7.6,0.0,0.0,1230.0,0.0,0.0,0.0,0.0,0.0,0.0,0.0,0.0,0.0,0.0,0.0,0.0,0.0,47.0,10.0,813.0,136.0,311.0,0.437,37.0,105.0,0.352,99.0,206.0,0.481,0.497,48.0,58.0,0.828,6.0,74.0,80.0,72.0,18.0,9.0,54.0,53.0,357.0,0.0,11.5,0.53,0.338,0.186,0.8,10.0,5.4,14.8,1.1,0.8,13.8,21.2,-0.1,0.6,0.6,0.034,-1.5,-0.9,-2.4,-0.1,0.0,2010
219,Marcus Camby,31.3,3.2,6.8,0.475,0.0,0.1,0.286,3.2,6.7,0.478,0.477,1.1,1.6,0.639,3.4,8.4,11.8,2.5,1.3,2.0,1.2,2.2,7.5,0.0,0.0,1230.0,0.0,0.0,0.0,0.0,0.0,0.0,0.0,0.0,0.0,0.0,0.0,0.0,0.0,74.0,74.0,2314.0,238.0,501.0,0.475,2.0,7.0,0.286,236.0,494.0,0.478,0.477,78.0,122.0,0.639,249.0,622.0,871.0,186.0,95.0,146.0,91.0,161.0,556.0,0.0,17.9,0.501,0.014,0.244,12.7,31.9,22.2,12.3,2.2,4.8,14.1,12.8,2.5,4.3,6.8,0.142,0.7,2.6,3.3,3.1,0.0,2010
220,Derek Fisher,27.2,2.6,6.8,0.38,1.0,2.7,0.348,1.6,4.1,0.401,0.45,1.4,1.6,0.856,0.3,1.8,2.1,2.5,1.1,0.1,1.0,2.5,7.5,0.0,0.0,1230.0,0.0,0.0,0.0,0.0,0.0,0.0,0.0,0.0,0.0,0.0,0.0,0.0,0.0,82.0,82.0,2227.0,212.0,558.0,0.38,78.0,224.0,0.348,134.0,334.0,0.401,0.45,113.0,132.0,0.856,25.0,145.0,170.0,201.0,90.0,9.0,78.0,202.0,615.0,0.0,9.3,0.499,0.401,0.237,1.3,7.2,4.3,12.9,2.1,0.3,11.2,14.0,1.2,2.7,3.9,0.085,-2.9,1.3,-1.7,0.2,0.0,2010
221,Tim Thomas,15.8,2.7,5.9,0.462,0.9,2.4,0.372,1.8,3.5,0.524,0.538,1.2,1.3,0.875,0.7,1.6,2.3,0.8,0.6,0.1,0.8,1.7,7.5,0.0,0.0,1230.0,0.0,0.0,0.0,0.0,0.0,0.0,0.0,0.0,0.0,0.0,0.0,0.0,0.0,18.0,1.0,285.0,49.0,106.0,0.462,16.0,43.0,0.372,33.0,63.0,0.524,0.538,21.0,24.0,0.875,13.0,28.0,41.0,14.0,10.0,2.0,14.0,31.0,135.0,0.0,15.1,0.579,0.406,0.226,5.3,11.1,8.2,8.0,1.8,0.5,10.7,21.1,0.4,0.3,0.7,0.12,0.2,-0.5,-0.4,0.1,0.0,2010
222,Sonny Weems,19.8,3.4,6.6,0.515,0.0,0.2,0.133,3.4,6.4,0.528,0.517,0.6,0.9,0.688,0.6,2.2,2.8,1.5,0.6,0.4,0.9,1.8,7.5,0.0,0.0,1230.0,0.0,0.0,0.0,0.0,0.0,0.0,0.0,0.0,0.0,0.0,0.0,0.0,0.0,69.0,19.0,1368.0,236.0,458.0,0.515,2.0,15.0,0.133,234.0,443.0,0.528,0.517,44.0,64.0,0.688,42.0,150.0,192.0,101.0,39.0,25.0,65.0,126.0,518.0,0.0,12.9,0.533,0.033,0.14,3.7,12.6,8.3,11.6,1.5,1.4,11.8,18.4,0.8,0.5,1.3,0.044,-1.3,-0.7,-2.0,0.0,0.0,2010
223,Chris Duhon,30.9,2.5,6.7,0.373,1.3,3.9,0.349,1.2,2.9,0.404,0.472,1.0,1.4,0.716,0.4,2.2,2.7,5.6,0.9,0.0,1.6,1.2,7.4,0.0,0.0,1230.0,0.0,0.0,0.0,0.0,0.0,0.0,0.0,0.0,0.0,0.0,0.0,0.0,0.0,67.0,59.0,2072.0,168.0,451.0,0.373,90.0,258.0,0.349,78.0,193.0,0.404,0.472,68.0,95.0,0.716,28.0,150.0,178.0,378.0,59.0,3.0,110.0,83.0,494.0,0.0,10.7,0.501,0.572,0.211,1.5,8.4,4.9,25.9,1.5,0.1,18.2,13.1,1.5,0.5,1.9,0.045,-1.2,-1.3,-2.5,-0.3,0.0,2010
224,Alonzo Gee,16.5,2.5,5.4,0.475,0.6,0.8,0.778,1.9,4.5,0.42,0.534,1.6,2.6,0.621,1.4,1.6,3.0,0.6,0.6,0.1,0.9,1.2,7.4,0.0,0.0,1230.0,0.0,0.0,0.0,0.0,0.0,0.0,0.0,0.0,0.0,0.0,0.0,0.0,0.0,11.0,2.0,182.0,28.0,59.0,0.475,7.0,9.0,0.778,21.0,50.0,0.42,0.534,18.0,29.0,0.621,15.0,18.0,33.0,7.0,7.0,1.0,10.0,13.0,81.0,0.0,16.2,0.564,0.153,0.492,9.3,11.6,10.4,6.4,2.0,0.4,12.2,20.4,0.3,0.1,0.4,0.108,1.7,-0.1,1.6,0.2,0.0,2010
225,Zydrunas Ilgauskas,20.9,3.0,6.8,0.443,0.2,0.4,0.478,2.9,6.5,0.441,0.455,1.2,1.6,0.743,1.8,3.6,5.4,0.8,0.2,0.8,1.0,2.9,7.4,0.0,0.0,1230.0,0.0,0.0,0.0,0.0,0.0,0.0,0.0,0.0,0.0,0.0,0.0,0.0,0.0,64.0,6.0,1339.0,194.0,438.0,0.443,11.0,23.0,0.478,183.0,415.0,0.441,0.455,75.0,101.0,0.743,114.0,231.0,345.0,48.0,14.0,50.0,63.0,183.0,474.0,0.0,11.9,0.491,0.053,0.231,10.7,19.6,15.3,5.6,0.5,2.9,11.6,19.0,0.5,2.0,2.5,0.088,-3.1,-0.7,-3.8,-0.6,0.0,2010
226,Sam Young,16.5,2.8,6.2,0.451,0.1,0.7,0.196,2.7,5.5,0.483,0.462,1.7,2.2,0.777,1.0,1.6,2.5,0.7,0.4,0.3,1.2,1.3,7.4,0.0,0.0,1230.0,0.0,0.0,0.0,0.0,0.0,0.0,0.0,0.0,0.0,0.0,0.0,0.0,0.0,80.0,1.0,1321.0,224.0,497.0,0.451,11.0,56.0,0.196,213.0,441.0,0.483,0.462,136.0,175.0,0.777,77.0,124.0,201.0,52.0,34.0,20.0,94.0,106.0,595.0,0.0,13.0,0.518,0.113,0.352,6.8,11.0,8.9,6.2,1.3,1.2,14.1,22.1,0.6,0.7,1.2,0.044,-1.5,-1.7,-3.1,-0.4,0.0,2010
227,Steve Blake,27.0,2.7,6.5,0.416,1.5,3.7,0.395,1.3,2.9,0.443,0.527,0.5,0.6,0.75,0.3,2.1,2.3,4.8,0.7,0.1,1.6,1.5,7.3,0.0,0.0,1230.0,0.0,0.0,0.0,0.0,0.0,0.0,0.0,0.0,0.0,0.0,0.0,0.0,0.0,80.0,38.0,2159.0,217.0,522.0,0.416,116.0,294.0,0.395,101.0,228.0,0.443,0.527,36.0,48.0,0.75,21.0,166.0,187.0,380.0,58.0,6.0,128.0,123.0,586.0,1.0,11.6,0.539,0.563,0.092,1.2,9.4,5.2,26.9,1.4,0.2,19.1,14.5,1.9,1.4,3.3,0.074,-0.1,-0.4,-0.5,0.8,0.0,2010
228,Anthony Parker,28.3,2.5,5.9,0.434,1.3,3.2,0.414,1.2,2.6,0.458,0.547,0.9,1.2,0.789,0.4,2.5,2.9,1.9,0.8,0.2,0.9,1.9,7.3,0.0,0.0,1230.0,0.0,0.0,0.0,0.0,0.0,0.0,0.0,0.0,0.0,0.0,0.0,0.0,0.0,81.0,81.0,2289.0,206.0,475.0,0.434,108.0,261.0,0.414,98.0,214.0,0.458,0.547,75.0,95.0,0.789,30.0,201.0,231.0,157.0,63.0,18.0,71.0,151.0,595.0,0.0,9.9,0.576,0.549,0.2,1.6,10.0,6.0,9.9,1.4,0.6,12.1,12.0,2.3,2.6,4.9,0.103,-1.0,0.7,-0.3,1.0,0.0,2010
229,A.J. Price,15.4,2.6,6.3,0.41,1.1,3.1,0.345,1.5,3.2,0.472,0.494,1.1,1.3,0.8,0.2,1.4,1.6,1.9,0.6,0.1,1.1,0.9,7.3,0.0,0.0,1230.0,0.0,0.0,0.0,0.0,0.0,0.0,0.0,0.0,0.0,0.0,0.0,0.0,0.0,56.0,2.0,865.0,145.0,354.0,0.41,60.0,174.0,0.345,85.0,180.0,0.472,0.494,60.0,75.0,0.8,12.0,76.0,88.0,106.0,35.0,3.0,59.0,53.0,410.0,0.0,14.0,0.53,0.492,0.212,1.5,9.7,5.6,20.5,2.0,0.2,13.2,22.7,0.4,0.8,1.2,0.065,-0.1,-0.4,-0.5,0.3,0.0,2010
230,Jordan Farmar,18.0,2.7,6.3,0.435,1.0,2.8,0.376,1.7,3.5,0.483,0.518,0.7,1.0,0.671,0.2,1.4,1.6,1.5,0.6,0.1,0.9,1.3,7.2,0.0,0.0,1230.0,0.0,0.0,0.0,0.0,0.0,0.0,0.0,0.0,0.0,0.0,0.0,0.0,0.0,82.0,0.0,1474.0,224.0,515.0,0.435,86.0,229.0,0.376,138.0,286.0,0.483,0.518,57.0,85.0,0.671,14.0,117.0,131.0,127.0,52.0,11.0,72.0,109.0,591.0,0.0,12.3,0.535,0.445,0.165,1.1,8.8,5.0,13.4,1.8,0.6,11.5,19.0,1.0,1.8,2.8,0.093,-0.8,0.5,-0.4,0.6,0.0,2010
231,Kyle Korver,18.3,2.7,5.4,0.493,1.1,2.1,0.536,1.5,3.3,0.465,0.598,0.8,0.9,0.796,0.2,1.9,2.1,1.7,0.5,0.2,0.8,1.5,7.2,0.0,0.0,1230.0,0.0,0.0,0.0,0.0,0.0,0.0,0.0,0.0,0.0,0.0,0.0,0.0,0.0,52.0,0.0,952.0,138.0,280.0,0.493,59.0,110.0,0.536,79.0,170.0,0.465,0.598,39.0,49.0,0.796,10.0,101.0,111.0,89.0,26.0,12.0,42.0,76.0,374.0,0.0,13.9,0.62,0.393,0.175,1.3,12.2,6.9,13.9,1.4,1.0,12.2,16.2,1.6,1.0,2.6,0.13,1.0,0.3,1.4,0.8,0.0,2010
232,Darius Songaila,18.8,3.2,6.5,0.494,0.0,0.1,0.167,3.2,6.4,0.498,0.495,0.8,1.0,0.811,0.8,2.3,3.1,0.9,0.8,0.2,1.1,2.7,7.2,0.0,0.0,1230.0,0.0,0.0,0.0,0.0,0.0,0.0,0.0,0.0,0.0,0.0,0.0,0.0,0.0,75.0,1.0,1410.0,241.0,488.0,0.494,1.0,6.0,0.167,240.0,482.0,0.498,0.495,60.0,74.0,0.811,59.0,173.0,232.0,70.0,62.0,14.0,81.0,206.0,543.0,0.0,11.6,0.522,0.012,0.152,4.8,14.7,9.7,7.9,2.3,0.8,13.5,19.5,0.0,1.2,1.3,0.044,-3.9,0.2,-3.7,-0.6,0.0,2010
233,Kris Humphries,17.7,2.6,5.9,0.441,0.0,0.0,0.0,2.6,5.9,0.442,0.441,1.8,2.8,0.668,1.7,3.7,5.5,0.5,0.5,0.7,1.0,2.1,7.1,0.0,0.0,1230.0,0.0,0.0,0.0,0.0,0.0,0.0,0.0,0.0,0.0,0.0,0.0,0.0,0.0,69.0,0.0,1221.0,180.0,408.0,0.441,0.0,1.0,0.0,180.0,407.0,0.442,0.441,127.0,190.0,0.668,120.0,258.0,378.0,32.0,36.0,48.0,66.0,145.0,487.0,0.0,15.1,0.495,0.002,0.466,11.0,25.1,17.8,4.5,1.5,2.9,11.8,21.0,0.3,1.6,1.9,0.074,-2.6,-0.9,-3.5,-0.5,0.0,2010
234,Rodrigue Beaubois,12.5,2.8,5.3,0.518,0.8,2.0,0.409,2.0,3.4,0.582,0.594,0.8,0.9,0.808,0.2,1.2,1.4,1.3,0.5,0.2,1.0,1.5,7.1,0.0,0.0,1230.0,0.0,0.0,0.0,0.0,0.0,0.0,0.0,0.0,0.0,0.0,0.0,0.0,0.0,56.0,16.0,700.0,155.0,299.0,0.518,45.0,110.0,0.409,110.0,189.0,0.582,0.594,42.0,52.0,0.808,12.0,66.0,78.0,74.0,29.0,12.0,54.0,84.0,397.0,0.0,18.5,0.617,0.368,0.174,2.0,10.7,6.4,18.6,2.1,1.3,14.4,24.7,1.1,0.8,2.0,0.134,1.3,0.2,1.5,0.6,0.0,2010
235,Marco Belinelli,17.0,2.3,5.7,0.406,0.9,2.4,0.38,1.4,3.3,0.425,0.485,1.5,1.8,0.835,0.2,1.2,1.4,1.3,0.6,0.1,0.9,1.2,7.1,0.0,0.0,1230.0,0.0,0.0,0.0,0.0,0.0,0.0,0.0,0.0,0.0,0.0,0.0,0.0,0.0,66.0,1.0,1121.0,154.0,379.0,0.406,60.0,158.0,0.38,94.0,221.0,0.425,0.485,101.0,121.0,0.835,14.0,81.0,95.0,89.0,42.0,5.0,60.0,80.0,469.0,0.0,12.6,0.543,0.417,0.319,1.5,8.3,5.0,11.8,1.9,0.3,12.2,20.1,0.9,0.2,1.2,0.049,-0.3,-1.0,-1.3,0.2,0.0,2010
236,Mario Chalmers,24.8,2.5,6.2,0.401,1.0,3.2,0.318,1.5,3.0,0.491,0.483,1.1,1.5,0.745,0.3,1.5,1.8,3.4,1.2,0.2,1.7,2.4,7.1,0.0,0.0,1230.0,0.0,0.0,0.0,0.0,0.0,0.0,0.0,0.0,0.0,0.0,0.0,0.0,0.0,73.0,22.0,1807.0,182.0,454.0,0.401,75.0,236.0,0.318,107.0,218.0,0.491,0.483,82.0,110.0,0.745,25.0,110.0,135.0,246.0,91.0,12.0,123.0,175.0,521.0,0.0,10.7,0.519,0.52,0.242,1.6,7.1,4.4,21.0,2.7,0.5,19.7,16.3,0.3,2.4,2.7,0.072,-2.3,1.1,-1.3,0.3,0.0,2010
237,Morris Peterson,21.2,2.5,6.5,0.385,1.3,3.7,0.363,1.2,2.8,0.415,0.488,0.7,1.2,0.611,0.4,2.4,2.7,0.9,0.5,0.1,0.6,1.8,7.1,0.0,0.0,1230.0,0.0,0.0,0.0,0.0,0.0,0.0,0.0,0.0,0.0,0.0,0.0,0.0,0.0,46.0,39.0,973.0,116.0,301.0,0.385,62.0,171.0,0.363,54.0,130.0,0.415,0.488,33.0,54.0,0.611,17.0,109.0,126.0,41.0,25.0,5.0,27.0,81.0,327.0,0.0,9.3,0.503,0.568,0.179,2.0,13.4,7.6,6.2,1.3,0.4,7.7,16.5,0.3,0.5,0.8,0.039,-1.9,-1.3,-3.2,-0.3,0.0,2010
238,Dorell Wright,20.8,2.7,5.8,0.463,0.8,2.2,0.389,1.8,3.6,0.508,0.536,0.8,1.0,0.884,0.7,2.6,3.3,1.3,0.7,0.4,0.7,1.3,7.1,0.0,0.0,1230.0,0.0,0.0,0.0,0.0,0.0,0.0,0.0,0.0,0.0,0.0,0.0,0.0,0.0,72.0,1.0,1496.0,194.0,419.0,0.463,61.0,157.0,0.389,133.0,262.0,0.508,0.536,61.0,69.0,0.884,50.0,185.0,235.0,91.0,52.0,32.0,53.0,94.0,510.0,0.0,14.5,0.567,0.375,0.165,4.0,14.4,9.2,9.8,1.9,1.7,10.6,15.8,2.1,2.2,4.3,0.137,0.7,1.2,1.8,1.5,0.0,2010
239,Eddie House,17.9,2.5,6.7,0.38,1.2,3.3,0.348,1.4,3.4,0.412,0.467,0.7,0.8,0.923,0.2,1.4,1.6,1.3,0.6,0.1,0.7,1.2,7.0,0.0,0.0,1230.0,0.0,0.0,0.0,0.0,0.0,0.0,0.0,0.0,0.0,0.0,0.0,0.0,0.0,68.0,0.0,1217.0,173.0,455.0,0.38,79.0,227.0,0.348,94.0,228.0,0.412,0.467,48.0,52.0,0.923,13.0,96.0,109.0,85.0,40.0,7.0,47.0,81.0,473.0,0.0,10.5,0.495,0.499,0.114,1.3,9.3,5.3,11.0,1.7,0.5,9.0,20.0,0.0,1.1,1.1,0.042,-1.5,-0.5,-2.0,0.0,0.0,2010
240,Matt Bonner,17.9,2.6,5.7,0.446,1.4,3.6,0.39,1.2,2.2,0.539,0.567,0.5,0.7,0.729,0.8,2.5,3.3,1.0,0.5,0.4,0.6,1.7,7.0,0.0,0.0,1230.0,0.0,0.0,0.0,0.0,0.0,0.0,0.0,0.0,0.0,0.0,0.0,0.0,0.0,65.0,8.0,1161.0,166.0,372.0,0.446,90.0,231.0,0.39,76.0,141.0,0.539,0.567,35.0,48.0,0.729,52.0,162.0,214.0,68.0,30.0,24.0,39.0,109.0,457.0,0.0,14.9,0.581,0.621,0.129,5.3,16.1,10.8,9.0,1.4,1.5,9.0,17.0,2.1,1.6,3.7,0.153,1.8,0.9,2.6,1.3,0.0,2010
241,Oliver Lafayette,22.0,3.0,6.0,0.5,1.0,2.0,0.5,2.0,4.0,0.5,0.583,0.0,0.0,0.0,1.0,3.0,4.0,2.0,0.0,0.0,1.0,0.0,7.0,0.0,0.0,1230.0,0.0,0.0,0.0,0.0,0.0,0.0,0.0,0.0,0.0,0.0,0.0,0.0,0.0,1.0,0.0,22.0,3.0,6.0,0.5,1.0,2.0,0.5,2.0,4.0,0.5,0.583,0.0,0.0,0.0,1.0,3.0,4.0,2.0,0.0,0.0,1.0,0.0,7.0,0.0,12.8,0.583,0.333,0.0,5.7,16.3,11.1,14.4,0.0,0.0,14.3,14.9,0.0,0.0,0.0,0.098,1.4,-3.2,-1.9,0.0,0.0,2010
242,Shaun Livingston,22.1,2.9,5.6,0.517,0.0,0.2,0.0,2.9,5.4,0.533,0.517,1.2,1.3,0.875,0.4,1.7,2.2,3.6,0.5,0.3,1.6,1.7,6.9,0.0,0.0,1230.0,0.0,0.0,0.0,0.0,0.0,0.0,0.0,0.0,0.0,0.0,0.0,0.0,0.0,36.0,18.0,796.0,104.0,201.0,0.517,0.0,6.0,0.0,104.0,195.0,0.533,0.517,42.0,48.0,0.875,16.0,62.0,78.0,130.0,17.0,11.0,58.0,61.0,250.0,0.0,12.8,0.563,0.03,0.239,2.3,9.0,5.6,26.3,1.1,1.1,20.7,15.9,0.7,0.5,1.2,0.07,-1.1,-0.4,-1.4,0.1,0.0,2010
243,Keyon Dooling,18.3,2.4,6.1,0.398,1.1,3.0,0.376,1.3,3.2,0.419,0.489,0.9,1.2,0.77,0.2,0.9,1.0,2.5,0.6,0.0,1.1,1.5,6.9,0.0,0.0,1230.0,0.0,0.0,0.0,0.0,0.0,0.0,0.0,0.0,0.0,0.0,0.0,0.0,0.0,53.0,8.0,971.0,129.0,324.0,0.398,59.0,157.0,0.376,70.0,167.0,0.419,0.489,47.0,61.0,0.77,8.0,46.0,54.0,135.0,34.0,0.0,59.0,82.0,364.0,0.0,11.6,0.519,0.485,0.188,0.9,5.7,3.2,24.0,1.8,0.0,14.4,19.4,0.4,0.3,0.7,0.035,-1.2,-1.6,-2.8,-0.2,0.0,2010
244,Jason Maxiell,20.4,2.8,5.5,0.511,0.0,0.0,0.0,2.8,5.4,0.512,0.511,1.2,2.0,0.574,2.1,3.2,5.3,0.5,0.5,0.5,0.9,2.3,6.8,0.0,0.0,1230.0,0.0,0.0,0.0,0.0,0.0,0.0,0.0,0.0,0.0,0.0,0.0,0.0,0.0,76.0,29.0,1550.0,212.0,415.0,0.511,0.0,1.0,0.0,212.0,414.0,0.512,0.511,89.0,155.0,0.574,161.0,240.0,401.0,39.0,36.0,38.0,68.0,175.0,513.0,0.0,14.0,0.531,0.002,0.373,11.8,20.0,15.7,4.1,1.3,2.1,12.3,16.4,1.5,1.1,2.6,0.081,-1.4,-1.3,-2.7,-0.3,0.0,2010
245,Darko Miličić,21.4,3.1,6.4,0.49,0.0,0.0,0.0,3.1,6.3,0.493,0.49,0.5,0.9,0.536,1.5,3.3,4.7,1.5,0.7,1.1,1.1,2.6,6.7,0.0,0.0,1230.0,0.0,0.0,0.0,0.0,0.0,0.0,0.0,0.0,0.0,0.0,0.0,0.0,0.0,32.0,18.0,685.0,100.0,204.0,0.49,0.0,1.0,0.0,100.0,203.0,0.493,0.49,15.0,28.0,0.536,47.0,104.0,151.0,47.0,22.0,34.0,35.0,82.0,215.0,0.0,12.8,0.497,0.005,0.137,7.5,17.3,12.3,10.7,1.6,3.7,13.9,16.0,0.1,0.6,0.7,0.05,-2.4,0.6,-1.7,0.1,0.0,2010
246,Sergio Rodríguez,15.9,2.5,5.3,0.476,0.5,1.4,0.352,2.0,3.9,0.519,0.521,1.0,1.4,0.731,0.4,1.0,1.3,3.2,0.8,0.1,1.7,1.3,6.6,0.0,0.0,1230.0,0.0,0.0,0.0,0.0,0.0,0.0,0.0,0.0,0.0,0.0,0.0,0.0,0.0,66.0,8.0,1048.0,167.0,351.0,0.476,32.0,91.0,0.352,135.0,260.0,0.519,0.521,68.0,93.0,0.731,24.0,65.0,89.0,212.0,50.0,5.0,114.0,84.0,434.0,0.0,14.8,0.554,0.259,0.265,2.6,7.2,4.8,32.2,2.4,0.4,22.5,21.6,0.6,0.6,1.2,0.053,0.0,-1.3,-1.3,0.2,0.0,2010
247,Earl Boykins,16.7,2.6,6.0,0.427,0.3,0.9,0.317,2.3,5.1,0.446,0.45,1.1,1.3,0.865,0.3,0.9,1.1,2.6,0.4,0.0,1.0,0.7,6.6,0.0,0.0,1230.0,0.0,0.0,0.0,0.0,0.0,0.0,0.0,0.0,0.0,0.0,0.0,0.0,0.0,67.0,1.0,1117.0,172.0,403.0,0.427,19.0,60.0,0.317,153.0,343.0,0.446,0.45,77.0,89.0,0.865,17.0,58.0,75.0,171.0,24.0,3.0,69.0,48.0,440.0,0.0,12.9,0.498,0.149,0.221,1.7,6.1,3.9,25.3,1.1,0.2,13.5,20.7,0.6,0.3,1.0,0.042,-0.5,-2.0,-2.4,-0.1,0.0,2010
248,Wayne Ellington,18.2,2.5,5.9,0.424,0.8,2.1,0.395,1.7,3.8,0.441,0.496,0.8,0.9,0.871,0.4,1.7,2.1,1.0,0.3,0.1,1.0,0.9,6.6,0.0,0.0,1230.0,0.0,0.0,0.0,0.0,0.0,0.0,0.0,0.0,0.0,0.0,0.0,0.0,0.0,76.0,1.0,1384.0,190.0,448.0,0.424,64.0,162.0,0.395,126.0,286.0,0.441,0.496,61.0,70.0,0.871,33.0,126.0,159.0,74.0,20.0,5.0,74.0,72.0,505.0,0.0,9.6,0.527,0.362,0.156,2.6,10.4,6.4,8.3,0.7,0.3,13.4,17.4,0.3,0.1,0.4,0.014,-1.6,-1.9,-3.5,-0.5,0.0,2010
249,Charlie Bell,22.7,2.4,6.2,0.381,1.0,2.8,0.365,1.4,3.4,0.395,0.464,0.7,0.9,0.716,0.4,1.4,1.9,1.5,0.5,0.2,0.8,1.9,6.5,0.0,0.0,1230.0,0.0,0.0,0.0,0.0,0.0,0.0,0.0,0.0,0.0,0.0,0.0,0.0,0.0,71.0,39.0,1611.0,169.0,443.0,0.381,73.0,200.0,0.365,96.0,243.0,0.395,0.464,48.0,67.0,0.716,31.0,101.0,132.0,104.0,39.0,12.0,54.0,136.0,459.0,0.0,7.9,0.486,0.451,0.151,2.1,7.5,4.7,9.8,1.3,0.6,10.3,14.8,0.1,1.9,2.0,0.06,-2.9,0.5,-2.4,-0.2,0.0,2010
250,Tyson Chandler,22.8,2.1,3.7,0.574,0.0,0.0,0.0,2.1,3.7,0.574,0.574,2.3,3.1,0.732,2.2,4.0,6.3,0.3,0.3,1.1,1.8,2.7,6.5,0.0,0.0,1230.0,0.0,0.0,0.0,0.0,0.0,0.0,0.0,0.0,0.0,0.0,0.0,0.0,0.0,51.0,27.0,1163.0,109.0,190.0,0.574,0.0,0.0,0.0,109.0,190.0,0.574,0.574,115.0,157.0,0.732,114.0,206.0,320.0,16.0,17.0,55.0,91.0,138.0,333.0,0.0,12.5,0.643,0.0,0.826,12.0,21.0,16.6,2.2,0.8,3.9,26.0,14.0,0.9,2.0,2.9,0.12,-3.1,1.1,-2.0,0.0,0.0,2010
251,Antoine Wright,20.8,2.4,6.0,0.406,0.9,2.6,0.335,1.6,3.4,0.46,0.479,0.8,1.1,0.688,0.6,2.3,2.8,1.1,0.4,0.2,0.9,2.0,6.5,0.0,0.0,1230.0,0.0,0.0,0.0,0.0,0.0,0.0,0.0,0.0,0.0,0.0,0.0,0.0,0.0,67.0,10.0,1392.0,162.0,399.0,0.406,58.0,173.0,0.335,104.0,226.0,0.46,0.479,53.0,77.0,0.688,38.0,152.0,190.0,71.0,30.0,11.0,58.0,134.0,435.0,0.0,8.6,0.502,0.434,0.193,3.3,12.6,8.1,7.4,1.1,0.6,11.8,16.1,0.1,0.2,0.3,0.011,-1.9,-1.4,-3.3,-0.4,0.0,2010
252,D.J. Augustin,18.4,2.1,5.4,0.386,0.9,2.2,0.393,1.2,3.2,0.381,0.467,1.3,1.6,0.779,0.1,1.1,1.2,2.4,0.6,0.1,0.9,1.6,6.4,0.0,0.0,1230.0,0.0,0.0,0.0,0.0,0.0,0.0,0.0,0.0,0.0,0.0,0.0,0.0,0.0,80.0,2.0,1472.0,168.0,435.0,0.386,70.0,178.0,0.393,98.0,257.0,0.381,0.467,102.0,131.0,0.779,11.0,86.0,97.0,193.0,45.0,5.0,74.0,127.0,508.0,0.0,11.2,0.516,0.409,0.301,0.9,6.9,4.0,21.7,1.6,0.3,13.1,17.9,1.1,1.7,2.8,0.092,-1.5,0.3,-1.1,0.3,0.0,2010
253,JaVale McGee,16.1,2.6,5.1,0.508,0.0,0.0,0.0,2.6,5.1,0.51,0.508,1.2,1.9,0.638,1.5,2.6,4.1,0.2,0.3,1.7,0.9,2.0,6.4,0.0,0.0,1230.0,0.0,0.0,0.0,0.0,0.0,0.0,0.0,0.0,0.0,0.0,0.0,0.0,0.0,60.0,19.0,968.0,156.0,307.0,0.508,0.0,1.0,0.0,156.0,306.0,0.51,0.508,74.0,116.0,0.638,88.0,155.0,243.0,14.0,16.0,101.0,51.0,122.0,386.0,0.0,17.0,0.539,0.003,0.378,10.3,18.7,14.5,2.4,0.9,8.0,12.5,19.1,0.8,1.3,2.1,0.105,-2.0,1.2,-0.8,0.3,0.0,2010
254,Glen Davis,17.3,2.3,5.2,0.437,0.0,0.1,0.0,2.3,5.1,0.444,0.437,1.8,2.6,0.696,1.9,1.9,3.8,0.6,0.4,0.3,1.0,2.4,6.3,0.0,0.0,1230.0,0.0,0.0,0.0,0.0,0.0,0.0,0.0,0.0,0.0,0.0,0.0,0.0,0.0,54.0,1.0,933.0,122.0,279.0,0.437,0.0,4.0,0.0,122.0,275.0,0.444,0.437,96.0,138.0,0.696,101.0,104.0,205.0,35.0,21.0,14.0,53.0,132.0,340.0,0.0,11.5,0.5,0.014,0.495,13.7,13.3,13.5,5.9,1.2,1.2,13.5,19.7,0.5,1.2,1.6,0.084,-3.2,-1.3,-4.5,-0.6,0.0,2010
255,Daniel Gibson,19.1,2.2,4.8,0.466,1.3,2.7,0.477,1.0,2.1,0.454,0.599,0.6,0.9,0.694,0.2,1.1,1.3,1.3,0.4,0.1,0.6,1.4,6.3,0.0,0.0,1230.0,0.0,0.0,0.0,0.0,0.0,0.0,0.0,0.0,0.0,0.0,0.0,0.0,0.0,56.0,10.0,1068.0,125.0,268.0,0.466,71.0,149.0,0.477,54.0,119.0,0.454,0.599,34.0,49.0,0.694,13.0,60.0,73.0,70.0,25.0,7.0,36.0,79.0,355.0,0.0,11.3,0.613,0.556,0.183,1.5,6.4,4.1,9.8,1.2,0.5,11.1,14.2,1.6,1.0,2.6,0.117,0.0,0.0,0.0,0.5,0.0,2010
256,Serge Ibaka,18.1,2.8,5.1,0.543,0.0,0.0,0.5,2.7,5.0,0.543,0.545,0.8,1.3,0.63,1.9,3.5,5.4,0.1,0.3,1.3,0.9,2.7,6.3,0.0,0.0,1230.0,0.0,0.0,0.0,0.0,0.0,0.0,0.0,0.0,0.0,0.0,0.0,0.0,0.0,73.0,0.0,1323.0,201.0,370.0,0.543,1.0,2.0,0.5,200.0,368.0,0.543,0.545,58.0,92.0,0.63,138.0,259.0,397.0,10.0,25.0,97.0,68.0,194.0,461.0,0.0,15.2,0.562,0.005,0.249,12.3,21.9,17.2,1.2,1.0,5.5,14.2,16.2,1.3,2.4,3.7,0.134,-2.4,0.9,-1.5,0.2,0.0,2010
257,Roger Mason,19.2,2.4,6.3,0.389,1.1,3.3,0.333,1.3,2.9,0.453,0.478,0.3,0.4,0.794,0.1,1.9,2.1,1.7,0.4,0.2,0.7,1.3,6.3,0.0,0.0,1230.0,0.0,0.0,0.0,0.0,0.0,0.0,0.0,0.0,0.0,0.0,0.0,0.0,0.0,79.0,5.0,1515.0,193.0,496.0,0.389,88.0,264.0,0.333,105.0,232.0,0.453,0.478,27.0,34.0,0.794,11.0,151.0,162.0,137.0,30.0,14.0,59.0,99.0,501.0,0.0,9.7,0.49,0.532,0.069,0.9,11.5,6.3,13.5,1.0,0.7,10.4,17.2,0.3,1.7,1.9,0.062,-1.4,0.1,-1.2,0.3,0.0,2010
258,Vladimir Radmanović,21.7,2.5,6.7,0.377,0.7,2.6,0.278,1.8,4.0,0.442,0.432,0.5,0.7,0.741,1.2,3.1,4.3,1.1,0.7,0.2,1.1,2.4,6.2,0.0,0.0,1230.0,0.0,0.0,0.0,0.0,0.0,0.0,0.0,0.0,0.0,0.0,0.0,0.0,0.0,41.0,20.0,891.0,103.0,273.0,0.377,30.0,108.0,0.278,73.0,165.0,0.442,0.432,20.0,27.0,0.741,51.0,127.0,178.0,45.0,29.0,7.0,44.0,97.0,256.0,0.0,7.9,0.449,0.396,0.099,6.4,16.2,11.3,7.2,1.6,0.6,13.4,16.0,-0.6,0.6,0.0,-0.002,-2.9,-0.9,-3.8,-0.4,0.0,2010
259,Amir Johnson,17.7,2.5,4.1,0.623,0.0,0.0,0.0,2.5,4.0,0.63,0.623,1.2,1.8,0.638,1.9,2.9,4.8,0.6,0.5,0.8,0.8,3.1,6.2,0.0,0.0,1230.0,0.0,0.0,0.0,0.0,0.0,0.0,0.0,0.0,0.0,0.0,0.0,0.0,0.0,82.0,5.0,1453.0,208.0,334.0,0.623,0.0,4.0,0.0,208.0,330.0,0.63,0.623,95.0,149.0,0.638,154.0,241.0,395.0,48.0,44.0,66.0,63.0,255.0,511.0,0.0,16.7,0.639,0.012,0.446,12.9,19.1,16.1,5.0,1.6,3.5,13.6,14.5,3.4,1.1,4.5,0.15,-0.6,0.0,-0.6,0.5,0.0,2010
260,Luc Mbah a Moute,25.6,2.4,5.1,0.48,0.1,0.2,0.353,2.3,4.8,0.486,0.488,1.3,1.8,0.699,2.3,3.1,5.5,1.1,0.8,0.5,1.0,2.5,6.2,0.0,0.0,1230.0,0.0,0.0,0.0,0.0,0.0,0.0,0.0,0.0,0.0,0.0,0.0,0.0,0.0,73.0,62.0,1866.0,177.0,369.0,0.48,6.0,17.0,0.353,171.0,352.0,0.486,0.488,93.0,133.0,0.699,171.0,229.0,400.0,81.0,60.0,39.0,70.0,181.0,453.0,0.0,11.8,0.53,0.046,0.36,9.9,14.6,12.2,6.5,1.7,1.6,14.1,12.1,1.8,3.0,4.7,0.122,-1.8,1.5,-0.3,0.8,0.0,2010
261,Tony Allen,16.5,2.4,4.7,0.51,0.0,0.1,0.0,2.4,4.6,0.52,0.51,1.3,2.2,0.605,1.0,1.7,2.7,1.3,1.1,0.4,1.2,2.0,6.1,0.0,0.0,1230.0,0.0,0.0,0.0,0.0,0.0,0.0,0.0,0.0,0.0,0.0,0.0,0.0,0.0,54.0,8.0,889.0,129.0,253.0,0.51,0.0,5.0,0.0,129.0,248.0,0.52,0.51,72.0,119.0,0.605,52.0,93.0,145.0,72.0,59.0,19.0,66.0,109.0,330.0,0.0,14.2,0.54,0.02,0.47,7.4,12.5,10.0,13.0,3.5,1.7,17.8,19.6,0.2,1.6,1.9,0.1,-1.8,2.2,0.4,0.5,0.0,2010
262,Carlos Arroyo,22.0,2.5,5.2,0.475,0.1,0.3,0.28,2.4,4.9,0.489,0.484,1.1,1.3,0.844,0.4,1.4,1.8,3.1,0.5,0.1,0.8,1.4,6.1,0.0,0.0,1230.0,0.0,0.0,0.0,0.0,0.0,0.0,0.0,0.0,0.0,0.0,0.0,0.0,0.0,72.0,35.0,1585.0,178.0,375.0,0.475,7.0,25.0,0.28,171.0,350.0,0.489,0.484,76.0,90.0,0.844,26.0,104.0,130.0,225.0,36.0,6.0,54.0,102.0,439.0,0.0,12.3,0.529,0.067,0.24,1.9,7.7,4.8,22.2,1.2,0.3,11.5,13.9,2.2,1.5,3.7,0.113,-1.5,0.1,-1.5,0.2,0.0,2010
263,Ryan Hollins,16.8,2.3,4.2,0.558,0.0,0.0,0.0,2.3,4.1,0.56,0.558,1.5,2.2,0.69,1.1,1.8,2.8,0.7,0.3,0.5,1.3,2.7,6.1,0.0,0.0,1230.0,0.0,0.0,0.0,0.0,0.0,0.0,0.0,0.0,0.0,0.0,0.0,0.0,0.0,73.0,27.0,1223.0,169.0,303.0,0.558,0.0,1.0,0.0,169.0,302.0,0.56,0.558,109.0,158.0,0.69,79.0,128.0,207.0,51.0,19.0,38.0,95.0,199.0,447.0,0.0,11.0,0.6,0.003,0.521,7.1,11.9,9.5,6.4,0.8,2.3,20.3,16.6,0.8,0.5,1.2,0.048,-3.9,-0.7,-4.6,-0.8,0.0,2010
264,Erick Dampier,23.3,2.4,3.9,0.624,0.0,0.1,0.333,2.4,3.8,0.629,0.627,1.1,1.8,0.604,2.3,4.9,7.3,0.6,0.3,1.4,1.1,2.8,6.0,0.0,0.0,1230.0,0.0,0.0,0.0,0.0,0.0,0.0,0.0,0.0,0.0,0.0,0.0,0.0,0.0,55.0,47.0,1280.0,133.0,213.0,0.624,1.0,3.0,0.333,132.0,210.0,0.629,0.627,61.0,101.0,0.604,128.0,272.0,400.0,31.0,15.0,77.0,61.0,153.0,328.0,0.0,14.0,0.637,0.014,0.474,11.6,24.1,17.9,3.5,0.6,4.5,19.2,11.4,1.8,2.0,3.7,0.14,-1.6,1.0,-0.6,0.5,0.0,2010
265,Juwan Howard,22.4,2.6,5.1,0.509,0.0,0.0,0.0,2.6,5.1,0.511,0.509,0.8,1.0,0.786,1.5,3.1,4.6,0.8,0.4,0.1,1.0,2.6,6.0,0.0,0.0,1230.0,0.0,0.0,0.0,0.0,0.0,0.0,0.0,0.0,0.0,0.0,0.0,0.0,0.0,73.0,27.0,1632.0,191.0,375.0,0.509,0.0,1.0,0.0,191.0,374.0,0.511,0.509,55.0,70.0,0.786,108.0,227.0,335.0,61.0,27.0,10.0,72.0,191.0,437.0,0.0,10.0,0.538,0.003,0.187,8.1,17.3,12.7,5.9,0.9,0.5,15.1,13.9,1.1,1.6,2.6,0.077,-3.0,-0.4,-3.5,-0.6,0.0,2010
266,Thabo Sefolosha,28.6,2.4,5.4,0.44,0.5,1.6,0.313,1.9,3.8,0.494,0.486,0.7,1.1,0.674,0.9,3.8,4.7,1.8,1.2,0.6,1.1,1.9,6.0,0.0,0.0,1230.0,0.0,0.0,0.0,0.0,0.0,0.0,0.0,0.0,0.0,0.0,0.0,0.0,0.0,82.0,82.0,2348.0,194.0,441.0,0.44,41.0,131.0,0.313,153.0,310.0,0.494,0.486,60.0,89.0,0.674,76.0,311.0,387.0,145.0,97.0,46.0,90.0,154.0,489.0,0.0,9.8,0.509,0.297,0.202,3.8,14.8,9.5,8.9,2.1,1.5,15.8,10.9,0.6,3.4,4.0,0.082,-1.9,2.0,0.1,1.3,0.0,2010
267,Jason Williams,20.8,2.3,5.2,0.444,1.0,2.7,0.38,1.3,2.5,0.512,0.542,0.4,0.5,0.756,0.1,1.5,1.5,3.6,0.6,0.0,1.1,0.8,6.0,0.0,0.0,1230.0,0.0,0.0,0.0,0.0,0.0,0.0,0.0,0.0,0.0,0.0,0.0,0.0,0.0,82.0,18.0,1703.0,189.0,426.0,0.444,84.0,221.0,0.38,105.0,205.0,0.512,0.542,31.0,41.0,0.756,7.0,119.0,126.0,298.0,53.0,3.0,87.0,65.0,493.0,0.0,12.9,0.555,0.519,0.096,0.5,7.8,4.3,26.9,1.6,0.1,16.4,14.5,2.5,2.0,4.5,0.127,0.6,0.4,1.0,1.3,0.0,2010
268,Chris Andersen,22.3,1.9,3.3,0.566,0.0,0.0,0.0,1.9,3.3,0.573,0.566,2.2,3.1,0.695,1.9,4.4,6.4,0.4,0.6,1.9,0.8,2.3,5.9,0.0,0.0,1230.0,0.0,0.0,0.0,0.0,0.0,0.0,0.0,0.0,0.0,0.0,0.0,0.0,0.0,76.0,0.0,1695.0,142.0,251.0,0.566,0.0,3.0,0.0,142.0,248.0,0.573,0.566,164.0,236.0,0.695,147.0,336.0,483.0,33.0,42.0,143.0,59.0,171.0,448.0,0.0,15.8,0.631,0.012,0.94,10.1,22.7,16.4,2.8,1.3,6.3,14.3,10.8,3.2,2.7,5.9,0.166,-0.1,1.9,1.8,1.6,0.0,2010
269,Nick Collison,20.8,2.4,4.1,0.589,0.0,0.1,0.25,2.4,4.1,0.593,0.591,1.0,1.4,0.692,2.0,3.1,5.1,0.5,0.5,0.6,0.8,3.1,5.9,0.0,0.0,1230.0,0.0,0.0,0.0,0.0,0.0,0.0,0.0,0.0,0.0,0.0,0.0,0.0,0.0,75.0,5.0,1557.0,182.0,309.0,0.589,1.0,4.0,0.25,181.0,305.0,0.593,0.591,74.0,107.0,0.692,152.0,232.0,384.0,38.0,37.0,48.0,63.0,230.0,439.0,0.0,13.1,0.616,0.013,0.346,11.5,16.7,14.2,3.7,1.2,2.3,15.0,12.1,2.6,2.2,4.7,0.146,-1.9,0.8,-1.2,0.3,0.0,2010
270,David Andersen,14.1,2.3,5.4,0.432,0.4,1.2,0.346,1.9,4.2,0.458,0.472,0.7,1.1,0.687,0.9,2.4,3.3,0.7,0.2,0.2,0.6,1.9,5.8,0.0,0.0,1230.0,0.0,0.0,0.0,0.0,0.0,0.0,0.0,0.0,0.0,0.0,0.0,0.0,0.0,63.0,0.0,891.0,147.0,340.0,0.432,27.0,78.0,0.346,120.0,262.0,0.458,0.472,46.0,67.0,0.687,54.0,154.0,208.0,44.0,15.0,12.0,37.0,119.0,367.0,0.0,12.1,0.497,0.229,0.197,6.7,20.6,13.4,8.1,0.9,1.0,9.1,20.2,0.4,0.9,1.3,0.07,-2.0,-0.6,-2.6,-0.1,0.0,2010
271,Brandon Bass,13.0,2.4,4.7,0.511,0.0,0.0,0.0,2.4,4.7,0.511,0.511,1.0,1.3,0.825,1.1,1.5,2.5,0.4,0.2,0.5,0.6,1.4,5.8,0.0,0.0,1230.0,0.0,0.0,0.0,0.0,0.0,0.0,0.0,0.0,0.0,0.0,0.0,0.0,0.0,50.0,3.0,648.0,119.0,233.0,0.511,0.0,0.0,0.0,119.0,233.0,0.511,0.511,52.0,63.0,0.825,54.0,73.0,127.0,19.0,12.0,27.0,31.0,69.0,290.0,0.0,16.5,0.556,0.0,0.27,10.0,12.6,11.3,5.1,1.0,3.1,10.6,20.9,1.0,1.0,2.0,0.147,-0.7,0.1,-0.6,0.2,0.0,2010
272,Antonio McDyess,21.0,2.7,5.6,0.479,0.0,0.0,0.0,2.7,5.5,0.481,0.479,0.5,0.7,0.632,1.9,4.0,5.9,1.1,0.6,0.4,1.0,1.9,5.8,0.0,0.0,1230.0,0.0,0.0,0.0,0.0,0.0,0.0,0.0,0.0,0.0,0.0,0.0,0.0,0.0,77.0,50.0,1617.0,205.0,428.0,0.479,0.0,2.0,0.0,205.0,426.0,0.481,0.479,36.0,57.0,0.632,149.0,306.0,455.0,83.0,43.0,32.0,79.0,147.0,446.0,0.0,12.2,0.492,0.005,0.133,11.0,21.8,16.5,7.7,1.4,1.4,14.8,15.1,0.6,2.6,3.2,0.094,-1.8,0.8,-1.0,0.4,0.0,2010
273,Maurice Evans,16.7,2.2,5.0,0.445,0.7,2.1,0.337,1.5,2.8,0.527,0.518,0.6,0.8,0.754,0.7,1.2,1.9,0.6,0.4,0.2,0.3,1.6,5.7,0.0,0.0,1230.0,0.0,0.0,0.0,0.0,0.0,0.0,0.0,0.0,0.0,0.0,0.0,0.0,0.0,79.0,5.0,1317.0,175.0,393.0,0.445,57.0,169.0,0.337,118.0,224.0,0.527,0.518,46.0,61.0,0.754,59.0,95.0,154.0,48.0,34.0,17.0,20.0,125.0,453.0,0.0,12.2,0.539,0.43,0.155,5.2,8.5,6.8,5.5,1.4,1.0,4.5,15.4,2.1,1.1,3.1,0.114,-0.4,-0.6,-0.9,0.4,0.0,2010
274,Jason Kapono,17.1,2.2,5.3,0.419,1.1,3.0,0.368,1.1,2.3,0.485,0.523,0.2,0.3,0.6,0.2,0.9,1.2,0.7,0.4,0.1,0.6,1.4,5.7,0.0,0.0,1230.0,0.0,0.0,0.0,0.0,0.0,0.0,0.0,0.0,0.0,0.0,0.0,0.0,0.0,57.0,12.0,976.0,126.0,301.0,0.419,63.0,171.0,0.368,63.0,130.0,0.485,0.523,9.0,15.0,0.6,14.0,52.0,66.0,39.0,21.0,6.0,34.0,80.0,324.0,0.0,8.4,0.527,0.568,0.05,1.7,6.4,4.0,6.1,1.1,0.5,10.0,15.9,0.3,0.1,0.5,0.023,-1.9,-2.2,-4.0,-0.5,0.0,2010
275,Marquis Daniels,18.4,2.4,4.9,0.498,0.1,0.5,0.214,2.3,4.3,0.534,0.51,0.7,1.1,0.607,0.5,1.3,1.9,1.3,0.5,0.1,0.8,1.8,5.6,0.0,0.0,1230.0,0.0,0.0,0.0,0.0,0.0,0.0,0.0,0.0,0.0,0.0,0.0,0.0,0.0,51.0,4.0,937.0,124.0,249.0,0.498,6.0,28.0,0.214,118.0,221.0,0.534,0.51,34.0,56.0,0.607,27.0,68.0,95.0,66.0,27.0,6.0,42.0,91.0,288.0,0.0,9.6,0.526,0.112,0.225,3.6,8.7,6.2,11.1,1.5,0.5,13.3,15.8,0.2,1.0,1.3,0.064,-2.9,0.2,-2.7,-0.2,0.0,2010
276,Damien Wilkins,19.8,2.1,4.8,0.433,0.2,0.8,0.295,1.8,4.0,0.459,0.457,1.3,1.6,0.798,0.9,2.2,3.1,1.7,0.8,0.3,1.0,1.8,5.6,0.0,0.0,1230.0,0.0,0.0,0.0,0.0,0.0,0.0,0.0,0.0,0.0,0.0,0.0,0.0,0.0,80.0,31.0,1585.0,165.0,381.0,0.433,18.0,61.0,0.295,147.0,320.0,0.459,0.457,103.0,129.0,0.798,72.0,177.0,249.0,135.0,66.0,25.0,76.0,144.0,451.0,0.0,11.5,0.515,0.16,0.339,5.0,12.7,8.8,12.5,2.1,1.2,14.8,14.1,0.9,1.0,1.9,0.056,-2.0,0.7,-1.3,0.3,0.0,2010
277,Jannero Pargo,13.2,2.1,6.0,0.346,0.6,2.2,0.275,1.5,3.9,0.387,0.396,0.7,0.7,0.933,0.1,1.1,1.2,1.4,0.5,0.0,0.8,1.1,5.5,0.0,0.0,1230.0,0.0,0.0,0.0,0.0,0.0,0.0,0.0,0.0,0.0,0.0,0.0,0.0,0.0,63.0,5.0,829.0,132.0,381.0,0.346,38.0,138.0,0.275,94.0,243.0,0.387,0.396,42.0,45.0,0.933,9.0,69.0,78.0,89.0,29.0,2.0,50.0,68.0,344.0,0.0,8.9,0.429,0.362,0.118,1.2,9.1,5.2,17.5,1.8,0.2,11.1,24.4,-1.1,0.9,-0.3,-0.015,-3.7,-1.1,-4.8,-0.6,0.0,2010
278,Ben Wallace,28.6,2.3,4.2,0.541,0.0,0.0,0.0,2.3,4.2,0.545,0.541,0.9,2.3,0.406,3.6,5.1,8.7,1.5,1.2,1.2,0.9,1.9,5.5,0.0,0.0,1230.0,0.0,0.0,0.0,0.0,0.0,0.0,0.0,0.0,0.0,0.0,0.0,0.0,0.0,69.0,67.0,1975.0,158.0,292.0,0.541,0.0,2.0,0.0,158.0,290.0,0.545,0.541,65.0,160.0,0.406,245.0,352.0,597.0,105.0,86.0,84.0,64.0,131.0,381.0,0.0,15.8,0.526,0.007,0.548,14.1,23.1,18.3,8.0,2.4,3.6,15.0,10.0,2.4,2.3,4.7,0.115,0.7,1.2,1.9,1.9,0.0,2010
279,Devean George,16.9,2.0,4.6,0.432,1.1,2.7,0.39,0.9,1.8,0.494,0.549,0.4,0.5,0.696,0.5,2.1,2.5,0.7,0.9,0.2,0.3,2.0,5.4,0.0,0.0,1230.0,0.0,0.0,0.0,0.0,0.0,0.0,0.0,0.0,0.0,0.0,0.0,0.0,0.0,45.0,4.0,761.0,89.0,206.0,0.432,48.0,123.0,0.39,41.0,83.0,0.494,0.549,16.0,23.0,0.696,21.0,93.0,114.0,32.0,41.0,10.0,15.0,89.0,242.0,0.0,11.6,0.56,0.597,0.112,3.0,13.8,8.3,5.8,2.6,0.9,6.5,13.0,0.8,0.5,1.3,0.084,-0.9,0.1,-0.8,0.2,0.0,2010
280,Jared Jeffries,25.6,2.0,4.5,0.439,0.3,1.0,0.296,1.7,3.5,0.481,0.473,1.1,1.7,0.625,1.9,2.3,4.1,1.4,0.9,1.0,1.1,2.9,5.3,0.0,0.0,1230.0,0.0,0.0,0.0,0.0,0.0,0.0,0.0,0.0,0.0,0.0,0.0,0.0,0.0,70.0,37.0,1794.0,138.0,314.0,0.439,21.0,71.0,0.296,117.0,243.0,0.481,0.473,75.0,120.0,0.625,130.0,158.0,288.0,101.0,62.0,71.0,76.0,203.0,372.0,0.0,9.8,0.507,0.226,0.382,8.1,10.3,9.1,8.0,1.8,2.9,17.2,11.1,0.9,1.3,2.2,0.058,-2.7,0.8,-1.9,0.0,0.0,2010
281,Bobby Simmons,17.2,1.8,5.1,0.359,0.9,2.7,0.317,1.0,2.3,0.407,0.444,0.8,0.9,0.9,0.5,2.3,2.7,0.7,0.7,0.1,0.8,2.3,5.3,0.0,0.0,1230.0,0.0,0.0,0.0,0.0,0.0,0.0,0.0,0.0,0.0,0.0,0.0,0.0,0.0,23.0,2.0,395.0,42.0,117.0,0.359,20.0,63.0,0.317,22.0,54.0,0.407,0.444,18.0,20.0,0.9,11.0,52.0,63.0,15.0,15.0,3.0,19.0,52.0,122.0,0.0,8.0,0.485,0.538,0.171,3.1,15.9,9.2,6.3,2.0,0.6,13.1,16.8,-0.2,0.3,0.1,0.014,-3.6,0.0,-3.6,-0.2,0.0,2010
282,Jordan Hill,13.3,2.1,4.3,0.493,0.0,0.0,0.0,2.1,4.2,0.497,0.493,1.0,1.4,0.676,1.6,2.1,3.7,0.4,0.3,0.4,0.6,2.0,5.2,0.0,0.0,1230.0,0.0,0.0,0.0,0.0,0.0,0.0,0.0,0.0,0.0,0.0,0.0,0.0,0.0,47.0,0.0,624.0,99.0,201.0,0.493,0.0,2.0,0.0,99.0,199.0,0.497,0.493,46.0,68.0,0.676,76.0,99.0,175.0,20.0,14.0,21.0,30.0,92.0,244.0,0.0,15.0,0.528,0.01,0.338,13.5,18.7,16.0,5.2,1.1,2.5,11.5,18.7,0.8,0.6,1.4,0.105,-2.1,-1.4,-3.5,-0.2,0.0,2010
283,James Posey,22.5,1.6,4.5,0.365,1.1,3.1,0.335,0.6,1.3,0.437,0.483,0.9,1.0,0.825,0.4,3.9,4.3,1.5,0.5,0.2,0.7,2.6,5.2,0.0,0.0,1230.0,0.0,0.0,0.0,0.0,0.0,0.0,0.0,0.0,0.0,0.0,0.0,0.0,0.0,77.0,2.0,1731.0,126.0,345.0,0.365,81.0,242.0,0.335,45.0,103.0,0.437,0.483,66.0,80.0,0.825,32.0,297.0,329.0,117.0,42.0,19.0,51.0,204.0,399.0,0.0,8.7,0.525,0.701,0.232,2.1,20.5,11.2,9.3,1.3,0.8,11.8,11.4,1.0,1.4,2.4,0.067,-2.4,0.6,-1.8,0.1,0.0,2010
284,Austin Daye,13.3,2.0,4.3,0.464,0.4,1.4,0.305,1.6,2.9,0.54,0.514,0.7,0.8,0.821,0.5,2.0,2.5,0.5,0.4,0.4,0.7,1.7,5.1,0.0,0.0,1230.0,0.0,0.0,0.0,0.0,0.0,0.0,0.0,0.0,0.0,0.0,0.0,0.0,0.0,69.0,4.0,915.0,137.0,295.0,0.464,29.0,95.0,0.305,108.0,200.0,0.54,0.514,46.0,56.0,0.821,34.0,140.0,174.0,34.0,25.0,26.0,48.0,114.0,349.0,0.0,12.8,0.546,0.322,0.19,4.2,19.8,11.5,6.3,1.5,2.4,13.1,18.5,0.6,0.7,1.3,0.067,-1.7,-0.1,-1.8,0.1,0.0,2010
285,Garrett Temple,12.4,1.6,3.7,0.436,0.5,1.4,0.351,1.1,2.4,0.484,0.5,1.3,1.9,0.7,0.2,0.9,1.1,0.8,0.5,0.2,1.0,1.6,5.0,0.0,0.0,1230.0,0.0,0.0,0.0,0.0,0.0,0.0,0.0,0.0,0.0,0.0,0.0,0.0,0.0,27.0,4.0,334.0,44.0,101.0,0.436,13.0,37.0,0.351,31.0,64.0,0.484,0.5,35.0,50.0,0.7,6.0,25.0,31.0,21.0,13.0,6.0,27.0,42.0,136.0,0.0,10.5,0.553,0.366,0.495,2.1,8.8,5.4,9.6,2.0,1.3,18.0,20.3,0.0,0.4,0.4,0.057,-3.4,0.4,-2.9,-0.1,0.0,2010
286,Marcus Banks,11.1,1.8,3.3,0.534,0.3,1.1,0.292,1.5,2.2,0.653,0.582,1.1,1.3,0.828,0.1,0.9,1.0,1.2,0.5,0.1,0.9,1.4,5.0,0.0,0.0,1230.0,0.0,0.0,0.0,0.0,0.0,0.0,0.0,0.0,0.0,0.0,0.0,0.0,0.0,22.0,0.0,244.0,39.0,73.0,0.534,7.0,24.0,0.292,32.0,49.0,0.653,0.582,24.0,29.0,0.828,3.0,20.0,23.0,26.0,12.0,2.0,20.0,30.0,109.0,0.0,15.3,0.635,0.329,0.397,1.5,9.4,5.6,16.4,2.5,0.6,18.9,19.8,0.4,0.1,0.5,0.095,-0.4,0.1,-0.3,0.1,0.0,2010
287,Andris Biedriņš,23.1,2.5,4.2,0.591,0.0,0.0,0.0,2.5,4.2,0.591,0.591,0.1,0.8,0.16,1.9,5.9,7.8,1.7,0.6,1.3,1.0,3.5,5.0,0.0,0.0,1230.0,0.0,0.0,0.0,0.0,0.0,0.0,0.0,0.0,0.0,0.0,0.0,0.0,0.0,33.0,29.0,763.0,81.0,137.0,0.591,0.0,0.0,0.0,81.0,137.0,0.591,0.591,4.0,25.0,0.16,63.0,196.0,259.0,57.0,20.0,44.0,32.0,117.0,166.0,0.0,13.0,0.561,0.0,0.182,9.1,29.0,18.9,10.1,1.3,4.1,17.8,10.1,0.7,0.9,1.6,0.101,-1.9,1.7,-0.2,0.4,0.0,2010
288,Daequan Cook,15.4,1.8,5.6,0.32,0.9,2.8,0.317,0.9,2.8,0.323,0.399,0.5,0.6,0.84,0.2,1.6,1.8,1.0,0.3,0.2,0.5,1.1,5.0,0.0,0.0,1230.0,0.0,0.0,0.0,0.0,0.0,0.0,0.0,0.0,0.0,0.0,0.0,0.0,0.0,45.0,3.0,691.0,81.0,253.0,0.32,40.0,126.0,0.317,41.0,127.0,0.323,0.399,21.0,25.0,0.84,9.0,73.0,82.0,43.0,14.0,10.0,24.0,50.0,223.0,0.0,7.5,0.422,0.498,0.099,1.5,12.3,7.0,9.8,1.1,1.2,8.3,19.6,-0.7,0.8,0.1,0.01,-2.9,-0.4,-3.3,-0.2,0.0,2010
289,Mikki Moore,17.7,2.3,3.9,0.6,0.0,0.0,0.0,2.3,3.9,0.6,0.6,0.3,0.5,0.636,1.1,1.9,3.0,1.6,0.2,0.6,0.9,2.6,5.0,0.0,0.0,1230.0,0.0,0.0,0.0,0.0,0.0,0.0,0.0,0.0,0.0,0.0,0.0,0.0,0.0,23.0,20.0,406.0,54.0,90.0,0.6,0.0,0.0,0.0,54.0,90.0,0.6,0.6,7.0,11.0,0.636,26.0,43.0,69.0,36.0,5.0,13.0,21.0,60.0,115.0,0.0,11.2,0.606,0.0,0.122,7.0,12.0,9.5,12.5,0.6,2.3,18.1,12.2,0.5,0.1,0.6,0.071,-1.6,-0.3,-1.9,0.0,0.0,2010
290,Jamario Moon,17.2,1.9,4.0,0.462,0.5,1.6,0.32,1.3,2.4,0.558,0.526,0.6,0.7,0.8,0.4,2.7,3.1,0.8,0.6,0.5,0.4,1.1,4.9,0.0,0.0,1230.0,0.0,0.0,0.0,0.0,0.0,0.0,0.0,0.0,0.0,0.0,0.0,0.0,0.0,61.0,2.0,1052.0,114.0,247.0,0.462,32.0,100.0,0.32,82.0,147.0,0.558,0.526,36.0,45.0,0.8,26.0,165.0,191.0,49.0,34.0,30.0,23.0,69.0,296.0,0.0,12.6,0.555,0.405,0.182,3.1,17.8,10.8,6.9,1.7,2.2,7.9,12.8,1.2,1.7,2.9,0.131,-0.2,1.6,1.4,0.9,0.0,2010
291,Ronny Turiaf,20.8,2.0,3.5,0.582,0.0,0.0,0.0,2.0,3.5,0.586,0.582,0.9,1.9,0.474,1.3,3.3,4.5,2.1,0.5,1.3,1.2,2.3,4.9,0.0,0.0,1230.0,0.0,0.0,0.0,0.0,0.0,0.0,0.0,0.0,0.0,0.0,0.0,0.0,0.0,42.0,20.0,872.0,85.0,146.0,0.582,0.0,1.0,0.0,85.0,145.0,0.586,0.582,37.0,78.0,0.474,54.0,137.0,191.0,90.0,23.0,54.0,49.0,98.0,207.0,0.0,12.6,0.574,0.007,0.534,6.8,17.7,12.2,13.8,1.3,4.4,21.4,11.3,0.8,0.7,1.4,0.078,-1.5,1.7,0.1,0.5,0.0,2010
292,D.J. White,8.5,2.1,3.4,0.61,0.0,0.0,0.0,2.1,3.4,0.61,0.61,0.8,0.8,0.9,0.8,1.1,1.9,0.3,0.4,0.3,0.3,1.0,4.9,0.0,0.0,1230.0,0.0,0.0,0.0,0.0,0.0,0.0,0.0,0.0,0.0,0.0,0.0,0.0,0.0,12.0,0.0,102.0,25.0,41.0,0.61,0.0,0.0,0.0,25.0,41.0,0.61,0.61,9.0,10.0,0.9,10.0,13.0,23.0,4.0,5.0,3.0,3.0,12.0,59.0,0.0,25.9,0.65,0.0,0.244,11.6,14.2,12.9,7.4,2.5,2.2,6.2,21.3,0.4,0.2,0.6,0.276,4.4,2.0,6.4,0.2,0.0,2010
293,Sebastian Telfair,15.3,1.9,4.7,0.413,0.3,1.3,0.232,1.6,3.4,0.483,0.445,0.7,0.9,0.784,0.1,0.9,1.0,2.9,0.6,0.1,1.2,1.7,4.8,0.0,0.0,1230.0,0.0,0.0,0.0,0.0,0.0,0.0,0.0,0.0,0.0,0.0,0.0,0.0,0.0,43.0,1.0,659.0,83.0,201.0,0.413,13.0,56.0,0.232,70.0,145.0,0.483,0.445,29.0,37.0,0.784,5.0,40.0,45.0,126.0,24.0,5.0,50.0,71.0,208.0,0.0,10.3,0.479,0.279,0.184,0.9,7.1,4.0,29.9,1.9,0.6,18.7,18.4,-0.1,0.4,0.3,0.02,-3.4,-1.0,-4.4,-0.4,0.0,2010
294,Bobby Brown,11.5,2.0,5.3,0.371,0.6,2.2,0.265,1.4,3.1,0.446,0.426,0.3,0.3,0.867,0.2,0.6,0.8,2.0,0.3,0.0,1.0,0.9,4.8,0.0,0.0,1230.0,0.0,0.0,0.0,0.0,0.0,0.0,0.0,0.0,0.0,0.0,0.0,0.0,0.0,45.0,0.0,519.0,88.0,237.0,0.371,26.0,98.0,0.265,62.0,139.0,0.446,0.426,13.0,15.0,0.867,9.0,29.0,38.0,88.0,15.0,1.0,46.0,42.0,215.0,0.0,9.3,0.441,0.414,0.063,2.0,6.6,4.3,27.5,1.5,0.1,15.9,25.4,-0.7,0.2,-0.5,-0.05,-2.7,-2.6,-5.3,-0.4,0.0,2010
295,DeAndre Jordan,16.2,2.1,3.4,0.605,0.0,0.0,0.0,2.1,3.4,0.61,0.605,0.7,1.8,0.375,1.7,3.3,5.0,0.3,0.2,0.9,1.1,2.2,4.8,0.0,0.0,1230.0,0.0,0.0,0.0,0.0,0.0,0.0,0.0,0.0,0.0,0.0,0.0,0.0,0.0,70.0,12.0,1137.0,144.0,238.0,0.605,0.0,2.0,0.0,144.0,236.0,0.61,0.605,48.0,128.0,0.375,122.0,230.0,352.0,21.0,16.0,62.0,75.0,152.0,336.0,0.0,12.7,0.571,0.008,0.538,12.4,23.6,17.9,2.9,0.7,4.0,20.3,14.7,0.2,1.2,1.5,0.061,-3.5,-0.3,-3.8,-0.5,0.0,2010
296,Jodie Meeks,12.0,1.7,4.5,0.388,0.7,2.2,0.318,1.0,2.3,0.456,0.466,0.5,0.7,0.795,0.2,1.5,1.7,0.7,0.3,0.1,0.4,0.9,4.7,0.0,0.0,1230.0,0.0,0.0,0.0,0.0,0.0,0.0,0.0,0.0,0.0,0.0,0.0,0.0,0.0,60.0,0.0,719.0,104.0,268.0,0.388,42.0,132.0,0.318,62.0,136.0,0.456,0.466,31.0,39.0,0.795,9.0,90.0,99.0,39.0,18.0,5.0,25.0,52.0,281.0,0.0,10.8,0.493,0.493,0.146,1.4,14.9,7.9,8.7,1.3,0.5,8.1,19.6,0.1,0.8,0.9,0.06,-1.5,-0.5,-2.1,0.0,0.0,2010
297,Eric Maynor,15.7,1.9,4.5,0.418,0.3,0.9,0.31,1.6,3.7,0.444,0.448,0.6,0.9,0.722,0.3,1.3,1.6,3.3,0.5,0.1,1.0,1.4,4.7,0.0,0.0,1230.0,0.0,0.0,0.0,0.0,0.0,0.0,0.0,0.0,0.0,0.0,0.0,0.0,0.0,81.0,2.0,1269.0,154.0,368.0,0.418,22.0,71.0,0.31,132.0,297.0,0.444,0.448,52.0,72.0,0.722,21.0,108.0,129.0,266.0,40.0,10.0,85.0,115.0,382.0,0.0,11.8,0.478,0.193,0.196,2.0,9.6,5.9,31.5,1.6,0.6,17.5,17.1,0.5,1.4,1.9,0.071,-1.7,-0.1,-1.8,0.1,0.0,2010
298,Lou Amundson,14.8,1.9,3.5,0.551,0.0,0.0,0.0,1.9,3.5,0.553,0.551,0.8,1.6,0.545,1.6,2.8,4.4,0.4,0.3,0.9,0.7,2.1,4.7,0.0,0.0,1230.0,0.0,0.0,0.0,0.0,0.0,0.0,0.0,0.0,0.0,0.0,0.0,0.0,0.0,79.0,0.0,1168.0,152.0,276.0,0.551,0.0,1.0,0.0,152.0,275.0,0.553,0.551,67.0,123.0,0.545,128.0,218.0,346.0,31.0,24.0,73.0,57.0,169.0,371.0,0.0,14.4,0.562,0.004,0.446,13.1,19.9,16.7,3.7,1.0,4.4,14.7,14.6,1.5,1.3,2.9,0.118,-1.5,0.4,-1.1,0.3,0.0,2010
299,Jonathan Bender,11.7,1.6,4.0,0.4,0.6,1.6,0.359,1.0,2.4,0.426,0.47,1.0,1.0,0.923,0.6,1.5,2.1,0.6,0.1,0.7,1.1,1.3,4.7,0.0,0.0,1230.0,0.0,0.0,0.0,0.0,0.0,0.0,0.0,0.0,0.0,0.0,0.0,0.0,0.0,25.0,1.0,292.0,40.0,100.0,0.4,14.0,39.0,0.359,26.0,61.0,0.426,0.47,24.0,26.0,0.923,15.0,37.0,52.0,16.0,2.0,17.0,28.0,33.0,118.0,0.0,10.8,0.529,0.39,0.26,5.7,14.7,10.1,8.4,0.3,4.3,20.1,21.6,-0.2,0.2,0.0,-0.001,-3.3,-0.8,-4.1,-0.2,0.0,2010
300,Rodney Carney,12.6,1.7,4.1,0.401,0.6,2.0,0.304,1.1,2.2,0.49,0.473,0.8,0.9,0.825,0.4,1.6,2.0,0.5,0.4,0.3,0.3,1.2,4.7,0.0,0.0,1230.0,0.0,0.0,0.0,0.0,0.0,0.0,0.0,0.0,0.0,0.0,0.0,0.0,0.0,68.0,0.0,857.0,113.0,282.0,0.401,41.0,135.0,0.304,72.0,147.0,0.49,0.473,52.0,63.0,0.825,26.0,111.0,137.0,37.0,25.0,20.0,21.0,79.0,319.0,0.0,12.7,0.515,0.479,0.223,3.5,15.5,9.4,6.7,1.5,1.8,6.3,17.6,0.9,0.6,1.5,0.082,-0.6,-0.7,-1.3,0.2,0.0,2010
301,James Singleton,17.1,1.7,4.5,0.382,0.1,0.6,0.189,1.6,3.8,0.415,0.396,0.9,1.1,0.855,1.9,2.9,4.8,0.5,0.5,0.8,0.9,2.0,4.5,0.0,0.0,1230.0,0.0,0.0,0.0,0.0,0.0,0.0,0.0,0.0,0.0,0.0,0.0,0.0,0.0,57.0,3.0,977.0,97.0,254.0,0.382,7.0,37.0,0.189,90.0,217.0,0.415,0.396,53.0,62.0,0.855,108.0,168.0,276.0,31.0,28.0,43.0,49.0,113.0,254.0,0.0,11.4,0.452,0.146,0.244,12.6,20.0,16.3,4.8,1.5,3.3,14.8,15.4,-0.1,1.2,1.1,0.056,-3.2,0.0,-3.2,-0.3,0.0,2010
302,Darrell Arthur,14.3,2.0,4.6,0.432,0.0,0.0,0.0,2.0,4.5,0.434,0.432,0.5,0.9,0.567,1.2,2.3,3.4,0.5,0.4,0.4,0.7,1.9,4.5,0.0,0.0,1230.0,0.0,0.0,0.0,0.0,0.0,0.0,0.0,0.0,0.0,0.0,0.0,0.0,0.0,32.0,1.0,457.0,63.0,146.0,0.432,0.0,1.0,0.0,63.0,145.0,0.434,0.432,17.0,30.0,0.567,37.0,73.0,110.0,15.0,14.0,14.0,22.0,60.0,143.0,0.0,10.5,0.449,0.007,0.205,9.4,18.7,14.0,4.9,1.6,2.3,12.1,17.4,-0.1,0.4,0.3,0.031,-3.7,-0.4,-4.1,-0.2,0.0,2010
303,Trenton Hassell,21.3,1.7,4.2,0.411,0.0,0.1,0.0,1.7,4.1,0.421,0.411,1.0,1.3,0.754,1.1,1.8,2.9,1.0,0.3,0.2,0.9,1.8,4.5,0.0,0.0,1230.0,0.0,0.0,0.0,0.0,0.0,0.0,0.0,0.0,0.0,0.0,0.0,0.0,0.0,52.0,31.0,1106.0,90.0,219.0,0.411,0.0,5.0,0.0,90.0,214.0,0.421,0.411,52.0,69.0,0.754,56.0,96.0,152.0,50.0,17.0,9.0,47.0,91.0,232.0,0.0,6.5,0.465,0.023,0.315,5.6,10.5,7.9,7.2,0.8,0.6,15.9,12.3,-0.4,0.3,-0.1,-0.003,-4.2,-1.1,-5.3,-0.9,0.0,2010
304,Chris Hunter,13.1,1.8,3.6,0.502,0.0,0.1,0.0,1.8,3.6,0.512,0.502,0.9,1.2,0.754,0.9,1.9,2.8,0.6,0.2,0.6,0.5,2.2,4.5,0.0,0.0,1230.0,0.0,0.0,0.0,0.0,0.0,0.0,0.0,0.0,0.0,0.0,0.0,0.0,0.0,60.0,9.0,783.0,109.0,217.0,0.502,0.0,4.0,0.0,109.0,213.0,0.512,0.502,52.0,69.0,0.754,56.0,111.0,167.0,37.0,13.0,35.0,30.0,132.0,270.0,0.0,12.2,0.546,0.018,0.318,7.9,16.0,11.9,6.7,0.8,3.2,10.8,15.2,0.9,0.4,1.3,0.08,-3.1,-1.0,-4.1,-0.4,0.0,2010
305,Mike James,11.5,1.5,5.0,0.3,0.5,1.5,0.333,1.0,3.5,0.286,0.35,1.0,2.0,0.5,0.3,0.5,0.8,1.3,0.8,0.0,1.3,0.8,4.5,0.0,0.0,1230.0,0.0,0.0,0.0,0.0,0.0,0.0,0.0,0.0,0.0,0.0,0.0,0.0,0.0,4.0,0.0,46.0,6.0,20.0,0.3,2.0,6.0,0.333,4.0,14.0,0.286,0.35,4.0,8.0,0.5,1.0,2.0,3.0,5.0,3.0,0.0,5.0,3.0,18.0,0.0,5.5,0.383,0.3,0.4,2.5,5.1,3.8,17.3,3.4,0.0,17.5,28.1,-0.2,0.0,-0.1,-0.14,-4.2,-0.6,-4.8,0.0,0.0,2010
306,Oleksiy Pecherov,10.2,1.8,4.3,0.41,0.3,1.2,0.269,1.4,3.1,0.463,0.447,0.7,0.7,0.906,0.7,2.1,2.8,0.3,0.2,0.3,0.7,1.3,4.5,0.0,0.0,1230.0,0.0,0.0,0.0,0.0,0.0,0.0,0.0,0.0,0.0,0.0,0.0,0.0,0.0,44.0,5.0,447.0,77.0,188.0,0.41,14.0,52.0,0.269,63.0,136.0,0.463,0.447,29.0,32.0,0.906,32.0,92.0,124.0,11.0,9.0,14.0,32.0,55.0,197.0,0.0,12.0,0.487,0.277,0.17,7.9,23.4,15.5,4.0,1.0,2.4,13.7,22.8,-0.3,0.4,0.1,0.01,-2.7,-1.6,-4.2,-0.3,0.0,2010
307,Chris Wilcox,13.0,1.9,3.5,0.525,0.0,0.0,0.0,1.9,3.5,0.525,0.525,0.8,1.5,0.5,1.3,2.1,3.4,0.4,0.4,0.4,1.1,1.9,4.5,0.0,0.0,1230.0,0.0,0.0,0.0,0.0,0.0,0.0,0.0,0.0,0.0,0.0,0.0,0.0,0.0,34.0,10.0,441.0,63.0,120.0,0.525,0.0,0.0,0.0,63.0,120.0,0.525,0.525,26.0,52.0,0.5,44.0,73.0,117.0,13.0,13.0,12.0,38.0,64.0,152.0,0.0,12.0,0.532,0.0,0.433,11.4,21.4,16.1,4.9,1.6,2.3,21.0,18.9,-0.2,0.4,0.2,0.022,-3.4,-0.4,-3.8,-0.2,0.0,2010
308,Michael Finley,15.4,1.8,4.0,0.44,0.7,1.8,0.39,1.1,2.2,0.48,0.527,0.2,0.3,0.533,0.1,1.4,1.5,0.9,0.2,0.1,0.5,0.7,4.4,0.0,0.0,1230.0,0.0,0.0,0.0,0.0,0.0,0.0,0.0,0.0,0.0,0.0,0.0,0.0,0.0,46.0,7.0,709.0,81.0,184.0,0.44,32.0,82.0,0.39,49.0,102.0,0.48,0.527,8.0,15.0,0.533,6.0,65.0,71.0,43.0,10.0,6.0,21.0,33.0,202.0,0.0,9.0,0.53,0.446,0.082,1.0,10.7,6.0,9.2,0.7,0.6,9.9,13.8,0.3,0.7,1.0,0.066,-0.9,-0.4,-1.3,0.1,0.0,2010
309,Keith Bogans,19.7,1.5,3.8,0.403,0.9,2.5,0.357,0.6,1.3,0.49,0.52,0.5,0.6,0.74,0.3,1.9,2.2,1.2,0.6,0.2,0.7,2.0,4.4,0.0,0.0,1230.0,0.0,0.0,0.0,0.0,0.0,0.0,0.0,0.0,0.0,0.0,0.0,0.0,0.0,79.0,50.0,1559.0,120.0,298.0,0.403,70.0,196.0,0.357,50.0,102.0,0.49,0.52,37.0,50.0,0.74,25.0,151.0,176.0,95.0,45.0,12.0,53.0,156.0,347.0,0.0,7.7,0.542,0.658,0.168,1.9,11.2,6.6,8.5,1.5,0.6,14.2,11.0,0.7,1.9,2.6,0.081,-2.7,1.5,-1.2,0.3,0.0,2010
310,Ricky Davis,13.9,1.7,4.0,0.434,0.4,1.2,0.381,1.3,2.8,0.455,0.49,0.5,0.9,0.581,0.3,1.3,1.6,1.1,0.3,0.1,0.8,1.1,4.4,0.0,0.0,1230.0,0.0,0.0,0.0,0.0,0.0,0.0,0.0,0.0,0.0,0.0,0.0,0.0,0.0,36.0,2.0,499.0,62.0,143.0,0.434,16.0,42.0,0.381,46.0,101.0,0.455,0.49,18.0,31.0,0.581,10.0,47.0,57.0,39.0,11.0,3.0,29.0,39.0,158.0,0.0,8.5,0.504,0.294,0.217,2.3,11.0,6.6,12.3,1.1,0.4,15.6,16.8,-0.1,0.2,0.1,0.005,-3.0,-0.9,-4.0,-0.2,0.0,2010
311,Chuck Hayes,21.6,2.0,4.0,0.489,0.0,0.0,0.0,2.0,4.0,0.489,0.489,0.4,0.8,0.545,1.8,3.8,5.7,1.7,0.9,0.5,0.9,2.7,4.4,0.0,0.0,1230.0,0.0,0.0,0.0,0.0,0.0,0.0,0.0,0.0,0.0,0.0,0.0,0.0,0.0,82.0,82.0,1773.0,161.0,329.0,0.489,0.0,0.0,0.0,161.0,329.0,0.489,0.489,36.0,66.0,0.545,151.0,314.0,465.0,139.0,73.0,43.0,74.0,219.0,358.0,0.0,11.7,0.5,0.0,0.201,9.4,21.1,15.0,11.4,2.1,1.8,17.1,10.8,1.2,2.4,3.6,0.098,-2.2,2.0,-0.2,0.8,0.0,2010
312,Acie Law,9.0,1.3,2.9,0.467,0.2,0.6,0.313,1.2,2.3,0.508,0.5,1.5,1.9,0.776,0.1,0.5,0.7,1.0,0.4,0.0,0.7,0.6,4.3,0.0,0.0,1230.0,0.0,0.0,0.0,0.0,0.0,0.0,0.0,0.0,0.0,0.0,0.0,0.0,0.0,26.0,1.0,234.0,35.0,75.0,0.467,5.0,16.0,0.313,30.0,59.0,0.508,0.5,38.0,49.0,0.776,3.0,14.0,17.0,26.0,11.0,1.0,17.0,16.0,113.0,0.0,16.0,0.585,0.213,0.653,1.4,6.6,4.1,17.5,2.3,0.4,15.0,21.7,0.3,0.2,0.6,0.115,-0.6,-0.4,-1.0,0.1,0.0,2010
313,Josh McRoberts,12.5,1.8,3.5,0.521,0.2,0.5,0.348,1.6,2.9,0.553,0.548,0.5,0.9,0.5,1.0,2.1,3.0,1.0,0.4,0.4,0.5,1.8,4.3,0.0,0.0,1230.0,0.0,0.0,0.0,0.0,0.0,0.0,0.0,0.0,0.0,0.0,0.0,0.0,0.0,42.0,3.0,524.0,76.0,146.0,0.521,8.0,23.0,0.348,68.0,123.0,0.553,0.548,19.0,38.0,0.5,40.0,87.0,127.0,44.0,17.0,16.0,19.0,74.0,179.0,0.0,14.8,0.55,0.158,0.26,8.3,18.2,13.2,13.5,1.6,2.2,10.5,15.3,0.8,0.7,1.5,0.134,-1.1,0.9,-0.2,0.2,0.0,2010
314,Zaza Pachulia,14.0,1.5,3.2,0.488,0.0,0.1,0.0,1.5,3.1,0.496,0.488,1.2,1.8,0.65,1.5,2.3,3.8,0.5,0.5,0.4,0.7,2.4,4.3,0.0,0.0,1230.0,0.0,0.0,0.0,0.0,0.0,0.0,0.0,0.0,0.0,0.0,0.0,0.0,0.0,78.0,1.0,1089.0,120.0,246.0,0.488,0.0,4.0,0.0,120.0,242.0,0.496,0.488,93.0,143.0,0.65,117.0,176.0,293.0,42.0,37.0,31.0,58.0,186.0,333.0,0.0,13.1,0.539,0.016,0.581,12.4,19.0,15.7,5.6,1.8,2.2,15.8,15.5,1.2,1.5,2.7,0.121,-2.7,0.2,-2.5,-0.1,0.0,2010
315,Ronnie Price,13.4,1.6,4.0,0.405,0.3,1.1,0.286,1.3,3.0,0.447,0.442,0.7,1.0,0.695,0.5,0.8,1.2,2.1,0.7,0.2,0.9,1.8,4.3,0.0,0.0,1230.0,0.0,0.0,0.0,0.0,0.0,0.0,0.0,0.0,0.0,0.0,0.0,0.0,0.0,60.0,4.0,806.0,98.0,242.0,0.405,18.0,63.0,0.286,80.0,179.0,0.447,0.442,41.0,59.0,0.695,28.0,46.0,74.0,123.0,40.0,13.0,56.0,109.0,255.0,0.0,10.3,0.476,0.26,0.244,4.2,6.6,5.4,22.0,2.5,1.3,17.3,18.0,-0.1,1.0,0.9,0.056,-2.5,1.2,-1.3,0.1,0.0,2010
316,Marcus Williams,14.1,1.7,4.4,0.384,0.4,1.3,0.296,1.3,3.1,0.421,0.428,0.6,0.9,0.673,0.2,1.3,1.5,2.6,0.5,0.0,1.2,0.7,4.3,0.0,0.0,1230.0,0.0,0.0,0.0,0.0,0.0,0.0,0.0,0.0,0.0,0.0,0.0,0.0,0.0,62.0,1.0,872.0,104.0,271.0,0.384,24.0,81.0,0.296,80.0,190.0,0.421,0.428,37.0,55.0,0.673,13.0,80.0,93.0,161.0,32.0,1.0,74.0,43.0,269.0,0.0,10.6,0.456,0.299,0.203,1.7,10.7,6.2,26.7,1.9,0.1,20.0,18.5,-0.4,0.5,0.0,0.002,-1.6,-1.5,-3.1,-0.2,0.0,2010
317,Joey Graham,12.0,1.7,3.2,0.52,0.0,0.2,0.154,1.6,3.0,0.545,0.525,0.9,1.2,0.74,0.6,1.3,2.0,0.3,0.4,0.1,0.7,1.7,4.2,0.0,0.0,1230.0,0.0,0.0,0.0,0.0,0.0,0.0,0.0,0.0,0.0,0.0,0.0,0.0,0.0,63.0,18.0,759.0,105.0,202.0,0.52,2.0,13.0,0.154,103.0,189.0,0.545,0.525,54.0,73.0,0.74,39.0,84.0,123.0,22.0,23.0,7.0,43.0,104.0,266.0,0.0,10.6,0.568,0.064,0.361,6.0,12.7,9.3,4.5,1.5,0.7,15.5,16.2,0.5,0.6,1.1,0.072,-2.6,-0.3,-3.0,-0.2,0.0,2010
318,Stephen Graham,11.5,1.7,3.4,0.496,0.2,0.7,0.32,1.5,2.7,0.542,0.529,0.6,0.9,0.646,0.3,1.6,1.9,0.3,0.3,0.1,0.5,1.3,4.2,0.0,0.0,1230.0,0.0,0.0,0.0,0.0,0.0,0.0,0.0,0.0,0.0,0.0,0.0,0.0,0.0,70.0,8.0,804.0,119.0,240.0,0.496,16.0,50.0,0.32,103.0,190.0,0.542,0.529,42.0,65.0,0.646,24.0,111.0,135.0,23.0,20.0,10.0,36.0,94.0,296.0,0.0,11.2,0.551,0.208,0.271,3.7,16.3,10.1,5.0,1.3,1.0,11.8,17.6,0.4,1.2,1.6,0.094,-2.4,0.8,-1.6,0.1,0.0,2010
319,Anthony Johnson,13.1,1.6,3.6,0.441,0.4,1.3,0.333,1.2,2.3,0.5,0.5,0.6,0.6,0.95,0.3,1.3,1.5,2.0,0.4,0.0,0.8,1.0,4.2,0.0,0.0,1230.0,0.0,0.0,0.0,0.0,0.0,0.0,0.0,0.0,0.0,0.0,0.0,0.0,0.0,31.0,0.0,406.0,49.0,111.0,0.441,13.0,39.0,0.333,36.0,72.0,0.5,0.5,19.0,20.0,0.95,8.0,40.0,48.0,63.0,11.0,1.0,26.0,32.0,130.0,0.0,12.4,0.543,0.351,0.18,2.4,11.0,6.8,24.2,1.4,0.2,17.8,16.7,0.5,0.5,1.0,0.116,-0.7,0.7,0.0,0.2,0.0,2010
320,James Jones,14.0,1.2,3.3,0.361,1.0,2.5,0.411,0.2,0.8,0.207,0.517,0.6,0.8,0.821,0.1,1.1,1.3,0.5,0.3,0.1,0.3,1.3,4.1,0.0,0.0,1230.0,0.0,0.0,0.0,0.0,0.0,0.0,0.0,0.0,0.0,0.0,0.0,0.0,0.0,36.0,6.0,503.0,43.0,119.0,0.361,37.0,90.0,0.411,6.0,29.0,0.207,0.517,23.0,28.0,0.821,4.0,41.0,45.0,17.0,11.0,4.0,11.0,45.0,146.0,0.0,8.8,0.556,0.756,0.235,0.9,9.5,5.3,5.1,1.2,0.6,7.7,13.3,0.5,0.5,1.0,0.099,-1.4,0.2,-1.2,0.1,0.0,2010
321,Joel Przybilla,22.7,1.5,2.9,0.523,0.0,0.0,0.0,1.5,2.9,0.523,0.523,1.1,1.7,0.647,2.4,5.5,7.9,0.3,0.3,1.4,1.3,3.2,4.1,0.0,0.0,1230.0,0.0,0.0,0.0,0.0,0.0,0.0,0.0,0.0,0.0,0.0,0.0,0.0,0.0,30.0,9.0,681.0,45.0,86.0,0.523,0.0,0.0,0.0,45.0,86.0,0.523,0.523,33.0,51.0,0.647,72.0,166.0,238.0,8.0,8.0,43.0,39.0,95.0,123.0,0.0,11.2,0.567,0.0,0.593,13.0,30.4,21.6,1.7,0.6,5.1,26.5,10.3,0.3,1.2,1.4,0.101,-2.9,1.6,-1.3,0.1,0.0,2010
322,Jermaine Taylor,9.8,1.5,3.8,0.378,0.2,0.7,0.227,1.3,3.1,0.412,0.399,1.1,1.5,0.717,0.7,0.8,1.5,0.5,0.3,0.1,0.6,0.5,4.1,0.0,0.0,1230.0,0.0,0.0,0.0,0.0,0.0,0.0,0.0,0.0,0.0,0.0,0.0,0.0,0.0,31.0,4.0,303.0,45.0,119.0,0.378,5.0,22.0,0.227,40.0,97.0,0.412,0.399,33.0,46.0,0.717,21.0,25.0,46.0,16.0,10.0,3.0,19.0,15.0,128.0,0.0,11.4,0.46,0.185,0.387,7.7,9.8,8.7,8.4,1.7,0.7,12.0,23.1,-0.1,0.2,0.1,0.015,-1.8,-2.1,-3.9,-0.2,0.0,2010
323,Jawad Williams,13.7,1.5,3.8,0.393,0.6,1.7,0.323,0.9,2.1,0.451,0.466,0.6,0.8,0.711,0.3,1.2,1.5,0.6,0.2,0.1,0.3,1.4,4.1,0.0,0.0,1230.0,0.0,0.0,0.0,0.0,0.0,0.0,0.0,0.0,0.0,0.0,0.0,0.0,0.0,54.0,6.0,742.0,81.0,206.0,0.393,30.0,93.0,0.323,51.0,113.0,0.451,0.466,32.0,45.0,0.711,16.0,67.0,83.0,34.0,12.0,5.0,18.0,73.0,224.0,0.0,8.2,0.496,0.451,0.218,2.7,10.2,6.7,6.8,0.8,0.5,7.4,15.3,0.3,0.7,1.1,0.069,-3.1,-1.0,-4.1,-0.4,0.0,2010
324,Coby Karl,16.1,1.6,4.6,0.344,0.3,1.6,0.182,1.3,3.0,0.429,0.375,0.6,0.9,0.667,0.6,2.0,2.6,2.1,0.4,0.1,1.4,2.0,4.0,0.0,0.0,1230.0,0.0,0.0,0.0,0.0,0.0,0.0,0.0,0.0,0.0,0.0,0.0,0.0,0.0,7.0,1.0,113.0,11.0,32.0,0.344,2.0,11.0,0.182,9.0,21.0,0.429,0.375,4.0,6.0,0.667,4.0,14.0,18.0,15.0,3.0,1.0,10.0,14.0,28.0,0.0,5.1,0.404,0.344,0.188,3.9,14.0,8.9,17.9,1.3,0.6,22.4,17.0,-0.2,0.0,-0.2,-0.076,-5.0,-0.7,-5.7,-0.1,0.0,2010
325,Chucky Atkins,16.1,1.4,3.9,0.363,0.6,1.8,0.301,0.9,2.1,0.417,0.433,0.6,0.7,0.926,0.1,0.6,0.7,2.3,0.4,0.0,0.8,1.3,4.0,0.0,0.0,1230.0,0.0,0.0,0.0,0.0,0.0,0.0,0.0,0.0,0.0,0.0,0.0,0.0,0.0,40.0,11.0,644.0,57.0,157.0,0.363,22.0,73.0,0.301,35.0,84.0,0.417,0.433,25.0,27.0,0.926,5.0,24.0,29.0,91.0,17.0,0.0,32.0,53.0,161.0,0.0,8.3,0.477,0.465,0.172,0.9,4.8,2.7,21.6,1.4,0.0,15.9,14.4,0.2,0.1,0.2,0.017,-2.9,-1.4,-4.3,-0.4,0.0,2010
326,Josh Boone,16.6,1.9,3.5,0.525,0.0,0.0,0.0,1.9,3.5,0.525,0.525,0.3,0.9,0.328,2.0,3.0,5.0,0.5,0.5,0.8,0.6,1.8,4.0,0.0,0.0,1230.0,0.0,0.0,0.0,0.0,0.0,0.0,0.0,0.0,0.0,0.0,0.0,0.0,0.0,63.0,28.0,1045.0,117.0,223.0,0.525,0.0,0.0,0.0,117.0,223.0,0.525,0.525,19.0,58.0,0.328,124.0,191.0,315.0,29.0,30.0,48.0,37.0,111.0,253.0,0.0,13.7,0.509,0.0,0.26,13.1,22.0,17.4,4.6,1.5,3.4,13.0,12.5,0.7,1.1,1.8,0.084,-1.8,-0.2,-2.0,0.0,0.0,2010
327,Ryan Bowen,8.0,1.0,1.0,1.0,0.0,0.0,0.0,1.0,1.0,1.0,1.0,2.0,2.0,1.0,1.0,1.0,2.0,0.0,1.0,0.0,0.0,2.0,4.0,0.0,0.0,1230.0,0.0,0.0,0.0,0.0,0.0,0.0,0.0,0.0,0.0,0.0,0.0,0.0,0.0,1.0,0.0,8.0,1.0,1.0,1.0,0.0,0.0,0.0,1.0,1.0,1.0,1.0,2.0,2.0,1.0,1.0,1.0,2.0,0.0,1.0,0.0,0.0,2.0,4.0,0.0,31.3,1.064,0.0,2.0,14.7,14.0,14.3,0.0,6.4,0.0,0.0,10.5,0.1,0.0,0.1,0.509,4.1,7.7,11.8,0.0,0.0,2010
328,Solomon Jones,13.0,1.5,3.4,0.443,0.0,0.1,0.0,1.5,3.3,0.451,0.443,1.0,1.4,0.718,1.0,1.8,2.8,0.6,0.3,0.7,0.8,2.4,4.0,0.0,0.0,1230.0,0.0,0.0,0.0,0.0,0.0,0.0,0.0,0.0,0.0,0.0,0.0,0.0,0.0,52.0,2.0,675.0,78.0,176.0,0.443,0.0,3.0,0.0,78.0,173.0,0.451,0.443,51.0,71.0,0.718,51.0,93.0,144.0,32.0,14.0,37.0,40.0,125.0,207.0,0.0,9.9,0.499,0.017,0.403,8.2,15.1,11.6,7.3,1.0,3.9,16.2,16.1,0.0,0.8,0.8,0.058,-5.0,0.8,-4.2,-0.4,0.0,2010
329,Leon Powe,11.8,1.1,2.5,0.429,0.0,0.0,0.0,1.1,2.5,0.429,0.429,1.9,3.2,0.587,1.0,2.1,3.1,0.0,0.3,0.1,0.6,1.8,4.0,0.0,0.0,1230.0,0.0,0.0,0.0,0.0,0.0,0.0,0.0,0.0,0.0,0.0,0.0,0.0,0.0,20.0,2.0,236.0,21.0,49.0,0.429,0.0,0.0,0.0,21.0,49.0,0.429,0.429,37.0,63.0,0.587,19.0,42.0,61.0,0.0,6.0,2.0,11.0,36.0,79.0,0.0,10.2,0.515,0.0,1.286,10.1,20.2,15.4,0.0,1.3,0.7,12.5,17.3,0.1,0.3,0.5,0.097,-4.6,-1.1,-5.8,-0.2,0.0,2010
330,Mike Wilks,14.8,1.5,3.0,0.5,0.5,0.8,0.667,1.0,2.3,0.444,0.583,0.5,1.0,0.5,0.3,0.8,1.0,1.0,0.0,0.0,1.0,1.3,4.0,0.0,0.0,1230.0,0.0,0.0,0.0,0.0,0.0,0.0,0.0,0.0,0.0,0.0,0.0,0.0,0.0,4.0,0.0,59.0,6.0,12.0,0.5,2.0,3.0,0.667,4.0,9.0,0.444,0.583,2.0,4.0,0.5,1.0,3.0,4.0,4.0,0.0,0.0,4.0,5.0,16.0,0.0,5.9,0.581,0.25,0.333,2.0,5.7,3.9,10.1,0.0,0.0,22.5,13.5,0.0,0.0,0.0,0.023,-3.4,-2.8,-6.2,-0.1,0.0,2010
331,Dante Cunningham,11.2,1.7,3.4,0.495,0.0,0.0,0.0,1.7,3.4,0.5,0.495,0.5,0.8,0.646,0.9,1.7,2.5,0.2,0.4,0.3,0.2,1.5,3.9,0.0,0.0,1230.0,0.0,0.0,0.0,0.0,0.0,0.0,0.0,0.0,0.0,0.0,0.0,0.0,0.0,63.0,2.0,707.0,106.0,214.0,0.495,0.0,2.0,0.0,106.0,212.0,0.5,0.495,31.0,48.0,0.646,54.0,106.0,160.0,14.0,24.0,22.0,15.0,97.0,243.0,0.0,14.3,0.517,0.009,0.224,9.4,18.7,14.0,3.3,1.9,2.5,6.0,16.8,0.9,1.0,1.9,0.129,-2.0,0.2,-1.8,0.0,0.0,2010
332,James Johnson,11.6,1.5,3.2,0.452,0.2,0.7,0.326,1.2,2.5,0.488,0.488,0.8,1.1,0.729,0.5,1.4,2.0,0.7,0.3,0.7,1.0,1.9,3.9,0.0,0.0,1230.0,0.0,0.0,0.0,0.0,0.0,0.0,0.0,0.0,0.0,0.0,0.0,0.0,0.0,65.0,11.0,757.0,95.0,210.0,0.452,15.0,46.0,0.326,80.0,164.0,0.488,0.488,51.0,70.0,0.729,34.0,94.0,128.0,48.0,21.0,43.0,62.0,126.0,256.0,0.0,10.4,0.532,0.219,0.333,5.1,13.6,9.4,9.8,1.4,4.3,20.5,18.0,-0.3,1.1,0.8,0.054,-4.0,1.5,-2.4,-0.1,0.0,2010
333,Ian Mahinmi,6.3,1.3,2.1,0.636,0.0,0.0,0.0,1.3,2.1,0.636,0.636,1.2,1.8,0.66,0.5,1.5,2.0,0.1,0.1,0.3,0.6,1.2,3.9,0.0,0.0,1230.0,0.0,0.0,0.0,0.0,0.0,0.0,0.0,0.0,0.0,0.0,0.0,0.0,0.0,26.0,0.0,165.0,35.0,55.0,0.636,0.0,0.0,0.0,35.0,55.0,0.636,0.636,31.0,47.0,0.66,13.0,39.0,52.0,2.0,3.0,8.0,15.0,32.0,101.0,0.0,21.6,0.667,0.0,0.855,9.4,27.2,18.5,2.1,1.0,3.5,16.5,25.2,0.4,0.3,0.7,0.206,-1.5,0.7,-0.8,0.1,0.0,2010
334,Rasho Nesterović,9.8,1.9,3.5,0.544,0.0,0.0,0.0,1.9,3.5,0.544,0.544,0.0,0.1,0.2,0.9,1.2,2.1,0.6,0.2,0.4,0.4,1.3,3.9,0.0,0.0,1230.0,0.0,0.0,0.0,0.0,0.0,0.0,0.0,0.0,0.0,0.0,0.0,0.0,0.0,42.0,8.0,413.0,81.0,149.0,0.544,0.0,0.0,0.0,81.0,149.0,0.544,0.544,1.0,5.0,0.2,37.0,52.0,89.0,25.0,10.0,17.0,16.0,54.0,163.0,0.0,16.0,0.539,0.0,0.034,10.9,14.5,12.7,9.9,1.2,3.2,9.6,18.5,0.6,0.2,0.8,0.089,-0.2,-1.0,-1.2,0.1,0.0,2010
335,Julian Wright,12.8,1.7,3.4,0.5,0.0,0.1,0.333,1.7,3.3,0.504,0.504,0.4,0.6,0.61,0.9,1.3,2.1,0.6,0.4,0.3,0.6,0.7,3.8,0.0,0.0,1230.0,0.0,0.0,0.0,0.0,0.0,0.0,0.0,0.0,0.0,0.0,0.0,0.0,0.0,68.0,14.0,871.0,116.0,232.0,0.5,2.0,6.0,0.333,114.0,226.0,0.504,0.504,25.0,41.0,0.61,58.0,86.0,144.0,41.0,29.0,18.0,44.0,45.0,259.0,0.0,11.8,0.518,0.026,0.177,7.7,11.8,9.7,7.0,1.7,1.6,15.0,15.4,0.2,0.6,0.8,0.044,-1.6,-0.5,-2.1,0.0,0.0,2010
336,Eddy Curry,8.9,1.1,3.0,0.381,0.0,0.0,0.0,1.1,3.0,0.381,0.381,1.4,2.4,0.588,0.6,1.3,1.9,0.0,0.0,0.1,1.9,1.9,3.7,0.0,0.0,1230.0,0.0,0.0,0.0,0.0,0.0,0.0,0.0,0.0,0.0,0.0,0.0,0.0,0.0,7.0,0.0,62.0,8.0,21.0,0.381,0.0,0.0,0.0,8.0,21.0,0.381,0.381,10.0,17.0,0.588,4.0,9.0,13.0,0.0,0.0,1.0,13.0,13.0,26.0,0.0,-1.9,0.456,0.0,0.81,7.2,16.8,11.9,0.0,0.0,1.2,31.3,30.2,-0.4,0.0,-0.3,-0.258,-14.4,-4.1,-18.5,-0.3,0.0,2010
337,Sasha Pavlović,12.4,1.5,4.2,0.363,0.5,1.7,0.297,1.0,2.6,0.407,0.422,0.1,0.4,0.385,0.2,1.5,1.6,0.8,0.3,0.1,0.7,1.2,3.7,0.0,0.0,1230.0,0.0,0.0,0.0,0.0,0.0,0.0,0.0,0.0,0.0,0.0,0.0,0.0,0.0,71.0,0.0,877.0,109.0,300.0,0.363,35.0,118.0,0.297,74.0,182.0,0.407,0.422,10.0,26.0,0.385,12.0,105.0,117.0,58.0,23.0,6.0,53.0,84.0,263.0,0.0,5.4,0.422,0.393,0.087,1.5,13.6,7.5,10.0,1.3,0.5,14.5,18.1,-1.5,0.3,-1.2,-0.063,-5.0,-1.2,-6.2,-0.9,0.0,2010
338,Shelden Williams,11.1,1.2,2.2,0.521,0.0,0.0,0.0,1.2,2.2,0.525,0.521,1.4,1.8,0.765,0.9,1.8,2.7,0.4,0.2,0.4,0.6,1.6,3.7,0.0,0.0,1230.0,0.0,0.0,0.0,0.0,0.0,0.0,0.0,0.0,0.0,0.0,0.0,0.0,0.0,54.0,0.0,597.0,63.0,121.0,0.521,0.0,1.0,0.0,63.0,120.0,0.525,0.521,75.0,98.0,0.765,47.0,99.0,146.0,21.0,13.0,21.0,30.0,85.0,201.0,0.0,14.1,0.612,0.008,0.81,9.9,19.8,15.0,5.3,1.1,2.8,15.5,15.3,1.1,0.9,2.0,0.162,-2.0,0.6,-1.4,0.1,0.0,2010
339,Theo Ratliff,16.5,1.4,3.1,0.461,0.0,0.0,0.0,1.4,3.1,0.461,0.461,0.8,1.0,0.76,1.2,2.0,3.2,0.5,0.2,1.2,0.8,1.8,3.6,0.0,0.0,1230.0,0.0,0.0,0.0,0.0,0.0,0.0,0.0,0.0,0.0,0.0,0.0,0.0,0.0,49.0,29.0,807.0,70.0,152.0,0.461,0.0,0.0,0.0,70.0,152.0,0.461,0.461,38.0,50.0,0.76,59.0,98.0,157.0,25.0,12.0,61.0,41.0,87.0,178.0,0.0,10.3,0.511,0.0,0.329,8.9,14.3,11.6,4.7,0.8,6.0,19.1,12.3,0.1,1.4,1.4,0.084,-3.9,1.8,-2.1,0.0,0.0,2010
340,Marcin Gortat,13.4,1.5,2.8,0.533,0.0,0.0,0.0,1.5,2.8,0.54,0.533,0.6,0.9,0.68,1.3,2.9,4.2,0.2,0.2,0.9,0.6,1.7,3.6,0.0,0.0,1230.0,0.0,0.0,0.0,0.0,0.0,0.0,0.0,0.0,0.0,0.0,0.0,0.0,0.0,81.0,0.0,1088.0,121.0,227.0,0.533,0.0,3.0,0.0,121.0,224.0,0.54,0.533,51.0,75.0,0.68,104.0,237.0,341.0,17.0,17.0,70.0,46.0,138.0,293.0,0.0,13.9,0.563,0.013,0.33,11.5,24.3,18.1,2.4,0.8,4.8,15.0,13.0,1.2,2.2,3.4,0.151,-1.7,1.7,0.1,0.6,0.0,2010
341,Ime Udoka,13.7,1.3,3.5,0.378,0.4,1.3,0.286,0.9,2.2,0.433,0.432,0.6,0.8,0.737,0.7,2.0,2.8,0.8,0.5,0.1,0.6,1.2,3.6,0.0,0.0,1230.0,0.0,0.0,0.0,0.0,0.0,0.0,0.0,0.0,0.0,0.0,0.0,0.0,0.0,69.0,2.0,944.0,91.0,241.0,0.378,26.0,91.0,0.286,65.0,150.0,0.433,0.432,42.0,57.0,0.737,51.0,140.0,191.0,58.0,34.0,6.0,42.0,83.0,250.0,0.0,9.6,0.47,0.378,0.237,6.1,17.2,11.6,8.8,1.8,0.5,13.6,14.4,0.0,0.8,0.8,0.041,-2.2,0.3,-1.9,0.0,0.0,2010
342,Jamaal Tinsley,15.5,1.4,3.7,0.371,0.2,1.0,0.179,1.2,2.7,0.446,0.396,0.6,0.7,0.815,0.3,1.4,1.7,2.8,0.9,0.1,1.7,1.8,3.5,0.0,0.0,1230.0,0.0,0.0,0.0,0.0,0.0,0.0,0.0,0.0,0.0,0.0,0.0,0.0,0.0,38.0,1.0,589.0,52.0,140.0,0.371,7.0,39.0,0.179,45.0,101.0,0.446,0.396,22.0,27.0,0.815,11.0,55.0,66.0,108.0,33.0,5.0,63.0,67.0,133.0,0.0,7.8,0.438,0.279,0.193,2.2,10.9,6.5,25.4,2.9,0.6,29.3,16.0,-0.8,0.5,-0.3,-0.027,-4.5,0.2,-4.3,-0.3,0.0,2010
343,Alando Tucker,6.4,1.1,2.6,0.436,0.1,0.5,0.143,1.1,2.1,0.5,0.449,1.1,1.4,0.762,0.4,0.3,0.7,0.3,0.0,0.0,0.3,0.4,3.4,0.0,0.0,1230.0,0.0,0.0,0.0,0.0,0.0,0.0,0.0,0.0,0.0,0.0,0.0,0.0,0.0,15.0,0.0,96.0,17.0,39.0,0.436,1.0,7.0,0.143,16.0,32.0,0.5,0.449,16.0,21.0,0.762,6.0,4.0,10.0,4.0,0.0,0.0,5.0,6.0,51.0,0.0,13.4,0.529,0.179,0.538,7.4,4.6,5.9,6.4,0.0,0.0,9.4,24.4,0.1,0.0,0.1,0.061,-0.1,-3.9,-4.0,0.0,0.0,2010
344,Eduardo Nájera,14.9,1.3,3.2,0.425,0.4,1.4,0.297,0.9,1.8,0.524,0.49,0.3,0.5,0.583,0.7,1.8,2.5,0.6,0.6,0.3,0.5,2.0,3.4,0.0,0.0,1230.0,0.0,0.0,0.0,0.0,0.0,0.0,0.0,0.0,0.0,0.0,0.0,0.0,0.0,46.0,5.0,685.0,62.0,146.0,0.425,19.0,64.0,0.297,43.0,82.0,0.524,0.49,14.0,24.0,0.583,34.0,81.0,115.0,29.0,26.0,14.0,25.0,94.0,157.0,0.0,8.4,0.501,0.438,0.164,5.7,13.7,9.6,6.5,2.0,1.5,13.8,12.2,0.1,0.8,0.8,0.058,-3.7,0.6,-3.1,-0.2,0.0,2010
345,Reggie Evans,11.1,1.2,2.5,0.493,0.0,0.0,0.0,1.2,2.5,0.493,0.493,1.0,2.1,0.45,1.1,2.7,3.8,0.3,0.5,0.1,0.8,1.6,3.4,0.0,0.0,1230.0,0.0,0.0,0.0,0.0,0.0,0.0,0.0,0.0,0.0,0.0,0.0,0.0,0.0,28.0,1.0,311.0,34.0,69.0,0.493,0.0,0.0,0.0,34.0,69.0,0.493,0.493,27.0,60.0,0.45,30.0,75.0,105.0,8.0,14.0,4.0,22.0,44.0,95.0,0.0,11.4,0.498,0.0,0.87,11.7,27.7,19.9,3.7,2.3,1.0,18.7,17.2,-0.1,0.3,0.2,0.033,-3.5,-1.1,-4.6,-0.2,0.0,2010
346,Johan Petro,12.1,1.5,2.8,0.535,0.0,0.0,0.0,1.5,2.8,0.54,0.535,0.4,0.6,0.667,0.9,2.7,3.6,0.4,0.3,0.4,0.6,2.2,3.4,0.0,0.0,1230.0,0.0,0.0,0.0,0.0,0.0,0.0,0.0,0.0,0.0,0.0,0.0,0.0,0.0,36.0,16.0,436.0,54.0,101.0,0.535,0.0,1.0,0.0,54.0,100.0,0.54,0.535,14.0,21.0,0.667,32.0,97.0,129.0,14.0,10.0,13.0,23.0,80.0,122.0,0.0,10.7,0.553,0.01,0.208,8.5,25.4,17.1,4.8,1.2,2.2,17.3,13.6,0.2,0.6,0.8,0.089,-3.9,0.2,-3.6,-0.2,0.0,2010
347,Jason Smith,11.8,1.3,3.1,0.431,0.2,0.5,0.345,1.2,2.6,0.448,0.46,0.5,0.8,0.69,1.0,1.4,2.4,0.6,0.4,0.5,0.6,2.0,3.4,0.0,0.0,1230.0,0.0,0.0,0.0,0.0,0.0,0.0,0.0,0.0,0.0,0.0,0.0,0.0,0.0,56.0,2.0,658.0,75.0,174.0,0.431,10.0,29.0,0.345,65.0,145.0,0.448,0.46,29.0,42.0,0.69,54.0,81.0,135.0,33.0,21.0,28.0,35.0,110.0,189.0,0.0,10.6,0.491,0.167,0.241,9.5,14.7,12.1,7.5,1.7,3.4,15.4,15.8,0.1,0.6,0.7,0.048,-3.9,-0.4,-4.3,-0.4,0.0,2010
348,Aaron Gray,9.7,1.3,2.6,0.512,0.0,0.0,0.0,1.3,2.6,0.512,0.512,0.6,0.9,0.714,1.4,1.9,3.3,0.7,0.3,0.3,0.6,1.7,3.3,0.0,0.0,1230.0,0.0,0.0,0.0,0.0,0.0,0.0,0.0,0.0,0.0,0.0,0.0,0.0,0.0,32.0,0.0,311.0,42.0,82.0,0.512,0.0,0.0,0.0,42.0,82.0,0.512,0.512,20.0,28.0,0.714,45.0,61.0,106.0,22.0,9.0,11.0,18.0,54.0,104.0,0.0,16.6,0.551,0.0,0.341,16.7,23.1,19.8,10.6,1.5,2.7,16.0,16.4,0.5,0.4,0.9,0.142,-1.1,-0.2,-1.3,0.1,0.0,2010
349,Derrick Brown,9.4,1.2,2.6,0.463,0.0,0.1,0.286,1.2,2.5,0.471,0.469,0.8,1.3,0.667,0.5,0.8,1.4,0.3,0.4,0.2,0.3,0.9,3.3,0.0,0.0,1230.0,0.0,0.0,0.0,0.0,0.0,0.0,0.0,0.0,0.0,0.0,0.0,0.0,0.0,57.0,0.0,535.0,68.0,147.0,0.463,2.0,7.0,0.286,66.0,140.0,0.471,0.469,48.0,72.0,0.667,31.0,47.0,78.0,19.0,21.0,10.0,19.0,53.0,186.0,0.0,12.6,0.52,0.048,0.49,7.1,10.4,8.8,6.0,2.1,1.5,9.6,17.2,0.5,0.8,1.3,0.114,-1.7,1.1,-0.6,0.2,0.0,2010
350,Kwame Brown,13.8,1.3,2.6,0.5,0.0,0.0,0.0,1.3,2.6,0.504,0.5,0.7,2.0,0.337,1.1,2.6,3.7,0.5,0.3,0.3,0.9,1.9,3.3,0.0,0.0,1230.0,0.0,0.0,0.0,0.0,0.0,0.0,0.0,0.0,0.0,0.0,0.0,0.0,0.0,48.0,1.0,660.0,62.0,124.0,0.5,0.0,1.0,0.0,62.0,123.0,0.504,0.5,33.0,98.0,0.337,53.0,124.0,177.0,22.0,15.0,12.0,43.0,93.0,157.0,0.0,7.9,0.47,0.008,0.79,9.1,24.3,16.2,5.1,1.2,1.5,20.5,14.7,-0.6,0.5,-0.1,-0.009,-5.0,-0.6,-5.6,-0.6,0.0,2010
351,Anthony Carter,15.9,1.4,3.4,0.42,0.3,1.2,0.27,1.1,2.2,0.5,0.467,0.2,0.2,0.846,0.3,1.3,1.6,3.0,0.7,0.2,1.1,1.3,3.3,0.0,0.0,1230.0,0.0,0.0,0.0,0.0,0.0,0.0,0.0,0.0,0.0,0.0,0.0,0.0,0.0,54.0,7.0,859.0,76.0,181.0,0.42,17.0,63.0,0.27,59.0,118.0,0.5,0.467,11.0,13.0,0.846,17.0,72.0,89.0,160.0,39.0,13.0,58.0,72.0,180.0,0.0,10.3,0.482,0.348,0.072,2.3,9.6,6.0,26.6,2.3,1.1,23.7,12.6,0.1,0.8,0.9,0.051,-1.7,0.9,-0.8,0.3,0.0,2010
352,Sundiata Gaines,6.8,1.2,2.6,0.463,0.2,0.8,0.269,1.0,1.8,0.554,0.506,0.7,1.4,0.5,0.2,0.7,0.9,1.2,0.4,0.0,0.4,0.5,3.3,0.0,0.0,1230.0,0.0,0.0,0.0,0.0,0.0,0.0,0.0,0.0,0.0,0.0,0.0,0.0,0.0,32.0,0.0,217.0,38.0,82.0,0.463,7.0,26.0,0.269,31.0,56.0,0.554,0.506,23.0,46.0,0.5,6.0,23.0,29.0,39.0,12.0,0.0,14.0,17.0,106.0,0.0,17.3,0.518,0.317,0.561,3.4,12.2,7.9,28.0,2.8,0.0,12.0,24.0,0.3,0.3,0.5,0.121,0.6,0.5,1.1,0.2,0.0,2010
353,Sean May,8.9,1.4,3.0,0.459,0.0,0.1,0.0,1.4,2.9,0.477,0.459,0.6,0.9,0.656,0.5,1.4,1.9,0.5,0.3,0.2,0.5,1.2,3.3,0.0,0.0,1230.0,0.0,0.0,0.0,0.0,0.0,0.0,0.0,0.0,0.0,0.0,0.0,0.0,0.0,37.0,4.0,331.0,51.0,111.0,0.459,0.0,4.0,0.0,51.0,107.0,0.477,0.459,21.0,32.0,0.656,20.0,50.0,70.0,17.0,12.0,7.0,19.0,46.0,123.0,0.0,11.7,0.492,0.036,0.288,6.8,17.5,12.1,8.1,1.9,1.5,13.2,19.3,0.0,0.3,0.3,0.044,-3.3,0.2,-3.1,-0.1,0.0,2010
354,Etan Thomas,14.0,1.3,3.0,0.456,0.0,0.0,0.0,1.3,3.0,0.456,0.456,0.6,1.0,0.591,0.8,2.0,2.8,0.0,0.2,0.7,0.8,1.7,3.3,0.0,0.0,1230.0,0.0,0.0,0.0,0.0,0.0,0.0,0.0,0.0,0.0,0.0,0.0,0.0,0.0,23.0,1.0,321.0,31.0,68.0,0.456,0.0,0.0,0.0,31.0,68.0,0.456,0.456,13.0,22.0,0.591,18.0,46.0,64.0,1.0,4.0,16.0,18.0,39.0,75.0,0.0,6.9,0.483,0.0,0.324,6.6,16.0,11.4,0.5,0.6,3.7,18.8,13.4,-0.2,0.4,0.2,0.028,-5.3,0.3,-5.0,-0.2,0.0,2010
355,Nathan Jawai,10.6,1.3,2.8,0.441,0.0,0.0,0.0,1.3,2.8,0.445,0.441,0.7,1.0,0.684,1.3,1.4,2.7,0.6,0.3,0.2,0.7,1.5,3.2,0.0,0.0,1230.0,0.0,0.0,0.0,0.0,0.0,0.0,0.0,0.0,0.0,0.0,0.0,0.0,0.0,39.0,2.0,412.0,49.0,111.0,0.441,0.0,1.0,0.0,49.0,110.0,0.445,0.441,26.0,38.0,0.684,49.0,55.0,104.0,24.0,10.0,9.0,27.0,58.0,124.0,0.0,11.0,0.485,0.009,0.342,13.1,15.2,14.1,8.7,1.2,1.6,17.5,16.3,0.0,0.2,0.3,0.031,-3.0,-0.8,-3.8,-0.2,0.0,2010
356,Jeff Teague,10.1,1.3,3.2,0.396,0.1,0.5,0.219,1.2,2.7,0.426,0.412,0.6,0.7,0.837,0.1,0.9,0.9,1.7,0.5,0.2,0.7,1.2,3.2,0.0,0.0,1230.0,0.0,0.0,0.0,0.0,0.0,0.0,0.0,0.0,0.0,0.0,0.0,0.0,0.0,71.0,3.0,719.0,90.0,227.0,0.396,7.0,32.0,0.219,83.0,195.0,0.426,0.412,41.0,49.0,0.837,5.0,62.0,67.0,122.0,34.0,11.0,50.0,82.0,228.0,0.0,11.0,0.459,0.141,0.216,0.8,10.2,5.4,25.1,2.5,1.2,16.7,19.1,-0.2,0.8,0.6,0.042,-3.8,0.3,-3.6,-0.3,0.0,2010
357,Jeff Foster,15.9,1.4,2.9,0.478,0.0,0.1,0.0,1.4,2.8,0.489,0.478,0.3,0.6,0.556,2.1,2.9,5.1,1.3,0.2,0.3,0.9,2.8,3.1,0.0,0.0,1230.0,0.0,0.0,0.0,0.0,0.0,0.0,0.0,0.0,0.0,0.0,0.0,0.0,0.0,16.0,3.0,255.0,22.0,46.0,0.478,0.0,1.0,0.0,22.0,45.0,0.489,0.478,5.0,9.0,0.556,34.0,47.0,81.0,21.0,3.0,4.0,14.0,45.0,49.0,0.0,9.6,0.49,0.022,0.196,14.4,20.3,17.3,12.1,0.6,1.1,21.9,11.1,0.2,0.3,0.4,0.085,-3.4,0.2,-3.2,-0.1,0.0,2010
358,Hasheem Thabeet,13.0,1.1,1.9,0.588,0.0,0.0,0.0,1.1,1.9,0.588,0.588,0.8,1.4,0.581,1.3,2.3,3.6,0.2,0.2,1.3,0.6,2.4,3.1,0.0,0.0,1230.0,0.0,0.0,0.0,0.0,0.0,0.0,0.0,0.0,0.0,0.0,0.0,0.0,0.0,68.0,13.0,883.0,77.0,131.0,0.588,0.0,0.0,0.0,77.0,131.0,0.588,0.588,54.0,93.0,0.581,85.0,158.0,243.0,11.0,15.0,89.0,43.0,162.0,208.0,0.0,12.9,0.605,0.0,0.71,11.2,20.9,16.1,1.7,0.9,7.7,20.0,10.7,0.8,1.2,2.0,0.109,-3.2,1.9,-1.2,0.2,0.0,2010
359,Roko Ukić,7.5,1.1,2.3,0.467,0.2,0.9,0.25,0.8,1.4,0.611,0.517,0.7,0.8,0.818,0.0,0.2,0.2,0.9,0.1,0.0,0.5,0.5,3.1,0.0,0.0,1230.0,0.0,0.0,0.0,0.0,0.0,0.0,0.0,0.0,0.0,0.0,0.0,0.0,0.0,13.0,0.0,97.0,14.0,30.0,0.467,3.0,12.0,0.25,11.0,18.0,0.611,0.517,9.0,11.0,0.818,0.0,3.0,3.0,12.0,1.0,0.0,6.0,6.0,40.0,0.0,12.2,0.574,0.4,0.367,0.0,3.7,1.8,20.0,0.5,0.0,14.7,19.1,0.1,0.1,0.2,0.101,-1.1,-0.7,-1.8,0.0,0.0,2010
360,Joe Smith,9.3,1.2,3.0,0.399,0.0,0.1,0.143,1.2,2.9,0.409,0.402,0.6,0.8,0.813,1.0,1.4,2.5,0.3,0.1,0.3,0.3,1.5,3.0,0.0,0.0,1230.0,0.0,0.0,0.0,0.0,0.0,0.0,0.0,0.0,0.0,0.0,0.0,0.0,0.0,64.0,1.0,592.0,77.0,193.0,0.399,1.0,7.0,0.143,76.0,186.0,0.409,0.402,39.0,48.0,0.813,66.0,91.0,157.0,21.0,6.0,19.0,22.0,95.0,194.0,0.0,11.2,0.453,0.036,0.249,12.9,18.1,15.5,5.3,0.5,2.4,9.3,18.4,0.3,0.6,0.9,0.077,-3.8,-1.6,-5.5,-0.5,0.0,2010
361,DaJuan Summers,9.2,1.0,3.0,0.354,0.3,1.0,0.357,0.7,2.0,0.352,0.412,0.6,0.9,0.711,0.3,0.7,1.0,0.4,0.2,0.2,0.4,1.2,3.0,0.0,0.0,1230.0,0.0,0.0,0.0,0.0,0.0,0.0,0.0,0.0,0.0,0.0,0.0,0.0,0.0,44.0,0.0,405.0,46.0,130.0,0.354,15.0,42.0,0.357,31.0,88.0,0.352,0.412,27.0,38.0,0.711,14.0,31.0,45.0,16.0,8.0,7.0,16.0,52.0,134.0,0.0,7.5,0.457,0.323,0.292,3.9,9.9,6.7,6.3,1.1,1.5,9.8,18.5,-0.1,0.1,0.0,0.002,-3.4,-1.8,-5.2,-0.3,0.0,2010
362,Kurt Thomas,15.0,1.4,3.0,0.476,0.0,0.0,0.0,1.4,3.0,0.476,0.476,0.2,0.2,0.8,1.2,3.0,4.2,0.7,0.4,0.7,0.7,2.3,3.0,0.0,0.0,1230.0,0.0,0.0,0.0,0.0,0.0,0.0,0.0,0.0,0.0,0.0,0.0,0.0,0.0,70.0,9.0,1049.0,99.0,208.0,0.476,0.0,0.0,0.0,99.0,208.0,0.476,0.476,12.0,15.0,0.8,84.0,207.0,291.0,47.0,26.0,46.0,48.0,159.0,210.0,0.0,9.9,0.489,0.0,0.072,8.7,23.5,15.8,6.7,1.3,3.4,18.3,11.3,0.0,2.0,2.1,0.095,-4.4,2.1,-2.2,-0.1,0.0,2010
363,Kyle Weaver,12.0,1.0,2.8,0.364,0.6,1.6,0.368,0.4,1.2,0.357,0.47,0.4,0.5,0.833,0.1,1.4,1.5,0.9,0.5,0.5,0.3,1.1,3.0,0.0,0.0,1230.0,0.0,0.0,0.0,0.0,0.0,0.0,0.0,0.0,0.0,0.0,0.0,0.0,0.0,12.0,0.0,144.0,12.0,33.0,0.364,7.0,19.0,0.368,5.0,14.0,0.357,0.47,5.0,6.0,0.833,1.0,17.0,18.0,11.0,6.0,6.0,4.0,13.0,36.0,0.0,10.7,0.505,0.576,0.182,0.8,13.2,7.2,11.1,2.1,3.1,10.1,12.4,0.1,0.2,0.3,0.106,-1.4,2.2,0.8,0.1,0.0,2010
364,DeMarre Carroll,11.2,1.2,3.1,0.396,0.0,0.1,0.0,1.2,3.0,0.407,0.396,0.5,0.7,0.623,0.7,1.4,2.1,0.5,0.4,0.1,0.3,1.5,2.9,0.0,0.0,1230.0,0.0,0.0,0.0,0.0,0.0,0.0,0.0,0.0,0.0,0.0,0.0,0.0,0.0,71.0,1.0,795.0,88.0,222.0,0.396,0.0,6.0,0.0,88.0,216.0,0.407,0.396,33.0,53.0,0.623,53.0,97.0,150.0,33.0,28.0,9.0,24.0,107.0,209.0,0.0,8.5,0.426,0.027,0.239,7.8,14.3,11.0,5.9,1.8,0.9,8.9,14.8,-0.1,0.6,0.5,0.031,-3.8,-0.4,-4.2,-0.4,0.0,2010
365,Jon Brockman,12.6,1.1,2.0,0.534,0.0,0.0,0.0,1.1,2.0,0.534,0.534,0.7,1.2,0.597,2.0,2.1,4.1,0.4,0.3,0.1,0.4,2.2,2.8,0.0,0.0,1230.0,0.0,0.0,0.0,0.0,0.0,0.0,0.0,0.0,0.0,0.0,0.0,0.0,0.0,52.0,4.0,654.0,55.0,103.0,0.534,0.0,0.0,0.0,55.0,103.0,0.534,0.534,37.0,62.0,0.597,105.0,108.0,213.0,22.0,15.0,5.0,23.0,115.0,147.0,0.0,12.4,0.564,0.0,0.602,18.2,19.2,18.7,4.8,1.2,0.6,15.0,10.4,1.2,0.5,1.7,0.125,-1.8,-1.2,-3.0,-0.2,0.0,2010
366,Dan Gadzuric,9.8,1.2,2.8,0.438,0.0,0.0,0.0,1.2,2.8,0.438,0.438,0.3,0.8,0.4,1.2,1.7,2.9,0.4,0.3,0.4,0.5,2.0,2.8,0.0,0.0,1230.0,0.0,0.0,0.0,0.0,0.0,0.0,0.0,0.0,0.0,0.0,0.0,0.0,0.0,32.0,6.0,314.0,39.0,89.0,0.438,0.0,0.0,0.0,39.0,89.0,0.438,0.438,10.0,25.0,0.4,38.0,54.0,92.0,12.0,9.0,13.0,15.0,63.0,88.0,0.0,10.5,0.44,0.0,0.281,13.1,20.5,16.6,6.0,1.5,3.3,13.0,16.6,-0.1,0.6,0.5,0.077,-5.2,0.7,-4.5,-0.2,0.0,2010
367,Sasha Vujačić,8.6,1.0,2.4,0.402,0.4,1.2,0.309,0.6,1.2,0.494,0.479,0.4,0.5,0.848,0.4,0.8,1.2,0.6,0.3,0.1,0.3,1.0,2.8,0.0,0.0,1230.0,0.0,0.0,0.0,0.0,0.0,0.0,0.0,0.0,0.0,0.0,0.0,0.0,0.0,67.0,1.0,575.0,66.0,164.0,0.402,25.0,81.0,0.309,41.0,83.0,0.494,0.479,28.0,33.0,0.848,25.0,54.0,79.0,41.0,20.0,4.0,17.0,67.0,185.0,0.0,11.4,0.518,0.494,0.201,4.9,10.4,7.7,10.5,1.8,0.5,8.7,15.2,0.7,0.7,1.4,0.12,-1.7,1.0,-0.7,0.2,0.0,2010
368,Joel Anthony,16.5,1.0,2.0,0.478,0.0,0.0,0.0,1.0,2.0,0.478,0.478,0.8,1.2,0.717,1.5,1.6,3.1,0.2,0.3,1.4,0.6,2.0,2.7,0.0,0.0,1230.0,0.0,0.0,0.0,0.0,0.0,0.0,0.0,0.0,0.0,0.0,0.0,0.0,0.0,80.0,16.0,1322.0,76.0,159.0,0.478,0.0,0.0,0.0,76.0,159.0,0.478,0.478,66.0,92.0,0.717,123.0,126.0,249.0,12.0,20.0,109.0,45.0,158.0,218.0,0.0,10.2,0.546,0.0,0.579,11.0,11.1,11.1,1.3,0.8,6.7,18.4,8.7,1.0,2.0,3.1,0.111,-3.4,1.7,-1.7,0.1,0.0,2010
369,Jeff Ayres,10.4,1.1,1.7,0.662,0.0,0.0,0.0,1.1,1.7,0.662,0.662,0.5,0.5,0.9,0.6,1.9,2.5,0.0,0.2,0.4,0.3,1.9,2.7,0.0,0.0,1230.0,0.0,0.0,0.0,0.0,0.0,0.0,0.0,0.0,0.0,0.0,0.0,0.0,0.0,39.0,4.0,405.0,43.0,65.0,0.662,0.0,0.0,0.0,43.0,65.0,0.662,0.662,18.0,20.0,0.9,25.0,73.0,98.0,1.0,7.0,16.0,12.0,76.0,104.0,0.0,12.1,0.705,0.0,0.308,7.6,22.5,15.0,0.4,0.9,3.2,14.0,10.1,0.8,0.6,1.3,0.156,-3.4,0.4,-3.0,-0.1,0.0,2010
370,Earl Clark,7.5,1.1,3.0,0.371,0.0,0.1,0.4,1.1,2.9,0.37,0.377,0.5,0.7,0.722,0.4,0.9,1.2,0.4,0.1,0.3,0.5,0.5,2.7,0.0,0.0,1230.0,0.0,0.0,0.0,0.0,0.0,0.0,0.0,0.0,0.0,0.0,0.0,0.0,0.0,51.0,0.0,383.0,56.0,151.0,0.371,2.0,5.0,0.4,54.0,146.0,0.37,0.377,26.0,36.0,0.722,18.0,44.0,62.0,21.0,7.0,13.0,23.0,25.0,140.0,0.0,8.5,0.42,0.033,0.238,5.6,12.3,9.1,7.8,0.9,2.4,12.1,21.9,-0.5,0.2,-0.3,-0.033,-3.9,-1.6,-5.5,-0.3,0.0,2010
371,Josh Powell,9.2,1.1,3.1,0.366,0.1,0.3,0.438,1.0,2.8,0.36,0.384,0.3,0.5,0.645,0.7,1.1,1.8,0.6,0.1,0.1,0.5,1.1,2.7,0.0,0.0,1230.0,0.0,0.0,0.0,0.0,0.0,0.0,0.0,0.0,0.0,0.0,0.0,0.0,0.0,63.0,0.0,581.0,71.0,194.0,0.366,7.0,16.0,0.438,64.0,178.0,0.36,0.384,20.0,31.0,0.645,44.0,72.0,116.0,35.0,9.0,6.0,33.0,71.0,169.0,0.0,6.7,0.407,0.082,0.16,8.5,13.7,11.2,9.0,0.8,0.8,13.7,18.6,-0.7,0.7,0.0,0.001,-5.2,-1.1,-6.3,-0.6,0.0,2010
372,Mardy Collins,10.9,1.1,3.0,0.367,0.1,0.4,0.235,1.0,2.6,0.387,0.383,0.3,0.5,0.619,0.3,0.9,1.2,1.0,0.5,0.0,0.7,1.0,2.6,0.0,0.0,1230.0,0.0,0.0,0.0,0.0,0.0,0.0,0.0,0.0,0.0,0.0,0.0,0.0,0.0,43.0,0.0,470.0,47.0,128.0,0.367,4.0,17.0,0.235,43.0,111.0,0.387,0.383,13.0,21.0,0.619,13.0,37.0,50.0,44.0,23.0,1.0,32.0,45.0,111.0,0.0,5.7,0.404,0.133,0.164,3.2,9.2,6.2,14.1,2.5,0.2,18.9,16.3,-0.8,0.3,-0.5,-0.049,-6.3,0.5,-5.8,-0.4,0.0,2010
373,Kyrylo Fesenko,8.3,1.1,1.9,0.547,0.0,0.0,0.0,1.1,1.9,0.553,0.547,0.5,1.2,0.421,0.7,1.2,1.8,0.3,0.1,0.4,0.5,1.6,2.6,0.0,0.0,1230.0,0.0,0.0,0.0,0.0,0.0,0.0,0.0,0.0,0.0,0.0,0.0,0.0,0.0,49.0,5.0,408.0,52.0,95.0,0.547,0.0,1.0,0.0,52.0,94.0,0.553,0.547,24.0,57.0,0.421,33.0,57.0,90.0,15.0,6.0,19.0,24.0,78.0,128.0,0.0,9.7,0.533,0.011,0.6,9.8,16.1,13.1,5.3,0.8,3.7,16.7,15.8,0.1,0.5,0.6,0.07,-4.7,0.2,-4.4,-0.3,0.0,2010
374,Gerald Henderson,8.3,0.9,2.4,0.356,0.1,0.4,0.211,0.8,2.0,0.388,0.375,0.8,1.1,0.745,0.3,0.9,1.3,0.3,0.2,0.2,0.3,0.6,2.6,0.0,0.0,1230.0,0.0,0.0,0.0,0.0,0.0,0.0,0.0,0.0,0.0,0.0,0.0,0.0,0.0,43.0,0.0,355.0,37.0,104.0,0.356,4.0,19.0,0.211,33.0,85.0,0.388,0.375,35.0,47.0,0.745,15.0,40.0,55.0,13.0,10.0,9.0,14.0,25.0,113.0,0.0,9.7,0.453,0.183,0.452,5.2,13.3,9.3,6.0,1.5,2.1,10.1,18.2,-0.1,0.5,0.4,0.056,-3.1,0.5,-2.5,0.0,0.0,2010
375,Othyus Jeffers,5.2,0.9,2.1,0.414,0.0,0.0,0.0,0.9,2.1,0.414,0.414,0.9,1.4,0.684,0.6,0.8,1.4,0.1,0.3,0.0,0.4,0.7,2.6,0.0,0.0,1230.0,0.0,0.0,0.0,0.0,0.0,0.0,0.0,0.0,0.0,0.0,0.0,0.0,0.0,14.0,0.0,73.0,12.0,29.0,0.414,0.0,0.0,0.0,12.0,29.0,0.414,0.414,13.0,19.0,0.684,8.0,11.0,19.0,1.0,4.0,0.0,6.0,10.0,37.0,0.0,13.6,0.495,0.0,0.655,13.3,17.4,15.4,2.1,2.8,0.0,13.8,26.7,0.0,0.1,0.1,0.067,-3.7,-1.0,-4.6,0.0,0.0,2010
376,Desmond Mason,13.2,1.0,2.4,0.417,0.0,0.0,0.0,1.0,2.4,0.417,0.417,0.6,0.8,0.75,0.8,1.8,2.6,0.4,0.2,0.2,0.8,1.0,2.6,0.0,0.0,1230.0,0.0,0.0,0.0,0.0,0.0,0.0,0.0,0.0,0.0,0.0,0.0,0.0,0.0,5.0,4.0,66.0,5.0,12.0,0.417,0.0,0.0,0.0,5.0,12.0,0.417,0.417,3.0,4.0,0.75,4.0,9.0,13.0,2.0,1.0,1.0,4.0,5.0,13.0,0.0,6.2,0.472,0.0,0.333,6.9,15.8,11.3,4.2,0.8,1.1,22.5,11.9,0.0,0.0,0.0,-0.007,-4.4,-1.4,-5.7,-0.1,0.0,2010
377,Patty Mills,3.8,1.0,2.4,0.417,0.2,0.4,0.5,0.8,2.0,0.4,0.458,0.4,0.7,0.571,0.1,0.1,0.2,0.5,0.0,0.0,0.4,0.6,2.6,0.0,0.0,1230.0,0.0,0.0,0.0,0.0,0.0,0.0,0.0,0.0,0.0,0.0,0.0,0.0,0.0,10.0,0.0,38.0,10.0,24.0,0.417,2.0,4.0,0.5,8.0,20.0,0.4,0.458,4.0,7.0,0.571,1.0,1.0,2.0,5.0,0.0,0.0,4.0,6.0,26.0,0.0,11.9,0.48,0.167,0.292,3.2,3.3,3.3,27.1,0.0,0.0,12.9,38.9,0.0,0.0,0.0,-0.036,-4.6,-5.6,-10.2,-0.1,0.0,2010
378,Sean Williams,11.4,1.1,2.5,0.429,0.0,0.1,0.0,1.1,2.4,0.438,0.429,0.5,1.0,0.526,1.1,1.3,2.3,0.1,0.4,1.0,1.0,2.1,2.6,0.0,0.0,1230.0,0.0,0.0,0.0,0.0,0.0,0.0,0.0,0.0,0.0,0.0,0.0,0.0,0.0,20.0,0.0,227.0,21.0,49.0,0.429,0.0,1.0,0.0,21.0,48.0,0.438,0.429,10.0,19.0,0.526,21.0,25.0,46.0,1.0,8.0,19.0,20.0,41.0,52.0,0.0,7.0,0.453,0.02,0.388,10.2,13.3,11.7,0.7,1.9,6.2,25.9,15.6,-0.4,0.3,-0.2,-0.036,-7.8,0.6,-7.2,-0.3,0.0,2010
379,Paul Davis,4.0,1.0,2.0,0.5,0.0,0.0,0.0,1.0,2.0,0.5,0.5,0.5,1.0,0.5,0.0,0.0,0.0,1.5,0.0,0.5,0.0,0.0,2.5,0.0,0.0,1230.0,0.0,0.0,0.0,0.0,0.0,0.0,0.0,0.0,0.0,0.0,0.0,0.0,0.0,2.0,0.0,8.0,2.0,4.0,0.5,0.0,0.0,0.0,2.0,4.0,0.5,0.5,1.0,2.0,0.5,0.0,0.0,0.0,3.0,0.0,1.0,0.0,0.0,5.0,0.0,33.3,0.512,0.0,0.5,0.0,0.0,0.0,73.8,0.0,9.5,0.0,27.6,0.0,0.0,0.0,0.295,11.9,6.3,18.2,0.0,0.0,2010
380,Marcus Haislip,4.4,1.0,2.1,0.476,0.3,0.5,0.6,0.7,1.6,0.438,0.548,0.2,0.5,0.4,0.4,0.6,1.0,0.0,0.0,0.2,0.3,0.5,2.5,0.0,0.0,1230.0,0.0,0.0,0.0,0.0,0.0,0.0,0.0,0.0,0.0,0.0,0.0,0.0,0.0,10.0,0.0,44.0,10.0,21.0,0.476,3.0,5.0,0.6,7.0,16.0,0.438,0.548,2.0,5.0,0.4,4.0,6.0,10.0,0.0,0.0,2.0,3.0,5.0,25.0,0.0,15.4,0.539,0.238,0.238,10.9,15.7,13.3,0.0,0.0,3.3,11.5,27.3,0.0,0.1,0.1,0.065,-0.3,-1.9,-2.2,0.0,0.0,2010
381,Steven Hunter,7.5,0.8,2.0,0.395,0.0,0.0,0.0,0.8,2.0,0.395,0.395,0.9,1.7,0.528,0.9,1.1,2.0,0.0,0.0,0.5,0.4,0.5,2.5,0.0,0.0,1230.0,0.0,0.0,0.0,0.0,0.0,0.0,0.0,0.0,0.0,0.0,0.0,0.0,0.0,21.0,0.0,158.0,17.0,43.0,0.395,0.0,0.0,0.0,17.0,43.0,0.395,0.395,19.0,36.0,0.528,18.0,24.0,42.0,0.0,1.0,10.0,9.0,10.0,53.0,0.0,11.6,0.45,0.0,0.837,13.3,17.8,15.5,0.0,0.3,4.8,13.3,18.8,-0.1,0.1,0.1,0.018,-2.5,-2.3,-4.8,-0.1,0.0,2010
382,Marcus Landry,6.2,0.9,2.4,0.372,0.5,1.6,0.321,0.4,0.8,0.467,0.477,0.2,0.3,0.6,0.3,0.8,1.1,0.0,0.1,0.1,0.3,0.8,2.4,0.0,0.0,1230.0,0.0,0.0,0.0,0.0,0.0,0.0,0.0,0.0,0.0,0.0,0.0,0.0,0.0,18.0,0.0,111.0,16.0,43.0,0.372,9.0,28.0,0.321,7.0,15.0,0.467,0.477,3.0,5.0,0.6,5.0,14.0,19.0,0.0,1.0,2.0,6.0,14.0,44.0,0.0,7.2,0.487,0.651,0.116,5.0,14.6,9.7,0.0,0.5,1.3,11.7,20.9,-0.1,0.0,-0.1,-0.034,-4.0,-3.5,-7.5,-0.1,0.0,2010
383,Tony Battie,8.9,0.9,2.7,0.35,0.1,0.3,0.25,0.9,2.4,0.361,0.363,0.5,0.7,0.7,0.3,1.3,1.5,0.2,0.3,0.1,0.2,1.3,2.4,0.0,0.0,1230.0,0.0,0.0,0.0,0.0,0.0,0.0,0.0,0.0,0.0,0.0,0.0,0.0,0.0,15.0,0.0,134.0,14.0,40.0,0.35,1.0,4.0,0.25,13.0,36.0,0.361,0.363,7.0,10.0,0.7,4.0,19.0,23.0,3.0,4.0,2.0,3.0,19.0,36.0,0.0,6.1,0.405,0.1,0.25,3.3,17.1,9.9,3.7,1.6,1.1,6.3,16.2,-0.1,0.1,0.0,-0.014,-6.2,-1.8,-8.0,-0.2,0.0,2010
384,Adam Morrison,7.8,1.0,2.7,0.376,0.2,0.7,0.238,0.9,2.1,0.422,0.406,0.2,0.3,0.625,0.3,0.7,1.0,0.6,0.1,0.1,0.3,0.5,2.4,0.0,0.0,1230.0,0.0,0.0,0.0,0.0,0.0,0.0,0.0,0.0,0.0,0.0,0.0,0.0,0.0,31.0,0.0,241.0,32.0,85.0,0.376,5.0,21.0,0.238,27.0,64.0,0.422,0.406,5.0,8.0,0.625,10.0,22.0,32.0,18.0,3.0,2.0,10.0,17.0,74.0,0.0,7.4,0.418,0.247,0.094,4.7,10.1,7.4,11.3,0.6,0.6,10.2,18.3,-0.2,0.2,0.0,0.009,-3.6,-1.1,-4.7,-0.2,0.0,2010
385,Luke Walton,9.4,1.0,2.9,0.357,0.2,0.6,0.412,0.8,2.3,0.343,0.399,0.1,0.1,0.5,0.4,0.9,1.3,1.4,0.3,0.0,0.4,0.7,2.4,0.0,0.0,1230.0,0.0,0.0,0.0,0.0,0.0,0.0,0.0,0.0,0.0,0.0,0.0,0.0,0.0,29.0,0.0,272.0,30.0,84.0,0.357,7.0,17.0,0.412,23.0,67.0,0.343,0.399,2.0,4.0,0.5,12.0,26.0,38.0,40.0,10.0,1.0,12.0,19.0,69.0,0.0,9.7,0.402,0.202,0.048,5.0,10.6,7.8,21.5,1.9,0.3,12.3,16.1,-0.1,0.4,0.3,0.047,-2.8,0.5,-2.3,0.0,0.0,2010
386,Lester Hudson,5.2,0.8,2.1,0.396,0.2,0.6,0.313,0.6,1.5,0.432,0.443,0.4,0.5,0.846,0.3,0.4,0.7,0.5,0.3,0.1,0.6,0.5,2.3,0.0,0.0,1230.0,0.0,0.0,0.0,0.0,0.0,0.0,0.0,0.0,0.0,0.0,0.0,0.0,0.0,25.0,0.0,131.0,21.0,53.0,0.396,5.0,16.0,0.313,16.0,37.0,0.432,0.443,11.0,13.0,0.846,7.0,11.0,18.0,13.0,8.0,3.0,14.0,12.0,58.0,0.0,13.2,0.494,0.302,0.245,6.4,9.9,8.2,15.7,3.2,1.8,19.3,25.0,-0.1,0.2,0.1,0.029,-2.4,0.5,-2.0,0.0,0.0,2010
387,Shavlik Randolph,8.8,1.0,3.0,0.333,0.0,0.0,0.0,1.0,3.0,0.333,0.333,0.3,0.3,1.0,1.2,1.2,2.3,0.2,0.2,0.2,0.5,1.5,2.3,0.0,0.0,1230.0,0.0,0.0,0.0,0.0,0.0,0.0,0.0,0.0,0.0,0.0,0.0,0.0,0.0,6.0,0.0,53.0,6.0,18.0,0.333,0.0,0.0,0.0,6.0,18.0,0.333,0.333,2.0,2.0,1.0,7.0,7.0,14.0,1.0,1.0,1.0,3.0,9.0,14.0,0.0,6.2,0.371,0.0,0.111,15.6,15.6,15.6,3.2,1.0,1.5,13.7,19.5,-0.1,0.1,0.0,-0.013,-6.6,-2.2,-8.8,-0.1,0.0,2010
388,J.R. Giddens,7.5,0.9,1.9,0.467,0.0,0.3,0.0,0.9,1.6,0.56,0.467,0.4,0.7,0.565,0.5,1.1,1.6,0.4,0.3,0.1,0.5,0.9,2.2,0.0,0.0,1230.0,0.0,0.0,0.0,0.0,0.0,0.0,0.0,0.0,0.0,0.0,0.0,0.0,0.0,32.0,1.0,239.0,28.0,60.0,0.467,0.0,10.0,0.0,28.0,50.0,0.56,0.467,13.0,23.0,0.565,16.0,35.0,51.0,13.0,9.0,2.0,17.0,29.0,69.0,0.0,9.2,0.492,0.167,0.383,7.7,17.2,12.5,8.2,1.9,0.6,19.5,16.7,-0.1,0.3,0.1,0.021,-4.5,-0.3,-4.7,-0.2,0.0,2010
389,Mike Harris,7.4,0.8,2.3,0.367,0.0,0.1,0.0,0.8,2.2,0.379,0.367,0.5,0.8,0.636,0.8,1.1,1.8,0.2,0.4,0.1,0.7,1.1,2.2,0.0,0.0,1230.0,0.0,0.0,0.0,0.0,0.0,0.0,0.0,0.0,0.0,0.0,0.0,0.0,0.0,13.0,0.0,96.0,11.0,30.0,0.367,0.0,1.0,0.0,11.0,29.0,0.379,0.367,7.0,11.0,0.636,10.0,14.0,24.0,3.0,5.0,1.0,9.0,14.0,29.0,0.0,7.2,0.416,0.033,0.367,11.5,17.3,14.3,4.8,2.7,0.8,20.5,20.2,-0.2,0.1,-0.1,-0.037,-6.5,-1.3,-7.9,-0.1,0.0,2010
390,Hilton Armstrong,10.2,0.8,2.4,0.354,0.0,0.0,0.0,0.8,2.4,0.359,0.354,0.5,1.0,0.469,0.8,1.6,2.5,0.6,0.5,0.4,0.7,1.8,2.2,0.0,0.0,1230.0,0.0,0.0,0.0,0.0,0.0,0.0,0.0,0.0,0.0,0.0,0.0,0.0,0.0,33.0,0.0,335.0,28.0,79.0,0.354,0.0,1.0,0.0,28.0,78.0,0.359,0.354,15.0,32.0,0.469,27.0,54.0,81.0,21.0,15.0,12.0,22.0,59.0,71.0,0.0,6.9,0.381,0.013,0.405,9.2,19.2,14.1,8.8,2.3,2.7,19.1,15.5,-0.5,0.4,-0.1,-0.017,-6.7,0.5,-6.1,-0.4,0.0,2010
391,Randolph Morris,4.4,0.8,1.5,0.561,0.0,0.0,0.0,0.8,1.5,0.561,0.561,0.6,1.0,0.593,0.4,1.0,1.4,0.1,0.2,0.1,0.4,1.2,2.2,0.0,0.0,1230.0,0.0,0.0,0.0,0.0,0.0,0.0,0.0,0.0,0.0,0.0,0.0,0.0,0.0,28.0,0.0,124.0,23.0,41.0,0.561,0.0,0.0,0.0,23.0,41.0,0.561,0.561,16.0,27.0,0.593,10.0,28.0,38.0,2.0,5.0,3.0,12.0,34.0,62.0,0.0,14.6,0.586,0.0,0.659,9.3,26.6,17.9,2.6,2.1,1.8,18.5,24.1,0.1,0.2,0.3,0.108,-5.9,-0.1,-6.0,-0.1,0.0,2010
392,Chris Quinn,8.9,0.8,2.2,0.357,0.4,1.3,0.313,0.4,1.0,0.417,0.446,0.2,0.2,1.0,0.0,0.6,0.6,1.2,0.4,0.0,0.4,0.6,2.2,0.0,0.0,1230.0,0.0,0.0,0.0,0.0,0.0,0.0,0.0,0.0,0.0,0.0,0.0,0.0,0.0,25.0,0.0,223.0,20.0,56.0,0.357,10.0,32.0,0.313,10.0,24.0,0.417,0.446,6.0,6.0,1.0,1.0,15.0,16.0,29.0,9.0,1.0,10.0,15.0,56.0,0.0,9.3,0.477,0.571,0.107,0.5,8.1,4.1,20.9,2.1,0.3,14.6,14.1,0.0,0.1,0.1,0.025,-2.6,0.1,-2.5,0.0,0.0,2010
393,Royal Ivey,7.4,0.8,1.9,0.422,0.3,0.8,0.4,0.5,1.1,0.438,0.506,0.2,0.3,0.75,0.1,0.6,0.8,0.6,0.4,0.0,0.3,0.9,2.1,0.0,0.0,1230.0,0.0,0.0,0.0,0.0,0.0,0.0,0.0,0.0,0.0,0.0,0.0,0.0,0.0,44.0,0.0,326.0,35.0,83.0,0.422,14.0,35.0,0.4,21.0,48.0,0.438,0.506,9.0,12.0,0.75,6.0,28.0,34.0,27.0,19.0,2.0,11.0,39.0,93.0,0.0,11.0,0.527,0.422,0.145,2.1,10.3,6.1,12.4,3.1,0.5,11.1,13.8,0.2,0.3,0.6,0.086,-2.3,1.6,-0.7,0.1,0.0,2010
394,DeShawn Stevenson,13.8,0.7,2.5,0.282,0.3,1.4,0.218,0.4,1.2,0.355,0.34,0.4,0.5,0.714,0.2,1.3,1.4,0.9,0.3,0.1,0.5,1.2,2.1,0.0,0.0,1230.0,0.0,0.0,0.0,0.0,0.0,0.0,0.0,0.0,0.0,0.0,0.0,0.0,0.0,64.0,18.0,883.0,46.0,163.0,0.282,19.0,87.0,0.218,27.0,76.0,0.355,0.34,25.0,35.0,0.714,11.0,80.0,91.0,56.0,16.0,6.0,30.0,74.0,136.0,0.0,3.3,0.381,0.534,0.215,1.4,10.5,5.9,8.9,0.9,0.5,14.4,10.7,-0.9,0.5,-0.4,-0.022,-5.2,-0.4,-5.6,-0.8,0.0,2010
395,Malik Allen,8.9,0.9,2.3,0.397,0.0,0.1,0.167,0.9,2.2,0.409,0.401,0.2,0.3,0.923,0.7,0.9,1.6,0.3,0.2,0.1,0.4,1.3,2.1,0.0,0.0,1230.0,0.0,0.0,0.0,0.0,0.0,0.0,0.0,0.0,0.0,0.0,0.0,0.0,0.0,51.0,3.0,456.0,46.0,116.0,0.397,1.0,6.0,0.167,45.0,110.0,0.409,0.401,12.0,13.0,0.923,36.0,46.0,82.0,16.0,11.0,5.0,22.0,68.0,105.0,0.0,5.9,0.431,0.052,0.112,9.2,11.5,10.4,5.1,1.2,0.8,15.3,14.0,-0.3,0.3,0.1,0.009,-4.7,-1.0,-5.7,-0.4,0.0,2010
396,Malik Hairston,6.7,0.9,1.6,0.526,0.0,0.2,0.182,0.8,1.4,0.585,0.539,0.4,0.6,0.567,0.3,0.8,1.0,0.3,0.1,0.2,0.2,0.6,2.1,0.0,0.0,1230.0,0.0,0.0,0.0,0.0,0.0,0.0,0.0,0.0,0.0,0.0,0.0,0.0,0.0,47.0,0.0,317.0,40.0,76.0,0.526,2.0,11.0,0.182,38.0,65.0,0.585,0.539,17.0,30.0,0.567,13.0,36.0,49.0,16.0,4.0,9.0,11.0,29.0,99.0,0.0,11.6,0.555,0.145,0.395,4.9,13.1,9.1,7.5,0.7,2.0,11.0,14.5,0.3,0.4,0.7,0.107,-2.2,0.3,-1.9,0.0,0.0,2010
397,D.J. Mbenga,7.2,1.0,2.1,0.466,0.0,0.0,0.0,1.0,2.1,0.466,0.466,0.2,0.4,0.474,0.7,1.1,1.8,0.2,0.1,0.6,0.3,1.1,2.1,0.0,0.0,1230.0,0.0,0.0,0.0,0.0,0.0,0.0,0.0,0.0,0.0,0.0,0.0,0.0,0.0,49.0,2.0,355.0,48.0,103.0,0.466,0.0,0.0,0.0,48.0,103.0,0.466,0.466,9.0,19.0,0.474,32.0,55.0,87.0,8.0,5.0,29.0,15.0,54.0,105.0,0.0,11.6,0.471,0.0,0.184,10.2,17.2,13.7,3.4,0.7,6.2,11.9,16.0,0.0,0.6,0.6,0.084,-4.9,0.8,-4.1,-0.2,0.0,2010
398,Jamaal Magloire,10.0,0.8,1.6,0.5,0.0,0.0,0.0,0.8,1.6,0.5,0.5,0.6,1.6,0.356,1.1,2.2,3.4,0.0,0.3,0.3,0.5,1.6,2.1,0.0,0.0,1230.0,0.0,0.0,0.0,0.0,0.0,0.0,0.0,0.0,0.0,0.0,0.0,0.0,0.0,36.0,0.0,359.0,28.0,56.0,0.5,0.0,0.0,0.0,28.0,56.0,0.5,0.5,21.0,59.0,0.356,41.0,80.0,121.0,1.0,9.0,11.0,17.0,59.0,77.0,0.0,9.4,0.47,0.0,1.054,13.5,26.0,19.8,0.4,1.3,2.5,17.2,13.0,-0.1,0.7,0.6,0.078,-5.2,-0.3,-5.5,-0.3,0.0,2010
399,Steve Novak,6.7,0.8,2.0,0.389,0.4,1.3,0.31,0.4,0.7,0.541,0.491,0.1,0.2,0.778,0.0,0.6,0.6,0.1,0.1,0.0,0.0,0.4,2.1,0.0,0.0,1230.0,0.0,0.0,0.0,0.0,0.0,0.0,0.0,0.0,0.0,0.0,0.0,0.0,0.0,54.0,0.0,362.0,42.0,108.0,0.389,22.0,71.0,0.31,20.0,37.0,0.541,0.491,7.0,9.0,0.778,1.0,32.0,33.0,6.0,7.0,2.0,2.0,21.0,113.0,0.0,8.3,0.505,0.657,0.083,0.3,10.3,5.3,2.6,1.0,0.4,1.8,14.2,0.2,0.1,0.3,0.043,-2.4,-1.3,-3.7,-0.2,0.0,2010
400,Chris Richard,12.4,0.8,1.6,0.517,0.0,0.0,0.0,0.8,1.6,0.517,0.517,0.4,0.6,0.636,1.1,2.2,3.3,0.4,0.4,0.2,0.8,2.8,2.1,0.0,0.0,1230.0,0.0,0.0,0.0,0.0,0.0,0.0,0.0,0.0,0.0,0.0,0.0,0.0,0.0,18.0,0.0,224.0,15.0,29.0,0.517,0.0,0.0,0.0,15.0,29.0,0.517,0.517,7.0,11.0,0.636,19.0,40.0,59.0,7.0,8.0,4.0,14.0,50.0,37.0,0.0,6.5,0.547,0.0,0.379,9.6,19.6,14.7,4.4,1.8,1.4,29.3,9.6,0.0,0.4,0.3,0.067,-6.8,1.0,-5.8,-0.2,0.0,2010
401,Pops Mensah-Bonsu,6.0,0.7,1.7,0.394,0.0,0.0,0.0,0.7,1.7,0.394,0.394,0.7,1.2,0.542,0.8,1.0,1.8,0.2,0.2,0.5,0.5,1.0,2.0,0.0,0.0,1230.0,0.0,0.0,0.0,0.0,0.0,0.0,0.0,0.0,0.0,0.0,0.0,0.0,0.0,20.0,0.0,120.0,13.0,33.0,0.394,0.0,0.0,0.0,13.0,33.0,0.394,0.394,13.0,24.0,0.542,16.0,19.0,35.0,3.0,4.0,9.0,10.0,20.0,39.0,0.0,11.4,0.448,0.0,0.727,16.1,18.3,17.2,3.6,1.7,5.7,18.7,20.3,-0.1,0.1,0.0,0.006,-4.2,-0.9,-5.1,-0.1,0.0,2010
402,Antonio Anderson,15.0,1.0,3.0,0.333,0.0,0.0,0.0,1.0,3.0,0.333,0.333,0.0,0.0,0.0,1.0,0.0,1.0,0.0,0.0,0.0,1.0,1.0,2.0,0.0,0.0,1230.0,0.0,0.0,0.0,0.0,0.0,0.0,0.0,0.0,0.0,0.0,0.0,0.0,0.0,1.0,0.0,15.0,1.0,3.0,0.333,0.0,0.0,0.0,1.0,3.0,0.333,0.333,0.0,0.0,0.0,1.0,0.0,1.0,0.0,0.0,0.0,1.0,1.0,2.0,0.0,-1.7,0.333,0.0,0.0,7.9,0.0,3.8,0.0,0.0,0.0,25.0,12.0,0.0,0.0,0.0,-0.104,-7.6,-4.8,-12.4,0.0,0.0,2010
403,Danny Green,5.8,0.8,2.0,0.385,0.3,1.1,0.273,0.5,0.9,0.529,0.462,0.2,0.3,0.667,0.4,0.5,0.9,0.3,0.3,0.2,0.3,0.5,2.0,0.0,0.0,1230.0,0.0,0.0,0.0,0.0,0.0,0.0,0.0,0.0,0.0,0.0,0.0,0.0,0.0,20.0,0.0,115.0,15.0,39.0,0.385,6.0,22.0,0.273,9.0,17.0,0.529,0.462,4.0,6.0,0.667,8.0,9.0,17.0,5.0,6.0,3.0,5.0,9.0,40.0,0.0,12.3,0.48,0.564,0.154,8.7,8.9,8.8,6.7,2.7,2.0,10.7,18.9,0.0,0.2,0.2,0.083,-0.9,0.7,-0.2,0.1,0.0,2010
404,Quinton Ross,10.8,0.8,2.1,0.36,0.1,0.4,0.19,0.7,1.7,0.4,0.378,0.2,0.3,0.571,0.3,0.6,0.9,0.2,0.3,0.1,0.2,1.3,1.8,0.0,0.0,1230.0,0.0,0.0,0.0,0.0,0.0,0.0,0.0,0.0,0.0,0.0,0.0,0.0,0.0,52.0,7.0,562.0,40.0,111.0,0.36,4.0,21.0,0.19,36.0,90.0,0.4,0.378,8.0,14.0,0.571,17.0,32.0,49.0,12.0,13.0,6.0,11.0,69.0,92.0,0.0,3.0,0.393,0.189,0.126,3.5,6.6,5.0,3.0,1.2,0.8,8.6,10.4,-0.4,0.3,-0.1,-0.008,-6.0,-0.4,-6.4,-0.6,0.0,2010
405,Matt Carroll,4.8,0.7,2.0,0.36,0.2,0.8,0.211,0.6,1.2,0.452,0.4,0.2,0.2,1.0,0.2,0.3,0.5,0.2,0.2,0.0,0.3,0.5,1.8,0.0,0.0,1230.0,0.0,0.0,0.0,0.0,0.0,0.0,0.0,0.0,0.0,0.0,0.0,0.0,0.0,25.0,0.0,121.0,18.0,50.0,0.36,4.0,19.0,0.211,14.0,31.0,0.452,0.4,6.0,6.0,1.0,4.0,8.0,12.0,6.0,5.0,0.0,7.0,13.0,46.0,0.0,7.1,0.437,0.38,0.12,3.8,7.5,5.7,7.7,2.1,0.0,11.7,22.7,-0.2,0.1,-0.1,-0.029,-6.1,-1.5,-7.6,-0.2,0.0,2010
406,Kevin Ollie,10.5,0.7,1.8,0.4,0.0,0.0,0.0,0.7,1.8,0.409,0.4,0.3,0.3,1.0,0.1,0.9,1.0,0.8,0.4,0.0,0.2,0.6,1.8,0.0,0.0,1230.0,0.0,0.0,0.0,0.0,0.0,0.0,0.0,0.0,0.0,0.0,0.0,0.0,0.0,25.0,0.0,263.0,18.0,45.0,0.4,0.0,1.0,0.0,18.0,44.0,0.409,0.4,8.0,8.0,1.0,3.0,22.0,25.0,20.0,9.0,0.0,6.0,16.0,44.0,0.0,7.0,0.453,0.022,0.178,1.3,9.3,5.5,10.8,1.8,0.0,11.0,9.3,0.0,0.3,0.3,0.059,-4.0,1.7,-2.4,0.0,0.0,2010
407,Cedric Jackson,6.2,0.5,1.7,0.3,0.1,0.5,0.167,0.4,1.2,0.357,0.325,0.6,1.0,0.583,0.2,0.5,0.7,1.2,0.3,0.2,0.9,0.6,1.7,0.0,0.0,1230.0,0.0,0.0,0.0,0.0,0.0,0.0,0.0,0.0,0.0,0.0,0.0,0.0,0.0,12.0,0.0,74.0,6.0,20.0,0.3,1.0,6.0,0.167,5.0,14.0,0.357,0.325,7.0,12.0,0.583,2.0,6.0,8.0,14.0,3.0,2.0,11.0,7.0,20.0,0.0,5.5,0.396,0.3,0.6,3.1,9.4,6.3,27.1,2.1,1.9,30.3,22.4,-0.3,0.1,-0.2,-0.111,-6.2,-0.6,-6.8,-0.1,0.0,2010
408,Alexis Ajinça,5.0,0.8,1.7,0.5,0.0,0.0,0.0,0.8,1.7,0.5,0.5,0.0,0.2,0.0,0.2,0.5,0.7,0.0,0.2,0.2,0.3,0.8,1.7,0.0,0.0,1230.0,0.0,0.0,0.0,0.0,0.0,0.0,0.0,0.0,0.0,0.0,0.0,0.0,0.0,6.0,0.0,30.0,5.0,10.0,0.5,0.0,0.0,0.0,5.0,10.0,0.5,0.5,0.0,1.0,0.0,1.0,3.0,4.0,0.0,1.0,1.0,2.0,5.0,10.0,0.0,6.3,0.479,0.0,0.1,4.1,11.8,8.0,0.0,1.8,2.7,16.1,19.3,-0.1,0.0,0.0,-0.013,-6.3,1.0,-5.3,0.0,0.0,2010
409,Brian Cardinal,9.2,0.5,1.2,0.389,0.1,0.3,0.333,0.4,0.9,0.407,0.431,0.6,0.6,0.944,0.2,0.8,1.0,0.8,0.3,0.1,0.2,1.9,1.7,0.0,0.0,1230.0,0.0,0.0,0.0,0.0,0.0,0.0,0.0,0.0,0.0,0.0,0.0,0.0,0.0,29.0,0.0,267.0,14.0,36.0,0.389,3.0,9.0,0.333,11.0,27.0,0.407,0.431,17.0,18.0,0.944,7.0,22.0,29.0,24.0,9.0,3.0,7.0,56.0,48.0,0.0,6.9,0.546,0.25,0.5,2.9,9.4,6.1,12.3,1.7,0.8,13.7,8.3,0.3,0.1,0.4,0.071,-5.3,0.9,-4.4,-0.2,0.0,2010
410,Hamed Haddadi,6.7,0.7,1.7,0.387,0.0,0.1,0.0,0.7,1.6,0.407,0.387,0.4,0.5,0.737,0.7,1.4,2.1,0.3,0.0,0.4,0.6,1.6,1.7,0.0,0.0,1230.0,0.0,0.0,0.0,0.0,0.0,0.0,0.0,0.0,0.0,0.0,0.0,0.0,0.0,36.0,0.0,240.0,24.0,62.0,0.387,0.0,3.0,0.0,24.0,59.0,0.407,0.387,14.0,19.0,0.737,26.0,49.0,75.0,10.0,1.0,14.0,20.0,57.0,62.0,0.0,7.2,0.441,0.048,0.306,12.6,23.9,18.2,5.9,0.2,4.4,22.1,16.5,-0.2,0.2,0.0,-0.002,-7.0,-0.2,-7.2,-0.3,0.0,2010
411,Patrick O'Bryant,4.6,0.7,1.4,0.533,0.0,0.1,0.0,0.7,1.3,0.571,0.533,0.3,0.5,0.5,0.2,0.8,1.0,0.1,0.2,0.4,0.5,1.1,1.7,0.0,0.0,1230.0,0.0,0.0,0.0,0.0,0.0,0.0,0.0,0.0,0.0,0.0,0.0,0.0,0.0,11.0,0.0,51.0,8.0,15.0,0.533,0.0,1.0,0.0,8.0,14.0,0.571,0.533,3.0,6.0,0.5,2.0,9.0,11.0,1.0,2.0,4.0,5.0,12.0,19.0,0.0,9.9,0.539,0.067,0.4,4.8,20.3,12.7,3.0,2.0,6.0,22.1,20.3,-0.1,0.1,0.0,-0.009,-7.2,0.5,-6.6,-0.1,0.0,2010
412,Othello Hunter,4.7,0.6,1.7,0.333,0.0,0.0,0.0,0.6,1.7,0.333,0.333,0.4,0.6,0.75,0.9,0.9,1.7,0.0,0.0,0.1,0.4,0.7,1.6,0.0,0.0,1230.0,0.0,0.0,0.0,0.0,0.0,0.0,0.0,0.0,0.0,0.0,0.0,0.0,0.0,7.0,0.0,33.0,4.0,12.0,0.333,0.0,0.0,0.0,4.0,12.0,0.333,0.333,3.0,4.0,0.75,6.0,6.0,12.0,0.0,0.0,1.0,3.0,5.0,11.0,0.0,7.9,0.4,0.0,0.333,21.0,21.4,21.2,0.0,0.0,2.3,17.9,23.4,-0.1,0.0,0.0,-0.031,-7.0,-4.9,-11.9,-0.1,0.0,2010
413,Brian Skinner,7.7,0.6,1.6,0.4,0.0,0.0,0.0,0.6,1.6,0.4,0.4,0.4,0.5,0.75,0.6,1.1,1.7,0.0,0.2,0.3,0.4,1.3,1.6,0.0,0.0,1230.0,0.0,0.0,0.0,0.0,0.0,0.0,0.0,0.0,0.0,0.0,0.0,0.0,0.0,16.0,1.0,123.0,10.0,25.0,0.4,0.0,0.0,0.0,10.0,25.0,0.4,0.4,6.0,8.0,0.75,9.0,18.0,27.0,0.0,3.0,4.0,7.0,20.0,26.0,0.0,5.5,0.456,0.0,0.32,8.4,17.1,12.7,0.0,1.3,2.4,19.7,13.1,-0.1,0.1,0.0,-0.006,-6.5,-0.6,-7.2,-0.2,0.0,2010
414,Kenny Thomas,12.0,0.7,1.3,0.486,0.0,0.0,0.0,0.7,1.3,0.486,0.486,0.3,0.5,0.583,1.3,2.0,3.3,0.6,0.4,0.4,0.7,1.6,1.6,0.0,0.0,1230.0,0.0,0.0,0.0,0.0,0.0,0.0,0.0,0.0,0.0,0.0,0.0,0.0,0.0,26.0,2.0,313.0,17.0,35.0,0.486,0.0,0.0,0.0,17.0,35.0,0.486,0.486,7.0,12.0,0.583,35.0,51.0,86.0,15.0,10.0,10.0,17.0,42.0,41.0,0.0,9.0,0.509,0.0,0.343,12.6,18.9,15.7,6.5,1.6,2.3,29.7,8.1,0.1,0.3,0.4,0.059,-3.4,0.7,-2.7,-0.1,0.0,2010
415,Joey Dorsey,7.1,0.6,1.3,0.45,0.0,0.0,0.0,0.6,1.3,0.45,0.45,0.3,0.8,0.417,1.1,1.8,2.9,0.1,0.2,0.1,0.4,1.4,1.5,0.0,0.0,1230.0,0.0,0.0,0.0,0.0,0.0,0.0,0.0,0.0,0.0,0.0,0.0,0.0,0.0,15.0,0.0,106.0,9.0,20.0,0.45,0.0,0.0,0.0,9.0,20.0,0.45,0.45,5.0,12.0,0.417,16.0,27.0,43.0,2.0,3.0,2.0,6.0,21.0,23.0,0.0,9.8,0.455,0.0,0.6,16.8,29.9,23.2,2.8,1.4,1.4,19.2,13.1,0.0,0.1,0.1,0.062,-5.1,-0.1,-5.2,-0.1,0.0,2010
416,Kosta Koufos,4.8,0.6,1.3,0.468,0.0,0.0,0.0,0.6,1.3,0.468,0.468,0.3,0.4,0.6,0.4,0.8,1.3,0.2,0.1,0.1,0.4,0.7,1.5,0.0,0.0,1230.0,0.0,0.0,0.0,0.0,0.0,0.0,0.0,0.0,0.0,0.0,0.0,0.0,0.0,36.0,0.0,172.0,22.0,47.0,0.468,0.0,0.0,0.0,22.0,47.0,0.468,0.468,9.0,15.0,0.6,16.0,29.0,45.0,6.0,2.0,4.0,15.0,26.0,53.0,0.0,7.7,0.494,0.0,0.319,11.3,19.4,15.5,5.1,0.6,1.9,21.9,17.9,-0.2,0.2,0.0,0.014,-5.3,-1.2,-6.5,-0.2,0.0,2010
417,Fabricio Oberto,11.4,0.6,1.0,0.625,0.0,0.0,0.0,0.6,1.0,0.625,0.625,0.2,0.3,0.765,0.6,1.2,1.8,0.9,0.2,0.2,0.6,2.1,1.5,0.0,0.0,1230.0,0.0,0.0,0.0,0.0,0.0,0.0,0.0,0.0,0.0,0.0,0.0,0.0,0.0,57.0,20.0,650.0,35.0,56.0,0.625,0.0,0.0,0.0,35.0,56.0,0.625,0.625,13.0,17.0,0.765,34.0,71.0,105.0,51.0,11.0,9.0,36.0,121.0,83.0,0.0,5.7,0.654,0.0,0.304,5.9,12.8,9.3,11.1,0.9,1.1,36.2,6.9,0.2,0.4,0.6,0.047,-5.3,0.8,-4.4,-0.4,0.0,2010
418,Brian Scalabrine,9.1,0.6,1.6,0.341,0.3,0.9,0.327,0.3,0.7,0.361,0.435,0.1,0.1,0.667,0.2,0.8,0.9,0.5,0.2,0.1,0.3,1.1,1.5,0.0,0.0,1230.0,0.0,0.0,0.0,0.0,0.0,0.0,0.0,0.0,0.0,0.0,0.0,0.0,0.0,52.0,3.0,472.0,29.0,85.0,0.341,16.0,49.0,0.327,13.0,36.0,0.361,0.435,4.0,6.0,0.667,9.0,39.0,48.0,27.0,9.0,4.0,17.0,59.0,78.0,0.0,3.6,0.445,0.576,0.071,2.4,9.9,6.2,8.1,1.0,0.7,16.2,10.4,-0.3,0.5,0.2,0.019,-4.4,0.1,-4.3,-0.3,0.0,2010
419,Brian Cook,2.9,0.5,1.5,0.304,0.1,0.6,0.222,0.3,0.9,0.357,0.348,0.3,0.5,0.714,0.1,0.5,0.6,0.1,0.0,0.1,0.4,0.3,1.4,0.0,0.0,1230.0,0.0,0.0,0.0,0.0,0.0,0.0,0.0,0.0,0.0,0.0,0.0,0.0,0.0,15.0,0.0,44.0,7.0,23.0,0.304,2.0,9.0,0.222,5.0,14.0,0.357,0.348,5.0,7.0,0.714,1.0,8.0,9.0,1.0,0.0,2.0,6.0,5.0,21.0,0.0,2.4,0.403,0.391,0.304,2.5,21.6,11.7,3.7,0.0,3.3,18.7,32.2,-0.2,0.0,-0.2,-0.191,-8.9,-2.4,-11.3,-0.1,0.0,2010
420,Taylor Griffin,4.0,0.5,1.3,0.4,0.0,0.3,0.0,0.5,1.0,0.5,0.4,0.3,0.5,0.5,0.0,0.3,0.3,0.1,0.0,0.3,0.1,0.5,1.3,0.0,0.0,1230.0,0.0,0.0,0.0,0.0,0.0,0.0,0.0,0.0,0.0,0.0,0.0,0.0,0.0,8.0,0.0,32.0,4.0,10.0,0.4,0.0,2.0,0.0,4.0,8.0,0.5,0.4,2.0,4.0,0.5,0.0,2.0,2.0,1.0,0.0,2.0,1.0,4.0,10.0,0.0,5.2,0.425,0.2,0.4,0.0,6.7,3.5,4.3,0.0,4.4,7.8,17.6,0.0,0.0,0.0,-0.039,-6.2,-1.9,-8.1,-0.1,0.0,2010
421,Kareem Rush,8.3,0.6,1.6,0.364,0.1,0.4,0.333,0.4,1.1,0.375,0.409,0.0,0.0,0.0,0.1,0.7,0.9,0.6,0.3,0.4,0.4,1.1,1.3,0.0,0.0,1230.0,0.0,0.0,0.0,0.0,0.0,0.0,0.0,0.0,0.0,0.0,0.0,0.0,0.0,7.0,0.0,58.0,4.0,11.0,0.364,1.0,3.0,0.333,3.0,8.0,0.375,0.409,0.0,0.0,0.0,1.0,5.0,6.0,4.0,2.0,3.0,3.0,8.0,9.0,0.0,4.8,0.409,0.273,0.0,2.0,10.0,6.0,10.0,1.8,3.8,21.4,10.9,-0.1,0.1,0.0,-0.019,-5.3,1.8,-3.5,0.0,0.0,2010
422,Will Conroy,7.2,0.6,2.0,0.3,0.0,0.6,0.0,0.6,1.4,0.429,0.3,0.0,0.4,0.0,0.0,0.6,0.6,1.4,0.0,0.0,0.8,1.0,1.2,0.0,0.0,1230.0,0.0,0.0,0.0,0.0,0.0,0.0,0.0,0.0,0.0,0.0,0.0,0.0,0.0,5.0,0.0,36.0,3.0,10.0,0.3,0.0,3.0,0.0,3.0,7.0,0.429,0.3,0.0,2.0,0.0,0.0,3.0,3.0,7.0,0.0,0.0,4.0,5.0,6.0,0.0,-2.4,0.276,0.3,0.2,0.0,9.9,4.8,28.0,0.0,0.0,26.9,18.3,-0.2,0.0,-0.1,-0.192,-10.7,-2.8,-13.5,-0.1,0.0,2010
423,DeSagana Diop,9.7,0.6,1.1,0.517,0.0,0.0,0.0,0.6,1.1,0.517,0.517,0.1,0.3,0.222,0.9,1.5,2.4,0.2,0.2,0.5,0.4,1.1,1.2,0.0,0.0,1230.0,0.0,0.0,0.0,0.0,0.0,0.0,0.0,0.0,0.0,0.0,0.0,0.0,0.0,27.0,0.0,262.0,15.0,29.0,0.517,0.0,0.0,0.0,15.0,29.0,0.517,0.517,2.0,9.0,0.222,24.0,41.0,65.0,5.0,5.0,14.0,12.0,31.0,32.0,0.0,7.8,0.485,0.0,0.31,11.2,18.5,15.0,2.9,1.0,4.4,26.7,8.0,-0.1,0.5,0.4,0.072,-3.6,1.5,-2.1,0.0,0.0,2010
424,Renaldo Balkman,7.0,0.5,1.4,0.333,0.0,0.5,0.0,0.5,0.8,0.545,0.333,0.2,0.5,0.333,0.3,1.5,1.8,0.5,0.6,0.2,0.5,1.2,1.1,0.0,0.0,1230.0,0.0,0.0,0.0,0.0,0.0,0.0,0.0,0.0,0.0,0.0,0.0,0.0,0.0,13.0,1.0,91.0,6.0,18.0,0.333,0.0,7.0,0.0,6.0,11.0,0.545,0.333,2.0,6.0,0.333,4.0,19.0,23.0,7.0,8.0,2.0,6.0,16.0,14.0,0.0,6.6,0.339,0.389,0.333,5.1,23.9,14.6,10.6,4.5,1.7,22.5,13.0,-0.2,0.2,0.0,-0.001,-5.8,3.3,-2.4,0.0,0.0,2010
425,Byron Mullens,4.2,0.5,1.5,0.368,0.0,0.0,0.0,0.5,1.5,0.368,0.368,0.0,0.0,0.0,0.2,0.5,0.8,0.1,0.2,0.0,0.3,1.0,1.1,0.0,0.0,1230.0,0.0,0.0,0.0,0.0,0.0,0.0,0.0,0.0,0.0,0.0,0.0,0.0,0.0,13.0,0.0,54.0,7.0,19.0,0.368,0.0,0.0,0.0,7.0,19.0,0.368,0.368,0.0,0.0,0.0,3.0,7.0,10.0,1.0,2.0,0.0,4.0,13.0,14.0,0.0,0.7,0.368,0.0,0.0,6.6,14.5,10.6,2.9,1.9,0.0,17.4,19.1,-0.2,0.1,-0.1,-0.077,-11.3,-0.5,-11.8,-0.1,0.0,2010
426,Francisco Elson,5.5,0.4,1.3,0.333,0.0,0.0,0.0,0.4,1.3,0.333,0.333,0.2,0.4,0.4,0.5,0.7,1.2,0.2,0.1,0.0,0.1,0.6,1.0,0.0,0.0,1230.0,0.0,0.0,0.0,0.0,0.0,0.0,0.0,0.0,0.0,0.0,0.0,0.0,0.0,12.0,0.0,66.0,5.0,15.0,0.333,0.0,0.0,0.0,5.0,15.0,0.333,0.333,2.0,5.0,0.4,6.0,8.0,14.0,2.0,1.0,0.0,1.0,7.0,12.0,0.0,5.5,0.349,0.0,0.333,10.0,14.5,12.1,4.3,0.8,0.0,5.5,12.5,0.0,0.1,0.0,0.022,-4.7,-1.5,-6.2,-0.1,0.0,2010
427,Jarron Collins,7.7,0.4,0.9,0.387,0.0,0.0,0.0,0.4,0.9,0.387,0.387,0.3,0.7,0.4,0.6,1.2,1.8,0.2,0.1,0.1,0.3,1.2,1.0,0.0,0.0,1230.0,0.0,0.0,0.0,0.0,0.0,0.0,0.0,0.0,0.0,0.0,0.0,0.0,0.0,34.0,10.0,261.0,12.0,31.0,0.387,0.0,0.0,0.0,12.0,31.0,0.387,0.387,10.0,25.0,0.4,22.0,40.0,62.0,6.0,2.0,3.0,10.0,42.0,34.0,0.0,3.7,0.405,0.0,0.806,10.1,16.4,13.4,2.9,0.4,0.8,19.2,8.8,-0.1,0.1,0.1,0.01,-5.4,-1.3,-6.7,-0.3,0.0,2010
428,Trey Gilder,2.5,0.5,0.5,1.0,0.0,0.0,0.0,0.5,0.5,1.0,1.0,0.0,0.0,0.0,0.0,0.5,0.5,0.0,0.5,0.0,0.0,0.0,1.0,0.0,0.0,1230.0,0.0,0.0,0.0,0.0,0.0,0.0,0.0,0.0,0.0,0.0,0.0,0.0,0.0,2.0,0.0,5.0,1.0,1.0,1.0,0.0,0.0,0.0,1.0,1.0,1.0,1.0,0.0,0.0,0.0,0.0,1.0,1.0,0.0,1.0,0.0,0.0,0.0,2.0,0.0,30.9,1.0,0.0,0.0,0.0,23.4,11.7,0.0,10.3,0.0,0.0,8.8,0.0,0.0,0.0,0.336,7.6,13.6,21.2,0.0,0.0,2010
429,Lindsey Hunter,9.4,0.4,2.3,0.167,0.1,1.0,0.077,0.3,1.3,0.235,0.183,0.2,0.2,1.0,0.1,1.0,1.1,0.7,0.1,0.0,0.3,0.9,1.0,0.0,0.0,1230.0,0.0,0.0,0.0,0.0,0.0,0.0,0.0,0.0,0.0,0.0,0.0,0.0,0.0,13.0,0.0,122.0,5.0,30.0,0.167,1.0,13.0,0.077,4.0,17.0,0.235,0.183,2.0,2.0,1.0,1.0,13.0,14.0,9.0,1.0,0.0,4.0,12.0,13.0,0.0,-2.2,0.21,0.433,0.067,0.9,11.7,6.4,10.1,0.4,0.0,11.5,12.8,-0.4,0.1,-0.3,-0.117,-9.7,-2.4,-12.0,-0.3,0.0,2010
430,Primož Brezec,4.5,0.4,1.2,0.346,0.0,0.0,0.0,0.4,1.2,0.346,0.346,0.0,0.3,0.167,0.6,0.6,1.2,0.0,0.0,0.1,0.1,0.9,0.9,0.0,0.0,1230.0,0.0,0.0,0.0,0.0,0.0,0.0,0.0,0.0,0.0,0.0,0.0,0.0,0.0,21.0,0.0,95.0,9.0,26.0,0.346,0.0,0.0,0.0,9.0,26.0,0.346,0.346,1.0,6.0,0.167,12.0,13.0,25.0,1.0,1.0,3.0,2.0,19.0,19.0,0.0,4.9,0.332,0.0,0.231,14.2,16.3,15.2,1.6,0.6,2.5,6.5,14.6,-0.1,0.1,0.0,-0.007,-7.4,-2.6,-10.0,-0.2,0.0,2010
431,Darnell Jackson,4.4,0.3,1.1,0.3,0.0,0.1,0.25,0.3,0.9,0.308,0.317,0.1,0.2,0.667,0.3,0.5,0.8,0.1,0.1,0.1,0.5,0.8,0.8,0.0,0.0,1230.0,0.0,0.0,0.0,0.0,0.0,0.0,0.0,0.0,0.0,0.0,0.0,0.0,0.0,28.0,0.0,123.0,9.0,30.0,0.3,1.0,4.0,0.25,8.0,26.0,0.308,0.317,4.0,6.0,0.667,9.0,13.0,22.0,4.0,2.0,4.0,13.0,21.0,23.0,0.0,-0.1,0.352,0.133,0.2,9.0,12.0,10.6,4.6,0.9,2.5,28.5,17.2,-0.4,0.2,-0.3,-0.104,-9.9,-1.9,-11.8,-0.3,0.0,2010
432,Yakhouba Diawara,7.3,0.3,1.7,0.2,0.2,1.0,0.167,0.2,0.7,0.25,0.25,0.0,0.0,0.0,0.2,0.5,0.7,0.5,0.2,0.0,0.5,1.3,0.8,0.0,0.0,1230.0,0.0,0.0,0.0,0.0,0.0,0.0,0.0,0.0,0.0,0.0,0.0,0.0,0.0,6.0,2.0,44.0,2.0,10.0,0.2,1.0,6.0,0.167,1.0,4.0,0.25,0.25,0.0,0.0,0.0,1.0,3.0,4.0,3.0,1.0,0.0,3.0,8.0,5.0,0.0,-3.7,0.25,0.6,0.0,2.7,8.0,5.3,9.7,1.2,0.0,23.1,13.9,-0.2,0.0,-0.1,-0.124,-10.5,-0.9,-11.4,-0.1,0.0,2010
433,Mario West,3.6,0.3,0.5,0.571,0.0,0.0,0.0,0.3,0.5,0.6,0.571,0.2,0.3,0.6,0.2,0.5,0.7,0.2,0.2,0.0,0.2,0.6,0.8,0.0,0.0,1230.0,0.0,0.0,0.0,0.0,0.0,0.0,0.0,0.0,0.0,0.0,0.0,0.0,0.0,39.0,1.0,142.0,12.0,21.0,0.571,0.0,1.0,0.0,12.0,20.0,0.6,0.571,6.0,10.0,0.6,8.0,19.0,27.0,9.0,8.0,0.0,7.0,25.0,30.0,0.0,9.9,0.591,0.048,0.476,6.5,15.8,11.1,8.8,3.0,0.0,21.6,10.5,0.1,0.2,0.3,0.106,-4.5,2.4,-2.1,0.0,0.0,2010
434,Travis Diener,5.7,0.2,1.1,0.2,0.1,0.8,0.143,0.1,0.3,0.333,0.25,0.1,0.4,0.25,0.0,0.3,0.3,0.9,0.4,0.0,0.0,0.2,0.7,0.0,0.0,1230.0,0.0,0.0,0.0,0.0,0.0,0.0,0.0,0.0,0.0,0.0,0.0,0.0,0.0,9.0,0.0,51.0,2.0,10.0,0.2,1.0,7.0,0.143,1.0,3.0,0.333,0.25,1.0,4.0,0.25,0.0,3.0,3.0,8.0,4.0,0.0,0.0,2.0,6.0,0.0,7.6,0.255,0.7,0.4,0.0,6.8,3.4,21.8,4.0,0.0,0.0,10.5,0.0,0.1,0.0,0.019,-4.6,2.1,-2.5,0.0,0.0,2010
435,Dominic McGuire,6.0,0.4,1.0,0.365,0.0,0.0,0.0,0.4,1.0,0.365,0.365,0.0,0.1,0.0,0.5,1.1,1.5,0.2,0.1,0.1,0.3,0.7,0.7,0.0,0.0,1230.0,0.0,0.0,0.0,0.0,0.0,0.0,0.0,0.0,0.0,0.0,0.0,0.0,0.0,51.0,2.0,307.0,19.0,52.0,0.365,0.0,0.0,0.0,19.0,52.0,0.365,0.365,0.0,7.0,0.0,23.0,56.0,79.0,11.0,5.0,4.0,17.0,35.0,38.0,0.0,3.8,0.345,0.0,0.135,8.5,21.3,14.8,5.1,0.8,1.0,23.6,10.6,-0.5,0.3,-0.2,-0.038,-5.7,-0.5,-6.2,-0.3,0.0,2010
436,Jason Collins,4.8,0.3,1.0,0.348,0.0,0.0,0.0,0.3,0.9,0.364,0.348,0.0,0.1,0.0,0.2,0.4,0.6,0.2,0.1,0.1,0.2,0.9,0.7,0.0,0.0,1230.0,0.0,0.0,0.0,0.0,0.0,0.0,0.0,0.0,0.0,0.0,0.0,0.0,0.0,24.0,0.0,115.0,8.0,23.0,0.348,0.0,1.0,0.0,8.0,22.0,0.364,0.348,0.0,2.0,0.0,5.0,9.0,14.0,4.0,3.0,2.0,5.0,21.0,16.0,0.0,0.9,0.335,0.043,0.087,5.0,9.2,7.1,4.8,1.4,1.3,17.3,11.6,-0.2,0.1,-0.1,-0.044,-8.3,-0.5,-8.8,-0.2,0.0,2010
437,Sean Marks,5.4,0.3,0.6,0.5,0.0,0.0,0.0,0.3,0.6,0.5,0.5,0.1,0.4,0.4,1.0,0.6,1.6,0.1,0.0,0.2,0.1,1.2,0.7,0.0,0.0,1230.0,0.0,0.0,0.0,0.0,0.0,0.0,0.0,0.0,0.0,0.0,0.0,0.0,0.0,14.0,0.0,75.0,4.0,8.0,0.5,0.0,0.0,0.0,4.0,8.0,0.5,0.5,2.0,5.0,0.4,14.0,9.0,23.0,2.0,0.0,3.0,2.0,17.0,10.0,0.0,9.0,0.49,0.0,0.625,21.5,14.3,18.0,3.6,0.0,3.0,16.4,7.4,0.1,0.0,0.2,0.104,-3.9,-1.3,-5.2,-0.1,0.0,2010
438,Joe Alexander,3.6,0.1,0.8,0.167,0.0,0.1,0.0,0.1,0.6,0.2,0.167,0.3,0.4,0.667,0.3,0.4,0.6,0.3,0.1,0.1,0.0,1.1,0.5,0.0,0.0,1230.0,0.0,0.0,0.0,0.0,0.0,0.0,0.0,0.0,0.0,0.0,0.0,0.0,0.0,8.0,0.0,29.0,1.0,6.0,0.167,0.0,1.0,0.0,1.0,5.0,0.2,0.167,2.0,3.0,0.667,2.0,3.0,5.0,2.0,1.0,1.0,0.0,9.0,4.0,0.0,2.8,0.273,0.167,0.5,7.8,11.3,9.6,9.3,1.8,2.6,0.0,11.3,0.0,0.0,0.0,0.03,-9.1,0.9,-8.3,0.0,0.0,2010
439,Jason Hart,4.4,0.2,0.4,0.5,0.0,0.0,0.0,0.2,0.4,0.5,0.5,0.0,0.0,0.0,0.0,0.4,0.4,1.2,0.4,0.2,0.6,0.8,0.4,0.0,0.0,1230.0,0.0,0.0,0.0,0.0,0.0,0.0,0.0,0.0,0.0,0.0,0.0,0.0,0.0,5.0,0.0,22.0,1.0,2.0,0.5,0.0,0.0,0.0,1.0,2.0,0.5,0.5,0.0,0.0,0.0,0.0,2.0,2.0,6.0,2.0,1.0,3.0,4.0,2.0,0.0,8.7,0.5,0.0,0.0,0.0,10.9,5.3,36.4,4.6,3.5,60.0,10.3,0.0,0.0,0.0,-0.003,-5.9,5.4,-0.5,0.0,0.0,2010
440,JamesOn Curry,0.0,0.0,0.0,0.0,0.0,0.0,0.0,0.0,0.0,0.0,0.0,0.0,0.0,0.0,0.0,0.0,0.0,0.0,0.0,0.0,0.0,0.0,0.0,0.0,0.0,1230.0,0.0,0.0,0.0,0.0,0.0,0.0,0.0,0.0,0.0,0.0,0.0,0.0,0.0,1.0,0.0,0.0,0.0,0.0,0.0,0.0,0.0,0.0,0.0,0.0,0.0,0.0,0.0,0.0,0.0,0.0,0.0,0.0,0.0,0.0,0.0,0.0,0.0,0.0,0.0,0.0,0.0,0.0,0.0,0.0,0.0,0.0,0.0,0.0,0.0,0.0,0.0,0.0,0.0,0.0,0.0,0.0,0.0,0.0,0.0,0.0,2010
441,Dwayne Jones,3.5,0.0,0.0,0.0,0.0,0.0,0.0,0.0,0.0,0.0,0.0,0.0,0.0,0.0,0.0,1.0,1.0,0.0,0.0,0.0,0.0,0.5,0.0,0.0,0.0,1230.0,0.0,0.0,0.0,0.0,0.0,0.0,0.0,0.0,0.0,0.0,0.0,0.0,0.0,2.0,0.0,7.0,0.0,0.0,0.0,0.0,0.0,0.0,0.0,0.0,0.0,0.0,0.0,0.0,0.0,0.0,2.0,2.0,0.0,0.0,0.0,0.0,1.0,0.0,0.0,1.4,0.0,0.0,0.0,0.0,30.5,16.1,0.0,0.0,0.0,0.0,0.0,0.0,0.0,0.0,0.045,-5.1,0.6,-4.4,0.0,0.0,2010
