,Player,MPPG,FGPG,FGAPG,FG%PG,3PPG,3PAPG,3P%PG,2PPG,2PAPG,2P%PG,eFG%PG,FTPG,FTAPG,FT%PG,ORBPG,DRBPG,TRBPG,ASTPG,STLPG,BLKPG,TOVPG,PFPG,PTSPG,First,Pts Won,Pts Max,Share,G_x,MP_x,PTS_x,TRB_x,AST_x,STL_x,BLK_x,FG%_x,3P%_x,FT%_x,WS_x,WS/48_x,G_y,GS,MP_y,FG,FGA,FG%_y,3P,3PA,3P%_y,2P,2PA,2P%,eFG%,FT,FTA,FT%_y,ORB,DRB,TRB_y,AST_y,STL_y,BLK_y,TOV,PF,PTS_y,Trp-Dbl,PER,TS%,3PAr,FTr,ORB%,DRB%,TRB%,AST%,STL%,BLK%,TOV%,USG%,OWS,DWS,WS_y,WS/48_y,OBPM,DBPM,BPM,VORP,First Pts Share,Year
0,Kevin Durant,38.9,9.1,19.7,0.462,1.9,5.3,0.35,7.3,14.4,0.504,0.509,7.6,8.7,0.88,0.7,6.1,6.8,2.7,1.1,1.0,2.8,2.0,27.7,0.0,190.0,1210.0,0.157,78.0,38.9,27.7,6.8,2.7,1.1,1.0,0.462,0.35,0.88,12.0,0.189,78.0,78.0,3038.0,711.0,1538.0,0.462,145.0,414.0,0.35,566.0,1124.0,0.504,0.509,594.0,675.0,0.88,57.0,476.0,533.0,214.0,88.0,76.0,218.0,159.0,2161.0,0.0,23.6,0.589,0.269,0.439,2.3,17.7,10.3,13.2,1.5,1.8,10.6,30.6,8.6,3.3,12.0,0.189,5.2,-0.3,4.9,5.3,0.0,2011
1,LeBron James,38.8,9.6,18.8,0.51,1.2,3.5,0.33,8.4,15.3,0.552,0.541,6.4,8.4,0.759,1.0,6.5,7.5,7.0,1.6,0.6,3.6,2.1,26.7,4.0,522.0,1210.0,0.431,79.0,38.8,26.7,7.5,7.0,1.6,0.6,0.51,0.33,0.759,15.6,0.244,79.0,79.0,3063.0,758.0,1485.0,0.51,92.0,279.0,0.33,666.0,1206.0,0.552,0.541,503.0,663.0,0.759,80.0,510.0,590.0,554.0,124.0,50.0,284.0,163.0,2111.0,4.0,27.3,0.594,0.188,0.446,3.3,18.7,11.4,34.9,2.1,1.3,13.8,31.5,10.3,5.3,15.6,0.244,6.3,1.8,8.1,7.8,0.003305785123966942,2011
2,Carmelo Anthony,35.7,8.9,19.5,0.455,1.2,3.3,0.378,7.6,16.3,0.47,0.487,6.6,7.9,0.838,1.5,5.8,7.3,2.9,0.9,0.6,2.7,2.9,25.6,0.0,0.0,1210.0,0.0,0.0,0.0,0.0,0.0,0.0,0.0,0.0,0.0,0.0,0.0,0.0,0.0,77.0,77.0,2751.0,684.0,1503.0,0.455,95.0,251.0,0.378,589.0,1252.0,0.47,0.487,507.0,605.0,0.838,118.0,445.0,563.0,221.0,68.0,46.0,206.0,224.0,1970.0,0.0,21.7,0.557,0.167,0.403,5.0,18.3,11.8,14.7,1.2,1.3,10.4,32.0,5.4,2.5,7.9,0.138,3.2,-1.2,1.9,2.7,0.0,2011
3,Dwyane Wade,37.1,9.1,18.2,0.5,0.8,2.7,0.306,8.3,15.5,0.534,0.523,6.5,8.6,0.758,1.6,4.8,6.4,4.6,1.5,1.1,3.1,2.6,25.5,0.0,24.0,1210.0,0.02,76.0,37.1,25.5,6.4,4.6,1.5,1.1,0.5,0.306,0.758,12.8,0.218,76.0,76.0,2823.0,692.0,1384.0,0.5,63.0,206.0,0.306,629.0,1178.0,0.534,0.523,494.0,652.0,0.758,123.0,362.0,485.0,346.0,111.0,87.0,237.0,197.0,1941.0,1.0,25.6,0.581,0.149,0.471,5.5,14.4,10.2,23.5,2.1,2.4,12.4,31.6,8.1,4.7,12.8,0.218,5.5,1.1,6.6,6.1,0.0,2011
4,Kobe Bryant,33.9,9.0,20.0,0.451,1.4,4.3,0.323,7.6,15.6,0.487,0.487,5.9,7.1,0.828,1.0,4.1,5.1,4.7,1.2,0.1,3.0,2.1,25.3,1.0,428.0,1210.0,0.354,82.0,33.9,25.3,5.1,4.7,1.2,0.1,0.451,0.323,0.828,10.3,0.178,82.0,82.0,2779.0,740.0,1639.0,0.451,115.0,356.0,0.323,625.0,1283.0,0.487,0.487,483.0,583.0,0.828,83.0,336.0,419.0,388.0,99.0,12.0,243.0,172.0,2078.0,1.0,23.9,0.548,0.217,0.356,3.5,13.3,8.5,26.7,1.9,0.3,11.4,35.1,6.8,3.5,10.3,0.178,5.4,-0.2,5.2,5.0,0.0008264462809917355,2011
5,Amar'e Stoudemire,36.8,9.5,19.0,0.502,0.1,0.3,0.435,9.4,18.7,0.503,0.505,6.1,7.7,0.792,2.5,5.6,8.2,2.6,0.9,1.9,3.2,3.5,25.3,0.0,9.0,1210.0,0.007,78.0,36.8,25.3,8.2,2.6,0.9,1.9,0.502,0.435,0.792,8.0,0.134,78.0,78.0,2870.0,744.0,1482.0,0.502,10.0,23.0,0.435,734.0,1459.0,0.503,0.505,473.0,597.0,0.792,198.0,438.0,636.0,202.0,71.0,150.0,250.0,274.0,1971.0,0.0,22.7,0.565,0.016,0.403,7.8,17.6,12.7,13.2,1.2,3.8,12.5,30.9,5.4,2.6,8.0,0.134,2.0,-0.6,1.4,2.4,0.0,2011
6,Derrick Rose,37.4,8.8,19.7,0.445,1.6,4.8,0.332,7.2,15.0,0.481,0.485,5.9,6.9,0.858,1.0,3.1,4.1,7.7,1.0,0.6,3.4,1.7,25.0,113.0,1182.0,1210.0,0.977,81.0,37.4,25.0,4.1,7.7,1.0,0.6,0.445,0.332,0.858,13.1,0.208,81.0,81.0,3026.0,711.0,1597.0,0.445,128.0,385.0,0.332,583.0,1212.0,0.481,0.485,476.0,555.0,0.858,81.0,249.0,330.0,623.0,85.0,51.0,278.0,136.0,2026.0,1.0,23.5,0.55,0.241,0.348,3.2,9.4,6.4,38.7,1.5,1.3,13.1,32.2,8.3,4.8,13.1,0.208,6.3,0.5,6.8,6.7,0.09338842975206611,2011
7,Monta Ellis,40.3,9.1,20.1,0.451,1.7,4.7,0.361,7.4,15.4,0.478,0.493,4.3,5.4,0.789,0.6,3.0,3.5,5.6,2.1,0.3,3.2,2.5,24.1,0.0,0.0,1210.0,0.0,0.0,0.0,0.0,0.0,0.0,0.0,0.0,0.0,0.0,0.0,0.0,0.0,80.0,80.0,3227.0,726.0,1611.0,0.451,137.0,379.0,0.361,589.0,1232.0,0.478,0.493,340.0,431.0,0.789,44.0,237.0,281.0,450.0,168.0,23.0,252.0,203.0,1929.0,0.0,18.6,0.536,0.235,0.268,1.5,8.5,4.9,23.4,2.6,0.5,12.3,28.1,4.3,1.7,6.0,0.089,1.7,-0.9,0.8,2.3,0.0,2011
8,Kevin Martin,32.5,6.9,15.8,0.436,2.2,5.7,0.383,4.7,10.1,0.467,0.506,7.4,8.4,0.888,0.4,2.9,3.2,2.5,1.0,0.2,2.3,1.9,23.5,0.0,0.0,1210.0,0.0,0.0,0.0,0.0,0.0,0.0,0.0,0.0,0.0,0.0,0.0,0.0,0.0,80.0,80.0,2603.0,553.0,1267.0,0.436,176.0,459.0,0.383,377.0,808.0,0.467,0.506,594.0,669.0,0.888,28.0,230.0,258.0,198.0,80.0,15.0,184.0,155.0,1876.0,0.0,21.4,0.601,0.362,0.528,1.2,10.0,5.6,13.0,1.6,0.4,10.5,29.6,8.0,1.5,9.5,0.175,4.3,-1.0,3.4,3.5,0.0,2011
9,Dirk Nowitzki,34.3,8.4,16.2,0.517,0.9,2.3,0.393,7.5,13.8,0.538,0.545,5.4,6.1,0.892,0.7,6.3,7.0,2.6,0.5,0.6,1.9,2.4,23.0,0.0,113.0,1210.0,0.093,73.0,34.3,23.0,7.0,2.6,0.5,0.6,0.517,0.393,0.892,11.1,0.213,73.0,73.0,2504.0,610.0,1179.0,0.517,66.0,168.0,0.393,544.0,1011.0,0.538,0.545,395.0,443.0,0.892,50.0,463.0,513.0,190.0,38.0,47.0,137.0,172.0,1681.0,0.0,23.4,0.612,0.142,0.376,2.4,20.8,12.0,14.2,0.8,1.4,9.1,28.2,7.8,3.3,11.1,0.213,4.3,0.8,5.1,4.5,0.0,2011
10,Dwight Howard,37.6,7.9,13.4,0.593,0.0,0.1,0.0,7.9,13.3,0.597,0.593,7.0,11.7,0.596,4.0,10.1,14.1,1.4,1.4,2.4,3.6,3.3,22.9,3.0,643.0,1210.0,0.531,78.0,37.6,22.9,14.1,1.4,1.4,2.4,0.593,0.0,0.596,14.4,0.235,78.0,78.0,2935.0,619.0,1044.0,0.593,0.0,7.0,0.0,619.0,1037.0,0.597,0.593,546.0,916.0,0.596,309.0,789.0,1098.0,107.0,107.0,186.0,279.0,258.0,1784.0,0.0,26.1,0.616,0.007,0.877,12.6,30.6,21.8,6.8,1.9,4.9,16.2,27.2,6.7,7.7,14.4,0.235,2.9,2.4,5.3,5.4,0.0024793388429752068,2011
11,Blake Griffin,38.0,8.5,16.8,0.506,0.1,0.3,0.292,8.4,16.5,0.51,0.508,5.4,8.5,0.642,3.3,8.8,12.1,3.8,0.8,0.5,2.7,3.1,22.5,0.0,5.0,1210.0,0.004,82.0,38.0,22.5,12.1,3.8,0.8,0.5,0.506,0.292,0.642,9.8,0.152,82.0,82.0,3112.0,696.0,1376.0,0.506,7.0,24.0,0.292,689.0,1352.0,0.51,0.508,446.0,695.0,0.642,270.0,719.0,989.0,312.0,63.0,45.0,223.0,252.0,1845.0,2.0,21.9,0.549,0.017,0.505,10.2,26.9,18.6,18.7,1.0,1.1,11.7,27.3,6.5,3.4,9.8,0.152,3.0,-0.3,2.6,3.6,0.0,2011
12,Eric Gordon,37.7,7.6,16.9,0.45,1.9,5.2,0.364,5.7,11.8,0.488,0.506,5.1,6.2,0.825,0.8,2.1,2.9,4.4,1.3,0.3,2.7,2.1,22.3,0.0,0.0,1210.0,0.0,0.0,0.0,0.0,0.0,0.0,0.0,0.0,0.0,0.0,0.0,0.0,0.0,56.0,56.0,2112.0,427.0,949.0,0.45,106.0,291.0,0.364,321.0,658.0,0.488,0.506,287.0,348.0,0.825,45.0,119.0,164.0,244.0,71.0,18.0,151.0,115.0,1247.0,0.0,18.5,0.566,0.307,0.367,2.5,6.6,4.5,20.7,1.7,0.7,12.0,26.5,4.2,1.1,5.3,0.12,3.0,-1.0,2.0,2.2,0.0,2011
13,Russell Westbrook,34.7,7.5,17.0,0.442,0.4,1.3,0.33,7.1,15.7,0.451,0.454,6.5,7.7,0.842,1.5,3.1,4.6,8.2,1.9,0.4,3.9,2.5,21.9,0.0,0.0,1210.0,0.0,0.0,0.0,0.0,0.0,0.0,0.0,0.0,0.0,0.0,0.0,0.0,0.0,82.0,82.0,2847.0,614.0,1390.0,0.442,34.0,103.0,0.33,580.0,1287.0,0.451,0.454,531.0,631.0,0.842,121.0,258.0,379.0,670.0,155.0,30.0,316.0,207.0,1793.0,3.0,23.6,0.538,0.074,0.454,5.2,10.3,7.8,42.7,2.8,0.8,15.9,31.6,6.3,3.1,9.4,0.159,4.3,-0.1,4.2,4.4,0.0,2011
14,LaMarcus Aldridge,39.6,8.7,17.5,0.5,0.0,0.3,0.174,8.7,17.2,0.505,0.501,4.3,5.5,0.791,3.4,5.3,8.8,2.1,1.0,1.2,1.9,2.7,21.8,0.0,0.0,1210.0,0.0,0.0,0.0,0.0,0.0,0.0,0.0,0.0,0.0,0.0,0.0,0.0,0.0,81.0,81.0,3211.0,707.0,1415.0,0.5,4.0,23.0,0.174,703.0,1392.0,0.505,0.501,351.0,444.0,0.791,278.0,431.0,709.0,170.0,82.0,94.0,153.0,220.0,1769.0,0.0,21.5,0.549,0.016,0.314,10.1,17.2,13.5,10.1,1.4,2.4,8.7,25.7,7.6,3.5,11.1,0.166,2.6,-0.5,2.1,3.4,0.0,2011
15,Andrea Bargnani,35.7,8.0,17.8,0.448,1.2,3.4,0.345,6.8,14.4,0.472,0.48,4.3,5.3,0.82,1.1,4.1,5.2,1.8,0.5,0.7,2.3,2.4,21.4,0.0,0.0,1210.0,0.0,0.0,0.0,0.0,0.0,0.0,0.0,0.0,0.0,0.0,0.0,0.0,0.0,66.0,66.0,2353.0,525.0,1173.0,0.448,77.0,223.0,0.345,448.0,950.0,0.472,0.48,287.0,350.0,0.82,74.0,269.0,343.0,119.0,34.0,46.0,152.0,160.0,1414.0,0.0,16.4,0.533,0.19,0.298,3.6,13.9,8.6,8.8,0.7,1.5,10.3,28.2,2.2,0.3,2.5,0.052,1.2,-2.6,-1.4,0.4,0.0,2011
16,Danny Granger,35.0,6.8,15.9,0.425,2.0,5.2,0.386,4.8,10.8,0.443,0.487,5.0,5.9,0.848,1.1,4.3,5.4,2.6,1.1,0.8,2.6,2.7,20.5,0.0,0.0,1210.0,0.0,0.0,0.0,0.0,0.0,0.0,0.0,0.0,0.0,0.0,0.0,0.0,0.0,79.0,79.0,2763.0,535.0,1260.0,0.425,157.0,407.0,0.386,378.0,853.0,0.443,0.487,395.0,466.0,0.848,87.0,338.0,425.0,203.0,89.0,62.0,206.0,213.0,1622.0,0.0,17.8,0.554,0.323,0.37,3.5,13.5,8.5,13.0,1.6,1.6,12.3,26.7,3.7,3.2,6.9,0.12,2.2,-0.1,2.1,2.9,0.0,2011
17,Brook Lopez,35.2,7.9,16.0,0.492,0.0,0.0,0.0,7.9,16.0,0.492,0.492,4.7,6.0,0.787,2.4,3.5,6.0,1.6,0.6,1.5,2.1,2.9,20.4,0.0,0.0,1210.0,0.0,0.0,0.0,0.0,0.0,0.0,0.0,0.0,0.0,0.0,0.0,0.0,0.0,82.0,82.0,2889.0,644.0,1309.0,0.492,0.0,1.0,0.0,644.0,1308.0,0.492,0.492,385.0,489.0,0.787,197.0,291.0,488.0,129.0,47.0,120.0,176.0,240.0,1673.0,0.0,19.3,0.549,0.001,0.374,7.8,12.3,10.0,8.8,0.9,3.2,10.4,27.3,4.4,1.9,6.3,0.105,1.4,-0.9,0.6,1.9,0.0,2011
18,Kevin Love,35.8,6.6,14.1,0.47,1.2,2.9,0.417,5.4,11.2,0.483,0.513,5.8,6.8,0.85,4.5,10.7,15.2,2.5,0.6,0.4,2.1,2.0,20.2,0.0,0.0,1210.0,0.0,0.0,0.0,0.0,0.0,0.0,0.0,0.0,0.0,0.0,0.0,0.0,0.0,73.0,73.0,2611.0,482.0,1026.0,0.47,88.0,211.0,0.417,394.0,815.0,0.483,0.513,424.0,499.0,0.85,330.0,782.0,1112.0,184.0,45.0,28.0,155.0,148.0,1476.0,0.0,24.3,0.593,0.206,0.486,13.7,34.2,23.6,11.8,0.9,0.8,11.1,22.9,8.9,2.5,11.4,0.21,5.7,-1.3,4.4,4.2,0.0,2011
19,Deron Williams,37.9,6.6,15.0,0.439,1.6,4.9,0.331,5.0,10.1,0.491,0.493,5.4,6.3,0.845,0.6,3.4,4.0,10.3,1.2,0.2,3.5,2.9,20.1,0.0,0.0,1210.0,0.0,0.0,0.0,0.0,0.0,0.0,0.0,0.0,0.0,0.0,0.0,0.0,0.0,65.0,65.0,2465.0,428.0,975.0,0.439,105.0,317.0,0.331,323.0,658.0,0.491,0.493,348.0,412.0,0.845,40.0,220.0,260.0,667.0,79.0,15.0,230.0,190.0,1309.0,0.0,21.1,0.566,0.325,0.423,1.9,10.9,6.3,45.9,1.7,0.5,16.6,25.8,6.2,1.1,7.3,0.142,4.3,-1.3,3.0,3.1,0.0,2011
20,Zach Randolph,36.3,8.0,15.8,0.503,0.1,0.6,0.186,7.9,15.3,0.515,0.507,4.0,5.3,0.758,4.3,7.8,12.2,2.2,0.8,0.3,2.0,2.3,20.1,0.0,0.0,1210.0,0.0,0.0,0.0,0.0,0.0,0.0,0.0,0.0,0.0,0.0,0.0,0.0,0.0,75.0,74.0,2724.0,598.0,1188.0,0.503,8.0,43.0,0.186,590.0,1145.0,0.515,0.507,300.0,396.0,0.758,326.0,588.0,914.0,163.0,63.0,25.0,151.0,175.0,1504.0,0.0,22.6,0.552,0.036,0.333,14.2,26.0,20.1,10.2,1.2,0.7,10.0,25.0,6.8,3.7,10.5,0.185,3.8,-1.2,2.6,3.2,0.0,2011
21,Rudy Gay,39.9,7.6,16.1,0.471,1.1,2.7,0.396,6.5,13.4,0.486,0.503,3.6,4.5,0.805,1.5,4.7,6.2,2.8,1.7,1.1,2.5,2.4,19.8,0.0,0.0,1210.0,0.0,0.0,0.0,0.0,0.0,0.0,0.0,0.0,0.0,0.0,0.0,0.0,0.0,54.0,54.0,2152.0,409.0,869.0,0.471,57.0,144.0,0.396,352.0,725.0,0.486,0.503,194.0,241.0,0.805,82.0,254.0,336.0,153.0,91.0,58.0,135.0,131.0,1069.0,0.0,17.8,0.548,0.166,0.277,4.5,14.2,9.3,11.6,2.2,2.2,12.2,23.3,2.7,2.9,5.5,0.123,1.9,0.8,2.8,2.6,0.0,2011
22,Michael Beasley,32.3,7.7,17.1,0.45,0.8,2.2,0.366,6.9,14.8,0.463,0.474,3.0,4.0,0.753,1.6,4.0,5.6,2.2,0.7,0.7,2.7,3.0,19.2,0.0,0.0,1210.0,0.0,0.0,0.0,0.0,0.0,0.0,0.0,0.0,0.0,0.0,0.0,0.0,0.0,73.0,73.0,2361.0,561.0,1246.0,0.45,60.0,164.0,0.366,501.0,1082.0,0.463,0.474,219.0,291.0,0.753,118.0,291.0,409.0,158.0,54.0,52.0,195.0,222.0,1401.0,0.0,15.5,0.51,0.132,0.234,5.4,14.1,9.6,12.3,1.1,1.7,12.4,28.3,0.7,1.0,1.7,0.035,0.0,-1.8,-1.8,0.1,0.0,2011
23,Paul Pierce,34.7,6.3,12.8,0.497,1.4,3.7,0.374,5.0,9.1,0.547,0.551,4.8,5.6,0.86,0.4,5.0,5.4,3.3,1.0,0.6,2.1,2.9,18.9,0.0,0.0,1210.0,0.0,0.0,0.0,0.0,0.0,0.0,0.0,0.0,0.0,0.0,0.0,0.0,0.0,80.0,80.0,2774.0,507.0,1021.0,0.497,111.0,297.0,0.374,396.0,724.0,0.547,0.551,386.0,449.0,0.86,34.0,396.0,430.0,260.0,80.0,51.0,171.0,231.0,1511.0,1.0,19.7,0.62,0.291,0.44,1.6,16.6,9.5,16.1,1.5,1.4,12.3,24.0,6.5,5.1,11.6,0.201,3.0,1.6,4.6,4.6,0.0,2011
24,David West,35.0,7.5,14.9,0.508,0.0,0.1,0.222,7.5,14.7,0.51,0.509,3.8,4.7,0.807,2.2,5.3,7.6,2.3,1.0,0.9,2.0,2.9,18.9,0.0,0.0,1210.0,0.0,0.0,0.0,0.0,0.0,0.0,0.0,0.0,0.0,0.0,0.0,0.0,0.0,70.0,70.0,2451.0,528.0,1040.0,0.508,2.0,9.0,0.222,526.0,1031.0,0.51,0.509,264.0,327.0,0.807,155.0,374.0,529.0,164.0,67.0,62.0,142.0,202.0,1322.0,0.0,20.4,0.558,0.009,0.314,7.6,18.7,13.1,12.7,1.5,2.1,10.7,25.8,4.4,3.4,7.8,0.152,2.2,0.6,2.8,3.0,0.0,2011
25,Pau Gasol,37.0,7.2,13.7,0.529,0.0,0.0,0.333,7.2,13.6,0.53,0.53,4.3,5.2,0.823,3.3,6.9,10.2,3.3,0.6,1.6,1.7,2.5,18.8,0.0,0.0,1210.0,0.0,0.0,0.0,0.0,0.0,0.0,0.0,0.0,0.0,0.0,0.0,0.0,0.0,82.0,82.0,3037.0,593.0,1120.0,0.529,1.0,3.0,0.333,592.0,1117.0,0.53,0.53,354.0,430.0,0.823,268.0,568.0,836.0,273.0,48.0,130.0,142.0,203.0,1541.0,1.0,23.3,0.589,0.003,0.384,10.3,20.5,15.6,15.1,0.8,3.3,9.8,21.8,10.0,4.7,14.7,0.232,3.9,0.9,4.8,5.2,0.0,2011
26,Chris Bosh,36.3,6.8,13.7,0.496,0.1,0.3,0.24,6.7,13.4,0.502,0.499,5.0,6.1,0.815,1.8,6.5,8.3,1.9,0.8,0.6,1.8,2.2,18.7,0.0,0.0,1210.0,0.0,0.0,0.0,0.0,0.0,0.0,0.0,0.0,0.0,0.0,0.0,0.0,0.0,77.0,77.0,2795.0,524.0,1056.0,0.496,6.0,25.0,0.24,518.0,1031.0,0.502,0.499,384.0,471.0,0.815,141.0,500.0,641.0,144.0,59.0,49.0,138.0,172.0,1438.0,0.0,19.4,0.569,0.024,0.446,6.4,20.0,13.6,8.9,1.1,1.4,9.8,23.5,6.1,4.3,10.3,0.177,1.4,-0.2,1.3,2.3,0.0,2011
27,Stephen Curry,33.6,6.8,14.2,0.48,2.0,4.6,0.442,4.8,9.6,0.498,0.551,2.9,3.1,0.934,0.7,3.2,3.9,5.8,1.5,0.3,3.1,3.1,18.6,0.0,0.0,1210.0,0.0,0.0,0.0,0.0,0.0,0.0,0.0,0.0,0.0,0.0,0.0,0.0,0.0,74.0,74.0,2489.0,505.0,1053.0,0.48,151.0,342.0,0.442,354.0,711.0,0.498,0.551,212.0,227.0,0.934,52.0,234.0,286.0,432.0,109.0,20.0,226.0,233.0,1373.0,0.0,19.4,0.595,0.325,0.216,2.3,10.9,6.5,28.1,2.2,0.6,16.4,24.4,5.4,1.3,6.6,0.128,3.0,-0.7,2.3,2.7,0.0,2011
28,Al Jefferson,35.9,8.0,16.1,0.496,0.0,0.0,0.0,8.0,16.1,0.496,0.496,2.7,3.5,0.761,2.9,6.8,9.7,1.8,0.6,1.9,1.3,2.9,18.6,0.0,0.0,1210.0,0.0,0.0,0.0,0.0,0.0,0.0,0.0,0.0,0.0,0.0,0.0,0.0,0.0,82.0,82.0,2940.0,654.0,1319.0,0.496,0.0,0.0,0.0,654.0,1319.0,0.496,0.496,220.0,289.0,0.761,235.0,559.0,794.0,149.0,46.0,153.0,105.0,238.0,1528.0,0.0,20.1,0.528,0.0,0.219,9.6,23.2,16.3,9.2,0.8,4.2,6.8,24.2,5.1,2.7,7.8,0.128,1.6,-1.0,0.6,1.9,0.0,2011
29,Stephen Jackson,35.9,6.5,15.8,0.411,1.8,5.4,0.337,4.7,10.4,0.449,0.468,3.7,4.6,0.816,0.8,3.7,4.5,3.6,1.2,0.4,3.1,2.4,18.5,0.0,0.0,1210.0,0.0,0.0,0.0,0.0,0.0,0.0,0.0,0.0,0.0,0.0,0.0,0.0,0.0,67.0,67.0,2405.0,435.0,1059.0,0.411,121.0,359.0,0.337,314.0,700.0,0.449,0.468,249.0,305.0,0.816,53.0,251.0,304.0,241.0,80.0,28.0,209.0,161.0,1240.0,1.0,14.6,0.52,0.339,0.288,2.6,12.7,7.7,18.4,1.8,0.9,14.9,27.4,-0.2,2.1,1.9,0.039,0.2,-0.7,-0.5,0.9,0.0,2011
30,Luis Scola,32.6,7.7,15.3,0.504,0.0,0.0,0.0,7.7,15.2,0.505,0.504,2.9,3.9,0.738,2.0,6.2,8.2,2.5,0.6,0.6,2.0,3.1,18.3,0.0,0.0,1210.0,0.0,0.0,0.0,0.0,0.0,0.0,0.0,0.0,0.0,0.0,0.0,0.0,0.0,74.0,74.0,2412.0,569.0,1129.0,0.504,0.0,3.0,0.0,569.0,1126.0,0.505,0.504,214.0,290.0,0.738,147.0,459.0,606.0,185.0,48.0,44.0,147.0,227.0,1352.0,0.0,18.4,0.538,0.003,0.257,6.9,21.6,14.2,13.7,1.0,1.3,10.5,25.7,3.3,2.2,5.5,0.11,0.4,-0.8,-0.4,1.0,0.0,2011
31,Joe Johnson,35.5,7.1,16.1,0.443,1.2,4.2,0.297,5.9,12.0,0.494,0.481,2.7,3.4,0.802,0.8,3.2,4.0,4.7,0.7,0.1,2.0,1.8,18.2,0.0,0.0,1210.0,0.0,0.0,0.0,0.0,0.0,0.0,0.0,0.0,0.0,0.0,0.0,0.0,0.0,72.0,72.0,2554.0,514.0,1161.0,0.443,89.0,300.0,0.297,425.0,861.0,0.494,0.481,195.0,243.0,0.802,59.0,232.0,291.0,338.0,47.0,7.0,146.0,131.0,1312.0,0.0,16.4,0.517,0.258,0.209,2.8,10.9,6.9,24.0,1.0,0.2,10.3,26.3,2.5,1.8,4.2,0.08,1.2,-1.5,-0.3,1.1,0.0,2011
32,Antawn Jamison,32.9,6.7,15.6,0.427,1.6,4.7,0.346,5.1,10.9,0.462,0.479,3.1,4.2,0.731,1.5,5.2,6.7,1.7,0.9,0.5,1.4,2.4,18.0,0.0,0.0,1210.0,0.0,0.0,0.0,0.0,0.0,0.0,0.0,0.0,0.0,0.0,0.0,0.0,0.0,56.0,38.0,1842.0,374.0,876.0,0.427,91.0,263.0,0.346,283.0,613.0,0.462,0.479,171.0,234.0,0.731,86.0,289.0,375.0,93.0,50.0,30.0,77.0,137.0,1010.0,0.0,16.8,0.516,0.3,0.267,5.2,18.5,11.7,9.6,1.4,1.2,7.3,26.0,1.5,1.1,2.6,0.067,1.3,-1.5,-0.1,0.9,0.0,2011
33,Tyreke Evans,37.0,6.7,16.4,0.409,0.8,2.6,0.291,5.9,13.8,0.432,0.432,3.6,4.7,0.771,0.8,4.0,4.8,5.6,1.5,0.5,3.2,2.5,17.8,0.0,0.0,1210.0,0.0,0.0,0.0,0.0,0.0,0.0,0.0,0.0,0.0,0.0,0.0,0.0,0.0,57.0,53.0,2107.0,382.0,933.0,0.409,43.0,148.0,0.291,339.0,785.0,0.432,0.432,205.0,266.0,0.771,46.0,229.0,275.0,319.0,85.0,30.0,184.0,143.0,1012.0,0.0,14.4,0.482,0.159,0.285,2.4,12.7,7.4,24.9,2.0,1.0,14.9,25.3,-0.1,1.7,1.6,0.036,-0.1,0.2,0.0,1.1,0.0,2011
34,Carlos Boozer,31.9,7.3,14.3,0.51,0.0,0.0,0.0,7.3,14.3,0.51,0.51,2.9,4.1,0.701,2.2,7.4,9.6,2.5,0.8,0.3,2.5,3.2,17.5,0.0,0.0,1210.0,0.0,0.0,0.0,0.0,0.0,0.0,0.0,0.0,0.0,0.0,0.0,0.0,0.0,59.0,59.0,1882.0,431.0,845.0,0.51,0.0,0.0,0.0,431.0,845.0,0.51,0.51,171.0,244.0,0.701,130.0,435.0,565.0,145.0,45.0,18.0,149.0,186.0,1033.0,0.0,18.8,0.542,0.0,0.289,8.3,26.3,17.6,14.3,1.3,0.7,13.5,26.9,1.9,3.9,5.8,0.149,0.2,0.8,1.0,1.4,0.0,2011
35,Tony Parker,32.4,7.1,13.7,0.519,0.3,0.9,0.357,6.8,12.8,0.531,0.531,3.0,3.9,0.769,0.4,2.7,3.1,6.6,1.2,0.0,2.6,1.7,17.5,0.0,3.0,1210.0,0.002,78.0,32.4,17.5,3.1,6.6,1.2,0.0,0.519,0.357,0.769,8.2,0.156,78.0,78.0,2528.0,555.0,1069.0,0.519,25.0,70.0,0.357,530.0,999.0,0.531,0.531,233.0,303.0,0.769,30.0,208.0,238.0,513.0,90.0,3.0,200.0,135.0,1368.0,0.0,20.4,0.569,0.065,0.283,1.4,9.3,5.5,35.2,1.9,0.1,14.3,25.5,5.8,2.4,8.2,0.156,2.3,-0.4,1.8,2.4,0.0,2011
36,Luol Deng,39.1,6.5,14.1,0.46,1.4,4.1,0.345,5.1,10.0,0.506,0.51,3.1,4.1,0.753,1.4,4.4,5.8,2.8,1.0,0.6,1.9,2.0,17.4,0.0,0.0,1210.0,0.0,0.0,0.0,0.0,0.0,0.0,0.0,0.0,0.0,0.0,0.0,0.0,0.0,82.0,82.0,3208.0,531.0,1155.0,0.46,115.0,333.0,0.345,416.0,822.0,0.506,0.51,253.0,336.0,0.753,116.0,360.0,476.0,230.0,78.0,48.0,156.0,162.0,1430.0,0.0,15.5,0.549,0.288,0.291,4.4,12.8,8.7,11.9,1.3,1.1,10.7,20.9,4.7,5.2,9.9,0.149,1.1,0.6,1.7,3.0,0.0,2011
37,Manu Ginóbili,30.3,5.5,12.7,0.433,1.9,5.5,0.349,3.6,7.2,0.497,0.509,4.5,5.1,0.871,0.5,3.2,3.7,4.9,1.5,0.4,2.2,2.0,17.4,0.0,20.0,1210.0,0.017,80.0,30.3,17.4,3.7,4.9,1.5,0.4,0.433,0.349,0.871,9.9,0.195,80.0,79.0,2426.0,441.0,1018.0,0.433,154.0,441.0,0.349,287.0,577.0,0.497,0.509,357.0,410.0,0.871,42.0,253.0,295.0,393.0,123.0,28.0,174.0,163.0,1393.0,0.0,21.7,0.581,0.433,0.403,2.1,11.8,7.1,26.4,2.6,0.8,12.7,26.0,6.6,3.2,9.9,0.195,4.1,1.3,5.4,4.5,0.0,2011
38,Nick Young,31.8,6.4,14.6,0.441,1.6,4.2,0.387,4.8,10.4,0.462,0.497,2.9,3.6,0.816,0.4,2.3,2.7,1.2,0.7,0.3,1.4,2.3,17.4,0.0,0.0,1210.0,0.0,0.0,0.0,0.0,0.0,0.0,0.0,0.0,0.0,0.0,0.0,0.0,0.0,64.0,40.0,2034.0,412.0,935.0,0.441,105.0,271.0,0.387,307.0,664.0,0.462,0.497,186.0,228.0,0.816,26.0,148.0,174.0,75.0,45.0,17.0,90.0,144.0,1115.0,0.0,14.5,0.538,0.29,0.244,1.4,8.6,4.9,6.6,1.1,0.6,8.0,24.4,2.3,0.4,2.8,0.065,0.6,-1.8,-1.3,0.4,0.0,2011
39,Paul Millsap,34.3,6.9,13.0,0.531,0.1,0.3,0.391,6.8,12.7,0.535,0.536,3.4,4.4,0.757,2.2,5.5,7.6,2.5,1.4,0.9,1.9,3.6,17.3,0.0,0.0,1210.0,0.0,0.0,0.0,0.0,0.0,0.0,0.0,0.0,0.0,0.0,0.0,0.0,0.0,76.0,76.0,2605.0,525.0,988.0,0.531,9.0,23.0,0.391,516.0,965.0,0.535,0.536,256.0,338.0,0.757,164.0,415.0,579.0,187.0,103.0,69.0,145.0,272.0,1315.0,0.0,19.8,0.578,0.023,0.342,7.5,19.4,13.4,12.6,2.1,2.2,11.3,22.6,5.2,2.5,7.7,0.143,1.6,0.3,1.9,2.5,0.0,2011
40,DeMar DeRozan,34.8,6.6,14.1,0.467,0.1,0.6,0.096,6.5,13.4,0.485,0.469,4.0,4.9,0.813,0.9,2.9,3.8,1.8,1.0,0.4,1.8,2.6,17.2,0.0,0.0,1210.0,0.0,0.0,0.0,0.0,0.0,0.0,0.0,0.0,0.0,0.0,0.0,0.0,0.0,82.0,82.0,2851.0,539.0,1154.0,0.467,5.0,52.0,0.096,534.0,1102.0,0.485,0.469,327.0,402.0,0.813,75.0,240.0,315.0,148.0,85.0,31.0,144.0,217.0,1410.0,0.0,14.5,0.53,0.045,0.348,3.0,10.2,6.5,8.6,1.5,0.8,9.8,23.2,2.8,0.5,3.2,0.055,-0.9,-1.5,-2.5,-0.3,0.0,2011
41,Chauncey Billups,32.1,4.7,11.0,0.427,2.0,5.0,0.402,2.7,6.0,0.448,0.519,5.3,5.8,0.916,0.3,2.3,2.6,5.4,1.0,0.2,2.5,2.0,16.8,0.0,0.0,1210.0,0.0,0.0,0.0,0.0,0.0,0.0,0.0,0.0,0.0,0.0,0.0,0.0,0.0,72.0,72.0,2310.0,339.0,794.0,0.427,146.0,363.0,0.402,193.0,431.0,0.448,0.519,384.0,419.0,0.916,25.0,165.0,190.0,387.0,71.0,14.0,177.0,146.0,1208.0,0.0,18.7,0.617,0.457,0.528,1.3,8.1,4.7,25.8,1.5,0.5,15.3,22.3,6.6,1.4,8.0,0.166,3.7,-1.2,2.6,2.7,0.0,2011
42,Andray Blatche,33.9,6.7,15.0,0.445,0.1,0.3,0.222,6.6,14.7,0.449,0.447,3.4,4.4,0.777,2.9,5.4,8.2,2.3,1.5,0.8,2.7,2.8,16.8,0.0,0.0,1210.0,0.0,0.0,0.0,0.0,0.0,0.0,0.0,0.0,0.0,0.0,0.0,0.0,0.0,64.0,63.0,2172.0,426.0,957.0,0.445,4.0,18.0,0.222,422.0,939.0,0.449,0.447,220.0,283.0,0.777,183.0,343.0,526.0,144.0,98.0,51.0,172.0,182.0,1076.0,0.0,16.9,0.497,0.019,0.296,9.3,18.7,13.8,11.7,2.3,1.8,13.7,25.5,0.3,2.1,2.4,0.053,-0.3,-0.5,-0.9,0.6,0.0,2011
43,Ray Allen,36.1,6.0,12.2,0.491,2.1,4.7,0.444,3.9,7.5,0.52,0.577,2.4,2.7,0.881,0.6,2.8,3.4,2.7,1.0,0.2,1.5,1.8,16.5,0.0,0.0,1210.0,0.0,0.0,0.0,0.0,0.0,0.0,0.0,0.0,0.0,0.0,0.0,0.0,0.0,80.0,80.0,2890.0,480.0,978.0,0.491,168.0,378.0,0.444,312.0,600.0,0.52,0.577,193.0,219.0,0.881,51.0,223.0,274.0,219.0,77.0,16.0,117.0,147.0,1321.0,0.0,16.4,0.615,0.387,0.224,2.3,9.0,5.8,12.7,1.4,0.4,9.8,19.8,5.8,4.2,10.0,0.166,2.3,0.6,2.9,3.6,0.0,2011
44,David Lee,36.1,6.8,13.4,0.507,0.0,0.0,0.333,6.8,13.4,0.508,0.508,2.9,3.7,0.787,3.0,6.8,9.8,3.2,1.0,0.4,2.3,2.9,16.5,0.0,0.0,1210.0,0.0,0.0,0.0,0.0,0.0,0.0,0.0,0.0,0.0,0.0,0.0,0.0,0.0,73.0,73.0,2634.0,496.0,978.0,0.507,1.0,3.0,0.333,495.0,975.0,0.508,0.508,210.0,267.0,0.787,217.0,497.0,714.0,233.0,74.0,31.0,170.0,211.0,1203.0,0.0,17.8,0.549,0.003,0.273,9.1,21.9,15.4,14.0,1.4,0.9,13.4,21.2,4.1,2.0,6.0,0.11,0.5,-0.9,-0.4,1.1,0.0,2011
45,Josh Smith,34.4,6.5,13.5,0.477,0.7,2.0,0.331,5.8,11.5,0.503,0.502,3.0,4.1,0.725,1.7,6.8,8.5,3.3,1.3,1.6,2.6,2.8,16.5,0.0,0.0,1210.0,0.0,0.0,0.0,0.0,0.0,0.0,0.0,0.0,0.0,0.0,0.0,0.0,0.0,77.0,77.0,2645.0,497.0,1041.0,0.477,51.0,154.0,0.331,446.0,887.0,0.503,0.502,229.0,316.0,0.725,134.0,523.0,657.0,255.0,99.0,120.0,197.0,217.0,1274.0,1.0,19.2,0.54,0.148,0.304,6.2,23.7,15.0,17.1,2.0,3.5,14.3,24.7,1.9,4.5,6.4,0.116,1.0,1.7,2.8,3.2,0.0,2011
46,John Wall,37.8,5.8,14.1,0.409,0.5,1.7,0.296,5.3,12.4,0.425,0.427,4.4,5.7,0.766,0.5,4.1,4.6,8.3,1.8,0.5,3.8,2.5,16.4,0.0,0.0,1210.0,0.0,0.0,0.0,0.0,0.0,0.0,0.0,0.0,0.0,0.0,0.0,0.0,0.0,69.0,64.0,2606.0,398.0,972.0,0.409,34.0,115.0,0.296,364.0,857.0,0.425,0.427,301.0,393.0,0.766,35.0,282.0,317.0,574.0,121.0,35.0,261.0,175.0,1131.0,1.0,15.8,0.494,0.118,0.404,1.5,12.8,6.9,36.0,2.4,1.0,18.6,23.8,0.3,1.9,2.2,0.041,0.0,-0.8,-0.8,0.8,0.0,2011
47,Dorell Wright,38.4,5.9,14.0,0.423,2.4,6.3,0.376,3.5,7.7,0.462,0.508,2.2,2.8,0.789,1.1,4.2,5.3,3.0,1.5,0.8,1.6,2.1,16.4,0.0,0.0,1210.0,0.0,0.0,0.0,0.0,0.0,0.0,0.0,0.0,0.0,0.0,0.0,0.0,0.0,82.0,82.0,3147.0,485.0,1146.0,0.423,194.0,516.0,0.376,291.0,630.0,0.462,0.508,180.0,228.0,0.789,88.0,343.0,431.0,242.0,124.0,63.0,133.0,171.0,1344.0,0.0,15.0,0.539,0.45,0.199,3.1,12.6,7.8,11.6,2.0,1.5,9.6,19.3,3.9,1.8,5.8,0.088,1.3,-0.5,0.8,2.2,0.0,2011
48,Brandon Jennings,34.4,5.7,14.7,0.39,1.6,4.8,0.323,4.2,9.9,0.422,0.443,3.2,3.9,0.809,0.7,3.0,3.7,4.8,1.5,0.3,2.3,2.1,16.2,0.0,0.0,1210.0,0.0,0.0,0.0,0.0,0.0,0.0,0.0,0.0,0.0,0.0,0.0,0.0,0.0,63.0,61.0,2169.0,361.0,926.0,0.39,98.0,303.0,0.323,263.0,623.0,0.422,0.443,199.0,246.0,0.809,42.0,192.0,234.0,305.0,95.0,21.0,146.0,131.0,1019.0,1.0,15.6,0.493,0.327,0.266,2.2,10.6,6.3,25.9,2.3,0.8,12.4,25.5,0.6,3.3,3.9,0.086,0.8,0.9,1.6,2.0,0.0,2011
49,Wesley Matthews,33.6,5.4,11.9,0.449,1.9,4.6,0.407,3.5,7.3,0.476,0.528,3.2,3.8,0.844,0.6,2.6,3.1,2.0,1.2,0.1,1.7,2.4,15.9,0.0,0.0,1210.0,0.0,0.0,0.0,0.0,0.0,0.0,0.0,0.0,0.0,0.0,0.0,0.0,0.0,82.0,69.0,2758.0,440.0,979.0,0.449,154.0,378.0,0.407,286.0,601.0,0.476,0.528,266.0,315.0,0.844,48.0,210.0,258.0,164.0,102.0,9.0,138.0,195.0,1300.0,0.0,15.5,0.582,0.386,0.322,2.0,9.7,5.7,10.2,2.0,0.3,11.0,21.3,5.0,2.3,7.2,0.126,1.0,-0.1,0.9,2.0,0.0,2011
50,Chris Paul,36.0,5.4,11.6,0.463,0.9,2.3,0.388,4.5,9.3,0.482,0.502,4.2,4.8,0.878,0.5,3.6,4.1,9.8,2.4,0.1,2.2,2.5,15.9,0.0,2.0,1210.0,0.002,80.0,36.0,15.9,4.1,9.8,2.4,0.1,0.463,0.388,0.878,13.9,0.232,80.0,80.0,2880.0,430.0,928.0,0.463,71.0,183.0,0.388,359.0,745.0,0.482,0.502,337.0,384.0,0.878,38.0,289.0,327.0,782.0,188.0,5.0,177.0,196.0,1268.0,0.0,23.7,0.578,0.197,0.414,1.6,12.3,6.9,45.8,3.5,0.1,13.9,21.1,9.5,4.4,13.9,0.232,4.4,2.8,7.1,6.7,0.0,2011
51,Jason Terry,31.3,6.0,13.3,0.451,1.5,4.3,0.362,4.5,9.0,0.493,0.509,2.2,2.6,0.85,0.3,1.6,1.9,4.1,1.1,0.2,2.0,1.7,15.8,0.0,0.0,1210.0,0.0,0.0,0.0,0.0,0.0,0.0,0.0,0.0,0.0,0.0,0.0,0.0,0.0,82.0,10.0,2564.0,492.0,1091.0,0.451,127.0,351.0,0.362,365.0,740.0,0.493,0.509,182.0,214.0,0.85,24.0,129.0,153.0,334.0,93.0,13.0,167.0,140.0,1293.0,0.0,15.9,0.545,0.322,0.196,1.1,5.7,3.5,22.2,1.9,0.4,12.4,24.7,2.8,2.5,5.3,0.1,1.0,-0.1,0.9,1.9,0.0,2011
52,Gerald Wallace,37.9,5.4,12.0,0.454,0.9,2.6,0.333,4.6,9.4,0.487,0.49,3.9,5.3,0.746,1.6,6.5,8.0,2.4,1.5,0.9,2.1,2.6,15.7,0.0,0.0,1210.0,0.0,0.0,0.0,0.0,0.0,0.0,0.0,0.0,0.0,0.0,0.0,0.0,0.0,71.0,63.0,2693.0,386.0,851.0,0.454,62.0,186.0,0.333,324.0,665.0,0.487,0.49,279.0,374.0,0.746,111.0,458.0,569.0,173.0,105.0,63.0,152.0,183.0,1113.0,0.0,16.2,0.548,0.219,0.439,4.9,21.0,12.8,10.9,2.1,1.9,13.0,20.3,2.6,3.6,6.2,0.111,0.4,1.1,1.5,2.4,0.0,2011
53,Jason Richardson,33.9,5.9,13.2,0.447,2.4,6.0,0.395,3.5,7.2,0.49,0.536,1.5,2.0,0.73,0.8,3.3,4.1,1.8,1.2,0.2,1.2,2.0,15.6,0.0,0.0,1210.0,0.0,0.0,0.0,0.0,0.0,0.0,0.0,0.0,0.0,0.0,0.0,0.0,0.0,80.0,80.0,2715.0,472.0,1056.0,0.447,189.0,479.0,0.395,283.0,577.0,0.49,0.536,116.0,159.0,0.73,67.0,264.0,331.0,147.0,93.0,13.0,95.0,162.0,1249.0,0.0,15.0,0.555,0.454,0.151,2.9,11.1,7.1,9.2,1.8,0.4,7.8,20.6,3.6,3.3,6.9,0.123,1.2,0.5,1.7,2.5,0.0,2011
54,Danilo Gallinari,33.9,4.3,10.3,0.414,1.7,4.7,0.352,2.6,5.6,0.467,0.495,5.4,6.3,0.862,1.0,4.0,4.9,1.7,0.8,0.4,1.3,2.3,15.6,0.0,0.0,1210.0,0.0,0.0,0.0,0.0,0.0,0.0,0.0,0.0,0.0,0.0,0.0,0.0,0.0,62.0,60.0,2104.0,265.0,640.0,0.414,103.0,293.0,0.352,162.0,347.0,0.467,0.495,337.0,391.0,0.862,59.0,246.0,305.0,104.0,51.0,27.0,83.0,144.0,970.0,0.0,15.7,0.597,0.458,0.611,3.2,13.4,8.3,7.4,1.2,0.9,9.3,18.9,4.9,1.2,6.1,0.139,1.5,-0.8,0.7,1.4,0.0,2011
55,Raymond Felton,36.5,5.7,13.4,0.425,1.5,4.4,0.353,4.1,9.0,0.46,0.483,2.6,3.2,0.805,0.6,2.9,3.6,8.3,1.7,0.1,2.9,2.0,15.5,0.0,0.0,1210.0,0.0,0.0,0.0,0.0,0.0,0.0,0.0,0.0,0.0,0.0,0.0,0.0,0.0,75.0,54.0,2737.0,427.0,1005.0,0.425,116.0,329.0,0.353,311.0,676.0,0.46,0.483,194.0,241.0,0.805,48.0,221.0,269.0,625.0,125.0,11.0,221.0,150.0,1164.0,1.0,16.6,0.524,0.327,0.24,2.0,9.2,5.6,35.8,2.3,0.3,16.6,21.6,3.6,1.8,5.4,0.094,1.6,-1.0,0.6,1.8,0.0,2011
56,Rodney Stuckey,31.2,5.2,11.8,0.439,0.4,1.3,0.289,4.8,10.5,0.457,0.455,4.7,5.4,0.866,1.0,2.1,3.1,5.2,1.1,0.1,2.2,2.5,15.5,0.0,0.0,1210.0,0.0,0.0,0.0,0.0,0.0,0.0,0.0,0.0,0.0,0.0,0.0,0.0,0.0,70.0,54.0,2183.0,363.0,827.0,0.439,26.0,90.0,0.289,337.0,737.0,0.457,0.455,330.0,381.0,0.866,70.0,146.0,216.0,361.0,76.0,10.0,155.0,177.0,1082.0,0.0,18.4,0.544,0.109,0.461,3.7,8.6,6.0,27.5,1.9,0.4,13.5,24.5,4.4,0.6,5.0,0.111,1.5,-1.4,0.2,1.2,0.0,2011
57,Wilson Chandler,33.3,6.0,13.2,0.45,1.6,4.4,0.35,4.4,8.8,0.501,0.509,1.8,2.2,0.807,1.0,4.6,5.7,1.7,0.7,1.3,1.4,2.8,15.3,0.0,0.0,1210.0,0.0,0.0,0.0,0.0,0.0,0.0,0.0,0.0,0.0,0.0,0.0,0.0,0.0,72.0,49.0,2401.0,429.0,953.0,0.45,112.0,320.0,0.35,317.0,633.0,0.501,0.509,130.0,161.0,0.807,75.0,333.0,408.0,120.0,48.0,94.0,104.0,199.0,1100.0,0.0,14.6,0.537,0.336,0.169,3.6,15.9,9.7,8.1,1.0,2.9,9.2,20.9,2.1,1.9,3.9,0.079,0.2,-0.4,-0.2,1.1,0.0,2011
58,Al Horford,35.1,6.7,12.0,0.557,0.0,0.1,0.5,6.6,11.9,0.557,0.558,1.9,2.4,0.798,2.4,7.0,9.3,3.5,0.8,1.0,1.5,2.5,15.3,0.0,0.0,1210.0,0.0,0.0,0.0,0.0,0.0,0.0,0.0,0.0,0.0,0.0,0.0,0.0,0.0,77.0,77.0,2704.0,513.0,921.0,0.557,2.0,4.0,0.5,511.0,917.0,0.557,0.558,150.0,188.0,0.798,182.0,536.0,718.0,266.0,59.0,80.0,119.0,193.0,1178.0,0.0,20.7,0.587,0.004,0.204,8.2,23.7,16.0,17.5,1.2,2.3,10.6,19.7,6.4,3.7,10.1,0.179,2.5,1.1,3.6,3.9,0.0,2011
59,Devin Harris,31.7,4.8,11.5,0.422,0.8,2.5,0.322,4.0,8.9,0.45,0.458,4.7,5.7,0.833,0.2,2.1,2.4,7.1,1.0,0.1,2.9,2.3,15.2,0.0,0.0,1210.0,0.0,0.0,0.0,0.0,0.0,0.0,0.0,0.0,0.0,0.0,0.0,0.0,0.0,71.0,70.0,2254.0,343.0,813.0,0.422,58.0,180.0,0.322,285.0,633.0,0.45,0.458,335.0,402.0,0.833,17.0,152.0,169.0,503.0,70.0,7.0,207.0,163.0,1079.0,0.0,17.2,0.545,0.221,0.494,0.9,8.2,4.5,38.2,1.7,0.2,17.3,24.6,3.2,1.0,4.2,0.089,1.9,-1.3,0.6,1.5,0.0,2011
60,Elton Brand,34.7,6.2,12.1,0.512,0.0,0.0,0.0,6.2,12.1,0.512,0.512,2.6,3.4,0.78,2.9,5.4,8.3,1.5,1.1,1.3,1.2,3.0,15.0,0.0,0.0,1210.0,0.0,0.0,0.0,0.0,0.0,0.0,0.0,0.0,0.0,0.0,0.0,0.0,0.0,81.0,81.0,2809.0,502.0,981.0,0.512,0.0,1.0,0.0,502.0,980.0,0.512,0.512,213.0,273.0,0.78,237.0,439.0,676.0,120.0,92.0,106.0,101.0,244.0,1217.0,0.0,18.5,0.553,0.001,0.278,9.7,18.0,13.9,7.1,1.7,2.9,8.4,19.7,5.1,4.4,9.4,0.161,0.7,0.6,1.3,2.4,0.0,2011
61,Caron Butler,29.9,5.9,13.0,0.45,1.0,2.2,0.431,4.9,10.8,0.454,0.487,2.3,3.0,0.773,0.8,3.3,4.1,1.6,1.0,0.3,1.7,2.0,15.0,0.0,0.0,1210.0,0.0,0.0,0.0,0.0,0.0,0.0,0.0,0.0,0.0,0.0,0.0,0.0,0.0,29.0,29.0,867.0,170.0,378.0,0.45,28.0,65.0,0.431,142.0,313.0,0.454,0.487,68.0,88.0,0.773,22.0,96.0,118.0,46.0,28.0,8.0,49.0,59.0,436.0,0.0,14.2,0.523,0.172,0.233,3.1,12.5,8.0,9.1,1.7,0.7,10.5,25.1,0.2,1.0,1.2,0.067,-0.8,0.0,-0.9,0.2,0.0,2011
62,Kevin Garnett,31.3,6.1,11.6,0.528,0.0,0.1,0.2,6.1,11.5,0.53,0.529,2.6,3.1,0.862,1.2,7.7,8.9,2.4,1.3,0.8,1.6,2.1,14.9,0.0,0.0,1210.0,0.0,0.0,0.0,0.0,0.0,0.0,0.0,0.0,0.0,0.0,0.0,0.0,0.0,71.0,71.0,2220.0,434.0,822.0,0.528,1.0,5.0,0.2,433.0,817.0,0.53,0.529,187.0,217.0,0.862,83.0,548.0,631.0,171.0,95.0,57.0,115.0,148.0,1056.0,0.0,20.6,0.575,0.006,0.264,4.9,28.7,17.5,13.5,2.3,2.0,11.1,22.3,3.4,5.6,9.0,0.194,1.8,2.9,4.7,3.8,0.0,2011
63,Steve Nash,33.3,5.3,10.8,0.492,1.1,2.7,0.395,4.2,8.1,0.525,0.542,3.0,3.3,0.912,0.5,2.9,3.5,11.4,0.6,0.1,3.5,1.2,14.7,0.0,0.0,1210.0,0.0,0.0,0.0,0.0,0.0,0.0,0.0,0.0,0.0,0.0,0.0,0.0,0.0,75.0,75.0,2497.0,399.0,811.0,0.492,81.0,205.0,0.395,318.0,606.0,0.525,0.542,227.0,249.0,0.912,40.0,220.0,260.0,855.0,48.0,4.0,265.0,87.0,1106.0,0.0,20.8,0.601,0.253,0.307,1.8,10.2,6.0,53.1,1.0,0.1,22.4,21.4,7.3,0.7,7.9,0.153,4.7,-1.5,3.2,3.3,0.0,2011
64,Nenê,30.5,5.4,8.7,0.615,0.0,0.1,0.2,5.3,8.7,0.618,0.615,3.8,5.4,0.711,1.9,5.7,7.6,2.0,1.1,1.0,1.8,3.2,14.5,0.0,0.0,1210.0,0.0,0.0,0.0,0.0,0.0,0.0,0.0,0.0,0.0,0.0,0.0,0.0,0.0,75.0,75.0,2291.0,402.0,654.0,0.615,1.0,5.0,0.2,401.0,649.0,0.618,0.615,286.0,402.0,0.711,145.0,426.0,571.0,149.0,84.0,73.0,134.0,238.0,1091.0,0.0,20.4,0.657,0.008,0.615,7.5,20.8,14.4,10.4,1.8,2.4,13.9,18.8,6.4,3.1,9.6,0.201,2.1,1.5,3.6,3.2,0.0,2011
65,D.J. Augustin,33.6,4.9,11.7,0.416,1.4,4.1,0.333,3.5,7.6,0.461,0.474,3.3,3.6,0.906,0.5,2.3,2.7,6.1,0.7,0.0,1.9,1.9,14.4,0.0,0.0,1210.0,0.0,0.0,0.0,0.0,0.0,0.0,0.0,0.0,0.0,0.0,0.0,0.0,0.0,82.0,82.0,2757.0,399.0,958.0,0.416,111.0,333.0,0.333,288.0,625.0,0.461,0.474,269.0,297.0,0.906,38.0,187.0,225.0,498.0,54.0,3.0,155.0,152.0,1178.0,0.0,15.9,0.541,0.348,0.31,1.7,8.3,4.9,31.1,1.0,0.1,12.5,21.2,4.9,1.3,6.2,0.108,1.7,-1.6,0.1,1.5,0.0,2011
66,Lamar Odom,32.2,5.8,10.9,0.53,0.8,2.2,0.382,4.9,8.7,0.566,0.568,2.0,3.0,0.675,2.1,6.5,8.7,3.0,0.6,0.7,1.7,2.4,14.4,0.0,0.0,1210.0,0.0,0.0,0.0,0.0,0.0,0.0,0.0,0.0,0.0,0.0,0.0,0.0,0.0,82.0,35.0,2639.0,473.0,893.0,0.53,68.0,178.0,0.382,405.0,715.0,0.566,0.568,166.0,246.0,0.675,175.0,535.0,710.0,249.0,47.0,61.0,139.0,200.0,1180.0,0.0,19.4,0.589,0.199,0.275,7.8,22.2,15.2,15.5,0.9,1.8,12.2,19.7,6.1,4.0,10.1,0.184,2.8,0.8,3.5,3.7,0.0,2011
67,Jamal Crawford,30.2,4.8,11.5,0.421,1.6,4.6,0.341,3.3,6.9,0.474,0.489,2.9,3.4,0.854,0.3,1.4,1.7,3.2,0.8,0.2,1.9,1.3,14.2,0.0,0.0,1210.0,0.0,0.0,0.0,0.0,0.0,0.0,0.0,0.0,0.0,0.0,0.0,0.0,0.0,76.0,0.0,2297.0,368.0,874.0,0.421,119.0,349.0,0.341,249.0,525.0,0.474,0.489,222.0,260.0,0.854,22.0,108.0,130.0,241.0,57.0,14.0,145.0,97.0,1077.0,0.0,14.2,0.545,0.399,0.297,1.2,5.6,3.4,17.7,1.3,0.5,12.8,23.4,1.9,1.4,3.4,0.071,0.6,-1.6,-1.0,0.6,0.0,2011
68,DeMarcus Cousins,28.5,5.3,12.4,0.43,0.0,0.2,0.167,5.3,12.2,0.435,0.432,3.4,5.0,0.687,2.7,6.0,8.6,2.5,1.0,0.8,3.3,4.1,14.1,0.0,0.0,1210.0,0.0,0.0,0.0,0.0,0.0,0.0,0.0,0.0,0.0,0.0,0.0,0.0,0.0,81.0,62.0,2309.0,432.0,1004.0,0.43,3.0,18.0,0.167,429.0,986.0,0.435,0.432,276.0,402.0,0.687,217.0,482.0,699.0,204.0,85.0,68.0,268.0,332.0,1143.0,0.0,14.6,0.484,0.018,0.4,10.4,24.4,17.2,14.7,1.9,2.1,18.5,27.2,-1.9,2.9,1.1,0.022,-2.7,0.1,-2.6,-0.4,0.0,2011
69,Richard Hamilton,27.2,5.2,12.2,0.429,1.0,2.6,0.382,4.2,9.6,0.442,0.47,2.7,3.1,0.849,0.4,1.9,2.3,3.1,0.7,0.1,1.6,1.7,14.1,0.0,0.0,1210.0,0.0,0.0,0.0,0.0,0.0,0.0,0.0,0.0,0.0,0.0,0.0,0.0,0.0,55.0,39.0,1498.0,288.0,671.0,0.429,55.0,144.0,0.382,233.0,527.0,0.442,0.47,146.0,172.0,0.849,24.0,102.0,126.0,171.0,39.0,4.0,88.0,95.0,777.0,0.0,15.8,0.52,0.215,0.256,1.9,8.7,5.1,19.8,1.4,0.2,10.5,26.0,1.6,0.2,1.8,0.059,0.6,-2.2,-1.6,0.1,0.0,2011
70,Andre Iguodala,36.9,5.0,11.3,0.445,0.9,2.7,0.337,4.1,8.6,0.479,0.486,3.1,4.5,0.693,0.9,4.9,5.8,6.3,1.5,0.6,2.1,1.6,14.1,0.0,0.0,1210.0,0.0,0.0,0.0,0.0,0.0,0.0,0.0,0.0,0.0,0.0,0.0,0.0,0.0,67.0,67.0,2469.0,338.0,759.0,0.445,61.0,181.0,0.337,277.0,578.0,0.479,0.486,208.0,300.0,0.693,61.0,326.0,387.0,422.0,101.0,38.0,138.0,109.0,945.0,3.0,17.2,0.53,0.238,0.395,2.8,15.2,9.0,26.4,2.1,1.2,13.4,19.2,3.3,3.5,6.7,0.13,1.7,1.6,3.2,3.2,0.0,2011
71,Tayshaun Prince,32.8,6.1,12.8,0.473,0.4,1.3,0.347,5.6,11.6,0.486,0.49,1.5,2.2,0.702,1.0,3.2,4.2,2.8,0.4,0.5,1.1,1.2,14.1,0.0,0.0,1210.0,0.0,0.0,0.0,0.0,0.0,0.0,0.0,0.0,0.0,0.0,0.0,0.0,0.0,78.0,78.0,2562.0,473.0,1001.0,0.473,34.0,98.0,0.347,439.0,903.0,0.486,0.49,118.0,168.0,0.702,78.0,251.0,329.0,215.0,30.0,41.0,82.0,90.0,1098.0,0.0,15.1,0.511,0.098,0.168,3.6,12.6,7.9,14.4,0.6,1.3,7.1,21.0,2.9,0.4,3.3,0.062,1.0,-1.8,-0.8,0.7,0.0,2011
72,Mo Williams,30.8,5.0,12.6,0.399,1.4,4.2,0.324,3.7,8.4,0.436,0.453,2.6,3.1,0.853,0.4,2.3,2.6,6.6,0.9,0.2,2.9,2.6,14.0,0.0,0.0,1210.0,0.0,0.0,0.0,0.0,0.0,0.0,0.0,0.0,0.0,0.0,0.0,0.0,0.0,58.0,56.0,1788.0,291.0,730.0,0.399,79.0,244.0,0.324,212.0,486.0,0.436,0.453,151.0,177.0,0.853,21.0,132.0,153.0,380.0,53.0,10.0,171.0,150.0,812.0,0.0,13.9,0.503,0.334,0.242,1.3,8.7,5.0,36.9,1.5,0.4,17.5,24.7,0.4,0.6,1.0,0.026,-0.1,-2.2,-2.4,-0.2,0.0,2011
73,Vince Carter,28.1,5.3,12.2,0.437,1.6,4.4,0.361,3.7,7.8,0.479,0.502,1.8,2.4,0.74,0.7,3.0,3.8,2.0,0.9,0.3,1.2,2.6,14.0,0.0,0.0,1210.0,0.0,0.0,0.0,0.0,0.0,0.0,0.0,0.0,0.0,0.0,0.0,0.0,0.0,73.0,63.0,2051.0,389.0,891.0,0.437,116.0,321.0,0.361,273.0,570.0,0.479,0.502,128.0,173.0,0.74,54.0,221.0,275.0,146.0,67.0,20.0,90.0,193.0,1022.0,0.0,14.8,0.528,0.36,0.194,3.1,12.4,7.8,12.1,1.7,0.7,8.5,23.5,2.0,1.9,3.8,0.089,0.1,0.2,0.3,1.2,0.0,2011
74,Jrue Holiday,35.4,5.4,12.2,0.446,1.0,2.7,0.365,4.5,9.5,0.47,0.487,2.1,2.5,0.823,0.8,3.2,4.0,6.5,1.5,0.4,2.7,2.5,14.0,0.0,0.0,1210.0,0.0,0.0,0.0,0.0,0.0,0.0,0.0,0.0,0.0,0.0,0.0,0.0,0.0,82.0,82.0,2901.0,446.0,999.0,0.446,81.0,222.0,0.365,365.0,777.0,0.47,0.487,172.0,209.0,0.823,68.0,264.0,332.0,531.0,120.0,29.0,218.0,203.0,1145.0,1.0,15.4,0.525,0.222,0.209,2.7,10.5,6.6,29.0,2.2,0.8,16.7,20.8,2.2,3.5,5.7,0.094,0.4,0.4,0.8,2.0,0.0,2011
75,John Salmons,35.0,5.1,12.3,0.415,1.1,3.0,0.379,4.0,9.3,0.427,0.462,2.7,3.3,0.813,0.4,3.3,3.6,3.5,1.0,0.4,1.9,2.2,14.0,0.0,0.0,1210.0,0.0,0.0,0.0,0.0,0.0,0.0,0.0,0.0,0.0,0.0,0.0,0.0,0.0,73.0,70.0,2554.0,373.0,898.0,0.415,83.0,219.0,0.379,290.0,679.0,0.427,0.462,195.0,240.0,0.813,27.0,239.0,266.0,252.0,72.0,28.0,137.0,157.0,1024.0,0.0,12.8,0.51,0.244,0.267,1.2,11.2,6.1,17.5,1.5,0.9,12.0,20.9,0.9,3.4,4.3,0.081,-0.9,0.7,-0.3,1.1,0.0,2011
76,J.J. Hickson,28.2,5.4,11.7,0.458,0.0,0.1,0.0,5.4,11.6,0.461,0.458,3.1,4.6,0.673,2.7,6.0,8.7,1.1,0.6,0.7,2.2,2.7,13.8,0.0,0.0,1210.0,0.0,0.0,0.0,0.0,0.0,0.0,0.0,0.0,0.0,0.0,0.0,0.0,0.0,80.0,66.0,2256.0,429.0,936.0,0.458,0.0,5.0,0.0,429.0,931.0,0.461,0.458,247.0,367.0,0.673,217.0,478.0,695.0,91.0,48.0,54.0,173.0,215.0,1105.0,0.0,15.6,0.503,0.005,0.392,10.8,25.0,17.7,7.5,1.1,1.8,13.6,25.5,-0.2,1.7,1.5,0.032,-1.8,-2.1,-3.8,-1.1,0.0,2011
77,Mike Conley,35.5,5.2,11.8,0.444,1.0,2.7,0.369,4.2,9.1,0.466,0.486,2.2,3.0,0.733,0.4,2.7,3.0,6.5,1.8,0.2,2.2,2.2,13.7,0.0,0.0,1210.0,0.0,0.0,0.0,0.0,0.0,0.0,0.0,0.0,0.0,0.0,0.0,0.0,0.0,81.0,81.0,2872.0,423.0,953.0,0.444,80.0,217.0,0.369,343.0,736.0,0.466,0.486,181.0,247.0,0.733,32.0,215.0,247.0,528.0,144.0,18.0,176.0,182.0,1107.0,0.0,15.9,0.521,0.228,0.259,1.3,9.0,5.1,28.0,2.6,0.5,14.2,19.4,3.4,3.2,6.6,0.111,0.7,0.5,1.2,2.3,0.0,2011
78,Beno Udrih,34.6,5.2,10.4,0.5,0.8,2.3,0.357,4.4,8.1,0.54,0.539,2.5,2.9,0.864,0.5,2.8,3.4,4.9,1.2,0.1,1.8,2.3,13.7,0.0,0.0,1210.0,0.0,0.0,0.0,0.0,0.0,0.0,0.0,0.0,0.0,0.0,0.0,0.0,0.0,79.0,64.0,2734.0,412.0,824.0,0.5,65.0,182.0,0.357,347.0,642.0,0.54,0.539,197.0,228.0,0.864,41.0,224.0,265.0,386.0,94.0,9.0,141.0,181.0,1086.0,0.0,15.7,0.587,0.221,0.277,1.7,9.6,5.5,22.1,1.7,0.2,13.2,16.9,5.6,1.6,7.2,0.126,0.5,0.0,0.5,1.7,0.0,2011
79,Lou Williams,23.3,4.3,10.6,0.406,1.2,3.4,0.348,3.1,7.2,0.434,0.462,3.9,4.7,0.823,0.4,1.6,2.0,3.4,0.6,0.2,1.4,1.7,13.7,0.0,0.0,1210.0,0.0,0.0,0.0,0.0,0.0,0.0,0.0,0.0,0.0,0.0,0.0,0.0,0.0,75.0,0.0,1747.0,323.0,795.0,0.406,88.0,253.0,0.348,235.0,542.0,0.434,0.462,293.0,356.0,0.823,32.0,117.0,149.0,252.0,47.0,17.0,102.0,128.0,1027.0,0.0,18.9,0.54,0.318,0.448,2.1,7.7,4.9,24.1,1.4,0.7,9.7,27.8,3.5,1.6,5.1,0.141,3.0,-0.7,2.3,1.9,0.0,2011
80,Kyle Lowry,34.2,4.6,10.8,0.426,1.7,4.6,0.376,2.9,6.2,0.464,0.506,2.6,3.3,0.765,1.2,2.9,4.1,6.7,1.4,0.3,2.1,2.8,13.5,0.0,0.0,1210.0,0.0,0.0,0.0,0.0,0.0,0.0,0.0,0.0,0.0,0.0,0.0,0.0,0.0,75.0,71.0,2563.0,345.0,809.0,0.426,129.0,343.0,0.376,216.0,466.0,0.464,0.506,192.0,251.0,0.765,89.0,220.0,309.0,500.0,102.0,23.0,158.0,207.0,1011.0,1.0,16.5,0.55,0.424,0.31,3.9,9.7,6.8,29.4,2.0,0.6,14.7,18.6,5.1,1.8,7.0,0.13,2.0,0.0,2.0,2.6,0.0,2011
81,Tim Duncan,28.4,5.5,11.0,0.5,0.0,0.1,0.0,5.5,11.0,0.502,0.5,2.4,3.4,0.716,2.2,6.7,8.9,2.7,0.7,1.9,1.6,1.6,13.4,0.0,0.0,1210.0,0.0,0.0,0.0,0.0,0.0,0.0,0.0,0.0,0.0,0.0,0.0,0.0,0.0,76.0,76.0,2156.0,419.0,838.0,0.5,0.0,4.0,0.0,419.0,834.0,0.502,0.5,184.0,257.0,0.716,169.0,509.0,678.0,203.0,50.0,146.0,122.0,119.0,1022.0,1.0,21.9,0.537,0.005,0.307,9.3,26.8,18.3,15.7,1.2,4.8,11.4,22.9,3.7,4.0,7.7,0.171,2.2,2.2,4.4,3.5,0.0,2011
82,Jeff Green,32.4,4.9,10.9,0.449,0.9,2.8,0.303,4.1,8.1,0.499,0.488,2.6,3.3,0.811,1.0,3.8,4.8,1.4,0.7,0.5,1.3,2.8,13.3,0.0,0.0,1210.0,0.0,0.0,0.0,0.0,0.0,0.0,0.0,0.0,0.0,0.0,0.0,0.0,0.0,75.0,51.0,2427.0,368.0,820.0,0.449,64.0,211.0,0.303,304.0,609.0,0.499,0.488,198.0,244.0,0.811,73.0,287.0,360.0,108.0,53.0,37.0,99.0,210.0,998.0,0.0,12.9,0.538,0.257,0.298,3.7,13.5,8.8,7.2,1.1,1.1,9.6,19.5,2.4,2.4,4.8,0.095,-0.6,-0.5,-1.1,0.5,0.0,2011
83,Leandro Barbosa,24.1,5.1,11.3,0.45,1.2,3.7,0.338,3.8,7.6,0.505,0.505,1.9,2.4,0.796,0.2,1.5,1.7,2.1,0.9,0.1,1.4,1.9,13.3,0.0,0.0,1210.0,0.0,0.0,0.0,0.0,0.0,0.0,0.0,0.0,0.0,0.0,0.0,0.0,0.0,58.0,0.0,1395.0,294.0,653.0,0.45,72.0,213.0,0.338,222.0,440.0,0.505,0.505,109.0,137.0,0.796,14.0,85.0,99.0,119.0,50.0,6.0,84.0,112.0,769.0,0.0,15.3,0.539,0.326,0.21,1.2,7.4,4.2,14.6,1.9,0.3,10.5,25.6,1.4,0.1,1.5,0.052,0.4,-1.7,-1.3,0.2,0.0,2011
84,Ramon Sessions,26.3,4.5,9.6,0.466,0.0,0.2,0.2,4.4,9.4,0.472,0.468,4.3,5.2,0.823,0.6,2.6,3.1,5.2,0.7,0.1,2.2,1.1,13.3,0.0,0.0,1210.0,0.0,0.0,0.0,0.0,0.0,0.0,0.0,0.0,0.0,0.0,0.0,0.0,0.0,81.0,38.0,2133.0,362.0,776.0,0.466,3.0,15.0,0.2,359.0,761.0,0.472,0.468,348.0,423.0,0.823,46.0,209.0,255.0,419.0,60.0,8.0,178.0,93.0,1075.0,0.0,19.0,0.559,0.019,0.545,2.4,11.6,6.9,35.0,1.5,0.3,15.6,24.2,3.8,0.6,4.4,0.099,1.8,-1.4,0.3,1.3,0.0,2011
85,Darren Collison,29.9,5.0,11.0,0.457,0.5,1.6,0.331,4.5,9.4,0.479,0.481,2.6,2.9,0.871,0.5,2.3,2.8,5.1,1.1,0.2,2.5,1.4,13.2,0.0,0.0,1210.0,0.0,0.0,0.0,0.0,0.0,0.0,0.0,0.0,0.0,0.0,0.0,0.0,0.0,79.0,79.0,2360.0,398.0,870.0,0.457,41.0,124.0,0.331,357.0,746.0,0.479,0.481,202.0,232.0,0.871,40.0,185.0,225.0,403.0,87.0,14.0,194.0,109.0,1039.0,0.0,15.6,0.534,0.143,0.267,1.9,8.6,5.3,28.9,1.9,0.4,16.6,21.9,2.1,2.2,4.3,0.087,0.4,-0.7,-0.3,1.0,0.0,2011
86,Grant Hill,30.1,5.0,10.3,0.484,0.6,1.4,0.395,4.4,8.9,0.498,0.511,2.7,3.2,0.829,1.0,3.3,4.2,2.5,0.8,0.4,1.7,2.3,13.2,0.0,0.0,1210.0,0.0,0.0,0.0,0.0,0.0,0.0,0.0,0.0,0.0,0.0,0.0,0.0,0.0,80.0,80.0,2409.0,399.0,825.0,0.484,45.0,114.0,0.395,354.0,711.0,0.498,0.511,213.0,257.0,0.829,77.0,261.0,338.0,200.0,64.0,35.0,134.0,184.0,1056.0,0.0,14.7,0.563,0.138,0.312,3.7,12.5,8.1,13.0,1.4,1.1,12.5,20.1,3.1,1.3,4.4,0.087,-0.2,-0.3,-0.5,0.9,0.0,2011
87,Anthony Morrow,32.0,4.8,10.7,0.45,1.9,4.5,0.423,2.9,6.2,0.469,0.539,1.7,1.8,0.897,0.6,2.3,3.0,1.2,0.3,0.1,0.9,2.3,13.2,0.0,0.0,1210.0,0.0,0.0,0.0,0.0,0.0,0.0,0.0,0.0,0.0,0.0,0.0,0.0,0.0,58.0,47.0,1856.0,279.0,620.0,0.45,110.0,260.0,0.423,169.0,360.0,0.469,0.539,96.0,107.0,0.897,37.0,135.0,172.0,68.0,19.0,7.0,54.0,135.0,764.0,0.0,12.1,0.573,0.419,0.173,2.3,8.8,5.5,6.3,0.5,0.3,7.5,18.0,2.6,0.4,3.0,0.078,0.3,-1.3,-1.0,0.5,0.0,2011
88,Baron Davis,28.4,5.0,11.9,0.417,1.4,4.1,0.339,3.6,7.8,0.458,0.475,1.7,2.3,0.771,0.6,2.1,2.7,6.7,1.3,0.5,2.5,2.5,13.1,0.0,0.0,1210.0,0.0,0.0,0.0,0.0,0.0,0.0,0.0,0.0,0.0,0.0,0.0,0.0,0.0,58.0,44.0,1649.0,289.0,693.0,0.417,81.0,239.0,0.339,208.0,454.0,0.458,0.475,101.0,131.0,0.771,35.0,121.0,156.0,391.0,78.0,28.0,146.0,143.0,760.0,0.0,17.0,0.506,0.345,0.189,2.5,8.6,5.5,41.2,2.4,1.3,16.3,24.4,1.5,1.3,2.8,0.081,2.2,-0.3,1.9,1.6,0.0,2011
89,Jameer Nelson,30.5,4.9,11.0,0.446,1.6,3.9,0.401,3.4,7.1,0.471,0.517,1.7,2.1,0.802,0.5,2.5,3.0,6.0,1.0,0.0,2.6,2.8,13.1,0.0,0.0,1210.0,0.0,0.0,0.0,0.0,0.0,0.0,0.0,0.0,0.0,0.0,0.0,0.0,0.0,76.0,76.0,2319.0,374.0,838.0,0.446,119.0,297.0,0.401,255.0,541.0,0.471,0.517,130.0,162.0,0.802,37.0,189.0,226.0,456.0,75.0,3.0,194.0,209.0,997.0,0.0,15.4,0.548,0.354,0.193,1.9,9.3,5.7,33.7,1.7,0.1,17.6,22.0,3.4,3.2,6.6,0.136,1.0,0.1,1.1,1.8,0.0,2011
90,Marcus Thornton,24.3,4.8,11.1,0.434,1.2,3.3,0.367,3.6,7.8,0.462,0.488,2.0,2.5,0.788,0.8,2.7,3.5,1.8,0.9,0.1,1.3,1.5,12.8,0.0,0.0,1210.0,0.0,0.0,0.0,0.0,0.0,0.0,0.0,0.0,0.0,0.0,0.0,0.0,0.0,73.0,23.0,1775.0,350.0,807.0,0.434,88.0,240.0,0.367,262.0,567.0,0.462,0.488,145.0,184.0,0.788,61.0,197.0,258.0,135.0,64.0,9.0,93.0,110.0,933.0,0.0,16.5,0.525,0.297,0.228,4.0,13.3,8.6,13.2,1.9,0.4,9.5,24.9,1.9,1.6,3.5,0.095,1.4,-0.4,1.0,1.3,0.0,2011
91,Andrew Bogut,35.3,5.6,11.4,0.495,0.0,0.1,0.0,5.6,11.4,0.497,0.495,1.5,3.3,0.442,3.1,8.0,11.1,2.0,0.7,2.6,1.9,3.3,12.8,0.0,0.0,1210.0,0.0,0.0,0.0,0.0,0.0,0.0,0.0,0.0,0.0,0.0,0.0,0.0,0.0,65.0,65.0,2297.0,367.0,742.0,0.495,0.0,4.0,0.0,367.0,738.0,0.497,0.495,96.0,217.0,0.442,199.0,521.0,720.0,131.0,47.0,168.0,125.0,217.0,830.0,0.0,16.7,0.496,0.005,0.292,9.8,27.1,18.3,10.4,1.1,5.8,13.0,19.6,0.3,5.1,5.4,0.112,-1.0,2.4,1.3,1.9,0.0,2011
92,C.J. Miles,25.2,4.7,11.5,0.407,1.4,4.3,0.322,3.3,7.2,0.459,0.468,2.0,2.5,0.811,0.7,2.6,3.3,1.7,0.9,0.5,1.2,2.8,12.8,0.0,0.0,1210.0,0.0,0.0,0.0,0.0,0.0,0.0,0.0,0.0,0.0,0.0,0.0,0.0,0.0,78.0,19.0,1969.0,366.0,899.0,0.407,109.0,339.0,0.322,257.0,560.0,0.459,0.468,159.0,196.0,0.811,54.0,201.0,255.0,135.0,74.0,38.0,93.0,221.0,1000.0,0.0,14.4,0.507,0.377,0.218,3.3,12.4,7.8,11.7,2.0,1.6,8.6,25.1,1.2,1.3,2.5,0.061,-0.1,-0.9,-1.0,0.5,0.0,2011
93,Channing Frye,33.0,4.6,10.8,0.432,2.2,5.7,0.39,2.4,5.1,0.479,0.535,1.2,1.4,0.832,0.8,5.8,6.7,1.2,0.6,1.0,0.9,3.5,12.7,0.0,0.0,1210.0,0.0,0.0,0.0,0.0,0.0,0.0,0.0,0.0,0.0,0.0,0.0,0.0,0.0,77.0,64.0,2541.0,358.0,829.0,0.432,171.0,439.0,0.39,187.0,390.0,0.479,0.535,89.0,107.0,0.832,65.0,448.0,513.0,96.0,46.0,79.0,73.0,272.0,976.0,0.0,12.8,0.557,0.53,0.129,3.0,20.4,11.7,5.7,0.9,2.3,7.7,16.9,2.7,2.1,4.7,0.09,-0.3,0.0,-0.3,1.1,0.0,2011
94,Roy Hibbert,27.7,5.1,11.0,0.461,0.0,0.0,0.0,5.1,10.9,0.463,0.461,2.5,3.4,0.745,2.2,5.3,7.5,2.0,0.4,1.8,2.3,3.2,12.7,0.0,0.0,1210.0,0.0,0.0,0.0,0.0,0.0,0.0,0.0,0.0,0.0,0.0,0.0,0.0,0.0,81.0,80.0,2244.0,410.0,890.0,0.461,0.0,4.0,0.0,410.0,886.0,0.463,0.461,205.0,275.0,0.745,182.0,428.0,610.0,166.0,33.0,142.0,185.0,256.0,1025.0,0.0,15.9,0.507,0.004,0.309,9.1,21.0,15.1,12.8,0.7,4.6,15.5,23.6,0.3,3.3,3.6,0.077,-1.8,0.7,-1.1,0.5,0.0,2011
95,Andre Miller,32.7,4.8,10.4,0.46,0.0,0.5,0.108,4.7,10.0,0.476,0.462,3.1,3.6,0.853,1.2,2.5,3.7,7.0,1.4,0.1,2.4,2.1,12.7,0.0,0.0,1210.0,0.0,0.0,0.0,0.0,0.0,0.0,0.0,0.0,0.0,0.0,0.0,0.0,0.0,81.0,81.0,2650.0,388.0,844.0,0.46,4.0,37.0,0.108,384.0,807.0,0.476,0.462,249.0,292.0,0.853,97.0,205.0,302.0,566.0,114.0,12.0,197.0,171.0,1029.0,0.0,17.8,0.529,0.044,0.346,4.3,9.9,7.0,35.7,2.3,0.4,16.8,20.6,4.6,2.4,7.0,0.127,1.5,0.1,1.6,2.4,0.0,2011
96,Thaddeus Young,26.0,5.6,10.3,0.541,0.1,0.3,0.273,5.5,10.1,0.548,0.544,1.5,2.1,0.707,1.9,3.4,5.3,1.0,1.1,0.3,1.2,2.1,12.7,0.0,0.0,1210.0,0.0,0.0,0.0,0.0,0.0,0.0,0.0,0.0,0.0,0.0,0.0,0.0,0.0,82.0,1.0,2135.0,458.0,847.0,0.541,6.0,22.0,0.273,452.0,825.0,0.548,0.544,123.0,174.0,0.707,153.0,281.0,434.0,82.0,90.0,26.0,99.0,170.0,1045.0,0.0,18.4,0.566,0.026,0.205,8.3,15.2,11.7,6.7,2.2,0.9,9.7,22.1,3.2,3.0,6.2,0.139,0.8,0.3,1.0,1.6,0.0,2011
97,Arron Afflalo,33.7,4.5,9.1,0.498,1.5,3.6,0.423,3.0,5.5,0.546,0.581,2.0,2.4,0.847,0.7,3.0,3.6,2.4,0.5,0.4,1.0,2.2,12.6,0.0,0.0,1210.0,0.0,0.0,0.0,0.0,0.0,0.0,0.0,0.0,0.0,0.0,0.0,0.0,0.0,69.0,69.0,2324.0,312.0,627.0,0.498,105.0,248.0,0.423,207.0,379.0,0.546,0.581,138.0,163.0,0.847,45.0,206.0,251.0,168.0,34.0,31.0,71.0,153.0,867.0,0.0,13.6,0.62,0.396,0.26,2.3,9.9,6.2,10.9,0.7,1.0,9.2,14.8,4.8,1.4,6.2,0.128,1.7,-0.3,1.4,2.0,0.0,2011
98,Shawn Marion,28.2,5.4,10.4,0.52,0.1,0.4,0.152,5.4,10.0,0.536,0.523,1.6,2.1,0.768,2.1,4.8,6.9,1.4,0.9,0.6,1.6,1.8,12.5,0.0,0.0,1210.0,0.0,0.0,0.0,0.0,0.0,0.0,0.0,0.0,0.0,0.0,0.0,0.0,0.0,80.0,27.0,2253.0,434.0,834.0,0.52,5.0,33.0,0.152,429.0,801.0,0.536,0.523,126.0,164.0,0.768,168.0,383.0,551.0,110.0,68.0,50.0,130.0,144.0,999.0,0.0,17.0,0.551,0.04,0.197,9.1,19.2,14.3,8.3,1.6,1.7,12.5,21.5,2.3,3.4,5.6,0.12,-0.1,0.4,0.3,1.3,0.0,2011
99,Nicolas Batum,31.5,4.6,10.1,0.455,1.5,4.3,0.345,3.1,5.8,0.535,0.528,1.7,2.1,0.841,1.4,3.2,4.5,1.5,0.9,0.6,1.0,2.4,12.4,0.0,0.0,1210.0,0.0,0.0,0.0,0.0,0.0,0.0,0.0,0.0,0.0,0.0,0.0,0.0,0.0,80.0,67.0,2522.0,367.0,807.0,0.455,118.0,342.0,0.345,249.0,465.0,0.535,0.528,138.0,164.0,0.841,109.0,252.0,361.0,123.0,68.0,49.0,83.0,194.0,990.0,0.0,14.8,0.563,0.424,0.203,5.1,12.8,8.8,8.1,1.5,1.6,8.6,17.8,4.4,2.3,6.6,0.126,1.1,0.0,1.1,2.0,0.0,2011
100,Chris Kaman,26.2,5.5,11.8,0.471,0.0,0.0,0.0,5.5,11.8,0.471,0.471,1.3,1.8,0.754,1.6,5.4,7.0,1.4,0.5,1.5,1.8,2.3,12.4,0.0,0.0,1210.0,0.0,0.0,0.0,0.0,0.0,0.0,0.0,0.0,0.0,0.0,0.0,0.0,0.0,32.0,15.0,838.0,177.0,376.0,0.471,0.0,0.0,0.0,177.0,376.0,0.471,0.471,43.0,57.0,0.754,51.0,174.0,225.0,46.0,16.0,48.0,58.0,75.0,397.0,0.0,15.7,0.495,0.0,0.152,7.2,24.1,15.7,10.0,1.0,4.5,12.6,24.4,-0.2,1.1,0.8,0.047,-1.7,0.3,-1.4,0.1,0.0,2011
101,J.R. Smith,24.9,4.3,9.9,0.435,1.6,4.0,0.39,2.7,5.9,0.466,0.514,2.1,2.8,0.738,0.6,3.5,4.1,2.2,1.2,0.2,1.3,2.2,12.3,0.0,0.0,1210.0,0.0,0.0,0.0,0.0,0.0,0.0,0.0,0.0,0.0,0.0,0.0,0.0,0.0,79.0,6.0,1968.0,341.0,784.0,0.435,124.0,318.0,0.39,217.0,466.0,0.466,0.514,163.0,221.0,0.738,45.0,277.0,322.0,175.0,92.0,16.0,100.0,173.0,969.0,0.0,16.4,0.55,0.406,0.282,2.7,15.8,9.4,14.2,2.3,0.6,10.2,22.2,2.6,2.3,5.0,0.121,1.1,0.6,1.7,1.9,0.0,2011
102,James Harden,26.7,3.6,8.3,0.436,1.4,4.0,0.349,2.3,4.4,0.514,0.518,3.5,4.2,0.843,0.5,2.6,3.1,2.1,1.1,0.3,1.3,2.5,12.2,0.0,0.0,1210.0,0.0,0.0,0.0,0.0,0.0,0.0,0.0,0.0,0.0,0.0,0.0,0.0,0.0,82.0,5.0,2189.0,298.0,684.0,0.436,113.0,324.0,0.349,185.0,360.0,0.514,0.518,289.0,343.0,0.843,42.0,213.0,255.0,176.0,92.0,24.0,106.0,207.0,998.0,0.0,16.4,0.598,0.474,0.501,2.3,11.0,6.8,12.8,2.2,0.8,11.3,19.5,5.0,2.1,7.1,0.156,1.3,0.6,1.9,2.2,0.0,2011
103,Brandon Roy,27.9,4.4,11.1,0.4,0.8,2.4,0.333,3.6,8.7,0.418,0.436,2.5,2.9,0.848,0.6,2.0,2.6,2.7,0.8,0.3,1.2,1.6,12.2,0.0,0.0,1210.0,0.0,0.0,0.0,0.0,0.0,0.0,0.0,0.0,0.0,0.0,0.0,0.0,0.0,47.0,23.0,1310.0,209.0,523.0,0.4,38.0,114.0,0.333,171.0,409.0,0.418,0.436,117.0,138.0,0.848,28.0,93.0,121.0,129.0,37.0,12.0,55.0,76.0,573.0,0.0,13.9,0.491,0.218,0.264,2.5,9.1,5.6,16.8,1.5,0.8,8.6,22.8,1.2,0.9,2.1,0.077,0.2,-0.4,-0.2,0.6,0.0,2011
104,Corey Maggette,20.9,3.8,8.3,0.453,0.4,1.2,0.359,3.4,7.2,0.468,0.478,4.0,4.9,0.834,0.7,2.9,3.6,1.3,0.3,0.1,1.9,2.6,12.0,0.0,0.0,1210.0,0.0,0.0,0.0,0.0,0.0,0.0,0.0,0.0,0.0,0.0,0.0,0.0,0.0,67.0,18.0,1401.0,253.0,559.0,0.453,28.0,78.0,0.359,225.0,481.0,0.468,0.478,271.0,325.0,0.834,44.0,197.0,241.0,84.0,21.0,5.0,127.0,175.0,805.0,0.0,15.8,0.573,0.14,0.581,3.6,16.8,10.0,11.3,0.8,0.3,15.3,27.7,1.5,1.9,3.4,0.115,-0.6,-0.2,-0.8,0.5,0.0,2011
105,Carl Landry,26.4,4.5,9.0,0.502,0.0,0.1,0.0,4.5,9.0,0.505,0.502,2.8,3.8,0.74,2.2,2.4,4.6,0.8,0.5,0.4,1.4,2.6,11.9,0.0,0.0,1210.0,0.0,0.0,0.0,0.0,0.0,0.0,0.0,0.0,0.0,0.0,0.0,0.0,0.0,76.0,26.0,2008.0,345.0,687.0,0.502,0.0,4.0,0.0,345.0,683.0,0.505,0.502,213.0,288.0,0.74,165.0,182.0,347.0,63.0,40.0,32.0,109.0,196.0,903.0,0.0,14.8,0.555,0.006,0.419,9.3,10.8,10.0,5.2,1.0,1.2,11.8,20.5,2.8,1.3,4.1,0.098,-0.5,-1.3,-1.9,0.1,0.0,2011
106,Luke Ridnour,30.4,4.5,9.6,0.468,1.1,2.6,0.44,3.4,7.0,0.479,0.528,1.7,1.9,0.883,0.5,2.3,2.8,5.4,1.3,0.1,2.2,2.1,11.8,0.0,0.0,1210.0,0.0,0.0,0.0,0.0,0.0,0.0,0.0,0.0,0.0,0.0,0.0,0.0,0.0,71.0,66.0,2159.0,319.0,681.0,0.468,81.0,184.0,0.44,238.0,497.0,0.479,0.528,121.0,137.0,0.883,37.0,162.0,199.0,384.0,89.0,10.0,158.0,146.0,840.0,0.0,15.0,0.567,0.27,0.201,1.9,8.6,5.1,28.1,2.1,0.4,17.6,17.8,3.2,0.8,4.0,0.089,0.7,-0.7,0.0,1.1,0.0,2011
107,Jordan Crawford,24.5,4.6,11.9,0.384,0.8,3.0,0.258,3.8,8.9,0.427,0.417,1.7,2.0,0.869,0.7,1.8,2.5,2.8,0.9,0.1,2.0,1.5,11.7,0.0,0.0,1210.0,0.0,0.0,0.0,0.0,0.0,0.0,0.0,0.0,0.0,0.0,0.0,0.0,0.0,42.0,18.0,1027.0,192.0,500.0,0.384,33.0,128.0,0.258,159.0,372.0,0.427,0.417,73.0,84.0,0.869,31.0,74.0,105.0,117.0,39.0,3.0,83.0,63.0,490.0,1.0,11.8,0.456,0.256,0.168,3.4,8.6,5.9,19.8,2.0,0.2,13.4,27.0,-1.0,0.5,-0.6,-0.026,-1.5,-2.3,-3.8,-0.5,0.0,2011
108,Rashard Lewis,32.0,4.4,10.2,0.433,1.5,4.3,0.357,2.9,5.9,0.488,0.508,1.4,1.7,0.802,1.2,3.8,5.1,1.6,0.9,0.5,1.5,2.8,11.7,0.0,0.0,1210.0,0.0,0.0,0.0,0.0,0.0,0.0,0.0,0.0,0.0,0.0,0.0,0.0,0.0,57.0,52.0,1824.0,252.0,582.0,0.433,87.0,244.0,0.357,165.0,338.0,0.488,0.508,77.0,96.0,0.802,71.0,219.0,290.0,92.0,52.0,30.0,87.0,159.0,668.0,0.0,12.0,0.535,0.419,0.165,4.4,14.0,9.1,8.1,1.5,1.3,12.2,17.6,1.2,1.9,3.0,0.079,-0.7,0.3,-0.4,0.7,0.0,2011
109,Glen Davis,29.5,4.6,10.3,0.448,0.0,0.2,0.133,4.6,10.1,0.454,0.449,2.5,3.4,0.736,1.3,4.2,5.4,1.2,1.0,0.4,1.1,3.0,11.7,0.0,0.0,1210.0,0.0,0.0,0.0,0.0,0.0,0.0,0.0,0.0,0.0,0.0,0.0,0.0,0.0,78.0,13.0,2298.0,359.0,801.0,0.448,2.0,15.0,0.133,357.0,786.0,0.454,0.449,195.0,265.0,0.736,101.0,324.0,425.0,92.0,78.0,30.0,85.0,231.0,915.0,0.0,12.8,0.499,0.019,0.331,5.7,16.4,11.4,6.6,1.8,1.0,8.5,20.9,0.6,4.3,4.9,0.102,-2.6,0.7,-1.9,0.0,0.0,2011
110,Marc Gasol,31.9,4.5,8.5,0.527,0.0,0.1,0.429,4.5,8.4,0.528,0.529,2.7,3.6,0.748,1.9,5.1,7.0,2.5,0.9,1.7,1.8,3.3,11.7,0.0,0.0,1210.0,0.0,0.0,0.0,0.0,0.0,0.0,0.0,0.0,0.0,0.0,0.0,0.0,0.0,81.0,81.0,2586.0,364.0,691.0,0.527,3.0,7.0,0.429,361.0,684.0,0.528,0.529,220.0,294.0,0.748,154.0,415.0,569.0,200.0,74.0,136.0,146.0,265.0,951.0,0.0,16.8,0.58,0.01,0.425,7.1,19.4,13.1,11.6,1.5,4.3,15.1,16.9,4.0,3.9,7.9,0.146,0.3,2.0,2.3,2.8,0.0,2011
111,Andrei Kirilenko,31.2,4.0,8.5,0.467,0.6,1.5,0.367,3.4,6.9,0.489,0.5,3.3,4.2,0.77,1.6,3.5,5.1,3.0,1.3,1.2,1.8,1.8,11.7,0.0,0.0,1210.0,0.0,0.0,0.0,0.0,0.0,0.0,0.0,0.0,0.0,0.0,0.0,0.0,0.0,64.0,62.0,1999.0,253.0,542.0,0.467,36.0,98.0,0.367,217.0,444.0,0.489,0.5,208.0,270.0,0.77,100.0,227.0,327.0,192.0,81.0,74.0,117.0,113.0,750.0,0.0,16.6,0.567,0.181,0.498,6.0,13.8,9.9,14.9,2.1,3.0,15.0,17.8,2.9,1.7,4.5,0.109,1.7,0.5,2.2,2.1,0.0,2011
112,Ty Lawson,26.3,4.3,8.6,0.503,0.9,2.1,0.404,3.5,6.5,0.536,0.553,2.2,2.8,0.764,0.8,1.8,2.6,4.7,1.0,0.1,1.7,1.7,11.7,0.0,0.0,1210.0,0.0,0.0,0.0,0.0,0.0,0.0,0.0,0.0,0.0,0.0,0.0,0.0,0.0,80.0,31.0,2103.0,346.0,688.0,0.503,69.0,171.0,0.404,277.0,517.0,0.536,0.553,172.0,225.0,0.764,67.0,142.0,209.0,377.0,80.0,4.0,137.0,133.0,933.0,0.0,17.9,0.593,0.249,0.327,3.8,7.6,5.7,28.3,1.9,0.1,14.8,19.6,5.1,1.6,6.7,0.153,2.4,-0.3,2.1,2.2,0.0,2011
113,Joakim Noah,32.8,4.4,8.4,0.525,0.0,0.0,0.0,4.4,8.4,0.526,0.525,2.9,3.9,0.739,3.8,6.6,10.4,2.2,1.0,1.5,1.9,3.3,11.7,0.0,0.0,1210.0,0.0,0.0,0.0,0.0,0.0,0.0,0.0,0.0,0.0,0.0,0.0,0.0,0.0,48.0,48.0,1576.0,211.0,402.0,0.525,0.0,1.0,0.0,211.0,401.0,0.526,0.525,139.0,188.0,0.739,182.0,316.0,498.0,107.0,48.0,72.0,90.0,156.0,561.0,0.0,18.8,0.579,0.002,0.468,13.9,22.8,18.5,10.7,1.6,3.5,15.7,16.8,3.1,3.6,6.7,0.205,0.8,2.1,2.9,1.9,0.0,2011
114,Daniel Gibson,27.8,3.9,9.9,0.4,1.8,4.4,0.403,2.2,5.5,0.398,0.489,2.0,2.4,0.822,0.4,2.3,2.6,3.0,0.7,0.3,1.2,2.3,11.6,0.0,0.0,1210.0,0.0,0.0,0.0,0.0,0.0,0.0,0.0,0.0,0.0,0.0,0.0,0.0,0.0,67.0,15.0,1865.0,264.0,660.0,0.4,118.0,293.0,0.403,146.0,367.0,0.398,0.489,134.0,163.0,0.822,24.0,153.0,177.0,201.0,48.0,21.0,80.0,154.0,780.0,0.0,13.2,0.533,0.444,0.247,1.4,9.7,5.5,18.3,1.3,0.9,9.9,19.7,2.0,0.4,2.4,0.062,0.3,-0.7,-0.4,0.8,0.0,2011
115,George Hill,28.3,3.8,8.3,0.453,1.0,2.7,0.377,2.8,5.6,0.49,0.514,3.1,3.6,0.863,0.3,2.3,2.6,2.5,0.9,0.3,1.3,2.0,11.6,0.0,0.0,1210.0,0.0,0.0,0.0,0.0,0.0,0.0,0.0,0.0,0.0,0.0,0.0,0.0,0.0,76.0,5.0,2148.0,287.0,633.0,0.453,77.0,204.0,0.377,210.0,429.0,0.49,0.514,233.0,270.0,0.863,24.0,175.0,199.0,193.0,66.0,21.0,99.0,153.0,884.0,0.0,14.6,0.588,0.322,0.427,1.3,9.2,5.4,13.6,1.6,0.7,11.6,18.2,4.0,2.1,6.1,0.136,0.2,0.6,0.8,1.5,0.0,2011
116,Carlos Delfino,32.4,4.1,10.5,0.39,2.1,5.8,0.37,1.9,4.7,0.415,0.492,1.2,1.5,0.8,0.5,3.6,4.1,2.3,1.6,0.2,1.2,1.5,11.5,0.0,0.0,1210.0,0.0,0.0,0.0,0.0,0.0,0.0,0.0,0.0,0.0,0.0,0.0,0.0,0.0,49.0,40.0,1590.0,200.0,513.0,0.39,105.0,284.0,0.37,95.0,229.0,0.415,0.492,60.0,75.0,0.8,24.0,176.0,200.0,112.0,76.0,8.0,57.0,72.0,565.0,0.0,13.1,0.517,0.554,0.146,1.7,13.2,7.3,12.1,2.6,0.4,9.5,17.7,0.9,2.6,3.5,0.105,-0.3,1.7,1.5,1.4,0.0,2011
117,Andrew Bynum,27.8,4.4,7.6,0.574,0.0,0.0,0.0,4.4,7.6,0.574,0.574,2.6,3.9,0.66,3.1,6.3,9.4,1.4,0.4,2.0,1.4,2.6,11.3,0.0,0.0,1210.0,0.0,0.0,0.0,0.0,0.0,0.0,0.0,0.0,0.0,0.0,0.0,0.0,0.0,54.0,47.0,1500.0,237.0,413.0,0.574,0.0,0.0,0.0,237.0,413.0,0.574,0.574,138.0,209.0,0.66,170.0,338.0,508.0,73.0,19.0,106.0,74.0,140.0,612.0,0.0,21.1,0.606,0.0,0.506,13.3,24.7,19.2,7.7,0.7,5.4,12.8,17.6,3.8,2.8,6.6,0.21,1.8,1.4,3.2,2.0,0.0,2011
118,Boris Diaw,33.9,4.6,9.4,0.492,1.0,2.8,0.345,3.7,6.7,0.553,0.543,1.0,1.5,0.683,1.3,3.8,5.0,4.1,0.9,0.6,2.0,2.3,11.3,0.0,0.0,1210.0,0.0,0.0,0.0,0.0,0.0,0.0,0.0,0.0,0.0,0.0,0.0,0.0,0.0,82.0,82.0,2778.0,381.0,774.0,0.492,78.0,226.0,0.345,303.0,548.0,0.553,0.543,84.0,123.0,0.683,105.0,309.0,414.0,337.0,74.0,46.0,166.0,190.0,924.0,1.0,13.9,0.558,0.292,0.159,4.5,13.6,9.0,20.6,1.4,1.3,16.7,16.8,2.4,2.3,4.8,0.082,0.3,0.3,0.6,1.8,0.0,2011
119,Drew Gooden,24.6,4.5,10.3,0.431,0.1,0.6,0.15,4.4,9.8,0.447,0.435,2.3,2.9,0.794,2.1,4.7,6.8,1.3,0.6,0.5,1.3,2.8,11.3,0.0,0.0,1210.0,0.0,0.0,0.0,0.0,0.0,0.0,0.0,0.0,0.0,0.0,0.0,0.0,0.0,35.0,18.0,860.0,156.0,362.0,0.431,3.0,20.0,0.15,153.0,342.0,0.447,0.435,81.0,102.0,0.794,73.0,165.0,238.0,47.0,21.0,18.0,46.0,98.0,396.0,1.0,15.9,0.487,0.055,0.282,9.6,22.9,16.1,10.3,1.3,1.6,10.2,24.6,0.3,1.5,1.8,0.101,-1.2,0.2,-1.0,0.2,0.0,2011
120,O.J. Mayo,26.3,4.3,10.5,0.407,1.4,3.7,0.364,2.9,6.8,0.431,0.471,1.4,1.8,0.756,0.5,1.9,2.4,2.0,1.0,0.4,1.4,1.8,11.3,0.0,0.0,1210.0,0.0,0.0,0.0,0.0,0.0,0.0,0.0,0.0,0.0,0.0,0.0,0.0,0.0,71.0,17.0,1869.0,304.0,747.0,0.407,96.0,264.0,0.364,208.0,483.0,0.431,0.471,99.0,131.0,0.756,35.0,135.0,170.0,145.0,73.0,26.0,99.0,127.0,803.0,0.0,12.6,0.499,0.353,0.175,2.2,8.7,5.4,12.1,2.0,1.1,11.0,21.8,0.5,1.9,2.4,0.062,-0.4,-0.1,-0.6,0.7,0.0,2011
121,Brandon Bass,26.1,4.4,8.5,0.515,0.0,0.0,0.0,4.4,8.5,0.516,0.515,2.5,3.1,0.815,1.8,3.8,5.6,0.8,0.4,0.7,1.3,2.1,11.2,0.0,0.0,1210.0,0.0,0.0,0.0,0.0,0.0,0.0,0.0,0.0,0.0,0.0,0.0,0.0,0.0,76.0,51.0,1980.0,332.0,645.0,0.515,0.0,2.0,0.0,332.0,643.0,0.516,0.515,190.0,233.0,0.815,134.0,290.0,424.0,57.0,27.0,52.0,97.0,159.0,854.0,0.0,15.9,0.571,0.003,0.361,8.1,16.7,12.5,5.0,0.7,2.0,11.5,19.8,3.2,3.1,6.3,0.153,-0.3,0.5,0.2,1.1,0.0,2011
122,Mike Dunleavy,27.6,3.9,8.5,0.462,1.7,4.2,0.402,2.3,4.4,0.519,0.56,1.6,2.0,0.8,0.5,4.1,4.5,1.7,0.7,0.5,1.1,1.8,11.2,0.0,0.0,1210.0,0.0,0.0,0.0,0.0,0.0,0.0,0.0,0.0,0.0,0.0,0.0,0.0,0.0,61.0,44.0,1683.0,240.0,520.0,0.462,102.0,254.0,0.402,138.0,266.0,0.519,0.56,100.0,125.0,0.8,28.0,248.0,276.0,105.0,40.0,30.0,69.0,107.0,682.0,0.0,14.6,0.593,0.488,0.24,1.9,16.2,9.1,10.1,1.2,1.3,10.7,16.9,2.6,1.9,4.5,0.129,1.1,0.4,1.6,1.5,0.0,2011
123,Ben Gordon,26.0,4.1,9.4,0.44,1.3,3.2,0.402,2.8,6.1,0.46,0.51,1.7,2.0,0.85,0.5,1.9,2.4,2.1,0.6,0.2,1.7,2.2,11.2,0.0,0.0,1210.0,0.0,0.0,0.0,0.0,0.0,0.0,0.0,0.0,0.0,0.0,0.0,0.0,0.0,82.0,27.0,2131.0,339.0,770.0,0.44,107.0,266.0,0.402,232.0,504.0,0.46,0.51,136.0,160.0,0.85,41.0,154.0,195.0,171.0,48.0,16.0,141.0,178.0,921.0,0.0,12.4,0.548,0.345,0.208,2.2,9.3,5.6,13.2,1.2,0.6,14.4,21.5,1.3,0.3,1.7,0.037,-0.6,-1.9,-2.5,-0.3,0.0,2011
124,Linas Kleiza,26.5,4.6,10.4,0.438,1.0,3.4,0.298,3.6,7.1,0.505,0.486,1.1,1.7,0.631,0.9,3.6,4.5,1.0,0.5,0.2,1.7,2.5,11.2,0.0,0.0,1210.0,0.0,0.0,0.0,0.0,0.0,0.0,0.0,0.0,0.0,0.0,0.0,0.0,0.0,39.0,23.0,1032.0,178.0,406.0,0.438,39.0,131.0,0.298,139.0,275.0,0.505,0.486,41.0,65.0,0.631,37.0,140.0,177.0,40.0,19.0,7.0,65.0,99.0,436.0,0.0,10.1,0.502,0.323,0.16,4.1,16.5,10.2,6.2,1.0,0.5,13.0,21.7,-0.5,0.2,-0.3,-0.012,-2.4,-2.3,-4.7,-0.7,0.0,2011
125,Charlie Villanueva,21.9,4.1,9.3,0.442,1.6,4.3,0.387,2.5,5.1,0.488,0.53,1.2,1.5,0.767,0.7,3.2,3.9,0.6,0.6,0.6,0.9,2.3,11.1,0.0,0.0,1210.0,0.0,0.0,0.0,0.0,0.0,0.0,0.0,0.0,0.0,0.0,0.0,0.0,0.0,76.0,11.0,1666.0,313.0,708.0,0.442,125.0,323.0,0.387,188.0,385.0,0.488,0.53,89.0,116.0,0.767,50.0,245.0,295.0,48.0,42.0,42.0,66.0,175.0,840.0,0.0,15.9,0.553,0.456,0.164,3.5,18.8,10.8,5.0,1.4,2.0,8.0,23.1,2.1,1.0,3.1,0.091,1.0,-1.4,-0.4,0.7,0.0,2011
126,Trevor Ariza,34.7,4.0,10.2,0.398,1.1,3.6,0.303,2.9,6.5,0.45,0.451,1.8,2.6,0.701,0.8,4.6,5.4,2.2,1.6,0.4,1.6,2.4,11.0,0.0,0.0,1210.0,0.0,0.0,0.0,0.0,0.0,0.0,0.0,0.0,0.0,0.0,0.0,0.0,0.0,75.0,75.0,2600.0,303.0,762.0,0.398,82.0,271.0,0.303,221.0,491.0,0.45,0.451,138.0,197.0,0.701,61.0,347.0,408.0,162.0,120.0,31.0,118.0,180.0,826.0,0.0,11.3,0.487,0.356,0.259,2.8,16.4,9.5,10.0,2.5,1.0,12.2,17.7,-0.4,3.8,3.4,0.062,-1.7,1.3,-0.4,1.0,0.0,2011
127,Tyler Hansbrough,21.9,4.1,8.8,0.465,0.0,0.0,0.0,4.1,8.7,0.466,0.465,2.8,3.6,0.779,2.1,3.2,5.2,0.6,0.5,0.2,1.1,2.3,11.0,0.0,0.0,1210.0,0.0,0.0,0.0,0.0,0.0,0.0,0.0,0.0,0.0,0.0,0.0,0.0,0.0,70.0,29.0,1535.0,285.0,613.0,0.465,0.0,2.0,0.0,285.0,611.0,0.466,0.465,197.0,253.0,0.779,145.0,221.0,366.0,41.0,37.0,15.0,76.0,160.0,767.0,0.0,16.4,0.529,0.003,0.413,10.6,15.9,13.2,4.7,1.2,0.7,9.5,23.1,2.2,1.6,3.8,0.118,-0.6,-1.3,-1.9,0.0,0.0,2011
128,Richard Jefferson,30.4,3.8,7.9,0.474,1.7,3.8,0.44,2.1,4.1,0.504,0.579,1.8,2.4,0.759,0.7,3.2,3.8,1.3,0.5,0.4,1.1,2.0,11.0,0.0,0.0,1210.0,0.0,0.0,0.0,0.0,0.0,0.0,0.0,0.0,0.0,0.0,0.0,0.0,0.0,81.0,81.0,2459.0,304.0,642.0,0.474,135.0,307.0,0.44,169.0,335.0,0.504,0.579,148.0,195.0,0.759,54.0,256.0,310.0,107.0,38.0,34.0,93.0,164.0,891.0,0.0,12.4,0.612,0.478,0.304,2.6,11.8,7.3,6.5,0.8,1.0,11.3,15.4,3.7,2.1,5.9,0.115,0.5,-0.2,0.3,1.4,0.0,2011
129,Gilbert Arenas,25.7,3.8,10.5,0.366,1.4,4.7,0.297,2.5,5.8,0.423,0.433,1.7,2.2,0.784,0.3,2.4,2.7,3.9,1.1,0.3,2.5,2.7,10.8,0.0,0.0,1210.0,0.0,0.0,0.0,0.0,0.0,0.0,0.0,0.0,0.0,0.0,0.0,0.0,0.0,70.0,16.0,1796.0,269.0,734.0,0.366,97.0,327.0,0.297,172.0,407.0,0.423,0.433,120.0,153.0,0.784,22.0,167.0,189.0,274.0,74.0,21.0,177.0,188.0,755.0,0.0,10.8,0.471,0.446,0.208,1.4,10.7,6.1,25.3,2.1,0.9,18.1,24.7,-1.6,2.2,0.5,0.014,-2.2,-0.3,-2.4,-0.2,0.0,2011
130,Hedo Türkoğlu,31.4,4.0,8.9,0.446,1.6,3.8,0.41,2.4,5.1,0.473,0.534,1.3,1.9,0.679,0.6,3.8,4.4,4.2,0.9,0.4,1.6,3.0,10.8,0.0,0.0,1210.0,0.0,0.0,0.0,0.0,0.0,0.0,0.0,0.0,0.0,0.0,0.0,0.0,0.0,81.0,72.0,2540.0,322.0,722.0,0.446,127.0,310.0,0.41,195.0,412.0,0.473,0.534,106.0,156.0,0.679,45.0,311.0,356.0,343.0,72.0,34.0,132.0,247.0,877.0,1.0,13.4,0.555,0.429,0.216,2.1,14.0,8.2,21.5,1.5,1.0,14.3,16.7,3.4,3.4,6.8,0.129,0.3,1.4,1.7,2.3,0.0,2011
131,Aaron Brooks,21.8,3.7,9.9,0.375,1.2,4.0,0.297,2.5,5.9,0.427,0.434,2.1,2.4,0.886,0.3,1.0,1.3,3.9,0.6,0.1,1.7,1.9,10.7,0.0,0.0,1210.0,0.0,0.0,0.0,0.0,0.0,0.0,0.0,0.0,0.0,0.0,0.0,0.0,0.0,59.0,12.0,1284.0,220.0,587.0,0.375,70.0,236.0,0.297,150.0,351.0,0.427,0.434,124.0,140.0,0.886,20.0,58.0,78.0,233.0,34.0,3.0,99.0,115.0,634.0,0.0,13.1,0.489,0.402,0.239,1.8,5.2,3.5,28.9,1.3,0.2,13.2,25.9,0.7,0.4,1.1,0.04,-0.3,-2.7,-3.0,-0.3,0.0,2011
132,Ryan Anderson,22.3,3.5,8.2,0.43,2.1,5.3,0.393,1.4,2.9,0.5,0.558,1.5,1.8,0.812,2.0,3.5,5.5,0.8,0.5,0.6,0.8,2.1,10.6,0.0,0.0,1210.0,0.0,0.0,0.0,0.0,0.0,0.0,0.0,0.0,0.0,0.0,0.0,0.0,0.0,64.0,14.0,1424.0,226.0,525.0,0.43,134.0,341.0,0.393,92.0,184.0,0.5,0.558,95.0,117.0,0.812,129.0,226.0,355.0,52.0,30.0,38.0,49.0,137.0,681.0,0.0,19.0,0.591,0.65,0.223,10.8,18.1,14.5,6.2,1.1,2.1,7.8,20.4,4.0,2.5,6.4,0.216,4.2,0.4,4.6,2.4,0.0,2011
133,Toney Douglas,24.3,3.9,9.3,0.416,1.8,4.7,0.373,2.1,4.6,0.46,0.511,1.0,1.3,0.794,0.8,2.2,3.0,3.0,1.1,0.0,1.1,2.2,10.6,0.0,0.0,1210.0,0.0,0.0,0.0,0.0,0.0,0.0,0.0,0.0,0.0,0.0,0.0,0.0,0.0,81.0,9.0,1971.0,314.0,755.0,0.416,143.0,383.0,0.373,171.0,372.0,0.46,0.511,85.0,107.0,0.794,65.0,179.0,244.0,244.0,89.0,4.0,89.0,177.0,856.0,0.0,15.2,0.534,0.507,0.142,3.7,10.5,7.1,19.5,2.3,0.1,10.0,20.1,3.0,1.2,4.2,0.101,0.9,-0.6,0.4,1.2,0.0,2011
134,Jared Dudley,26.1,3.7,7.7,0.477,1.3,3.1,0.415,2.4,4.6,0.519,0.56,2.0,2.7,0.743,1.4,2.5,3.9,1.3,1.1,0.2,0.9,1.7,10.6,0.0,0.0,1210.0,0.0,0.0,0.0,0.0,0.0,0.0,0.0,0.0,0.0,0.0,0.0,0.0,0.0,82.0,15.0,2140.0,300.0,629.0,0.477,105.0,253.0,0.415,195.0,376.0,0.519,0.56,162.0,218.0,0.743,111.0,207.0,318.0,108.0,87.0,20.0,77.0,139.0,867.0,0.0,15.6,0.598,0.402,0.347,6.0,11.2,8.6,7.6,2.1,0.7,9.6,16.9,4.2,1.4,5.6,0.126,1.5,0.2,1.8,2.0,0.0,2011
135,Rajon Rondo,37.2,4.7,9.9,0.475,0.1,0.6,0.233,4.5,9.2,0.491,0.482,1.1,1.9,0.568,1.3,3.1,4.4,11.2,2.3,0.2,3.4,1.8,10.6,0.0,5.0,1210.0,0.004,68.0,37.2,10.6,4.4,11.2,2.3,0.2,0.475,0.233,0.568,6.6,0.126,68.0,68.0,2527.0,318.0,670.0,0.475,10.0,43.0,0.233,308.0,627.0,0.491,0.482,75.0,132.0,0.568,87.0,210.0,297.0,760.0,153.0,11.0,234.0,120.0,721.0,3.0,17.1,0.495,0.064,0.197,4.5,9.7,7.2,47.1,3.2,0.3,24.3,18.3,1.8,4.8,6.6,0.126,1.6,1.4,3.1,3.2,0.0,2011
136,Marco Belinelli,24.5,3.8,8.6,0.437,1.7,4.1,0.414,2.1,4.6,0.458,0.534,1.2,1.6,0.784,0.2,1.7,1.9,1.2,0.5,0.1,1.0,1.8,10.5,0.0,0.0,1210.0,0.0,0.0,0.0,0.0,0.0,0.0,0.0,0.0,0.0,0.0,0.0,0.0,0.0,80.0,69.0,1957.0,302.0,691.0,0.437,134.0,324.0,0.414,168.0,367.0,0.458,0.534,98.0,125.0,0.784,17.0,134.0,151.0,92.0,38.0,6.0,77.0,146.0,836.0,0.0,12.1,0.56,0.469,0.181,1.1,8.4,4.7,8.0,1.1,0.3,9.4,20.0,1.9,1.5,3.4,0.084,0.2,-0.8,-0.6,0.7,0.0,2011
137,Al Harrington,22.8,3.8,9.2,0.416,1.6,4.5,0.357,2.2,4.8,0.473,0.503,1.2,1.6,0.735,1.0,3.5,4.5,1.4,0.5,0.1,1.5,2.8,10.5,0.0,0.0,1210.0,0.0,0.0,0.0,0.0,0.0,0.0,0.0,0.0,0.0,0.0,0.0,0.0,0.0,73.0,3.0,1665.0,281.0,675.0,0.416,117.0,328.0,0.357,164.0,347.0,0.473,0.503,86.0,117.0,0.735,76.0,256.0,332.0,101.0,39.0,10.0,106.0,202.0,765.0,0.0,12.3,0.527,0.486,0.173,5.4,17.2,11.5,9.6,1.2,0.5,12.7,22.3,0.6,1.5,2.1,0.06,-0.6,-1.1,-1.7,0.1,0.0,2011
138,Jodie Meeks,27.9,3.3,7.7,0.425,1.9,4.7,0.397,1.4,3.0,0.468,0.546,2.1,2.3,0.894,0.3,2.0,2.3,1.1,0.9,0.1,0.8,1.3,10.5,0.0,0.0,1210.0,0.0,0.0,0.0,0.0,0.0,0.0,0.0,0.0,0.0,0.0,0.0,0.0,0.0,74.0,64.0,2062.0,242.0,570.0,0.425,138.0,348.0,0.397,104.0,222.0,0.468,0.546,152.0,170.0,0.894,21.0,150.0,171.0,78.0,63.0,4.0,60.0,97.0,774.0,0.0,12.5,0.6,0.611,0.298,1.2,8.4,4.8,5.7,1.6,0.1,8.5,15.7,3.2,1.9,5.1,0.12,0.1,0.1,0.2,1.1,0.0,2011
139,Marvin Williams,28.7,3.8,8.3,0.458,0.6,1.7,0.336,3.2,6.6,0.489,0.493,2.3,2.7,0.845,1.0,3.8,4.8,1.4,0.5,0.4,1.0,1.6,10.4,0.0,0.0,1210.0,0.0,0.0,0.0,0.0,0.0,0.0,0.0,0.0,0.0,0.0,0.0,0.0,0.0,65.0,52.0,1865.0,246.0,537.0,0.458,37.0,110.0,0.336,209.0,427.0,0.489,0.493,147.0,174.0,0.845,68.0,245.0,313.0,88.0,34.0,23.0,62.0,104.0,676.0,0.0,13.5,0.551,0.205,0.324,4.4,15.7,10.1,7.6,1.0,0.9,9.2,17.2,2.3,1.7,4.0,0.102,-0.3,-0.5,-0.8,0.6,0.0,2011
140,Emeka Okafor,31.8,4.2,7.3,0.573,0.0,0.0,0.0,4.2,7.3,0.574,0.573,2.0,3.6,0.562,3.2,6.3,9.5,0.6,0.6,1.8,1.7,3.2,10.3,0.0,0.0,1210.0,0.0,0.0,0.0,0.0,0.0,0.0,0.0,0.0,0.0,0.0,0.0,0.0,0.0,72.0,72.0,2287.0,300.0,524.0,0.573,0.0,1.0,0.0,300.0,523.0,0.574,0.573,145.0,258.0,0.562,230.0,454.0,684.0,42.0,40.0,127.0,119.0,230.0,745.0,0.0,16.0,0.584,0.002,0.492,12.2,24.3,18.2,3.0,0.9,4.6,15.7,15.8,2.7,3.8,6.5,0.136,-0.9,0.5,-0.4,0.9,0.0,2011
141,Marcin Gortat,25.4,4.2,7.5,0.561,0.0,0.1,0.25,4.2,7.5,0.563,0.561,1.8,2.4,0.725,1.9,6.0,7.9,0.9,0.5,1.1,1.0,2.4,10.2,0.0,0.0,1210.0,0.0,0.0,0.0,0.0,0.0,0.0,0.0,0.0,0.0,0.0,0.0,0.0,0.0,80.0,14.0,2032.0,338.0,603.0,0.561,1.0,4.0,0.25,337.0,599.0,0.563,0.561,140.0,193.0,0.725,148.0,483.0,631.0,70.0,36.0,91.0,81.0,188.0,817.0,0.0,17.8,0.594,0.007,0.32,8.5,27.4,18.0,5.5,0.9,3.3,10.5,17.1,3.7,2.7,6.4,0.152,0.2,0.7,0.9,1.5,0.0,2011
142,Kirk Hinrich,30.0,3.9,8.7,0.446,1.0,2.6,0.399,2.8,6.0,0.467,0.506,1.5,1.8,0.841,0.3,2.2,2.5,4.0,1.0,0.2,1.7,2.6,10.2,0.0,0.0,1210.0,0.0,0.0,0.0,0.0,0.0,0.0,0.0,0.0,0.0,0.0,0.0,0.0,0.0,72.0,51.0,2157.0,278.0,623.0,0.446,75.0,188.0,0.399,203.0,435.0,0.467,0.506,106.0,126.0,0.841,21.0,161.0,182.0,288.0,75.0,17.0,121.0,185.0,737.0,0.0,12.3,0.543,0.302,0.202,1.1,8.9,4.9,21.1,1.8,0.6,15.1,16.7,1.8,1.2,3.0,0.068,-1.0,-0.2,-1.3,0.4,0.0,2011
143,Yao Ming,18.2,3.6,7.4,0.486,0.0,0.0,0.0,3.6,7.4,0.486,0.486,3.0,3.2,0.938,1.4,4.0,5.4,0.8,0.0,1.6,1.4,2.6,10.2,0.0,0.0,1210.0,0.0,0.0,0.0,0.0,0.0,0.0,0.0,0.0,0.0,0.0,0.0,0.0,0.0,5.0,5.0,91.0,18.0,37.0,0.486,0.0,0.0,0.0,18.0,37.0,0.486,0.486,15.0,16.0,0.938,7.0,20.0,27.0,4.0,0.0,8.0,7.0,13.0,51.0,0.0,19.8,0.579,0.0,0.432,8.7,24.9,16.8,7.3,0.0,6.1,13.7,24.8,0.2,0.1,0.3,0.147,0.1,1.1,1.2,0.1,0.0,2011
144,Tyrus Thomas,21.0,3.8,8.1,0.471,0.0,0.1,0.0,3.8,8.0,0.476,0.471,2.6,3.3,0.787,1.6,3.9,5.5,0.7,0.7,1.6,1.6,2.8,10.2,0.0,0.0,1210.0,0.0,0.0,0.0,0.0,0.0,0.0,0.0,0.0,0.0,0.0,0.0,0.0,0.0,41.0,2.0,861.0,156.0,331.0,0.471,0.0,3.0,0.0,156.0,328.0,0.476,0.471,107.0,136.0,0.787,65.0,159.0,224.0,29.0,30.0,66.0,65.0,113.0,419.0,0.0,18.2,0.536,0.009,0.411,9.1,22.5,15.8,6.2,1.9,6.2,14.3,24.9,0.4,1.5,1.8,0.103,-1.8,1.2,-0.6,0.3,0.0,2011
145,Tyson Chandler,27.8,3.6,5.5,0.654,0.0,0.0,0.0,3.6,5.5,0.654,0.654,2.9,4.0,0.732,2.8,6.6,9.4,0.4,0.5,1.1,1.2,3.2,10.1,0.0,0.0,1210.0,0.0,0.0,0.0,0.0,0.0,0.0,0.0,0.0,0.0,0.0,0.0,0.0,0.0,74.0,74.0,2059.0,266.0,407.0,0.654,0.0,0.0,0.0,266.0,407.0,0.654,0.654,216.0,295.0,0.732,206.0,486.0,692.0,32.0,36.0,80.0,88.0,240.0,748.0,0.0,18.4,0.697,0.0,0.725,12.2,26.6,19.7,2.4,0.9,3.0,14.1,14.2,5.8,3.5,9.4,0.218,0.6,1.0,1.5,1.8,0.0,2011
146,JaVale McGee,27.8,4.2,7.6,0.55,0.0,0.0,0.0,4.2,7.6,0.552,0.55,1.7,2.9,0.583,2.8,5.2,8.0,0.5,0.5,2.4,1.3,2.9,10.1,0.0,0.0,1210.0,0.0,0.0,0.0,0.0,0.0,0.0,0.0,0.0,0.0,0.0,0.0,0.0,0.0,79.0,75.0,2193.0,332.0,604.0,0.55,0.0,3.0,0.0,332.0,601.0,0.552,0.55,134.0,230.0,0.583,223.0,411.0,634.0,38.0,41.0,193.0,102.0,232.0,798.0,1.0,17.4,0.566,0.005,0.381,11.2,22.2,16.5,2.8,1.0,6.7,12.6,16.3,2.7,2.5,5.3,0.115,-0.7,0.4,-0.4,0.9,0.0,2011
147,JJ Redick,25.6,3.3,7.6,0.441,1.5,3.7,0.397,1.9,3.9,0.482,0.538,1.9,2.2,0.875,0.1,1.8,1.9,1.7,0.5,0.1,0.9,1.4,10.1,0.0,0.0,1210.0,0.0,0.0,0.0,0.0,0.0,0.0,0.0,0.0,0.0,0.0,0.0,0.0,0.0,59.0,5.0,1513.0,197.0,447.0,0.441,87.0,219.0,0.397,110.0,228.0,0.482,0.538,112.0,128.0,0.875,6.0,107.0,113.0,102.0,29.0,3.0,53.0,80.0,593.0,0.0,12.8,0.589,0.49,0.286,0.5,8.1,4.4,11.0,1.0,0.2,9.5,17.0,2.7,1.8,4.5,0.142,0.4,0.7,1.1,1.2,0.0,2011
148,Kris Humphries,27.9,4.1,7.9,0.527,0.0,0.0,0.0,4.1,7.9,0.527,0.527,1.7,2.6,0.665,3.0,7.4,10.4,1.1,0.4,1.1,1.4,2.3,10.0,0.0,0.0,1210.0,0.0,0.0,0.0,0.0,0.0,0.0,0.0,0.0,0.0,0.0,0.0,0.0,0.0,74.0,44.0,2061.0,307.0,583.0,0.527,0.0,1.0,0.0,307.0,582.0,0.527,0.527,127.0,191.0,0.665,225.0,546.0,771.0,84.0,33.0,80.0,103.0,168.0,741.0,0.0,17.8,0.555,0.002,0.328,12.5,32.2,22.1,7.0,0.9,3.0,13.4,17.3,2.7,2.7,5.4,0.125,0.5,-0.1,0.4,1.3,0.0,2011
149,Serge Ibaka,27.0,4.1,7.5,0.543,0.0,0.0,0.0,4.1,7.5,0.544,0.543,1.7,2.2,0.75,2.6,5.0,7.6,0.3,0.4,2.4,0.9,3.3,9.9,0.0,0.0,1210.0,0.0,0.0,0.0,0.0,0.0,0.0,0.0,0.0,0.0,0.0,0.0,0.0,0.0,82.0,44.0,2216.0,335.0,617.0,0.543,0.0,1.0,0.0,335.0,616.0,0.544,0.543,138.0,184.0,0.75,214.0,408.0,622.0,22.0,31.0,198.0,71.0,267.0,808.0,0.0,17.7,0.579,0.002,0.298,11.7,20.8,16.4,1.6,0.7,6.5,9.2,15.7,4.3,3.2,7.6,0.164,-0.2,0.7,0.5,1.4,0.0,2011
150,Sasha Vujačić,24.6,3.6,8.9,0.402,1.4,3.9,0.37,2.1,5.0,0.426,0.483,1.2,1.4,0.844,0.4,2.3,2.8,2.0,0.8,0.1,1.0,2.0,9.8,0.0,0.0,1210.0,0.0,0.0,0.0,0.0,0.0,0.0,0.0,0.0,0.0,0.0,0.0,0.0,0.0,67.0,17.0,1648.0,239.0,595.0,0.402,97.0,262.0,0.37,142.0,333.0,0.426,0.483,81.0,96.0,0.844,30.0,156.0,186.0,132.0,54.0,5.0,66.0,136.0,656.0,0.0,12.3,0.515,0.44,0.161,2.1,11.5,6.7,13.7,1.7,0.2,9.4,19.8,1.1,1.0,2.1,0.061,-1.0,-0.5,-1.5,0.2,0.0,2011
151,Chase Budinger,22.3,3.6,8.4,0.425,1.1,3.5,0.325,2.4,4.9,0.497,0.493,1.5,1.8,0.855,0.7,2.9,3.6,1.6,0.5,0.2,0.9,1.5,9.8,0.0,0.0,1210.0,0.0,0.0,0.0,0.0,0.0,0.0,0.0,0.0,0.0,0.0,0.0,0.0,0.0,78.0,22.0,1738.0,279.0,656.0,0.425,89.0,274.0,0.325,190.0,382.0,0.497,0.493,118.0,138.0,0.855,52.0,229.0,281.0,127.0,41.0,18.0,67.0,114.0,765.0,0.0,14.2,0.534,0.418,0.21,3.4,15.0,9.2,11.5,1.2,0.7,8.5,19.9,2.2,1.2,3.4,0.095,0.6,-0.8,-0.2,0.8,0.0,2011
152,José Calderón,30.9,3.9,8.8,0.44,0.8,2.3,0.365,3.0,6.5,0.466,0.487,1.3,1.5,0.854,0.4,2.5,3.0,8.9,1.2,0.1,2.2,2.1,9.8,0.0,0.0,1210.0,0.0,0.0,0.0,0.0,0.0,0.0,0.0,0.0,0.0,0.0,0.0,0.0,0.0,68.0,55.0,2102.0,262.0,596.0,0.44,57.0,156.0,0.365,205.0,440.0,0.466,0.487,88.0,103.0,0.854,30.0,172.0,202.0,605.0,81.0,7.0,148.0,143.0,669.0,0.0,16.3,0.522,0.262,0.173,1.7,9.9,5.7,43.0,2.0,0.3,18.8,16.8,3.2,0.4,3.7,0.084,1.9,-1.2,0.8,1.5,0.0,2011
153,Randy Foye,24.6,3.3,8.4,0.388,1.1,3.4,0.327,2.1,5.0,0.43,0.455,2.1,2.4,0.893,0.2,1.4,1.6,2.7,0.7,0.3,1.5,1.9,9.8,0.0,0.0,1210.0,0.0,0.0,0.0,0.0,0.0,0.0,0.0,0.0,0.0,0.0,0.0,0.0,0.0,63.0,24.0,1551.0,206.0,531.0,0.388,71.0,217.0,0.327,135.0,314.0,0.43,0.455,133.0,149.0,0.893,13.0,90.0,103.0,170.0,47.0,21.0,95.0,122.0,616.0,0.0,11.4,0.516,0.409,0.281,1.0,6.7,3.9,17.5,1.6,1.1,13.7,19.9,0.9,0.8,1.7,0.051,-1.1,-0.7,-1.8,0.1,0.0,2011
154,Gary Neal,21.1,3.6,7.9,0.451,1.6,3.9,0.419,2.0,4.1,0.481,0.553,1.1,1.3,0.808,0.3,2.2,2.5,1.2,0.3,0.1,1.0,1.9,9.8,0.0,0.0,1210.0,0.0,0.0,0.0,0.0,0.0,0.0,0.0,0.0,0.0,0.0,0.0,0.0,0.0,80.0,1.0,1685.0,285.0,632.0,0.451,129.0,308.0,0.419,156.0,324.0,0.481,0.553,84.0,104.0,0.808,21.0,175.0,196.0,96.0,27.0,4.0,78.0,148.0,783.0,0.0,13.1,0.578,0.487,0.165,1.5,11.8,6.8,9.1,0.8,0.2,10.3,20.6,2.1,1.4,3.5,0.099,0.5,-0.8,-0.3,0.7,0.0,2011
155,Martell Webster,23.8,3.3,7.4,0.447,1.2,2.9,0.417,2.1,4.5,0.466,0.528,2.0,2.7,0.77,0.8,2.4,3.2,1.2,0.6,0.2,1.3,2.2,9.8,0.0,0.0,1210.0,0.0,0.0,0.0,0.0,0.0,0.0,0.0,0.0,0.0,0.0,0.0,0.0,0.0,46.0,1.0,1094.0,152.0,340.0,0.447,55.0,132.0,0.417,97.0,208.0,0.466,0.528,94.0,122.0,0.77,36.0,111.0,147.0,53.0,28.0,9.0,58.0,101.0,453.0,0.0,12.4,0.575,0.388,0.359,3.6,11.6,7.5,7.5,1.3,0.6,12.8,17.6,1.4,0.3,1.8,0.077,-0.4,-0.9,-1.3,0.2,0.0,2011
156,Landry Fields,31.0,3.6,7.3,0.497,1.0,2.7,0.393,2.6,4.7,0.556,0.568,1.4,1.8,0.769,1.3,5.1,6.4,1.9,1.0,0.2,1.3,1.4,9.7,0.0,0.0,1210.0,0.0,0.0,0.0,0.0,0.0,0.0,0.0,0.0,0.0,0.0,0.0,0.0,0.0,82.0,81.0,2541.0,299.0,602.0,0.497,86.0,219.0,0.393,213.0,383.0,0.556,0.568,113.0,147.0,0.769,105.0,416.0,521.0,155.0,80.0,17.0,107.0,114.0,797.0,0.0,13.5,0.598,0.364,0.244,4.7,18.9,11.7,9.0,1.6,0.5,13.8,13.5,3.4,1.8,5.3,0.1,0.6,-0.4,0.2,1.4,0.0,2011
157,Francisco García,23.9,3.6,8.2,0.436,1.4,3.9,0.362,2.2,4.3,0.502,0.521,1.1,1.3,0.855,0.4,1.9,2.3,1.2,0.9,0.8,0.8,2.2,9.7,0.0,0.0,1210.0,0.0,0.0,0.0,0.0,0.0,0.0,0.0,0.0,0.0,0.0,0.0,0.0,0.0,58.0,34.0,1386.0,207.0,475.0,0.436,81.0,224.0,0.362,126.0,251.0,0.502,0.521,65.0,76.0,0.855,24.0,109.0,133.0,71.0,51.0,49.0,45.0,126.0,560.0,0.0,13.5,0.551,0.472,0.16,1.9,9.2,5.5,8.0,1.9,2.6,8.1,17.3,1.9,1.1,3.0,0.104,0.4,0.6,1.0,1.0,0.0,2011
158,Jordan Farmar,24.6,3.5,8.9,0.392,1.5,4.2,0.359,2.0,4.8,0.421,0.475,1.1,1.4,0.82,0.3,2.0,2.4,5.0,0.8,0.1,1.9,1.8,9.6,0.0,0.0,1210.0,0.0,0.0,0.0,0.0,0.0,0.0,0.0,0.0,0.0,0.0,0.0,0.0,0.0,73.0,18.0,1796.0,255.0,651.0,0.392,109.0,304.0,0.359,146.0,347.0,0.421,0.475,82.0,100.0,0.82,24.0,149.0,173.0,368.0,62.0,6.0,139.0,128.0,701.0,0.0,14.1,0.504,0.467,0.154,1.5,10.1,5.7,34.9,1.8,0.3,16.7,21.6,0.8,1.0,1.9,0.05,0.8,-1.3,-0.4,0.7,0.0,2011
159,Gerald Henderson,24.4,3.8,8.4,0.454,0.1,0.5,0.194,3.7,7.9,0.472,0.461,1.9,2.4,0.785,0.7,2.3,3.0,1.5,0.7,0.5,0.9,1.7,9.6,0.0,0.0,1210.0,0.0,0.0,0.0,0.0,0.0,0.0,0.0,0.0,0.0,0.0,0.0,0.0,0.0,68.0,30.0,1661.0,259.0,570.0,0.454,7.0,36.0,0.194,252.0,534.0,0.472,0.461,128.0,163.0,0.785,49.0,158.0,207.0,101.0,50.0,32.0,64.0,118.0,653.0,0.0,13.2,0.509,0.063,0.286,3.5,11.6,7.5,10.7,1.6,1.6,9.1,19.9,0.9,1.4,2.4,0.068,-1.6,-0.2,-1.8,0.1,0.0,2011
160,Amir Johnson,25.7,3.9,6.9,0.568,0.0,0.0,0.0,3.9,6.9,0.569,0.568,1.8,2.2,0.788,2.6,3.8,6.4,1.1,0.7,1.2,1.0,3.7,9.6,0.0,0.0,1210.0,0.0,0.0,0.0,0.0,0.0,0.0,0.0,0.0,0.0,0.0,0.0,0.0,0.0,72.0,54.0,1853.0,281.0,495.0,0.568,0.0,1.0,0.0,281.0,494.0,0.569,0.568,126.0,160.0,0.788,189.0,272.0,461.0,81.0,53.0,88.0,69.0,263.0,688.0,0.0,17.6,0.608,0.002,0.323,11.8,17.8,14.7,6.8,1.5,3.6,10.9,15.3,4.4,1.2,5.6,0.146,0.3,0.0,0.3,1.1,0.0,2011
161,J.J. Barea,20.6,3.5,8.0,0.439,0.8,2.3,0.349,2.7,5.7,0.476,0.49,1.6,1.9,0.847,0.4,1.6,2.0,3.9,0.4,0.0,1.7,1.7,9.5,0.0,0.0,1210.0,0.0,0.0,0.0,0.0,0.0,0.0,0.0,0.0,0.0,0.0,0.0,0.0,0.0,81.0,2.0,1669.0,285.0,649.0,0.439,66.0,189.0,0.349,219.0,460.0,0.476,0.49,133.0,157.0,0.847,29.0,130.0,159.0,317.0,30.0,1.0,136.0,136.0,769.0,0.0,14.8,0.535,0.291,0.242,2.1,8.8,5.6,31.2,0.9,0.0,15.9,23.9,1.9,1.4,3.2,0.093,0.5,-1.0,-0.5,0.6,0.0,2011
162,Ersan İlyasova,25.1,3.7,8.5,0.436,0.6,2.0,0.298,3.1,6.4,0.479,0.471,1.6,1.7,0.894,1.8,4.3,6.1,0.9,0.9,0.4,1.1,2.7,9.5,0.0,0.0,1210.0,0.0,0.0,0.0,0.0,0.0,0.0,0.0,0.0,0.0,0.0,0.0,0.0,0.0,60.0,34.0,1505.0,221.0,507.0,0.436,36.0,121.0,0.298,185.0,386.0,0.479,0.471,93.0,104.0,0.894,105.0,260.0,365.0,56.0,51.0,24.0,63.0,159.0,571.0,0.0,14.3,0.516,0.239,0.205,7.9,20.7,14.1,6.6,1.8,1.3,10.2,19.1,1.1,2.7,3.8,0.121,-1.2,0.6,-0.6,0.5,0.0,2011
163,Greg Monroe,27.8,3.8,6.9,0.551,0.0,0.0,0.0,3.8,6.9,0.552,0.551,1.8,2.9,0.622,3.1,4.4,7.5,1.3,1.2,0.6,1.0,2.5,9.4,0.0,0.0,1210.0,0.0,0.0,0.0,0.0,0.0,0.0,0.0,0.0,0.0,0.0,0.0,0.0,0.0,80.0,48.0,2222.0,303.0,550.0,0.551,0.0,1.0,0.0,303.0,549.0,0.552,0.551,145.0,233.0,0.622,248.0,353.0,601.0,105.0,93.0,45.0,81.0,196.0,751.0,0.0,18.0,0.575,0.002,0.424,13.0,20.4,16.5,7.5,2.3,1.6,11.0,15.4,4.7,1.9,6.6,0.143,0.9,-0.5,0.4,1.4,0.0,2011
164,Jerryd Bayless,21.1,3.1,7.3,0.422,0.7,2.1,0.336,2.4,5.2,0.456,0.469,2.3,2.9,0.806,0.4,2.0,2.3,3.7,0.5,0.1,1.8,2.1,9.2,0.0,0.0,1210.0,0.0,0.0,0.0,0.0,0.0,0.0,0.0,0.0,0.0,0.0,0.0,0.0,0.0,71.0,14.0,1496.0,218.0,517.0,0.422,49.0,146.0,0.336,169.0,371.0,0.456,0.469,166.0,206.0,0.806,26.0,139.0,165.0,266.0,38.0,5.0,127.0,149.0,651.0,0.0,14.1,0.536,0.282,0.398,2.0,11.3,6.6,27.6,1.3,0.3,17.3,22.1,1.4,0.3,1.6,0.053,0.1,-1.9,-1.8,0.1,0.0,2011
165,Shaquille O'Neal,20.3,3.6,5.4,0.667,0.0,0.0,0.0,3.6,5.4,0.667,0.667,2.0,3.5,0.557,1.3,3.5,4.8,0.7,0.4,1.1,1.5,3.2,9.2,0.0,0.0,1210.0,0.0,0.0,0.0,0.0,0.0,0.0,0.0,0.0,0.0,0.0,0.0,0.0,0.0,37.0,36.0,752.0,134.0,201.0,0.667,0.0,0.0,0.0,134.0,201.0,0.667,0.667,73.0,131.0,0.557,48.0,130.0,178.0,26.0,16.0,42.0,56.0,120.0,341.0,0.0,17.4,0.659,0.0,0.652,8.3,20.1,14.6,5.9,1.1,4.4,17.8,20.1,1.1,1.6,2.7,0.174,-1.7,2.0,0.3,0.4,0.0,2011
166,Travis Outlaw,28.8,3.3,8.9,0.375,0.9,3.1,0.302,2.4,5.8,0.413,0.427,1.6,2.1,0.772,0.7,3.3,4.0,1.0,0.4,0.4,0.9,1.8,9.2,0.0,0.0,1210.0,0.0,0.0,0.0,0.0,0.0,0.0,0.0,0.0,0.0,0.0,0.0,0.0,0.0,82.0,55.0,2358.0,274.0,731.0,0.375,76.0,252.0,0.302,198.0,479.0,0.413,0.427,132.0,171.0,0.772,54.0,271.0,325.0,84.0,34.0,36.0,71.0,148.0,756.0,0.0,8.8,0.469,0.345,0.234,2.6,14.0,8.1,5.8,0.8,1.2,8.1,17.3,-0.4,1.2,0.8,0.016,-2.4,-1.1,-3.5,-0.9,0.0,2011
167,Sonny Weems,23.9,3.9,8.7,0.444,0.3,1.0,0.279,3.6,7.7,0.467,0.461,1.2,1.6,0.766,0.7,1.9,2.6,1.8,0.6,0.0,1.5,1.5,9.2,0.0,0.0,1210.0,0.0,0.0,0.0,0.0,0.0,0.0,0.0,0.0,0.0,0.0,0.0,0.0,0.0,59.0,28.0,1413.0,228.0,513.0,0.444,17.0,61.0,0.279,211.0,452.0,0.467,0.461,72.0,94.0,0.766,39.0,114.0,153.0,104.0,34.0,2.0,86.0,87.0,545.0,0.0,10.2,0.492,0.119,0.183,3.2,9.8,6.4,11.6,1.2,0.1,13.4,20.3,-0.4,0.0,-0.4,-0.013,-2.5,-2.2,-4.6,-0.9,0.0,2011
168,Reggie Williams,20.3,3.4,7.2,0.469,1.3,3.0,0.423,2.1,4.1,0.502,0.558,1.3,1.7,0.746,0.6,2.1,2.7,1.5,0.4,0.0,0.7,1.6,9.2,0.0,0.0,1210.0,0.0,0.0,0.0,0.0,0.0,0.0,0.0,0.0,0.0,0.0,0.0,0.0,0.0,80.0,9.0,1626.0,268.0,572.0,0.469,102.0,241.0,0.423,166.0,331.0,0.502,0.558,100.0,134.0,0.746,45.0,171.0,216.0,121.0,28.0,3.0,57.0,124.0,738.0,0.0,14.9,0.585,0.421,0.234,3.1,12.2,7.5,11.4,0.9,0.1,8.3,18.7,3.4,0.3,3.7,0.109,1.6,-1.8,-0.2,0.7,0.0,2011
169,Darrell Arthur,20.1,3.9,7.8,0.497,0.0,0.1,0.0,3.9,7.7,0.502,0.497,1.4,1.7,0.813,1.4,2.8,4.3,0.7,0.7,0.8,1.1,2.9,9.1,0.0,0.0,1210.0,0.0,0.0,0.0,0.0,0.0,0.0,0.0,0.0,0.0,0.0,0.0,0.0,0.0,80.0,9.0,1609.0,310.0,624.0,0.497,0.0,6.0,0.0,310.0,618.0,0.502,0.497,109.0,134.0,0.813,115.0,227.0,342.0,53.0,52.0,63.0,88.0,228.0,729.0,0.0,15.7,0.534,0.01,0.215,8.5,17.0,12.7,5.4,1.7,3.2,11.4,21.6,1.5,2.2,3.8,0.113,-1.8,0.2,-1.6,0.2,0.0,2011
170,Brandon Rush,26.2,3.2,7.7,0.421,1.4,3.3,0.417,1.9,4.4,0.425,0.512,1.2,1.6,0.755,0.5,2.7,3.2,0.9,0.6,0.5,1.0,1.6,9.1,0.0,0.0,1210.0,0.0,0.0,0.0,0.0,0.0,0.0,0.0,0.0,0.0,0.0,0.0,0.0,0.0,67.0,21.0,1754.0,217.0,515.0,0.421,93.0,223.0,0.417,124.0,292.0,0.425,0.512,80.0,106.0,0.755,33.0,184.0,217.0,62.0,41.0,35.0,69.0,107.0,607.0,0.0,10.6,0.54,0.433,0.206,2.1,11.6,6.9,5.6,1.2,1.5,10.9,15.9,0.9,1.7,2.6,0.07,-0.9,0.0,-0.8,0.5,0.0,2011
171,Anderson Varejão,32.1,3.7,7.0,0.528,0.0,0.1,0.0,3.7,6.9,0.533,0.528,1.7,2.6,0.667,3.2,6.5,9.7,1.5,0.9,1.2,1.3,2.8,9.1,0.0,0.0,1210.0,0.0,0.0,0.0,0.0,0.0,0.0,0.0,0.0,0.0,0.0,0.0,0.0,0.0,31.0,31.0,994.0,114.0,216.0,0.528,0.0,2.0,0.0,114.0,214.0,0.533,0.528,54.0,81.0,0.667,98.0,203.0,301.0,45.0,27.0,38.0,40.0,87.0,282.0,0.0,15.2,0.56,0.009,0.375,11.0,24.1,17.4,7.4,1.4,2.9,13.7,13.3,1.3,0.9,2.2,0.105,-0.9,0.1,-0.8,0.3,0.0,2011
172,Wesley Johnson,26.2,3.4,8.6,0.397,1.3,3.7,0.356,2.1,5.0,0.427,0.473,0.8,1.2,0.696,0.6,2.4,3.0,1.9,0.7,0.7,1.2,2.1,9.0,0.0,0.0,1210.0,0.0,0.0,0.0,0.0,0.0,0.0,0.0,0.0,0.0,0.0,0.0,0.0,0.0,79.0,63.0,2069.0,271.0,682.0,0.397,103.0,289.0,0.356,168.0,393.0,0.427,0.473,64.0,92.0,0.696,51.0,189.0,240.0,148.0,58.0,54.0,95.0,163.0,709.0,0.0,10.2,0.491,0.424,0.135,2.7,10.4,6.4,11.0,1.4,2.0,11.6,16.8,0.4,0.9,1.3,0.03,-1.3,-0.4,-1.7,0.2,0.0,2011
173,Jarrett Jack,20.7,3.1,7.7,0.408,0.4,1.3,0.306,2.7,6.4,0.429,0.434,2.2,2.6,0.85,0.2,1.8,2.1,2.9,0.7,0.1,1.3,1.2,8.9,0.0,0.0,1210.0,0.0,0.0,0.0,0.0,0.0,0.0,0.0,0.0,0.0,0.0,0.0,0.0,0.0,83.0,15.0,1722.0,260.0,637.0,0.408,33.0,108.0,0.306,227.0,529.0,0.429,0.434,182.0,214.0,0.85,20.0,153.0,173.0,242.0,54.0,6.0,110.0,102.0,735.0,0.0,14.2,0.503,0.17,0.336,1.4,10.9,6.1,23.3,1.7,0.3,13.1,23.0,0.9,1.4,2.4,0.066,-0.3,-0.4,-0.7,0.5,0.0,2011
174,Tony Allen,20.8,3.5,6.8,0.51,0.1,0.3,0.174,3.4,6.5,0.527,0.514,1.9,2.5,0.753,1.0,1.7,2.7,1.4,1.8,0.6,1.2,2.2,8.9,0.0,0.0,1210.0,0.0,0.0,0.0,0.0,0.0,0.0,0.0,0.0,0.0,0.0,0.0,0.0,0.0,72.0,31.0,1494.0,251.0,492.0,0.51,4.0,23.0,0.174,247.0,469.0,0.527,0.514,137.0,182.0,0.753,70.0,123.0,193.0,104.0,129.0,44.0,86.0,161.0,643.0,0.0,18.4,0.562,0.047,0.37,5.5,9.9,7.7,10.9,4.5,2.4,13.1,19.9,2.0,2.7,4.7,0.152,0.1,3.5,3.6,2.1,0.0,2011
175,Darko Miličić,24.4,3.9,8.4,0.469,0.0,0.0,0.0,3.9,8.4,0.469,0.469,0.9,1.7,0.557,1.9,3.3,5.2,1.5,0.8,2.0,2.2,3.3,8.8,0.0,0.0,1210.0,0.0,0.0,0.0,0.0,0.0,0.0,0.0,0.0,0.0,0.0,0.0,0.0,0.0,69.0,69.0,1686.0,271.0,578.0,0.469,0.0,0.0,0.0,271.0,578.0,0.469,0.469,64.0,115.0,0.557,133.0,227.0,360.0,104.0,54.0,140.0,151.0,229.0,606.0,0.0,12.2,0.482,0.0,0.199,8.5,15.4,11.8,9.9,1.6,6.3,19.4,19.7,-1.5,1.7,0.2,0.007,-3.9,1.3,-2.7,-0.3,0.0,2011
176,Jason Thompson,23.3,3.6,7.1,0.507,0.0,0.0,0.0,3.6,7.1,0.51,0.507,1.6,2.7,0.605,1.9,4.1,6.1,1.2,0.4,0.6,1.3,2.8,8.8,0.0,0.0,1210.0,0.0,0.0,0.0,0.0,0.0,0.0,0.0,0.0,0.0,0.0,0.0,0.0,0.0,75.0,39.0,1748.0,271.0,534.0,0.507,0.0,3.0,0.0,271.0,531.0,0.51,0.507,121.0,200.0,0.605,144.0,310.0,454.0,88.0,28.0,44.0,99.0,212.0,663.0,0.0,13.6,0.533,0.006,0.375,9.1,20.7,14.8,7.9,0.8,1.8,13.7,17.9,1.4,1.5,2.9,0.079,-1.7,-0.5,-2.2,-0.1,0.0,2011
177,Shannon Brown,19.1,3.3,7.8,0.425,0.9,2.6,0.349,2.4,5.3,0.462,0.482,1.1,1.2,0.911,0.4,1.5,1.9,1.2,0.8,0.2,0.9,1.5,8.7,0.0,0.0,1210.0,0.0,0.0,0.0,0.0,0.0,0.0,0.0,0.0,0.0,0.0,0.0,0.0,0.0,82.0,0.0,1568.0,273.0,643.0,0.425,74.0,212.0,0.349,199.0,431.0,0.462,0.482,92.0,101.0,0.911,35.0,122.0,157.0,96.0,67.0,16.0,75.0,124.0,712.0,0.0,13.6,0.518,0.33,0.157,2.6,8.5,5.7,10.0,2.3,0.8,9.8,22.2,1.1,1.9,3.1,0.093,-0.9,0.2,-0.8,0.5,0.0,2011
178,Willie Green,21.7,3.5,7.9,0.443,0.7,2.0,0.348,2.8,5.9,0.476,0.488,1.0,1.3,0.78,0.3,1.8,2.1,1.0,0.5,0.2,0.9,1.9,8.7,0.0,0.0,1210.0,0.0,0.0,0.0,0.0,0.0,0.0,0.0,0.0,0.0,0.0,0.0,0.0,0.0,77.0,13.0,1674.0,270.0,609.0,0.443,54.0,155.0,0.348,216.0,454.0,0.476,0.488,78.0,100.0,0.78,22.0,139.0,161.0,74.0,36.0,13.0,67.0,143.0,672.0,0.0,10.8,0.515,0.255,0.164,1.6,10.2,5.9,7.6,1.2,0.6,9.3,20.5,0.3,1.5,1.8,0.052,-2.1,-0.7,-2.8,-0.3,0.0,2011
179,Mike Bibby,28.6,3.1,7.2,0.431,1.9,4.4,0.44,1.2,2.9,0.417,0.563,0.5,0.8,0.629,0.2,2.2,2.4,3.3,0.6,0.1,1.3,2.2,8.6,0.0,0.0,1210.0,0.0,0.0,0.0,0.0,0.0,0.0,0.0,0.0,0.0,0.0,0.0,0.0,0.0,80.0,68.0,2285.0,248.0,576.0,0.431,153.0,348.0,0.44,95.0,228.0,0.417,0.563,39.0,62.0,0.629,17.0,178.0,195.0,265.0,50.0,9.0,101.0,175.0,688.0,0.0,10.9,0.57,0.604,0.108,0.9,9.2,5.1,17.9,1.2,0.3,14.3,14.6,2.2,1.8,4.0,0.085,-0.6,-0.4,-0.9,0.6,0.0,2011
180,Omri Casspi,24.0,3.2,7.7,0.412,1.3,3.5,0.372,1.9,4.2,0.445,0.496,1.0,1.4,0.673,1.0,3.3,4.3,1.0,0.8,0.2,1.0,1.6,8.6,0.0,0.0,1210.0,0.0,0.0,0.0,0.0,0.0,0.0,0.0,0.0,0.0,0.0,0.0,0.0,0.0,71.0,27.0,1702.0,225.0,546.0,0.412,92.0,247.0,0.372,133.0,299.0,0.445,0.496,68.0,101.0,0.673,74.0,233.0,307.0,74.0,54.0,13.0,68.0,115.0,610.0,0.0,11.7,0.517,0.452,0.185,4.8,16.0,10.3,6.6,1.6,0.6,10.3,16.7,1.1,1.3,2.5,0.069,-0.1,-0.4,-0.6,0.6,0.0,2011
181,Rudy Fernández,23.3,2.7,7.4,0.37,1.5,4.6,0.321,1.2,2.7,0.453,0.471,1.6,1.9,0.863,0.5,1.7,2.2,2.5,1.1,0.2,1.1,1.7,8.6,0.0,0.0,1210.0,0.0,0.0,0.0,0.0,0.0,0.0,0.0,0.0,0.0,0.0,0.0,0.0,0.0,78.0,3.0,1821.0,213.0,575.0,0.37,116.0,361.0,0.321,97.0,214.0,0.453,0.471,126.0,146.0,0.863,37.0,135.0,172.0,193.0,87.0,14.0,88.0,134.0,668.0,0.0,13.4,0.522,0.628,0.254,2.4,9.5,5.8,16.9,2.6,0.6,12.1,18.7,2.0,1.8,3.8,0.1,0.1,0.8,0.9,1.3,0.0,2011
182,Kenyon Martin,25.7,3.9,7.5,0.511,0.0,0.2,0.222,3.8,7.4,0.518,0.514,0.9,1.5,0.583,1.4,4.8,6.2,2.3,0.9,0.7,1.2,2.8,8.6,0.0,0.0,1210.0,0.0,0.0,0.0,0.0,0.0,0.0,0.0,0.0,0.0,0.0,0.0,0.0,0.0,48.0,48.0,1233.0,185.0,362.0,0.511,2.0,9.0,0.222,183.0,353.0,0.518,0.514,42.0,72.0,0.583,67.0,230.0,297.0,109.0,43.0,35.0,59.0,136.0,414.0,0.0,14.1,0.526,0.025,0.199,6.5,20.9,13.9,13.6,1.8,2.2,13.0,16.4,1.0,1.6,2.7,0.104,-0.8,1.7,0.9,0.9,0.0,2011
183,Peja Stojaković,18.7,3.0,6.9,0.441,1.7,4.1,0.419,1.3,2.8,0.473,0.566,0.7,0.8,0.92,0.4,1.8,2.3,0.9,0.4,0.1,0.5,0.7,8.5,0.0,0.0,1210.0,0.0,0.0,0.0,0.0,0.0,0.0,0.0,0.0,0.0,0.0,0.0,0.0,0.0,33.0,13.0,617.0,100.0,227.0,0.441,57.0,136.0,0.419,43.0,91.0,0.473,0.566,23.0,25.0,0.92,14.0,61.0,75.0,29.0,13.0,2.0,17.0,24.0,280.0,0.0,15.2,0.588,0.599,0.11,2.8,11.3,7.1,7.7,1.1,0.2,6.7,19.4,1.1,0.6,1.6,0.126,2.5,-0.4,2.1,0.6,0.0,2011
184,Metta World Peace,29.4,3.2,8.0,0.397,1.0,2.8,0.356,2.2,5.2,0.419,0.46,1.1,1.7,0.676,1.2,2.0,3.3,2.1,1.5,0.4,1.1,2.2,8.5,0.0,0.0,1210.0,0.0,0.0,0.0,0.0,0.0,0.0,0.0,0.0,0.0,0.0,0.0,0.0,0.0,82.0,82.0,2410.0,261.0,658.0,0.397,83.0,233.0,0.356,178.0,425.0,0.419,0.46,92.0,136.0,0.676,100.0,167.0,267.0,175.0,124.0,36.0,90.0,181.0,697.0,0.0,11.2,0.485,0.354,0.207,4.9,7.6,6.3,10.7,2.7,1.1,11.1,15.3,1.2,3.2,4.4,0.088,-1.4,1.5,0.2,1.3,0.0,2011
185,Rodrigue Beaubois,17.7,3.4,8.0,0.422,0.9,3.0,0.301,2.5,5.0,0.493,0.478,0.8,1.1,0.767,0.3,1.6,1.9,2.3,0.7,0.3,1.7,2.7,8.4,0.0,0.0,1210.0,0.0,0.0,0.0,0.0,0.0,0.0,0.0,0.0,0.0,0.0,0.0,0.0,0.0,28.0,26.0,496.0,94.0,223.0,0.422,25.0,83.0,0.301,69.0,140.0,0.493,0.478,23.0,30.0,0.767,7.0,45.0,52.0,64.0,20.0,8.0,47.0,76.0,236.0,0.0,11.4,0.5,0.372,0.135,1.7,10.2,6.1,21.9,2.1,1.2,16.6,26.7,-0.4,0.7,0.2,0.022,-3.2,0.5,-2.7,-0.1,0.0,2011
186,Josh Howard,22.7,3.2,9.0,0.358,0.4,1.6,0.241,2.8,7.4,0.383,0.38,1.6,2.6,0.617,1.0,3.1,4.1,1.3,0.7,0.3,1.1,1.9,8.4,0.0,0.0,1210.0,0.0,0.0,0.0,0.0,0.0,0.0,0.0,0.0,0.0,0.0,0.0,0.0,0.0,18.0,10.0,409.0,58.0,162.0,0.358,7.0,29.0,0.241,51.0,133.0,0.383,0.38,29.0,47.0,0.617,18.0,56.0,74.0,24.0,13.0,5.0,20.0,34.0,152.0,0.0,9.2,0.416,0.179,0.29,4.8,16.2,10.3,9.4,1.6,0.9,9.9,21.9,-0.5,0.3,-0.2,-0.027,-3.1,-0.7,-3.8,-0.2,0.0,2011
187,Hakim Warrick,17.7,2.9,5.6,0.511,0.0,0.1,0.091,2.8,5.4,0.522,0.512,2.7,3.7,0.721,1.1,2.6,3.7,0.9,0.4,0.1,1.0,1.3,8.4,0.0,0.0,1210.0,0.0,0.0,0.0,0.0,0.0,0.0,0.0,0.0,0.0,0.0,0.0,0.0,0.0,80.0,6.0,1416.0,228.0,446.0,0.511,1.0,11.0,0.091,227.0,435.0,0.522,0.512,212.0,294.0,0.721,88.0,208.0,296.0,69.0,32.0,9.0,79.0,100.0,669.0,0.0,16.5,0.581,0.025,0.659,7.2,17.0,12.1,7.6,1.1,0.5,12.1,20.9,2.6,0.8,3.4,0.116,0.1,-1.0,-1.0,0.3,0.0,2011
188,DeJuan Blair,21.4,3.6,7.2,0.501,0.0,0.0,0.0,3.6,7.2,0.503,0.501,1.1,1.7,0.657,2.7,4.3,7.0,1.0,1.2,0.5,1.4,2.6,8.3,0.0,0.0,1210.0,0.0,0.0,0.0,0.0,0.0,0.0,0.0,0.0,0.0,0.0,0.0,0.0,0.0,81.0,65.0,1734.0,292.0,583.0,0.501,0.0,2.0,0.0,292.0,581.0,0.503,0.501,90.0,137.0,0.657,215.0,350.0,565.0,77.0,95.0,42.0,113.0,213.0,674.0,0.0,17.1,0.524,0.003,0.235,14.8,22.9,18.9,7.1,2.8,1.7,14.9,20.1,1.5,3.2,4.8,0.132,-1.2,0.7,-0.5,0.7,0.0,2011
189,Kyle Korver,20.1,3.0,6.8,0.434,1.5,3.5,0.415,1.5,3.3,0.455,0.542,0.9,1.1,0.885,0.1,1.7,1.8,1.5,0.4,0.2,0.7,1.9,8.3,0.0,0.0,1210.0,0.0,0.0,0.0,0.0,0.0,0.0,0.0,0.0,0.0,0.0,0.0,0.0,0.0,82.0,0.0,1649.0,242.0,557.0,0.434,120.0,289.0,0.415,122.0,268.0,0.455,0.542,77.0,87.0,0.885,12.0,138.0,150.0,124.0,35.0,20.0,60.0,156.0,681.0,0.0,13.0,0.572,0.519,0.156,0.9,9.5,5.3,12.1,1.1,0.9,9.2,18.3,2.7,2.4,5.1,0.149,0.4,0.7,1.1,1.3,0.0,2011
190,Courtney Lee,21.3,3.1,7.1,0.439,0.9,2.1,0.408,2.2,5.0,0.453,0.501,1.2,1.5,0.792,0.6,2.0,2.6,1.2,0.7,0.2,0.8,1.3,8.3,0.0,0.0,1210.0,0.0,0.0,0.0,0.0,0.0,0.0,0.0,0.0,0.0,0.0,0.0,0.0,0.0,81.0,1.0,1723.0,253.0,576.0,0.439,71.0,174.0,0.408,182.0,402.0,0.453,0.501,95.0,120.0,0.792,51.0,158.0,209.0,100.0,58.0,18.0,68.0,102.0,672.0,0.0,12.6,0.534,0.302,0.208,3.3,10.4,6.9,8.9,1.7,0.7,9.8,17.9,1.6,1.1,2.7,0.076,-0.7,-0.5,-1.1,0.4,0.0,2011
191,Anthony Parker,29.0,3.1,7.7,0.399,1.2,3.2,0.379,1.9,4.5,0.412,0.476,1.0,1.3,0.779,0.5,2.6,3.0,3.0,0.9,0.1,1.1,1.5,8.3,0.0,0.0,1210.0,0.0,0.0,0.0,0.0,0.0,0.0,0.0,0.0,0.0,0.0,0.0,0.0,0.0,72.0,65.0,2091.0,220.0,552.0,0.399,86.0,227.0,0.379,134.0,325.0,0.412,0.476,74.0,95.0,0.779,33.0,185.0,218.0,218.0,67.0,10.0,80.0,109.0,600.0,0.0,10.5,0.505,0.411,0.172,1.8,10.5,6.0,16.7,1.7,0.4,11.9,14.6,0.9,0.6,1.5,0.034,-1.7,-0.3,-2.0,0.0,0.0,2011
192,Nenad Krstić,22.1,3.3,6.4,0.511,0.0,0.0,0.0,3.3,6.4,0.511,0.511,1.6,2.1,0.774,1.7,3.0,4.7,0.4,0.4,0.4,0.8,2.6,8.1,0.0,0.0,1210.0,0.0,0.0,0.0,0.0,0.0,0.0,0.0,0.0,0.0,0.0,0.0,0.0,0.0,71.0,67.0,1571.0,231.0,452.0,0.511,0.0,0.0,0.0,231.0,452.0,0.511,0.511,113.0,146.0,0.774,124.0,211.0,335.0,27.0,26.0,25.0,56.0,184.0,575.0,0.0,13.1,0.557,0.0,0.323,9.9,15.4,12.7,2.8,0.9,1.2,9.8,16.9,2.3,1.7,4.0,0.122,-1.4,-1.0,-2.5,-0.2,0.0,2011
193,Samuel Dalembert,24.2,3.4,7.1,0.473,0.0,0.0,0.0,3.4,7.1,0.474,0.473,1.4,1.9,0.73,2.7,5.6,8.2,0.8,0.5,1.5,1.7,2.8,8.1,0.0,0.0,1210.0,0.0,0.0,0.0,0.0,0.0,0.0,0.0,0.0,0.0,0.0,0.0,0.0,0.0,80.0,46.0,1938.0,268.0,567.0,0.473,0.0,2.0,0.0,268.0,565.0,0.474,0.473,108.0,148.0,0.73,212.0,445.0,657.0,67.0,36.0,116.0,132.0,225.0,644.0,0.0,14.1,0.509,0.004,0.261,12.1,26.9,19.3,5.3,0.9,4.3,17.3,17.1,0.4,2.5,2.9,0.072,-2.3,0.2,-2.2,-0.1,0.0,2011
194,Corey Brewer,21.9,2.8,7.1,0.395,0.4,1.6,0.268,2.4,5.4,0.434,0.426,2.0,2.8,0.708,0.8,1.7,2.5,1.3,1.4,0.2,1.3,2.3,8.0,0.0,0.0,1210.0,0.0,0.0,0.0,0.0,0.0,0.0,0.0,0.0,0.0,0.0,0.0,0.0,0.0,69.0,24.0,1510.0,193.0,488.0,0.395,30.0,112.0,0.268,163.0,376.0,0.434,0.426,136.0,192.0,0.708,57.0,118.0,175.0,89.0,100.0,16.0,87.0,159.0,552.0,0.0,11.0,0.482,0.23,0.393,4.2,8.9,6.5,9.1,3.3,0.8,13.2,18.8,-0.1,1.3,1.1,0.036,-3.5,1.2,-2.3,-0.1,0.0,2011
195,Raja Bell,30.8,2.8,6.9,0.409,1.0,2.8,0.352,1.8,4.0,0.449,0.482,1.3,1.5,0.892,0.5,2.1,2.6,1.7,0.8,0.2,0.9,2.5,8.0,0.0,0.0,1210.0,0.0,0.0,0.0,0.0,0.0,0.0,0.0,0.0,0.0,0.0,0.0,0.0,0.0,68.0,63.0,2097.0,191.0,467.0,0.409,68.0,193.0,0.352,123.0,274.0,0.449,0.482,91.0,102.0,0.892,31.0,145.0,176.0,118.0,56.0,14.0,63.0,169.0,541.0,0.0,8.2,0.528,0.413,0.218,1.8,8.4,5.1,8.3,1.4,0.5,11.0,12.6,1.2,0.5,1.7,0.04,-2.4,-0.7,-3.1,-0.6,0.0,2011
196,Udonis Haslem,26.5,3.4,6.6,0.512,0.0,0.0,0.0,3.4,6.6,0.512,0.512,1.2,1.5,0.8,2.2,5.9,8.2,0.5,0.5,0.2,1.1,3.0,8.0,0.0,0.0,1210.0,0.0,0.0,0.0,0.0,0.0,0.0,0.0,0.0,0.0,0.0,0.0,0.0,0.0,13.0,0.0,345.0,44.0,86.0,0.512,0.0,0.0,0.0,44.0,86.0,0.512,0.512,16.0,20.0,0.8,29.0,77.0,106.0,6.0,7.0,3.0,14.0,39.0,104.0,0.0,12.7,0.549,0.0,0.233,10.6,25.0,18.2,2.7,1.1,0.7,12.9,14.8,0.4,0.6,0.9,0.13,-1.7,-0.5,-2.3,0.0,0.0,2011
197,Tracy McGrady,23.4,3.2,7.1,0.442,0.4,1.2,0.341,2.7,5.9,0.462,0.471,1.3,1.8,0.698,0.7,2.8,3.5,3.5,0.9,0.5,1.4,1.4,8.0,0.0,0.0,1210.0,0.0,0.0,0.0,0.0,0.0,0.0,0.0,0.0,0.0,0.0,0.0,0.0,0.0,72.0,39.0,1686.0,227.0,514.0,0.442,30.0,88.0,0.341,197.0,426.0,0.462,0.471,90.0,129.0,0.698,49.0,202.0,251.0,252.0,66.0,34.0,102.0,101.0,574.0,0.0,14.9,0.503,0.171,0.251,3.4,15.4,9.1,23.6,2.1,1.6,15.2,18.6,1.0,1.1,2.1,0.061,0.1,0.5,0.6,1.1,0.0,2011
198,Kwame Brown,26.0,2.9,5.7,0.517,0.0,0.0,0.0,2.9,5.7,0.517,0.517,2.1,3.5,0.589,2.2,4.6,6.8,0.7,0.4,0.6,1.0,2.6,7.9,0.0,0.0,1210.0,0.0,0.0,0.0,0.0,0.0,0.0,0.0,0.0,0.0,0.0,0.0,0.0,0.0,66.0,50.0,1714.0,194.0,375.0,0.517,0.0,0.0,0.0,194.0,375.0,0.517,0.517,136.0,231.0,0.589,147.0,303.0,450.0,43.0,26.0,39.0,69.0,174.0,524.0,0.0,12.8,0.55,0.0,0.616,10.3,21.6,15.9,4.1,0.8,1.8,12.6,14.9,1.8,1.7,3.5,0.097,-1.9,-0.9,-2.8,-0.3,0.0,2011
199,Will Bynum,18.4,3.0,6.7,0.448,0.3,0.8,0.32,2.7,5.8,0.466,0.468,1.7,2.0,0.836,0.2,1.0,1.2,3.2,0.9,0.1,1.4,1.9,7.9,0.0,0.0,1210.0,0.0,0.0,0.0,0.0,0.0,0.0,0.0,0.0,0.0,0.0,0.0,0.0,0.0,61.0,5.0,1125.0,182.0,406.0,0.448,16.0,50.0,0.32,166.0,356.0,0.466,0.468,102.0,122.0,0.836,15.0,59.0,74.0,195.0,52.0,4.0,83.0,113.0,482.0,0.0,15.2,0.524,0.123,0.3,1.6,6.7,4.0,28.6,2.5,0.3,15.3,22.5,1.1,0.4,1.5,0.066,-0.8,-1.0,-1.9,0.0,0.0,2011
200,Chuck Hayes,28.1,3.3,6.3,0.527,0.0,0.0,0.0,3.3,6.2,0.529,0.527,1.3,1.9,0.662,3.0,5.1,8.1,2.7,1.1,0.7,1.2,2.7,7.9,0.0,0.0,1210.0,0.0,0.0,0.0,0.0,0.0,0.0,0.0,0.0,0.0,0.0,0.0,0.0,0.0,74.0,63.0,2079.0,244.0,463.0,0.527,0.0,2.0,0.0,244.0,461.0,0.529,0.527,94.0,142.0,0.662,219.0,380.0,599.0,202.0,79.0,49.0,86.0,200.0,582.0,1.0,16.2,0.554,0.004,0.307,11.9,20.7,16.3,14.3,1.9,1.6,14.1,13.0,3.9,2.4,6.3,0.146,0.6,1.3,1.9,2.1,0.0,2011
201,Jason Kidd,33.2,2.7,7.5,0.361,1.7,4.9,0.34,1.0,2.6,0.4,0.472,0.8,1.0,0.87,0.4,4.0,4.4,8.2,1.7,0.4,2.2,1.5,7.9,0.0,0.0,1210.0,0.0,0.0,0.0,0.0,0.0,0.0,0.0,0.0,0.0,0.0,0.0,0.0,0.0,80.0,80.0,2653.0,215.0,596.0,0.361,133.0,391.0,0.34,82.0,205.0,0.4,0.472,67.0,77.0,0.87,35.0,316.0,351.0,655.0,134.0,29.0,179.0,119.0,630.0,2.0,14.4,0.5,0.656,0.129,1.6,13.4,7.7,35.4,2.7,0.8,22.1,14.3,2.5,3.9,6.4,0.116,0.9,2.0,2.8,3.3,0.0,2011
202,Paul George,20.7,2.9,6.5,0.453,0.7,2.3,0.297,2.3,4.2,0.537,0.505,1.3,1.7,0.762,0.6,3.1,3.7,1.1,1.0,0.4,1.1,2.1,7.8,0.0,0.0,1210.0,0.0,0.0,0.0,0.0,0.0,0.0,0.0,0.0,0.0,0.0,0.0,0.0,0.0,61.0,19.0,1265.0,179.0,395.0,0.453,41.0,138.0,0.297,138.0,257.0,0.537,0.505,77.0,101.0,0.762,37.0,187.0,224.0,65.0,62.0,26.0,70.0,127.0,476.0,0.0,13.0,0.542,0.349,0.256,3.3,16.3,9.8,8.3,2.5,1.5,13.7,17.8,0.5,1.9,2.4,0.091,-1.6,1.4,-0.1,0.6,0.0,2011
203,Samardo Samuels,18.9,3.0,6.5,0.456,0.0,0.1,0.0,3.0,6.4,0.462,0.456,1.8,3.0,0.618,2.0,2.2,4.3,0.5,0.4,0.5,1.4,2.4,7.8,0.0,0.0,1210.0,0.0,0.0,0.0,0.0,0.0,0.0,0.0,0.0,0.0,0.0,0.0,0.0,0.0,37.0,10.0,701.0,110.0,241.0,0.456,0.0,3.0,0.0,110.0,238.0,0.462,0.456,68.0,110.0,0.618,75.0,83.0,158.0,17.0,15.0,18.0,53.0,88.0,288.0,0.0,11.7,0.498,0.012,0.456,12.0,14.0,13.0,4.2,1.1,2.0,15.5,22.1,-0.3,0.3,0.0,0.002,-3.6,-2.2,-5.8,-0.7,0.0,2011
204,Ed Davis,24.6,3.3,5.7,0.576,0.0,0.0,0.0,3.3,5.7,0.576,0.576,1.1,2.0,0.555,2.6,4.5,7.1,0.6,0.6,1.0,0.7,2.8,7.7,0.0,0.0,1210.0,0.0,0.0,0.0,0.0,0.0,0.0,0.0,0.0,0.0,0.0,0.0,0.0,0.0,65.0,17.0,1602.0,215.0,373.0,0.576,0.0,0.0,0.0,215.0,373.0,0.576,0.576,71.0,128.0,0.555,168.0,294.0,462.0,40.0,39.0,67.0,48.0,183.0,501.0,0.0,15.8,0.583,0.0,0.343,12.1,22.3,17.1,3.8,1.3,3.2,10.1,13.3,2.9,1.1,4.0,0.119,-0.2,-0.8,-0.9,0.4,0.0,2011
205,Anthony Randolph,14.8,3.1,6.6,0.466,0.0,0.1,0.25,3.1,6.5,0.469,0.468,1.5,2.2,0.674,1.1,2.9,4.0,0.8,0.6,0.6,1.3,1.6,7.6,0.0,0.0,1210.0,0.0,0.0,0.0,0.0,0.0,0.0,0.0,0.0,0.0,0.0,0.0,0.0,0.0,40.0,3.0,590.0,123.0,264.0,0.466,1.0,4.0,0.25,122.0,260.0,0.469,0.468,58.0,86.0,0.674,43.0,117.0,160.0,33.0,22.0,24.0,53.0,62.0,305.0,0.0,16.2,0.505,0.015,0.326,8.0,22.7,15.2,9.8,1.9,3.1,14.9,25.8,-0.2,0.6,0.5,0.038,-1.8,-0.4,-2.2,0.0,0.0,2011
206,Shane Battier,29.0,2.8,6.2,0.45,1.2,3.3,0.382,1.5,3.0,0.525,0.55,0.8,1.1,0.688,1.1,3.5,4.5,2.3,0.8,1.0,1.0,1.9,7.6,0.0,0.0,1210.0,0.0,0.0,0.0,0.0,0.0,0.0,0.0,0.0,0.0,0.0,0.0,0.0,0.0,82.0,59.0,2375.0,229.0,509.0,0.45,102.0,267.0,0.382,127.0,242.0,0.525,0.55,64.0,93.0,0.688,90.0,283.0,373.0,185.0,69.0,81.0,79.0,158.0,624.0,0.0,12.3,0.567,0.525,0.183,4.4,13.7,9.0,11.1,1.5,2.4,12.6,11.7,2.9,2.2,5.1,0.103,0.6,0.9,1.4,2.0,0.0,2011
207,Goran Dragić,17.6,2.7,6.3,0.435,0.8,2.2,0.361,1.9,4.1,0.476,0.499,1.2,1.9,0.624,0.5,1.5,2.0,2.9,0.7,0.1,1.7,1.8,7.5,0.0,0.0,1210.0,0.0,0.0,0.0,0.0,0.0,0.0,0.0,0.0,0.0,0.0,0.0,0.0,0.0,70.0,5.0,1234.0,192.0,441.0,0.435,56.0,155.0,0.361,136.0,286.0,0.476,0.499,83.0,133.0,0.624,36.0,106.0,142.0,204.0,50.0,10.0,117.0,125.0,523.0,1.0,13.2,0.524,0.351,0.302,3.3,9.9,6.6,25.6,2.1,0.6,19.0,22.4,0.2,0.8,1.0,0.04,-0.9,-0.5,-1.3,0.2,0.0,2011
208,Austin Daye,20.1,2.7,6.5,0.41,1.0,2.4,0.401,1.7,4.2,0.415,0.483,1.1,1.5,0.759,0.9,2.9,3.8,1.1,0.5,0.5,0.8,2.3,7.5,0.0,0.0,1210.0,0.0,0.0,0.0,0.0,0.0,0.0,0.0,0.0,0.0,0.0,0.0,0.0,0.0,72.0,16.0,1446.0,193.0,471.0,0.41,69.0,172.0,0.401,124.0,299.0,0.415,0.483,82.0,108.0,0.759,64.0,210.0,274.0,78.0,39.0,39.0,59.0,165.0,537.0,0.0,13.0,0.518,0.365,0.229,5.2,18.6,11.6,8.5,1.5,2.2,10.2,18.6,1.2,0.9,2.1,0.07,-0.8,-0.5,-1.3,0.3,0.0,2011
209,Al Thornton,19.5,2.9,6.1,0.476,0.1,0.4,0.154,2.8,5.7,0.496,0.48,1.5,2.0,0.775,0.8,2.2,3.0,0.9,0.5,0.2,0.9,2.0,7.4,0.0,0.0,1210.0,0.0,0.0,0.0,0.0,0.0,0.0,0.0,0.0,0.0,0.0,0.0,0.0,0.0,71.0,23.0,1383.0,205.0,431.0,0.476,4.0,26.0,0.154,201.0,405.0,0.496,0.48,110.0,142.0,0.775,56.0,157.0,213.0,62.0,35.0,12.0,64.0,143.0,524.0,0.0,11.7,0.531,0.06,0.329,4.5,13.4,8.8,7.2,1.3,0.7,11.5,17.8,1.0,0.6,1.6,0.054,-2.4,-1.0,-3.3,-0.4,0.0,2011
210,Josh McRoberts,22.2,2.9,5.4,0.547,0.3,0.8,0.383,2.6,4.5,0.577,0.576,1.2,1.7,0.739,1.5,3.8,5.3,2.1,0.7,0.8,1.3,2.3,7.4,0.0,0.0,1210.0,0.0,0.0,0.0,0.0,0.0,0.0,0.0,0.0,0.0,0.0,0.0,0.0,0.0,72.0,51.0,1597.0,211.0,386.0,0.547,23.0,60.0,0.383,188.0,326.0,0.577,0.576,88.0,119.0,0.739,109.0,273.0,382.0,150.0,47.0,57.0,93.0,165.0,533.0,0.0,16.0,0.608,0.155,0.308,7.6,18.8,13.3,15.0,1.5,2.6,17.5,14.7,2.6,2.2,4.9,0.147,0.6,1.7,2.3,1.7,0.0,2011
211,Chris Wilcox,17.5,3.3,5.6,0.581,0.0,0.0,0.0,3.3,5.6,0.583,0.581,0.9,1.6,0.562,1.7,3.1,4.8,0.8,0.5,0.3,0.8,2.5,7.4,0.0,0.0,1210.0,0.0,0.0,0.0,0.0,0.0,0.0,0.0,0.0,0.0,0.0,0.0,0.0,0.0,57.0,29.0,995.0,187.0,322.0,0.581,0.0,1.0,0.0,187.0,321.0,0.583,0.581,50.0,89.0,0.562,95.0,176.0,271.0,43.0,29.0,17.0,43.0,145.0,424.0,0.0,18.0,0.587,0.003,0.276,11.2,22.7,16.7,7.4,1.6,1.4,10.6,18.9,2.0,0.8,2.8,0.133,-0.3,-1.1,-1.4,0.2,0.0,2011
212,Matt Bonner,21.7,2.6,5.6,0.464,1.6,3.5,0.457,1.0,2.1,0.475,0.605,0.5,0.7,0.744,0.9,2.7,3.6,0.9,0.4,0.3,0.4,1.7,7.3,0.0,0.0,1210.0,0.0,0.0,0.0,0.0,0.0,0.0,0.0,0.0,0.0,0.0,0.0,0.0,0.0,66.0,1.0,1432.0,172.0,371.0,0.464,105.0,230.0,0.457,67.0,141.0,0.475,0.605,32.0,43.0,0.744,60.0,179.0,239.0,60.0,26.0,21.0,27.0,110.0,481.0,0.0,13.5,0.617,0.62,0.116,5.0,14.2,9.7,6.2,0.9,1.0,6.5,13.4,3.0,1.4,4.4,0.147,1.7,0.2,1.9,1.4,0.0,2011
213,Chris Douglas-Roberts,20.1,2.7,6.2,0.429,0.3,1.0,0.326,2.3,5.2,0.449,0.456,1.7,2.0,0.831,0.2,1.8,2.0,1.1,0.7,0.3,0.8,1.7,7.3,0.0,0.0,1210.0,0.0,0.0,0.0,0.0,0.0,0.0,0.0,0.0,0.0,0.0,0.0,0.0,0.0,44.0,12.0,884.0,117.0,273.0,0.429,15.0,46.0,0.326,102.0,227.0,0.449,0.456,74.0,89.0,0.831,7.0,81.0,88.0,50.0,29.0,13.0,35.0,73.0,323.0,0.0,11.5,0.517,0.168,0.326,0.9,11.0,5.8,9.8,1.8,1.2,10.1,18.4,0.4,1.3,1.6,0.088,-2.5,1.0,-1.4,0.1,0.0,2011
214,Sam Young,20.2,3.0,6.3,0.472,0.2,0.6,0.34,2.8,5.7,0.486,0.489,1.1,1.5,0.767,0.5,1.9,2.4,0.9,0.9,0.3,0.8,1.5,7.3,0.0,0.0,1210.0,0.0,0.0,0.0,0.0,0.0,0.0,0.0,0.0,0.0,0.0,0.0,0.0,0.0,78.0,46.0,1577.0,233.0,494.0,0.472,17.0,50.0,0.34,216.0,444.0,0.486,0.489,89.0,116.0,0.767,40.0,147.0,187.0,71.0,68.0,23.0,61.0,120.0,572.0,0.0,12.5,0.525,0.101,0.235,3.0,11.2,7.1,6.9,2.3,1.2,10.1,17.3,1.1,1.8,2.9,0.088,-1.6,0.7,-0.9,0.5,0.0,2011
215,Mickaël Piétrus,19.4,2.5,6.4,0.392,1.5,4.1,0.36,1.0,2.3,0.45,0.508,0.7,1.0,0.684,0.3,1.9,2.2,0.6,0.5,0.4,0.7,1.8,7.2,0.0,0.0,1210.0,0.0,0.0,0.0,0.0,0.0,0.0,0.0,0.0,0.0,0.0,0.0,0.0,0.0,57.0,4.0,1107.0,143.0,365.0,0.392,85.0,236.0,0.36,58.0,129.0,0.45,0.508,39.0,57.0,0.684,15.0,111.0,126.0,33.0,29.0,21.0,39.0,101.0,410.0,0.0,9.8,0.526,0.647,0.156,1.6,11.5,6.6,4.6,1.3,1.4,9.1,17.6,0.3,1.0,1.3,0.055,-1.2,0.2,-1.0,0.3,0.0,2011
216,Earl Boykins,15.1,2.7,6.2,0.443,0.5,1.2,0.38,2.3,4.9,0.459,0.482,1.2,1.4,0.841,0.3,0.7,1.0,2.5,0.7,0.1,0.9,0.8,7.2,0.0,0.0,1210.0,0.0,0.0,0.0,0.0,0.0,0.0,0.0,0.0,0.0,0.0,0.0,0.0,0.0,57.0,0.0,862.0,156.0,352.0,0.443,27.0,71.0,0.38,129.0,281.0,0.459,0.482,69.0,82.0,0.841,15.0,40.0,55.0,141.0,38.0,3.0,52.0,43.0,408.0,0.0,17.6,0.526,0.202,0.233,2.0,5.5,3.7,30.9,2.4,0.3,11.8,23.9,1.1,1.1,2.3,0.125,2.1,0.4,2.4,1.0,0.0,2011
217,Ryan Gomes,27.6,2.7,6.6,0.41,0.9,2.8,0.341,1.8,3.9,0.459,0.481,0.8,1.1,0.718,0.8,2.5,3.3,1.6,0.8,0.2,0.7,2.1,7.2,0.0,0.0,1210.0,0.0,0.0,0.0,0.0,0.0,0.0,0.0,0.0,0.0,0.0,0.0,0.0,0.0,76.0,62.0,2095.0,207.0,505.0,0.41,72.0,211.0,0.341,135.0,294.0,0.459,0.481,61.0,85.0,0.718,61.0,193.0,254.0,118.0,62.0,12.0,55.0,159.0,547.0,0.0,9.0,0.504,0.418,0.168,3.4,10.7,7.1,8.5,1.5,0.4,9.2,12.7,1.3,1.2,2.5,0.057,-2.1,0.0,-2.1,-0.1,0.0,2011
218,Spencer Hawes,21.2,3.3,7.0,0.465,0.1,0.5,0.243,3.1,6.6,0.48,0.473,0.6,1.1,0.534,1.6,4.1,5.7,1.5,0.4,0.9,1.2,2.5,7.2,0.0,0.0,1210.0,0.0,0.0,0.0,0.0,0.0,0.0,0.0,0.0,0.0,0.0,0.0,0.0,0.0,81.0,81.0,1718.0,264.0,568.0,0.465,9.0,37.0,0.243,255.0,531.0,0.48,0.473,47.0,88.0,0.534,129.0,336.0,465.0,121.0,29.0,71.0,97.0,201.0,584.0,0.0,12.8,0.481,0.065,0.155,8.7,22.5,15.6,11.2,0.9,3.1,13.8,18.9,-0.3,2.6,2.4,0.066,-2.5,0.7,-1.9,0.0,0.0,2011
219,Sebastian Telfair,19.2,2.6,6.5,0.402,0.8,2.1,0.359,1.9,4.4,0.423,0.461,1.2,1.6,0.733,0.5,1.0,1.5,3.0,0.7,0.1,1.7,1.7,7.2,0.0,0.0,1210.0,0.0,0.0,0.0,0.0,0.0,0.0,0.0,0.0,0.0,0.0,0.0,0.0,0.0,37.0,8.0,711.0,97.0,241.0,0.402,28.0,78.0,0.359,69.0,163.0,0.423,0.461,44.0,60.0,0.733,17.0,37.0,54.0,111.0,25.0,3.0,64.0,64.0,266.0,0.0,10.5,0.497,0.324,0.249,2.6,5.9,4.2,24.2,1.7,0.3,19.3,19.9,0.0,0.2,0.1,0.008,-1.9,-1.6,-3.5,-0.3,0.0,2011
220,Evan Turner,23.0,2.9,6.8,0.425,0.2,0.6,0.318,2.7,6.2,0.435,0.439,1.3,1.6,0.808,0.5,3.4,3.9,2.0,0.6,0.2,1.0,1.8,7.2,0.0,0.0,1210.0,0.0,0.0,0.0,0.0,0.0,0.0,0.0,0.0,0.0,0.0,0.0,0.0,0.0,78.0,14.0,1797.0,225.0,529.0,0.425,14.0,44.0,0.318,211.0,485.0,0.435,0.439,101.0,125.0,0.808,42.0,264.0,306.0,159.0,49.0,14.0,80.0,138.0,565.0,0.0,10.8,0.484,0.083,0.236,2.7,16.9,9.8,13.4,1.4,0.6,12.0,17.0,0.0,2.2,2.3,0.06,-2.6,0.4,-2.2,-0.1,0.0,2011
221,James Johnson,21.6,2.8,6.2,0.456,0.2,0.9,0.235,2.6,5.3,0.493,0.473,1.2,1.9,0.662,1.0,2.8,3.7,2.3,0.9,1.0,1.7,2.5,7.1,0.0,0.0,1210.0,0.0,0.0,0.0,0.0,0.0,0.0,0.0,0.0,0.0,0.0,0.0,0.0,0.0,38.0,25.0,822.0,108.0,237.0,0.456,8.0,34.0,0.235,100.0,203.0,0.493,0.473,47.0,71.0,0.662,37.0,105.0,142.0,89.0,33.0,37.0,64.0,95.0,271.0,0.0,12.6,0.505,0.143,0.3,5.2,15.4,10.2,16.4,2.1,3.4,19.3,18.2,-0.1,0.8,0.6,0.036,-1.6,0.9,-0.6,0.3,0.0,2011
222,Nazr Mohammed,17.1,3.1,6.0,0.522,0.0,0.0,0.0,3.1,6.0,0.523,0.522,0.9,1.5,0.598,1.9,3.0,4.9,0.3,0.4,0.7,0.9,2.5,7.1,0.0,0.0,1210.0,0.0,0.0,0.0,0.0,0.0,0.0,0.0,0.0,0.0,0.0,0.0,0.0,0.0,75.0,37.0,1280.0,234.0,448.0,0.522,0.0,1.0,0.0,234.0,447.0,0.523,0.522,67.0,112.0,0.598,140.0,228.0,368.0,23.0,30.0,56.0,70.0,184.0,535.0,0.0,15.9,0.538,0.002,0.25,13.2,21.2,17.2,3.3,1.2,3.5,12.3,20.6,1.0,1.6,2.7,0.1,-2.0,-0.8,-2.8,-0.3,0.0,2011
223,Keyon Dooling,22.0,2.6,6.5,0.397,1.0,2.9,0.346,1.6,3.6,0.439,0.475,1.0,1.2,0.83,0.2,1.3,1.5,3.0,0.7,0.1,1.1,1.5,7.1,0.0,0.0,1210.0,0.0,0.0,0.0,0.0,0.0,0.0,0.0,0.0,0.0,0.0,0.0,0.0,0.0,80.0,22.0,1757.0,206.0,519.0,0.397,81.0,234.0,0.346,125.0,285.0,0.439,0.475,78.0,94.0,0.83,12.0,105.0,117.0,243.0,54.0,4.0,91.0,119.0,571.0,0.0,11.3,0.509,0.451,0.181,0.8,7.1,3.9,23.4,1.6,0.2,14.0,17.3,0.8,2.1,2.9,0.08,-1.4,0.2,-1.2,0.4,0.0,2011
224,Taj Gibson,21.8,2.9,6.3,0.466,0.0,0.1,0.125,2.9,6.2,0.472,0.467,1.3,1.9,0.676,2.0,3.7,5.7,0.7,0.5,1.3,0.9,2.5,7.1,0.0,0.0,1210.0,0.0,0.0,0.0,0.0,0.0,0.0,0.0,0.0,0.0,0.0,0.0,0.0,0.0,80.0,19.0,1742.0,234.0,502.0,0.466,1.0,8.0,0.125,233.0,494.0,0.472,0.467,100.0,148.0,0.676,162.0,296.0,458.0,58.0,39.0,106.0,71.0,203.0,569.0,0.0,14.3,0.502,0.016,0.295,11.2,19.4,15.4,5.3,1.2,4.6,11.1,16.8,1.4,3.8,5.2,0.143,-2.2,1.4,-0.9,0.5,0.0,2011
225,DeAndre Jordan,25.6,2.9,4.3,0.686,0.0,0.0,0.0,2.9,4.3,0.688,0.686,1.2,2.7,0.452,2.6,4.6,7.2,0.5,0.5,1.8,1.3,3.2,7.1,0.0,0.0,1210.0,0.0,0.0,0.0,0.0,0.0,0.0,0.0,0.0,0.0,0.0,0.0,0.0,0.0,80.0,66.0,2047.0,234.0,341.0,0.686,0.0,1.0,0.0,234.0,340.0,0.688,0.686,98.0,217.0,0.452,207.0,368.0,575.0,42.0,41.0,142.0,101.0,255.0,566.0,0.0,14.8,0.648,0.003,0.636,11.9,20.9,16.5,3.2,1.0,5.4,18.8,11.7,2.6,2.6,5.2,0.122,-1.7,1.0,-0.7,0.7,0.0,2011
226,Shawne Williams,20.7,2.6,6.0,0.426,1.3,3.3,0.401,1.2,2.7,0.457,0.536,0.6,0.8,0.837,0.9,2.8,3.7,0.7,0.6,0.8,0.7,2.6,7.1,0.0,0.0,1210.0,0.0,0.0,0.0,0.0,0.0,0.0,0.0,0.0,0.0,0.0,0.0,0.0,0.0,64.0,11.0,1323.0,164.0,385.0,0.426,85.0,212.0,0.401,79.0,173.0,0.457,0.536,41.0,49.0,0.837,60.0,179.0,239.0,47.0,39.0,51.0,46.0,164.0,454.0,0.0,12.2,0.558,0.551,0.127,5.1,15.6,10.3,5.3,1.5,2.8,10.2,15.2,1.4,1.1,2.5,0.089,-0.5,-0.2,-0.7,0.4,0.0,2011
227,Christian Eyenga,21.5,3.0,7.0,0.425,0.6,2.1,0.275,2.4,4.9,0.488,0.466,0.4,0.6,0.643,0.6,2.2,2.8,0.8,0.8,0.6,1.1,1.8,6.9,0.0,0.0,1210.0,0.0,0.0,0.0,0.0,0.0,0.0,0.0,0.0,0.0,0.0,0.0,0.0,0.0,44.0,18.0,947.0,130.0,306.0,0.425,25.0,91.0,0.275,105.0,215.0,0.488,0.466,18.0,28.0,0.643,27.0,96.0,123.0,35.0,34.0,28.0,47.0,78.0,303.0,0.0,9.0,0.476,0.297,0.092,3.2,12.0,7.5,6.2,1.9,2.3,12.9,17.5,-0.8,0.5,-0.3,-0.016,-3.4,-0.6,-4.0,-0.5,0.0,2011
228,Derrick Favors,19.7,2.8,5.3,0.517,0.0,0.0,0.0,2.8,5.3,0.517,0.517,1.3,2.2,0.595,2.2,3.1,5.3,0.5,0.4,0.9,1.0,3.2,6.8,0.0,0.0,1210.0,0.0,0.0,0.0,0.0,0.0,0.0,0.0,0.0,0.0,0.0,0.0,0.0,0.0,78.0,27.0,1535.0,215.0,416.0,0.517,0.0,0.0,0.0,215.0,416.0,0.517,0.517,103.0,173.0,0.595,171.0,241.0,412.0,39.0,29.0,68.0,77.0,246.0,533.0,0.0,13.9,0.542,0.0,0.416,12.9,19.1,16.0,4.2,1.0,3.5,13.5,17.1,1.5,1.4,2.9,0.091,-2.6,-0.6,-3.2,-0.5,0.0,2011
229,Nate Robinson,17.2,2.5,6.4,0.399,1.1,3.4,0.325,1.4,3.0,0.483,0.485,0.6,0.7,0.818,0.3,1.3,1.5,1.9,0.5,0.1,1.2,1.9,6.8,0.0,0.0,1210.0,0.0,0.0,0.0,0.0,0.0,0.0,0.0,0.0,0.0,0.0,0.0,0.0,0.0,59.0,11.0,1013.0,150.0,376.0,0.399,65.0,200.0,0.325,85.0,176.0,0.483,0.485,36.0,44.0,0.818,15.0,75.0,90.0,111.0,29.0,4.0,68.0,115.0,401.0,0.0,10.0,0.507,0.532,0.117,1.9,8.6,5.5,17.8,1.5,0.3,14.7,21.9,-0.4,1.5,1.1,0.051,-2.5,-0.1,-2.6,-0.2,0.0,2011
230,Derek Fisher,28.0,2.5,6.5,0.389,0.8,1.9,0.396,1.7,4.5,0.386,0.449,1.0,1.3,0.806,0.2,1.7,1.9,2.7,1.2,0.1,0.9,2.3,6.8,0.0,0.0,1210.0,0.0,0.0,0.0,0.0,0.0,0.0,0.0,0.0,0.0,0.0,0.0,0.0,0.0,82.0,82.0,2297.0,206.0,529.0,0.389,63.0,159.0,0.396,143.0,370.0,0.386,0.449,83.0,103.0,0.806,14.0,138.0,152.0,224.0,99.0,8.0,70.0,192.0,558.0,0.0,8.9,0.486,0.301,0.195,0.7,6.6,3.7,14.0,2.3,0.3,10.9,12.8,1.2,2.5,3.7,0.078,-3.2,1.3,-2.0,0.0,0.0,2011
231,Matt Barnes,19.2,2.5,5.3,0.47,0.6,2.0,0.318,1.8,3.2,0.564,0.53,1.1,1.5,0.779,1.4,2.9,4.3,1.3,0.7,0.4,1.1,2.4,6.7,0.0,0.0,1210.0,0.0,0.0,0.0,0.0,0.0,0.0,0.0,0.0,0.0,0.0,0.0,0.0,0.0,53.0,0.0,1020.0,131.0,279.0,0.47,34.0,107.0,0.318,97.0,172.0,0.564,0.53,60.0,77.0,0.779,73.0,155.0,228.0,71.0,39.0,22.0,58.0,127.0,356.0,0.0,14.6,0.569,0.384,0.276,8.4,16.7,12.7,10.5,2.0,1.6,15.6,16.6,1.4,1.6,3.0,0.142,-0.5,1.0,0.6,0.7,0.0,2011
232,Eric Bledsoe,22.7,2.5,6.0,0.424,0.4,1.4,0.276,2.1,4.6,0.47,0.457,1.2,1.6,0.744,0.8,1.9,2.8,3.6,1.1,0.3,2.4,1.6,6.7,0.0,0.0,1210.0,0.0,0.0,0.0,0.0,0.0,0.0,0.0,0.0,0.0,0.0,0.0,0.0,0.0,81.0,25.0,1841.0,206.0,486.0,0.424,32.0,116.0,0.276,174.0,370.0,0.47,0.457,99.0,133.0,0.744,68.0,155.0,223.0,289.0,92.0,26.0,194.0,130.0,543.0,0.0,10.8,0.499,0.239,0.274,4.4,9.8,7.1,24.2,2.6,1.1,26.3,17.9,-1.3,1.6,0.3,0.008,-2.4,0.2,-2.2,-0.1,0.0,2011
233,Luc Mbah a Moute,26.5,2.5,5.4,0.463,0.0,0.1,0.0,2.5,5.3,0.47,0.463,1.7,2.4,0.707,2.1,3.2,5.3,0.9,0.9,0.4,1.0,2.3,6.7,0.0,0.0,1210.0,0.0,0.0,0.0,0.0,0.0,0.0,0.0,0.0,0.0,0.0,0.0,0.0,0.0,79.0,52.0,2093.0,198.0,428.0,0.463,0.0,7.0,0.0,198.0,421.0,0.47,0.463,133.0,188.0,0.707,169.0,251.0,420.0,68.0,72.0,28.0,77.0,180.0,529.0,0.0,11.5,0.518,0.016,0.439,9.2,14.3,11.7,5.3,1.8,1.1,13.1,13.1,1.5,3.3,4.8,0.109,-2.3,1.1,-1.3,0.4,0.0,2011
234,Anthony Tolliver,21.0,2.2,4.8,0.45,0.7,1.8,0.409,1.4,3.0,0.475,0.526,1.6,2.0,0.802,1.4,3.1,4.5,1.3,0.4,0.4,0.8,2.2,6.7,0.0,0.0,1210.0,0.0,0.0,0.0,0.0,0.0,0.0,0.0,0.0,0.0,0.0,0.0,0.0,0.0,65.0,4.0,1362.0,141.0,313.0,0.45,47.0,115.0,0.409,94.0,198.0,0.475,0.526,105.0,131.0,0.802,92.0,203.0,295.0,82.0,28.0,28.0,49.0,145.0,434.0,0.0,13.3,0.585,0.367,0.419,7.3,17.0,12.0,8.9,1.0,1.6,11.7,13.1,2.6,0.7,3.3,0.115,0.1,0.0,0.0,0.7,0.0,2011
235,Jermaine Taylor,14.2,2.8,5.8,0.48,0.4,1.3,0.311,2.4,4.4,0.53,0.515,0.6,0.8,0.75,0.8,1.1,1.8,0.9,0.4,0.1,1.4,1.1,6.6,0.0,0.0,1210.0,0.0,0.0,0.0,0.0,0.0,0.0,0.0,0.0,0.0,0.0,0.0,0.0,0.0,34.0,8.0,483.0,94.0,196.0,0.48,14.0,45.0,0.311,80.0,151.0,0.53,0.515,21.0,28.0,0.75,26.0,36.0,62.0,32.0,14.0,5.0,46.0,39.0,223.0,0.0,12.2,0.535,0.23,0.143,6.0,8.7,7.3,11.1,1.5,0.7,18.1,22.9,-0.1,0.3,0.1,0.014,-1.4,-2.2,-3.6,-0.2,0.0,2011
236,Wayne Ellington,19.0,2.6,6.4,0.403,0.8,2.0,0.397,1.8,4.5,0.406,0.463,0.7,0.9,0.792,0.4,1.3,1.7,1.2,0.5,0.0,0.9,1.4,6.6,0.0,0.0,1210.0,0.0,0.0,0.0,0.0,0.0,0.0,0.0,0.0,0.0,0.0,0.0,0.0,0.0,62.0,8.0,1181.0,160.0,397.0,0.403,48.0,121.0,0.397,112.0,276.0,0.406,0.463,42.0,53.0,0.792,26.0,82.0,108.0,72.0,28.0,3.0,53.0,85.0,410.0,0.0,8.6,0.488,0.305,0.134,2.4,7.9,5.1,9.4,1.2,0.2,11.2,17.1,0.1,0.1,0.3,0.01,-2.3,-1.3,-3.5,-0.5,0.0,2011
237,Shaun Livingston,17.3,2.5,5.4,0.466,0.0,0.1,0.25,2.5,5.4,0.468,0.467,1.5,1.7,0.864,0.4,1.6,2.0,2.2,0.6,0.4,1.2,1.5,6.6,0.0,0.0,1210.0,0.0,0.0,0.0,0.0,0.0,0.0,0.0,0.0,0.0,0.0,0.0,0.0,0.0,73.0,0.0,1261.0,185.0,397.0,0.466,1.0,4.0,0.25,184.0,393.0,0.468,0.467,108.0,125.0,0.864,29.0,120.0,149.0,164.0,47.0,29.0,88.0,109.0,479.0,0.0,14.3,0.53,0.01,0.315,2.8,11.6,7.2,22.5,2.0,1.9,16.3,20.1,0.7,1.2,1.9,0.073,-1.0,1.0,0.0,0.7,0.0,2011
238,Eddie House,17.5,2.3,5.7,0.399,1.2,3.1,0.389,1.1,2.6,0.411,0.505,0.7,0.7,0.95,0.2,1.5,1.6,1.1,0.6,0.1,0.5,1.2,6.5,0.0,0.0,1210.0,0.0,0.0,0.0,0.0,0.0,0.0,0.0,0.0,0.0,0.0,0.0,0.0,0.0,56.0,1.0,978.0,128.0,321.0,0.399,68.0,175.0,0.389,60.0,146.0,0.411,0.505,38.0,40.0,0.95,9.0,83.0,92.0,62.0,32.0,3.0,29.0,68.0,362.0,0.0,11.9,0.535,0.545,0.125,1.2,9.5,5.6,10.0,1.7,0.2,7.9,17.6,1.0,1.2,2.2,0.108,-0.5,0.2,-0.3,0.4,0.0,2011
239,A.J. Price,15.9,2.3,6.4,0.356,0.8,3.0,0.275,1.5,3.4,0.427,0.42,1.1,1.6,0.667,0.3,1.1,1.4,2.2,0.6,0.0,1.1,1.2,6.5,0.0,0.0,1210.0,0.0,0.0,0.0,0.0,0.0,0.0,0.0,0.0,0.0,0.0,0.0,0.0,0.0,50.0,0.0,795.0,114.0,320.0,0.356,41.0,149.0,0.275,73.0,171.0,0.427,0.42,54.0,81.0,0.667,16.0,56.0,72.0,111.0,29.0,1.0,53.0,61.0,323.0,0.0,10.7,0.454,0.466,0.253,2.3,7.8,5.0,22.7,1.8,0.1,13.0,22.7,-0.4,0.7,0.3,0.02,-1.9,-1.1,-2.9,-0.2,0.0,2011
240,Mario Chalmers,22.6,2.2,5.5,0.399,1.2,3.3,0.359,1.0,2.2,0.459,0.506,0.8,0.9,0.871,0.2,1.9,2.1,2.5,1.1,0.1,1.3,2.3,6.4,0.0,0.0,1210.0,0.0,0.0,0.0,0.0,0.0,0.0,0.0,0.0,0.0,0.0,0.0,0.0,0.0,70.0,28.0,1579.0,155.0,388.0,0.399,83.0,231.0,0.359,72.0,157.0,0.459,0.506,54.0,62.0,0.871,12.0,134.0,146.0,177.0,76.0,7.0,91.0,158.0,447.0,0.0,10.3,0.538,0.595,0.16,1.0,9.5,5.5,16.8,2.5,0.3,18.0,15.0,0.7,2.3,2.9,0.089,-2.3,1.5,-0.8,0.5,0.0,2011
241,Robin Lopez,14.8,2.7,5.3,0.501,0.0,0.0,0.0,2.7,5.3,0.501,0.501,1.1,1.5,0.74,1.2,2.0,3.2,0.1,0.3,0.7,0.7,2.1,6.4,0.0,0.0,1210.0,0.0,0.0,0.0,0.0,0.0,0.0,0.0,0.0,0.0,0.0,0.0,0.0,0.0,67.0,56.0,991.0,179.0,357.0,0.501,0.0,0.0,0.0,179.0,357.0,0.501,0.501,74.0,100.0,0.74,82.0,134.0,216.0,8.0,18.0,45.0,48.0,143.0,432.0,0.0,13.9,0.539,0.0,0.28,9.5,15.6,12.6,1.3,0.9,3.4,10.7,20.4,0.8,0.8,1.5,0.074,-3.1,-1.0,-4.1,-0.5,0.0,2011
242,Brad Miller,16.9,2.2,4.9,0.446,0.7,1.8,0.374,1.5,3.2,0.487,0.514,1.3,1.6,0.83,0.7,3.0,3.7,2.4,0.5,0.4,0.9,1.6,6.4,0.0,0.0,1210.0,0.0,0.0,0.0,0.0,0.0,0.0,0.0,0.0,0.0,0.0,0.0,0.0,0.0,60.0,5.0,1015.0,132.0,296.0,0.446,40.0,107.0,0.374,92.0,189.0,0.487,0.514,78.0,94.0,0.83,44.0,178.0,222.0,145.0,28.0,21.0,54.0,98.0,382.0,0.0,16.3,0.566,0.361,0.318,4.9,19.9,12.4,21.4,1.4,1.4,13.8,17.0,2.0,1.0,3.0,0.142,1.7,1.1,2.8,1.2,0.0,2011
243,Maurice Evans,21.2,2.4,5.8,0.417,0.8,2.3,0.329,1.7,3.5,0.475,0.482,0.7,0.8,0.897,0.7,1.4,2.1,0.6,0.5,0.2,0.5,1.8,6.3,0.0,0.0,1210.0,0.0,0.0,0.0,0.0,0.0,0.0,0.0,0.0,0.0,0.0,0.0,0.0,0.0,73.0,24.0,1549.0,177.0,424.0,0.417,55.0,167.0,0.329,122.0,257.0,0.475,0.482,52.0,58.0,0.897,52.0,104.0,156.0,45.0,34.0,14.0,33.0,129.0,461.0,0.0,9.1,0.513,0.394,0.137,3.9,8.0,5.9,4.5,1.1,0.7,6.8,14.2,1.0,0.7,1.7,0.054,-2.2,-1.0,-3.2,-0.5,0.0,2011
244,Dahntay Jones,13.1,2.2,4.8,0.467,0.3,0.9,0.359,1.9,3.9,0.491,0.5,1.5,2.0,0.767,0.1,1.4,1.4,0.7,0.4,0.2,0.7,1.6,6.3,0.0,0.0,1210.0,0.0,0.0,0.0,0.0,0.0,0.0,0.0,0.0,0.0,0.0,0.0,0.0,0.0,45.0,2.0,589.0,100.0,214.0,0.467,14.0,39.0,0.359,86.0,175.0,0.491,0.5,69.0,90.0,0.767,4.0,61.0,65.0,33.0,20.0,7.0,31.0,70.0,283.0,0.0,13.7,0.558,0.182,0.421,0.8,11.4,6.1,9.5,1.7,0.9,10.9,21.4,0.6,0.6,1.2,0.102,-1.7,0.5,-1.2,0.1,0.0,2011
245,Patrick Patterson,16.7,2.9,5.1,0.558,0.0,0.0,0.0,2.9,5.1,0.562,0.558,0.6,0.8,0.714,1.7,2.2,3.8,0.8,0.3,0.7,0.6,1.5,6.3,0.0,0.0,1210.0,0.0,0.0,0.0,0.0,0.0,0.0,0.0,0.0,0.0,0.0,0.0,0.0,0.0,52.0,6.0,868.0,149.0,267.0,0.558,0.0,2.0,0.0,149.0,265.0,0.562,0.558,30.0,42.0,0.714,86.0,114.0,200.0,41.0,17.0,37.0,31.0,77.0,328.0,0.0,16.7,0.574,0.007,0.157,11.2,14.9,13.1,7.6,1.0,3.0,9.8,16.1,1.7,0.7,2.4,0.134,0.4,-0.1,0.3,0.5,0.0,2011
246,Dante Cunningham,21.0,2.8,6.1,0.462,0.0,0.2,0.077,2.8,5.9,0.473,0.463,0.6,0.8,0.726,1.2,2.3,3.6,0.6,0.7,0.6,0.7,2.3,6.2,0.0,0.0,1210.0,0.0,0.0,0.0,0.0,0.0,0.0,0.0,0.0,0.0,0.0,0.0,0.0,0.0,78.0,18.0,1637.0,218.0,472.0,0.462,1.0,13.0,0.077,217.0,459.0,0.473,0.463,45.0,62.0,0.726,96.0,181.0,277.0,43.0,54.0,43.0,51.0,177.0,482.0,0.0,10.7,0.483,0.028,0.131,6.9,13.9,10.3,4.3,1.8,2.2,9.3,15.7,0.3,1.7,2.0,0.06,-3.2,-0.1,-3.3,-0.5,0.0,2011
247,Ronnie Brewer,22.0,2.5,5.3,0.48,0.1,0.3,0.222,2.5,4.9,0.498,0.487,1.1,1.6,0.654,0.7,2.6,3.2,1.7,1.3,0.3,0.7,1.0,6.2,0.0,0.0,1210.0,0.0,0.0,0.0,0.0,0.0,0.0,0.0,0.0,0.0,0.0,0.0,0.0,0.0,81.0,1.0,1781.0,205.0,427.0,0.48,6.0,27.0,0.222,199.0,400.0,0.498,0.487,87.0,133.0,0.654,55.0,207.0,262.0,140.0,106.0,22.0,55.0,82.0,503.0,0.0,13.8,0.518,0.063,0.311,3.7,13.2,8.6,12.1,3.2,0.9,10.2,13.9,1.7,3.8,5.4,0.147,-1.3,3.7,2.4,2.0,0.0,2011
248,Andrés Nocioni,17.2,2.2,5.1,0.426,0.8,2.2,0.356,1.4,2.9,0.478,0.502,0.9,1.1,0.803,0.4,2.8,3.1,0.8,0.3,0.3,0.9,1.9,6.1,0.0,0.0,1210.0,0.0,0.0,0.0,0.0,0.0,0.0,0.0,0.0,0.0,0.0,0.0,0.0,0.0,54.0,17.0,931.0,118.0,277.0,0.426,42.0,118.0,0.356,76.0,159.0,0.478,0.502,49.0,61.0,0.803,19.0,150.0,169.0,45.0,14.0,15.0,47.0,100.0,327.0,0.0,10.1,0.538,0.426,0.22,2.4,18.6,10.5,7.4,0.8,1.2,13.4,17.4,0.2,1.1,1.3,0.067,-2.2,-0.3,-2.5,-0.1,0.0,2011
249,Kendrick Perkins,25.6,2.3,4.5,0.515,0.0,0.0,0.0,2.3,4.5,0.515,0.515,1.4,2.5,0.556,2.1,5.9,8.0,0.9,0.3,0.9,1.9,3.1,6.0,0.0,0.0,1210.0,0.0,0.0,0.0,0.0,0.0,0.0,0.0,0.0,0.0,0.0,0.0,0.0,0.0,29.0,24.0,742.0,67.0,130.0,0.515,0.0,0.0,0.0,67.0,130.0,0.515,0.515,40.0,72.0,0.556,62.0,170.0,232.0,26.0,9.0,26.0,56.0,91.0,174.0,0.0,9.6,0.538,0.0,0.554,10.4,26.2,18.7,5.2,0.6,2.6,25.7,13.7,-0.2,1.2,1.0,0.063,-3.6,0.6,-3.0,-0.2,0.0,2011
250,Alonzo Gee,20.0,2.2,4.7,0.458,0.3,0.9,0.333,1.9,3.8,0.488,0.491,1.3,1.6,0.783,1.1,2.1,3.3,0.7,0.7,0.3,1.0,1.7,5.9,0.0,0.0,1210.0,0.0,0.0,0.0,0.0,0.0,0.0,0.0,0.0,0.0,0.0,0.0,0.0,0.0,56.0,34.0,1118.0,121.0,264.0,0.458,17.0,51.0,0.333,104.0,213.0,0.488,0.491,72.0,92.0,0.783,62.0,120.0,182.0,38.0,40.0,18.0,55.0,94.0,331.0,0.0,10.8,0.544,0.193,0.348,6.2,12.7,9.3,5.4,1.8,1.2,15.3,14.5,0.5,0.6,1.0,0.045,-2.1,-0.4,-2.5,-0.1,0.0,2011
251,Manny Harris,17.3,2.0,5.4,0.374,0.6,1.7,0.37,1.4,3.6,0.376,0.433,1.3,1.7,0.763,0.7,1.9,2.6,1.6,0.6,0.1,1.2,1.2,5.9,0.0,0.0,1210.0,0.0,0.0,0.0,0.0,0.0,0.0,0.0,0.0,0.0,0.0,0.0,0.0,0.0,54.0,15.0,933.0,108.0,289.0,0.374,34.0,92.0,0.37,74.0,197.0,0.376,0.433,71.0,93.0,0.763,36.0,104.0,140.0,85.0,31.0,7.0,63.0,65.0,321.0,0.0,10.4,0.486,0.318,0.322,4.3,13.2,8.6,14.8,1.7,0.6,16.0,19.1,-0.4,0.4,0.0,0.002,-2.3,-1.2,-3.5,-0.4,0.0,2011
252,James Jones,19.1,1.8,4.3,0.422,1.5,3.5,0.429,0.3,0.7,0.39,0.6,0.7,0.9,0.833,0.3,1.7,2.0,0.5,0.4,0.2,0.3,1.6,5.9,0.0,0.0,1210.0,0.0,0.0,0.0,0.0,0.0,0.0,0.0,0.0,0.0,0.0,0.0,0.0,0.0,81.0,8.0,1549.0,146.0,346.0,0.422,123.0,287.0,0.429,23.0,59.0,0.39,0.6,60.0,72.0,0.833,23.0,137.0,160.0,43.0,29.0,19.0,21.0,129.0,475.0,0.0,11.1,0.629,0.829,0.208,1.9,9.9,6.1,4.1,1.0,1.0,5.3,12.0,3.0,1.7,4.7,0.145,0.7,0.3,1.0,1.2,0.0,2011
253,Ike Diogu,13.1,2.3,4.1,0.561,0.0,0.0,0.0,2.3,4.1,0.561,0.561,1.1,1.7,0.661,1.1,2.1,3.2,0.1,0.1,0.1,0.6,2.0,5.8,0.0,0.0,1210.0,0.0,0.0,0.0,0.0,0.0,0.0,0.0,0.0,0.0,0.0,0.0,0.0,0.0,36.0,0.0,470.0,83.0,148.0,0.561,0.0,0.0,0.0,83.0,148.0,0.561,0.561,41.0,62.0,0.661,41.0,74.0,115.0,2.0,3.0,3.0,22.0,72.0,207.0,0.0,13.7,0.59,0.0,0.419,10.3,18.3,14.3,0.7,0.3,0.5,11.2,18.7,0.7,0.3,1.0,0.104,-2.4,-2.5,-4.9,-0.3,0.0,2011
254,Donté Greene,16.3,2.3,5.6,0.404,0.7,2.2,0.292,1.6,3.4,0.478,0.462,0.6,0.9,0.662,0.7,1.4,2.1,0.7,0.5,0.3,0.9,1.3,5.8,0.0,0.0,1210.0,0.0,0.0,0.0,0.0,0.0,0.0,0.0,0.0,0.0,0.0,0.0,0.0,0.0,69.0,21.0,1127.0,156.0,386.0,0.404,45.0,154.0,0.292,111.0,232.0,0.478,0.462,43.0,65.0,0.662,49.0,98.0,147.0,48.0,36.0,20.0,60.0,88.0,400.0,0.0,9.7,0.482,0.399,0.168,4.8,10.2,7.4,6.5,1.6,1.3,12.6,18.2,-0.2,0.8,0.5,0.022,-1.8,-0.4,-2.2,-0.1,0.0,2011
255,D.J. White,14.6,2.4,4.7,0.507,0.0,0.0,0.0,2.4,4.6,0.512,0.507,1.0,1.4,0.719,0.9,2.4,3.4,0.4,0.3,0.4,0.3,1.6,5.7,0.0,0.0,1210.0,0.0,0.0,0.0,0.0,0.0,0.0,0.0,0.0,0.0,0.0,0.0,0.0,0.0,47.0,0.0,685.0,111.0,219.0,0.507,0.0,2.0,0.0,111.0,217.0,0.512,0.507,46.0,64.0,0.719,43.0,115.0,158.0,19.0,12.0,20.0,14.0,77.0,268.0,0.0,15.3,0.542,0.009,0.292,7.6,20.0,13.8,4.9,0.9,2.3,5.4,17.7,1.1,0.7,1.8,0.128,-0.6,-0.5,-1.1,0.2,0.0,2011
256,Al-Farouq Aminu,17.9,2.0,5.0,0.394,0.6,1.8,0.315,1.4,3.2,0.437,0.45,1.1,1.5,0.773,0.9,2.4,3.3,0.7,0.7,0.3,1.3,1.5,5.6,0.0,0.0,1210.0,0.0,0.0,0.0,0.0,0.0,0.0,0.0,0.0,0.0,0.0,0.0,0.0,0.0,81.0,14.0,1452.0,160.0,406.0,0.394,45.0,143.0,0.315,115.0,263.0,0.437,0.45,92.0,119.0,0.773,75.0,192.0,267.0,60.0,59.0,25.0,103.0,121.0,457.0,0.0,9.6,0.499,0.352,0.293,6.1,15.4,10.8,6.4,2.1,1.3,18.3,17.3,-0.8,1.4,0.7,0.022,-2.7,-0.1,-2.8,-0.3,0.0,2011
257,Chris Andersen,16.3,1.8,3.0,0.599,0.0,0.0,0.0,1.8,3.0,0.603,0.599,1.9,3.0,0.637,1.7,3.2,4.9,0.4,0.5,1.3,0.6,1.8,5.6,0.0,0.0,1210.0,0.0,0.0,0.0,0.0,0.0,0.0,0.0,0.0,0.0,0.0,0.0,0.0,0.0,45.0,0.0,732.0,82.0,137.0,0.599,0.0,1.0,0.0,82.0,136.0,0.603,0.599,86.0,135.0,0.637,75.0,144.0,219.0,20.0,23.0,58.0,25.0,79.0,250.0,0.0,19.0,0.636,0.007,0.985,12.2,22.1,17.3,4.0,1.6,6.0,11.3,13.5,1.9,1.2,3.2,0.207,1.2,1.8,3.0,0.9,0.0,2011
258,Daequan Cook,13.9,1.8,4.2,0.436,1.5,3.6,0.422,0.3,0.6,0.519,0.616,0.4,0.5,0.8,0.2,1.5,1.7,0.5,0.3,0.0,0.4,1.2,5.6,0.0,0.0,1210.0,0.0,0.0,0.0,0.0,0.0,0.0,0.0,0.0,0.0,0.0,0.0,0.0,0.0,43.0,0.0,598.0,79.0,181.0,0.436,65.0,154.0,0.422,14.0,27.0,0.519,0.616,16.0,20.0,0.8,8.0,64.0,72.0,20.0,14.0,1.0,17.0,51.0,239.0,0.0,12.8,0.63,0.851,0.11,1.6,12.1,7.0,5.3,1.2,0.1,8.2,15.7,1.2,0.4,1.6,0.126,1.8,-0.7,1.1,0.5,0.0,2011
259,Luther Head,16.3,1.9,4.6,0.415,0.7,1.8,0.391,1.2,2.8,0.43,0.491,1.1,1.4,0.78,0.4,1.2,1.7,1.9,0.3,0.3,0.9,1.2,5.6,0.0,0.0,1210.0,0.0,0.0,0.0,0.0,0.0,0.0,0.0,0.0,0.0,0.0,0.0,0.0,0.0,36.0,14.0,586.0,68.0,164.0,0.415,25.0,64.0,0.391,43.0,100.0,0.43,0.491,39.0,50.0,0.78,16.0,44.0,60.0,70.0,10.0,9.0,32.0,43.0,200.0,0.0,11.7,0.538,0.39,0.305,3.0,8.8,5.8,17.7,0.9,1.1,14.7,16.1,0.6,0.2,0.9,0.073,0.0,-0.7,-0.7,0.2,0.0,2011
260,Jordan Hill,15.6,2.4,4.9,0.491,0.0,0.0,0.0,2.4,4.9,0.494,0.491,0.8,1.2,0.706,1.8,2.5,4.3,0.4,0.2,0.7,0.9,2.2,5.6,0.0,0.0,1210.0,0.0,0.0,0.0,0.0,0.0,0.0,0.0,0.0,0.0,0.0,0.0,0.0,0.0,72.0,11.0,1125.0,173.0,352.0,0.491,0.0,2.0,0.0,173.0,350.0,0.494,0.491,60.0,85.0,0.706,128.0,178.0,306.0,29.0,14.0,52.0,62.0,157.0,406.0,0.0,13.1,0.521,0.006,0.241,12.9,18.0,15.4,4.0,0.6,3.2,13.7,17.7,0.8,1.0,1.8,0.079,-2.9,-1.4,-4.3,-0.7,0.0,2011
261,Yi Jianlian,17.7,2.3,5.5,0.418,0.0,0.2,0.231,2.3,5.3,0.425,0.422,1.0,1.4,0.681,1.3,2.7,3.9,0.4,0.4,0.5,0.8,1.8,5.6,0.0,0.0,1210.0,0.0,0.0,0.0,0.0,0.0,0.0,0.0,0.0,0.0,0.0,0.0,0.0,0.0,63.0,11.0,1112.0,145.0,347.0,0.418,3.0,13.0,0.231,142.0,334.0,0.425,0.422,62.0,91.0,0.681,79.0,169.0,248.0,25.0,27.0,32.0,51.0,115.0,355.0,0.0,10.1,0.459,0.037,0.262,7.8,18.0,12.7,3.5,1.2,2.2,11.6,17.4,-0.4,0.8,0.4,0.016,-3.7,-1.6,-5.3,-0.9,0.0,2011
262,Mike Miller,20.4,2.0,4.9,0.401,1.0,2.9,0.364,0.9,2.0,0.452,0.507,0.6,0.8,0.676,0.9,3.6,4.5,1.2,0.5,0.0,1.0,2.1,5.6,0.0,0.0,1210.0,0.0,0.0,0.0,0.0,0.0,0.0,0.0,0.0,0.0,0.0,0.0,0.0,0.0,41.0,2.0,838.0,81.0,202.0,0.401,43.0,118.0,0.364,38.0,84.0,0.452,0.507,23.0,34.0,0.676,38.0,146.0,184.0,51.0,20.0,2.0,41.0,88.0,228.0,0.0,9.7,0.525,0.584,0.168,5.7,19.5,13.0,9.1,1.3,0.2,15.9,14.4,0.4,1.2,1.6,0.09,-1.5,0.1,-1.4,0.1,0.0,2011
263,Kyle Weaver,13.8,1.8,5.0,0.36,0.6,1.4,0.429,1.2,3.6,0.333,0.42,1.4,1.6,0.875,0.4,1.6,2.0,1.4,0.4,0.4,1.4,0.6,5.6,0.0,0.0,1210.0,0.0,0.0,0.0,0.0,0.0,0.0,0.0,0.0,0.0,0.0,0.0,0.0,0.0,5.0,0.0,69.0,9.0,25.0,0.36,3.0,7.0,0.429,6.0,18.0,0.333,0.42,7.0,8.0,0.875,2.0,8.0,10.0,7.0,2.0,2.0,7.0,3.0,28.0,0.0,11.3,0.491,0.28,0.32,3.5,14.1,8.7,15.8,1.5,2.4,19.7,23.6,-0.1,0.0,0.0,-0.018,-1.5,-1.2,-2.7,0.0,0.0,2011
264,Delonte West,18.9,2.3,5.0,0.458,0.5,1.4,0.364,1.8,3.6,0.494,0.508,0.5,0.6,0.867,0.3,1.3,1.5,2.7,0.8,0.4,1.3,1.2,5.6,0.0,0.0,1210.0,0.0,0.0,0.0,0.0,0.0,0.0,0.0,0.0,0.0,0.0,0.0,0.0,0.0,24.0,2.0,453.0,55.0,120.0,0.458,12.0,33.0,0.364,43.0,87.0,0.494,0.508,13.0,15.0,0.867,6.0,31.0,37.0,64.0,20.0,10.0,30.0,29.0,135.0,0.0,12.3,0.533,0.275,0.125,1.7,8.0,5.0,22.0,2.3,1.7,19.2,16.6,0.1,0.8,0.9,0.093,-0.5,2.3,1.8,0.4,0.0,2011
265,Othyus Jeffers,18.9,1.8,3.8,0.477,0.1,0.2,0.25,1.8,3.6,0.492,0.485,1.8,2.7,0.652,1.5,2.5,3.9,1.2,1.0,0.0,0.8,1.9,5.5,0.0,0.0,1210.0,0.0,0.0,0.0,0.0,0.0,0.0,0.0,0.0,0.0,0.0,0.0,0.0,0.0,17.0,1.0,322.0,31.0,65.0,0.477,1.0,4.0,0.25,30.0,61.0,0.492,0.485,30.0,46.0,0.652,25.0,42.0,67.0,20.0,17.0,0.0,14.0,32.0,93.0,0.0,13.3,0.546,0.062,0.708,8.5,15.4,11.9,9.3,2.7,0.0,14.1,13.6,0.4,0.3,0.7,0.097,-1.6,0.0,-1.7,0.0,0.0,2011
266,Marquis Daniels,19.1,2.3,4.7,0.491,0.1,0.4,0.19,2.2,4.3,0.521,0.5,0.8,1.2,0.684,0.5,1.8,2.3,1.3,0.8,0.4,0.8,1.3,5.5,0.0,0.0,1210.0,0.0,0.0,0.0,0.0,0.0,0.0,0.0,0.0,0.0,0.0,0.0,0.0,0.0,49.0,0.0,938.0,114.0,232.0,0.491,4.0,21.0,0.19,110.0,211.0,0.521,0.5,39.0,57.0,0.684,24.0,89.0,113.0,64.0,39.0,22.0,38.0,63.0,271.0,0.0,11.7,0.527,0.091,0.246,3.3,11.0,7.4,10.6,2.2,1.8,12.9,15.1,0.3,1.7,2.0,0.103,-1.7,2.3,0.6,0.6,0.0,2011
267,Patty Mills,12.2,2.1,5.1,0.412,0.7,2.1,0.353,1.4,3.0,0.451,0.483,0.6,0.7,0.766,0.3,0.5,0.8,1.7,0.4,0.0,1.0,1.0,5.5,0.0,0.0,1210.0,0.0,0.0,0.0,0.0,0.0,0.0,0.0,0.0,0.0,0.0,0.0,0.0,0.0,64.0,0.0,783.0,135.0,328.0,0.412,47.0,133.0,0.353,88.0,195.0,0.451,0.483,36.0,47.0,0.766,19.0,32.0,51.0,109.0,27.0,1.0,62.0,63.0,353.0,0.0,13.0,0.506,0.405,0.143,2.8,5.2,4.0,24.3,1.9,0.1,15.1,24.5,0.2,0.5,0.7,0.044,-0.1,-1.4,-1.5,0.1,0.0,2011
268,Nikola Peković,13.6,2.1,4.0,0.517,0.0,0.0,0.0,2.1,4.0,0.517,0.517,1.3,1.8,0.763,1.4,1.6,3.0,0.4,0.3,0.5,1.4,2.8,5.5,0.0,0.0,1210.0,0.0,0.0,0.0,0.0,0.0,0.0,0.0,0.0,0.0,0.0,0.0,0.0,0.0,65.0,11.0,887.0,136.0,263.0,0.517,0.0,0.0,0.0,136.0,263.0,0.517,0.517,87.0,114.0,0.763,90.0,103.0,193.0,27.0,18.0,35.0,91.0,181.0,359.0,0.0,11.2,0.573,0.0,0.433,11.0,13.2,12.1,4.8,1.0,3.0,22.5,19.4,0.2,0.5,0.6,0.035,-4.8,-0.9,-5.7,-0.8,0.0,2011
269,T.J. Ford,18.9,2.2,5.8,0.386,0.1,0.8,0.188,2.1,5.0,0.417,0.398,0.9,1.2,0.729,0.4,1.6,2.0,3.4,0.9,0.2,1.5,1.7,5.4,0.0,0.0,1210.0,0.0,0.0,0.0,0.0,0.0,0.0,0.0,0.0,0.0,0.0,0.0,0.0,0.0,41.0,3.0,773.0,91.0,236.0,0.386,6.0,32.0,0.188,85.0,204.0,0.417,0.398,35.0,48.0,0.729,17.0,64.0,81.0,141.0,35.0,8.0,63.0,69.0,223.0,0.0,9.9,0.434,0.136,0.203,2.5,9.1,5.8,28.4,2.3,0.8,19.7,18.3,-0.7,0.8,0.2,0.011,-3.3,0.4,-2.9,-0.2,0.0,2011
270,Gordon Hayward,16.9,2.0,4.1,0.485,0.5,1.0,0.473,1.5,3.0,0.489,0.544,1.0,1.3,0.711,0.6,1.4,1.9,1.1,0.4,0.3,1.0,1.5,5.4,0.0,0.0,1210.0,0.0,0.0,0.0,0.0,0.0,0.0,0.0,0.0,0.0,0.0,0.0,0.0,0.0,72.0,17.0,1218.0,142.0,293.0,0.485,35.0,74.0,0.473,107.0,219.0,0.489,0.544,69.0,97.0,0.711,41.0,98.0,139.0,81.0,30.0,19.0,70.0,106.0,388.0,0.0,10.7,0.578,0.253,0.331,4.0,9.8,6.9,10.2,1.3,1.3,17.3,15.3,0.8,0.4,1.2,0.048,-1.2,-1.1,-2.2,-0.1,0.0,2011
271,Jermaine O'Neal,18.0,2.1,4.5,0.459,0.0,0.0,0.0,2.1,4.5,0.463,0.459,1.2,1.8,0.674,1.0,2.6,3.7,0.5,0.1,1.3,1.1,2.7,5.4,0.0,0.0,1210.0,0.0,0.0,0.0,0.0,0.0,0.0,0.0,0.0,0.0,0.0,0.0,0.0,0.0,24.0,10.0,431.0,50.0,109.0,0.459,0.0,1.0,0.0,50.0,108.0,0.463,0.459,29.0,43.0,0.674,25.0,63.0,88.0,12.0,2.0,30.0,27.0,65.0,129.0,0.0,9.2,0.504,0.009,0.394,7.6,17.0,12.6,4.3,0.2,5.4,17.4,17.2,-0.2,0.8,0.6,0.065,-5.4,1.3,-4.2,-0.2,0.0,2011
272,Craig Smith,12.2,2.2,3.9,0.553,0.0,0.1,0.0,2.2,3.8,0.568,0.553,1.0,1.4,0.735,0.9,1.5,2.4,0.6,0.3,0.1,0.7,1.8,5.4,0.0,0.0,1210.0,0.0,0.0,0.0,0.0,0.0,0.0,0.0,0.0,0.0,0.0,0.0,0.0,0.0,48.0,0.0,586.0,104.0,188.0,0.553,0.0,5.0,0.0,104.0,183.0,0.568,0.553,50.0,68.0,0.735,43.0,74.0,117.0,31.0,16.0,7.0,33.0,84.0,258.0,0.0,15.4,0.592,0.027,0.362,8.7,14.7,11.7,9.1,1.4,0.9,13.2,19.1,1.0,0.4,1.5,0.12,-0.8,-0.3,-1.1,0.1,0.0,2011
273,Marreese Speights,11.5,2.3,4.5,0.495,0.0,0.1,0.25,2.2,4.5,0.498,0.497,0.9,1.1,0.753,1.0,2.3,3.3,0.5,0.1,0.3,0.6,1.9,5.4,0.0,0.0,1210.0,0.0,0.0,0.0,0.0,0.0,0.0,0.0,0.0,0.0,0.0,0.0,0.0,0.0,64.0,1.0,734.0,144.0,291.0,0.495,1.0,4.0,0.25,143.0,287.0,0.498,0.497,55.0,73.0,0.753,64.0,146.0,210.0,30.0,8.0,19.0,40.0,120.0,344.0,0.0,15.3,0.532,0.014,0.251,10.1,22.9,16.5,7.0,0.6,2.0,11.0,22.8,0.7,1.0,1.7,0.11,-2.2,-0.8,-3.0,-0.2,0.0,2011
274,Leon Powe,10.9,2.0,4.0,0.496,0.0,0.1,0.0,2.0,3.9,0.504,0.496,1.3,2.4,0.556,0.8,1.3,2.1,0.2,0.3,0.1,0.4,1.5,5.3,0.0,0.0,1210.0,0.0,0.0,0.0,0.0,0.0,0.0,0.0,0.0,0.0,0.0,0.0,0.0,0.0,30.0,3.0,328.0,59.0,119.0,0.496,0.0,2.0,0.0,59.0,117.0,0.504,0.496,40.0,72.0,0.556,24.0,39.0,63.0,7.0,10.0,4.0,12.0,44.0,158.0,0.0,15.0,0.524,0.017,0.605,8.3,14.2,11.2,3.6,1.6,0.9,7.4,22.4,0.4,0.2,0.6,0.09,-1.7,-1.7,-3.4,-0.1,0.0,2011
275,Trevor Booker,16.4,2.1,3.9,0.549,0.0,0.0,0.0,2.1,3.9,0.552,0.549,1.0,1.6,0.673,1.5,2.4,3.9,0.5,0.4,0.6,0.6,1.8,5.3,0.0,0.0,1210.0,0.0,0.0,0.0,0.0,0.0,0.0,0.0,0.0,0.0,0.0,0.0,0.0,0.0,65.0,14.0,1063.0,139.0,253.0,0.549,0.0,1.0,0.0,139.0,252.0,0.552,0.549,68.0,101.0,0.673,98.0,153.0,251.0,35.0,29.0,42.0,38.0,115.0,346.0,0.0,15.3,0.582,0.004,0.399,10.2,17.0,13.5,5.2,1.4,3.0,11.3,13.9,1.8,0.8,2.6,0.119,-0.6,-0.3,-0.9,0.3,0.0,2011
276,Jonny Flynn,18.5,2.0,5.6,0.365,0.6,1.9,0.31,1.5,3.7,0.393,0.417,0.6,0.8,0.762,0.2,1.2,1.5,3.4,0.6,0.1,2.1,1.1,5.3,0.0,0.0,1210.0,0.0,0.0,0.0,0.0,0.0,0.0,0.0,0.0,0.0,0.0,0.0,0.0,0.0,53.0,8.0,983.0,108.0,296.0,0.365,31.0,100.0,0.31,77.0,196.0,0.393,0.417,32.0,42.0,0.762,12.0,65.0,77.0,182.0,34.0,3.0,113.0,58.0,279.0,0.0,7.1,0.444,0.338,0.142,1.3,7.5,4.3,27.6,1.7,0.2,26.4,18.5,-1.6,0.2,-1.3,-0.064,-3.9,-2.4,-6.3,-1.1,0.0,2011
277,Ryan Hollins,16.9,1.9,3.1,0.598,0.0,0.0,0.0,1.9,3.1,0.598,0.598,1.6,2.3,0.681,1.0,1.7,2.7,0.4,0.3,0.6,1.0,2.8,5.3,0.0,0.0,1210.0,0.0,0.0,0.0,0.0,0.0,0.0,0.0,0.0,0.0,0.0,0.0,0.0,0.0,70.0,16.0,1182.0,131.0,219.0,0.598,0.0,0.0,0.0,131.0,219.0,0.598,0.598,111.0,163.0,0.681,70.0,116.0,186.0,26.0,22.0,42.0,67.0,199.0,373.0,0.0,10.7,0.642,0.0,0.744,6.6,11.6,9.0,3.6,1.0,2.7,18.7,13.7,1.3,0.5,1.8,0.072,-4.0,-0.3,-4.3,-0.7,0.0,2011
278,Antonio McDyess,19.0,2.3,4.7,0.491,0.0,0.0,0.0,2.3,4.7,0.493,0.491,0.7,1.1,0.675,1.7,3.7,5.4,1.2,0.5,0.5,1.0,2.2,5.3,0.0,0.0,1210.0,0.0,0.0,0.0,0.0,0.0,0.0,0.0,0.0,0.0,0.0,0.0,0.0,0.0,73.0,16.0,1387.0,169.0,344.0,0.491,0.0,1.0,0.0,169.0,343.0,0.493,0.491,52.0,77.0,0.675,122.0,273.0,395.0,84.0,36.0,39.0,72.0,163.0,390.0,0.0,12.8,0.516,0.003,0.224,10.5,22.3,16.5,9.0,1.3,2.0,16.0,14.9,1.0,2.1,3.0,0.105,-1.8,1.1,-0.7,0.4,0.0,2011
279,DeShawn Stevenson,16.1,1.8,4.6,0.388,1.3,3.5,0.378,0.5,1.1,0.42,0.53,0.5,0.6,0.767,0.3,1.2,1.5,1.1,0.3,0.1,0.6,1.0,5.3,0.0,0.0,1210.0,0.0,0.0,0.0,0.0,0.0,0.0,0.0,0.0,0.0,0.0,0.0,0.0,0.0,72.0,54.0,1158.0,128.0,330.0,0.388,94.0,249.0,0.378,34.0,81.0,0.42,0.53,33.0,43.0,0.767,20.0,86.0,106.0,77.0,21.0,5.0,44.0,71.0,383.0,0.0,9.8,0.549,0.755,0.13,2.1,8.4,5.4,10.0,1.0,0.3,11.2,15.9,0.8,1.0,1.8,0.074,-0.1,-0.3,-0.4,0.5,0.0,2011
280,Gary Forbes,12.6,2.0,4.3,0.454,0.3,0.9,0.328,1.7,3.4,0.488,0.489,0.9,1.4,0.678,0.4,1.4,1.8,0.8,0.4,0.1,0.7,1.2,5.2,0.0,0.0,1210.0,0.0,0.0,0.0,0.0,0.0,0.0,0.0,0.0,0.0,0.0,0.0,0.0,0.0,63.0,11.0,791.0,124.0,273.0,0.454,19.0,58.0,0.328,105.0,215.0,0.488,0.489,59.0,87.0,0.678,28.0,88.0,116.0,49.0,23.0,6.0,46.0,77.0,326.0,0.0,11.7,0.524,0.212,0.319,4.2,12.5,8.5,9.7,1.5,0.6,12.9,20.1,0.3,0.7,0.9,0.055,-2.0,-0.8,-2.9,-0.2,0.0,2011
281,Joey Graham,15.0,2.1,4.6,0.458,0.2,0.8,0.3,1.9,3.8,0.49,0.483,0.7,0.9,0.806,0.2,1.9,2.2,0.5,0.2,0.2,0.7,1.9,5.2,0.0,0.0,1210.0,0.0,0.0,0.0,0.0,0.0,0.0,0.0,0.0,0.0,0.0,0.0,0.0,0.0,39.0,8.0,586.0,82.0,179.0,0.458,9.0,30.0,0.3,73.0,149.0,0.49,0.483,29.0,36.0,0.806,8.0,76.0,84.0,18.0,6.0,7.0,28.0,73.0,202.0,0.0,7.7,0.518,0.168,0.201,1.5,15.3,8.2,5.2,0.5,0.9,12.6,17.2,-0.2,0.1,0.0,-0.004,-4.5,-1.3,-5.8,-0.6,0.0,2011
282,Jeff Teague,13.8,1.9,4.3,0.438,0.3,0.7,0.375,1.6,3.7,0.449,0.467,1.1,1.4,0.794,0.2,1.3,1.5,2.0,0.6,0.4,0.9,1.2,5.2,0.0,0.0,1210.0,0.0,0.0,0.0,0.0,0.0,0.0,0.0,0.0,0.0,0.0,0.0,0.0,0.0,70.0,7.0,963.0,133.0,304.0,0.438,18.0,48.0,0.375,115.0,256.0,0.449,0.467,77.0,97.0,0.794,11.0,91.0,102.0,138.0,45.0,25.0,64.0,82.0,361.0,0.0,14.6,0.521,0.158,0.319,1.4,11.3,6.4,23.3,2.5,2.0,15.6,20.3,0.4,1.2,1.7,0.083,-0.8,1.3,0.5,0.6,0.0,2011
283,Danny Green,11.5,2.1,4.4,0.486,0.9,2.4,0.368,1.3,2.0,0.625,0.586,0.0,0.0,0.0,0.4,1.5,1.9,0.3,0.3,0.1,0.6,0.9,5.1,0.0,0.0,1210.0,0.0,0.0,0.0,0.0,0.0,0.0,0.0,0.0,0.0,0.0,0.0,0.0,0.0,8.0,0.0,92.0,17.0,35.0,0.486,7.0,19.0,0.368,10.0,16.0,0.625,0.586,0.0,0.0,0.0,3.0,12.0,15.0,2.0,2.0,1.0,5.0,7.0,41.0,0.0,13.2,0.586,0.543,0.0,3.9,14.8,9.5,3.6,1.1,0.8,12.5,20.0,0.0,0.1,0.1,0.076,0.1,-0.7,-0.6,0.0,0.0,2011
284,Vladimir Radmanović,15.8,1.9,4.3,0.431,0.9,2.3,0.405,0.9,2.0,0.462,0.541,0.4,0.5,0.882,0.9,2.0,2.9,1.1,0.6,0.6,0.8,2.1,5.1,0.0,0.0,1210.0,0.0,0.0,0.0,0.0,0.0,0.0,0.0,0.0,0.0,0.0,0.0,0.0,0.0,74.0,6.0,1169.0,137.0,318.0,0.431,70.0,173.0,0.405,67.0,145.0,0.462,0.541,30.0,34.0,0.882,64.0,148.0,212.0,79.0,44.0,44.0,57.0,157.0,374.0,0.0,12.6,0.562,0.544,0.107,6.1,14.7,10.3,9.6,1.9,2.9,14.6,14.7,1.2,0.9,2.1,0.086,-0.5,0.4,-0.1,0.6,0.0,2011
285,Thabo Sefolosha,25.9,2.0,4.2,0.471,0.4,1.3,0.275,1.6,2.9,0.558,0.514,0.7,1.0,0.747,0.8,3.6,4.4,1.4,1.2,0.5,0.7,2.2,5.1,0.0,0.0,1210.0,0.0,0.0,0.0,0.0,0.0,0.0,0.0,0.0,0.0,0.0,0.0,0.0,0.0,79.0,79.0,2049.0,157.0,333.0,0.471,28.0,102.0,0.275,129.0,231.0,0.558,0.514,59.0,79.0,0.747,65.0,281.0,346.0,111.0,97.0,38.0,55.0,171.0,401.0,0.0,10.4,0.545,0.306,0.237,3.8,15.5,9.9,7.9,2.5,1.4,13.0,9.4,1.6,2.5,4.1,0.097,-1.3,1.9,0.6,1.3,0.0,2011
286,Terrence Williams,13.8,2.0,5.5,0.374,0.3,1.0,0.273,1.8,4.4,0.398,0.4,0.7,1.0,0.667,0.2,2.2,2.4,1.8,0.4,0.0,1.6,1.2,5.0,0.0,0.0,1210.0,0.0,0.0,0.0,0.0,0.0,0.0,0.0,0.0,0.0,0.0,0.0,0.0,0.0,21.0,0.0,290.0,43.0,115.0,0.374,6.0,22.0,0.273,37.0,93.0,0.398,0.4,14.0,21.0,0.667,4.0,47.0,51.0,38.0,9.0,0.0,33.0,25.0,106.0,0.0,6.9,0.427,0.191,0.183,1.6,19.3,10.3,22.0,1.6,0.0,21.0,24.7,-0.8,0.2,-0.6,-0.096,-5.3,-0.8,-6.0,-0.3,0.0,2011
287,Andris Biedriņš,23.7,2.4,4.5,0.534,0.0,0.0,0.0,2.4,4.5,0.534,0.534,0.2,0.5,0.323,2.5,4.8,7.2,1.0,0.9,0.9,1.0,3.4,5.0,0.0,0.0,1210.0,0.0,0.0,0.0,0.0,0.0,0.0,0.0,0.0,0.0,0.0,0.0,0.0,0.0,59.0,55.0,1397.0,142.0,266.0,0.534,0.0,0.0,0.0,142.0,266.0,0.534,0.534,10.0,31.0,0.323,145.0,281.0,426.0,60.0,52.0,52.0,57.0,198.0,294.0,0.0,12.1,0.526,0.0,0.117,11.5,23.3,17.3,6.0,1.9,2.8,16.9,10.6,1.1,1.5,2.6,0.088,-2.5,0.2,-2.3,-0.1,0.0,2011
288,Josh Childress,16.6,2.2,4.0,0.565,0.0,0.3,0.063,2.2,3.7,0.606,0.568,0.5,1.1,0.492,1.3,1.6,2.9,0.8,0.6,0.4,0.8,1.3,5.0,0.0,0.0,1210.0,0.0,0.0,0.0,0.0,0.0,0.0,0.0,0.0,0.0,0.0,0.0,0.0,0.0,54.0,3.0,894.0,121.0,214.0,0.565,1.0,16.0,0.063,120.0,198.0,0.606,0.568,29.0,59.0,0.492,69.0,86.0,155.0,42.0,33.0,23.0,44.0,68.0,272.0,0.0,13.0,0.567,0.075,0.276,8.9,11.1,10.0,7.0,1.9,1.9,15.5,14.3,0.8,0.6,1.4,0.076,-0.6,0.1,-0.5,0.3,0.0,2011
289,Zabian Dowdell,12.2,2.1,5.2,0.408,0.1,0.4,0.3,2.0,4.8,0.417,0.42,0.7,0.7,0.941,0.2,0.6,0.8,2.1,0.8,0.1,1.2,1.3,5.0,0.0,0.0,1210.0,0.0,0.0,0.0,0.0,0.0,0.0,0.0,0.0,0.0,0.0,0.0,0.0,0.0,24.0,0.0,292.0,51.0,125.0,0.408,3.0,10.0,0.3,48.0,115.0,0.417,0.42,16.0,17.0,0.941,5.0,15.0,20.0,51.0,20.0,2.0,29.0,30.0,121.0,0.0,11.7,0.457,0.08,0.136,2.0,5.9,4.0,27.7,3.5,0.5,18.0,25.0,-0.4,0.2,-0.1,-0.019,-3.9,0.2,-3.6,-0.1,0.0,2011
290,Zydrunas Ilgauskas,15.9,2.3,4.4,0.508,0.0,0.0,0.0,2.3,4.4,0.509,0.508,0.5,0.6,0.783,1.5,2.5,4.0,0.4,0.3,0.8,0.7,2.6,5.0,0.0,0.0,1210.0,0.0,0.0,0.0,0.0,0.0,0.0,0.0,0.0,0.0,0.0,0.0,0.0,0.0,72.0,51.0,1145.0,162.0,319.0,0.508,0.0,1.0,0.0,162.0,318.0,0.509,0.508,36.0,46.0,0.783,108.0,179.0,287.0,26.0,23.0,58.0,52.0,185.0,360.0,0.0,12.8,0.531,0.003,0.144,11.9,17.5,14.9,3.6,1.1,4.0,13.3,16.0,1.0,1.9,2.9,0.122,-3.1,0.4,-2.7,-0.2,0.0,2011
291,Mehmet Okur,12.9,1.7,4.8,0.355,0.4,1.2,0.313,1.3,3.5,0.37,0.395,1.2,1.5,0.75,0.7,1.6,2.3,1.5,0.3,0.3,0.5,1.4,4.9,0.0,0.0,1210.0,0.0,0.0,0.0,0.0,0.0,0.0,0.0,0.0,0.0,0.0,0.0,0.0,0.0,13.0,0.0,168.0,22.0,62.0,0.355,5.0,16.0,0.313,17.0,46.0,0.37,0.395,15.0,20.0,0.75,9.0,21.0,30.0,19.0,4.0,4.0,7.0,18.0,64.0,0.0,12.6,0.452,0.258,0.323,6.4,15.2,10.8,17.7,1.3,1.9,9.0,21.2,0.1,0.1,0.2,0.048,-1.3,-1.5,-2.8,0.0,0.0,2011
292,James Posey,17.1,1.7,4.9,0.336,1.4,4.3,0.316,0.3,0.6,0.483,0.475,0.2,0.3,0.733,0.2,2.8,3.0,0.7,0.5,0.1,0.5,2.1,4.9,0.0,0.0,1210.0,0.0,0.0,0.0,0.0,0.0,0.0,0.0,0.0,0.0,0.0,0.0,0.0,0.0,49.0,0.0,839.0,81.0,241.0,0.336,67.0,212.0,0.316,14.0,29.0,0.483,0.475,11.0,15.0,0.733,10.0,137.0,147.0,34.0,24.0,6.0,24.0,103.0,240.0,0.0,7.5,0.485,0.88,0.062,1.3,18.0,9.7,6.1,1.4,0.5,8.8,14.3,0.0,1.0,1.0,0.056,-2.6,0.5,-2.0,0.0,0.0,2011
293,Henry Walker,12.9,1.7,3.9,0.441,1.0,2.5,0.386,0.7,1.4,0.542,0.566,0.5,0.7,0.705,0.3,1.7,2.0,0.6,0.3,0.1,0.6,1.3,4.9,0.0,0.0,1210.0,0.0,0.0,0.0,0.0,0.0,0.0,0.0,0.0,0.0,0.0,0.0,0.0,0.0,61.0,1.0,784.0,104.0,236.0,0.441,59.0,153.0,0.386,45.0,83.0,0.542,0.566,31.0,44.0,0.705,16.0,106.0,122.0,34.0,21.0,6.0,37.0,81.0,298.0,0.0,11.3,0.583,0.648,0.186,2.3,15.6,8.9,6.6,1.3,0.6,12.7,16.6,0.7,0.4,1.1,0.069,-0.6,-1.2,-1.8,0.0,0.0,2011
294,C.J. Watson,13.3,1.8,4.8,0.371,0.5,1.4,0.393,1.2,3.4,0.362,0.426,0.8,1.1,0.742,0.2,1.0,1.1,2.3,0.7,0.1,0.9,1.0,4.9,0.0,0.0,1210.0,0.0,0.0,0.0,0.0,0.0,0.0,0.0,0.0,0.0,0.0,0.0,0.0,0.0,82.0,1.0,1091.0,146.0,394.0,0.371,44.0,112.0,0.393,102.0,282.0,0.362,0.426,69.0,93.0,0.742,16.0,78.0,94.0,186.0,55.0,11.0,73.0,82.0,405.0,0.0,12.8,0.466,0.284,0.236,1.8,8.1,5.0,26.9,2.7,0.8,14.4,21.4,0.2,2.0,2.1,0.093,-1.4,1.1,-0.3,0.5,0.0,2011
295,Carlos Arroyo,18.5,1.9,4.3,0.44,0.5,1.1,0.449,1.4,3.2,0.436,0.496,0.6,0.7,0.83,0.3,1.3,1.6,2.0,0.3,0.0,0.9,1.1,4.8,0.0,0.0,1210.0,0.0,0.0,0.0,0.0,0.0,0.0,0.0,0.0,0.0,0.0,0.0,0.0,0.0,64.0,43.0,1185.0,120.0,273.0,0.44,31.0,69.0,0.449,89.0,204.0,0.436,0.496,39.0,47.0,0.83,20.0,83.0,103.0,125.0,21.0,1.0,60.0,71.0,310.0,0.0,9.0,0.528,0.253,0.172,2.2,7.9,5.2,15.8,0.9,0.1,17.0,14.0,0.5,1.1,1.7,0.068,-2.1,-0.2,-2.3,-0.1,0.0,2011
296,Brian Cook,11.2,1.8,4.3,0.424,0.9,2.0,0.43,1.0,2.3,0.418,0.524,0.4,0.6,0.625,0.5,1.9,2.4,0.4,0.3,0.3,0.6,1.9,4.8,0.0,0.0,1210.0,0.0,0.0,0.0,0.0,0.0,0.0,0.0,0.0,0.0,0.0,0.0,0.0,0.0,40.0,0.0,447.0,72.0,170.0,0.424,34.0,79.0,0.43,38.0,91.0,0.418,0.524,15.0,24.0,0.625,19.0,77.0,96.0,15.0,12.0,11.0,25.0,75.0,193.0,0.0,11.6,0.534,0.465,0.141,5.0,20.0,12.6,5.6,1.4,1.9,12.2,20.5,0.1,0.5,0.6,0.064,-1.6,-0.2,-1.9,0.0,0.0,2011
297,Rasual Butler,16.4,1.7,5.0,0.333,1.0,2.9,0.338,0.7,2.1,0.327,0.43,0.4,0.6,0.667,0.2,1.4,1.6,0.6,0.2,0.3,0.5,0.8,4.7,0.0,0.0,1210.0,0.0,0.0,0.0,0.0,0.0,0.0,0.0,0.0,0.0,0.0,0.0,0.0,0.0,47.0,2.0,770.0,79.0,237.0,0.333,46.0,136.0,0.338,33.0,101.0,0.327,0.43,18.0,27.0,0.667,10.0,67.0,77.0,27.0,8.0,15.0,24.0,37.0,222.0,0.0,6.2,0.446,0.574,0.114,1.5,10.1,5.9,5.3,0.5,1.5,8.8,15.8,-0.5,0.3,-0.1,-0.009,-2.3,-1.5,-3.8,-0.4,0.0,2011
298,Rodney Carney,12.4,1.7,4.1,0.418,0.6,1.4,0.447,1.1,2.7,0.403,0.495,0.7,1.0,0.667,0.5,1.3,1.8,0.4,0.4,0.2,0.6,1.2,4.7,0.0,0.0,1210.0,0.0,0.0,0.0,0.0,0.0,0.0,0.0,0.0,0.0,0.0,0.0,0.0,0.0,27.0,1.0,336.0,46.0,110.0,0.418,17.0,38.0,0.447,29.0,72.0,0.403,0.495,18.0,27.0,0.667,13.0,35.0,48.0,11.0,12.0,5.0,16.0,33.0,127.0,0.0,10.8,0.521,0.345,0.245,4.3,12.1,8.1,4.8,1.8,1.1,11.6,18.1,0.1,0.2,0.3,0.038,-1.5,-1.2,-2.8,-0.1,0.0,2011
299,Marcus Camby,26.1,2.0,5.0,0.398,0.0,0.0,0.0,2.0,5.0,0.399,0.398,0.7,1.2,0.614,3.1,7.2,10.3,2.1,0.7,1.6,1.1,2.4,4.7,0.0,0.0,1210.0,0.0,0.0,0.0,0.0,0.0,0.0,0.0,0.0,0.0,0.0,0.0,0.0,0.0,59.0,51.0,1540.0,117.0,294.0,0.398,0.0,1.0,0.0,117.0,293.0,0.399,0.398,43.0,70.0,0.614,182.0,424.0,606.0,121.0,40.0,92.0,62.0,140.0,277.0,0.0,14.8,0.426,0.003,0.238,13.8,35.2,24.1,11.7,1.4,5.0,16.0,11.7,0.8,3.0,3.7,0.116,-0.7,2.2,1.5,1.4,0.0,2011
300,Sundiata Gaines,12.5,1.8,4.4,0.4,0.4,1.6,0.237,1.4,2.8,0.493,0.443,0.8,1.5,0.5,0.5,1.0,1.6,1.8,0.7,0.0,1.1,1.0,4.6,0.0,0.0,1210.0,0.0,0.0,0.0,0.0,0.0,0.0,0.0,0.0,0.0,0.0,0.0,0.0,0.0,24.0,0.0,301.0,42.0,105.0,0.4,9.0,38.0,0.237,33.0,67.0,0.493,0.443,18.0,36.0,0.5,13.0,25.0,38.0,42.0,16.0,1.0,27.0,25.0,111.0,0.0,11.3,0.459,0.362,0.343,4.9,10.0,7.4,22.8,2.8,0.3,18.3,22.1,-0.3,0.2,-0.1,-0.015,-2.8,-0.1,-2.9,-0.1,0.0,2011
301,Nick Collison,21.5,1.9,3.4,0.566,0.0,0.0,0.0,1.9,3.4,0.566,0.566,0.8,1.0,0.753,1.7,2.8,4.5,1.0,0.6,0.4,0.8,3.0,4.6,0.0,0.0,1210.0,0.0,0.0,0.0,0.0,0.0,0.0,0.0,0.0,0.0,0.0,0.0,0.0,0.0,71.0,2.0,1524.0,137.0,242.0,0.566,0.0,0.0,0.0,137.0,242.0,0.566,0.566,55.0,73.0,0.753,119.0,197.0,316.0,69.0,42.0,31.0,55.0,210.0,329.0,0.0,10.8,0.6,0.0,0.302,9.5,14.6,12.1,6.7,1.4,1.5,16.7,9.8,2.1,1.5,3.6,0.113,-1.9,0.7,-1.2,0.3,0.0,2011
302,Tiago Splitter,12.3,1.7,3.2,0.529,0.0,0.0,0.0,1.7,3.2,0.532,0.529,1.3,2.3,0.543,1.2,2.2,3.4,0.4,0.5,0.3,0.5,1.5,4.6,0.0,0.0,1210.0,0.0,0.0,0.0,0.0,0.0,0.0,0.0,0.0,0.0,0.0,0.0,0.0,0.0,60.0,6.0,738.0,101.0,191.0,0.529,0.0,1.0,0.0,101.0,190.0,0.532,0.529,76.0,140.0,0.543,72.0,129.0,201.0,26.0,29.0,17.0,32.0,91.0,278.0,0.0,16.0,0.55,0.005,0.733,11.6,19.8,15.8,5.3,2.0,1.6,11.2,17.7,1.1,1.1,2.3,0.149,-1.3,0.5,-0.8,0.2,0.0,2011
303,Shelden Williams,15.4,1.7,3.7,0.468,0.0,0.0,0.0,1.7,3.7,0.468,0.468,1.0,1.3,0.773,1.6,3.1,4.6,0.5,0.4,0.4,0.7,2.1,4.5,0.0,0.0,1210.0,0.0,0.0,0.0,0.0,0.0,0.0,0.0,0.0,0.0,0.0,0.0,0.0,0.0,59.0,38.0,911.0,103.0,220.0,0.468,0.0,0.0,0.0,103.0,220.0,0.468,0.468,58.0,75.0,0.773,93.0,180.0,273.0,32.0,23.0,26.0,43.0,126.0,264.0,0.0,12.3,0.522,0.0,0.341,12.0,22.3,17.3,5.1,1.3,2.1,14.5,14.5,0.9,1.1,1.9,0.102,-2.3,-0.4,-2.7,-0.2,0.0,2011
304,Keith Bogans,17.8,1.5,3.7,0.404,1.1,2.9,0.38,0.4,0.9,0.486,0.55,0.3,0.4,0.656,0.2,1.6,1.8,1.2,0.5,0.1,0.5,1.4,4.4,0.0,0.0,1210.0,0.0,0.0,0.0,0.0,0.0,0.0,0.0,0.0,0.0,0.0,0.0,0.0,0.0,82.0,82.0,1461.0,124.0,307.0,0.404,90.0,237.0,0.38,34.0,70.0,0.486,0.55,21.0,32.0,0.656,19.0,129.0,148.0,101.0,38.0,9.0,41.0,113.0,359.0,0.0,9.0,0.559,0.772,0.104,1.6,10.1,5.9,10.1,1.4,0.5,11.3,11.4,1.4,2.2,3.6,0.118,-1.5,1.4,-0.2,0.7,0.0,2011
305,Matt Carroll,10.8,1.6,3.7,0.447,0.3,0.9,0.37,1.3,2.8,0.471,0.49,0.7,1.0,0.769,0.2,1.0,1.3,0.4,0.3,0.1,0.4,0.8,4.4,0.0,0.0,1210.0,0.0,0.0,0.0,0.0,0.0,0.0,0.0,0.0,0.0,0.0,0.0,0.0,0.0,54.0,1.0,582.0,89.0,199.0,0.447,17.0,46.0,0.37,72.0,153.0,0.471,0.49,40.0,52.0,0.769,12.0,56.0,68.0,23.0,17.0,6.0,23.0,43.0,235.0,0.0,12.2,0.53,0.231,0.261,2.5,11.7,7.1,6.9,1.6,0.8,9.4,19.8,0.3,0.5,0.8,0.062,-1.9,-0.8,-2.7,-0.1,0.0,2011
306,Reggie Evans,26.6,1.4,3.4,0.408,0.0,0.0,0.0,1.4,3.4,0.412,0.408,1.6,2.9,0.545,4.0,7.5,11.5,1.3,1.0,0.2,1.3,3.0,4.4,0.0,0.0,1210.0,0.0,0.0,0.0,0.0,0.0,0.0,0.0,0.0,0.0,0.0,0.0,0.0,0.0,30.0,18.0,798.0,42.0,103.0,0.408,0.0,1.0,0.0,42.0,102.0,0.412,0.408,48.0,88.0,0.545,119.0,226.0,345.0,38.0,29.0,6.0,39.0,89.0,132.0,0.0,12.4,0.466,0.01,0.854,17.2,34.4,25.6,6.4,1.9,0.6,21.6,10.1,0.5,0.8,1.3,0.077,-0.9,-0.6,-1.5,0.1,0.0,2011
307,Brendan Haywood,18.5,1.8,3.1,0.574,0.0,0.0,0.0,1.8,3.1,0.577,0.574,0.9,2.5,0.362,1.8,3.4,5.2,0.3,0.2,1.0,0.7,2.0,4.4,0.0,0.0,1210.0,0.0,0.0,0.0,0.0,0.0,0.0,0.0,0.0,0.0,0.0,0.0,0.0,0.0,72.0,8.0,1331.0,128.0,223.0,0.574,0.0,1.0,0.0,128.0,222.0,0.577,0.574,64.0,177.0,0.362,129.0,247.0,376.0,19.0,16.0,74.0,51.0,146.0,320.0,0.0,11.7,0.532,0.004,0.794,11.8,20.9,16.5,2.1,0.6,4.2,14.5,12.4,0.8,2.1,2.9,0.104,-2.5,0.6,-1.9,0.0,0.0,2011
308,Damion James,16.1,1.8,4.1,0.447,0.0,0.1,0.0,1.8,4.0,0.46,0.447,0.7,1.1,0.643,0.7,2.7,3.4,0.8,0.6,0.5,1.0,1.4,4.4,0.0,0.0,1210.0,0.0,0.0,0.0,0.0,0.0,0.0,0.0,0.0,0.0,0.0,0.0,0.0,0.0,25.0,9.0,403.0,46.0,103.0,0.447,0.0,3.0,0.0,46.0,100.0,0.46,0.447,18.0,28.0,0.643,17.0,68.0,85.0,20.0,16.0,12.0,25.0,36.0,110.0,0.0,10.1,0.477,0.029,0.272,4.8,20.5,12.5,8.1,2.1,2.3,17.8,16.2,-0.4,0.5,0.1,0.015,-3.8,1.1,-2.6,-0.1,0.0,2011
309,Zaza Pachulia,15.7,1.4,2.9,0.461,0.0,0.0,0.0,1.4,2.9,0.461,0.461,1.7,2.3,0.754,1.5,2.7,4.2,0.7,0.4,0.3,0.9,2.3,4.4,0.0,0.0,1210.0,0.0,0.0,0.0,0.0,0.0,0.0,0.0,0.0,0.0,0.0,0.0,0.0,0.0,79.0,7.0,1244.0,107.0,232.0,0.461,0.0,0.0,0.0,107.0,232.0,0.461,0.461,135.0,179.0,0.754,119.0,214.0,333.0,58.0,34.0,22.0,69.0,184.0,349.0,0.0,12.4,0.562,0.0,0.772,11.6,20.6,16.1,7.0,1.5,1.3,18.2,14.5,1.5,1.6,3.1,0.118,-2.8,0.1,-2.8,-0.2,0.0,2011
310,Michael Redd,13.4,1.8,4.5,0.4,0.4,1.7,0.235,1.4,2.8,0.5,0.444,0.4,0.4,1.0,0.0,0.8,0.8,1.2,0.2,0.1,0.4,0.4,4.4,0.0,0.0,1210.0,0.0,0.0,0.0,0.0,0.0,0.0,0.0,0.0,0.0,0.0,0.0,0.0,0.0,10.0,0.0,134.0,18.0,45.0,0.4,4.0,17.0,0.235,14.0,28.0,0.5,0.444,4.0,4.0,1.0,0.0,8.0,8.0,12.0,2.0,1.0,4.0,4.0,44.0,0.0,9.7,0.47,0.378,0.089,0.0,7.1,3.5,15.6,0.8,0.6,7.9,17.7,0.0,0.1,0.1,0.048,-2.6,-1.4,-4.0,-0.1,0.0,2011
311,Quentin Richardson,16.8,1.5,4.5,0.341,0.7,2.6,0.288,0.8,1.9,0.413,0.424,0.6,0.8,0.75,0.7,2.4,3.1,0.7,0.4,0.1,0.6,1.3,4.4,0.0,0.0,1210.0,0.0,0.0,0.0,0.0,0.0,0.0,0.0,0.0,0.0,0.0,0.0,0.0,0.0,57.0,19.0,955.0,87.0,255.0,0.341,42.0,146.0,0.288,45.0,109.0,0.413,0.424,33.0,44.0,0.75,39.0,139.0,178.0,38.0,25.0,5.0,33.0,74.0,249.0,0.0,8.1,0.454,0.573,0.173,4.9,16.6,10.9,6.1,1.4,0.4,10.7,14.9,-0.2,1.5,1.3,0.067,-2.4,0.9,-1.5,0.1,0.0,2011
312,Trey Johnson,11.8,1.5,4.1,0.364,0.1,0.4,0.333,1.4,3.8,0.367,0.379,1.1,1.3,0.9,0.3,0.6,0.9,1.4,0.1,0.1,0.6,1.5,4.3,0.0,0.0,1210.0,0.0,0.0,0.0,0.0,0.0,0.0,0.0,0.0,0.0,0.0,0.0,0.0,0.0,8.0,0.0,94.0,12.0,33.0,0.364,1.0,3.0,0.333,11.0,30.0,0.367,0.379,9.0,10.0,0.9,2.0,5.0,7.0,11.0,1.0,1.0,5.0,12.0,34.0,0.0,8.3,0.455,0.091,0.303,2.5,6.5,4.4,17.4,0.5,0.8,11.8,20.2,0.0,0.0,0.0,-0.009,-4.1,-2.3,-6.4,-0.1,0.0,2011
313,Jamario Moon,17.7,1.7,4.2,0.407,0.6,2.1,0.309,1.1,2.1,0.504,0.484,0.3,0.3,0.882,0.4,2.4,2.8,0.9,0.5,0.6,0.4,1.1,4.3,0.0,0.0,1210.0,0.0,0.0,0.0,0.0,0.0,0.0,0.0,0.0,0.0,0.0,0.0,0.0,0.0,59.0,20.0,1042.0,101.0,248.0,0.407,38.0,123.0,0.309,63.0,125.0,0.504,0.484,15.0,17.0,0.882,23.0,142.0,165.0,52.0,28.0,33.0,22.0,65.0,255.0,0.0,10.1,0.499,0.496,0.069,2.5,16.0,9.1,7.8,1.4,2.4,7.9,12.0,0.4,0.7,1.1,0.05,-1.5,0.5,-1.1,0.2,0.0,2011
314,Lou Amundson,15.0,1.8,4.0,0.454,0.0,0.0,0.0,1.8,4.0,0.454,0.454,0.7,1.9,0.391,1.8,2.3,4.0,0.4,0.3,0.7,0.5,1.9,4.3,0.0,0.0,1210.0,0.0,0.0,0.0,0.0,0.0,0.0,0.0,0.0,0.0,0.0,0.0,0.0,0.0,46.0,7.0,691.0,83.0,183.0,0.454,0.0,0.0,0.0,83.0,183.0,0.454,0.454,34.0,87.0,0.391,81.0,104.0,185.0,17.0,14.0,33.0,24.0,87.0,200.0,0.0,11.5,0.452,0.0,0.475,13.0,17.4,15.2,3.5,1.0,3.6,9.8,15.7,0.2,0.5,0.6,0.044,-3.1,-1.4,-4.5,-0.4,0.0,2011
315,Xavier Henry,13.9,1.7,4.2,0.406,0.1,0.4,0.118,1.7,3.8,0.441,0.413,0.9,1.4,0.635,0.2,0.7,1.0,0.5,0.3,0.1,0.3,1.3,4.3,0.0,0.0,1210.0,0.0,0.0,0.0,0.0,0.0,0.0,0.0,0.0,0.0,0.0,0.0,0.0,0.0,38.0,16.0,527.0,65.0,160.0,0.406,2.0,17.0,0.118,63.0,143.0,0.441,0.413,33.0,52.0,0.635,9.0,28.0,37.0,18.0,11.0,3.0,13.0,48.0,165.0,0.0,7.0,0.451,0.106,0.325,2.0,6.4,4.2,5.0,1.1,0.5,6.6,16.8,-0.1,0.3,0.2,0.021,-4.5,-0.8,-5.3,-0.4,0.0,2011
316,Larry Sanders,14.5,1.9,4.5,0.433,0.0,0.0,0.0,1.9,4.5,0.433,0.433,0.5,0.8,0.56,1.0,2.0,3.0,0.3,0.4,1.2,0.6,2.0,4.3,0.0,0.0,1210.0,0.0,0.0,0.0,0.0,0.0,0.0,0.0,0.0,0.0,0.0,0.0,0.0,0.0,60.0,12.0,872.0,116.0,268.0,0.433,0.0,0.0,0.0,116.0,268.0,0.433,0.433,28.0,50.0,0.56,59.0,119.0,178.0,16.0,22.0,72.0,38.0,117.0,260.0,0.0,11.0,0.448,0.0,0.187,7.7,16.3,11.9,3.2,1.3,6.5,11.6,17.6,-0.7,1.8,1.0,0.057,-5.2,1.7,-3.5,-0.3,0.0,2011
317,Jason Smith,14.3,1.8,4.0,0.443,0.0,0.0,0.0,1.8,4.0,0.446,0.443,0.8,0.9,0.843,1.2,2.0,3.1,0.5,0.3,0.4,0.7,1.9,4.3,0.0,0.0,1210.0,0.0,0.0,0.0,0.0,0.0,0.0,0.0,0.0,0.0,0.0,0.0,0.0,0.0,77.0,6.0,1102.0,136.0,307.0,0.443,0.0,2.0,0.0,136.0,305.0,0.446,0.443,59.0,70.0,0.843,89.0,152.0,241.0,36.0,26.0,32.0,53.0,150.0,331.0,0.0,10.8,0.49,0.007,0.228,9.8,16.9,13.3,5.3,1.3,2.4,13.6,16.9,0.2,1.4,1.6,0.07,-3.6,0.1,-3.5,-0.4,0.0,2011
318,Earl Watson,19.6,1.6,3.8,0.41,0.5,1.3,0.336,1.1,2.5,0.45,0.469,0.7,1.0,0.671,0.7,1.6,2.3,3.5,0.8,0.2,1.5,1.8,4.3,0.0,0.0,1210.0,0.0,0.0,0.0,0.0,0.0,0.0,0.0,0.0,0.0,0.0,0.0,0.0,0.0,80.0,13.0,1567.0,126.0,307.0,0.41,36.0,107.0,0.336,90.0,200.0,0.45,0.469,55.0,82.0,0.671,52.0,130.0,182.0,278.0,61.0,17.0,116.0,146.0,343.0,0.0,10.2,0.5,0.349,0.267,4.0,10.1,7.0,25.7,2.1,0.9,25.3,13.4,0.2,0.8,1.0,0.03,-1.9,-0.3,-2.1,-0.1,0.0,2011
319,Acie Law,14.2,1.6,3.6,0.435,0.1,0.7,0.167,1.5,2.9,0.5,0.452,0.9,1.3,0.734,0.2,1.0,1.2,1.6,0.6,0.0,0.8,1.2,4.2,0.0,0.0,1210.0,0.0,0.0,0.0,0.0,0.0,0.0,0.0,0.0,0.0,0.0,0.0,0.0,0.0,51.0,0.0,726.0,81.0,186.0,0.435,6.0,36.0,0.167,75.0,150.0,0.5,0.452,47.0,64.0,0.734,12.0,51.0,63.0,84.0,32.0,0.0,43.0,61.0,215.0,0.0,9.9,0.502,0.194,0.344,1.9,8.2,5.0,16.3,2.2,0.0,16.7,15.7,0.1,0.3,0.4,0.027,-3.5,-0.5,-4.0,-0.4,0.0,2011
320,Alexis Ajinça,10.0,1.7,3.9,0.444,0.4,1.0,0.353,1.4,2.9,0.475,0.489,0.4,0.5,0.722,0.5,1.8,2.3,0.3,0.3,0.6,0.5,2.1,4.2,0.0,0.0,1210.0,0.0,0.0,0.0,0.0,0.0,0.0,0.0,0.0,0.0,0.0,0.0,0.0,0.0,34.0,2.0,340.0,59.0,133.0,0.444,12.0,34.0,0.353,47.0,99.0,0.475,0.489,13.0,18.0,0.722,17.0,61.0,78.0,10.0,11.0,19.0,18.0,73.0,143.0,0.0,12.2,0.507,0.256,0.135,5.9,21.5,13.6,4.8,1.7,4.2,11.3,21.1,0.0,0.4,0.4,0.052,-3.8,0.0,-3.8,-0.2,0.0,2011
321,Jason Maxiell,16.3,1.6,3.3,0.492,0.0,0.0,0.0,1.6,3.3,0.492,0.492,0.9,1.7,0.515,1.2,1.9,3.0,0.3,0.4,0.4,0.8,1.6,4.2,0.0,0.0,1210.0,0.0,0.0,0.0,0.0,0.0,0.0,0.0,0.0,0.0,0.0,0.0,0.0,0.0,57.0,14.0,930.0,93.0,189.0,0.492,0.0,0.0,0.0,93.0,189.0,0.492,0.492,51.0,99.0,0.515,66.0,107.0,173.0,17.0,24.0,21.0,44.0,92.0,237.0,0.0,9.4,0.51,0.0,0.524,8.3,14.7,11.4,2.7,1.4,1.8,15.9,13.9,0.0,0.4,0.5,0.024,-3.3,-1.1,-4.4,-0.6,0.0,2011
322,Eric Maynor,14.6,1.6,4.1,0.402,0.5,1.2,0.385,1.2,2.9,0.409,0.458,0.5,0.7,0.729,0.3,1.2,1.5,2.9,0.4,0.1,0.9,1.2,4.2,0.0,0.0,1210.0,0.0,0.0,0.0,0.0,0.0,0.0,0.0,0.0,0.0,0.0,0.0,0.0,0.0,82.0,0.0,1200.0,134.0,333.0,0.402,37.0,96.0,0.385,97.0,237.0,0.409,0.458,43.0,59.0,0.729,25.0,96.0,121.0,238.0,35.0,6.0,77.0,96.0,348.0,0.0,11.7,0.485,0.288,0.177,2.5,9.1,5.9,30.3,1.5,0.4,17.7,16.5,0.7,0.8,1.5,0.061,-0.8,-1.1,-1.8,0.1,0.0,2011
323,Ronny Turiaf,17.8,1.6,2.5,0.632,0.0,0.0,0.0,1.6,2.5,0.632,0.632,1.0,1.5,0.622,1.0,2.2,3.2,1.4,0.5,1.1,0.6,2.5,4.2,0.0,0.0,1210.0,0.0,0.0,0.0,0.0,0.0,0.0,0.0,0.0,0.0,0.0,0.0,0.0,0.0,64.0,21.0,1141.0,103.0,163.0,0.632,0.0,0.0,0.0,103.0,163.0,0.632,0.632,61.0,98.0,0.622,64.0,143.0,207.0,92.0,35.0,73.0,41.0,160.0,267.0,0.0,13.6,0.648,0.0,0.601,6.4,14.4,10.4,11.5,1.5,4.7,16.6,9.6,2.1,1.1,3.2,0.134,-0.8,2.2,1.4,1.0,0.0,2011
324,Eugene Jeter,13.8,1.7,4.2,0.409,0.1,0.5,0.2,1.6,3.7,0.437,0.421,0.6,0.7,0.902,0.1,1.0,1.1,2.6,0.5,0.0,0.8,0.9,4.1,0.0,0.0,1210.0,0.0,0.0,0.0,0.0,0.0,0.0,0.0,0.0,0.0,0.0,0.0,0.0,0.0,62.0,1.0,858.0,106.0,259.0,0.409,6.0,30.0,0.2,100.0,229.0,0.437,0.421,37.0,41.0,0.902,9.0,61.0,70.0,162.0,29.0,2.0,51.0,54.0,255.0,0.0,11.1,0.46,0.116,0.158,1.2,8.3,4.6,28.4,1.7,0.2,15.5,16.5,0.2,0.5,0.7,0.037,-2.2,-1.1,-3.3,-0.3,0.0,2011
325,Josh Powell,12.1,1.7,3.9,0.452,0.0,0.0,0.0,1.7,3.8,0.454,0.452,0.7,0.8,0.8,0.9,1.6,2.5,0.4,0.1,0.1,1.0,1.4,4.1,0.0,0.0,1210.0,0.0,0.0,0.0,0.0,0.0,0.0,0.0,0.0,0.0,0.0,0.0,0.0,0.0,54.0,0.0,653.0,94.0,208.0,0.452,0.0,1.0,0.0,94.0,207.0,0.454,0.452,36.0,45.0,0.8,49.0,86.0,135.0,22.0,5.0,5.0,53.0,78.0,224.0,0.0,8.0,0.492,0.005,0.216,9.1,15.8,12.5,5.5,0.4,0.6,18.9,20.4,-0.7,0.5,-0.2,-0.012,-5.0,-2.3,-7.3,-0.9,0.0,2011
326,Kurt Thomas,22.7,1.8,3.6,0.511,0.0,0.0,1.0,1.8,3.6,0.508,0.513,0.4,0.6,0.625,1.4,4.3,5.8,1.2,0.6,0.8,0.8,3.2,4.1,0.0,0.0,1210.0,0.0,0.0,0.0,0.0,0.0,0.0,0.0,0.0,0.0,0.0,0.0,0.0,0.0,52.0,37.0,1178.0,95.0,186.0,0.511,1.0,1.0,1.0,94.0,185.0,0.508,0.513,20.0,32.0,0.625,75.0,226.0,301.0,60.0,32.0,42.0,42.0,164.0,211.0,0.0,10.0,0.527,0.005,0.172,7.7,21.9,15.0,7.4,1.4,2.7,17.3,9.4,0.7,2.6,3.2,0.131,-3.4,2.8,-0.6,0.4,0.0,2011
327,Ekpe Udoh,17.8,1.7,3.8,0.437,0.0,0.0,0.0,1.7,3.8,0.437,0.437,0.7,1.1,0.656,1.4,1.7,3.1,0.7,0.4,1.5,0.8,2.5,4.1,0.0,0.0,1210.0,0.0,0.0,0.0,0.0,0.0,0.0,0.0,0.0,0.0,0.0,0.0,0.0,0.0,58.0,18.0,1030.0,97.0,222.0,0.437,0.0,0.0,0.0,97.0,222.0,0.437,0.437,42.0,64.0,0.656,80.0,101.0,181.0,40.0,22.0,86.0,48.0,144.0,236.0,0.0,9.7,0.472,0.0,0.288,8.6,11.4,10.0,5.4,1.1,6.4,16.1,12.8,0.0,0.7,0.7,0.032,-4.4,0.6,-3.8,-0.5,0.0,2011
328,Semih Erden,14.5,1.5,2.7,0.559,0.0,0.0,0.0,1.5,2.7,0.559,0.559,1.0,1.5,0.65,0.9,2.0,2.9,0.5,0.4,0.6,0.8,2.5,4.0,0.0,0.0,1210.0,0.0,0.0,0.0,0.0,0.0,0.0,0.0,0.0,0.0,0.0,0.0,0.0,0.0,41.0,8.0,595.0,62.0,111.0,0.559,0.0,0.0,0.0,62.0,111.0,0.559,0.559,39.0,60.0,0.65,37.0,81.0,118.0,20.0,15.0,24.0,34.0,104.0,163.0,0.0,10.3,0.593,0.0,0.541,7.9,15.8,12.1,5.1,1.3,3.1,19.8,13.7,0.3,1.1,1.4,0.115,-4.6,1.6,-3.0,-0.1,0.0,2011
329,Steve Blake,20.0,1.4,3.9,0.359,0.9,2.4,0.378,0.5,1.4,0.327,0.479,0.3,0.4,0.867,0.2,1.7,2.0,2.2,0.5,0.0,0.9,1.3,4.0,0.0,0.0,1210.0,0.0,0.0,0.0,0.0,0.0,0.0,0.0,0.0,0.0,0.0,0.0,0.0,0.0,79.0,0.0,1581.0,110.0,306.0,0.359,73.0,193.0,0.378,37.0,113.0,0.327,0.479,26.0,30.0,0.867,19.0,137.0,156.0,170.0,40.0,3.0,73.0,99.0,319.0,0.0,7.5,0.5,0.631,0.098,1.4,9.5,5.6,15.0,1.3,0.1,18.6,11.3,0.3,1.5,1.8,0.055,-2.6,0.2,-2.3,-0.1,0.0,2011
330,Cartier Martin,10.4,1.4,3.5,0.39,0.8,1.9,0.394,0.6,1.6,0.386,0.497,0.5,0.8,0.7,0.4,1.0,1.4,0.3,0.3,0.1,0.3,1.0,4.0,0.0,0.0,1210.0,0.0,0.0,0.0,0.0,0.0,0.0,0.0,0.0,0.0,0.0,0.0,0.0,0.0,52.0,1.0,542.0,71.0,182.0,0.39,39.0,99.0,0.394,32.0,83.0,0.386,0.497,28.0,40.0,0.7,20.0,54.0,74.0,18.0,18.0,6.0,16.0,52.0,209.0,0.0,11.7,0.524,0.544,0.22,4.1,11.8,7.8,5.2,1.7,0.8,7.4,17.6,0.5,0.3,0.8,0.071,0.2,-0.8,-0.6,0.2,0.0,2011
331,Jawad Williams,15.0,1.6,4.8,0.325,0.5,1.7,0.289,1.1,3.1,0.346,0.377,0.3,0.5,0.75,0.3,1.6,1.8,0.8,0.3,0.1,0.6,1.3,4.0,0.0,0.0,1210.0,0.0,0.0,0.0,0.0,0.0,0.0,0.0,0.0,0.0,0.0,0.0,0.0,0.0,26.0,1.0,391.0,41.0,126.0,0.325,13.0,45.0,0.289,28.0,81.0,0.346,0.377,9.0,12.0,0.75,7.0,41.0,48.0,22.0,9.0,3.0,16.0,34.0,104.0,0.0,4.8,0.396,0.357,0.095,2.0,12.4,7.1,9.0,1.2,0.6,10.9,17.1,-0.6,0.1,-0.5,-0.067,-5.5,-1.4,-6.8,-0.5,0.0,2011
332,Luke Harangody,13.1,1.6,4.2,0.383,0.3,1.3,0.242,1.3,2.9,0.45,0.422,0.4,0.5,0.731,0.8,2.1,2.9,0.6,0.3,0.3,0.3,1.6,3.9,0.0,0.0,1210.0,0.0,0.0,0.0,0.0,0.0,0.0,0.0,0.0,0.0,0.0,0.0,0.0,0.0,49.0,0.0,640.0,79.0,206.0,0.383,16.0,66.0,0.242,63.0,140.0,0.45,0.422,19.0,26.0,0.731,40.0,103.0,143.0,30.0,15.0,17.0,16.0,80.0,193.0,0.0,10.1,0.444,0.32,0.126,7.5,18.9,13.2,7.6,1.2,2.0,6.9,16.8,-0.1,0.7,0.6,0.048,-3.3,-0.4,-3.7,-0.3,0.0,2011
333,Earl Clark,11.0,1.6,3.8,0.43,0.0,0.1,0.0,1.6,3.6,0.444,0.43,0.6,1.1,0.574,0.9,1.5,2.4,0.2,0.2,0.4,0.7,1.1,3.9,0.0,0.0,1210.0,0.0,0.0,0.0,0.0,0.0,0.0,0.0,0.0,0.0,0.0,0.0,0.0,0.0,42.0,0.0,464.0,68.0,158.0,0.43,0.0,5.0,0.0,68.0,153.0,0.444,0.43,27.0,47.0,0.574,37.0,64.0,101.0,9.0,8.0,18.0,28.0,45.0,163.0,0.0,10.1,0.456,0.032,0.297,9.5,15.7,12.7,3.1,0.9,3.0,13.5,20.5,-0.4,0.7,0.3,0.03,-3.9,0.1,-3.8,-0.2,0.0,2011
334,Earl Barron,14.5,1.5,4.7,0.323,0.0,0.0,0.0,1.5,4.7,0.323,0.323,0.7,1.1,0.625,1.5,2.1,3.6,0.5,0.4,0.3,0.8,2.2,3.8,0.0,0.0,1210.0,0.0,0.0,0.0,0.0,0.0,0.0,0.0,0.0,0.0,0.0,0.0,0.0,0.0,21.0,7.0,305.0,32.0,99.0,0.323,0.0,0.0,0.0,32.0,99.0,0.323,0.323,15.0,24.0,0.625,32.0,44.0,76.0,11.0,8.0,6.0,16.0,46.0,79.0,0.0,6.2,0.361,0.0,0.242,12.1,17.2,14.6,5.8,1.4,1.5,12.7,18.9,-0.6,0.3,-0.2,-0.039,-6.3,-1.9,-8.1,-0.5,0.0,2011
335,Derrick Brown,11.8,1.5,2.7,0.565,0.1,0.2,0.5,1.4,2.5,0.57,0.584,0.7,1.2,0.533,0.8,1.2,2.0,0.7,0.4,0.2,0.7,1.2,3.8,0.0,0.0,1210.0,0.0,0.0,0.0,0.0,0.0,0.0,0.0,0.0,0.0,0.0,0.0,0.0,0.0,49.0,1.0,576.0,74.0,131.0,0.565,5.0,10.0,0.5,69.0,121.0,0.57,0.584,32.0,60.0,0.533,41.0,58.0,99.0,33.0,20.0,10.0,35.0,59.0,185.0,0.0,12.9,0.588,0.076,0.458,8.5,12.2,10.3,9.5,1.8,1.4,18.2,15.5,0.5,0.5,1.0,0.083,-1.4,-0.1,-1.6,0.1,0.0,2011
336,Brandan Wright,10.2,1.6,3.2,0.513,0.0,0.0,0.0,1.6,3.2,0.513,0.513,0.6,0.8,0.677,0.8,1.6,2.4,0.3,0.3,0.5,0.4,0.9,3.8,0.0,0.0,1210.0,0.0,0.0,0.0,0.0,0.0,0.0,0.0,0.0,0.0,0.0,0.0,0.0,0.0,37.0,2.0,379.0,60.0,117.0,0.513,0.0,0.0,0.0,60.0,117.0,0.513,0.513,21.0,31.0,0.677,31.0,58.0,89.0,12.0,11.0,17.0,14.0,34.0,141.0,0.0,15.9,0.54,0.0,0.265,9.2,18.2,13.6,5.1,1.5,3.4,9.7,17.2,0.4,0.4,0.8,0.099,-0.8,-0.6,-1.4,0.1,0.0,2011
337,Maurice Ager,7.3,1.5,2.8,0.545,0.8,1.0,0.75,0.8,1.8,0.429,0.682,0.0,0.0,0.0,0.0,0.5,0.5,0.3,0.3,0.0,1.0,1.0,3.8,0.0,0.0,1210.0,0.0,0.0,0.0,0.0,0.0,0.0,0.0,0.0,0.0,0.0,0.0,0.0,0.0,4.0,0.0,29.0,6.0,11.0,0.545,3.0,4.0,0.75,3.0,7.0,0.429,0.682,0.0,0.0,0.0,0.0,2.0,2.0,1.0,1.0,0.0,4.0,4.0,15.0,0.0,10.1,0.682,0.364,0.0,0.0,7.9,3.8,6.0,1.7,0.0,26.7,22.0,0.0,0.0,0.0,-0.015,-0.9,0.2,-0.7,0.0,0.0,2011
338,Lazar Hayward,10.0,1.3,3.7,0.357,0.4,1.4,0.283,0.9,2.2,0.404,0.412,0.8,1.0,0.786,0.5,1.1,1.7,0.7,0.3,0.2,0.5,1.0,3.8,0.0,0.0,1210.0,0.0,0.0,0.0,0.0,0.0,0.0,0.0,0.0,0.0,0.0,0.0,0.0,0.0,42.0,0.0,419.0,55.0,154.0,0.357,17.0,60.0,0.283,38.0,94.0,0.404,0.412,33.0,42.0,0.786,23.0,47.0,70.0,28.0,12.0,7.0,19.0,44.0,160.0,0.0,10.8,0.464,0.39,0.273,5.9,12.8,9.3,10.3,1.4,1.3,9.9,19.5,0.1,0.2,0.3,0.035,-1.6,-1.3,-2.9,-0.1,0.0,2011
339,Ben Uzoh,10.4,1.5,3.4,0.424,0.1,0.2,0.375,1.4,3.2,0.426,0.434,0.8,1.3,0.589,0.7,0.7,1.5,1.6,0.3,0.2,0.6,0.7,3.8,0.0,0.0,1210.0,0.0,0.0,0.0,0.0,0.0,0.0,0.0,0.0,0.0,0.0,0.0,0.0,0.0,42.0,0.0,438.0,61.0,144.0,0.424,3.0,8.0,0.375,58.0,136.0,0.426,0.434,33.0,56.0,0.589,30.0,31.0,61.0,69.0,13.0,8.0,25.0,29.0,158.0,0.0,14.7,0.468,0.056,0.389,7.9,8.6,8.2,26.7,1.6,1.4,12.9,20.5,0.2,0.2,0.5,0.054,0.4,-1.0,-0.6,0.2,0.0,2011
340,Mario West,19.3,1.5,3.5,0.429,0.2,0.7,0.25,1.3,2.8,0.471,0.452,0.5,0.8,0.6,0.3,1.5,1.8,1.7,1.2,0.0,0.3,2.2,3.7,0.0,0.0,1210.0,0.0,0.0,0.0,0.0,0.0,0.0,0.0,0.0,0.0,0.0,0.0,0.0,0.0,6.0,3.0,116.0,9.0,21.0,0.429,1.0,4.0,0.25,8.0,17.0,0.471,0.452,3.0,5.0,0.6,2.0,9.0,11.0,10.0,7.0,0.0,2.0,13.0,22.0,0.0,9.1,0.474,0.19,0.238,2.0,9.4,5.6,13.2,3.2,0.0,7.9,10.1,0.1,0.1,0.2,0.069,-5.5,1.3,-4.2,-0.1,0.0,2011
341,Timofey Mozgov,11.6,1.4,3.0,0.474,0.0,0.0,0.0,1.4,3.0,0.474,0.474,0.8,1.2,0.712,1.0,1.7,2.7,0.3,0.3,0.6,0.8,1.9,3.6,0.0,0.0,1210.0,0.0,0.0,0.0,0.0,0.0,0.0,0.0,0.0,0.0,0.0,0.0,0.0,0.0,45.0,14.0,524.0,63.0,133.0,0.474,0.0,0.0,0.0,63.0,133.0,0.474,0.474,37.0,52.0,0.712,46.0,75.0,121.0,15.0,15.0,25.0,35.0,84.0,163.0,0.0,10.8,0.523,0.0,0.391,10.0,16.4,13.2,4.2,1.4,3.5,18.3,16.2,0.1,0.5,0.6,0.053,-4.3,-0.4,-4.7,-0.3,0.0,2011
342,James Anderson,11.0,1.2,3.1,0.383,0.7,1.8,0.391,0.5,1.3,0.371,0.494,0.5,0.7,0.778,0.1,0.8,0.9,0.7,0.1,0.2,0.5,0.9,3.6,0.0,0.0,1210.0,0.0,0.0,0.0,0.0,0.0,0.0,0.0,0.0,0.0,0.0,0.0,0.0,0.0,26.0,2.0,286.0,31.0,81.0,0.383,18.0,46.0,0.391,13.0,35.0,0.371,0.494,14.0,18.0,0.778,2.0,21.0,23.0,18.0,3.0,6.0,13.0,24.0,94.0,0.0,8.5,0.529,0.568,0.222,0.8,8.3,4.7,9.2,0.5,1.5,12.8,16.4,0.1,0.2,0.3,0.051,-1.1,-0.6,-1.7,0.0,0.0,2011
343,Jeremy Evans,9.4,1.6,2.3,0.661,0.0,0.0,0.0,1.6,2.3,0.667,0.661,0.5,0.8,0.703,0.7,1.2,2.0,0.5,0.3,0.3,0.4,1.0,3.6,0.0,0.0,1210.0,0.0,0.0,0.0,0.0,0.0,0.0,0.0,0.0,0.0,0.0,0.0,0.0,0.0,49.0,3.0,463.0,76.0,115.0,0.661,0.0,1.0,0.0,76.0,114.0,0.667,0.661,26.0,37.0,0.703,36.0,61.0,97.0,24.0,17.0,17.0,19.0,50.0,178.0,0.0,18.8,0.678,0.009,0.322,9.3,16.1,12.6,8.5,1.9,3.0,12.6,14.9,1.2,0.4,1.6,0.167,1.5,0.6,2.1,0.5,0.0,2011
344,Solomon Jones,13.5,1.3,3.1,0.405,0.0,0.0,0.0,1.3,3.1,0.408,0.405,1.1,1.6,0.661,1.2,1.7,2.9,0.8,0.3,0.6,0.9,2.4,3.6,0.0,0.0,1210.0,0.0,0.0,0.0,0.0,0.0,0.0,0.0,0.0,0.0,0.0,0.0,0.0,0.0,39.0,0.0,528.0,49.0,121.0,0.405,0.0,1.0,0.0,49.0,120.0,0.408,0.405,41.0,62.0,0.661,45.0,68.0,113.0,30.0,12.0,22.0,35.0,94.0,139.0,0.0,8.5,0.469,0.008,0.512,9.5,14.2,11.9,8.5,1.2,3.0,19.1,15.4,-0.2,0.6,0.5,0.042,-5.3,0.8,-4.5,-0.3,0.0,2011
345,Greivis Vásquez,12.3,1.4,3.3,0.408,0.4,1.2,0.291,1.0,2.1,0.476,0.461,0.5,0.6,0.773,0.2,0.9,1.0,2.2,0.3,0.1,1.0,1.2,3.6,0.0,0.0,1210.0,0.0,0.0,0.0,0.0,0.0,0.0,0.0,0.0,0.0,0.0,0.0,0.0,0.0,70.0,1.0,860.0,95.0,233.0,0.408,25.0,86.0,0.291,70.0,147.0,0.476,0.461,34.0,44.0,0.773,12.0,61.0,73.0,151.0,22.0,4.0,70.0,83.0,249.0,0.0,9.4,0.493,0.369,0.189,1.7,8.6,5.1,25.3,1.3,0.4,21.7,16.9,-0.1,0.7,0.5,0.03,-2.4,-0.9,-3.3,-0.3,0.0,2011
346,Julian Wright,14.7,1.6,3.1,0.513,0.0,0.2,0.2,1.5,2.9,0.533,0.519,0.4,0.8,0.512,0.9,1.4,2.3,1.1,0.8,0.4,0.8,0.9,3.6,0.0,0.0,1210.0,0.0,0.0,0.0,0.0,0.0,0.0,0.0,0.0,0.0,0.0,0.0,0.0,0.0,52.0,6.0,766.0,82.0,160.0,0.513,2.0,10.0,0.2,80.0,150.0,0.533,0.519,22.0,43.0,0.512,47.0,71.0,118.0,58.0,39.0,20.0,43.0,45.0,188.0,0.0,12.1,0.525,0.063,0.269,7.1,11.3,9.1,11.0,2.6,2.0,19.4,13.0,0.2,0.4,0.6,0.038,-0.7,0.7,0.0,0.4,0.0,2011
347,Steve Novak,7.2,1.2,2.2,0.522,0.9,1.5,0.565,0.3,0.7,0.429,0.716,0.3,0.3,1.0,0.1,0.8,0.9,0.1,0.0,0.2,0.1,0.5,3.5,0.0,0.0,1210.0,0.0,0.0,0.0,0.0,0.0,0.0,0.0,0.0,0.0,0.0,0.0,0.0,0.0,30.0,0.0,215.0,35.0,67.0,0.522,26.0,46.0,0.565,9.0,21.0,0.429,0.716,8.0,8.0,1.0,4.0,24.0,28.0,3.0,1.0,5.0,4.0,14.0,104.0,0.0,17.8,0.737,0.687,0.119,2.2,12.6,7.6,2.2,0.2,1.7,5.4,16.0,0.7,0.2,0.9,0.196,5.1,-0.4,4.8,0.4,0.0,2011
348,Johan Petro,11.6,1.7,3.8,0.445,0.0,0.1,0.0,1.7,3.7,0.451,0.445,0.2,0.4,0.536,0.8,1.9,2.8,0.6,0.4,0.4,0.6,2.3,3.5,0.0,0.0,1210.0,0.0,0.0,0.0,0.0,0.0,0.0,0.0,0.0,0.0,0.0,0.0,0.0,0.0,77.0,1.0,893.0,129.0,290.0,0.445,0.0,4.0,0.0,129.0,286.0,0.451,0.445,15.0,28.0,0.536,62.0,150.0,212.0,44.0,34.0,34.0,46.0,178.0,273.0,0.0,9.9,0.452,0.014,0.097,8.0,20.4,14.0,8.4,2.0,2.9,13.2,18.1,-0.7,1.1,0.4,0.024,-5.5,0.9,-4.7,-0.6,0.0,2011
349,Damien Wilkins,13.0,1.3,2.6,0.504,0.0,0.2,0.2,1.3,2.4,0.528,0.511,0.8,1.1,0.714,0.4,1.3,1.7,0.8,0.5,0.2,0.4,1.4,3.5,0.0,0.0,1210.0,0.0,0.0,0.0,0.0,0.0,0.0,0.0,0.0,0.0,0.0,0.0,0.0,0.0,52.0,0.0,676.0,69.0,137.0,0.504,2.0,10.0,0.2,67.0,127.0,0.528,0.511,40.0,56.0,0.714,23.0,67.0,90.0,41.0,27.0,9.0,21.0,72.0,180.0,0.0,11.4,0.557,0.073,0.409,4.1,11.9,8.0,9.3,2.1,1.0,11.5,12.8,0.7,0.8,1.5,0.104,-2.4,1.4,-1.0,0.2,0.0,2011
350,David Andersen,9.3,1.4,3.0,0.463,0.2,0.6,0.348,1.2,2.5,0.49,0.496,0.4,0.6,0.636,0.5,1.6,2.1,0.3,0.1,0.2,0.6,1.0,3.4,0.0,0.0,1210.0,0.0,0.0,0.0,0.0,0.0,0.0,0.0,0.0,0.0,0.0,0.0,0.0,0.0,40.0,0.0,373.0,56.0,121.0,0.463,8.0,23.0,0.348,48.0,98.0,0.49,0.496,14.0,22.0,0.636,20.0,64.0,84.0,13.0,5.0,9.0,22.0,40.0,134.0,0.0,10.9,0.513,0.19,0.182,6.4,21.0,13.6,5.6,0.7,2.0,14.4,19.1,-0.1,0.3,0.3,0.032,-2.8,-0.7,-3.4,-0.1,0.0,2011
351,Stephen Graham,16.3,1.4,3.4,0.405,0.1,0.4,0.238,1.3,3.0,0.425,0.418,0.5,0.6,0.816,0.3,1.8,2.1,0.7,0.2,0.0,0.6,1.8,3.4,0.0,0.0,1210.0,0.0,0.0,0.0,0.0,0.0,0.0,0.0,0.0,0.0,0.0,0.0,0.0,0.0,59.0,28.0,959.0,81.0,200.0,0.405,5.0,21.0,0.238,76.0,179.0,0.425,0.418,31.0,38.0,0.816,17.0,106.0,123.0,40.0,14.0,1.0,38.0,106.0,198.0,0.0,4.4,0.457,0.105,0.19,2.0,13.4,7.6,6.5,0.8,0.1,14.9,12.3,-0.7,0.4,-0.3,-0.014,-5.8,-1.0,-6.8,-1.2,0.0,2011
352,DaJuan Summers,9.0,1.3,3.1,0.406,0.4,1.0,0.429,0.9,2.2,0.396,0.471,0.4,0.9,0.45,0.1,0.5,0.5,0.1,0.1,0.0,0.6,1.0,3.4,0.0,0.0,1210.0,0.0,0.0,0.0,0.0,0.0,0.0,0.0,0.0,0.0,0.0,0.0,0.0,0.0,22.0,1.0,199.0,28.0,69.0,0.406,9.0,21.0,0.429,19.0,48.0,0.396,0.471,9.0,20.0,0.45,2.0,10.0,12.0,2.0,3.0,1.0,13.0,21.0,74.0,0.0,4.4,0.476,0.304,0.29,1.2,6.4,3.7,1.6,0.8,0.4,14.3,21.3,-0.3,0.0,-0.3,-0.083,-5.7,-3.8,-9.5,-0.4,0.0,2011
353,Larry Owens,11.9,1.3,2.7,0.469,0.5,1.1,0.462,0.8,1.6,0.474,0.563,0.3,0.8,0.444,0.1,1.2,1.3,0.7,0.8,0.4,0.4,1.5,3.3,0.0,0.0,1210.0,0.0,0.0,0.0,0.0,0.0,0.0,0.0,0.0,0.0,0.0,0.0,0.0,0.0,12.0,0.0,143.0,15.0,32.0,0.469,6.0,13.0,0.462,9.0,19.0,0.474,0.563,4.0,9.0,0.444,1.0,14.0,15.0,8.0,9.0,5.0,5.0,18.0,40.0,0.0,11.2,0.556,0.406,0.281,0.8,11.4,6.0,8.4,3.2,2.7,12.2,12.7,0.1,0.2,0.2,0.083,-1.8,2.4,0.6,0.1,0.0,2011
354,Anthony Carter,14.0,1.4,3.2,0.425,0.4,1.2,0.3,1.0,2.0,0.5,0.481,0.2,0.2,1.0,0.2,1.3,1.5,2.1,0.8,0.2,1.2,1.5,3.3,0.0,0.0,1210.0,0.0,0.0,0.0,0.0,0.0,0.0,0.0,0.0,0.0,0.0,0.0,0.0,0.0,33.0,0.0,463.0,45.0,106.0,0.425,12.0,40.0,0.3,33.0,66.0,0.5,0.481,8.0,8.0,1.0,7.0,44.0,51.0,69.0,27.0,6.0,39.0,49.0,110.0,0.0,9.2,0.502,0.377,0.075,1.7,10.9,6.3,21.3,2.9,1.0,26.3,14.3,-0.2,0.4,0.2,0.023,-3.3,0.9,-2.4,-0.1,0.0,2011
355,Jeff Foster,16.8,1.4,3.0,0.479,0.0,0.1,0.0,1.4,2.9,0.488,0.479,0.5,0.9,0.563,2.9,3.4,6.3,0.8,0.4,0.6,0.5,2.3,3.3,0.0,0.0,1210.0,0.0,0.0,0.0,0.0,0.0,0.0,0.0,0.0,0.0,0.0,0.0,0.0,0.0,56.0,3.0,940.0,80.0,167.0,0.479,0.0,3.0,0.0,80.0,164.0,0.488,0.479,27.0,48.0,0.563,160.0,190.0,350.0,46.0,24.0,31.0,26.0,127.0,187.0,0.0,14.3,0.497,0.018,0.287,19.1,22.3,20.7,7.3,1.3,2.4,12.1,10.1,1.6,1.4,3.0,0.152,-0.6,0.1,-0.5,0.4,0.0,2011
356,Dominic McGuire,14.6,1.4,3.5,0.396,0.0,0.0,0.0,1.4,3.5,0.4,0.396,0.6,0.8,0.769,1.2,2.6,3.8,0.8,0.2,0.6,0.5,1.8,3.3,0.0,0.0,1210.0,0.0,0.0,0.0,0.0,0.0,0.0,0.0,0.0,0.0,0.0,0.0,0.0,0.0,52.0,8.0,760.0,72.0,182.0,0.396,0.0,2.0,0.0,72.0,180.0,0.4,0.396,30.0,39.0,0.769,63.0,136.0,199.0,43.0,10.0,33.0,25.0,94.0,174.0,0.0,10.4,0.437,0.011,0.214,10.0,21.8,15.9,9.0,0.7,3.5,11.2,13.8,0.1,0.9,0.9,0.059,-3.3,0.3,-2.9,-0.2,0.0,2011
357,Ronnie Price,12.2,1.3,3.6,0.352,0.3,1.2,0.29,0.9,2.4,0.383,0.4,0.5,0.7,0.744,0.4,0.7,1.0,0.9,0.7,0.1,0.9,1.8,3.3,0.0,0.0,1210.0,0.0,0.0,0.0,0.0,0.0,0.0,0.0,0.0,0.0,0.0,0.0,0.0,0.0,59.0,0.0,717.0,74.0,210.0,0.352,20.0,69.0,0.29,54.0,141.0,0.383,0.4,29.0,39.0,0.744,22.0,39.0,61.0,56.0,42.0,5.0,55.0,106.0,197.0,0.0,5.5,0.434,0.329,0.186,3.7,6.6,5.1,11.7,3.1,0.6,19.5,18.0,-1.2,0.5,-0.7,-0.048,-6.2,-0.1,-6.3,-0.8,0.0,2011
358,Kosta Koufos,8.7,1.4,3.0,0.453,0.0,0.0,0.0,1.4,3.0,0.459,0.453,0.5,0.9,0.558,1.1,1.5,2.6,0.1,0.2,0.5,0.6,1.2,3.2,0.0,0.0,1210.0,0.0,0.0,0.0,0.0,0.0,0.0,0.0,0.0,0.0,0.0,0.0,0.0,0.0,50.0,2.0,434.0,68.0,150.0,0.453,0.0,2.0,0.0,68.0,148.0,0.459,0.453,24.0,43.0,0.558,57.0,73.0,130.0,7.0,10.0,25.0,31.0,59.0,160.0,0.0,12.6,0.474,0.013,0.287,14.6,19.1,16.8,2.5,1.1,4.4,15.5,19.9,-0.2,0.4,0.2,0.027,-3.9,-1.6,-5.5,-0.4,0.0,2011
359,Darnell Jackson,8.2,1.3,2.7,0.487,0.1,0.2,0.273,1.3,2.5,0.503,0.497,0.5,0.8,0.612,0.8,0.8,1.6,0.2,0.2,0.1,0.4,1.0,3.2,0.0,0.0,1210.0,0.0,0.0,0.0,0.0,0.0,0.0,0.0,0.0,0.0,0.0,0.0,0.0,0.0,59.0,2.0,486.0,77.0,158.0,0.487,3.0,11.0,0.273,74.0,147.0,0.503,0.497,30.0,49.0,0.612,49.0,45.0,94.0,14.0,12.0,3.0,23.0,61.0,187.0,0.0,12.3,0.521,0.07,0.31,11.2,10.8,11.0,4.6,1.2,0.4,11.4,18.0,0.4,0.3,0.7,0.069,-1.9,-1.6,-3.5,-0.2,0.0,2011
360,Von Wafer,9.5,1.2,2.7,0.421,0.3,1.2,0.269,0.8,1.6,0.533,0.478,0.6,0.7,0.842,0.1,0.7,0.8,0.6,0.3,0.1,0.3,0.7,3.2,0.0,0.0,1210.0,0.0,0.0,0.0,0.0,0.0,0.0,0.0,0.0,0.0,0.0,0.0,0.0,0.0,58.0,2.0,553.0,67.0,159.0,0.421,18.0,67.0,0.269,49.0,92.0,0.533,0.478,32.0,38.0,0.842,7.0,42.0,49.0,35.0,18.0,5.0,20.0,39.0,184.0,0.0,10.6,0.524,0.421,0.239,1.7,8.8,5.5,9.8,1.7,0.7,10.2,17.0,0.2,0.9,1.1,0.092,-2.3,0.9,-1.4,0.1,0.0,2011
361,Troy Murphy,13.3,1.2,3.3,0.368,0.1,0.9,0.152,1.1,2.3,0.457,0.39,0.6,0.9,0.667,0.6,2.6,3.2,0.7,0.4,0.1,0.6,1.3,3.1,0.0,0.0,1210.0,0.0,0.0,0.0,0.0,0.0,0.0,0.0,0.0,0.0,0.0,0.0,0.0,0.0,35.0,4.0,466.0,42.0,114.0,0.368,5.0,33.0,0.152,37.0,81.0,0.457,0.39,20.0,30.0,0.667,22.0,91.0,113.0,23.0,15.0,3.0,20.0,47.0,109.0,0.0,8.0,0.428,0.289,0.263,5.8,23.4,14.5,7.6,1.7,0.5,13.6,14.8,-0.4,0.7,0.3,0.029,-3.9,0.8,-3.1,-0.1,0.0,2011
362,Joey Dorsey,12.1,1.2,2.3,0.525,0.0,0.0,0.0,1.2,2.3,0.525,0.525,0.7,1.5,0.477,1.8,2.6,4.4,0.6,0.6,0.4,0.9,1.8,3.1,0.0,0.0,1210.0,0.0,0.0,0.0,0.0,0.0,0.0,0.0,0.0,0.0,0.0,0.0,0.0,0.0,43.0,9.0,522.0,52.0,99.0,0.525,0.0,0.0,0.0,52.0,99.0,0.525,0.525,31.0,65.0,0.477,79.0,111.0,190.0,27.0,24.0,17.0,39.0,78.0,135.0,0.0,14.2,0.529,0.0,0.657,17.5,25.8,21.6,7.4,2.4,2.5,23.4,14.3,0.2,0.5,0.8,0.072,-1.6,0.1,-1.6,0.1,0.0,2011
363,Devin Ebanks,5.9,1.1,2.6,0.412,0.1,0.3,0.4,1.0,2.3,0.413,0.431,0.9,1.2,0.783,0.8,0.6,1.4,0.1,0.2,0.3,0.3,0.4,3.1,0.0,0.0,1210.0,0.0,0.0,0.0,0.0,0.0,0.0,0.0,0.0,0.0,0.0,0.0,0.0,0.0,20.0,0.0,118.0,21.0,51.0,0.412,2.0,5.0,0.4,19.0,46.0,0.413,0.431,18.0,23.0,0.783,15.0,12.0,27.0,2.0,4.0,5.0,6.0,7.0,62.0,0.0,19.4,0.507,0.098,0.451,14.9,11.1,13.0,2.8,1.8,3.2,8.9,25.9,0.2,0.2,0.4,0.144,0.1,-2.1,-2.0,0.0,0.0,2011
364,Aaron Gray,13.0,1.4,2.4,0.566,0.0,0.0,0.0,1.4,2.4,0.566,0.566,0.4,0.8,0.5,1.4,2.7,4.2,0.4,0.3,0.3,0.8,2.3,3.1,0.0,0.0,1210.0,0.0,0.0,0.0,0.0,0.0,0.0,0.0,0.0,0.0,0.0,0.0,0.0,0.0,41.0,6.0,531.0,56.0,99.0,0.566,0.0,0.0,0.0,56.0,99.0,0.566,0.566,17.0,34.0,0.5,59.0,112.0,171.0,16.0,11.0,12.0,32.0,96.0,129.0,0.0,11.0,0.566,0.0,0.343,13.4,25.8,19.6,4.7,1.1,1.9,21.9,13.1,0.3,0.8,1.1,0.1,-3.9,-0.2,-4.0,-0.3,0.0,2011
365,Ian Mahinmi,8.7,1.0,1.8,0.561,0.0,0.0,0.0,1.0,1.7,0.573,0.561,1.1,1.5,0.768,0.8,1.4,2.1,0.1,0.3,0.3,0.4,1.9,3.1,0.0,0.0,1210.0,0.0,0.0,0.0,0.0,0.0,0.0,0.0,0.0,0.0,0.0,0.0,0.0,0.0,56.0,0.0,488.0,55.0,98.0,0.561,0.0,2.0,0.0,55.0,96.0,0.573,0.561,63.0,82.0,0.768,43.0,77.0,120.0,8.0,14.0,15.0,25.0,105.0,173.0,0.0,13.7,0.645,0.02,0.837,10.7,17.8,14.4,2.5,1.5,2.3,15.7,15.3,1.0,0.8,1.8,0.177,-3.3,1.1,-2.1,0.0,0.0,2011
366,Lance Stephenson,9.6,1.1,3.3,0.333,0.0,0.4,0.0,1.1,2.8,0.382,0.333,0.9,1.2,0.786,0.1,1.4,1.5,1.8,0.3,0.0,1.3,1.2,3.1,0.0,0.0,1210.0,0.0,0.0,0.0,0.0,0.0,0.0,0.0,0.0,0.0,0.0,0.0,0.0,0.0,12.0,0.0,115.0,13.0,39.0,0.333,0.0,5.0,0.0,13.0,34.0,0.382,0.333,11.0,14.0,0.786,1.0,17.0,18.0,21.0,4.0,0.0,16.0,14.0,37.0,0.0,5.5,0.41,0.128,0.359,1.0,16.3,8.7,28.3,1.8,0.0,26.2,23.5,-0.4,0.1,-0.2,-0.093,-6.5,-0.6,-7.2,-0.2,0.0,2011
367,Armon Johnson,7.3,1.2,2.7,0.455,0.1,0.3,0.417,1.1,2.3,0.461,0.48,0.3,0.6,0.591,0.3,0.7,0.9,1.2,0.1,0.0,1.0,0.8,2.9,0.0,0.0,1210.0,0.0,0.0,0.0,0.0,0.0,0.0,0.0,0.0,0.0,0.0,0.0,0.0,0.0,38.0,0.0,277.0,46.0,101.0,0.455,5.0,12.0,0.417,41.0,89.0,0.461,0.48,13.0,22.0,0.591,11.0,25.0,36.0,45.0,5.0,1.0,38.0,31.0,110.0,0.0,9.3,0.497,0.119,0.218,4.7,11.5,7.9,28.1,1.0,0.3,25.6,25.1,-0.4,0.2,-0.3,-0.044,-3.3,-1.9,-5.1,-0.2,0.0,2011
368,Roger Mason,12.3,1.0,3.0,0.338,0.6,1.7,0.364,0.4,1.3,0.303,0.442,0.3,0.4,0.7,0.2,1.5,1.7,0.8,0.2,0.1,0.2,1.0,2.9,0.0,0.0,1210.0,0.0,0.0,0.0,0.0,0.0,0.0,0.0,0.0,0.0,0.0,0.0,0.0,0.0,26.0,0.0,319.0,26.0,77.0,0.338,16.0,44.0,0.364,10.0,33.0,0.303,0.442,7.0,10.0,0.7,5.0,38.0,43.0,20.0,6.0,2.0,6.0,25.0,75.0,0.0,7.1,0.461,0.571,0.13,1.8,13.7,7.7,8.8,0.9,0.5,6.9,12.2,0.1,0.1,0.2,0.029,-2.4,-1.2,-3.6,-0.1,0.0,2011
369,Ben Wallace,22.9,1.2,2.8,0.45,0.0,0.0,0.5,1.2,2.7,0.449,0.453,0.4,1.1,0.333,2.4,4.1,6.5,1.3,1.0,1.0,0.8,1.5,2.9,0.0,0.0,1210.0,0.0,0.0,0.0,0.0,0.0,0.0,0.0,0.0,0.0,0.0,0.0,0.0,0.0,54.0,49.0,1238.0,67.0,149.0,0.45,1.0,2.0,0.5,66.0,147.0,0.449,0.453,19.0,57.0,0.333,129.0,221.0,350.0,72.0,54.0,54.0,44.0,81.0,154.0,0.0,12.3,0.442,0.013,0.383,12.2,22.9,17.3,8.1,2.3,3.5,20.2,8.2,0.5,1.4,1.9,0.072,-1.3,1.3,0.0,0.6,0.0,2011
370,Ömer Aşık,12.1,1.0,1.7,0.553,0.0,0.0,0.0,1.0,1.7,0.553,0.553,0.9,1.8,0.503,1.4,2.4,3.7,0.4,0.2,0.7,0.8,1.9,2.8,0.0,0.0,1210.0,0.0,0.0,0.0,0.0,0.0,0.0,0.0,0.0,0.0,0.0,0.0,0.0,0.0,82.0,0.0,989.0,78.0,141.0,0.553,0.0,0.0,0.0,78.0,141.0,0.553,0.553,73.0,145.0,0.503,112.0,194.0,306.0,32.0,20.0,56.0,64.0,153.0,229.0,0.0,11.8,0.559,0.0,1.028,13.7,22.3,18.1,4.7,1.1,4.3,23.8,12.5,0.5,2.2,2.7,0.13,-3.6,1.8,-1.8,0.1,0.0,2011
371,Dan Gadzuric,11.0,1.3,3.1,0.419,0.0,0.0,0.0,1.3,3.0,0.422,0.419,0.2,0.6,0.37,1.7,1.5,3.2,0.3,0.3,0.7,0.7,2.2,2.8,0.0,0.0,1210.0,0.0,0.0,0.0,0.0,0.0,0.0,0.0,0.0,0.0,0.0,0.0,0.0,0.0,42.0,9.0,463.0,54.0,129.0,0.419,0.0,1.0,0.0,54.0,128.0,0.422,0.419,10.0,27.0,0.37,71.0,64.0,135.0,14.0,13.0,29.0,29.0,91.0,118.0,0.0,9.9,0.419,0.008,0.209,17.2,16.4,16.8,4.5,1.4,4.8,17.1,16.5,-0.3,0.4,0.1,0.014,-5.7,-1.3,-7.0,-0.6,0.0,2011
372,Quincy Pondexter,11.1,1.1,2.7,0.406,0.3,0.8,0.36,0.8,2.0,0.423,0.456,0.4,0.5,0.706,0.3,1.0,1.3,0.4,0.3,0.2,0.2,1.0,2.8,0.0,0.0,1210.0,0.0,0.0,0.0,0.0,0.0,0.0,0.0,0.0,0.0,0.0,0.0,0.0,0.0,66.0,6.0,734.0,73.0,180.0,0.406,18.0,50.0,0.36,55.0,130.0,0.423,0.456,24.0,34.0,0.706,23.0,65.0,88.0,28.0,17.0,10.0,16.0,63.0,188.0,0.0,8.5,0.482,0.278,0.189,3.8,10.8,7.3,5.9,1.3,1.1,7.6,13.7,0.2,0.7,0.9,0.06,-2.4,0.1,-2.3,-0.1,0.0,2011
373,Craig Brackins,11.0,1.3,5.3,0.25,0.0,1.7,0.0,1.3,3.7,0.364,0.25,0.0,0.0,0.0,0.7,0.7,1.3,0.3,0.3,0.0,0.0,1.0,2.7,0.0,0.0,1210.0,0.0,0.0,0.0,0.0,0.0,0.0,0.0,0.0,0.0,0.0,0.0,0.0,0.0,3.0,0.0,33.0,4.0,16.0,0.25,0.0,5.0,0.0,4.0,11.0,0.364,0.25,0.0,0.0,0.0,2.0,2.0,4.0,1.0,1.0,0.0,0.0,3.0,8.0,0.0,0.1,0.25,0.313,0.0,7.0,7.0,7.0,4.6,1.6,0.0,0.0,22.3,-0.1,0.0,-0.1,-0.154,-8.4,-4.1,-12.5,-0.1,0.0,2011
374,Kevin Séraphin,10.9,1.1,2.5,0.449,0.0,0.0,0.0,1.1,2.5,0.449,0.449,0.4,0.5,0.71,1.4,1.2,2.6,0.2,0.3,0.5,0.7,2.2,2.7,0.0,0.0,1210.0,0.0,0.0,0.0,0.0,0.0,0.0,0.0,0.0,0.0,0.0,0.0,0.0,0.0,58.0,1.0,635.0,66.0,147.0,0.449,0.0,0.0,0.0,66.0,147.0,0.449,0.449,22.0,31.0,0.71,80.0,72.0,152.0,10.0,17.0,28.0,42.0,126.0,154.0,0.0,8.4,0.479,0.0,0.211,13.9,13.4,13.7,2.4,1.4,3.4,20.7,14.1,-0.2,0.5,0.2,0.017,-5.8,-1.0,-6.9,-0.8,0.0,2011
375,Tony Battie,9.9,1.2,2.5,0.469,0.1,0.1,0.667,1.1,2.4,0.462,0.479,0.2,0.4,0.571,0.4,2.2,2.6,0.3,0.1,0.4,0.3,1.6,2.6,0.0,0.0,1210.0,0.0,0.0,0.0,0.0,0.0,0.0,0.0,0.0,0.0,0.0,0.0,0.0,0.0,38.0,0.0,377.0,45.0,96.0,0.469,2.0,3.0,0.667,43.0,93.0,0.462,0.479,8.0,14.0,0.571,17.0,82.0,99.0,12.0,5.0,15.0,12.0,59.0,100.0,0.0,9.5,0.489,0.031,0.146,5.2,25.1,15.1,4.8,0.7,3.0,10.5,13.9,0.0,0.6,0.6,0.075,-4.1,0.8,-3.3,-0.1,0.0,2011
376,Brian Cardinal,11.0,0.8,1.8,0.43,0.8,1.6,0.483,0.0,0.2,0.077,0.64,0.3,0.3,0.944,0.2,0.9,1.1,0.7,0.4,0.1,0.3,1.5,2.6,0.0,0.0,1210.0,0.0,0.0,0.0,0.0,0.0,0.0,0.0,0.0,0.0,0.0,0.0,0.0,0.0,56.0,4.0,618.0,43.0,100.0,0.43,42.0,87.0,0.483,1.0,13.0,0.077,0.64,17.0,18.0,0.944,10.0,49.0,59.0,40.0,24.0,7.0,17.0,82.0,145.0,0.0,9.7,0.672,0.87,0.18,2.0,8.9,5.6,9.1,2.0,0.9,13.6,9.5,1.0,0.7,1.7,0.132,-1.2,2.4,1.2,0.5,0.0,2011
377,Jeremy Lin,9.8,1.0,2.5,0.389,0.0,0.2,0.2,0.9,2.3,0.403,0.396,0.7,0.9,0.76,0.4,0.8,1.2,1.4,1.1,0.3,0.6,1.1,2.6,0.0,0.0,1210.0,0.0,0.0,0.0,0.0,0.0,0.0,0.0,0.0,0.0,0.0,0.0,0.0,0.0,29.0,0.0,285.0,28.0,72.0,0.389,1.0,5.0,0.2,27.0,67.0,0.403,0.396,19.0,25.0,0.76,12.0,22.0,34.0,42.0,33.0,9.0,18.0,31.0,76.0,0.0,14.8,0.458,0.069,0.347,4.7,8.9,6.8,20.4,5.9,2.4,17.8,15.6,0.0,0.4,0.5,0.078,-2.1,4.4,2.2,0.3,0.0,2011
378,Sasha Pavlović,11.7,0.9,2.3,0.403,0.4,1.0,0.387,0.5,1.3,0.415,0.486,0.2,0.3,0.6,0.0,1.0,1.0,0.5,0.3,0.2,0.4,1.1,2.5,0.0,0.0,1210.0,0.0,0.0,0.0,0.0,0.0,0.0,0.0,0.0,0.0,0.0,0.0,0.0,0.0,31.0,7.0,362.0,29.0,72.0,0.403,12.0,31.0,0.387,17.0,41.0,0.415,0.486,6.0,10.0,0.6,1.0,31.0,32.0,16.0,10.0,7.0,12.0,34.0,76.0,0.0,6.0,0.497,0.431,0.139,0.4,9.9,5.3,6.4,1.5,1.6,13.6,11.6,-0.2,0.5,0.3,0.042,-4.2,1.2,-3.0,-0.1,0.0,2011
379,Jeff Adrien,8.5,1.0,2.3,0.426,0.0,0.0,0.0,1.0,2.3,0.426,0.426,0.5,0.8,0.579,1.0,1.5,2.5,0.4,0.2,0.2,0.4,1.2,2.5,0.0,0.0,1210.0,0.0,0.0,0.0,0.0,0.0,0.0,0.0,0.0,0.0,0.0,0.0,0.0,0.0,23.0,0.0,196.0,23.0,54.0,0.426,0.0,0.0,0.0,23.0,54.0,0.426,0.426,11.0,19.0,0.579,23.0,35.0,58.0,10.0,4.0,5.0,9.0,28.0,57.0,0.0,11.3,0.457,0.0,0.352,13.0,20.7,16.8,7.3,1.0,1.9,12.6,16.1,0.1,0.1,0.2,0.051,-3.3,-2.0,-5.3,-0.2,0.0,2011
380,Erick Dampier,16.0,1.0,1.7,0.584,0.0,0.0,0.0,1.0,1.7,0.591,0.584,0.5,0.9,0.545,1.0,2.4,3.5,0.4,0.3,0.9,0.6,1.6,2.5,0.0,0.0,1210.0,0.0,0.0,0.0,0.0,0.0,0.0,0.0,0.0,0.0,0.0,0.0,0.0,0.0,51.0,22.0,815.0,52.0,89.0,0.584,0.0,1.0,0.0,52.0,88.0,0.591,0.584,24.0,44.0,0.545,53.0,124.0,177.0,22.0,14.0,47.0,32.0,82.0,128.0,0.0,9.7,0.591,0.011,0.494,8.2,17.1,12.9,3.8,0.9,4.5,22.8,8.1,0.5,1.4,1.9,0.109,-2.0,1.7,-0.3,0.4,0.0,2011
381,Chris Duhon,15.2,1.0,2.5,0.38,0.3,1.0,0.25,0.7,1.5,0.468,0.43,0.3,0.5,0.56,0.2,0.8,1.0,2.3,0.3,0.0,1.2,0.6,2.5,0.0,0.0,1210.0,0.0,0.0,0.0,0.0,0.0,0.0,0.0,0.0,0.0,0.0,0.0,0.0,0.0,51.0,5.0,774.0,49.0,129.0,0.38,13.0,52.0,0.25,36.0,77.0,0.468,0.43,14.0,25.0,0.56,9.0,43.0,52.0,118.0,16.0,2.0,61.0,30.0,125.0,0.0,5.6,0.446,0.403,0.194,1.4,6.3,3.9,22.4,1.1,0.2,30.3,12.0,-0.7,0.9,0.2,0.014,-3.8,0.0,-3.8,-0.3,0.0,2011
382,Etan Thomas,6.3,0.8,1.6,0.476,0.0,0.0,0.0,0.8,1.6,0.476,0.476,0.9,1.2,0.8,0.5,1.3,1.8,0.2,0.1,0.3,0.4,0.8,2.5,0.0,0.0,1210.0,0.0,0.0,0.0,0.0,0.0,0.0,0.0,0.0,0.0,0.0,0.0,0.0,0.0,13.0,0.0,82.0,10.0,21.0,0.476,0.0,0.0,0.0,10.0,21.0,0.476,0.476,12.0,15.0,0.8,6.0,17.0,23.0,2.0,1.0,4.0,5.0,11.0,32.0,0.0,15.1,0.58,0.0,0.714,8.9,24.8,16.9,3.9,0.7,3.7,15.3,18.9,0.1,0.1,0.2,0.13,-1.9,0.3,-1.7,0.0,0.0,2011
383,Garrett Temple,9.6,0.8,2.8,0.294,0.4,1.5,0.27,0.4,1.3,0.323,0.368,0.3,0.7,0.412,0.0,0.9,1.0,1.3,0.5,0.3,1.0,1.0,2.4,0.0,0.0,1210.0,0.0,0.0,0.0,0.0,0.0,0.0,0.0,0.0,0.0,0.0,0.0,0.0,0.0,24.0,0.0,230.0,20.0,68.0,0.294,10.0,37.0,0.27,10.0,31.0,0.323,0.368,7.0,17.0,0.412,1.0,22.0,23.0,32.0,11.0,6.0,23.0,24.0,57.0,0.0,4.7,0.378,0.544,0.25,0.5,11.6,6.0,21.9,2.6,2.1,23.4,20.1,-0.7,0.3,-0.4,-0.085,-6.2,-0.2,-6.4,-0.3,0.0,2011
384,Chris Johnson,9.9,0.6,1.5,0.429,0.0,0.0,0.0,0.6,1.5,0.429,0.429,1.1,1.4,0.75,0.9,1.4,2.3,0.2,0.2,0.6,0.7,1.5,2.4,0.0,0.0,1210.0,0.0,0.0,0.0,0.0,0.0,0.0,0.0,0.0,0.0,0.0,0.0,0.0,0.0,14.0,1.0,138.0,9.0,21.0,0.429,0.0,0.0,0.0,9.0,21.0,0.429,0.429,15.0,20.0,0.75,12.0,20.0,32.0,3.0,3.0,9.0,10.0,21.0,33.0,0.0,10.2,0.554,0.0,0.952,10.3,18.2,14.2,3.2,1.2,5.3,25.1,13.5,0.0,0.2,0.2,0.08,-5.2,1.1,-4.2,-0.1,0.0,2011
385,Hamed Haddadi,5.4,1.0,1.9,0.517,0.0,0.0,0.0,1.0,1.8,0.526,0.517,0.5,0.7,0.652,0.8,1.4,2.2,0.2,0.1,0.4,0.4,0.9,2.4,0.0,0.0,1210.0,0.0,0.0,0.0,0.0,0.0,0.0,0.0,0.0,0.0,0.0,0.0,0.0,0.0,31.0,0.0,168.0,30.0,58.0,0.517,0.0,1.0,0.0,30.0,57.0,0.526,0.517,15.0,23.0,0.652,24.0,44.0,68.0,5.0,2.0,13.0,11.0,29.0,75.0,0.0,19.7,0.55,0.017,0.397,16.9,31.6,24.2,4.8,0.6,6.3,13.9,21.2,0.3,0.3,0.6,0.164,-1.1,0.0,-1.1,0.0,0.0,2011
386,Juwan Howard,10.4,1.0,2.2,0.44,0.0,0.0,0.0,1.0,2.2,0.44,0.44,0.5,0.6,0.829,0.6,1.5,2.1,0.4,0.2,0.1,0.4,1.1,2.4,0.0,0.0,1210.0,0.0,0.0,0.0,0.0,0.0,0.0,0.0,0.0,0.0,0.0,0.0,0.0,0.0,57.0,0.0,592.0,55.0,125.0,0.44,0.0,0.0,0.0,55.0,125.0,0.44,0.44,29.0,35.0,0.829,36.0,86.0,122.0,23.0,10.0,4.0,25.0,61.0,139.0,0.0,8.4,0.495,0.0,0.28,7.7,16.3,12.2,5.8,0.9,0.5,15.1,13.1,0.2,0.8,0.9,0.074,-3.5,0.0,-3.5,-0.2,0.0,2011
387,Ish Smith,10.3,1.0,2.7,0.374,0.1,0.2,0.3,0.9,2.4,0.381,0.387,0.3,0.5,0.571,0.2,0.9,1.1,1.8,0.4,0.0,0.8,0.9,2.3,0.0,0.0,1210.0,0.0,0.0,0.0,0.0,0.0,0.0,0.0,0.0,0.0,0.0,0.0,0.0,0.0,43.0,3.0,442.0,43.0,115.0,0.374,3.0,10.0,0.3,40.0,105.0,0.381,0.387,12.0,21.0,0.571,7.0,40.0,47.0,79.0,18.0,2.0,34.0,37.0,101.0,0.0,7.6,0.406,0.087,0.183,1.8,10.3,6.1,25.5,2.1,0.3,21.5,15.9,-0.5,0.4,-0.1,-0.016,-4.5,-0.5,-5.0,-0.3,0.0,2011
388,Melvin Ely,12.2,0.9,1.7,0.549,0.0,0.0,0.0,0.9,1.7,0.549,0.549,0.4,0.7,0.619,0.9,1.6,2.5,0.5,0.1,0.4,0.5,1.7,2.3,0.0,0.0,1210.0,0.0,0.0,0.0,0.0,0.0,0.0,0.0,0.0,0.0,0.0,0.0,0.0,0.0,30.0,2.0,366.0,28.0,51.0,0.549,0.0,0.0,0.0,28.0,51.0,0.549,0.549,13.0,21.0,0.619,27.0,47.0,74.0,14.0,4.0,11.0,14.0,50.0,69.0,0.0,8.3,0.573,0.0,0.412,8.8,14.4,11.7,5.3,0.5,2.3,18.9,9.0,0.3,0.3,0.6,0.083,-2.9,-0.3,-3.2,-0.1,0.0,2011
389,Dominique Jones,7.5,0.8,2.5,0.311,0.0,0.2,0.0,0.8,2.3,0.341,0.311,0.8,0.9,0.824,0.3,1.1,1.4,1.1,0.3,0.2,0.6,0.4,2.3,0.0,0.0,1210.0,0.0,0.0,0.0,0.0,0.0,0.0,0.0,0.0,0.0,0.0,0.0,0.0,0.0,18.0,0.0,135.0,14.0,45.0,0.311,0.0,4.0,0.0,14.0,41.0,0.341,0.311,14.0,17.0,0.824,6.0,19.0,25.0,19.0,5.0,3.0,10.0,7.0,42.0,0.0,10.6,0.4,0.089,0.378,5.4,15.9,10.8,20.8,1.9,1.7,16.0,21.7,-0.2,0.2,0.0,0.007,-2.5,1.6,-0.9,0.0,0.0,2011
390,Mustafa Shakur,7.2,1.0,2.7,0.356,0.0,0.5,0.1,0.9,2.2,0.408,0.364,0.4,0.7,0.533,0.3,0.7,1.0,1.1,0.2,0.1,0.8,0.7,2.3,0.0,0.0,1210.0,0.0,0.0,0.0,0.0,0.0,0.0,0.0,0.0,0.0,0.0,0.0,0.0,0.0,22.0,0.0,159.0,21.0,59.0,0.356,1.0,10.0,0.1,20.0,49.0,0.408,0.364,8.0,15.0,0.533,7.0,15.0,22.0,25.0,5.0,3.0,18.0,15.0,51.0,0.0,6.8,0.389,0.169,0.254,4.8,11.2,7.9,24.9,1.6,1.4,21.5,23.2,-0.5,0.1,-0.4,-0.112,-4.7,-1.9,-6.6,-0.2,0.0,2011
391,Pape Sy,7.0,0.7,2.0,0.333,0.0,0.3,0.0,0.7,1.7,0.4,0.333,1.0,1.0,1.0,0.7,0.3,1.0,0.7,0.3,0.0,1.0,0.3,2.3,0.0,0.0,1210.0,0.0,0.0,0.0,0.0,0.0,0.0,0.0,0.0,0.0,0.0,0.0,0.0,0.0,3.0,0.0,21.0,2.0,6.0,0.333,0.0,1.0,0.0,2.0,5.0,0.4,0.333,3.0,3.0,1.0,2.0,1.0,3.0,2.0,1.0,0.0,3.0,1.0,7.0,0.0,9.2,0.478,0.167,0.5,11.6,5.7,8.6,14.5,2.6,0.0,29.1,23.3,0.0,0.0,0.0,-0.047,-3.5,-2.5,-6.0,0.0,0.0,2011
392,Jon Brockman,10.7,0.8,1.5,0.511,0.0,0.0,0.0,0.8,1.5,0.511,0.511,0.6,0.9,0.678,1.2,1.7,2.9,0.3,0.2,0.0,0.4,1.9,2.2,0.0,0.0,1210.0,0.0,0.0,0.0,0.0,0.0,0.0,0.0,0.0,0.0,0.0,0.0,0.0,0.0,63.0,6.0,677.0,48.0,94.0,0.511,0.0,0.0,0.0,48.0,94.0,0.511,0.511,40.0,59.0,0.678,74.0,110.0,184.0,18.0,14.0,3.0,24.0,119.0,136.0,0.0,9.6,0.567,0.0,0.628,12.4,19.4,15.8,4.2,1.1,0.3,16.7,10.0,0.8,1.0,1.9,0.132,-4.1,0.2,-3.9,-0.3,0.0,2011
393,Francisco Elson,9.8,0.9,1.8,0.478,0.0,0.0,0.0,0.9,1.8,0.478,0.478,0.4,0.5,0.839,0.6,1.3,1.9,0.5,0.3,0.2,0.5,1.4,2.2,0.0,0.0,1210.0,0.0,0.0,0.0,0.0,0.0,0.0,0.0,0.0,0.0,0.0,0.0,0.0,0.0,62.0,1.0,610.0,54.0,113.0,0.478,0.0,0.0,0.0,54.0,113.0,0.478,0.478,26.0,31.0,0.839,35.0,80.0,115.0,33.0,21.0,14.0,32.0,84.0,134.0,0.0,8.9,0.529,0.0,0.274,6.9,16.0,11.4,7.9,1.8,1.9,20.2,11.9,0.1,0.5,0.6,0.046,-3.8,0.3,-3.5,-0.2,0.0,2011
394,Eduardo Nájera,12.0,0.8,2.3,0.361,0.4,1.1,0.324,0.5,1.2,0.395,0.438,0.2,0.4,0.545,0.5,1.0,1.4,0.6,0.4,0.2,0.4,1.7,2.2,0.0,0.0,1210.0,0.0,0.0,0.0,0.0,0.0,0.0,0.0,0.0,0.0,0.0,0.0,0.0,0.0,31.0,0.0,372.0,26.0,72.0,0.361,11.0,34.0,0.324,15.0,38.0,0.395,0.438,6.0,11.0,0.545,14.0,30.0,44.0,20.0,11.0,6.0,13.0,52.0,69.0,0.0,5.5,0.449,0.472,0.153,4.5,9.8,7.2,8.2,1.6,1.3,14.5,11.3,-0.1,0.3,0.2,0.02,-4.5,0.9,-3.6,-0.2,0.0,2011
395,Garret Siler,4.8,0.8,1.5,0.548,0.0,0.0,0.0,0.8,1.5,0.548,0.548,0.5,1.0,0.5,0.8,0.6,1.3,0.1,0.0,0.2,0.5,1.0,2.1,0.0,0.0,1210.0,0.0,0.0,0.0,0.0,0.0,0.0,0.0,0.0,0.0,0.0,0.0,0.0,0.0,21.0,0.0,101.0,17.0,31.0,0.548,0.0,0.0,0.0,17.0,31.0,0.548,0.548,11.0,22.0,0.5,16.0,12.0,28.0,3.0,1.0,4.0,10.0,20.0,45.0,0.0,13.5,0.553,0.0,0.71,18.3,13.7,16.0,4.7,0.5,2.9,19.7,22.6,0.1,0.1,0.1,0.054,-3.5,-2.3,-5.8,-0.1,0.0,2011
396,Renaldo Balkman,7.8,0.8,1.6,0.462,0.1,0.3,0.5,0.6,1.4,0.455,0.5,0.4,0.5,0.75,0.3,0.6,0.9,0.3,0.5,0.3,0.1,1.9,2.0,0.0,0.0,1210.0,0.0,0.0,0.0,0.0,0.0,0.0,0.0,0.0,0.0,0.0,0.0,0.0,0.0,8.0,0.0,62.0,6.0,13.0,0.462,1.0,2.0,0.5,5.0,11.0,0.455,0.5,3.0,4.0,0.75,2.0,5.0,7.0,2.0,4.0,2.0,1.0,15.0,16.0,0.0,9.3,0.542,0.154,0.308,3.7,9.1,6.5,4.7,3.2,2.4,6.3,11.3,0.1,0.1,0.1,0.114,-5.0,0.9,-4.1,0.0,0.0,2011
397,Jason Williams,10.9,0.8,2.5,0.328,0.4,1.4,0.263,0.4,1.1,0.414,0.403,0.0,0.0,0.0,0.1,1.0,1.1,1.9,0.4,0.0,0.7,0.3,2.0,0.0,0.0,1210.0,0.0,0.0,0.0,0.0,0.0,0.0,0.0,0.0,0.0,0.0,0.0,0.0,0.0,27.0,0.0,295.0,22.0,67.0,0.328,10.0,38.0,0.263,12.0,29.0,0.414,0.403,0.0,0.0,0.0,3.0,27.0,30.0,52.0,11.0,1.0,18.0,8.0,54.0,0.0,8.4,0.403,0.567,0.0,1.2,10.6,6.0,25.1,2.0,0.3,21.2,13.2,-0.2,0.4,0.2,0.031,-2.3,0.7,-1.6,0.0,0.0,2011
398,Joel Anthony,19.5,0.7,1.3,0.535,0.0,0.0,0.0,0.7,1.3,0.535,0.535,0.6,1.0,0.644,1.4,2.2,3.5,0.3,0.1,1.2,0.5,2.6,2.0,0.0,0.0,1210.0,0.0,0.0,0.0,0.0,0.0,0.0,0.0,0.0,0.0,0.0,0.0,0.0,0.0,75.0,11.0,1463.0,53.0,99.0,0.535,0.0,0.0,0.0,53.0,99.0,0.535,0.535,47.0,73.0,0.644,104.0,162.0,266.0,24.0,10.0,93.0,36.0,194.0,153.0,0.0,7.3,0.583,0.0,0.737,9.0,12.4,10.8,2.2,0.4,5.0,21.5,5.3,1.2,2.1,3.3,0.107,-3.2,1.6,-1.6,0.2,0.0,2011
399,Marcus Banks,7.3,0.0,0.7,0.0,0.0,0.0,0.0,0.0,0.7,0.0,0.0,2.0,2.7,0.75,0.0,0.3,0.3,1.0,0.3,0.0,0.7,1.3,2.0,0.0,0.0,1210.0,0.0,0.0,0.0,0.0,0.0,0.0,0.0,0.0,0.0,0.0,0.0,0.0,0.0,3.0,0.0,22.0,0.0,2.0,0.0,0.0,0.0,0.0,0.0,2.0,0.0,0.0,6.0,8.0,0.75,0.0,1.0,1.0,3.0,1.0,0.0,2.0,4.0,6.0,0.0,6.8,0.543,0.0,4.0,0.0,5.5,2.7,17.2,2.3,0.0,26.6,15.3,0.0,0.0,0.0,0.011,-6.6,0.1,-6.5,0.0,0.0,2011
400,Derrick Caracter,5.2,0.8,1.6,0.485,0.0,0.0,0.0,0.8,1.6,0.485,0.485,0.4,0.6,0.739,0.5,0.6,1.0,0.2,0.1,0.2,0.5,1.1,2.0,0.0,0.0,1210.0,0.0,0.0,0.0,0.0,0.0,0.0,0.0,0.0,0.0,0.0,0.0,0.0,0.0,41.0,0.0,215.0,32.0,66.0,0.485,0.0,0.0,0.0,32.0,66.0,0.485,0.485,17.0,23.0,0.739,19.0,24.0,43.0,7.0,4.0,10.0,19.0,47.0,81.0,0.0,10.0,0.532,0.0,0.348,10.3,12.2,11.3,5.1,1.0,3.5,20.0,20.2,0.0,0.3,0.3,0.057,-6.6,-0.5,-7.1,-0.3,0.0,2011
401,Jason Collins,12.1,0.7,1.4,0.479,0.0,0.0,1.0,0.7,1.4,0.471,0.486,0.6,0.8,0.659,0.6,1.5,2.1,0.4,0.2,0.2,0.5,2.0,2.0,0.0,0.0,1210.0,0.0,0.0,0.0,0.0,0.0,0.0,0.0,0.0,0.0,0.0,0.0,0.0,0.0,49.0,28.0,593.0,34.0,71.0,0.479,1.0,1.0,1.0,33.0,70.0,0.471,0.486,27.0,41.0,0.659,30.0,72.0,102.0,22.0,9.0,9.0,26.0,97.0,96.0,0.0,5.4,0.539,0.014,0.577,6.1,14.5,10.4,5.3,0.8,1.2,22.6,9.2,0.1,0.5,0.6,0.049,-5.3,0.4,-4.8,-0.4,0.0,2011
402,Kyrylo Fesenko,8.6,0.8,1.9,0.44,0.0,0.0,0.0,0.8,1.9,0.444,0.44,0.3,0.9,0.391,0.6,1.4,2.0,0.3,0.1,0.3,0.5,1.7,2.0,0.0,0.0,1210.0,0.0,0.0,0.0,0.0,0.0,0.0,0.0,0.0,0.0,0.0,0.0,0.0,0.0,53.0,1.0,456.0,44.0,100.0,0.44,0.0,1.0,0.0,44.0,99.0,0.444,0.44,18.0,46.0,0.391,34.0,74.0,108.0,18.0,4.0,16.0,25.0,90.0,106.0,0.0,5.8,0.441,0.01,0.46,8.9,19.8,14.3,5.9,0.5,2.9,17.2,14.6,-0.4,0.3,-0.1,-0.011,-6.5,-0.9,-7.4,-0.6,0.0,2011
403,Mike Harris,4.0,0.8,1.5,0.5,0.0,0.0,0.0,0.8,1.5,0.5,0.5,0.5,1.0,0.5,0.5,0.8,1.3,0.3,0.0,0.3,0.3,0.5,2.0,0.0,0.0,1210.0,0.0,0.0,0.0,0.0,0.0,0.0,0.0,0.0,0.0,0.0,0.0,0.0,0.0,4.0,0.0,16.0,3.0,6.0,0.5,0.0,0.0,0.0,3.0,6.0,0.5,0.5,2.0,4.0,0.5,2.0,3.0,5.0,1.0,0.0,1.0,1.0,2.0,8.0,0.0,17.9,0.515,0.0,0.667,14.1,21.3,17.7,10.2,0.0,4.3,11.4,24.2,0.0,0.0,0.0,0.102,-2.3,-0.2,-2.4,0.0,0.0,2011
404,Chris Quinn,7.1,0.8,2.2,0.363,0.3,0.9,0.297,0.5,1.3,0.407,0.423,0.1,0.2,0.5,0.1,0.5,0.6,1.0,0.1,0.0,0.3,0.7,2.0,0.0,0.0,1210.0,0.0,0.0,0.0,0.0,0.0,0.0,0.0,0.0,0.0,0.0,0.0,0.0,0.0,41.0,0.0,292.0,33.0,91.0,0.363,11.0,37.0,0.297,22.0,54.0,0.407,0.423,4.0,8.0,0.5,3.0,22.0,25.0,42.0,5.0,1.0,12.0,29.0,81.0,0.0,7.5,0.428,0.407,0.088,1.2,8.5,5.0,21.1,0.9,0.2,11.3,16.8,-0.1,0.2,0.1,0.024,-3.4,-0.9,-4.3,-0.2,0.0,2011
405,Jamaal Magloire,8.8,0.7,1.2,0.591,0.0,0.0,0.0,0.7,1.2,0.591,0.591,0.5,1.0,0.5,0.9,2.4,3.4,0.2,0.2,0.1,0.3,1.4,1.9,0.0,0.0,1210.0,0.0,0.0,0.0,0.0,0.0,0.0,0.0,0.0,0.0,0.0,0.0,0.0,0.0,18.0,0.0,158.0,13.0,22.0,0.591,0.0,0.0,0.0,13.0,22.0,0.591,0.591,9.0,18.0,0.5,17.0,44.0,61.0,3.0,4.0,2.0,5.0,26.0,35.0,0.0,12.7,0.585,0.0,0.818,13.6,31.2,22.9,2.8,1.3,1.0,14.3,10.3,0.3,0.3,0.6,0.172,-1.5,0.9,-0.6,0.1,0.0,2011
406,Byron Mullens,6.5,0.7,2.2,0.321,0.0,0.0,0.0,0.7,2.2,0.321,0.321,0.5,1.1,0.5,0.5,1.4,1.8,0.0,0.2,0.2,0.6,0.8,1.9,0.0,0.0,1210.0,0.0,0.0,0.0,0.0,0.0,0.0,0.0,0.0,0.0,0.0,0.0,0.0,0.0,13.0,0.0,85.0,9.0,28.0,0.321,0.0,0.0,0.0,9.0,28.0,0.321,0.321,7.0,14.0,0.5,6.0,18.0,24.0,0.0,2.0,3.0,8.0,11.0,25.0,0.0,3.5,0.366,0.0,0.5,8.6,24.0,16.5,0.0,1.2,2.6,19.0,22.5,-0.3,0.1,-0.2,-0.113,-9.2,-2.5,-11.7,-0.2,0.0,2011
407,Willie Warren,7.1,0.7,1.8,0.371,0.3,0.8,0.333,0.4,1.1,0.4,0.443,0.3,0.4,0.75,0.1,0.6,0.6,1.4,0.3,0.0,0.4,0.8,1.9,0.0,0.0,1210.0,0.0,0.0,0.0,0.0,0.0,0.0,0.0,0.0,0.0,0.0,0.0,0.0,0.0,19.0,0.0,134.0,13.0,35.0,0.371,5.0,15.0,0.333,8.0,20.0,0.4,0.443,6.0,8.0,0.75,1.0,11.0,12.0,27.0,6.0,0.0,8.0,16.0,37.0,0.0,10.8,0.48,0.429,0.229,0.9,9.5,5.2,30.4,2.3,0.0,17.2,15.5,0.1,0.1,0.2,0.065,-2.4,-0.3,-2.7,0.0,0.0,2011
408,Jared Jeffries,14.3,0.7,2.0,0.349,0.0,0.2,0.222,0.7,1.8,0.364,0.36,0.3,0.7,0.414,1.5,1.3,2.8,0.9,0.7,0.4,0.5,1.8,1.8,0.0,0.0,1210.0,0.0,0.0,0.0,0.0,0.0,0.0,0.0,0.0,0.0,0.0,0.0,0.0,0.0,42.0,9.0,601.0,30.0,86.0,0.349,2.0,9.0,0.222,28.0,77.0,0.364,0.36,12.0,29.0,0.414,62.0,54.0,116.0,36.0,31.0,17.0,21.0,75.0,74.0,0.0,8.0,0.375,0.105,0.337,11.7,10.3,11.0,8.1,2.6,2.0,17.5,8.8,0.0,0.5,0.6,0.045,-2.8,0.5,-2.2,0.0,0.0,2011
409,Joel Przybilla,14.4,0.7,1.2,0.568,0.0,0.0,0.0,0.7,1.2,0.568,0.568,0.4,0.8,0.519,1.0,3.0,4.0,0.4,0.1,0.4,0.8,2.2,1.8,0.0,0.0,1210.0,0.0,0.0,0.0,0.0,0.0,0.0,0.0,0.0,0.0,0.0,0.0,0.0,0.0,36.0,9.0,519.0,25.0,44.0,0.568,0.0,0.0,0.0,25.0,44.0,0.568,0.568,14.0,27.0,0.519,37.0,108.0,145.0,13.0,5.0,15.0,29.0,79.0,64.0,0.0,6.2,0.573,0.0,0.614,8.4,26.4,17.1,3.6,0.5,2.4,34.2,7.7,-0.1,0.6,0.5,0.046,-5.4,0.6,-4.8,-0.4,0.0,2011
410,Hilton Armstrong,9.2,0.7,1.4,0.487,0.0,0.1,0.5,0.7,1.4,0.486,0.5,0.3,0.6,0.485,0.8,1.7,2.5,0.3,0.3,0.4,0.5,1.6,1.7,0.0,0.0,1210.0,0.0,0.0,0.0,0.0,0.0,0.0,0.0,0.0,0.0,0.0,0.0,0.0,0.0,53.0,2.0,488.0,37.0,76.0,0.487,2.0,4.0,0.5,35.0,72.0,0.486,0.5,16.0,33.0,0.485,42.0,89.0,131.0,14.0,18.0,21.0,28.0,84.0,92.0,0.0,8.8,0.508,0.053,0.434,9.5,21.6,15.4,4.2,1.9,3.3,23.6,10.9,-0.1,0.6,0.5,0.045,-4.7,1.0,-3.7,-0.2,0.0,2011
411,Charlie Bell,9.0,0.6,2.3,0.279,0.3,1.1,0.286,0.3,1.2,0.273,0.349,0.1,0.2,0.5,0.3,0.6,0.9,0.7,0.3,0.1,0.3,0.7,1.7,0.0,0.0,1210.0,0.0,0.0,0.0,0.0,0.0,0.0,0.0,0.0,0.0,0.0,0.0,0.0,0.0,19.0,0.0,171.0,12.0,43.0,0.279,6.0,21.0,0.286,6.0,22.0,0.273,0.349,2.0,4.0,0.5,6.0,12.0,18.0,13.0,6.0,1.0,6.0,13.0,32.0,0.0,4.7,0.357,0.488,0.093,3.9,8.1,6.0,10.1,1.8,0.4,11.8,13.1,-0.2,0.0,-0.1,-0.04,-4.2,-0.8,-5.0,-0.1,0.0,2011
412,Avery Bradley,5.2,0.7,2.2,0.343,0.0,0.2,0.0,0.7,2.0,0.371,0.343,0.2,0.4,0.5,0.1,0.4,0.5,0.4,0.3,0.0,0.5,0.6,1.7,0.0,0.0,1210.0,0.0,0.0,0.0,0.0,0.0,0.0,0.0,0.0,0.0,0.0,0.0,0.0,0.0,31.0,0.0,162.0,23.0,67.0,0.343,0.0,5.0,0.0,23.0,62.0,0.371,0.343,6.0,12.0,0.5,4.0,13.0,17.0,12.0,9.0,0.0,16.0,20.0,52.0,0.0,2.2,0.36,0.075,0.179,3.2,9.3,6.5,11.9,3.0,0.0,18.1,26.1,-0.8,0.3,-0.5,-0.139,-10.8,-0.3,-11.1,-0.4,0.0,2011
413,Jerry Stackhouse,7.1,0.4,1.7,0.25,0.1,0.6,0.25,0.3,1.1,0.25,0.292,0.7,1.0,0.714,0.1,0.9,1.0,0.4,0.0,0.3,0.3,0.4,1.7,0.0,0.0,1210.0,0.0,0.0,0.0,0.0,0.0,0.0,0.0,0.0,0.0,0.0,0.0,0.0,0.0,7.0,1.0,50.0,3.0,12.0,0.25,1.0,4.0,0.25,2.0,8.0,0.25,0.292,5.0,7.0,0.714,1.0,6.0,7.0,3.0,0.0,2.0,2.0,3.0,12.0,0.0,6.0,0.398,0.333,0.583,2.5,13.4,8.3,8.5,0.0,3.1,11.7,16.0,-0.1,0.1,0.0,0.005,-4.5,-1.7,-6.2,-0.1,0.0,2011
414,Luke Walton,9.0,0.7,2.1,0.328,0.1,0.6,0.235,0.6,1.5,0.366,0.362,0.1,0.2,0.7,0.2,1.1,1.2,1.1,0.2,0.1,0.6,0.7,1.7,0.0,0.0,1210.0,0.0,0.0,0.0,0.0,0.0,0.0,0.0,0.0,0.0,0.0,0.0,0.0,0.0,54.0,0.0,484.0,38.0,116.0,0.328,8.0,34.0,0.235,30.0,82.0,0.366,0.362,7.0,10.0,0.7,9.0,58.0,67.0,62.0,9.0,4.0,31.0,38.0,91.0,0.0,5.1,0.378,0.293,0.086,2.2,13.1,7.8,18.0,1.0,0.6,20.5,14.3,-0.7,0.5,-0.2,-0.016,-4.8,-0.2,-5.0,-0.4,0.0,2011
415,Lester Hudson,6.6,0.5,2.2,0.25,0.4,1.4,0.267,0.2,0.8,0.222,0.333,0.2,0.4,0.5,0.1,0.4,0.5,1.5,0.4,0.1,0.6,0.9,1.6,0.0,0.0,1210.0,0.0,0.0,0.0,0.0,0.0,0.0,0.0,0.0,0.0,0.0,0.0,0.0,0.0,11.0,0.0,73.0,6.0,24.0,0.25,4.0,15.0,0.267,2.0,9.0,0.222,0.333,2.0,4.0,0.5,1.0,4.0,5.0,17.0,4.0,1.0,7.0,10.0,18.0,0.0,6.0,0.349,0.625,0.167,1.5,6.5,3.9,34.1,2.8,1.0,21.4,19.8,-0.2,0.0,-0.1,-0.082,-3.9,-0.4,-4.3,0.0,0.0,2011
416,Royal Ivey,6.2,0.6,1.5,0.421,0.3,0.6,0.438,0.4,0.9,0.409,0.513,0.1,0.1,1.0,0.1,0.6,0.6,0.3,0.2,0.0,0.2,0.7,1.6,0.0,0.0,1210.0,0.0,0.0,0.0,0.0,0.0,0.0,0.0,0.0,0.0,0.0,0.0,0.0,0.0,25.0,0.0,155.0,16.0,38.0,0.421,7.0,16.0,0.438,9.0,22.0,0.409,0.513,2.0,2.0,1.0,2.0,14.0,16.0,7.0,6.0,1.0,5.0,17.0,41.0,0.0,8.2,0.527,0.421,0.053,1.6,10.2,6.0,6.8,2.0,0.5,11.4,12.8,0.1,0.1,0.2,0.06,-3.2,0.8,-2.3,0.0,0.0,2011
417,Sean Marks,7.2,0.7,1.5,0.432,0.1,0.1,1.0,0.6,1.4,0.405,0.455,0.2,0.3,0.625,0.6,0.8,1.4,0.1,0.1,0.2,0.4,1.5,1.6,0.0,0.0,1210.0,0.0,0.0,0.0,0.0,0.0,0.0,0.0,0.0,0.0,0.0,0.0,0.0,0.0,29.0,0.0,208.0,19.0,44.0,0.432,2.0,2.0,1.0,17.0,42.0,0.405,0.455,5.0,8.0,0.625,16.0,24.0,40.0,4.0,3.0,5.0,11.0,44.0,45.0,0.0,4.9,0.473,0.045,0.182,9.0,14.8,11.8,2.9,0.8,2.0,18.8,13.1,-0.1,0.2,0.1,0.019,-7.3,-0.8,-8.1,-0.3,0.0,2011
418,Andy Rautins,4.8,0.6,1.4,0.429,0.2,0.8,0.25,0.4,0.6,0.667,0.5,0.2,0.4,0.5,0.0,0.2,0.2,0.6,0.2,0.0,1.4,0.0,1.6,0.0,0.0,1210.0,0.0,0.0,0.0,0.0,0.0,0.0,0.0,0.0,0.0,0.0,0.0,0.0,0.0,5.0,0.0,24.0,3.0,7.0,0.429,1.0,4.0,0.25,2.0,3.0,0.667,0.5,1.0,2.0,0.5,0.0,1.0,1.0,3.0,1.0,0.0,7.0,0.0,8.0,0.0,-1.2,0.508,0.571,0.286,0.0,4.8,2.4,18.7,2.1,0.0,47.0,27.5,-0.2,0.0,-0.2,-0.314,-8.0,-5.2,-13.2,-0.1,0.0,2011
419,Quinton Ross,9.8,0.7,1.6,0.441,0.0,0.1,0.0,0.7,1.6,0.464,0.441,0.1,0.4,0.357,0.3,0.6,0.8,0.3,0.1,0.2,0.2,1.1,1.6,0.0,0.0,1210.0,0.0,0.0,0.0,0.0,0.0,0.0,0.0,0.0,0.0,0.0,0.0,0.0,0.0,36.0,4.0,353.0,26.0,59.0,0.441,0.0,3.0,0.0,26.0,56.0,0.464,0.441,5.0,14.0,0.357,10.0,20.0,30.0,10.0,3.0,6.0,7.0,40.0,57.0,0.0,3.7,0.437,0.051,0.237,3.3,6.9,5.0,4.3,0.5,1.3,9.7,9.5,-0.1,0.1,0.0,-0.007,-5.3,-0.8,-6.2,-0.4,0.0,2011
420,Darius Songaila,7.1,0.7,1.5,0.467,0.0,0.0,0.0,0.7,1.5,0.467,0.467,0.2,0.4,0.5,0.2,0.8,1.0,0.2,0.0,0.0,0.4,1.6,1.6,0.0,0.0,1210.0,0.0,0.0,0.0,0.0,0.0,0.0,0.0,0.0,0.0,0.0,0.0,0.0,0.0,10.0,0.0,71.0,7.0,15.0,0.467,0.0,0.0,0.0,7.0,15.0,0.467,0.467,2.0,4.0,0.5,2.0,8.0,10.0,2.0,0.0,0.0,4.0,16.0,16.0,0.0,1.2,0.477,0.0,0.267,3.2,13.0,8.1,4.1,0.0,0.0,19.3,13.5,-0.1,0.1,0.0,-0.019,-8.9,-1.4,-10.3,-0.1,0.0,2011
421,Luke Babbitt,5.7,0.6,2.3,0.273,0.1,0.7,0.188,0.5,1.6,0.308,0.3,0.1,0.4,0.333,0.3,1.0,1.3,0.3,0.1,0.1,0.3,0.6,1.5,0.0,0.0,1210.0,0.0,0.0,0.0,0.0,0.0,0.0,0.0,0.0,0.0,0.0,0.0,0.0,0.0,24.0,0.0,137.0,15.0,55.0,0.273,3.0,16.0,0.188,12.0,39.0,0.308,0.3,3.0,9.0,0.333,6.0,24.0,30.0,6.0,2.0,2.0,8.0,15.0,36.0,0.0,1.0,0.305,0.291,0.164,5.1,22.4,13.4,6.9,0.8,1.2,11.9,22.8,-0.6,0.1,-0.4,-0.143,-8.3,-2.5,-10.8,-0.3,0.0,2011
422,Antonio Daniels,8.8,0.5,1.3,0.4,0.0,0.5,0.0,0.5,0.8,0.667,0.4,0.5,0.5,1.0,0.0,1.3,1.3,0.5,0.0,0.0,0.3,0.0,1.5,0.0,0.0,1210.0,0.0,0.0,0.0,0.0,0.0,0.0,0.0,0.0,0.0,0.0,0.0,0.0,0.0,4.0,0.0,35.0,2.0,5.0,0.4,0.0,2.0,0.0,2.0,3.0,0.667,0.4,2.0,2.0,1.0,0.0,5.0,5.0,2.0,0.0,0.0,1.0,0.0,6.0,0.0,6.7,0.51,0.4,0.4,0.0,16.5,8.2,7.9,0.0,0.0,14.5,9.1,0.0,0.0,0.0,0.044,-4.8,-1.1,-6.0,0.0,0.0,2011
423,D.J. Mbenga,8.0,0.6,1.2,0.469,0.0,0.0,0.0,0.6,1.2,0.469,0.469,0.3,0.4,0.722,0.9,1.2,2.1,0.1,0.1,0.7,0.5,1.3,1.4,0.0,0.0,1210.0,0.0,0.0,0.0,0.0,0.0,0.0,0.0,0.0,0.0,0.0,0.0,0.0,0.0,41.0,0.0,330.0,23.0,49.0,0.469,0.0,0.0,0.0,23.0,49.0,0.469,0.469,13.0,18.0,0.722,35.0,51.0,86.0,6.0,6.0,27.0,21.0,52.0,59.0,0.0,9.7,0.518,0.0,0.367,12.8,18.9,15.9,2.7,1.0,6.8,27.0,11.3,0.0,0.6,0.5,0.076,-4.7,1.8,-2.8,-0.1,0.0,2011
424,Fabricio Oberto,9.0,0.6,1.0,0.6,0.0,0.0,0.0,0.6,1.0,0.6,0.6,0.2,0.4,0.5,0.6,0.8,1.4,0.0,0.0,0.0,0.6,2.0,1.4,0.0,0.0,1210.0,0.0,0.0,0.0,0.0,0.0,0.0,0.0,0.0,0.0,0.0,0.0,0.0,0.0,5.0,0.0,45.0,3.0,5.0,0.6,0.0,0.0,0.0,3.0,5.0,0.6,0.6,1.0,2.0,0.5,3.0,4.0,7.0,0.0,0.0,0.0,3.0,10.0,7.0,0.0,0.8,0.595,0.0,0.4,7.8,11.4,9.5,0.0,0.0,0.0,33.8,9.2,0.0,0.0,0.0,-0.012,-8.7,-1.6,-10.3,-0.1,0.0,2011
425,Malik Allen,9.9,0.6,1.7,0.355,0.0,0.0,0.0,0.6,1.7,0.355,0.355,0.1,0.1,0.5,0.7,1.1,1.8,0.2,0.1,0.2,0.2,1.7,1.3,0.0,0.0,1210.0,0.0,0.0,0.0,0.0,0.0,0.0,0.0,0.0,0.0,0.0,0.0,0.0,0.0,18.0,0.0,178.0,11.0,31.0,0.355,0.0,0.0,0.0,11.0,31.0,0.355,0.355,1.0,2.0,0.5,12.0,20.0,32.0,4.0,1.0,4.0,3.0,30.0,23.0,0.0,3.3,0.361,0.0,0.065,8.1,12.8,10.5,3.3,0.3,1.7,8.6,9.1,-0.1,0.2,0.2,0.046,-5.8,0.5,-5.4,-0.2,0.0,2011
426,DeSagana Diop,11.3,0.5,1.5,0.333,0.0,0.0,0.0,0.5,1.5,0.333,0.333,0.3,0.7,0.364,0.8,1.8,2.5,0.4,0.3,0.9,0.7,1.6,1.3,0.0,0.0,1210.0,0.0,0.0,0.0,0.0,0.0,0.0,0.0,0.0,0.0,0.0,0.0,0.0,0.0,16.0,0.0,181.0,8.0,24.0,0.333,0.0,0.0,0.0,8.0,24.0,0.333,0.333,4.0,11.0,0.364,12.0,28.0,40.0,7.0,4.0,15.0,11.0,26.0,20.0,0.0,5.4,0.347,0.0,0.458,8.0,18.9,13.4,5.7,1.2,6.7,27.6,10.3,-0.3,0.3,-0.1,-0.016,-6.7,1.8,-4.9,-0.1,0.0,2011
427,Hasheem Thabeet,7.9,0.4,0.9,0.425,0.0,0.0,0.0,0.4,0.9,0.425,0.425,0.4,0.7,0.543,0.5,1.1,1.6,0.1,0.2,0.3,0.4,1.6,1.1,0.0,0.0,1210.0,0.0,0.0,0.0,0.0,0.0,0.0,0.0,0.0,0.0,0.0,0.0,0.0,0.0,47.0,0.0,373.0,17.0,40.0,0.425,0.0,0.0,0.0,17.0,40.0,0.425,0.425,19.0,35.0,0.543,24.0,51.0,75.0,4.0,9.0,16.0,17.0,76.0,53.0,0.0,4.7,0.478,0.0,0.875,7.6,16.5,12.0,1.4,1.3,3.5,23.5,8.7,-0.2,0.5,0.3,0.043,-6.5,0.9,-5.7,-0.3,0.0,2011
428,Brian Scalabrine,4.9,0.6,1.1,0.526,0.0,0.3,0.0,0.6,0.8,0.714,0.526,0.0,0.0,0.0,0.1,0.4,0.4,0.3,0.2,0.2,0.3,1.0,1.1,0.0,0.0,1210.0,0.0,0.0,0.0,0.0,0.0,0.0,0.0,0.0,0.0,0.0,0.0,0.0,0.0,18.0,0.0,88.0,10.0,19.0,0.526,0.0,5.0,0.0,10.0,14.0,0.714,0.526,0.0,0.0,0.0,1.0,7.0,8.0,6.0,3.0,4.0,5.0,18.0,20.0,0.0,6.5,0.526,0.263,0.0,1.4,9.1,5.3,10.4,1.8,3.5,20.8,12.5,0.0,0.2,0.1,0.071,-6.5,2.7,-3.8,0.0,0.0,2011
429,Cole Aldrich,7.9,0.4,0.8,0.533,0.0,0.0,0.0,0.4,0.8,0.533,0.533,0.1,0.2,0.5,0.7,1.2,1.9,0.2,0.3,0.4,0.4,1.7,1.0,0.0,0.0,1210.0,0.0,0.0,0.0,0.0,0.0,0.0,0.0,0.0,0.0,0.0,0.0,0.0,0.0,18.0,0.0,142.0,8.0,15.0,0.533,0.0,0.0,0.0,8.0,15.0,0.533,0.533,2.0,4.0,0.5,13.0,22.0,35.0,4.0,5.0,7.0,8.0,30.0,18.0,0.0,7.0,0.537,0.0,0.267,11.1,17.5,14.4,4.0,1.8,3.6,32.3,7.9,0.0,0.2,0.2,0.066,-5.6,1.6,-4.0,-0.1,0.0,2011
430,Marcus Cousin,4.5,0.5,0.8,0.667,0.0,0.0,0.0,0.5,0.8,0.667,0.667,0.0,0.0,0.0,0.0,0.8,0.8,0.0,0.0,0.3,0.3,0.3,1.0,0.0,0.0,1210.0,0.0,0.0,0.0,0.0,0.0,0.0,0.0,0.0,0.0,0.0,0.0,0.0,0.0,4.0,0.0,18.0,2.0,3.0,0.667,0.0,0.0,0.0,2.0,3.0,0.667,0.667,0.0,0.0,0.0,0.0,3.0,3.0,0.0,0.0,1.0,1.0,1.0,4.0,0.0,7.8,0.667,0.0,0.0,0.0,20.3,10.1,0.0,0.0,4.5,25.0,10.2,0.0,0.0,0.0,0.008,-4.3,-2.7,-7.1,0.0,0.0,2011
431,Orien Greene,1.7,0.3,0.7,0.5,0.0,0.0,0.0,0.3,0.7,0.5,0.5,0.3,0.7,0.5,0.0,0.0,0.0,0.3,0.3,0.0,0.0,0.0,1.0,0.0,0.0,1210.0,0.0,0.0,0.0,0.0,0.0,0.0,0.0,0.0,0.0,0.0,0.0,0.0,0.0,3.0,0.0,5.0,1.0,2.0,0.5,0.0,0.0,0.0,1.0,2.0,0.5,0.5,1.0,2.0,0.5,0.0,0.0,0.0,1.0,1.0,0.0,0.0,0.0,3.0,0.0,33.0,0.521,0.0,1.0,0.0,0.0,0.0,37.8,10.7,0.0,0.0,26.7,0.0,0.0,0.0,0.293,6.0,9.1,15.1,0.0,0.0,2011
432,John Lucas III,5.0,0.5,1.5,0.333,0.0,0.5,0.0,0.5,1.0,0.5,0.333,0.0,1.0,0.0,0.0,0.0,0.0,0.5,0.0,0.0,0.0,0.0,1.0,0.0,0.0,1210.0,0.0,0.0,0.0,0.0,0.0,0.0,0.0,0.0,0.0,0.0,0.0,0.0,0.0,2.0,0.0,10.0,1.0,3.0,0.333,0.0,1.0,0.0,1.0,2.0,0.5,0.333,0.0,2.0,0.0,0.0,0.0,0.0,1.0,0.0,0.0,0.0,0.0,2.0,0.0,-0.1,0.258,0.333,0.667,0.0,0.0,0.0,15.0,0.0,0.0,0.0,17.8,0.0,0.0,0.0,-0.121,-6.3,-3.3,-9.6,0.0,0.0,2011
433,Morris Peterson,5.8,0.5,1.3,0.4,0.0,0.3,0.0,0.5,1.0,0.5,0.4,0.0,0.0,0.0,0.0,0.8,0.8,0.3,0.0,0.0,0.0,1.3,1.0,0.0,0.0,1210.0,0.0,0.0,0.0,0.0,0.0,0.0,0.0,0.0,0.0,0.0,0.0,0.0,0.0,4.0,0.0,23.0,2.0,5.0,0.4,0.0,1.0,0.0,2.0,4.0,0.5,0.4,0.0,0.0,0.0,0.0,3.0,3.0,1.0,0.0,0.0,0.0,5.0,4.0,0.0,1.7,0.4,0.2,0.0,0.0,14.8,7.6,6.4,0.0,0.0,0.0,9.9,0.0,0.0,0.0,0.015,-8.7,-1.0,-9.8,0.0,0.0,2011
434,Dexter Pittman,5.5,0.5,1.5,0.333,0.0,0.0,0.0,0.5,1.5,0.333,0.333,0.0,0.0,0.0,0.5,1.0,1.5,0.0,0.0,0.0,1.0,1.0,1.0,0.0,0.0,1210.0,0.0,0.0,0.0,0.0,0.0,0.0,0.0,0.0,0.0,0.0,0.0,0.0,0.0,2.0,0.0,11.0,1.0,3.0,0.333,0.0,0.0,0.0,1.0,3.0,0.333,0.333,0.0,0.0,0.0,1.0,2.0,3.0,0.0,0.0,0.0,2.0,2.0,2.0,0.0,-6.4,0.333,0.0,0.0,11.5,20.4,16.2,0.0,0.0,0.0,40.0,21.3,-0.1,0.0,-0.1,-0.246,-15.1,-2.8,-17.9,0.0,0.0,2011
435,Sherron Collins,3.3,0.4,1.3,0.28,0.1,0.5,0.2,0.3,0.8,0.333,0.32,0.1,0.1,1.0,0.0,0.3,0.3,0.4,0.1,0.0,0.2,0.1,0.9,0.0,0.0,1210.0,0.0,0.0,0.0,0.0,0.0,0.0,0.0,0.0,0.0,0.0,0.0,0.0,0.0,20.0,0.0,66.0,7.0,25.0,0.28,2.0,10.0,0.2,5.0,15.0,0.333,0.32,1.0,1.0,1.0,0.0,5.0,5.0,8.0,2.0,0.0,4.0,2.0,17.0,0.0,3.6,0.334,0.4,0.04,0.0,9.2,4.6,19.6,1.6,0.0,13.6,20.9,-0.2,0.0,-0.2,-0.121,-6.0,-2.1,-8.0,-0.1,0.0,2011
436,Hamady N'Diaye,5.0,0.3,0.3,0.8,0.0,0.0,0.0,0.3,0.3,0.8,0.8,0.4,0.8,0.5,0.1,0.3,0.4,0.0,0.1,0.3,0.2,1.1,0.9,0.0,0.0,1210.0,0.0,0.0,0.0,0.0,0.0,0.0,0.0,0.0,0.0,0.0,0.0,0.0,0.0,16.0,0.0,80.0,4.0,5.0,0.8,0.0,0.0,0.0,4.0,5.0,0.8,0.8,6.0,12.0,0.5,2.0,5.0,7.0,0.0,2.0,5.0,3.0,18.0,14.0,0.0,5.3,0.681,0.0,2.4,2.8,7.4,5.0,0.0,1.3,4.8,22.6,7.3,0.0,0.0,0.1,0.046,-6.9,0.6,-6.3,-0.1,0.0,2011
437,DeMarre Carroll,4.2,0.3,1.0,0.333,0.0,0.0,0.0,0.3,1.0,0.333,0.333,0.2,0.2,1.0,0.2,0.5,0.7,0.3,0.1,0.1,0.0,0.4,0.8,0.0,0.0,1210.0,0.0,0.0,0.0,0.0,0.0,0.0,0.0,0.0,0.0,0.0,0.0,0.0,0.0,12.0,0.0,50.0,4.0,12.0,0.333,0.0,0.0,0.0,4.0,12.0,0.333,0.333,2.0,2.0,1.0,2.0,6.0,8.0,4.0,1.0,1.0,0.0,5.0,10.0,0.0,8.7,0.388,0.0,0.167,4.7,14.5,9.6,10.7,1.0,1.6,0.0,11.6,0.0,0.0,0.1,0.066,-2.9,-0.5,-3.5,0.0,0.0,2011
438,Jarron Collins,6.5,0.2,0.8,0.286,0.0,0.0,0.0,0.2,0.8,0.286,0.286,0.3,0.4,0.7,0.5,0.4,0.9,0.1,0.1,0.0,0.3,1.0,0.7,0.0,0.0,1210.0,0.0,0.0,0.0,0.0,0.0,0.0,0.0,0.0,0.0,0.0,0.0,0.0,0.0,28.0,0.0,181.0,6.0,21.0,0.286,0.0,0.0,0.0,6.0,21.0,0.286,0.286,7.0,10.0,0.7,14.0,10.0,24.0,2.0,4.0,1.0,7.0,29.0,19.0,0.0,1.6,0.374,0.0,0.476,9.1,6.4,7.9,1.5,1.1,0.4,21.6,8.1,-0.1,0.1,-0.1,-0.016,-7.4,-1.5,-8.9,-0.3,0.0,2011
439,Ronald Dupree,4.3,0.3,1.3,0.25,0.0,0.3,0.0,0.3,1.0,0.333,0.25,0.0,0.0,0.0,0.0,1.0,1.0,0.3,0.0,0.0,0.0,0.7,0.7,0.0,0.0,1210.0,0.0,0.0,0.0,0.0,0.0,0.0,0.0,0.0,0.0,0.0,0.0,0.0,0.0,3.0,0.0,13.0,1.0,4.0,0.25,0.0,1.0,0.0,1.0,3.0,0.333,0.25,0.0,0.0,0.0,0.0,3.0,3.0,1.0,0.0,0.0,0.0,2.0,2.0,0.0,0.5,0.25,0.25,0.0,0.0,28.0,13.7,10.7,0.0,0.0,0.0,13.8,0.0,0.0,0.0,-0.094,-7.3,-2.7,-10.0,0.0,0.0,2011
440,Jason Kapono,4.7,0.3,1.2,0.25,0.0,0.3,0.125,0.3,0.8,0.3,0.268,0.0,0.1,0.5,0.1,0.3,0.5,0.2,0.1,0.0,0.1,0.2,0.7,0.0,0.0,1210.0,0.0,0.0,0.0,0.0,0.0,0.0,0.0,0.0,0.0,0.0,0.0,0.0,0.0,24.0,2.0,112.0,7.0,28.0,0.25,1.0,8.0,0.125,6.0,20.0,0.3,0.268,1.0,2.0,0.5,3.0,8.0,11.0,4.0,2.0,1.0,2.0,4.0,16.0,0.0,1.6,0.277,0.286,0.071,3.1,8.2,5.7,5.0,0.9,0.7,6.5,12.7,-0.3,0.1,-0.2,-0.07,-5.7,-1.7,-7.4,-0.2,0.0,2011
441,Ime Udoka,6.5,0.3,1.1,0.238,0.0,0.4,0.0,0.3,0.7,0.385,0.238,0.2,0.4,0.5,0.3,0.7,1.0,0.7,0.4,0.1,0.3,0.7,0.7,0.0,0.0,1210.0,0.0,0.0,0.0,0.0,0.0,0.0,0.0,0.0,0.0,0.0,0.0,0.0,0.0,20.0,0.0,130.0,5.0,21.0,0.238,0.0,8.0,0.0,5.0,13.0,0.385,0.238,4.0,8.0,0.5,5.0,14.0,19.0,13.0,8.0,1.0,5.0,14.0,14.0,0.0,5.3,0.285,0.381,0.381,4.6,12.2,8.5,13.2,3.2,0.5,16.9,10.4,-0.2,0.2,0.0,0.008,-5.9,2.8,-3.1,0.0,0.0,2011
442,Solomon Alabi,4.9,0.3,1.3,0.2,0.0,0.0,0.0,0.3,1.3,0.2,0.2,0.0,0.2,0.0,0.6,0.6,1.2,0.2,0.2,0.2,0.3,0.4,0.5,0.0,0.0,1210.0,0.0,0.0,0.0,0.0,0.0,0.0,0.0,0.0,0.0,0.0,0.0,0.0,0.0,12.0,0.0,59.0,3.0,15.0,0.2,0.0,0.0,0.0,3.0,15.0,0.2,0.2,0.0,2.0,0.0,7.0,7.0,14.0,2.0,2.0,2.0,3.0,5.0,6.0,0.0,2.0,0.189,0.0,0.133,13.7,14.4,14.1,4.6,1.8,2.6,15.9,14.3,-0.2,0.0,-0.2,-0.142,-6.0,-2.9,-8.9,-0.1,0.0,2011
443,Joe Smith,4.3,0.2,1.0,0.188,0.0,0.0,0.0,0.2,1.0,0.188,0.188,0.1,0.1,1.0,0.2,1.1,1.3,0.3,0.0,0.3,0.3,0.8,0.5,0.0,0.0,1210.0,0.0,0.0,0.0,0.0,0.0,0.0,0.0,0.0,0.0,0.0,0.0,0.0,0.0,16.0,3.0,69.0,3.0,16.0,0.188,0.0,0.0,0.0,3.0,16.0,0.188,0.188,2.0,2.0,1.0,3.0,18.0,21.0,4.0,0.0,4.0,5.0,13.0,8.0,0.0,-0.1,0.237,0.0,0.125,5.1,28.9,17.3,8.0,0.0,4.4,22.9,14.5,-0.3,0.1,-0.1,-0.099,-10.1,0.8,-9.2,-0.1,0.0,2011
444,Patrick Ewing,2.7,0.0,0.7,0.0,0.0,0.3,0.0,0.0,0.4,0.0,0.0,0.4,0.6,0.75,0.1,0.1,0.3,0.3,0.0,0.1,0.1,0.1,0.4,0.0,0.0,1210.0,0.0,0.0,0.0,0.0,0.0,0.0,0.0,0.0,0.0,0.0,0.0,0.0,0.0,7.0,0.0,19.0,0.0,5.0,0.0,0.0,2.0,0.0,0.0,3.0,0.0,0.0,3.0,4.0,0.75,1.0,1.0,2.0,2.0,0.0,1.0,1.0,1.0,3.0,0.0,0.6,0.222,0.4,0.8,6.4,6.4,6.4,14.2,0.0,4.4,12.9,19.5,-0.1,0.0,-0.1,-0.158,-5.6,-3.4,-9.1,0.0,0.0,2011
445,Pops Mensah-Bonsu,5.0,0.1,0.4,0.333,0.0,0.0,0.0,0.1,0.4,0.333,0.333,0.0,0.0,0.0,0.4,1.1,1.6,0.3,0.0,0.0,0.3,1.6,0.3,0.0,0.0,1210.0,0.0,0.0,0.0,0.0,0.0,0.0,0.0,0.0,0.0,0.0,0.0,0.0,0.0,7.0,0.0,35.0,1.0,3.0,0.333,0.0,0.0,0.0,1.0,3.0,0.333,0.333,0.0,0.0,0.0,3.0,8.0,11.0,2.0,0.0,0.0,2.0,11.0,2.0,0.0,-0.1,0.333,0.0,0.0,10.4,28.0,19.1,8.0,0.0,0.0,40.0,6.8,0.0,0.0,0.0,0.013,-9.1,0.7,-8.4,-0.1,0.0,2011
446,Antoine Wright,4.4,0.1,1.1,0.125,0.0,0.6,0.0,0.1,0.6,0.25,0.125,0.0,0.0,0.0,0.3,0.1,0.4,0.0,0.1,0.0,0.1,0.4,0.3,0.0,0.0,1210.0,0.0,0.0,0.0,0.0,0.0,0.0,0.0,0.0,0.0,0.0,0.0,0.0,0.0,7.0,0.0,31.0,1.0,8.0,0.125,0.0,4.0,0.0,1.0,4.0,0.25,0.125,0.0,0.0,0.0,2.0,1.0,3.0,0.0,1.0,0.0,1.0,3.0,2.0,0.0,-4.8,0.125,0.5,0.0,7.2,3.8,5.5,0.0,1.6,0.0,11.1,12.6,-0.1,0.0,-0.1,-0.179,-11.2,-3.2,-14.3,-0.1,0.0,2011
447,Theo Ratliff,7.1,0.1,0.6,0.167,0.0,0.0,0.0,0.1,0.6,0.167,0.167,0.0,0.2,0.0,0.6,0.7,1.3,0.3,0.2,0.5,0.3,0.7,0.2,0.0,0.0,1210.0,0.0,0.0,0.0,0.0,0.0,0.0,0.0,0.0,0.0,0.0,0.0,0.0,0.0,10.0,0.0,71.0,1.0,6.0,0.167,0.0,0.0,0.0,1.0,6.0,0.167,0.167,0.0,2.0,0.0,6.0,7.0,13.0,3.0,2.0,5.0,3.0,7.0,2.0,0.0,4.4,0.145,0.0,0.333,9.9,10.8,10.4,5.5,1.5,5.4,30.4,6.3,-0.1,0.1,0.0,0.0,-4.9,1.4,-3.5,0.0,0.0,2011
448,Gani Lawal,2.0,0.0,0.0,0.0,0.0,0.0,0.0,0.0,0.0,0.0,0.0,0.0,0.0,0.0,0.0,0.0,0.0,0.0,0.0,0.0,0.0,1.0,0.0,0.0,0.0,1210.0,0.0,0.0,0.0,0.0,0.0,0.0,0.0,0.0,0.0,0.0,0.0,0.0,0.0,1.0,0.0,2.0,0.0,0.0,0.0,0.0,0.0,0.0,0.0,0.0,0.0,0.0,0.0,0.0,0.0,0.0,0.0,0.0,0.0,0.0,0.0,0.0,1.0,0.0,0.0,-9.1,0.0,0.0,0.0,0.0,0.0,0.0,0.0,0.0,0.0,0.0,0.0,0.0,0.0,0.0,-0.009,-16.9,1.9,-15.0,0.0,0.0,2011
449,Bobby Simmons,8.0,0.0,1.5,0.0,0.0,1.5,0.0,0.0,0.0,0.0,0.0,0.0,0.0,0.0,0.0,0.0,0.0,1.0,0.0,0.0,0.0,1.0,0.0,0.0,0.0,1210.0,0.0,0.0,0.0,0.0,0.0,0.0,0.0,0.0,0.0,0.0,0.0,0.0,0.0,2.0,0.0,16.0,0.0,3.0,0.0,0.0,3.0,0.0,0.0,0.0,0.0,0.0,0.0,0.0,0.0,0.0,0.0,0.0,2.0,0.0,0.0,0.0,2.0,0.0,0.0,-5.5,0.0,1.0,0.0,0.0,0.0,0.0,15.7,0.0,0.0,0.0,8.6,0.0,0.0,0.0,-0.138,-8.9,-2.9,-11.8,0.0,0.0,2011
450,Brian Skinner,3.0,0.0,0.0,0.0,0.0,0.0,0.0,0.0,0.0,0.0,0.0,0.0,0.0,0.0,0.0,0.0,0.0,0.0,0.0,0.0,0.0,0.0,0.0,0.0,0.0,1210.0,0.0,0.0,0.0,0.0,0.0,0.0,0.0,0.0,0.0,0.0,0.0,0.0,0.0,2.0,0.0,6.0,0.0,0.0,0.0,0.0,0.0,0.0,0.0,0.0,0.0,0.0,0.0,0.0,0.0,0.0,0.0,0.0,0.0,0.0,0.0,0.0,0.0,0.0,0.0,0.0,0.0,0.0,0.0,0.0,0.0,0.0,0.0,0.0,0.0,0.0,0.0,0.0,0.0,0.0,0.023,-3.8,-0.6,-4.3,0.0,0.0,2011
451,Hassan Whiteside,2.0,0.0,0.0,0.0,0.0,0.0,0.0,0.0,0.0,0.0,0.0,0.0,0.0,0.0,0.0,0.0,0.0,0.0,0.0,0.0,0.0,2.0,0.0,0.0,0.0,1210.0,0.0,0.0,0.0,0.0,0.0,0.0,0.0,0.0,0.0,0.0,0.0,0.0,0.0,1.0,0.0,2.0,0.0,0.0,0.0,0.0,0.0,0.0,0.0,0.0,0.0,0.0,0.0,0.0,0.0,0.0,0.0,0.0,0.0,0.0,0.0,0.0,2.0,0.0,0.0,-17.9,0.0,0.0,0.0,0.0,0.0,0.0,0.0,0.0,0.0,0.0,0.0,0.0,0.0,0.0,0.007,-27.9,0.0,-27.9,0.0,0.0,2011
