,Player,MPPG,FGPG,FGAPG,FG%PG,3PPG,3PAPG,3P%PG,2PPG,2PAPG,2P%PG,eFG%PG,FTPG,FTAPG,FT%PG,ORBPG,DRBPG,TRBPG,ASTPG,STLPG,BLKPG,TOVPG,PFPG,PTSPG,First,Pts Won,Pts Max,Share,G_x,MP_x,PTS_x,TRB_x,AST_x,STL_x,BLK_x,FG%_x,3P%_x,FT%_x,WS_x,WS/48_x,G_y,GS,MP_y,FG,FGA,FG%_y,3P,3PA,3P%_y,2P,2PA,2P%,eFG%,FT,FTA,FT%_y,ORB,DRB,TRB_y,AST_y,STL_y,BLK_y,TOV,PF,PTS_y,Trp-Dbl,PER,TS%,3PAr,FTr,ORB%,DRB%,TRB%,AST%,STL%,BLK%,TOV%,USG%,OWS,DWS,WS_y,WS/48_y,OBPM,DBPM,BPM,VORP,First Pts Share,Year
0,Kevin Durant,38.6,9.7,19.7,0.496,2.0,5.2,0.387,7.7,14.4,0.535,0.547,6.5,7.6,0.86,0.6,7.4,8.0,3.5,1.3,1.2,3.8,2.0,28.0,24.0,889.0,1210.0,0.735,66.0,38.6,28.0,8.0,3.5,1.3,1.2,0.496,0.387,0.86,12.2,0.23,66.0,66.0,2546.0,643.0,1297.0,0.496,133.0,344.0,0.387,510.0,953.0,0.535,0.547,431.0,501.0,0.86,40.0,487.0,527.0,231.0,88.0,77.0,248.0,133.0,1850.0,0.0,26.2,0.61,0.265,0.386,1.9,20.4,11.8,17.5,1.8,2.2,14.0,31.3,8.5,3.7,12.2,0.23,6.2,0.8,7.0,5.8,0.019834710743801654,2012
1,Kobe Bryant,38.5,9.9,23.0,0.43,1.5,4.9,0.303,8.4,18.1,0.464,0.462,6.6,7.8,0.845,1.1,4.3,5.4,4.6,1.2,0.3,3.5,1.8,27.9,2.0,352.0,1210.0,0.291,58.0,38.5,27.9,5.4,4.6,1.2,0.3,0.43,0.303,0.845,6.2,0.132,58.0,58.0,2232.0,574.0,1336.0,0.43,87.0,287.0,0.303,487.0,1049.0,0.464,0.462,381.0,451.0,0.845,66.0,247.0,313.0,264.0,69.0,18.0,204.0,105.0,1616.0,0.0,21.9,0.527,0.215,0.338,3.5,11.8,7.8,23.7,1.6,0.6,11.7,35.7,4.2,2.0,6.2,0.132,4.2,-0.9,3.3,2.9,0.001652892561983471,2012
2,LeBron James,37.5,10.0,18.9,0.531,0.9,2.4,0.362,9.1,16.5,0.556,0.554,6.2,8.1,0.771,1.5,6.4,7.9,6.2,1.9,0.8,3.4,1.5,27.1,85.0,1074.0,1210.0,0.888,62.0,37.5,27.1,7.9,6.2,1.9,0.8,0.531,0.362,0.771,14.5,0.298,62.0,62.0,2326.0,621.0,1169.0,0.531,54.0,149.0,0.362,567.0,1020.0,0.556,0.554,387.0,502.0,0.771,94.0,398.0,492.0,387.0,115.0,50.0,213.0,96.0,1683.0,0.0,30.7,0.605,0.127,0.429,5.0,19.7,12.6,33.6,2.6,1.7,13.3,32.0,10.0,4.5,14.5,0.298,8.2,2.7,10.9,7.6,0.07024793388429752,2012
3,Kevin Love,39.0,8.6,19.3,0.448,1.9,5.1,0.372,6.7,14.1,0.475,0.497,6.9,8.4,0.824,4.1,9.2,13.3,2.0,0.9,0.5,2.3,2.8,26.0,0.0,58.0,1210.0,0.048,55.0,39.0,26.0,13.3,2.0,0.9,0.5,0.448,0.372,0.824,10.0,0.223,55.0,55.0,2145.0,474.0,1059.0,0.448,105.0,282.0,0.372,369.0,777.0,0.475,0.497,379.0,460.0,0.824,226.0,508.0,734.0,111.0,47.0,28.0,128.0,152.0,1432.0,0.0,25.4,0.568,0.266,0.434,11.6,26.4,19.0,10.0,1.1,0.9,9.2,28.8,7.6,2.3,10.0,0.223,6.1,-0.9,5.2,3.9,0.0,2012
4,Russell Westbrook,35.3,8.8,19.2,0.457,0.9,3.0,0.316,7.8,16.2,0.482,0.481,5.2,6.3,0.823,1.5,3.1,4.6,5.5,1.7,0.3,3.6,2.2,23.6,0.0,4.0,1210.0,0.003,66.0,35.3,23.6,4.6,5.5,1.7,0.3,0.457,0.316,0.823,7.9,0.163,66.0,66.0,2331.0,578.0,1266.0,0.457,62.0,196.0,0.316,516.0,1070.0,0.482,0.481,340.0,413.0,0.823,96.0,205.0,301.0,362.0,112.0,21.0,239.0,147.0,1558.0,0.0,22.9,0.538,0.155,0.326,5.0,9.4,7.4,29.8,2.5,0.7,14.2,32.7,5.5,2.4,7.9,0.163,3.7,-0.7,3.0,3.0,0.0,2012
5,Carmelo Anthony,34.1,8.0,18.6,0.43,1.2,3.7,0.335,6.8,14.9,0.454,0.463,5.4,6.7,0.804,1.6,4.7,6.3,3.6,1.1,0.4,2.6,2.8,22.6,0.0,0.0,1210.0,0.0,0.0,0.0,0.0,0.0,0.0,0.0,0.0,0.0,0.0,0.0,0.0,0.0,55.0,55.0,1876.0,441.0,1025.0,0.43,68.0,203.0,0.335,373.0,822.0,0.454,0.463,295.0,367.0,0.804,88.0,256.0,344.0,200.0,62.0,24.0,144.0,156.0,1245.0,1.0,21.1,0.525,0.198,0.358,5.4,15.9,10.6,21.0,1.7,1.0,10.8,31.8,3.7,2.6,6.2,0.16,3.8,-0.2,3.6,2.7,0.0,2012
6,Dwyane Wade,33.2,8.5,17.1,0.497,0.3,1.1,0.268,8.2,15.9,0.513,0.506,4.8,6.1,0.791,1.5,3.3,4.8,4.6,1.7,1.3,2.6,2.2,22.1,0.0,6.0,1210.0,0.005,49.0,33.2,22.1,4.8,4.6,1.7,1.3,0.497,0.268,0.791,7.7,0.227,49.0,49.0,1625.0,416.0,837.0,0.497,15.0,56.0,0.268,401.0,781.0,0.513,0.506,235.0,297.0,0.791,73.0,164.0,237.0,225.0,82.0,63.0,129.0,110.0,1082.0,0.0,26.3,0.559,0.067,0.355,5.6,11.6,8.7,27.3,2.7,3.1,11.8,31.3,4.8,2.9,7.7,0.227,6.0,1.9,7.9,4.0,0.0,2012
7,Derrick Rose,35.3,7.7,17.8,0.435,1.4,4.4,0.312,6.4,13.4,0.475,0.473,5.0,6.1,0.812,0.7,2.7,3.4,7.9,0.9,0.7,3.1,1.3,21.8,0.0,5.0,1210.0,0.004,39.0,35.3,21.8,3.4,7.9,0.9,0.7,0.435,0.312,0.812,6.0,0.211,39.0,39.0,1375.0,302.0,695.0,0.435,54.0,173.0,0.312,248.0,522.0,0.475,0.473,194.0,239.0,0.812,26.0,105.0,131.0,307.0,35.0,28.0,119.0,52.0,852.0,0.0,23.0,0.532,0.249,0.344,2.1,8.4,5.3,40.3,1.4,1.4,12.9,30.5,4.1,2.0,6.0,0.211,6.1,0.3,6.4,2.9,0.0,2012
8,LaMarcus Aldridge,36.3,8.8,17.1,0.512,0.0,0.2,0.182,8.7,16.9,0.516,0.513,4.1,5.0,0.814,2.7,5.3,8.0,2.4,0.9,0.8,2.0,2.8,21.7,0.0,0.0,1210.0,0.0,0.0,0.0,0.0,0.0,0.0,0.0,0.0,0.0,0.0,0.0,0.0,0.0,55.0,55.0,1994.0,483.0,943.0,0.512,2.0,11.0,0.182,481.0,932.0,0.516,0.513,223.0,274.0,0.814,150.0,292.0,442.0,134.0,51.0,45.0,111.0,153.0,1191.0,0.0,22.7,0.56,0.012,0.291,8.6,17.5,12.9,13.2,1.3,1.7,9.5,27.0,5.4,1.6,7.0,0.169,3.4,-0.4,3.0,2.5,0.0,2012
9,Dirk Nowitzki,33.5,7.6,16.7,0.457,1.3,3.4,0.368,6.4,13.3,0.481,0.495,5.1,5.7,0.896,0.7,6.0,6.7,2.2,0.7,0.5,1.9,2.1,21.6,0.0,4.0,1210.0,0.003,62.0,33.5,21.6,6.7,2.2,0.7,0.5,0.457,0.368,0.896,7.6,0.175,62.0,62.0,2079.0,473.0,1034.0,0.457,78.0,212.0,0.368,395.0,822.0,0.481,0.495,318.0,355.0,0.896,46.0,372.0,418.0,136.0,42.0,30.0,117.0,129.0,1342.0,0.0,21.7,0.564,0.205,0.343,2.5,19.9,11.3,12.6,1.1,1.2,9.0,29.2,5.0,2.6,7.6,0.175,3.7,0.1,3.7,3.0,0.0,2012
10,Deron Williams,36.3,7.1,17.5,0.407,2.1,6.2,0.336,5.0,11.3,0.446,0.467,4.7,5.5,0.843,0.4,2.9,3.3,8.7,1.2,0.4,4.0,2.2,21.0,0.0,0.0,1210.0,0.0,0.0,0.0,0.0,0.0,0.0,0.0,0.0,0.0,0.0,0.0,0.0,0.0,55.0,55.0,1999.0,391.0,961.0,0.407,115.0,342.0,0.336,276.0,619.0,0.446,0.467,257.0,305.0,0.843,23.0,160.0,183.0,481.0,67.0,20.0,219.0,121.0,1154.0,0.0,20.3,0.527,0.356,0.317,1.3,9.6,5.3,46.6,1.8,0.8,16.7,30.1,3.7,0.4,4.1,0.099,4.2,-1.9,2.3,2.2,0.0,2012
11,Blake Griffin,36.2,8.5,15.5,0.549,0.0,0.2,0.125,8.5,15.2,0.556,0.55,3.7,7.1,0.521,3.3,7.6,10.9,3.2,0.8,0.7,2.3,3.3,20.7,0.0,0.0,1210.0,0.0,0.0,0.0,0.0,0.0,0.0,0.0,0.0,0.0,0.0,0.0,0.0,0.0,66.0,66.0,2392.0,561.0,1022.0,0.549,2.0,16.0,0.125,559.0,1006.0,0.556,0.55,244.0,468.0,0.521,218.0,499.0,717.0,210.0,54.0,48.0,150.0,216.0,1368.0,0.0,23.4,0.557,0.016,0.458,10.7,25.1,17.8,16.6,1.2,1.7,10.9,26.6,6.6,2.6,9.2,0.185,3.9,-0.2,3.7,3.4,0.0,2012
12,Eric Gordon,34.4,7.0,15.6,0.45,1.1,4.4,0.25,5.9,11.1,0.53,0.486,5.4,7.2,0.754,0.2,2.6,2.8,3.4,1.4,0.4,2.7,2.2,20.6,0.0,0.0,1210.0,0.0,0.0,0.0,0.0,0.0,0.0,0.0,0.0,0.0,0.0,0.0,0.0,0.0,9.0,9.0,310.0,63.0,140.0,0.45,10.0,40.0,0.25,53.0,100.0,0.53,0.486,49.0,65.0,0.754,2.0,23.0,25.0,31.0,13.0,4.0,24.0,20.0,185.0,0.0,19.2,0.549,0.286,0.464,0.8,8.7,4.8,19.3,2.3,1.1,12.5,29.4,0.5,0.3,0.7,0.115,2.2,-0.3,1.9,0.3,0.0,2012
13,Dwight Howard,38.3,7.7,13.4,0.573,0.0,0.1,0.0,7.7,13.3,0.579,0.573,5.2,10.6,0.491,3.7,10.8,14.5,1.9,1.5,2.1,3.2,2.9,20.6,0.0,13.0,1210.0,0.011,54.0,38.3,20.6,14.5,1.9,1.5,2.1,0.573,0.0,0.491,7.7,0.179,54.0,54.0,2070.0,416.0,726.0,0.573,0.0,7.0,0.0,416.0,719.0,0.579,0.573,281.0,572.0,0.491,200.0,585.0,785.0,104.0,81.0,116.0,175.0,159.0,1113.0,0.0,24.2,0.569,0.01,0.788,11.0,33.1,21.9,9.8,2.1,4.4,15.2,26.1,3.3,4.4,7.7,0.179,2.2,2.0,4.3,3.3,0.0,2012
14,Monta Ellis,36.6,7.8,17.9,0.433,1.1,3.5,0.308,6.7,14.5,0.462,0.463,3.8,4.7,0.796,0.3,3.1,3.4,6.0,1.5,0.3,3.1,2.3,20.4,0.0,0.0,1210.0,0.0,0.0,0.0,0.0,0.0,0.0,0.0,0.0,0.0,0.0,0.0,0.0,0.0,58.0,58.0,2120.0,450.0,1040.0,0.433,62.0,201.0,0.308,388.0,839.0,0.462,0.463,219.0,275.0,0.796,20.0,180.0,200.0,346.0,85.0,18.0,177.0,136.0,1181.0,0.0,17.5,0.509,0.193,0.264,1.1,9.6,5.3,28.6,2.1,0.6,13.2,28.7,1.6,0.9,2.6,0.059,1.0,-1.3,-0.3,0.9,0.0,2012
15,David Lee,37.2,8.1,16.2,0.503,0.0,0.1,0.0,8.1,16.1,0.506,0.503,3.8,4.9,0.782,3.0,6.6,9.6,2.8,0.9,0.4,2.6,3.1,20.1,0.0,0.0,1210.0,0.0,0.0,0.0,0.0,0.0,0.0,0.0,0.0,0.0,0.0,0.0,0.0,0.0,57.0,57.0,2121.0,464.0,922.0,0.503,0.0,5.0,0.0,464.0,917.0,0.506,0.503,219.0,280.0,0.782,171.0,374.0,545.0,162.0,54.0,22.0,149.0,179.0,1147.0,1.0,19.7,0.549,0.005,0.304,9.2,19.9,14.6,13.6,1.3,0.8,12.5,26.0,3.8,1.2,5.0,0.113,1.2,-1.6,-0.3,0.9,0.0,2012
16,Chris Paul,36.4,7.1,14.8,0.478,1.3,3.6,0.371,5.8,11.3,0.511,0.522,4.3,5.0,0.861,0.7,2.9,3.6,9.1,2.5,0.1,2.1,2.3,19.8,6.0,385.0,1210.0,0.318,60.0,36.4,19.8,3.6,9.1,2.5,0.1,0.478,0.371,0.861,12.7,0.278,60.0,60.0,2181.0,425.0,890.0,0.478,79.0,213.0,0.371,346.0,677.0,0.511,0.522,260.0,302.0,0.861,42.0,171.0,213.0,543.0,152.0,4.0,124.0,138.0,1189.0,0.0,27.0,0.581,0.239,0.339,2.3,9.4,5.8,43.8,3.8,0.2,10.8,24.3,10.4,2.3,12.7,0.278,6.7,2.4,9.2,6.1,0.0049586776859504135,2012
17,Andrea Bargnani,33.3,6.7,15.6,0.432,1.1,3.7,0.296,5.6,11.9,0.474,0.467,4.9,5.6,0.873,0.8,4.8,5.5,2.0,0.6,0.5,2.2,1.7,19.5,0.0,0.0,1210.0,0.0,0.0,0.0,0.0,0.0,0.0,0.0,0.0,0.0,0.0,0.0,0.0,0.0,31.0,31.0,1032.0,209.0,484.0,0.432,34.0,115.0,0.296,175.0,369.0,0.474,0.467,151.0,173.0,0.873,24.0,148.0,172.0,61.0,18.0,15.0,69.0,52.0,603.0,0.0,17.9,0.538,0.238,0.357,2.8,16.6,9.8,11.6,0.9,1.2,11.0,28.7,1.3,0.9,2.2,0.104,2.4,-1.3,1.1,0.8,0.0,2012
18,Paul Pierce,34.0,6.5,14.6,0.443,1.6,4.5,0.366,4.8,10.1,0.476,0.499,4.8,5.6,0.852,0.6,4.6,5.2,4.5,1.1,0.4,2.8,2.4,19.4,0.0,0.0,1210.0,0.0,0.0,0.0,0.0,0.0,0.0,0.0,0.0,0.0,0.0,0.0,0.0,0.0,61.0,61.0,2075.0,394.0,890.0,0.443,100.0,273.0,0.366,294.0,617.0,0.476,0.499,293.0,344.0,0.852,37.0,280.0,317.0,274.0,70.0,26.0,173.0,147.0,1181.0,0.0,19.6,0.567,0.307,0.387,2.2,15.2,9.0,24.3,1.8,1.0,14.2,28.1,3.3,3.7,7.0,0.161,3.0,1.1,4.2,3.2,0.0,2012
19,Al Jefferson,34.0,8.5,17.2,0.492,0.0,0.1,0.25,8.4,17.1,0.493,0.493,2.2,2.9,0.774,2.2,7.4,9.6,2.2,0.8,1.7,1.0,2.5,19.2,0.0,0.0,1210.0,0.0,0.0,0.0,0.0,0.0,0.0,0.0,0.0,0.0,0.0,0.0,0.0,0.0,61.0,61.0,2075.0,516.0,1048.0,0.492,1.0,4.0,0.25,515.0,1044.0,0.493,0.493,137.0,177.0,0.774,133.0,452.0,585.0,134.0,47.0,101.0,62.0,155.0,1170.0,0.0,22.8,0.52,0.004,0.169,7.3,25.3,16.2,12.1,1.2,3.9,5.2,25.7,4.9,2.5,7.5,0.173,3.5,0.2,3.7,3.0,0.0,2012
20,Brook Lopez,27.2,7.6,15.4,0.494,0.0,0.0,0.0,7.6,15.4,0.494,0.494,4.0,6.4,0.625,1.6,2.0,3.6,1.2,0.2,0.8,1.2,1.6,19.2,0.0,0.0,1210.0,0.0,0.0,0.0,0.0,0.0,0.0,0.0,0.0,0.0,0.0,0.0,0.0,0.0,5.0,5.0,136.0,38.0,77.0,0.494,0.0,0.0,0.0,38.0,77.0,0.494,0.494,20.0,32.0,0.625,8.0,10.0,18.0,6.0,1.0,4.0,6.0,8.0,96.0,0.0,21.9,0.527,0.0,0.416,6.6,8.8,7.7,10.2,0.4,2.3,6.2,32.7,0.3,0.0,0.3,0.091,3.4,-2.8,0.6,0.1,0.0,2012
21,Brandon Jennings,35.3,7.1,17.0,0.418,2.0,5.9,0.332,5.2,11.1,0.464,0.476,2.9,3.6,0.808,0.7,2.7,3.4,5.5,1.6,0.3,2.2,1.7,19.1,0.0,0.0,1210.0,0.0,0.0,0.0,0.0,0.0,0.0,0.0,0.0,0.0,0.0,0.0,0.0,0.0,66.0,66.0,2331.0,469.0,1121.0,0.418,129.0,388.0,0.332,340.0,733.0,0.464,0.476,193.0,239.0,0.808,49.0,177.0,226.0,365.0,104.0,22.0,146.0,114.0,1260.0,0.0,18.4,0.514,0.346,0.213,2.3,8.6,5.3,26.7,2.3,0.7,10.6,25.9,3.8,1.8,5.5,0.114,3.0,-0.3,2.7,2.8,0.0,2012
22,Rudy Gay,37.3,7.5,16.4,0.455,0.8,2.7,0.312,6.6,13.8,0.482,0.48,3.2,4.0,0.791,2.0,4.4,6.4,2.3,1.5,0.8,2.5,2.1,19.0,0.0,0.0,1210.0,0.0,0.0,0.0,0.0,0.0,0.0,0.0,0.0,0.0,0.0,0.0,0.0,0.0,65.0,65.0,2422.0,485.0,1067.0,0.455,54.0,173.0,0.312,431.0,894.0,0.482,0.48,208.0,263.0,0.791,130.0,287.0,417.0,147.0,95.0,55.0,161.0,138.0,1232.0,0.0,17.8,0.521,0.162,0.246,6.1,14.1,10.1,10.8,2.1,1.8,12.0,25.1,2.8,3.3,6.0,0.12,1.7,0.2,1.9,2.4,0.0,2012
23,Joe Johnson,35.5,7.1,15.5,0.454,2.1,5.4,0.388,5.0,10.2,0.489,0.521,2.6,3.1,0.849,0.9,2.8,3.7,3.9,0.8,0.2,1.9,1.3,18.8,0.0,1.0,1210.0,0.001,60.0,35.5,18.8,3.7,3.9,0.8,0.2,0.454,0.388,0.849,6.4,0.145,60.0,60.0,2127.0,423.0,931.0,0.454,125.0,322.0,0.388,298.0,609.0,0.489,0.521,158.0,186.0,0.849,53.0,168.0,221.0,232.0,48.0,13.0,116.0,75.0,1129.0,0.0,18.4,0.557,0.346,0.2,2.9,9.2,6.1,19.7,1.2,0.5,10.3,24.9,4.4,2.1,6.4,0.145,3.1,-1.0,2.1,2.2,0.0,2012
24,Josh Smith,35.3,7.6,16.7,0.458,0.4,1.7,0.257,7.2,15.0,0.48,0.47,3.1,4.9,0.63,2.1,7.5,9.6,3.9,1.4,1.7,2.5,2.6,18.8,0.0,0.0,1210.0,0.0,0.0,0.0,0.0,0.0,0.0,0.0,0.0,0.0,0.0,0.0,0.0,0.0,66.0,66.0,2329.0,504.0,1101.0,0.458,28.0,109.0,0.257,476.0,992.0,0.48,0.47,203.0,322.0,0.63,136.0,496.0,632.0,257.0,93.0,115.0,164.0,172.0,1239.0,0.0,21.1,0.499,0.099,0.292,6.9,24.8,15.9,20.6,2.1,3.8,11.7,28.4,1.9,4.9,6.8,0.139,1.7,2.1,3.8,3.3,0.0,2012
25,Andrew Bynum,35.2,7.4,13.3,0.558,0.0,0.1,0.2,7.4,13.2,0.56,0.558,3.9,5.6,0.692,3.2,8.6,11.8,1.4,0.5,1.9,2.5,1.7,18.7,0.0,0.0,1210.0,0.0,0.0,0.0,0.0,0.0,0.0,0.0,0.0,0.0,0.0,0.0,0.0,0.0,60.0,60.0,2112.0,444.0,796.0,0.558,1.0,5.0,0.2,443.0,791.0,0.56,0.558,234.0,338.0,0.692,192.0,517.0,709.0,85.0,27.0,116.0,152.0,104.0,1123.0,0.0,22.9,0.594,0.006,0.425,10.6,26.1,18.7,7.4,0.7,4.0,13.9,23.8,4.8,3.3,8.0,0.183,2.7,0.2,2.9,2.6,0.0,2012
26,Danny Granger,33.3,6.3,15.2,0.416,2.0,5.2,0.381,4.3,10.0,0.434,0.481,4.1,4.7,0.873,1.3,3.7,5.0,1.8,1.0,0.6,1.8,2.3,18.7,0.0,0.0,1210.0,0.0,0.0,0.0,0.0,0.0,0.0,0.0,0.0,0.0,0.0,0.0,0.0,0.0,62.0,62.0,2062.0,391.0,941.0,0.416,123.0,323.0,0.381,268.0,618.0,0.434,0.481,254.0,291.0,0.873,79.0,228.0,307.0,109.0,62.0,40.0,110.0,144.0,1159.0,0.0,18.6,0.542,0.343,0.309,4.3,12.3,8.4,9.7,1.6,1.5,9.3,25.9,4.5,2.2,6.7,0.155,3.5,-0.6,2.9,2.5,0.0,2012
27,Marcus Thornton,34.9,6.9,15.7,0.438,2.1,6.1,0.345,4.8,9.7,0.497,0.505,2.8,3.2,0.865,1.6,2.0,3.7,1.9,1.4,0.2,1.6,2.2,18.7,0.0,0.0,1210.0,0.0,0.0,0.0,0.0,0.0,0.0,0.0,0.0,0.0,0.0,0.0,0.0,0.0,51.0,51.0,1780.0,352.0,803.0,0.438,107.0,310.0,0.345,245.0,493.0,0.497,0.505,141.0,163.0,0.865,84.0,104.0,188.0,98.0,71.0,12.0,84.0,111.0,952.0,0.0,17.4,0.544,0.386,0.203,4.9,6.7,5.8,9.4,2.0,0.5,8.8,23.4,3.7,0.1,3.8,0.103,2.4,-1.4,1.1,1.4,0.0,2012
28,Kyrie Irving,30.5,6.9,14.6,0.469,1.4,3.6,0.399,5.4,11.1,0.491,0.517,3.4,3.8,0.872,0.9,2.9,3.7,5.4,1.1,0.4,3.1,2.2,18.5,0.0,0.0,1210.0,0.0,0.0,0.0,0.0,0.0,0.0,0.0,0.0,0.0,0.0,0.0,0.0,0.0,51.0,51.0,1558.0,350.0,747.0,0.469,73.0,183.0,0.399,277.0,564.0,0.491,0.517,171.0,196.0,0.872,44.0,147.0,191.0,275.0,54.0,20.0,160.0,110.0,944.0,0.0,21.4,0.566,0.245,0.262,3.1,11.2,7.0,36.5,1.8,1.0,16.1,28.7,3.4,0.6,4.1,0.125,4.6,-0.5,4.1,2.4,0.0,2012
29,Tony Parker,32.1,7.1,14.8,0.48,0.2,1.0,0.23,6.9,13.8,0.498,0.488,3.8,4.7,0.799,0.4,2.5,2.9,7.7,1.0,0.1,2.6,1.3,18.3,4.0,331.0,1210.0,0.274,60.0,32.1,18.3,2.9,7.7,1.0,0.1,0.48,0.23,0.799,7.1,0.177,60.0,60.0,1923.0,427.0,890.0,0.48,14.0,61.0,0.23,413.0,829.0,0.498,0.488,227.0,284.0,0.799,22.0,149.0,171.0,463.0,57.0,5.0,153.0,75.0,1095.0,0.0,22.0,0.539,0.069,0.319,1.3,8.7,5.1,40.3,1.5,0.2,13.1,27.7,5.5,1.6,7.1,0.177,3.6,-0.9,2.7,2.3,0.003305785123966942,2012
30,DeMarcus Cousins,30.5,7.0,15.6,0.448,0.0,0.2,0.143,7.0,15.4,0.453,0.449,4.1,5.8,0.702,4.1,6.8,11.0,1.6,1.5,1.2,2.7,4.0,18.1,0.0,0.0,1210.0,0.0,0.0,0.0,0.0,0.0,0.0,0.0,0.0,0.0,0.0,0.0,0.0,0.0,64.0,62.0,1950.0,448.0,999.0,0.448,2.0,14.0,0.143,446.0,985.0,0.453,0.449,262.0,373.0,0.702,265.0,438.0,703.0,102.0,93.0,75.0,170.0,257.0,1160.0,0.0,21.7,0.499,0.014,0.373,14.2,25.9,19.8,9.5,2.4,2.8,12.8,29.7,2.1,2.2,4.2,0.104,0.4,-1.3,-0.8,0.6,0.0,2012
31,Chris Bosh,35.2,6.9,14.2,0.487,0.2,0.6,0.286,6.7,13.5,0.496,0.493,4.0,4.9,0.821,1.6,6.3,7.9,1.8,0.9,0.8,2.1,2.2,18.0,0.0,0.0,1210.0,0.0,0.0,0.0,0.0,0.0,0.0,0.0,0.0,0.0,0.0,0.0,0.0,0.0,57.0,57.0,2007.0,393.0,807.0,0.487,10.0,35.0,0.286,383.0,772.0,0.496,0.493,229.0,279.0,0.821,94.0,358.0,452.0,103.0,51.0,45.0,117.0,128.0,1025.0,0.0,18.9,0.551,0.043,0.346,5.8,20.5,13.5,9.1,1.3,1.8,11.2,24.2,3.6,3.3,6.9,0.165,1.0,-0.2,0.8,1.4,0.0,2012
32,Amar'e Stoudemire,32.8,6.7,13.9,0.483,0.1,0.4,0.238,6.6,13.5,0.491,0.487,4.0,5.2,0.765,2.3,5.6,7.8,1.1,0.8,1.0,2.4,2.9,17.5,0.0,0.0,1210.0,0.0,0.0,0.0,0.0,0.0,0.0,0.0,0.0,0.0,0.0,0.0,0.0,0.0,47.0,47.0,1543.0,316.0,654.0,0.483,5.0,21.0,0.238,311.0,633.0,0.491,0.487,186.0,243.0,0.765,106.0,261.0,367.0,52.0,38.0,45.0,112.0,138.0,823.0,0.0,17.7,0.541,0.032,0.372,7.9,19.8,13.7,6.3,1.3,2.3,12.8,25.4,1.8,2.3,4.1,0.128,0.1,-0.4,-0.3,0.7,0.0,2012
33,Pau Gasol,37.4,7.1,14.1,0.501,0.1,0.4,0.259,7.0,13.7,0.508,0.504,3.1,4.0,0.782,2.8,7.6,10.4,3.6,0.6,1.4,2.2,2.0,17.4,0.0,0.0,1210.0,0.0,0.0,0.0,0.0,0.0,0.0,0.0,0.0,0.0,0.0,0.0,0.0,0.0,65.0,65.0,2430.0,459.0,917.0,0.501,7.0,27.0,0.259,452.0,890.0,0.508,0.504,204.0,261.0,0.782,183.0,495.0,678.0,237.0,37.0,88.0,142.0,127.0,1129.0,1.0,20.4,0.547,0.029,0.285,8.8,21.8,15.6,17.2,0.8,2.6,12.1,22.1,5.2,3.1,8.3,0.165,2.6,0.8,3.4,3.3,0.0,2012
34,Antawn Jamison,33.1,6.5,16.1,0.403,1.4,4.1,0.341,5.1,12.0,0.425,0.447,2.8,4.2,0.683,1.9,4.4,6.3,2.0,0.8,0.7,1.4,2.5,17.2,0.0,0.0,1210.0,0.0,0.0,0.0,0.0,0.0,0.0,0.0,0.0,0.0,0.0,0.0,0.0,0.0,65.0,65.0,2151.0,421.0,1044.0,0.403,91.0,267.0,0.341,330.0,777.0,0.425,0.447,185.0,271.0,0.683,123.0,285.0,408.0,131.0,51.0,43.0,90.0,164.0,1118.0,0.0,16.1,0.481,0.256,0.26,6.3,15.7,10.8,11.9,1.2,1.5,7.2,26.2,2.1,1.0,3.1,0.07,1.4,-1.6,-0.3,0.9,0.0,2012
35,Kevin Martin,31.6,5.6,13.4,0.413,2.0,5.6,0.347,3.6,7.8,0.462,0.486,4.0,4.5,0.894,0.3,2.3,2.7,2.8,0.7,0.1,1.8,1.8,17.1,0.0,0.0,1210.0,0.0,0.0,0.0,0.0,0.0,0.0,0.0,0.0,0.0,0.0,0.0,0.0,0.0,40.0,40.0,1264.0,222.0,537.0,0.413,78.0,225.0,0.347,144.0,312.0,0.462,0.486,160.0,179.0,0.894,13.0,93.0,106.0,110.0,28.0,3.0,70.0,70.0,682.0,0.0,16.5,0.554,0.419,0.333,1.2,8.6,4.9,14.5,1.2,0.2,10.2,24.7,2.7,0.6,3.3,0.125,2.3,-1.1,1.3,1.0,0.0,2012
36,James Harden,31.4,5.0,10.1,0.491,1.8,4.7,0.39,3.1,5.4,0.579,0.582,5.0,6.0,0.846,0.5,3.6,4.1,3.7,1.0,0.2,2.2,2.4,16.8,0.0,0.0,1210.0,0.0,0.0,0.0,0.0,0.0,0.0,0.0,0.0,0.0,0.0,0.0,0.0,0.0,62.0,2.0,1946.0,309.0,629.0,0.491,114.0,292.0,0.39,195.0,337.0,0.579,0.582,312.0,369.0,0.846,30.0,222.0,252.0,229.0,62.0,15.0,137.0,150.0,1044.0,0.0,21.1,0.66,0.464,0.587,1.9,12.2,7.4,19.3,1.6,0.6,14.8,21.6,7.5,1.8,9.3,0.23,4.1,0.2,4.3,3.1,0.0,2012
37,DeMar DeRozan,35.0,6.0,14.3,0.422,0.4,1.5,0.261,5.7,12.9,0.44,0.435,4.3,5.3,0.81,0.6,2.7,3.3,2.0,0.8,0.3,2.0,2.6,16.7,0.0,0.0,1210.0,0.0,0.0,0.0,0.0,0.0,0.0,0.0,0.0,0.0,0.0,0.0,0.0,0.0,63.0,63.0,2206.0,381.0,903.0,0.422,24.0,92.0,0.261,357.0,811.0,0.44,0.435,268.0,331.0,0.81,40.0,171.0,211.0,128.0,48.0,17.0,123.0,162.0,1054.0,0.0,12.8,0.503,0.102,0.367,2.1,9.0,5.6,10.8,1.2,0.6,10.5,25.0,1.1,1.4,2.5,0.054,-1.4,-1.3,-2.7,-0.4,0.0,2012
38,Paul Millsap,32.8,6.7,13.5,0.495,0.1,0.5,0.226,6.5,13.0,0.505,0.499,3.2,4.0,0.792,2.8,6.0,8.8,2.3,1.8,0.8,1.8,3.5,16.6,0.0,0.0,1210.0,0.0,0.0,0.0,0.0,0.0,0.0,0.0,0.0,0.0,0.0,0.0,0.0,0.0,64.0,62.0,2100.0,426.0,861.0,0.495,7.0,31.0,0.226,419.0,830.0,0.505,0.499,202.0,255.0,0.792,180.0,383.0,563.0,150.0,118.0,52.0,112.0,222.0,1061.0,0.0,21.8,0.545,0.036,0.296,9.7,21.2,15.4,12.4,2.9,2.0,10.3,23.2,4.9,2.9,7.8,0.179,2.6,1.3,3.9,3.1,0.0,2012
39,Tyreke Evans,34.3,6.5,14.3,0.453,0.3,1.6,0.202,6.2,12.7,0.484,0.464,3.2,4.1,0.779,1.0,3.6,4.6,4.5,1.3,0.5,2.7,2.2,16.5,0.0,0.0,1210.0,0.0,0.0,0.0,0.0,0.0,0.0,0.0,0.0,0.0,0.0,0.0,0.0,0.0,63.0,61.0,2162.0,408.0,900.0,0.453,20.0,99.0,0.202,388.0,801.0,0.484,0.464,201.0,258.0,0.779,64.0,225.0,289.0,283.0,84.0,29.0,171.0,136.0,1037.0,0.0,16.4,0.512,0.11,0.287,3.1,12.0,7.3,22.1,2.0,1.0,14.4,23.8,2.0,0.6,2.7,0.059,0.3,-0.9,-0.6,0.8,0.0,2012
40,Ty Lawson,34.8,6.1,12.6,0.488,1.2,3.3,0.365,4.9,9.3,0.531,0.535,2.9,3.5,0.824,0.9,2.8,3.7,6.6,1.3,0.1,2.4,1.5,16.4,0.0,0.0,1210.0,0.0,0.0,0.0,0.0,0.0,0.0,0.0,0.0,0.0,0.0,0.0,0.0,0.0,61.0,61.0,2124.0,374.0,767.0,0.488,73.0,200.0,0.365,301.0,567.0,0.531,0.535,178.0,216.0,0.824,54.0,173.0,227.0,401.0,82.0,6.0,149.0,94.0,999.0,0.0,19.4,0.579,0.261,0.282,3.1,9.2,6.2,30.2,2.0,0.2,14.7,21.2,5.7,1.2,6.9,0.157,3.6,-0.4,3.2,2.8,0.0,2012
41,John Wall,36.2,5.7,13.5,0.423,0.0,0.6,0.071,5.7,12.9,0.44,0.424,4.8,6.1,0.789,0.7,3.8,4.5,8.0,1.4,0.9,3.9,2.1,16.3,0.0,0.0,1210.0,0.0,0.0,0.0,0.0,0.0,0.0,0.0,0.0,0.0,0.0,0.0,0.0,0.0,66.0,66.0,2386.0,378.0,894.0,0.423,3.0,42.0,0.071,375.0,852.0,0.44,0.424,317.0,402.0,0.789,48.0,252.0,300.0,530.0,95.0,57.0,255.0,137.0,1076.0,0.0,17.7,0.502,0.047,0.45,2.2,12.0,7.1,36.9,2.1,1.8,19.2,24.9,1.7,1.9,3.5,0.071,1.3,-0.6,0.7,1.6,0.0,2012
42,Ryan Anderson,32.2,5.4,12.4,0.439,2.7,6.9,0.393,2.7,5.5,0.496,0.548,2.5,2.8,0.877,3.7,4.0,7.7,0.9,0.8,0.4,0.9,2.4,16.1,0.0,0.0,1210.0,0.0,0.0,0.0,0.0,0.0,0.0,0.0,0.0,0.0,0.0,0.0,0.0,0.0,61.0,61.0,1964.0,332.0,757.0,0.439,166.0,422.0,0.393,166.0,335.0,0.496,0.548,150.0,171.0,0.877,224.0,247.0,471.0,54.0,50.0,26.0,57.0,146.0,980.0,0.0,21.2,0.589,0.557,0.226,13.0,14.7,13.8,5.1,1.4,1.0,6.4,21.2,7.0,1.9,8.9,0.219,5.2,-1.1,4.0,3.0,0.0,2012
43,Kevin Garnett,31.1,6.5,13.0,0.503,0.1,0.2,0.333,6.5,12.8,0.505,0.505,2.7,3.2,0.857,1.1,7.1,8.2,2.9,0.9,1.0,1.8,2.4,15.8,0.0,0.0,1210.0,0.0,0.0,0.0,0.0,0.0,0.0,0.0,0.0,0.0,0.0,0.0,0.0,0.0,60.0,60.0,1864.0,391.0,777.0,0.503,3.0,9.0,0.333,388.0,768.0,0.505,0.505,162.0,189.0,0.857,66.0,428.0,494.0,175.0,56.0,61.0,107.0,141.0,947.0,0.0,20.4,0.55,0.012,0.243,4.4,25.8,15.6,17.9,1.6,2.5,11.1,24.9,2.6,4.3,6.9,0.178,1.8,2.5,4.3,2.9,0.0,2012
44,Jarrett Jack,34.0,5.9,13.0,0.456,0.9,2.5,0.348,5.0,10.5,0.482,0.49,2.9,3.3,0.872,0.5,3.4,3.9,6.3,0.7,0.2,2.4,2.1,15.6,0.0,0.0,1210.0,0.0,0.0,0.0,0.0,0.0,0.0,0.0,0.0,0.0,0.0,0.0,0.0,0.0,45.0,39.0,1530.0,266.0,583.0,0.456,39.0,112.0,0.348,227.0,471.0,0.482,0.49,129.0,148.0,0.872,23.0,153.0,176.0,285.0,31.0,9.0,106.0,93.0,700.0,1.0,17.9,0.54,0.192,0.254,1.8,11.7,6.8,34.0,1.1,0.5,14.1,23.3,2.9,0.9,3.8,0.119,2.5,-0.9,1.6,1.4,0.0,2012
45,Luis Scola,31.3,6.6,13.5,0.491,0.0,0.0,0.0,6.6,13.4,0.493,0.491,2.3,3.0,0.773,1.8,4.6,6.5,2.1,0.5,0.4,2.3,3.2,15.5,0.0,0.0,1210.0,0.0,0.0,0.0,0.0,0.0,0.0,0.0,0.0,0.0,0.0,0.0,0.0,0.0,66.0,66.0,2067.0,436.0,888.0,0.491,0.0,3.0,0.0,436.0,885.0,0.493,0.491,153.0,198.0,0.773,122.0,306.0,428.0,140.0,35.0,24.0,153.0,214.0,1025.0,0.0,15.4,0.526,0.003,0.223,6.8,17.3,12.0,12.0,0.9,0.9,13.6,24.8,1.8,1.6,3.4,0.08,-1.0,-0.9,-1.9,0.0,0.0,2012
46,Tim Duncan,28.2,6.2,12.6,0.492,0.0,0.1,0.0,6.2,12.6,0.495,0.492,3.0,4.3,0.695,1.9,7.1,9.0,2.3,0.7,1.5,1.7,1.7,15.4,0.0,3.0,1210.0,0.002,58.0,28.2,15.4,9.0,2.3,0.7,1.5,0.492,0.0,0.695,5.9,0.174,58.0,58.0,1634.0,361.0,733.0,0.492,0.0,4.0,0.0,361.0,729.0,0.495,0.492,173.0,249.0,0.695,110.0,410.0,520.0,132.0,38.0,88.0,97.0,98.0,895.0,0.0,22.5,0.531,0.005,0.34,7.9,28.2,18.3,13.5,1.2,3.9,10.3,26.2,3.0,2.9,5.9,0.174,2.0,1.3,3.3,2.2,0.0,2012
47,Marcin Gortat,32.0,6.5,11.7,0.555,0.0,0.0,0.0,6.5,11.6,0.557,0.555,2.5,3.8,0.649,2.8,7.2,10.0,0.9,0.7,1.5,1.4,2.2,15.4,0.0,0.0,1210.0,0.0,0.0,0.0,0.0,0.0,0.0,0.0,0.0,0.0,0.0,0.0,0.0,0.0,66.0,66.0,2114.0,427.0,769.0,0.555,0.0,2.0,0.0,427.0,767.0,0.557,0.555,163.0,251.0,0.649,185.0,474.0,659.0,59.0,48.0,99.0,90.0,142.0,1017.0,0.0,21.2,0.578,0.003,0.326,10.0,25.0,17.6,4.8,1.2,3.4,9.3,20.8,4.9,2.7,7.6,0.172,2.2,0.0,2.2,2.3,0.0,2012
48,Greg Monroe,31.5,6.2,11.8,0.521,0.0,0.0,0.0,6.2,11.8,0.522,0.521,3.0,4.1,0.739,3.6,6.0,9.7,2.3,1.3,0.7,2.4,2.7,15.4,0.0,0.0,1210.0,0.0,0.0,0.0,0.0,0.0,0.0,0.0,0.0,0.0,0.0,0.0,0.0,0.0,66.0,66.0,2082.0,407.0,781.0,0.521,0.0,1.0,0.0,407.0,780.0,0.522,0.521,201.0,272.0,0.739,239.0,398.0,637.0,152.0,83.0,46.0,161.0,180.0,1015.0,0.0,22.0,0.563,0.001,0.348,13.3,23.6,18.3,14.0,2.1,1.7,15.2,23.6,4.3,2.7,7.0,0.161,2.8,0.1,2.9,2.6,0.0,2012
49,Luol Deng,39.4,5.8,14.0,0.412,1.5,4.0,0.367,4.3,10.0,0.43,0.464,2.4,3.1,0.77,1.4,5.1,6.5,2.9,1.0,0.7,1.8,1.5,15.3,0.0,0.0,1210.0,0.0,0.0,0.0,0.0,0.0,0.0,0.0,0.0,0.0,0.0,0.0,0.0,0.0,54.0,54.0,2129.0,311.0,755.0,0.412,79.0,215.0,0.367,232.0,540.0,0.43,0.464,127.0,165.0,0.77,77.0,273.0,350.0,157.0,56.0,36.0,96.0,81.0,828.0,0.0,14.1,0.5,0.285,0.219,4.1,14.0,9.2,11.7,1.4,1.2,10.4,19.8,2.3,3.6,5.8,0.132,0.6,1.1,1.7,2.0,0.0,2012
50,Arron Afflalo,33.6,5.3,11.3,0.471,1.4,3.6,0.398,3.9,7.7,0.504,0.534,3.2,4.0,0.798,0.6,2.5,3.2,2.4,0.6,0.2,1.4,2.2,15.2,0.0,0.0,1210.0,0.0,0.0,0.0,0.0,0.0,0.0,0.0,0.0,0.0,0.0,0.0,0.0,0.0,62.0,62.0,2086.0,329.0,699.0,0.471,88.0,221.0,0.398,241.0,478.0,0.504,0.534,197.0,247.0,0.798,40.0,157.0,197.0,149.0,36.0,13.0,85.0,134.0,943.0,0.0,14.7,0.584,0.316,0.353,2.3,8.5,5.5,11.1,0.9,0.5,9.5,19.1,4.7,0.6,5.3,0.121,1.4,-1.2,0.1,1.1,0.0,2012
51,Gerald Henderson,33.3,6.0,13.1,0.459,0.2,0.9,0.234,5.8,12.3,0.475,0.467,2.8,3.7,0.76,1.2,2.9,4.1,2.3,0.9,0.4,1.8,2.3,15.1,0.0,0.0,1210.0,0.0,0.0,0.0,0.0,0.0,0.0,0.0,0.0,0.0,0.0,0.0,0.0,0.0,55.0,55.0,1831.0,332.0,723.0,0.459,11.0,47.0,0.234,321.0,676.0,0.475,0.467,155.0,204.0,0.76,64.0,161.0,225.0,126.0,49.0,20.0,100.0,128.0,830.0,0.0,14.0,0.511,0.065,0.282,3.9,10.5,7.0,13.5,1.4,0.8,11.0,23.0,0.8,0.2,1.0,0.026,-1.0,-1.7,-2.7,-0.3,0.0,2012
52,Jason Terry,31.7,5.7,13.2,0.43,2.2,5.8,0.378,3.5,7.4,0.471,0.513,1.6,1.8,0.883,0.3,2.1,2.4,3.6,1.2,0.2,2.0,1.1,15.1,0.0,0.0,1210.0,0.0,0.0,0.0,0.0,0.0,0.0,0.0,0.0,0.0,0.0,0.0,0.0,0.0,63.0,1.0,2000.0,357.0,830.0,0.43,138.0,365.0,0.378,219.0,465.0,0.471,0.513,98.0,111.0,0.883,16.0,133.0,149.0,226.0,73.0,11.0,127.0,69.0,950.0,0.0,15.7,0.54,0.44,0.134,0.9,7.4,4.2,19.9,1.9,0.4,12.6,23.3,2.0,1.8,3.8,0.092,1.7,-0.3,1.4,1.7,0.0,2012
53,Chauncey Billups,30.4,4.2,11.4,0.364,2.4,6.3,0.384,1.8,5.2,0.34,0.469,4.3,4.8,0.895,0.2,2.3,2.5,4.0,0.5,0.2,1.9,2.0,15.0,0.0,0.0,1210.0,0.0,0.0,0.0,0.0,0.0,0.0,0.0,0.0,0.0,0.0,0.0,0.0,0.0,20.0,20.0,607.0,83.0,228.0,0.364,48.0,125.0,0.384,35.0,103.0,0.34,0.469,85.0,95.0,0.895,4.0,46.0,50.0,80.0,9.0,3.0,38.0,40.0,299.0,0.0,16.1,0.554,0.548,0.417,0.8,9.1,4.9,21.0,0.8,0.4,12.3,23.4,1.5,0.2,1.7,0.135,2.9,-2.0,0.9,0.4,0.0,2012
54,Carlos Boozer,29.5,6.8,12.8,0.532,0.0,0.0,0.0,6.8,12.7,0.533,0.532,1.4,2.1,0.693,1.7,6.8,8.5,1.9,1.0,0.4,1.7,2.5,15.0,0.0,0.0,1210.0,0.0,0.0,0.0,0.0,0.0,0.0,0.0,0.0,0.0,0.0,0.0,0.0,0.0,66.0,66.0,1948.0,448.0,842.0,0.532,0.0,1.0,0.0,448.0,841.0,0.533,0.532,95.0,137.0,0.693,114.0,450.0,564.0,125.0,63.0,24.0,115.0,168.0,991.0,0.0,19.7,0.549,0.001,0.163,6.7,25.3,16.1,11.8,1.7,0.9,11.3,23.8,3.3,4.3,7.6,0.187,1.1,1.6,2.7,2.3,0.0,2012
55,Corey Maggette,27.5,4.3,11.7,0.373,0.8,2.1,0.364,3.6,9.6,0.375,0.405,5.6,6.5,0.856,0.7,3.3,3.9,1.2,0.7,0.0,1.8,2.6,15.0,0.0,0.0,1210.0,0.0,0.0,0.0,0.0,0.0,0.0,0.0,0.0,0.0,0.0,0.0,0.0,0.0,32.0,28.0,881.0,139.0,373.0,0.373,24.0,66.0,0.364,115.0,307.0,0.375,0.405,178.0,208.0,0.856,21.0,104.0,125.0,39.0,23.0,1.0,59.0,83.0,480.0,0.0,14.1,0.517,0.177,0.558,2.6,14.0,8.1,8.3,1.4,0.1,11.3,27.4,0.5,0.1,0.7,0.038,-1.3,-2.6,-3.9,-0.4,0.0,2012
56,Lou Williams,26.3,5.0,12.2,0.407,1.3,3.6,0.362,3.7,8.6,0.425,0.46,3.7,4.6,0.812,0.5,2.0,2.4,3.5,0.8,0.3,1.1,1.4,14.9,0.0,0.0,1210.0,0.0,0.0,0.0,0.0,0.0,0.0,0.0,0.0,0.0,0.0,0.0,0.0,0.0,64.0,0.0,1682.0,318.0,782.0,0.407,83.0,229.0,0.362,235.0,553.0,0.425,0.46,237.0,292.0,0.812,30.0,125.0,155.0,221.0,53.0,18.0,71.0,90.0,956.0,0.0,20.2,0.525,0.293,0.373,2.0,8.3,5.1,22.4,1.7,0.8,7.2,27.4,3.9,2.2,6.1,0.174,3.7,0.2,4.0,2.5,0.0,2012
57,Rodney Stuckey,29.9,4.7,10.9,0.429,0.6,1.9,0.317,4.1,9.0,0.452,0.456,4.9,5.8,0.834,0.7,1.9,2.6,3.8,0.8,0.2,1.9,2.3,14.8,0.0,0.0,1210.0,0.0,0.0,0.0,0.0,0.0,0.0,0.0,0.0,0.0,0.0,0.0,0.0,0.0,55.0,48.0,1644.0,256.0,597.0,0.429,33.0,104.0,0.317,223.0,493.0,0.452,0.456,267.0,320.0,0.834,38.0,104.0,142.0,210.0,44.0,10.0,106.0,124.0,812.0,0.0,17.6,0.55,0.174,0.536,2.7,7.8,5.2,22.7,1.4,0.5,12.6,23.7,3.8,0.7,4.5,0.131,1.7,-1.0,0.6,1.1,0.0,2012
58,Jordan Crawford,27.4,5.5,13.6,0.4,1.2,4.3,0.289,4.2,9.4,0.451,0.446,2.5,3.2,0.793,0.7,1.9,2.6,3.0,0.9,0.1,2.2,1.7,14.7,0.0,0.0,1210.0,0.0,0.0,0.0,0.0,0.0,0.0,0.0,0.0,0.0,0.0,0.0,0.0,0.0,64.0,32.0,1753.0,349.0,872.0,0.4,79.0,273.0,0.289,270.0,599.0,0.451,0.446,161.0,203.0,0.793,44.0,124.0,168.0,190.0,59.0,5.0,141.0,111.0,938.0,0.0,14.5,0.488,0.313,0.233,2.8,8.1,5.4,19.3,1.7,0.2,12.8,28.1,0.3,0.7,1.1,0.029,0.4,-2.1,-1.7,0.1,0.0,2012
59,Stephen Curry,28.2,5.6,11.4,0.49,2.1,4.7,0.455,3.5,6.7,0.514,0.583,1.5,1.8,0.809,0.6,2.8,3.4,5.3,1.5,0.3,2.5,2.4,14.7,0.0,0.0,1210.0,0.0,0.0,0.0,0.0,0.0,0.0,0.0,0.0,0.0,0.0,0.0,0.0,0.0,26.0,23.0,732.0,145.0,296.0,0.49,55.0,121.0,0.455,90.0,175.0,0.514,0.583,38.0,47.0,0.809,15.0,73.0,88.0,138.0,39.0,8.0,65.0,62.0,383.0,0.0,21.2,0.605,0.409,0.159,2.3,11.3,6.8,32.3,2.8,0.8,17.0,24.0,1.8,0.4,2.2,0.144,4.1,0.3,4.3,1.2,0.0,2012
60,Danilo Gallinari,31.4,4.5,10.8,0.414,1.4,4.3,0.328,3.1,6.6,0.47,0.479,4.2,4.9,0.871,0.7,4.0,4.7,2.7,1.0,0.5,1.6,2.0,14.6,0.0,0.0,1210.0,0.0,0.0,0.0,0.0,0.0,0.0,0.0,0.0,0.0,0.0,0.0,0.0,0.0,43.0,40.0,1351.0,193.0,466.0,0.414,60.0,183.0,0.328,133.0,283.0,0.47,0.479,182.0,209.0,0.871,28.0,174.0,202.0,116.0,42.0,23.0,68.0,86.0,628.0,0.0,16.5,0.563,0.393,0.448,2.5,14.6,8.7,13.0,1.6,1.3,10.9,20.7,2.9,1.0,3.9,0.14,1.9,-0.1,1.8,1.3,0.0,2012
61,Marc Gasol,36.5,5.5,11.4,0.482,0.0,0.2,0.083,5.5,11.2,0.489,0.483,3.6,4.9,0.748,1.8,7.1,8.9,3.1,1.0,1.9,1.9,3.1,14.6,0.0,0.0,1210.0,0.0,0.0,0.0,0.0,0.0,0.0,0.0,0.0,0.0,0.0,0.0,0.0,0.0,65.0,65.0,2370.0,357.0,740.0,0.482,1.0,12.0,0.083,356.0,728.0,0.489,0.483,237.0,317.0,0.748,120.0,459.0,579.0,204.0,62.0,121.0,121.0,201.0,952.0,0.0,18.4,0.541,0.016,0.428,5.8,23.1,14.3,14.1,1.4,4.1,12.1,19.1,4.2,4.0,8.2,0.166,1.0,2.1,3.1,3.1,0.0,2012
62,Jeremy Lin,26.9,4.9,10.9,0.446,0.7,2.1,0.32,4.2,8.8,0.477,0.478,4.2,5.2,0.798,0.5,2.5,3.1,6.2,1.6,0.3,3.6,2.2,14.6,0.0,0.0,1210.0,0.0,0.0,0.0,0.0,0.0,0.0,0.0,0.0,0.0,0.0,0.0,0.0,0.0,35.0,25.0,940.0,171.0,383.0,0.446,24.0,75.0,0.32,147.0,308.0,0.477,0.478,146.0,183.0,0.798,18.0,89.0,107.0,216.0,55.0,9.0,126.0,78.0,512.0,0.0,19.9,0.552,0.196,0.478,2.2,11.1,6.6,41.0,3.0,0.8,21.4,28.1,1.3,1.4,2.7,0.14,2.6,1.2,3.8,1.4,0.0,2012
63,Kyle Lowry,32.1,4.5,10.9,0.409,1.7,4.5,0.374,2.8,6.4,0.434,0.486,3.6,4.2,0.864,0.8,3.7,4.5,6.6,1.6,0.3,2.8,2.8,14.3,0.0,0.0,1210.0,0.0,0.0,0.0,0.0,0.0,0.0,0.0,0.0,0.0,0.0,0.0,0.0,0.0,47.0,38.0,1510.0,210.0,513.0,0.409,79.0,211.0,0.374,131.0,302.0,0.434,0.486,171.0,198.0,0.864,37.0,176.0,213.0,310.0,73.0,14.0,130.0,133.0,670.0,1.0,18.8,0.558,0.411,0.386,2.8,13.7,8.2,32.3,2.5,0.7,17.8,22.0,3.3,1.6,4.9,0.156,2.8,1.2,4.1,2.3,0.0,2012
64,Nick Young,27.9,5.1,12.6,0.403,1.7,4.5,0.365,3.4,8.1,0.424,0.469,2.3,2.7,0.852,0.5,1.6,2.1,0.9,0.7,0.3,1.3,2.3,14.2,0.0,0.0,1210.0,0.0,0.0,0.0,0.0,0.0,0.0,0.0,0.0,0.0,0.0,0.0,0.0,0.0,62.0,35.0,1729.0,316.0,784.0,0.403,103.0,282.0,0.365,213.0,502.0,0.424,0.469,144.0,169.0,0.852,31.0,102.0,133.0,56.0,44.0,17.0,83.0,141.0,879.0,0.0,12.9,0.512,0.36,0.216,2.0,6.8,4.4,5.7,1.3,0.8,8.8,24.5,1.4,0.6,1.9,0.053,-0.3,-2.1,-2.4,-0.2,0.0,2012
65,Ray Allen,34.0,4.9,10.7,0.458,2.3,5.1,0.453,2.6,5.6,0.463,0.566,2.1,2.3,0.915,0.3,2.8,3.1,2.4,1.1,0.2,1.5,1.8,14.2,0.0,0.0,1210.0,0.0,0.0,0.0,0.0,0.0,0.0,0.0,0.0,0.0,0.0,0.0,0.0,0.0,46.0,42.0,1565.0,226.0,493.0,0.458,106.0,234.0,0.453,120.0,259.0,0.463,0.566,97.0,106.0,0.915,14.0,128.0,142.0,109.0,49.0,8.0,68.0,83.0,655.0,0.0,14.8,0.607,0.475,0.215,1.1,9.2,5.3,11.8,1.7,0.4,11.2,18.6,2.5,2.2,4.7,0.145,1.5,0.7,2.2,1.6,0.0,2012
66,Al Harrington,27.5,5.4,12.1,0.446,1.6,4.7,0.333,3.8,7.3,0.519,0.512,1.9,2.8,0.676,1.1,5.0,6.1,1.4,0.9,0.2,1.8,2.8,14.2,0.0,0.0,1210.0,0.0,0.0,0.0,0.0,0.0,0.0,0.0,0.0,0.0,0.0,0.0,0.0,0.0,64.0,1.0,1761.0,345.0,773.0,0.446,101.0,303.0,0.333,244.0,470.0,0.519,0.512,119.0,176.0,0.676,72.0,318.0,390.0,88.0,58.0,12.0,112.0,181.0,910.0,0.0,15.3,0.535,0.392,0.228,4.9,20.4,12.9,8.2,1.7,0.5,11.6,24.4,1.6,1.6,3.2,0.088,0.5,-0.8,-0.4,0.7,0.0,2012
67,Jamal Crawford,26.9,4.7,12.3,0.384,1.3,4.3,0.308,3.4,8.0,0.426,0.438,3.2,3.4,0.927,0.3,1.7,2.0,3.2,0.9,0.2,1.9,1.2,14.0,0.0,0.0,1210.0,0.0,0.0,0.0,0.0,0.0,0.0,0.0,0.0,0.0,0.0,0.0,0.0,0.0,60.0,6.0,1613.0,283.0,737.0,0.384,80.0,260.0,0.308,203.0,477.0,0.426,0.438,191.0,206.0,0.927,16.0,102.0,118.0,191.0,55.0,14.0,111.0,74.0,837.0,0.0,15.7,0.506,0.353,0.28,1.1,7.5,4.3,20.5,1.8,0.7,11.8,26.6,1.6,0.7,2.3,0.069,1.0,-1.2,-0.2,0.7,0.0,2012
68,Nicolas Batum,30.4,4.9,10.9,0.451,1.8,4.6,0.391,3.1,6.2,0.496,0.534,2.3,2.7,0.836,1.4,3.2,4.6,1.4,1.0,1.0,1.5,1.8,13.9,0.0,0.0,1210.0,0.0,0.0,0.0,0.0,0.0,0.0,0.0,0.0,0.0,0.0,0.0,0.0,0.0,59.0,34.0,1791.0,289.0,641.0,0.451,107.0,274.0,0.391,182.0,367.0,0.496,0.534,133.0,159.0,0.836,81.0,190.0,271.0,84.0,57.0,60.0,90.0,105.0,818.0,0.0,17.3,0.575,0.427,0.248,5.2,12.6,8.8,7.9,1.7,2.6,11.2,20.5,3.3,1.4,4.8,0.127,2.6,0.0,2.5,2.0,0.0,2012
69,Nikola Peković,26.9,5.4,9.7,0.564,0.0,0.0,0.0,5.4,9.7,0.564,0.564,3.0,4.0,0.743,3.9,3.5,7.4,0.7,0.6,0.7,1.9,2.1,13.9,0.0,0.0,1210.0,0.0,0.0,0.0,0.0,0.0,0.0,0.0,0.0,0.0,0.0,0.0,0.0,0.0,47.0,35.0,1264.0,256.0,454.0,0.564,0.0,0.0,0.0,256.0,454.0,0.564,0.564,139.0,187.0,0.743,181.0,165.0,346.0,31.0,29.0,31.0,87.0,98.0,651.0,0.0,21.4,0.607,0.0,0.412,15.8,14.6,15.2,4.6,1.2,1.8,14.0,21.9,3.6,0.9,4.5,0.17,2.3,-1.3,1.0,1.0,0.0,2012
70,Gerald Wallace,35.8,4.9,10.9,0.454,0.8,2.6,0.307,4.2,8.3,0.5,0.491,3.1,3.9,0.8,1.5,5.2,6.7,2.8,1.5,0.6,1.9,2.5,13.8,0.0,0.0,1210.0,0.0,0.0,0.0,0.0,0.0,0.0,0.0,0.0,0.0,0.0,0.0,0.0,0.0,58.0,58.0,2076.0,287.0,632.0,0.454,46.0,150.0,0.307,241.0,482.0,0.5,0.491,180.0,225.0,0.8,87.0,299.0,386.0,164.0,85.0,36.0,111.0,145.0,800.0,0.0,15.9,0.547,0.237,0.356,4.8,17.2,10.8,13.2,2.2,1.3,13.2,18.6,3.0,1.8,4.8,0.112,0.4,0.7,1.0,1.6,0.0,2012
71,Kris Humphries,34.9,5.2,10.8,0.481,0.0,0.0,0.0,5.2,10.8,0.481,0.481,3.4,4.5,0.752,3.8,7.2,11.0,1.5,0.8,1.2,1.9,2.8,13.8,0.0,0.0,1210.0,0.0,0.0,0.0,0.0,0.0,0.0,0.0,0.0,0.0,0.0,0.0,0.0,0.0,62.0,62.0,2162.0,323.0,671.0,0.481,0.0,0.0,0.0,323.0,671.0,0.481,0.481,209.0,278.0,0.752,233.0,448.0,681.0,90.0,50.0,74.0,119.0,173.0,855.0,0.0,17.9,0.539,0.0,0.414,12.2,24.8,18.3,7.4,1.2,2.6,13.0,19.3,3.6,1.7,5.3,0.118,0.2,-1.2,-0.9,0.6,0.0,2012
72,Nenê,28.5,5.4,10.1,0.537,0.0,0.1,0.0,5.4,10.0,0.542,0.537,2.9,4.3,0.673,1.6,5.8,7.5,2.1,1.1,1.0,2.5,2.4,13.7,0.0,0.0,1210.0,0.0,0.0,0.0,0.0,0.0,0.0,0.0,0.0,0.0,0.0,0.0,0.0,0.0,39.0,33.0,1110.0,211.0,393.0,0.537,0.0,4.0,0.0,211.0,389.0,0.542,0.537,113.0,168.0,0.673,63.0,228.0,291.0,80.0,42.0,38.0,96.0,95.0,535.0,0.0,18.6,0.573,0.01,0.427,6.7,23.3,15.1,12.0,1.9,2.7,17.1,22.6,1.3,1.4,2.7,0.117,0.4,1.0,1.4,0.9,0.0,2012
73,Drew Gooden,26.2,5.1,11.7,0.437,0.3,1.0,0.291,4.8,10.8,0.45,0.449,3.1,3.7,0.846,2.3,4.2,6.5,2.6,0.8,0.6,1.9,2.0,13.7,0.0,0.0,1210.0,0.0,0.0,0.0,0.0,0.0,0.0,0.0,0.0,0.0,0.0,0.0,0.0,0.0,56.0,46.0,1469.0,287.0,657.0,0.437,16.0,55.0,0.291,271.0,602.0,0.45,0.449,176.0,208.0,0.846,130.0,233.0,363.0,144.0,46.0,34.0,109.0,112.0,766.0,1.0,18.8,0.512,0.084,0.317,9.5,18.0,13.6,16.5,1.6,1.7,12.7,25.7,2.0,1.5,3.6,0.116,1.5,-0.6,1.0,1.1,0.0,2012
74,Wesley Matthews,33.8,4.8,11.6,0.412,2.0,5.1,0.383,2.8,6.5,0.434,0.496,2.2,2.6,0.86,0.8,2.5,3.4,1.7,1.5,0.2,1.1,2.2,13.7,0.0,0.0,1210.0,0.0,0.0,0.0,0.0,0.0,0.0,0.0,0.0,0.0,0.0,0.0,0.0,0.0,66.0,53.0,2228.0,314.0,763.0,0.412,129.0,337.0,0.383,185.0,426.0,0.434,0.496,147.0,171.0,0.86,56.0,168.0,224.0,113.0,96.0,15.0,73.0,148.0,904.0,0.0,14.1,0.539,0.442,0.224,2.9,9.0,5.9,8.3,2.3,0.5,8.0,18.7,3.4,1.4,4.8,0.104,0.3,0.1,0.3,1.3,0.0,2012
75,Jrue Holiday,33.8,5.5,12.8,0.432,1.0,2.6,0.38,4.5,10.2,0.445,0.471,1.4,1.8,0.783,0.9,2.4,3.3,4.5,1.6,0.3,2.1,2.1,13.5,0.0,0.0,1210.0,0.0,0.0,0.0,0.0,0.0,0.0,0.0,0.0,0.0,0.0,0.0,0.0,0.0,65.0,65.0,2196.0,360.0,834.0,0.432,65.0,171.0,0.38,295.0,663.0,0.445,0.471,94.0,120.0,0.783,57.0,155.0,212.0,290.0,103.0,18.0,135.0,137.0,879.0,0.0,14.7,0.496,0.205,0.144,2.9,7.9,5.4,21.6,2.5,0.6,13.2,21.8,0.9,3.3,4.2,0.092,-0.5,0.9,0.4,1.3,0.0,2012
76,Mo Williams,28.3,5.0,11.8,0.426,1.8,4.6,0.389,3.2,7.2,0.449,0.502,1.4,1.5,0.9,0.4,1.5,1.9,3.1,1.0,0.1,1.7,2.0,13.2,0.0,0.0,1210.0,0.0,0.0,0.0,0.0,0.0,0.0,0.0,0.0,0.0,0.0,0.0,0.0,0.0,52.0,1.0,1472.0,260.0,611.0,0.426,93.0,239.0,0.389,167.0,372.0,0.449,0.502,72.0,80.0,0.9,23.0,76.0,99.0,160.0,51.0,7.0,86.0,103.0,685.0,0.0,15.0,0.53,0.391,0.131,1.8,6.2,4.0,18.5,1.9,0.4,11.7,22.9,2.2,0.7,2.8,0.093,1.4,-1.2,0.2,0.8,0.0,2012
77,Chris Kaman,29.2,5.7,12.7,0.446,0.0,0.0,0.0,5.7,12.7,0.446,0.446,1.8,2.3,0.785,1.9,5.9,7.7,2.1,0.5,1.6,2.7,2.3,13.1,0.0,0.0,1210.0,0.0,0.0,0.0,0.0,0.0,0.0,0.0,0.0,0.0,0.0,0.0,0.0,0.0,47.0,33.0,1372.0,266.0,597.0,0.446,0.0,0.0,0.0,266.0,597.0,0.446,0.446,84.0,107.0,0.785,89.0,275.0,364.0,101.0,25.0,77.0,129.0,106.0,616.0,0.0,15.3,0.478,0.0,0.179,7.9,23.5,15.8,14.0,1.0,4.7,16.7,26.6,-1.2,1.9,0.7,0.024,-1.8,0.5,-1.3,0.2,0.0,2012
78,Ersan İlyasova,27.6,4.9,10.0,0.492,0.9,1.9,0.455,4.1,8.1,0.501,0.535,2.4,3.1,0.781,3.3,5.6,8.8,1.2,0.7,0.7,1.3,2.2,13.0,0.0,0.0,1210.0,0.0,0.0,0.0,0.0,0.0,0.0,0.0,0.0,0.0,0.0,0.0,0.0,0.0,60.0,41.0,1655.0,294.0,597.0,0.492,51.0,112.0,0.455,243.0,485.0,0.501,0.535,143.0,183.0,0.781,196.0,333.0,529.0,71.0,42.0,44.0,76.0,133.0,782.0,0.0,20.5,0.577,0.188,0.307,12.7,22.8,17.6,7.0,1.3,2.0,10.1,20.1,4.4,2.0,6.4,0.185,3.1,-1.1,1.9,1.6,0.0,2012
79,Manu Ginóbili,23.3,4.4,8.4,0.526,1.5,3.7,0.413,2.9,4.7,0.616,0.618,2.6,3.0,0.871,0.5,2.9,3.4,4.4,0.7,0.4,1.9,1.6,12.9,0.0,0.0,1210.0,0.0,0.0,0.0,0.0,0.0,0.0,0.0,0.0,0.0,0.0,0.0,0.0,0.0,34.0,7.0,792.0,150.0,285.0,0.526,52.0,126.0,0.413,98.0,159.0,0.616,0.618,88.0,101.0,0.871,18.0,98.0,116.0,151.0,24.0,12.0,64.0,56.0,440.0,0.0,24.1,0.668,0.442,0.354,2.7,13.9,8.4,30.3,1.6,1.1,16.3,22.7,3.4,0.9,4.2,0.257,5.8,1.0,6.9,1.8,0.0,2012
80,Gerald Green,25.2,5.0,10.3,0.481,1.4,3.5,0.391,3.6,6.8,0.529,0.548,1.6,2.1,0.754,0.5,3.0,3.5,1.1,0.9,0.5,1.8,2.6,12.9,0.0,0.0,1210.0,0.0,0.0,0.0,0.0,0.0,0.0,0.0,0.0,0.0,0.0,0.0,0.0,0.0,31.0,2.0,781.0,154.0,320.0,0.481,43.0,110.0,0.391,111.0,210.0,0.529,0.548,49.0,65.0,0.754,15.0,93.0,108.0,34.0,28.0,17.0,55.0,80.0,400.0,0.0,15.8,0.574,0.344,0.203,2.2,14.2,8.0,8.5,1.9,1.7,13.6,23.6,0.8,0.4,1.2,0.072,0.7,-0.5,0.2,0.4,0.0,2012
81,Roy Hibbert,29.8,5.1,10.3,0.497,0.0,0.0,0.0,5.1,10.3,0.498,0.497,2.6,3.7,0.711,3.3,5.5,8.8,1.7,0.5,2.0,2.0,3.0,12.8,0.0,0.0,1210.0,0.0,0.0,0.0,0.0,0.0,0.0,0.0,0.0,0.0,0.0,0.0,0.0,0.0,65.0,65.0,1937.0,332.0,668.0,0.497,0.0,1.0,0.0,332.0,667.0,0.498,0.497,170.0,239.0,0.711,213.0,359.0,572.0,108.0,32.0,128.0,128.0,195.0,834.0,0.0,19.3,0.539,0.001,0.358,12.5,20.7,16.6,9.9,0.9,5.2,14.2,21.1,3.2,3.0,6.2,0.154,1.0,0.4,1.4,1.7,0.0,2012
82,Brandon Knight,32.3,4.8,11.7,0.415,1.6,4.2,0.38,3.2,7.5,0.434,0.483,1.6,2.1,0.759,0.5,2.7,3.2,3.8,0.7,0.2,2.6,2.3,12.8,0.0,0.0,1210.0,0.0,0.0,0.0,0.0,0.0,0.0,0.0,0.0,0.0,0.0,0.0,0.0,0.0,66.0,60.0,2129.0,319.0,769.0,0.415,105.0,276.0,0.38,214.0,493.0,0.434,0.483,104.0,137.0,0.759,33.0,178.0,211.0,251.0,49.0,10.0,171.0,154.0,847.0,0.0,11.7,0.511,0.359,0.178,1.8,10.3,5.9,20.8,1.2,0.4,17.1,21.7,0.3,1.0,1.3,0.029,-0.9,-1.7,-2.6,-0.3,0.0,2012
83,David West,29.2,5.3,10.8,0.487,0.0,0.1,0.222,5.3,10.7,0.491,0.489,2.2,2.7,0.807,1.8,4.8,6.6,2.1,0.8,0.7,1.4,2.4,12.8,0.0,0.0,1210.0,0.0,0.0,0.0,0.0,0.0,0.0,0.0,0.0,0.0,0.0,0.0,0.0,0.0,66.0,66.0,1925.0,349.0,716.0,0.487,2.0,9.0,0.222,347.0,707.0,0.491,0.489,142.0,176.0,0.807,118.0,315.0,433.0,140.0,52.0,46.0,93.0,160.0,842.0,0.0,17.8,0.531,0.013,0.246,6.9,18.3,12.6,13.1,1.4,1.9,10.5,20.9,3.4,2.5,5.9,0.147,1.4,0.4,1.8,1.8,0.0,2012
84,Thaddeus Young,27.9,5.5,10.9,0.507,0.0,0.1,0.25,5.5,10.8,0.508,0.507,1.8,2.3,0.771,2.2,3.0,5.2,1.2,1.0,0.7,0.9,2.0,12.8,0.0,0.0,1210.0,0.0,0.0,0.0,0.0,0.0,0.0,0.0,0.0,0.0,0.0,0.0,0.0,0.0,63.0,1.0,1755.0,348.0,687.0,0.507,1.0,4.0,0.25,347.0,683.0,0.508,0.507,111.0,144.0,0.771,137.0,188.0,325.0,74.0,64.0,41.0,55.0,127.0,808.0,0.0,18.9,0.538,0.006,0.21,8.6,12.0,10.3,7.3,2.0,1.8,6.8,21.5,3.4,2.9,6.3,0.171,1.4,0.6,2.0,1.8,0.0,2012
85,Mike Conley,35.1,4.8,11.0,0.433,1.0,2.6,0.377,3.8,8.5,0.45,0.477,2.2,2.5,0.861,0.4,2.2,2.5,6.5,2.2,0.2,2.0,2.1,12.7,0.0,0.0,1210.0,0.0,0.0,0.0,0.0,0.0,0.0,0.0,0.0,0.0,0.0,0.0,0.0,0.0,62.0,61.0,2174.0,296.0,684.0,0.433,60.0,159.0,0.377,236.0,525.0,0.45,0.477,136.0,158.0,0.861,22.0,134.0,156.0,404.0,136.0,11.0,125.0,133.0,788.0,0.0,16.8,0.523,0.232,0.231,1.2,7.4,4.2,29.8,3.3,0.4,14.2,18.3,3.6,2.8,6.4,0.141,1.0,1.4,2.4,2.4,0.0,2012
86,Jared Dudley,31.1,4.8,9.9,0.485,1.2,3.2,0.383,3.6,6.7,0.535,0.547,1.8,2.5,0.726,1.5,3.2,4.6,1.7,0.8,0.3,1.1,1.6,12.7,0.0,0.0,1210.0,0.0,0.0,0.0,0.0,0.0,0.0,0.0,0.0,0.0,0.0,0.0,0.0,0.0,65.0,60.0,2020.0,312.0,643.0,0.485,80.0,209.0,0.383,232.0,434.0,0.535,0.547,119.0,164.0,0.726,95.0,206.0,301.0,112.0,49.0,19.0,72.0,107.0,823.0,0.0,15.4,0.575,0.325,0.255,5.4,11.4,8.4,8.8,1.3,0.7,9.1,17.7,4.0,1.1,5.1,0.121,1.6,-0.4,1.2,1.7,0.0,2012
87,Tayshaun Prince,33.1,5.3,12.7,0.421,0.6,1.7,0.356,4.7,11.0,0.431,0.444,1.4,1.8,0.774,1.1,3.3,4.5,2.4,0.4,0.5,1.2,1.2,12.7,0.0,0.0,1210.0,0.0,0.0,0.0,0.0,0.0,0.0,0.0,0.0,0.0,0.0,0.0,0.0,0.0,63.0,63.0,2087.0,336.0,798.0,0.421,37.0,104.0,0.356,299.0,694.0,0.431,0.444,89.0,115.0,0.774,72.0,209.0,281.0,153.0,27.0,32.0,74.0,77.0,798.0,0.0,12.8,0.47,0.13,0.144,4.0,12.4,8.0,13.2,0.7,1.2,8.0,20.4,1.2,0.9,2.1,0.048,0.0,-1.5,-1.5,0.3,0.0,2012
88,MarShon Brooks,29.4,4.9,11.4,0.428,0.8,2.7,0.313,4.1,8.8,0.463,0.465,2.0,2.6,0.764,1.3,2.3,3.6,2.3,0.9,0.3,2.1,2.1,12.6,0.0,0.0,1210.0,0.0,0.0,0.0,0.0,0.0,0.0,0.0,0.0,0.0,0.0,0.0,0.0,0.0,56.0,47.0,1648.0,274.0,640.0,0.428,47.0,150.0,0.313,227.0,490.0,0.463,0.465,113.0,148.0,0.764,70.0,130.0,200.0,131.0,52.0,15.0,118.0,116.0,708.0,0.0,12.9,0.502,0.234,0.231,4.8,9.4,7.0,14.6,1.7,0.7,14.3,22.9,0.5,0.3,0.8,0.022,-0.7,-1.7,-2.4,-0.2,0.0,2012
89,O.J. Mayo,26.8,4.5,11.2,0.408,1.5,4.2,0.364,3.0,7.0,0.434,0.476,2.0,2.6,0.773,0.5,2.7,3.2,2.6,1.1,0.3,1.9,2.1,12.6,0.0,0.0,1210.0,0.0,0.0,0.0,0.0,0.0,0.0,0.0,0.0,0.0,0.0,0.0,0.0,0.0,66.0,0.0,1771.0,300.0,736.0,0.408,100.0,275.0,0.364,200.0,461.0,0.434,0.476,133.0,172.0,0.773,30.0,180.0,210.0,169.0,71.0,23.0,124.0,137.0,833.0,0.0,14.7,0.513,0.374,0.234,1.9,12.1,6.9,16.1,2.1,1.1,13.3,23.9,1.3,2.2,3.5,0.094,0.5,0.4,0.8,1.3,0.0,2012
90,Jeff Teague,33.1,4.8,10.2,0.476,0.8,2.3,0.342,4.1,7.9,0.514,0.514,2.1,2.8,0.757,0.3,2.1,2.4,4.9,1.6,0.6,2.0,2.2,12.6,0.0,0.0,1210.0,0.0,0.0,0.0,0.0,0.0,0.0,0.0,0.0,0.0,0.0,0.0,0.0,0.0,66.0,66.0,2183.0,320.0,672.0,0.476,51.0,149.0,0.342,269.0,523.0,0.514,0.514,140.0,185.0,0.757,21.0,138.0,159.0,321.0,106.0,37.0,134.0,145.0,831.0,0.0,15.8,0.551,0.222,0.275,1.1,7.4,4.3,24.3,2.6,1.3,15.1,19.1,3.0,3.0,6.0,0.131,0.0,1.3,1.3,1.8,0.0,2012
91,Brandon Bass,31.7,5.1,10.7,0.479,0.0,0.0,0.0,5.1,10.7,0.479,0.479,2.2,2.8,0.81,1.6,4.6,6.2,0.9,0.6,0.9,1.1,2.3,12.5,0.0,0.0,1210.0,0.0,0.0,0.0,0.0,0.0,0.0,0.0,0.0,0.0,0.0,0.0,0.0,0.0,59.0,39.0,1868.0,303.0,632.0,0.479,0.0,0.0,0.0,303.0,632.0,0.479,0.479,132.0,163.0,0.81,95.0,270.0,365.0,55.0,34.0,54.0,65.0,135.0,738.0,0.0,14.1,0.524,0.0,0.258,6.3,16.3,11.5,5.1,1.0,2.2,8.5,19.8,1.5,3.2,4.7,0.122,-1.3,0.3,-1.0,0.5,0.0,2012
92,Ben Gordon,26.9,4.5,10.2,0.442,1.2,2.8,0.429,3.3,7.4,0.446,0.501,2.3,2.6,0.86,0.3,2.1,2.3,2.4,0.7,0.2,2.2,2.2,12.5,0.0,0.0,1210.0,0.0,0.0,0.0,0.0,0.0,0.0,0.0,0.0,0.0,0.0,0.0,0.0,0.0,52.0,21.0,1398.0,234.0,530.0,0.442,63.0,147.0,0.429,171.0,383.0,0.446,0.501,117.0,136.0,0.86,14.0,107.0,121.0,127.0,34.0,11.0,115.0,114.0,648.0,0.0,13.5,0.549,0.277,0.257,1.2,9.5,5.2,16.5,1.3,0.6,16.3,23.3,1.0,0.7,1.7,0.058,-0.3,-1.4,-1.7,0.1,0.0,2012
93,Carl Landry,24.4,4.4,8.8,0.503,0.0,0.1,0.0,4.4,8.8,0.507,0.503,3.6,4.5,0.799,1.9,3.3,5.2,0.9,0.3,0.3,1.6,2.2,12.5,0.0,0.0,1210.0,0.0,0.0,0.0,0.0,0.0,0.0,0.0,0.0,0.0,0.0,0.0,0.0,0.0,41.0,8.0,999.0,182.0,362.0,0.503,0.0,3.0,0.0,182.0,359.0,0.507,0.503,147.0,184.0,0.799,78.0,136.0,214.0,38.0,13.0,12.0,64.0,89.0,511.0,0.0,18.2,0.577,0.008,0.508,9.4,15.9,12.8,7.1,0.7,1.0,12.6,24.0,2.2,0.7,2.9,0.139,1.3,-1.5,-0.2,0.4,0.0,2012
94,Steve Nash,31.6,4.8,9.0,0.532,0.9,2.3,0.39,3.9,6.7,0.58,0.581,2.0,2.3,0.894,0.4,2.6,3.0,10.7,0.6,0.1,3.7,0.9,12.5,0.0,7.0,1210.0,0.006,62.0,31.6,12.5,3.0,10.7,0.6,0.1,0.532,0.39,0.894,5.9,0.144,62.0,62.0,1961.0,295.0,555.0,0.532,55.0,141.0,0.39,240.0,414.0,0.58,0.581,127.0,142.0,0.894,26.0,160.0,186.0,664.0,38.0,8.0,229.0,53.0,772.0,0.0,20.3,0.625,0.254,0.256,1.5,9.1,5.3,53.1,1.0,0.3,27.1,19.6,5.2,0.6,5.9,0.144,4.7,-1.2,3.4,2.7,0.0,2012
95,J.R. Smith,27.6,4.7,11.6,0.407,1.9,5.5,0.347,2.8,6.1,0.462,0.49,1.1,1.6,0.709,0.8,3.1,3.9,2.4,1.5,0.2,1.3,2.5,12.5,0.0,0.0,1210.0,0.0,0.0,0.0,0.0,0.0,0.0,0.0,0.0,0.0,0.0,0.0,0.0,0.0,35.0,1.0,967.0,165.0,405.0,0.407,67.0,193.0,0.347,98.0,212.0,0.462,0.49,39.0,55.0,0.709,29.0,107.0,136.0,84.0,54.0,6.0,46.0,87.0,436.0,0.0,15.2,0.508,0.477,0.136,3.4,12.9,8.1,15.2,2.9,0.5,9.7,22.0,1.0,1.5,2.5,0.122,0.8,1.3,2.1,1.0,0.0,2012
96,Klay Thompson,24.4,4.8,10.9,0.443,1.7,4.1,0.414,3.1,6.8,0.46,0.52,1.2,1.4,0.868,0.4,2.1,2.4,2.0,0.7,0.3,1.6,2.3,12.5,0.0,0.0,1210.0,0.0,0.0,0.0,0.0,0.0,0.0,0.0,0.0,0.0,0.0,0.0,0.0,0.0,66.0,29.0,1608.0,318.0,718.0,0.443,111.0,268.0,0.414,207.0,450.0,0.46,0.52,79.0,91.0,0.868,24.0,137.0,161.0,133.0,49.0,20.0,103.0,155.0,826.0,0.0,14.9,0.545,0.373,0.127,1.7,9.6,5.7,14.2,1.6,1.0,12.0,24.7,1.4,0.3,1.7,0.05,0.3,-1.7,-1.4,0.2,0.0,2012
97,Al Horford,31.6,5.2,9.4,0.553,0.0,0.1,0.0,5.2,9.3,0.559,0.553,2.0,2.7,0.733,2.4,4.6,7.0,2.2,0.9,1.3,1.5,1.9,12.4,0.0,0.0,1210.0,0.0,0.0,0.0,0.0,0.0,0.0,0.0,0.0,0.0,0.0,0.0,0.0,0.0,11.0,11.0,348.0,57.0,103.0,0.553,0.0,1.0,0.0,57.0,102.0,0.559,0.553,22.0,30.0,0.733,26.0,51.0,77.0,24.0,10.0,14.0,16.0,21.0,136.0,0.0,19.0,0.585,0.01,0.291,8.8,17.1,13.0,11.7,1.5,3.1,12.1,17.9,0.8,0.6,1.3,0.18,1.8,1.5,3.4,0.5,0.0,2012
98,Andre Iguodala,35.6,4.6,10.2,0.454,1.2,3.1,0.394,3.4,7.1,0.481,0.514,2.0,3.2,0.617,0.9,5.2,6.1,5.5,1.7,0.5,1.9,1.5,12.4,0.0,0.0,1210.0,0.0,0.0,0.0,0.0,0.0,0.0,0.0,0.0,0.0,0.0,0.0,0.0,0.0,62.0,62.0,2209.0,287.0,632.0,0.454,76.0,193.0,0.394,211.0,439.0,0.481,0.514,121.0,196.0,0.617,56.0,325.0,381.0,339.0,107.0,30.0,115.0,92.0,771.0,1.0,17.6,0.537,0.305,0.31,2.8,16.4,9.6,23.7,2.6,1.0,13.8,17.7,3.1,4.2,7.3,0.158,1.5,2.5,4.0,3.3,0.0,2012
99,Mike Dunleavy,26.3,4.3,9.2,0.474,1.5,3.8,0.399,2.8,5.4,0.527,0.557,2.1,2.6,0.811,0.5,3.2,3.7,2.1,0.5,0.1,1.1,1.6,12.3,0.0,0.0,1210.0,0.0,0.0,0.0,0.0,0.0,0.0,0.0,0.0,0.0,0.0,0.0,0.0,0.0,55.0,3.0,1445.0,239.0,504.0,0.474,83.0,208.0,0.399,156.0,296.0,0.527,0.557,116.0,143.0,0.811,29.0,175.0,204.0,117.0,28.0,8.0,58.0,87.0,677.0,0.0,16.6,0.597,0.413,0.284,2.2,13.7,7.8,13.0,1.0,0.4,9.3,19.0,3.5,0.9,4.4,0.146,2.3,-0.9,1.4,1.3,0.0,2012
100,Paul George,29.7,4.3,9.7,0.44,1.4,3.5,0.385,2.9,6.1,0.472,0.51,2.2,2.8,0.802,0.8,4.8,5.6,2.4,1.6,0.6,1.8,2.9,12.1,0.0,0.0,1210.0,0.0,0.0,0.0,0.0,0.0,0.0,0.0,0.0,0.0,0.0,0.0,0.0,0.0,66.0,66.0,1958.0,281.0,639.0,0.44,90.0,234.0,0.385,191.0,405.0,0.472,0.51,146.0,182.0,0.802,56.0,314.0,370.0,158.0,108.0,38.0,117.0,191.0,798.0,0.0,16.5,0.555,0.366,0.285,3.2,17.9,10.6,13.6,2.9,1.5,14.0,19.3,2.8,3.2,6.0,0.148,1.4,2.1,3.4,2.7,0.0,2012
101,Luke Ridnour,33.0,4.6,10.4,0.44,0.9,2.9,0.322,3.6,7.5,0.485,0.485,2.0,2.2,0.891,0.4,2.3,2.7,4.8,1.1,0.3,1.8,2.6,12.1,0.0,0.0,1210.0,0.0,0.0,0.0,0.0,0.0,0.0,0.0,0.0,0.0,0.0,0.0,0.0,0.0,53.0,53.0,1750.0,242.0,550.0,0.44,49.0,152.0,0.322,193.0,398.0,0.485,0.485,106.0,119.0,0.891,19.0,122.0,141.0,252.0,56.0,16.0,96.0,136.0,639.0,0.0,13.6,0.53,0.276,0.216,1.2,7.8,4.5,24.0,1.6,0.7,13.7,17.8,2.4,0.9,3.3,0.09,-0.6,0.2,-0.5,0.7,0.0,2012
102,Kemba Walker,27.2,4.3,11.6,0.366,1.0,3.4,0.305,3.2,8.2,0.392,0.411,2.5,3.2,0.789,0.5,3.1,3.5,4.4,0.9,0.3,1.8,1.2,12.1,0.0,0.0,1210.0,0.0,0.0,0.0,0.0,0.0,0.0,0.0,0.0,0.0,0.0,0.0,0.0,0.0,66.0,25.0,1792.0,281.0,767.0,0.366,69.0,226.0,0.305,212.0,541.0,0.392,0.411,168.0,213.0,0.789,30.0,204.0,234.0,289.0,60.0,20.0,119.0,79.0,799.0,1.0,14.9,0.464,0.295,0.278,1.9,13.5,7.5,30.2,1.8,0.8,12.1,25.2,-0.2,0.5,0.3,0.009,0.7,-1.4,-0.8,0.6,0.0,2012
103,Caron Butler,29.7,4.6,11.2,0.407,1.5,4.1,0.358,3.1,7.1,0.435,0.472,1.4,1.7,0.813,0.7,3.0,3.7,1.2,0.8,0.1,1.2,2.0,12.0,0.0,0.0,1210.0,0.0,0.0,0.0,0.0,0.0,0.0,0.0,0.0,0.0,0.0,0.0,0.0,0.0,63.0,63.0,1871.0,287.0,705.0,0.407,92.0,257.0,0.358,195.0,448.0,0.435,0.472,87.0,107.0,0.813,44.0,186.0,230.0,78.0,52.0,9.0,77.0,123.0,753.0,0.0,11.7,0.501,0.365,0.152,2.8,12.0,7.3,6.8,1.5,0.4,9.3,20.4,1.2,1.1,2.3,0.059,-0.8,-1.2,-2.0,0.0,0.0,2012
104,Anthony Morrow,26.4,4.4,10.6,0.413,1.7,4.6,0.371,2.7,6.0,0.446,0.494,1.6,1.7,0.933,0.5,1.5,2.0,1.0,0.7,0.1,1.1,1.4,12.0,0.0,0.0,1210.0,0.0,0.0,0.0,0.0,0.0,0.0,0.0,0.0,0.0,0.0,0.0,0.0,0.0,62.0,18.0,1636.0,272.0,658.0,0.413,106.0,286.0,0.371,166.0,372.0,0.446,0.494,97.0,104.0,0.933,31.0,96.0,127.0,61.0,46.0,9.0,70.0,86.0,747.0,0.0,13.1,0.531,0.435,0.158,2.1,7.0,4.5,6.8,1.5,0.4,9.0,21.6,1.7,0.0,1.7,0.051,0.1,-2.0,-1.9,0.0,0.0,2012
105,Jameer Nelson,29.9,4.5,10.6,0.427,1.5,4.1,0.377,3.0,6.6,0.459,0.499,1.2,1.5,0.807,0.5,2.7,3.2,5.7,0.7,0.1,2.4,2.3,11.9,0.0,0.0,1210.0,0.0,0.0,0.0,0.0,0.0,0.0,0.0,0.0,0.0,0.0,0.0,0.0,0.0,57.0,57.0,1706.0,259.0,606.0,0.427,87.0,231.0,0.377,172.0,375.0,0.459,0.499,71.0,88.0,0.807,29.0,152.0,181.0,325.0,38.0,5.0,135.0,130.0,676.0,0.0,14.6,0.524,0.381,0.145,1.9,10.4,6.1,34.0,1.2,0.2,17.3,21.4,2.3,1.2,3.5,0.099,0.8,-0.9,-0.1,0.8,0.0,2012
106,Rajon Rondo,36.9,4.8,10.8,0.448,0.2,0.8,0.238,4.6,10.0,0.464,0.456,2.0,3.4,0.597,1.2,3.7,4.8,11.7,1.8,0.1,3.6,1.9,11.9,0.0,12.0,1210.0,0.01,53.0,36.9,11.9,4.8,11.7,1.8,0.1,0.448,0.238,0.597,4.9,0.121,53.0,53.0,1957.0,256.0,572.0,0.448,10.0,42.0,0.238,246.0,530.0,0.464,0.456,108.0,181.0,0.597,62.0,195.0,257.0,620.0,95.0,3.0,193.0,99.0,630.0,6.0,17.5,0.483,0.073,0.316,3.9,11.2,7.7,52.5,2.6,0.1,22.8,20.7,1.5,3.4,4.9,0.121,1.5,0.6,2.2,2.1,0.0,2012
107,Marco Belinelli,29.8,4.3,10.4,0.417,1.6,4.3,0.377,2.7,6.1,0.445,0.495,1.5,2.0,0.783,0.3,2.3,2.6,1.5,0.7,0.1,1.0,1.7,11.8,0.0,0.0,1210.0,0.0,0.0,0.0,0.0,0.0,0.0,0.0,0.0,0.0,0.0,0.0,0.0,0.0,66.0,55.0,1966.0,286.0,686.0,0.417,107.0,284.0,0.377,179.0,402.0,0.445,0.495,101.0,129.0,0.783,19.0,153.0,172.0,101.0,48.0,5.0,69.0,115.0,780.0,0.0,11.9,0.525,0.414,0.188,1.2,9.1,5.2,8.9,1.3,0.2,8.5,19.5,1.9,1.0,2.9,0.071,-0.4,-0.8,-1.2,0.4,0.0,2012
108,Gordon Hayward,30.5,4.0,8.9,0.456,0.8,2.4,0.346,3.2,6.5,0.496,0.503,2.9,3.5,0.832,0.9,2.6,3.5,3.1,0.8,0.6,1.7,1.6,11.8,0.0,0.0,1210.0,0.0,0.0,0.0,0.0,0.0,0.0,0.0,0.0,0.0,0.0,0.0,0.0,0.0,66.0,58.0,2015.0,267.0,586.0,0.456,55.0,159.0,0.346,212.0,427.0,0.496,0.503,193.0,232.0,0.832,59.0,171.0,230.0,207.0,53.0,41.0,109.0,106.0,782.0,0.0,15.5,0.568,0.271,0.396,3.3,9.9,6.6,15.9,1.4,1.6,13.7,17.8,3.8,1.0,4.9,0.116,1.7,-0.1,1.5,1.8,0.0,2012
109,Goran Dragić,26.5,4.2,9.1,0.462,1.0,3.1,0.337,3.2,6.0,0.525,0.518,2.3,2.9,0.805,0.8,1.7,2.5,5.3,1.3,0.2,2.4,2.5,11.7,0.0,0.0,1210.0,0.0,0.0,0.0,0.0,0.0,0.0,0.0,0.0,0.0,0.0,0.0,0.0,0.0,66.0,28.0,1752.0,277.0,600.0,0.462,68.0,202.0,0.337,209.0,398.0,0.525,0.518,153.0,190.0,0.805,53.0,115.0,168.0,351.0,85.0,10.0,157.0,166.0,775.0,0.0,18.0,0.567,0.337,0.317,3.5,7.7,5.6,32.5,2.5,0.4,18.7,21.8,3.6,1.5,5.1,0.139,1.9,0.0,1.9,1.7,0.0,2012
110,Richard Hamilton,24.9,5.0,11.1,0.452,0.6,1.6,0.37,4.4,9.4,0.466,0.479,1.0,1.3,0.784,0.7,1.6,2.4,3.0,0.4,0.0,1.8,2.0,11.6,0.0,0.0,1210.0,0.0,0.0,0.0,0.0,0.0,0.0,0.0,0.0,0.0,0.0,0.0,0.0,0.0,28.0,28.0,697.0,140.0,310.0,0.452,17.0,46.0,0.37,123.0,264.0,0.466,0.479,29.0,37.0,0.784,20.0,46.0,66.0,84.0,12.0,1.0,49.0,56.0,326.0,0.0,13.2,0.5,0.148,0.119,3.3,7.2,5.3,21.0,0.9,0.1,13.1,24.5,0.5,0.8,1.3,0.092,-0.7,-0.9,-1.7,0.1,0.0,2012
111,Zach Randolph,26.3,4.7,10.2,0.463,0.1,0.3,0.25,4.6,9.9,0.469,0.467,2.1,3.1,0.659,2.8,5.3,8.0,1.7,0.8,0.1,1.4,2.0,11.6,0.0,0.0,1210.0,0.0,0.0,0.0,0.0,0.0,0.0,0.0,0.0,0.0,0.0,0.0,0.0,0.0,28.0,8.0,735.0,132.0,285.0,0.463,2.0,8.0,0.25,130.0,277.0,0.469,0.467,58.0,88.0,0.659,78.0,147.0,225.0,48.0,21.0,4.0,40.0,57.0,324.0,0.0,17.9,0.5,0.028,0.309,12.1,23.9,17.9,11.2,1.5,0.4,11.0,22.4,1.0,1.1,2.1,0.135,1.0,-0.7,0.3,0.4,0.0,2012
112,JJ Redick,27.2,3.8,9.0,0.425,1.7,4.1,0.418,2.1,4.9,0.43,0.521,2.2,2.4,0.911,0.3,2.0,2.3,2.5,0.4,0.1,1.0,1.4,11.6,0.0,0.0,1210.0,0.0,0.0,0.0,0.0,0.0,0.0,0.0,0.0,0.0,0.0,0.0,0.0,0.0,65.0,22.0,1765.0,248.0,584.0,0.425,112.0,268.0,0.418,136.0,316.0,0.43,0.521,143.0,157.0,0.911,18.0,132.0,150.0,164.0,27.0,6.0,68.0,92.0,751.0,0.0,15.1,0.575,0.459,0.269,1.2,8.8,4.9,16.2,0.8,0.3,9.4,19.2,4.2,1.0,5.2,0.142,1.6,-0.6,1.0,1.3,0.0,2012
113,Jason Richardson,29.5,4.5,11.0,0.408,1.9,5.1,0.368,2.6,5.9,0.442,0.493,0.8,1.3,0.594,0.7,2.9,3.6,2.0,1.0,0.4,1.1,1.7,11.6,0.0,0.0,1210.0,0.0,0.0,0.0,0.0,0.0,0.0,0.0,0.0,0.0,0.0,0.0,0.0,0.0,54.0,54.0,1591.0,243.0,596.0,0.408,102.0,277.0,0.368,141.0,319.0,0.442,0.493,41.0,69.0,0.594,36.0,158.0,194.0,107.0,53.0,22.0,60.0,91.0,629.0,0.0,13.3,0.502,0.465,0.116,2.6,11.6,7.0,12.0,1.8,1.1,8.7,20.2,1.2,1.6,2.8,0.084,0.3,0.4,0.7,1.1,0.0,2012
114,Michael Beasley,23.1,4.7,10.6,0.445,0.8,2.1,0.376,3.9,8.4,0.462,0.483,1.3,2.0,0.642,0.8,3.6,4.4,1.0,0.4,0.4,1.7,1.8,11.5,0.0,0.0,1210.0,0.0,0.0,0.0,0.0,0.0,0.0,0.0,0.0,0.0,0.0,0.0,0.0,0.0,47.0,7.0,1087.0,221.0,497.0,0.445,38.0,101.0,0.376,183.0,396.0,0.462,0.483,61.0,95.0,0.642,39.0,168.0,207.0,45.0,18.0,19.0,80.0,83.0,541.0,0.0,13.0,0.502,0.203,0.191,4.0,17.2,10.6,7.7,0.9,1.2,12.9,25.3,-0.3,0.8,0.5,0.022,-1.2,-0.9,-2.1,0.0,0.0,2012
115,Isaiah Thomas,25.5,3.9,8.8,0.448,1.3,3.4,0.379,2.7,5.4,0.491,0.521,2.4,2.8,0.832,0.7,1.8,2.6,4.1,0.8,0.1,1.6,1.9,11.5,0.0,0.0,1210.0,0.0,0.0,0.0,0.0,0.0,0.0,0.0,0.0,0.0,0.0,0.0,0.0,0.0,65.0,37.0,1656.0,256.0,571.0,0.448,83.0,219.0,0.379,173.0,352.0,0.491,0.521,154.0,185.0,0.832,48.0,120.0,168.0,266.0,53.0,8.0,105.0,121.0,749.0,0.0,17.6,0.574,0.384,0.324,3.0,8.4,5.6,25.6,1.6,0.4,13.9,19.8,4.2,0.0,4.3,0.124,2.4,-1.6,0.8,1.2,0.0,2012
116,Jerryd Bayless,22.7,3.8,8.9,0.424,1.4,3.4,0.423,2.4,5.5,0.424,0.504,2.4,2.8,0.852,0.3,1.9,2.1,3.8,0.8,0.1,1.7,2.3,11.4,0.0,0.0,1210.0,0.0,0.0,0.0,0.0,0.0,0.0,0.0,0.0,0.0,0.0,0.0,0.0,0.0,31.0,11.0,705.0,117.0,276.0,0.424,44.0,104.0,0.423,73.0,172.0,0.424,0.504,75.0,88.0,0.852,8.0,58.0,66.0,118.0,24.0,4.0,53.0,70.0,353.0,0.0,17.7,0.561,0.377,0.319,1.3,9.5,5.5,30.7,1.8,0.5,14.4,24.6,1.5,0.6,2.0,0.139,2.4,-0.7,1.7,0.6,0.0,2012
117,Raymond Felton,31.8,4.4,10.7,0.407,1.0,3.4,0.305,3.3,7.3,0.453,0.455,1.7,2.1,0.806,0.5,2.0,2.5,6.5,1.3,0.2,2.8,2.0,11.4,0.0,0.0,1210.0,0.0,0.0,0.0,0.0,0.0,0.0,0.0,0.0,0.0,0.0,0.0,0.0,0.0,60.0,56.0,1906.0,261.0,642.0,0.407,62.0,203.0,0.305,199.0,439.0,0.453,0.455,100.0,124.0,0.806,27.0,122.0,149.0,390.0,78.0,10.0,170.0,122.0,684.0,0.0,13.4,0.491,0.316,0.193,1.6,7.6,4.6,33.3,2.2,0.4,19.6,20.8,0.7,1.0,1.7,0.042,-0.3,-1.2,-1.5,0.2,0.0,2012
118,Courtney Lee,30.3,4.3,10.0,0.433,1.5,3.7,0.401,2.8,6.3,0.452,0.508,1.2,1.5,0.826,0.4,2.3,2.7,1.5,1.2,0.4,1.1,1.8,11.4,0.0,0.0,1210.0,0.0,0.0,0.0,0.0,0.0,0.0,0.0,0.0,0.0,0.0,0.0,0.0,0.0,58.0,26.0,1757.0,251.0,580.0,0.433,87.0,217.0,0.401,164.0,363.0,0.452,0.508,71.0,86.0,0.826,26.0,133.0,159.0,88.0,68.0,22.0,64.0,106.0,660.0,0.0,12.6,0.534,0.374,0.148,1.7,8.9,5.2,7.9,2.0,0.9,9.4,17.6,1.8,1.4,3.2,0.087,-0.4,0.3,0.0,0.9,0.0,2012
119,Ramon Sessions,26.7,3.8,8.8,0.428,0.7,1.5,0.443,3.1,7.3,0.425,0.466,3.0,3.9,0.782,0.5,2.8,3.3,5.5,0.7,0.0,2.2,1.6,11.3,0.0,0.0,1210.0,0.0,0.0,0.0,0.0,0.0,0.0,0.0,0.0,0.0,0.0,0.0,0.0,0.0,64.0,23.0,1707.0,242.0,565.0,0.428,43.0,97.0,0.443,199.0,468.0,0.425,0.466,194.0,248.0,0.782,33.0,181.0,214.0,354.0,44.0,3.0,141.0,100.0,721.0,0.0,16.7,0.535,0.172,0.439,2.2,12.0,7.1,35.5,1.4,0.1,17.3,21.6,2.9,0.8,3.7,0.104,1.0,-1.4,-0.4,0.7,0.0,2012
120,JaVale McGee,25.2,5.0,9.0,0.556,0.0,0.0,0.0,5.0,9.0,0.556,0.556,1.3,2.7,0.461,2.7,5.1,7.8,0.5,0.6,2.2,1.4,2.7,11.3,0.0,0.0,1210.0,0.0,0.0,0.0,0.0,0.0,0.0,0.0,0.0,0.0,0.0,0.0,0.0,0.0,61.0,45.0,1535.0,307.0,552.0,0.556,0.0,0.0,0.0,307.0,552.0,0.556,0.556,77.0,167.0,0.461,163.0,314.0,477.0,31.0,35.0,132.0,87.0,166.0,691.0,0.0,19.9,0.552,0.0,0.303,12.1,23.3,17.7,3.5,1.2,6.6,12.2,20.7,1.9,2.2,4.1,0.127,0.1,0.0,0.2,0.8,0.0,2012
121,J.J. Barea,25.2,4.1,10.2,0.4,1.3,3.5,0.371,2.8,6.7,0.415,0.463,1.9,2.4,0.776,0.3,2.4,2.8,5.7,0.5,0.0,2.5,1.5,11.3,0.0,0.0,1210.0,0.0,0.0,0.0,0.0,0.0,0.0,0.0,0.0,0.0,0.0,0.0,0.0,0.0,41.0,11.0,1032.0,167.0,418.0,0.4,53.0,143.0,0.371,114.0,275.0,0.415,0.463,76.0,98.0,0.776,14.0,100.0,114.0,232.0,21.0,0.0,103.0,61.0,463.0,1.0,14.9,0.502,0.342,0.234,1.5,10.8,6.1,39.0,1.0,0.0,18.3,24.3,0.8,0.4,1.2,0.056,1.1,-2.1,-1.0,0.3,0.0,2012
122,Andrew Bogut,30.3,5.1,11.3,0.449,0.0,0.1,0.0,5.1,11.3,0.452,0.449,1.2,1.9,0.609,1.8,6.5,8.3,2.6,1.0,2.0,2.0,3.0,11.3,0.0,0.0,1210.0,0.0,0.0,0.0,0.0,0.0,0.0,0.0,0.0,0.0,0.0,0.0,0.0,0.0,12.0,12.0,364.0,61.0,136.0,0.449,0.0,1.0,0.0,61.0,135.0,0.452,0.449,14.0,23.0,0.609,22.0,78.0,100.0,31.0,12.0,24.0,24.0,36.0,136.0,0.0,14.9,0.465,0.007,0.169,6.5,24.3,15.1,13.7,1.7,5.0,14.1,20.6,-0.1,0.6,0.5,0.062,-1.9,2.3,0.5,0.2,0.0,2012
123,Tyson Chandler,33.2,3.9,5.7,0.679,0.0,0.0,0.0,3.9,5.7,0.683,0.679,3.5,5.1,0.689,3.4,6.5,9.9,0.9,0.9,1.4,1.6,3.0,11.3,0.0,0.0,1210.0,0.0,0.0,0.0,0.0,0.0,0.0,0.0,0.0,0.0,0.0,0.0,0.0,0.0,62.0,62.0,2061.0,241.0,355.0,0.679,0.0,2.0,0.0,241.0,353.0,0.683,0.679,217.0,315.0,0.689,212.0,400.0,612.0,56.0,56.0,89.0,102.0,186.0,699.0,0.0,18.7,0.708,0.006,0.887,11.8,22.7,17.2,4.3,1.4,3.4,17.1,13.0,5.8,3.6,9.5,0.22,1.2,1.1,2.3,2.2,0.0,2012
124,Devin Harris,27.6,3.8,8.6,0.445,1.2,3.4,0.362,2.6,5.2,0.498,0.516,2.5,3.3,0.746,0.2,1.6,1.8,5.0,1.0,0.2,1.9,2.2,11.3,0.0,0.0,1210.0,0.0,0.0,0.0,0.0,0.0,0.0,0.0,0.0,0.0,0.0,0.0,0.0,0.0,63.0,63.0,1741.0,241.0,542.0,0.445,77.0,213.0,0.362,164.0,329.0,0.498,0.516,156.0,209.0,0.746,12.0,100.0,112.0,316.0,64.0,13.0,122.0,136.0,715.0,0.0,16.0,0.564,0.393,0.386,0.8,6.7,3.7,28.3,1.9,0.6,16.1,19.5,3.3,0.8,4.2,0.115,1.6,-0.8,0.8,1.2,0.0,2012
125,Nate Robinson,23.4,4.0,9.5,0.424,1.3,3.5,0.365,2.7,5.9,0.459,0.492,1.8,2.2,0.832,0.3,1.7,2.0,4.5,1.2,0.0,1.5,2.3,11.2,0.0,0.0,1210.0,0.0,0.0,0.0,0.0,0.0,0.0,0.0,0.0,0.0,0.0,0.0,0.0,0.0,51.0,9.0,1192.0,205.0,484.0,0.424,66.0,181.0,0.365,139.0,303.0,0.459,0.492,94.0,113.0,0.832,15.0,85.0,100.0,231.0,59.0,2.0,75.0,118.0,570.0,0.0,18.0,0.534,0.374,0.233,1.4,8.1,4.8,31.8,2.6,0.1,12.3,23.6,2.4,0.4,2.8,0.111,1.5,-1.1,0.4,0.7,0.0,2012
126,Leandro Barbosa,21.6,4.2,10.0,0.425,1.0,2.7,0.382,3.2,7.3,0.441,0.476,1.6,1.9,0.815,0.5,1.5,2.0,1.5,0.9,0.1,1.5,2.1,11.1,0.0,0.0,1210.0,0.0,0.0,0.0,0.0,0.0,0.0,0.0,0.0,0.0,0.0,0.0,0.0,0.0,64.0,0.0,1382.0,271.0,637.0,0.425,65.0,170.0,0.382,206.0,467.0,0.441,0.476,101.0,124.0,0.815,33.0,95.0,128.0,96.0,56.0,7.0,94.0,135.0,708.0,0.0,14.0,0.512,0.267,0.195,2.8,7.9,5.3,13.3,2.2,0.4,12.0,26.5,0.5,1.2,1.7,0.06,-0.6,-0.6,-1.2,0.3,0.0,2012
127,D.J. Augustin,29.3,3.8,10.1,0.376,1.3,3.7,0.341,2.5,6.4,0.396,0.438,2.2,2.5,0.875,0.5,1.8,2.3,6.4,0.8,0.0,2.3,1.4,11.1,0.0,0.0,1210.0,0.0,0.0,0.0,0.0,0.0,0.0,0.0,0.0,0.0,0.0,0.0,0.0,0.0,48.0,46.0,1408.0,183.0,487.0,0.376,61.0,179.0,0.341,122.0,308.0,0.396,0.438,105.0,120.0,0.875,24.0,85.0,109.0,307.0,36.0,1.0,110.0,65.0,532.0,0.0,14.1,0.493,0.368,0.246,1.9,7.2,4.4,38.9,1.3,0.1,16.9,21.3,0.7,-0.2,0.5,0.018,0.7,-3.2,-2.5,-0.2,0.0,2012
128,Elton Brand,28.9,4.8,9.7,0.494,0.0,0.0,0.0,4.8,9.7,0.495,0.494,1.4,1.9,0.733,2.4,4.7,7.2,1.6,1.0,1.6,1.1,2.9,11.0,0.0,0.0,1210.0,0.0,0.0,0.0,0.0,0.0,0.0,0.0,0.0,0.0,0.0,0.0,0.0,0.0,60.0,60.0,1732.0,287.0,581.0,0.494,0.0,1.0,0.0,287.0,580.0,0.495,0.494,85.0,116.0,0.733,145.0,284.0,429.0,97.0,58.0,97.0,65.0,176.0,659.0,0.0,18.0,0.521,0.002,0.2,9.2,18.3,13.7,9.2,1.8,4.2,9.3,18.9,2.5,3.6,6.1,0.168,-0.2,1.8,1.6,1.6,0.0,2012
129,Shannon Brown,23.7,4.3,10.1,0.42,1.2,3.2,0.362,3.1,6.9,0.446,0.477,1.4,1.7,0.808,0.6,2.0,2.7,1.2,0.7,0.3,1.1,1.1,11.0,0.0,0.0,1210.0,0.0,0.0,0.0,0.0,0.0,0.0,0.0,0.0,0.0,0.0,0.0,0.0,0.0,59.0,19.0,1400.0,251.0,598.0,0.42,68.0,188.0,0.362,183.0,410.0,0.446,0.477,80.0,99.0,0.808,38.0,119.0,157.0,69.0,44.0,15.0,64.0,66.0,650.0,0.0,13.6,0.507,0.314,0.166,3.1,9.5,6.3,8.1,1.6,0.8,9.1,22.8,0.8,0.8,1.6,0.054,-0.2,-0.9,-1.0,0.3,0.0,2012
130,Randy Foye,25.9,3.9,9.9,0.398,2.0,5.1,0.386,2.0,4.8,0.41,0.496,1.1,1.3,0.859,0.4,1.7,2.1,2.2,0.7,0.4,1.1,2.0,11.0,0.0,0.0,1210.0,0.0,0.0,0.0,0.0,0.0,0.0,0.0,0.0,0.0,0.0,0.0,0.0,0.0,65.0,48.0,1682.0,256.0,644.0,0.398,127.0,329.0,0.386,129.0,315.0,0.41,0.496,73.0,85.0,0.859,25.0,113.0,138.0,146.0,46.0,24.0,73.0,130.0,712.0,0.0,13.5,0.522,0.511,0.132,1.7,8.1,4.9,14.2,1.5,1.2,9.7,20.7,2.4,0.8,3.2,0.092,1.1,-0.9,0.2,0.9,0.0,2012
131,Lester Hudson,20.9,3.9,10.1,0.383,1.0,4.0,0.25,2.9,6.1,0.469,0.432,2.1,2.6,0.829,0.4,2.4,2.9,2.3,0.9,0.2,2.0,1.6,10.9,0.0,0.0,1210.0,0.0,0.0,0.0,0.0,0.0,0.0,0.0,0.0,0.0,0.0,0.0,0.0,0.0,16.0,0.0,334.0,62.0,162.0,0.383,16.0,64.0,0.25,46.0,98.0,0.469,0.432,34.0,41.0,0.829,7.0,39.0,46.0,36.0,14.0,3.0,32.0,26.0,174.0,0.0,13.9,0.483,0.395,0.253,2.3,13.8,7.8,20.6,2.2,0.7,15.1,28.6,-0.1,0.2,0.1,0.012,-1.4,-1.4,-2.7,-0.1,0.0,2012
132,Hedo Türkoğlu,31.2,3.9,9.5,0.415,1.7,4.9,0.353,2.2,4.6,0.48,0.505,1.3,1.8,0.705,0.5,3.3,3.8,4.4,0.8,0.3,2.7,2.6,10.9,0.0,0.0,1210.0,0.0,0.0,0.0,0.0,0.0,0.0,0.0,0.0,0.0,0.0,0.0,0.0,0.0,53.0,53.0,1653.0,209.0,504.0,0.415,91.0,258.0,0.353,118.0,246.0,0.48,0.505,67.0,95.0,0.705,24.0,175.0,199.0,233.0,45.0,17.0,142.0,139.0,576.0,0.0,11.7,0.528,0.512,0.188,1.7,12.4,7.0,24.1,1.5,0.8,20.6,19.5,0.6,1.5,2.1,0.06,-1.0,0.1,-0.9,0.5,0.0,2012
133,Trevor Ariza,32.9,4.1,9.8,0.417,0.7,2.1,0.333,3.4,7.7,0.44,0.453,1.9,2.5,0.775,1.0,4.2,5.2,3.3,1.7,0.6,1.9,1.8,10.8,0.0,0.0,1210.0,0.0,0.0,0.0,0.0,0.0,0.0,0.0,0.0,0.0,0.0,0.0,0.0,0.0,41.0,41.0,1350.0,168.0,403.0,0.417,29.0,87.0,0.333,139.0,316.0,0.44,0.453,79.0,102.0,0.775,41.0,174.0,215.0,135.0,69.0,25.0,76.0,73.0,444.0,0.0,14.2,0.496,0.216,0.253,3.7,15.1,9.5,16.8,2.8,1.5,14.5,18.4,0.5,1.7,2.2,0.078,-0.4,1.7,1.3,1.1,0.0,2012
134,Anderson Varejão,31.4,4.6,8.9,0.514,0.0,0.2,0.0,4.6,8.7,0.523,0.514,1.7,2.6,0.672,4.4,7.1,11.5,1.7,1.4,0.7,1.8,2.5,10.8,0.0,0.0,1210.0,0.0,0.0,0.0,0.0,0.0,0.0,0.0,0.0,0.0,0.0,0.0,0.0,0.0,25.0,25.0,785.0,114.0,222.0,0.514,0.0,4.0,0.0,114.0,218.0,0.523,0.514,43.0,64.0,0.672,109.0,178.0,287.0,43.0,35.0,17.0,45.0,62.0,271.0,0.0,18.9,0.542,0.018,0.288,15.2,26.8,20.8,9.7,2.3,1.6,15.2,16.9,1.2,0.9,2.1,0.131,1.3,-0.2,1.1,0.6,0.0,2012
135,Alonzo Gee,29.0,3.6,8.7,0.412,0.7,2.2,0.321,2.9,6.6,0.442,0.452,2.7,3.4,0.788,1.6,3.5,5.1,1.8,1.3,0.3,1.8,2.4,10.6,0.0,0.0,1210.0,0.0,0.0,0.0,0.0,0.0,0.0,0.0,0.0,0.0,0.0,0.0,0.0,0.0,63.0,31.0,1827.0,227.0,551.0,0.412,44.0,137.0,0.321,183.0,414.0,0.442,0.452,167.0,212.0,0.788,101.0,221.0,322.0,113.0,83.0,17.0,114.0,149.0,665.0,0.0,13.2,0.516,0.249,0.385,6.1,14.3,10.0,10.6,2.4,0.7,15.0,18.7,1.2,1.2,2.4,0.063,-1.2,-0.2,-1.4,0.3,0.0,2012
136,Shawn Marion,30.5,4.6,10.3,0.446,0.3,1.1,0.294,4.3,9.2,0.464,0.461,1.2,1.5,0.796,2.3,5.1,7.4,2.1,1.1,0.6,1.6,1.4,10.6,0.0,0.0,1210.0,0.0,0.0,0.0,0.0,0.0,0.0,0.0,0.0,0.0,0.0,0.0,0.0,0.0,63.0,63.0,1919.0,288.0,646.0,0.446,20.0,68.0,0.294,268.0,578.0,0.464,0.461,74.0,93.0,0.796,145.0,320.0,465.0,132.0,67.0,36.0,98.0,87.0,670.0,0.0,15.0,0.488,0.105,0.144,8.6,18.6,13.6,11.5,1.8,1.5,12.5,19.0,1.0,2.7,3.7,0.092,-0.2,0.6,0.5,1.2,0.0,2012
137,Ricky Rubio,34.2,3.4,9.5,0.357,0.8,2.3,0.34,2.6,7.2,0.363,0.398,3.1,3.8,0.803,0.5,3.7,4.2,8.2,2.2,0.2,3.2,2.4,10.6,0.0,0.0,1210.0,0.0,0.0,0.0,0.0,0.0,0.0,0.0,0.0,0.0,0.0,0.0,0.0,0.0,41.0,31.0,1404.0,139.0,389.0,0.357,32.0,94.0,0.34,107.0,295.0,0.363,0.398,126.0,157.0,0.803,21.0,150.0,171.0,336.0,91.0,8.0,131.0,97.0,436.0,0.0,14.6,0.476,0.242,0.404,1.6,11.9,6.7,37.4,3.3,0.4,22.2,18.7,0.5,1.5,2.0,0.07,-0.4,1.4,1.0,1.1,0.0,2012
138,José Calderón,33.9,4.1,9.0,0.457,1.1,3.0,0.371,3.0,6.0,0.5,0.519,1.1,1.3,0.882,0.4,2.7,3.0,8.8,0.9,0.1,2.0,1.8,10.5,0.0,0.0,1210.0,0.0,0.0,0.0,0.0,0.0,0.0,0.0,0.0,0.0,0.0,0.0,0.0,0.0,53.0,53.0,1799.0,218.0,477.0,0.457,59.0,159.0,0.371,159.0,318.0,0.5,0.519,60.0,68.0,0.882,19.0,141.0,160.0,468.0,47.0,3.0,104.0,94.0,555.0,0.0,16.7,0.547,0.333,0.143,1.3,9.1,5.2,44.2,1.4,0.1,17.0,16.0,3.9,1.2,5.1,0.136,2.4,-0.7,1.7,1.7,0.0,2012
139,Channing Frye,26.1,4.0,9.6,0.416,1.4,4.1,0.346,2.6,5.5,0.469,0.49,1.1,1.3,0.89,1.1,4.8,5.9,1.4,0.7,1.1,1.0,2.8,10.5,0.0,0.0,1210.0,0.0,0.0,0.0,0.0,0.0,0.0,0.0,0.0,0.0,0.0,0.0,0.0,0.0,64.0,59.0,1669.0,255.0,613.0,0.416,91.0,263.0,0.346,164.0,350.0,0.469,0.49,73.0,82.0,0.89,71.0,308.0,379.0,88.0,42.0,70.0,63.0,176.0,674.0,0.0,14.9,0.519,0.429,0.134,4.8,20.6,12.8,8.3,1.3,3.0,8.8,19.3,1.8,1.9,3.7,0.106,0.2,0.7,0.9,1.2,0.0,2012
140,Darren Collison,31.3,3.8,8.7,0.44,0.6,1.6,0.362,3.3,7.2,0.457,0.472,2.1,2.6,0.83,0.5,2.6,3.1,4.8,0.8,0.2,1.9,1.7,10.4,0.0,0.0,1210.0,0.0,0.0,0.0,0.0,0.0,0.0,0.0,0.0,0.0,0.0,0.0,0.0,0.0,60.0,56.0,1878.0,230.0,523.0,0.44,34.0,94.0,0.362,196.0,429.0,0.457,0.472,127.0,153.0,0.83,30.0,157.0,187.0,287.0,49.0,14.0,114.0,101.0,621.0,0.0,13.6,0.526,0.18,0.293,1.8,9.3,5.6,24.9,1.4,0.6,16.2,17.0,2.3,1.5,3.8,0.098,0.3,-0.5,-0.2,0.9,0.0,2012
141,Jordan Farmar,21.3,3.8,8.1,0.467,1.4,3.2,0.44,2.4,4.9,0.484,0.554,1.5,1.6,0.905,0.2,1.4,1.6,3.3,0.6,0.1,1.7,1.3,10.4,0.0,0.0,1210.0,0.0,0.0,0.0,0.0,0.0,0.0,0.0,0.0,0.0,0.0,0.0,0.0,0.0,39.0,5.0,831.0,147.0,315.0,0.467,55.0,125.0,0.44,92.0,190.0,0.484,0.554,57.0,63.0,0.905,7.0,54.0,61.0,129.0,24.0,2.0,68.0,49.0,406.0,0.0,17.4,0.592,0.397,0.2,1.0,7.8,4.3,29.0,1.5,0.2,16.6,22.6,1.8,0.0,1.8,0.104,2.5,-2.1,0.4,0.5,0.0,2012
142,Patty Mills,16.3,3.9,8.1,0.485,1.5,3.5,0.429,2.4,4.6,0.527,0.577,0.9,0.9,1.0,0.3,1.5,1.8,2.4,0.6,0.1,1.6,0.9,10.3,0.0,0.0,1210.0,0.0,0.0,0.0,0.0,0.0,0.0,0.0,0.0,0.0,0.0,0.0,0.0,0.0,16.0,3.0,261.0,63.0,130.0,0.485,24.0,56.0,0.429,39.0,74.0,0.527,0.577,15.0,15.0,1.0,4.0,24.0,28.0,39.0,10.0,1.0,26.0,14.0,165.0,0.0,21.5,0.604,0.431,0.115,1.8,10.3,6.2,25.9,2.0,0.3,16.0,28.4,0.6,0.3,0.9,0.161,3.6,-1.2,2.5,0.3,0.0,2012
143,Dorell Wright,27.0,3.6,8.6,0.422,1.7,4.8,0.36,1.9,3.8,0.5,0.522,1.3,1.6,0.816,1.0,3.6,4.6,1.5,1.0,0.4,0.8,1.6,10.3,0.0,0.0,1210.0,0.0,0.0,0.0,0.0,0.0,0.0,0.0,0.0,0.0,0.0,0.0,0.0,0.0,61.0,61.0,1650.0,222.0,526.0,0.422,105.0,292.0,0.36,117.0,234.0,0.5,0.522,80.0,98.0,0.816,60.0,218.0,278.0,94.0,58.0,26.0,51.0,97.0,629.0,0.0,15.0,0.553,0.555,0.186,4.1,14.9,9.6,8.8,1.8,1.2,8.2,17.3,2.6,0.8,3.4,0.099,1.6,-0.7,0.9,1.2,0.0,2012
144,Kenneth Faried,22.5,3.9,6.7,0.586,0.0,0.0,0.0,3.9,6.7,0.586,0.586,2.4,3.6,0.665,3.1,4.6,7.7,0.8,0.7,1.0,1.2,2.5,10.2,0.0,0.0,1210.0,0.0,0.0,0.0,0.0,0.0,0.0,0.0,0.0,0.0,0.0,0.0,0.0,0.0,46.0,39.0,1037.0,181.0,309.0,0.586,0.0,0.0,0.0,181.0,309.0,0.586,0.586,109.0,164.0,0.665,142.0,210.0,352.0,36.0,34.0,47.0,54.0,116.0,471.0,0.0,21.9,0.618,0.0,0.531,16.5,22.9,19.8,5.5,1.7,3.6,12.4,18.7,3.2,1.3,4.6,0.212,2.4,-0.2,2.2,1.1,0.0,2012
145,Grant Hill,28.1,4.1,9.2,0.446,0.3,1.1,0.264,3.8,8.1,0.47,0.461,1.7,2.2,0.761,0.6,2.9,3.5,2.2,0.8,0.6,1.3,1.8,10.2,0.0,0.0,1210.0,0.0,0.0,0.0,0.0,0.0,0.0,0.0,0.0,0.0,0.0,0.0,0.0,0.0,49.0,46.0,1378.0,201.0,451.0,0.446,14.0,53.0,0.264,187.0,398.0,0.47,0.461,83.0,109.0,0.761,29.0,142.0,171.0,107.0,41.0,29.0,65.0,88.0,499.0,0.0,12.3,0.5,0.118,0.242,2.4,11.5,7.0,12.1,1.5,1.5,11.5,18.6,0.6,0.9,1.6,0.055,-1.4,0.5,-0.9,0.4,0.0,2012
146,Joakim Noah,30.4,3.9,7.7,0.508,0.0,0.0,0.0,3.9,7.6,0.509,0.508,2.4,3.2,0.748,3.8,6.0,9.8,2.5,0.6,1.4,1.4,2.5,10.2,0.0,0.0,1210.0,0.0,0.0,0.0,0.0,0.0,0.0,0.0,0.0,0.0,0.0,0.0,0.0,0.0,64.0,64.0,1945.0,249.0,490.0,0.508,0.0,1.0,0.0,249.0,489.0,0.509,0.508,154.0,206.0,0.748,242.0,387.0,629.0,160.0,41.0,92.0,92.0,162.0,652.0,1.0,19.6,0.561,0.002,0.42,14.1,21.8,18.0,12.7,1.1,3.4,13.7,15.8,4.9,4.2,9.0,0.223,1.7,2.1,3.8,2.8,0.0,2012
147,Marvin Williams,26.3,3.6,8.2,0.432,1.0,2.6,0.389,2.5,5.6,0.452,0.494,2.0,2.6,0.788,1.3,3.8,5.2,1.2,0.8,0.3,0.7,1.5,10.2,0.0,0.0,1210.0,0.0,0.0,0.0,0.0,0.0,0.0,0.0,0.0,0.0,0.0,0.0,0.0,0.0,57.0,37.0,1500.0,203.0,470.0,0.432,58.0,149.0,0.389,145.0,321.0,0.452,0.494,115.0,146.0,0.788,76.0,218.0,294.0,71.0,47.0,18.0,39.0,84.0,579.0,0.0,15.8,0.542,0.317,0.311,6.0,16.9,11.5,7.7,1.7,0.9,6.8,18.0,2.7,2.1,4.9,0.156,1.1,0.2,1.3,1.2,0.0,2012
148,Vince Carter,25.3,3.7,8.9,0.411,1.2,3.4,0.361,2.4,5.5,0.442,0.48,1.6,1.9,0.826,0.5,2.8,3.4,2.3,0.9,0.4,1.4,2.2,10.1,0.0,0.0,1210.0,0.0,0.0,0.0,0.0,0.0,0.0,0.0,0.0,0.0,0.0,0.0,0.0,0.0,61.0,40.0,1542.0,223.0,542.0,0.411,74.0,205.0,0.361,149.0,337.0,0.442,0.48,95.0,115.0,0.826,32.0,173.0,205.0,139.0,56.0,25.0,84.0,134.0,615.0,0.0,13.6,0.519,0.378,0.212,2.3,12.5,7.5,15.0,1.9,1.3,12.4,20.4,1.0,1.8,2.9,0.09,-0.7,0.8,0.1,0.8,0.0,2012
149,Gary Neal,21.5,3.8,8.7,0.436,1.5,3.5,0.419,2.3,5.1,0.448,0.522,0.9,1.1,0.781,0.2,1.9,2.1,2.1,0.5,0.0,1.1,1.3,9.9,0.0,0.0,1210.0,0.0,0.0,0.0,0.0,0.0,0.0,0.0,0.0,0.0,0.0,0.0,0.0,0.0,56.0,7.0,1206.0,212.0,486.0,0.436,83.0,198.0,0.419,129.0,288.0,0.448,0.522,50.0,64.0,0.781,12.0,106.0,118.0,117.0,27.0,2.0,60.0,75.0,557.0,0.0,14.2,0.542,0.407,0.132,1.2,9.9,5.6,15.1,1.2,0.1,10.5,21.7,1.6,0.9,2.5,0.101,0.7,-0.8,-0.1,0.6,0.0,2012
150,Emeka Okafor,28.9,4.2,7.9,0.533,0.0,0.0,0.0,4.2,7.9,0.533,0.533,1.4,2.7,0.514,2.6,5.3,7.9,0.9,0.6,1.0,1.4,2.7,9.9,0.0,0.0,1210.0,0.0,0.0,0.0,0.0,0.0,0.0,0.0,0.0,0.0,0.0,0.0,0.0,0.0,27.0,27.0,781.0,114.0,214.0,0.533,0.0,0.0,0.0,114.0,214.0,0.533,0.533,38.0,74.0,0.514,70.0,143.0,213.0,24.0,16.0,26.0,37.0,73.0,266.0,0.0,15.1,0.539,0.0,0.346,10.8,21.4,16.2,5.3,1.1,2.8,13.0,17.2,0.8,0.9,1.7,0.103,-0.3,-0.1,-0.5,0.3,0.0,2012
151,Jason Smith,23.7,4.5,8.7,0.52,0.0,0.2,0.111,4.5,8.5,0.531,0.522,0.8,1.2,0.702,1.8,3.1,4.9,0.9,0.5,1.0,1.0,2.6,9.9,0.0,0.0,1210.0,0.0,0.0,0.0,0.0,0.0,0.0,0.0,0.0,0.0,0.0,0.0,0.0,0.0,40.0,29.0,947.0,181.0,348.0,0.52,1.0,9.0,0.111,180.0,339.0,0.531,0.522,33.0,47.0,0.702,72.0,124.0,196.0,34.0,21.0,41.0,40.0,102.0,396.0,0.0,16.6,0.537,0.026,0.135,9.2,15.3,12.3,6.8,1.2,3.6,9.8,20.4,1.2,1.0,2.2,0.11,-0.2,-0.2,-0.4,0.4,0.0,2012
152,Stephen Jackson,25.8,3.4,9.0,0.374,1.0,3.6,0.288,2.3,5.4,0.431,0.432,2.0,2.4,0.825,0.5,3.0,3.5,2.5,1.1,0.3,2.2,2.1,9.8,0.0,0.0,1210.0,0.0,0.0,0.0,0.0,0.0,0.0,0.0,0.0,0.0,0.0,0.0,0.0,0.0,47.0,14.0,1212.0,159.0,425.0,0.374,49.0,170.0,0.288,110.0,255.0,0.431,0.432,94.0,114.0,0.825,22.0,141.0,163.0,118.0,54.0,13.0,103.0,99.0,461.0,0.0,10.7,0.485,0.4,0.268,2.0,13.1,7.6,14.6,2.3,0.8,17.8,21.3,-0.7,1.3,0.6,0.025,-2.6,0.2,-2.3,-0.1,0.0,2012
153,Tony Allen,26.3,3.6,7.7,0.469,0.1,0.4,0.308,3.5,7.3,0.479,0.478,2.4,3.0,0.8,1.7,2.3,4.0,1.4,1.8,0.6,1.6,2.4,9.8,0.0,0.0,1210.0,0.0,0.0,0.0,0.0,0.0,0.0,0.0,0.0,0.0,0.0,0.0,0.0,0.0,58.0,57.0,1525.0,210.0,448.0,0.469,8.0,26.0,0.308,202.0,422.0,0.479,0.478,140.0,175.0,0.8,98.0,135.0,233.0,79.0,104.0,33.0,94.0,142.0,568.0,0.0,15.7,0.541,0.058,0.391,7.4,10.6,8.9,8.3,3.6,1.8,15.2,18.4,1.7,2.5,4.2,0.131,-0.6,2.3,1.7,1.4,0.0,2012
154,Mario Chalmers,28.5,3.5,7.8,0.448,1.6,4.1,0.388,1.9,3.7,0.513,0.549,1.3,1.6,0.792,0.3,2.4,2.7,3.5,1.5,0.2,2.2,2.6,9.8,0.0,0.0,1210.0,0.0,0.0,0.0,0.0,0.0,0.0,0.0,0.0,0.0,0.0,0.0,0.0,0.0,64.0,64.0,1825.0,223.0,498.0,0.448,101.0,260.0,0.388,122.0,238.0,0.513,0.549,80.0,101.0,0.792,16.0,155.0,171.0,222.0,97.0,11.0,142.0,166.0,627.0,0.0,12.9,0.578,0.522,0.203,1.1,9.8,5.6,19.0,2.8,0.5,20.7,17.4,1.5,2.8,4.3,0.112,-0.8,1.2,0.4,1.1,0.0,2012
155,Brandon Rush,26.4,3.6,7.2,0.501,1.5,3.4,0.452,2.1,3.8,0.544,0.607,1.0,1.3,0.793,0.5,3.4,3.9,1.4,0.5,0.9,1.0,1.0,9.8,0.0,0.0,1210.0,0.0,0.0,0.0,0.0,0.0,0.0,0.0,0.0,0.0,0.0,0.0,0.0,0.0,65.0,1.0,1717.0,235.0,469.0,0.501,99.0,219.0,0.452,136.0,250.0,0.544,0.607,65.0,82.0,0.793,33.0,218.0,251.0,88.0,35.0,58.0,68.0,64.0,634.0,0.0,15.2,0.628,0.467,0.175,2.2,14.4,8.3,7.9,1.1,2.6,11.9,15.4,2.9,0.6,3.5,0.099,2.1,-0.4,1.7,1.6,0.0,2012
156,Linas Kleiza,21.6,3.4,8.4,0.402,1.3,3.7,0.346,2.1,4.7,0.446,0.478,1.7,2.0,0.81,0.9,3.2,4.1,0.9,0.5,0.1,1.3,2.4,9.7,0.0,0.0,1210.0,0.0,0.0,0.0,0.0,0.0,0.0,0.0,0.0,0.0,0.0,0.0,0.0,0.0,49.0,3.0,1057.0,165.0,410.0,0.402,62.0,179.0,0.346,103.0,231.0,0.446,0.478,81.0,100.0,0.81,42.0,157.0,199.0,46.0,23.0,4.0,64.0,119.0,473.0,0.0,12.4,0.521,0.437,0.244,4.7,17.2,11.0,7.9,1.2,0.3,12.4,23.1,0.5,1.0,1.5,0.066,-0.8,-1.2,-2.0,0.0,0.0,2012
157,Andre Miller,27.4,3.7,8.4,0.438,0.3,1.3,0.217,3.4,7.1,0.478,0.455,2.1,2.6,0.811,0.8,2.5,3.3,6.7,1.0,0.1,2.7,2.0,9.7,0.0,0.0,1210.0,0.0,0.0,0.0,0.0,0.0,0.0,0.0,0.0,0.0,0.0,0.0,0.0,0.0,66.0,7.0,1809.0,242.0,552.0,0.438,18.0,83.0,0.217,224.0,469.0,0.478,0.455,137.0,169.0,0.811,53.0,168.0,221.0,441.0,63.0,9.0,177.0,133.0,639.0,0.0,14.8,0.51,0.15,0.306,3.5,10.5,7.1,36.5,1.8,0.4,22.0,19.8,1.9,1.0,2.9,0.078,0.5,-0.9,-0.3,0.7,0.0,2012
158,C.J. Watson,23.7,3.3,8.9,0.368,1.4,3.5,0.393,1.9,5.4,0.352,0.446,1.7,2.1,0.808,0.4,1.7,2.1,4.1,0.9,0.2,2.0,2.1,9.7,0.0,0.0,1210.0,0.0,0.0,0.0,0.0,0.0,0.0,0.0,0.0,0.0,0.0,0.0,0.0,0.0,49.0,25.0,1159.0,161.0,437.0,0.368,68.0,173.0,0.393,93.0,264.0,0.352,0.446,84.0,104.0,0.808,21.0,84.0,105.0,200.0,45.0,8.0,97.0,103.0,474.0,0.0,13.3,0.491,0.396,0.238,2.1,7.9,5.1,27.2,2.1,0.5,16.7,22.8,0.8,1.8,2.6,0.109,-0.5,0.2,-0.3,0.5,0.0,2012
159,Alan Anderson,27.1,3.2,8.4,0.387,1.4,3.6,0.393,1.8,4.8,0.383,0.472,1.7,2.0,0.853,0.5,1.5,2.0,1.5,0.3,0.2,1.5,2.1,9.6,0.0,0.0,1210.0,0.0,0.0,0.0,0.0,0.0,0.0,0.0,0.0,0.0,0.0,0.0,0.0,0.0,17.0,12.0,461.0,55.0,142.0,0.387,24.0,61.0,0.393,31.0,81.0,0.383,0.472,29.0,34.0,0.853,8.0,26.0,34.0,26.0,5.0,3.0,25.0,35.0,163.0,0.0,8.7,0.519,0.43,0.239,2.1,6.5,4.3,9.5,0.6,0.5,13.7,18.6,0.1,0.2,0.3,0.032,-1.7,-1.3,-3.0,-0.1,0.0,2012
160,Chase Budinger,22.4,3.6,8.1,0.442,1.5,3.8,0.402,2.1,4.3,0.476,0.535,0.9,1.2,0.771,0.7,3.1,3.7,1.3,0.5,0.1,0.9,1.1,9.6,0.0,0.0,1210.0,0.0,0.0,0.0,0.0,0.0,0.0,0.0,0.0,0.0,0.0,0.0,0.0,0.0,58.0,9.0,1298.0,208.0,471.0,0.442,88.0,219.0,0.402,120.0,252.0,0.476,0.535,54.0,70.0,0.771,38.0,179.0,217.0,74.0,29.0,7.0,55.0,65.0,558.0,0.0,14.9,0.556,0.465,0.149,3.4,16.2,9.7,9.3,1.2,0.4,9.9,19.5,2.0,1.0,3.0,0.111,1.8,-0.6,1.2,1.0,0.0,2012
161,Spencer Hawes,24.9,4.2,8.6,0.489,0.1,0.3,0.25,4.1,8.3,0.498,0.494,1.1,1.5,0.727,2.1,5.2,7.3,2.6,0.4,1.3,1.5,2.7,9.6,0.0,0.0,1210.0,0.0,0.0,0.0,0.0,0.0,0.0,0.0,0.0,0.0,0.0,0.0,0.0,0.0,37.0,29.0,920.0,156.0,319.0,0.489,3.0,12.0,0.25,153.0,307.0,0.498,0.494,40.0,55.0,0.727,78.0,192.0,270.0,98.0,16.0,48.0,55.0,100.0,355.0,0.0,18.1,0.517,0.038,0.172,9.4,23.3,16.3,17.6,0.9,3.9,13.8,20.3,1.1,1.9,2.9,0.152,-0.2,1.6,1.5,0.8,0.0,2012
162,George Hill,25.5,3.4,7.6,0.442,1.1,2.9,0.367,2.3,4.7,0.489,0.513,1.8,2.3,0.778,0.6,2.4,3.0,2.9,0.8,0.3,1.0,2.0,9.6,0.0,0.0,1210.0,0.0,0.0,0.0,0.0,0.0,0.0,0.0,0.0,0.0,0.0,0.0,0.0,0.0,50.0,9.0,1274.0,168.0,380.0,0.442,54.0,147.0,0.367,114.0,233.0,0.489,0.513,91.0,117.0,0.778,31.0,120.0,151.0,145.0,42.0,17.0,52.0,98.0,481.0,0.0,15.7,0.557,0.387,0.308,2.8,10.5,6.7,18.8,1.7,1.1,10.8,17.2,2.8,1.3,4.0,0.152,1.8,0.5,2.3,1.4,0.0,2012
163,Delonte West,24.1,3.8,8.2,0.461,0.6,1.7,0.355,3.2,6.5,0.489,0.499,1.4,1.6,0.886,0.3,2.0,2.3,3.2,1.3,0.3,1.7,1.5,9.6,0.0,0.0,1210.0,0.0,0.0,0.0,0.0,0.0,0.0,0.0,0.0,0.0,0.0,0.0,0.0,0.0,44.0,33.0,1060.0,166.0,360.0,0.461,27.0,76.0,0.355,139.0,284.0,0.489,0.499,62.0,70.0,0.886,13.0,88.0,101.0,139.0,58.0,11.0,76.0,67.0,421.0,0.0,15.3,0.539,0.211,0.194,1.4,9.3,5.4,22.2,2.9,0.8,16.3,20.4,0.8,1.4,2.2,0.098,-0.6,1.6,1.0,0.8,0.0,2012
164,DeJuan Blair,21.3,4.2,7.9,0.534,0.0,0.0,0.0,4.2,7.9,0.535,0.534,1.1,1.9,0.613,2.4,3.1,5.5,1.2,0.9,0.2,1.4,2.6,9.5,0.0,0.0,1210.0,0.0,0.0,0.0,0.0,0.0,0.0,0.0,0.0,0.0,0.0,0.0,0.0,0.0,64.0,62.0,1363.0,269.0,504.0,0.534,0.0,1.0,0.0,269.0,503.0,0.535,0.534,73.0,119.0,0.613,154.0,197.0,351.0,78.0,59.0,12.0,92.0,168.0,611.0,0.0,17.6,0.549,0.002,0.236,13.2,16.3,14.8,9.2,2.2,0.6,14.2,21.7,2.2,1.8,4.0,0.142,-0.4,0.0,-0.3,0.6,0.0,2012
165,Chandler Parsons,28.6,3.9,8.7,0.452,1.0,2.8,0.337,3.0,5.9,0.507,0.506,0.7,1.2,0.551,1.4,3.3,4.8,2.1,1.2,0.5,1.3,2.3,9.5,0.0,0.0,1210.0,0.0,0.0,0.0,0.0,0.0,0.0,0.0,0.0,0.0,0.0,0.0,0.0,0.0,63.0,57.0,1804.0,248.0,549.0,0.452,60.0,178.0,0.337,188.0,371.0,0.507,0.506,43.0,78.0,0.551,90.0,210.0,300.0,134.0,73.0,29.0,81.0,142.0,599.0,0.0,13.3,0.513,0.324,0.142,5.7,13.6,9.6,11.7,2.1,1.2,12.2,16.7,1.6,1.8,3.4,0.09,0.1,0.7,0.8,1.3,0.0,2012
166,Iman Shumpert,28.9,3.6,9.1,0.401,0.8,2.7,0.306,2.8,6.4,0.44,0.446,1.5,1.8,0.798,0.7,2.4,3.2,2.8,1.7,0.1,1.9,2.9,9.5,0.0,0.0,1210.0,0.0,0.0,0.0,0.0,0.0,0.0,0.0,0.0,0.0,0.0,0.0,0.0,0.0,59.0,35.0,1705.0,214.0,534.0,0.401,48.0,157.0,0.306,166.0,377.0,0.44,0.446,87.0,109.0,0.798,42.0,144.0,186.0,164.0,101.0,8.0,111.0,173.0,563.0,0.0,10.8,0.484,0.294,0.204,2.8,9.9,6.3,15.6,3.1,0.4,16.0,18.2,-0.1,2.5,2.4,0.068,-3.0,1.6,-1.4,0.2,0.0,2012
167,Wilson Chandler,26.9,3.9,9.9,0.392,0.4,1.5,0.25,3.5,8.4,0.418,0.411,1.3,1.5,0.833,0.8,4.4,5.1,2.1,0.8,0.8,2.3,2.3,9.4,0.0,0.0,1210.0,0.0,0.0,0.0,0.0,0.0,0.0,0.0,0.0,0.0,0.0,0.0,0.0,0.0,8.0,6.0,215.0,31.0,79.0,0.392,3.0,12.0,0.25,28.0,67.0,0.418,0.411,10.0,12.0,0.833,6.0,35.0,41.0,17.0,6.0,6.0,18.0,18.0,75.0,0.0,9.0,0.445,0.152,0.152,3.4,18.4,11.1,12.0,1.4,2.2,17.6,21.2,-0.3,0.2,-0.1,-0.021,-3.6,-1.0,-4.6,-0.1,0.0,2012
168,Evan Turner,26.4,4.0,9.1,0.446,0.2,0.8,0.224,3.9,8.3,0.466,0.455,1.1,1.7,0.676,0.4,5.4,5.8,2.8,0.6,0.3,1.6,1.8,9.4,0.0,0.0,1210.0,0.0,0.0,0.0,0.0,0.0,0.0,0.0,0.0,0.0,0.0,0.0,0.0,0.0,65.0,20.0,1713.0,263.0,590.0,0.446,11.0,49.0,0.224,252.0,541.0,0.466,0.455,73.0,108.0,0.676,27.0,349.0,376.0,180.0,40.0,20.0,105.0,117.0,610.0,0.0,12.6,0.478,0.083,0.183,1.7,22.8,12.2,16.9,1.2,0.9,14.1,20.3,-0.6,3.0,2.4,0.068,-2.2,1.0,-1.3,0.3,0.0,2012
169,Glen Davis,23.4,3.7,8.8,0.421,0.0,0.2,0.143,3.7,8.5,0.429,0.423,1.9,2.7,0.683,1.8,3.7,5.4,0.8,0.7,0.3,1.2,1.7,9.3,0.0,0.0,1210.0,0.0,0.0,0.0,0.0,0.0,0.0,0.0,0.0,0.0,0.0,0.0,0.0,0.0,61.0,13.0,1427.0,225.0,534.0,0.421,2.0,14.0,0.143,223.0,520.0,0.429,0.423,114.0,167.0,0.683,107.0,224.0,331.0,47.0,43.0,19.0,75.0,106.0,566.0,0.0,13.2,0.466,0.026,0.313,8.5,18.4,13.4,5.9,1.6,1.0,11.0,22.4,0.0,1.7,1.7,0.057,-2.4,-0.7,-3.2,-0.4,0.0,2012
170,Tyler Hansbrough,21.8,2.9,7.3,0.405,0.0,0.0,0.0,2.9,7.2,0.406,0.405,3.4,4.2,0.813,1.7,2.7,4.4,0.5,0.8,0.1,1.0,2.4,9.3,0.0,0.0,1210.0,0.0,0.0,0.0,0.0,0.0,0.0,0.0,0.0,0.0,0.0,0.0,0.0,0.0,66.0,0.0,1442.0,194.0,479.0,0.405,0.0,1.0,0.0,194.0,478.0,0.406,0.405,226.0,278.0,0.813,113.0,177.0,290.0,30.0,54.0,9.0,65.0,159.0,614.0,0.0,14.7,0.511,0.002,0.58,8.9,13.7,11.3,3.5,2.0,0.5,9.8,20.9,2.2,1.7,3.9,0.129,-1.1,-0.7,-1.8,0.1,0.0,2012
171,Cartier Martin,23.0,3.5,7.9,0.44,1.7,4.4,0.387,1.8,3.5,0.508,0.549,0.6,1.1,0.579,0.7,2.7,3.4,0.6,0.6,0.1,0.8,2.1,9.3,0.0,0.0,1210.0,0.0,0.0,0.0,0.0,0.0,0.0,0.0,0.0,0.0,0.0,0.0,0.0,0.0,17.0,2.0,391.0,59.0,134.0,0.44,29.0,75.0,0.387,30.0,59.0,0.508,0.549,11.0,19.0,0.579,12.0,46.0,58.0,10.0,11.0,2.0,13.0,35.0,158.0,0.0,12.8,0.555,0.56,0.142,3.4,13.4,8.4,4.2,1.5,0.4,8.4,17.8,0.5,0.2,0.7,0.09,-0.1,-1.0,-1.1,0.1,0.0,2012
172,Byron Mullens,22.5,3.9,9.1,0.425,0.2,0.8,0.235,3.7,8.3,0.443,0.435,1.4,1.7,0.821,1.5,3.6,5.0,0.9,0.3,0.8,1.1,2.1,9.3,0.0,0.0,1210.0,0.0,0.0,0.0,0.0,0.0,0.0,0.0,0.0,0.0,0.0,0.0,0.0,0.0,65.0,25.0,1465.0,251.0,591.0,0.425,12.0,51.0,0.235,239.0,540.0,0.443,0.435,92.0,112.0,0.821,96.0,231.0,327.0,57.0,21.0,52.0,74.0,137.0,606.0,0.0,13.0,0.473,0.086,0.19,7.3,18.8,12.8,7.5,0.8,2.6,10.4,22.5,-0.4,0.6,0.2,0.007,-2.5,-2.1,-4.6,-1.0,0.0,2012
173,Tiago Splitter,19.0,3.6,5.8,0.618,0.0,0.0,0.0,3.6,5.8,0.618,0.618,2.1,3.1,0.691,1.6,3.6,5.2,1.1,0.4,0.8,1.5,2.3,9.3,0.0,0.0,1210.0,0.0,0.0,0.0,0.0,0.0,0.0,0.0,0.0,0.0,0.0,0.0,0.0,0.0,59.0,2.0,1121.0,212.0,343.0,0.618,0.0,0.0,0.0,212.0,343.0,0.618,0.618,125.0,181.0,0.691,93.0,213.0,306.0,65.0,21.0,47.0,87.0,134.0,549.0,0.0,20.5,0.649,0.0,0.528,9.7,21.4,15.7,9.2,1.0,3.0,17.1,20.7,3.0,1.6,4.6,0.197,0.9,1.1,2.0,1.1,0.0,2012
174,Richard Jefferson,27.7,3.2,7.7,0.416,1.8,4.3,0.42,1.4,3.5,0.411,0.532,0.9,1.3,0.694,0.4,3.1,3.5,1.4,0.6,0.3,0.8,1.9,9.2,0.0,0.0,1210.0,0.0,0.0,0.0,0.0,0.0,0.0,0.0,0.0,0.0,0.0,0.0,0.0,0.0,63.0,44.0,1748.0,203.0,488.0,0.416,113.0,269.0,0.42,90.0,219.0,0.411,0.532,59.0,85.0,0.694,26.0,193.0,219.0,88.0,37.0,19.0,50.0,121.0,578.0,0.0,11.1,0.55,0.551,0.174,1.7,12.4,7.2,7.3,1.1,0.8,8.7,15.1,1.9,1.2,3.1,0.085,-0.2,-0.3,-0.5,0.6,0.0,2012
175,Danny Green,23.1,3.2,7.2,0.442,1.5,3.5,0.436,1.7,3.7,0.449,0.549,1.2,1.5,0.79,0.8,2.6,3.5,1.3,0.9,0.7,1.0,1.6,9.1,0.0,0.0,1210.0,0.0,0.0,0.0,0.0,0.0,0.0,0.0,0.0,0.0,0.0,0.0,0.0,0.0,66.0,38.0,1522.0,211.0,477.0,0.442,102.0,234.0,0.436,109.0,243.0,0.449,0.549,79.0,100.0,0.79,54.0,174.0,228.0,86.0,58.0,46.0,67.0,107.0,603.0,0.0,15.5,0.579,0.491,0.21,4.2,12.9,8.6,8.3,2.0,2.2,11.4,17.6,2.5,2.0,4.5,0.142,1.8,1.2,3.0,1.9,0.0,2012
176,Serge Ibaka,27.2,4.0,7.4,0.535,0.0,0.0,0.333,4.0,7.4,0.536,0.536,1.2,1.8,0.661,2.9,4.6,7.5,0.4,0.5,3.7,1.2,2.7,9.1,0.0,0.0,1210.0,0.0,0.0,0.0,0.0,0.0,0.0,0.0,0.0,0.0,0.0,0.0,0.0,0.0,66.0,66.0,1792.0,262.0,490.0,0.535,1.0,3.0,0.333,261.0,487.0,0.536,0.536,78.0,118.0,0.661,193.0,305.0,498.0,28.0,33.0,241.0,79.0,179.0,603.0,1.0,19.0,0.556,0.006,0.241,13.2,18.2,15.9,2.5,1.0,9.8,12.7,15.7,3.0,3.2,6.2,0.167,0.1,2.3,2.3,1.9,0.0,2012
177,James Johnson,25.2,3.8,8.4,0.45,0.3,1.0,0.317,3.5,7.4,0.467,0.468,1.3,1.9,0.704,1.2,3.5,4.7,2.0,1.1,1.4,1.6,2.9,9.1,0.0,0.0,1210.0,0.0,0.0,0.0,0.0,0.0,0.0,0.0,0.0,0.0,0.0,0.0,0.0,0.0,62.0,40.0,1561.0,233.0,518.0,0.45,19.0,60.0,0.317,214.0,458.0,0.467,0.468,81.0,115.0,0.704,74.0,218.0,292.0,122.0,71.0,84.0,101.0,177.0,566.0,0.0,14.5,0.498,0.116,0.222,5.6,16.2,11.0,13.9,2.4,4.4,15.1,20.2,0.1,2.5,2.6,0.079,-0.9,2.3,1.5,1.3,0.0,2012
178,C.J. Miles,20.4,3.2,8.3,0.381,0.8,2.7,0.307,2.3,5.6,0.416,0.43,1.9,2.4,0.794,0.5,1.6,2.1,1.2,0.8,0.3,0.9,2.2,9.1,0.0,0.0,1210.0,0.0,0.0,0.0,0.0,0.0,0.0,0.0,0.0,0.0,0.0,0.0,0.0,0.0,56.0,14.0,1145.0,177.0,465.0,0.381,46.0,150.0,0.307,131.0,315.0,0.416,0.43,108.0,136.0,0.794,27.0,89.0,116.0,69.0,46.0,18.0,53.0,122.0,508.0,0.0,12.4,0.484,0.323,0.292,2.7,9.0,5.8,9.6,2.1,1.3,9.2,22.7,0.7,0.8,1.5,0.063,-1.4,-0.4,-1.8,0.0,0.0,2012
179,Jason Thompson,25.9,3.7,6.9,0.535,0.0,0.0,0.0,3.7,6.9,0.537,0.535,1.7,2.8,0.602,2.6,4.3,6.9,1.2,0.7,0.7,1.1,2.3,9.1,0.0,0.0,1210.0,0.0,0.0,0.0,0.0,0.0,0.0,0.0,0.0,0.0,0.0,0.0,0.0,0.0,64.0,47.0,1657.0,237.0,443.0,0.535,0.0,2.0,0.0,237.0,441.0,0.537,0.535,109.0,181.0,0.602,166.0,277.0,443.0,79.0,43.0,44.0,68.0,149.0,583.0,0.0,16.4,0.558,0.005,0.409,10.5,19.3,14.7,7.5,1.3,1.9,11.5,15.5,3.1,0.8,3.9,0.114,0.2,-1.1,-0.9,0.5,0.0,2012
180,Carlos Delfino,28.5,3.4,8.4,0.402,1.6,4.4,0.36,1.8,4.0,0.449,0.497,0.7,0.9,0.792,0.4,3.5,3.9,2.3,1.5,0.2,1.2,1.8,9.0,0.0,0.0,1210.0,0.0,0.0,0.0,0.0,0.0,0.0,0.0,0.0,0.0,0.0,0.0,0.0,0.0,54.0,53.0,1537.0,182.0,453.0,0.402,86.0,239.0,0.36,96.0,214.0,0.449,0.497,38.0,48.0,0.792,20.0,188.0,208.0,123.0,79.0,10.0,66.0,99.0,488.0,0.0,11.7,0.515,0.528,0.106,1.4,13.9,7.5,11.9,2.6,0.5,12.2,15.5,0.8,1.6,2.4,0.075,-1.1,1.1,-0.1,0.8,0.0,2012
181,Rodrigue Beaubois,21.7,3.5,8.4,0.422,0.7,2.5,0.288,2.8,5.9,0.479,0.465,1.1,1.3,0.841,0.4,2.5,2.8,2.9,1.1,0.5,1.3,1.8,8.9,0.0,0.0,1210.0,0.0,0.0,0.0,0.0,0.0,0.0,0.0,0.0,0.0,0.0,0.0,0.0,0.0,53.0,12.0,1151.0,188.0,445.0,0.422,38.0,132.0,0.288,150.0,313.0,0.479,0.465,58.0,69.0,0.841,19.0,132.0,151.0,152.0,56.0,28.0,70.0,98.0,472.0,0.0,15.3,0.496,0.297,0.155,1.9,12.8,7.4,22.7,2.6,1.9,12.8,22.0,0.5,1.7,2.2,0.092,-0.4,1.7,1.3,1.0,0.0,2012
182,Corey Brewer,21.8,3.4,7.8,0.434,0.6,2.2,0.26,2.8,5.7,0.5,0.47,1.5,2.2,0.692,0.7,1.8,2.5,1.5,1.2,0.3,0.9,1.9,8.9,0.0,0.0,1210.0,0.0,0.0,0.0,0.0,0.0,0.0,0.0,0.0,0.0,0.0,0.0,0.0,0.0,59.0,17.0,1287.0,201.0,463.0,0.434,33.0,127.0,0.26,168.0,336.0,0.5,0.47,90.0,130.0,0.692,43.0,107.0,150.0,88.0,72.0,17.0,56.0,113.0,525.0,0.0,13.7,0.505,0.274,0.281,4.0,9.4,6.8,10.6,2.9,1.0,9.7,20.0,1.1,1.1,2.3,0.085,-0.8,0.7,-0.1,0.6,0.0,2012
183,Greivis Vásquez,25.8,3.4,7.9,0.43,0.7,2.0,0.319,2.8,5.9,0.469,0.471,1.5,1.8,0.821,0.3,2.3,2.6,5.4,0.9,0.1,2.2,1.9,8.9,0.0,0.0,1210.0,0.0,0.0,0.0,0.0,0.0,0.0,0.0,0.0,0.0,0.0,0.0,0.0,0.0,66.0,26.0,1706.0,225.0,523.0,0.43,43.0,135.0,0.319,182.0,388.0,0.469,0.471,96.0,117.0,0.821,23.0,150.0,173.0,359.0,60.0,8.0,148.0,126.0,589.0,0.0,14.2,0.513,0.258,0.224,1.6,10.3,6.0,35.7,1.9,0.4,20.5,20.0,1.0,1.3,2.3,0.064,-0.2,-0.9,-1.1,0.4,0.0,2012
184,Derrick Favors,21.2,3.4,6.8,0.499,0.0,0.0,0.0,3.4,6.8,0.499,0.499,1.9,3.0,0.649,2.4,4.1,6.5,0.7,0.6,1.0,1.6,2.2,8.8,0.0,0.0,1210.0,0.0,0.0,0.0,0.0,0.0,0.0,0.0,0.0,0.0,0.0,0.0,0.0,0.0,65.0,9.0,1376.0,222.0,445.0,0.499,0.0,0.0,0.0,222.0,445.0,0.499,0.499,126.0,194.0,0.649,158.0,267.0,425.0,43.0,38.0,65.0,103.0,145.0,570.0,0.0,17.1,0.537,0.0,0.436,13.0,22.5,17.7,5.0,1.4,3.8,16.3,20.7,1.4,1.6,3.0,0.105,-0.6,-0.5,-1.1,0.3,0.0,2012
185,Landry Fields,28.7,3.6,7.8,0.46,0.5,1.8,0.256,3.1,5.9,0.523,0.49,1.2,2.1,0.562,0.9,3.3,4.2,2.6,1.2,0.3,1.5,1.5,8.8,0.0,0.0,1210.0,0.0,0.0,0.0,0.0,0.0,0.0,0.0,0.0,0.0,0.0,0.0,0.0,0.0,66.0,62.0,1894.0,236.0,513.0,0.46,31.0,121.0,0.256,205.0,392.0,0.523,0.49,77.0,137.0,0.562,59.0,219.0,278.0,169.0,79.0,17.0,102.0,99.0,580.0,0.0,12.0,0.506,0.236,0.267,3.6,13.5,8.5,14.5,2.1,0.7,15.1,16.0,0.8,2.6,3.4,0.085,-1.1,1.1,0.0,1.0,0.0,2012
186,Steve Novak,18.9,3.0,6.2,0.478,2.5,5.2,0.472,0.5,1.0,0.509,0.675,0.4,0.5,0.846,0.2,1.8,1.9,0.2,0.3,0.2,0.4,1.1,8.8,0.0,0.0,1210.0,0.0,0.0,0.0,0.0,0.0,0.0,0.0,0.0,0.0,0.0,0.0,0.0,0.0,54.0,0.0,1020.0,161.0,337.0,0.478,133.0,282.0,0.472,28.0,55.0,0.509,0.675,22.0,26.0,0.846,9.0,95.0,104.0,12.0,16.0,9.0,21.0,59.0,477.0,0.0,15.9,0.684,0.837,0.077,1.0,10.9,5.9,2.0,0.8,0.7,5.7,16.2,2.9,0.9,3.9,0.181,4.6,-0.5,4.1,1.6,0.0,2012
187,Marreese Speights,22.4,3.7,8.1,0.453,0.0,0.1,0.0,3.7,8.1,0.456,0.453,1.4,1.8,0.771,2.2,4.0,6.2,0.8,0.4,0.5,1.2,2.5,8.8,0.0,0.0,1210.0,0.0,0.0,0.0,0.0,0.0,0.0,0.0,0.0,0.0,0.0,0.0,0.0,0.0,60.0,54.0,1345.0,221.0,488.0,0.453,0.0,3.0,0.0,221.0,485.0,0.456,0.453,84.0,109.0,0.771,133.0,241.0,374.0,48.0,21.0,29.0,74.0,147.0,526.0,0.0,14.1,0.491,0.006,0.223,11.3,21.4,16.2,6.0,0.8,1.8,12.1,20.5,0.9,1.7,2.7,0.096,-1.8,-1.2,-3.0,-0.4,0.0,2012
188,Derrick Williams,21.5,3.1,7.5,0.412,0.6,2.1,0.268,2.5,5.5,0.467,0.449,2.1,3.0,0.697,1.2,3.5,4.7,0.6,0.5,0.5,1.2,1.4,8.8,0.0,0.0,1210.0,0.0,0.0,0.0,0.0,0.0,0.0,0.0,0.0,0.0,0.0,0.0,0.0,0.0,66.0,15.0,1418.0,205.0,498.0,0.412,37.0,138.0,0.268,168.0,360.0,0.467,0.449,136.0,195.0,0.697,77.0,234.0,311.0,38.0,30.0,31.0,77.0,95.0,583.0,0.0,12.9,0.499,0.277,0.392,6.0,18.4,12.2,4.5,1.1,1.6,11.7,20.7,0.6,1.2,1.8,0.059,-1.4,-0.7,-2.1,0.0,0.0,2012
189,Josh Howard,23.0,3.3,8.4,0.399,0.2,0.9,0.243,3.1,7.5,0.417,0.411,1.7,2.3,0.773,0.9,2.8,3.7,1.2,0.7,0.2,1.2,2.1,8.7,0.0,0.0,1210.0,0.0,0.0,0.0,0.0,0.0,0.0,0.0,0.0,0.0,0.0,0.0,0.0,0.0,43.0,18.0,991.0,144.0,361.0,0.399,9.0,37.0,0.243,135.0,324.0,0.417,0.411,75.0,97.0,0.773,39.0,119.0,158.0,50.0,32.0,10.0,53.0,91.0,372.0,0.0,10.5,0.461,0.102,0.269,4.5,13.9,9.2,7.9,1.7,0.8,11.6,20.7,-0.2,0.7,0.5,0.025,-2.8,-0.9,-3.7,-0.4,0.0,2012
190,Jonas Jerebko,22.9,3.3,7.1,0.468,0.5,1.7,0.302,2.8,5.4,0.519,0.503,1.6,1.9,0.806,1.5,3.3,4.8,0.7,0.6,0.3,1.0,2.5,8.7,0.0,0.0,1210.0,0.0,0.0,0.0,0.0,0.0,0.0,0.0,0.0,0.0,0.0,0.0,0.0,0.0,64.0,13.0,1468.0,212.0,453.0,0.468,32.0,106.0,0.302,180.0,347.0,0.519,0.503,100.0,124.0,0.806,96.0,212.0,308.0,43.0,41.0,21.0,66.0,162.0,556.0,0.0,14.2,0.548,0.234,0.274,7.6,17.8,12.5,5.1,1.5,1.1,11.5,18.1,2.0,1.3,3.3,0.108,-0.8,-0.7,-1.5,0.2,0.0,2012
191,Rudy Fernández,22.9,3.2,7.3,0.44,1.3,3.9,0.328,1.9,3.3,0.573,0.529,1.0,1.4,0.698,0.3,1.8,2.1,2.4,1.0,0.1,1.3,1.2,8.6,0.0,0.0,1210.0,0.0,0.0,0.0,0.0,0.0,0.0,0.0,0.0,0.0,0.0,0.0,0.0,0.0,31.0,1.0,710.0,99.0,225.0,0.44,40.0,122.0,0.328,59.0,103.0,0.573,0.529,30.0,43.0,0.698,9.0,56.0,65.0,75.0,31.0,3.0,40.0,37.0,268.0,0.0,13.3,0.549,0.542,0.191,1.5,8.9,5.3,15.9,2.2,0.3,14.1,17.8,0.8,0.4,1.2,0.083,0.6,0.1,0.7,0.5,0.0,2012
192,Andray Blatche,24.1,3.6,9.4,0.38,0.1,0.3,0.286,3.5,9.2,0.382,0.384,1.3,1.9,0.673,1.6,4.2,5.8,1.1,0.8,0.7,1.4,2.1,8.5,0.0,0.0,1210.0,0.0,0.0,0.0,0.0,0.0,0.0,0.0,0.0,0.0,0.0,0.0,0.0,0.0,26.0,13.0,626.0,93.0,245.0,0.38,2.0,7.0,0.286,91.0,238.0,0.382,0.384,33.0,49.0,0.673,42.0,108.0,150.0,28.0,20.0,17.0,37.0,54.0,221.0,0.0,10.6,0.415,0.029,0.2,7.5,19.6,13.5,7.3,1.7,2.1,12.2,21.7,-0.8,0.6,-0.1,-0.011,-3.4,-1.4,-4.8,-0.4,0.0,2012
193,J.J. Hickson,23.0,3.4,7.3,0.467,0.0,0.0,0.0,3.4,7.2,0.469,0.467,1.6,2.5,0.642,2.5,3.7,6.2,0.8,0.6,0.6,1.3,1.6,8.4,0.0,0.0,1210.0,0.0,0.0,0.0,0.0,0.0,0.0,0.0,0.0,0.0,0.0,0.0,0.0,0.0,54.0,19.0,1244.0,183.0,392.0,0.467,0.0,2.0,0.0,183.0,390.0,0.469,0.467,86.0,134.0,0.642,133.0,202.0,335.0,45.0,30.0,35.0,70.0,85.0,452.0,0.0,14.9,0.501,0.005,0.342,11.7,19.0,15.2,5.9,1.2,2.1,13.4,18.7,0.9,0.8,1.7,0.066,-0.8,-1.5,-2.3,-0.1,0.0,2012
194,Trevor Booker,25.2,3.6,6.8,0.531,0.0,0.0,0.5,3.6,6.8,0.531,0.532,1.1,1.9,0.602,2.4,4.1,6.5,0.8,1.0,0.9,1.2,2.8,8.4,0.0,0.0,1210.0,0.0,0.0,0.0,0.0,0.0,0.0,0.0,0.0,0.0,0.0,0.0,0.0,0.0,50.0,32.0,1261.0,181.0,341.0,0.531,1.0,2.0,0.5,180.0,339.0,0.531,0.532,56.0,93.0,0.602,119.0,206.0,325.0,40.0,48.0,43.0,58.0,138.0,419.0,0.0,15.4,0.549,0.006,0.273,10.6,18.6,14.5,5.1,2.0,2.6,13.2,15.6,1.6,1.4,3.0,0.113,-0.8,0.0,-0.8,0.4,0.0,2012
195,Jodie Meeks,24.9,2.9,7.1,0.409,1.5,4.0,0.365,1.4,3.0,0.468,0.513,1.2,1.3,0.906,0.3,2.2,2.4,0.8,0.6,0.0,0.4,1.2,8.4,0.0,0.0,1210.0,0.0,0.0,0.0,0.0,0.0,0.0,0.0,0.0,0.0,0.0,0.0,0.0,0.0,66.0,50.0,1644.0,191.0,467.0,0.409,97.0,266.0,0.365,94.0,201.0,0.468,0.513,77.0,85.0,0.906,17.0,144.0,161.0,54.0,40.0,3.0,29.0,82.0,556.0,0.0,11.5,0.551,0.57,0.182,1.1,9.8,5.4,5.0,1.3,0.1,5.4,15.2,2.1,2.0,4.1,0.12,-0.8,0.1,-0.7,0.5,0.0,2012
196,Reggie Williams,22.6,3.2,7.7,0.416,1.0,3.2,0.308,2.2,4.5,0.493,0.48,0.9,1.2,0.725,0.8,2.0,2.8,1.8,0.6,0.1,1.0,1.0,8.3,0.0,0.0,1210.0,0.0,0.0,0.0,0.0,0.0,0.0,0.0,0.0,0.0,0.0,0.0,0.0,0.0,33.0,13.0,747.0,106.0,255.0,0.416,33.0,107.0,0.308,73.0,148.0,0.493,0.48,29.0,40.0,0.725,27.0,66.0,93.0,60.0,20.0,3.0,33.0,34.0,274.0,0.0,12.4,0.503,0.42,0.157,4.0,10.5,7.1,14.7,1.4,0.3,10.8,18.9,0.3,0.0,0.3,0.022,-0.4,-2.0,-2.4,-0.1,0.0,2012
197,Michael Redd,15.1,2.8,7.1,0.4,0.8,2.6,0.318,2.0,4.5,0.447,0.458,1.7,2.2,0.793,0.3,1.2,1.5,0.6,0.3,0.0,0.7,0.6,8.2,0.0,0.0,1210.0,0.0,0.0,0.0,0.0,0.0,0.0,0.0,0.0,0.0,0.0,0.0,0.0,0.0,51.0,2.0,770.0,144.0,360.0,0.4,42.0,132.0,0.318,102.0,228.0,0.447,0.458,88.0,111.0,0.793,14.0,63.0,77.0,33.0,13.0,0.0,37.0,29.0,418.0,0.0,13.9,0.511,0.367,0.308,2.1,9.1,5.6,7.1,0.9,0.0,8.3,26.3,0.6,0.2,0.8,0.052,-0.2,-2.4,-2.6,-0.1,0.0,2012
198,James Singleton,21.8,3.4,6.3,0.547,0.2,0.8,0.222,3.3,5.5,0.591,0.56,1.2,1.3,0.933,2.1,4.7,6.8,1.3,0.8,0.7,0.8,2.3,8.2,0.0,0.0,1210.0,0.0,0.0,0.0,0.0,0.0,0.0,0.0,0.0,0.0,0.0,0.0,0.0,0.0,12.0,0.0,262.0,41.0,75.0,0.547,2.0,9.0,0.222,39.0,66.0,0.591,0.56,14.0,15.0,0.933,25.0,56.0,81.0,15.0,9.0,8.0,10.0,27.0,98.0,0.0,19.6,0.6,0.12,0.2,10.7,24.3,17.4,9.5,1.8,2.3,10.9,15.6,0.7,0.3,1.0,0.186,1.2,0.5,1.7,0.2,0.0,2012
199,Tristan Thompson,23.7,3.2,7.4,0.439,0.0,0.0,0.0,3.2,7.3,0.441,0.439,1.8,3.2,0.552,3.1,3.4,6.5,0.5,0.5,1.0,1.4,2.2,8.2,0.0,0.0,1210.0,0.0,0.0,0.0,0.0,0.0,0.0,0.0,0.0,0.0,0.0,0.0,0.0,0.0,60.0,25.0,1424.0,194.0,442.0,0.439,0.0,2.0,0.0,194.0,440.0,0.441,0.439,106.0,192.0,0.552,187.0,202.0,389.0,27.0,27.0,62.0,81.0,134.0,494.0,0.0,13.3,0.469,0.005,0.434,14.4,16.8,15.5,3.3,1.0,3.3,13.3,19.2,0.3,0.9,1.1,0.038,-2.4,-2.3,-4.7,-1.0,0.0,2012
200,Derrick Brown,22.2,3.3,6.3,0.518,0.1,0.4,0.25,3.2,5.9,0.535,0.526,1.4,2.2,0.667,1.5,2.2,3.6,1.0,0.7,0.2,0.8,1.5,8.1,0.0,0.0,1210.0,0.0,0.0,0.0,0.0,0.0,0.0,0.0,0.0,0.0,0.0,0.0,0.0,0.0,65.0,17.0,1443.0,212.0,409.0,0.518,6.0,24.0,0.25,206.0,385.0,0.535,0.526,94.0,141.0,0.667,95.0,141.0,236.0,67.0,48.0,12.0,55.0,96.0,524.0,0.0,14.7,0.556,0.059,0.345,7.3,11.6,9.4,8.5,1.8,0.6,10.5,16.8,2.0,0.3,2.3,0.076,-0.3,-1.2,-1.5,0.2,0.0,2012
201,Kyle Korver,22.6,2.7,6.3,0.432,1.8,4.2,0.435,0.9,2.2,0.426,0.575,0.8,1.0,0.833,0.4,2.0,2.4,1.7,0.6,0.2,0.8,1.7,8.1,0.0,0.0,1210.0,0.0,0.0,0.0,0.0,0.0,0.0,0.0,0.0,0.0,0.0,0.0,0.0,0.0,65.0,7.0,1469.0,178.0,412.0,0.432,118.0,271.0,0.435,60.0,141.0,0.426,0.575,55.0,66.0,0.833,26.0,133.0,159.0,112.0,36.0,15.0,53.0,110.0,529.0,0.0,13.6,0.6,0.658,0.16,2.0,9.9,6.0,11.7,1.3,0.7,10.7,15.3,3.1,2.1,5.3,0.172,1.1,1.2,2.2,1.6,0.0,2012
202,Kawhi Leonard,24.0,3.1,6.3,0.493,0.6,1.7,0.376,2.5,4.6,0.536,0.543,1.1,1.4,0.773,1.6,3.5,5.1,1.1,1.3,0.4,0.7,1.4,7.9,0.0,0.0,1210.0,0.0,0.0,0.0,0.0,0.0,0.0,0.0,0.0,0.0,0.0,0.0,0.0,0.0,64.0,39.0,1534.0,199.0,404.0,0.493,41.0,109.0,0.376,158.0,295.0,0.536,0.543,68.0,88.0,0.773,104.0,223.0,327.0,70.0,85.0,24.0,44.0,88.0,507.0,0.0,16.6,0.573,0.27,0.218,7.9,16.4,12.2,6.6,2.9,1.1,9.0,14.5,3.1,2.4,5.5,0.171,1.6,1.8,3.4,2.1,0.0,2012
203,Kevin Séraphin,20.6,3.6,6.7,0.531,0.0,0.0,0.0,3.6,6.7,0.533,0.531,0.8,1.2,0.671,1.8,3.1,4.9,0.6,0.3,1.3,1.2,2.3,7.9,0.0,0.0,1210.0,0.0,0.0,0.0,0.0,0.0,0.0,0.0,0.0,0.0,0.0,0.0,0.0,0.0,57.0,21.0,1176.0,203.0,382.0,0.531,0.0,1.0,0.0,203.0,381.0,0.533,0.531,47.0,70.0,0.671,103.0,177.0,280.0,33.0,19.0,76.0,66.0,133.0,453.0,0.0,15.8,0.549,0.003,0.183,9.8,17.1,13.4,4.8,0.8,5.0,13.8,18.2,1.2,1.1,2.3,0.094,-1.4,-0.3,-1.7,0.1,0.0,2012
204,Matt Barnes,22.9,2.8,6.1,0.452,0.7,2.2,0.333,2.0,4.0,0.518,0.512,1.5,2.0,0.742,1.5,3.9,5.5,2.0,0.6,0.8,1.2,2.4,7.8,0.0,0.0,1210.0,0.0,0.0,0.0,0.0,0.0,0.0,0.0,0.0,0.0,0.0,0.0,0.0,0.0,63.0,16.0,1440.0,175.0,387.0,0.452,46.0,138.0,0.333,129.0,249.0,0.518,0.512,95.0,128.0,0.742,97.0,247.0,344.0,126.0,35.0,48.0,73.0,152.0,491.0,0.0,15.5,0.554,0.357,0.331,7.9,18.3,13.3,13.8,1.3,2.4,14.1,16.4,2.4,1.8,4.3,0.142,0.4,1.3,1.6,1.3,0.0,2012
205,Rashard Lewis,26.0,3.0,7.9,0.385,0.6,2.4,0.239,2.5,5.5,0.448,0.421,1.1,1.3,0.838,1.2,2.7,3.9,1.0,0.8,0.4,1.1,1.8,7.8,0.0,0.0,1210.0,0.0,0.0,0.0,0.0,0.0,0.0,0.0,0.0,0.0,0.0,0.0,0.0,0.0,28.0,15.0,729.0,85.0,221.0,0.385,16.0,67.0,0.239,69.0,154.0,0.448,0.421,31.0,37.0,0.838,34.0,75.0,109.0,27.0,23.0,10.0,32.0,49.0,217.0,0.0,9.3,0.457,0.303,0.167,5.2,11.7,8.4,5.7,1.6,1.1,11.9,16.5,-0.2,0.4,0.3,0.018,-2.3,-1.3,-3.5,-0.3,0.0,2012
206,Zaza Pachulia,28.3,2.9,5.8,0.499,0.0,0.0,0.0,2.9,5.8,0.499,0.499,2.0,2.7,0.741,2.7,5.2,7.9,1.4,0.9,0.5,1.4,3.0,7.8,0.0,0.0,1210.0,0.0,0.0,0.0,0.0,0.0,0.0,0.0,0.0,0.0,0.0,0.0,0.0,0.0,58.0,44.0,1640.0,169.0,339.0,0.499,0.0,0.0,0.0,169.0,339.0,0.499,0.499,117.0,158.0,0.741,154.0,303.0,457.0,79.0,55.0,29.0,81.0,172.0,455.0,0.0,14.0,0.557,0.0,0.466,11.1,21.5,16.4,7.4,1.8,1.4,16.5,14.0,2.3,2.8,5.0,0.147,-1.5,0.8,-0.7,0.5,0.0,2012
207,Taj Gibson,20.4,3.2,6.4,0.495,0.0,0.0,0.0,3.2,6.4,0.495,0.495,1.3,2.1,0.622,2.1,3.1,5.3,0.7,0.4,1.3,1.0,2.1,7.7,0.0,0.0,1210.0,0.0,0.0,0.0,0.0,0.0,0.0,0.0,0.0,0.0,0.0,0.0,0.0,0.0,63.0,0.0,1284.0,200.0,404.0,0.495,0.0,0.0,0.0,200.0,404.0,0.495,0.495,84.0,135.0,0.622,135.0,197.0,332.0,47.0,27.0,81.0,60.0,131.0,484.0,0.0,16.9,0.522,0.0,0.334,12.0,16.8,14.4,5.9,1.1,4.5,11.5,18.6,1.8,2.6,4.5,0.167,-0.7,1.5,0.8,0.9,0.0,2012
208,Luc Mbah a Moute,23.5,3.1,6.1,0.51,0.0,0.1,0.25,3.1,6.0,0.514,0.511,1.5,2.4,0.641,1.8,3.5,5.3,0.7,0.9,0.5,0.9,2.2,7.7,0.0,0.0,1210.0,0.0,0.0,0.0,0.0,0.0,0.0,0.0,0.0,0.0,0.0,0.0,0.0,0.0,43.0,22.0,1009.0,133.0,261.0,0.51,1.0,4.0,0.25,132.0,257.0,0.514,0.511,66.0,103.0,0.641,77.0,150.0,227.0,29.0,40.0,22.0,39.0,93.0,333.0,0.0,13.9,0.544,0.015,0.395,8.2,16.9,12.4,4.4,2.0,1.6,11.3,15.1,1.2,1.1,2.4,0.112,-1.2,0.1,-1.1,0.2,0.0,2012
209,Patrick Patterson,23.2,3.5,8.0,0.44,0.0,0.0,0.0,3.5,7.9,0.443,0.44,0.6,0.9,0.702,1.8,2.7,4.5,0.8,0.4,0.6,0.8,1.8,7.7,0.0,0.0,1210.0,0.0,0.0,0.0,0.0,0.0,0.0,0.0,0.0,0.0,0.0,0.0,0.0,0.0,64.0,1.0,1483.0,225.0,511.0,0.44,0.0,3.0,0.0,225.0,508.0,0.443,0.44,40.0,57.0,0.702,112.0,174.0,286.0,53.0,27.0,36.0,49.0,113.0,490.0,0.0,11.5,0.457,0.006,0.112,8.7,13.7,11.2,5.7,1.0,1.8,8.4,17.9,0.5,1.1,1.6,0.052,-2.0,-0.9,-2.9,-0.3,0.0,2012
210,Metta World Peace,26.9,2.9,7.3,0.394,0.9,3.0,0.296,2.0,4.3,0.46,0.454,1.1,1.8,0.617,1.1,2.3,3.4,2.2,1.1,0.4,1.1,2.1,7.7,0.0,0.0,1210.0,0.0,0.0,0.0,0.0,0.0,0.0,0.0,0.0,0.0,0.0,0.0,0.0,0.0,64.0,45.0,1720.0,183.0,465.0,0.394,56.0,189.0,0.296,127.0,276.0,0.46,0.454,71.0,115.0,0.617,71.0,147.0,218.0,140.0,69.0,27.0,69.0,137.0,493.0,0.0,11.0,0.478,0.406,0.247,4.8,9.1,7.1,12.5,2.1,1.1,11.8,15.6,0.9,1.7,2.6,0.073,-1.6,1.0,-0.7,0.6,0.0,2012
211,Avery Bradley,21.4,3.1,6.3,0.498,0.3,0.8,0.407,2.8,5.4,0.511,0.525,1.0,1.2,0.795,0.5,1.3,1.8,1.4,0.7,0.2,1.2,1.7,7.6,0.0,0.0,1210.0,0.0,0.0,0.0,0.0,0.0,0.0,0.0,0.0,0.0,0.0,0.0,0.0,0.0,64.0,28.0,1368.0,200.0,402.0,0.498,22.0,54.0,0.407,178.0,348.0,0.511,0.525,62.0,78.0,0.795,34.0,81.0,115.0,87.0,43.0,12.0,75.0,109.0,484.0,0.0,11.3,0.555,0.134,0.194,3.1,6.7,5.0,10.8,1.7,0.7,14.7,17.9,0.6,1.9,2.4,0.085,-2.3,0.7,-1.7,0.1,0.0,2012
212,Jimmer Fredette,18.6,2.8,7.3,0.386,1.3,3.5,0.361,1.5,3.8,0.409,0.473,0.7,0.8,0.833,0.3,0.9,1.2,1.8,0.5,0.0,1.1,1.2,7.6,0.0,0.0,1210.0,0.0,0.0,0.0,0.0,0.0,0.0,0.0,0.0,0.0,0.0,0.0,0.0,0.0,61.0,7.0,1135.0,172.0,446.0,0.386,78.0,216.0,0.361,94.0,230.0,0.409,0.473,40.0,48.0,0.833,17.0,56.0,73.0,108.0,30.0,3.0,67.0,73.0,462.0,0.0,10.8,0.495,0.484,0.108,1.6,5.7,3.5,15.1,1.3,0.2,12.5,20.4,0.5,-0.2,0.3,0.012,-0.9,-2.5,-3.4,-0.4,0.0,2012
213,Willie Green,17.4,2.9,6.1,0.471,0.9,2.1,0.442,1.9,4.0,0.486,0.548,0.9,1.1,0.857,0.3,1.2,1.5,0.8,0.4,0.1,0.6,1.4,7.6,0.0,0.0,1210.0,0.0,0.0,0.0,0.0,0.0,0.0,0.0,0.0,0.0,0.0,0.0,0.0,0.0,53.0,2.0,922.0,153.0,325.0,0.471,50.0,113.0,0.442,103.0,212.0,0.486,0.548,48.0,56.0,0.857,15.0,65.0,80.0,40.0,23.0,6.0,33.0,74.0,404.0,0.0,13.9,0.578,0.348,0.172,1.9,8.2,5.1,7.4,1.3,0.5,8.6,19.5,1.4,0.9,2.4,0.122,0.1,-0.6,-0.5,0.3,0.0,2012
214,Mehmet Okur,26.7,3.1,8.2,0.374,1.4,4.2,0.319,1.7,3.9,0.433,0.457,0.2,0.3,0.6,1.3,3.5,4.8,1.8,0.5,0.3,1.5,2.6,7.6,0.0,0.0,1210.0,0.0,0.0,0.0,0.0,0.0,0.0,0.0,0.0,0.0,0.0,0.0,0.0,0.0,17.0,14.0,454.0,52.0,139.0,0.374,23.0,72.0,0.319,29.0,67.0,0.433,0.457,3.0,5.0,0.6,22.0,59.0,81.0,30.0,9.0,5.0,25.0,45.0,130.0,0.0,8.4,0.46,0.518,0.036,5.5,15.5,10.4,11.1,1.1,0.8,15.0,16.8,-0.2,0.1,0.0,-0.004,-2.7,-1.8,-4.5,-0.3,0.0,2012
215,Samuel Dalembert,22.2,3.1,6.1,0.506,0.0,0.0,0.0,3.1,6.1,0.508,0.506,1.4,1.7,0.796,2.4,4.6,7.0,0.5,0.6,1.7,1.3,2.5,7.5,0.0,0.0,1210.0,0.0,0.0,0.0,0.0,0.0,0.0,0.0,0.0,0.0,0.0,0.0,0.0,0.0,65.0,45.0,1446.0,200.0,395.0,0.506,0.0,1.0,0.0,200.0,394.0,0.508,0.506,90.0,113.0,0.796,158.0,298.0,456.0,33.0,37.0,111.0,82.0,162.0,490.0,0.0,16.9,0.551,0.003,0.286,12.6,24.1,18.3,3.6,1.3,5.7,15.6,16.6,1.8,2.3,4.1,0.137,-1.1,1.1,0.1,0.7,0.0,2012
216,Daniel Gibson,26.2,2.5,7.1,0.351,1.6,4.0,0.396,0.9,3.1,0.294,0.462,1.0,1.2,0.791,0.3,2.6,2.9,2.2,0.7,0.5,1.3,2.0,7.5,0.0,0.0,1210.0,0.0,0.0,0.0,0.0,0.0,0.0,0.0,0.0,0.0,0.0,0.0,0.0,0.0,35.0,7.0,916.0,87.0,248.0,0.351,55.0,139.0,0.396,32.0,109.0,0.294,0.462,34.0,43.0,0.791,11.0,90.0,101.0,76.0,26.0,16.0,45.0,69.0,263.0,0.0,9.2,0.493,0.56,0.173,1.3,11.6,6.3,13.5,1.5,1.3,14.4,15.3,0.2,0.3,0.5,0.028,-1.9,-0.4,-2.2,-0.1,0.0,2012
217,John Lucas III,14.8,2.9,7.3,0.399,1.1,2.9,0.393,1.8,4.4,0.404,0.476,0.6,0.7,0.875,0.4,1.1,1.6,2.2,0.4,0.0,0.9,0.9,7.5,0.0,0.0,1210.0,0.0,0.0,0.0,0.0,0.0,0.0,0.0,0.0,0.0,0.0,0.0,0.0,0.0,49.0,2.0,726.0,143.0,358.0,0.399,55.0,140.0,0.393,88.0,218.0,0.404,0.476,28.0,32.0,0.875,22.0,54.0,76.0,108.0,19.0,1.0,42.0,42.0,369.0,0.0,16.3,0.496,0.391,0.089,3.4,8.1,5.8,25.8,1.4,0.1,10.1,26.0,1.2,1.0,2.2,0.143,2.9,0.0,2.9,0.9,0.0,2012
218,John Salmons,27.2,3.1,7.5,0.409,0.7,2.4,0.295,2.3,5.1,0.464,0.457,0.6,1.0,0.644,0.4,2.5,2.9,2.0,0.8,0.2,1.0,1.7,7.5,0.0,0.0,1210.0,0.0,0.0,0.0,0.0,0.0,0.0,0.0,0.0,0.0,0.0,0.0,0.0,0.0,46.0,32.0,1250.0,141.0,345.0,0.409,33.0,112.0,0.295,108.0,233.0,0.464,0.457,29.0,45.0,0.644,20.0,114.0,134.0,93.0,37.0,7.0,45.0,77.0,344.0,0.0,9.0,0.471,0.325,0.13,1.7,10.5,5.9,11.1,1.5,0.4,11.0,14.2,0.3,0.1,0.4,0.014,-2.7,-0.7,-3.4,-0.5,0.0,2012
219,Jerome Dyson,20.0,2.1,5.3,0.396,0.1,0.9,0.125,2.0,4.4,0.45,0.406,3.1,4.0,0.778,0.2,1.9,2.1,2.0,1.2,0.2,2.2,2.1,7.4,0.0,0.0,1210.0,0.0,0.0,0.0,0.0,0.0,0.0,0.0,0.0,0.0,0.0,0.0,0.0,0.0,9.0,1.0,180.0,19.0,48.0,0.396,1.0,8.0,0.125,18.0,40.0,0.45,0.406,28.0,36.0,0.778,2.0,17.0,19.0,18.0,11.0,2.0,20.0,19.0,67.0,0.0,11.3,0.525,0.167,0.75,1.3,11.1,6.3,16.2,3.3,0.9,23.9,22.0,-0.1,0.2,0.1,0.026,-4.7,1.2,-3.6,-0.1,0.0,2012
220,DeAndre Jordan,27.2,3.1,4.9,0.632,0.0,0.0,0.0,3.1,4.9,0.634,0.632,1.1,2.1,0.525,3.1,5.2,8.3,0.3,0.5,2.0,1.1,2.9,7.4,0.0,0.0,1210.0,0.0,0.0,0.0,0.0,0.0,0.0,0.0,0.0,0.0,0.0,0.0,0.0,0.0,66.0,66.0,1798.0,206.0,326.0,0.632,0.0,1.0,0.0,206.0,325.0,0.634,0.632,74.0,141.0,0.525,202.0,344.0,546.0,17.0,30.0,134.0,74.0,189.0,486.0,0.0,16.4,0.626,0.003,0.433,13.2,23.0,18.1,1.5,0.9,6.2,16.0,11.9,3.2,2.4,5.6,0.15,-0.4,0.4,0.1,0.9,0.0,2012
221,Markieff Morris,19.5,2.8,6.9,0.399,0.7,2.0,0.347,2.1,5.0,0.42,0.448,1.2,1.7,0.717,1.1,3.3,4.4,1.0,0.7,0.7,1.1,2.8,7.4,0.0,0.0,1210.0,0.0,0.0,0.0,0.0,0.0,0.0,0.0,0.0,0.0,0.0,0.0,0.0,0.0,63.0,7.0,1227.0,174.0,436.0,0.399,43.0,124.0,0.347,131.0,312.0,0.42,0.448,76.0,106.0,0.717,69.0,210.0,279.0,65.0,41.0,42.0,70.0,179.0,467.0,0.0,12.1,0.484,0.284,0.243,6.4,19.1,12.8,8.2,1.7,2.5,12.7,20.4,0.1,1.4,1.5,0.059,-2.6,0.5,-2.1,0.0,0.0,2012
222,Anthony Randolph,15.2,2.8,5.9,0.47,0.0,0.0,0.0,2.8,5.9,0.472,0.47,1.9,2.5,0.762,1.2,2.4,3.6,0.6,0.4,1.0,1.2,1.6,7.4,0.0,0.0,1210.0,0.0,0.0,0.0,0.0,0.0,0.0,0.0,0.0,0.0,0.0,0.0,0.0,0.0,34.0,5.0,517.0,94.0,200.0,0.47,0.0,1.0,0.0,94.0,199.0,0.472,0.47,64.0,84.0,0.762,42.0,81.0,123.0,19.0,13.0,35.0,40.0,56.0,252.0,0.0,17.6,0.532,0.005,0.42,9.0,17.5,13.2,6.6,1.3,4.8,14.4,23.8,0.5,0.6,1.1,0.099,-1.4,0.6,-0.8,0.2,0.0,2012
223,Alec Burks,15.9,2.6,6.1,0.429,0.3,0.8,0.333,2.3,5.3,0.442,0.45,1.8,2.4,0.727,1.0,1.3,2.2,0.9,0.5,0.1,0.9,1.4,7.2,0.0,0.0,1210.0,0.0,0.0,0.0,0.0,0.0,0.0,0.0,0.0,0.0,0.0,0.0,0.0,0.0,59.0,0.0,939.0,153.0,357.0,0.429,15.0,45.0,0.333,138.0,312.0,0.442,0.45,104.0,143.0,0.727,57.0,75.0,132.0,55.0,27.0,5.0,51.0,84.0,425.0,0.0,14.0,0.506,0.126,0.401,6.9,9.3,8.1,9.5,1.5,0.4,10.8,22.5,1.1,0.4,1.5,0.076,-0.6,-1.4,-2.0,0.0,0.0,2012
224,Anthony Parker,25.1,2.8,6.4,0.433,1.0,2.7,0.362,1.8,3.7,0.484,0.509,0.7,1.1,0.625,0.2,2.5,2.7,2.4,0.7,0.1,1.0,1.3,7.2,0.0,0.0,1210.0,0.0,0.0,0.0,0.0,0.0,0.0,0.0,0.0,0.0,0.0,0.0,0.0,0.0,51.0,51.0,1280.0,141.0,326.0,0.433,50.0,138.0,0.362,91.0,188.0,0.484,0.509,35.0,56.0,0.625,10.0,128.0,138.0,120.0,38.0,7.0,50.0,65.0,367.0,0.0,10.9,0.523,0.423,0.172,0.9,11.8,6.1,15.7,1.6,0.4,12.5,14.1,1.0,0.4,1.4,0.052,-1.3,-0.3,-1.7,0.1,0.0,2012
225,Terrence Williams,18.3,2.8,6.6,0.429,0.5,1.5,0.348,2.3,5.1,0.454,0.47,0.9,1.5,0.587,0.4,3.0,3.4,2.2,0.7,0.2,1.4,1.2,7.1,0.0,0.0,1210.0,0.0,0.0,0.0,0.0,0.0,0.0,0.0,0.0,0.0,0.0,0.0,0.0,0.0,30.0,0.0,550.0,85.0,198.0,0.429,16.0,46.0,0.348,69.0,152.0,0.454,0.47,27.0,46.0,0.587,13.0,89.0,102.0,65.0,20.0,7.0,43.0,35.0,213.0,0.0,13.1,0.488,0.232,0.232,2.5,18.7,10.3,19.2,1.9,0.9,16.5,20.9,-0.1,0.4,0.3,0.029,-0.9,-0.6,-1.4,0.1,0.0,2012
226,Omri Casspi,20.6,2.6,6.3,0.403,0.8,2.6,0.315,1.7,3.8,0.463,0.467,1.1,1.7,0.685,1.0,2.5,3.5,1.0,0.6,0.3,1.0,1.8,7.1,0.0,0.0,1210.0,0.0,0.0,0.0,0.0,0.0,0.0,0.0,0.0,0.0,0.0,0.0,0.0,0.0,65.0,35.0,1341.0,166.0,412.0,0.403,53.0,168.0,0.315,113.0,244.0,0.463,0.467,74.0,108.0,0.685,63.0,165.0,228.0,66.0,37.0,21.0,64.0,115.0,459.0,0.0,11.2,0.499,0.408,0.262,5.1,14.5,9.7,8.4,1.5,1.2,12.2,17.6,0.6,0.6,1.2,0.044,-1.3,-0.9,-2.2,-0.1,0.0,2012
227,Amir Johnson,24.3,3.1,5.3,0.576,0.0,0.1,0.4,3.0,5.2,0.579,0.579,0.9,1.3,0.69,2.3,4.0,6.4,1.2,0.5,1.1,1.5,3.3,7.1,0.0,0.0,1210.0,0.0,0.0,0.0,0.0,0.0,0.0,0.0,0.0,0.0,0.0,0.0,0.0,0.0,64.0,43.0,1553.0,196.0,340.0,0.576,2.0,5.0,0.4,194.0,335.0,0.579,0.579,58.0,84.0,0.69,149.0,259.0,408.0,79.0,33.0,69.0,94.0,209.0,452.0,0.0,14.4,0.6,0.015,0.247,11.4,19.4,15.4,8.7,1.1,3.6,20.0,14.3,1.9,2.0,4.0,0.122,-1.4,0.9,-0.5,0.6,0.0,2012
228,Charlie Villanueva,13.8,2.7,7.0,0.385,1.2,3.5,0.333,1.5,3.5,0.435,0.467,0.5,0.5,0.857,0.7,3.0,3.7,0.5,0.5,0.4,0.5,1.9,7.0,0.0,0.0,1210.0,0.0,0.0,0.0,0.0,0.0,0.0,0.0,0.0,0.0,0.0,0.0,0.0,0.0,13.0,0.0,180.0,35.0,91.0,0.385,15.0,45.0,0.333,20.0,46.0,0.435,0.467,6.0,7.0,0.857,9.0,39.0,48.0,6.0,7.0,5.0,7.0,25.0,91.0,0.0,16.2,0.484,0.495,0.077,5.8,26.8,15.9,6.4,2.1,2.2,6.9,26.0,0.1,0.3,0.4,0.096,-0.1,-0.5,-0.7,0.1,0.0,2012
229,Ronnie Brewer,24.8,2.9,6.7,0.427,0.3,1.0,0.275,2.6,5.7,0.455,0.448,0.8,1.5,0.56,1.1,2.4,3.5,2.1,1.1,0.3,0.9,1.0,6.9,0.0,0.0,1210.0,0.0,0.0,0.0,0.0,0.0,0.0,0.0,0.0,0.0,0.0,0.0,0.0,0.0,66.0,43.0,1635.0,190.0,445.0,0.427,19.0,69.0,0.275,171.0,376.0,0.455,0.448,56.0,100.0,0.56,72.0,159.0,231.0,137.0,72.0,21.0,59.0,64.0,455.0,0.0,12.3,0.465,0.155,0.225,5.0,10.6,7.9,12.7,2.4,0.9,10.8,15.3,1.0,2.9,3.9,0.113,-1.5,2.2,0.7,1.1,0.0,2012
230,Mickaël Piétrus,21.9,2.5,6.4,0.385,1.5,4.3,0.335,1.0,2.1,0.489,0.498,0.5,0.7,0.645,0.4,2.7,3.1,0.6,0.5,0.2,0.8,1.9,6.9,0.0,0.0,1210.0,0.0,0.0,0.0,0.0,0.0,0.0,0.0,0.0,0.0,0.0,0.0,0.0,0.0,42.0,6.0,921.0,104.0,270.0,0.385,61.0,182.0,0.335,43.0,88.0,0.489,0.498,20.0,31.0,0.645,18.0,112.0,130.0,25.0,21.0,10.0,33.0,81.0,289.0,0.0,8.5,0.509,0.674,0.115,2.4,13.7,8.3,4.4,1.2,0.8,10.4,16.5,-0.2,1.4,1.2,0.063,-2.1,0.3,-1.8,0.0,0.0,2012
231,Martell Webster,24.3,2.4,5.8,0.423,0.8,2.3,0.339,1.7,3.5,0.479,0.491,1.2,1.5,0.792,0.9,2.7,3.6,0.9,0.7,0.4,1.0,1.8,6.9,0.0,0.0,1210.0,0.0,0.0,0.0,0.0,0.0,0.0,0.0,0.0,0.0,0.0,0.0,0.0,0.0,47.0,26.0,1140.0,115.0,272.0,0.423,37.0,109.0,0.339,78.0,163.0,0.479,0.491,57.0,72.0,0.792,42.0,126.0,168.0,40.0,31.0,17.0,46.0,86.0,324.0,0.0,10.0,0.533,0.401,0.265,4.1,12.3,8.2,5.5,1.4,1.1,13.2,13.6,0.8,0.7,1.5,0.064,-1.9,0.2,-1.6,0.1,0.0,2012
232,Brandan Wright,16.1,2.9,4.8,0.618,0.0,0.0,0.0,2.9,4.7,0.621,0.618,1.1,1.7,0.634,1.3,2.3,3.6,0.3,0.4,1.3,0.4,1.2,6.9,0.0,0.0,1210.0,0.0,0.0,0.0,0.0,0.0,0.0,0.0,0.0,0.0,0.0,0.0,0.0,0.0,49.0,0.0,791.0,144.0,233.0,0.618,0.0,1.0,0.0,144.0,232.0,0.621,0.618,52.0,82.0,0.634,62.0,112.0,174.0,13.0,22.0,63.0,21.0,61.0,340.0,0.0,21.6,0.632,0.004,0.352,8.9,15.8,12.4,2.9,1.5,6.4,7.2,17.0,2.2,1.3,3.5,0.215,1.9,1.8,3.7,1.1,0.0,2012
233,Norris Cole,19.4,2.7,6.9,0.393,0.3,1.2,0.276,2.4,5.8,0.417,0.417,1.0,1.3,0.776,0.3,1.1,1.4,2.0,0.7,0.0,1.6,1.9,6.8,0.0,0.0,1210.0,0.0,0.0,0.0,0.0,0.0,0.0,0.0,0.0,0.0,0.0,0.0,0.0,0.0,65.0,2.0,1260.0,177.0,450.0,0.393,21.0,76.0,0.276,156.0,374.0,0.417,0.417,66.0,85.0,0.776,21.0,70.0,91.0,133.0,44.0,2.0,105.0,124.0,441.0,0.0,7.9,0.452,0.169,0.189,2.1,6.4,4.3,17.0,1.8,0.1,17.7,21.8,-1.4,1.4,0.0,0.0,-4.9,-1.4,-6.3,-1.4,0.0,2012
234,D.J. White,18.9,3.0,6.1,0.493,0.0,0.0,1.0,3.0,6.1,0.491,0.494,0.7,1.1,0.705,0.9,2.7,3.6,0.8,0.3,0.4,0.7,1.6,6.8,0.0,0.0,1210.0,0.0,0.0,0.0,0.0,0.0,0.0,0.0,0.0,0.0,0.0,0.0,0.0,0.0,58.0,11.0,1098.0,174.0,353.0,0.493,1.0,1.0,1.0,173.0,352.0,0.491,0.494,43.0,61.0,0.705,50.0,159.0,209.0,47.0,17.0,23.0,43.0,94.0,392.0,0.0,12.4,0.516,0.003,0.173,5.0,17.2,10.9,8.1,0.8,1.6,10.2,17.8,0.5,0.3,0.8,0.034,-2.3,-1.5,-3.8,-0.5,0.0,2012
235,Manny Harris,17.5,2.3,5.8,0.4,0.5,1.4,0.333,1.8,4.4,0.421,0.44,1.6,2.3,0.695,0.4,2.3,2.7,1.2,0.5,0.2,1.0,1.1,6.7,0.0,0.0,1210.0,0.0,0.0,0.0,0.0,0.0,0.0,0.0,0.0,0.0,0.0,0.0,0.0,0.0,26.0,5.0,456.0,60.0,150.0,0.4,12.0,36.0,0.333,48.0,114.0,0.421,0.44,41.0,59.0,0.695,11.0,59.0,70.0,31.0,13.0,6.0,27.0,28.0,173.0,0.0,11.7,0.492,0.24,0.393,2.6,15.3,8.7,11.8,1.5,1.0,13.3,20.0,0.1,0.2,0.3,0.03,-1.4,-0.9,-2.3,0.0,0.0,2012
236,Matt Bonner,20.4,2.4,5.4,0.44,1.6,3.8,0.42,0.8,1.5,0.49,0.59,0.2,0.3,0.762,0.4,2.8,3.3,0.9,0.2,0.3,0.2,1.0,6.6,0.0,0.0,1210.0,0.0,0.0,0.0,0.0,0.0,0.0,0.0,0.0,0.0,0.0,0.0,0.0,0.0,65.0,2.0,1326.0,154.0,350.0,0.44,105.0,250.0,0.42,49.0,100.0,0.49,0.59,16.0,21.0,0.762,29.0,185.0,214.0,61.0,15.0,21.0,14.0,68.0,429.0,0.0,13.2,0.597,0.714,0.06,2.6,15.7,9.3,6.5,0.6,1.1,3.8,12.8,2.7,1.2,4.0,0.143,2.4,0.3,2.6,1.5,0.0,2012
237,Gary Forbes,14.9,2.3,5.6,0.413,0.6,1.7,0.349,1.7,3.9,0.441,0.467,1.4,1.9,0.725,0.6,1.6,2.1,1.1,0.5,0.1,1.1,1.2,6.6,0.0,0.0,1210.0,0.0,0.0,0.0,0.0,0.0,0.0,0.0,0.0,0.0,0.0,0.0,0.0,0.0,48.0,2.0,713.0,112.0,271.0,0.413,29.0,83.0,0.349,83.0,188.0,0.441,0.467,66.0,91.0,0.725,27.0,75.0,102.0,54.0,24.0,4.0,54.0,56.0,319.0,0.0,13.3,0.513,0.306,0.336,4.5,12.2,8.4,13.7,1.8,0.5,14.8,24.1,0.1,0.7,0.8,0.053,-0.4,-0.6,-1.0,0.2,0.0,2012
238,Kirk Hinrich,25.8,2.5,6.1,0.414,1.0,2.8,0.346,1.6,3.3,0.472,0.493,0.5,0.7,0.781,0.2,1.9,2.1,2.8,0.8,0.2,1.2,2.1,6.6,0.0,0.0,1210.0,0.0,0.0,0.0,0.0,0.0,0.0,0.0,0.0,0.0,0.0,0.0,0.0,0.0,48.0,31.0,1237.0,122.0,295.0,0.414,47.0,136.0,0.346,75.0,159.0,0.472,0.493,25.0,32.0,0.781,11.0,90.0,101.0,132.0,38.0,11.0,58.0,100.0,316.0,0.0,9.2,0.511,0.461,0.108,1.1,8.5,4.8,16.3,1.6,0.7,15.8,13.9,0.4,1.4,1.8,0.069,-2.6,0.5,-2.1,-0.1,0.0,2012
239,Lamar Odom,20.5,2.5,7.0,0.352,0.6,2.2,0.252,1.9,4.8,0.399,0.393,1.2,2.0,0.592,0.7,3.4,4.2,1.7,0.4,0.4,1.0,1.9,6.6,0.0,0.0,1210.0,0.0,0.0,0.0,0.0,0.0,0.0,0.0,0.0,0.0,0.0,0.0,0.0,0.0,50.0,4.0,1027.0,123.0,349.0,0.352,28.0,111.0,0.252,95.0,238.0,0.399,0.393,58.0,98.0,0.592,36.0,172.0,208.0,83.0,20.0,18.0,52.0,97.0,332.0,0.0,9.2,0.423,0.318,0.281,4.0,18.7,11.4,12.9,1.0,1.4,11.7,20.1,-0.9,1.2,0.3,0.014,-3.2,0.1,-3.1,-0.3,0.0,2012
240,Jason Maxiell,22.6,2.8,5.9,0.478,0.0,0.0,0.0,2.8,5.9,0.48,0.478,0.9,1.6,0.547,1.9,3.2,5.1,0.6,0.5,0.8,1.1,2.3,6.5,0.0,0.0,1210.0,0.0,0.0,0.0,0.0,0.0,0.0,0.0,0.0,0.0,0.0,0.0,0.0,0.0,65.0,42.0,1466.0,183.0,383.0,0.478,0.0,2.0,0.0,183.0,381.0,0.48,0.478,58.0,106.0,0.547,126.0,207.0,333.0,41.0,32.0,50.0,71.0,151.0,424.0,0.0,11.7,0.493,0.005,0.277,9.9,17.4,13.6,4.7,1.2,2.7,14.2,15.8,0.4,1.3,1.7,0.057,-2.6,-0.6,-3.2,-0.5,0.0,2012
241,Boris Diaw,25.0,2.7,6.2,0.444,0.5,1.7,0.313,2.2,4.4,0.496,0.489,0.4,0.6,0.629,1.2,3.7,4.9,3.6,0.6,0.4,2.0,2.2,6.4,0.0,0.0,1210.0,0.0,0.0,0.0,0.0,0.0,0.0,0.0,0.0,0.0,0.0,0.0,0.0,0.0,57.0,35.0,1424.0,156.0,351.0,0.444,31.0,99.0,0.313,125.0,252.0,0.496,0.489,22.0,35.0,0.629,70.0,210.0,280.0,205.0,34.0,25.0,112.0,125.0,365.0,0.0,11.2,0.498,0.282,0.1,5.5,17.3,11.3,23.8,1.2,1.3,23.4,15.5,-0.3,0.8,0.6,0.019,-1.6,-0.2,-1.8,0.1,0.0,2012
242,Raja Bell,23.4,2.4,5.1,0.466,1.0,2.6,0.391,1.4,2.6,0.54,0.563,0.6,0.7,0.84,0.2,1.3,1.4,1.1,0.4,0.1,0.6,2.3,6.4,0.0,0.0,1210.0,0.0,0.0,0.0,0.0,0.0,0.0,0.0,0.0,0.0,0.0,0.0,0.0,0.0,34.0,33.0,796.0,81.0,174.0,0.466,34.0,87.0,0.391,47.0,87.0,0.54,0.563,21.0,25.0,0.84,6.0,43.0,49.0,38.0,13.0,2.0,21.0,78.0,217.0,0.0,8.3,0.586,0.5,0.144,0.9,6.3,3.5,7.0,0.9,0.2,10.2,11.6,1.0,0.1,1.1,0.069,-1.8,-0.7,-2.5,-0.1,0.0,2012
243,Ivan Johnson,16.7,2.5,4.9,0.513,0.0,0.1,0.333,2.5,4.8,0.517,0.516,1.3,1.8,0.72,1.2,2.9,4.0,0.6,0.8,0.3,1.2,2.1,6.4,0.0,0.0,1210.0,0.0,0.0,0.0,0.0,0.0,0.0,0.0,0.0,0.0,0.0,0.0,0.0,0.0,56.0,0.0,934.0,141.0,275.0,0.513,2.0,6.0,0.333,139.0,269.0,0.517,0.516,72.0,100.0,0.72,65.0,161.0,226.0,32.0,43.0,18.0,69.0,116.0,356.0,0.0,14.3,0.558,0.022,0.364,8.2,20.1,14.2,5.7,2.4,1.5,17.8,19.5,0.5,1.7,2.2,0.113,-2.8,0.6,-2.2,0.0,0.0,2012
244,Hakim Warrick,14.4,2.1,5.1,0.411,0.0,0.3,0.1,2.1,4.9,0.429,0.414,2.2,2.8,0.768,0.9,1.7,2.6,0.9,0.2,0.1,1.0,1.0,6.4,0.0,0.0,1210.0,0.0,0.0,0.0,0.0,0.0,0.0,0.0,0.0,0.0,0.0,0.0,0.0,0.0,35.0,0.0,503.0,74.0,180.0,0.411,1.0,10.0,0.1,73.0,170.0,0.429,0.414,76.0,99.0,0.768,31.0,61.0,92.0,30.0,8.0,3.0,36.0,35.0,225.0,0.0,13.1,0.503,0.056,0.55,7.0,13.5,10.3,9.3,0.8,0.4,13.9,23.4,0.3,0.2,0.5,0.05,-1.1,-1.6,-2.7,-0.1,0.0,2012
245,Kwame Brown,20.8,2.3,4.4,0.525,0.0,0.0,0.0,2.3,4.4,0.525,0.525,1.7,3.8,0.441,1.8,4.6,6.3,0.4,0.9,0.0,1.6,2.3,6.3,0.0,0.0,1210.0,0.0,0.0,0.0,0.0,0.0,0.0,0.0,0.0,0.0,0.0,0.0,0.0,0.0,9.0,3.0,187.0,21.0,40.0,0.525,0.0,0.0,0.0,21.0,40.0,0.525,0.525,15.0,34.0,0.441,16.0,41.0,57.0,4.0,8.0,0.0,14.0,21.0,57.0,0.0,11.1,0.519,0.0,0.85,9.7,24.8,17.3,3.2,2.2,0.0,20.3,17.0,-0.1,0.2,0.1,0.031,-3.0,-0.7,-3.7,-0.1,0.0,2012
246,Ed Davis,23.2,2.6,5.1,0.513,0.0,0.0,0.0,2.6,5.1,0.515,0.513,1.1,1.6,0.67,2.0,4.6,6.6,0.9,0.6,1.0,1.0,2.4,6.3,0.0,0.0,1210.0,0.0,0.0,0.0,0.0,0.0,0.0,0.0,0.0,0.0,0.0,0.0,0.0,0.0,66.0,9.0,1534.0,172.0,335.0,0.513,0.0,1.0,0.0,172.0,334.0,0.515,0.513,71.0,106.0,0.67,134.0,304.0,438.0,60.0,40.0,63.0,67.0,156.0,415.0,0.0,14.2,0.544,0.003,0.316,10.4,23.0,16.7,6.5,1.4,3.4,14.9,13.8,1.6,2.3,3.9,0.121,-1.2,0.8,-0.3,0.7,0.0,2012
247,Toney Douglas,17.3,2.5,7.6,0.324,0.7,3.1,0.231,1.8,4.6,0.387,0.371,0.6,0.7,0.846,0.4,1.5,1.9,2.0,0.8,0.0,1.5,1.4,6.2,0.0,0.0,1210.0,0.0,0.0,0.0,0.0,0.0,0.0,0.0,0.0,0.0,0.0,0.0,0.0,0.0,38.0,9.0,656.0,94.0,290.0,0.324,27.0,117.0,0.231,67.0,173.0,0.387,0.371,22.0,26.0,0.846,16.0,56.0,72.0,77.0,29.0,1.0,56.0,55.0,237.0,0.0,7.1,0.393,0.403,0.09,2.8,10.0,6.3,19.6,2.3,0.1,15.7,24.4,-1.4,0.8,-0.6,-0.046,-4.7,-1.0,-5.6,-0.6,0.0,2012
248,Jason Kidd,28.7,2.1,5.7,0.363,1.6,4.6,0.354,0.4,1.0,0.4,0.507,0.5,0.6,0.786,0.3,3.8,4.1,5.5,1.7,0.2,1.9,1.7,6.2,0.0,0.0,1210.0,0.0,0.0,0.0,0.0,0.0,0.0,0.0,0.0,0.0,0.0,0.0,0.0,0.0,48.0,48.0,1379.0,99.0,273.0,0.363,79.0,223.0,0.354,20.0,50.0,0.4,0.507,22.0,28.0,0.786,15.0,183.0,198.0,264.0,82.0,10.0,91.0,83.0,299.0,0.0,13.1,0.524,0.817,0.103,1.2,14.8,8.1,28.4,3.1,0.6,24.2,12.7,0.9,2.1,3.0,0.104,-0.8,2.4,1.6,1.2,0.0,2012
249,Baron Davis,20.5,2.3,6.3,0.37,0.9,2.9,0.306,1.4,3.4,0.424,0.44,0.6,0.8,0.667,0.4,1.5,1.9,4.7,1.2,0.1,2.6,2.1,6.1,0.0,0.0,1210.0,0.0,0.0,0.0,0.0,0.0,0.0,0.0,0.0,0.0,0.0,0.0,0.0,0.0,29.0,14.0,595.0,68.0,184.0,0.37,26.0,85.0,0.306,42.0,99.0,0.424,0.44,16.0,24.0,0.667,13.0,43.0,56.0,135.0,34.0,3.0,76.0,61.0,178.0,0.0,10.0,0.457,0.462,0.13,2.5,8.4,5.4,36.2,2.9,0.4,28.1,20.4,-0.7,0.8,0.2,0.014,-1.9,-0.2,-2.1,0.0,0.0,2012
250,Wayne Ellington,19.1,2.4,5.9,0.404,0.7,2.1,0.324,1.7,3.8,0.448,0.462,0.6,0.8,0.8,0.3,1.7,1.9,0.6,0.5,0.2,0.5,1.1,6.1,0.0,0.0,1210.0,0.0,0.0,0.0,0.0,0.0,0.0,0.0,0.0,0.0,0.0,0.0,0.0,0.0,51.0,4.0,973.0,122.0,302.0,0.404,35.0,108.0,0.324,87.0,194.0,0.448,0.462,32.0,40.0,0.8,14.0,85.0,99.0,33.0,26.0,10.0,26.0,56.0,311.0,0.0,9.4,0.487,0.358,0.132,1.6,9.7,5.6,5.5,1.4,0.7,7.5,15.8,0.3,0.5,0.8,0.041,-2.7,-0.2,-2.8,-0.2,0.0,2012
251,Mike Miller,19.3,2.3,5.4,0.435,1.4,3.0,0.453,1.0,2.4,0.413,0.562,0.1,0.1,0.4,0.6,2.7,3.3,1.1,0.4,0.2,0.8,1.5,6.1,0.0,0.0,1210.0,0.0,0.0,0.0,0.0,0.0,0.0,0.0,0.0,0.0,0.0,0.0,0.0,0.0,39.0,2.0,752.0,91.0,209.0,0.435,53.0,117.0,0.453,38.0,92.0,0.413,0.562,2.0,5.0,0.4,22.0,106.0,128.0,42.0,14.0,6.0,30.0,58.0,237.0,0.0,11.4,0.561,0.56,0.024,3.6,16.2,10.2,8.7,1.0,0.6,12.4,14.9,0.8,1.0,1.8,0.113,0.3,-0.2,0.1,0.4,0.0,2012
252,Sebastian Telfair,14.9,2.4,5.7,0.412,0.6,1.8,0.314,1.8,4.0,0.456,0.461,0.9,1.1,0.791,0.3,1.2,1.5,2.3,0.7,0.2,1.1,2.0,6.1,0.0,0.0,1210.0,0.0,0.0,0.0,0.0,0.0,0.0,0.0,0.0,0.0,0.0,0.0,0.0,0.0,60.0,1.0,895.0,141.0,342.0,0.412,33.0,105.0,0.314,108.0,237.0,0.456,0.461,53.0,67.0,0.791,20.0,71.0,91.0,138.0,41.0,12.0,68.0,120.0,368.0,0.0,13.2,0.495,0.307,0.196,2.5,8.9,5.7,24.5,2.4,1.0,15.5,22.3,0.4,0.7,1.1,0.058,-1.7,0.4,-1.3,0.1,0.0,2012
253,Al-Farouq Aminu,22.4,2.3,5.5,0.411,0.2,0.7,0.277,2.1,4.8,0.431,0.429,1.3,1.7,0.754,1.4,3.2,4.7,1.0,0.9,0.5,1.4,2.1,6.0,0.0,0.0,1210.0,0.0,0.0,0.0,0.0,0.0,0.0,0.0,0.0,0.0,0.0,0.0,0.0,0.0,66.0,21.0,1477.0,150.0,365.0,0.411,13.0,47.0,0.277,137.0,318.0,0.431,0.429,86.0,114.0,0.754,95.0,213.0,308.0,66.0,59.0,34.0,91.0,136.0,399.0,0.0,10.6,0.481,0.129,0.312,7.8,16.9,12.4,7.2,2.2,1.9,18.0,16.2,-0.4,1.8,1.4,0.044,-2.9,0.7,-2.2,-0.1,0.0,2012
254,Udonis Haslem,24.8,2.4,5.6,0.423,0.0,0.0,0.0,2.4,5.6,0.423,0.423,1.3,1.6,0.814,1.8,5.5,7.3,0.7,0.5,0.4,0.9,2.2,6.0,0.0,0.0,1210.0,0.0,0.0,0.0,0.0,0.0,0.0,0.0,0.0,0.0,0.0,0.0,0.0,0.0,64.0,10.0,1589.0,151.0,357.0,0.423,0.0,0.0,0.0,151.0,357.0,0.423,0.423,83.0,102.0,0.814,117.0,353.0,470.0,42.0,35.0,24.0,60.0,142.0,385.0,0.0,10.9,0.479,0.0,0.286,9.1,25.6,17.7,4.0,1.2,1.2,13.0,13.5,0.7,2.8,3.5,0.106,-2.2,-0.2,-2.4,-0.2,0.0,2012
255,Wesley Johnson,22.6,2.4,6.1,0.398,0.8,2.6,0.314,1.6,3.5,0.461,0.465,0.4,0.5,0.706,0.4,2.4,2.7,0.9,0.5,0.7,0.9,1.8,6.0,0.0,0.0,1210.0,0.0,0.0,0.0,0.0,0.0,0.0,0.0,0.0,0.0,0.0,0.0,0.0,0.0,65.0,64.0,1469.0,158.0,397.0,0.398,53.0,169.0,0.314,105.0,228.0,0.461,0.465,24.0,34.0,0.706,24.0,153.0,177.0,59.0,35.0,48.0,60.0,115.0,393.0,0.0,8.0,0.477,0.426,0.086,1.8,11.6,6.7,6.4,1.2,2.3,12.7,14.3,-0.4,1.0,0.6,0.021,-2.7,0.6,-2.1,0.0,0.0,2012
256,D.J. Kennedy,29.5,2.5,6.0,0.417,1.0,2.0,0.5,1.5,4.0,0.375,0.5,0.0,1.0,0.0,0.5,3.0,3.5,1.5,1.0,0.0,1.5,3.5,6.0,0.0,0.0,1210.0,0.0,0.0,0.0,0.0,0.0,0.0,0.0,0.0,0.0,0.0,0.0,0.0,0.0,2.0,0.0,59.0,5.0,12.0,0.417,2.0,4.0,0.5,3.0,8.0,0.375,0.5,0.0,2.0,0.0,1.0,6.0,7.0,3.0,2.0,0.0,3.0,7.0,12.0,0.0,4.7,0.466,0.333,0.167,1.9,12.0,6.7,8.2,1.8,0.0,18.9,12.1,0.0,0.0,0.0,-0.023,-5.9,-0.7,-6.7,-0.1,0.0,2012
257,Gustavo Ayón,20.1,2.6,4.8,0.536,0.0,0.0,0.0,2.6,4.8,0.538,0.536,0.7,1.2,0.619,1.6,3.3,4.9,1.4,1.0,0.9,0.9,2.2,5.9,0.0,0.0,1210.0,0.0,0.0,0.0,0.0,0.0,0.0,0.0,0.0,0.0,0.0,0.0,0.0,0.0,54.0,24.0,1088.0,140.0,261.0,0.536,0.0,1.0,0.0,140.0,260.0,0.538,0.536,39.0,63.0,0.619,86.0,179.0,265.0,74.0,53.0,46.0,46.0,118.0,319.0,0.0,16.7,0.552,0.004,0.241,9.6,19.3,14.5,11.5,2.6,3.5,13.7,14.5,1.5,1.7,3.2,0.142,0.0,2.5,2.5,1.2,0.0,2012
258,Beno Udrih,18.3,2.5,5.6,0.44,0.3,1.0,0.288,2.2,4.6,0.473,0.465,0.7,0.9,0.709,0.4,1.3,1.7,3.8,0.6,0.0,1.3,1.2,5.9,0.0,0.0,1210.0,0.0,0.0,0.0,0.0,0.0,0.0,0.0,0.0,0.0,0.0,0.0,0.0,0.0,59.0,0.0,1080.0,146.0,332.0,0.44,17.0,59.0,0.288,129.0,273.0,0.473,0.465,39.0,55.0,0.709,26.0,76.0,102.0,227.0,37.0,1.0,77.0,69.0,348.0,0.0,13.1,0.488,0.178,0.166,2.6,8.0,5.2,32.2,1.8,0.1,17.8,17.7,0.8,0.6,1.4,0.061,-0.9,-1.2,-2.1,0.0,0.0,2012
259,Von Wafer,14.2,2.2,4.8,0.452,0.4,1.2,0.359,1.7,3.6,0.483,0.497,1.2,1.6,0.704,0.2,1.2,1.4,0.9,0.3,0.1,1.1,0.8,5.9,0.0,0.0,1210.0,0.0,0.0,0.0,0.0,0.0,0.0,0.0,0.0,0.0,0.0,0.0,0.0,0.0,33.0,1.0,469.0,71.0,157.0,0.452,14.0,39.0,0.359,57.0,118.0,0.483,0.497,38.0,54.0,0.704,6.0,39.0,45.0,29.0,10.0,3.0,35.0,26.0,194.0,0.0,11.4,0.537,0.248,0.344,1.5,9.7,5.5,11.0,1.1,0.5,16.2,21.6,0.1,0.3,0.4,0.042,-1.8,-0.7,-2.6,-0.1,0.0,2012
260,Henry Walker,19.4,2.1,5.3,0.398,1.1,3.5,0.319,1.0,1.8,0.552,0.503,0.5,0.6,0.85,0.3,2.2,2.5,1.2,0.6,0.2,1.1,2.6,5.9,0.0,0.0,1210.0,0.0,0.0,0.0,0.0,0.0,0.0,0.0,0.0,0.0,0.0,0.0,0.0,0.0,32.0,8.0,620.0,68.0,171.0,0.398,36.0,113.0,0.319,32.0,58.0,0.552,0.503,17.0,20.0,0.85,9.0,71.0,80.0,37.0,19.0,7.0,35.0,84.0,189.0,0.0,8.2,0.526,0.661,0.117,1.7,13.4,7.5,9.4,1.6,0.9,16.3,15.5,0.1,0.8,0.9,0.067,-2.9,0.8,-2.1,0.0,0.0,2012
261,Charles Jenkins,17.5,2.5,5.7,0.447,0.1,0.4,0.15,2.5,5.3,0.469,0.452,0.7,0.8,0.872,0.2,1.2,1.3,3.3,0.6,0.1,1.2,1.7,5.8,0.0,0.0,1210.0,0.0,0.0,0.0,0.0,0.0,0.0,0.0,0.0,0.0,0.0,0.0,0.0,0.0,51.0,28.0,893.0,130.0,291.0,0.447,3.0,20.0,0.15,127.0,271.0,0.469,0.452,34.0,39.0,0.872,8.0,60.0,68.0,170.0,33.0,6.0,60.0,85.0,297.0,0.0,12.4,0.482,0.069,0.134,1.0,7.6,4.3,29.9,1.9,0.5,16.3,19.0,0.4,0.1,0.5,0.028,-2.7,-1.5,-4.2,-0.5,0.0,2012
262,Ian Mahinmi,18.7,2.1,3.9,0.546,0.0,0.0,0.0,2.1,3.9,0.549,0.546,1.5,2.4,0.639,1.8,3.0,4.7,0.2,0.6,0.5,0.8,2.9,5.8,0.0,0.0,1210.0,0.0,0.0,0.0,0.0,0.0,0.0,0.0,0.0,0.0,0.0,0.0,0.0,0.0,61.0,12.0,1139.0,130.0,238.0,0.546,0.0,1.0,0.0,130.0,237.0,0.549,0.546,94.0,147.0,0.639,108.0,181.0,289.0,12.0,38.0,31.0,50.0,176.0,354.0,0.0,13.5,0.585,0.004,0.618,10.7,17.7,14.3,1.7,1.8,2.2,14.2,14.4,1.7,1.7,3.4,0.144,-2.8,0.4,-2.3,-0.1,0.0,2012
263,Will Bynum,14.3,2.1,5.4,0.381,0.2,0.8,0.241,1.9,4.6,0.406,0.399,1.4,1.8,0.766,0.3,1.3,1.6,1.8,0.6,0.1,1.5,1.7,5.7,0.0,0.0,1210.0,0.0,0.0,0.0,0.0,0.0,0.0,0.0,0.0,0.0,0.0,0.0,0.0,0.0,36.0,0.0,514.0,74.0,194.0,0.381,7.0,29.0,0.241,67.0,165.0,0.406,0.399,49.0,64.0,0.766,10.0,46.0,56.0,66.0,23.0,3.0,54.0,61.0,204.0,0.0,10.0,0.459,0.149,0.33,2.3,11.1,6.5,22.4,2.4,0.5,19.6,24.8,-0.7,0.4,-0.2,-0.022,-4.3,-0.8,-5.1,-0.4,0.0,2012
264,Derek Fisher,23.9,2.0,5.5,0.371,0.6,1.7,0.321,1.5,3.8,0.393,0.421,0.9,1.1,0.851,0.2,1.7,1.9,2.7,0.8,0.1,1.2,1.9,5.6,0.0,0.0,1210.0,0.0,0.0,0.0,0.0,0.0,0.0,0.0,0.0,0.0,0.0,0.0,0.0,0.0,63.0,43.0,1508.0,129.0,348.0,0.371,35.0,109.0,0.321,94.0,239.0,0.393,0.421,57.0,67.0,0.851,12.0,109.0,121.0,170.0,51.0,4.0,73.0,117.0,350.0,0.0,8.0,0.464,0.313,0.193,0.9,7.7,4.5,16.7,1.8,0.2,16.2,13.6,0.1,1.1,1.2,0.038,-3.7,0.4,-3.3,-0.5,0.0,2012
265,Ekpe Udoh,21.1,2.1,4.8,0.431,0.0,0.0,0.0,2.1,4.8,0.433,0.431,1.4,1.9,0.754,1.6,2.5,4.2,0.9,0.7,1.7,0.9,2.9,5.6,0.0,0.0,1210.0,0.0,0.0,0.0,0.0,0.0,0.0,0.0,0.0,0.0,0.0,0.0,0.0,0.0,61.0,11.0,1290.0,127.0,295.0,0.431,0.0,2.0,0.0,127.0,293.0,0.433,0.431,86.0,114.0,0.754,100.0,154.0,254.0,57.0,40.0,102.0,53.0,174.0,340.0,0.0,12.5,0.493,0.007,0.386,8.6,13.5,11.0,6.4,1.6,6.0,13.3,14.0,0.9,1.2,2.1,0.077,-2.9,1.3,-1.5,0.2,0.0,2012
266,Jannero Pargo,13.4,2.1,5.1,0.415,1.1,2.8,0.384,1.0,2.3,0.452,0.52,0.4,0.4,0.95,0.2,1.3,1.5,1.9,0.4,0.0,1.0,1.3,5.6,0.0,0.0,1210.0,0.0,0.0,0.0,0.0,0.0,0.0,0.0,0.0,0.0,0.0,0.0,0.0,0.0,50.0,0.0,671.0,105.0,253.0,0.415,53.0,138.0,0.384,52.0,115.0,0.452,0.52,19.0,20.0,0.95,9.0,64.0,73.0,96.0,20.0,2.0,49.0,64.0,282.0,0.0,13.6,0.539,0.545,0.079,1.6,11.1,6.4,24.1,1.6,0.2,15.8,21.8,0.6,0.8,1.3,0.095,0.0,-0.6,-0.6,0.2,0.0,2012
267,Tyrus Thomas,18.8,2.2,6.1,0.367,0.0,0.1,0.333,2.2,6.0,0.367,0.369,1.2,1.5,0.759,0.9,2.8,3.7,0.6,0.7,1.1,1.0,2.7,5.6,0.0,0.0,1210.0,0.0,0.0,0.0,0.0,0.0,0.0,0.0,0.0,0.0,0.0,0.0,0.0,0.0,54.0,30.0,1013.0,120.0,327.0,0.367,1.0,3.0,0.333,119.0,324.0,0.367,0.369,63.0,83.0,0.759,49.0,151.0,200.0,35.0,36.0,60.0,53.0,144.0,304.0,0.0,9.0,0.418,0.009,0.254,5.4,17.7,11.3,6.0,1.9,4.4,12.7,19.0,-1.5,0.8,-0.6,-0.029,-5.9,-0.1,-6.0,-1.0,0.0,2012
268,Donald Sloan,20.3,2.4,6.0,0.399,0.1,0.8,0.08,2.3,5.2,0.445,0.404,0.7,0.9,0.767,0.5,1.5,2.0,3.2,0.4,0.1,1.5,1.1,5.5,0.0,0.0,1210.0,0.0,0.0,0.0,0.0,0.0,0.0,0.0,0.0,0.0,0.0,0.0,0.0,0.0,33.0,11.0,669.0,79.0,198.0,0.399,2.0,25.0,0.08,77.0,173.0,0.445,0.404,23.0,30.0,0.767,18.0,49.0,67.0,105.0,13.0,3.0,49.0,37.0,183.0,0.0,8.9,0.433,0.126,0.152,3.0,8.6,5.7,26.5,1.0,0.3,18.8,17.6,-0.4,0.1,-0.3,-0.024,-3.3,-2.1,-5.3,-0.6,0.0,2012
269,Daequan Cook,17.4,1.9,5.2,0.368,1.4,4.0,0.346,0.5,1.2,0.441,0.502,0.2,0.4,0.636,0.2,1.9,2.1,0.3,0.4,0.2,0.3,1.2,5.5,0.0,0.0,1210.0,0.0,0.0,0.0,0.0,0.0,0.0,0.0,0.0,0.0,0.0,0.0,0.0,0.0,57.0,22.0,989.0,109.0,296.0,0.368,79.0,228.0,0.346,30.0,68.0,0.441,0.502,14.0,22.0,0.636,12.0,110.0,122.0,15.0,22.0,11.0,16.0,69.0,311.0,0.0,9.2,0.509,0.77,0.074,1.5,11.9,7.0,2.3,1.1,0.8,5.0,14.7,0.8,0.8,1.6,0.078,-0.5,-0.7,-1.3,0.2,0.0,2012
270,Kosta Koufos,16.5,2.4,4.0,0.599,0.0,0.0,0.0,2.4,4.0,0.599,0.599,0.7,1.1,0.6,2.0,3.4,5.4,0.3,0.5,0.9,0.7,2.0,5.5,0.0,0.0,1210.0,0.0,0.0,0.0,0.0,0.0,0.0,0.0,0.0,0.0,0.0,0.0,0.0,0.0,48.0,24.0,792.0,115.0,192.0,0.599,0.0,0.0,0.0,115.0,192.0,0.599,0.599,33.0,55.0,0.6,95.0,163.0,258.0,15.0,24.0,41.0,33.0,96.0,263.0,0.0,17.3,0.608,0.0,0.286,14.4,23.3,19.0,2.9,1.5,4.1,13.2,14.0,1.7,1.0,2.7,0.163,0.5,0.4,0.9,0.6,0.0,2012
271,Shaun Livingston,18.8,2.2,4.7,0.469,0.0,0.1,0.667,2.2,4.6,0.466,0.472,1.1,1.4,0.785,0.7,1.4,2.1,2.1,0.5,0.3,1.1,1.4,5.5,0.0,0.0,1210.0,0.0,0.0,0.0,0.0,0.0,0.0,0.0,0.0,0.0,0.0,0.0,0.0,0.0,58.0,27.0,1092.0,127.0,271.0,0.469,2.0,3.0,0.667,125.0,268.0,0.466,0.472,62.0,79.0,0.785,39.0,84.0,123.0,122.0,27.0,20.0,66.0,79.0,318.0,0.0,11.0,0.52,0.011,0.292,3.8,8.7,6.2,16.6,1.3,1.4,17.8,15.0,0.7,0.6,1.3,0.055,-1.5,0.2,-1.3,0.2,0.0,2012
272,Roger Mason,13.4,2.0,5.0,0.399,1.1,3.0,0.383,0.8,2.0,0.423,0.514,0.4,0.5,0.778,0.1,1.2,1.3,0.9,0.3,0.1,0.6,0.6,5.5,0.0,0.0,1210.0,0.0,0.0,0.0,0.0,0.0,0.0,0.0,0.0,0.0,0.0,0.0,0.0,0.0,52.0,0.0,697.0,103.0,258.0,0.399,59.0,154.0,0.383,44.0,104.0,0.423,0.514,21.0,27.0,0.778,7.0,62.0,69.0,47.0,13.0,5.0,32.0,33.0,286.0,0.0,12.1,0.53,0.597,0.105,1.1,10.1,5.6,11.0,1.0,0.6,10.6,19.4,0.6,0.2,0.9,0.059,0.8,-1.8,-1.0,0.2,0.0,2012
273,Xavier Silas,19.5,2.0,7.5,0.267,0.5,3.0,0.167,1.5,4.5,0.333,0.3,1.0,1.5,0.667,1.0,1.0,2.0,1.5,0.0,0.0,1.5,2.5,5.5,0.0,0.0,1210.0,0.0,0.0,0.0,0.0,0.0,0.0,0.0,0.0,0.0,0.0,0.0,0.0,0.0,2.0,0.0,39.0,4.0,15.0,0.267,1.0,6.0,0.167,3.0,9.0,0.333,0.3,2.0,3.0,0.667,2.0,2.0,4.0,3.0,0.0,0.0,3.0,5.0,11.0,0.0,0.1,0.337,0.4,0.2,5.7,5.7,5.7,11.4,0.0,0.0,15.5,23.3,-0.1,0.0,-0.1,-0.131,-10.4,-4.2,-14.7,-0.1,0.0,2012
274,Nikola Vučević,15.9,2.6,5.7,0.45,0.1,0.2,0.375,2.5,5.5,0.452,0.455,0.4,0.7,0.529,1.7,3.1,4.8,0.6,0.4,0.7,0.6,2.2,5.5,0.0,0.0,1210.0,0.0,0.0,0.0,0.0,0.0,0.0,0.0,0.0,0.0,0.0,0.0,0.0,0.0,51.0,15.0,812.0,131.0,291.0,0.45,3.0,8.0,0.375,128.0,283.0,0.452,0.455,18.0,34.0,0.529,88.0,158.0,246.0,31.0,20.0,34.0,33.0,111.0,283.0,0.0,14.3,0.462,0.027,0.117,12.0,21.7,16.8,6.2,1.3,3.1,9.7,19.6,0.2,1.6,1.8,0.109,-2.5,0.3,-2.2,0.0,0.0,2012
275,Donté Greene,14.7,2.0,5.0,0.406,0.5,2.0,0.238,1.6,3.0,0.516,0.453,0.8,1.0,0.8,0.4,2.2,2.5,0.6,0.3,0.5,0.6,1.3,5.4,0.0,0.0,1210.0,0.0,0.0,0.0,0.0,0.0,0.0,0.0,0.0,0.0,0.0,0.0,0.0,0.0,53.0,7.0,777.0,108.0,266.0,0.406,25.0,105.0,0.238,83.0,161.0,0.516,0.453,44.0,55.0,0.8,19.0,114.0,133.0,34.0,18.0,29.0,32.0,67.0,285.0,0.0,11.8,0.491,0.395,0.207,2.6,16.9,9.4,6.8,1.2,2.7,9.9,18.0,0.3,0.3,0.7,0.041,-1.6,-0.8,-2.4,-0.1,0.0,2012
276,Robin Lopez,14.0,1.9,4.2,0.461,0.0,0.0,0.0,1.9,4.2,0.461,0.461,1.6,2.2,0.714,1.4,1.9,3.3,0.3,0.3,0.9,0.7,2.0,5.4,0.0,0.0,1210.0,0.0,0.0,0.0,0.0,0.0,0.0,0.0,0.0,0.0,0.0,0.0,0.0,0.0,64.0,0.0,895.0,124.0,269.0,0.461,0.0,0.0,0.0,124.0,269.0,0.461,0.461,100.0,140.0,0.714,90.0,119.0,209.0,20.0,18.0,60.0,43.0,128.0,348.0,0.0,15.2,0.526,0.0,0.52,11.5,14.8,13.2,3.4,1.0,4.8,11.5,18.9,1.2,0.9,2.1,0.115,-2.2,0.0,-2.2,0.0,0.0,2012
277,Timofey Mozgov,15.6,2.3,4.3,0.526,0.0,0.0,0.0,2.3,4.3,0.526,0.526,0.9,1.3,0.684,1.2,2.9,4.1,0.5,0.3,1.0,1.2,2.0,5.4,0.0,0.0,1210.0,0.0,0.0,0.0,0.0,0.0,0.0,0.0,0.0,0.0,0.0,0.0,0.0,0.0,44.0,35.0,687.0,100.0,190.0,0.526,0.0,0.0,0.0,100.0,190.0,0.526,0.526,39.0,57.0,0.684,53.0,126.0,179.0,22.0,15.0,42.0,53.0,86.0,239.0,0.0,13.2,0.556,0.0,0.3,9.3,20.8,15.2,4.9,1.1,4.8,19.8,17.4,0.3,0.8,1.1,0.074,-2.9,0.4,-2.5,-0.1,0.0,2012
278,Samardo Samuels,15.3,1.9,4.3,0.455,0.0,0.0,0.0,1.9,4.3,0.455,0.455,1.5,2.2,0.701,1.2,2.2,3.3,0.4,0.4,0.4,1.0,2.1,5.4,0.0,0.0,1210.0,0.0,0.0,0.0,0.0,0.0,0.0,0.0,0.0,0.0,0.0,0.0,0.0,0.0,54.0,0.0,825.0,105.0,231.0,0.455,0.0,0.0,0.0,105.0,231.0,0.455,0.455,82.0,117.0,0.701,63.0,117.0,180.0,20.0,20.0,20.0,56.0,113.0,292.0,0.0,11.1,0.517,0.0,0.506,8.4,16.8,12.4,4.2,1.3,1.8,16.5,18.4,0.2,0.5,0.7,0.039,-4.0,-1.3,-5.3,-0.7,0.0,2012
279,Chris Wilcox,17.2,2.3,3.8,0.598,0.0,0.0,0.0,2.3,3.8,0.598,0.598,0.9,1.4,0.615,1.4,3.0,4.4,0.4,0.4,0.3,1.1,2.3,5.4,0.0,0.0,1210.0,0.0,0.0,0.0,0.0,0.0,0.0,0.0,0.0,0.0,0.0,0.0,0.0,0.0,28.0,4.0,481.0,64.0,107.0,0.598,0.0,0.0,0.0,64.0,107.0,0.598,0.598,24.0,39.0,0.615,38.0,84.0,122.0,12.0,11.0,9.0,30.0,64.0,152.0,0.0,12.4,0.612,0.0,0.364,9.8,19.7,14.9,4.1,1.2,1.4,19.5,15.4,0.4,0.9,1.3,0.132,-2.7,0.6,-2.1,0.0,0.0,2012
280,Chris Andersen,15.2,1.8,3.4,0.546,0.0,0.0,0.0,1.8,3.4,0.546,0.546,1.6,2.6,0.61,1.5,3.1,4.6,0.2,0.6,1.4,0.5,1.6,5.3,0.0,0.0,1210.0,0.0,0.0,0.0,0.0,0.0,0.0,0.0,0.0,0.0,0.0,0.0,0.0,0.0,32.0,1.0,486.0,59.0,108.0,0.546,0.0,0.0,0.0,59.0,108.0,0.546,0.546,50.0,82.0,0.61,48.0,100.0,148.0,6.0,19.0,46.0,17.0,52.0,168.0,0.0,18.9,0.583,0.0,0.759,11.9,23.3,17.8,1.8,2.0,7.4,10.6,14.8,1.0,0.8,1.9,0.183,0.5,1.8,2.3,0.5,0.0,2012
281,Xavier Henry,16.9,2.0,5.1,0.395,0.2,0.4,0.412,1.8,4.7,0.393,0.41,1.2,1.9,0.612,0.5,1.8,2.4,0.8,0.6,0.2,0.8,1.3,5.3,0.0,0.0,1210.0,0.0,0.0,0.0,0.0,0.0,0.0,0.0,0.0,0.0,0.0,0.0,0.0,0.0,45.0,0.0,759.0,90.0,228.0,0.395,7.0,17.0,0.412,83.0,211.0,0.393,0.41,52.0,85.0,0.612,24.0,82.0,106.0,35.0,26.0,8.0,35.0,59.0,239.0,0.0,9.2,0.45,0.075,0.373,3.8,12.7,8.3,7.6,1.9,0.9,11.7,18.7,-0.4,0.7,0.2,0.015,-3.7,-0.3,-4.0,-0.4,0.0,2012
282,Dahntay Jones,16.2,1.8,4.3,0.409,0.5,1.2,0.429,1.3,3.1,0.402,0.468,1.3,1.5,0.838,0.4,1.4,1.8,1.0,0.4,0.2,0.7,1.8,5.3,0.0,0.0,1210.0,0.0,0.0,0.0,0.0,0.0,0.0,0.0,0.0,0.0,0.0,0.0,0.0,0.0,65.0,3.0,1052.0,115.0,281.0,0.409,33.0,77.0,0.429,82.0,204.0,0.402,0.468,83.0,99.0,0.838,23.0,94.0,117.0,63.0,23.0,11.0,46.0,119.0,346.0,0.0,10.3,0.533,0.274,0.352,2.5,10.0,6.3,9.6,1.2,0.8,12.4,16.0,1.1,0.8,2.0,0.09,-1.7,-0.1,-1.9,0.0,0.0,2012
283,Tracy McGrady,16.1,1.9,4.4,0.437,0.3,0.6,0.455,1.7,3.8,0.434,0.47,1.1,1.6,0.675,0.4,2.5,3.0,2.1,0.3,0.3,1.0,0.7,5.3,0.0,0.0,1210.0,0.0,0.0,0.0,0.0,0.0,0.0,0.0,0.0,0.0,0.0,0.0,0.0,0.0,52.0,0.0,837.0,101.0,231.0,0.437,15.0,33.0,0.455,86.0,198.0,0.434,0.47,56.0,83.0,0.675,23.0,131.0,154.0,110.0,16.0,15.0,53.0,35.0,273.0,0.0,13.6,0.51,0.143,0.359,3.3,18.2,10.8,20.8,1.0,1.4,16.5,18.0,0.5,1.1,1.6,0.094,-0.1,0.7,0.6,0.5,0.0,2012
284,Armon Johnson,13.8,2.2,4.8,0.465,0.1,0.3,0.333,2.1,4.4,0.475,0.477,0.7,0.7,1.0,0.1,1.3,1.4,1.2,0.6,0.0,0.7,1.0,5.2,0.0,0.0,1210.0,0.0,0.0,0.0,0.0,0.0,0.0,0.0,0.0,0.0,0.0,0.0,0.0,0.0,9.0,0.0,124.0,20.0,43.0,0.465,1.0,3.0,0.333,19.0,40.0,0.475,0.477,6.0,6.0,1.0,1.0,12.0,13.0,11.0,5.0,0.0,6.0,9.0,47.0,0.0,12.9,0.515,0.07,0.14,0.9,11.6,6.1,16.1,2.1,0.0,11.6,19.1,0.1,0.0,0.1,0.05,-1.8,0.1,-1.7,0.0,0.0,2012
285,Bismack Biyombo,23.1,2.0,4.4,0.464,0.0,0.0,0.0,2.0,4.4,0.464,0.464,1.1,2.3,0.483,1.8,4.0,5.8,0.4,0.3,1.8,1.1,2.3,5.2,0.0,0.0,1210.0,0.0,0.0,0.0,0.0,0.0,0.0,0.0,0.0,0.0,0.0,0.0,0.0,0.0,63.0,41.0,1455.0,129.0,278.0,0.464,0.0,0.0,0.0,129.0,278.0,0.464,0.464,69.0,143.0,0.483,113.0,255.0,368.0,27.0,20.0,115.0,71.0,145.0,327.0,0.0,10.6,0.48,0.0,0.514,8.6,20.8,14.5,3.1,0.7,5.9,17.2,13.1,-0.5,1.1,0.6,0.019,-4.5,-0.2,-4.6,-1.0,0.0,2012
286,Steve Blake,23.3,1.9,5.1,0.377,1.0,3.0,0.335,0.9,2.1,0.436,0.476,0.4,0.5,0.778,0.2,1.4,1.6,3.3,0.7,0.0,1.4,1.4,5.2,0.0,0.0,1210.0,0.0,0.0,0.0,0.0,0.0,0.0,0.0,0.0,0.0,0.0,0.0,0.0,0.0,53.0,5.0,1237.0,101.0,268.0,0.377,53.0,158.0,0.335,48.0,110.0,0.436,0.476,21.0,27.0,0.778,9.0,76.0,85.0,175.0,39.0,2.0,72.0,75.0,276.0,0.0,8.5,0.493,0.59,0.101,0.9,6.6,3.8,21.0,1.7,0.1,20.5,13.0,0.2,0.8,1.0,0.04,-2.5,0.0,-2.5,-0.2,0.0,2012
287,Dante Cunningham,17.6,2.3,4.4,0.516,0.0,0.0,0.0,2.3,4.3,0.52,0.516,0.7,1.1,0.652,1.4,2.4,3.8,0.6,0.7,0.5,0.5,1.5,5.2,0.0,0.0,1210.0,0.0,0.0,0.0,0.0,0.0,0.0,0.0,0.0,0.0,0.0,0.0,0.0,0.0,64.0,5.0,1124.0,144.0,279.0,0.516,0.0,2.0,0.0,144.0,277.0,0.52,0.516,45.0,69.0,0.652,91.0,155.0,246.0,37.0,42.0,34.0,29.0,98.0,333.0,0.0,14.9,0.538,0.007,0.247,9.3,16.4,12.8,5.2,2.0,2.5,8.6,13.6,1.8,1.7,3.4,0.147,-0.3,1.0,0.8,0.8,0.0,2012
288,Brendan Haywood,21.2,2.2,4.2,0.518,0.0,0.0,0.0,2.2,4.2,0.518,0.518,0.8,1.8,0.469,2.6,3.4,6.0,0.4,0.4,1.0,0.9,2.2,5.2,0.0,0.0,1210.0,0.0,0.0,0.0,0.0,0.0,0.0,0.0,0.0,0.0,0.0,0.0,0.0,0.0,54.0,54.0,1146.0,118.0,228.0,0.518,0.0,0.0,0.0,118.0,228.0,0.518,0.518,45.0,96.0,0.469,139.0,185.0,324.0,19.0,24.0,54.0,46.0,121.0,281.0,0.0,12.9,0.52,0.0,0.421,13.7,18.0,15.9,2.6,1.1,3.8,14.5,12.8,1.1,1.6,2.7,0.114,-2.1,0.2,-1.9,0.0,0.0,2012
289,Kenyon Martin,22.4,2.3,5.2,0.441,0.1,0.3,0.231,2.2,4.9,0.454,0.448,0.5,1.3,0.37,1.2,3.1,4.3,0.4,1.0,1.0,0.8,2.5,5.2,0.0,0.0,1210.0,0.0,0.0,0.0,0.0,0.0,0.0,0.0,0.0,0.0,0.0,0.0,0.0,0.0,42.0,0.0,940.0,97.0,220.0,0.441,3.0,13.0,0.231,94.0,207.0,0.454,0.448,20.0,54.0,0.37,49.0,132.0,181.0,18.0,44.0,43.0,32.0,103.0,217.0,0.0,9.9,0.445,0.059,0.245,6.1,16.9,11.5,2.9,2.5,3.8,11.6,13.5,-0.3,1.2,0.9,0.048,-3.5,1.5,-2.1,0.0,0.0,2012
290,Luke Babbitt,13.4,1.8,4.3,0.41,1.1,2.5,0.43,0.7,1.8,0.384,0.535,0.4,0.5,0.85,0.4,2.0,2.4,0.4,0.3,0.1,0.7,1.2,5.1,0.0,0.0,1210.0,0.0,0.0,0.0,0.0,0.0,0.0,0.0,0.0,0.0,0.0,0.0,0.0,0.0,40.0,4.0,537.0,71.0,173.0,0.41,43.0,100.0,0.43,28.0,73.0,0.384,0.535,17.0,20.0,0.85,16.0,79.0,95.0,16.0,10.0,4.0,27.0,46.0,202.0,0.0,11.3,0.556,0.578,0.116,3.4,17.5,10.3,4.8,1.0,0.6,12.9,17.8,0.4,0.3,0.7,0.064,-0.6,-1.8,-2.3,0.0,0.0,2012
291,Sundiata Gaines,13.9,1.8,4.8,0.376,0.5,1.4,0.341,1.3,3.3,0.392,0.428,1.0,1.7,0.615,0.5,1.4,1.9,2.2,1.0,0.0,0.9,1.0,5.1,0.0,0.0,1210.0,0.0,0.0,0.0,0.0,0.0,0.0,0.0,0.0,0.0,0.0,0.0,0.0,0.0,57.0,12.0,793.0,102.0,271.0,0.376,28.0,82.0,0.341,74.0,189.0,0.392,0.428,59.0,96.0,0.615,27.0,81.0,108.0,126.0,55.0,2.0,52.0,58.0,291.0,0.0,15.0,0.465,0.303,0.354,3.8,12.2,7.9,27.2,3.7,0.2,14.2,21.1,0.4,0.6,1.0,0.059,-0.5,0.8,0.3,0.5,0.0,2012
292,Kendrick Perkins,26.8,2.0,4.0,0.489,0.0,0.0,0.0,2.0,4.0,0.489,0.489,1.1,1.7,0.652,1.8,4.7,6.6,1.2,0.4,1.1,1.8,2.9,5.1,0.0,0.0,1210.0,0.0,0.0,0.0,0.0,0.0,0.0,0.0,0.0,0.0,0.0,0.0,0.0,0.0,65.0,65.0,1744.0,128.0,262.0,0.489,0.0,0.0,0.0,128.0,262.0,0.489,0.489,73.0,112.0,0.652,120.0,306.0,426.0,78.0,25.0,73.0,118.0,189.0,329.0,0.0,8.7,0.528,0.0,0.427,8.4,18.8,13.9,6.4,0.7,3.0,27.5,11.1,0.0,2.1,2.0,0.056,-3.0,0.9,-2.1,0.0,0.0,2012
293,Derrick Byars,18.5,1.5,5.5,0.273,0.0,3.0,0.0,1.5,2.5,0.6,0.273,2.0,2.0,1.0,3.0,2.5,5.5,0.5,1.0,0.0,0.0,1.0,5.0,0.0,0.0,1210.0,0.0,0.0,0.0,0.0,0.0,0.0,0.0,0.0,0.0,0.0,0.0,0.0,0.0,2.0,0.0,37.0,3.0,11.0,0.273,0.0,6.0,0.0,3.0,5.0,0.6,0.273,4.0,4.0,1.0,6.0,5.0,11.0,1.0,2.0,0.0,0.0,2.0,10.0,0.0,14.9,0.392,0.545,0.364,19.0,15.2,17.1,3.7,2.8,0.0,0.0,15.7,0.1,0.1,0.1,0.147,-2.3,-2.5,-4.7,0.0,0.0,2012
294,Tobias Harris,11.4,1.9,4.0,0.467,0.1,0.5,0.261,1.7,3.5,0.5,0.485,1.0,1.3,0.815,0.7,1.7,2.4,0.5,0.3,0.2,0.7,1.1,5.0,0.0,0.0,1210.0,0.0,0.0,0.0,0.0,0.0,0.0,0.0,0.0,0.0,0.0,0.0,0.0,0.0,42.0,9.0,479.0,79.0,169.0,0.467,6.0,23.0,0.261,73.0,146.0,0.5,0.485,44.0,54.0,0.815,30.0,71.0,101.0,22.0,13.0,7.0,31.0,45.0,208.0,0.0,14.2,0.54,0.136,0.32,6.7,16.8,11.6,7.4,1.4,1.1,13.9,20.6,0.4,0.4,0.9,0.087,-1.0,-0.9,-1.9,0.0,0.0,2012
295,Jordan Hill,14.1,2.1,4.2,0.497,0.0,0.1,0.0,2.1,4.2,0.506,0.497,0.8,1.2,0.638,1.6,3.2,4.8,0.4,0.4,0.7,0.8,1.8,5.0,0.0,0.0,1210.0,0.0,0.0,0.0,0.0,0.0,0.0,0.0,0.0,0.0,0.0,0.0,0.0,0.0,39.0,8.0,551.0,82.0,165.0,0.497,0.0,3.0,0.0,82.0,162.0,0.506,0.497,30.0,47.0,0.638,61.0,125.0,186.0,16.0,14.0,27.0,31.0,71.0,194.0,0.0,15.8,0.522,0.018,0.285,12.8,26.3,19.5,4.7,1.3,3.6,14.3,17.9,0.5,0.8,1.4,0.118,-1.8,0.3,-1.5,0.1,0.0,2012
296,Jermaine O'Neal,22.8,2.1,4.8,0.433,0.0,0.0,0.0,2.1,4.8,0.433,0.433,0.8,1.2,0.677,1.5,3.9,5.4,0.4,0.3,1.7,0.8,3.2,5.0,0.0,0.0,1210.0,0.0,0.0,0.0,0.0,0.0,0.0,0.0,0.0,0.0,0.0,0.0,0.0,0.0,25.0,24.0,570.0,52.0,120.0,0.433,0.0,0.0,0.0,52.0,120.0,0.433,0.433,21.0,31.0,0.677,37.0,98.0,135.0,10.0,8.0,43.0,21.0,80.0,125.0,0.0,9.4,0.468,0.0,0.258,8.0,19.4,14.0,2.7,0.7,5.8,13.6,13.0,-0.1,1.2,1.1,0.091,-4.6,2.1,-2.5,-0.1,0.0,2012
297,Marcus Camby,22.9,2.2,4.9,0.446,0.0,0.1,0.4,2.1,4.8,0.447,0.449,0.5,1.1,0.453,2.7,6.3,9.0,1.8,0.8,1.4,1.0,2.1,4.9,0.0,0.0,1210.0,0.0,0.0,0.0,0.0,0.0,0.0,0.0,0.0,0.0,0.0,0.0,0.0,0.0,59.0,53.0,1352.0,128.0,287.0,0.446,2.0,5.0,0.4,126.0,282.0,0.447,0.449,29.0,64.0,0.453,157.0,373.0,530.0,107.0,50.0,85.0,57.0,126.0,287.0,0.0,16.2,0.455,0.017,0.223,13.3,32.7,22.8,11.9,1.9,4.8,15.3,12.6,1.1,2.5,3.6,0.127,-0.1,2.3,2.2,1.4,0.0,2012
298,Earl Boykins,13.9,1.5,4.5,0.333,0.3,1.1,0.222,1.3,3.4,0.37,0.361,1.6,1.9,0.867,0.0,1.4,1.4,2.1,0.1,0.0,0.9,0.6,4.9,0.0,0.0,1210.0,0.0,0.0,0.0,0.0,0.0,0.0,0.0,0.0,0.0,0.0,0.0,0.0,0.0,8.0,0.0,111.0,12.0,36.0,0.333,2.0,9.0,0.222,10.0,27.0,0.37,0.361,13.0,15.0,0.867,0.0,11.0,11.0,17.0,1.0,0.0,7.0,5.0,39.0,0.0,10.3,0.458,0.25,0.417,0.0,11.6,5.7,23.0,0.5,0.0,14.1,20.3,0.0,0.0,0.1,0.029,-2.2,-1.9,-4.0,-0.1,0.0,2012
299,Maurice Evans,14.3,1.9,4.7,0.402,0.7,1.9,0.378,1.2,2.8,0.418,0.478,0.4,0.5,0.769,0.3,0.7,1.0,0.4,0.6,0.0,0.4,1.5,4.9,0.0,0.0,1210.0,0.0,0.0,0.0,0.0,0.0,0.0,0.0,0.0,0.0,0.0,0.0,0.0,0.0,24.0,0.0,343.0,45.0,112.0,0.402,17.0,45.0,0.378,28.0,67.0,0.418,0.478,10.0,13.0,0.769,8.0,16.0,24.0,9.0,14.0,0.0,10.0,36.0,117.0,0.0,9.0,0.497,0.402,0.116,2.6,5.3,3.9,4.2,2.1,0.0,7.8,16.7,0.2,0.1,0.3,0.041,-2.9,-0.8,-3.6,-0.1,0.0,2012
300,Damion James,24.3,1.9,5.0,0.371,0.0,0.1,0.0,1.9,4.9,0.382,0.371,1.1,1.7,0.667,1.0,3.7,4.7,0.4,1.0,1.0,1.7,2.4,4.9,0.0,0.0,1210.0,0.0,0.0,0.0,0.0,0.0,0.0,0.0,0.0,0.0,0.0,0.0,0.0,0.0,7.0,7.0,170.0,13.0,35.0,0.371,0.0,1.0,0.0,13.0,34.0,0.382,0.371,8.0,12.0,0.667,7.0,26.0,33.0,3.0,7.0,7.0,12.0,17.0,34.0,0.0,6.1,0.422,0.029,0.343,4.6,18.3,11.3,2.8,2.2,3.2,23.0,14.1,-0.3,0.1,-0.2,-0.043,-6.2,0.2,-6.0,-0.2,0.0,2012
301,Jeremy Tyler,13.5,2.1,5.0,0.421,0.0,0.0,0.0,2.1,5.0,0.423,0.421,0.7,1.2,0.558,1.3,2.0,3.3,0.4,0.4,0.5,0.9,2.0,4.9,0.0,0.0,1210.0,0.0,0.0,0.0,0.0,0.0,0.0,0.0,0.0,0.0,0.0,0.0,0.0,0.0,42.0,23.0,568.0,88.0,209.0,0.421,0.0,1.0,0.0,88.0,208.0,0.423,0.421,29.0,52.0,0.558,54.0,86.0,140.0,16.0,16.0,20.0,36.0,84.0,205.0,0.0,10.4,0.442,0.005,0.249,10.8,17.1,14.0,4.5,1.5,2.7,13.4,21.8,-0.5,0.4,-0.2,-0.014,-5.5,-2.3,-7.8,-0.8,0.0,2012
302,Shane Battier,23.1,1.7,4.5,0.387,1.0,2.8,0.339,0.8,1.7,0.468,0.493,0.4,0.6,0.622,0.9,1.5,2.4,1.3,1.0,0.5,0.6,1.6,4.8,0.0,0.0,1210.0,0.0,0.0,0.0,0.0,0.0,0.0,0.0,0.0,0.0,0.0,0.0,0.0,0.0,65.0,10.0,1499.0,113.0,292.0,0.387,62.0,183.0,0.339,51.0,109.0,0.468,0.493,23.0,37.0,0.622,56.0,100.0,156.0,82.0,64.0,33.0,37.0,105.0,311.0,0.0,9.7,0.504,0.627,0.127,4.6,7.7,6.2,8.0,2.2,1.8,10.7,10.7,1.2,2.1,3.3,0.104,-0.7,1.6,0.9,1.1,0.0,2012
303,Francisco García,16.3,1.8,4.7,0.376,0.8,2.7,0.29,1.0,2.0,0.49,0.459,0.5,0.6,0.8,0.2,1.8,2.0,0.6,0.7,0.8,0.4,1.5,4.8,0.0,0.0,1210.0,0.0,0.0,0.0,0.0,0.0,0.0,0.0,0.0,0.0,0.0,0.0,0.0,0.0,49.0,3.0,798.0,86.0,229.0,0.376,38.0,131.0,0.29,48.0,98.0,0.49,0.459,24.0,30.0,0.8,11.0,88.0,99.0,31.0,36.0,37.0,22.0,73.0,234.0,0.0,10.7,0.483,0.572,0.131,1.4,12.7,6.8,5.8,2.3,3.4,8.3,14.4,0.3,0.5,0.8,0.048,-1.6,0.9,-0.7,0.3,0.0,2012
304,Mike James,10.9,1.8,4.5,0.408,0.5,0.9,0.6,1.3,3.5,0.359,0.469,0.6,0.7,0.875,0.2,0.7,0.9,2.6,0.4,0.2,1.3,1.8,4.8,0.0,0.0,1210.0,0.0,0.0,0.0,0.0,0.0,0.0,0.0,0.0,0.0,0.0,0.0,0.0,0.0,11.0,0.0,120.0,20.0,49.0,0.408,6.0,10.0,0.6,14.0,39.0,0.359,0.469,7.0,8.0,0.875,2.0,8.0,10.0,29.0,4.0,2.0,14.0,20.0,53.0,0.0,13.7,0.505,0.204,0.163,1.9,7.3,4.6,39.8,1.8,1.2,21.0,25.3,0.1,0.2,0.3,0.111,-0.8,0.4,-0.4,0.0,0.0,2012
305,Thabo Sefolosha,21.8,1.6,3.7,0.432,0.7,1.7,0.437,0.9,2.0,0.429,0.532,0.9,1.0,0.884,0.5,2.5,3.0,1.1,0.9,0.4,1.0,1.9,4.8,0.0,0.0,1210.0,0.0,0.0,0.0,0.0,0.0,0.0,0.0,0.0,0.0,0.0,0.0,0.0,0.0,42.0,42.0,914.0,67.0,155.0,0.432,31.0,71.0,0.437,36.0,84.0,0.429,0.532,38.0,43.0,0.884,21.0,107.0,128.0,47.0,37.0,17.0,40.0,78.0,203.0,0.0,9.8,0.584,0.458,0.277,2.8,12.5,8.0,7.4,2.1,1.4,18.7,10.6,0.8,1.0,1.8,0.095,-1.3,1.7,0.4,0.6,0.0,2012
306,Austin Daye,14.7,1.8,5.5,0.322,0.3,1.5,0.21,1.5,4.0,0.364,0.35,0.9,1.0,0.814,0.3,1.9,2.2,0.8,0.5,0.5,1.0,1.5,4.7,0.0,0.0,1210.0,0.0,0.0,0.0,0.0,0.0,0.0,0.0,0.0,0.0,0.0,0.0,0.0,0.0,41.0,4.0,603.0,73.0,227.0,0.322,13.0,62.0,0.21,60.0,165.0,0.364,0.35,35.0,43.0,0.814,14.0,77.0,91.0,33.0,22.0,21.0,40.0,62.0,194.0,0.0,7.1,0.394,0.273,0.189,2.7,15.8,9.0,9.2,2.0,2.8,14.0,21.9,-1.3,0.6,-0.6,-0.05,-5.0,-0.1,-5.0,-0.5,0.0,2012
307,Jon Leuer,12.1,2.1,4.2,0.508,0.1,0.2,0.333,2.0,4.0,0.516,0.516,0.5,0.6,0.75,1.0,1.6,2.6,0.5,0.3,0.4,0.4,1.5,4.7,0.0,0.0,1210.0,0.0,0.0,0.0,0.0,0.0,0.0,0.0,0.0,0.0,0.0,0.0,0.0,0.0,46.0,12.0,555.0,97.0,191.0,0.508,3.0,9.0,0.333,94.0,182.0,0.516,0.516,21.0,28.0,0.75,45.0,75.0,120.0,25.0,14.0,17.0,18.0,67.0,218.0,0.0,15.3,0.536,0.047,0.147,8.7,15.3,11.9,7.3,1.3,2.3,8.1,17.6,0.9,0.5,1.4,0.122,-0.3,0.0,-0.3,0.2,0.0,2012
308,Jan Veselý,18.9,2.1,3.8,0.537,0.0,0.0,0.0,2.1,3.8,0.539,0.537,0.6,1.1,0.532,1.8,2.6,4.4,0.8,0.7,0.6,1.1,2.7,4.7,0.0,0.0,1210.0,0.0,0.0,0.0,0.0,0.0,0.0,0.0,0.0,0.0,0.0,0.0,0.0,0.0,57.0,20.0,1078.0,117.0,218.0,0.537,0.0,1.0,0.0,117.0,217.0,0.539,0.537,33.0,62.0,0.532,101.0,148.0,249.0,47.0,39.0,32.0,60.0,156.0,267.0,0.0,11.5,0.544,0.005,0.284,10.5,15.6,13.0,6.7,1.9,2.3,19.7,12.7,0.7,1.0,1.7,0.076,-3.0,0.4,-2.6,-0.2,0.0,2012
309,Enes Freedom,13.2,1.8,3.6,0.496,0.0,0.0,0.0,1.8,3.6,0.498,0.496,1.1,1.6,0.667,1.6,2.6,4.2,0.1,0.3,0.3,0.8,1.3,4.6,0.0,0.0,1210.0,0.0,0.0,0.0,0.0,0.0,0.0,0.0,0.0,0.0,0.0,0.0,0.0,0.0,66.0,0.0,874.0,117.0,236.0,0.496,0.0,1.0,0.0,117.0,235.0,0.498,0.496,70.0,105.0,0.667,107.0,171.0,278.0,8.0,18.0,23.0,54.0,87.0,304.0,0.0,14.5,0.539,0.004,0.445,13.9,22.7,18.3,1.4,1.1,2.1,16.1,17.3,0.9,0.8,1.7,0.095,-1.2,-1.7,-3.0,-0.2,0.0,2012
310,Darko Miličić,16.3,2.0,4.5,0.454,0.0,0.0,0.0,2.0,4.5,0.454,0.454,0.6,1.3,0.432,1.2,2.1,3.3,0.6,0.3,0.9,1.1,2.0,4.6,0.0,0.0,1210.0,0.0,0.0,0.0,0.0,0.0,0.0,0.0,0.0,0.0,0.0,0.0,0.0,0.0,29.0,23.0,472.0,59.0,130.0,0.454,0.0,0.0,0.0,59.0,130.0,0.454,0.454,16.0,37.0,0.432,35.0,62.0,97.0,17.0,9.0,25.0,32.0,59.0,134.0,0.0,9.0,0.458,0.0,0.285,8.2,14.6,11.4,5.9,1.0,3.8,17.9,16.8,-0.4,0.4,0.0,0.003,-4.4,0.9,-3.5,-0.2,0.0,2012
311,Chris Singleton,21.7,1.8,4.7,0.372,0.7,1.9,0.346,1.1,2.8,0.389,0.442,0.5,0.7,0.682,0.7,2.9,3.5,0.7,1.1,0.5,0.6,2.7,4.6,0.0,0.0,1210.0,0.0,0.0,0.0,0.0,0.0,0.0,0.0,0.0,0.0,0.0,0.0,0.0,0.0,66.0,51.0,1431.0,116.0,312.0,0.372,44.0,127.0,0.346,72.0,185.0,0.389,0.442,30.0,44.0,0.682,43.0,190.0,233.0,49.0,70.0,30.0,38.0,176.0,306.0,0.0,8.3,0.462,0.407,0.141,3.4,15.1,9.2,5.0,2.5,1.6,10.3,11.5,0.1,1.5,1.5,0.052,-3.5,1.2,-2.2,-0.1,0.0,2012
312,Darryl Watkins,19.6,1.4,2.8,0.5,0.0,0.0,0.0,1.4,2.8,0.5,0.5,1.8,3.6,0.5,1.6,3.8,5.4,0.6,1.0,0.8,1.6,2.8,4.6,0.0,0.0,1210.0,0.0,0.0,0.0,0.0,0.0,0.0,0.0,0.0,0.0,0.0,0.0,0.0,0.0,5.0,0.0,98.0,7.0,14.0,0.5,0.0,0.0,0.0,7.0,14.0,0.5,0.5,9.0,18.0,0.5,8.0,19.0,27.0,3.0,5.0,4.0,8.0,14.0,23.0,0.0,10.8,0.525,0.0,1.286,9.9,22.7,16.4,4.7,2.8,3.4,26.7,14.4,-0.1,0.2,0.1,0.056,-5.0,1.1,-3.9,0.0,0.0,2012
313,Jordan Williams,14.8,1.8,3.5,0.507,0.0,0.0,0.0,1.8,3.5,0.507,0.507,1.0,1.5,0.652,1.5,2.1,3.6,0.3,0.5,0.3,0.5,1.4,4.6,0.0,0.0,1210.0,0.0,0.0,0.0,0.0,0.0,0.0,0.0,0.0,0.0,0.0,0.0,0.0,0.0,43.0,5.0,635.0,77.0,152.0,0.507,0.0,0.0,0.0,77.0,152.0,0.507,0.507,43.0,66.0,0.652,66.0,90.0,156.0,11.0,21.0,15.0,23.0,61.0,197.0,0.0,14.5,0.544,0.0,0.434,11.7,16.9,14.3,2.9,1.8,1.8,11.3,14.7,1.0,0.4,1.3,0.101,-0.9,-1.2,-2.1,0.0,0.0,2012
314,Shelden Williams,22.0,1.7,3.5,0.478,0.0,0.0,0.0,1.7,3.5,0.478,0.478,1.3,1.8,0.731,2.4,3.6,6.0,0.6,0.8,0.7,1.1,2.6,4.6,0.0,0.0,1210.0,0.0,0.0,0.0,0.0,0.0,0.0,0.0,0.0,0.0,0.0,0.0,0.0,0.0,58.0,35.0,1276.0,96.0,201.0,0.478,0.0,0.0,0.0,96.0,201.0,0.478,0.478,76.0,104.0,0.731,141.0,209.0,350.0,35.0,47.0,39.0,66.0,149.0,268.0,0.0,11.9,0.543,0.0,0.517,12.5,19.6,15.9,4.3,2.0,2.3,21.1,11.2,1.1,1.0,2.1,0.078,-2.7,-0.6,-3.3,-0.4,0.0,2012
315,Jonny Flynn,14.3,1.6,4.5,0.351,0.3,1.2,0.294,1.2,3.3,0.371,0.389,1.0,1.3,0.744,0.3,1.1,1.3,3.3,0.2,0.1,1.2,0.8,4.5,0.0,0.0,1210.0,0.0,0.0,0.0,0.0,0.0,0.0,0.0,0.0,0.0,0.0,0.0,0.0,0.0,29.0,1.0,416.0,46.0,131.0,0.351,10.0,34.0,0.294,36.0,97.0,0.371,0.389,29.0,39.0,0.744,8.0,31.0,39.0,96.0,6.0,2.0,36.0,23.0,131.0,0.0,11.2,0.442,0.26,0.298,2.2,8.8,5.5,35.7,0.8,0.4,19.5,20.2,0.0,0.1,0.1,0.012,-1.3,-3.4,-4.8,-0.3,0.0,2012
316,DeMarre Carroll,14.5,1.8,4.4,0.41,0.3,0.8,0.368,1.5,3.6,0.419,0.443,0.6,0.7,0.875,1.2,1.0,2.2,0.8,0.5,0.0,0.5,1.5,4.5,0.0,0.0,1210.0,0.0,0.0,0.0,0.0,0.0,0.0,0.0,0.0,0.0,0.0,0.0,0.0,0.0,24.0,9.0,348.0,43.0,105.0,0.41,7.0,19.0,0.368,36.0,86.0,0.419,0.443,14.0,16.0,0.875,28.0,25.0,53.0,18.0,12.0,1.0,11.0,37.0,107.0,0.0,11.1,0.478,0.181,0.152,9.1,8.3,8.8,8.1,1.8,0.2,8.9,15.9,0.3,0.2,0.5,0.069,-1.4,-0.6,-1.9,0.0,0.0,2012
317,Ben Uzoh,20.6,1.9,5.5,0.354,0.0,0.1,0.0,1.9,5.4,0.357,0.354,0.6,1.1,0.579,1.1,2.7,3.7,3.4,0.9,0.2,1.1,1.7,4.5,0.0,0.0,1210.0,0.0,0.0,0.0,0.0,0.0,0.0,0.0,0.0,0.0,0.0,0.0,0.0,0.0,18.0,8.0,370.0,35.0,99.0,0.354,0.0,1.0,0.0,35.0,98.0,0.357,0.354,11.0,19.0,0.579,19.0,48.0,67.0,61.0,17.0,3.0,19.0,31.0,81.0,1.0,10.9,0.377,0.01,0.192,6.0,15.1,10.6,26.8,2.5,0.7,15.0,16.1,-0.2,0.4,0.2,0.032,-3.0,1.9,-1.1,0.1,0.0,2012
318,Nick Collison,20.7,1.9,3.2,0.597,0.0,0.0,0.0,1.9,3.2,0.6,0.597,0.7,1.0,0.71,1.9,2.5,4.3,1.3,0.5,0.4,1.0,2.4,4.5,0.0,0.0,1210.0,0.0,0.0,0.0,0.0,0.0,0.0,0.0,0.0,0.0,0.0,0.0,0.0,0.0,63.0,0.0,1307.0,120.0,201.0,0.597,0.0,1.0,0.0,120.0,200.0,0.6,0.597,44.0,62.0,0.71,119.0,155.0,274.0,82.0,33.0,28.0,61.0,153.0,284.0,0.0,12.1,0.622,0.005,0.308,11.1,12.7,12.0,9.3,1.3,1.6,21.1,10.0,2.3,1.2,3.5,0.13,-0.5,0.7,0.2,0.7,0.0,2012
319,Vladimir Radmanović,15.4,1.5,4.0,0.376,1.0,2.8,0.37,0.5,1.3,0.387,0.503,0.4,0.6,0.759,0.7,2.2,2.9,1.1,0.4,0.3,0.7,1.3,4.5,0.0,0.0,1210.0,0.0,0.0,0.0,0.0,0.0,0.0,0.0,0.0,0.0,0.0,0.0,0.0,0.0,49.0,3.0,755.0,74.0,197.0,0.376,50.0,135.0,0.37,24.0,62.0,0.387,0.503,22.0,29.0,0.759,34.0,109.0,143.0,54.0,21.0,15.0,35.0,62.0,220.0,0.0,11.7,0.524,0.685,0.147,5.3,16.8,11.1,10.9,1.5,1.5,14.3,15.2,0.5,1.1,1.6,0.103,-0.4,0.6,0.2,0.4,0.0,2012
320,Quentin Richardson,18.0,1.5,4.1,0.376,0.9,2.5,0.347,0.7,1.6,0.421,0.482,0.5,0.6,0.833,0.3,2.3,2.6,0.8,0.6,0.1,0.6,1.5,4.5,0.0,0.0,1210.0,0.0,0.0,0.0,0.0,0.0,0.0,0.0,0.0,0.0,0.0,0.0,0.0,0.0,48.0,3.0,866.0,74.0,197.0,0.376,42.0,121.0,0.347,32.0,76.0,0.421,0.482,25.0,30.0,0.833,15.0,108.0,123.0,38.0,28.0,6.0,29.0,74.0,215.0,0.0,8.7,0.511,0.614,0.152,2.0,14.6,8.2,7.0,1.7,0.5,12.1,13.0,0.4,0.9,1.3,0.07,-2.5,1.0,-1.6,0.1,0.0,2012
321,DaJuan Summers,13.9,1.9,4.3,0.431,0.3,1.1,0.313,1.5,3.3,0.469,0.469,0.5,0.6,0.778,0.5,1.0,1.5,0.7,0.5,0.0,0.5,2.1,4.5,0.0,0.0,1210.0,0.0,0.0,0.0,0.0,0.0,0.0,0.0,0.0,0.0,0.0,0.0,0.0,0.0,15.0,6.0,209.0,28.0,65.0,0.431,5.0,16.0,0.313,23.0,49.0,0.469,0.469,7.0,9.0,0.778,8.0,15.0,23.0,10.0,7.0,0.0,8.0,31.0,68.0,0.0,9.0,0.493,0.246,0.138,4.6,8.4,6.6,8.1,1.8,0.0,10.4,17.4,0.1,0.1,0.2,0.049,-3.1,-0.2,-3.2,-0.1,0.0,2012
322,Shawne Williams,20.6,1.7,5.9,0.286,0.8,3.5,0.241,0.8,2.4,0.35,0.357,0.3,0.4,0.727,0.8,1.9,2.7,0.6,0.4,0.4,0.5,1.8,4.5,0.0,0.0,1210.0,0.0,0.0,0.0,0.0,0.0,0.0,0.0,0.0,0.0,0.0,0.0,0.0,0.0,25.0,6.0,514.0,42.0,147.0,0.286,21.0,87.0,0.241,21.0,60.0,0.35,0.357,8.0,11.0,0.727,20.0,48.0,68.0,16.0,10.0,11.0,13.0,44.0,113.0,0.0,4.9,0.372,0.592,0.075,4.4,11.2,7.7,4.9,1.0,1.6,7.9,14.7,-0.5,0.1,-0.4,-0.041,-4.2,-2.2,-6.4,-0.6,0.0,2012
323,Andrew Goudelock,10.5,1.7,4.4,0.391,0.7,1.9,0.373,1.0,2.5,0.404,0.471,0.3,0.3,0.917,0.1,0.7,0.8,0.5,0.1,0.0,0.5,0.8,4.4,0.0,0.0,1210.0,0.0,0.0,0.0,0.0,0.0,0.0,0.0,0.0,0.0,0.0,0.0,0.0,0.0,40.0,0.0,419.0,68.0,174.0,0.391,28.0,75.0,0.373,40.0,99.0,0.404,0.471,11.0,12.0,0.917,5.0,26.0,31.0,20.0,4.0,0.0,21.0,32.0,175.0,0.0,8.4,0.488,0.431,0.069,1.4,6.6,4.1,8.0,0.5,0.0,10.5,21.9,0.0,0.1,0.1,0.011,-2.6,-2.4,-5.0,-0.3,0.0,2012
324,Jordan Hamilton,9.9,1.8,4.3,0.432,0.7,1.8,0.362,1.2,2.5,0.484,0.509,0.1,0.2,0.4,0.4,2.0,2.4,0.8,0.2,0.1,0.6,0.6,4.4,0.0,0.0,1210.0,0.0,0.0,0.0,0.0,0.0,0.0,0.0,0.0,0.0,0.0,0.0,0.0,0.0,26.0,2.0,258.0,48.0,111.0,0.432,17.0,47.0,0.362,31.0,64.0,0.484,0.509,2.0,5.0,0.4,11.0,51.0,62.0,20.0,4.0,3.0,16.0,15.0,115.0,0.0,13.9,0.508,0.423,0.045,5.1,22.4,14.0,12.6,0.8,0.9,12.4,22.3,0.1,0.2,0.3,0.055,1.3,-1.1,0.1,0.1,0.0,2012
325,Josh Harrellson,14.6,1.7,4.0,0.423,0.5,1.6,0.339,1.2,2.4,0.478,0.49,0.4,0.7,0.615,1.3,2.6,3.9,0.3,0.6,0.5,0.5,1.3,4.4,0.0,0.0,1210.0,0.0,0.0,0.0,0.0,0.0,0.0,0.0,0.0,0.0,0.0,0.0,0.0,0.0,37.0,4.0,540.0,63.0,149.0,0.423,20.0,59.0,0.339,43.0,90.0,0.478,0.49,16.0,26.0,0.615,47.0,97.0,144.0,11.0,23.0,20.0,20.0,48.0,162.0,0.0,13.7,0.505,0.396,0.174,10.0,21.0,15.4,3.3,2.2,3.0,11.1,15.0,0.4,1.0,1.4,0.127,-0.5,0.6,0.1,0.3,0.0,2012
326,Jared Jeffries,18.7,1.5,3.7,0.41,0.1,0.4,0.188,1.4,3.3,0.438,0.42,1.3,1.8,0.681,1.8,2.1,3.9,0.7,0.7,0.6,0.7,2.3,4.4,0.0,0.0,1210.0,0.0,0.0,0.0,0.0,0.0,0.0,0.0,0.0,0.0,0.0,0.0,0.0,0.0,39.0,4.0,729.0,59.0,144.0,0.41,3.0,16.0,0.188,56.0,128.0,0.438,0.42,49.0,72.0,0.681,69.0,83.0,152.0,26.0,29.0,25.0,29.0,89.0,170.0,0.0,10.9,0.484,0.111,0.5,10.8,13.3,12.0,5.4,2.0,2.7,14.2,12.6,0.5,1.1,1.7,0.109,-2.3,1.4,-1.0,0.2,0.0,2012
327,Justin Dentmon,15.2,1.7,4.7,0.357,0.3,2.3,0.143,1.3,2.3,0.571,0.393,0.7,1.0,0.667,0.0,1.3,1.3,1.7,0.3,0.0,1.2,1.7,4.3,0.0,0.0,1210.0,0.0,0.0,0.0,0.0,0.0,0.0,0.0,0.0,0.0,0.0,0.0,0.0,0.0,6.0,0.0,91.0,10.0,28.0,0.357,2.0,14.0,0.143,8.0,14.0,0.571,0.393,4.0,6.0,0.667,0.0,8.0,8.0,10.0,2.0,0.0,7.0,10.0,26.0,0.0,4.8,0.424,0.5,0.214,0.0,10.2,5.1,18.0,1.2,0.0,18.6,19.4,-0.2,0.1,-0.1,-0.049,-6.4,-0.6,-7.0,-0.1,0.0,2012
328,Travis Outlaw,12.8,1.5,4.5,0.343,0.4,1.5,0.267,1.1,2.9,0.383,0.389,0.8,1.2,0.674,0.5,1.1,1.6,0.4,0.5,0.5,0.5,0.9,4.3,0.0,0.0,1210.0,0.0,0.0,0.0,0.0,0.0,0.0,0.0,0.0,0.0,0.0,0.0,0.0,0.0,39.0,5.0,500.0,60.0,175.0,0.343,16.0,60.0,0.267,44.0,115.0,0.383,0.389,31.0,46.0,0.674,19.0,42.0,61.0,16.0,19.0,21.0,20.0,34.0,167.0,0.0,9.6,0.428,0.343,0.263,4.0,9.7,6.7,4.8,1.9,3.1,9.3,18.7,-0.3,0.2,-0.1,-0.008,-2.6,-1.0,-3.6,-0.2,0.0,2012
329,Gilbert Arenas,12.4,1.5,3.8,0.406,0.8,2.3,0.333,0.8,1.5,0.52,0.508,0.4,0.6,0.7,0.1,0.9,1.1,1.1,0.6,0.1,0.7,2.1,4.2,0.0,0.0,1210.0,0.0,0.0,0.0,0.0,0.0,0.0,0.0,0.0,0.0,0.0,0.0,0.0,0.0,17.0,0.0,211.0,26.0,64.0,0.406,13.0,39.0,0.333,13.0,25.0,0.52,0.508,7.0,10.0,0.7,2.0,16.0,18.0,18.0,11.0,1.0,12.0,35.0,72.0,0.0,9.9,0.526,0.609,0.156,1.1,9.0,5.0,13.4,2.8,0.4,14.9,17.3,0.1,0.3,0.4,0.088,-3.3,2.0,-1.3,0.0,0.0,2012
330,Keith Bogans,18.8,1.6,4.2,0.381,0.6,2.4,0.25,1.0,1.8,0.556,0.452,0.4,1.0,0.4,1.0,1.2,2.2,0.6,0.4,0.0,0.6,3.0,4.2,0.0,0.0,1210.0,0.0,0.0,0.0,0.0,0.0,0.0,0.0,0.0,0.0,0.0,0.0,0.0,0.0,5.0,1.0,94.0,8.0,21.0,0.381,3.0,12.0,0.25,5.0,9.0,0.556,0.452,2.0,5.0,0.4,5.0,6.0,11.0,3.0,2.0,0.0,3.0,15.0,21.0,0.0,4.8,0.453,0.571,0.238,6.0,7.6,6.8,5.1,1.1,0.0,11.5,12.8,0.0,0.0,0.0,-0.005,-5.2,-2.7,-7.9,-0.1,0.0,2012
331,Eric Maynor,15.2,1.6,4.3,0.359,0.7,1.9,0.353,0.9,2.4,0.364,0.436,0.4,0.4,1.0,0.3,1.1,1.4,2.4,0.6,0.0,1.2,1.4,4.2,0.0,0.0,1210.0,0.0,0.0,0.0,0.0,0.0,0.0,0.0,0.0,0.0,0.0,0.0,0.0,0.0,9.0,0.0,137.0,14.0,39.0,0.359,6.0,17.0,0.353,8.0,22.0,0.364,0.436,4.0,4.0,1.0,3.0,10.0,13.0,22.0,5.0,0.0,11.0,13.0,38.0,0.0,9.1,0.466,0.436,0.103,2.7,7.8,5.4,24.1,1.9,0.0,21.3,17.1,0.0,0.1,0.1,0.037,-1.9,-0.8,-2.7,0.0,0.0,2012
332,Johan Petro,15.6,1.8,4.4,0.419,0.0,0.0,1.0,1.8,4.4,0.417,0.421,0.5,0.6,0.838,1.2,2.6,3.8,0.8,0.4,0.4,0.6,2.1,4.2,0.0,0.0,1210.0,0.0,0.0,0.0,0.0,0.0,0.0,0.0,0.0,0.0,0.0,0.0,0.0,0.0,59.0,10.0,920.0,109.0,260.0,0.419,1.0,1.0,1.0,108.0,259.0,0.417,0.421,31.0,37.0,0.838,68.0,156.0,224.0,45.0,21.0,23.0,38.0,122.0,250.0,0.0,10.3,0.452,0.004,0.142,8.3,20.3,14.1,8.2,1.2,1.9,12.1,15.6,0.1,0.6,0.7,0.034,-3.9,-0.9,-4.7,-0.6,0.0,2012
333,Quincy Pondexter,15.7,1.7,3.7,0.452,0.3,1.1,0.301,1.3,2.6,0.518,0.498,0.5,0.8,0.623,0.9,1.1,2.0,0.4,0.4,0.1,0.5,1.4,4.2,0.0,0.0,1210.0,0.0,0.0,0.0,0.0,0.0,0.0,0.0,0.0,0.0,0.0,0.0,0.0,0.0,64.0,8.0,1002.0,108.0,239.0,0.452,22.0,73.0,0.301,86.0,166.0,0.518,0.498,33.0,53.0,0.623,55.0,71.0,126.0,27.0,27.0,5.0,30.0,90.0,271.0,0.0,9.4,0.517,0.305,0.222,6.3,8.5,7.3,4.1,1.4,0.4,10.3,13.2,0.9,0.9,1.7,0.082,-1.9,-0.1,-2.0,0.0,0.0,2012
334,Lavoy Allen,15.2,1.9,4.1,0.473,0.0,0.0,0.0,1.9,4.1,0.473,0.473,0.3,0.3,0.786,1.1,3.0,4.2,0.8,0.3,0.4,0.5,1.8,4.1,0.0,0.0,1210.0,0.0,0.0,0.0,0.0,0.0,0.0,0.0,0.0,0.0,0.0,0.0,0.0,0.0,41.0,15.0,624.0,79.0,167.0,0.473,0.0,0.0,0.0,79.0,167.0,0.473,0.473,11.0,14.0,0.786,47.0,124.0,171.0,34.0,13.0,18.0,20.0,73.0,169.0,0.0,12.7,0.488,0.0,0.084,8.3,22.2,15.2,8.4,1.1,2.2,10.4,14.5,0.4,1.2,1.6,0.124,-2.8,1.0,-1.7,0.0,0.0,2012
335,Anthony Tolliver,17.3,1.4,3.6,0.39,0.5,2.0,0.248,0.9,1.6,0.568,0.459,0.8,1.1,0.745,1.0,2.0,3.0,0.4,0.4,0.4,0.7,1.7,4.1,0.0,0.0,1210.0,0.0,0.0,0.0,0.0,0.0,0.0,0.0,0.0,0.0,0.0,0.0,0.0,0.0,51.0,0.0,882.0,71.0,182.0,0.39,25.0,101.0,0.248,46.0,81.0,0.568,0.459,41.0,55.0,0.745,50.0,103.0,153.0,22.0,18.0,19.0,35.0,86.0,208.0,0.0,8.3,0.504,0.555,0.302,6.2,13.0,9.6,3.8,1.0,1.5,14.5,12.2,0.3,0.6,0.9,0.049,-2.8,0.1,-2.6,-0.2,0.0,2012
336,Keyon Dooling,14.4,1.4,3.5,0.405,0.6,1.8,0.333,0.8,1.8,0.476,0.488,0.5,0.7,0.742,0.1,0.8,0.8,1.1,0.3,0.0,0.7,1.2,4.0,0.0,0.0,1210.0,0.0,0.0,0.0,0.0,0.0,0.0,0.0,0.0,0.0,0.0,0.0,0.0,0.0,46.0,2.0,662.0,66.0,163.0,0.405,27.0,81.0,0.333,39.0,82.0,0.476,0.488,23.0,31.0,0.742,3.0,36.0,39.0,51.0,13.0,2.0,34.0,57.0,182.0,0.0,6.9,0.515,0.497,0.19,0.6,6.1,3.5,12.1,1.0,0.2,16.1,15.3,-0.2,0.8,0.6,0.042,-3.8,-0.5,-4.3,-0.4,0.0,2012
337,Devin Ebanks,16.5,1.5,3.7,0.416,0.0,0.4,0.0,1.5,3.3,0.463,0.416,1.0,1.5,0.657,1.1,1.2,2.3,0.5,0.5,0.3,0.8,1.1,4.0,0.0,0.0,1210.0,0.0,0.0,0.0,0.0,0.0,0.0,0.0,0.0,0.0,0.0,0.0,0.0,0.0,24.0,12.0,396.0,37.0,89.0,0.416,0.0,9.0,0.0,37.0,80.0,0.463,0.416,23.0,35.0,0.657,26.0,28.0,54.0,12.0,11.0,6.0,18.0,26.0,97.0,0.0,8.3,0.465,0.101,0.393,7.7,7.6,7.6,4.6,1.5,1.1,14.7,14.2,0.0,0.3,0.3,0.033,-3.7,-0.5,-4.2,-0.2,0.0,2012
338,Lance Thomas,15.0,1.4,3.0,0.452,0.0,0.0,0.0,1.4,3.0,0.456,0.452,1.2,1.5,0.839,1.2,1.8,3.0,0.3,0.2,0.2,0.6,1.9,4.0,0.0,0.0,1210.0,0.0,0.0,0.0,0.0,0.0,0.0,0.0,0.0,0.0,0.0,0.0,0.0,0.0,42.0,10.0,630.0,57.0,126.0,0.452,0.0,1.0,0.0,57.0,125.0,0.456,0.452,52.0,62.0,0.839,49.0,77.0,126.0,12.0,10.0,7.0,24.0,78.0,166.0,0.0,10.1,0.541,0.008,0.492,9.4,14.3,11.9,3.0,0.9,0.9,13.5,13.3,0.7,0.4,1.2,0.088,-3.3,-1.0,-4.3,-0.4,0.0,2012
339,Aaron Gray,16.6,1.7,3.3,0.516,0.0,0.0,0.0,1.7,3.3,0.516,0.516,0.5,1.0,0.532,1.7,4.0,5.7,0.6,0.4,0.3,1.0,2.6,3.9,0.0,0.0,1210.0,0.0,0.0,0.0,0.0,0.0,0.0,0.0,0.0,0.0,0.0,0.0,0.0,0.0,49.0,40.0,813.0,83.0,161.0,0.516,0.0,0.0,0.0,83.0,161.0,0.516,0.516,25.0,47.0,0.532,83.0,198.0,281.0,27.0,22.0,17.0,51.0,127.0,191.0,0.0,11.1,0.526,0.0,0.292,12.1,28.3,20.3,5.5,1.5,1.7,21.9,13.5,0.1,1.3,1.4,0.082,-3.6,0.1,-3.5,-0.3,0.0,2012
340,Cory Higgins,11.1,1.4,4.2,0.325,0.1,0.5,0.2,1.3,3.7,0.343,0.338,1.1,1.6,0.7,0.2,0.7,0.9,0.9,0.1,0.2,1.0,1.1,3.9,0.0,0.0,1210.0,0.0,0.0,0.0,0.0,0.0,0.0,0.0,0.0,0.0,0.0,0.0,0.0,0.0,38.0,0.0,423.0,52.0,160.0,0.325,4.0,20.0,0.2,48.0,140.0,0.343,0.338,42.0,60.0,0.7,7.0,28.0,35.0,36.0,5.0,6.0,39.0,40.0,150.0,0.0,4.1,0.402,0.125,0.375,1.8,7.9,4.7,15.0,0.6,1.1,17.3,24.6,-1.2,-0.1,-1.3,-0.15,-6.6,-3.8,-10.4,-0.9,0.0,2012
341,A.J. Price,12.9,1.3,4.0,0.339,0.6,2.0,0.295,0.8,2.0,0.384,0.414,0.6,0.8,0.8,0.3,1.1,1.4,2.0,0.5,0.0,0.7,0.7,3.9,0.0,0.0,1210.0,0.0,0.0,0.0,0.0,0.0,0.0,0.0,0.0,0.0,0.0,0.0,0.0,0.0,44.0,1.0,568.0,59.0,174.0,0.339,26.0,88.0,0.295,33.0,86.0,0.384,0.414,28.0,35.0,0.8,13.0,48.0,61.0,86.0,20.0,2.0,32.0,30.0,172.0,0.0,11.5,0.454,0.506,0.201,2.6,9.4,6.0,23.9,1.9,0.3,14.5,17.7,0.2,0.5,0.7,0.063,-0.6,-0.5,-1.0,0.1,0.0,2012
342,Eric Dawson,9.8,1.8,3.0,0.583,0.0,0.0,0.0,1.8,3.0,0.583,0.583,0.3,0.5,0.5,1.3,1.3,2.5,0.0,0.3,0.5,0.8,1.5,3.8,0.0,0.0,1210.0,0.0,0.0,0.0,0.0,0.0,0.0,0.0,0.0,0.0,0.0,0.0,0.0,0.0,4.0,0.0,39.0,7.0,12.0,0.583,0.0,0.0,0.0,7.0,12.0,0.583,0.583,1.0,2.0,0.5,5.0,5.0,10.0,0.0,1.0,2.0,3.0,6.0,15.0,0.0,14.6,0.582,0.0,0.167,15.0,14.4,14.7,0.0,1.3,3.7,18.9,18.6,0.0,0.1,0.1,0.106,-3.2,-2.7,-5.9,0.0,0.0,2012
343,Chris Duhon,19.5,1.3,3.2,0.419,0.8,1.9,0.42,0.6,1.3,0.417,0.542,0.3,0.3,0.81,0.2,1.4,1.6,2.4,0.6,0.1,1.3,1.1,3.8,0.0,0.0,1210.0,0.0,0.0,0.0,0.0,0.0,0.0,0.0,0.0,0.0,0.0,0.0,0.0,0.0,63.0,9.0,1226.0,85.0,203.0,0.419,50.0,119.0,0.42,35.0,84.0,0.417,0.542,17.0,21.0,0.81,14.0,88.0,102.0,151.0,35.0,9.0,81.0,71.0,237.0,0.0,8.4,0.558,0.586,0.103,1.3,8.4,4.8,19.1,1.5,0.6,27.6,11.2,0.4,0.9,1.3,0.051,-2.4,0.6,-1.8,0.1,0.0,2012
344,Nolan Smith,12.3,1.5,4.1,0.372,0.3,1.0,0.289,1.2,3.1,0.4,0.408,0.5,0.6,0.714,0.4,0.9,1.3,1.4,0.4,0.1,1.0,1.3,3.8,0.0,0.0,1210.0,0.0,0.0,0.0,0.0,0.0,0.0,0.0,0.0,0.0,0.0,0.0,0.0,0.0,44.0,4.0,541.0,67.0,180.0,0.372,13.0,45.0,0.289,54.0,135.0,0.4,0.408,20.0,28.0,0.714,17.0,39.0,56.0,62.0,18.0,3.0,42.0,55.0,167.0,0.0,7.8,0.434,0.25,0.156,3.6,8.6,6.0,18.2,1.8,0.4,17.9,19.8,-0.6,0.3,-0.3,-0.029,-4.2,-1.3,-5.5,-0.5,0.0,2012
345,James Anderson,11.8,1.3,3.4,0.379,0.4,1.3,0.279,0.9,2.1,0.443,0.434,0.8,1.0,0.75,0.3,1.2,1.5,0.8,0.2,0.0,0.6,0.7,3.7,0.0,0.0,1210.0,0.0,0.0,0.0,0.0,0.0,0.0,0.0,0.0,0.0,0.0,0.0,0.0,0.0,51.0,2.0,603.0,66.0,174.0,0.379,19.0,68.0,0.279,47.0,106.0,0.443,0.434,39.0,52.0,0.75,16.0,63.0,79.0,41.0,8.0,2.0,30.0,35.0,190.0,0.0,8.8,0.483,0.391,0.299,3.1,11.8,7.5,9.6,0.7,0.2,13.2,17.2,0.1,0.4,0.5,0.04,-2.7,-1.4,-4.1,-0.3,0.0,2012
346,Jamaal Tinsley,13.7,1.5,3.8,0.404,0.3,1.0,0.27,1.3,2.8,0.452,0.44,0.4,0.5,0.765,0.2,1.1,1.2,3.3,0.5,0.2,1.4,1.3,3.7,0.0,0.0,1210.0,0.0,0.0,0.0,0.0,0.0,0.0,0.0,0.0,0.0,0.0,0.0,0.0,0.0,37.0,1.0,507.0,57.0,141.0,0.404,10.0,37.0,0.27,47.0,104.0,0.452,0.44,13.0,17.0,0.765,6.0,39.0,45.0,123.0,17.0,8.0,52.0,47.0,137.0,0.0,10.9,0.461,0.262,0.121,1.3,8.9,5.1,36.3,1.8,1.3,25.9,17.8,-0.2,0.3,0.1,0.006,-1.7,-1.5,-3.2,-0.2,0.0,2012
347,Elliot Williams,6.2,1.5,3.1,0.5,0.3,1.1,0.296,1.2,2.0,0.617,0.554,0.3,0.8,0.333,0.3,0.5,0.8,0.3,0.3,0.1,0.2,0.8,3.7,0.0,0.0,1210.0,0.0,0.0,0.0,0.0,0.0,0.0,0.0,0.0,0.0,0.0,0.0,0.0,0.0,24.0,0.0,149.0,37.0,74.0,0.5,8.0,27.0,0.296,29.0,47.0,0.617,0.554,6.0,18.0,0.333,7.0,12.0,19.0,6.0,6.0,3.0,5.0,18.0,88.0,0.0,18.8,0.537,0.365,0.243,5.4,9.6,7.4,8.0,2.1,1.6,5.8,26.7,0.2,0.1,0.3,0.105,0.7,-0.8,-0.1,0.1,0.0,2012
348,Sean Williams,9.7,1.3,2.0,0.636,0.0,0.0,0.0,1.3,2.0,0.636,0.636,1.1,1.2,0.923,1.2,1.1,2.3,0.5,0.4,0.7,0.9,1.6,3.6,0.0,0.0,1210.0,0.0,0.0,0.0,0.0,0.0,0.0,0.0,0.0,0.0,0.0,0.0,0.0,0.0,11.0,0.0,107.0,14.0,22.0,0.636,0.0,0.0,0.0,14.0,22.0,0.636,0.636,12.0,13.0,0.923,13.0,12.0,25.0,5.0,4.0,8.0,10.0,18.0,40.0,0.0,18.7,0.722,0.0,0.591,14.1,12.6,13.4,7.4,2.0,5.9,26.5,16.5,0.2,0.2,0.4,0.199,-2.1,2.4,0.4,0.1,0.0,2012
349,Lou Amundson,12.6,1.5,3.5,0.43,0.0,0.0,0.0,1.5,3.5,0.43,0.43,0.6,1.4,0.427,1.6,2.1,3.7,0.2,0.5,0.7,0.8,2.1,3.6,0.0,0.0,1210.0,0.0,0.0,0.0,0.0,0.0,0.0,0.0,0.0,0.0,0.0,0.0,0.0,0.0,60.0,0.0,753.0,89.0,207.0,0.43,0.0,0.0,0.0,89.0,207.0,0.43,0.43,35.0,82.0,0.427,94.0,128.0,222.0,14.0,27.0,44.0,45.0,125.0,213.0,0.0,11.5,0.438,0.0,0.396,14.1,19.0,16.6,3.0,1.9,4.6,15.6,17.3,-0.3,1.3,1.0,0.062,-4.0,0.1,-4.0,-0.4,0.0,2012
350,T.J. Ford,13.6,1.4,3.1,0.442,0.1,0.6,0.25,1.2,2.5,0.486,0.465,0.8,1.0,0.786,0.2,1.1,1.3,3.2,0.6,0.1,1.6,1.6,3.6,0.0,0.0,1210.0,0.0,0.0,0.0,0.0,0.0,0.0,0.0,0.0,0.0,0.0,0.0,0.0,0.0,14.0,0.0,191.0,19.0,43.0,0.442,2.0,8.0,0.25,17.0,35.0,0.486,0.465,11.0,14.0,0.786,3.0,15.0,18.0,45.0,9.0,2.0,23.0,23.0,51.0,0.0,11.0,0.519,0.186,0.326,1.8,8.8,5.4,32.7,2.4,0.8,31.9,17.2,0.0,0.2,0.2,0.053,-2.8,0.7,-2.0,0.0,0.0,2012
351,Terrel Harris,14.5,1.3,3.8,0.349,0.4,1.8,0.205,1.0,2.0,0.477,0.398,0.6,1.0,0.667,0.8,1.5,2.3,1.2,0.4,0.1,1.1,1.5,3.6,0.0,0.0,1210.0,0.0,0.0,0.0,0.0,0.0,0.0,0.0,0.0,0.0,0.0,0.0,0.0,0.0,22.0,1.0,318.0,29.0,83.0,0.349,8.0,39.0,0.205,21.0,44.0,0.477,0.398,14.0,21.0,0.667,18.0,33.0,51.0,26.0,9.0,2.0,25.0,34.0,80.0,0.0,6.7,0.434,0.47,0.253,7.0,11.9,9.6,12.2,1.5,0.5,21.3,17.1,-0.3,0.4,0.1,0.011,-4.4,-0.7,-5.1,-0.3,0.0,2012
352,James Jones,13.1,1.1,2.9,0.38,0.9,2.2,0.404,0.2,0.7,0.306,0.533,0.5,0.6,0.833,0.1,0.8,1.0,0.4,0.3,0.2,0.2,0.9,3.6,0.0,0.0,1210.0,0.0,0.0,0.0,0.0,0.0,0.0,0.0,0.0,0.0,0.0,0.0,0.0,0.0,51.0,10.0,666.0,57.0,150.0,0.38,46.0,114.0,0.404,11.0,36.0,0.306,0.533,25.0,30.0,0.833,6.0,43.0,49.0,19.0,17.0,9.0,10.0,45.0,185.0,0.0,9.7,0.567,0.76,0.2,1.1,7.4,4.4,4.2,1.3,1.1,5.8,12.1,0.9,0.7,1.7,0.12,-0.4,0.4,0.0,0.3,0.0,2012
353,Shelvin Mack,12.2,1.4,3.4,0.4,0.2,0.7,0.286,1.2,2.8,0.427,0.427,0.7,0.9,0.712,0.2,1.3,1.4,2.0,0.4,0.0,0.8,0.8,3.6,0.0,0.0,1210.0,0.0,0.0,0.0,0.0,0.0,0.0,0.0,0.0,0.0,0.0,0.0,0.0,0.0,64.0,0.0,779.0,88.0,220.0,0.4,12.0,42.0,0.286,76.0,178.0,0.427,0.427,42.0,59.0,0.712,12.0,80.0,92.0,131.0,28.0,2.0,48.0,50.0,230.0,0.0,11.9,0.468,0.191,0.268,1.7,11.7,6.7,26.0,1.9,0.2,16.3,16.9,0.2,0.5,0.7,0.042,-2.0,-0.7,-2.6,-0.1,0.0,2012
354,Ronnie Price,14.4,1.4,3.6,0.377,0.4,1.2,0.295,1.0,2.4,0.419,0.427,0.6,0.7,0.8,0.5,1.1,1.6,1.9,0.9,0.1,1.3,2.0,3.6,0.0,0.0,1210.0,0.0,0.0,0.0,0.0,0.0,0.0,0.0,0.0,0.0,0.0,0.0,0.0,0.0,36.0,8.0,517.0,49.0,130.0,0.377,13.0,44.0,0.295,36.0,86.0,0.419,0.427,20.0,25.0,0.8,18.0,38.0,56.0,67.0,34.0,3.0,46.0,72.0,131.0,0.0,8.4,0.465,0.338,0.192,4.0,8.2,6.1,18.7,3.4,0.4,24.6,16.4,-0.4,0.5,0.1,0.008,-4.7,1.5,-3.1,-0.2,0.0,2012
355,Larry Sanders,12.4,1.6,3.5,0.457,0.0,0.0,0.0,1.6,3.5,0.462,0.457,0.3,0.7,0.474,1.2,1.9,3.1,0.6,0.6,1.5,0.8,2.6,3.6,0.0,0.0,1210.0,0.0,0.0,0.0,0.0,0.0,0.0,0.0,0.0,0.0,0.0,0.0,0.0,0.0,52.0,0.0,643.0,84.0,184.0,0.457,0.0,2.0,0.0,84.0,182.0,0.462,0.457,18.0,38.0,0.474,62.0,98.0,160.0,33.0,32.0,76.0,43.0,133.0,186.0,0.0,13.3,0.463,0.011,0.207,10.3,17.3,13.7,7.8,2.5,8.9,17.6,16.7,-0.3,1.2,1.0,0.072,-5.0,3.1,-1.9,0.0,0.0,2012
356,Jerry Stackhouse,9.1,1.2,3.3,0.37,0.4,1.3,0.342,0.8,2.1,0.387,0.435,0.7,0.8,0.913,0.2,0.6,0.8,0.5,0.3,0.1,0.4,0.4,3.6,0.0,0.0,1210.0,0.0,0.0,0.0,0.0,0.0,0.0,0.0,0.0,0.0,0.0,0.0,0.0,0.0,30.0,0.0,273.0,37.0,100.0,0.37,13.0,38.0,0.342,24.0,62.0,0.387,0.435,21.0,23.0,0.913,6.0,17.0,23.0,14.0,10.0,3.0,13.0,12.0,108.0,0.0,11.5,0.49,0.38,0.23,2.6,7.2,4.9,8.3,1.9,0.8,10.6,21.2,0.0,0.3,0.3,0.06,-1.2,0.0,-1.3,0.0,0.0,2012
357,Mychel Thompson,19.0,1.4,4.8,0.292,0.8,2.2,0.364,0.6,2.6,0.231,0.375,0.0,0.0,0.0,0.0,1.0,1.0,1.4,0.4,0.2,1.0,1.6,3.6,0.0,0.0,1210.0,0.0,0.0,0.0,0.0,0.0,0.0,0.0,0.0,0.0,0.0,0.0,0.0,0.0,5.0,3.0,95.0,7.0,24.0,0.292,4.0,11.0,0.364,3.0,13.0,0.231,0.375,0.0,0.0,0.0,0.0,5.0,5.0,7.0,2.0,1.0,5.0,8.0,18.0,0.0,2.2,0.375,0.458,0.0,0.0,6.2,3.0,11.6,1.1,0.8,17.2,13.7,-0.2,0.0,-0.2,-0.079,-5.9,-1.1,-7.1,-0.1,0.0,2012
358,Courtney Fortson,9.5,1.1,3.2,0.344,0.3,1.3,0.231,0.8,1.9,0.421,0.391,1.0,1.5,0.667,0.6,0.9,1.5,1.0,0.3,0.0,1.0,0.5,3.5,0.0,0.0,1210.0,0.0,0.0,0.0,0.0,0.0,0.0,0.0,0.0,0.0,0.0,0.0,0.0,0.0,10.0,0.0,95.0,11.0,32.0,0.344,3.0,13.0,0.231,8.0,19.0,0.421,0.391,10.0,15.0,0.667,6.0,9.0,15.0,10.0,3.0,0.0,10.0,5.0,35.0,0.0,9.9,0.453,0.406,0.469,7.4,11.2,9.3,16.1,1.7,0.0,20.6,23.4,-0.1,0.1,0.0,-0.019,-2.9,-1.3,-4.3,-0.1,0.0,2012
359,Morris Almond,16.8,1.5,4.3,0.353,0.3,0.8,0.333,1.3,3.5,0.357,0.382,0.3,0.8,0.333,0.3,1.8,2.0,0.5,1.8,0.0,0.3,1.5,3.5,0.0,0.0,1210.0,0.0,0.0,0.0,0.0,0.0,0.0,0.0,0.0,0.0,0.0,0.0,0.0,0.0,4.0,0.0,67.0,6.0,17.0,0.353,1.0,3.0,0.333,5.0,14.0,0.357,0.382,1.0,3.0,0.333,1.0,7.0,8.0,2.0,7.0,0.0,1.0,6.0,14.0,0.0,8.7,0.382,0.176,0.176,1.7,11.9,6.7,4.4,5.4,0.0,5.2,12.9,-0.1,0.1,0.0,0.032,-6.0,4.2,-1.8,0.0,0.0,2012
360,Semih Erden,11.9,1.4,2.6,0.527,0.0,0.0,0.0,1.4,2.6,0.527,0.527,0.8,1.5,0.512,0.7,1.9,2.6,0.3,0.4,0.2,0.6,2.1,3.5,0.0,0.0,1210.0,0.0,0.0,0.0,0.0,0.0,0.0,0.0,0.0,0.0,0.0,0.0,0.0,0.0,28.0,9.0,333.0,39.0,74.0,0.527,0.0,0.0,0.0,39.0,74.0,0.527,0.527,21.0,41.0,0.512,20.0,52.0,72.0,9.0,10.0,5.0,16.0,60.0,99.0,0.0,9.9,0.538,0.0,0.554,6.6,18.5,12.3,4.6,1.6,1.1,14.8,14.6,0.2,0.2,0.4,0.057,-4.6,-0.2,-4.8,-0.2,0.0,2012
361,Dominic McGuire,17.6,1.5,3.3,0.448,0.0,0.1,0.0,1.5,3.2,0.456,0.448,0.6,0.8,0.736,1.1,2.7,3.8,1.7,0.7,0.6,0.9,1.6,3.5,0.0,0.0,1210.0,0.0,0.0,0.0,0.0,0.0,0.0,0.0,0.0,0.0,0.0,0.0,0.0,0.0,64.0,6.0,1127.0,94.0,210.0,0.448,0.0,4.0,0.0,94.0,206.0,0.456,0.448,39.0,53.0,0.736,73.0,173.0,246.0,110.0,44.0,36.0,56.0,104.0,227.0,0.0,11.8,0.486,0.019,0.252,7.4,17.4,12.4,14.0,2.0,2.5,19.4,11.8,0.6,0.9,1.5,0.062,-1.8,1.0,-0.8,0.3,0.0,2012
362,Edwin Ubiles,13.0,1.3,4.5,0.278,0.3,1.3,0.2,1.0,3.3,0.308,0.306,0.8,0.8,1.0,0.5,2.0,2.5,0.3,0.3,0.3,0.3,0.3,3.5,0.0,0.0,1210.0,0.0,0.0,0.0,0.0,0.0,0.0,0.0,0.0,0.0,0.0,0.0,0.0,0.0,4.0,0.0,52.0,5.0,18.0,0.278,1.0,5.0,0.2,4.0,13.0,0.308,0.306,3.0,3.0,1.0,2.0,8.0,10.0,1.0,1.0,1.0,1.0,1.0,14.0,0.0,7.3,0.362,0.278,0.167,4.3,17.5,10.9,2.9,1.0,1.5,4.9,17.5,-0.1,0.0,0.0,-0.026,-2.4,-1.5,-3.9,0.0,0.0,2012
363,Ryan Hollins,13.4,1.2,2.2,0.548,0.0,0.0,0.0,1.2,2.2,0.548,0.548,1.0,1.9,0.52,0.9,1.2,2.1,0.2,0.1,0.4,0.9,2.0,3.4,0.0,0.0,1210.0,0.0,0.0,0.0,0.0,0.0,0.0,0.0,0.0,0.0,0.0,0.0,0.0,0.0,39.0,8.0,522.0,46.0,84.0,0.548,0.0,0.0,0.0,46.0,84.0,0.548,0.548,39.0,75.0,0.52,34.0,48.0,82.0,9.0,5.0,17.0,35.0,78.0,131.0,0.0,6.9,0.56,0.0,0.893,7.4,10.7,9.0,2.7,0.5,2.5,23.0,13.4,-0.1,0.3,0.2,0.023,-5.9,-1.0,-6.9,-0.6,0.0,2012
364,Joel Anthony,21.1,1.3,2.4,0.559,0.0,0.0,0.0,1.3,2.4,0.559,0.559,0.8,1.1,0.69,1.6,2.3,3.9,0.1,0.6,1.3,0.7,2.0,3.4,0.0,0.0,1210.0,0.0,0.0,0.0,0.0,0.0,0.0,0.0,0.0,0.0,0.0,0.0,0.0,0.0,64.0,51.0,1349.0,85.0,152.0,0.559,0.0,0.0,0.0,85.0,152.0,0.559,0.559,49.0,71.0,0.69,100.0,150.0,250.0,9.0,36.0,84.0,45.0,126.0,219.0,0.0,10.3,0.598,0.0,0.467,9.2,12.8,11.1,1.0,1.4,5.1,19.7,7.8,1.2,2.2,3.4,0.122,-2.0,1.6,-0.5,0.5,0.0,2012
365,Mikki Moore,16.9,1.3,2.9,0.45,0.0,0.0,0.0,1.3,2.9,0.45,0.45,0.9,1.0,0.857,1.0,2.1,3.1,0.7,0.4,0.4,1.0,3.4,3.4,0.0,0.0,1210.0,0.0,0.0,0.0,0.0,0.0,0.0,0.0,0.0,0.0,0.0,0.0,0.0,0.0,7.0,0.0,118.0,9.0,20.0,0.45,0.0,0.0,0.0,9.0,20.0,0.45,0.45,6.0,7.0,0.857,7.0,15.0,22.0,5.0,3.0,3.0,7.0,24.0,24.0,0.0,6.3,0.52,0.0,0.35,6.8,14.4,10.6,6.0,1.3,1.9,23.3,11.8,0.0,0.1,0.1,0.022,-6.8,-0.1,-6.9,-0.1,0.0,2012
366,Sam Young,10.7,1.3,3.6,0.354,0.1,0.5,0.294,1.1,3.1,0.364,0.374,0.5,0.7,0.731,0.6,1.2,1.8,0.4,0.5,0.2,0.5,0.7,3.3,0.0,0.0,1210.0,0.0,0.0,0.0,0.0,0.0,0.0,0.0,0.0,0.0,0.0,0.0,0.0,0.0,35.0,2.0,375.0,45.0,127.0,0.354,5.0,17.0,0.294,40.0,110.0,0.364,0.374,19.0,26.0,0.731,20.0,42.0,62.0,15.0,17.0,6.0,16.0,23.0,114.0,0.0,9.7,0.412,0.134,0.205,6.0,13.1,9.5,6.2,2.4,1.2,10.4,18.9,-0.3,0.6,0.2,0.03,-2.9,0.6,-2.3,0.0,0.0,2012
367,Eric Bledsoe,11.6,1.2,3.2,0.389,0.2,0.8,0.2,1.1,2.4,0.448,0.413,0.7,1.1,0.636,0.6,1.1,1.6,1.7,0.8,0.4,1.2,1.5,3.3,0.0,0.0,1210.0,0.0,0.0,0.0,0.0,0.0,0.0,0.0,0.0,0.0,0.0,0.0,0.0,0.0,40.0,1.0,464.0,49.0,126.0,0.389,6.0,30.0,0.2,43.0,96.0,0.448,0.413,28.0,44.0,0.636,22.0,43.0,65.0,66.0,31.0,14.0,47.0,58.0,132.0,0.0,11.2,0.454,0.238,0.349,5.6,11.1,8.3,21.6,3.6,2.5,24.4,19.1,-0.4,0.6,0.2,0.022,-3.4,1.8,-1.6,0.0,0.0,2012
368,Malcolm Lee,12.8,1.2,3.1,0.39,0.1,0.5,0.2,1.1,2.6,0.429,0.407,0.7,0.9,0.824,0.5,0.9,1.4,1.6,0.4,0.2,0.9,1.2,3.3,0.0,0.0,1210.0,0.0,0.0,0.0,0.0,0.0,0.0,0.0,0.0,0.0,0.0,0.0,0.0,0.0,19.0,0.0,243.0,23.0,59.0,0.39,2.0,10.0,0.2,21.0,49.0,0.429,0.407,14.0,17.0,0.824,9.0,17.0,26.0,31.0,8.0,4.0,17.0,22.0,62.0,0.0,9.3,0.466,0.169,0.288,4.1,7.8,5.9,19.8,1.7,1.2,20.4,15.3,0.0,0.1,0.1,0.024,-3.5,-0.3,-3.8,-0.1,0.0,2012
369,Craig Smith,9.9,1.3,2.5,0.504,0.0,0.0,0.0,1.3,2.5,0.509,0.504,0.8,1.1,0.717,0.7,1.6,2.3,0.4,0.3,0.1,0.5,1.2,3.3,0.0,0.0,1210.0,0.0,0.0,0.0,0.0,0.0,0.0,0.0,0.0,0.0,0.0,0.0,0.0,0.0,47.0,0.0,464.0,59.0,117.0,0.504,0.0,1.0,0.0,59.0,116.0,0.509,0.504,38.0,53.0,0.717,33.0,77.0,110.0,19.0,16.0,5.0,24.0,55.0,156.0,0.0,13.6,0.556,0.009,0.453,8.1,19.8,13.8,6.6,1.8,0.8,14.6,16.2,0.6,0.4,1.0,0.105,-1.8,0.3,-1.5,0.1,0.0,2012
370,Solomon Jones,13.9,1.1,2.9,0.393,0.0,0.0,0.0,1.1,2.9,0.393,0.393,0.9,1.1,0.826,1.5,1.2,2.8,0.4,0.4,0.5,0.9,2.0,3.2,0.0,0.0,1210.0,0.0,0.0,0.0,0.0,0.0,0.0,0.0,0.0,0.0,0.0,0.0,0.0,0.0,21.0,1.0,292.0,24.0,61.0,0.393,0.0,0.0,0.0,24.0,61.0,0.393,0.393,19.0,23.0,0.826,32.0,26.0,58.0,9.0,9.0,11.0,18.0,43.0,67.0,0.0,9.1,0.471,0.0,0.377,13.1,10.5,11.8,4.9,1.7,3.1,20.2,14.4,0.0,0.3,0.3,0.042,-4.0,-0.1,-4.2,-0.2,0.0,2012
371,Rasual Butler,13.3,1.2,3.9,0.308,0.6,2.3,0.273,0.6,1.6,0.357,0.387,0.2,0.4,0.583,0.2,1.8,1.9,0.6,0.2,0.1,0.4,1.1,3.2,0.0,0.0,1210.0,0.0,0.0,0.0,0.0,0.0,0.0,0.0,0.0,0.0,0.0,0.0,0.0,0.0,34.0,14.0,453.0,41.0,133.0,0.308,21.0,77.0,0.273,20.0,56.0,0.357,0.387,7.0,12.0,0.583,6.0,60.0,66.0,19.0,7.0,5.0,15.0,39.0,110.0,0.0,4.8,0.398,0.579,0.09,1.6,15.4,8.5,6.8,0.8,0.9,9.8,15.9,-0.6,0.4,-0.2,-0.022,-3.9,-0.7,-4.6,-0.3,0.0,2012
372,Marquis Daniels,12.7,1.4,3.8,0.364,0.0,0.3,0.0,1.4,3.5,0.391,0.364,0.4,0.6,0.739,0.4,1.3,1.7,1.2,0.6,0.2,0.7,0.9,3.2,0.0,0.0,1210.0,0.0,0.0,0.0,0.0,0.0,0.0,0.0,0.0,0.0,0.0,0.0,0.0,0.0,38.0,0.0,484.0,52.0,143.0,0.364,0.0,10.0,0.0,52.0,133.0,0.391,0.364,17.0,23.0,0.739,16.0,50.0,66.0,47.0,21.0,9.0,28.0,36.0,121.0,0.0,8.1,0.395,0.07,0.161,4.1,11.6,8.0,15.5,2.3,1.4,15.5,18.0,-0.8,0.9,0.1,0.008,-4.5,1.4,-3.1,-0.1,0.0,2012
373,Chuck Hayes,19.2,1.4,3.1,0.429,0.0,0.0,0.0,1.4,3.1,0.435,0.429,0.5,0.7,0.667,1.3,3.0,4.3,1.4,0.7,0.3,0.9,2.1,3.2,0.0,0.0,1210.0,0.0,0.0,0.0,0.0,0.0,0.0,0.0,0.0,0.0,0.0,0.0,0.0,0.0,54.0,9.0,1039.0,73.0,170.0,0.429,0.0,2.0,0.0,73.0,168.0,0.435,0.429,26.0,39.0,0.667,72.0,162.0,234.0,77.0,36.0,17.0,50.0,111.0,172.0,0.0,8.9,0.459,0.012,0.229,7.3,18.0,12.4,10.4,1.8,1.2,21.1,9.9,0.1,0.5,0.6,0.028,-3.2,0.2,-3.0,-0.3,0.0,2012
374,JaJuan Johnson,8.3,1.5,3.4,0.446,0.0,0.0,0.0,1.5,3.4,0.446,0.446,0.2,0.3,0.667,0.6,1.1,1.6,0.2,0.1,0.4,0.4,0.7,3.2,0.0,0.0,1210.0,0.0,0.0,0.0,0.0,0.0,0.0,0.0,0.0,0.0,0.0,0.0,0.0,0.0,36.0,0.0,298.0,54.0,121.0,0.446,0.0,0.0,0.0,54.0,121.0,0.446,0.446,6.0,9.0,0.667,20.0,38.0,58.0,6.0,5.0,14.0,14.0,25.0,114.0,0.0,11.4,0.456,0.0,0.074,8.3,14.4,11.5,3.6,0.9,3.6,10.1,22.4,-0.3,0.5,0.2,0.032,-3.3,-0.6,-3.9,-0.1,0.0,2012
375,Troy Murphy,16.2,1.3,2.9,0.45,0.5,1.1,0.418,0.8,1.8,0.471,0.532,0.1,0.2,0.667,0.7,2.6,3.2,0.9,0.3,0.3,0.4,1.7,3.2,0.0,0.0,1210.0,0.0,0.0,0.0,0.0,0.0,0.0,0.0,0.0,0.0,0.0,0.0,0.0,0.0,59.0,0.0,956.0,77.0,171.0,0.45,28.0,67.0,0.418,49.0,104.0,0.471,0.532,6.0,9.0,0.667,40.0,151.0,191.0,51.0,15.0,16.0,26.0,98.0,188.0,0.0,9.0,0.537,0.392,0.053,4.9,16.9,11.2,7.9,0.8,1.2,12.9,9.6,0.8,0.9,1.7,0.088,-2.0,0.9,-1.1,0.2,0.0,2012
376,Damien Wilkins,15.4,1.3,3.2,0.394,0.1,0.4,0.304,1.2,2.8,0.406,0.412,0.6,0.9,0.63,0.4,1.3,1.7,0.7,0.5,0.2,0.5,1.4,3.2,0.0,0.0,1210.0,0.0,0.0,0.0,0.0,0.0,0.0,0.0,0.0,0.0,0.0,0.0,0.0,0.0,60.0,2.0,922.0,76.0,193.0,0.394,7.0,23.0,0.304,69.0,170.0,0.406,0.412,34.0,54.0,0.63,22.0,78.0,100.0,44.0,29.0,13.0,30.0,85.0,193.0,0.0,6.9,0.445,0.119,0.28,2.8,10.4,6.5,7.5,1.7,1.1,12.2,12.4,-0.2,0.6,0.4,0.019,-4.2,0.2,-4.0,-0.5,0.0,2012
377,Ömer Aşık,14.7,1.2,2.4,0.506,0.0,0.0,0.0,1.2,2.4,0.506,0.506,0.7,1.6,0.456,1.9,3.4,5.3,0.5,0.5,1.0,1.0,1.8,3.1,0.0,0.0,1210.0,0.0,0.0,0.0,0.0,0.0,0.0,0.0,0.0,0.0,0.0,0.0,0.0,0.0,66.0,2.0,971.0,79.0,156.0,0.506,0.0,0.0,0.0,79.0,156.0,0.506,0.506,47.0,103.0,0.456,127.0,223.0,350.0,32.0,30.0,68.0,68.0,121.0,205.0,0.0,13.4,0.509,0.0,0.66,14.9,25.1,20.1,4.8,1.7,5.0,25.2,12.6,0.1,2.5,2.6,0.129,-3.2,2.5,-0.7,0.3,0.0,2012
378,Reggie Jackson,11.1,1.1,3.5,0.321,0.3,1.4,0.21,0.8,2.2,0.392,0.362,0.6,0.6,0.862,0.3,0.9,1.2,1.6,0.6,0.0,0.8,0.7,3.1,0.0,0.0,1210.0,0.0,0.0,0.0,0.0,0.0,0.0,0.0,0.0,0.0,0.0,0.0,0.0,0.0,45.0,0.0,501.0,51.0,159.0,0.321,13.0,62.0,0.21,38.0,97.0,0.392,0.362,25.0,29.0,0.862,14.0,39.0,53.0,71.0,25.0,1.0,36.0,31.0,140.0,0.0,9.2,0.408,0.39,0.182,3.4,8.3,6.0,21.2,2.6,0.1,17.3,18.7,-0.4,0.5,0.1,0.011,-3.3,-0.3,-3.6,-0.2,0.0,2012
379,Ronny Turiaf,16.4,1.1,1.9,0.576,0.0,0.1,0.0,1.1,1.9,0.594,0.576,0.8,1.3,0.591,1.2,2.9,4.1,0.6,0.8,1.0,0.8,2.3,3.0,0.0,0.0,1210.0,0.0,0.0,0.0,0.0,0.0,0.0,0.0,0.0,0.0,0.0,0.0,0.0,0.0,17.0,5.0,279.0,19.0,33.0,0.576,0.0,1.0,0.0,19.0,32.0,0.594,0.576,13.0,22.0,0.591,20.0,50.0,70.0,10.0,14.0,17.0,14.0,39.0,51.0,0.0,12.3,0.597,0.03,0.667,8.9,20.6,14.8,5.1,2.6,4.9,24.7,9.4,0.2,0.6,0.8,0.137,-2.8,2.6,-0.2,0.1,0.0,2012
380,Renaldo Balkman,8.2,1.1,2.3,0.5,0.1,0.6,0.222,1.0,1.6,0.609,0.531,0.6,0.8,0.727,0.4,1.4,1.9,0.4,0.3,0.2,0.4,1.0,3.0,0.0,0.0,1210.0,0.0,0.0,0.0,0.0,0.0,0.0,0.0,0.0,0.0,0.0,0.0,0.0,0.0,14.0,0.0,115.0,16.0,32.0,0.5,2.0,9.0,0.222,14.0,23.0,0.609,0.531,8.0,11.0,0.727,6.0,20.0,26.0,5.0,4.0,3.0,6.0,14.0,42.0,0.0,14.3,0.57,0.281,0.344,6.0,20.3,13.1,7.2,1.8,2.1,14.0,16.7,0.1,0.2,0.3,0.142,-1.3,0.8,-0.5,0.0,0.0,2012
381,Dexter Pittman,8.6,1.3,2.7,0.468,0.0,0.0,0.0,1.3,2.7,0.468,0.468,0.5,0.8,0.643,0.8,1.3,2.0,0.3,0.2,0.2,0.5,2.1,3.0,0.0,0.0,1210.0,0.0,0.0,0.0,0.0,0.0,0.0,0.0,0.0,0.0,0.0,0.0,0.0,0.0,35.0,6.0,301.0,44.0,94.0,0.468,0.0,0.0,0.0,44.0,94.0,0.468,0.468,18.0,28.0,0.643,27.0,44.0,71.0,9.0,8.0,8.0,17.0,73.0,106.0,0.0,10.4,0.498,0.0,0.298,11.1,16.8,14.1,4.9,1.4,2.2,13.8,19.0,0.1,0.5,0.6,0.101,-5.9,-0.1,-6.0,-0.3,0.0,2012
382,Walker Russell,12.8,1.2,3.4,0.347,0.1,0.5,0.308,1.0,2.9,0.354,0.368,0.5,0.8,0.636,0.3,0.7,0.9,2.1,0.6,0.0,1.2,1.0,3.0,0.0,0.0,1210.0,0.0,0.0,0.0,0.0,0.0,0.0,0.0,0.0,0.0,0.0,0.0,0.0,0.0,28.0,0.0,357.0,33.0,95.0,0.347,4.0,13.0,0.308,29.0,82.0,0.354,0.368,14.0,22.0,0.636,7.0,19.0,26.0,58.0,18.0,1.0,33.0,29.0,84.0,0.0,7.2,0.401,0.137,0.232,2.3,6.6,4.4,26.0,2.7,0.2,24.0,17.8,-0.6,0.3,-0.4,-0.049,-4.6,-0.9,-5.5,-0.3,0.0,2012
383,Kurt Thomas,15.2,1.4,3.0,0.465,0.0,0.0,0.0,1.4,3.0,0.465,0.465,0.3,0.4,0.7,0.7,2.8,3.5,0.9,0.5,0.6,0.6,2.3,3.0,0.0,0.0,1210.0,0.0,0.0,0.0,0.0,0.0,0.0,0.0,0.0,0.0,0.0,0.0,0.0,0.0,53.0,3.0,803.0,73.0,157.0,0.465,0.0,0.0,0.0,73.0,157.0,0.465,0.465,14.0,20.0,0.7,39.0,149.0,188.0,46.0,24.0,31.0,31.0,123.0,160.0,0.0,9.5,0.483,0.0,0.127,5.5,22.1,13.7,8.7,1.6,3.0,15.8,11.2,0.2,0.9,1.1,0.067,-4.0,2.1,-1.9,0.0,0.0,2012
384,Earl Watson,20.7,1.1,3.2,0.338,0.2,1.0,0.192,0.9,2.2,0.407,0.369,0.6,0.9,0.674,0.6,1.8,2.4,4.3,1.1,0.4,1.7,2.1,3.0,0.0,0.0,1210.0,0.0,0.0,0.0,0.0,0.0,0.0,0.0,0.0,0.0,0.0,0.0,0.0,0.0,50.0,2.0,1033.0,54.0,160.0,0.338,10.0,52.0,0.192,44.0,108.0,0.407,0.369,31.0,46.0,0.674,30.0,91.0,121.0,217.0,54.0,22.0,85.0,105.0,149.0,0.0,9.5,0.413,0.325,0.288,3.3,10.2,6.7,28.9,2.7,1.7,32.0,11.5,-0.6,0.9,0.4,0.018,-2.6,1.2,-1.4,0.2,0.0,2012
385,Josh Childress,14.4,1.4,2.9,0.485,0.1,0.7,0.167,1.3,2.2,0.587,0.505,0.0,0.1,0.0,0.9,1.9,2.8,1.0,0.4,0.2,0.3,1.1,2.9,0.0,0.0,1210.0,0.0,0.0,0.0,0.0,0.0,0.0,0.0,0.0,0.0,0.0,0.0,0.0,0.0,34.0,0.0,491.0,48.0,99.0,0.485,4.0,24.0,0.167,44.0,75.0,0.587,0.505,0.0,2.0,0.0,31.0,64.0,95.0,34.0,14.0,6.0,9.0,38.0,100.0,0.0,11.1,0.501,0.242,0.02,7.2,14.6,10.9,10.0,1.5,0.9,8.3,10.1,0.6,0.4,0.9,0.092,-1.0,0.7,-0.2,0.2,0.0,2012
386,Luke Harangody,11.0,1.1,3.1,0.354,0.2,1.0,0.238,0.9,2.1,0.409,0.392,0.4,0.6,0.75,1.0,1.6,2.5,0.3,0.3,0.1,0.2,0.8,2.9,0.0,0.0,1210.0,0.0,0.0,0.0,0.0,0.0,0.0,0.0,0.0,0.0,0.0,0.0,0.0,0.0,21.0,1.0,231.0,23.0,65.0,0.354,5.0,21.0,0.238,18.0,44.0,0.409,0.392,9.0,12.0,0.75,20.0,33.0,53.0,6.0,6.0,3.0,4.0,17.0,60.0,0.0,10.4,0.427,0.323,0.185,9.5,16.9,13.0,4.3,1.4,1.0,5.4,14.5,0.1,0.1,0.2,0.046,-1.3,-1.6,-3.0,-0.1,0.0,2012
387,E'Twaun Moore,8.7,1.1,3.0,0.381,0.4,1.2,0.378,0.7,1.8,0.382,0.456,0.2,0.2,1.0,0.1,0.8,0.9,0.9,0.3,0.1,0.6,0.9,2.9,0.0,0.0,1210.0,0.0,0.0,0.0,0.0,0.0,0.0,0.0,0.0,0.0,0.0,0.0,0.0,0.0,38.0,0.0,331.0,43.0,113.0,0.381,17.0,45.0,0.378,26.0,68.0,0.382,0.456,7.0,7.0,1.0,4.0,29.0,33.0,34.0,11.0,3.0,21.0,33.0,110.0,0.0,8.8,0.474,0.398,0.062,1.5,9.9,5.9,17.0,1.8,0.7,15.3,19.9,-0.3,0.5,0.2,0.031,-3.3,0.9,-2.4,0.0,0.0,2012
388,Jeremy Pargo,9.6,1.1,3.4,0.333,0.2,0.9,0.263,0.9,2.5,0.357,0.367,0.4,0.6,0.593,0.3,0.6,0.8,1.3,0.3,0.0,1.0,1.0,2.9,0.0,0.0,1210.0,0.0,0.0,0.0,0.0,0.0,0.0,0.0,0.0,0.0,0.0,0.0,0.0,0.0,44.0,5.0,424.0,50.0,150.0,0.333,10.0,38.0,0.263,40.0,112.0,0.357,0.367,16.0,27.0,0.593,12.0,25.0,37.0,55.0,15.0,0.0,46.0,46.0,126.0,0.0,4.4,0.389,0.253,0.18,3.2,7.0,5.1,20.2,1.9,0.0,22.1,22.2,-1.1,0.4,-0.8,-0.085,-6.1,-1.5,-7.6,-0.6,0.0,2012
389,Bobby Simmons,14.9,1.0,3.2,0.311,0.7,2.1,0.333,0.3,1.1,0.267,0.422,0.1,0.3,0.571,0.6,1.4,2.0,0.4,0.5,0.1,0.4,1.5,2.9,0.0,0.0,1210.0,0.0,0.0,0.0,0.0,0.0,0.0,0.0,0.0,0.0,0.0,0.0,0.0,0.0,28.0,0.0,418.0,28.0,90.0,0.311,20.0,60.0,0.333,8.0,30.0,0.267,0.422,4.0,7.0,0.571,17.0,38.0,55.0,11.0,15.0,3.0,10.0,41.0,80.0,0.0,6.0,0.43,0.667,0.078,4.8,10.9,7.8,3.8,1.9,0.6,9.7,11.4,0.0,0.3,0.3,0.029,-3.3,-0.3,-3.6,-0.2,0.0,2012
390,DeShawn Stevenson,18.8,1.0,3.4,0.285,0.8,2.8,0.283,0.2,0.5,0.296,0.404,0.2,0.3,0.563,0.1,1.8,2.0,0.8,0.4,0.1,0.4,1.2,2.9,0.0,0.0,1210.0,0.0,0.0,0.0,0.0,0.0,0.0,0.0,0.0,0.0,0.0,0.0,0.0,0.0,51.0,30.0,960.0,49.0,172.0,0.285,41.0,145.0,0.283,8.0,27.0,0.296,0.404,9.0,16.0,0.563,7.0,94.0,101.0,41.0,19.0,4.0,19.0,59.0,148.0,0.0,4.3,0.413,0.843,0.093,0.8,11.7,6.1,6.5,1.1,0.3,9.6,9.4,-0.3,0.1,-0.3,-0.014,-3.9,-0.6,-4.4,-0.6,0.0,2012
391,Greg Stiemsma,13.9,1.2,2.2,0.545,0.0,0.0,0.0,1.2,2.2,0.545,0.545,0.5,0.7,0.707,0.9,2.3,3.2,0.5,0.7,1.5,0.6,2.6,2.9,0.0,0.0,1210.0,0.0,0.0,0.0,0.0,0.0,0.0,0.0,0.0,0.0,0.0,0.0,0.0,0.0,55.0,3.0,766.0,66.0,121.0,0.545,0.0,0.0,0.0,66.0,121.0,0.545,0.545,29.0,41.0,0.707,48.0,129.0,177.0,28.0,37.0,85.0,33.0,144.0,161.0,0.0,13.6,0.579,0.0,0.339,7.7,19.0,13.6,5.6,2.6,8.5,19.2,10.8,0.6,2.2,2.7,0.17,-4.0,5.5,1.4,0.7,0.0,2012
392,Chris Wright,7.8,1.0,1.9,0.511,0.0,0.0,0.0,1.0,1.9,0.511,0.511,1.0,1.3,0.774,0.8,1.1,1.9,0.2,0.3,0.5,0.3,0.9,2.9,0.0,0.0,1210.0,0.0,0.0,0.0,0.0,0.0,0.0,0.0,0.0,0.0,0.0,0.0,0.0,0.0,24.0,1.0,186.0,23.0,45.0,0.511,0.0,0.0,0.0,23.0,45.0,0.511,0.511,24.0,31.0,0.774,19.0,26.0,45.0,4.0,7.0,13.0,8.0,22.0,70.0,0.0,18.6,0.597,0.0,0.689,11.6,15.8,13.7,3.3,2.0,5.4,12.0,16.5,0.5,0.2,0.6,0.163,0.0,0.1,0.0,0.1,0.0,2012
393,Ish Smith,9.0,1.2,3.1,0.383,0.1,0.3,0.333,1.1,2.8,0.389,0.401,0.3,0.4,0.7,0.3,1.1,1.3,1.6,0.6,0.1,0.5,0.6,2.8,0.0,0.0,1210.0,0.0,0.0,0.0,0.0,0.0,0.0,0.0,0.0,0.0,0.0,0.0,0.0,0.0,26.0,1.0,234.0,31.0,81.0,0.383,3.0,9.0,0.333,28.0,72.0,0.389,0.401,7.0,10.0,0.7,7.0,28.0,35.0,41.0,15.0,2.0,13.0,15.0,72.0,0.0,14.1,0.422,0.111,0.123,3.4,13.9,8.6,29.2,3.4,0.7,13.2,19.6,0.0,0.3,0.3,0.062,-1.9,2.0,0.1,0.1,0.0,2012
394,Josh McRoberts,14.4,1.1,2.4,0.475,0.1,0.1,0.429,1.1,2.2,0.477,0.487,0.5,0.7,0.639,1.2,2.2,3.4,1.0,0.3,0.4,0.6,1.5,2.8,0.0,0.0,1210.0,0.0,0.0,0.0,0.0,0.0,0.0,0.0,0.0,0.0,0.0,0.0,0.0,0.0,50.0,6.0,718.0,56.0,118.0,0.475,3.0,7.0,0.429,53.0,111.0,0.477,0.487,23.0,36.0,0.639,61.0,110.0,171.0,51.0,15.0,18.0,31.0,74.0,138.0,0.0,10.9,0.516,0.059,0.305,9.9,16.4,13.3,10.5,1.1,1.8,18.8,10.5,0.6,0.8,1.4,0.095,-2.1,0.7,-1.4,0.1,0.0,2012
395,Daniel Orton,11.7,1.1,1.9,0.567,0.0,0.1,0.0,1.1,1.8,0.586,0.567,0.7,1.6,0.44,1.2,1.3,2.4,0.3,0.5,0.6,0.4,1.9,2.8,0.0,0.0,1210.0,0.0,0.0,0.0,0.0,0.0,0.0,0.0,0.0,0.0,0.0,0.0,0.0,0.0,16.0,2.0,187.0,17.0,30.0,0.567,0.0,1.0,0.0,17.0,29.0,0.586,0.567,11.0,25.0,0.44,19.0,20.0,39.0,5.0,8.0,9.0,7.0,30.0,45.0,0.0,12.7,0.549,0.033,0.833,11.6,12.5,12.0,4.3,2.3,3.8,14.6,12.0,0.2,0.3,0.5,0.129,-3.6,0.6,-3.0,0.0,0.0,2012
396,Matt Carroll,11.2,1.0,3.0,0.331,0.2,0.8,0.186,0.8,2.2,0.386,0.357,0.6,0.7,0.789,0.2,0.9,1.1,0.7,0.3,0.1,0.5,1.0,2.7,0.0,0.0,1210.0,0.0,0.0,0.0,0.0,0.0,0.0,0.0,0.0,0.0,0.0,0.0,0.0,0.0,53.0,2.0,596.0,52.0,157.0,0.331,8.0,43.0,0.186,44.0,114.0,0.386,0.357,30.0,38.0,0.789,8.0,50.0,58.0,38.0,16.0,7.0,24.0,52.0,142.0,0.0,5.6,0.409,0.274,0.242,1.5,10.0,5.6,10.6,1.4,0.9,12.1,15.3,-0.7,0.1,-0.6,-0.051,-5.9,-1.5,-7.4,-0.8,0.0,2012
397,Earl Clark,12.4,1.1,3.1,0.367,0.0,0.0,0.0,1.1,3.1,0.367,0.367,0.5,0.6,0.724,0.8,2.0,2.8,0.4,0.3,0.7,0.6,1.6,2.7,0.0,0.0,1210.0,0.0,0.0,0.0,0.0,0.0,0.0,0.0,0.0,0.0,0.0,0.0,0.0,0.0,45.0,1.0,559.0,51.0,139.0,0.367,0.0,0.0,0.0,51.0,139.0,0.367,0.367,21.0,29.0,0.724,35.0,89.0,124.0,18.0,12.0,32.0,25.0,72.0,123.0,0.0,8.1,0.405,0.0,0.209,7.1,18.6,12.8,5.2,1.2,4.5,14.1,14.8,-0.5,0.8,0.3,0.027,-5.6,0.7,-4.9,-0.4,0.0,2012
398,Kyrylo Fesenko,5.7,0.7,1.7,0.4,0.0,0.0,0.0,0.7,1.7,0.4,0.4,1.3,2.0,0.667,0.7,2.3,3.0,0.3,0.7,0.0,0.0,0.7,2.7,0.0,0.0,1210.0,0.0,0.0,0.0,0.0,0.0,0.0,0.0,0.0,0.0,0.0,0.0,0.0,0.0,3.0,0.0,17.0,2.0,5.0,0.4,0.0,0.0,0.0,2.0,5.0,0.4,0.4,4.0,6.0,0.667,2.0,7.0,9.0,1.0,2.0,0.0,0.0,2.0,8.0,0.0,29.8,0.524,0.0,1.2,13.3,46.0,29.8,9.5,6.2,0.0,0.0,20.4,0.1,0.1,0.1,0.374,4.7,3.6,8.4,0.0,0.0,2012
399,Dominique Jones,8.1,0.9,2.2,0.397,0.0,0.2,0.125,0.8,2.0,0.431,0.404,0.9,1.1,0.784,0.3,1.1,1.3,1.3,0.3,0.2,0.8,0.8,2.7,0.0,0.0,1210.0,0.0,0.0,0.0,0.0,0.0,0.0,0.0,0.0,0.0,0.0,0.0,0.0,0.0,33.0,1.0,268.0,29.0,73.0,0.397,1.0,8.0,0.125,28.0,65.0,0.431,0.404,29.0,37.0,0.784,9.0,35.0,44.0,42.0,10.0,5.0,28.0,28.0,88.0,0.0,11.8,0.493,0.11,0.507,3.8,14.6,9.2,24.6,2.0,1.5,23.9,20.3,-0.1,0.4,0.2,0.044,-3.1,1.2,-1.9,0.0,0.0,2012
400,Nazr Mohammed,11.0,1.3,2.7,0.467,0.0,0.0,0.0,1.3,2.7,0.47,0.467,0.2,0.4,0.565,0.9,1.8,2.7,0.2,0.3,0.6,0.4,1.6,2.7,0.0,0.0,1210.0,0.0,0.0,0.0,0.0,0.0,0.0,0.0,0.0,0.0,0.0,0.0,0.0,0.0,63.0,1.0,692.0,79.0,169.0,0.467,0.0,1.0,0.0,79.0,168.0,0.47,0.467,13.0,23.0,0.565,59.0,111.0,170.0,14.0,20.0,37.0,26.0,101.0,171.0,0.0,11.0,0.477,0.006,0.136,10.4,17.1,14.0,3.1,1.5,3.9,12.7,13.4,0.3,1.0,1.3,0.09,-3.0,0.7,-2.4,-0.1,0.0,2012
401,Sasha Pavlović,11.7,1.1,2.8,0.391,0.4,1.3,0.293,0.7,1.6,0.471,0.457,0.1,0.2,0.375,0.1,1.5,1.6,0.4,0.4,0.3,0.4,1.2,2.7,0.0,0.0,1210.0,0.0,0.0,0.0,0.0,0.0,0.0,0.0,0.0,0.0,0.0,0.0,0.0,0.0,45.0,7.0,527.0,50.0,128.0,0.391,17.0,58.0,0.293,33.0,70.0,0.471,0.457,3.0,8.0,0.375,4.0,68.0,72.0,18.0,20.0,15.0,20.0,54.0,120.0,0.0,6.7,0.456,0.453,0.063,0.9,14.5,8.0,5.3,2.0,2.2,13.2,13.8,-0.6,1.0,0.4,0.039,-4.4,2.1,-2.3,0.0,0.0,2012
402,Jeff Adrien,7.9,0.9,2.0,0.438,0.0,0.0,0.0,0.9,2.0,0.438,0.438,0.9,1.5,0.583,0.6,2.1,2.8,0.1,0.0,0.3,0.3,1.6,2.6,0.0,0.0,1210.0,0.0,0.0,0.0,0.0,0.0,0.0,0.0,0.0,0.0,0.0,0.0,0.0,0.0,8.0,0.0,63.0,7.0,16.0,0.438,0.0,0.0,0.0,7.0,16.0,0.438,0.438,7.0,12.0,0.583,5.0,17.0,22.0,1.0,0.0,2.0,2.0,13.0,21.0,0.0,11.2,0.493,0.0,0.75,9.1,31.6,20.3,2.4,0.0,2.4,8.6,16.8,0.1,0.1,0.1,0.106,-4.0,-0.2,-4.3,0.0,0.0,2012
403,Mike Bibby,14.3,0.9,3.2,0.282,0.7,2.2,0.318,0.2,1.0,0.205,0.391,0.2,0.2,0.75,0.1,1.4,1.5,2.1,0.5,0.1,0.5,1.2,2.6,0.0,0.0,1210.0,0.0,0.0,0.0,0.0,0.0,0.0,0.0,0.0,0.0,0.0,0.0,0.0,0.0,39.0,4.0,557.0,35.0,124.0,0.282,27.0,85.0,0.318,8.0,39.0,0.205,0.391,6.0,8.0,0.75,5.0,54.0,59.0,80.0,21.0,3.0,20.0,45.0,103.0,0.0,7.8,0.404,0.685,0.065,1.0,11.3,6.1,21.2,1.9,0.4,13.6,11.9,0.0,0.7,0.7,0.061,-2.9,1.0,-1.9,0.0,0.0,2012
404,Jimmy Butler,8.5,0.8,1.9,0.405,0.0,0.3,0.182,0.7,1.6,0.441,0.418,1.0,1.3,0.768,0.5,0.8,1.3,0.3,0.3,0.1,0.3,0.5,2.6,0.0,0.0,1210.0,0.0,0.0,0.0,0.0,0.0,0.0,0.0,0.0,0.0,0.0,0.0,0.0,0.0,42.0,0.0,359.0,32.0,79.0,0.405,2.0,11.0,0.182,30.0,68.0,0.441,0.418,43.0,56.0,0.768,23.0,33.0,56.0,14.0,11.0,5.0,14.0,20.0,109.0,0.0,12.5,0.526,0.139,0.709,7.3,10.1,8.7,5.7,1.6,1.0,11.9,14.9,0.5,0.6,1.1,0.144,-1.8,0.5,-1.3,0.1,0.0,2012
405,Yi Jianlian,6.8,1.0,2.7,0.378,0.1,0.3,0.3,0.9,2.4,0.389,0.396,0.5,0.7,0.667,0.4,1.2,1.6,0.2,0.2,0.3,0.5,0.8,2.6,0.0,0.0,1210.0,0.0,0.0,0.0,0.0,0.0,0.0,0.0,0.0,0.0,0.0,0.0,0.0,0.0,30.0,0.0,203.0,31.0,82.0,0.378,3.0,10.0,0.3,28.0,72.0,0.389,0.396,14.0,21.0,0.667,12.0,37.0,49.0,5.0,7.0,8.0,14.0,23.0,79.0,0.0,10.4,0.433,0.122,0.256,6.7,20.3,13.6,4.1,1.8,3.1,13.3,24.1,-0.3,0.3,0.0,-0.003,-5.4,-0.3,-5.7,-0.2,0.0,2012
406,Eduardo Nájera,12.3,1.1,2.9,0.375,0.4,1.3,0.276,0.7,1.6,0.457,0.438,0.1,0.2,0.5,0.5,1.8,2.3,0.5,0.9,0.2,0.3,1.8,2.6,0.0,0.0,1210.0,0.0,0.0,0.0,0.0,0.0,0.0,0.0,0.0,0.0,0.0,0.0,0.0,0.0,22.0,0.0,270.0,24.0,64.0,0.375,8.0,29.0,0.276,16.0,35.0,0.457,0.438,2.0,4.0,0.5,11.0,39.0,50.0,12.0,19.0,4.0,7.0,40.0,58.0,0.0,9.3,0.441,0.453,0.063,4.5,17.2,10.6,7.4,3.7,1.1,9.6,12.4,-0.1,0.3,0.2,0.035,-4.6,1.8,-2.9,-0.1,0.0,2012
407,Brian Cook,8.6,1.0,3.1,0.316,0.3,1.6,0.2,0.7,1.5,0.438,0.367,0.3,0.3,0.9,0.3,1.7,2.0,0.3,0.2,0.2,0.3,1.5,2.5,0.0,0.0,1210.0,0.0,0.0,0.0,0.0,0.0,0.0,0.0,0.0,0.0,0.0,0.0,0.0,0.0,32.0,0.0,276.0,31.0,98.0,0.316,10.0,50.0,0.2,21.0,48.0,0.438,0.367,9.0,10.0,0.9,10.0,53.0,63.0,10.0,6.0,5.0,11.0,48.0,81.0,0.0,5.8,0.396,0.51,0.102,4.1,22.3,13.1,5.7,1.1,1.5,9.7,18.7,-0.3,0.3,-0.1,-0.011,-6.2,-1.4,-7.6,-0.4,0.0,2012
408,Blake Ahearn,7.5,1.0,3.5,0.286,0.5,2.3,0.222,0.5,1.3,0.4,0.357,0.0,0.0,0.0,0.0,0.5,0.5,0.3,0.0,0.0,1.3,1.0,2.5,0.0,0.0,1210.0,0.0,0.0,0.0,0.0,0.0,0.0,0.0,0.0,0.0,0.0,0.0,0.0,0.0,4.0,0.0,30.0,4.0,14.0,0.286,2.0,9.0,0.222,2.0,5.0,0.4,0.357,0.0,0.0,0.0,0.0,2.0,2.0,1.0,0.0,0.0,5.0,4.0,10.0,0.0,-7.3,0.357,0.643,0.0,0.0,7.7,3.8,5.2,0.0,0.0,26.3,28.4,-0.2,0.0,-0.2,-0.315,-12.7,-6.8,-19.5,-0.1,0.0,2012
409,Lance Stephenson,10.5,1.1,3.0,0.376,0.1,0.7,0.133,1.0,2.3,0.453,0.392,0.2,0.4,0.471,0.3,1.0,1.3,1.1,0.5,0.1,0.9,0.7,2.5,0.0,0.0,1210.0,0.0,0.0,0.0,0.0,0.0,0.0,0.0,0.0,0.0,0.0,0.0,0.0,0.0,42.0,1.0,442.0,47.0,125.0,0.376,4.0,30.0,0.133,43.0,95.0,0.453,0.392,8.0,17.0,0.471,12.0,41.0,53.0,46.0,21.0,5.0,36.0,30.0,106.0,0.0,7.0,0.4,0.24,0.136,3.1,10.4,6.7,16.5,2.5,0.9,21.4,17.3,-0.8,0.5,-0.3,-0.031,-4.3,0.6,-3.7,-0.2,0.0,2012
410,Christian Eyenga,14.6,0.9,3.6,0.24,0.1,0.4,0.333,0.7,3.1,0.227,0.26,0.6,1.1,0.5,0.6,1.4,2.0,0.7,0.4,0.7,0.4,1.0,2.4,0.0,0.0,1210.0,0.0,0.0,0.0,0.0,0.0,0.0,0.0,0.0,0.0,0.0,0.0,0.0,0.0,7.0,0.0,102.0,6.0,25.0,0.24,1.0,3.0,0.333,5.0,22.0,0.227,0.26,4.0,8.0,0.5,4.0,10.0,14.0,5.0,3.0,5.0,3.0,7.0,17.0,0.0,4.8,0.298,0.12,0.32,4.4,11.5,7.8,7.5,1.5,3.7,9.5,14.0,-0.2,0.1,-0.1,-0.061,-5.1,-0.4,-5.6,-0.1,0.0,2012
411,Solomon Alabi,8.7,0.9,2.6,0.361,0.0,0.0,0.0,0.9,2.6,0.361,0.361,0.5,0.6,0.875,1.1,2.3,3.4,0.2,0.1,0.6,0.4,0.8,2.4,0.0,0.0,1210.0,0.0,0.0,0.0,0.0,0.0,0.0,0.0,0.0,0.0,0.0,0.0,0.0,0.0,14.0,0.0,122.0,13.0,36.0,0.361,0.0,0.0,0.0,13.0,36.0,0.361,0.361,7.0,8.0,0.875,15.0,32.0,47.0,3.0,2.0,9.0,5.0,11.0,33.0,0.0,14.2,0.418,0.0,0.222,14.6,30.4,22.6,4.1,0.9,6.0,11.2,17.2,0.0,0.2,0.2,0.083,-2.9,0.7,-2.2,0.0,0.0,2012
412,Darius Morris,8.9,0.9,2.2,0.429,0.2,0.5,0.444,0.7,1.7,0.424,0.476,0.3,0.5,0.667,0.1,0.7,0.8,1.1,0.1,0.0,1.0,0.8,2.4,0.0,0.0,1210.0,0.0,0.0,0.0,0.0,0.0,0.0,0.0,0.0,0.0,0.0,0.0,0.0,0.0,19.0,0.0,169.0,18.0,42.0,0.429,4.0,9.0,0.444,14.0,33.0,0.424,0.476,6.0,9.0,0.667,2.0,14.0,16.0,21.0,2.0,0.0,19.0,16.0,46.0,0.0,5.2,0.5,0.214,0.214,1.4,8.8,5.3,19.1,0.6,0.0,29.2,17.6,-0.2,0.1,-0.2,-0.045,-5.8,-2.0,-7.8,-0.2,0.0,2012
413,Marcus Morris,7.4,0.9,3.2,0.296,0.1,1.0,0.118,0.8,2.2,0.378,0.315,0.4,0.5,0.75,0.3,0.6,0.9,0.2,0.1,0.1,0.2,0.7,2.4,0.0,0.0,1210.0,0.0,0.0,0.0,0.0,0.0,0.0,0.0,0.0,0.0,0.0,0.0,0.0,0.0,17.0,0.0,126.0,16.0,54.0,0.296,2.0,17.0,0.118,14.0,37.0,0.378,0.315,6.0,8.0,0.75,5.0,11.0,16.0,3.0,2.0,2.0,4.0,12.0,40.0,0.0,3.8,0.348,0.315,0.148,4.6,10.2,7.4,3.7,0.8,1.2,6.5,22.2,-0.3,0.1,-0.2,-0.083,-6.6,-2.7,-9.3,-0.2,0.0,2012
414,Trey Thompkins,5.0,1.0,2.5,0.393,0.2,0.5,0.308,0.8,2.0,0.417,0.426,0.2,0.3,0.714,0.2,0.8,1.0,0.1,0.1,0.1,0.3,0.4,2.4,0.0,0.0,1210.0,0.0,0.0,0.0,0.0,0.0,0.0,0.0,0.0,0.0,0.0,0.0,0.0,0.0,24.0,0.0,119.0,24.0,61.0,0.393,4.0,13.0,0.308,20.0,48.0,0.417,0.426,5.0,7.0,0.714,4.0,20.0,24.0,3.0,3.0,3.0,6.0,10.0,57.0,0.0,12.0,0.445,0.213,0.115,4.0,20.2,12.0,4.5,1.4,2.1,8.6,27.2,-0.1,0.1,0.0,0.004,-3.2,-2.5,-5.7,-0.1,0.0,2012
415,Kelenna Azubuike,6.0,1.0,2.7,0.375,0.3,1.0,0.333,0.7,1.7,0.4,0.438,0.0,0.0,0.0,0.0,0.0,0.0,0.0,0.3,0.0,1.3,0.3,2.3,0.0,0.0,1210.0,0.0,0.0,0.0,0.0,0.0,0.0,0.0,0.0,0.0,0.0,0.0,0.0,0.0,3.0,0.0,18.0,3.0,8.0,0.375,1.0,3.0,0.333,2.0,5.0,0.4,0.438,0.0,0.0,0.0,0.0,0.0,0.0,0.0,1.0,0.0,4.0,1.0,7.0,0.0,-3.4,0.438,0.375,0.0,0.0,0.0,0.0,0.0,2.9,0.0,33.3,30.9,-0.1,0.0,-0.1,-0.325,-10.3,-3.7,-14.0,-0.1,0.0,2012
416,Jeff Foster,12.8,0.8,1.6,0.5,0.1,0.1,1.0,0.7,1.5,0.471,0.528,0.5,0.8,0.667,1.6,2.2,3.8,0.4,0.7,0.1,0.6,2.4,2.3,0.0,0.0,1210.0,0.0,0.0,0.0,0.0,0.0,0.0,0.0,0.0,0.0,0.0,0.0,0.0,0.0,11.0,0.0,141.0,9.0,18.0,0.5,1.0,1.0,1.0,8.0,17.0,0.471,0.528,6.0,9.0,0.667,18.0,24.0,42.0,4.0,8.0,1.0,7.0,26.0,25.0,0.0,11.1,0.569,0.056,0.5,14.5,19.0,16.7,4.2,3.0,0.6,24.2,9.3,0.2,0.2,0.4,0.134,-2.2,1.6,-0.6,0.1,0.0,2012
417,Ryan Gomes,13.3,1.0,3.0,0.326,0.1,0.9,0.138,0.8,2.1,0.409,0.347,0.3,0.3,0.727,0.4,1.5,1.9,0.4,0.5,0.0,0.5,1.1,2.3,0.0,0.0,1210.0,0.0,0.0,0.0,0.0,0.0,0.0,0.0,0.0,0.0,0.0,0.0,0.0,0.0,32.0,2.0,425.0,31.0,95.0,0.326,4.0,29.0,0.138,27.0,66.0,0.409,0.347,8.0,11.0,0.727,14.0,47.0,61.0,12.0,16.0,0.0,15.0,34.0,74.0,0.0,4.4,0.371,0.305,0.116,3.9,13.3,8.5,4.1,2.0,0.0,13.1,12.5,-0.5,0.3,-0.2,-0.021,-5.3,-0.7,-6.0,-0.4,0.0,2012
418,Brad Miller,9.7,0.6,1.8,0.333,0.5,1.0,0.467,0.1,0.8,0.167,0.463,0.7,0.8,0.833,0.3,1.0,1.3,1.6,0.3,0.1,0.8,0.7,2.3,0.0,0.0,1210.0,0.0,0.0,0.0,0.0,0.0,0.0,0.0,0.0,0.0,0.0,0.0,0.0,0.0,15.0,1.0,146.0,9.0,27.0,0.333,7.0,15.0,0.467,2.0,12.0,0.167,0.463,10.0,12.0,0.833,4.0,15.0,19.0,24.0,4.0,2.0,12.0,10.0,35.0,0.0,10.7,0.542,0.556,0.444,3.0,11.5,7.2,24.3,1.4,1.0,27.1,13.5,0.1,0.1,0.2,0.06,-1.0,0.1,-1.0,0.0,0.0,2012
419,Jamario Moon,15.4,0.9,3.0,0.292,0.3,1.3,0.2,0.6,1.8,0.357,0.333,0.3,0.3,1.0,0.3,2.5,2.8,0.6,0.1,0.6,1.0,0.6,2.3,0.0,0.0,1210.0,0.0,0.0,0.0,0.0,0.0,0.0,0.0,0.0,0.0,0.0,0.0,0.0,0.0,8.0,0.0,123.0,7.0,24.0,0.292,2.0,10.0,0.2,5.0,14.0,0.357,0.333,2.0,2.0,1.0,2.0,20.0,22.0,5.0,1.0,5.0,8.0,5.0,18.0,0.0,3.4,0.362,0.417,0.083,1.8,19.3,10.3,6.4,0.4,3.0,24.3,12.3,-0.3,0.0,-0.3,-0.1,-6.4,-0.9,-7.3,-0.2,0.0,2012
420,Josh Selby,8.5,0.9,2.6,0.347,0.1,0.5,0.133,0.8,2.0,0.404,0.361,0.4,0.5,0.786,0.1,0.5,0.5,1.1,0.3,0.0,1.0,0.6,2.3,0.0,0.0,1210.0,0.0,0.0,0.0,0.0,0.0,0.0,0.0,0.0,0.0,0.0,0.0,0.0,0.0,28.0,0.0,237.0,25.0,72.0,0.347,2.0,15.0,0.133,23.0,57.0,0.404,0.361,11.0,14.0,0.786,2.0,13.0,15.0,30.0,7.0,0.0,29.0,17.0,63.0,0.0,3.3,0.403,0.208,0.194,1.0,6.5,3.7,19.3,1.6,0.0,27.1,20.5,-0.7,0.2,-0.5,-0.105,-6.8,-2.0,-8.8,-0.4,0.0,2012
421,Mickell Gladness,9.7,1.0,2.3,0.424,0.0,0.0,0.0,1.0,2.3,0.424,0.424,0.2,0.5,0.5,0.5,1.7,2.2,0.2,0.2,0.8,0.3,1.2,2.2,0.0,0.0,1210.0,0.0,0.0,0.0,0.0,0.0,0.0,0.0,0.0,0.0,0.0,0.0,0.0,0.0,26.0,7.0,252.0,25.0,59.0,0.424,0.0,0.0,0.0,25.0,59.0,0.424,0.424,6.0,12.0,0.5,14.0,44.0,58.0,5.0,4.0,20.0,7.0,32.0,56.0,0.0,9.5,0.436,0.0,0.203,6.4,19.8,13.2,2.9,0.8,6.1,9.8,13.1,-0.1,0.2,0.2,0.029,-4.6,-0.1,-4.7,-0.2,0.0,2012
422,Cole Aldrich,6.7,0.8,1.6,0.524,0.0,0.0,0.0,0.8,1.6,0.524,0.524,0.5,0.5,0.929,0.5,1.3,1.8,0.1,0.3,0.6,0.3,0.8,2.2,0.0,0.0,1210.0,0.0,0.0,0.0,0.0,0.0,0.0,0.0,0.0,0.0,0.0,0.0,0.0,0.0,26.0,0.0,173.0,22.0,42.0,0.524,0.0,0.0,0.0,22.0,42.0,0.524,0.524,13.0,14.0,0.929,13.0,35.0,48.0,3.0,8.0,16.0,9.0,22.0,57.0,0.0,17.7,0.592,0.0,0.333,9.2,21.6,15.8,2.7,2.4,6.7,15.7,14.9,0.3,0.4,0.6,0.176,-1.3,2.2,1.0,0.1,0.0,2012
423,Andre Emmett,7.5,0.7,1.2,0.571,0.0,0.2,0.0,0.7,1.0,0.667,0.571,0.8,1.3,0.625,0.3,0.7,1.0,0.2,0.3,0.2,0.3,0.3,2.2,0.0,0.0,1210.0,0.0,0.0,0.0,0.0,0.0,0.0,0.0,0.0,0.0,0.0,0.0,0.0,0.0,6.0,0.0,45.0,4.0,7.0,0.571,0.0,1.0,0.0,4.0,6.0,0.667,0.571,5.0,8.0,0.625,2.0,4.0,6.0,1.0,2.0,1.0,2.0,2.0,13.0,0.0,13.3,0.618,0.143,1.143,5.0,10.6,7.7,3.6,2.4,1.7,16.0,12.7,0.1,0.0,0.1,0.089,-0.8,-0.7,-1.5,0.0,0.0,2012
424,Eddy Curry,5.9,0.9,1.9,0.462,0.0,0.0,0.0,0.9,1.9,0.462,0.462,0.4,0.6,0.75,0.3,0.6,0.9,0.1,0.0,0.1,0.7,1.2,2.1,0.0,0.0,1210.0,0.0,0.0,0.0,0.0,0.0,0.0,0.0,0.0,0.0,0.0,0.0,0.0,0.0,14.0,1.0,83.0,12.0,26.0,0.462,0.0,0.0,0.0,12.0,26.0,0.462,0.462,6.0,8.0,0.75,4.0,8.0,12.0,1.0,0.0,2.0,10.0,17.0,30.0,0.0,3.6,0.508,0.0,0.308,6.0,11.1,8.6,1.9,0.0,2.0,25.3,22.1,-0.2,0.1,-0.1,-0.046,-9.4,-2.3,-11.8,-0.2,0.0,2012
425,Jeremy Evans,7.5,0.9,1.4,0.643,0.0,0.0,0.0,0.9,1.4,0.659,0.643,0.3,0.6,0.5,0.7,1.1,1.7,0.4,0.2,0.8,0.2,0.8,2.1,0.0,0.0,1210.0,0.0,0.0,0.0,0.0,0.0,0.0,0.0,0.0,0.0,0.0,0.0,0.0,0.0,29.0,0.0,217.0,27.0,42.0,0.643,0.0,1.0,0.0,27.0,41.0,0.659,0.643,8.0,16.0,0.5,19.0,31.0,50.0,13.0,6.0,24.0,5.0,23.0,62.0,0.0,19.6,0.632,0.024,0.381,9.9,16.6,13.2,9.1,1.5,8.8,9.3,11.2,0.6,0.3,0.9,0.193,1.5,3.5,5.0,0.4,0.0,2012
426,Royal Ivey,10.4,0.8,2.1,0.356,0.5,1.6,0.34,0.2,0.6,0.4,0.479,0.0,0.2,0.125,0.0,0.7,0.7,0.3,0.4,0.0,0.3,1.1,2.1,0.0,0.0,1210.0,0.0,0.0,0.0,0.0,0.0,0.0,0.0,0.0,0.0,0.0,0.0,0.0,0.0,34.0,0.0,354.0,26.0,73.0,0.356,18.0,53.0,0.34,8.0,20.0,0.4,0.479,1.0,8.0,0.125,1.0,23.0,24.0,10.0,14.0,0.0,9.0,36.0,71.0,0.0,4.7,0.464,0.726,0.11,0.3,6.9,3.9,4.1,2.0,0.0,10.5,10.9,-0.1,0.3,0.2,0.025,-4.3,0.5,-3.7,-0.1,0.0,2012
427,Chris Johnson,6.5,0.7,1.5,0.488,0.0,0.0,0.0,0.7,1.5,0.488,0.488,0.6,0.7,0.789,0.6,0.9,1.5,0.1,0.2,0.3,0.6,1.2,2.0,0.0,0.0,1210.0,0.0,0.0,0.0,0.0,0.0,0.0,0.0,0.0,0.0,0.0,0.0,0.0,0.0,27.0,0.0,175.0,20.0,41.0,0.488,0.0,0.0,0.0,20.0,41.0,0.488,0.488,15.0,19.0,0.789,15.0,25.0,40.0,2.0,6.0,9.0,15.0,33.0,55.0,0.0,10.8,0.557,0.0,0.463,10.1,16.8,13.5,1.8,1.9,4.0,23.3,17.1,0.0,0.2,0.2,0.059,-5.8,0.6,-5.2,-0.1,0.0,2012
428,Earl Barron,4.5,1.0,2.0,0.5,0.0,0.0,0.0,1.0,2.0,0.5,0.5,0.0,0.0,0.0,0.5,0.0,0.5,0.0,0.0,0.0,0.0,2.5,2.0,0.0,0.0,1210.0,0.0,0.0,0.0,0.0,0.0,0.0,0.0,0.0,0.0,0.0,0.0,0.0,0.0,2.0,0.0,9.0,2.0,4.0,0.5,0.0,0.0,0.0,2.0,4.0,0.5,0.5,0.0,0.0,0.0,1.0,0.0,1.0,0.0,0.0,0.0,0.0,5.0,4.0,0.0,4.7,0.5,0.0,0.0,12.6,0.0,6.3,0.0,0.0,0.0,0.0,20.5,0.0,0.0,0.0,0.054,-11.5,-4.8,-16.3,0.0,0.0,2012
429,Anthony Carter,8.7,0.7,2.2,0.321,0.2,0.7,0.294,0.5,1.5,0.333,0.368,0.3,0.4,0.8,0.2,1.2,1.4,1.4,0.3,0.2,0.7,0.8,2.0,0.0,0.0,1210.0,0.0,0.0,0.0,0.0,0.0,0.0,0.0,0.0,0.0,0.0,0.0,0.0,0.0,24.0,0.0,209.0,17.0,53.0,0.321,5.0,17.0,0.294,12.0,36.0,0.333,0.368,8.0,10.0,0.8,5.0,28.0,33.0,34.0,8.0,4.0,17.0,20.0,47.0,0.0,8.7,0.409,0.321,0.189,2.8,15.5,9.3,25.9,2.1,1.6,22.8,16.8,-0.3,0.3,0.0,0.001,-3.8,0.8,-3.0,-0.1,0.0,2012
430,Hamed Haddadi,5.9,0.7,1.4,0.542,0.0,0.0,0.0,0.7,1.3,0.553,0.542,0.5,0.7,0.692,0.8,1.2,2.0,0.2,0.0,0.7,0.6,1.2,2.0,0.0,0.0,1210.0,0.0,0.0,0.0,0.0,0.0,0.0,0.0,0.0,0.0,0.0,0.0,0.0,0.0,35.0,0.0,206.0,26.0,48.0,0.542,0.0,1.0,0.0,26.0,47.0,0.553,0.542,18.0,26.0,0.692,28.0,43.0,71.0,8.0,1.0,26.0,21.0,43.0,70.0,0.0,16.3,0.589,0.021,0.542,15.6,24.9,20.1,6.1,0.3,10.3,26.1,17.7,0.1,0.4,0.6,0.131,-3.9,2.4,-1.4,0.0,0.0,2012
431,Jerome Jordan,5.1,0.8,1.6,0.515,0.0,0.0,0.0,0.8,1.6,0.515,0.515,0.4,0.5,0.8,0.7,0.6,1.3,0.2,0.0,0.3,0.1,0.7,2.0,0.0,0.0,1210.0,0.0,0.0,0.0,0.0,0.0,0.0,0.0,0.0,0.0,0.0,0.0,0.0,0.0,21.0,0.0,108.0,17.0,33.0,0.515,0.0,0.0,0.0,17.0,33.0,0.515,0.515,8.0,10.0,0.8,14.0,13.0,27.0,4.0,1.0,6.0,2.0,15.0,42.0,0.0,18.3,0.561,0.0,0.303,14.8,14.1,14.4,6.3,0.5,4.4,5.1,16.4,0.3,0.1,0.5,0.211,0.2,-0.4,-0.2,0.1,0.0,2012
432,Cory Joseph,9.2,0.8,2.4,0.314,0.1,0.5,0.2,0.7,1.9,0.345,0.336,0.4,0.6,0.647,0.2,0.7,0.9,1.2,0.2,0.1,0.4,0.6,2.0,0.0,0.0,1210.0,0.0,0.0,0.0,0.0,0.0,0.0,0.0,0.0,0.0,0.0,0.0,0.0,0.0,29.0,1.0,266.0,22.0,70.0,0.314,3.0,15.0,0.2,19.0,55.0,0.345,0.336,11.0,17.0,0.647,5.0,20.0,25.0,34.0,7.0,3.0,12.0,16.0,58.0,0.0,6.9,0.374,0.214,0.243,2.2,8.5,5.4,17.4,1.4,0.8,13.4,15.4,-0.2,0.2,0.0,0.001,-4.4,-0.6,-5.0,-0.2,0.0,2012
433,Jason Kapono,10.0,0.8,2.0,0.382,0.3,1.0,0.296,0.5,1.0,0.464,0.455,0.1,0.1,1.0,0.1,0.4,0.5,0.4,0.1,0.0,0.2,0.8,2.0,0.0,0.0,1210.0,0.0,0.0,0.0,0.0,0.0,0.0,0.0,0.0,0.0,0.0,0.0,0.0,0.0,27.0,0.0,269.0,21.0,55.0,0.382,8.0,27.0,0.296,13.0,28.0,0.464,0.455,4.0,4.0,1.0,2.0,12.0,14.0,11.0,3.0,0.0,6.0,21.0,54.0,0.0,4.5,0.476,0.491,0.073,0.9,4.8,2.9,6.0,0.6,0.0,9.6,10.7,0.0,0.1,0.1,0.021,-4.1,-0.5,-4.6,-0.2,0.0,2012
434,Vernon Macklin,5.9,0.8,1.5,0.543,0.0,0.0,0.0,0.8,1.5,0.543,0.543,0.3,0.6,0.571,0.6,0.9,1.5,0.2,0.2,0.2,0.1,0.4,2.0,0.0,0.0,1210.0,0.0,0.0,0.0,0.0,0.0,0.0,0.0,0.0,0.0,0.0,0.0,0.0,0.0,23.0,0.0,135.0,19.0,35.0,0.543,0.0,0.0,0.0,19.0,35.0,0.543,0.543,8.0,14.0,0.571,14.0,20.0,34.0,5.0,4.0,4.0,3.0,9.0,46.0,0.0,18.2,0.559,0.0,0.4,12.0,18.3,15.0,6.4,1.6,2.3,6.8,15.1,0.3,0.1,0.5,0.161,1.3,-0.1,1.2,0.1,0.0,2012
435,Joel Przybilla,16.6,0.8,1.8,0.458,0.0,0.0,0.0,0.8,1.8,0.458,0.458,0.4,0.7,0.611,1.1,4.0,5.1,0.2,0.1,0.6,0.8,2.4,2.0,0.0,0.0,1210.0,0.0,0.0,0.0,0.0,0.0,0.0,0.0,0.0,0.0,0.0,0.0,0.0,0.0,27.0,19.0,449.0,22.0,48.0,0.458,0.0,0.0,0.0,22.0,48.0,0.458,0.458,11.0,18.0,0.611,29.0,109.0,138.0,6.0,4.0,16.0,22.0,66.0,55.0,0.0,6.0,0.492,0.0,0.375,7.4,28.9,17.9,1.9,0.5,2.8,28.2,7.9,-0.2,0.5,0.3,0.034,-5.3,-0.2,-5.5,-0.4,0.0,2012
436,Josh Davis,8.7,0.7,1.8,0.37,0.3,0.9,0.308,0.4,0.9,0.429,0.444,0.3,0.5,0.5,1.1,0.7,1.8,0.4,0.5,0.1,0.2,1.3,1.9,0.0,0.0,1210.0,0.0,0.0,0.0,0.0,0.0,0.0,0.0,0.0,0.0,0.0,0.0,0.0,0.0,15.0,0.0,130.0,10.0,27.0,0.37,4.0,13.0,0.308,6.0,14.0,0.429,0.444,4.0,8.0,0.5,16.0,11.0,27.0,6.0,7.0,1.0,3.0,19.0,28.0,0.0,11.3,0.459,0.481,0.296,14.1,10.1,12.1,6.8,2.8,0.6,8.9,11.7,0.2,0.2,0.3,0.124,-0.6,1.1,0.6,0.1,0.0,2012
437,Reggie Evans,13.8,0.6,1.3,0.472,0.0,0.0,0.0,0.6,1.3,0.472,0.472,0.6,1.3,0.507,1.8,3.1,4.8,0.3,0.6,0.1,0.8,2.1,1.9,0.0,0.0,1210.0,0.0,0.0,0.0,0.0,0.0,0.0,0.0,0.0,0.0,0.0,0.0,0.0,0.0,56.0,0.0,771.0,34.0,72.0,0.472,0.0,0.0,0.0,34.0,72.0,0.472,0.472,36.0,71.0,0.507,100.0,171.0,271.0,17.0,31.0,6.0,44.0,118.0,104.0,0.0,9.2,0.504,0.0,0.986,15.3,26.7,20.9,3.1,2.2,0.6,29.9,8.8,0.2,1.0,1.3,0.079,-3.5,-0.2,-3.7,-0.3,0.0,2012
438,Trey Johnson,5.5,0.7,1.3,0.571,0.0,0.0,0.0,0.7,1.3,0.571,0.571,0.5,0.5,1.0,0.3,0.8,1.1,0.4,0.1,0.0,0.5,0.9,1.9,0.0,0.0,1210.0,0.0,0.0,0.0,0.0,0.0,0.0,0.0,0.0,0.0,0.0,0.0,0.0,0.0,11.0,0.0,61.0,8.0,14.0,0.571,0.0,0.0,0.0,8.0,14.0,0.571,0.571,5.0,5.0,1.0,3.0,9.0,12.0,4.0,1.0,0.0,5.0,10.0,21.0,0.0,11.8,0.648,0.0,0.357,6.0,17.3,11.7,11.1,0.9,0.0,23.6,16.4,0.1,0.0,0.1,0.096,-2.7,-0.3,-2.9,0.0,0.0,2012
439,DeAndre Liggins,6.8,0.7,1.5,0.48,0.0,0.2,0.0,0.7,1.2,0.571,0.48,0.5,1.1,0.474,0.4,0.5,0.9,0.3,0.4,0.0,0.6,0.4,1.9,0.0,0.0,1210.0,0.0,0.0,0.0,0.0,0.0,0.0,0.0,0.0,0.0,0.0,0.0,0.0,0.0,17.0,0.0,115.0,12.0,25.0,0.48,0.0,4.0,0.0,12.0,21.0,0.571,0.48,9.0,19.0,0.474,6.0,9.0,15.0,5.0,6.0,0.0,10.0,6.0,33.0,0.0,8.9,0.495,0.16,0.76,5.9,9.2,7.5,7.1,2.8,0.0,23.1,17.7,-0.1,0.1,0.0,0.0,-4.2,-0.3,-4.5,-0.1,0.0,2012
440,Larry Owens,10.7,0.6,1.6,0.364,0.3,0.7,0.4,0.3,0.9,0.333,0.455,0.4,0.6,0.75,0.3,1.6,1.9,0.6,0.0,0.1,0.3,1.4,1.9,0.0,0.0,1210.0,0.0,0.0,0.0,0.0,0.0,0.0,0.0,0.0,0.0,0.0,0.0,0.0,0.0,7.0,0.0,75.0,4.0,11.0,0.364,2.0,5.0,0.4,2.0,6.0,0.333,0.455,3.0,4.0,0.75,2.0,11.0,13.0,4.0,0.0,1.0,2.0,10.0,13.0,0.0,5.8,0.509,0.455,0.364,3.0,17.5,10.1,8.1,0.0,1.0,13.6,9.0,0.0,0.0,0.1,0.035,-3.9,-0.7,-4.6,0.0,0.0,2012
441,Luke Walton,12.1,0.8,2.2,0.369,0.2,0.7,0.35,0.6,1.5,0.378,0.423,0.0,0.0,0.0,0.4,1.2,1.6,1.2,0.2,0.0,0.9,1.4,1.8,0.0,0.0,1210.0,0.0,0.0,0.0,0.0,0.0,0.0,0.0,0.0,0.0,0.0,0.0,0.0,0.0,30.0,0.0,364.0,24.0,65.0,0.369,7.0,20.0,0.35,17.0,45.0,0.378,0.423,0.0,0.0,0.0,13.0,36.0,49.0,35.0,5.0,1.0,27.0,41.0,55.0,0.0,3.4,0.423,0.308,0.0,4.0,11.4,7.6,14.8,0.7,0.2,29.3,11.4,-0.4,0.1,-0.4,-0.05,-5.7,-1.4,-7.1,-0.5,0.0,2012
442,Hasheem Thabeet,7.0,0.6,1.1,0.524,0.0,0.0,0.0,0.6,1.1,0.524,0.524,0.7,1.0,0.65,0.8,1.3,2.1,0.0,0.1,0.5,0.4,1.0,1.8,0.0,0.0,1210.0,0.0,0.0,0.0,0.0,0.0,0.0,0.0,0.0,0.0,0.0,0.0,0.0,0.0,20.0,3.0,139.0,11.0,21.0,0.524,0.0,0.0,0.0,11.0,21.0,0.524,0.524,13.0,20.0,0.65,16.0,26.0,42.0,0.0,1.0,10.0,8.0,20.0,35.0,0.0,12.4,0.587,0.0,0.952,13.1,22.2,17.6,0.0,0.4,5.5,21.2,12.4,0.1,0.2,0.3,0.102,-3.4,-0.4,-3.9,-0.1,0.0,2012
443,Carldell Johnson,7.9,0.7,2.3,0.314,0.3,1.0,0.267,0.5,1.3,0.35,0.371,0.1,0.2,0.333,0.1,0.5,0.6,1.5,0.5,0.0,0.5,0.7,1.8,0.0,0.0,1210.0,0.0,0.0,0.0,0.0,0.0,0.0,0.0,0.0,0.0,0.0,0.0,0.0,0.0,15.0,0.0,119.0,11.0,35.0,0.314,4.0,15.0,0.267,7.0,20.0,0.35,0.371,1.0,3.0,0.333,1.0,8.0,9.0,22.0,8.0,0.0,7.0,11.0,27.0,0.0,8.9,0.372,0.429,0.086,1.0,7.9,4.5,29.4,3.7,0.0,16.2,17.2,-0.1,0.1,0.0,-0.003,-3.1,1.7,-1.5,0.0,0.0,2012
444,Greg Smith,8.6,0.9,1.4,0.636,0.0,0.0,0.0,0.9,1.4,0.636,0.636,0.0,0.0,0.0,0.6,1.9,2.5,0.1,0.3,0.6,0.1,2.1,1.8,0.0,0.0,1210.0,0.0,0.0,0.0,0.0,0.0,0.0,0.0,0.0,0.0,0.0,0.0,0.0,0.0,8.0,0.0,69.0,7.0,11.0,0.636,0.0,0.0,0.0,7.0,11.0,0.636,0.636,0.0,0.0,0.0,5.0,15.0,20.0,1.0,2.0,5.0,1.0,17.0,14.0,0.0,12.3,0.636,0.0,0.0,8.3,25.5,16.8,2.2,1.5,5.4,8.3,7.9,0.1,0.1,0.2,0.165,-4.2,3.4,-0.8,0.0,0.0,2012
445,Jeff Ayres,5.3,0.8,1.8,0.417,0.0,0.0,0.0,0.8,1.8,0.417,0.417,0.2,0.4,0.571,0.6,1.1,1.7,0.2,0.2,0.1,0.1,0.8,1.7,0.0,0.0,1210.0,0.0,0.0,0.0,0.0,0.0,0.0,0.0,0.0,0.0,0.0,0.0,0.0,0.0,20.0,1.0,106.0,15.0,36.0,0.417,0.0,0.0,0.0,15.0,36.0,0.417,0.417,4.0,7.0,0.571,12.0,21.0,33.0,4.0,3.0,2.0,2.0,16.0,34.0,0.0,13.4,0.435,0.0,0.194,12.8,22.1,17.5,6.3,1.5,1.5,4.9,17.6,0.1,0.2,0.3,0.115,-1.9,-1.0,-2.8,0.0,0.0,2012
446,Andris Biedriņš,15.7,0.8,1.4,0.609,0.0,0.0,0.0,0.8,1.4,0.609,0.609,0.0,0.2,0.111,1.0,2.8,3.7,0.3,0.5,1.0,0.3,2.7,1.7,0.0,0.0,1210.0,0.0,0.0,0.0,0.0,0.0,0.0,0.0,0.0,0.0,0.0,0.0,0.0,0.0,47.0,35.0,739.0,39.0,64.0,0.609,0.0,0.0,0.0,39.0,64.0,0.609,0.609,1.0,9.0,0.111,45.0,131.0,176.0,16.0,23.0,45.0,14.0,125.0,79.0,0.0,8.8,0.581,0.0,0.141,6.9,20.0,13.5,3.0,1.6,4.7,17.1,5.1,0.6,0.7,1.3,0.085,-3.8,1.5,-2.3,0.0,0.0,2012
447,Tony Battie,10.9,0.7,1.9,0.373,0.0,0.0,0.0,0.7,1.9,0.38,0.373,0.1,0.1,1.0,0.3,2.2,2.5,0.6,0.1,0.2,0.1,1.0,1.6,0.0,0.0,1210.0,0.0,0.0,0.0,0.0,0.0,0.0,0.0,0.0,0.0,0.0,0.0,0.0,0.0,27.0,11.0,295.0,19.0,51.0,0.373,0.0,1.0,0.0,19.0,50.0,0.38,0.373,4.0,4.0,1.0,8.0,59.0,67.0,16.0,4.0,6.0,4.0,26.0,42.0,0.0,7.3,0.398,0.02,0.078,3.0,22.3,12.6,7.6,0.7,1.5,7.0,9.0,0.0,0.5,0.5,0.076,-4.4,1.5,-2.9,-0.1,0.0,2012
448,Craig Brackins,6.3,0.6,2.4,0.273,0.2,0.6,0.333,0.4,1.7,0.25,0.318,0.1,0.1,0.5,0.4,0.7,1.1,0.6,0.0,0.1,0.3,0.4,1.6,0.0,0.0,1210.0,0.0,0.0,0.0,0.0,0.0,0.0,0.0,0.0,0.0,0.0,0.0,0.0,0.0,14.0,1.0,88.0,9.0,33.0,0.273,3.0,9.0,0.333,6.0,24.0,0.25,0.318,1.0,2.0,0.5,5.0,10.0,15.0,8.0,0.0,1.0,4.0,6.0,22.0,0.0,4.3,0.325,0.273,0.061,6.3,12.7,9.5,13.5,0.0,0.9,10.6,20.2,-0.2,0.1,-0.1,-0.065,-6.3,-2.7,-9.0,-0.2,0.0,2012
449,Ryan Reid,3.4,0.8,1.0,0.8,0.0,0.0,0.0,0.8,1.0,0.8,0.8,0.0,0.0,0.0,0.2,0.2,0.4,0.0,0.0,0.0,0.2,0.2,1.6,0.0,0.0,1210.0,0.0,0.0,0.0,0.0,0.0,0.0,0.0,0.0,0.0,0.0,0.0,0.0,0.0,5.0,0.0,17.0,4.0,5.0,0.8,0.0,0.0,0.0,4.0,5.0,0.8,0.8,0.0,0.0,0.0,1.0,1.0,2.0,0.0,0.0,0.0,1.0,1.0,8.0,0.0,17.6,0.8,0.0,0.0,7.2,6.3,6.7,0.0,0.0,0.0,16.7,16.0,0.0,0.0,0.1,0.142,1.0,-3.0,-2.0,0.0,0.0,2012
450,Julyan Stone,8.1,0.6,1.4,0.419,0.1,0.5,0.182,0.5,0.9,0.55,0.452,0.4,0.5,0.727,0.2,0.9,1.1,1.7,0.4,0.3,0.5,0.8,1.6,0.0,0.0,1210.0,0.0,0.0,0.0,0.0,0.0,0.0,0.0,0.0,0.0,0.0,0.0,0.0,0.0,22.0,2.0,179.0,13.0,31.0,0.419,2.0,11.0,0.182,11.0,20.0,0.55,0.452,8.0,11.0,0.727,5.0,20.0,25.0,37.0,8.0,6.0,11.0,18.0,36.0,0.0,13.0,0.502,0.355,0.355,3.4,12.6,8.1,28.3,2.3,2.6,23.5,11.7,0.2,0.2,0.4,0.101,0.0,2.7,2.7,0.2,0.0,2012
451,Hassan Whiteside,6.1,0.7,1.5,0.444,0.0,0.0,0.0,0.7,1.5,0.444,0.444,0.3,0.7,0.417,0.9,1.3,2.2,0.0,0.2,0.8,0.3,0.7,1.6,0.0,0.0,1210.0,0.0,0.0,0.0,0.0,0.0,0.0,0.0,0.0,0.0,0.0,0.0,0.0,0.0,18.0,0.0,109.0,12.0,27.0,0.444,0.0,0.0,0.0,12.0,27.0,0.444,0.444,5.0,12.0,0.417,16.0,23.0,39.0,0.0,3.0,15.0,5.0,12.0,29.0,0.0,16.2,0.449,0.0,0.444,15.4,24.3,19.6,0.0,1.4,10.0,13.4,14.8,0.0,0.2,0.2,0.073,-2.0,0.4,-1.6,0.0,0.0,2012
452,Juwan Howard,6.8,0.6,2.0,0.309,0.0,0.0,0.0,0.6,2.0,0.309,0.309,0.3,0.4,0.8,0.6,1.0,1.7,0.4,0.1,0.0,0.7,0.6,1.5,0.0,0.0,1210.0,0.0,0.0,0.0,0.0,0.0,0.0,0.0,0.0,0.0,0.0,0.0,0.0,0.0,28.0,0.0,190.0,17.0,55.0,0.309,0.0,0.0,0.0,17.0,55.0,0.309,0.309,8.0,10.0,0.8,18.0,29.0,47.0,10.0,4.0,1.0,20.0,18.0,42.0,0.0,3.6,0.354,0.0,0.182,11.8,17.6,14.8,7.8,1.1,0.4,25.2,19.4,-0.6,0.3,-0.3,-0.076,-7.0,-1.9,-8.9,-0.3,0.0,2012
453,Andrés Nocioni,5.1,0.5,1.8,0.25,0.1,0.5,0.167,0.4,1.3,0.286,0.275,0.5,1.0,0.545,0.1,1.2,1.3,0.1,0.1,0.1,0.5,0.4,1.5,0.0,0.0,1210.0,0.0,0.0,0.0,0.0,0.0,0.0,0.0,0.0,0.0,0.0,0.0,0.0,0.0,11.0,1.0,56.0,5.0,20.0,0.25,1.0,6.0,0.167,4.0,14.0,0.286,0.275,6.0,11.0,0.545,1.0,13.0,14.0,1.0,1.0,1.0,5.0,4.0,17.0,0.0,1.8,0.342,0.3,0.55,2.0,25.9,13.9,2.6,1.0,1.3,16.8,25.0,-0.3,0.1,-0.2,-0.139,-10.7,-2.3,-12.9,-0.2,0.0,2012
454,Justin Harper,6.0,0.6,2.2,0.29,0.1,0.9,0.154,0.5,1.3,0.389,0.323,0.0,0.1,0.0,0.2,0.6,0.9,0.1,0.1,0.2,0.4,0.4,1.4,0.0,0.0,1210.0,0.0,0.0,0.0,0.0,0.0,0.0,0.0,0.0,0.0,0.0,0.0,0.0,0.0,14.0,0.0,84.0,9.0,31.0,0.29,2.0,13.0,0.154,7.0,18.0,0.389,0.323,0.0,1.0,0.0,3.0,9.0,12.0,2.0,2.0,3.0,6.0,5.0,20.0,0.0,1.7,0.318,0.419,0.032,4.1,12.5,8.2,3.9,1.3,2.8,16.0,20.9,-0.3,0.1,-0.3,-0.145,-7.7,-2.3,-9.9,-0.2,0.0,2012
455,Lazar Hayward,5.4,0.5,1.5,0.342,0.2,0.5,0.286,0.3,0.9,0.375,0.395,0.3,0.5,0.583,0.1,0.5,0.6,0.2,0.1,0.0,0.3,0.7,1.4,0.0,0.0,1210.0,0.0,0.0,0.0,0.0,0.0,0.0,0.0,0.0,0.0,0.0,0.0,0.0,0.0,26.0,0.0,141.0,13.0,38.0,0.342,4.0,14.0,0.286,9.0,24.0,0.375,0.395,7.0,12.0,0.583,2.0,14.0,16.0,4.0,3.0,1.0,9.0,18.0,37.0,0.0,3.1,0.427,0.368,0.316,1.7,10.6,6.5,4.2,1.1,0.5,17.2,16.8,-0.2,0.1,-0.1,-0.04,-6.5,-1.9,-8.5,-0.2,0.0,2012
456,Travis Leslie,4.5,0.5,1.4,0.357,0.0,0.0,0.0,0.5,1.4,0.357,0.357,0.4,0.9,0.444,0.6,0.3,0.9,0.5,0.2,0.2,0.2,0.4,1.4,0.0,0.0,1210.0,0.0,0.0,0.0,0.0,0.0,0.0,0.0,0.0,0.0,0.0,0.0,0.0,0.0,10.0,0.0,45.0,5.0,14.0,0.357,0.0,0.0,0.0,5.0,14.0,0.357,0.357,4.0,9.0,0.444,6.0,3.0,9.0,5.0,2.0,2.0,2.0,4.0,14.0,0.0,14.6,0.39,0.0,0.643,15.7,8.0,11.9,17.0,2.4,3.7,10.0,20.5,0.0,0.0,0.1,0.06,0.0,-0.3,-0.3,0.0,0.0,2012
457,Jerry Smith,9.2,0.6,2.8,0.214,0.2,1.2,0.167,0.4,1.6,0.25,0.25,0.0,0.0,0.0,0.4,1.0,1.4,0.8,1.0,0.0,0.0,1.0,1.4,0.0,0.0,1210.0,0.0,0.0,0.0,0.0,0.0,0.0,0.0,0.0,0.0,0.0,0.0,0.0,0.0,5.0,0.0,46.0,3.0,14.0,0.214,1.0,6.0,0.167,2.0,8.0,0.25,0.25,0.0,0.0,0.0,2.0,5.0,7.0,4.0,5.0,0.0,0.0,5.0,7.0,0.0,7.8,0.25,0.429,0.0,4.9,13.0,8.8,13.4,5.8,0.0,0.0,13.9,-0.1,0.1,0.0,-0.007,-6.6,4.6,-2.0,0.0,0.0,2012
458,Ben Wallace,15.8,0.5,1.4,0.395,0.0,0.1,0.25,0.5,1.3,0.402,0.401,0.3,0.8,0.34,1.3,3.0,4.3,0.7,0.8,0.8,0.5,1.0,1.4,0.0,0.0,1210.0,0.0,0.0,0.0,0.0,0.0,0.0,0.0,0.0,0.0,0.0,0.0,0.0,0.0,62.0,11.0,980.0,34.0,86.0,0.395,1.0,4.0,0.25,33.0,82.0,0.402,0.401,16.0,47.0,0.34,81.0,188.0,269.0,43.0,47.0,51.0,34.0,60.0,85.0,0.0,10.7,0.398,0.047,0.547,9.6,23.7,16.4,6.4,2.6,4.1,24.2,6.6,-0.1,1.6,1.4,0.07,-1.8,2.4,0.6,0.7,0.0,2012
459,Jason Collins,10.3,0.5,1.3,0.4,0.0,0.0,0.0,0.5,1.3,0.4,0.4,0.2,0.5,0.467,0.4,1.2,1.6,0.3,0.1,0.1,0.3,1.1,1.3,0.0,0.0,1210.0,0.0,0.0,0.0,0.0,0.0,0.0,0.0,0.0,0.0,0.0,0.0,0.0,0.0,30.0,10.0,308.0,16.0,40.0,0.4,0.0,0.0,0.0,16.0,40.0,0.4,0.4,7.0,15.0,0.467,12.0,36.0,48.0,10.0,4.0,3.0,10.0,34.0,39.0,0.0,3.7,0.418,0.0,0.375,4.6,13.6,9.1,4.6,0.7,0.7,17.7,8.6,-0.2,0.3,0.2,0.025,-5.8,-0.3,-6.1,-0.3,0.0,2012
460,Tyler Honeycutt,5.9,0.5,1.6,0.333,0.1,0.2,0.333,0.5,1.4,0.333,0.354,0.2,0.3,0.6,0.2,0.7,0.9,0.5,0.3,0.2,0.1,0.2,1.3,0.0,0.0,1210.0,0.0,0.0,0.0,0.0,0.0,0.0,0.0,0.0,0.0,0.0,0.0,0.0,0.0,15.0,0.0,88.0,8.0,24.0,0.333,1.0,3.0,0.333,7.0,21.0,0.333,0.354,3.0,5.0,0.6,3.0,11.0,14.0,7.0,4.0,3.0,2.0,3.0,20.0,0.0,10.4,0.382,0.125,0.208,3.6,14.4,8.7,11.5,2.3,2.5,7.1,13.9,0.0,0.1,0.0,0.013,-2.0,-0.2,-2.2,0.0,0.0,2012
461,Larry Hughes,12.7,0.6,2.4,0.227,0.1,0.8,0.143,0.4,1.7,0.267,0.25,0.1,0.2,0.5,0.1,0.4,0.6,0.8,0.2,0.0,1.3,1.1,1.3,0.0,0.0,1210.0,0.0,0.0,0.0,0.0,0.0,0.0,0.0,0.0,0.0,0.0,0.0,0.0,0.0,9.0,0.0,114.0,5.0,22.0,0.227,1.0,7.0,0.143,4.0,15.0,0.267,0.25,1.0,2.0,0.5,1.0,4.0,5.0,7.0,2.0,0.0,12.0,10.0,12.0,0.0,-4.8,0.262,0.318,0.091,1.0,4.1,2.5,9.2,0.9,0.0,34.4,14.3,-0.5,0.0,-0.5,-0.193,-11.0,-0.9,-11.9,-0.3,0.0,2012
462,Jamaal Magloire,11.0,0.5,1.3,0.378,0.0,0.0,0.0,0.5,1.3,0.378,0.378,0.2,0.8,0.259,0.7,2.6,3.3,0.2,0.1,0.3,0.6,1.9,1.2,0.0,0.0,1210.0,0.0,0.0,0.0,0.0,0.0,0.0,0.0,0.0,0.0,0.0,0.0,0.0,0.0,34.0,1.0,374.0,17.0,45.0,0.378,0.0,0.0,0.0,17.0,45.0,0.378,0.378,7.0,27.0,0.259,25.0,88.0,113.0,6.0,4.0,10.0,22.0,66.0,41.0,0.0,2.7,0.36,0.0,0.6,7.9,27.3,17.7,2.4,0.6,2.2,27.9,9.9,-0.7,0.5,-0.2,-0.021,-7.4,-0.2,-7.6,-0.5,0.0,2012
463,Jon Brockman,6.8,0.4,1.3,0.333,0.0,0.0,0.0,0.4,1.3,0.341,0.333,0.2,0.4,0.467,0.9,1.2,2.1,0.3,0.1,0.0,0.3,0.9,1.1,0.0,0.0,1210.0,0.0,0.0,0.0,0.0,0.0,0.0,0.0,0.0,0.0,0.0,0.0,0.0,0.0,35.0,0.0,239.0,15.0,45.0,0.333,0.0,1.0,0.0,15.0,44.0,0.341,0.333,7.0,15.0,0.467,33.0,42.0,75.0,9.0,4.0,1.0,10.0,33.0,37.0,0.0,6.6,0.359,0.022,0.333,14.8,19.9,17.3,5.2,0.9,0.3,16.2,11.4,-0.1,0.2,0.1,0.023,-4.4,-2.0,-6.5,-0.3,0.0,2012
464,DeSagana Diop,12.0,0.6,1.6,0.357,0.0,0.0,0.0,0.6,1.6,0.357,0.357,0.0,0.2,0.167,1.2,1.9,3.1,0.9,0.2,0.5,0.7,1.3,1.1,0.0,0.0,1210.0,0.0,0.0,0.0,0.0,0.0,0.0,0.0,0.0,0.0,0.0,0.0,0.0,0.0,27.0,9.0,325.0,15.0,42.0,0.357,0.0,0.0,0.0,15.0,42.0,0.357,0.357,1.0,6.0,0.167,33.0,52.0,85.0,23.0,6.0,13.0,19.0,36.0,31.0,0.0,6.8,0.347,0.0,0.143,11.2,19.0,15.0,11.0,1.0,3.0,29.9,9.0,-0.3,0.2,-0.2,-0.025,-5.6,-0.2,-5.9,-0.3,0.0,2012
465,Brian Scalabrine,4.4,0.5,1.1,0.467,0.0,0.3,0.143,0.5,0.8,0.565,0.483,0.1,0.2,0.5,0.3,0.5,0.8,0.5,0.2,0.2,0.3,0.3,1.1,0.0,0.0,1210.0,0.0,0.0,0.0,0.0,0.0,0.0,0.0,0.0,0.0,0.0,0.0,0.0,0.0,28.0,0.0,122.0,14.0,30.0,0.467,1.0,7.0,0.143,13.0,23.0,0.565,0.483,3.0,6.0,0.5,8.0,13.0,21.0,15.0,5.0,6.0,9.0,9.0,32.0,0.0,13.5,0.49,0.233,0.2,7.5,11.7,9.6,18.7,2.2,3.5,21.6,15.5,0.0,0.2,0.3,0.108,-1.0,2.6,1.6,0.1,0.0,2012
466,Brian Cardinal,6.3,0.3,1.3,0.255,0.2,1.1,0.204,0.1,0.1,0.667,0.345,0.1,0.1,0.833,0.1,0.7,0.8,0.4,0.2,0.0,0.2,0.9,1.0,0.0,0.0,1210.0,0.0,0.0,0.0,0.0,0.0,0.0,0.0,0.0,0.0,0.0,0.0,0.0,0.0,44.0,0.0,277.0,14.0,55.0,0.255,10.0,49.0,0.204,4.0,6.0,0.667,0.345,5.0,6.0,0.833,4.0,30.0,34.0,16.0,8.0,2.0,8.0,38.0,43.0,0.0,3.3,0.373,0.891,0.109,1.6,12.1,6.9,8.3,1.5,0.6,12.2,11.0,-0.3,0.3,0.0,0.004,-5.9,0.8,-5.2,-0.2,0.0,2012
467,Ike Diogu,7.0,0.0,1.0,0.0,0.0,0.0,0.0,0.0,1.0,0.0,0.0,1.0,1.0,1.0,0.0,0.5,0.5,0.0,0.0,0.0,0.5,0.5,1.0,0.0,0.0,1210.0,0.0,0.0,0.0,0.0,0.0,0.0,0.0,0.0,0.0,0.0,0.0,0.0,0.0,2.0,0.0,14.0,0.0,2.0,0.0,0.0,0.0,0.0,0.0,2.0,0.0,0.0,2.0,2.0,1.0,0.0,1.0,1.0,0.0,0.0,0.0,1.0,1.0,2.0,0.0,-2.9,0.347,0.0,1.0,0.0,8.0,4.1,0.0,0.0,0.0,25.8,12.6,0.0,0.0,0.0,-0.116,-9.2,-3.1,-12.3,0.0,0.0,2012
468,Jeff Foote,9.8,0.5,1.5,0.333,0.0,0.0,0.0,0.5,1.5,0.333,0.333,0.0,0.0,0.0,0.3,1.3,1.5,0.0,0.0,0.3,0.5,1.3,1.0,0.0,0.0,1210.0,0.0,0.0,0.0,0.0,0.0,0.0,0.0,0.0,0.0,0.0,0.0,0.0,0.0,4.0,0.0,39.0,2.0,6.0,0.333,0.0,0.0,0.0,2.0,6.0,0.333,0.333,0.0,0.0,0.0,1.0,5.0,6.0,0.0,0.0,1.0,2.0,5.0,4.0,0.0,-0.9,0.333,0.0,0.0,3.1,15.0,9.2,0.0,0.0,2.1,25.0,9.7,-0.1,0.0,-0.1,-0.079,-8.4,-2.4,-10.8,-0.1,0.0,2012
469,Darington Hobson,7.8,0.4,2.6,0.154,0.0,1.2,0.0,0.4,1.4,0.286,0.154,0.0,0.0,0.0,0.0,0.6,0.6,1.2,0.0,0.0,0.4,0.2,0.8,0.0,0.0,1210.0,0.0,0.0,0.0,0.0,0.0,0.0,0.0,0.0,0.0,0.0,0.0,0.0,0.0,5.0,0.0,39.0,2.0,13.0,0.154,0.0,6.0,0.0,2.0,7.0,0.286,0.154,0.0,0.0,0.0,0.0,3.0,3.0,6.0,0.0,0.0,2.0,1.0,4.0,0.0,-3.3,0.154,0.462,0.0,0.0,8.7,4.2,20.9,0.0,0.0,13.3,16.9,-0.2,0.0,-0.2,-0.225,-8.4,-4.5,-13.0,-0.1,0.0,2012
470,Dennis Horner,2.8,0.1,0.5,0.25,0.0,0.1,0.0,0.1,0.4,0.333,0.25,0.4,0.5,0.75,0.3,0.4,0.6,0.0,0.0,0.0,0.1,0.1,0.6,0.0,0.0,1210.0,0.0,0.0,0.0,0.0,0.0,0.0,0.0,0.0,0.0,0.0,0.0,0.0,0.0,8.0,0.0,22.0,1.0,4.0,0.25,0.0,1.0,0.0,1.0,3.0,0.333,0.25,3.0,4.0,0.75,2.0,3.0,5.0,0.0,0.0,0.0,1.0,1.0,5.0,0.0,6.6,0.434,0.25,1.0,10.3,16.3,13.2,0.0,0.0,0.0,14.8,14.1,0.0,0.0,0.0,-0.012,-3.4,-4.7,-8.1,0.0,0.0,2012
471,Francisco Elson,3.2,0.2,0.6,0.333,0.0,0.0,0.0,0.2,0.6,0.333,0.333,0.0,0.0,0.0,0.0,0.2,0.2,0.2,0.2,0.2,0.2,0.0,0.4,0.0,0.0,1210.0,0.0,0.0,0.0,0.0,0.0,0.0,0.0,0.0,0.0,0.0,0.0,0.0,0.0,5.0,0.0,16.0,1.0,3.0,0.333,0.0,0.0,0.0,1.0,3.0,0.333,0.333,0.0,0.0,0.0,0.0,1.0,1.0,1.0,1.0,1.0,1.0,0.0,2.0,0.0,6.3,0.333,0.0,0.0,0.0,7.0,3.5,8.8,3.3,4.7,25.0,11.7,0.0,0.0,0.0,-0.026,-5.1,2.7,-2.5,0.0,0.0,2012
472,Malcolm Thomas,5.0,0.0,1.0,0.0,0.0,0.0,0.0,0.0,1.0,0.0,0.0,0.3,0.7,0.5,0.3,0.7,1.0,0.3,0.3,0.3,0.0,0.0,0.3,0.0,0.0,1210.0,0.0,0.0,0.0,0.0,0.0,0.0,0.0,0.0,0.0,0.0,0.0,0.0,0.0,3.0,0.0,15.0,0.0,3.0,0.0,0.0,0.0,0.0,0.0,3.0,0.0,0.0,1.0,2.0,0.5,1.0,2.0,3.0,1.0,1.0,1.0,0.0,0.0,1.0,0.0,7.1,0.129,0.0,0.667,7.8,15.0,11.5,8.1,3.4,4.8,0.0,11.8,0.0,0.0,0.0,-0.028,-2.5,0.4,-2.0,0.0,0.0,2012
473,Erick Dampier,5.5,0.1,0.5,0.125,0.0,0.0,0.0,0.1,0.5,0.125,0.125,0.0,0.0,0.0,0.7,1.0,1.7,0.3,0.1,0.3,0.2,0.6,0.1,0.0,0.0,1210.0,0.0,0.0,0.0,0.0,0.0,0.0,0.0,0.0,0.0,0.0,0.0,0.0,0.0,15.0,0.0,83.0,1.0,8.0,0.125,0.0,0.0,0.0,1.0,8.0,0.125,0.125,0.0,0.0,0.0,10.0,15.0,25.0,4.0,1.0,4.0,3.0,9.0,2.0,0.0,5.5,0.125,0.0,0.0,14.3,21.0,17.7,6.5,0.6,3.7,27.3,6.2,-0.1,0.1,0.1,0.035,-4.9,0.2,-4.7,-0.1,0.0,2012
474,Keith Benson,3.0,0.0,0.3,0.0,0.0,0.0,0.0,0.0,0.3,0.0,0.0,0.0,0.0,0.0,0.7,0.3,1.0,0.0,0.0,0.0,0.0,0.0,0.0,0.0,0.0,1210.0,0.0,0.0,0.0,0.0,0.0,0.0,0.0,0.0,0.0,0.0,0.0,0.0,0.0,3.0,0.0,9.0,0.0,1.0,0.0,0.0,0.0,0.0,0.0,1.0,0.0,0.0,0.0,0.0,0.0,2.0,1.0,3.0,0.0,0.0,0.0,0.0,0.0,0.0,0.0,6.0,0.0,0.0,0.0,25.3,12.6,18.9,0.0,0.0,0.0,0.0,5.1,0.0,0.0,0.0,-0.005,-1.4,-6.3,-7.7,0.0,0.0,2012
475,Dan Gadzuric,6.5,0.0,1.0,0.0,0.0,0.0,0.0,0.0,1.0,0.0,0.0,0.0,1.0,0.0,0.5,2.0,2.5,0.0,0.5,0.5,0.5,2.0,0.0,0.0,0.0,1210.0,0.0,0.0,0.0,0.0,0.0,0.0,0.0,0.0,0.0,0.0,0.0,0.0,0.0,2.0,0.0,13.0,0.0,2.0,0.0,0.0,0.0,0.0,0.0,2.0,0.0,0.0,0.0,2.0,0.0,1.0,4.0,5.0,0.0,1.0,1.0,1.0,4.0,0.0,0.0,-4.3,0.0,0.0,1.0,8.8,35.9,22.2,0.0,4.0,6.1,25.8,13.4,-0.1,0.0,0.0,-0.169,-15.9,0.3,-15.7,0.0,0.0,2012
476,Hamady N'Diaye,1.0,0.0,0.3,0.0,0.0,0.0,0.0,0.0,0.3,0.0,0.0,0.0,0.0,0.0,0.0,0.0,0.0,0.0,0.0,0.0,0.0,0.0,0.0,0.0,0.0,1210.0,0.0,0.0,0.0,0.0,0.0,0.0,0.0,0.0,0.0,0.0,0.0,0.0,0.0,3.0,0.0,3.0,0.0,1.0,0.0,0.0,0.0,0.0,0.0,1.0,0.0,0.0,0.0,0.0,0.0,0.0,0.0,0.0,0.0,0.0,0.0,0.0,0.0,0.0,0.0,-13.1,0.0,0.0,0.0,0.0,0.0,0.0,0.0,0.0,0.0,0.0,14.9,0.0,0.0,0.0,-0.369,-12.3,-8.8,-21.1,0.0,0.0,2012
477,Brian Skinner,4.0,0.0,1.0,0.0,0.0,0.0,0.0,0.0,1.0,0.0,0.0,0.0,0.0,0.0,0.0,0.0,0.0,0.0,0.0,0.0,0.0,1.0,0.0,0.0,0.0,1210.0,0.0,0.0,0.0,0.0,0.0,0.0,0.0,0.0,0.0,0.0,0.0,0.0,0.0,1.0,0.0,4.0,0.0,1.0,0.0,0.0,0.0,0.0,0.0,1.0,0.0,0.0,0.0,0.0,0.0,0.0,0.0,0.0,0.0,0.0,0.0,0.0,1.0,0.0,0.0,-14.7,0.0,0.0,0.0,0.0,0.0,0.0,0.0,0.0,0.0,0.0,11.3,0.0,0.0,0.0,-0.248,-12.5,-3.0,-15.5,0.0,0.0,2012
