,Player,MPPG,FGPG,FGAPG,FG%PG,3PPG,3PAPG,3P%PG,2PPG,2PAPG,2P%PG,eFG%PG,FTPG,FTAPG,FT%PG,ORBPG,DRBPG,TRBPG,ASTPG,STLPG,BLKPG,TOVPG,PFPG,PTSPG,First,Pts Won,Pts Max,Share,G_x,MP_x,PTS_x,TRB_x,AST_x,STL_x,BLK_x,FG%_x,3P%_x,FT%_x,WS_x,WS/48_x,G_y,GS,MP_y,FG,FGA,FG%_y,3P,3PA,3P%_y,2P,2PA,2P%,eFG%,FT,FTA,FT%_y,ORB,DRB,TRB_y,AST_y,STL_y,BLK_y,TOV,PF,PTS_y,Trp-Dbl,PER,TS%,3PAr,FTr,ORB%,DRB%,TRB%,AST%,STL%,BLK%,TOV%,USG%,OWS,DWS,WS_y,WS/48_y,OBPM,DBPM,BPM,VORP,First Pts Share,Year
0,Carmelo Anthony,37.0,10.0,22.2,0.449,2.3,6.2,0.379,7.6,16.0,0.476,0.502,6.3,7.6,0.83,2.0,4.9,6.9,2.6,0.8,0.5,2.6,3.1,28.7,1.0,475.0,1210.0,0.393,67.0,37.0,28.7,6.9,2.6,0.8,0.5,0.449,0.379,0.83,9.5,0.184,67.0,67.0,2482.0,669.0,1489.0,0.449,157.0,414.0,0.379,512.0,1075.0,0.476,0.502,425.0,512.0,0.83,134.0,326.0,460.0,171.0,52.0,32.0,175.0,205.0,1920.0,0.0,24.8,0.56,0.278,0.344,6.1,15.9,10.8,14.1,1.1,1.1,9.3,35.6,7.5,2.0,9.5,0.184,6.0,-1.7,4.3,3.9,0.0008264462809917355,2013
1,Kevin Durant,38.5,9.0,17.7,0.51,1.7,4.1,0.416,7.3,13.6,0.539,0.559,8.4,9.3,0.905,0.6,7.3,7.9,4.6,1.4,1.3,3.5,1.8,28.1,0.0,765.0,1210.0,0.632,81.0,38.5,28.1,7.9,4.6,1.4,1.3,0.51,0.416,0.905,18.9,0.291,81.0,81.0,3119.0,731.0,1433.0,0.51,139.0,334.0,0.416,592.0,1099.0,0.539,0.559,679.0,750.0,0.905,46.0,594.0,640.0,374.0,116.0,105.0,280.0,143.0,2280.0,3.0,28.3,0.647,0.233,0.523,1.8,20.3,11.8,21.7,1.9,2.6,13.7,29.8,13.6,5.3,18.9,0.291,7.6,1.7,9.3,8.9,0.0,2013
2,Kobe Bryant,38.6,9.5,20.4,0.463,1.7,5.2,0.324,7.8,15.2,0.51,0.504,6.7,8.0,0.839,0.8,4.7,5.6,6.0,1.4,0.3,3.7,2.2,27.3,0.0,184.0,1210.0,0.152,78.0,38.6,27.3,5.6,6.0,1.4,0.3,0.463,0.324,0.839,10.9,0.174,78.0,78.0,3013.0,738.0,1595.0,0.463,132.0,407.0,0.324,606.0,1188.0,0.51,0.504,525.0,626.0,0.839,66.0,367.0,433.0,469.0,106.0,25.0,287.0,173.0,2133.0,2.0,23.0,0.57,0.255,0.392,2.5,13.1,7.9,29.7,1.8,0.6,13.3,31.9,8.4,2.6,10.9,0.174,4.7,-0.1,4.6,5.0,0.0,2013
3,LeBron James,37.9,10.1,17.8,0.565,1.4,3.3,0.406,8.7,14.5,0.602,0.603,5.3,7.0,0.753,1.3,6.8,8.0,7.3,1.7,0.9,3.0,1.4,26.8,120.0,1207.0,1210.0,0.998,76.0,37.9,26.8,8.0,7.3,1.7,0.9,0.565,0.406,0.753,19.3,0.322,76.0,76.0,2877.0,765.0,1354.0,0.565,103.0,254.0,0.406,662.0,1100.0,0.602,0.603,403.0,535.0,0.753,97.0,513.0,610.0,551.0,129.0,67.0,226.0,110.0,2036.0,4.0,31.6,0.64,0.188,0.395,4.4,20.8,13.1,36.4,2.4,1.9,12.4,30.2,14.6,4.7,19.3,0.322,9.3,2.4,11.7,9.9,0.09917355371900827,2013
4,James Harden,38.3,7.5,17.1,0.438,2.3,6.2,0.368,5.2,10.9,0.477,0.504,8.6,10.2,0.851,0.8,4.1,4.9,5.8,1.8,0.5,3.8,2.3,25.9,0.0,33.0,1210.0,0.027,78.0,38.3,25.9,4.9,5.8,1.8,0.5,0.438,0.368,0.851,12.8,0.206,78.0,78.0,2985.0,585.0,1337.0,0.438,179.0,486.0,0.368,406.0,851.0,0.477,0.504,674.0,792.0,0.851,62.0,317.0,379.0,455.0,142.0,38.0,295.0,178.0,2023.0,1.0,22.9,0.6,0.364,0.592,2.4,11.9,7.2,25.7,2.4,1.0,14.9,29.0,9.8,3.0,12.8,0.206,5.2,0.5,5.6,5.8,0.0,2013
5,Russell Westbrook,34.9,8.2,18.7,0.438,1.2,3.7,0.323,7.0,15.1,0.466,0.47,5.6,7.0,0.8,1.4,3.9,5.2,7.4,1.8,0.3,3.3,2.3,23.2,0.0,9.0,1210.0,0.007,82.0,34.9,23.2,5.2,7.4,1.8,0.3,0.438,0.323,0.8,11.6,0.195,82.0,82.0,2861.0,673.0,1535.0,0.438,97.0,300.0,0.323,576.0,1235.0,0.466,0.47,460.0,575.0,0.8,111.0,317.0,428.0,607.0,145.0,24.0,273.0,189.0,1903.0,1.0,23.9,0.532,0.195,0.375,4.8,11.8,8.6,38.4,2.6,0.6,13.2,32.8,7.7,3.9,11.6,0.195,4.6,-0.2,4.4,4.6,0.0,2013
6,Stephen Curry,38.2,8.0,17.8,0.451,3.5,7.7,0.453,4.5,10.1,0.449,0.549,3.4,3.7,0.9,0.8,3.3,4.0,6.9,1.6,0.2,3.1,2.5,22.9,0.0,3.0,1210.0,0.002,78.0,38.2,22.9,4.0,6.9,1.6,0.2,0.451,0.453,0.9,11.2,0.18,78.0,78.0,2983.0,626.0,1388.0,0.451,272.0,600.0,0.453,354.0,788.0,0.449,0.549,262.0,291.0,0.9,59.0,255.0,314.0,539.0,126.0,12.0,240.0,198.0,1786.0,0.0,21.3,0.589,0.432,0.21,2.3,9.1,5.8,31.1,2.1,0.3,13.7,26.4,8.4,2.8,11.2,0.18,5.3,0.1,5.4,5.6,0.0,2013
7,Kyrie Irving,34.7,8.2,18.1,0.452,1.8,4.7,0.391,6.4,13.4,0.474,0.503,4.2,4.9,0.855,0.6,3.1,3.7,5.9,1.5,0.4,3.2,2.5,22.5,0.0,0.0,1210.0,0.0,0.0,0.0,0.0,0.0,0.0,0.0,0.0,0.0,0.0,0.0,0.0,0.0,59.0,59.0,2048.0,484.0,1070.0,0.452,109.0,279.0,0.391,375.0,791.0,0.474,0.503,248.0,290.0,0.855,34.0,182.0,216.0,350.0,89.0,21.0,191.0,146.0,1325.0,0.0,21.4,0.553,0.261,0.271,1.8,10.8,6.1,32.7,2.3,0.8,13.8,30.2,4.2,1.1,5.3,0.125,4.3,-0.7,3.7,3.0,0.0,2013
8,Dwyane Wade,34.7,8.2,15.8,0.521,0.2,1.0,0.258,8.0,14.9,0.537,0.528,4.5,6.2,0.725,1.2,3.7,5.0,5.1,1.9,0.8,2.8,2.0,21.2,0.0,5.0,1210.0,0.004,69.0,34.7,21.2,5.0,5.1,1.9,0.8,0.521,0.258,0.725,9.6,0.192,69.0,69.0,2391.0,569.0,1093.0,0.521,17.0,66.0,0.258,552.0,1027.0,0.537,0.528,308.0,425.0,0.725,86.0,258.0,344.0,352.0,128.0,56.0,194.0,140.0,1463.0,0.0,24.0,0.571,0.06,0.389,4.7,12.6,8.9,26.6,2.8,1.9,13.2,29.5,6.1,3.5,9.6,0.192,3.7,0.7,4.4,3.8,0.0,2013
9,LaMarcus Aldridge,37.7,8.6,17.8,0.484,0.0,0.2,0.143,8.6,17.6,0.488,0.485,3.8,4.7,0.81,2.4,6.7,9.1,2.6,0.8,1.2,1.9,2.5,21.1,0.0,0.0,1210.0,0.0,0.0,0.0,0.0,0.0,0.0,0.0,0.0,0.0,0.0,0.0,0.0,0.0,74.0,74.0,2790.0,638.0,1318.0,0.484,2.0,14.0,0.143,636.0,1304.0,0.488,0.485,282.0,348.0,0.81,175.0,495.0,670.0,192.0,62.0,91.0,143.0,187.0,1560.0,0.0,20.4,0.53,0.011,0.264,7.2,20.9,14.0,13.0,1.2,2.5,8.9,26.5,4.8,2.3,7.2,0.124,1.7,-0.4,1.3,2.3,0.0,2013
10,Tony Parker,32.9,7.9,15.1,0.522,0.4,1.0,0.353,7.5,14.0,0.534,0.534,4.2,5.0,0.845,0.3,2.7,3.0,7.6,0.8,0.1,2.6,1.4,20.3,0.0,86.0,1210.0,0.071,66.0,32.9,20.3,3.0,7.6,0.8,0.1,0.522,0.353,0.845,9.3,0.206,66.0,66.0,2174.0,519.0,995.0,0.522,24.0,68.0,0.353,495.0,927.0,0.534,0.534,279.0,330.0,0.845,18.0,180.0,198.0,499.0,54.0,6.0,170.0,92.0,1341.0,1.0,23.0,0.588,0.068,0.332,1.0,9.1,5.3,40.4,1.3,0.2,13.0,27.7,7.1,2.3,9.3,0.206,4.1,-0.5,3.6,3.1,0.0,2013
11,Brook Lopez,30.4,7.7,14.8,0.521,0.0,0.0,0.0,7.7,14.8,0.522,0.521,4.0,5.3,0.758,2.8,4.1,6.9,0.9,0.4,2.1,1.8,2.1,19.4,0.0,0.0,1210.0,0.0,0.0,0.0,0.0,0.0,0.0,0.0,0.0,0.0,0.0,0.0,0.0,0.0,74.0,74.0,2253.0,570.0,1094.0,0.521,0.0,1.0,0.0,570.0,1093.0,0.522,0.521,297.0,392.0,0.758,208.0,304.0,512.0,70.0,33.0,154.0,131.0,152.0,1437.0,0.0,24.7,0.567,0.001,0.358,10.8,16.1,13.4,6.4,0.8,5.2,9.4,28.6,6.4,2.6,9.0,0.191,3.4,-0.2,3.2,3.0,0.0,2013
12,Monta Ellis,37.5,7.3,17.5,0.416,1.1,4.0,0.287,6.1,13.5,0.454,0.448,3.5,4.6,0.773,0.5,3.3,3.9,6.0,2.1,0.4,3.1,2.0,19.2,0.0,0.0,1210.0,0.0,0.0,0.0,0.0,0.0,0.0,0.0,0.0,0.0,0.0,0.0,0.0,0.0,82.0,82.0,3076.0,597.0,1436.0,0.416,94.0,328.0,0.287,503.0,1108.0,0.454,0.448,289.0,374.0,0.773,45.0,271.0,316.0,496.0,169.0,36.0,254.0,164.0,1577.0,0.0,16.2,0.493,0.228,0.26,1.5,9.8,5.5,27.1,2.8,0.9,13.7,26.3,1.2,3.3,4.6,0.071,0.3,0.3,0.6,2.1,0.0,2013
13,Damian Lillard,38.6,6.7,15.7,0.429,2.3,6.1,0.368,4.5,9.6,0.469,0.501,3.3,3.9,0.844,0.5,2.6,3.1,6.5,0.9,0.2,3.0,2.1,19.0,0.0,0.0,1210.0,0.0,0.0,0.0,0.0,0.0,0.0,0.0,0.0,0.0,0.0,0.0,0.0,0.0,82.0,82.0,3167.0,553.0,1288.0,0.429,185.0,503.0,0.368,368.0,785.0,0.469,0.501,271.0,321.0,0.844,42.0,215.0,257.0,531.0,74.0,19.0,243.0,172.0,1562.0,0.0,16.4,0.546,0.391,0.249,1.5,8.0,4.7,28.8,1.2,0.5,14.5,24.2,5.1,0.7,5.8,0.088,2.1,-1.9,0.3,1.8,0.0,2013
14,Deron Williams,36.4,6.3,14.4,0.44,2.2,5.7,0.378,4.2,8.7,0.482,0.516,4.1,4.7,0.859,0.4,2.6,3.0,7.7,1.0,0.4,2.8,2.5,18.9,0.0,0.0,1210.0,0.0,0.0,0.0,0.0,0.0,0.0,0.0,0.0,0.0,0.0,0.0,0.0,0.0,78.0,78.0,2842.0,495.0,1124.0,0.44,169.0,447.0,0.378,326.0,677.0,0.482,0.516,317.0,369.0,0.859,29.0,203.0,232.0,604.0,75.0,30.0,218.0,194.0,1476.0,0.0,20.3,0.574,0.398,0.328,1.2,8.5,4.8,37.5,1.4,0.8,14.5,24.4,9.1,1.8,10.9,0.184,4.5,-0.7,3.8,4.2,0.0,2013
15,Paul Pierce,33.4,6.2,14.2,0.436,1.9,5.0,0.38,4.3,9.2,0.466,0.502,4.3,5.5,0.787,0.6,5.7,6.3,4.8,1.1,0.4,2.8,2.7,18.6,0.0,0.0,1210.0,0.0,0.0,0.0,0.0,0.0,0.0,0.0,0.0,0.0,0.0,0.0,0.0,0.0,77.0,77.0,2575.0,476.0,1092.0,0.436,145.0,382.0,0.38,331.0,710.0,0.466,0.502,333.0,423.0,0.787,45.0,442.0,487.0,370.0,84.0,30.0,214.0,210.0,1430.0,3.0,19.1,0.559,0.35,0.387,2.1,19.7,11.2,25.1,1.7,0.9,14.3,27.4,3.5,3.7,7.2,0.135,3.0,0.7,3.6,3.6,0.0,2013
16,David Lee,36.8,7.6,14.7,0.519,0.0,0.1,0.0,7.6,14.6,0.521,0.519,3.2,4.1,0.797,2.8,8.5,11.2,3.5,0.8,0.3,2.6,3.1,18.5,0.0,1.0,1210.0,0.001,79.0,36.8,18.5,11.2,3.5,0.8,0.3,0.519,0.0,0.797,9.1,0.15,79.0,79.0,2907.0,602.0,1160.0,0.519,0.0,4.0,0.0,602.0,1156.0,0.521,0.519,255.0,320.0,0.797,218.0,668.0,886.0,279.0,67.0,22.0,207.0,246.0,1459.0,1.0,19.2,0.561,0.003,0.276,8.5,24.5,16.8,16.5,1.2,0.6,13.7,23.2,5.4,3.7,9.1,0.15,1.4,0.4,1.8,2.8,0.0,2013
17,John Wall,32.7,6.6,15.0,0.441,0.2,0.9,0.267,6.4,14.1,0.452,0.449,5.0,6.2,0.804,0.7,3.3,4.0,7.6,1.3,0.8,3.2,2.4,18.5,0.0,0.0,1210.0,0.0,0.0,0.0,0.0,0.0,0.0,0.0,0.0,0.0,0.0,0.0,0.0,0.0,49.0,42.0,1602.0,324.0,735.0,0.441,12.0,45.0,0.267,312.0,690.0,0.452,0.449,246.0,306.0,0.804,35.0,161.0,196.0,373.0,65.0,37.0,157.0,117.0,906.0,0.0,20.8,0.521,0.061,0.416,2.4,11.2,6.8,43.9,2.1,1.8,15.3,29.3,2.2,2.2,4.5,0.134,2.7,1.1,3.9,2.4,0.0,2013
18,Kevin Love,34.3,5.8,16.6,0.352,1.1,5.1,0.217,4.7,11.4,0.413,0.386,5.6,7.9,0.704,3.6,10.4,14.0,2.3,0.7,0.5,2.2,1.9,18.3,0.0,0.0,1210.0,0.0,0.0,0.0,0.0,0.0,0.0,0.0,0.0,0.0,0.0,0.0,0.0,0.0,18.0,18.0,618.0,105.0,298.0,0.352,20.0,92.0,0.217,85.0,206.0,0.413,0.386,100.0,142.0,0.704,64.0,188.0,252.0,42.0,13.0,9.0,39.0,34.0,330.0,0.0,17.9,0.458,0.309,0.477,11.5,35.9,23.3,11.8,1.1,1.1,9.8,28.9,0.1,0.9,1.1,0.084,1.4,-1.0,0.4,0.4,0.0,2013
19,Rudy Gay,35.8,6.9,16.7,0.416,1.1,3.5,0.323,5.8,13.2,0.44,0.449,3.2,3.9,0.814,1.3,4.8,6.1,2.7,1.5,0.7,2.6,2.4,18.2,0.0,0.0,1210.0,0.0,0.0,0.0,0.0,0.0,0.0,0.0,0.0,0.0,0.0,0.0,0.0,0.0,75.0,74.0,2687.0,521.0,1253.0,0.416,84.0,260.0,0.323,437.0,993.0,0.44,0.449,240.0,295.0,0.814,99.0,362.0,461.0,202.0,113.0,53.0,198.0,182.0,1366.0,0.0,15.6,0.494,0.208,0.235,4.3,16.3,10.2,13.6,2.3,1.6,12.5,27.2,0.1,3.9,4.0,0.072,0.5,0.5,1.1,2.1,0.0,2013
20,DeMar DeRozan,36.7,6.7,15.0,0.445,0.4,1.5,0.283,6.3,13.5,0.463,0.459,4.3,5.2,0.831,0.6,3.3,3.9,2.5,0.9,0.3,1.8,2.1,18.1,0.0,0.0,1210.0,0.0,0.0,0.0,0.0,0.0,0.0,0.0,0.0,0.0,0.0,0.0,0.0,0.0,82.0,82.0,3013.0,548.0,1231.0,0.445,34.0,120.0,0.283,514.0,1111.0,0.463,0.459,355.0,427.0,0.831,48.0,272.0,320.0,204.0,76.0,24.0,151.0,173.0,1485.0,0.0,14.7,0.523,0.097,0.347,1.9,10.9,6.3,12.0,1.3,0.6,9.6,24.2,3.1,1.6,4.7,0.075,-0.2,-1.2,-1.4,0.4,0.0,2013
21,J.R. Smith,33.5,6.6,15.6,0.422,1.9,5.5,0.356,4.7,10.2,0.458,0.484,3.0,3.9,0.762,0.8,4.5,5.3,2.7,1.3,0.3,1.7,2.8,18.1,0.0,0.0,1210.0,0.0,0.0,0.0,0.0,0.0,0.0,0.0,0.0,0.0,0.0,0.0,0.0,0.0,80.0,0.0,2678.0,527.0,1249.0,0.422,155.0,436.0,0.356,372.0,813.0,0.458,0.484,237.0,311.0,0.762,64.0,361.0,425.0,218.0,100.0,24.0,134.0,226.0,1446.0,0.0,17.6,0.522,0.349,0.249,2.7,16.3,9.3,14.5,2.0,0.8,8.8,26.5,4.0,2.7,6.7,0.12,1.6,-0.4,1.3,2.2,0.0,2013
22,Blake Griffin,32.5,7.2,13.4,0.538,0.1,0.4,0.179,7.2,13.1,0.548,0.541,3.5,5.3,0.66,2.3,6.0,8.3,3.7,1.2,0.6,2.3,2.9,18.0,0.0,0.0,1210.0,0.0,0.0,0.0,0.0,0.0,0.0,0.0,0.0,0.0,0.0,0.0,0.0,0.0,80.0,80.0,2598.0,577.0,1072.0,0.538,5.0,28.0,0.179,572.0,1044.0,0.548,0.541,281.0,426.0,0.66,186.0,476.0,662.0,299.0,97.0,50.0,185.0,231.0,1440.0,1.0,22.4,0.572,0.026,0.397,8.7,21.5,15.2,19.9,2.0,1.6,12.8,25.4,6.8,3.9,10.6,0.196,3.2,0.8,4.1,4.0,0.0,2013
23,Tim Duncan,30.1,7.1,14.1,0.502,0.0,0.1,0.286,7.1,14.0,0.504,0.503,3.6,4.3,0.817,1.8,8.1,9.9,2.7,0.7,2.7,2.1,1.7,17.8,0.0,65.0,1210.0,0.054,69.0,30.1,17.8,9.9,2.7,0.7,2.7,0.502,0.286,0.817,8.3,0.191,69.0,69.0,2078.0,490.0,976.0,0.502,2.0,7.0,0.286,488.0,969.0,0.504,0.503,245.0,300.0,0.817,124.0,562.0,686.0,184.0,50.0,183.0,147.0,117.0,1227.0,0.0,24.4,0.554,0.007,0.307,7.3,29.6,19.1,15.5,1.2,6.4,11.7,27.8,3.4,4.9,8.3,0.191,2.4,2.9,5.3,3.8,0.0,2013
24,Al Jefferson,33.1,7.8,15.8,0.494,0.0,0.2,0.118,7.8,15.6,0.5,0.495,2.1,2.8,0.77,2.0,7.2,9.2,2.1,1.0,1.1,1.3,2.2,17.8,0.0,0.0,1210.0,0.0,0.0,0.0,0.0,0.0,0.0,0.0,0.0,0.0,0.0,0.0,0.0,0.0,78.0,78.0,2578.0,611.0,1236.0,0.494,2.0,17.0,0.118,609.0,1219.0,0.5,0.495,167.0,217.0,0.77,156.0,564.0,720.0,164.0,80.0,89.0,105.0,170.0,1391.0,0.0,20.9,0.522,0.014,0.176,7.0,25.9,16.3,12.0,1.6,2.7,7.3,25.3,4.3,3.3,7.7,0.143,2.2,0.1,2.4,2.8,0.0,2013
25,Jrue Holiday,37.5,7.1,16.5,0.431,1.2,3.2,0.368,5.9,13.3,0.446,0.466,2.3,3.1,0.752,1.1,3.1,4.2,8.0,1.6,0.4,3.7,2.2,17.7,0.0,0.0,1210.0,0.0,0.0,0.0,0.0,0.0,0.0,0.0,0.0,0.0,0.0,0.0,0.0,0.0,78.0,78.0,2926.0,555.0,1288.0,0.431,91.0,247.0,0.368,464.0,1041.0,0.446,0.466,182.0,242.0,0.752,89.0,240.0,329.0,625.0,123.0,32.0,292.0,170.0,1383.0,1.0,16.7,0.496,0.192,0.188,3.3,9.5,6.4,36.5,2.2,0.9,17.3,26.6,0.6,2.7,3.3,0.055,1.2,-0.7,0.5,1.9,0.0,2013
26,Kemba Walker,34.9,6.4,15.2,0.423,1.3,4.0,0.322,5.1,11.1,0.459,0.466,3.6,4.5,0.798,0.7,2.7,3.5,5.7,2.0,0.4,2.4,1.9,17.7,0.0,0.0,1210.0,0.0,0.0,0.0,0.0,0.0,0.0,0.0,0.0,0.0,0.0,0.0,0.0,0.0,82.0,82.0,2859.0,526.0,1244.0,0.423,107.0,332.0,0.322,419.0,912.0,0.459,0.466,296.0,371.0,0.798,60.0,223.0,283.0,471.0,160.0,31.0,200.0,153.0,1455.0,0.0,18.8,0.517,0.267,0.298,2.3,9.2,5.7,31.2,2.9,0.9,12.4,25.6,3.7,1.1,4.8,0.08,2.2,-0.8,1.4,2.4,0.0,2013
27,Brandon Jennings,36.2,6.2,15.6,0.399,2.2,5.8,0.375,4.1,9.8,0.412,0.468,2.9,3.5,0.819,0.7,2.3,3.1,6.5,1.6,0.1,2.5,1.9,17.5,0.0,0.0,1210.0,0.0,0.0,0.0,0.0,0.0,0.0,0.0,0.0,0.0,0.0,0.0,0.0,0.0,80.0,80.0,2897.0,497.0,1247.0,0.399,173.0,461.0,0.375,324.0,786.0,0.412,0.468,230.0,281.0,0.819,59.0,187.0,246.0,521.0,125.0,10.0,203.0,155.0,1397.0,0.0,16.1,0.51,0.37,0.225,2.1,7.2,4.6,29.1,2.2,0.3,12.9,23.7,3.6,2.2,5.8,0.096,1.7,-0.6,1.1,2.2,0.0,2013
28,Josh Smith,35.3,7.2,15.6,0.465,0.8,2.6,0.303,6.4,12.9,0.498,0.491,2.2,4.2,0.517,1.8,6.7,8.4,4.2,1.2,1.8,3.0,2.3,17.5,0.0,0.0,1210.0,0.0,0.0,0.0,0.0,0.0,0.0,0.0,0.0,0.0,0.0,0.0,0.0,0.0,76.0,76.0,2683.0,550.0,1182.0,0.465,61.0,201.0,0.303,489.0,981.0,0.498,0.491,166.0,321.0,0.517,133.0,506.0,639.0,321.0,94.0,136.0,226.0,175.0,1327.0,0.0,17.7,0.501,0.17,0.272,5.8,21.3,13.6,20.9,1.8,3.9,14.6,26.7,-0.3,4.5,4.2,0.075,0.3,1.5,1.8,2.5,0.0,2013
29,Paul George,37.6,6.2,14.9,0.419,2.2,5.9,0.362,4.1,8.9,0.457,0.491,2.8,3.5,0.807,1.1,6.5,7.6,4.1,1.8,0.6,2.9,2.9,17.4,0.0,0.0,1210.0,0.0,0.0,0.0,0.0,0.0,0.0,0.0,0.0,0.0,0.0,0.0,0.0,0.0,79.0,79.0,2972.0,493.0,1176.0,0.419,170.0,469.0,0.362,323.0,707.0,0.457,0.491,221.0,274.0,0.807,88.0,515.0,603.0,327.0,143.0,51.0,233.0,227.0,1377.0,1.0,16.8,0.531,0.399,0.233,3.4,19.0,11.3,19.6,2.6,1.3,15.2,23.5,2.7,6.3,9.0,0.145,1.5,2.3,3.8,4.4,0.0,2013
30,Al Horford,37.2,7.8,14.3,0.543,0.0,0.1,0.5,7.7,14.2,0.544,0.545,1.8,2.8,0.644,2.6,7.6,10.2,3.2,1.1,1.1,2.0,2.2,17.4,0.0,0.0,1210.0,0.0,0.0,0.0,0.0,0.0,0.0,0.0,0.0,0.0,0.0,0.0,0.0,0.0,74.0,74.0,2756.0,576.0,1060.0,0.543,3.0,6.0,0.5,573.0,1054.0,0.544,0.545,134.0,208.0,0.644,195.0,562.0,757.0,240.0,78.0,78.0,147.0,163.0,1289.0,0.0,19.8,0.56,0.006,0.196,8.2,23.0,15.7,15.3,1.5,2.2,11.3,21.8,4.7,4.1,8.8,0.153,1.3,0.6,1.9,2.7,0.0,2013
31,Dirk Nowitzki,31.3,6.5,13.7,0.471,1.2,3.0,0.414,5.2,10.8,0.487,0.516,3.1,3.6,0.86,0.7,6.2,6.8,2.5,0.7,0.7,1.3,1.8,17.3,0.0,0.0,1210.0,0.0,0.0,0.0,0.0,0.0,0.0,0.0,0.0,0.0,0.0,0.0,0.0,0.0,53.0,47.0,1661.0,343.0,728.0,0.471,65.0,157.0,0.414,278.0,571.0,0.487,0.516,166.0,193.0,0.86,37.0,326.0,363.0,132.0,38.0,37.0,70.0,93.0,917.0,0.0,19.8,0.564,0.216,0.265,2.5,21.5,12.2,13.5,1.2,1.7,7.9,24.2,3.3,1.8,5.0,0.145,3.0,0.1,3.1,2.2,0.0,2013
32,DeMarcus Cousins,30.5,6.4,13.8,0.465,0.1,0.3,0.182,6.4,13.5,0.471,0.467,4.2,5.6,0.738,3.0,7.0,9.9,2.7,1.4,0.7,3.0,3.6,17.1,0.0,0.0,1210.0,0.0,0.0,0.0,0.0,0.0,0.0,0.0,0.0,0.0,0.0,0.0,0.0,0.0,75.0,74.0,2289.0,482.0,1036.0,0.465,4.0,22.0,0.182,478.0,1014.0,0.471,0.467,312.0,423.0,0.738,222.0,524.0,746.0,199.0,108.0,55.0,225.0,269.0,1280.0,1.0,20.2,0.524,0.021,0.408,10.9,27.0,18.7,15.3,2.4,1.9,15.5,28.1,2.0,2.3,4.4,0.092,0.7,-0.5,0.2,1.2,0.0,2013
33,Dwight Howard,35.8,6.2,10.7,0.578,0.0,0.1,0.167,6.2,10.6,0.581,0.579,4.7,9.5,0.492,3.3,9.1,12.4,1.4,1.1,2.4,3.0,3.8,17.1,0.0,0.0,1210.0,0.0,0.0,0.0,0.0,0.0,0.0,0.0,0.0,0.0,0.0,0.0,0.0,0.0,76.0,76.0,2722.0,470.0,813.0,0.578,1.0,6.0,0.167,469.0,807.0,0.581,0.579,355.0,721.0,0.492,251.0,694.0,945.0,108.0,84.0,186.0,225.0,291.0,1296.0,0.0,19.4,0.573,0.007,0.887,10.4,27.4,19.1,6.6,1.6,4.9,16.6,22.2,2.8,4.8,7.6,0.134,-0.6,1.1,0.6,1.8,0.0,2013
34,David West,33.4,6.9,13.8,0.498,0.1,0.3,0.211,6.8,13.6,0.503,0.5,3.3,4.3,0.768,2.0,5.7,7.7,2.9,1.0,0.9,2.2,2.0,17.1,0.0,0.0,1210.0,0.0,0.0,0.0,0.0,0.0,0.0,0.0,0.0,0.0,0.0,0.0,0.0,0.0,73.0,73.0,2435.0,502.0,1009.0,0.498,4.0,19.0,0.211,498.0,990.0,0.503,0.5,242.0,315.0,0.768,145.0,418.0,563.0,213.0,74.0,69.0,157.0,149.0,1250.0,1.0,20.1,0.545,0.019,0.312,6.8,18.8,12.9,16.8,1.6,2.1,12.0,24.4,4.4,4.7,9.1,0.179,2.4,1.5,4.0,3.7,0.0,2013
35,Eric Gordon,30.1,5.6,13.9,0.402,1.3,4.1,0.324,4.3,9.8,0.436,0.45,4.5,5.3,0.842,0.2,1.6,1.8,3.3,1.1,0.2,2.8,1.8,17.0,0.0,0.0,1210.0,0.0,0.0,0.0,0.0,0.0,0.0,0.0,0.0,0.0,0.0,0.0,0.0,0.0,42.0,40.0,1264.0,235.0,584.0,0.402,56.0,173.0,0.324,179.0,411.0,0.436,0.45,187.0,222.0,0.842,10.0,67.0,77.0,137.0,45.0,8.0,117.0,75.0,713.0,0.0,15.4,0.523,0.296,0.38,0.9,6.4,3.6,19.3,1.9,0.5,14.6,29.4,0.8,0.3,1.1,0.042,0.6,-1.9,-1.3,0.2,0.0,2013
36,Chris Paul,33.4,5.9,12.2,0.481,1.1,3.3,0.328,4.8,8.9,0.538,0.526,4.1,4.6,0.885,0.8,3.0,3.7,9.7,2.4,0.1,2.3,2.0,16.9,0.0,289.0,1210.0,0.239,70.0,33.4,16.9,3.7,9.7,2.4,0.1,0.481,0.328,0.885,13.9,0.287,70.0,70.0,2335.0,412.0,856.0,0.481,76.0,232.0,0.328,336.0,624.0,0.538,0.526,286.0,323.0,0.885,53.0,209.0,262.0,678.0,169.0,10.0,159.0,143.0,1186.0,0.0,26.4,0.594,0.271,0.377,2.8,10.5,6.7,46.5,3.8,0.4,13.7,22.6,10.6,3.4,13.9,0.287,6.4,2.4,8.8,6.4,0.0,2013
37,Ty Lawson,34.4,6.1,13.3,0.461,1.2,3.2,0.366,5.0,10.1,0.491,0.505,3.2,4.3,0.756,0.5,2.2,2.7,6.9,1.5,0.1,2.5,1.8,16.7,0.0,1.0,1210.0,0.001,73.0,34.4,16.7,2.7,6.9,1.5,0.1,0.461,0.366,0.756,7.4,0.141,73.0,71.0,2513.0,448.0,971.0,0.461,85.0,232.0,0.366,363.0,739.0,0.491,0.505,235.0,311.0,0.756,36.0,162.0,198.0,501.0,107.0,8.0,182.0,135.0,1216.0,0.0,17.9,0.549,0.239,0.32,1.6,7.1,4.4,30.2,2.1,0.2,14.1,22.3,5.6,1.8,7.4,0.141,2.5,-0.5,2.0,2.5,0.0,2013
38,Chris Bosh,33.2,6.6,12.3,0.535,0.3,1.0,0.284,6.3,11.3,0.557,0.546,3.3,4.1,0.798,1.8,5.0,6.8,1.7,0.9,1.4,1.7,2.3,16.6,0.0,0.0,1210.0,0.0,0.0,0.0,0.0,0.0,0.0,0.0,0.0,0.0,0.0,0.0,0.0,0.0,74.0,74.0,2454.0,485.0,907.0,0.535,21.0,74.0,0.284,464.0,833.0,0.557,0.546,241.0,302.0,0.798,131.0,370.0,501.0,123.0,66.0,101.0,128.0,168.0,1232.0,0.0,20.0,0.592,0.082,0.333,7.0,17.6,12.6,8.4,1.4,3.4,11.0,22.7,5.6,3.4,9.0,0.175,1.5,-0.2,1.3,2.1,0.0,2013
39,Klay Thompson,35.8,6.2,14.7,0.422,2.6,6.4,0.401,3.6,8.3,0.437,0.509,1.6,1.9,0.841,0.4,3.3,3.7,2.2,1.0,0.5,1.9,2.9,16.6,0.0,0.0,1210.0,0.0,0.0,0.0,0.0,0.0,0.0,0.0,0.0,0.0,0.0,0.0,0.0,0.0,82.0,82.0,2936.0,508.0,1205.0,0.422,211.0,526.0,0.401,297.0,679.0,0.437,0.509,132.0,157.0,0.841,32.0,274.0,306.0,183.0,86.0,45.0,157.0,237.0,1359.0,0.0,12.7,0.533,0.437,0.13,1.2,10.0,5.7,10.1,1.5,1.2,11.0,21.8,1.7,2.6,4.3,0.07,-0.1,-0.2,-0.3,1.3,0.0,2013
40,Arron Afflalo,36.0,6.2,14.1,0.439,1.1,3.8,0.3,5.1,10.4,0.489,0.478,3.0,3.5,0.857,0.5,3.3,3.7,3.2,0.6,0.2,2.2,2.1,16.5,0.0,0.0,1210.0,0.0,0.0,0.0,0.0,0.0,0.0,0.0,0.0,0.0,0.0,0.0,0.0,0.0,64.0,64.0,2307.0,397.0,905.0,0.439,72.0,240.0,0.3,325.0,665.0,0.489,0.478,191.0,223.0,0.857,29.0,210.0,239.0,206.0,40.0,11.0,138.0,137.0,1057.0,0.0,13.0,0.527,0.265,0.246,1.4,10.3,5.8,14.6,0.9,0.4,12.1,22.5,1.5,0.5,2.0,0.042,-1.1,-1.8,-2.9,-0.5,0.0,2013
41,Jamal Crawford,29.3,5.9,13.4,0.438,2.0,5.2,0.376,3.9,8.2,0.477,0.511,2.8,3.3,0.871,0.3,1.4,1.7,2.5,1.0,0.2,1.9,0.9,16.5,0.0,0.0,1210.0,0.0,0.0,0.0,0.0,0.0,0.0,0.0,0.0,0.0,0.0,0.0,0.0,0.0,76.0,0.0,2230.0,445.0,1016.0,0.438,149.0,396.0,0.376,296.0,620.0,0.477,0.511,216.0,248.0,0.871,22.0,106.0,128.0,193.0,79.0,13.0,146.0,71.0,1255.0,0.0,16.8,0.558,0.39,0.244,1.2,5.6,3.4,14.4,1.9,0.5,11.5,26.0,3.7,1.7,5.4,0.116,2.3,-1.3,1.0,1.7,0.0,2013
42,Luol Deng,38.7,6.2,14.6,0.426,1.0,3.1,0.322,5.2,11.5,0.455,0.461,3.1,3.8,0.816,2.2,4.2,6.3,3.0,1.1,0.4,1.9,1.4,16.5,0.0,0.0,1210.0,0.0,0.0,0.0,0.0,0.0,0.0,0.0,0.0,0.0,0.0,0.0,0.0,0.0,75.0,75.0,2903.0,466.0,1093.0,0.426,75.0,233.0,0.322,391.0,860.0,0.455,0.461,230.0,282.0,0.816,162.0,314.0,476.0,222.0,81.0,32.0,144.0,105.0,1237.0,0.0,15.1,0.508,0.213,0.258,6.3,12.6,9.4,13.2,1.5,0.8,10.6,21.5,3.0,3.3,6.3,0.105,1.0,-0.3,0.8,2.0,0.0,2013
43,Joe Johnson,36.7,6.2,14.6,0.423,2.1,5.5,0.375,4.1,9.1,0.452,0.493,1.8,2.2,0.82,0.7,2.3,3.0,3.5,0.7,0.2,1.7,1.4,16.3,0.0,0.0,1210.0,0.0,0.0,0.0,0.0,0.0,0.0,0.0,0.0,0.0,0.0,0.0,0.0,0.0,72.0,72.0,2642.0,445.0,1052.0,0.423,148.0,395.0,0.375,297.0,657.0,0.452,0.493,132.0,161.0,0.82,53.0,165.0,218.0,253.0,49.0,14.0,123.0,99.0,1170.0,0.0,14.1,0.521,0.375,0.153,2.4,7.4,4.9,16.7,1.0,0.4,9.9,21.7,3.9,1.2,5.1,0.092,1.4,-1.4,0.0,1.3,0.0,2013
44,Nikola Peković,31.6,6.2,12.0,0.52,0.0,0.0,0.0,6.2,12.0,0.52,0.52,3.9,5.2,0.744,3.7,5.1,8.8,0.9,0.7,0.8,1.6,2.3,16.3,0.0,0.0,1210.0,0.0,0.0,0.0,0.0,0.0,0.0,0.0,0.0,0.0,0.0,0.0,0.0,0.0,62.0,62.0,1959.0,385.0,741.0,0.52,0.0,0.0,0.0,385.0,741.0,0.52,0.52,241.0,324.0,0.744,230.0,315.0,545.0,53.0,43.0,50.0,101.0,143.0,1011.0,0.0,20.2,0.572,0.0,0.437,13.0,19.0,15.9,4.9,1.1,2.0,10.3,22.5,4.6,2.1,6.7,0.163,1.7,-1.2,0.5,1.2,0.0,2013
45,Ryan Anderson,30.9,5.8,13.8,0.423,2.6,6.9,0.382,3.2,6.9,0.464,0.519,1.9,2.2,0.844,2.4,4.0,6.4,1.2,0.5,0.4,1.2,2.2,16.2,0.0,0.0,1210.0,0.0,0.0,0.0,0.0,0.0,0.0,0.0,0.0,0.0,0.0,0.0,0.0,0.0,81.0,22.0,2503.0,472.0,1115.0,0.423,213.0,557.0,0.382,259.0,558.0,0.464,0.519,152.0,180.0,0.844,191.0,328.0,519.0,97.0,42.0,31.0,97.0,179.0,1309.0,0.0,18.1,0.548,0.5,0.161,8.9,15.9,12.4,6.9,0.9,1.0,7.5,24.0,5.7,0.8,6.5,0.125,4.1,-2.1,2.0,2.5,0.0,2013
46,Carlos Boozer,32.2,6.9,14.4,0.477,0.0,0.0,0.0,6.9,14.4,0.478,0.477,2.4,3.3,0.731,2.2,7.5,9.8,2.3,0.8,0.4,2.2,3.0,16.2,0.0,0.0,1210.0,0.0,0.0,0.0,0.0,0.0,0.0,0.0,0.0,0.0,0.0,0.0,0.0,0.0,79.0,79.0,2546.0,544.0,1140.0,0.477,0.0,2.0,0.0,544.0,1138.0,0.478,0.477,193.0,264.0,0.731,175.0,596.0,771.0,179.0,66.0,28.0,176.0,239.0,1281.0,0.0,17.1,0.51,0.002,0.232,7.8,27.2,17.4,13.4,1.4,0.8,12.3,25.8,1.4,4.3,5.7,0.108,-0.3,0.2,-0.1,1.2,0.0,2013
47,Danilo Gallinari,32.5,5.1,12.3,0.418,1.9,5.1,0.373,3.2,7.2,0.45,0.495,4.0,4.9,0.822,0.9,4.3,5.2,2.5,0.9,0.5,1.6,1.8,16.2,0.0,0.0,1210.0,0.0,0.0,0.0,0.0,0.0,0.0,0.0,0.0,0.0,0.0,0.0,0.0,0.0,71.0,71.0,2309.0,364.0,871.0,0.418,135.0,362.0,0.373,229.0,509.0,0.45,0.495,286.0,348.0,0.822,65.0,302.0,367.0,176.0,64.0,36.0,111.0,130.0,1149.0,0.0,16.7,0.561,0.416,0.4,3.2,14.4,8.9,11.2,1.4,1.2,9.8,21.3,5.2,2.0,7.2,0.151,2.9,-0.1,2.8,2.8,0.0,2013
48,Greg Monroe,33.2,6.3,13.1,0.486,0.0,0.0,0.0,6.3,13.0,0.488,0.486,3.3,4.8,0.689,2.9,6.7,9.6,3.5,1.3,0.7,2.9,2.3,16.0,0.0,0.0,1210.0,0.0,0.0,0.0,0.0,0.0,0.0,0.0,0.0,0.0,0.0,0.0,0.0,0.0,81.0,81.0,2687.0,514.0,1058.0,0.486,0.0,4.0,0.0,514.0,1054.0,0.488,0.486,270.0,392.0,0.689,236.0,541.0,777.0,281.0,105.0,55.0,234.0,190.0,1298.0,1.0,19.5,0.527,0.004,0.371,9.9,23.6,16.7,18.6,2.1,1.6,16.0,24.8,2.7,3.2,5.9,0.105,1.5,0.4,1.8,2.6,0.0,2013
49,Gerald Henderson,31.4,5.6,12.6,0.447,0.5,1.5,0.33,5.1,11.1,0.462,0.466,3.8,4.6,0.824,0.8,2.9,3.7,2.6,1.0,0.5,1.6,2.2,15.5,0.0,0.0,1210.0,0.0,0.0,0.0,0.0,0.0,0.0,0.0,0.0,0.0,0.0,0.0,0.0,0.0,68.0,58.0,2133.0,382.0,855.0,0.447,33.0,100.0,0.33,349.0,755.0,0.462,0.466,258.0,313.0,0.824,55.0,195.0,250.0,177.0,68.0,34.0,108.0,149.0,1055.0,0.0,16.4,0.531,0.117,0.366,2.9,10.8,6.7,15.6,1.7,1.3,9.8,23.5,2.9,0.3,3.3,0.073,0.3,-1.4,-1.1,0.5,0.0,2013
50,Chandler Parsons,36.3,6.0,12.4,0.486,2.0,5.2,0.385,4.0,7.2,0.559,0.567,1.5,2.0,0.729,1.0,4.3,5.3,3.5,1.0,0.4,1.9,1.9,15.5,0.0,0.0,1210.0,0.0,0.0,0.0,0.0,0.0,0.0,0.0,0.0,0.0,0.0,0.0,0.0,0.0,76.0,76.0,2758.0,456.0,939.0,0.486,152.0,395.0,0.385,304.0,544.0,0.559,0.567,113.0,155.0,0.729,79.0,325.0,404.0,269.0,75.0,32.0,147.0,148.0,1177.0,0.0,15.3,0.584,0.421,0.165,3.3,13.2,8.3,15.6,1.4,0.9,12.7,18.3,4.9,2.1,7.0,0.121,2.0,0.0,2.0,2.8,0.0,2013
51,Zach Randolph,34.3,6.2,13.5,0.46,0.0,0.3,0.087,6.2,13.2,0.469,0.461,3.0,3.9,0.75,4.1,7.2,11.2,1.4,0.8,0.4,2.0,2.4,15.4,0.0,0.0,1210.0,0.0,0.0,0.0,0.0,0.0,0.0,0.0,0.0,0.0,0.0,0.0,0.0,0.0,76.0,75.0,2607.0,471.0,1024.0,0.46,2.0,23.0,0.087,469.0,1001.0,0.469,0.461,225.0,300.0,0.75,310.0,544.0,854.0,108.0,61.0,31.0,150.0,180.0,1169.0,0.0,17.9,0.506,0.022,0.293,13.8,25.1,19.3,7.3,1.3,1.0,11.5,23.1,3.2,4.7,7.9,0.145,1.0,-0.7,0.2,1.5,0.0,2013
52,O.J. Mayo,35.5,5.6,12.5,0.449,1.7,4.3,0.407,3.9,8.3,0.471,0.519,2.3,2.8,0.82,0.4,3.1,3.5,4.4,1.1,0.3,2.6,2.4,15.3,0.0,0.0,1210.0,0.0,0.0,0.0,0.0,0.0,0.0,0.0,0.0,0.0,0.0,0.0,0.0,0.0,82.0,82.0,2913.0,461.0,1026.0,0.449,142.0,349.0,0.407,319.0,677.0,0.471,0.519,191.0,233.0,0.82,36.0,255.0,291.0,361.0,93.0,23.0,210.0,195.0,1255.0,0.0,13.9,0.556,0.34,0.227,1.4,9.6,5.6,19.4,1.6,0.6,15.7,20.9,2.3,1.8,4.2,0.069,0.1,-0.6,-0.5,1.1,0.0,2013
53,Tyreke Evans,31.0,5.6,11.8,0.478,0.7,2.0,0.338,4.9,9.7,0.508,0.508,3.2,4.2,0.775,0.9,3.6,4.4,3.5,1.4,0.4,2.0,2.0,15.2,0.0,0.0,1210.0,0.0,0.0,0.0,0.0,0.0,0.0,0.0,0.0,0.0,0.0,0.0,0.0,0.0,65.0,61.0,2016.0,366.0,765.0,0.478,45.0,133.0,0.338,321.0,632.0,0.508,0.508,210.0,271.0,0.775,56.0,231.0,287.0,229.0,90.0,27.0,128.0,133.0,987.0,0.0,18.1,0.558,0.174,0.354,3.1,13.5,8.2,19.0,2.3,1.0,12.6,22.3,3.6,0.8,4.4,0.105,2.0,-0.2,1.8,1.9,0.0,2013
54,Glen Davis,31.3,6.3,14.1,0.448,0.0,0.1,0.0,6.3,14.0,0.45,0.448,2.5,3.4,0.718,1.6,5.6,7.2,2.1,0.9,0.6,1.9,2.6,15.1,0.0,0.0,1210.0,0.0,0.0,0.0,0.0,0.0,0.0,0.0,0.0,0.0,0.0,0.0,0.0,0.0,34.0,33.0,1064.0,214.0,478.0,0.448,0.0,2.0,0.0,214.0,476.0,0.45,0.448,84.0,117.0,0.718,55.0,191.0,246.0,70.0,32.0,21.0,64.0,88.0,512.0,0.0,15.0,0.483,0.004,0.245,5.8,20.3,13.1,11.3,1.6,1.5,10.8,25.4,-0.1,0.9,0.8,0.035,-1.6,-0.3,-1.9,0.0,0.0,2013
55,Kevin Garnett,29.7,6.2,12.5,0.496,0.0,0.2,0.125,6.2,12.3,0.504,0.498,2.3,3.0,0.786,1.1,6.7,7.8,2.3,1.1,0.9,1.6,2.3,14.8,0.0,1.0,1210.0,0.001,68.0,29.7,14.8,7.8,2.3,1.1,0.9,0.496,0.125,0.786,5.6,0.133,68.0,68.0,2022.0,422.0,850.0,0.496,2.0,16.0,0.125,420.0,834.0,0.504,0.498,158.0,201.0,0.786,75.0,455.0,530.0,159.0,78.0,62.0,110.0,154.0,1004.0,0.0,19.2,0.535,0.019,0.236,4.5,25.8,15.5,14.4,2.0,2.4,10.5,24.5,1.8,3.8,5.6,0.133,0.9,1.7,2.6,2.3,0.0,2013
56,Wesley Matthews,34.8,5.1,11.7,0.436,2.4,6.2,0.398,2.7,5.6,0.478,0.54,2.2,2.7,0.797,0.5,2.3,2.8,2.5,1.3,0.3,1.6,2.5,14.8,0.0,0.0,1210.0,0.0,0.0,0.0,0.0,0.0,0.0,0.0,0.0,0.0,0.0,0.0,0.0,0.0,69.0,69.0,2403.0,352.0,808.0,0.436,169.0,425.0,0.398,183.0,383.0,0.478,0.54,149.0,187.0,0.797,35.0,156.0,191.0,174.0,90.0,18.0,109.0,172.0,1022.0,0.0,14.1,0.574,0.526,0.231,1.7,7.6,4.6,11.8,2.0,0.6,10.9,19.1,3.6,1.0,4.7,0.093,0.7,-0.2,0.5,1.5,0.0,2013
57,Thaddeus Young,34.6,6.7,12.6,0.531,0.0,0.1,0.125,6.7,12.5,0.535,0.532,1.4,2.5,0.574,2.4,5.1,7.5,1.6,1.8,0.7,1.2,2.5,14.8,0.0,0.0,1210.0,0.0,0.0,0.0,0.0,0.0,0.0,0.0,0.0,0.0,0.0,0.0,0.0,0.0,76.0,76.0,2629.0,509.0,958.0,0.531,1.0,8.0,0.125,508.0,950.0,0.535,0.532,108.0,188.0,0.574,182.0,389.0,571.0,125.0,133.0,55.0,90.0,191.0,1127.0,0.0,18.2,0.541,0.008,0.196,7.6,17.2,12.3,8.2,2.7,1.6,8.0,19.8,3.7,3.7,7.4,0.136,0.2,1.0,1.2,2.1,0.0,2013
58,Goran Dragić,33.5,5.2,11.8,0.443,1.1,3.6,0.319,4.1,8.2,0.497,0.491,3.2,4.2,0.748,0.8,2.3,3.1,7.4,1.6,0.3,2.8,2.8,14.7,0.0,0.0,1210.0,0.0,0.0,0.0,0.0,0.0,0.0,0.0,0.0,0.0,0.0,0.0,0.0,0.0,77.0,77.0,2581.0,401.0,906.0,0.443,88.0,276.0,0.319,313.0,630.0,0.497,0.491,244.0,326.0,0.748,60.0,178.0,238.0,569.0,124.0,26.0,212.0,214.0,1134.0,0.0,17.5,0.54,0.305,0.36,2.6,8.0,5.2,35.7,2.5,0.8,16.8,21.7,4.1,1.6,5.7,0.106,1.7,-0.3,1.4,2.2,0.0,2013
59,Jameer Nelson,35.3,5.5,13.9,0.392,2.2,6.3,0.341,3.3,7.6,0.435,0.47,1.6,1.8,0.873,0.4,3.3,3.7,7.4,1.3,0.1,2.8,2.9,14.7,0.0,0.0,1210.0,0.0,0.0,0.0,0.0,0.0,0.0,0.0,0.0,0.0,0.0,0.0,0.0,0.0,56.0,56.0,1977.0,306.0,780.0,0.392,121.0,355.0,0.341,185.0,425.0,0.435,0.47,89.0,102.0,0.873,23.0,186.0,209.0,413.0,71.0,6.0,154.0,161.0,822.0,0.0,14.4,0.498,0.455,0.131,1.3,10.6,6.0,33.3,1.9,0.2,15.7,22.5,1.1,1.0,2.1,0.05,0.1,-1.3,-1.2,0.4,0.0,2013
60,Dion Waiters,28.8,5.5,13.4,0.412,1.0,3.3,0.31,4.5,10.0,0.446,0.451,2.6,3.5,0.746,0.4,2.1,2.4,3.0,1.0,0.3,2.0,1.9,14.7,0.0,0.0,1210.0,0.0,0.0,0.0,0.0,0.0,0.0,0.0,0.0,0.0,0.0,0.0,0.0,0.0,61.0,48.0,1756.0,336.0,815.0,0.412,63.0,203.0,0.31,273.0,612.0,0.446,0.451,159.0,213.0,0.746,22.0,127.0,149.0,183.0,59.0,16.0,121.0,113.0,894.0,0.0,13.7,0.492,0.249,0.261,1.4,8.8,4.9,18.4,1.7,0.7,11.8,26.1,0.3,0.6,0.9,0.026,-0.4,-1.8,-2.1,-0.1,0.0,2013
61,Mike Conley,34.5,5.2,11.8,0.44,1.3,3.7,0.362,3.9,8.1,0.476,0.497,2.9,3.5,0.83,0.5,2.3,2.8,6.1,2.2,0.3,2.4,2.1,14.6,0.0,0.0,1210.0,0.0,0.0,0.0,0.0,0.0,0.0,0.0,0.0,0.0,0.0,0.0,0.0,0.0,80.0,80.0,2757.0,414.0,940.0,0.44,106.0,293.0,0.362,308.0,647.0,0.476,0.497,234.0,282.0,0.83,43.0,182.0,225.0,487.0,174.0,24.0,189.0,171.0,1168.0,0.0,18.3,0.549,0.312,0.3,1.8,7.9,4.8,29.5,3.4,0.7,15.1,21.0,5.1,4.7,9.9,0.172,2.3,2.3,4.6,4.6,0.0,2013
62,Paul Millsap,30.4,5.5,11.2,0.49,0.2,0.5,0.333,5.3,10.7,0.498,0.498,3.4,4.6,0.742,2.3,4.8,7.1,2.6,1.3,1.0,1.8,3.0,14.6,0.0,0.0,1210.0,0.0,0.0,0.0,0.0,0.0,0.0,0.0,0.0,0.0,0.0,0.0,0.0,0.0,78.0,78.0,2375.0,429.0,875.0,0.49,13.0,39.0,0.333,416.0,836.0,0.498,0.498,264.0,356.0,0.742,177.0,377.0,554.0,201.0,102.0,80.0,138.0,232.0,1135.0,0.0,19.8,0.55,0.045,0.407,8.6,18.8,13.7,14.5,2.3,2.7,11.8,22.4,4.8,2.9,7.6,0.154,1.7,1.0,2.7,2.8,0.0,2013
63,Jeff Teague,32.9,5.5,12.2,0.451,1.1,3.1,0.359,4.4,9.1,0.482,0.496,2.5,2.8,0.881,0.3,1.9,2.3,7.2,1.5,0.4,2.9,2.3,14.6,0.0,0.0,1210.0,0.0,0.0,0.0,0.0,0.0,0.0,0.0,0.0,0.0,0.0,0.0,0.0,0.0,80.0,78.0,2628.0,439.0,974.0,0.451,89.0,248.0,0.359,350.0,726.0,0.482,0.496,199.0,226.0,0.881,25.0,155.0,180.0,579.0,117.0,28.0,230.0,181.0,1166.0,0.0,16.8,0.543,0.255,0.232,1.1,6.7,3.9,36.1,2.3,0.8,17.6,23.0,3.5,2.6,6.1,0.111,0.9,-0.6,0.3,1.5,0.0,2013
64,Ramon Sessions,27.1,4.5,11.1,0.408,0.5,1.8,0.308,4.0,9.3,0.427,0.433,4.8,5.7,0.839,0.4,2.3,2.8,3.8,0.8,0.1,1.7,1.5,14.4,0.0,0.0,1210.0,0.0,0.0,0.0,0.0,0.0,0.0,0.0,0.0,0.0,0.0,0.0,0.0,0.0,61.0,0.0,1652.0,276.0,676.0,0.408,33.0,107.0,0.308,243.0,569.0,0.427,0.433,291.0,347.0,0.839,27.0,142.0,169.0,230.0,48.0,7.0,104.0,91.0,876.0,0.0,17.7,0.529,0.158,0.513,1.8,10.1,5.9,25.5,1.5,0.3,11.2,25.7,2.9,0.0,2.9,0.084,1.6,-2.0,-0.4,0.7,0.0,2013
65,Nicolas Batum,38.5,4.8,11.4,0.423,2.3,6.1,0.372,2.6,5.3,0.481,0.522,2.4,2.9,0.848,1.3,4.3,5.6,4.9,1.2,1.1,2.6,1.9,14.3,0.0,0.0,1210.0,0.0,0.0,0.0,0.0,0.0,0.0,0.0,0.0,0.0,0.0,0.0,0.0,0.0,73.0,73.0,2807.0,352.0,833.0,0.423,165.0,444.0,0.372,187.0,389.0,0.481,0.522,178.0,210.0,0.848,97.0,315.0,412.0,360.0,91.0,83.0,190.0,139.0,1047.0,2.0,15.7,0.566,0.533,0.252,4.0,13.2,8.5,20.3,1.7,2.2,17.0,18.2,3.8,1.9,5.8,0.099,2.3,0.5,2.8,3.4,0.0,2013
66,George Hill,34.5,5.1,11.5,0.443,1.7,4.6,0.368,3.4,6.8,0.494,0.518,2.3,2.8,0.817,0.6,3.1,3.7,4.7,1.1,0.3,1.5,1.8,14.2,0.0,0.0,1210.0,0.0,0.0,0.0,0.0,0.0,0.0,0.0,0.0,0.0,0.0,0.0,0.0,0.0,76.0,76.0,2620.0,386.0,871.0,0.443,130.0,353.0,0.368,256.0,518.0,0.494,0.518,174.0,213.0,0.817,47.0,237.0,284.0,355.0,81.0,26.0,116.0,134.0,1076.0,0.0,16.6,0.558,0.405,0.245,2.0,9.9,6.0,23.4,1.6,0.7,10.7,18.8,5.9,3.8,9.7,0.177,2.2,1.1,3.3,3.5,0.0,2013
67,Amar'e Stoudemire,23.5,5.3,9.2,0.577,0.0,0.0,0.0,5.3,9.2,0.577,0.577,3.6,4.5,0.808,2.1,2.9,5.0,0.4,0.3,0.7,1.7,3.1,14.2,0.0,0.0,1210.0,0.0,0.0,0.0,0.0,0.0,0.0,0.0,0.0,0.0,0.0,0.0,0.0,0.0,29.0,0.0,682.0,154.0,267.0,0.577,0.0,0.0,0.0,154.0,267.0,0.577,0.577,105.0,130.0,0.808,60.0,85.0,145.0,13.0,10.0,21.0,50.0,89.0,413.0,0.0,22.1,0.637,0.0,0.487,10.0,15.1,12.4,3.6,0.8,2.7,13.4,25.7,2.1,0.6,2.7,0.191,1.6,-0.9,0.7,0.5,0.0,2013
68,JJ Redick,30.5,4.9,11.3,0.434,2.1,5.8,0.366,2.8,5.5,0.506,0.528,2.2,2.4,0.9,0.2,2.0,2.2,3.8,0.5,0.1,1.8,1.5,14.1,0.0,0.0,1210.0,0.0,0.0,0.0,0.0,0.0,0.0,0.0,0.0,0.0,0.0,0.0,0.0,0.0,78.0,13.0,2379.0,382.0,880.0,0.434,165.0,451.0,0.366,217.0,429.0,0.506,0.528,171.0,190.0,0.9,17.0,154.0,171.0,296.0,38.0,9.0,138.0,117.0,1100.0,0.0,14.7,0.571,0.513,0.216,0.8,7.3,4.0,20.0,0.8,0.3,12.5,20.8,4.0,0.5,4.5,0.091,1.3,-1.7,-0.4,0.9,0.0,2013
69,Marc Gasol,35.0,5.4,10.9,0.494,0.0,0.2,0.071,5.4,10.7,0.501,0.494,3.4,4.0,0.848,2.3,5.5,7.8,4.0,1.0,1.7,2.0,3.2,14.1,0.0,1.0,1210.0,0.001,80.0,35.0,14.1,7.8,4.0,1.0,1.7,0.494,0.071,0.848,11.5,0.197,80.0,80.0,2796.0,429.0,869.0,0.494,1.0,14.0,0.071,428.0,855.0,0.501,0.494,268.0,316.0,0.848,184.0,438.0,622.0,318.0,80.0,139.0,157.0,255.0,1127.0,0.0,19.5,0.559,0.016,0.364,7.6,18.9,13.1,19.1,1.6,4.1,13.5,19.2,6.1,5.4,11.5,0.197,2.1,3.1,5.2,5.1,0.0,2013
70,Gordon Hayward,29.2,4.7,10.7,0.435,1.4,3.4,0.415,3.3,7.3,0.444,0.501,3.4,4.1,0.827,0.7,2.4,3.1,3.0,0.8,0.5,1.7,1.7,14.1,0.0,0.0,1210.0,0.0,0.0,0.0,0.0,0.0,0.0,0.0,0.0,0.0,0.0,0.0,0.0,0.0,72.0,27.0,2104.0,336.0,773.0,0.435,102.0,246.0,0.415,234.0,527.0,0.444,0.501,243.0,294.0,0.827,51.0,174.0,225.0,213.0,58.0,38.0,120.0,125.0,1017.0,0.0,16.8,0.564,0.318,0.38,2.8,9.8,6.3,16.7,1.5,1.4,11.7,22.1,4.2,1.2,5.4,0.123,2.5,-0.5,2.0,2.1,0.0,2013
71,Anderson Varejão,36.0,5.5,11.6,0.478,0.0,0.2,0.0,5.5,11.4,0.486,0.478,3.1,4.1,0.755,5.5,8.9,14.4,3.4,1.5,0.6,1.8,2.7,14.1,0.0,0.0,1210.0,0.0,0.0,0.0,0.0,0.0,0.0,0.0,0.0,0.0,0.0,0.0,0.0,0.0,25.0,25.0,901.0,138.0,289.0,0.478,0.0,5.0,0.0,138.0,284.0,0.486,0.478,77.0,102.0,0.755,138.0,223.0,361.0,84.0,37.0,14.0,44.0,68.0,353.0,0.0,21.7,0.529,0.017,0.353,16.9,30.1,23.2,15.4,2.1,1.3,11.6,18.7,2.2,1.1,3.3,0.173,3.8,-0.1,3.7,1.3,0.0,2013
72,Lou Williams,28.7,4.8,11.4,0.422,1.8,5.0,0.367,2.9,6.3,0.466,0.503,2.7,3.1,0.868,0.2,1.8,2.1,3.6,1.1,0.3,1.9,1.4,14.1,0.0,0.0,1210.0,0.0,0.0,0.0,0.0,0.0,0.0,0.0,0.0,0.0,0.0,0.0,0.0,0.0,39.0,9.0,1119.0,187.0,443.0,0.422,72.0,196.0,0.367,115.0,247.0,0.466,0.503,105.0,121.0,0.868,8.0,72.0,80.0,139.0,44.0,10.0,74.0,55.0,551.0,0.0,15.9,0.555,0.442,0.273,0.8,7.3,4.1,20.4,2.0,0.7,13.0,23.6,1.4,1.0,2.4,0.103,1.3,-0.3,1.0,0.9,0.0,2013
73,Kevin Martin,27.7,4.5,10.1,0.45,2.1,4.8,0.426,2.5,5.3,0.472,0.551,2.8,3.2,0.89,0.4,1.9,2.3,1.4,0.9,0.1,1.3,1.8,14.0,0.0,0.0,1210.0,0.0,0.0,0.0,0.0,0.0,0.0,0.0,0.0,0.0,0.0,0.0,0.0,0.0,77.0,0.0,2136.0,350.0,778.0,0.45,158.0,371.0,0.426,192.0,407.0,0.472,0.551,219.0,246.0,0.89,31.0,147.0,178.0,106.0,72.0,8.0,101.0,138.0,1077.0,0.0,16.0,0.608,0.477,0.316,1.8,7.4,4.8,7.9,1.7,0.3,10.2,21.0,5.0,2.0,7.0,0.157,1.7,-0.7,1.0,1.6,0.0,2013
74,Bradley Beal,31.2,5.0,12.3,0.41,1.6,4.2,0.386,3.4,8.1,0.424,0.477,2.2,2.8,0.786,0.8,3.0,3.8,2.4,0.9,0.5,1.6,2.0,13.9,0.0,0.0,1210.0,0.0,0.0,0.0,0.0,0.0,0.0,0.0,0.0,0.0,0.0,0.0,0.0,0.0,56.0,46.0,1745.0,282.0,687.0,0.41,91.0,236.0,0.386,191.0,451.0,0.424,0.477,125.0,159.0,0.786,43.0,168.0,211.0,137.0,50.0,29.0,90.0,113.0,780.0,0.0,13.6,0.515,0.344,0.231,2.7,10.8,6.7,13.7,1.5,1.3,10.6,22.2,1.0,2.0,3.0,0.082,0.0,0.2,0.2,1.0,0.0,2013
75,Raymond Felton,34.0,5.5,13.0,0.427,1.4,3.8,0.36,4.2,9.2,0.455,0.48,1.5,1.9,0.789,0.8,2.1,2.9,5.5,1.4,0.2,2.3,1.9,13.9,0.0,0.0,1210.0,0.0,0.0,0.0,0.0,0.0,0.0,0.0,0.0,0.0,0.0,0.0,0.0,0.0,68.0,68.0,2313.0,377.0,882.0,0.427,93.0,258.0,0.36,284.0,624.0,0.455,0.48,101.0,128.0,0.789,51.0,143.0,194.0,372.0,94.0,14.0,155.0,130.0,948.0,0.0,15.2,0.505,0.293,0.145,2.5,7.5,4.9,27.0,2.2,0.5,14.2,22.1,2.5,1.7,4.2,0.087,0.9,-0.8,0.1,1.2,0.0,2013
76,Isaiah Thomas,26.9,4.6,10.5,0.44,1.5,4.1,0.358,3.2,6.5,0.491,0.509,3.2,3.6,0.882,0.4,1.7,2.0,4.0,0.8,0.0,1.8,2.1,13.9,0.0,0.0,1210.0,0.0,0.0,0.0,0.0,0.0,0.0,0.0,0.0,0.0,0.0,0.0,0.0,0.0,79.0,62.0,2122.0,366.0,832.0,0.44,115.0,321.0,0.358,251.0,511.0,0.491,0.509,253.0,287.0,0.882,29.0,132.0,161.0,316.0,67.0,3.0,140.0,167.0,1100.0,0.0,17.5,0.574,0.386,0.345,1.5,7.3,4.4,24.6,1.6,0.1,12.7,23.0,5.2,-0.1,5.0,0.114,2.5,-2.0,0.5,1.3,0.0,2013
77,Greivis Vásquez,34.4,5.6,13.0,0.433,1.1,3.1,0.342,4.6,9.9,0.462,0.474,1.6,2.0,0.805,0.6,3.8,4.3,9.0,0.8,0.1,3.2,2.4,13.9,0.0,0.0,1210.0,0.0,0.0,0.0,0.0,0.0,0.0,0.0,0.0,0.0,0.0,0.0,0.0,0.0,78.0,78.0,2685.0,438.0,1012.0,0.433,83.0,243.0,0.342,355.0,769.0,0.462,0.474,124.0,154.0,0.805,43.0,294.0,337.0,704.0,66.0,6.0,247.0,190.0,1083.0,1.0,16.3,0.502,0.24,0.152,1.9,13.3,7.5,44.9,1.3,0.2,18.6,23.0,3.0,0.7,3.8,0.067,1.6,-1.9,-0.4,1.1,0.0,2013
78,Pau Gasol,33.8,5.5,11.8,0.466,0.2,0.6,0.286,5.3,11.2,0.475,0.473,2.6,3.6,0.702,2.3,6.3,8.6,4.1,0.5,1.2,2.1,1.9,13.7,0.0,0.0,1210.0,0.0,0.0,0.0,0.0,0.0,0.0,0.0,0.0,0.0,0.0,0.0,0.0,0.0,49.0,42.0,1655.0,270.0,579.0,0.466,8.0,28.0,0.286,262.0,551.0,0.475,0.473,125.0,178.0,0.702,111.0,310.0,421.0,200.0,24.0,61.0,104.0,93.0,673.0,2.0,16.7,0.512,0.048,0.307,7.6,20.1,14.0,19.9,0.7,2.7,13.7,20.5,2.0,1.7,3.7,0.107,1.1,0.9,2.0,1.7,0.0,2013
79,Rajon Rondo,37.4,5.9,12.2,0.484,0.3,1.3,0.24,5.6,10.9,0.513,0.497,1.6,2.4,0.645,1.1,4.4,5.6,11.1,1.8,0.2,3.9,2.5,13.7,0.0,0.0,1210.0,0.0,0.0,0.0,0.0,0.0,0.0,0.0,0.0,0.0,0.0,0.0,0.0,0.0,38.0,38.0,1423.0,225.0,465.0,0.484,12.0,50.0,0.24,213.0,415.0,0.513,0.497,60.0,93.0,0.645,43.0,169.0,212.0,420.0,70.0,9.0,148.0,96.0,522.0,5.0,18.1,0.516,0.108,0.2,3.7,13.6,8.8,49.3,2.6,0.5,22.6,21.7,1.2,2.0,3.2,0.108,1.6,0.6,2.2,1.5,0.0,2013
80,Anthony Davis,28.8,5.5,10.6,0.516,0.0,0.1,0.0,5.5,10.5,0.521,0.516,2.6,3.5,0.751,2.6,5.6,8.2,1.0,1.2,1.8,1.4,2.5,13.5,0.0,0.0,1210.0,0.0,0.0,0.0,0.0,0.0,0.0,0.0,0.0,0.0,0.0,0.0,0.0,0.0,64.0,60.0,1846.0,349.0,676.0,0.516,0.0,6.0,0.0,349.0,670.0,0.521,0.516,169.0,225.0,0.751,165.0,357.0,522.0,63.0,75.0,112.0,89.0,158.0,867.0,0.0,21.7,0.559,0.009,0.333,10.5,23.5,16.8,6.1,2.2,5.1,10.3,21.8,3.7,2.4,6.1,0.159,1.8,0.7,2.5,2.1,0.0,2013
81,Vince Carter,25.8,4.6,10.6,0.435,2.0,4.9,0.406,2.6,5.6,0.461,0.53,2.2,2.8,0.816,0.7,3.4,4.1,2.4,0.9,0.5,1.3,2.8,13.4,0.0,0.0,1210.0,0.0,0.0,0.0,0.0,0.0,0.0,0.0,0.0,0.0,0.0,0.0,0.0,0.0,81.0,3.0,2093.0,372.0,855.0,0.435,162.0,399.0,0.406,210.0,456.0,0.461,0.53,182.0,223.0,0.816,58.0,276.0,334.0,194.0,74.0,44.0,106.0,226.0,1088.0,0.0,17.8,0.571,0.467,0.261,3.1,14.4,8.9,15.0,1.8,1.6,10.0,23.1,3.9,2.0,6.0,0.137,2.7,0.3,3.1,2.6,0.0,2013
82,Jeremy Lin,32.2,4.8,10.9,0.441,1.1,3.1,0.339,3.8,7.8,0.483,0.49,2.6,3.4,0.785,0.4,2.6,3.0,6.1,1.6,0.4,2.9,2.5,13.4,0.0,0.0,1210.0,0.0,0.0,0.0,0.0,0.0,0.0,0.0,0.0,0.0,0.0,0.0,0.0,0.0,82.0,82.0,2640.0,396.0,897.0,0.441,87.0,257.0,0.339,309.0,640.0,0.483,0.49,216.0,275.0,0.785,32.0,215.0,247.0,497.0,134.0,29.0,236.0,205.0,1095.0,0.0,14.9,0.538,0.287,0.307,1.4,9.1,5.3,29.4,2.5,0.8,18.8,20.8,3.0,2.5,5.4,0.099,-0.1,0.4,0.3,1.5,0.0,2013
83,Brandon Knight,31.5,4.8,11.7,0.407,1.6,4.4,0.367,3.2,7.3,0.43,0.475,2.2,3.0,0.733,0.7,2.6,3.3,4.0,0.8,0.1,2.7,2.1,13.3,0.0,0.0,1210.0,0.0,0.0,0.0,0.0,0.0,0.0,0.0,0.0,0.0,0.0,0.0,0.0,0.0,75.0,75.0,2365.0,357.0,878.0,0.407,120.0,327.0,0.367,237.0,551.0,0.43,0.475,165.0,225.0,0.733,54.0,193.0,247.0,303.0,58.0,8.0,205.0,157.0,999.0,0.0,12.0,0.511,0.372,0.256,2.6,9.6,6.0,21.3,1.3,0.3,17.3,22.8,0.3,0.8,1.1,0.022,-0.9,-1.9,-2.8,-0.5,0.0,2013
84,Evan Turner,35.3,5.4,12.8,0.419,0.7,1.9,0.365,4.7,10.9,0.428,0.446,1.9,2.5,0.74,0.7,5.6,6.3,4.3,0.9,0.2,2.3,2.4,13.3,0.0,0.0,1210.0,0.0,0.0,0.0,0.0,0.0,0.0,0.0,0.0,0.0,0.0,0.0,0.0,0.0,82.0,82.0,2892.0,441.0,1053.0,0.419,58.0,159.0,0.365,383.0,894.0,0.428,0.446,154.0,208.0,0.74,56.0,461.0,517.0,354.0,71.0,17.0,187.0,197.0,1094.0,0.0,12.1,0.478,0.151,0.198,2.1,18.5,10.1,19.7,1.3,0.5,14.0,21.2,-0.7,2.9,2.1,0.035,-2.2,-0.2,-2.3,-0.3,0.0,2013
85,Serge Ibaka,31.1,5.6,9.7,0.573,0.3,0.7,0.351,5.3,9.0,0.591,0.586,1.8,2.4,0.749,2.8,4.9,7.7,0.5,0.4,3.0,1.6,2.7,13.2,0.0,0.0,1210.0,0.0,0.0,0.0,0.0,0.0,0.0,0.0,0.0,0.0,0.0,0.0,0.0,0.0,80.0,80.0,2486.0,446.0,778.0,0.573,20.0,57.0,0.351,426.0,721.0,0.591,0.586,143.0,191.0,0.749,222.0,395.0,617.0,43.0,28.0,242.0,125.0,213.0,1055.0,0.0,19.4,0.612,0.073,0.246,11.1,17.0,14.2,2.8,0.6,7.4,12.7,18.1,5.3,4.1,9.4,0.181,0.9,0.7,1.5,2.2,0.0,2013
86,Ersan İlyasova,27.6,5.1,11.0,0.462,1.3,2.9,0.444,3.8,8.1,0.469,0.521,1.7,2.2,0.796,2.1,5.0,7.1,1.6,0.9,0.5,1.0,2.5,13.2,0.0,0.0,1210.0,0.0,0.0,0.0,0.0,0.0,0.0,0.0,0.0,0.0,0.0,0.0,0.0,0.0,73.0,54.0,2012.0,371.0,803.0,0.462,95.0,214.0,0.444,276.0,589.0,0.469,0.521,125.0,157.0,0.796,154.0,366.0,520.0,117.0,68.0,36.0,75.0,185.0,962.0,0.0,18.3,0.552,0.267,0.196,7.9,20.3,13.9,9.6,1.7,1.3,7.9,20.5,4.1,2.5,6.7,0.159,2.0,0.0,2.0,2.0,0.0,2013
87,Nate Robinson,25.4,4.9,11.2,0.433,1.7,4.2,0.405,3.1,7.0,0.45,0.51,1.6,2.1,0.799,0.4,1.9,2.2,4.4,1.0,0.1,1.8,2.5,13.1,0.0,0.0,1210.0,0.0,0.0,0.0,0.0,0.0,0.0,0.0,0.0,0.0,0.0,0.0,0.0,0.0,82.0,23.0,2086.0,399.0,921.0,0.433,141.0,348.0,0.405,258.0,573.0,0.45,0.51,135.0,169.0,0.799,29.0,155.0,184.0,358.0,85.0,10.0,144.0,207.0,1074.0,0.0,17.4,0.54,0.378,0.183,1.6,8.6,5.1,31.4,2.2,0.4,12.6,25.1,3.5,2.4,5.9,0.136,2.5,0.3,2.8,2.5,0.0,2013
88,Nikola Vučević,33.2,6.0,11.5,0.519,0.0,0.0,0.0,6.0,11.5,0.52,0.519,1.1,1.6,0.683,3.5,8.4,11.9,1.9,0.8,1.0,1.8,2.8,13.1,0.0,0.0,1210.0,0.0,0.0,0.0,0.0,0.0,0.0,0.0,0.0,0.0,0.0,0.0,0.0,0.0,77.0,77.0,2559.0,461.0,889.0,0.519,0.0,3.0,0.0,461.0,886.0,0.52,0.519,86.0,126.0,0.683,273.0,644.0,917.0,143.0,61.0,79.0,141.0,218.0,1008.0,0.0,17.8,0.534,0.003,0.142,12.0,28.4,20.2,9.3,1.2,2.4,13.0,19.3,2.8,2.9,5.7,0.106,0.0,-0.5,-0.5,0.9,0.0,2013
89,Wilson Chandler,25.1,4.9,10.6,0.462,1.2,2.9,0.413,3.7,7.7,0.48,0.519,2.0,2.6,0.793,1.0,4.0,5.1,1.3,1.0,0.3,1.4,2.8,13.0,0.0,0.0,1210.0,0.0,0.0,0.0,0.0,0.0,0.0,0.0,0.0,0.0,0.0,0.0,0.0,0.0,43.0,8.0,1079.0,210.0,455.0,0.462,52.0,126.0,0.413,158.0,329.0,0.48,0.519,88.0,111.0,0.793,45.0,173.0,218.0,58.0,45.0,12.0,60.0,119.0,560.0,0.0,16.6,0.556,0.277,0.244,4.8,17.6,11.3,8.3,2.1,0.9,10.6,22.7,1.8,1.3,3.1,0.137,0.7,-0.1,0.5,0.7,0.0,2013
90,Andre Iguodala,34.7,5.0,11.0,0.451,1.1,3.6,0.317,3.8,7.4,0.515,0.502,1.9,3.4,0.574,1.0,4.3,5.3,5.4,1.7,0.7,2.6,1.6,13.0,0.0,0.0,1210.0,0.0,0.0,0.0,0.0,0.0,0.0,0.0,0.0,0.0,0.0,0.0,0.0,0.0,80.0,80.0,2779.0,396.0,879.0,0.451,91.0,287.0,0.317,305.0,592.0,0.515,0.502,155.0,270.0,0.574,82.0,341.0,423.0,433.0,139.0,52.0,206.0,127.0,1038.0,1.0,15.2,0.52,0.327,0.307,3.4,13.5,8.5,22.4,2.5,1.5,17.1,18.8,2.4,3.2,5.6,0.097,1.2,1.4,2.6,3.3,0.0,2013
91,Jarrett Jack,29.7,4.9,10.8,0.452,1.0,2.6,0.404,3.9,8.3,0.466,0.499,2.1,2.5,0.843,0.3,2.8,3.1,5.6,0.8,0.1,2.0,1.7,12.9,0.0,0.0,1210.0,0.0,0.0,0.0,0.0,0.0,0.0,0.0,0.0,0.0,0.0,0.0,0.0,0.0,79.0,4.0,2349.0,387.0,857.0,0.452,82.0,203.0,0.404,305.0,654.0,0.466,0.499,167.0,198.0,0.843,21.0,222.0,243.0,439.0,60.0,11.0,157.0,134.0,1023.0,0.0,15.9,0.542,0.237,0.231,1.0,10.1,5.7,29.9,1.3,0.4,14.3,21.0,3.9,1.8,5.6,0.115,1.1,-0.6,0.5,1.4,0.0,2013
92,Mo Williams,30.8,5.0,11.6,0.43,1.3,3.3,0.383,3.7,8.2,0.449,0.485,1.6,1.8,0.882,0.5,1.9,2.4,6.2,1.0,0.2,2.7,2.3,12.9,0.0,0.0,1210.0,0.0,0.0,0.0,0.0,0.0,0.0,0.0,0.0,0.0,0.0,0.0,0.0,0.0,46.0,46.0,1418.0,229.0,533.0,0.43,59.0,154.0,0.383,170.0,379.0,0.449,0.485,75.0,85.0,0.882,24.0,86.0,110.0,285.0,46.0,9.0,125.0,105.0,592.0,0.0,14.4,0.519,0.289,0.159,2.0,7.2,4.5,33.2,1.7,0.5,18.0,22.3,1.2,0.7,1.8,0.062,0.9,-1.7,-0.9,0.4,0.0,2013
93,Jeff Green,27.8,4.6,10.0,0.467,0.9,2.2,0.385,3.8,7.7,0.49,0.51,2.6,3.3,0.808,0.7,3.2,3.9,1.6,0.7,0.8,1.6,2.2,12.8,0.0,0.0,1210.0,0.0,0.0,0.0,0.0,0.0,0.0,0.0,0.0,0.0,0.0,0.0,0.0,0.0,81.0,17.0,2252.0,376.0,806.0,0.467,70.0,182.0,0.385,306.0,624.0,0.49,0.51,214.0,265.0,0.808,55.0,263.0,318.0,128.0,56.0,68.0,132.0,175.0,1036.0,0.0,15.0,0.561,0.226,0.329,3.0,13.4,8.3,9.6,1.3,2.4,12.5,22.2,1.9,2.8,4.7,0.099,-0.2,-0.1,-0.3,1.0,0.0,2013
94,Luis Scola,26.6,5.3,11.2,0.472,0.0,0.2,0.188,5.2,11.0,0.477,0.474,2.2,2.8,0.787,1.9,4.7,6.6,2.2,0.8,0.4,1.5,3.1,12.8,0.0,0.0,1210.0,0.0,0.0,0.0,0.0,0.0,0.0,0.0,0.0,0.0,0.0,0.0,0.0,0.0,82.0,67.0,2184.0,432.0,915.0,0.472,3.0,16.0,0.188,429.0,899.0,0.477,0.474,181.0,230.0,0.787,158.0,383.0,541.0,182.0,67.0,35.0,126.0,257.0,1048.0,0.0,16.7,0.516,0.017,0.251,8.1,20.4,14.1,14.5,1.6,1.2,11.0,23.3,2.4,1.9,4.4,0.096,-0.3,-0.2,-0.5,0.8,0.0,2013
95,Andrea Bargnani,28.7,4.9,12.2,0.399,1.1,3.5,0.309,3.8,8.7,0.436,0.444,1.9,2.2,0.844,0.7,2.9,3.7,1.1,0.6,0.7,1.5,1.8,12.7,0.0,0.0,1210.0,0.0,0.0,0.0,0.0,0.0,0.0,0.0,0.0,0.0,0.0,0.0,0.0,0.0,35.0,25.0,1003.0,170.0,426.0,0.399,38.0,123.0,0.309,132.0,303.0,0.436,0.444,65.0,77.0,0.844,26.0,102.0,128.0,38.0,21.0,23.0,54.0,64.0,443.0,0.0,11.2,0.482,0.289,0.181,3.0,12.3,7.6,6.6,1.1,1.8,10.5,23.8,-0.5,0.6,0.1,0.007,-1.1,-1.6,-2.7,-0.2,0.0,2013
96,J.J. Hickson,29.0,5.2,9.3,0.562,0.0,0.0,0.0,5.2,9.3,0.563,0.562,2.3,3.4,0.679,3.3,7.0,10.4,1.1,0.6,0.6,1.8,2.0,12.7,0.0,0.0,1210.0,0.0,0.0,0.0,0.0,0.0,0.0,0.0,0.0,0.0,0.0,0.0,0.0,0.0,80.0,80.0,2323.0,418.0,744.0,0.562,0.0,2.0,0.0,418.0,742.0,0.563,0.562,182.0,268.0,0.679,266.0,562.0,828.0,88.0,48.0,51.0,145.0,160.0,1018.0,0.0,19.7,0.591,0.003,0.36,13.2,28.5,20.7,6.6,1.1,1.7,14.4,19.9,4.6,2.3,6.9,0.142,1.3,-1.1,0.2,1.3,0.0,2013
97,Steve Nash,32.5,4.7,9.5,0.497,1.1,2.6,0.438,3.6,6.9,0.519,0.557,2.1,2.3,0.922,0.5,2.3,2.8,6.7,0.6,0.1,2.5,1.4,12.7,0.0,0.0,1210.0,0.0,0.0,0.0,0.0,0.0,0.0,0.0,0.0,0.0,0.0,0.0,0.0,0.0,50.0,50.0,1627.0,236.0,475.0,0.497,57.0,130.0,0.438,179.0,345.0,0.519,0.557,107.0,116.0,0.922,26.0,116.0,142.0,333.0,30.0,5.0,126.0,70.0,636.0,0.0,16.0,0.605,0.274,0.244,1.8,7.7,4.8,32.8,0.9,0.2,19.3,17.8,3.7,0.6,4.3,0.127,1.8,-1.4,0.4,1.0,0.0,2013
98,Marcus Thornton,24.0,4.6,10.8,0.429,2.0,5.3,0.372,2.7,5.5,0.484,0.52,1.5,1.8,0.881,0.7,1.8,2.5,1.3,0.8,0.1,0.9,1.5,12.7,0.0,0.0,1210.0,0.0,0.0,0.0,0.0,0.0,0.0,0.0,0.0,0.0,0.0,0.0,0.0,0.0,72.0,8.0,1726.0,332.0,774.0,0.429,141.0,379.0,0.372,191.0,395.0,0.484,0.52,111.0,126.0,0.881,50.0,131.0,181.0,91.0,61.0,4.0,68.0,105.0,916.0,0.0,16.3,0.552,0.49,0.163,3.2,9.0,6.0,9.0,1.8,0.2,7.6,23.1,3.1,0.1,3.2,0.089,2.3,-2.0,0.3,1.0,0.0,2013
99,Nenê,27.2,4.7,9.7,0.48,0.0,0.0,0.0,4.7,9.7,0.481,0.48,3.2,4.4,0.729,1.7,5.0,6.7,2.9,0.9,0.6,2.3,2.8,12.6,0.0,0.0,1210.0,0.0,0.0,0.0,0.0,0.0,0.0,0.0,0.0,0.0,0.0,0.0,0.0,0.0,61.0,49.0,1659.0,285.0,594.0,0.48,0.0,1.0,0.0,285.0,593.0,0.481,0.48,196.0,269.0,0.729,101.0,306.0,407.0,177.0,55.0,37.0,139.0,171.0,766.0,0.0,17.0,0.538,0.002,0.453,6.7,20.6,13.6,19.0,1.7,1.8,16.3,23.4,1.3,2.7,4.0,0.116,-0.4,1.7,1.3,1.3,0.0,2013
100,Andrei Kirilenko,31.8,4.4,8.8,0.507,0.5,1.9,0.292,3.9,6.9,0.566,0.538,2.9,3.9,0.752,1.6,4.1,5.7,2.8,1.5,1.0,1.9,1.3,12.4,0.0,0.0,1210.0,0.0,0.0,0.0,0.0,0.0,0.0,0.0,0.0,0.0,0.0,0.0,0.0,0.0,64.0,64.0,2034.0,284.0,560.0,0.507,35.0,120.0,0.292,249.0,440.0,0.566,0.538,188.0,250.0,0.752,102.0,260.0,362.0,177.0,96.0,62.0,119.0,82.0,791.0,0.0,17.6,0.59,0.214,0.446,5.6,15.1,10.2,14.4,2.4,2.4,15.1,17.4,3.4,2.6,6.0,0.142,1.8,1.8,3.5,2.9,0.0,2013
101,Metta World Peace,33.7,4.4,11.0,0.403,1.9,5.5,0.342,2.5,5.5,0.464,0.488,1.7,2.3,0.734,1.3,3.6,5.0,1.5,1.6,0.6,1.3,2.6,12.4,0.0,0.0,1210.0,0.0,0.0,0.0,0.0,0.0,0.0,0.0,0.0,0.0,0.0,0.0,0.0,0.0,75.0,66.0,2530.0,332.0,824.0,0.403,141.0,412.0,0.342,191.0,412.0,0.464,0.488,124.0,169.0,0.734,101.0,271.0,372.0,112.0,122.0,42.0,98.0,198.0,929.0,0.0,12.5,0.517,0.5,0.205,4.5,11.5,8.1,6.9,2.5,1.2,9.8,17.5,1.9,2.6,4.6,0.086,-0.5,0.9,0.4,1.5,0.0,2013
102,Corey Brewer,24.4,4.6,10.8,0.425,1.1,3.7,0.296,3.5,7.0,0.493,0.476,1.8,2.6,0.69,0.7,2.2,2.9,1.5,1.4,0.3,1.2,1.9,12.1,0.0,0.0,1210.0,0.0,0.0,0.0,0.0,0.0,0.0,0.0,0.0,0.0,0.0,0.0,0.0,0.0,82.0,2.0,2003.0,375.0,883.0,0.425,91.0,307.0,0.296,284.0,576.0,0.493,0.476,149.0,216.0,0.69,55.0,180.0,235.0,124.0,118.0,23.0,102.0,154.0,990.0,0.0,14.7,0.506,0.348,0.245,3.1,9.9,6.6,9.5,3.0,0.9,9.4,23.4,1.7,2.2,3.9,0.093,-0.2,0.6,0.4,1.2,0.0,2013
103,Shawn Marion,30.0,5.3,10.3,0.514,0.3,1.1,0.315,5.0,9.2,0.538,0.531,1.2,1.5,0.782,2.2,5.7,7.8,2.4,1.1,0.7,1.5,1.7,12.1,0.0,0.0,1210.0,0.0,0.0,0.0,0.0,0.0,0.0,0.0,0.0,0.0,0.0,0.0,0.0,0.0,67.0,67.0,2010.0,355.0,690.0,0.514,23.0,73.0,0.315,332.0,617.0,0.538,0.531,79.0,101.0,0.782,146.0,379.0,525.0,163.0,75.0,47.0,103.0,111.0,812.0,0.0,18.0,0.553,0.106,0.146,8.2,20.6,14.5,13.1,1.9,1.8,12.3,19.0,2.9,2.5,5.3,0.127,1.6,0.6,2.2,2.1,0.0,2013
104,Darren Collison,29.3,4.2,8.9,0.471,0.6,1.7,0.353,3.6,7.3,0.498,0.504,3.0,3.4,0.88,0.4,2.3,2.7,5.1,1.2,0.1,2.1,1.7,12.0,0.0,0.0,1210.0,0.0,0.0,0.0,0.0,0.0,0.0,0.0,0.0,0.0,0.0,0.0,0.0,0.0,81.0,47.0,2372.0,341.0,724.0,0.471,48.0,136.0,0.353,293.0,588.0,0.498,0.504,242.0,275.0,0.88,31.0,188.0,219.0,415.0,100.0,8.0,173.0,139.0,972.0,0.0,16.3,0.575,0.188,0.38,1.5,8.7,5.1,26.8,2.2,0.3,17.0,19.6,4.0,1.7,5.6,0.114,0.4,-0.3,0.1,1.3,0.0,2013
105,Derrick Williams,24.6,4.3,10.1,0.43,0.8,2.5,0.332,3.5,7.6,0.463,0.471,2.5,3.5,0.706,1.2,4.3,5.5,0.6,0.6,0.5,1.3,1.6,12.0,0.0,0.0,1210.0,0.0,0.0,0.0,0.0,0.0,0.0,0.0,0.0,0.0,0.0,0.0,0.0,0.0,78.0,56.0,1916.0,338.0,786.0,0.43,65.0,196.0,0.332,273.0,590.0,0.463,0.471,192.0,272.0,0.706,96.0,334.0,430.0,46.0,44.0,37.0,101.0,127.0,933.0,0.0,14.5,0.515,0.249,0.346,5.6,20.6,12.8,4.2,1.2,1.5,10.0,23.5,1.0,2.1,3.0,0.076,-0.5,-1.0,-1.5,0.2,0.0,2013
106,Roy Hibbert,28.7,4.9,10.9,0.448,0.0,0.1,0.25,4.9,10.8,0.449,0.449,2.1,2.8,0.741,3.7,4.6,8.3,1.4,0.5,2.6,2.1,3.5,11.9,0.0,0.0,1210.0,0.0,0.0,0.0,0.0,0.0,0.0,0.0,0.0,0.0,0.0,0.0,0.0,0.0,79.0,79.0,2269.0,385.0,859.0,0.448,1.0,4.0,0.25,384.0,855.0,0.449,0.449,166.0,224.0,0.741,296.0,360.0,656.0,113.0,39.0,206.0,162.0,279.0,937.0,1.0,17.3,0.489,0.005,0.261,14.8,17.4,16.1,8.9,0.9,6.7,14.5,22.5,1.3,4.9,6.1,0.129,-1.7,1.4,-0.3,0.9,0.0,2013
107,Kawhi Leonard,31.2,4.5,9.1,0.494,1.1,3.0,0.374,3.4,6.1,0.554,0.556,1.8,2.2,0.825,1.1,4.9,6.0,1.6,1.7,0.6,1.1,1.7,11.9,0.0,0.0,1210.0,0.0,0.0,0.0,0.0,0.0,0.0,0.0,0.0,0.0,0.0,0.0,0.0,0.0,58.0,57.0,1810.0,260.0,526.0,0.494,65.0,174.0,0.374,195.0,352.0,0.554,0.556,104.0,126.0,0.825,63.0,283.0,346.0,93.0,97.0,32.0,62.0,99.0,689.0,0.0,16.4,0.592,0.331,0.24,4.3,17.1,11.1,7.7,2.7,1.3,9.6,16.4,3.0,3.3,6.2,0.166,1.1,2.0,3.1,2.3,0.0,2013
108,Joakim Noah,36.8,4.6,9.5,0.481,0.0,0.1,0.0,4.6,9.5,0.485,0.481,2.7,3.6,0.751,3.9,7.2,11.1,4.0,1.2,2.1,2.7,2.8,11.9,0.0,1.0,1210.0,0.001,66.0,36.8,11.9,11.1,4.0,1.2,2.1,0.481,0.0,0.751,7.3,0.145,66.0,64.0,2426.0,303.0,630.0,0.481,0.0,5.0,0.0,303.0,625.0,0.485,0.481,178.0,237.0,0.751,260.0,473.0,733.0,262.0,78.0,141.0,176.0,185.0,784.0,2.0,18.1,0.534,0.008,0.376,12.2,22.6,17.3,17.6,1.7,4.4,19.3,17.2,2.7,4.7,7.3,0.145,0.6,2.7,3.4,3.3,0.0,2013
109,Manu Ginóbili,23.2,3.8,9.0,0.425,1.4,3.9,0.353,2.4,5.1,0.48,0.502,2.7,3.4,0.796,0.5,2.9,3.4,4.6,1.3,0.2,2.2,1.9,11.8,0.0,0.0,1210.0,0.0,0.0,0.0,0.0,0.0,0.0,0.0,0.0,0.0,0.0,0.0,0.0,0.0,60.0,0.0,1393.0,229.0,539.0,0.425,83.0,235.0,0.353,146.0,304.0,0.48,0.502,164.0,206.0,0.796,30.0,171.0,201.0,274.0,80.0,13.0,132.0,114.0,705.0,0.0,19.0,0.56,0.436,0.382,2.6,13.4,8.3,30.6,2.9,0.7,17.3,25.2,2.1,2.4,4.5,0.155,2.1,1.5,3.6,2.0,0.0,2013
110,Tristan Thompson,31.3,4.8,9.7,0.488,0.0,0.0,0.0,4.8,9.7,0.49,0.488,2.2,3.5,0.608,3.7,5.7,9.4,1.3,0.7,0.9,1.5,2.9,11.7,0.0,0.0,1210.0,0.0,0.0,0.0,0.0,0.0,0.0,0.0,0.0,0.0,0.0,0.0,0.0,0.0,82.0,82.0,2564.0,390.0,799.0,0.488,0.0,3.0,0.0,390.0,796.0,0.49,0.488,177.0,291.0,0.608,306.0,467.0,773.0,108.0,60.0,71.0,123.0,234.0,957.0,0.0,16.1,0.516,0.004,0.364,13.2,22.1,17.5,6.9,1.2,2.2,11.7,18.3,3.2,2.0,5.2,0.098,-0.2,-1.6,-1.8,0.1,0.0,2013
111,Jordan Crawford,24.4,4.3,10.4,0.415,1.2,3.5,0.337,3.1,6.8,0.455,0.472,1.8,2.3,0.811,0.6,2.4,3.0,3.2,0.6,0.1,2.0,1.5,11.6,0.0,0.0,1210.0,0.0,0.0,0.0,0.0,0.0,0.0,0.0,0.0,0.0,0.0,0.0,0.0,0.0,70.0,14.0,1709.0,301.0,725.0,0.415,83.0,246.0,0.337,218.0,479.0,0.455,0.472,129.0,159.0,0.811,44.0,165.0,209.0,225.0,39.0,7.0,141.0,106.0,814.0,1.0,13.8,0.512,0.339,0.219,2.9,10.9,6.9,23.5,1.2,0.3,15.1,25.3,0.2,1.7,1.9,0.052,0.3,-1.1,-0.9,0.5,0.0,2013
112,Kyle Lowry,29.7,3.7,9.2,0.401,1.5,4.1,0.362,2.2,5.1,0.433,0.482,2.8,3.5,0.795,0.8,3.9,4.7,6.4,1.4,0.4,2.3,3.2,11.6,0.0,0.0,1210.0,0.0,0.0,0.0,0.0,0.0,0.0,0.0,0.0,0.0,0.0,0.0,0.0,0.0,68.0,52.0,2020.0,250.0,623.0,0.401,101.0,279.0,0.362,149.0,344.0,0.433,0.482,190.0,239.0,0.795,56.0,265.0,321.0,435.0,94.0,24.0,157.0,218.0,791.0,1.0,17.5,0.543,0.448,0.384,3.2,15.9,9.5,34.6,2.5,1.0,17.7,20.3,3.5,2.1,5.6,0.133,2.0,0.9,2.9,2.5,0.0,2013
113,Kenneth Faried,28.1,4.8,8.6,0.552,0.0,0.0,0.0,4.8,8.6,0.552,0.552,2.0,3.3,0.613,3.3,5.9,9.2,1.0,1.0,1.0,1.4,2.9,11.5,0.0,0.0,1210.0,0.0,0.0,0.0,0.0,0.0,0.0,0.0,0.0,0.0,0.0,0.0,0.0,0.0,80.0,80.0,2248.0,380.0,689.0,0.552,0.0,0.0,0.0,380.0,689.0,0.552,0.552,163.0,266.0,0.613,260.0,474.0,734.0,77.0,81.0,83.0,113.0,234.0,923.0,0.0,18.5,0.573,0.0,0.386,13.2,23.2,18.3,5.1,1.8,2.9,12.3,17.7,4.5,3.4,7.8,0.167,0.9,0.2,1.1,1.7,0.0,2013
114,Luke Ridnour,30.2,4.5,9.9,0.453,0.8,2.6,0.311,3.7,7.3,0.503,0.493,1.7,2.0,0.848,0.5,2.0,2.5,3.8,1.0,0.2,1.6,2.3,11.5,0.0,0.0,1210.0,0.0,0.0,0.0,0.0,0.0,0.0,0.0,0.0,0.0,0.0,0.0,0.0,0.0,82.0,82.0,2474.0,367.0,811.0,0.453,66.0,212.0,0.311,301.0,599.0,0.503,0.493,139.0,164.0,0.848,41.0,165.0,206.0,311.0,82.0,15.0,130.0,187.0,939.0,0.0,13.0,0.532,0.261,0.202,1.8,7.9,4.8,21.0,1.7,0.5,12.8,18.3,2.6,1.8,4.3,0.084,-1.0,0.2,-0.8,0.8,0.0,2013
115,Rodney Stuckey,28.6,4.0,9.8,0.406,0.7,2.4,0.302,3.3,7.4,0.44,0.443,2.8,3.6,0.783,0.6,2.2,2.8,3.6,0.7,0.2,1.8,1.7,11.5,0.0,0.0,1210.0,0.0,0.0,0.0,0.0,0.0,0.0,0.0,0.0,0.0,0.0,0.0,0.0,0.0,76.0,24.0,2171.0,304.0,748.0,0.406,55.0,182.0,0.302,249.0,566.0,0.44,0.443,213.0,272.0,0.783,43.0,169.0,212.0,270.0,51.0,17.0,134.0,127.0,876.0,0.0,13.0,0.505,0.243,0.364,2.2,9.1,5.6,20.3,1.2,0.6,13.4,21.0,1.7,0.8,2.5,0.055,-0.6,-1.3,-1.8,0.1,0.0,2013
116,Martell Webster,28.9,3.7,8.4,0.442,1.8,4.3,0.422,1.9,4.0,0.463,0.551,2.2,2.6,0.848,0.7,3.2,3.9,1.9,0.6,0.2,1.2,2.2,11.4,0.0,0.0,1210.0,0.0,0.0,0.0,0.0,0.0,0.0,0.0,0.0,0.0,0.0,0.0,0.0,0.0,76.0,62.0,2200.0,281.0,636.0,0.442,139.0,329.0,0.422,142.0,307.0,0.463,0.551,168.0,198.0,0.848,53.0,241.0,294.0,143.0,49.0,17.0,90.0,166.0,869.0,0.0,13.9,0.601,0.517,0.311,2.7,12.2,7.4,10.7,1.2,0.6,11.1,16.9,3.9,2.4,6.3,0.138,0.5,0.3,0.8,1.6,0.0,2013
117,José Calderón,29.6,4.3,8.7,0.491,1.8,3.9,0.461,2.5,4.8,0.516,0.594,1.0,1.1,0.9,0.3,2.1,2.4,7.1,0.8,0.1,1.7,1.4,11.3,0.0,0.0,1210.0,0.0,0.0,0.0,0.0,0.0,0.0,0.0,0.0,0.0,0.0,0.0,0.0,0.0,73.0,58.0,2160.0,312.0,635.0,0.491,130.0,282.0,0.461,182.0,353.0,0.516,0.594,72.0,80.0,0.9,20.0,156.0,176.0,518.0,58.0,8.0,126.0,99.0,826.0,2.0,18.8,0.616,0.444,0.126,1.1,8.6,4.8,39.8,1.4,0.3,15.8,17.0,6.6,0.9,7.4,0.165,4.3,-1.2,3.1,2.8,0.0,2013
118,J.J. Barea,23.1,4.3,10.2,0.417,1.3,3.8,0.346,3.0,6.5,0.458,0.481,1.4,1.8,0.784,0.5,2.3,2.8,4.0,0.4,0.0,2.0,1.8,11.3,0.0,0.0,1210.0,0.0,0.0,0.0,0.0,0.0,0.0,0.0,0.0,0.0,0.0,0.0,0.0,0.0,74.0,2.0,1713.0,316.0,758.0,0.417,97.0,280.0,0.346,219.0,478.0,0.458,0.481,105.0,134.0,0.784,34.0,173.0,207.0,294.0,32.0,0.0,145.0,131.0,834.0,0.0,14.1,0.51,0.369,0.177,2.2,11.9,6.9,30.6,1.0,0.0,15.1,25.1,0.8,1.0,1.9,0.053,0.7,-1.3,-0.6,0.6,0.0,2013
119,Robin Lopez,26.0,4.7,8.8,0.534,0.0,0.0,0.0,4.7,8.8,0.534,0.534,2.0,2.5,0.778,2.8,2.9,5.6,0.8,0.4,1.6,1.3,2.0,11.3,0.0,0.0,1210.0,0.0,0.0,0.0,0.0,0.0,0.0,0.0,0.0,0.0,0.0,0.0,0.0,0.0,82.0,82.0,2136.0,384.0,719.0,0.534,0.0,0.0,0.0,384.0,719.0,0.534,0.534,161.0,207.0,0.778,226.0,236.0,462.0,64.0,32.0,128.0,110.0,167.0,929.0,0.0,18.9,0.573,0.0,0.288,12.4,13.4,12.9,5.3,0.8,5.0,12.0,20.0,4.4,1.2,5.6,0.126,1.3,-0.7,0.6,1.4,0.0,2013
120,Ben Gordon,20.8,4.1,10.1,0.408,1.5,3.9,0.387,2.6,6.2,0.421,0.482,1.4,1.7,0.843,0.2,1.5,1.7,1.9,0.5,0.2,1.8,1.8,11.2,0.0,0.0,1210.0,0.0,0.0,0.0,0.0,0.0,0.0,0.0,0.0,0.0,0.0,0.0,0.0,0.0,75.0,0.0,1560.0,310.0,760.0,0.408,113.0,292.0,0.387,197.0,468.0,0.421,0.482,107.0,127.0,0.843,18.0,112.0,130.0,141.0,35.0,16.0,136.0,134.0,840.0,0.0,12.7,0.515,0.384,0.167,1.3,8.5,4.8,17.6,1.2,0.8,14.3,27.8,-0.4,-0.2,-0.6,-0.018,-0.2,-3.2,-3.4,-0.6,0.0,2013
121,C.J. Miles,21.0,3.9,9.4,0.415,1.9,5.0,0.384,2.0,4.4,0.451,0.518,1.4,1.6,0.869,0.4,2.3,2.7,1.0,0.8,0.3,1.1,2.1,11.2,0.0,0.0,1210.0,0.0,0.0,0.0,0.0,0.0,0.0,0.0,0.0,0.0,0.0,0.0,0.0,0.0,65.0,13.0,1364.0,255.0,614.0,0.415,126.0,328.0,0.384,129.0,286.0,0.451,0.518,93.0,107.0,0.869,24.0,150.0,174.0,63.0,49.0,17.0,69.0,138.0,729.0,0.0,15.3,0.551,0.534,0.174,1.9,13.4,7.4,8.1,1.9,1.0,9.5,23.9,1.8,0.8,2.6,0.092,2.0,-0.9,1.1,1.1,0.0,2013
122,Marcin Gortat,30.8,4.8,9.3,0.521,0.0,0.0,0.0,4.8,9.2,0.524,0.521,1.5,2.3,0.652,2.1,6.4,8.5,1.2,0.7,1.6,1.6,2.1,11.1,0.0,0.0,1210.0,0.0,0.0,0.0,0.0,0.0,0.0,0.0,0.0,0.0,0.0,0.0,0.0,0.0,61.0,61.0,1876.0,295.0,566.0,0.521,0.0,3.0,0.0,295.0,563.0,0.524,0.521,90.0,138.0,0.652,128.0,388.0,516.0,75.0,40.0,98.0,99.0,127.0,680.0,0.0,15.4,0.543,0.005,0.244,7.6,24.0,15.6,6.5,1.1,3.9,13.6,17.2,1.3,2.1,3.4,0.086,-0.8,0.3,-0.5,0.7,0.0,2013
123,Tobias Harris,23.6,4.2,9.3,0.455,0.6,2.0,0.315,3.6,7.3,0.493,0.488,1.9,2.5,0.752,1.3,3.9,5.2,1.3,0.6,0.8,1.2,2.2,11.0,0.0,0.0,1210.0,0.0,0.0,0.0,0.0,0.0,0.0,0.0,0.0,0.0,0.0,0.0,0.0,0.0,55.0,34.0,1299.0,233.0,512.0,0.455,34.0,108.0,0.315,199.0,404.0,0.493,0.488,103.0,137.0,0.752,73.0,214.0,287.0,69.0,32.0,44.0,66.0,120.0,603.0,0.0,16.0,0.527,0.211,0.268,6.2,18.6,12.4,8.8,1.3,2.6,10.3,22.1,1.2,1.2,2.4,0.089,0.0,-0.5,-0.5,0.5,0.0,2013
124,Spencer Hawes,27.2,4.6,9.9,0.464,0.4,1.1,0.356,4.2,8.8,0.477,0.483,1.5,1.9,0.777,2.1,5.1,7.2,2.2,0.3,1.4,1.6,2.8,11.0,0.0,0.0,1210.0,0.0,0.0,0.0,0.0,0.0,0.0,0.0,0.0,0.0,0.0,0.0,0.0,0.0,82.0,40.0,2233.0,376.0,811.0,0.464,31.0,87.0,0.356,345.0,724.0,0.477,0.483,122.0,157.0,0.777,173.0,417.0,590.0,183.0,24.0,113.0,131.0,233.0,905.0,0.0,16.0,0.514,0.107,0.194,8.5,21.7,14.9,13.5,0.6,3.9,13.0,20.9,1.7,2.8,4.5,0.096,-1.1,0.6,-0.5,0.9,0.0,2013
125,Ray Allen,25.8,3.7,8.2,0.449,1.8,4.2,0.419,1.9,4.0,0.48,0.555,1.8,2.0,0.886,0.5,2.2,2.7,1.7,0.8,0.2,1.3,1.6,10.9,0.0,0.0,1210.0,0.0,0.0,0.0,0.0,0.0,0.0,0.0,0.0,0.0,0.0,0.0,0.0,0.0,79.0,0.0,2035.0,292.0,651.0,0.449,139.0,332.0,0.419,153.0,319.0,0.48,0.555,140.0,158.0,0.886,40.0,177.0,217.0,135.0,67.0,15.0,103.0,129.0,863.0,0.0,14.7,0.599,0.51,0.243,2.6,10.1,6.6,10.2,1.7,0.6,12.5,19.3,3.4,1.9,5.4,0.126,1.1,-0.8,0.3,1.2,0.0,2013
126,Jared Dudley,27.5,4.0,8.5,0.468,1.3,3.4,0.391,2.6,5.0,0.52,0.547,1.6,2.1,0.796,1.0,2.1,3.1,2.6,0.9,0.1,1.3,1.6,10.9,0.0,0.0,1210.0,0.0,0.0,0.0,0.0,0.0,0.0,0.0,0.0,0.0,0.0,0.0,0.0,0.0,79.0,50.0,2170.0,313.0,669.0,0.468,106.0,271.0,0.391,207.0,398.0,0.52,0.547,129.0,162.0,0.796,79.0,166.0,245.0,203.0,75.0,8.0,101.0,128.0,861.0,0.0,14.9,0.582,0.405,0.242,4.1,8.9,6.4,14.9,1.8,0.3,12.0,17.2,3.9,0.9,4.8,0.106,1.0,-0.4,0.6,1.5,0.0,2013
127,Kyle Korver,30.5,3.7,8.1,0.461,2.6,5.6,0.457,1.2,2.5,0.471,0.618,0.9,1.1,0.859,0.3,3.6,4.0,2.0,0.9,0.5,0.9,2.3,10.9,0.0,0.0,1210.0,0.0,0.0,0.0,0.0,0.0,0.0,0.0,0.0,0.0,0.0,0.0,0.0,0.0,74.0,60.0,2259.0,277.0,601.0,0.461,189.0,414.0,0.457,88.0,187.0,0.471,0.618,67.0,78.0,0.859,23.0,270.0,293.0,146.0,70.0,37.0,70.0,170.0,810.0,0.0,13.9,0.637,0.689,0.13,1.2,13.5,7.4,9.9,1.6,1.3,9.9,14.5,4.0,2.5,6.4,0.137,1.1,0.7,1.8,2.2,0.0,2013
128,Jason Thompson,27.9,4.6,9.1,0.502,0.0,0.0,0.0,4.6,9.0,0.504,0.502,1.7,2.5,0.694,2.1,4.6,6.7,1.0,0.6,0.7,1.2,2.8,10.9,0.0,0.0,1210.0,0.0,0.0,0.0,0.0,0.0,0.0,0.0,0.0,0.0,0.0,0.0,0.0,0.0,82.0,81.0,2285.0,374.0,745.0,0.502,0.0,3.0,0.0,374.0,742.0,0.504,0.502,143.0,206.0,0.694,172.0,377.0,549.0,84.0,48.0,61.0,101.0,227.0,891.0,0.0,14.6,0.533,0.004,0.277,8.4,19.5,13.8,6.0,1.1,2.1,10.8,18.2,2.7,0.9,3.6,0.075,-1.0,-1.6,-2.6,-0.3,0.0,2013
129,Randy Foye,27.4,3.6,9.0,0.397,2.2,5.3,0.41,1.4,3.7,0.378,0.518,1.4,1.8,0.819,0.2,1.3,1.5,2.0,0.8,0.3,1.1,2.3,10.8,0.0,0.0,1210.0,0.0,0.0,0.0,0.0,0.0,0.0,0.0,0.0,0.0,0.0,0.0,0.0,0.0,82.0,72.0,2249.0,293.0,738.0,0.397,178.0,434.0,0.41,115.0,304.0,0.378,0.518,118.0,144.0,0.819,17.0,110.0,127.0,167.0,66.0,27.0,92.0,190.0,882.0,0.0,11.7,0.55,0.588,0.195,0.9,5.8,3.3,11.7,1.5,0.9,10.3,18.1,2.8,0.9,3.7,0.08,0.1,-0.7,-0.6,0.8,0.0,2013
130,Carl Landry,23.2,4.0,7.4,0.54,0.0,0.0,0.333,4.0,7.4,0.541,0.541,2.8,3.4,0.817,2.2,3.7,6.0,0.8,0.4,0.4,1.4,2.3,10.8,0.0,0.0,1210.0,0.0,0.0,0.0,0.0,0.0,0.0,0.0,0.0,0.0,0.0,0.0,0.0,0.0,81.0,2.0,1876.0,325.0,602.0,0.54,1.0,3.0,0.333,324.0,599.0,0.541,0.541,223.0,273.0,0.817,180.0,303.0,483.0,65.0,35.0,31.0,115.0,190.0,874.0,0.0,17.5,0.605,0.005,0.453,10.9,17.3,14.2,5.6,0.9,1.3,13.7,20.0,4.3,1.9,6.2,0.159,0.5,-0.7,-0.2,0.8,0.0,2013
131,Alan Anderson,23.0,3.6,9.5,0.383,1.5,4.4,0.333,2.2,5.1,0.426,0.46,1.9,2.3,0.857,0.5,1.8,2.3,1.6,0.7,0.1,1.2,2.0,10.7,0.0,0.0,1210.0,0.0,0.0,0.0,0.0,0.0,0.0,0.0,0.0,0.0,0.0,0.0,0.0,0.0,65.0,2.0,1495.0,236.0,616.0,0.383,95.0,285.0,0.333,141.0,331.0,0.426,0.46,126.0,147.0,0.857,34.0,114.0,148.0,103.0,48.0,7.0,80.0,131.0,693.0,0.0,12.6,0.509,0.463,0.239,2.7,9.2,5.9,11.7,1.7,0.4,10.5,23.6,0.8,0.8,1.6,0.052,-0.5,-1.3,-1.8,0.1,0.0,2013
132,Ricky Rubio,29.7,3.2,9.0,0.36,0.5,1.6,0.293,2.8,7.4,0.374,0.386,3.7,4.6,0.799,0.8,3.2,4.0,7.3,2.4,0.1,3.0,2.5,10.7,0.0,0.0,1210.0,0.0,0.0,0.0,0.0,0.0,0.0,0.0,0.0,0.0,0.0,0.0,0.0,0.0,57.0,47.0,1691.0,185.0,514.0,0.36,27.0,92.0,0.293,158.0,422.0,0.374,0.386,211.0,264.0,0.799,44.0,185.0,229.0,418.0,137.0,5.0,172.0,143.0,608.0,1.0,16.2,0.482,0.179,0.514,2.9,12.9,7.7,38.8,4.2,0.2,21.4,21.2,0.4,2.6,3.0,0.085,-0.8,1.9,1.1,1.3,0.0,2013
133,Carlos Delfino,25.2,3.7,9.3,0.405,2.4,6.3,0.375,1.4,3.0,0.467,0.532,0.7,0.8,0.857,0.3,3.0,3.3,2.0,1.0,0.1,1.1,1.7,10.6,0.0,0.0,1210.0,0.0,0.0,0.0,0.0,0.0,0.0,0.0,0.0,0.0,0.0,0.0,0.0,0.0,67.0,5.0,1689.0,251.0,620.0,0.405,158.0,421.0,0.375,93.0,199.0,0.467,0.532,48.0,56.0,0.857,18.0,202.0,220.0,135.0,68.0,9.0,72.0,114.0,708.0,0.0,13.3,0.549,0.679,0.09,1.2,13.4,7.4,12.5,2.0,0.4,10.0,18.6,2.0,1.5,3.5,0.101,1.1,0.3,1.4,1.5,0.0,2013
134,Byron Mullens,26.9,4.1,10.6,0.385,1.2,3.9,0.317,2.8,6.7,0.425,0.444,1.2,1.9,0.646,1.3,5.0,6.4,1.5,0.6,0.6,1.4,2.1,10.6,0.0,0.0,1210.0,0.0,0.0,0.0,0.0,0.0,0.0,0.0,0.0,0.0,0.0,0.0,0.0,0.0,53.0,41.0,1428.0,217.0,563.0,0.385,66.0,208.0,0.317,151.0,355.0,0.425,0.444,64.0,99.0,0.646,71.0,266.0,337.0,81.0,34.0,32.0,74.0,110.0,564.0,0.0,12.3,0.465,0.369,0.176,5.5,22.0,13.5,10.1,1.2,1.8,10.9,21.7,-0.6,0.7,0.1,0.005,-1.4,-2.0,-3.4,-0.5,0.0,2013
135,Nick Young,23.9,3.8,9.2,0.413,1.3,3.6,0.357,2.5,5.6,0.449,0.482,1.8,2.2,0.82,0.4,1.8,2.2,1.4,0.6,0.2,0.8,1.4,10.6,0.0,0.0,1210.0,0.0,0.0,0.0,0.0,0.0,0.0,0.0,0.0,0.0,0.0,0.0,0.0,0.0,59.0,17.0,1411.0,224.0,542.0,0.413,75.0,210.0,0.357,149.0,332.0,0.449,0.482,105.0,128.0,0.82,24.0,106.0,130.0,84.0,36.0,14.0,50.0,84.0,628.0,0.0,13.3,0.525,0.387,0.236,1.9,8.7,5.2,9.7,1.3,0.8,7.7,21.2,1.4,1.0,2.3,0.079,-0.1,-0.6,-0.7,0.5,0.0,2013
136,Shannon Brown,23.8,4.1,9.7,0.42,0.7,2.4,0.277,3.4,7.3,0.467,0.454,1.7,2.1,0.784,0.7,1.8,2.5,1.8,1.0,0.3,1.3,1.6,10.5,0.0,0.0,1210.0,0.0,0.0,0.0,0.0,0.0,0.0,0.0,0.0,0.0,0.0,0.0,0.0,0.0,59.0,22.0,1402.0,240.0,571.0,0.42,39.0,141.0,0.277,201.0,430.0,0.467,0.454,98.0,125.0,0.784,44.0,105.0,149.0,108.0,59.0,15.0,74.0,92.0,617.0,0.0,13.1,0.493,0.247,0.219,3.5,8.7,6.0,12.8,2.2,0.8,10.6,22.2,0.4,0.8,1.2,0.041,-1.1,-0.5,-1.6,0.2,0.0,2013
137,Mike Dunleavy,25.9,3.7,8.3,0.442,1.7,4.0,0.428,2.0,4.3,0.455,0.545,1.4,1.7,0.82,0.4,3.5,3.9,1.9,0.5,0.5,1.2,1.8,10.5,0.0,0.0,1210.0,0.0,0.0,0.0,0.0,0.0,0.0,0.0,0.0,0.0,0.0,0.0,0.0,0.0,75.0,3.0,1943.0,276.0,624.0,0.442,128.0,299.0,0.428,148.0,325.0,0.455,0.545,105.0,128.0,0.82,31.0,260.0,291.0,145.0,39.0,35.0,90.0,135.0,785.0,0.0,13.6,0.577,0.479,0.205,1.7,14.9,8.0,11.5,1.0,1.3,11.7,17.3,2.7,1.7,4.4,0.109,0.5,-0.2,0.4,1.2,0.0,2013
138,Danny Green,27.5,3.7,8.3,0.448,2.2,5.2,0.429,1.5,3.1,0.48,0.581,0.8,1.0,0.848,0.5,2.6,3.1,1.8,1.2,0.7,1.2,1.6,10.5,0.0,0.0,1210.0,0.0,0.0,0.0,0.0,0.0,0.0,0.0,0.0,0.0,0.0,0.0,0.0,0.0,80.0,80.0,2201.0,297.0,663.0,0.448,177.0,413.0,0.429,120.0,250.0,0.48,0.581,67.0,79.0,0.848,36.0,208.0,244.0,141.0,92.0,54.0,94.0,124.0,838.0,0.0,14.1,0.6,0.623,0.119,2.0,10.3,6.4,9.5,2.1,1.8,11.9,16.6,2.6,3.2,5.9,0.128,1.4,1.4,2.8,2.7,0.0,2013
139,Chris Kaman,20.7,4.7,9.3,0.507,0.0,0.0,0.0,4.7,9.3,0.508,0.507,1.0,1.3,0.788,1.5,4.2,5.6,0.8,0.4,0.8,1.6,2.1,10.5,0.0,0.0,1210.0,0.0,0.0,0.0,0.0,0.0,0.0,0.0,0.0,0.0,0.0,0.0,0.0,0.0,66.0,52.0,1363.0,313.0,617.0,0.507,0.0,1.0,0.0,313.0,616.0,0.508,0.507,67.0,85.0,0.788,97.0,275.0,372.0,51.0,29.0,52.0,103.0,141.0,693.0,0.0,16.3,0.529,0.002,0.138,8.1,22.1,15.2,6.6,1.1,3.0,13.6,25.3,0.0,1.6,1.6,0.058,-1.5,-0.8,-2.4,-0.1,0.0,2013
140,Jason Richardson,28.4,4.1,10.2,0.402,1.7,5.1,0.341,2.4,5.1,0.462,0.487,0.6,1.0,0.606,0.6,3.3,3.8,1.5,1.2,0.5,0.8,1.7,10.5,0.0,0.0,1210.0,0.0,0.0,0.0,0.0,0.0,0.0,0.0,0.0,0.0,0.0,0.0,0.0,0.0,33.0,33.0,936.0,135.0,336.0,0.402,57.0,167.0,0.341,78.0,169.0,0.462,0.487,20.0,33.0,0.606,19.0,108.0,127.0,51.0,40.0,15.0,26.0,57.0,347.0,0.0,12.6,0.495,0.497,0.098,2.2,13.4,7.7,8.6,2.3,1.2,6.9,18.5,0.3,1.1,1.4,0.07,-0.9,0.5,-0.5,0.4,0.0,2013
141,Tayshaun Prince,32.1,4.4,10.0,0.438,0.5,1.1,0.404,3.9,8.9,0.442,0.461,1.2,1.6,0.738,0.9,3.6,4.4,2.4,0.6,0.3,1.1,1.0,10.4,0.0,0.0,1210.0,0.0,0.0,0.0,0.0,0.0,0.0,0.0,0.0,0.0,0.0,0.0,0.0,0.0,82.0,81.0,2631.0,359.0,820.0,0.438,38.0,94.0,0.404,321.0,726.0,0.442,0.461,96.0,130.0,0.738,72.0,292.0,364.0,196.0,48.0,25.0,89.0,86.0,852.0,0.0,11.5,0.486,0.115,0.159,3.1,13.2,8.1,12.1,1.0,0.8,9.2,16.8,1.5,2.1,3.6,0.065,-0.9,-0.2,-1.2,0.5,0.0,2013
142,Patrick Patterson,25.0,4.5,8.8,0.512,0.7,1.9,0.386,3.8,6.9,0.546,0.553,0.7,0.9,0.762,1.6,3.2,4.7,1.1,0.4,0.6,0.9,1.9,10.4,0.0,0.0,1210.0,0.0,0.0,0.0,0.0,0.0,0.0,0.0,0.0,0.0,0.0,0.0,0.0,0.0,71.0,41.0,1775.0,319.0,623.0,0.512,51.0,132.0,0.386,268.0,491.0,0.546,0.553,48.0,63.0,0.762,113.0,224.0,337.0,81.0,31.0,40.0,61.0,138.0,737.0,0.0,15.2,0.566,0.212,0.101,7.2,14.4,10.8,7.5,0.9,1.7,8.6,17.6,3.1,1.0,4.1,0.111,0.9,-0.9,-0.1,0.9,0.0,2013
143,Caron Butler,24.1,3.9,9.2,0.424,1.6,4.2,0.388,2.3,5.0,0.454,0.513,1.0,1.2,0.833,0.5,2.3,2.9,1.0,0.7,0.1,0.9,1.8,10.4,0.0,0.0,1210.0,0.0,0.0,0.0,0.0,0.0,0.0,0.0,0.0,0.0,0.0,0.0,0.0,0.0,78.0,78.0,1879.0,305.0,720.0,0.424,128.0,330.0,0.388,177.0,390.0,0.454,0.513,75.0,90.0,0.833,41.0,182.0,223.0,78.0,51.0,11.0,72.0,139.0,813.0,0.0,12.4,0.535,0.458,0.125,2.6,11.4,7.1,6.5,1.4,0.5,8.7,20.2,1.9,1.6,3.6,0.091,-0.1,-1.2,-1.3,0.3,0.0,2013
144,Tyson Chandler,32.8,3.9,6.1,0.638,0.0,0.0,0.0,3.9,6.1,0.638,0.638,2.7,3.9,0.694,4.1,6.6,10.7,0.9,0.6,1.1,1.3,2.8,10.4,0.0,0.0,1210.0,0.0,0.0,0.0,0.0,0.0,0.0,0.0,0.0,0.0,0.0,0.0,0.0,0.0,66.0,66.0,2164.0,255.0,400.0,0.638,0.0,0.0,0.0,255.0,400.0,0.638,0.638,179.0,258.0,0.694,269.0,434.0,703.0,62.0,42.0,75.0,87.0,188.0,689.0,0.0,18.9,0.671,0.0,0.645,14.1,24.3,19.0,4.5,1.0,3.0,14.5,13.0,6.7,2.6,9.3,0.207,1.5,-0.3,1.3,1.8,0.0,2013
145,Matt Barnes,25.7,3.9,8.4,0.462,1.4,4.1,0.342,2.5,4.4,0.574,0.544,1.1,1.5,0.744,1.4,3.2,4.6,1.5,1.0,0.8,1.1,2.9,10.3,0.0,0.0,1210.0,0.0,0.0,0.0,0.0,0.0,0.0,0.0,0.0,0.0,0.0,0.0,0.0,0.0,80.0,4.0,2058.0,312.0,675.0,0.462,111.0,325.0,0.342,201.0,350.0,0.574,0.544,87.0,117.0,0.744,111.0,255.0,366.0,123.0,82.0,63.0,90.0,233.0,822.0,0.0,15.5,0.566,0.481,0.173,6.5,14.5,10.6,9.2,2.1,2.6,11.0,18.1,3.5,2.8,6.3,0.146,1.1,0.7,1.8,2.0,0.0,2013
146,Andray Blatche,19.0,4.2,8.2,0.512,0.0,0.3,0.136,4.2,8.0,0.524,0.514,1.8,2.6,0.685,2.0,3.1,5.1,1.0,1.0,0.7,1.5,2.0,10.3,0.0,0.0,1210.0,0.0,0.0,0.0,0.0,0.0,0.0,0.0,0.0,0.0,0.0,0.0,0.0,0.0,82.0,8.0,1555.0,346.0,676.0,0.512,3.0,22.0,0.136,343.0,654.0,0.524,0.514,148.0,216.0,0.685,161.0,256.0,417.0,85.0,86.0,54.0,123.0,163.0,843.0,0.0,21.9,0.547,0.033,0.32,12.2,19.6,15.8,10.5,3.0,2.7,13.8,26.5,2.4,2.5,4.9,0.153,1.3,0.9,2.2,1.6,0.0,2013
147,Alonzo Gee,31.0,3.7,9.1,0.41,0.8,2.7,0.315,2.9,6.4,0.45,0.456,2.0,2.5,0.795,0.9,3.0,3.9,1.6,1.3,0.4,1.6,2.4,10.3,0.0,0.0,1210.0,0.0,0.0,0.0,0.0,0.0,0.0,0.0,0.0,0.0,0.0,0.0,0.0,0.0,82.0,82.0,2541.0,305.0,744.0,0.41,69.0,219.0,0.315,236.0,525.0,0.45,0.456,163.0,205.0,0.795,75.0,245.0,320.0,133.0,107.0,29.0,132.0,199.0,842.0,0.0,10.5,0.505,0.294,0.276,3.3,11.7,7.3,8.2,2.2,0.9,13.7,16.9,0.5,1.5,1.9,0.036,-2.2,-0.3,-2.6,-0.4,0.0,2013
148,Tiago Splitter,24.7,3.9,7.0,0.56,0.0,0.0,0.0,3.9,6.9,0.561,0.56,2.6,3.5,0.73,1.8,4.6,6.4,1.6,0.8,0.8,1.2,2.0,10.3,0.0,0.0,1210.0,0.0,0.0,0.0,0.0,0.0,0.0,0.0,0.0,0.0,0.0,0.0,0.0,0.0,81.0,58.0,1997.0,315.0,563.0,0.56,0.0,2.0,0.0,315.0,561.0,0.561,0.56,208.0,285.0,0.73,144.0,371.0,515.0,130.0,63.0,64.0,100.0,161.0,838.0,0.0,18.7,0.609,0.004,0.506,8.8,20.3,14.9,10.0,1.6,2.3,12.7,18.2,4.7,3.5,8.2,0.197,0.8,1.3,2.2,2.1,0.0,2013
149,Ömer Aşık,30.0,4.0,7.5,0.541,0.0,0.0,0.0,4.0,7.5,0.542,0.541,2.0,3.6,0.562,3.4,8.3,11.7,0.9,0.6,1.1,2.1,2.7,10.1,0.0,0.0,1210.0,0.0,0.0,0.0,0.0,0.0,0.0,0.0,0.0,0.0,0.0,0.0,0.0,0.0,82.0,82.0,2464.0,332.0,614.0,0.541,0.0,1.0,0.0,332.0,613.0,0.542,0.541,168.0,299.0,0.562,275.0,681.0,956.0,75.0,46.0,87.0,173.0,223.0,832.0,0.0,14.9,0.558,0.002,0.487,12.8,31.0,22.0,4.6,0.9,2.7,18.8,16.3,2.0,3.5,5.5,0.108,-1.3,-0.3,-1.6,0.3,0.0,2013
150,Michael Beasley,20.7,4.1,10.2,0.405,0.6,1.9,0.313,3.5,8.3,0.426,0.434,1.3,1.7,0.746,0.7,3.1,3.8,1.5,0.4,0.5,1.9,1.4,10.1,0.0,0.0,1210.0,0.0,0.0,0.0,0.0,0.0,0.0,0.0,0.0,0.0,0.0,0.0,0.0,0.0,75.0,20.0,1554.0,310.0,766.0,0.405,45.0,144.0,0.313,265.0,622.0,0.426,0.434,94.0,126.0,0.746,52.0,230.0,282.0,111.0,31.0,34.0,144.0,107.0,759.0,0.0,10.8,0.462,0.188,0.164,3.7,17.2,10.3,12.5,1.0,1.6,14.9,27.6,-2.5,1.0,-1.5,-0.047,-2.7,-2.0,-4.7,-1.1,0.0,2013
151,Jason Terry,26.9,3.6,8.2,0.434,1.6,4.2,0.372,2.0,4.0,0.498,0.529,1.4,1.7,0.87,0.2,1.8,2.0,2.5,0.8,0.1,1.3,1.4,10.1,0.0,0.0,1210.0,0.0,0.0,0.0,0.0,0.0,0.0,0.0,0.0,0.0,0.0,0.0,0.0,0.0,79.0,24.0,2124.0,281.0,648.0,0.434,123.0,331.0,0.372,158.0,317.0,0.498,0.529,114.0,131.0,0.87,19.0,140.0,159.0,198.0,66.0,11.0,102.0,110.0,799.0,0.0,12.8,0.566,0.511,0.202,1.1,7.6,4.4,14.9,1.6,0.4,12.6,18.0,2.1,1.9,4.0,0.091,0.0,-0.2,-0.2,1.0,0.0,2013
152,Amir Johnson,28.7,4.1,7.5,0.554,0.1,0.2,0.385,4.1,7.3,0.558,0.559,1.7,2.3,0.727,2.8,4.7,7.5,1.5,1.0,1.4,1.4,3.7,10.0,0.0,0.0,1210.0,0.0,0.0,0.0,0.0,0.0,0.0,0.0,0.0,0.0,0.0,0.0,0.0,0.0,81.0,38.0,2325.0,336.0,606.0,0.554,5.0,13.0,0.385,331.0,593.0,0.558,0.559,136.0,187.0,0.727,227.0,384.0,611.0,122.0,81.0,110.0,117.0,301.0,813.0,0.0,17.3,0.591,0.021,0.309,11.4,20.0,15.6,8.7,1.8,3.8,14.5,16.1,4.4,2.9,7.3,0.151,0.0,1.0,1.0,1.8,0.0,2013
153,Devin Harris,24.5,3.3,7.6,0.438,1.3,4.0,0.335,2.0,3.7,0.549,0.525,1.9,2.7,0.727,0.1,1.9,2.0,3.4,1.1,0.2,1.5,1.8,9.9,0.0,0.0,1210.0,0.0,0.0,0.0,0.0,0.0,0.0,0.0,0.0,0.0,0.0,0.0,0.0,0.0,58.0,34.0,1421.0,194.0,443.0,0.438,77.0,230.0,0.335,117.0,213.0,0.549,0.525,112.0,154.0,0.727,6.0,110.0,116.0,197.0,64.0,13.0,88.0,103.0,577.0,0.0,14.6,0.565,0.519,0.348,0.5,8.7,4.7,21.7,2.3,0.7,14.7,19.5,1.8,1.5,3.3,0.111,-0.5,0.6,0.1,0.8,0.0,2013
154,Will Bynum,18.8,3.9,8.3,0.469,0.4,1.2,0.316,3.5,7.1,0.494,0.491,1.6,2.0,0.809,0.4,1.1,1.5,3.6,0.7,0.1,1.9,2.0,9.8,0.0,0.0,1210.0,0.0,0.0,0.0,0.0,0.0,0.0,0.0,0.0,0.0,0.0,0.0,0.0,0.0,65.0,0.0,1219.0,253.0,540.0,0.469,24.0,76.0,0.316,229.0,464.0,0.494,0.491,106.0,131.0,0.809,28.0,69.0,97.0,231.0,45.0,5.0,125.0,128.0,636.0,0.0,16.6,0.532,0.141,0.243,2.6,6.6,4.6,34.8,2.0,0.3,17.3,27.0,1.2,0.5,1.7,0.067,0.6,-1.6,-1.0,0.3,0.0,2013
155,Richard Hamilton,21.8,4.1,9.5,0.429,0.3,1.0,0.308,3.8,8.5,0.444,0.446,1.3,1.5,0.857,0.3,1.3,1.7,2.4,0.5,0.1,1.7,1.9,9.8,0.0,0.0,1210.0,0.0,0.0,0.0,0.0,0.0,0.0,0.0,0.0,0.0,0.0,0.0,0.0,0.0,50.0,45.0,1088.0,204.0,475.0,0.429,16.0,52.0,0.308,188.0,423.0,0.444,0.446,66.0,77.0,0.857,16.0,67.0,83.0,119.0,24.0,5.0,84.0,93.0,490.0,0.0,10.6,0.481,0.109,0.162,1.7,7.2,4.4,19.9,1.2,0.3,14.2,25.0,-0.6,0.9,0.4,0.016,-2.8,-1.2,-4.0,-0.6,0.0,2013
156,Larry Sanders,27.3,4.3,8.5,0.506,0.0,0.0,0.0,4.3,8.5,0.507,0.506,1.2,1.9,0.618,3.2,6.3,9.5,1.2,0.7,2.8,1.2,3.3,9.8,0.0,0.0,1210.0,0.0,0.0,0.0,0.0,0.0,0.0,0.0,0.0,0.0,0.0,0.0,0.0,0.0,71.0,55.0,1937.0,306.0,605.0,0.506,0.0,2.0,0.0,306.0,603.0,0.507,0.506,84.0,136.0,0.618,224.0,448.0,672.0,83.0,53.0,201.0,87.0,233.0,696.0,1.0,18.7,0.523,0.003,0.225,12.0,25.8,18.6,6.8,1.4,7.6,11.6,16.9,2.3,3.7,6.0,0.149,-1.1,2.0,1.0,1.5,0.0,2013
157,Emeka Okafor,26.0,4.2,8.7,0.477,0.0,0.0,0.0,4.2,8.7,0.477,0.477,1.4,2.4,0.571,2.5,6.2,8.8,1.2,0.6,1.0,1.4,1.8,9.7,0.0,0.0,1210.0,0.0,0.0,0.0,0.0,0.0,0.0,0.0,0.0,0.0,0.0,0.0,0.0,0.0,79.0,77.0,2052.0,328.0,687.0,0.477,0.0,0.0,0.0,328.0,687.0,0.477,0.477,109.0,191.0,0.571,199.0,493.0,692.0,93.0,45.0,77.0,107.0,145.0,765.0,0.0,15.8,0.496,0.0,0.278,10.7,26.8,18.7,7.9,1.1,3.0,12.2,19.5,0.7,3.7,4.5,0.104,-1.0,0.3,-0.7,0.7,0.0,2013
158,Marco Belinelli,25.8,3.3,8.4,0.395,1.1,3.0,0.357,2.2,5.3,0.416,0.46,1.9,2.3,0.839,0.2,1.7,1.9,2.0,0.6,0.1,1.1,1.9,9.6,0.0,0.0,1210.0,0.0,0.0,0.0,0.0,0.0,0.0,0.0,0.0,0.0,0.0,0.0,0.0,0.0,73.0,27.0,1882.0,241.0,610.0,0.395,79.0,221.0,0.357,162.0,389.0,0.416,0.46,141.0,168.0,0.839,13.0,127.0,140.0,148.0,44.0,6.0,82.0,140.0,702.0,0.0,10.4,0.513,0.362,0.275,0.8,7.8,4.3,12.9,1.3,0.2,10.7,18.7,1.3,1.6,3.0,0.076,-1.9,-0.4,-2.3,-0.1,0.0,2013
159,Andre Miller,26.2,3.7,7.7,0.479,0.2,0.8,0.266,3.5,6.9,0.504,0.493,2.0,2.4,0.84,0.7,2.2,2.9,5.9,0.9,0.1,2.1,1.9,9.6,0.0,0.0,1210.0,0.0,0.0,0.0,0.0,0.0,0.0,0.0,0.0,0.0,0.0,0.0,0.0,0.0,82.0,11.0,2151.0,303.0,632.0,0.479,17.0,64.0,0.266,286.0,568.0,0.504,0.493,163.0,194.0,0.84,60.0,178.0,238.0,484.0,73.0,11.0,172.0,159.0,786.0,0.0,15.7,0.548,0.101,0.307,3.2,9.1,6.2,32.2,1.7,0.4,19.3,17.9,3.9,1.5,5.4,0.12,1.1,-0.2,0.9,1.6,0.0,2013
160,Trevor Ariza,26.3,3.4,8.1,0.417,1.4,3.7,0.364,2.0,4.3,0.463,0.501,1.4,1.7,0.821,0.8,4.0,4.8,2.0,1.3,0.4,1.5,1.3,9.5,0.0,0.0,1210.0,0.0,0.0,0.0,0.0,0.0,0.0,0.0,0.0,0.0,0.0,0.0,0.0,0.0,56.0,15.0,1471.0,188.0,451.0,0.417,76.0,209.0,0.364,112.0,242.0,0.463,0.501,78.0,95.0,0.821,44.0,222.0,266.0,113.0,72.0,20.0,84.0,72.0,530.0,0.0,14.0,0.538,0.463,0.211,3.3,16.9,10.0,12.7,2.5,1.1,14.6,17.9,0.7,2.4,3.1,0.102,0.1,2.0,2.1,1.6,0.0,2013
161,Gary Neal,21.8,3.6,8.8,0.412,1.3,3.7,0.355,2.3,5.1,0.454,0.487,0.9,1.1,0.865,0.2,1.9,2.1,1.9,0.4,0.0,1.0,1.4,9.5,0.0,0.0,1210.0,0.0,0.0,0.0,0.0,0.0,0.0,0.0,0.0,0.0,0.0,0.0,0.0,0.0,68.0,17.0,1484.0,246.0,597.0,0.412,89.0,251.0,0.355,157.0,346.0,0.454,0.487,64.0,74.0,0.865,13.0,130.0,143.0,129.0,30.0,2.0,69.0,93.0,645.0,0.0,11.5,0.512,0.42,0.124,1.1,9.6,5.6,13.5,1.0,0.1,9.9,21.7,0.4,1.5,1.9,0.06,-1.2,-0.9,-2.0,0.0,0.0,2013
162,Chase Budinger,22.1,3.4,8.3,0.414,1.1,3.5,0.321,2.3,4.8,0.482,0.482,1.4,1.8,0.762,0.7,2.4,3.1,1.1,0.6,0.3,1.0,1.3,9.4,0.0,0.0,1210.0,0.0,0.0,0.0,0.0,0.0,0.0,0.0,0.0,0.0,0.0,0.0,0.0,0.0,23.0,1.0,508.0,79.0,191.0,0.414,26.0,81.0,0.321,53.0,110.0,0.482,0.482,32.0,42.0,0.762,15.0,56.0,71.0,25.0,14.0,7.0,23.0,29.0,216.0,0.0,12.6,0.516,0.424,0.22,3.3,13.0,8.0,8.3,1.4,1.1,9.9,20.5,0.3,0.4,0.7,0.066,-0.6,-0.8,-1.4,0.1,0.0,2013
163,Derrick Favors,23.2,3.6,7.4,0.482,0.0,0.1,0.0,3.6,7.3,0.487,0.482,2.3,3.4,0.688,2.4,4.7,7.1,1.0,0.9,1.7,1.7,3.2,9.4,0.0,0.0,1210.0,0.0,0.0,0.0,0.0,0.0,0.0,0.0,0.0,0.0,0.0,0.0,0.0,0.0,77.0,8.0,1787.0,274.0,568.0,0.482,0.0,5.0,0.0,274.0,563.0,0.487,0.482,179.0,260.0,0.688,184.0,362.0,546.0,75.0,67.0,130.0,129.0,247.0,727.0,0.0,17.5,0.533,0.009,0.458,11.9,24.0,17.9,6.8,2.0,5.7,15.9,20.6,1.5,2.9,4.4,0.117,-1.6,1.1,-0.5,0.7,0.0,2013
164,Antawn Jamison,21.5,3.5,7.6,0.464,1.1,3.1,0.361,2.4,4.5,0.535,0.537,1.2,1.8,0.691,1.4,3.3,4.8,0.7,0.4,0.3,0.7,1.6,9.4,0.0,0.0,1210.0,0.0,0.0,0.0,0.0,0.0,0.0,0.0,0.0,0.0,0.0,0.0,0.0,0.0,76.0,6.0,1636.0,267.0,575.0,0.464,84.0,233.0,0.361,183.0,342.0,0.535,0.537,94.0,136.0,0.691,109.0,253.0,362.0,50.0,30.0,22.0,53.0,124.0,712.0,0.0,15.3,0.561,0.405,0.237,7.5,16.6,12.2,5.0,0.9,1.0,7.7,18.7,3.0,1.3,4.3,0.126,1.0,-1.1,-0.1,0.8,0.0,2013
165,Harrison Barnes,25.4,3.4,7.8,0.439,0.6,1.8,0.359,2.8,6.0,0.464,0.481,1.8,2.3,0.758,0.7,3.5,4.1,1.2,0.6,0.2,1.2,1.7,9.2,0.0,0.0,1210.0,0.0,0.0,0.0,0.0,0.0,0.0,0.0,0.0,0.0,0.0,0.0,0.0,0.0,81.0,81.0,2058.0,276.0,628.0,0.439,52.0,145.0,0.359,224.0,483.0,0.464,0.481,144.0,190.0,0.758,53.0,280.0,333.0,98.0,52.0,14.0,101.0,140.0,748.0,0.0,11.0,0.526,0.231,0.303,2.9,14.5,8.9,7.3,1.3,0.5,12.4,17.7,0.9,1.9,2.8,0.065,-1.6,-0.1,-1.7,0.1,0.0,2013
166,Avery Bradley,28.7,3.8,9.6,0.402,0.8,2.5,0.317,3.0,7.0,0.432,0.444,0.7,1.0,0.755,0.6,1.6,2.2,2.1,1.3,0.4,1.4,2.6,9.2,0.0,0.0,1210.0,0.0,0.0,0.0,0.0,0.0,0.0,0.0,0.0,0.0,0.0,0.0,0.0,0.0,50.0,50.0,1435.0,192.0,478.0,0.402,40.0,126.0,0.317,152.0,352.0,0.432,0.444,37.0,49.0,0.755,30.0,81.0,111.0,104.0,64.0,19.0,72.0,129.0,461.0,0.0,8.8,0.461,0.264,0.103,2.5,6.5,4.6,11.6,2.3,1.0,12.6,18.8,-1.3,1.6,0.4,0.012,-4.0,0.3,-3.7,-0.6,0.0,2013
167,Dorell Wright,22.6,3.0,7.6,0.396,1.7,4.6,0.374,1.3,3.0,0.429,0.508,1.5,1.8,0.851,0.5,3.3,3.8,1.9,0.8,0.4,0.8,1.2,9.2,0.0,0.0,1210.0,0.0,0.0,0.0,0.0,0.0,0.0,0.0,0.0,0.0,0.0,0.0,0.0,0.0,79.0,8.0,1783.0,237.0,599.0,0.396,135.0,361.0,0.374,102.0,238.0,0.429,0.508,120.0,141.0,0.851,42.0,260.0,302.0,150.0,62.0,35.0,64.0,98.0,729.0,0.0,16.0,0.551,0.603,0.235,2.6,17.0,9.6,13.1,1.8,1.5,8.8,18.7,2.8,2.1,4.9,0.132,1.9,0.6,2.6,2.1,0.0,2013
168,JaVale McGee,18.1,3.8,6.7,0.575,0.0,0.0,1.0,3.8,6.7,0.574,0.576,1.4,2.4,0.591,2.0,2.8,4.8,0.3,0.4,2.0,1.1,2.3,9.1,0.0,0.0,1210.0,0.0,0.0,0.0,0.0,0.0,0.0,0.0,0.0,0.0,0.0,0.0,0.0,0.0,79.0,0.0,1433.0,303.0,527.0,0.575,1.0,1.0,1.0,302.0,526.0,0.574,0.576,110.0,186.0,0.591,158.0,223.0,381.0,24.0,30.0,157.0,90.0,184.0,717.0,0.0,20.7,0.589,0.002,0.353,12.6,17.1,14.9,2.7,1.1,8.5,12.9,21.1,2.7,2.2,4.9,0.163,0.4,1.2,1.6,1.3,0.0,2013
169,Kevin Séraphin,21.8,4.2,9.1,0.461,0.0,0.0,0.0,4.2,9.1,0.461,0.461,0.8,1.1,0.693,1.4,3.0,4.4,0.7,0.3,0.7,1.6,2.7,9.1,0.0,0.0,1210.0,0.0,0.0,0.0,0.0,0.0,0.0,0.0,0.0,0.0,0.0,0.0,0.0,0.0,79.0,8.0,1721.0,330.0,716.0,0.461,0.0,0.0,0.0,330.0,716.0,0.461,0.461,61.0,88.0,0.693,107.0,239.0,346.0,57.0,24.0,59.0,130.0,211.0,721.0,0.0,10.3,0.478,0.0,0.123,6.8,15.5,11.1,6.1,0.7,2.7,14.7,23.5,-2.1,2.2,0.1,0.004,-4.9,-0.7,-5.5,-1.5,0.0,2013
170,Michael Kidd-Gilchrist,26.0,3.6,7.9,0.458,0.0,0.1,0.222,3.6,7.7,0.462,0.46,1.8,2.4,0.749,1.7,4.2,5.8,1.5,0.7,0.9,1.3,2.1,9.0,0.0,0.0,1210.0,0.0,0.0,0.0,0.0,0.0,0.0,0.0,0.0,0.0,0.0,0.0,0.0,0.0,78.0,77.0,2025.0,281.0,613.0,0.458,2.0,9.0,0.222,279.0,604.0,0.462,0.46,140.0,187.0,0.749,131.0,324.0,455.0,117.0,54.0,70.0,101.0,164.0,704.0,0.0,14.0,0.506,0.015,0.305,7.2,18.9,12.9,10.1,1.4,2.8,12.7,17.9,1.1,1.0,2.1,0.051,-1.6,-0.9,-2.6,-0.3,0.0,2013
171,Tony Allen,26.7,3.6,8.1,0.445,0.0,0.3,0.125,3.6,7.8,0.458,0.447,1.7,2.4,0.717,1.5,3.1,4.6,1.2,1.5,0.6,1.2,2.7,8.9,0.0,0.0,1210.0,0.0,0.0,0.0,0.0,0.0,0.0,0.0,0.0,0.0,0.0,0.0,0.0,0.0,79.0,79.0,2109.0,284.0,638.0,0.445,3.0,24.0,0.125,281.0,614.0,0.458,0.447,134.0,187.0,0.717,121.0,242.0,363.0,98.0,119.0,44.0,94.0,211.0,705.0,0.0,13.2,0.489,0.038,0.293,6.6,13.8,10.2,7.6,3.1,1.7,11.5,17.8,1.0,4.1,5.1,0.115,-2.0,2.4,0.4,1.2,0.0,2013
172,Jonas Valančiūnas,23.9,3.3,5.9,0.557,0.0,0.0,0.0,3.3,5.9,0.557,0.557,2.4,3.0,0.789,2.0,4.0,6.0,0.7,0.3,1.3,1.5,3.0,8.9,0.0,0.0,1210.0,0.0,0.0,0.0,0.0,0.0,0.0,0.0,0.0,0.0,0.0,0.0,0.0,0.0,62.0,57.0,1482.0,204.0,366.0,0.557,0.0,0.0,0.0,204.0,366.0,0.557,0.557,146.0,185.0,0.789,121.0,251.0,372.0,45.0,17.0,78.0,94.0,188.0,554.0,0.0,15.6,0.619,0.0,0.505,9.6,20.5,14.9,5.0,0.6,4.2,17.4,16.9,2.5,1.5,3.9,0.127,-1.1,0.0,-1.2,0.3,0.0,2013
173,DeAndre Jordan,24.5,3.8,6.0,0.643,0.0,0.0,0.0,3.8,6.0,0.643,0.643,1.2,3.0,0.386,2.6,4.7,7.2,0.3,0.6,1.4,1.2,2.3,8.8,0.0,0.0,1210.0,0.0,0.0,0.0,0.0,0.0,0.0,0.0,0.0,0.0,0.0,0.0,0.0,0.0,82.0,82.0,2010.0,314.0,488.0,0.643,0.0,0.0,0.0,314.0,488.0,0.643,0.643,96.0,249.0,0.386,210.0,384.0,594.0,28.0,48.0,112.0,100.0,192.0,724.0,0.0,17.2,0.606,0.0,0.51,12.7,22.4,17.6,2.2,1.3,4.7,14.3,15.9,3.0,3.2,6.2,0.148,-0.1,-0.2,-0.2,0.9,0.0,2013
174,John Salmons,30.0,3.2,8.1,0.399,1.3,3.5,0.371,1.9,4.5,0.42,0.48,1.1,1.4,0.773,0.4,2.3,2.7,3.0,0.7,0.3,1.1,1.9,8.8,0.0,0.0,1210.0,0.0,0.0,0.0,0.0,0.0,0.0,0.0,0.0,0.0,0.0,0.0,0.0,0.0,76.0,72.0,2278.0,244.0,612.0,0.399,99.0,267.0,0.371,145.0,345.0,0.42,0.48,85.0,110.0,0.773,33.0,174.0,207.0,226.0,51.0,25.0,85.0,143.0,672.0,0.0,10.2,0.509,0.436,0.18,1.6,9.0,5.2,14.8,1.1,0.9,11.4,14.5,1.8,-0.1,1.6,0.034,-1.1,-1.5,-2.5,-0.3,0.0,2013
175,Kyle Singler,28.0,3.4,7.8,0.428,0.9,2.4,0.35,2.5,5.4,0.464,0.483,1.2,1.5,0.806,1.3,2.7,4.0,0.9,0.7,0.5,1.2,2.6,8.8,0.0,0.0,1210.0,0.0,0.0,0.0,0.0,0.0,0.0,0.0,0.0,0.0,0.0,0.0,0.0,0.0,82.0,74.0,2293.0,275.0,642.0,0.428,70.0,200.0,0.35,205.0,442.0,0.464,0.483,100.0,124.0,0.806,109.0,221.0,330.0,77.0,57.0,37.0,98.0,217.0,720.0,0.0,10.0,0.517,0.312,0.193,5.4,11.3,8.3,5.3,1.3,1.3,12.3,15.8,1.1,1.2,2.3,0.048,-2.2,-0.8,-3.0,-0.6,0.0,2013
176,Lance Stephenson,29.2,3.5,7.7,0.46,0.8,2.4,0.33,2.7,5.3,0.52,0.512,1.0,1.5,0.652,0.6,3.3,3.9,2.9,1.0,0.2,1.4,2.1,8.8,0.0,0.0,1210.0,0.0,0.0,0.0,0.0,0.0,0.0,0.0,0.0,0.0,0.0,0.0,0.0,0.0,78.0,72.0,2278.0,275.0,598.0,0.46,62.0,188.0,0.33,213.0,410.0,0.52,0.512,75.0,115.0,0.652,47.0,257.0,304.0,223.0,81.0,16.0,109.0,162.0,687.0,0.0,11.8,0.53,0.314,0.192,2.3,12.3,7.4,16.2,1.9,0.5,14.4,15.2,1.8,3.6,5.5,0.115,-1.7,1.7,0.0,1.2,0.0,2013
177,Brandon Bass,27.6,3.5,7.3,0.486,0.0,0.0,0.0,3.5,7.2,0.487,0.486,1.6,1.9,0.86,1.6,3.7,5.2,1.0,0.5,0.8,1.0,2.3,8.7,0.0,0.0,1210.0,0.0,0.0,0.0,0.0,0.0,0.0,0.0,0.0,0.0,0.0,0.0,0.0,0.0,81.0,69.0,2239.0,286.0,589.0,0.486,0.0,2.0,0.0,286.0,587.0,0.487,0.486,129.0,150.0,0.86,129.0,296.0,425.0,84.0,44.0,64.0,80.0,188.0,701.0,0.0,12.3,0.535,0.003,0.255,7.0,15.2,11.2,6.0,1.0,2.3,10.9,15.5,2.0,2.7,4.7,0.101,-1.9,0.0,-1.9,0.1,0.0,2013
178,Jerryd Bayless,22.1,3.3,7.8,0.419,0.9,2.5,0.353,2.4,5.3,0.45,0.476,1.3,1.5,0.836,0.3,1.9,2.2,3.3,0.7,0.2,1.5,2.1,8.7,0.0,0.0,1210.0,0.0,0.0,0.0,0.0,0.0,0.0,0.0,0.0,0.0,0.0,0.0,0.0,0.0,80.0,4.0,1765.0,260.0,621.0,0.419,71.0,201.0,0.353,189.0,420.0,0.45,0.476,102.0,122.0,0.836,22.0,154.0,176.0,264.0,59.0,17.0,120.0,168.0,693.0,0.0,13.5,0.514,0.324,0.196,1.4,10.5,5.9,24.9,1.8,0.8,15.1,20.8,1.5,2.5,4.0,0.108,-0.6,0.7,0.1,1.0,0.0,2013
179,Chris Copeland,15.4,3.3,6.8,0.479,1.1,2.5,0.421,2.2,4.3,0.513,0.557,1.1,1.5,0.759,0.6,1.5,2.1,0.5,0.3,0.2,0.9,1.9,8.7,0.0,0.0,1210.0,0.0,0.0,0.0,0.0,0.0,0.0,0.0,0.0,0.0,0.0,0.0,0.0,0.0,56.0,13.0,862.0,182.0,380.0,0.479,59.0,140.0,0.421,123.0,240.0,0.513,0.557,63.0,83.0,0.759,34.0,85.0,119.0,27.0,16.0,12.0,50.0,104.0,486.0,0.0,16.8,0.583,0.368,0.218,4.5,11.9,8.1,5.7,1.0,1.2,10.7,25.3,1.5,0.6,2.1,0.117,1.1,-1.6,-0.5,0.3,0.0,2013
180,Dante Cunningham,25.1,3.9,8.4,0.468,0.0,0.1,0.0,3.9,8.3,0.472,0.468,0.8,1.3,0.65,1.8,3.3,5.1,0.8,1.1,0.5,0.7,1.9,8.7,0.0,0.0,1210.0,0.0,0.0,0.0,0.0,0.0,0.0,0.0,0.0,0.0,0.0,0.0,0.0,0.0,80.0,9.0,2010.0,314.0,671.0,0.468,0.0,6.0,0.0,314.0,665.0,0.472,0.468,67.0,103.0,0.65,142.0,266.0,408.0,67.0,84.0,38.0,56.0,153.0,695.0,0.0,13.3,0.485,0.009,0.154,7.8,15.6,11.6,5.7,2.2,1.5,7.3,17.2,1.1,2.4,3.5,0.084,-1.8,0.4,-1.4,0.3,0.0,2013
181,Jimmy Butler,26.0,2.9,6.2,0.467,0.5,1.3,0.381,2.4,5.0,0.489,0.506,2.3,2.8,0.803,1.7,2.3,4.0,1.4,1.0,0.4,0.8,1.2,8.6,0.0,0.0,1210.0,0.0,0.0,0.0,0.0,0.0,0.0,0.0,0.0,0.0,0.0,0.0,0.0,0.0,82.0,20.0,2134.0,239.0,512.0,0.467,40.0,105.0,0.381,199.0,407.0,0.489,0.506,187.0,233.0,0.803,136.0,192.0,328.0,115.0,78.0,31.0,62.0,97.0,705.0,0.0,15.2,0.574,0.205,0.455,7.2,10.4,8.8,8.6,2.0,1.1,9.2,14.6,4.4,2.6,7.0,0.158,1.0,1.0,2.0,2.1,0.0,2013
182,Mario Chalmers,26.9,2.9,6.9,0.429,1.6,3.9,0.409,1.4,3.0,0.456,0.545,1.2,1.5,0.795,0.2,2.0,2.2,3.5,1.5,0.2,1.5,2.5,8.6,0.0,0.0,1210.0,0.0,0.0,0.0,0.0,0.0,0.0,0.0,0.0,0.0,0.0,0.0,0.0,0.0,77.0,77.0,2068.0,227.0,529.0,0.429,123.0,301.0,0.409,104.0,228.0,0.456,0.545,89.0,112.0,0.795,19.0,152.0,171.0,273.0,118.0,12.0,119.0,196.0,666.0,0.0,13.3,0.576,0.569,0.212,1.2,8.6,5.1,19.4,3.0,0.5,17.1,16.1,2.6,2.5,5.2,0.12,-0.5,0.9,0.4,1.3,0.0,2013
183,Alexey Shved,23.9,3.1,8.2,0.372,1.1,3.7,0.295,2.0,4.5,0.435,0.439,1.4,1.9,0.72,0.5,1.7,2.3,3.7,0.7,0.4,1.9,1.5,8.6,0.0,0.0,1210.0,0.0,0.0,0.0,0.0,0.0,0.0,0.0,0.0,0.0,0.0,0.0,0.0,0.0,77.0,16.0,1840.0,236.0,635.0,0.372,85.0,288.0,0.295,151.0,347.0,0.435,0.439,108.0,150.0,0.72,41.0,134.0,175.0,286.0,54.0,27.0,147.0,117.0,665.0,0.0,11.0,0.474,0.454,0.236,2.5,8.6,5.4,25.2,1.5,1.1,17.3,20.6,-0.6,1.4,0.8,0.02,-1.1,-0.6,-1.7,0.1,0.0,2013
184,Eric Bledsoe,20.4,3.3,7.5,0.445,0.4,1.0,0.397,2.9,6.4,0.453,0.473,1.4,1.8,0.791,1.0,1.9,3.0,3.1,1.4,0.7,1.8,1.5,8.5,0.0,0.0,1210.0,0.0,0.0,0.0,0.0,0.0,0.0,0.0,0.0,0.0,0.0,0.0,0.0,0.0,76.0,12.0,1553.0,253.0,568.0,0.445,31.0,78.0,0.397,222.0,490.0,0.453,0.473,106.0,134.0,0.791,78.0,147.0,225.0,233.0,109.0,55.0,137.0,112.0,643.0,0.0,17.5,0.513,0.137,0.236,6.1,11.1,8.6,23.5,3.7,3.0,17.9,22.5,1.1,2.6,3.7,0.115,1.3,2.2,3.5,2.2,0.0,2013
185,Brandan Wright,18.0,3.8,6.3,0.597,0.0,0.0,0.0,3.8,6.3,0.601,0.597,0.9,1.5,0.615,1.3,2.7,4.1,0.6,0.4,1.2,0.5,1.2,8.5,0.0,0.0,1210.0,0.0,0.0,0.0,0.0,0.0,0.0,0.0,0.0,0.0,0.0,0.0,0.0,0.0,64.0,16.0,1149.0,241.0,404.0,0.597,0.0,3.0,0.0,241.0,401.0,0.601,0.597,59.0,96.0,0.615,85.0,175.0,260.0,38.0,26.0,76.0,34.0,78.0,541.0,0.0,21.0,0.606,0.007,0.238,8.4,16.7,12.6,5.6,1.2,5.2,7.1,19.0,2.8,1.3,4.1,0.172,2.1,0.4,2.5,1.3,0.0,2013
186,Chauncey Billups,19.0,2.4,6.0,0.402,1.5,4.1,0.367,0.9,1.9,0.476,0.527,2.0,2.2,0.938,0.1,1.4,1.5,2.2,0.5,0.0,1.2,1.1,8.4,0.0,0.0,1210.0,0.0,0.0,0.0,0.0,0.0,0.0,0.0,0.0,0.0,0.0,0.0,0.0,0.0,22.0,22.0,418.0,53.0,132.0,0.402,33.0,90.0,0.367,20.0,42.0,0.476,0.527,45.0,48.0,0.938,2.0,30.0,32.0,49.0,12.0,1.0,26.0,25.0,184.0,0.0,15.0,0.601,0.682,0.364,0.6,8.4,4.6,17.4,1.5,0.2,14.5,19.6,1.0,0.3,1.3,0.146,1.6,-1.1,0.5,0.3,0.0,2013
187,Marreese Speights,16.5,3.3,7.4,0.445,0.0,0.1,0.3,3.3,7.3,0.448,0.448,1.7,2.2,0.771,1.8,3.0,4.9,0.6,0.3,0.7,1.0,2.2,8.3,0.0,0.0,1210.0,0.0,0.0,0.0,0.0,0.0,0.0,0.0,0.0,0.0,0.0,0.0,0.0,0.0,79.0,3.0,1300.0,260.0,584.0,0.445,3.0,10.0,0.3,257.0,574.0,0.448,0.448,135.0,175.0,0.771,146.0,240.0,386.0,47.0,24.0,53.0,80.0,175.0,658.0,0.0,17.3,0.498,0.017,0.3,12.7,22.3,17.4,6.5,1.0,3.3,10.8,25.8,1.1,1.7,2.8,0.104,-1.3,-1.4,-2.8,-0.2,0.0,2013
188,Jermaine O'Neal,18.7,3.3,6.7,0.482,0.0,0.0,0.0,3.3,6.7,0.482,0.482,1.7,2.1,0.835,1.5,3.8,5.3,0.8,0.3,1.4,1.3,2.3,8.3,0.0,0.0,1210.0,0.0,0.0,0.0,0.0,0.0,0.0,0.0,0.0,0.0,0.0,0.0,0.0,0.0,55.0,4.0,1029.0,179.0,371.0,0.482,0.0,0.0,0.0,179.0,371.0,0.482,0.482,96.0,115.0,0.835,82.0,211.0,293.0,42.0,19.0,78.0,73.0,126.0,454.0,0.0,16.7,0.538,0.0,0.31,8.9,23.8,16.2,6.8,0.9,5.7,14.8,21.4,0.7,1.3,2.0,0.092,-1.9,0.6,-1.3,0.2,0.0,2013
189,Beno Udrih,22.1,3.2,7.2,0.441,0.5,1.5,0.333,2.7,5.7,0.471,0.477,1.3,1.6,0.816,0.5,1.6,2.1,4.6,0.6,0.0,1.6,1.4,8.2,0.0,0.0,1210.0,0.0,0.0,0.0,0.0,0.0,0.0,0.0,0.0,0.0,0.0,0.0,0.0,0.0,66.0,9.0,1457.0,210.0,476.0,0.441,34.0,102.0,0.333,176.0,374.0,0.471,0.477,84.0,103.0,0.816,34.0,107.0,141.0,302.0,41.0,3.0,108.0,90.0,538.0,0.0,14.2,0.516,0.214,0.216,2.5,8.2,5.3,32.3,1.5,0.2,17.2,19.3,1.5,0.7,2.2,0.071,0.0,-1.4,-1.4,0.2,0.0,2013
190,Maurice Harkless,26.0,3.4,7.4,0.461,0.4,1.5,0.274,3.0,5.9,0.51,0.489,1.0,1.7,0.57,1.6,2.8,4.4,0.7,1.2,0.8,0.9,1.9,8.2,0.0,0.0,1210.0,0.0,0.0,0.0,0.0,0.0,0.0,0.0,0.0,0.0,0.0,0.0,0.0,0.0,76.0,59.0,1974.0,260.0,564.0,0.461,32.0,117.0,0.274,228.0,447.0,0.51,0.489,73.0,128.0,0.57,122.0,213.0,335.0,50.0,88.0,62.0,69.0,144.0,625.0,0.0,12.5,0.504,0.207,0.227,7.0,12.2,9.6,3.9,2.3,2.4,10.0,15.9,0.7,1.7,2.4,0.059,-1.6,0.3,-1.3,0.4,0.0,2013
191,Markieff Morris,22.4,3.2,8.0,0.407,0.5,1.6,0.336,2.7,6.3,0.426,0.442,1.1,1.5,0.732,1.6,3.2,4.8,1.3,0.9,0.8,1.3,2.5,8.2,0.0,0.0,1210.0,0.0,0.0,0.0,0.0,0.0,0.0,0.0,0.0,0.0,0.0,0.0,0.0,0.0,82.0,32.0,1837.0,266.0,653.0,0.407,45.0,134.0,0.336,221.0,519.0,0.426,0.442,93.0,127.0,0.732,131.0,265.0,396.0,108.0,77.0,64.0,104.0,209.0,670.0,0.0,12.6,0.473,0.205,0.194,7.9,16.7,12.3,9.4,2.2,2.6,12.8,19.7,-0.2,1.9,1.7,0.044,-2.2,0.2,-1.9,0.0,0.0,2013
192,Jason Smith,17.2,3.3,6.7,0.49,0.0,0.1,0.0,3.3,6.6,0.496,0.49,1.7,2.0,0.843,1.3,2.4,3.6,0.7,0.3,0.9,1.1,2.4,8.2,0.0,0.0,1210.0,0.0,0.0,0.0,0.0,0.0,0.0,0.0,0.0,0.0,0.0,0.0,0.0,0.0,51.0,0.0,876.0,167.0,341.0,0.49,0.0,4.0,0.0,167.0,337.0,0.496,0.49,86.0,102.0,0.843,64.0,122.0,186.0,34.0,15.0,45.0,55.0,123.0,420.0,0.0,16.8,0.544,0.012,0.299,8.6,16.9,12.7,7.0,0.9,4.3,12.5,23.4,1.1,0.6,1.7,0.095,-1.4,-0.3,-1.6,0.1,0.0,2013
193,Taj Gibson,22.4,3.3,6.8,0.485,0.0,0.1,0.0,3.3,6.7,0.49,0.485,1.4,2.0,0.679,1.9,3.4,5.3,0.9,0.4,1.4,1.2,2.6,8.0,0.0,0.0,1210.0,0.0,0.0,0.0,0.0,0.0,0.0,0.0,0.0,0.0,0.0,0.0,0.0,0.0,65.0,5.0,1459.0,214.0,441.0,0.485,0.0,4.0,0.0,214.0,437.0,0.49,0.485,89.0,131.0,0.679,125.0,220.0,345.0,61.0,27.0,90.0,76.0,166.0,517.0,0.0,14.4,0.518,0.009,0.297,9.7,17.5,13.6,7.1,1.0,4.7,13.2,18.1,1.0,2.3,3.3,0.109,-2.1,1.0,-1.1,0.3,0.0,2013
194,Wesley Johnson,19.1,3.2,7.9,0.407,1.0,3.1,0.323,2.2,4.8,0.461,0.47,0.5,0.7,0.771,0.4,2.0,2.5,0.7,0.4,0.4,1.0,1.1,8.0,0.0,0.0,1210.0,0.0,0.0,0.0,0.0,0.0,0.0,0.0,0.0,0.0,0.0,0.0,0.0,0.0,50.0,21.0,953.0,161.0,396.0,0.407,50.0,155.0,0.323,111.0,241.0,0.461,0.47,27.0,35.0,0.771,21.0,102.0,123.0,34.0,22.0,18.0,48.0,56.0,399.0,0.0,10.3,0.485,0.391,0.088,2.5,12.4,7.3,5.9,1.2,1.4,10.4,21.4,-0.5,0.5,0.0,0.0,-1.6,-1.7,-3.3,-0.3,0.0,2013
195,Kosta Koufos,22.4,3.6,6.3,0.581,0.0,0.0,0.0,3.6,6.3,0.582,0.581,0.7,1.3,0.558,2.6,4.3,6.9,0.4,0.5,1.3,0.7,3.0,8.0,0.0,0.0,1210.0,0.0,0.0,0.0,0.0,0.0,0.0,0.0,0.0,0.0,0.0,0.0,0.0,0.0,81.0,81.0,1817.0,295.0,508.0,0.581,0.0,1.0,0.0,295.0,507.0,0.582,0.581,58.0,104.0,0.558,211.0,351.0,562.0,32.0,44.0,103.0,53.0,246.0,648.0,0.0,17.2,0.585,0.002,0.205,13.3,21.2,17.3,2.6,1.2,4.4,8.7,14.5,3.9,2.5,6.5,0.171,0.2,0.4,0.6,1.2,0.0,2013
196,Wayne Ellington,21.3,2.9,6.8,0.427,1.2,3.1,0.392,1.7,3.7,0.457,0.516,0.9,1.0,0.907,0.3,1.8,2.1,1.3,0.6,0.0,0.7,1.0,7.9,0.0,0.0,1210.0,0.0,0.0,0.0,0.0,0.0,0.0,0.0,0.0,0.0,0.0,0.0,0.0,0.0,78.0,21.0,1661.0,226.0,529.0,0.427,94.0,240.0,0.392,132.0,289.0,0.457,0.516,68.0,75.0,0.907,25.0,141.0,166.0,104.0,45.0,3.0,57.0,81.0,614.0,0.0,12.2,0.546,0.454,0.142,1.7,10.3,5.8,10.1,1.4,0.1,9.2,16.8,2.1,1.1,3.2,0.093,0.0,-0.5,-0.5,0.6,0.0,2013
197,Andre Drummond,20.7,3.5,5.7,0.608,0.0,0.0,0.5,3.5,5.7,0.609,0.61,1.0,2.7,0.371,2.8,4.8,7.6,0.5,1.0,1.6,1.0,2.4,7.9,0.0,0.0,1210.0,0.0,0.0,0.0,0.0,0.0,0.0,0.0,0.0,0.0,0.0,0.0,0.0,0.0,60.0,10.0,1243.0,208.0,342.0,0.608,1.0,2.0,0.5,207.0,340.0,0.609,0.61,59.0,159.0,0.371,169.0,288.0,457.0,30.0,59.0,95.0,57.0,144.0,476.0,0.0,21.6,0.578,0.006,0.465,15.4,27.2,21.2,4.1,2.5,6.1,12.2,17.2,2.2,2.3,4.5,0.172,1.0,1.5,2.5,1.4,0.0,2013
198,Jodie Meeks,21.3,2.6,6.8,0.387,1.6,4.4,0.357,1.1,2.4,0.441,0.502,1.1,1.2,0.896,0.5,1.7,2.2,0.9,0.7,0.1,0.7,1.3,7.9,0.0,0.0,1210.0,0.0,0.0,0.0,0.0,0.0,0.0,0.0,0.0,0.0,0.0,0.0,0.0,0.0,78.0,10.0,1663.0,205.0,530.0,0.387,122.0,342.0,0.357,83.0,188.0,0.441,0.502,86.0,96.0,0.896,37.0,134.0,171.0,69.0,58.0,5.0,52.0,103.0,618.0,0.0,11.4,0.54,0.645,0.181,2.5,8.7,5.7,6.4,1.8,0.2,8.3,16.7,1.9,1.1,3.0,0.085,-0.7,-0.3,-1.0,0.4,0.0,2013
199,Tyler Zeller,26.4,3.2,7.3,0.438,0.0,0.1,0.0,3.2,7.2,0.441,0.438,1.6,2.0,0.764,2.1,3.6,5.7,1.2,0.5,0.9,1.2,3.3,7.9,0.0,0.0,1210.0,0.0,0.0,0.0,0.0,0.0,0.0,0.0,0.0,0.0,0.0,0.0,0.0,0.0,77.0,55.0,2033.0,245.0,559.0,0.438,0.0,4.0,0.0,245.0,555.0,0.441,0.438,120.0,157.0,0.764,159.0,279.0,438.0,96.0,35.0,70.0,95.0,251.0,610.0,0.0,11.0,0.486,0.007,0.281,8.7,16.7,12.5,7.4,0.9,2.8,13.1,15.9,0.8,1.2,2.0,0.048,-3.1,-0.9,-4.0,-1.0,0.0,2013
200,Courtney Lee,24.9,3.2,6.8,0.464,0.7,2.0,0.372,2.4,4.8,0.503,0.519,0.8,0.9,0.861,0.4,2.0,2.4,1.8,1.1,0.3,1.1,1.8,7.8,0.0,0.0,1210.0,0.0,0.0,0.0,0.0,0.0,0.0,0.0,0.0,0.0,0.0,0.0,0.0,0.0,78.0,39.0,1941.0,246.0,530.0,0.464,58.0,156.0,0.372,188.0,374.0,0.503,0.519,62.0,72.0,0.861,31.0,159.0,190.0,143.0,89.0,21.0,84.0,139.0,612.0,0.0,11.7,0.545,0.294,0.136,1.9,9.4,5.8,11.7,2.4,0.9,13.0,15.7,0.9,2.4,3.3,0.082,-1.8,1.2,-0.5,0.7,0.0,2013
201,E'Twaun Moore,22.4,3.2,8.0,0.396,0.9,2.6,0.34,2.3,5.3,0.424,0.452,0.6,0.8,0.797,0.6,1.6,2.2,2.7,0.7,0.3,1.4,1.6,7.8,0.0,0.0,1210.0,0.0,0.0,0.0,0.0,0.0,0.0,0.0,0.0,0.0,0.0,0.0,0.0,0.0,75.0,21.0,1682.0,237.0,598.0,0.396,67.0,197.0,0.34,170.0,401.0,0.424,0.452,47.0,59.0,0.797,48.0,119.0,167.0,206.0,51.0,23.0,105.0,122.0,588.0,0.0,10.7,0.471,0.329,0.099,3.2,8.0,5.6,19.1,1.6,1.1,14.4,19.7,-0.4,0.7,0.2,0.006,-1.6,-0.7,-2.3,-0.1,0.0,2013
202,Andrew Nicholson,16.7,3.4,6.5,0.527,0.0,0.0,0.0,3.4,6.5,0.527,0.527,1.0,1.3,0.798,0.9,2.5,3.4,0.6,0.3,0.4,1.1,1.8,7.8,0.0,0.0,1210.0,0.0,0.0,0.0,0.0,0.0,0.0,0.0,0.0,0.0,0.0,0.0,0.0,0.0,75.0,28.0,1249.0,256.0,486.0,0.527,0.0,0.0,0.0,256.0,486.0,0.527,0.527,75.0,94.0,0.798,69.0,189.0,258.0,44.0,24.0,32.0,79.0,133.0,587.0,0.0,15.1,0.557,0.0,0.193,6.2,17.1,11.7,6.1,1.0,2.0,13.0,22.1,0.9,0.8,1.7,0.065,-1.8,-0.9,-2.7,-0.2,0.0,2013
203,Ed Davis,20.1,3.2,6.0,0.539,0.0,0.0,0.0,3.2,6.0,0.539,0.539,1.3,2.1,0.617,1.9,3.8,5.7,0.8,0.5,1.0,0.8,2.4,7.7,0.0,0.0,1210.0,0.0,0.0,0.0,0.0,0.0,0.0,0.0,0.0,0.0,0.0,0.0,0.0,0.0,81.0,28.0,1631.0,260.0,482.0,0.539,0.0,0.0,0.0,260.0,482.0,0.539,0.539,103.0,167.0,0.617,152.0,308.0,460.0,63.0,38.0,85.0,63.0,191.0,623.0,0.0,17.8,0.561,0.0,0.346,10.9,22.8,16.7,6.7,1.2,4.2,10.2,17.6,2.9,2.4,5.4,0.159,-0.2,0.4,0.2,0.9,0.0,2013
204,Marcus Morris,19.8,2.9,6.8,0.422,1.1,3.0,0.369,1.8,3.8,0.464,0.504,0.9,1.5,0.564,1.0,2.6,3.6,0.8,0.6,0.3,1.0,2.1,7.7,0.0,0.0,1210.0,0.0,0.0,0.0,0.0,0.0,0.0,0.0,0.0,0.0,0.0,0.0,0.0,0.0,77.0,23.0,1524.0,222.0,526.0,0.422,86.0,233.0,0.369,136.0,293.0,0.464,0.504,66.0,117.0,0.564,80.0,197.0,277.0,62.0,45.0,20.0,77.0,160.0,596.0,0.0,11.3,0.516,0.443,0.222,6.0,14.6,10.3,6.4,1.5,1.0,11.8,18.9,0.6,1.2,1.8,0.058,-1.2,-0.8,-2.0,0.0,0.0,2013
205,Kirk Hinrich,29.4,2.7,7.0,0.377,1.2,3.0,0.39,1.5,4.0,0.367,0.461,1.2,1.6,0.714,0.3,2.4,2.6,5.2,1.1,0.4,1.7,3.2,7.7,0.0,0.0,1210.0,0.0,0.0,0.0,0.0,0.0,0.0,0.0,0.0,0.0,0.0,0.0,0.0,0.0,60.0,60.0,1764.0,159.0,422.0,0.377,71.0,182.0,0.39,88.0,240.0,0.367,0.461,70.0,98.0,0.714,16.0,142.0,158.0,314.0,63.0,25.0,99.0,192.0,459.0,0.0,10.8,0.493,0.431,0.232,1.0,9.3,5.1,27.5,1.9,1.1,17.5,14.7,1.0,2.1,3.1,0.085,-2.0,1.2,-0.9,0.5,0.0,2013
206,Jonas Jerebko,18.2,2.9,6.4,0.449,0.5,1.7,0.301,2.4,4.8,0.502,0.489,1.4,1.8,0.773,1.4,2.4,3.8,0.9,0.8,0.2,0.9,1.8,7.7,0.0,0.0,1210.0,0.0,0.0,0.0,0.0,0.0,0.0,0.0,0.0,0.0,0.0,0.0,0.0,0.0,49.0,2.0,892.0,142.0,316.0,0.449,25.0,83.0,0.301,117.0,233.0,0.502,0.489,68.0,88.0,0.773,68.0,117.0,185.0,43.0,38.0,8.0,42.0,90.0,377.0,0.0,15.7,0.531,0.263,0.278,8.6,15.4,11.9,8.1,2.3,0.7,10.6,20.2,1.2,0.8,2.0,0.107,0.3,-0.4,-0.1,0.4,0.0,2013
207,A.J. Price,22.4,2.8,7.2,0.39,1.2,3.5,0.35,1.6,3.7,0.427,0.475,0.9,1.1,0.79,0.4,1.6,2.0,3.6,0.6,0.1,1.1,1.3,7.7,0.0,0.0,1210.0,0.0,0.0,0.0,0.0,0.0,0.0,0.0,0.0,0.0,0.0,0.0,0.0,0.0,57.0,22.0,1278.0,161.0,413.0,0.39,70.0,200.0,0.35,91.0,213.0,0.427,0.475,49.0,62.0,0.79,20.0,94.0,114.0,205.0,33.0,3.0,64.0,73.0,441.0,0.0,12.4,0.501,0.484,0.15,1.7,8.2,4.9,26.4,1.3,0.2,12.7,18.0,1.0,1.2,2.2,0.084,-0.2,-0.4,-0.6,0.5,0.0,2013
208,Gerald Wallace,30.1,2.6,6.6,0.397,0.7,2.4,0.282,2.0,4.3,0.461,0.448,1.8,2.8,0.637,1.0,3.6,4.6,2.6,1.4,0.7,1.6,1.7,7.7,0.0,0.0,1210.0,0.0,0.0,0.0,0.0,0.0,0.0,0.0,0.0,0.0,0.0,0.0,0.0,0.0,69.0,68.0,2076.0,182.0,458.0,0.397,46.0,163.0,0.282,136.0,295.0,0.461,0.448,121.0,190.0,0.637,69.0,250.0,319.0,181.0,97.0,46.0,110.0,118.0,531.0,0.0,11.6,0.49,0.356,0.415,3.9,14.3,9.1,13.3,2.5,1.7,16.9,14.5,0.6,2.5,3.1,0.072,-1.2,1.8,0.7,1.3,0.0,2013
209,Thabo Sefolosha,27.5,2.8,5.8,0.481,1.3,3.2,0.419,1.4,2.6,0.558,0.597,0.7,0.9,0.826,0.7,3.2,3.9,1.5,1.3,0.5,0.8,2.2,7.6,0.0,0.0,1210.0,0.0,0.0,0.0,0.0,0.0,0.0,0.0,0.0,0.0,0.0,0.0,0.0,0.0,81.0,81.0,2229.0,224.0,466.0,0.481,108.0,258.0,0.419,116.0,208.0,0.558,0.597,57.0,69.0,0.826,58.0,259.0,317.0,125.0,103.0,44.0,64.0,177.0,613.0,0.0,12.8,0.617,0.554,0.148,3.2,12.4,8.2,8.2,2.4,1.5,11.4,11.4,3.6,3.1,6.8,0.146,0.6,1.8,2.4,2.5,0.0,2013
210,Toney Douglas,18.2,2.6,6.6,0.403,1.2,3.0,0.38,1.5,3.5,0.424,0.491,1.1,1.2,0.905,0.5,1.5,1.9,2.1,1.0,0.0,1.1,2.0,7.5,0.0,0.0,1210.0,0.0,0.0,0.0,0.0,0.0,0.0,0.0,0.0,0.0,0.0,0.0,0.0,0.0,71.0,0.0,1289.0,188.0,466.0,0.403,82.0,216.0,0.38,106.0,250.0,0.424,0.491,76.0,84.0,0.905,34.0,104.0,138.0,151.0,71.0,3.0,81.0,145.0,534.0,0.0,13.4,0.531,0.464,0.18,3.0,9.2,6.1,18.3,2.8,0.2,13.9,19.9,1.4,1.0,2.4,0.089,-0.9,0.3,-0.5,0.5,0.0,2013
211,Linas Kleiza,18.8,2.4,7.2,0.333,1.0,3.3,0.303,1.4,3.9,0.359,0.403,1.6,1.9,0.842,0.5,2.1,2.6,0.8,0.2,0.1,0.7,2.3,7.4,0.0,0.0,1210.0,0.0,0.0,0.0,0.0,0.0,0.0,0.0,0.0,0.0,0.0,0.0,0.0,0.0,20.0,3.0,376.0,48.0,144.0,0.333,20.0,66.0,0.303,28.0,78.0,0.359,0.403,32.0,38.0,0.842,10.0,42.0,52.0,16.0,4.0,2.0,14.0,45.0,148.0,0.0,8.2,0.46,0.458,0.264,3.1,13.5,8.2,6.9,0.6,0.4,8.0,21.6,-0.1,0.2,0.1,0.013,-3.0,-2.4,-5.4,-0.3,0.0,2013
212,Al-Farouq Aminu,27.2,3.0,6.2,0.475,0.1,0.3,0.211,2.9,6.0,0.486,0.479,1.3,1.8,0.737,1.8,5.9,7.7,1.4,1.2,0.7,1.5,2.0,7.3,0.0,0.0,1210.0,0.0,0.0,0.0,0.0,0.0,0.0,0.0,0.0,0.0,0.0,0.0,0.0,0.0,76.0,71.0,2066.0,225.0,474.0,0.475,4.0,19.0,0.211,221.0,455.0,0.486,0.479,101.0,137.0,0.737,139.0,446.0,585.0,103.0,92.0,51.0,116.0,153.0,555.0,0.0,13.7,0.519,0.04,0.289,7.9,26.2,16.9,7.8,2.4,2.1,17.8,14.6,0.7,2.4,3.1,0.073,-1.3,1.2,-0.1,1.0,0.0,2013
213,Steve Blake,26.1,2.5,6.0,0.422,1.6,3.8,0.421,0.9,2.2,0.424,0.556,0.6,0.8,0.771,0.5,2.5,2.9,3.8,0.8,0.1,1.4,1.8,7.3,0.0,0.0,1210.0,0.0,0.0,0.0,0.0,0.0,0.0,0.0,0.0,0.0,0.0,0.0,0.0,0.0,45.0,13.0,1175.0,114.0,270.0,0.422,72.0,171.0,0.421,42.0,99.0,0.424,0.556,27.0,35.0,0.771,21.0,111.0,132.0,173.0,34.0,6.0,62.0,83.0,327.0,0.0,11.7,0.573,0.633,0.13,2.0,10.1,6.2,21.9,1.5,0.4,17.8,13.2,1.6,0.8,2.4,0.097,0.1,0.4,0.5,0.7,0.0,2013
214,Earl Clark,23.1,2.9,6.5,0.44,0.6,1.8,0.337,2.3,4.8,0.479,0.486,0.9,1.3,0.697,1.4,4.1,5.5,1.1,0.6,0.7,1.1,1.7,7.3,0.0,0.0,1210.0,0.0,0.0,0.0,0.0,0.0,0.0,0.0,0.0,0.0,0.0,0.0,0.0,0.0,59.0,36.0,1363.0,170.0,386.0,0.44,35.0,104.0,0.337,135.0,282.0,0.479,0.486,53.0,76.0,0.697,82.0,243.0,325.0,65.0,36.0,44.0,62.0,102.0,428.0,0.0,12.4,0.51,0.269,0.197,6.8,19.1,13.1,7.4,1.3,2.3,12.9,15.7,0.7,1.5,2.3,0.08,-1.2,0.5,-0.7,0.4,0.0,2013
215,Elton Brand,21.2,3.1,6.6,0.473,0.0,0.0,0.0,3.1,6.6,0.474,0.473,0.9,1.3,0.71,1.8,4.2,6.0,1.0,0.7,1.3,0.8,2.7,7.2,0.0,0.0,1210.0,0.0,0.0,0.0,0.0,0.0,0.0,0.0,0.0,0.0,0.0,0.0,0.0,0.0,72.0,18.0,1527.0,226.0,478.0,0.473,0.0,1.0,0.0,226.0,477.0,0.474,0.473,66.0,93.0,0.71,130.0,300.0,430.0,70.0,50.0,90.0,57.0,192.0,518.0,0.0,15.2,0.499,0.002,0.195,9.7,21.5,15.7,7.1,1.7,4.6,9.9,17.2,1.2,2.2,3.4,0.107,-1.7,0.9,-0.9,0.4,0.0,2013
216,Jimmer Fredette,14.0,2.5,5.9,0.421,0.9,2.3,0.417,1.6,3.7,0.423,0.5,1.2,1.4,0.859,0.3,0.8,1.0,1.3,0.4,0.0,1.0,0.9,7.2,0.0,0.0,1210.0,0.0,0.0,0.0,0.0,0.0,0.0,0.0,0.0,0.0,0.0,0.0,0.0,0.0,69.0,0.0,967.0,172.0,409.0,0.421,65.0,156.0,0.417,107.0,253.0,0.423,0.5,85.0,99.0,0.859,19.0,52.0,71.0,92.0,31.0,3.0,68.0,64.0,494.0,0.0,14.6,0.546,0.381,0.242,2.2,6.4,4.2,15.9,1.6,0.2,13.1,23.9,1.1,-0.1,1.1,0.052,1.1,-2.5,-1.3,0.2,0.0,2013
217,Enes Freedom,15.4,2.9,5.4,0.544,0.0,0.0,1.0,2.9,5.4,0.542,0.545,1.3,1.7,0.795,1.9,2.4,4.3,0.4,0.4,0.5,1.4,1.7,7.2,0.0,0.0,1210.0,0.0,0.0,0.0,0.0,0.0,0.0,0.0,0.0,0.0,0.0,0.0,0.0,0.0,70.0,2.0,1078.0,206.0,379.0,0.544,1.0,1.0,1.0,205.0,378.0,0.542,0.545,93.0,117.0,0.795,135.0,169.0,304.0,31.0,28.0,32.0,101.0,116.0,506.0,0.0,17.6,0.588,0.003,0.309,14.5,18.6,16.5,5.0,1.4,2.3,19.0,22.4,1.2,1.0,2.3,0.101,-0.7,-1.4,-2.1,0.0,0.0,2013
218,Kenyon Martin,23.9,3.1,5.2,0.602,0.0,0.0,0.0,3.1,5.2,0.602,0.602,0.9,2.2,0.425,1.9,3.4,5.3,0.4,0.9,0.9,0.9,3.6,7.2,0.0,0.0,1210.0,0.0,0.0,0.0,0.0,0.0,0.0,0.0,0.0,0.0,0.0,0.0,0.0,0.0,18.0,11.0,431.0,56.0,93.0,0.602,0.0,0.0,0.0,56.0,93.0,0.602,0.602,17.0,40.0,0.425,34.0,61.0,95.0,8.0,16.0,17.0,16.0,64.0,129.0,0.0,13.9,0.583,0.0,0.43,8.9,17.1,12.9,2.9,2.0,3.4,12.6,13.7,0.6,0.6,1.2,0.128,-1.5,0.4,-1.1,0.1,0.0,2013
219,Marvin Williams,23.7,2.7,6.4,0.423,0.7,2.3,0.325,2.0,4.2,0.477,0.481,1.1,1.4,0.778,0.8,2.8,3.6,1.1,0.5,0.5,0.8,1.3,7.2,0.0,0.0,1210.0,0.0,0.0,0.0,0.0,0.0,0.0,0.0,0.0,0.0,0.0,0.0,0.0,0.0,73.0,51.0,1727.0,199.0,470.0,0.423,54.0,166.0,0.325,145.0,304.0,0.477,0.481,77.0,99.0,0.778,55.0,208.0,263.0,77.0,37.0,38.0,60.0,98.0,529.0,0.0,10.9,0.515,0.353,0.211,3.7,14.3,8.9,6.9,1.1,1.7,10.5,15.1,1.1,1.1,2.3,0.063,-0.8,-0.4,-1.2,0.4,0.0,2013
220,Aaron Brooks,18.8,2.7,6.0,0.453,0.9,2.5,0.373,1.8,3.4,0.511,0.532,0.8,1.0,0.769,0.2,1.3,1.5,2.2,0.6,0.2,1.3,1.8,7.1,0.0,0.0,1210.0,0.0,0.0,0.0,0.0,0.0,0.0,0.0,0.0,0.0,0.0,0.0,0.0,0.0,53.0,20.0,997.0,143.0,316.0,0.453,50.0,134.0,0.373,93.0,182.0,0.511,0.532,40.0,52.0,0.769,13.0,67.0,80.0,114.0,30.0,10.0,67.0,94.0,376.0,0.0,11.8,0.555,0.424,0.165,1.5,7.9,4.6,18.0,1.5,0.8,16.5,18.1,0.8,0.0,0.8,0.041,-0.8,-1.4,-2.2,0.0,0.0,2013
221,Brian Roberts,17.0,2.7,6.6,0.417,0.8,2.0,0.386,2.0,4.6,0.43,0.475,0.9,1.0,0.909,0.2,1.0,1.2,2.8,0.5,0.0,0.9,1.4,7.1,0.0,0.0,1210.0,0.0,0.0,0.0,0.0,0.0,0.0,0.0,0.0,0.0,0.0,0.0,0.0,0.0,78.0,5.0,1324.0,213.0,511.0,0.417,59.0,153.0,0.386,154.0,358.0,0.43,0.475,70.0,77.0,0.909,17.0,80.0,97.0,219.0,37.0,3.0,71.0,108.0,555.0,0.0,14.6,0.509,0.299,0.151,1.5,7.3,4.4,28.2,1.5,0.2,11.5,21.6,2.0,0.2,2.2,0.078,0.8,-1.4,-0.6,0.5,0.0,2013
222,Alec Burks,17.8,2.5,6.1,0.42,0.5,1.4,0.359,2.0,4.6,0.439,0.463,1.4,2.0,0.713,0.6,1.7,2.3,1.4,0.5,0.2,1.2,1.8,7.0,0.0,0.0,1210.0,0.0,0.0,0.0,0.0,0.0,0.0,0.0,0.0,0.0,0.0,0.0,0.0,0.0,64.0,0.0,1137.0,163.0,388.0,0.42,33.0,92.0,0.359,130.0,296.0,0.439,0.463,92.0,129.0,0.713,37.0,108.0,145.0,92.0,35.0,13.0,74.0,114.0,451.0,0.0,11.5,0.507,0.237,0.332,3.8,11.2,7.5,13.0,1.6,0.9,14.3,20.7,0.3,0.7,1.0,0.044,-1.9,-0.7,-2.6,-0.2,0.0,2013
223,Gerald Green,18.0,2.6,7.1,0.366,1.0,3.1,0.314,1.6,3.9,0.407,0.435,0.9,1.1,0.8,0.5,1.8,2.4,0.8,0.3,0.4,0.9,1.1,7.0,0.0,0.0,1210.0,0.0,0.0,0.0,0.0,0.0,0.0,0.0,0.0,0.0,0.0,0.0,0.0,0.0,60.0,7.0,1080.0,155.0,424.0,0.366,59.0,188.0,0.314,96.0,236.0,0.407,0.435,52.0,65.0,0.8,31.0,110.0,141.0,50.0,19.0,23.0,53.0,64.0,421.0,0.0,9.9,0.465,0.443,0.153,3.3,11.1,7.3,7.9,0.9,1.6,10.5,21.3,-0.3,1.5,1.3,0.056,-1.6,-0.3,-1.9,0.0,0.0,2013
224,Tyler Hansbrough,16.9,2.2,5.0,0.432,0.0,0.0,0.0,2.2,5.0,0.436,0.432,2.7,3.7,0.72,2.0,2.6,4.6,0.4,0.4,0.2,1.0,1.9,7.0,0.0,0.0,1210.0,0.0,0.0,0.0,0.0,0.0,0.0,0.0,0.0,0.0,0.0,0.0,0.0,0.0,81.0,8.0,1366.0,176.0,407.0,0.432,0.0,3.0,0.0,176.0,404.0,0.436,0.432,216.0,300.0,0.72,161.0,212.0,373.0,36.0,29.0,18.0,78.0,152.0,568.0,0.0,15.3,0.527,0.007,0.737,13.4,17.0,15.2,4.4,1.1,1.0,12.6,20.6,2.1,2.2,4.4,0.154,-1.3,-0.7,-1.9,0.0,0.0,2013
225,Brandon Rush,12.5,3.0,4.5,0.667,0.0,1.0,0.0,3.0,3.5,0.857,0.667,1.0,1.5,0.667,0.0,0.5,0.5,1.0,0.0,0.0,1.5,2.5,7.0,0.0,0.0,1210.0,0.0,0.0,0.0,0.0,0.0,0.0,0.0,0.0,0.0,0.0,0.0,0.0,0.0,2.0,0.0,25.0,6.0,9.0,0.667,0.0,2.0,0.0,6.0,7.0,0.857,0.667,2.0,3.0,0.667,0.0,1.0,1.0,2.0,0.0,0.0,3.0,5.0,14.0,0.0,11.9,0.678,0.222,0.333,0.0,4.3,2.2,14.5,0.0,0.0,22.5,23.9,0.0,0.0,0.0,0.051,-2.7,1.7,-1.0,0.0,0.0,2013
226,Rasheed Wallace,14.1,2.6,6.8,0.387,1.0,3.3,0.319,1.6,3.5,0.452,0.465,0.7,1.0,0.7,0.5,3.4,4.0,0.3,0.6,0.7,0.5,1.9,7.0,0.0,0.0,1210.0,0.0,0.0,0.0,0.0,0.0,0.0,0.0,0.0,0.0,0.0,0.0,0.0,0.0,21.0,0.0,296.0,55.0,142.0,0.387,22.0,69.0,0.319,33.0,73.0,0.452,0.465,14.0,20.0,0.7,11.0,72.0,83.0,6.0,13.0,15.0,10.0,40.0,146.0,0.0,16.7,0.484,0.486,0.141,4.2,29.4,16.4,3.5,2.3,4.4,6.2,25.4,0.1,0.6,0.6,0.101,-1.0,0.0,-1.0,0.1,0.0,2013
227,Hakim Warrick,17.5,2.4,5.9,0.406,0.0,0.1,0.0,2.4,5.8,0.414,0.406,2.1,3.1,0.682,0.8,2.4,3.2,0.9,0.5,0.2,1.0,1.3,6.9,0.0,0.0,1210.0,0.0,0.0,0.0,0.0,0.0,0.0,0.0,0.0,0.0,0.0,0.0,0.0,0.0,28.0,14.0,489.0,67.0,165.0,0.406,0.0,3.0,0.0,67.0,162.0,0.414,0.406,60.0,88.0,0.682,21.0,68.0,89.0,25.0,13.0,6.0,29.0,37.0,194.0,0.0,11.5,0.476,0.018,0.533,4.8,16.4,10.4,8.9,1.4,1.0,12.5,21.7,-0.1,0.1,0.0,-0.001,-2.8,-2.1,-4.8,-0.3,0.0,2013
228,Jason Maxiell,24.8,2.8,6.3,0.446,0.0,0.0,0.0,2.8,6.3,0.446,0.446,1.3,2.0,0.621,1.9,3.8,5.7,0.8,0.4,1.3,1.1,2.4,6.9,0.0,0.0,1210.0,0.0,0.0,0.0,0.0,0.0,0.0,0.0,0.0,0.0,0.0,0.0,0.0,0.0,72.0,71.0,1789.0,204.0,457.0,0.446,0.0,0.0,0.0,204.0,457.0,0.446,0.446,90.0,145.0,0.621,135.0,274.0,409.0,54.0,32.0,95.0,81.0,172.0,498.0,0.0,11.3,0.478,0.0,0.317,8.5,18.0,13.2,4.7,0.9,4.2,13.5,15.3,0.1,1.7,1.8,0.047,-3.3,-0.1,-3.4,-0.6,0.0,2013
229,Jeremy Pargo,16.8,2.5,6.4,0.396,0.6,1.9,0.338,1.9,4.5,0.42,0.446,1.1,1.6,0.677,0.2,1.1,1.3,2.4,0.3,0.1,1.3,1.2,6.8,0.0,0.0,1210.0,0.0,0.0,0.0,0.0,0.0,0.0,0.0,0.0,0.0,0.0,0.0,0.0,0.0,39.0,11.0,655.0,99.0,250.0,0.396,25.0,74.0,0.338,74.0,176.0,0.42,0.446,42.0,62.0,0.677,8.0,41.0,49.0,92.0,13.0,2.0,50.0,46.0,265.0,0.0,10.4,0.478,0.296,0.248,1.3,7.5,4.3,23.0,1.0,0.2,15.3,22.5,-0.2,0.1,0.0,-0.002,-1.5,-1.8,-3.2,-0.2,0.0,2013
230,Iman Shumpert,22.1,2.4,6.1,0.396,1.1,2.8,0.402,1.3,3.3,0.392,0.489,0.8,1.0,0.766,0.7,2.3,3.0,1.7,1.0,0.2,0.8,2.2,6.8,0.0,0.0,1210.0,0.0,0.0,0.0,0.0,0.0,0.0,0.0,0.0,0.0,0.0,0.0,0.0,0.0,45.0,45.0,996.0,109.0,275.0,0.396,51.0,127.0,0.402,58.0,148.0,0.392,0.489,36.0,47.0,0.766,31.0,105.0,136.0,75.0,43.0,7.0,37.0,99.0,305.0,0.0,11.7,0.516,0.462,0.171,3.5,12.8,8.0,11.6,2.3,0.6,11.1,15.6,1.0,1.0,1.9,0.094,-0.8,0.7,-0.1,0.5,0.0,2013
231,Charlie Villanueva,15.8,2.5,6.7,0.377,1.3,3.8,0.347,1.2,3.0,0.415,0.474,0.4,0.7,0.551,0.7,2.8,3.5,0.8,0.4,0.6,0.6,1.4,6.8,0.0,0.0,1210.0,0.0,0.0,0.0,0.0,0.0,0.0,0.0,0.0,0.0,0.0,0.0,0.0,0.0,69.0,0.0,1092.0,175.0,464.0,0.377,90.0,259.0,0.347,85.0,205.0,0.415,0.474,27.0,49.0,0.551,49.0,192.0,241.0,54.0,31.0,39.0,39.0,96.0,467.0,0.0,14.0,0.481,0.558,0.106,5.1,20.6,12.7,8.4,1.5,2.8,7.4,21.9,0.4,1.1,1.6,0.069,0.5,-0.5,0.0,0.6,0.0,2013
232,C.J. Watson,19.0,2.4,5.7,0.418,1.1,2.7,0.411,1.3,3.1,0.424,0.514,0.9,1.1,0.78,0.5,1.3,1.8,2.0,0.8,0.2,0.9,1.5,6.8,0.0,0.0,1210.0,0.0,0.0,0.0,0.0,0.0,0.0,0.0,0.0,0.0,0.0,0.0,0.0,0.0,80.0,8.0,1521.0,192.0,459.0,0.418,88.0,214.0,0.411,104.0,245.0,0.424,0.514,71.0,91.0,0.78,38.0,107.0,145.0,161.0,66.0,12.0,69.0,123.0,543.0,0.0,13.9,0.544,0.466,0.198,2.9,8.4,5.6,17.2,2.3,0.6,12.1,17.2,2.5,1.3,3.8,0.12,0.3,0.6,0.9,1.1,0.0,2013
233,Samuel Dalembert,16.3,2.9,5.4,0.542,0.0,0.0,1.0,2.9,5.4,0.54,0.543,0.8,1.2,0.691,2.2,3.6,5.9,0.4,0.4,1.1,1.1,1.9,6.7,0.0,0.0,1210.0,0.0,0.0,0.0,0.0,0.0,0.0,0.0,0.0,0.0,0.0,0.0,0.0,0.0,47.0,23.0,765.0,137.0,253.0,0.542,1.0,1.0,1.0,136.0,252.0,0.54,0.543,38.0,55.0,0.691,105.0,171.0,276.0,21.0,17.0,53.0,51.0,90.0,313.0,0.0,18.6,0.565,0.004,0.217,14.2,24.9,19.4,4.5,1.1,5.1,15.5,18.7,0.9,1.2,2.2,0.137,-0.8,0.2,-0.6,0.3,0.0,2013
234,Jordan Hill,15.8,2.7,5.3,0.497,0.0,0.1,0.0,2.7,5.3,0.503,0.497,1.4,2.1,0.656,2.8,2.9,5.7,0.4,0.3,0.7,0.9,1.9,6.7,0.0,0.0,1210.0,0.0,0.0,0.0,0.0,0.0,0.0,0.0,0.0,0.0,0.0,0.0,0.0,0.0,29.0,1.0,458.0,77.0,155.0,0.497,0.0,2.0,0.0,77.0,153.0,0.503,0.497,40.0,61.0,0.656,82.0,84.0,166.0,13.0,8.0,19.0,26.0,55.0,194.0,0.0,18.5,0.533,0.013,0.394,20.3,19.7,20.0,4.7,0.9,3.0,12.5,20.2,0.9,0.5,1.4,0.147,-0.1,-1.6,-1.6,0.0,0.0,2013
235,Josh Howard,18.8,2.8,7.0,0.403,0.5,1.5,0.313,2.4,5.5,0.426,0.435,0.6,1.1,0.583,0.8,2.5,3.3,0.4,0.9,0.3,0.9,1.6,6.7,0.0,0.0,1210.0,0.0,0.0,0.0,0.0,0.0,0.0,0.0,0.0,0.0,0.0,0.0,0.0,0.0,11.0,4.0,207.0,31.0,77.0,0.403,5.0,16.0,0.313,26.0,61.0,0.426,0.435,7.0,12.0,0.583,9.0,27.0,36.0,4.0,10.0,3.0,10.0,18.0,74.0,0.0,9.5,0.45,0.208,0.156,4.8,15.4,9.9,3.2,2.5,1.1,10.8,20.0,-0.2,0.3,0.0,0.009,-3.9,0.1,-3.8,-0.1,0.0,2013
236,Luc Mbah a Moute,22.9,2.6,6.5,0.401,0.2,0.6,0.351,2.4,5.9,0.406,0.418,1.2,2.2,0.571,1.5,2.9,4.4,0.9,0.7,0.2,1.2,1.4,6.7,0.0,0.0,1210.0,0.0,0.0,0.0,0.0,0.0,0.0,0.0,0.0,0.0,0.0,0.0,0.0,0.0,58.0,45.0,1326.0,151.0,377.0,0.401,13.0,37.0,0.351,138.0,340.0,0.406,0.418,72.0,126.0,0.571,89.0,167.0,256.0,55.0,42.0,14.0,70.0,82.0,387.0,0.0,9.1,0.447,0.098,0.334,7.0,14.0,10.4,6.1,1.6,0.8,13.9,16.5,-0.8,1.2,0.5,0.017,-3.5,-0.6,-4.1,-0.7,0.0,2013
237,Shane Battier,24.8,2.1,5.0,0.42,1.9,4.4,0.43,0.2,0.6,0.348,0.608,0.4,0.5,0.842,0.5,1.8,2.3,1.0,0.6,0.8,0.5,2.1,6.6,0.0,0.0,1210.0,0.0,0.0,0.0,0.0,0.0,0.0,0.0,0.0,0.0,0.0,0.0,0.0,0.0,72.0,20.0,1786.0,152.0,362.0,0.42,136.0,316.0,0.43,16.0,46.0,0.348,0.608,32.0,38.0,0.842,37.0,128.0,165.0,72.0,41.0,55.0,34.0,149.0,472.0,0.0,10.7,0.623,0.873,0.105,2.7,8.4,5.7,5.7,1.2,2.5,8.2,11.0,2.8,1.6,4.4,0.119,0.9,0.1,1.0,1.4,0.0,2013
238,Ivan Johnson,15.0,2.7,5.2,0.52,0.0,0.2,0.077,2.7,5.0,0.536,0.521,1.2,1.9,0.618,1.1,2.8,3.9,0.7,0.8,0.2,1.0,1.9,6.6,0.0,0.0,1210.0,0.0,0.0,0.0,0.0,0.0,0.0,0.0,0.0,0.0,0.0,0.0,0.0,0.0,69.0,5.0,1035.0,185.0,356.0,0.52,1.0,13.0,0.077,184.0,343.0,0.536,0.521,81.0,131.0,0.618,76.0,190.0,266.0,46.0,56.0,14.0,71.0,131.0,452.0,0.0,15.7,0.546,0.037,0.368,8.5,20.7,14.7,7.4,2.8,1.0,14.7,21.7,0.6,1.7,2.3,0.106,-2.3,0.7,-1.6,0.1,0.0,2013
239,Cartier Martin,16.9,2.3,6.1,0.381,1.4,3.6,0.397,0.9,2.6,0.358,0.496,0.5,0.7,0.714,0.3,2.2,2.4,0.5,0.5,0.1,0.8,1.4,6.6,0.0,0.0,1210.0,0.0,0.0,0.0,0.0,0.0,0.0,0.0,0.0,0.0,0.0,0.0,0.0,0.0,41.0,3.0,694.0,96.0,252.0,0.381,58.0,146.0,0.397,38.0,106.0,0.358,0.496,20.0,28.0,0.714,11.0,89.0,100.0,20.0,19.0,6.0,32.0,58.0,270.0,0.0,9.7,0.511,0.579,0.111,1.7,14.3,8.0,4.8,1.4,0.7,10.8,19.5,-0.2,0.9,0.7,0.047,-1.6,-0.5,-2.1,0.0,0.0,2013
240,Steve Novak,20.3,2.2,5.3,0.414,1.8,4.3,0.425,0.4,1.0,0.367,0.587,0.4,0.4,0.909,0.2,1.7,1.9,0.4,0.3,0.1,0.1,1.2,6.6,0.0,0.0,1210.0,0.0,0.0,0.0,0.0,0.0,0.0,0.0,0.0,0.0,0.0,0.0,0.0,0.0,81.0,1.0,1641.0,178.0,430.0,0.414,149.0,351.0,0.425,29.0,79.0,0.367,0.587,30.0,33.0,0.909,17.0,135.0,152.0,35.0,28.0,8.0,12.0,97.0,535.0,0.0,11.3,0.602,0.816,0.077,1.2,10.0,5.4,3.3,0.9,0.4,2.6,13.0,3.2,0.8,4.0,0.116,1.0,-1.0,0.1,0.9,0.0,2013
241,Jannero Pargo,15.8,2.4,6.6,0.368,1.2,3.6,0.336,1.2,3.0,0.406,0.46,0.4,0.4,0.923,0.3,0.8,1.1,2.1,0.6,0.1,1.3,1.3,6.5,0.0,0.0,1210.0,0.0,0.0,0.0,0.0,0.0,0.0,0.0,0.0,0.0,0.0,0.0,0.0,0.0,32.0,0.0,507.0,78.0,212.0,0.368,39.0,116.0,0.336,39.0,96.0,0.406,0.46,12.0,13.0,0.923,10.0,25.0,35.0,67.0,18.0,3.0,41.0,42.0,207.0,0.0,10.3,0.475,0.547,0.061,2.2,5.7,3.9,22.8,1.9,0.5,15.8,23.3,-0.4,0.2,-0.2,-0.017,-1.6,-2.5,-4.1,-0.3,0.0,2013
242,Quincy Pondexter,21.1,2.2,5.1,0.428,1.0,2.6,0.395,1.2,2.5,0.463,0.528,1.0,1.3,0.787,0.7,1.5,2.2,1.0,0.6,0.1,0.7,1.6,6.4,0.0,0.0,1210.0,0.0,0.0,0.0,0.0,0.0,0.0,0.0,0.0,0.0,0.0,0.0,0.0,0.0,59.0,1.0,1243.0,128.0,299.0,0.428,60.0,152.0,0.395,68.0,147.0,0.463,0.528,59.0,75.0,0.787,43.0,89.0,132.0,61.0,35.0,6.0,42.0,95.0,375.0,0.0,11.0,0.565,0.508,0.251,4.0,8.6,6.3,7.6,1.5,0.4,11.2,13.9,1.7,1.5,3.2,0.125,-0.8,0.6,-0.1,0.6,0.0,2013
243,Terrence Ross,17.0,2.5,6.3,0.407,0.9,2.7,0.332,1.7,3.6,0.464,0.478,0.4,0.6,0.714,0.5,1.5,2.0,0.7,0.6,0.2,0.7,1.7,6.4,0.0,0.0,1210.0,0.0,0.0,0.0,0.0,0.0,0.0,0.0,0.0,0.0,0.0,0.0,0.0,0.0,73.0,2.0,1239.0,186.0,457.0,0.407,65.0,196.0,0.332,121.0,261.0,0.464,0.478,30.0,42.0,0.714,35.0,109.0,144.0,53.0,43.0,14.0,48.0,122.0,467.0,0.0,10.4,0.491,0.429,0.092,3.3,10.6,6.9,7.2,1.8,0.9,9.2,19.6,0.0,0.8,0.9,0.034,-1.7,-0.7,-2.5,-0.1,0.0,2013
244,P.J. Tucker,24.2,2.7,5.6,0.473,0.3,0.9,0.314,2.4,4.7,0.503,0.498,0.8,1.1,0.744,1.7,2.8,4.4,1.4,0.8,0.2,0.8,1.8,6.4,0.0,0.0,1210.0,0.0,0.0,0.0,0.0,0.0,0.0,0.0,0.0,0.0,0.0,0.0,0.0,0.0,79.0,45.0,1910.0,210.0,444.0,0.473,22.0,70.0,0.314,188.0,374.0,0.503,0.498,64.0,86.0,0.744,132.0,218.0,350.0,109.0,62.0,19.0,67.0,145.0,506.0,0.0,11.6,0.525,0.158,0.194,7.7,13.3,10.4,8.6,1.7,0.7,12.2,12.8,1.8,1.2,2.9,0.074,-1.3,-0.1,-1.5,0.2,0.0,2013
245,Damien Wilkins,18.0,2.4,5.2,0.459,0.3,0.8,0.333,2.1,4.3,0.483,0.486,1.3,1.8,0.743,0.5,1.2,1.7,1.5,0.6,0.3,0.8,1.6,6.4,0.0,0.0,1210.0,0.0,0.0,0.0,0.0,0.0,0.0,0.0,0.0,0.0,0.0,0.0,0.0,0.0,61.0,21.0,1095.0,145.0,316.0,0.459,17.0,51.0,0.333,128.0,265.0,0.483,0.486,81.0,109.0,0.743,32.0,73.0,105.0,91.0,37.0,18.0,49.0,98.0,388.0,0.0,12.5,0.533,0.161,0.345,3.2,7.8,5.4,12.9,1.8,1.3,11.9,17.4,1.0,0.9,1.9,0.083,-2.3,0.1,-2.2,-0.1,0.0,2013
246,Shaun Livingston,22.0,2.5,5.2,0.48,0.0,0.1,0.0,2.5,5.2,0.485,0.48,1.3,1.5,0.867,0.5,1.9,2.4,3.3,0.7,0.5,1.2,1.9,6.3,0.0,0.0,1210.0,0.0,0.0,0.0,0.0,0.0,0.0,0.0,0.0,0.0,0.0,0.0,0.0,0.0,66.0,16.0,1455.0,166.0,346.0,0.48,0.0,4.0,0.0,166.0,342.0,0.485,0.48,85.0,98.0,0.867,31.0,127.0,158.0,215.0,48.0,31.0,76.0,127.0,417.0,0.0,13.0,0.536,0.012,0.283,2.4,10.4,6.2,23.2,1.7,1.7,16.3,14.3,1.7,0.9,2.6,0.086,-1.5,0.4,-1.0,0.4,0.0,2013
247,Willie Green,16.5,2.5,5.4,0.461,1.0,2.3,0.428,1.5,3.1,0.486,0.553,0.3,0.4,0.719,0.2,1.1,1.3,0.8,0.4,0.2,0.4,1.3,6.3,0.0,0.0,1210.0,0.0,0.0,0.0,0.0,0.0,0.0,0.0,0.0,0.0,0.0,0.0,0.0,0.0,72.0,60.0,1188.0,178.0,386.0,0.461,71.0,166.0,0.428,107.0,220.0,0.486,0.553,23.0,32.0,0.719,17.0,80.0,97.0,55.0,29.0,12.0,31.0,96.0,450.0,0.0,11.8,0.562,0.43,0.083,1.7,7.9,4.9,7.1,1.3,0.8,7.2,16.6,1.7,0.9,2.5,0.103,-0.2,-0.7,-0.8,0.3,0.0,2013
248,Stephen Jackson,19.5,2.2,6.0,0.373,0.8,3.1,0.271,1.4,2.9,0.481,0.442,0.9,1.3,0.7,0.4,2.4,2.8,1.5,0.7,0.3,1.4,1.6,6.2,0.0,0.0,1210.0,0.0,0.0,0.0,0.0,0.0,0.0,0.0,0.0,0.0,0.0,0.0,0.0,0.0,55.0,6.0,1075.0,123.0,330.0,0.373,46.0,170.0,0.271,77.0,160.0,0.481,0.442,49.0,70.0,0.7,22.0,133.0,155.0,80.0,37.0,14.0,77.0,89.0,341.0,0.0,8.0,0.473,0.515,0.212,2.5,13.5,8.3,10.7,1.8,0.9,17.6,18.7,-1.2,1.5,0.3,0.013,-3.6,0.1,-3.5,-0.4,0.0,2013
249,Austin Rivers,23.2,2.4,6.4,0.372,0.5,1.4,0.326,1.9,5.0,0.385,0.408,1.0,1.8,0.546,0.3,1.5,1.8,2.1,0.4,0.1,1.2,2.0,6.2,0.0,0.0,1210.0,0.0,0.0,0.0,0.0,0.0,0.0,0.0,0.0,0.0,0.0,0.0,0.0,0.0,61.0,26.0,1418.0,145.0,390.0,0.372,28.0,86.0,0.326,117.0,304.0,0.385,0.408,59.0,108.0,0.546,16.0,93.0,109.0,127.0,26.0,9.0,74.0,122.0,377.0,0.0,5.9,0.431,0.221,0.277,1.3,8.0,4.6,13.9,1.0,0.5,14.5,16.8,-1.2,0.1,-1.1,-0.038,-4.7,-1.6,-6.2,-1.5,0.0,2013
250,Darrell Arthur,16.4,2.7,6.1,0.451,0.1,0.3,0.278,2.7,5.8,0.46,0.458,0.6,0.8,0.717,1.2,1.7,2.9,0.6,0.4,0.6,0.7,2.1,6.1,0.0,0.0,1210.0,0.0,0.0,0.0,0.0,0.0,0.0,0.0,0.0,0.0,0.0,0.0,0.0,0.0,59.0,3.0,970.0,162.0,359.0,0.451,5.0,18.0,0.278,157.0,341.0,0.46,0.458,33.0,46.0,0.717,68.0,101.0,169.0,33.0,24.0,33.0,43.0,126.0,362.0,0.0,11.8,0.477,0.05,0.128,8.1,12.5,10.3,5.9,1.3,2.8,10.2,20.1,0.2,1.5,1.7,0.084,-2.8,0.4,-2.4,-0.1,0.0,2013
251,Mike James,19.2,2.2,6.0,0.373,1.1,2.8,0.384,1.2,3.2,0.363,0.461,0.5,0.6,0.793,0.2,1.4,1.6,3.1,0.6,0.1,1.2,2.1,6.1,0.0,0.0,1210.0,0.0,0.0,0.0,0.0,0.0,0.0,0.0,0.0,0.0,0.0,0.0,0.0,0.0,45.0,23.0,862.0,101.0,271.0,0.373,48.0,125.0,0.384,53.0,146.0,0.363,0.461,23.0,29.0,0.793,9.0,63.0,72.0,139.0,26.0,3.0,55.0,95.0,273.0,0.0,9.5,0.481,0.461,0.107,1.2,8.0,4.7,23.7,1.5,0.3,16.2,17.9,0.0,0.5,0.4,0.024,-2.5,-1.0,-3.5,-0.3,0.0,2013
252,John Jenkins,14.8,2.1,4.8,0.446,0.9,2.3,0.384,1.3,2.6,0.5,0.536,1.0,1.1,0.843,0.3,1.3,1.5,0.9,0.2,0.2,0.7,0.6,6.1,0.0,0.0,1210.0,0.0,0.0,0.0,0.0,0.0,0.0,0.0,0.0,0.0,0.0,0.0,0.0,0.0,61.0,2.0,902.0,131.0,294.0,0.446,53.0,138.0,0.384,78.0,156.0,0.5,0.536,59.0,70.0,0.843,17.0,77.0,94.0,56.0,12.0,10.0,40.0,37.0,374.0,0.0,13.0,0.576,0.469,0.238,2.2,9.6,6.0,9.8,0.7,0.8,11.0,18.7,1.1,0.6,1.7,0.091,0.4,-1.2,-0.8,0.3,0.0,2013
253,Khris Middleton,17.6,2.3,5.2,0.44,0.5,1.7,0.311,1.8,3.6,0.5,0.489,1.0,1.2,0.844,0.1,1.7,1.9,1.0,0.6,0.1,0.4,2.0,6.1,0.0,0.0,1210.0,0.0,0.0,0.0,0.0,0.0,0.0,0.0,0.0,0.0,0.0,0.0,0.0,0.0,27.0,0.0,475.0,62.0,141.0,0.44,14.0,45.0,0.311,48.0,96.0,0.5,0.489,27.0,32.0,0.844,4.0,46.0,50.0,28.0,15.0,4.0,11.0,53.0,165.0,0.0,11.4,0.532,0.319,0.227,1.0,11.4,6.1,9.5,1.7,0.7,6.6,15.9,0.6,0.3,0.9,0.089,-1.9,-0.1,-1.9,0.0,0.0,2013
254,Jeff Taylor,19.6,2.2,5.2,0.431,0.7,2.0,0.344,1.5,3.2,0.486,0.497,1.0,1.3,0.728,0.7,1.3,1.9,0.8,0.6,0.2,0.6,1.8,6.1,0.0,0.0,1210.0,0.0,0.0,0.0,0.0,0.0,0.0,0.0,0.0,0.0,0.0,0.0,0.0,0.0,77.0,29.0,1507.0,172.0,399.0,0.431,53.0,154.0,0.344,119.0,245.0,0.486,0.497,75.0,103.0,0.728,51.0,99.0,150.0,63.0,47.0,15.0,48.0,136.0,472.0,0.0,10.3,0.531,0.386,0.258,3.8,7.7,5.7,7.0,1.6,0.8,9.7,14.9,1.2,0.0,1.2,0.039,-2.1,-1.5,-3.6,-0.6,0.0,2013
255,Josh McRoberts,22.2,2.3,5.1,0.455,0.4,1.3,0.286,2.0,3.9,0.51,0.49,1.0,1.3,0.765,1.4,3.5,4.9,2.1,0.5,0.4,1.0,2.0,6.0,0.0,0.0,1210.0,0.0,0.0,0.0,0.0,0.0,0.0,0.0,0.0,0.0,0.0,0.0,0.0,0.0,67.0,22.0,1487.0,156.0,343.0,0.455,24.0,84.0,0.286,132.0,259.0,0.51,0.49,65.0,85.0,0.765,93.0,232.0,325.0,141.0,32.0,27.0,66.0,131.0,401.0,0.0,12.7,0.527,0.245,0.248,7.0,18.1,12.4,14.8,1.1,1.4,14.8,13.7,1.5,0.7,2.2,0.072,-1.1,-0.2,-1.4,0.2,0.0,2013
256,DeMarre Carroll,16.8,2.3,4.9,0.46,0.3,1.1,0.286,2.0,3.8,0.508,0.491,1.1,1.5,0.765,1.3,1.5,2.8,0.9,0.9,0.4,0.5,1.8,6.0,0.0,0.0,1210.0,0.0,0.0,0.0,0.0,0.0,0.0,0.0,0.0,0.0,0.0,0.0,0.0,0.0,66.0,12.0,1111.0,149.0,324.0,0.46,20.0,70.0,0.286,129.0,254.0,0.508,0.491,75.0,98.0,0.765,87.0,101.0,188.0,61.0,58.0,24.0,34.0,119.0,393.0,0.0,15.5,0.535,0.216,0.302,9.1,10.8,9.9,8.7,2.8,1.7,8.5,16.4,2.0,1.1,3.1,0.134,0.4,0.9,1.3,0.9,0.0,2013
257,John Henson,13.1,2.6,5.3,0.482,0.0,0.0,0.0,2.6,5.3,0.486,0.482,0.9,1.7,0.533,1.8,2.9,4.7,0.5,0.3,0.7,0.7,1.3,6.0,0.0,0.0,1210.0,0.0,0.0,0.0,0.0,0.0,0.0,0.0,0.0,0.0,0.0,0.0,0.0,0.0,63.0,9.0,827.0,162.0,336.0,0.482,0.0,3.0,0.0,162.0,333.0,0.486,0.482,56.0,105.0,0.533,116.0,181.0,297.0,31.0,19.0,42.0,47.0,83.0,380.0,0.0,18.2,0.497,0.009,0.313,14.5,24.4,19.3,6.3,1.2,3.7,11.0,22.6,0.6,1.2,1.9,0.109,-0.7,-1.0,-1.7,0.1,0.0,2013
258,Jason Kidd,26.9,2.0,5.4,0.372,1.5,4.3,0.351,0.5,1.1,0.452,0.511,0.5,0.6,0.833,0.7,3.6,4.3,3.3,1.6,0.3,1.0,1.6,6.0,0.0,0.0,1210.0,0.0,0.0,0.0,0.0,0.0,0.0,0.0,0.0,0.0,0.0,0.0,0.0,0.0,76.0,48.0,2043.0,152.0,409.0,0.372,114.0,325.0,0.351,38.0,84.0,0.452,0.511,40.0,48.0,0.833,50.0,273.0,323.0,249.0,125.0,25.0,76.0,125.0,458.0,0.0,13.5,0.532,0.795,0.117,2.8,16.2,9.3,17.8,3.3,1.1,15.0,11.6,2.6,2.8,5.4,0.128,0.6,2.7,3.3,2.7,0.0,2013
259,Greg Smith,15.9,2.4,3.9,0.62,0.0,0.0,0.0,2.4,3.9,0.623,0.62,1.2,1.9,0.623,1.6,3.0,4.6,0.4,0.3,0.6,0.6,2.5,6.0,0.0,0.0,1210.0,0.0,0.0,0.0,0.0,0.0,0.0,0.0,0.0,0.0,0.0,0.0,0.0,0.0,70.0,10.0,1110.0,170.0,274.0,0.62,0.0,1.0,0.0,170.0,273.0,0.623,0.62,81.0,130.0,0.623,111.0,210.0,321.0,25.0,18.0,40.0,41.0,175.0,421.0,0.0,16.1,0.636,0.004,0.474,11.5,21.2,16.4,3.5,0.8,2.7,11.0,14.7,2.8,1.2,4.0,0.172,-0.6,0.0,-0.6,0.4,0.0,2013
260,Jared Sullinger,19.8,2.5,5.0,0.493,0.0,0.1,0.2,2.4,4.9,0.5,0.496,1.0,1.4,0.746,2.0,3.8,5.9,0.8,0.5,0.5,0.6,3.4,6.0,0.0,0.0,1210.0,0.0,0.0,0.0,0.0,0.0,0.0,0.0,0.0,0.0,0.0,0.0,0.0,0.0,45.0,5.0,892.0,111.0,225.0,0.493,1.0,5.0,0.2,110.0,220.0,0.5,0.496,47.0,63.0,0.746,92.0,172.0,264.0,35.0,22.0,22.0,29.0,154.0,270.0,0.0,13.5,0.534,0.022,0.28,12.6,22.1,17.5,6.2,1.3,1.9,10.3,14.9,1.3,1.4,2.7,0.146,-2.3,0.4,-1.9,0.0,0.0,2013
261,Zaza Pachulia,21.8,2.2,4.6,0.473,0.0,0.1,0.0,2.2,4.6,0.479,0.473,1.5,2.0,0.757,2.5,3.9,6.5,1.5,0.7,0.2,1.3,2.5,5.9,0.0,0.0,1210.0,0.0,0.0,0.0,0.0,0.0,0.0,0.0,0.0,0.0,0.0,0.0,0.0,0.0,52.0,15.0,1134.0,114.0,241.0,0.473,0.0,3.0,0.0,114.0,238.0,0.479,0.473,78.0,103.0,0.757,132.0,204.0,336.0,79.0,35.0,12.0,70.0,128.0,306.0,0.0,13.1,0.534,0.012,0.427,13.5,20.3,17.0,10.3,1.6,0.8,19.6,14.6,1.2,1.5,2.7,0.116,-2.0,0.2,-1.7,0.1,0.0,2013
262,Lavoy Allen,21.1,2.6,5.7,0.454,0.0,0.0,0.0,2.6,5.7,0.455,0.454,0.5,0.8,0.717,2.0,3.0,5.0,0.9,0.3,0.7,0.7,2.3,5.8,0.0,0.0,1210.0,0.0,0.0,0.0,0.0,0.0,0.0,0.0,0.0,0.0,0.0,0.0,0.0,0.0,79.0,37.0,1669.0,206.0,454.0,0.454,0.0,1.0,0.0,206.0,453.0,0.455,0.454,43.0,60.0,0.717,159.0,236.0,395.0,73.0,24.0,55.0,55.0,180.0,455.0,0.0,11.5,0.474,0.002,0.132,10.5,16.5,13.4,6.7,0.8,2.6,10.3,14.8,0.9,1.6,2.5,0.072,-3.0,-0.3,-3.3,-0.6,0.0,2013
263,Andrew Bogut,24.6,2.6,5.8,0.451,0.0,0.0,1.0,2.6,5.7,0.448,0.454,0.6,1.2,0.5,2.1,5.5,7.7,2.1,0.6,1.7,1.1,2.7,5.8,0.0,0.0,1210.0,0.0,0.0,0.0,0.0,0.0,0.0,0.0,0.0,0.0,0.0,0.0,0.0,0.0,32.0,32.0,786.0,83.0,184.0,0.451,1.0,1.0,1.0,82.0,183.0,0.448,0.454,19.0,38.0,0.5,68.0,177.0,245.0,67.0,20.0,55.0,35.0,85.0,186.0,0.0,13.8,0.463,0.005,0.207,9.8,24.1,17.2,12.5,1.3,5.5,14.8,13.4,0.4,1.4,1.7,0.106,-1.4,2.8,1.4,0.7,0.0,2013
264,Boris Diaw,22.8,2.4,4.4,0.539,0.4,1.0,0.385,2.0,3.4,0.587,0.584,0.6,0.9,0.723,0.9,2.5,3.4,2.4,0.7,0.4,1.1,1.9,5.8,0.0,0.0,1210.0,0.0,0.0,0.0,0.0,0.0,0.0,0.0,0.0,0.0,0.0,0.0,0.0,0.0,75.0,20.0,1709.0,179.0,332.0,0.539,30.0,78.0,0.385,149.0,254.0,0.587,0.584,47.0,65.0,0.723,66.0,188.0,254.0,180.0,52.0,27.0,84.0,143.0,435.0,0.0,11.9,0.603,0.235,0.196,4.7,12.0,8.6,15.0,1.6,1.1,18.9,12.0,2.2,2.3,4.4,0.124,-0.7,1.5,0.8,1.2,0.0,2013
265,Kris Humphries,18.3,2.1,4.8,0.448,0.0,0.0,0.0,2.1,4.7,0.451,0.448,1.5,1.9,0.789,1.9,3.7,5.6,0.5,0.2,0.5,0.9,2.0,5.8,0.0,0.0,1210.0,0.0,0.0,0.0,0.0,0.0,0.0,0.0,0.0,0.0,0.0,0.0,0.0,0.0,65.0,21.0,1191.0,139.0,310.0,0.448,0.0,2.0,0.0,139.0,308.0,0.451,0.448,97.0,123.0,0.789,126.0,239.0,365.0,32.0,16.0,33.0,57.0,127.0,375.0,0.0,13.6,0.515,0.006,0.397,12.4,23.9,18.1,4.3,0.7,2.1,13.5,16.3,1.4,1.3,2.7,0.109,-1.9,-1.0,-3.0,-0.3,0.0,2013
266,Brandon Roy,24.4,2.2,7.0,0.314,0.0,1.8,0.0,2.2,5.2,0.423,0.314,1.4,2.0,0.7,0.6,2.2,2.8,4.6,0.6,0.0,1.4,1.0,5.8,0.0,0.0,1210.0,0.0,0.0,0.0,0.0,0.0,0.0,0.0,0.0,0.0,0.0,0.0,0.0,0.0,5.0,5.0,122.0,11.0,35.0,0.314,0.0,9.0,0.0,11.0,26.0,0.423,0.314,7.0,10.0,0.7,3.0,11.0,14.0,23.0,3.0,0.0,7.0,5.0,29.0,0.0,8.3,0.368,0.257,0.286,2.7,10.6,6.6,28.8,1.3,0.0,15.1,17.0,-0.1,0.1,0.0,-0.017,-3.5,-0.8,-4.2,-0.1,0.0,2013
267,Donatas Motiejūnas,12.2,2.2,4.8,0.455,0.5,1.9,0.289,1.7,3.0,0.562,0.512,0.7,1.2,0.627,0.8,1.3,2.1,0.7,0.2,0.2,0.8,1.7,5.7,0.0,0.0,1210.0,0.0,0.0,0.0,0.0,0.0,0.0,0.0,0.0,0.0,0.0,0.0,0.0,0.0,44.0,14.0,538.0,97.0,213.0,0.455,24.0,83.0,0.289,73.0,130.0,0.562,0.512,32.0,51.0,0.627,36.0,57.0,93.0,31.0,7.0,10.0,37.0,73.0,250.0,0.0,12.2,0.531,0.39,0.239,7.7,11.9,9.8,9.5,0.6,1.4,13.6,22.1,0.4,0.3,0.7,0.061,-1.9,-1.6,-3.5,-0.2,0.0,2013
268,Sebastian Telfair,16.6,1.9,5.2,0.362,0.9,2.5,0.353,1.0,2.7,0.371,0.448,0.9,1.2,0.783,0.2,1.2,1.4,2.6,0.6,0.2,1.1,1.8,5.6,0.0,0.0,1210.0,0.0,0.0,0.0,0.0,0.0,0.0,0.0,0.0,0.0,0.0,0.0,0.0,0.0,59.0,2.0,980.0,112.0,309.0,0.362,53.0,150.0,0.353,59.0,159.0,0.371,0.448,54.0,69.0,0.783,13.0,71.0,84.0,153.0,37.0,11.0,64.0,104.0,331.0,0.0,10.9,0.488,0.485,0.223,1.5,8.5,4.9,23.9,2.0,0.8,15.9,18.5,0.3,0.5,0.8,0.039,-1.5,-0.2,-1.7,0.1,0.0,2013
269,Patrick Beverley,17.4,1.9,4.6,0.418,0.9,2.3,0.375,1.0,2.3,0.462,0.513,0.8,1.0,0.829,1.1,1.6,2.7,2.9,0.9,0.5,1.1,2.0,5.6,0.0,0.0,1210.0,0.0,0.0,0.0,0.0,0.0,0.0,0.0,0.0,0.0,0.0,0.0,0.0,0.0,41.0,0.0,713.0,79.0,189.0,0.418,36.0,96.0,0.375,43.0,93.0,0.462,0.513,34.0,41.0,0.829,45.0,64.0,109.0,117.0,37.0,21.0,44.0,83.0,228.0,0.0,15.4,0.551,0.508,0.217,7.2,10.1,8.7,24.2,2.6,2.2,17.5,15.4,1.4,0.8,2.2,0.148,1.7,2.1,3.8,1.0,0.0,2013
270,Norris Cole,19.9,2.2,5.3,0.421,0.4,1.2,0.357,1.8,4.1,0.44,0.462,0.7,1.0,0.65,0.2,1.4,1.6,2.1,0.7,0.1,1.3,1.9,5.6,0.0,0.0,1210.0,0.0,0.0,0.0,0.0,0.0,0.0,0.0,0.0,0.0,0.0,0.0,0.0,0.0,80.0,4.0,1590.0,179.0,425.0,0.421,35.0,98.0,0.357,144.0,327.0,0.44,0.462,52.0,80.0,0.65,18.0,112.0,130.0,164.0,57.0,7.0,104.0,155.0,445.0,0.0,7.9,0.483,0.231,0.188,1.5,8.2,5.0,15.2,1.9,0.4,18.4,17.0,-0.8,1.4,0.6,0.019,-4.3,-0.6,-4.9,-1.2,0.0,2013
271,Francisco García,17.7,2.0,5.2,0.393,1.2,3.1,0.374,0.9,2.1,0.421,0.505,0.3,0.4,0.857,0.1,1.4,1.6,1.1,0.8,0.7,0.6,1.5,5.5,0.0,0.0,1210.0,0.0,0.0,0.0,0.0,0.0,0.0,0.0,0.0,0.0,0.0,0.0,0.0,0.0,58.0,20.0,1029.0,118.0,300.0,0.393,67.0,179.0,0.374,51.0,121.0,0.421,0.505,18.0,21.0,0.857,8.0,83.0,91.0,63.0,46.0,38.0,32.0,88.0,321.0,0.0,11.0,0.519,0.597,0.07,0.9,9.4,5.1,9.2,2.3,2.9,9.4,14.7,0.6,0.6,1.3,0.059,-0.7,0.8,0.2,0.6,0.0,2013
272,Marquis Daniels,18.4,2.2,5.9,0.376,0.3,1.2,0.278,1.9,4.7,0.401,0.405,0.7,0.9,0.741,0.8,1.7,2.5,1.1,0.9,0.2,0.8,1.3,5.5,0.0,0.0,1210.0,0.0,0.0,0.0,0.0,0.0,0.0,0.0,0.0,0.0,0.0,0.0,0.0,0.0,59.0,33.0,1085.0,132.0,351.0,0.376,20.0,72.0,0.278,112.0,279.0,0.401,0.405,40.0,54.0,0.741,48.0,102.0,150.0,65.0,51.0,10.0,45.0,77.0,324.0,0.0,9.2,0.432,0.205,0.154,4.6,10.5,7.4,9.0,2.4,0.7,10.7,16.9,-0.6,1.1,0.5,0.023,-3.5,0.6,-2.9,-0.2,0.0,2013
273,Terrence Jones,14.5,2.3,4.9,0.457,0.3,1.0,0.263,2.0,3.9,0.507,0.484,0.7,0.9,0.765,1.5,1.9,3.4,0.8,0.6,1.0,0.7,1.1,5.5,0.0,0.0,1210.0,0.0,0.0,0.0,0.0,0.0,0.0,0.0,0.0,0.0,0.0,0.0,0.0,0.0,19.0,0.0,276.0,43.0,94.0,0.457,5.0,19.0,0.263,38.0,75.0,0.507,0.484,13.0,17.0,0.765,28.0,37.0,65.0,15.0,12.0,19.0,13.0,21.0,104.0,0.0,17.1,0.512,0.202,0.181,11.6,15.0,13.4,8.6,2.2,5.2,11.4,18.1,0.3,0.4,0.7,0.128,0.3,1.4,1.7,0.3,0.0,2013
274,Meyers Leonard,17.5,2.2,4.0,0.545,0.0,0.1,0.429,2.1,3.9,0.548,0.551,1.0,1.3,0.809,1.2,2.5,3.7,0.5,0.2,0.6,0.7,2.4,5.5,0.0,0.0,1210.0,0.0,0.0,0.0,0.0,0.0,0.0,0.0,0.0,0.0,0.0,0.0,0.0,0.0,69.0,9.0,1206.0,151.0,277.0,0.545,3.0,7.0,0.429,148.0,270.0,0.548,0.551,72.0,89.0,0.809,80.0,175.0,255.0,33.0,11.0,38.0,49.0,168.0,377.0,0.0,12.1,0.596,0.025,0.321,7.6,17.1,12.3,4.3,0.5,2.4,13.4,13.9,1.8,0.7,2.4,0.097,-2.7,-0.6,-3.3,-0.4,0.0,2013
275,DeJuan Blair,14.0,2.3,4.4,0.524,0.0,0.0,0.0,2.3,4.4,0.526,0.524,0.7,1.1,0.629,1.1,2.7,3.8,0.7,0.6,0.2,0.8,1.8,5.4,0.0,0.0,1210.0,0.0,0.0,0.0,0.0,0.0,0.0,0.0,0.0,0.0,0.0,0.0,0.0,0.0,61.0,16.0,851.0,142.0,271.0,0.524,0.0,1.0,0.0,142.0,270.0,0.526,0.524,44.0,70.0,0.629,66.0,164.0,230.0,45.0,37.0,10.0,49.0,112.0,328.0,0.0,14.6,0.543,0.004,0.258,9.5,21.1,15.6,8.3,2.2,0.9,14.0,19.0,0.7,1.5,2.2,0.126,-2.4,0.8,-1.6,0.1,0.0,2013
276,MarShon Brooks,12.5,2.1,4.6,0.463,0.2,0.8,0.273,1.9,3.8,0.5,0.485,0.9,1.3,0.734,0.4,1.0,1.4,1.0,0.5,0.2,0.9,1.3,5.4,0.0,0.0,1210.0,0.0,0.0,0.0,0.0,0.0,0.0,0.0,0.0,0.0,0.0,0.0,0.0,0.0,73.0,2.0,912.0,155.0,335.0,0.463,15.0,55.0,0.273,140.0,280.0,0.5,0.485,69.0,94.0,0.734,32.0,72.0,104.0,76.0,34.0,16.0,69.0,93.0,394.0,0.0,13.5,0.523,0.164,0.281,4.1,9.4,6.7,14.6,2.0,1.3,15.5,22.5,0.5,0.8,1.3,0.068,-1.6,-0.1,-1.7,0.1,0.0,2013
277,Daniel Gibson,20.0,1.8,5.4,0.34,1.2,3.5,0.344,0.6,1.8,0.333,0.453,0.6,0.8,0.703,0.1,1.2,1.3,1.8,0.7,0.1,0.7,1.9,5.4,0.0,0.0,1210.0,0.0,0.0,0.0,0.0,0.0,0.0,0.0,0.0,0.0,0.0,0.0,0.0,0.0,46.0,3.0,919.0,84.0,247.0,0.34,56.0,163.0,0.344,28.0,84.0,0.333,0.453,26.0,37.0,0.703,5.0,55.0,60.0,82.0,30.0,4.0,31.0,89.0,250.0,0.0,7.7,0.475,0.66,0.15,0.6,7.3,3.8,13.4,1.7,0.4,10.5,14.3,0.3,0.2,0.5,0.026,-2.8,-0.6,-3.4,-0.3,0.0,2013
278,Danny Granger,14.8,2.0,7.0,0.286,0.4,2.0,0.2,1.6,5.0,0.32,0.314,1.0,1.6,0.625,0.6,1.2,1.8,0.6,0.4,0.2,0.8,1.2,5.4,0.0,0.0,1210.0,0.0,0.0,0.0,0.0,0.0,0.0,0.0,0.0,0.0,0.0,0.0,0.0,0.0,5.0,0.0,74.0,10.0,35.0,0.286,2.0,10.0,0.2,8.0,25.0,0.32,0.314,5.0,8.0,0.625,3.0,6.0,9.0,3.0,2.0,1.0,4.0,6.0,27.0,0.0,4.0,0.35,0.286,0.229,4.6,8.9,6.8,6.9,1.4,1.0,9.4,26.2,-0.2,0.1,-0.1,-0.075,-6.3,-2.4,-8.7,-0.1,0.0,2013
279,Derek Fisher,17.4,1.7,4.9,0.342,0.9,2.4,0.375,0.8,2.5,0.309,0.435,1.1,1.2,0.921,0.1,1.1,1.1,1.4,0.6,0.1,0.9,1.7,5.3,0.0,0.0,1210.0,0.0,0.0,0.0,0.0,0.0,0.0,0.0,0.0,0.0,0.0,0.0,0.0,0.0,33.0,9.0,575.0,55.0,161.0,0.342,30.0,80.0,0.375,25.0,81.0,0.309,0.435,35.0,38.0,0.921,2.0,35.0,37.0,47.0,19.0,3.0,30.0,55.0,175.0,0.0,7.7,0.492,0.497,0.236,0.4,6.6,3.6,11.7,1.7,0.4,14.4,16.4,0.0,0.4,0.4,0.034,-3.1,-0.3,-3.4,-0.2,0.0,2013
280,Trevor Booker,18.5,2.3,4.6,0.491,0.0,0.1,0.0,2.3,4.5,0.502,0.491,0.8,1.5,0.556,2.0,2.9,5.0,0.8,0.7,0.3,0.6,2.0,5.3,0.0,0.0,1210.0,0.0,0.0,0.0,0.0,0.0,0.0,0.0,0.0,0.0,0.0,0.0,0.0,0.0,48.0,14.0,887.0,108.0,220.0,0.491,0.0,5.0,0.0,108.0,215.0,0.502,0.491,40.0,72.0,0.556,98.0,141.0,239.0,40.0,32.0,16.0,31.0,95.0,256.0,0.0,13.9,0.509,0.023,0.327,12.2,17.8,14.9,7.4,1.9,1.4,11.0,14.5,0.9,1.4,2.3,0.126,-1.5,0.6,-1.0,0.2,0.0,2013
281,Evan Fournier,11.3,2.0,4.0,0.493,0.6,1.4,0.407,1.4,2.6,0.541,0.566,0.8,1.0,0.769,0.2,0.8,0.9,1.2,0.5,0.0,0.8,1.7,5.3,0.0,0.0,1210.0,0.0,0.0,0.0,0.0,0.0,0.0,0.0,0.0,0.0,0.0,0.0,0.0,0.0,38.0,4.0,428.0,75.0,152.0,0.493,22.0,54.0,0.407,53.0,98.0,0.541,0.566,30.0,39.0,0.769,6.0,29.0,35.0,44.0,19.0,1.0,32.0,65.0,202.0,0.0,13.8,0.597,0.355,0.257,1.6,7.4,4.6,15.5,2.2,0.2,15.9,20.4,0.7,0.3,1.0,0.115,-1.3,0.0,-1.4,0.1,0.0,2013
282,Reggie Jackson,14.2,2.1,4.6,0.458,0.3,1.5,0.231,1.8,3.2,0.566,0.495,0.7,0.9,0.839,0.3,2.1,2.4,1.7,0.4,0.2,0.8,1.2,5.3,0.0,0.0,1210.0,0.0,0.0,0.0,0.0,0.0,0.0,0.0,0.0,0.0,0.0,0.0,0.0,0.0,70.0,0.0,993.0,149.0,325.0,0.458,24.0,104.0,0.231,125.0,221.0,0.566,0.495,52.0,62.0,0.839,21.0,145.0,166.0,122.0,29.0,13.0,53.0,84.0,374.0,0.0,14.2,0.531,0.32,0.191,2.6,15.6,9.6,19.3,1.5,1.0,13.1,18.6,1.2,1.3,2.5,0.121,-0.4,0.5,0.1,0.5,0.0,2013
283,John Lucas III,13.1,2.0,5.3,0.386,0.9,2.4,0.377,1.1,2.9,0.393,0.472,0.3,0.4,0.72,0.1,0.9,1.0,1.7,0.4,0.0,0.4,0.8,5.3,0.0,0.0,1210.0,0.0,0.0,0.0,0.0,0.0,0.0,0.0,0.0,0.0,0.0,0.0,0.0,0.0,63.0,0.0,827.0,129.0,334.0,0.386,57.0,151.0,0.377,72.0,183.0,0.393,0.472,18.0,25.0,0.72,8.0,57.0,65.0,105.0,23.0,1.0,26.0,50.0,333.0,0.0,12.8,0.483,0.452,0.075,1.1,8.3,4.7,21.5,1.5,0.1,7.0,20.8,0.7,0.3,1.1,0.061,0.6,-1.2,-0.6,0.3,0.0,2013
284,Corey Maggette,14.3,1.5,4.2,0.355,0.3,1.2,0.238,1.2,3.1,0.4,0.388,2.0,2.7,0.75,0.3,1.1,1.4,1.1,0.3,0.1,0.9,2.3,5.3,0.0,0.0,1210.0,0.0,0.0,0.0,0.0,0.0,0.0,0.0,0.0,0.0,0.0,0.0,0.0,0.0,18.0,0.0,257.0,27.0,76.0,0.355,5.0,21.0,0.238,22.0,55.0,0.4,0.388,36.0,48.0,0.75,5.0,20.0,25.0,19.0,6.0,2.0,17.0,42.0,95.0,0.0,7.9,0.489,0.276,0.632,2.2,9.1,5.6,11.4,1.2,0.6,14.9,20.2,0.0,0.1,0.1,0.017,-4.9,-0.9,-5.9,-0.2,0.0,2013
285,Roger Mason,17.7,1.9,4.4,0.433,1.0,2.3,0.415,1.0,2.1,0.452,0.541,0.6,0.6,0.907,0.2,1.8,1.9,1.1,0.4,0.2,0.7,1.5,5.3,0.0,0.0,1210.0,0.0,0.0,0.0,0.0,0.0,0.0,0.0,0.0,0.0,0.0,0.0,0.0,0.0,69.0,13.0,1219.0,132.0,305.0,0.433,66.0,159.0,0.415,66.0,146.0,0.452,0.541,39.0,43.0,0.907,11.0,121.0,132.0,74.0,26.0,11.0,51.0,104.0,369.0,0.0,10.0,0.57,0.521,0.141,1.1,12.0,6.5,9.5,1.2,0.8,13.6,14.3,1.1,0.3,1.4,0.057,-1.3,-0.5,-1.9,0.1,0.0,2013
286,Travis Outlaw,11.7,1.9,4.7,0.418,0.4,1.3,0.28,1.6,3.3,0.472,0.458,1.0,1.4,0.731,0.4,1.2,1.6,0.6,0.3,0.2,0.5,0.9,5.3,0.0,0.0,1210.0,0.0,0.0,0.0,0.0,0.0,0.0,0.0,0.0,0.0,0.0,0.0,0.0,0.0,38.0,2.0,444.0,74.0,177.0,0.418,14.0,50.0,0.28,60.0,127.0,0.472,0.458,38.0,52.0,0.731,17.0,44.0,61.0,21.0,11.0,8.0,19.0,35.0,200.0,0.0,13.0,0.5,0.282,0.294,4.3,11.7,7.9,7.7,1.3,1.4,8.7,21.9,0.3,0.1,0.3,0.037,-0.5,-1.9,-2.4,0.0,0.0,2013
287,Mickaël Piétrus,20.3,1.8,5.2,0.347,1.1,3.4,0.313,0.7,1.8,0.412,0.449,0.6,0.9,0.667,0.3,1.6,1.9,0.5,0.6,0.3,0.8,1.7,5.3,0.0,0.0,1210.0,0.0,0.0,0.0,0.0,0.0,0.0,0.0,0.0,0.0,0.0,0.0,0.0,0.0,19.0,16.0,386.0,34.0,98.0,0.347,20.0,64.0,0.313,14.0,34.0,0.412,0.449,12.0,18.0,0.667,5.0,31.0,36.0,9.0,12.0,6.0,16.0,33.0,100.0,0.0,6.0,0.472,0.653,0.184,1.5,9.7,5.5,3.5,1.7,1.2,13.1,14.7,-0.3,0.2,0.0,-0.004,-3.8,-0.9,-4.8,-0.3,0.0,2013
288,Leandro Barbosa,12.5,2.0,4.7,0.43,0.4,1.1,0.383,1.6,3.6,0.445,0.477,0.8,1.0,0.756,0.2,0.9,1.1,1.4,0.4,0.1,0.5,1.2,5.2,0.0,0.0,1210.0,0.0,0.0,0.0,0.0,0.0,0.0,0.0,0.0,0.0,0.0,0.0,0.0,0.0,41.0,2.0,513.0,83.0,193.0,0.43,18.0,47.0,0.383,65.0,146.0,0.445,0.477,31.0,41.0,0.756,8.0,38.0,46.0,58.0,17.0,6.0,21.0,51.0,215.0,0.0,13.5,0.509,0.244,0.212,1.9,8.5,5.3,19.0,1.7,0.9,9.1,21.4,0.4,0.5,0.9,0.086,-1.0,0.3,-0.7,0.2,0.0,2013
289,Jordan Hamilton,9.9,2.1,5.0,0.418,0.7,1.8,0.37,1.4,3.2,0.445,0.485,0.3,0.7,0.5,0.8,1.6,2.4,0.6,0.4,0.2,0.5,0.6,5.2,0.0,0.0,1210.0,0.0,0.0,0.0,0.0,0.0,0.0,0.0,0.0,0.0,0.0,0.0,0.0,0.0,40.0,1.0,397.0,84.0,201.0,0.418,27.0,73.0,0.37,57.0,128.0,0.445,0.485,13.0,26.0,0.5,32.0,63.0,95.0,23.0,15.0,8.0,19.0,24.0,208.0,0.0,16.9,0.49,0.363,0.129,9.2,17.4,13.4,9.2,1.9,1.6,8.2,25.3,0.4,0.5,0.8,0.1,2.1,-1.2,0.9,0.3,0.0,2013
290,Rashard Lewis,14.4,1.9,4.5,0.414,0.9,2.4,0.389,0.9,2.1,0.441,0.516,0.5,0.8,0.622,0.3,1.9,2.2,0.5,0.4,0.3,0.6,1.2,5.2,0.0,0.0,1210.0,0.0,0.0,0.0,0.0,0.0,0.0,0.0,0.0,0.0,0.0,0.0,0.0,0.0,55.0,9.0,792.0,103.0,249.0,0.414,51.0,131.0,0.389,52.0,118.0,0.441,0.516,28.0,45.0,0.622,19.0,102.0,121.0,30.0,21.0,14.0,33.0,67.0,285.0,0.0,11.1,0.53,0.526,0.181,3.1,15.0,9.4,5.7,1.4,1.4,10.9,18.2,0.3,0.9,1.2,0.071,-1.5,-1.0,-2.5,-0.1,0.0,2013
291,Nick Collison,19.5,2.2,3.7,0.595,0.0,0.0,0.0,2.2,3.6,0.603,0.595,0.7,1.0,0.769,1.5,2.6,4.1,1.5,0.6,0.4,0.9,2.4,5.1,0.0,0.0,1210.0,0.0,0.0,0.0,0.0,0.0,0.0,0.0,0.0,0.0,0.0,0.0,0.0,0.0,81.0,2.0,1583.0,176.0,296.0,0.595,0.0,4.0,0.0,176.0,292.0,0.603,0.595,60.0,78.0,0.769,123.0,210.0,333.0,121.0,51.0,30.0,69.0,197.0,412.0,0.0,13.6,0.624,0.014,0.264,9.6,14.2,12.1,11.3,1.7,1.4,17.3,11.5,3.2,2.1,5.2,0.158,-0.2,1.1,0.9,1.2,0.0,2013
292,Al Harrington,11.9,2.0,5.7,0.351,0.8,3.0,0.267,1.2,2.7,0.444,0.421,0.3,0.4,0.75,0.6,2.1,2.7,1.0,0.4,0.1,0.7,1.8,5.1,0.0,0.0,1210.0,0.0,0.0,0.0,0.0,0.0,0.0,0.0,0.0,0.0,0.0,0.0,0.0,0.0,10.0,0.0,119.0,20.0,57.0,0.351,8.0,30.0,0.267,12.0,27.0,0.444,0.421,3.0,4.0,0.75,6.0,21.0,27.0,10.0,4.0,1.0,7.0,18.0,51.0,0.0,10.3,0.434,0.526,0.07,5.7,19.9,12.8,13.7,1.8,0.6,10.6,25.1,-0.1,0.1,0.0,-0.012,-3.0,-1.5,-4.5,-0.1,0.0,2013
293,James Johnson,16.3,2.2,5.2,0.413,0.0,0.4,0.095,2.1,4.9,0.439,0.417,0.7,1.2,0.597,0.9,1.8,2.7,1.1,0.8,0.9,1.3,1.8,5.1,0.0,0.0,1210.0,0.0,0.0,0.0,0.0,0.0,0.0,0.0,0.0,0.0,0.0,0.0,0.0,0.0,54.0,11.0,878.0,117.0,283.0,0.413,2.0,21.0,0.095,115.0,262.0,0.439,0.417,40.0,67.0,0.597,49.0,96.0,145.0,58.0,41.0,50.0,68.0,99.0,276.0,0.0,10.2,0.442,0.074,0.237,6.2,12.9,9.5,10.2,2.4,4.5,17.9,19.3,-1.1,0.6,-0.5,-0.028,-3.9,0.3,-3.5,-0.3,0.0,2013
294,Patty Mills,11.3,1.9,4.2,0.469,0.9,2.2,0.4,1.1,1.9,0.55,0.577,0.3,0.3,0.842,0.2,0.7,0.9,1.1,0.4,0.1,0.7,0.9,5.1,0.0,0.0,1210.0,0.0,0.0,0.0,0.0,0.0,0.0,0.0,0.0,0.0,0.0,0.0,0.0,0.0,58.0,2.0,656.0,113.0,241.0,0.469,52.0,130.0,0.4,61.0,111.0,0.55,0.577,16.0,19.0,0.842,9.0,41.0,50.0,62.0,26.0,4.0,39.0,55.0,294.0,0.0,14.1,0.59,0.539,0.079,1.7,6.8,4.4,14.9,2.0,0.4,13.5,20.2,0.7,0.8,1.5,0.109,0.0,0.2,0.2,0.4,0.0,2013
295,DeShawn Stevenson,20.7,1.8,4.7,0.374,1.4,3.7,0.364,0.4,0.9,0.415,0.519,0.2,0.4,0.522,0.3,1.9,2.2,0.9,0.5,0.1,0.4,1.2,5.1,0.0,0.0,1210.0,0.0,0.0,0.0,0.0,0.0,0.0,0.0,0.0,0.0,0.0,0.0,0.0,0.0,56.0,31.0,1158.0,98.0,262.0,0.374,76.0,209.0,0.364,22.0,53.0,0.415,0.519,12.0,23.0,0.522,18.0,104.0,122.0,52.0,29.0,6.0,23.0,69.0,284.0,0.0,8.1,0.522,0.798,0.088,1.8,10.1,6.0,6.5,1.3,0.4,7.8,11.8,0.5,0.9,1.5,0.061,-2.0,-0.4,-2.4,-0.1,0.0,2013
296,Garrett Temple,22.7,2.1,5.1,0.407,0.5,1.6,0.325,1.5,3.5,0.444,0.457,0.5,0.7,0.703,0.6,1.8,2.4,2.3,1.0,0.3,1.2,1.8,5.1,0.0,0.0,1210.0,0.0,0.0,0.0,0.0,0.0,0.0,0.0,0.0,0.0,0.0,0.0,0.0,0.0,51.0,36.0,1156.0,105.0,258.0,0.407,26.0,80.0,0.325,79.0,178.0,0.444,0.457,26.0,37.0,0.703,29.0,94.0,123.0,115.0,50.0,17.0,61.0,94.0,262.0,0.0,8.8,0.478,0.31,0.143,2.8,9.1,5.9,15.5,2.3,1.2,18.2,13.2,-0.3,1.5,1.2,0.049,-3.8,1.5,-2.3,-0.1,0.0,2013
297,Jae Crowder,17.3,1.8,4.7,0.384,0.8,2.5,0.328,1.0,2.2,0.446,0.47,0.6,0.9,0.644,0.4,1.9,2.4,1.2,0.8,0.2,0.6,1.6,5.0,0.0,0.0,1210.0,0.0,0.0,0.0,0.0,0.0,0.0,0.0,0.0,0.0,0.0,0.0,0.0,0.0,78.0,16.0,1353.0,141.0,367.0,0.384,63.0,192.0,0.328,78.0,175.0,0.446,0.47,47.0,73.0,0.644,35.0,152.0,187.0,94.0,63.0,17.0,49.0,128.0,392.0,0.0,10.2,0.491,0.523,0.199,2.9,12.3,7.7,10.0,2.4,1.0,10.9,15.1,0.2,1.3,1.5,0.055,-1.9,0.9,-1.0,0.3,0.0,2013
298,Mickaël Gelabale,17.9,2.0,3.9,0.518,0.4,1.4,0.308,1.6,2.4,0.644,0.576,0.6,0.7,0.875,0.9,1.9,2.8,0.7,0.4,0.1,0.4,1.3,5.0,0.0,0.0,1210.0,0.0,0.0,0.0,0.0,0.0,0.0,0.0,0.0,0.0,0.0,0.0,0.0,0.0,36.0,13.0,644.0,72.0,139.0,0.518,16.0,52.0,0.308,56.0,87.0,0.644,0.576,21.0,24.0,0.875,32.0,67.0,99.0,26.0,16.0,4.0,16.0,47.0,181.0,0.0,11.8,0.605,0.374,0.173,5.5,12.3,8.8,6.4,1.3,0.5,9.7,11.5,1.0,0.5,1.5,0.114,-0.6,0.4,-0.2,0.3,0.0,2013
299,Ian Mahinmi,16.5,1.9,4.1,0.453,0.0,0.0,0.0,1.9,4.1,0.456,0.453,1.3,2.1,0.608,1.4,2.5,3.9,0.3,0.5,0.8,1.2,2.5,5.0,0.0,0.0,1210.0,0.0,0.0,0.0,0.0,0.0,0.0,0.0,0.0,0.0,0.0,0.0,0.0,0.0,80.0,2.0,1322.0,149.0,329.0,0.453,0.0,2.0,0.0,149.0,327.0,0.456,0.453,104.0,171.0,0.608,115.0,196.0,311.0,27.0,39.0,66.0,92.0,201.0,402.0,0.0,10.6,0.497,0.006,0.52,9.9,16.2,13.1,3.3,1.6,3.7,18.5,17.1,-0.4,2.6,2.3,0.083,-4.7,1.4,-3.4,-0.5,0.0,2013
300,Quentin Richardson,29.0,1.0,11.0,0.091,1.0,4.0,0.25,0.0,7.0,0.0,0.136,2.0,2.0,1.0,5.0,5.0,10.0,1.0,0.0,0.0,2.0,1.0,5.0,0.0,0.0,1210.0,0.0,0.0,0.0,0.0,0.0,0.0,0.0,0.0,0.0,0.0,0.0,0.0,0.0,1.0,0.0,29.0,1.0,11.0,0.091,1.0,4.0,0.25,0.0,7.0,0.0,0.136,2.0,2.0,1.0,5.0,5.0,10.0,1.0,0.0,0.0,2.0,1.0,5.0,0.0,0.7,0.21,0.364,0.182,19.5,20.9,20.2,4.8,0.0,0.0,14.4,22.4,-0.1,0.0,-0.1,-0.181,-7.9,-7.1,-14.9,-0.1,0.0,2013
301,Chris Andersen,14.9,1.7,2.9,0.577,0.0,0.1,0.667,1.6,2.9,0.575,0.585,1.5,2.2,0.677,1.4,2.7,4.1,0.4,0.4,1.0,0.6,2.1,4.9,0.0,0.0,1210.0,0.0,0.0,0.0,0.0,0.0,0.0,0.0,0.0,0.0,0.0,0.0,0.0,0.0,42.0,0.0,624.0,71.0,123.0,0.577,2.0,3.0,0.667,69.0,120.0,0.575,0.585,63.0,93.0,0.677,57.0,115.0,172.0,17.0,16.0,44.0,24.0,89.0,207.0,0.0,17.4,0.631,0.024,0.756,11.9,21.5,17.0,4.0,1.4,5.8,12.8,14.4,1.6,1.1,2.7,0.207,-1.0,0.8,-0.2,0.3,0.0,2013
302,Malcolm Lee,18.1,1.8,4.8,0.382,0.5,1.5,0.333,1.3,3.3,0.404,0.434,0.8,1.3,0.6,0.9,1.5,2.4,1.3,0.8,0.4,0.6,1.9,4.9,0.0,0.0,1210.0,0.0,0.0,0.0,0.0,0.0,0.0,0.0,0.0,0.0,0.0,0.0,0.0,0.0,16.0,12.0,289.0,29.0,76.0,0.382,8.0,24.0,0.333,21.0,52.0,0.404,0.434,12.0,20.0,0.6,15.0,24.0,39.0,20.0,12.0,6.0,10.0,30.0,78.0,0.0,9.8,0.46,0.316,0.263,5.8,9.8,7.7,10.7,2.1,1.6,10.5,14.7,0.1,0.3,0.4,0.059,-2.4,1.1,-1.3,0.0,0.0,2013
303,Jerry Stackhouse,14.7,1.8,4.6,0.384,0.8,2.4,0.337,1.0,2.2,0.434,0.471,0.5,0.6,0.87,0.1,0.8,0.9,0.9,0.2,0.1,0.6,0.8,4.9,0.0,0.0,1210.0,0.0,0.0,0.0,0.0,0.0,0.0,0.0,0.0,0.0,0.0,0.0,0.0,0.0,37.0,0.0,544.0,66.0,172.0,0.384,30.0,89.0,0.337,36.0,83.0,0.434,0.471,20.0,23.0,0.87,5.0,28.0,33.0,35.0,7.0,4.0,24.0,31.0,182.0,0.0,8.5,0.5,0.517,0.134,1.1,6.1,3.6,10.4,0.7,0.6,11.6,17.5,0.2,0.2,0.4,0.037,-1.6,-1.7,-3.3,-0.2,0.0,2013
304,Bismack Biyombo,27.3,2.0,4.3,0.451,0.0,0.0,0.0,2.0,4.3,0.451,0.451,0.9,1.8,0.521,2.4,4.9,7.3,0.4,0.4,1.8,1.0,2.4,4.8,0.0,0.0,1210.0,0.0,0.0,0.0,0.0,0.0,0.0,0.0,0.0,0.0,0.0,0.0,0.0,0.0,80.0,65.0,2186.0,156.0,346.0,0.451,0.0,0.0,0.0,156.0,346.0,0.451,0.451,74.0,142.0,0.521,194.0,388.0,582.0,35.0,28.0,143.0,82.0,195.0,386.0,0.0,10.1,0.472,0.0,0.41,9.9,20.9,15.2,2.5,0.7,5.3,16.7,10.2,0.1,1.3,1.4,0.031,-3.6,-0.8,-4.4,-1.3,0.0,2013
305,Mike Miller,15.3,1.7,3.9,0.433,1.2,3.0,0.417,0.5,0.9,0.482,0.591,0.1,0.2,0.727,0.3,2.4,2.7,1.7,0.4,0.1,0.6,1.1,4.8,0.0,0.0,1210.0,0.0,0.0,0.0,0.0,0.0,0.0,0.0,0.0,0.0,0.0,0.0,0.0,0.0,59.0,17.0,900.0,100.0,231.0,0.433,73.0,175.0,0.417,27.0,56.0,0.482,0.591,8.0,11.0,0.727,18.0,139.0,157.0,99.0,21.0,4.0,35.0,63.0,281.0,0.0,13.5,0.596,0.758,0.048,2.6,18.0,10.7,16.2,1.2,0.4,12.9,14.4,1.6,1.0,2.6,0.137,1.8,-0.3,1.5,0.8,0.0,2013
306,Thomas Robinson,15.1,2.0,4.6,0.43,0.0,0.0,0.0,2.0,4.6,0.431,0.43,0.8,1.6,0.523,1.7,2.8,4.5,0.7,0.6,0.4,1.3,1.8,4.8,0.0,0.0,1210.0,0.0,0.0,0.0,0.0,0.0,0.0,0.0,0.0,0.0,0.0,0.0,0.0,0.0,70.0,0.0,1056.0,138.0,321.0,0.43,0.0,1.0,0.0,138.0,320.0,0.431,0.43,57.0,109.0,0.523,122.0,193.0,315.0,46.0,41.0,26.0,88.0,124.0,333.0,0.0,10.9,0.451,0.003,0.34,13.0,21.3,17.1,6.7,2.0,1.9,19.3,19.1,-0.9,0.9,-0.1,-0.002,-3.8,-1.5,-5.3,-0.9,0.0,2013
307,Tyrus Thomas,13.8,1.8,5.2,0.353,0.1,0.3,0.375,1.7,4.9,0.352,0.364,1.0,1.2,0.839,0.6,1.7,2.3,0.7,0.5,0.6,0.7,2.0,4.8,0.0,0.0,1210.0,0.0,0.0,0.0,0.0,0.0,0.0,0.0,0.0,0.0,0.0,0.0,0.0,0.0,26.0,2.0,360.0,48.0,136.0,0.353,3.0,8.0,0.375,45.0,128.0,0.352,0.364,26.0,31.0,0.839,16.0,44.0,60.0,19.0,14.0,15.0,17.0,51.0,125.0,0.0,9.6,0.418,0.059,0.228,4.9,14.4,9.5,9.1,2.0,3.4,10.2,21.1,-0.4,0.2,-0.2,-0.025,-5.1,-1.0,-6.1,-0.4,0.0,2013
308,D.J. Augustin,16.1,1.4,3.9,0.35,0.9,2.5,0.353,0.5,1.4,0.346,0.464,1.1,1.3,0.838,0.3,0.9,1.2,2.2,0.4,0.0,0.9,0.8,4.7,0.0,0.0,1210.0,0.0,0.0,0.0,0.0,0.0,0.0,0.0,0.0,0.0,0.0,0.0,0.0,0.0,76.0,5.0,1226.0,103.0,294.0,0.35,67.0,190.0,0.353,36.0,104.0,0.346,0.464,83.0,99.0,0.838,20.0,71.0,91.0,170.0,34.0,3.0,68.0,64.0,356.0,0.0,11.0,0.527,0.646,0.337,1.9,6.3,4.1,21.6,1.5,0.2,16.8,15.1,1.4,1.5,2.8,0.112,-0.7,0.1,-0.6,0.5,0.0,2013
309,Landry Fields,20.3,2.0,4.4,0.457,0.0,0.3,0.143,2.0,4.1,0.478,0.462,0.7,1.0,0.642,1.2,2.9,4.1,1.2,0.6,0.2,0.8,1.2,4.7,0.0,0.0,1210.0,0.0,0.0,0.0,0.0,0.0,0.0,0.0,0.0,0.0,0.0,0.0,0.0,0.0,51.0,22.0,1037.0,102.0,223.0,0.457,2.0,14.0,0.143,100.0,209.0,0.478,0.462,34.0,53.0,0.642,59.0,149.0,208.0,60.0,32.0,8.0,42.0,63.0,240.0,0.0,10.3,0.487,0.063,0.238,6.7,17.4,11.9,8.9,1.6,0.6,14.6,12.9,0.3,0.8,1.1,0.052,-1.8,0.0,-1.8,0.1,0.0,2013
310,Justin Holiday,15.8,1.8,5.3,0.333,0.4,1.8,0.25,1.3,3.6,0.375,0.375,0.7,0.9,0.75,0.0,1.6,1.6,1.7,0.3,0.7,1.0,0.8,4.7,0.0,0.0,1210.0,0.0,0.0,0.0,0.0,0.0,0.0,0.0,0.0,0.0,0.0,0.0,0.0,0.0,9.0,0.0,142.0,16.0,48.0,0.333,4.0,16.0,0.25,12.0,32.0,0.375,0.375,6.0,8.0,0.75,0.0,14.0,14.0,15.0,3.0,6.0,9.0,7.0,42.0,0.0,7.6,0.408,0.333,0.167,0.0,11.5,5.6,16.0,1.1,3.3,14.9,19.6,-0.3,0.1,-0.1,-0.042,-4.4,-0.6,-5.0,-0.1,0.0,2013
311,Shelvin Mack,13.4,1.9,4.1,0.46,0.6,1.6,0.367,1.3,2.5,0.519,0.532,0.3,0.5,0.563,0.1,1.2,1.3,2.2,0.5,0.0,1.1,1.3,4.6,0.0,0.0,1210.0,0.0,0.0,0.0,0.0,0.0,0.0,0.0,0.0,0.0,0.0,0.0,0.0,0.0,31.0,3.0,416.0,58.0,126.0,0.46,18.0,49.0,0.367,40.0,77.0,0.519,0.532,9.0,16.0,0.563,3.0,37.0,40.0,68.0,15.0,0.0,34.0,39.0,143.0,0.0,11.3,0.537,0.389,0.127,0.8,10.0,5.4,26.3,1.9,0.0,20.4,18.5,0.1,0.4,0.5,0.056,-2.6,-0.1,-2.7,-0.1,0.0,2013
312,Troy Murphy,18.3,1.6,4.4,0.361,0.8,2.5,0.314,0.8,1.9,0.423,0.451,0.7,0.8,0.909,0.5,3.0,3.5,0.5,0.7,0.4,0.5,2.1,4.6,0.0,0.0,1210.0,0.0,0.0,0.0,0.0,0.0,0.0,0.0,0.0,0.0,0.0,0.0,0.0,0.0,14.0,1.0,256.0,22.0,61.0,0.361,11.0,35.0,0.314,11.0,26.0,0.423,0.451,10.0,11.0,0.909,7.0,42.0,49.0,7.0,10.0,6.0,7.0,29.0,65.0,0.0,9.1,0.494,0.574,0.18,3.1,17.9,10.7,3.8,2.0,1.8,9.6,13.0,0.0,0.3,0.3,0.062,-2.7,0.8,-1.9,0.0,0.0,2013
313,Mike Scott,9.4,1.8,3.7,0.476,0.0,0.0,0.0,1.8,3.7,0.479,0.476,1.1,1.4,0.768,1.0,1.8,2.8,0.3,0.1,0.1,0.5,0.8,4.6,0.0,0.0,1210.0,0.0,0.0,0.0,0.0,0.0,0.0,0.0,0.0,0.0,0.0,0.0,0.0,0.0,40.0,1.0,376.0,70.0,147.0,0.476,0.0,1.0,0.0,70.0,146.0,0.479,0.476,43.0,56.0,0.768,39.0,71.0,110.0,12.0,4.0,2.0,21.0,32.0,183.0,0.0,16.3,0.533,0.007,0.381,12.1,21.3,16.7,5.4,0.6,0.4,10.9,23.7,0.5,0.4,0.9,0.11,-0.9,-2.6,-3.5,-0.1,0.0,2013
314,Terrence Williams,13.3,2.0,4.0,0.495,0.2,0.6,0.333,1.8,3.4,0.524,0.521,0.4,0.9,0.429,0.2,1.7,1.8,1.6,0.5,0.1,0.9,0.5,4.6,0.0,0.0,1210.0,0.0,0.0,0.0,0.0,0.0,0.0,0.0,0.0,0.0,0.0,0.0,0.0,0.0,24.0,0.0,318.0,48.0,97.0,0.495,5.0,15.0,0.333,43.0,82.0,0.524,0.521,9.0,21.0,0.429,4.0,40.0,44.0,38.0,11.0,2.0,22.0,13.0,110.0,0.0,12.3,0.518,0.155,0.216,1.5,14.4,8.2,19.7,1.8,0.5,17.2,19.1,-0.1,0.4,0.3,0.046,-1.9,-0.5,-2.4,0.0,0.0,2013
315,Eric Maynor,15.0,1.7,4.4,0.377,0.5,1.5,0.354,1.1,2.9,0.389,0.438,0.7,1.0,0.726,0.1,0.6,0.7,2.8,0.3,0.0,1.2,0.9,4.5,0.0,0.0,1210.0,0.0,0.0,0.0,0.0,0.0,0.0,0.0,0.0,0.0,0.0,0.0,0.0,0.0,64.0,0.0,963.0,106.0,281.0,0.377,34.0,96.0,0.354,72.0,185.0,0.389,0.438,45.0,62.0,0.726,9.0,37.0,46.0,182.0,22.0,1.0,79.0,55.0,291.0,0.0,9.3,0.472,0.342,0.221,1.1,4.4,2.8,28.7,1.2,0.1,20.4,18.4,-0.1,0.3,0.2,0.008,-1.9,-2.6,-4.5,-0.6,0.0,2013
316,Austin Daye,12.3,1.6,3.8,0.433,0.7,1.8,0.418,0.9,2.0,0.445,0.531,0.5,0.6,0.765,0.3,1.9,2.2,0.8,0.3,0.4,0.5,1.5,4.5,0.0,0.0,1210.0,0.0,0.0,0.0,0.0,0.0,0.0,0.0,0.0,0.0,0.0,0.0,0.0,0.0,55.0,0.0,676.0,90.0,208.0,0.433,41.0,98.0,0.418,49.0,110.0,0.445,0.531,26.0,34.0,0.765,16.0,107.0,123.0,42.0,14.0,22.0,29.0,82.0,247.0,0.0,12.9,0.554,0.471,0.163,2.7,18.8,10.6,10.1,1.1,2.6,11.5,17.1,0.8,0.9,1.6,0.117,-0.7,1.1,0.4,0.4,0.0,2013
317,Eddy Curry,12.5,2.0,4.0,0.5,0.0,0.0,0.0,2.0,4.0,0.5,0.5,0.5,2.0,0.25,1.0,1.0,2.0,0.0,0.0,0.0,1.5,3.5,4.5,0.0,0.0,1210.0,0.0,0.0,0.0,0.0,0.0,0.0,0.0,0.0,0.0,0.0,0.0,0.0,0.0,2.0,0.0,25.0,4.0,8.0,0.5,0.0,0.0,0.0,4.0,8.0,0.5,0.5,1.0,4.0,0.25,2.0,2.0,4.0,0.0,0.0,0.0,3.0,7.0,9.0,0.0,-0.2,0.461,0.0,0.5,9.1,8.7,8.9,0.0,0.0,0.0,23.5,23.3,-0.1,0.0,-0.1,-0.146,-11.2,-3.7,-14.9,-0.1,0.0,2013
318,Reggie Evans,24.6,1.6,3.3,0.479,0.0,0.0,0.0,1.6,3.3,0.479,0.479,1.4,2.8,0.509,3.3,7.9,11.1,0.5,0.9,0.2,1.4,2.5,4.5,0.0,0.0,1210.0,0.0,0.0,0.0,0.0,0.0,0.0,0.0,0.0,0.0,0.0,0.0,0.0,0.0,80.0,56.0,1967.0,125.0,261.0,0.479,0.0,0.0,0.0,125.0,261.0,0.479,0.479,113.0,222.0,0.509,260.0,628.0,888.0,43.0,74.0,13.0,111.0,199.0,363.0,0.0,12.8,0.506,0.0,0.851,15.5,38.0,26.7,3.2,2.0,0.5,23.6,11.0,0.8,3.5,4.3,0.105,-1.7,0.0,-1.7,0.1,0.0,2013
319,Cory Joseph,13.9,1.8,3.9,0.464,0.2,0.8,0.286,1.6,3.2,0.506,0.491,0.6,0.8,0.857,0.4,1.4,1.9,1.9,0.5,0.1,0.8,0.9,4.5,0.0,0.0,1210.0,0.0,0.0,0.0,0.0,0.0,0.0,0.0,0.0,0.0,0.0,0.0,0.0,0.0,28.0,9.0,388.0,51.0,110.0,0.464,6.0,21.0,0.286,45.0,89.0,0.506,0.491,18.0,21.0,0.857,12.0,40.0,52.0,53.0,15.0,4.0,21.0,25.0,126.0,0.0,13.5,0.528,0.191,0.191,3.8,11.3,7.7,20.2,2.0,0.7,15.0,16.6,0.4,0.5,0.9,0.113,-1.2,0.8,-0.4,0.2,0.0,2013
320,Keyon Dooling,11.7,1.4,3.0,0.476,0.7,1.7,0.417,0.7,1.3,0.556,0.595,0.9,1.0,0.857,0.0,0.1,0.1,1.1,0.1,0.0,0.7,1.1,4.4,0.0,0.0,1210.0,0.0,0.0,0.0,0.0,0.0,0.0,0.0,0.0,0.0,0.0,0.0,0.0,0.0,7.0,0.0,82.0,10.0,21.0,0.476,5.0,12.0,0.417,5.0,9.0,0.556,0.595,6.0,7.0,0.857,0.0,1.0,1.0,8.0,1.0,0.0,5.0,8.0,31.0,0.0,11.2,0.644,0.571,0.333,0.0,1.5,0.7,15.6,0.7,0.0,17.2,16.4,0.2,0.1,0.2,0.128,-1.2,-0.2,-1.4,0.0,0.0,2013
321,Ekpe Udoh,17.3,1.5,3.5,0.435,0.0,0.0,0.0,1.5,3.5,0.437,0.435,1.2,1.6,0.748,1.5,1.8,3.3,0.6,0.5,1.1,0.6,1.8,4.3,0.0,0.0,1210.0,0.0,0.0,0.0,0.0,0.0,0.0,0.0,0.0,0.0,0.0,0.0,0.0,0.0,76.0,9.0,1312.0,117.0,269.0,0.435,0.0,1.0,0.0,117.0,268.0,0.437,0.435,89.0,119.0,0.748,113.0,138.0,251.0,43.0,39.0,85.0,43.0,139.0,323.0,0.0,12.0,0.503,0.004,0.442,8.9,11.7,10.3,4.7,1.5,4.7,11.8,12.1,1.1,1.5,2.7,0.098,-2.8,1.1,-1.7,0.1,0.0,2013
322,Keith Bogans,19.0,1.5,3.8,0.38,1.1,3.3,0.343,0.3,0.5,0.615,0.528,0.1,0.2,0.647,0.2,1.4,1.6,1.0,0.4,0.1,0.7,1.5,4.2,0.0,0.0,1210.0,0.0,0.0,0.0,0.0,0.0,0.0,0.0,0.0,0.0,0.0,0.0,0.0,0.0,74.0,23.0,1408.0,108.0,284.0,0.38,84.0,245.0,0.343,24.0,39.0,0.615,0.528,11.0,17.0,0.647,16.0,104.0,120.0,76.0,28.0,4.0,49.0,108.0,311.0,0.0,6.7,0.533,0.863,0.06,1.3,8.8,5.0,8.1,1.1,0.2,14.4,11.2,0.7,0.7,1.4,0.047,-2.3,-0.3,-2.6,-0.2,0.0,2013
323,Matt Bonner,13.4,1.6,3.4,0.487,0.8,1.8,0.442,0.9,1.6,0.536,0.602,0.2,0.2,0.733,0.4,1.5,1.9,0.5,0.3,0.3,0.2,1.3,4.2,0.0,0.0,1210.0,0.0,0.0,0.0,0.0,0.0,0.0,0.0,0.0,0.0,0.0,0.0,0.0,0.0,68.0,4.0,909.0,112.0,230.0,0.487,53.0,120.0,0.442,59.0,110.0,0.536,0.602,11.0,15.0,0.733,25.0,104.0,129.0,36.0,17.0,19.0,16.0,86.0,288.0,0.0,11.8,0.609,0.522,0.065,3.4,12.5,8.2,5.8,1.0,1.5,6.3,12.8,1.4,1.1,2.5,0.133,-0.2,0.4,0.2,0.5,0.0,2013
324,Kendrick Perkins,25.1,1.8,4.0,0.457,0.0,0.0,0.0,1.8,4.0,0.458,0.457,0.6,0.9,0.611,1.4,4.6,6.0,1.4,0.6,1.1,1.4,2.9,4.2,0.0,0.0,1210.0,0.0,0.0,0.0,0.0,0.0,0.0,0.0,0.0,0.0,0.0,0.0,0.0,0.0,78.0,78.0,1954.0,143.0,313.0,0.457,0.0,1.0,0.0,143.0,312.0,0.458,0.457,44.0,72.0,0.611,110.0,356.0,466.0,111.0,43.0,83.0,109.0,227.0,330.0,0.0,8.2,0.479,0.003,0.23,7.0,19.5,13.7,7.9,1.1,3.2,24.0,10.6,-0.5,3.0,2.5,0.062,-3.2,1.4,-1.8,0.1,0.0,2013
325,Shavlik Randolph,12.4,1.8,3.0,0.583,0.0,0.0,0.0,1.8,3.0,0.583,0.583,0.7,1.7,0.407,1.8,2.6,4.4,0.3,0.5,0.4,0.6,2.4,4.2,0.0,0.0,1210.0,0.0,0.0,0.0,0.0,0.0,0.0,0.0,0.0,0.0,0.0,0.0,0.0,0.0,16.0,0.0,198.0,28.0,48.0,0.583,0.0,0.0,0.0,28.0,48.0,0.583,0.583,11.0,27.0,0.407,28.0,42.0,70.0,4.0,8.0,7.0,10.0,38.0,67.0,0.0,15.9,0.559,0.0,0.563,17.2,24.3,20.9,3.3,2.1,2.8,14.3,16.7,0.3,0.4,0.7,0.159,-2.7,-0.8,-3.5,-0.1,0.0,2013
326,Chris Wilcox,13.6,1.8,2.5,0.719,0.0,0.0,0.0,1.8,2.5,0.724,0.719,0.6,1.0,0.672,0.9,2.0,3.0,0.4,0.5,0.5,0.6,2.0,4.2,0.0,0.0,1210.0,0.0,0.0,0.0,0.0,0.0,0.0,0.0,0.0,0.0,0.0,0.0,0.0,0.0,61.0,7.0,830.0,110.0,153.0,0.719,0.0,1.0,0.0,110.0,152.0,0.724,0.719,39.0,58.0,0.672,55.0,125.0,180.0,22.0,32.0,28.0,34.0,125.0,259.0,0.0,15.3,0.725,0.007,0.379,8.1,17.3,12.8,4.2,2.0,2.7,16.0,12.1,1.8,1.3,3.1,0.181,-1.5,1.5,0.0,0.4,0.0,2013
327,Kyle O'Quinn,11.2,1.8,3.5,0.513,0.0,0.0,0.0,1.8,3.4,0.515,0.513,0.5,0.8,0.667,1.1,2.5,3.7,0.9,0.2,0.5,0.6,1.9,4.1,0.0,0.0,1210.0,0.0,0.0,0.0,0.0,0.0,0.0,0.0,0.0,0.0,0.0,0.0,0.0,0.0,57.0,5.0,638.0,101.0,197.0,0.513,0.0,1.0,0.0,101.0,196.0,0.515,0.513,30.0,45.0,0.667,65.0,144.0,209.0,52.0,11.0,26.0,37.0,107.0,232.0,0.0,15.8,0.535,0.005,0.228,11.5,25.5,18.5,13.1,0.9,3.1,14.6,18.1,0.7,0.7,1.4,0.107,-1.9,0.3,-1.6,0.1,0.0,2013
328,Chris Singleton,16.2,1.6,4.2,0.382,0.1,0.6,0.194,1.5,3.6,0.415,0.396,0.7,1.2,0.571,0.9,2.3,3.2,0.6,0.7,0.4,0.8,2.2,4.1,0.0,0.0,1210.0,0.0,0.0,0.0,0.0,0.0,0.0,0.0,0.0,0.0,0.0,0.0,0.0,0.0,57.0,11.0,924.0,92.0,241.0,0.382,7.0,36.0,0.194,85.0,205.0,0.415,0.396,40.0,70.0,0.571,51.0,133.0,184.0,37.0,38.0,24.0,45.0,124.0,231.0,0.0,7.8,0.425,0.149,0.29,6.1,16.1,11.0,6.3,2.1,2.1,14.2,15.7,-1.0,1.5,0.5,0.028,-5.6,1.3,-4.3,-0.6,0.0,2013
329,Anthony Tolliver,15.5,1.3,3.5,0.38,0.7,2.1,0.338,0.6,1.3,0.446,0.484,0.7,0.8,0.863,0.5,2.0,2.5,0.5,0.2,0.2,0.6,1.1,4.1,0.0,0.0,1210.0,0.0,0.0,0.0,0.0,0.0,0.0,0.0,0.0,0.0,0.0,0.0,0.0,0.0,62.0,11.0,963.0,82.0,216.0,0.38,45.0,133.0,0.338,37.0,83.0,0.446,0.484,44.0,51.0,0.863,31.0,124.0,155.0,32.0,15.0,12.0,36.0,66.0,253.0,0.0,8.4,0.531,0.616,0.236,3.7,14.5,9.2,4.8,0.8,1.0,13.1,13.2,0.3,0.9,1.2,0.059,-2.5,-0.5,-3.1,-0.3,0.0,2013
330,Anthony Morrow,9.3,1.6,3.5,0.441,0.4,1.0,0.372,1.2,2.5,0.471,0.497,0.5,0.5,0.909,0.3,0.5,0.7,0.3,0.3,0.0,0.2,1.0,4.0,0.0,0.0,1210.0,0.0,0.0,0.0,0.0,0.0,0.0,0.0,0.0,0.0,0.0,0.0,0.0,0.0,41.0,1.0,383.0,64.0,145.0,0.441,16.0,43.0,0.372,48.0,102.0,0.471,0.497,20.0,22.0,0.909,11.0,19.0,30.0,13.0,13.0,1.0,8.0,43.0,164.0,0.0,12.0,0.53,0.297,0.152,3.3,5.6,4.5,5.6,1.8,0.2,4.9,19.6,0.4,0.3,0.7,0.084,-1.9,0.0,-1.8,0.0,0.0,2013
331,Quincy Acy,11.8,1.4,2.6,0.56,0.0,0.1,0.5,1.4,2.5,0.562,0.567,1.1,1.3,0.816,1.0,1.6,2.7,0.4,0.4,0.5,0.6,1.8,4.0,0.0,0.0,1210.0,0.0,0.0,0.0,0.0,0.0,0.0,0.0,0.0,0.0,0.0,0.0,0.0,0.0,29.0,0.0,342.0,42.0,75.0,0.56,1.0,2.0,0.5,41.0,73.0,0.562,0.567,31.0,38.0,0.816,30.0,47.0,77.0,11.0,13.0,15.0,17.0,53.0,116.0,0.0,15.9,0.632,0.027,0.507,10.3,16.6,13.4,5.2,2.0,3.5,15.6,14.7,0.7,0.4,1.1,0.157,-1.0,1.0,0.1,0.2,0.0,2013
332,Jeff Adrien,13.7,1.4,3.2,0.429,0.0,0.0,0.0,1.4,3.2,0.434,0.429,1.3,1.9,0.65,1.3,2.5,3.8,0.7,0.3,0.5,0.6,1.5,4.0,0.0,0.0,1210.0,0.0,0.0,0.0,0.0,0.0,0.0,0.0,0.0,0.0,0.0,0.0,0.0,0.0,52.0,5.0,713.0,72.0,168.0,0.429,0.0,2.0,0.0,72.0,166.0,0.434,0.429,65.0,100.0,0.65,68.0,128.0,196.0,36.0,18.0,27.0,32.0,80.0,209.0,0.0,13.4,0.493,0.012,0.595,10.6,21.2,15.7,8.3,1.3,3.1,13.1,15.6,0.5,0.4,1.0,0.064,-2.1,-0.9,-3.0,-0.2,0.0,2013
333,Will Barton,12.2,1.6,4.2,0.382,0.1,0.9,0.138,1.5,3.3,0.447,0.396,0.7,0.9,0.769,0.5,1.5,2.0,0.8,0.5,0.1,0.8,0.8,4.0,0.0,0.0,1210.0,0.0,0.0,0.0,0.0,0.0,0.0,0.0,0.0,0.0,0.0,0.0,0.0,0.0,73.0,5.0,894.0,118.0,309.0,0.382,9.0,65.0,0.138,109.0,244.0,0.447,0.396,50.0,65.0,0.769,36.0,109.0,145.0,58.0,34.0,9.0,60.0,56.0,295.0,0.0,9.1,0.437,0.21,0.21,4.6,14.3,9.4,10.4,2.0,0.8,15.1,20.4,-1.1,0.6,-0.5,-0.028,-4.0,-0.6,-4.6,-0.6,0.0,2013
334,Rodrigue Beaubois,12.2,1.4,3.9,0.369,0.5,1.6,0.292,1.0,2.3,0.423,0.429,0.7,0.8,0.789,0.2,1.1,1.3,1.9,0.4,0.1,0.7,1.2,4.0,0.0,0.0,1210.0,0.0,0.0,0.0,0.0,0.0,0.0,0.0,0.0,0.0,0.0,0.0,0.0,0.0,45.0,0.0,549.0,65.0,176.0,0.369,21.0,72.0,0.292,44.0,104.0,0.423,0.429,30.0,38.0,0.789,9.0,48.0,57.0,84.0,19.0,4.0,33.0,54.0,181.0,0.0,10.6,0.47,0.409,0.216,1.9,9.6,5.8,22.6,1.8,0.6,14.6,18.7,0.0,0.4,0.4,0.032,-2.3,-0.3,-2.6,-0.1,0.0,2013
335,Omri Casspi,11.7,1.5,3.7,0.394,0.6,1.8,0.329,0.9,2.0,0.452,0.472,0.5,1.0,0.537,0.5,2.2,2.7,0.7,0.6,0.3,0.5,1.0,4.0,0.0,0.0,1210.0,0.0,0.0,0.0,0.0,0.0,0.0,0.0,0.0,0.0,0.0,0.0,0.0,0.0,43.0,1.0,503.0,63.0,160.0,0.394,25.0,76.0,0.329,38.0,84.0,0.452,0.472,22.0,41.0,0.537,20.0,94.0,114.0,28.0,25.0,12.0,22.0,45.0,173.0,0.0,12.9,0.486,0.475,0.256,4.4,22.7,13.1,8.8,2.6,1.9,11.0,17.7,0.1,0.6,0.7,0.064,-0.8,0.7,-0.1,0.2,0.0,2013
336,Orlando Johnson,12.1,1.4,3.5,0.4,0.7,1.8,0.383,0.7,1.7,0.419,0.5,0.5,0.6,0.719,0.4,1.8,2.2,0.9,0.2,0.2,0.6,1.0,4.0,0.0,0.0,1210.0,0.0,0.0,0.0,0.0,0.0,0.0,0.0,0.0,0.0,0.0,0.0,0.0,0.0,51.0,0.0,619.0,72.0,180.0,0.4,36.0,94.0,0.383,36.0,86.0,0.419,0.5,23.0,32.0,0.719,20.0,90.0,110.0,47.0,11.0,9.0,29.0,51.0,203.0,0.0,11.4,0.523,0.522,0.178,3.7,15.9,9.9,12.5,0.9,1.1,13.0,16.4,0.5,1.0,1.5,0.115,-0.5,0.7,0.2,0.3,0.0,2013
337,Dominique Jones,11.7,1.4,3.8,0.367,0.0,0.3,0.111,1.3,3.4,0.39,0.372,1.2,1.8,0.66,0.6,0.9,1.6,2.9,0.5,0.1,1.3,1.0,4.0,0.0,0.0,1210.0,0.0,0.0,0.0,0.0,0.0,0.0,0.0,0.0,0.0,0.0,0.0,0.0,0.0,29.0,3.0,338.0,40.0,109.0,0.367,1.0,9.0,0.111,39.0,100.0,0.39,0.372,35.0,53.0,0.66,18.0,27.0,45.0,83.0,14.0,2.0,38.0,29.0,116.0,0.0,12.4,0.438,0.083,0.486,6.0,8.7,7.4,36.2,2.1,0.5,22.3,23.0,-0.2,0.2,0.0,0.001,-1.7,-1.8,-3.4,-0.1,0.0,2013
338,Darius Morris,14.2,1.5,3.9,0.388,0.5,1.4,0.364,1.0,2.5,0.402,0.452,0.5,0.8,0.649,0.5,0.7,1.2,1.6,0.4,0.0,0.9,1.2,4.0,0.0,0.0,1210.0,0.0,0.0,0.0,0.0,0.0,0.0,0.0,0.0,0.0,0.0,0.0,0.0,0.0,48.0,17.0,683.0,73.0,188.0,0.388,24.0,66.0,0.364,49.0,122.0,0.402,0.452,24.0,37.0,0.649,24.0,33.0,57.0,76.0,21.0,2.0,45.0,58.0,194.0,0.0,8.1,0.475,0.351,0.197,4.0,5.2,4.6,16.8,1.6,0.2,18.1,16.2,-0.1,0.3,0.2,0.016,-3.3,-0.9,-4.2,-0.4,0.0,2013
339,Lamar Odom,19.7,1.8,4.5,0.399,0.2,1.1,0.2,1.6,3.4,0.464,0.423,0.2,0.5,0.476,1.4,4.4,5.9,1.7,0.8,0.7,1.0,2.6,4.0,0.0,0.0,1210.0,0.0,0.0,0.0,0.0,0.0,0.0,0.0,0.0,0.0,0.0,0.0,0.0,0.0,82.0,2.0,1616.0,146.0,366.0,0.399,18.0,90.0,0.2,128.0,276.0,0.464,0.423,20.0,42.0,0.476,117.0,363.0,480.0,142.0,69.0,58.0,86.0,214.0,330.0,0.0,10.9,0.429,0.246,0.115,8.8,26.3,17.7,12.4,2.2,3.0,18.3,13.3,-0.3,3.0,2.7,0.081,-2.8,2.1,-0.7,0.6,0.0,2013
340,Greg Stiemsma,15.9,1.7,3.7,0.457,0.0,0.0,0.0,1.7,3.7,0.457,0.457,0.7,0.9,0.768,0.8,2.6,3.4,0.4,0.6,1.2,0.8,2.4,4.0,0.0,0.0,1210.0,0.0,0.0,0.0,0.0,0.0,0.0,0.0,0.0,0.0,0.0,0.0,0.0,0.0,76.0,19.0,1209.0,127.0,278.0,0.457,0.0,0.0,0.0,127.0,278.0,0.457,0.457,53.0,69.0,0.768,61.0,200.0,261.0,30.0,44.0,90.0,59.0,184.0,307.0,0.0,10.5,0.498,0.0,0.248,5.6,19.5,12.3,3.9,1.9,5.8,16.1,13.6,-0.3,2.0,1.7,0.069,-5.1,2.3,-2.8,-0.3,0.0,2013
341,Jeff Ayres,10.0,1.6,3.4,0.484,0.1,0.1,0.5,1.6,3.3,0.484,0.492,0.6,0.6,0.913,0.8,2.0,2.8,0.4,0.2,0.3,0.6,1.2,3.9,0.0,0.0,1210.0,0.0,0.0,0.0,0.0,0.0,0.0,0.0,0.0,0.0,0.0,0.0,0.0,0.0,37.0,0.0,369.0,61.0,126.0,0.484,2.0,4.0,0.5,59.0,122.0,0.484,0.492,21.0,23.0,0.913,29.0,75.0,104.0,15.0,6.0,12.0,23.0,44.0,145.0,0.0,14.5,0.533,0.032,0.183,8.9,22.2,15.7,7.2,0.9,2.4,14.5,19.7,0.3,0.7,1.0,0.129,-1.9,0.9,-1.0,0.1,0.0,2013
342,Luke Babbitt,11.8,1.4,3.8,0.368,1.0,2.9,0.348,0.4,0.9,0.429,0.5,0.2,0.2,0.769,0.2,2.0,2.2,0.5,0.2,0.1,0.4,1.3,3.9,0.0,0.0,1210.0,0.0,0.0,0.0,0.0,0.0,0.0,0.0,0.0,0.0,0.0,0.0,0.0,0.0,62.0,0.0,730.0,86.0,234.0,0.368,62.0,178.0,0.348,24.0,56.0,0.429,0.5,10.0,13.0,0.769,15.0,122.0,137.0,29.0,14.0,5.0,22.0,82.0,244.0,0.0,9.4,0.509,0.761,0.056,2.4,19.7,10.9,6.2,1.0,0.5,8.4,16.4,0.3,0.4,0.7,0.047,-1.7,-0.7,-2.4,-0.1,0.0,2013
343,Udonis Haslem,18.9,1.7,3.3,0.514,0.0,0.0,0.0,1.7,3.3,0.514,0.514,0.4,0.6,0.711,1.3,4.1,5.4,0.5,0.4,0.2,0.6,2.3,3.9,0.0,0.0,1210.0,0.0,0.0,0.0,0.0,0.0,0.0,0.0,0.0,0.0,0.0,0.0,0.0,0.0,75.0,59.0,1414.0,129.0,251.0,0.514,0.0,0.0,0.0,129.0,251.0,0.514,0.514,32.0,45.0,0.711,97.0,307.0,404.0,38.0,30.0,15.0,45.0,173.0,290.0,0.0,9.9,0.535,0.0,0.179,9.0,25.3,17.6,3.8,1.1,0.9,14.2,10.7,1.2,2.0,3.2,0.108,-2.6,-0.5,-3.2,-0.4,0.0,2013
344,Xavier Henry,12.5,1.3,3.2,0.41,0.1,0.2,0.364,1.2,3.0,0.413,0.422,1.2,1.8,0.63,0.4,1.4,1.8,0.3,0.3,0.1,0.6,1.4,3.9,0.0,0.0,1210.0,0.0,0.0,0.0,0.0,0.0,0.0,0.0,0.0,0.0,0.0,0.0,0.0,0.0,50.0,2.0,625.0,66.0,161.0,0.41,4.0,11.0,0.364,62.0,150.0,0.413,0.422,58.0,92.0,0.63,21.0,69.0,90.0,13.0,16.0,5.0,31.0,72.0,194.0,0.0,7.6,0.481,0.068,0.571,3.9,13.4,8.6,3.2,1.4,0.7,13.3,17.3,-0.2,0.2,0.0,0.002,-4.6,-1.2,-5.7,-0.6,0.0,2013
345,Chris Johnson,9.5,1.6,2.5,0.64,0.0,0.0,0.0,1.6,2.5,0.64,0.64,0.7,1.1,0.618,0.7,1.3,2.0,0.3,0.2,0.9,0.4,1.6,3.9,0.0,0.0,1210.0,0.0,0.0,0.0,0.0,0.0,0.0,0.0,0.0,0.0,0.0,0.0,0.0,0.0,30.0,0.0,284.0,48.0,75.0,0.64,0.0,0.0,0.0,48.0,75.0,0.64,0.64,21.0,34.0,0.618,20.0,40.0,60.0,8.0,7.0,28.0,13.0,49.0,117.0,0.0,18.4,0.65,0.0,0.453,7.8,16.6,12.1,4.9,1.3,7.6,12.6,16.2,0.6,0.4,1.0,0.176,-1.2,2.8,1.6,0.3,0.0,2013
346,James Anderson,10.3,1.3,3.2,0.413,0.5,1.5,0.35,0.8,1.7,0.47,0.496,0.6,0.7,0.857,0.5,1.4,1.8,1.1,0.4,0.1,0.6,0.6,3.8,0.0,0.0,1210.0,0.0,0.0,0.0,0.0,0.0,0.0,0.0,0.0,0.0,0.0,0.0,0.0,0.0,39.0,2.0,401.0,52.0,126.0,0.413,21.0,60.0,0.35,31.0,66.0,0.47,0.496,24.0,28.0,0.857,18.0,54.0,72.0,42.0,15.0,5.0,25.0,25.0,149.0,0.0,13.9,0.539,0.476,0.222,5.2,15.0,10.2,15.8,1.9,0.9,15.3,18.0,0.4,0.4,0.9,0.106,0.5,0.5,1.0,0.3,0.0,2013
347,Victor Claver,16.6,1.5,3.9,0.392,0.5,1.8,0.287,1.0,2.1,0.48,0.458,0.3,0.6,0.467,0.6,1.8,2.4,0.9,0.5,0.2,0.9,1.5,3.8,0.0,0.0,1210.0,0.0,0.0,0.0,0.0,0.0,0.0,0.0,0.0,0.0,0.0,0.0,0.0,0.0,49.0,16.0,812.0,74.0,189.0,0.392,25.0,87.0,0.287,49.0,102.0,0.48,0.458,14.0,30.0,0.467,31.0,88.0,119.0,43.0,26.0,12.0,43.0,75.0,187.0,0.0,7.0,0.462,0.46,0.159,4.4,12.8,8.5,7.9,1.7,1.1,17.5,13.9,-0.6,0.5,-0.1,-0.005,-3.6,0.0,-3.7,-0.3,0.0,2013
348,Nando De Colo,12.8,1.5,3.3,0.436,0.4,1.1,0.378,1.0,2.2,0.465,0.5,0.5,0.6,0.795,0.3,1.6,1.9,1.9,0.6,0.1,1.1,1.2,3.8,0.0,0.0,1210.0,0.0,0.0,0.0,0.0,0.0,0.0,0.0,0.0,0.0,0.0,0.0,0.0,0.0,72.0,6.0,920.0,105.0,241.0,0.436,31.0,82.0,0.378,74.0,159.0,0.465,0.5,35.0,44.0,0.795,23.0,115.0,138.0,138.0,41.0,6.0,81.0,87.0,276.0,0.0,11.1,0.53,0.34,0.183,3.1,13.7,8.7,21.6,2.3,0.5,23.7,17.1,0.0,1.4,1.3,0.07,-2.4,1.2,-1.2,0.2,0.0,2013
349,Gustavo Ayón,13.3,1.7,3.0,0.551,0.0,0.0,0.0,1.7,3.0,0.551,0.551,0.4,0.9,0.4,1.1,2.5,3.6,1.3,0.4,0.3,0.9,1.9,3.7,0.0,0.0,1210.0,0.0,0.0,0.0,0.0,0.0,0.0,0.0,0.0,0.0,0.0,0.0,0.0,0.0,55.0,3.0,734.0,92.0,167.0,0.551,0.0,0.0,0.0,92.0,167.0,0.551,0.551,20.0,50.0,0.4,60.0,139.0,199.0,71.0,22.0,17.0,47.0,107.0,204.0,0.0,12.8,0.54,0.0,0.299,9.0,21.3,15.1,14.7,1.5,1.8,19.9,14.5,0.4,0.8,1.2,0.077,-3.0,1.3,-1.7,0.1,0.0,2013
350,DeQuan Jones,12.7,1.5,3.5,0.436,0.1,0.6,0.257,1.4,2.9,0.47,0.456,0.5,0.8,0.667,0.3,1.4,1.7,0.3,0.3,0.3,0.5,0.9,3.7,0.0,0.0,1210.0,0.0,0.0,0.0,0.0,0.0,0.0,0.0,0.0,0.0,0.0,0.0,0.0,0.0,63.0,17.0,803.0,95.0,218.0,0.436,9.0,35.0,0.257,86.0,183.0,0.47,0.456,34.0,51.0,0.667,17.0,88.0,105.0,16.0,19.0,22.0,30.0,55.0,233.0,0.0,8.4,0.485,0.161,0.234,2.4,12.4,7.4,3.0,1.2,2.1,11.1,15.3,-0.3,0.4,0.1,0.007,-3.8,-0.8,-4.5,-0.5,0.0,2013
351,Arnett Moultrie,11.5,1.7,2.9,0.582,0.0,0.0,0.0,1.7,2.9,0.582,0.582,0.4,0.6,0.643,1.6,1.5,3.1,0.2,0.4,0.2,0.4,0.9,3.7,0.0,0.0,1210.0,0.0,0.0,0.0,0.0,0.0,0.0,0.0,0.0,0.0,0.0,0.0,0.0,0.0,47.0,0.0,542.0,78.0,134.0,0.582,0.0,0.0,0.0,78.0,134.0,0.582,0.582,18.0,28.0,0.643,76.0,69.0,145.0,10.0,17.0,10.0,19.0,43.0,174.0,0.0,16.7,0.595,0.0,0.209,15.4,14.8,15.1,2.9,1.7,1.4,11.5,14.1,1.1,0.6,1.7,0.149,0.0,-1.2,-1.2,0.1,0.0,2013
352,Anthony Randolph,8.4,1.4,2.9,0.491,0.0,0.2,0.0,1.4,2.7,0.528,0.491,0.8,1.2,0.689,0.7,1.7,2.4,0.3,0.5,0.5,0.9,1.1,3.7,0.0,0.0,1210.0,0.0,0.0,0.0,0.0,0.0,0.0,0.0,0.0,0.0,0.0,0.0,0.0,0.0,39.0,0.0,329.0,56.0,114.0,0.491,0.0,8.0,0.0,56.0,106.0,0.528,0.491,31.0,45.0,0.689,29.0,66.0,95.0,12.0,19.0,21.0,37.0,41.0,143.0,0.0,15.6,0.534,0.07,0.395,10.1,22.1,16.2,5.5,2.9,5.0,21.7,22.5,-0.1,0.6,0.5,0.073,-3.6,0.7,-2.9,-0.1,0.0,2013
353,Reggie Williams,9.5,1.4,3.3,0.432,0.6,1.8,0.306,0.9,1.5,0.583,0.515,0.3,0.5,0.476,0.2,1.1,1.3,1.0,0.3,0.0,0.5,0.5,3.7,0.0,0.0,1210.0,0.0,0.0,0.0,0.0,0.0,0.0,0.0,0.0,0.0,0.0,0.0,0.0,0.0,40.0,0.0,380.0,57.0,132.0,0.432,22.0,72.0,0.306,35.0,60.0,0.583,0.515,10.0,21.0,0.476,8.0,43.0,51.0,39.0,12.0,1.0,19.0,19.0,146.0,0.0,13.2,0.517,0.545,0.159,2.3,13.3,7.7,18.2,1.7,0.2,11.9,19.2,0.2,0.1,0.3,0.035,0.2,-1.6,-1.4,0.1,0.0,2013
354,Donald Sloan,11.4,1.2,3.4,0.346,0.3,0.8,0.368,0.9,2.6,0.339,0.391,0.9,1.1,0.8,0.1,1.1,1.2,1.7,0.2,0.0,0.6,0.7,3.5,0.0,0.0,1210.0,0.0,0.0,0.0,0.0,0.0,0.0,0.0,0.0,0.0,0.0,0.0,0.0,0.0,23.0,0.0,263.0,27.0,78.0,0.346,7.0,19.0,0.368,20.0,59.0,0.339,0.391,20.0,25.0,0.8,3.0,25.0,28.0,38.0,5.0,0.0,14.0,17.0,81.0,0.0,9.6,0.455,0.244,0.321,1.3,11.5,6.2,22.0,1.0,0.0,13.6,17.5,0.0,0.0,0.1,0.017,-1.8,-1.2,-3.0,-0.1,0.0,2013
355,Brendan Haywood,19.0,1.5,3.5,0.431,0.0,0.0,0.0,1.5,3.5,0.433,0.431,0.5,1.1,0.455,2.0,2.7,4.8,0.5,0.3,0.8,0.8,2.0,3.5,0.0,0.0,1210.0,0.0,0.0,0.0,0.0,0.0,0.0,0.0,0.0,0.0,0.0,0.0,0.0,0.0,61.0,17.0,1162.0,93.0,216.0,0.431,0.0,1.0,0.0,93.0,215.0,0.433,0.431,30.0,66.0,0.455,125.0,165.0,290.0,29.0,16.0,49.0,50.0,125.0,216.0,0.0,8.7,0.441,0.005,0.306,12.0,16.7,14.3,3.9,0.7,3.4,16.9,11.5,-0.2,0.4,0.1,0.006,-4.2,-1.8,-6.0,-1.2,0.0,2013
356,Johan Petro,11.4,1.5,3.5,0.436,0.0,0.1,0.25,1.5,3.4,0.443,0.441,0.4,0.4,0.917,1.1,2.5,3.6,0.5,0.3,0.3,0.8,1.5,3.5,0.0,0.0,1210.0,0.0,0.0,0.0,0.0,0.0,0.0,0.0,0.0,0.0,0.0,0.0,0.0,0.0,31.0,8.0,352.0,48.0,110.0,0.436,1.0,4.0,0.25,47.0,106.0,0.443,0.441,11.0,12.0,0.917,33.0,79.0,112.0,16.0,10.0,9.0,24.0,48.0,108.0,0.0,11.0,0.468,0.036,0.109,10.9,25.3,18.2,7.1,1.5,2.0,17.2,18.3,-0.2,0.6,0.4,0.048,-4.8,-0.3,-5.0,-0.3,0.0,2013
357,Pablo Prigioni,16.2,1.3,2.8,0.455,0.7,1.7,0.396,0.6,1.1,0.547,0.575,0.3,0.3,0.88,0.5,1.3,1.8,3.0,0.9,0.0,1.1,1.6,3.5,0.0,0.0,1210.0,0.0,0.0,0.0,0.0,0.0,0.0,0.0,0.0,0.0,0.0,0.0,0.0,0.0,78.0,18.0,1263.0,100.0,220.0,0.455,53.0,134.0,0.396,47.0,86.0,0.547,0.575,22.0,25.0,0.88,41.0,102.0,143.0,236.0,69.0,2.0,86.0,127.0,275.0,0.0,13.0,0.595,0.609,0.114,3.7,9.8,6.6,27.5,2.9,0.1,27.1,11.7,2.0,1.3,3.2,0.123,-0.8,0.9,0.1,0.7,0.0,2013
358,Mirza Teletović,9.4,1.3,3.5,0.384,0.7,2.0,0.343,0.6,1.5,0.442,0.484,0.2,0.2,0.818,0.6,1.2,1.8,0.4,0.2,0.2,0.4,1.0,3.5,0.0,0.0,1210.0,0.0,0.0,0.0,0.0,0.0,0.0,0.0,0.0,0.0,0.0,0.0,0.0,0.0,53.0,0.0,499.0,71.0,185.0,0.384,37.0,108.0,0.343,34.0,77.0,0.442,0.484,9.0,11.0,0.818,33.0,62.0,95.0,23.0,13.0,8.0,20.0,53.0,188.0,0.0,12.3,0.495,0.584,0.059,7.8,14.8,11.2,7.7,1.4,1.2,9.5,19.4,0.5,0.5,0.9,0.087,-0.3,-1.0,-1.3,0.1,0.0,2013
359,Jamaal Tinsley,18.5,1.3,3.5,0.368,0.6,1.9,0.307,0.7,1.6,0.439,0.451,0.3,0.4,0.692,0.3,1.5,1.7,4.4,1.0,0.2,1.6,1.6,3.5,0.0,0.0,1210.0,0.0,0.0,0.0,0.0,0.0,0.0,0.0,0.0,0.0,0.0,0.0,0.0,0.0,66.0,32.0,1221.0,86.0,234.0,0.368,39.0,127.0,0.307,47.0,107.0,0.439,0.451,18.0,26.0,0.692,17.0,98.0,115.0,290.0,64.0,14.0,106.0,106.0,229.0,0.0,10.6,0.467,0.543,0.111,1.6,9.5,5.5,34.1,2.8,0.9,30.2,13.1,-0.2,1.0,0.9,0.035,-1.8,0.3,-1.5,0.2,0.0,2013
360,Dahntay Jones,13.0,1.1,2.8,0.369,0.1,0.6,0.224,0.9,2.2,0.41,0.394,1.1,1.4,0.77,0.3,1.0,1.3,0.6,0.3,0.1,0.5,1.5,3.4,0.0,0.0,1210.0,0.0,0.0,0.0,0.0,0.0,0.0,0.0,0.0,0.0,0.0,0.0,0.0,0.0,78.0,19.0,1016.0,82.0,222.0,0.369,11.0,49.0,0.224,71.0,173.0,0.41,0.394,87.0,113.0,0.77,24.0,77.0,101.0,48.0,22.0,6.0,38.0,119.0,262.0,0.0,6.4,0.482,0.221,0.509,2.7,8.4,5.6,6.7,1.1,0.5,12.3,14.0,0.0,0.6,0.6,0.026,-4.9,-0.6,-5.5,-0.9,0.0,2013
361,Devin Ebanks,10.4,1.3,3.8,0.329,0.3,1.2,0.273,0.9,2.7,0.353,0.37,0.6,0.7,0.786,0.5,1.6,2.2,0.5,0.2,0.1,0.6,1.2,3.4,0.0,0.0,1210.0,0.0,0.0,0.0,0.0,0.0,0.0,0.0,0.0,0.0,0.0,0.0,0.0,0.0,19.0,3.0,197.0,24.0,73.0,0.329,6.0,22.0,0.273,18.0,51.0,0.353,0.37,11.0,14.0,0.786,10.0,31.0,41.0,10.0,3.0,1.0,11.0,23.0,65.0,0.0,6.3,0.411,0.301,0.192,5.7,16.9,11.5,7.8,0.8,0.4,12.2,20.4,-0.2,0.1,-0.1,-0.025,-5.3,-2.5,-7.7,-0.3,0.0,2013
362,Ryan Hollins,11.1,1.2,1.9,0.614,0.0,0.0,0.0,1.2,1.9,0.614,0.614,1.1,1.5,0.75,0.8,1.5,2.3,0.2,0.1,0.6,0.7,2.2,3.4,0.0,0.0,1210.0,0.0,0.0,0.0,0.0,0.0,0.0,0.0,0.0,0.0,0.0,0.0,0.0,0.0,60.0,0.0,663.0,70.0,114.0,0.614,0.0,0.0,0.0,70.0,114.0,0.614,0.614,66.0,88.0,0.75,50.0,89.0,139.0,11.0,6.0,34.0,44.0,133.0,206.0,0.0,11.3,0.674,0.0,0.772,9.1,15.7,12.5,2.4,0.5,4.3,22.4,13.6,1.0,0.8,1.7,0.125,-4.0,0.2,-3.9,-0.3,0.0,2013
363,Luke Walton,17.1,1.4,3.6,0.392,0.4,1.3,0.299,1.0,2.3,0.447,0.448,0.2,0.4,0.5,0.8,2.1,2.9,3.3,0.8,0.3,1.2,2.0,3.4,0.0,0.0,1210.0,0.0,0.0,0.0,0.0,0.0,0.0,0.0,0.0,0.0,0.0,0.0,0.0,0.0,50.0,0.0,857.0,71.0,181.0,0.392,20.0,67.0,0.299,51.0,114.0,0.447,0.448,10.0,20.0,0.5,38.0,107.0,145.0,166.0,42.0,13.0,60.0,98.0,172.0,0.0,11.3,0.453,0.37,0.11,4.9,15.2,9.8,28.7,2.5,1.2,24.0,13.0,0.1,0.7,0.8,0.045,-1.9,0.9,-1.0,0.2,0.0,2013
364,Earl Barron,13.3,1.5,4.3,0.353,0.0,0.0,0.0,1.5,4.3,0.353,0.353,0.3,0.6,0.429,1.8,3.3,5.1,0.4,0.4,0.5,0.9,2.0,3.3,0.0,0.0,1210.0,0.0,0.0,0.0,0.0,0.0,0.0,0.0,0.0,0.0,0.0,0.0,0.0,0.0,12.0,2.0,159.0,18.0,51.0,0.353,0.0,0.0,0.0,18.0,51.0,0.353,0.353,3.0,7.0,0.429,22.0,39.0,61.0,5.0,5.0,6.0,11.0,24.0,39.0,0.0,8.9,0.361,0.0,0.137,15.4,28.1,21.6,5.0,1.6,3.0,16.9,18.8,-0.3,0.3,0.0,-0.003,-6.7,-1.2,-7.9,-0.2,0.0,2013
365,Doron Lamb,12.3,1.3,3.5,0.368,0.3,0.8,0.378,1.0,2.7,0.365,0.411,0.4,0.7,0.588,0.2,0.8,1.0,0.7,0.3,0.0,0.6,1.1,3.3,0.0,0.0,1210.0,0.0,0.0,0.0,0.0,0.0,0.0,0.0,0.0,0.0,0.0,0.0,0.0,0.0,47.0,0.0,577.0,60.0,163.0,0.368,14.0,37.0,0.378,46.0,126.0,0.365,0.411,20.0,34.0,0.588,8.0,38.0,46.0,32.0,13.0,0.0,26.0,52.0,154.0,0.0,4.8,0.433,0.227,0.209,1.5,7.4,4.4,8.2,1.2,0.0,12.7,15.7,-0.6,0.2,-0.4,-0.032,-5.6,-1.6,-7.3,-0.8,0.0,2013
366,Drew Gooden,9.4,1.3,3.8,0.328,0.1,0.3,0.2,1.2,3.5,0.339,0.336,0.7,1.0,0.688,0.8,1.1,1.9,0.4,0.3,0.4,0.6,1.3,3.3,0.0,0.0,1210.0,0.0,0.0,0.0,0.0,0.0,0.0,0.0,0.0,0.0,0.0,0.0,0.0,0.0,16.0,0.0,151.0,20.0,61.0,0.328,1.0,5.0,0.2,19.0,56.0,0.339,0.336,11.0,16.0,0.688,13.0,18.0,31.0,6.0,5.0,6.0,9.0,21.0,52.0,0.0,7.7,0.382,0.082,0.262,8.9,13.3,11.0,6.1,1.7,2.9,11.7,22.2,-0.3,0.2,-0.1,-0.034,-6.1,-0.6,-6.7,-0.2,0.0,2013
367,Grant Hill,15.1,1.3,3.4,0.388,0.1,0.4,0.273,1.2,3.0,0.402,0.403,0.5,0.8,0.583,0.2,1.5,1.7,0.9,0.4,0.2,0.9,1.3,3.2,0.0,0.0,1210.0,0.0,0.0,0.0,0.0,0.0,0.0,0.0,0.0,0.0,0.0,0.0,0.0,0.0,29.0,0.0,437.0,38.0,98.0,0.388,3.0,11.0,0.273,35.0,87.0,0.402,0.403,14.0,24.0,0.583,6.0,43.0,49.0,26.0,11.0,7.0,25.0,39.0,93.0,0.0,4.8,0.428,0.112,0.245,1.7,11.5,6.7,8.3,1.3,1.3,18.7,14.0,-0.5,0.4,-0.1,-0.014,-5.3,-0.3,-5.6,-0.4,0.0,2013
368,Royal Ivey,13.2,1.2,2.7,0.431,0.7,1.7,0.42,0.5,1.1,0.446,0.559,0.2,0.3,0.563,0.3,0.8,1.1,0.6,0.4,0.1,0.4,1.4,3.2,0.0,0.0,1210.0,0.0,0.0,0.0,0.0,0.0,0.0,0.0,0.0,0.0,0.0,0.0,0.0,0.0,53.0,5.0,698.0,62.0,144.0,0.431,37.0,88.0,0.42,25.0,56.0,0.446,0.559,9.0,16.0,0.563,16.0,41.0,57.0,32.0,23.0,3.0,20.0,73.0,170.0,0.0,8.1,0.563,0.611,0.111,2.5,6.8,4.6,6.7,1.7,0.3,11.7,11.3,0.5,0.5,1.0,0.066,-3.4,0.6,-2.8,-0.1,0.0,2013
369,Samardo Samuels,10.9,1.2,3.3,0.367,0.0,0.1,0.0,1.2,3.3,0.373,0.367,0.8,1.3,0.583,0.6,1.0,1.6,0.4,0.2,0.2,0.3,1.7,3.2,0.0,0.0,1210.0,0.0,0.0,0.0,0.0,0.0,0.0,0.0,0.0,0.0,0.0,0.0,0.0,0.0,18.0,1.0,196.0,22.0,60.0,0.367,0.0,1.0,0.0,22.0,59.0,0.373,0.367,14.0,24.0,0.583,10.0,18.0,28.0,8.0,3.0,3.0,6.0,30.0,58.0,0.0,6.2,0.411,0.017,0.4,5.6,11.2,8.3,6.3,0.8,1.2,7.8,17.4,-0.1,0.0,-0.1,-0.016,-4.6,-1.6,-6.2,-0.2,0.0,2013
370,Richard Jefferson,10.1,1.1,2.4,0.456,0.3,0.8,0.311,0.9,1.6,0.527,0.507,0.7,0.9,0.717,0.1,1.4,1.5,0.6,0.3,0.1,0.4,0.8,3.1,0.0,0.0,1210.0,0.0,0.0,0.0,0.0,0.0,0.0,0.0,0.0,0.0,0.0,0.0,0.0,0.0,56.0,1.0,568.0,62.0,136.0,0.456,14.0,45.0,0.311,48.0,91.0,0.527,0.507,38.0,53.0,0.717,5.0,79.0,84.0,31.0,14.0,7.0,23.0,45.0,176.0,0.0,10.3,0.552,0.331,0.39,1.0,14.9,8.1,8.0,1.3,1.0,12.6,14.4,0.4,0.6,1.0,0.081,-1.8,0.6,-1.3,0.1,0.0,2013
371,Viacheslav Kravtsov,9.0,1.3,1.8,0.717,0.0,0.0,0.0,1.3,1.8,0.717,0.717,0.4,1.5,0.297,1.0,0.8,1.8,0.4,0.2,0.4,0.6,1.3,3.1,0.0,0.0,1210.0,0.0,0.0,0.0,0.0,0.0,0.0,0.0,0.0,0.0,0.0,0.0,0.0,0.0,25.0,0.0,224.0,33.0,46.0,0.717,0.0,0.0,0.0,33.0,46.0,0.717,0.717,11.0,37.0,0.297,24.0,21.0,45.0,9.0,5.0,9.0,14.0,32.0,77.0,0.0,14.4,0.618,0.0,0.804,12.1,11.0,11.6,6.6,1.2,3.2,18.4,15.5,0.3,0.1,0.4,0.086,-1.4,-0.6,-2.0,0.0,0.0,2013
372,Jeremy Lamb,6.4,1.0,3.0,0.353,0.4,1.3,0.3,0.7,1.7,0.395,0.419,0.6,0.6,1.0,0.2,0.6,0.8,0.2,0.1,0.1,0.3,0.6,3.1,0.0,0.0,1210.0,0.0,0.0,0.0,0.0,0.0,0.0,0.0,0.0,0.0,0.0,0.0,0.0,0.0,23.0,0.0,147.0,24.0,68.0,0.353,9.0,30.0,0.3,15.0,38.0,0.395,0.419,14.0,14.0,1.0,5.0,13.0,18.0,5.0,2.0,2.0,6.0,13.0,71.0,0.0,11.2,0.479,0.441,0.206,4.2,9.4,7.0,5.4,0.7,1.0,7.5,24.8,0.1,0.1,0.2,0.058,-2.7,-2.7,-5.4,-0.1,0.0,2013
373,Ronnie Brewer,14.2,1.2,3.3,0.354,0.4,1.3,0.303,0.8,2.0,0.385,0.412,0.3,0.7,0.41,0.7,1.6,2.3,0.8,0.7,0.1,0.3,0.6,3.0,0.0,0.0,1210.0,0.0,0.0,0.0,0.0,0.0,0.0,0.0,0.0,0.0,0.0,0.0,0.0,0.0,60.0,34.0,853.0,70.0,198.0,0.354,23.0,76.0,0.303,47.0,122.0,0.385,0.412,16.0,39.0,0.41,42.0,98.0,140.0,50.0,43.0,6.0,18.0,33.0,179.0,0.0,10.0,0.416,0.384,0.197,5.7,13.5,9.6,8.6,2.7,0.6,7.7,12.7,0.1,1.0,1.1,0.06,-1.7,0.9,-0.7,0.3,0.0,2013
374,Juwan Howard,7.3,1.4,2.7,0.526,0.0,0.0,0.0,1.4,2.7,0.526,0.526,0.1,0.1,1.0,0.0,1.1,1.1,0.9,0.0,0.0,0.6,1.3,3.0,0.0,0.0,1210.0,0.0,0.0,0.0,0.0,0.0,0.0,0.0,0.0,0.0,0.0,0.0,0.0,0.0,7.0,2.0,51.0,10.0,19.0,0.526,0.0,0.0,0.0,10.0,19.0,0.526,0.526,1.0,1.0,1.0,0.0,8.0,8.0,6.0,0.0,0.0,4.0,9.0,21.0,0.0,9.9,0.54,0.0,0.053,0.0,18.3,9.7,19.8,0.0,0.0,17.1,22.0,0.0,0.0,0.0,0.039,-7.3,-2.0,-9.3,-0.1,0.0,2013
375,Kevin Jones,10.4,1.3,3.3,0.402,0.0,0.0,0.0,1.3,3.3,0.402,0.402,0.3,0.5,0.6,1.2,1.3,2.4,0.3,0.3,0.2,0.3,0.8,3.0,0.0,0.0,1210.0,0.0,0.0,0.0,0.0,0.0,0.0,0.0,0.0,0.0,0.0,0.0,0.0,0.0,32.0,0.0,334.0,43.0,107.0,0.402,0.0,0.0,0.0,43.0,107.0,0.402,0.402,9.0,15.0,0.6,38.0,40.0,78.0,10.0,9.0,5.0,8.0,25.0,95.0,0.0,11.1,0.418,0.0,0.14,12.6,14.5,13.5,4.8,1.4,1.2,6.6,16.2,0.1,0.2,0.2,0.032,-1.9,-2.2,-4.1,-0.2,0.0,2013
376,Kendall Marshall,14.6,1.2,3.1,0.371,0.5,1.5,0.315,0.7,1.6,0.423,0.447,0.2,0.3,0.571,0.1,0.8,0.9,3.0,0.5,0.1,1.2,1.0,3.0,0.0,0.0,1210.0,0.0,0.0,0.0,0.0,0.0,0.0,0.0,0.0,0.0,0.0,0.0,0.0,0.0,48.0,3.0,702.0,56.0,151.0,0.371,23.0,73.0,0.315,33.0,78.0,0.423,0.447,8.0,14.0,0.571,4.0,38.0,42.0,143.0,22.0,4.0,57.0,48.0,143.0,0.0,7.8,0.455,0.483,0.093,0.6,6.3,3.4,29.4,1.6,0.4,26.6,13.6,-0.4,0.2,-0.2,-0.012,-3.5,-1.7,-5.2,-0.6,0.0,2013
377,Chris Duhon,17.8,1.0,2.7,0.382,0.7,2.0,0.363,0.3,0.7,0.438,0.516,0.1,0.3,0.462,0.2,1.2,1.5,2.9,0.4,0.0,0.9,1.2,2.9,0.0,0.0,1210.0,0.0,0.0,0.0,0.0,0.0,0.0,0.0,0.0,0.0,0.0,0.0,0.0,0.0,46.0,9.0,820.0,47.0,123.0,0.382,33.0,91.0,0.363,14.0,32.0,0.438,0.516,6.0,13.0,0.462,11.0,57.0,68.0,133.0,20.0,1.0,40.0,56.0,133.0,0.0,8.0,0.517,0.74,0.106,1.5,7.5,4.6,22.8,1.2,0.1,23.7,9.2,0.6,0.4,1.0,0.056,-2.4,-0.5,-2.9,-0.2,0.0,2013
378,Kim English,9.9,1.0,2.7,0.375,0.3,1.2,0.28,0.7,1.5,0.452,0.438,0.5,0.7,0.724,0.2,0.7,0.9,0.6,0.4,0.1,0.5,1.1,2.9,0.0,0.0,1210.0,0.0,0.0,0.0,0.0,0.0,0.0,0.0,0.0,0.0,0.0,0.0,0.0,0.0,41.0,0.0,407.0,42.0,112.0,0.375,14.0,50.0,0.28,28.0,62.0,0.452,0.438,21.0,29.0,0.724,8.0,29.0,37.0,26.0,16.0,3.0,19.0,46.0,119.0,0.0,7.9,0.477,0.446,0.259,2.2,8.4,5.2,9.8,2.1,0.6,13.2,16.1,0.0,0.2,0.2,0.021,-4.0,-0.2,-4.2,-0.2,0.0,2013
379,Draymond Green,13.4,1.1,3.3,0.327,0.2,0.8,0.209,0.9,2.4,0.368,0.354,0.6,0.7,0.818,0.7,2.6,3.3,0.7,0.5,0.3,0.6,2.0,2.9,0.0,0.0,1210.0,0.0,0.0,0.0,0.0,0.0,0.0,0.0,0.0,0.0,0.0,0.0,0.0,0.0,79.0,1.0,1061.0,84.0,257.0,0.327,14.0,67.0,0.209,70.0,190.0,0.368,0.354,45.0,55.0,0.818,58.0,202.0,260.0,53.0,42.0,25.0,51.0,159.0,227.0,0.0,7.1,0.404,0.261,0.214,6.2,20.3,13.5,7.0,2.0,1.8,15.4,14.0,-0.9,1.6,0.6,0.028,-5.0,1.4,-3.6,-0.4,0.0,2013
380,Hedo Türkoğlu,17.2,1.3,4.8,0.264,0.1,2.2,0.042,1.2,2.6,0.448,0.274,0.3,0.5,0.5,0.4,2.0,2.4,2.1,0.6,0.1,1.1,1.0,2.9,0.0,0.0,1210.0,0.0,0.0,0.0,0.0,0.0,0.0,0.0,0.0,0.0,0.0,0.0,0.0,0.0,11.0,1.0,189.0,14.0,53.0,0.264,1.0,24.0,0.042,13.0,29.0,0.448,0.274,3.0,6.0,0.5,4.0,22.0,26.0,23.0,7.0,1.0,12.0,11.0,32.0,0.0,3.4,0.288,0.453,0.113,2.4,13.2,7.8,17.2,1.9,0.4,17.7,16.3,-0.6,0.1,-0.5,-0.116,-7.5,-0.7,-8.2,-0.3,0.0,2013
381,Hamed Haddadi,10.7,1.2,2.7,0.427,0.0,0.0,0.0,1.2,2.7,0.427,0.427,0.5,0.9,0.519,1.4,2.3,3.7,0.4,0.2,0.9,1.0,2.0,2.8,0.0,0.0,1210.0,0.0,0.0,0.0,0.0,0.0,0.0,0.0,0.0,0.0,0.0,0.0,0.0,0.0,30.0,0.0,322.0,35.0,82.0,0.427,0.0,0.0,0.0,35.0,82.0,0.427,0.427,14.0,27.0,0.519,43.0,68.0,111.0,12.0,6.0,27.0,31.0,60.0,84.0,0.0,10.2,0.447,0.0,0.329,15.0,24.7,19.8,5.7,1.0,6.4,24.8,17.4,-0.4,0.5,0.1,0.01,-6.5,0.4,-6.2,-0.3,0.0,2013
382,Daequan Cook,9.0,1.0,3.4,0.305,0.5,1.9,0.286,0.5,1.6,0.329,0.383,0.2,0.2,0.75,0.1,1.1,1.2,0.4,0.2,0.1,0.3,0.5,2.8,0.0,0.0,1210.0,0.0,0.0,0.0,0.0,0.0,0.0,0.0,0.0,0.0,0.0,0.0,0.0,0.0,49.0,1.0,441.0,51.0,167.0,0.305,26.0,91.0,0.286,25.0,76.0,0.329,0.383,9.0,12.0,0.75,7.0,54.0,61.0,19.0,8.0,7.0,15.0,26.0,137.0,0.0,5.8,0.398,0.545,0.072,1.8,14.1,7.9,6.7,0.9,1.2,8.0,19.2,-0.6,0.4,-0.2,-0.019,-3.5,-1.3,-4.8,-0.3,0.0,2013
383,Maalik Wayns,7.5,1.0,3.3,0.295,0.3,1.1,0.226,0.7,2.1,0.333,0.335,0.6,0.7,0.895,0.0,0.2,0.3,1.0,0.2,0.0,0.6,1.0,2.8,0.0,0.0,1210.0,0.0,0.0,0.0,0.0,0.0,0.0,0.0,0.0,0.0,0.0,0.0,0.0,0.0,27.0,1.0,202.0,26.0,88.0,0.295,7.0,31.0,0.226,19.0,57.0,0.333,0.335,17.0,19.0,0.895,1.0,6.0,7.0,27.0,6.0,0.0,15.0,26.0,76.0,0.0,5.0,0.394,0.352,0.216,0.5,3.5,2.0,20.7,1.6,0.0,13.5,25.4,-0.4,0.1,-0.3,-0.079,-7.0,-3.0,-9.9,-0.4,0.0,2013
384,Chris Douglas-Roberts,10.5,0.8,2.3,0.357,0.0,0.7,0.0,0.8,1.7,0.5,0.357,1.2,1.7,0.7,0.0,0.8,0.8,0.7,0.3,0.0,0.2,0.7,2.8,0.0,0.0,1210.0,0.0,0.0,0.0,0.0,0.0,0.0,0.0,0.0,0.0,0.0,0.0,0.0,0.0,6.0,0.0,63.0,5.0,14.0,0.357,0.0,4.0,0.0,5.0,10.0,0.5,0.357,7.0,10.0,0.7,0.0,5.0,5.0,4.0,2.0,0.0,1.0,4.0,17.0,0.0,8.3,0.462,0.286,0.714,0.0,8.7,4.4,8.9,1.6,0.0,5.2,14.0,0.0,0.0,0.1,0.041,-3.9,0.2,-3.8,0.0,0.0,2013
385,Aaron Gray,12.2,1.1,2.1,0.533,0.0,0.0,0.0,1.1,2.1,0.533,0.533,0.5,1.0,0.523,1.1,2.0,3.2,0.8,0.2,0.1,0.9,2.0,2.8,0.0,0.0,1210.0,0.0,0.0,0.0,0.0,0.0,0.0,0.0,0.0,0.0,0.0,0.0,0.0,0.0,42.0,16.0,513.0,48.0,90.0,0.533,0.0,0.0,0.0,48.0,90.0,0.533,0.533,23.0,44.0,0.523,48.0,85.0,133.0,33.0,7.0,5.0,36.0,85.0,119.0,0.0,9.0,0.544,0.0,0.489,10.9,20.0,15.4,9.9,0.7,0.8,24.8,13.1,0.2,0.4,0.5,0.05,-3.9,-0.4,-4.3,-0.3,0.0,2013
386,Bernard James,9.9,1.2,2.2,0.515,0.0,0.0,0.0,1.2,2.2,0.525,0.515,0.5,0.9,0.61,1.1,1.7,2.8,0.1,0.3,0.8,0.4,1.4,2.8,0.0,0.0,1210.0,0.0,0.0,0.0,0.0,0.0,0.0,0.0,0.0,0.0,0.0,0.0,0.0,0.0,46.0,11.0,457.0,53.0,103.0,0.515,0.0,2.0,0.0,53.0,101.0,0.525,0.515,25.0,41.0,0.61,52.0,79.0,131.0,6.0,12.0,38.0,18.0,64.0,131.0,0.0,14.7,0.541,0.019,0.398,12.9,18.9,16.0,1.9,1.3,6.5,12.9,13.9,0.5,0.7,1.2,0.125,-2.4,0.7,-1.6,0.0,0.0,2013
387,Nolan Smith,7.2,1.1,2.9,0.368,0.2,0.7,0.214,0.9,2.2,0.419,0.395,0.5,0.7,0.714,0.2,0.5,0.7,0.9,0.2,0.0,0.7,0.7,2.8,0.0,0.0,1210.0,0.0,0.0,0.0,0.0,0.0,0.0,0.0,0.0,0.0,0.0,0.0,0.0,0.0,40.0,0.0,288.0,42.0,114.0,0.368,6.0,28.0,0.214,36.0,86.0,0.419,0.395,20.0,28.0,0.714,7.0,20.0,27.0,35.0,7.0,1.0,29.0,26.0,110.0,0.0,7.1,0.435,0.246,0.246,2.8,8.2,5.5,19.9,1.3,0.3,18.7,24.7,-0.6,0.1,-0.5,-0.082,-4.7,-2.3,-6.9,-0.4,0.0,2013
388,Sam Young,12.4,1.0,2.6,0.392,0.3,0.9,0.308,0.8,1.7,0.438,0.446,0.4,0.8,0.535,0.5,1.7,2.2,0.8,0.3,0.1,0.6,1.1,2.8,0.0,0.0,1210.0,0.0,0.0,0.0,0.0,0.0,0.0,0.0,0.0,0.0,0.0,0.0,0.0,0.0,56.0,3.0,693.0,58.0,148.0,0.392,16.0,52.0,0.308,42.0,96.0,0.438,0.446,23.0,43.0,0.535,26.0,97.0,123.0,42.0,15.0,8.0,33.0,62.0,155.0,0.0,7.5,0.464,0.351,0.291,4.3,15.3,9.9,9.4,1.2,0.9,16.5,13.2,-0.2,1.1,0.9,0.062,-3.5,0.8,-2.7,-0.1,0.0,2013
389,Aron Baynes,8.8,1.1,2.3,0.5,0.0,0.1,0.0,1.1,2.2,0.514,0.5,0.4,0.8,0.583,0.8,1.3,2.0,0.3,0.1,0.4,0.7,1.4,2.7,0.0,0.0,1210.0,0.0,0.0,0.0,0.0,0.0,0.0,0.0,0.0,0.0,0.0,0.0,0.0,0.0,16.0,0.0,141.0,18.0,36.0,0.5,0.0,1.0,0.0,18.0,35.0,0.514,0.5,7.0,12.0,0.583,12.0,20.0,32.0,5.0,1.0,6.0,11.0,23.0,43.0,0.0,8.8,0.521,0.028,0.333,10.4,15.5,13.1,5.2,0.4,3.1,21.0,17.1,0.0,0.2,0.1,0.05,-6.4,-0.6,-7.0,-0.2,0.0,2013
390,Chuck Hayes,16.3,1.1,2.6,0.442,0.0,0.0,0.0,1.1,2.6,0.444,0.442,0.4,0.6,0.625,1.5,2.5,4.0,1.5,0.4,0.2,0.6,1.5,2.7,0.0,0.0,1210.0,0.0,0.0,0.0,0.0,0.0,0.0,0.0,0.0,0.0,0.0,0.0,0.0,0.0,74.0,1.0,1209.0,84.0,190.0,0.442,0.0,1.0,0.0,84.0,189.0,0.444,0.442,30.0,48.0,0.625,113.0,186.0,299.0,112.0,31.0,18.0,44.0,114.0,198.0,0.0,10.7,0.469,0.005,0.253,10.5,18.2,14.2,13.1,1.3,1.2,17.2,9.4,1.1,0.4,1.5,0.06,-1.2,-0.2,-1.4,0.2,0.0,2013
391,Ronnie Price,13.1,1.0,3.1,0.325,0.3,1.0,0.256,0.7,2.1,0.358,0.367,0.4,0.6,0.708,0.3,0.8,1.1,1.9,0.7,0.1,0.9,1.6,2.7,0.0,0.0,1210.0,0.0,0.0,0.0,0.0,0.0,0.0,0.0,0.0,0.0,0.0,0.0,0.0,0.0,39.0,0.0,510.0,39.0,120.0,0.325,10.0,39.0,0.256,29.0,81.0,0.358,0.367,17.0,24.0,0.708,13.0,31.0,44.0,73.0,26.0,3.0,34.0,61.0,105.0,0.0,6.8,0.402,0.325,0.2,2.9,7.2,5.0,21.0,2.7,0.4,20.7,14.8,-0.5,0.3,-0.2,-0.017,-5.4,0.5,-4.9,-0.4,0.0,2013
392,Joel Freeland,9.4,1.1,2.8,0.408,0.0,0.0,0.0,1.1,2.8,0.408,0.408,0.4,0.5,0.667,0.8,1.5,2.3,0.3,0.3,0.2,0.4,1.3,2.6,0.0,0.0,1210.0,0.0,0.0,0.0,0.0,0.0,0.0,0.0,0.0,0.0,0.0,0.0,0.0,0.0,51.0,1.0,477.0,58.0,142.0,0.408,0.0,0.0,0.0,58.0,142.0,0.408,0.408,18.0,27.0,0.667,40.0,79.0,119.0,13.0,13.0,11.0,19.0,67.0,134.0,0.0,9.3,0.435,0.0,0.19,9.6,19.5,14.5,4.3,1.4,1.7,11.0,16.6,-0.2,0.4,0.2,0.022,-4.7,-0.7,-5.4,-0.4,0.0,2013
393,Nazr Mohammed,11.0,1.0,2.9,0.367,0.0,0.0,0.0,1.0,2.8,0.371,0.367,0.5,0.7,0.723,1.2,1.9,3.1,0.4,0.3,0.5,0.4,1.5,2.6,0.0,0.0,1210.0,0.0,0.0,0.0,0.0,0.0,0.0,0.0,0.0,0.0,0.0,0.0,0.0,0.0,63.0,12.0,693.0,66.0,180.0,0.367,0.0,2.0,0.0,66.0,178.0,0.371,0.367,34.0,47.0,0.723,73.0,122.0,195.0,26.0,21.0,32.0,24.0,97.0,166.0,0.0,10.8,0.414,0.011,0.261,12.0,20.4,16.2,5.8,1.6,3.5,10.7,14.9,0.0,1.2,1.2,0.082,-4.1,0.6,-3.6,-0.3,0.0,2013
394,Timofey Mozgov,8.9,1.1,2.1,0.506,0.0,0.0,0.0,1.1,2.1,0.518,0.506,0.5,0.6,0.769,1.2,1.4,2.6,0.2,0.1,0.4,0.6,1.4,2.6,0.0,0.0,1210.0,0.0,0.0,0.0,0.0,0.0,0.0,0.0,0.0,0.0,0.0,0.0,0.0,0.0,41.0,1.0,366.0,44.0,87.0,0.506,0.0,2.0,0.0,44.0,85.0,0.518,0.506,20.0,26.0,0.769,50.0,57.0,107.0,9.0,6.0,18.0,25.0,57.0,108.0,0.0,12.3,0.549,0.023,0.299,15.6,17.1,16.4,3.4,0.8,3.8,20.3,14.6,0.3,0.4,0.7,0.096,-2.8,-1.0,-3.7,-0.2,0.0,2013
395,Sasha Pavlović,13.5,1.1,3.1,0.353,0.5,1.5,0.3,0.6,1.5,0.407,0.429,0.0,0.2,0.167,0.2,1.3,1.4,0.8,0.6,0.1,0.4,1.5,2.6,0.0,0.0,1210.0,0.0,0.0,0.0,0.0,0.0,0.0,0.0,0.0,0.0,0.0,0.0,0.0,0.0,39.0,1.0,528.0,42.0,119.0,0.353,18.0,60.0,0.3,24.0,59.0,0.407,0.429,1.0,6.0,0.167,7.0,49.0,56.0,32.0,24.0,5.0,14.0,59.0,103.0,0.0,6.2,0.423,0.504,0.05,1.5,10.9,6.2,8.9,2.4,0.7,10.3,11.8,-0.3,0.4,0.1,0.009,-4.9,1.6,-3.3,-0.2,0.0,2013
396,Tony Wroten,7.8,0.9,2.5,0.384,0.1,0.5,0.25,0.8,2.0,0.414,0.407,0.6,0.8,0.724,0.4,0.4,0.8,1.2,0.2,0.1,0.8,1.0,2.6,0.0,0.0,1210.0,0.0,0.0,0.0,0.0,0.0,0.0,0.0,0.0,0.0,0.0,0.0,0.0,0.0,35.0,0.0,272.0,33.0,86.0,0.384,4.0,16.0,0.25,29.0,70.0,0.414,0.407,21.0,29.0,0.724,13.0,15.0,28.0,43.0,8.0,4.0,29.0,34.0,91.0,0.0,9.3,0.461,0.186,0.337,5.5,6.6,6.1,25.2,1.6,1.2,22.7,21.7,-0.2,0.3,0.1,0.017,-3.5,-0.2,-3.8,-0.1,0.0,2013
397,Lazar Hayward,7.8,0.5,2.5,0.2,0.0,1.0,0.0,0.5,1.5,0.333,0.2,1.5,1.5,1.0,0.0,1.0,1.0,0.8,0.5,0.0,0.0,0.8,2.5,0.0,0.0,1210.0,0.0,0.0,0.0,0.0,0.0,0.0,0.0,0.0,0.0,0.0,0.0,0.0,0.0,4.0,0.0,31.0,2.0,10.0,0.2,0.0,4.0,0.0,2.0,6.0,0.333,0.2,6.0,6.0,1.0,0.0,4.0,4.0,3.0,2.0,0.0,0.0,3.0,10.0,0.0,11.2,0.396,0.4,0.6,0.0,15.2,7.4,14.2,3.3,0.0,0.0,18.3,0.0,0.0,0.1,0.087,-3.7,1.8,-1.9,0.0,0.0,2013
398,Daniel Orton,8.0,0.9,2.0,0.462,0.0,0.0,0.0,0.9,2.0,0.462,0.462,0.7,1.3,0.529,1.0,1.0,2.0,0.3,0.3,0.2,0.3,1.0,2.5,0.0,0.0,1210.0,0.0,0.0,0.0,0.0,0.0,0.0,0.0,0.0,0.0,0.0,0.0,0.0,0.0,13.0,0.0,104.0,12.0,26.0,0.462,0.0,0.0,0.0,12.0,26.0,0.462,0.462,9.0,17.0,0.529,13.0,13.0,26.0,4.0,4.0,3.0,4.0,13.0,33.0,0.0,14.0,0.493,0.0,0.654,15.5,13.4,14.3,5.7,2.0,2.2,10.7,16.4,0.1,0.1,0.3,0.135,-2.6,-0.4,-3.1,0.0,0.0,2013
399,Kurt Thomas,10.1,1.2,2.1,0.542,0.0,0.0,1.0,1.1,2.1,0.537,0.548,0.2,0.3,0.462,0.6,1.7,2.3,0.5,0.3,0.4,0.2,1.3,2.5,0.0,0.0,1210.0,0.0,0.0,0.0,0.0,0.0,0.0,0.0,0.0,0.0,0.0,0.0,0.0,0.0,39.0,17.0,392.0,45.0,83.0,0.542,1.0,1.0,1.0,44.0,82.0,0.537,0.548,6.0,13.0,0.462,24.0,65.0,89.0,21.0,10.0,16.0,8.0,52.0,97.0,0.0,13.3,0.547,0.012,0.157,6.9,20.1,13.3,8.3,1.4,3.5,8.3,11.5,0.6,0.5,1.1,0.135,-1.8,1.6,-0.1,0.2,0.0,2013
400,Lance Thomas,10.9,0.9,1.8,0.5,0.0,0.0,0.0,0.9,1.8,0.5,0.5,0.7,1.0,0.729,0.7,1.2,1.9,0.3,0.2,0.1,0.2,1.3,2.5,0.0,0.0,1210.0,0.0,0.0,0.0,0.0,0.0,0.0,0.0,0.0,0.0,0.0,0.0,0.0,0.0,59.0,9.0,646.0,53.0,106.0,0.5,0.0,0.0,0.0,53.0,106.0,0.5,0.5,43.0,59.0,0.729,44.0,71.0,115.0,17.0,11.0,7.0,14.0,78.0,149.0,0.0,10.1,0.565,0.0,0.557,8.0,13.3,10.6,4.0,0.9,0.9,9.6,10.5,1.0,0.2,1.2,0.087,-2.3,-0.7,-3.0,-0.2,0.0,2013
401,Jan Veselý,11.8,1.1,2.2,0.5,0.0,0.0,0.0,1.1,2.2,0.504,0.5,0.2,0.8,0.308,0.8,1.5,2.4,0.5,0.3,0.3,0.5,2.1,2.5,0.0,0.0,1210.0,0.0,0.0,0.0,0.0,0.0,0.0,0.0,0.0,0.0,0.0,0.0,0.0,0.0,51.0,4.0,601.0,57.0,114.0,0.5,0.0,1.0,0.0,57.0,113.0,0.504,0.5,12.0,39.0,0.308,43.0,79.0,122.0,28.0,15.0,17.0,27.0,107.0,126.0,0.0,7.6,0.48,0.009,0.342,7.9,14.7,11.3,7.3,1.3,2.2,17.1,12.0,-0.1,0.8,0.7,0.059,-5.6,1.0,-4.7,-0.4,0.0,2013
402,Festus Ezeli,14.4,0.9,2.2,0.438,0.0,0.0,0.0,0.9,2.2,0.438,0.438,0.6,1.0,0.531,1.8,2.2,4.0,0.3,0.3,0.9,0.8,2.0,2.4,0.0,0.0,1210.0,0.0,0.0,0.0,0.0,0.0,0.0,0.0,0.0,0.0,0.0,0.0,0.0,0.0,78.0,41.0,1120.0,74.0,169.0,0.438,0.0,0.0,0.0,74.0,169.0,0.438,0.438,43.0,81.0,0.531,141.0,172.0,313.0,22.0,23.0,74.0,63.0,157.0,191.0,0.0,9.3,0.467,0.0,0.479,14.3,16.4,15.4,2.7,1.0,5.2,23.5,10.7,0.0,1.5,1.5,0.066,-4.0,0.7,-3.4,-0.4,0.0,2013
403,Ish Smith,9.9,1.1,3.1,0.352,0.2,0.5,0.296,0.9,2.5,0.364,0.377,0.1,0.1,0.429,0.2,0.9,1.2,1.7,0.4,0.2,0.7,0.5,2.4,0.0,0.0,1210.0,0.0,0.0,0.0,0.0,0.0,0.0,0.0,0.0,0.0,0.0,0.0,0.0,0.0,52.0,3.0,516.0,56.0,159.0,0.352,8.0,27.0,0.296,48.0,132.0,0.364,0.377,3.0,7.0,0.429,12.0,49.0,61.0,87.0,21.0,9.0,37.0,26.0,123.0,0.0,8.5,0.379,0.17,0.044,2.6,10.7,6.6,25.0,2.1,1.3,18.6,17.4,-0.8,0.4,-0.4,-0.04,-4.1,0.0,-4.1,-0.3,0.0,2013
404,Hasheem Thabeet,11.7,1.0,1.6,0.604,0.0,0.0,0.0,1.0,1.6,0.604,0.604,0.5,0.8,0.604,1.0,1.9,3.0,0.2,0.5,0.9,0.6,2.2,2.4,0.0,0.0,1210.0,0.0,0.0,0.0,0.0,0.0,0.0,0.0,0.0,0.0,0.0,0.0,0.0,0.0,66.0,4.0,770.0,64.0,106.0,0.604,0.0,0.0,0.0,64.0,106.0,0.604,0.604,32.0,53.0,0.604,69.0,126.0,195.0,11.0,30.0,60.0,41.0,148.0,160.0,0.0,11.6,0.619,0.0,0.5,11.1,17.5,14.5,2.0,2.0,5.9,24.1,10.1,0.7,1.5,2.2,0.134,-3.9,2.4,-1.5,0.1,0.0,2013
405,D.J. White,7.2,1.0,1.9,0.522,0.0,0.0,0.0,1.0,1.9,0.522,0.522,0.4,0.8,0.556,0.3,0.8,1.1,0.3,0.1,0.5,0.2,0.4,2.4,0.0,0.0,1210.0,0.0,0.0,0.0,0.0,0.0,0.0,0.0,0.0,0.0,0.0,0.0,0.0,0.0,12.0,0.0,86.0,12.0,23.0,0.522,0.0,0.0,0.0,12.0,23.0,0.522,0.522,5.0,9.0,0.556,4.0,9.0,13.0,4.0,1.0,6.0,2.0,5.0,29.0,0.0,14.7,0.538,0.0,0.391,5.7,12.0,8.9,7.5,0.6,5.5,6.9,15.9,0.1,0.1,0.2,0.117,-0.6,-0.3,-0.9,0.0,0.0,2013
406,Cory Higgins,5.3,1.0,3.2,0.316,0.2,0.8,0.2,0.8,2.3,0.357,0.342,0.2,0.3,0.5,0.2,0.3,0.5,0.8,0.5,0.0,0.0,0.8,2.3,0.0,0.0,1210.0,0.0,0.0,0.0,0.0,0.0,0.0,0.0,0.0,0.0,0.0,0.0,0.0,0.0,6.0,0.0,32.0,6.0,19.0,0.316,1.0,5.0,0.2,5.0,14.0,0.357,0.342,1.0,2.0,0.5,1.0,2.0,3.0,5.0,3.0,0.0,0.0,5.0,14.0,0.0,12.6,0.352,0.263,0.105,3.5,7.4,5.4,29.8,4.9,0.0,0.0,28.3,0.0,0.0,0.0,-0.022,-3.5,0.2,-3.3,0.0,0.0,2013
407,Perry Jones,7.4,1.0,2.6,0.394,0.0,0.1,0.0,1.0,2.6,0.402,0.394,0.3,0.4,0.667,0.3,1.3,1.6,0.3,0.1,0.2,0.4,0.6,2.3,0.0,0.0,1210.0,0.0,0.0,0.0,0.0,0.0,0.0,0.0,0.0,0.0,0.0,0.0,0.0,0.0,38.0,1.0,280.0,39.0,99.0,0.394,0.0,2.0,0.0,39.0,97.0,0.402,0.394,10.0,15.0,0.667,12.0,50.0,62.0,10.0,5.0,6.0,15.0,23.0,88.0,0.0,7.8,0.417,0.02,0.152,5.3,19.1,12.7,5.5,0.9,1.6,12.4,19.6,-0.4,0.4,0.0,-0.003,-5.8,-1.5,-7.3,-0.4,0.0,2013
408,Darius Miller,13.3,0.8,2.1,0.407,0.4,1.1,0.393,0.4,1.0,0.423,0.509,0.2,0.2,1.0,0.2,1.3,1.5,0.8,0.3,0.2,0.4,1.7,2.3,0.0,0.0,1210.0,0.0,0.0,0.0,0.0,0.0,0.0,0.0,0.0,0.0,0.0,0.0,0.0,0.0,52.0,2.0,694.0,44.0,108.0,0.407,22.0,56.0,0.393,22.0,52.0,0.423,0.509,8.0,8.0,1.0,8.0,70.0,78.0,44.0,17.0,12.0,23.0,89.0,118.0,0.0,6.3,0.529,0.519,0.074,1.3,12.2,6.7,9.3,1.3,1.4,17.1,9.0,0.2,0.3,0.5,0.034,-3.6,0.9,-2.7,-0.1,0.0,2013
409,Cole Aldrich,8.6,1.0,1.8,0.55,0.0,0.0,0.0,1.0,1.8,0.55,0.55,0.3,0.4,0.6,0.7,2.0,2.7,0.2,0.1,0.5,0.5,1.3,2.2,0.0,0.0,1210.0,0.0,0.0,0.0,0.0,0.0,0.0,0.0,0.0,0.0,0.0,0.0,0.0,0.0,45.0,0.0,388.0,44.0,80.0,0.55,0.0,0.0,0.0,44.0,80.0,0.55,0.55,12.0,20.0,0.6,30.0,90.0,120.0,9.0,5.0,23.0,23.0,60.0,100.0,0.0,11.1,0.563,0.0,0.25,8.7,26.7,17.7,3.4,0.7,4.6,20.6,12.7,0.1,0.4,0.6,0.07,-3.5,0.6,-2.9,-0.1,0.0,2013
410,Tyshawn Taylor,5.8,0.8,2.3,0.368,0.2,0.3,0.462,0.7,1.9,0.351,0.402,0.4,0.7,0.556,0.1,0.4,0.5,0.6,0.3,0.0,0.7,0.7,2.2,0.0,0.0,1210.0,0.0,0.0,0.0,0.0,0.0,0.0,0.0,0.0,0.0,0.0,0.0,0.0,0.0,38.0,0.0,221.0,32.0,87.0,0.368,6.0,13.0,0.462,26.0,74.0,0.351,0.402,15.0,27.0,0.556,2.0,16.0,18.0,21.0,13.0,0.0,25.0,25.0,85.0,0.0,6.2,0.43,0.149,0.31,1.1,8.6,4.8,15.9,3.2,0.0,20.2,25.8,-0.6,0.2,-0.4,-0.077,-6.9,-0.5,-7.4,-0.3,0.0,2013
411,James White,7.6,0.9,2.0,0.431,0.2,0.7,0.341,0.6,1.3,0.48,0.491,0.2,0.3,0.579,0.1,0.8,0.8,0.5,0.2,0.1,0.3,0.8,2.2,0.0,0.0,1210.0,0.0,0.0,0.0,0.0,0.0,0.0,0.0,0.0,0.0,0.0,0.0,0.0,0.0,57.0,16.0,435.0,50.0,116.0,0.431,14.0,41.0,0.341,36.0,75.0,0.48,0.491,11.0,19.0,0.579,5.0,43.0,48.0,29.0,13.0,4.0,17.0,44.0,125.0,0.0,9.1,0.503,0.353,0.164,1.3,12.0,6.5,10.3,1.6,0.8,12.0,15.2,0.1,0.3,0.5,0.051,-3.3,0.2,-3.1,-0.1,0.0,2013
412,Diante Garrett,7.8,0.8,2.6,0.327,0.2,0.8,0.2,0.7,1.8,0.382,0.357,0.3,0.5,0.5,0.3,0.5,0.8,1.6,0.5,0.0,0.8,0.3,2.1,0.0,0.0,1210.0,0.0,0.0,0.0,0.0,0.0,0.0,0.0,0.0,0.0,0.0,0.0,0.0,0.0,19.0,0.0,149.0,16.0,49.0,0.327,3.0,15.0,0.2,13.0,34.0,0.382,0.357,5.0,10.0,0.5,5.0,10.0,15.0,31.0,10.0,0.0,16.0,5.0,40.0,0.0,9.0,0.375,0.306,0.204,3.7,7.8,5.7,31.3,3.4,0.0,23.1,20.7,-0.3,0.1,-0.2,-0.073,-3.6,-0.9,-4.4,-0.1,0.0,2013
413,Marquis Teague,8.2,0.9,2.4,0.381,0.1,0.5,0.174,0.8,1.9,0.433,0.398,0.2,0.3,0.563,0.1,0.9,0.9,1.3,0.2,0.1,0.7,1.0,2.1,0.0,0.0,1210.0,0.0,0.0,0.0,0.0,0.0,0.0,0.0,0.0,0.0,0.0,0.0,0.0,0.0,48.0,0.0,392.0,43.0,113.0,0.381,4.0,23.0,0.174,39.0,90.0,0.433,0.398,9.0,16.0,0.563,3.0,41.0,44.0,63.0,9.0,7.0,35.0,47.0,99.0,0.0,6.0,0.412,0.204,0.142,0.9,12.1,6.4,25.6,1.2,1.3,22.6,18.2,-0.7,0.4,-0.3,-0.031,-5.5,0.0,-5.6,-0.4,0.0,2013
414,Jon Leuer,6.7,0.9,1.9,0.481,0.0,0.1,0.0,0.9,1.8,0.51,0.481,0.2,0.5,0.462,0.5,0.9,1.3,0.3,0.2,0.0,0.3,0.8,2.0,0.0,0.0,1210.0,0.0,0.0,0.0,0.0,0.0,0.0,0.0,0.0,0.0,0.0,0.0,0.0,0.0,28.0,0.0,187.0,25.0,52.0,0.481,0.0,3.0,0.0,25.0,49.0,0.51,0.481,6.0,13.0,0.462,13.0,24.0,37.0,8.0,6.0,0.0,8.0,21.0,56.0,0.0,10.4,0.485,0.058,0.25,7.9,15.5,11.6,6.8,1.7,0.0,12.2,15.9,0.0,0.2,0.2,0.057,-3.3,-0.7,-4.0,-0.1,0.0,2013
415,Dominic McGuire,14.9,0.9,2.2,0.429,0.0,0.0,0.0,0.9,2.2,0.429,0.429,0.1,0.4,0.3,0.7,2.3,3.0,0.8,0.5,0.4,0.5,1.5,2.0,0.0,0.0,1210.0,0.0,0.0,0.0,0.0,0.0,0.0,0.0,0.0,0.0,0.0,0.0,0.0,0.0,26.0,10.0,387.0,24.0,56.0,0.429,0.0,0.0,0.0,24.0,56.0,0.429,0.429,3.0,10.0,0.3,19.0,59.0,78.0,20.0,13.0,11.0,12.0,39.0,51.0,0.0,7.7,0.422,0.0,0.179,5.7,18.4,12.0,7.5,1.8,2.3,16.6,8.7,-0.1,0.4,0.3,0.035,-3.7,1.3,-2.3,0.0,0.0,2013
416,Kent Bazemore,4.4,0.7,1.9,0.371,0.2,0.6,0.294,0.5,1.3,0.402,0.414,0.4,0.7,0.614,0.1,0.3,0.4,0.4,0.3,0.1,0.3,0.4,2.0,0.0,0.0,1210.0,0.0,0.0,0.0,0.0,0.0,0.0,0.0,0.0,0.0,0.0,0.0,0.0,0.0,61.0,0.0,267.0,43.0,116.0,0.371,10.0,34.0,0.294,33.0,82.0,0.402,0.414,27.0,44.0,0.614,5.0,17.0,22.0,22.0,17.0,4.0,18.0,27.0,123.0,0.0,11.3,0.454,0.293,0.379,2.1,6.8,4.5,13.1,3.2,1.2,11.7,25.7,-0.3,0.3,0.1,0.014,-3.1,0.7,-2.4,0.0,0.0,2013
417,Jared Cunningham,3.3,0.8,1.8,0.429,0.3,0.4,0.667,0.5,1.4,0.364,0.5,0.3,0.3,1.0,0.1,0.3,0.4,0.1,0.1,0.0,0.3,0.4,2.0,0.0,0.0,1210.0,0.0,0.0,0.0,0.0,0.0,0.0,0.0,0.0,0.0,0.0,0.0,0.0,0.0,8.0,0.0,26.0,6.0,14.0,0.429,2.0,3.0,0.667,4.0,11.0,0.364,0.5,2.0,2.0,1.0,1.0,2.0,3.0,1.0,1.0,0.0,2.0,3.0,16.0,0.0,14.8,0.538,0.214,0.143,4.4,8.4,6.4,6.8,2.0,0.0,11.8,29.6,0.0,0.0,0.0,0.033,0.4,-1.9,-1.5,0.0,0.0,2013
418,Jeremy Evans,5.8,0.7,1.2,0.614,0.0,0.0,0.0,0.7,1.2,0.628,0.614,0.6,0.9,0.636,0.7,0.9,1.6,0.3,0.2,0.4,0.2,0.8,2.0,0.0,0.0,1210.0,0.0,0.0,0.0,0.0,0.0,0.0,0.0,0.0,0.0,0.0,0.0,0.0,0.0,37.0,0.0,215.0,27.0,44.0,0.614,0.0,1.0,0.0,27.0,43.0,0.628,0.614,21.0,33.0,0.636,26.0,32.0,58.0,11.0,8.0,13.0,8.0,30.0,75.0,0.0,19.9,0.641,0.023,0.75,14.0,17.6,15.8,8.0,2.0,4.8,12.0,14.1,0.7,0.3,0.9,0.208,0.9,1.3,2.2,0.2,0.0,2013
419,Ben Hansbrough,7.1,0.5,1.6,0.333,0.2,0.8,0.261,0.3,0.8,0.409,0.4,0.8,1.0,0.778,0.1,0.6,0.6,0.8,0.3,0.1,0.6,0.8,2.0,0.0,0.0,1210.0,0.0,0.0,0.0,0.0,0.0,0.0,0.0,0.0,0.0,0.0,0.0,0.0,0.0,28.0,0.0,200.0,15.0,45.0,0.333,6.0,23.0,0.261,9.0,22.0,0.409,0.4,21.0,27.0,0.778,2.0,16.0,18.0,21.0,7.0,2.0,18.0,23.0,57.0,0.0,7.2,0.501,0.511,0.6,1.1,8.8,5.0,16.1,1.9,0.7,24.0,17.1,-0.1,0.3,0.2,0.044,-5.2,1.0,-4.2,-0.1,0.0,2013
420,Josh Selby,5.9,0.6,2.2,0.273,0.1,0.6,0.167,0.5,1.6,0.313,0.295,0.7,1.1,0.636,0.0,0.5,0.5,0.4,0.2,0.0,0.7,0.7,2.0,0.0,0.0,1210.0,0.0,0.0,0.0,0.0,0.0,0.0,0.0,0.0,0.0,0.0,0.0,0.0,0.0,10.0,0.0,59.0,6.0,22.0,0.273,1.0,6.0,0.167,5.0,16.0,0.313,0.295,7.0,11.0,0.636,0.0,5.0,5.0,4.0,2.0,0.0,7.0,7.0,20.0,0.0,0.1,0.373,0.273,0.5,0.0,10.2,5.0,10.5,1.8,0.0,20.7,26.4,-0.3,0.1,-0.2,-0.143,-10.1,-2.3,-12.4,-0.2,0.0,2013
421,Henry Sims,2.5,1.0,1.5,0.667,0.0,0.0,0.0,1.0,1.5,0.667,0.667,0.0,0.0,0.0,1.0,0.0,1.0,0.0,0.0,0.0,0.5,0.5,2.0,0.0,0.0,1210.0,0.0,0.0,0.0,0.0,0.0,0.0,0.0,0.0,0.0,0.0,0.0,0.0,0.0,2.0,0.0,5.0,2.0,3.0,0.667,0.0,0.0,0.0,2.0,3.0,0.667,0.667,0.0,0.0,0.0,2.0,0.0,2.0,0.0,0.0,0.0,1.0,1.0,4.0,0.0,29.2,0.667,0.0,0.0,46.8,0.0,23.8,0.0,0.0,0.0,25.0,37.2,0.0,0.0,0.0,0.061,5.2,-6.4,-1.2,0.0,0.0,2013
422,Earl Watson,17.3,0.8,2.5,0.308,0.1,0.6,0.179,0.7,1.9,0.348,0.329,0.4,0.5,0.68,0.5,1.3,1.8,4.0,0.8,0.2,1.4,2.0,2.0,0.0,0.0,1210.0,0.0,0.0,0.0,0.0,0.0,0.0,0.0,0.0,0.0,0.0,0.0,0.0,0.0,48.0,4.0,829.0,37.0,120.0,0.308,5.0,28.0,0.179,32.0,92.0,0.348,0.329,17.0,25.0,0.68,23.0,64.0,87.0,190.0,40.0,8.0,69.0,94.0,96.0,0.0,7.7,0.366,0.233,0.208,3.2,9.1,6.1,31.8,2.5,0.8,34.5,11.0,-0.6,0.7,0.0,0.001,-3.9,0.4,-3.5,-0.3,0.0,2013
423,Charles Jenkins,7.5,0.8,2.1,0.405,0.0,0.0,0.5,0.8,2.0,0.403,0.409,0.2,0.4,0.545,0.1,0.4,0.5,0.7,0.3,0.0,0.4,0.4,1.9,0.0,0.0,1210.0,0.0,0.0,0.0,0.0,0.0,0.0,0.0,0.0,0.0,0.0,0.0,0.0,0.0,59.0,1.0,441.0,49.0,121.0,0.405,1.0,2.0,0.5,48.0,119.0,0.403,0.409,12.0,22.0,0.545,8.0,24.0,32.0,44.0,15.0,2.0,21.0,22.0,111.0,0.0,7.5,0.425,0.017,0.182,2.0,6.0,4.0,14.8,1.8,0.4,13.8,15.5,-0.3,0.3,0.0,-0.005,-4.6,-0.4,-4.9,-0.3,0.0,2013
424,Lou Amundson,9.5,0.8,2.1,0.395,0.0,0.0,0.0,0.8,2.1,0.395,0.395,0.3,0.9,0.333,1.2,1.5,2.7,0.3,0.4,0.3,0.5,1.4,1.9,0.0,0.0,1210.0,0.0,0.0,0.0,0.0,0.0,0.0,0.0,0.0,0.0,0.0,0.0,0.0,0.0,39.0,0.0,372.0,32.0,81.0,0.395,0.0,0.0,0.0,32.0,81.0,0.395,0.395,12.0,36.0,0.333,48.0,58.0,106.0,11.0,16.0,12.0,19.0,53.0,76.0,0.0,9.3,0.392,0.0,0.444,14.7,18.7,16.7,4.5,2.3,2.6,16.4,14.2,-0.3,0.4,0.1,0.019,-4.2,0.0,-4.2,-0.2,0.0,2013
425,Kwame Brown,12.2,0.8,1.7,0.459,0.0,0.0,0.0,0.8,1.7,0.459,0.459,0.3,0.9,0.368,1.0,2.3,3.4,0.4,0.3,0.5,0.4,1.7,1.9,0.0,0.0,1210.0,0.0,0.0,0.0,0.0,0.0,0.0,0.0,0.0,0.0,0.0,0.0,0.0,0.0,22.0,11.0,269.0,17.0,37.0,0.459,0.0,0.0,0.0,17.0,37.0,0.459,0.459,7.0,19.0,0.368,23.0,51.0,74.0,9.0,6.0,10.0,8.0,37.0,41.0,0.0,8.8,0.452,0.0,0.514,9.4,22.1,15.5,4.7,1.2,2.9,15.0,9.1,0.0,0.4,0.4,0.071,-4.9,0.0,-4.9,-0.2,0.0,2013
426,Ronny Turiaf,10.8,0.8,1.5,0.505,0.0,0.0,0.0,0.8,1.5,0.505,0.505,0.4,1.0,0.365,0.7,1.6,2.3,0.5,0.3,0.5,0.4,1.2,1.9,0.0,0.0,1210.0,0.0,0.0,0.0,0.0,0.0,0.0,0.0,0.0,0.0,0.0,0.0,0.0,0.0,65.0,0.0,701.0,49.0,97.0,0.505,0.0,0.0,0.0,49.0,97.0,0.505,0.505,23.0,63.0,0.365,45.0,107.0,152.0,35.0,19.0,35.0,29.0,80.0,121.0,0.0,9.4,0.485,0.0,0.649,7.8,17.9,12.9,6.8,1.4,4.2,18.9,10.0,0.1,1.0,1.1,0.075,-3.2,1.5,-1.7,0.1,0.0,2013
427,Marcus Camby,10.4,0.7,2.2,0.321,0.0,0.0,0.0,0.7,2.2,0.321,0.321,0.3,0.8,0.421,1.0,2.3,3.3,0.6,0.3,0.6,0.6,1.2,1.8,0.0,0.0,1210.0,0.0,0.0,0.0,0.0,0.0,0.0,0.0,0.0,0.0,0.0,0.0,0.0,0.0,24.0,4.0,250.0,17.0,53.0,0.321,0.0,0.0,0.0,17.0,53.0,0.321,0.321,8.0,19.0,0.421,24.0,56.0,80.0,14.0,7.0,14.0,15.0,28.0,42.0,0.0,8.6,0.342,0.0,0.358,10.9,27.1,18.7,8.1,1.5,4.8,19.6,14.3,-0.4,0.4,0.0,0.007,-4.8,1.2,-3.6,-0.1,0.0,2013
428,Julyan Stone,7.0,0.5,0.5,1.0,0.0,0.0,0.0,0.5,0.5,1.0,1.0,0.8,1.0,0.75,0.5,0.3,0.8,0.5,0.3,0.0,0.5,1.0,1.8,0.0,0.0,1210.0,0.0,0.0,0.0,0.0,0.0,0.0,0.0,0.0,0.0,0.0,0.0,0.0,0.0,4.0,0.0,28.0,2.0,2.0,1.0,0.0,0.0,0.0,2.0,2.0,1.0,1.0,3.0,4.0,0.75,2.0,1.0,3.0,2.0,1.0,0.0,2.0,4.0,7.0,0.0,11.4,0.931,0.0,2.0,8.2,3.9,6.0,9.3,1.8,0.0,34.7,8.9,0.1,0.0,0.1,0.128,-2.0,1.9,-0.1,0.0,0.0,2013
429,Josh Akognon,3.0,0.7,1.3,0.5,0.3,0.7,0.5,0.3,0.7,0.5,0.625,0.0,0.0,0.0,0.0,0.3,0.3,0.3,0.0,0.0,0.0,1.0,1.7,0.0,0.0,1210.0,0.0,0.0,0.0,0.0,0.0,0.0,0.0,0.0,0.0,0.0,0.0,0.0,0.0,3.0,0.0,9.0,2.0,4.0,0.5,1.0,2.0,0.5,1.0,2.0,0.5,0.625,0.0,0.0,0.0,0.0,1.0,1.0,1.0,0.0,0.0,0.0,3.0,5.0,0.0,15.3,0.625,0.5,0.0,0.0,12.1,6.2,19.4,0.0,0.0,0.0,20.3,0.0,0.0,0.0,0.196,-3.1,0.1,-3.0,0.0,0.0,2013
430,Josh Harrellson,5.2,0.7,1.5,0.444,0.2,0.8,0.2,0.5,0.7,0.75,0.5,0.2,0.3,0.5,0.5,0.7,1.2,0.0,0.2,0.2,0.5,0.7,1.7,0.0,0.0,1210.0,0.0,0.0,0.0,0.0,0.0,0.0,0.0,0.0,0.0,0.0,0.0,0.0,0.0,6.0,0.0,31.0,4.0,9.0,0.444,1.0,5.0,0.2,3.0,4.0,0.75,0.5,1.0,2.0,0.5,3.0,4.0,7.0,0.0,1.0,1.0,3.0,4.0,10.0,0.0,8.5,0.506,0.556,0.222,12.6,15.0,13.9,0.0,1.7,2.6,23.3,19.9,0.0,0.0,0.0,0.002,-4.5,-1.4,-5.9,0.0,0.0,2013
431,James Jones,5.8,0.6,1.6,0.344,0.4,1.4,0.302,0.1,0.2,0.625,0.475,0.1,0.1,0.5,0.0,0.6,0.6,0.3,0.1,0.2,0.1,0.4,1.6,0.0,0.0,1210.0,0.0,0.0,0.0,0.0,0.0,0.0,0.0,0.0,0.0,0.0,0.0,0.0,0.0,38.0,0.0,221.0,21.0,61.0,0.344,16.0,53.0,0.302,5.0,8.0,0.625,0.475,2.0,4.0,0.5,0.0,22.0,22.0,13.0,2.0,6.0,3.0,16.0,60.0,0.0,8.1,0.478,0.869,0.066,0.0,11.6,6.1,8.4,0.5,2.2,4.6,14.2,0.1,0.2,0.2,0.054,-2.0,-1.0,-3.0,-0.1,0.0,2013
432,Tornike Shengelia,4.9,0.5,1.2,0.435,0.1,0.1,0.5,0.5,1.1,0.429,0.457,0.5,0.8,0.563,0.5,0.7,1.2,0.2,0.2,0.1,0.6,0.6,1.6,0.0,0.0,1210.0,0.0,0.0,0.0,0.0,0.0,0.0,0.0,0.0,0.0,0.0,0.0,0.0,0.0,19.0,0.0,93.0,10.0,23.0,0.435,1.0,2.0,0.5,9.0,21.0,0.429,0.457,9.0,16.0,0.563,9.0,14.0,23.0,3.0,3.0,1.0,11.0,11.0,30.0,0.0,8.5,0.499,0.087,0.696,11.4,17.9,14.6,5.1,1.7,0.8,26.8,20.3,-0.1,0.1,0.0,-0.017,-5.2,-1.3,-6.5,-0.1,0.0,2013
433,DeAndre Liggins,7.4,0.5,1.2,0.447,0.2,0.5,0.368,0.4,0.7,0.5,0.521,0.2,0.5,0.5,0.3,1.0,1.4,0.4,0.5,0.1,0.4,0.8,1.5,0.0,0.0,1210.0,0.0,0.0,0.0,0.0,0.0,0.0,0.0,0.0,0.0,0.0,0.0,0.0,0.0,39.0,1.0,290.0,21.0,47.0,0.447,7.0,19.0,0.368,14.0,28.0,0.5,0.521,9.0,18.0,0.5,13.0,40.0,53.0,15.0,18.0,3.0,14.0,33.0,58.0,0.0,9.4,0.528,0.404,0.383,5.5,14.7,10.5,7.2,3.2,0.8,20.3,10.8,0.1,0.5,0.6,0.092,-3.2,2.5,-0.7,0.1,0.0,2013
434,Joel Anthony,9.1,0.6,1.1,0.515,0.0,0.0,0.0,0.6,1.1,0.515,0.515,0.3,0.5,0.607,0.7,1.1,1.9,0.2,0.2,0.7,0.4,0.8,1.4,0.0,0.0,1210.0,0.0,0.0,0.0,0.0,0.0,0.0,0.0,0.0,0.0,0.0,0.0,0.0,0.0,62.0,3.0,566.0,35.0,68.0,0.515,0.0,0.0,0.0,35.0,68.0,0.515,0.515,17.0,28.0,0.607,45.0,70.0,115.0,13.0,13.0,42.0,22.0,49.0,87.0,0.0,10.4,0.542,0.0,0.412,10.4,14.4,12.5,3.1,1.2,6.1,21.5,8.6,0.4,0.8,1.2,0.1,-2.3,0.9,-1.3,0.1,0.0,2013
435,Chris Quinn,11.1,0.6,2.3,0.25,0.0,0.7,0.0,0.6,1.6,0.364,0.25,0.3,0.3,1.0,0.1,0.1,0.3,1.3,0.4,0.0,0.9,0.6,1.4,0.0,0.0,1210.0,0.0,0.0,0.0,0.0,0.0,0.0,0.0,0.0,0.0,0.0,0.0,0.0,0.0,7.0,0.0,78.0,4.0,16.0,0.25,0.0,5.0,0.0,4.0,11.0,0.364,0.25,2.0,2.0,1.0,1.0,1.0,2.0,9.0,3.0,0.0,6.0,4.0,10.0,0.0,1.3,0.296,0.313,0.125,1.4,1.6,1.5,16.3,2.0,0.0,26.2,13.1,-0.2,0.0,-0.2,-0.124,-7.2,-1.9,-9.2,-0.1,0.0,2013
436,Malcolm Thomas,4.8,0.4,0.8,0.5,0.0,0.0,0.0,0.4,0.8,0.5,0.5,0.4,0.7,0.625,0.4,0.9,1.3,0.3,0.2,0.2,0.3,0.7,1.3,0.0,0.0,1210.0,0.0,0.0,0.0,0.0,0.0,0.0,0.0,0.0,0.0,0.0,0.0,0.0,0.0,12.0,0.0,57.0,5.0,10.0,0.5,0.0,0.0,0.0,5.0,10.0,0.5,0.5,5.0,8.0,0.625,5.0,11.0,16.0,4.0,2.0,2.0,3.0,8.0,15.0,0.0,13.8,0.555,0.0,0.8,10.0,21.6,15.9,10.3,1.9,2.7,18.2,13.2,0.1,0.1,0.2,0.133,-1.9,2.2,0.3,0.0,0.0,2013
437,Scott Machado,3.5,0.5,1.0,0.5,0.0,0.2,0.0,0.5,0.8,0.6,0.5,0.3,0.3,1.0,0.0,0.2,0.2,1.0,0.3,0.0,1.3,0.0,1.3,0.0,0.0,1210.0,0.0,0.0,0.0,0.0,0.0,0.0,0.0,0.0,0.0,0.0,0.0,0.0,0.0,6.0,0.0,21.0,3.0,6.0,0.5,0.0,1.0,0.0,3.0,5.0,0.6,0.5,2.0,2.0,1.0,0.0,1.0,1.0,6.0,2.0,0.0,8.0,0.0,8.0,0.0,6.0,0.581,0.167,0.333,0.0,5.3,2.7,44.2,4.8,0.0,53.8,31.0,-0.1,0.0,-0.1,-0.23,-5.9,-2.9,-8.8,0.0,0.0,2013
438,Quincy Miller,3.7,0.6,1.7,0.333,0.0,0.1,0.0,0.6,1.6,0.364,0.333,0.1,0.3,0.5,0.1,0.1,0.3,0.4,0.1,0.0,0.1,0.4,1.3,0.0,0.0,1210.0,0.0,0.0,0.0,0.0,0.0,0.0,0.0,0.0,0.0,0.0,0.0,0.0,0.0,7.0,0.0,26.0,4.0,12.0,0.333,0.0,1.0,0.0,4.0,11.0,0.364,0.333,1.0,2.0,0.5,1.0,1.0,2.0,3.0,1.0,0.0,1.0,3.0,9.0,0.0,5.9,0.349,0.083,0.167,4.4,4.2,4.3,16.8,1.9,0.0,7.2,23.1,0.0,0.0,0.0,-0.051,-6.6,-2.5,-9.2,0.0,0.0,2013
439,Vladimir Radmanović,5.8,0.5,1.7,0.302,0.2,1.1,0.185,0.3,0.6,0.5,0.36,0.1,0.1,0.667,0.4,0.7,1.1,0.3,0.3,0.2,0.3,1.2,1.3,0.0,0.0,1210.0,0.0,0.0,0.0,0.0,0.0,0.0,0.0,0.0,0.0,0.0,0.0,0.0,0.0,25.0,0.0,144.0,13.0,43.0,0.302,5.0,27.0,0.185,8.0,16.0,0.5,0.36,2.0,3.0,0.667,10.0,18.0,28.0,8.0,8.0,4.0,7.0,29.0,33.0,0.0,6.3,0.372,0.628,0.07,7.9,14.5,11.2,8.6,3.0,2.1,13.6,16.4,-0.2,0.3,0.1,0.02,-6.6,1.2,-5.4,-0.1,0.0,2013
440,Robert Sacre,6.3,0.6,1.5,0.375,0.0,0.0,0.0,0.6,1.5,0.375,0.375,0.2,0.3,0.636,0.3,0.8,1.1,0.2,0.0,0.3,0.3,1.2,1.3,0.0,0.0,1210.0,0.0,0.0,0.0,0.0,0.0,0.0,0.0,0.0,0.0,0.0,0.0,0.0,0.0,32.0,3.0,203.0,18.0,48.0,0.375,0.0,0.0,0.0,18.0,48.0,0.375,0.375,7.0,11.0,0.636,9.0,25.0,34.0,6.0,0.0,10.0,10.0,38.0,43.0,0.0,3.4,0.407,0.0,0.229,5.0,13.2,9.2,4.3,0.0,3.6,15.9,13.8,-0.2,0.1,-0.1,-0.024,-8.0,-0.7,-8.8,-0.4,0.0,2013
441,Jared Jeffries,9.2,0.4,1.4,0.296,0.0,0.1,0.0,0.4,1.4,0.308,0.296,0.3,0.6,0.522,0.7,0.9,1.6,0.4,0.2,0.2,0.4,1.5,1.2,0.0,0.0,1210.0,0.0,0.0,0.0,0.0,0.0,0.0,0.0,0.0,0.0,0.0,0.0,0.0,0.0,38.0,0.0,350.0,16.0,54.0,0.296,0.0,2.0,0.0,16.0,52.0,0.308,0.296,12.0,23.0,0.522,26.0,34.0,60.0,14.0,6.0,6.0,17.0,58.0,44.0,0.0,2.4,0.343,0.037,0.426,8.5,11.4,10.0,5.6,0.9,1.3,21.0,10.6,-0.4,0.1,-0.3,-0.042,-6.8,-0.7,-7.4,-0.5,0.0,2013
442,Fab Melo,6.0,0.5,1.0,0.5,0.0,0.0,0.0,0.5,1.0,0.5,0.5,0.2,0.7,0.25,0.0,0.5,0.5,0.0,0.3,0.3,0.2,1.2,1.2,0.0,0.0,1210.0,0.0,0.0,0.0,0.0,0.0,0.0,0.0,0.0,0.0,0.0,0.0,0.0,0.0,6.0,0.0,36.0,3.0,6.0,0.5,0.0,0.0,0.0,3.0,6.0,0.5,0.5,1.0,4.0,0.25,0.0,3.0,3.0,0.0,2.0,2.0,1.0,7.0,7.0,0.0,4.9,0.451,0.0,0.667,0.0,9.6,4.9,0.0,2.9,4.4,11.4,11.5,0.0,0.1,0.0,0.021,-8.3,0.7,-7.6,-0.1,0.0,2013
443,Luke Zeller,3.6,0.6,1.6,0.346,0.1,0.3,0.2,0.5,1.3,0.381,0.365,0.0,0.0,0.0,0.1,0.6,0.6,0.2,0.0,0.0,0.0,0.3,1.2,0.0,0.0,1210.0,0.0,0.0,0.0,0.0,0.0,0.0,0.0,0.0,0.0,0.0,0.0,0.0,0.0,16.0,0.0,58.0,9.0,26.0,0.346,1.0,5.0,0.2,8.0,21.0,0.381,0.365,0.0,0.0,0.0,1.0,9.0,10.0,3.0,0.0,0.0,0.0,5.0,19.0,0.0,5.6,0.365,0.192,0.0,1.9,18.0,9.8,8.4,0.0,0.0,0.0,19.9,-0.1,0.0,-0.1,-0.047,-4.1,-3.0,-7.2,-0.1,0.0,2013
444,Jason Collins,10.1,0.2,0.8,0.31,0.0,0.0,0.0,0.2,0.8,0.31,0.31,0.6,0.8,0.719,0.6,1.0,1.6,0.2,0.3,0.3,0.5,2.2,1.1,0.0,0.0,1210.0,0.0,0.0,0.0,0.0,0.0,0.0,0.0,0.0,0.0,0.0,0.0,0.0,0.0,38.0,9.0,384.0,9.0,29.0,0.31,0.0,0.0,0.0,9.0,29.0,0.31,0.31,23.0,32.0,0.719,22.0,38.0,60.0,8.0,12.0,10.0,18.0,85.0,41.0,0.0,3.0,0.476,0.0,1.103,6.9,11.3,9.2,2.9,1.6,2.1,29.5,7.5,-0.1,0.5,0.4,0.045,-7.9,1.2,-6.7,-0.4,0.0,2013
445,Jeremy Tyler,3.2,0.4,1.1,0.375,0.0,0.0,0.0,0.4,1.1,0.375,0.375,0.2,0.3,0.667,0.3,0.7,1.0,0.0,0.0,0.1,0.3,0.5,1.0,0.0,0.0,1210.0,0.0,0.0,0.0,0.0,0.0,0.0,0.0,0.0,0.0,0.0,0.0,0.0,0.0,21.0,0.0,68.0,9.0,24.0,0.375,0.0,0.0,0.0,9.0,24.0,0.375,0.375,4.0,6.0,0.667,6.0,14.0,20.0,1.0,1.0,2.0,6.0,10.0,22.0,0.0,6.2,0.413,0.0,0.25,10.0,22.3,16.3,2.3,0.7,2.3,18.4,21.5,-0.2,0.1,-0.1,-0.049,-7.3,-1.6,-8.9,-0.1,0.0,2013
446,Josh Childress,7.1,0.4,1.5,0.286,0.1,0.2,0.333,0.4,1.3,0.278,0.31,0.1,0.1,0.5,0.4,0.6,1.1,0.4,0.1,0.1,0.0,0.2,1.0,0.0,0.0,1210.0,0.0,0.0,0.0,0.0,0.0,0.0,0.0,0.0,0.0,0.0,0.0,0.0,0.0,14.0,0.0,100.0,6.0,21.0,0.286,1.0,3.0,0.333,5.0,18.0,0.278,0.31,1.0,2.0,0.5,6.0,9.0,15.0,5.0,2.0,2.0,0.0,3.0,14.0,0.0,7.0,0.32,0.143,0.095,7.0,10.7,8.9,7.3,1.1,1.5,0.0,10.1,0.0,0.1,0.1,0.029,-2.7,-0.6,-3.3,0.0,0.0,2013
447,Tim Ohlbrecht,4.0,0.3,1.0,0.333,0.0,0.0,0.0,0.3,1.0,0.333,0.333,0.3,0.3,1.0,0.0,0.3,0.3,0.3,0.3,0.0,1.3,0.3,1.0,0.0,0.0,1210.0,0.0,0.0,0.0,0.0,0.0,0.0,0.0,0.0,0.0,0.0,0.0,0.0,0.0,3.0,0.0,12.0,1.0,3.0,0.333,0.0,0.0,0.0,1.0,3.0,0.333,0.333,1.0,1.0,1.0,0.0,1.0,1.0,1.0,1.0,0.0,4.0,1.0,3.0,0.0,-6.1,0.436,0.0,0.333,0.0,9.3,4.7,11.8,4.2,0.0,53.8,27.1,-0.1,0.0,-0.1,-0.369,-17.2,0.0,-17.2,0.0,0.0,2013
448,DaJuan Summers,3.5,0.5,2.0,0.25,0.0,0.0,0.0,0.5,2.0,0.25,0.25,0.0,0.0,0.0,0.0,1.0,1.0,0.5,0.0,0.0,0.0,0.0,1.0,0.0,0.0,1210.0,0.0,0.0,0.0,0.0,0.0,0.0,0.0,0.0,0.0,0.0,0.0,0.0,0.0,2.0,0.0,7.0,1.0,4.0,0.25,0.0,0.0,0.0,1.0,4.0,0.25,0.25,0.0,0.0,0.0,0.0,2.0,2.0,1.0,0.0,0.0,0.0,0.0,2.0,0.0,4.3,0.25,0.0,0.0,0.0,33.5,17.0,21.7,0.0,0.0,0.0,26.1,0.0,0.0,0.0,-0.124,-6.3,-2.6,-8.9,0.0,0.0,2013
449,Kris Joseph,5.4,0.2,1.4,0.143,0.0,0.3,0.0,0.2,1.1,0.182,0.143,0.5,0.8,0.625,0.1,0.6,0.7,0.1,0.3,0.0,0.2,0.3,0.9,0.0,0.0,1210.0,0.0,0.0,0.0,0.0,0.0,0.0,0.0,0.0,0.0,0.0,0.0,0.0,0.0,10.0,0.0,54.0,2.0,14.0,0.143,0.0,3.0,0.0,2.0,11.0,0.182,0.143,5.0,8.0,0.625,1.0,6.0,7.0,1.0,3.0,0.0,2.0,3.0,9.0,0.0,0.6,0.257,0.214,0.571,2.3,12.9,7.7,2.8,3.0,0.0,10.2,17.0,-0.2,0.1,-0.1,-0.127,-8.7,-1.2,-9.9,-0.1,0.0,2013
450,Tyler Honeycutt,3.6,0.3,1.2,0.273,0.0,0.2,0.0,0.3,1.0,0.333,0.273,0.2,0.2,1.0,0.3,0.8,1.1,0.2,0.0,0.1,0.6,0.2,0.9,0.0,0.0,1210.0,0.0,0.0,0.0,0.0,0.0,0.0,0.0,0.0,0.0,0.0,0.0,0.0,0.0,9.0,0.0,32.0,3.0,11.0,0.273,0.0,2.0,0.0,3.0,9.0,0.333,0.273,2.0,2.0,1.0,3.0,7.0,10.0,2.0,0.0,1.0,5.0,2.0,8.0,0.0,1.9,0.337,0.182,0.182,10.5,25.8,18.0,9.1,0.0,2.4,29.6,23.4,-0.2,0.0,-0.1,-0.22,-8.4,-4.8,-13.2,-0.1,0.0,2013
451,Kevin Murphy,3.1,0.4,1.6,0.25,0.1,0.3,0.2,0.4,1.4,0.261,0.268,0.0,0.0,0.0,0.0,0.2,0.2,0.1,0.1,0.0,0.2,0.2,0.9,0.0,0.0,1210.0,0.0,0.0,0.0,0.0,0.0,0.0,0.0,0.0,0.0,0.0,0.0,0.0,0.0,17.0,0.0,52.0,7.0,28.0,0.25,1.0,5.0,0.2,6.0,23.0,0.261,0.268,0.0,0.0,0.0,0.0,4.0,4.0,2.0,1.0,0.0,3.0,4.0,15.0,0.0,-4.5,0.268,0.179,0.0,0.0,9.1,4.5,6.1,1.0,0.0,9.7,27.1,-0.3,0.0,-0.3,-0.272,-11.4,-5.4,-16.8,-0.2,0.0,2013
452,Miles Plumlee,3.9,0.4,1.5,0.238,0.0,0.0,0.0,0.4,1.5,0.238,0.238,0.2,0.3,0.75,0.9,0.7,1.6,0.1,0.0,0.2,0.2,0.4,0.9,0.0,0.0,1210.0,0.0,0.0,0.0,0.0,0.0,0.0,0.0,0.0,0.0,0.0,0.0,0.0,0.0,14.0,0.0,55.0,5.0,21.0,0.238,0.0,0.0,0.0,5.0,21.0,0.238,0.238,3.0,4.0,0.75,12.0,10.0,22.0,2.0,0.0,3.0,3.0,5.0,13.0,0.0,8.8,0.286,0.0,0.19,24.8,19.9,22.3,5.7,0.0,4.0,11.6,21.4,-0.1,0.1,0.0,-0.015,-5.0,-2.9,-7.8,-0.1,0.0,2013
453,Terrel Harris,6.9,0.2,1.4,0.148,0.0,0.4,0.0,0.2,1.0,0.211,0.148,0.4,0.5,0.7,0.2,1.1,1.3,0.5,0.1,0.2,0.9,0.9,0.8,0.0,0.0,1210.0,0.0,0.0,0.0,0.0,0.0,0.0,0.0,0.0,0.0,0.0,0.0,0.0,0.0,20.0,0.0,137.0,4.0,27.0,0.148,0.0,8.0,0.0,4.0,19.0,0.211,0.148,7.0,10.0,0.7,4.0,22.0,26.0,9.0,2.0,3.0,17.0,17.0,15.0,0.0,-3.8,0.239,0.296,0.37,3.8,19.3,11.4,9.0,0.8,1.8,35.1,16.6,-0.7,0.1,-0.6,-0.219,-11.1,-1.5,-12.6,-0.4,0.0,2013
454,Dexter Pittman,2.9,0.4,1.0,0.364,0.0,0.0,0.0,0.4,1.0,0.364,0.364,0.0,0.3,0.0,0.6,0.5,1.1,0.0,0.0,0.0,0.3,0.7,0.7,0.0,0.0,1210.0,0.0,0.0,0.0,0.0,0.0,0.0,0.0,0.0,0.0,0.0,0.0,0.0,0.0,11.0,0.0,32.0,4.0,11.0,0.364,0.0,0.0,0.0,4.0,11.0,0.364,0.364,0.0,3.0,0.0,7.0,5.0,12.0,0.0,0.0,0.0,3.0,8.0,8.0,0.0,1.6,0.325,0.0,0.273,27.2,18.5,22.7,0.0,0.0,0.0,19.6,22.4,-0.1,0.0,-0.1,-0.107,-12.1,-6.6,-18.8,-0.1,0.0,2013
455,DeSagana Diop,10.3,0.4,1.2,0.296,0.0,0.0,0.0,0.4,1.2,0.308,0.296,0.0,0.0,0.0,0.5,1.9,2.3,0.6,0.2,0.7,0.4,0.9,0.7,0.0,0.0,1210.0,0.0,0.0,0.0,0.0,0.0,0.0,0.0,0.0,0.0,0.0,0.0,0.0,0.0,22.0,1.0,226.0,8.0,27.0,0.296,0.0,1.0,0.0,8.0,26.0,0.308,0.296,0.0,1.0,0.0,10.0,41.0,51.0,13.0,5.0,16.0,8.0,19.0,16.0,0.0,6.6,0.292,0.037,0.037,4.9,21.4,12.9,8.5,1.2,5.7,22.6,7.1,-0.3,0.2,-0.1,-0.017,-5.2,0.5,-4.7,-0.2,0.0,2013
456,Chris Wright,1.3,0.3,0.7,0.5,0.0,0.0,0.0,0.3,0.7,0.5,0.5,0.0,0.0,0.0,0.0,0.0,0.0,0.0,0.0,0.0,0.3,0.0,0.7,0.0,0.0,1210.0,0.0,0.0,0.0,0.0,0.0,0.0,0.0,0.0,0.0,0.0,0.0,0.0,0.0,3.0,0.0,4.0,1.0,2.0,0.5,0.0,0.0,0.0,1.0,2.0,0.5,0.5,0.0,0.0,0.0,0.0,0.0,0.0,0.0,0.0,0.0,1.0,0.0,2.0,0.0,-1.9,0.5,0.0,0.0,0.0,0.0,0.0,0.0,0.0,0.0,33.3,34.2,0.0,0.0,0.0,-0.375,-10.8,-8.5,-19.2,0.0,0.0,2013
457,Jarvis Varnado,4.5,0.2,0.5,0.429,0.0,0.0,0.0,0.2,0.5,0.429,0.429,0.2,0.3,0.5,0.2,0.5,0.7,0.2,0.1,0.2,0.5,0.8,0.6,0.0,0.0,1210.0,0.0,0.0,0.0,0.0,0.0,0.0,0.0,0.0,0.0,0.0,0.0,0.0,0.0,13.0,0.0,58.0,3.0,7.0,0.429,0.0,0.0,0.0,3.0,7.0,0.429,0.429,2.0,4.0,0.5,2.0,7.0,9.0,3.0,1.0,2.0,6.0,10.0,8.0,0.0,1.2,0.457,0.0,0.571,4.4,14.0,9.4,7.2,0.9,2.8,40.7,12.1,-0.1,0.1,-0.1,-0.059,-9.4,0.0,-9.5,-0.1,0.0,2013
458,Andris Biedriņš,9.3,0.2,0.4,0.476,0.0,0.0,0.0,0.2,0.4,0.476,0.476,0.1,0.2,0.308,0.6,2.2,2.9,0.3,0.3,0.8,0.3,1.9,0.5,0.0,0.0,1210.0,0.0,0.0,0.0,0.0,0.0,0.0,0.0,0.0,0.0,0.0,0.0,0.0,0.0,53.0,9.0,495.0,10.0,21.0,0.476,0.0,0.0,0.0,10.0,21.0,0.476,0.476,4.0,13.0,0.308,34.0,119.0,153.0,14.0,15.0,42.0,14.0,101.0,24.0,0.0,7.7,0.449,0.0,0.619,7.8,25.7,17.0,3.7,1.5,6.6,34.4,3.7,0.1,1.0,1.1,0.102,-4.8,3.8,-1.0,0.1,0.0,2013
459,Will Conroy,5.0,0.0,2.3,0.0,0.0,0.8,0.0,0.0,1.5,0.0,0.0,0.3,0.5,0.5,0.3,0.0,0.3,0.0,0.0,0.0,0.0,0.3,0.3,0.0,0.0,1210.0,0.0,0.0,0.0,0.0,0.0,0.0,0.0,0.0,0.0,0.0,0.0,0.0,0.0,4.0,0.0,20.0,0.0,9.0,0.0,0.0,3.0,0.0,0.0,6.0,0.0,0.0,1.0,2.0,0.5,1.0,0.0,1.0,0.0,0.0,0.0,0.0,1.0,1.0,0.0,-15.2,0.051,0.333,0.222,5.5,0.0,2.9,0.0,0.0,0.0,0.0,22.1,-0.2,0.0,-0.2,-0.433,-16.4,-8.5,-24.9,-0.1,0.0,2013
460,Joel Przybilla,5.7,0.1,0.3,0.25,0.0,0.0,0.0,0.1,0.3,0.25,0.25,0.0,0.2,0.0,0.4,1.3,1.8,0.3,0.1,0.2,0.3,0.8,0.2,0.0,0.0,1210.0,0.0,0.0,0.0,0.0,0.0,0.0,0.0,0.0,0.0,0.0,0.0,0.0,0.0,12.0,1.0,68.0,1.0,4.0,0.25,0.0,0.0,0.0,1.0,4.0,0.25,0.25,0.0,2.0,0.0,5.0,16.0,21.0,4.0,1.0,2.0,4.0,10.0,2.0,0.0,3.3,0.205,0.0,0.5,7.6,26.2,16.6,7.6,0.7,2.1,45.0,5.7,-0.1,0.1,0.0,-0.005,-7.3,0.2,-7.1,-0.1,0.0,2013
461,Matt Carroll,6.0,0.0,0.0,0.0,0.0,0.0,0.0,0.0,0.0,0.0,0.0,0.0,0.0,0.0,0.0,0.0,0.0,1.0,0.0,0.0,0.0,1.0,0.0,0.0,0.0,1210.0,0.0,0.0,0.0,0.0,0.0,0.0,0.0,0.0,0.0,0.0,0.0,0.0,0.0,1.0,0.0,6.0,0.0,0.0,0.0,0.0,0.0,0.0,0.0,0.0,0.0,0.0,0.0,0.0,0.0,0.0,0.0,0.0,1.0,0.0,0.0,0.0,1.0,0.0,0.0,2.9,0.0,0.0,0.0,0.0,0.0,0.0,23.4,0.0,0.0,0.0,0.0,0.0,0.0,0.0,0.029,-6.8,-3.2,-10.0,0.0,0.0,2013
462,Justin Dentmon,2.0,0.0,1.0,0.0,0.0,0.0,0.0,0.0,1.0,0.0,0.0,0.0,0.0,0.0,0.0,0.0,0.0,0.0,0.0,0.0,0.0,0.0,0.0,0.0,0.0,1210.0,0.0,0.0,0.0,0.0,0.0,0.0,0.0,0.0,0.0,0.0,0.0,0.0,0.0,2.0,0.0,4.0,0.0,2.0,0.0,0.0,0.0,0.0,0.0,2.0,0.0,0.0,0.0,0.0,0.0,0.0,0.0,0.0,0.0,0.0,0.0,0.0,0.0,0.0,0.0,-19.4,0.0,0.0,0.0,0.0,0.0,0.0,0.0,0.0,0.0,0.0,22.8,0.0,0.0,0.0,-0.571,-15.7,-8.9,-24.7,0.0,0.0,2013
463,Andrew Goudelock,6.0,0.0,2.0,0.0,0.0,0.0,0.0,0.0,2.0,0.0,0.0,0.0,0.0,0.0,1.0,0.0,1.0,0.0,0.0,0.0,0.0,0.0,0.0,0.0,0.0,1210.0,0.0,0.0,0.0,0.0,0.0,0.0,0.0,0.0,0.0,0.0,0.0,0.0,0.0,1.0,0.0,6.0,0.0,2.0,0.0,0.0,0.0,0.0,0.0,2.0,0.0,0.0,0.0,0.0,0.0,1.0,0.0,1.0,0.0,0.0,0.0,0.0,0.0,0.0,0.0,-6.4,0.0,0.0,0.0,18.9,0.0,9.2,0.0,0.0,0.0,0.0,14.8,0.0,0.0,0.0,-0.264,-9.7,-6.2,-15.9,0.0,0.0,2013
464,Damion James,0.0,0.0,0.0,0.0,0.0,0.0,0.0,0.0,0.0,0.0,0.0,0.0,0.0,0.0,0.0,0.5,0.5,0.0,0.0,0.0,0.0,0.0,0.0,0.0,0.0,1210.0,0.0,0.0,0.0,0.0,0.0,0.0,0.0,0.0,0.0,0.0,0.0,0.0,0.0,2.0,0.0,0.0,0.0,0.0,0.0,0.0,0.0,0.0,0.0,0.0,0.0,0.0,0.0,0.0,0.0,0.0,1.0,1.0,0.0,0.0,0.0,0.0,0.0,0.0,0.0,0.0,0.0,0.0,0.0,0.0,0.0,0.0,0.0,0.0,0.0,0.0,0.0,0.0,0.0,0.0,0.0,0.0,0.0,0.0,0.0,0.0,2013
465,Darius Johnson-Odom,1.5,0.0,1.0,0.0,0.0,0.3,0.0,0.0,0.8,0.0,0.0,0.0,0.0,0.0,0.3,0.8,1.0,0.3,0.0,0.0,0.0,0.0,0.0,0.0,0.0,1210.0,0.0,0.0,0.0,0.0,0.0,0.0,0.0,0.0,0.0,0.0,0.0,0.0,0.0,4.0,0.0,6.0,0.0,4.0,0.0,0.0,1.0,0.0,0.0,3.0,0.0,0.0,0.0,0.0,0.0,1.0,3.0,4.0,1.0,0.0,0.0,0.0,0.0,0.0,0.0,-6.7,0.0,0.25,0.0,18.9,53.7,36.7,21.7,0.0,0.0,0.0,29.7,-0.1,0.0,-0.1,-0.439,-15.0,-6.0,-21.0,0.0,0.0,2013
466,Solomon Jones,13.0,0.0,0.5,0.0,0.0,0.0,0.0,0.0,0.5,0.0,0.0,0.0,0.0,0.0,0.5,1.0,1.5,0.0,0.0,0.5,1.5,1.5,0.0,0.0,0.0,1210.0,0.0,0.0,0.0,0.0,0.0,0.0,0.0,0.0,0.0,0.0,0.0,0.0,0.0,2.0,1.0,26.0,0.0,1.0,0.0,0.0,0.0,0.0,0.0,1.0,0.0,0.0,0.0,0.0,0.0,1.0,2.0,3.0,0.0,0.0,1.0,3.0,3.0,0.0,0.0,-5.7,0.0,0.0,0.0,4.4,9.3,6.8,0.0,0.0,3.3,75.0,7.2,-0.1,0.0,-0.1,-0.172,-9.7,-1.2,-10.9,-0.1,0.0,2013
467,Darko Miličić,5.0,0.0,1.0,0.0,0.0,0.0,0.0,0.0,1.0,0.0,0.0,0.0,0.0,0.0,0.0,1.0,1.0,0.0,0.0,0.0,2.0,1.0,0.0,0.0,0.0,1210.0,0.0,0.0,0.0,0.0,0.0,0.0,0.0,0.0,0.0,0.0,0.0,0.0,0.0,1.0,0.0,5.0,0.0,1.0,0.0,0.0,0.0,0.0,0.0,1.0,0.0,0.0,0.0,0.0,0.0,0.0,1.0,1.0,0.0,0.0,0.0,2.0,1.0,0.0,0.0,-30.2,0.0,0.0,0.0,0.0,22.9,11.8,0.0,0.0,0.0,66.7,28.4,-0.1,0.0,-0.1,-0.779,-32.8,-5.5,-38.3,0.0,0.0,2013
