,Player,MPPG,FGPG,FGAPG,FG%PG,3PPG,3PAPG,3P%PG,2PPG,2PAPG,2P%PG,eFG%PG,FTPG,FTAPG,FT%PG,ORBPG,DRBPG,TRBPG,ASTPG,STLPG,BLKPG,TOVPG,PFPG,PTSPG,First,Pts Won,Pts Max,Share,G_x,MP_x,PTS_x,TRB_x,AST_x,STL_x,BLK_x,FG%_x,3P%_x,FT%_x,WS_x,WS/48_x,G_y,GS,MP_y,FG,FGA,FG%_y,3P,3PA,3P%_y,2P,2PA,2P%,eFG%,FT,FTA,FT%_y,ORB,DRB,TRB_y,AST_y,STL_y,BLK_y,TOV,PF,PTS_y,Trp-Dbl,PER,TS%,3PAr,FTr,ORB%,DRB%,TRB%,AST%,STL%,BLK%,TOV%,USG%,OWS,DWS,WS_y,WS/48_y,OBPM,DBPM,BPM,VORP,First Pts Share,Year
0,Kevin Durant,38.5,10.5,20.8,0.503,2.4,6.1,0.391,8.1,14.8,0.549,0.56,8.7,9.9,0.873,0.7,6.7,7.4,5.5,1.3,0.7,3.5,2.1,32.0,119.0,1232.0,1250.0,0.986,81.0,38.5,32.0,7.4,5.5,1.3,0.7,0.503,0.391,0.873,19.2,0.295,81.0,81.0,3122.0,849.0,1688.0,0.503,192.0,491.0,0.391,657.0,1197.0,0.549,0.56,703.0,805.0,0.873,58.0,540.0,598.0,445.0,103.0,59.0,285.0,174.0,2593.0,3.0,29.8,0.635,0.291,0.477,2.2,18.6,10.8,26.7,1.7,1.5,12.2,33.0,14.8,4.4,19.2,0.295,8.8,1.4,10.2,9.6,0.0952,2014
1,Carmelo Anthony,38.7,9.6,21.3,0.452,2.2,5.4,0.402,7.5,15.9,0.469,0.503,6.0,7.0,0.848,1.9,6.2,8.1,3.1,1.2,0.7,2.6,2.9,27.4,0.0,4.0,1250.0,0.003,77.0,38.7,27.4,8.1,3.1,1.2,0.7,0.452,0.402,0.848,10.7,0.172,77.0,77.0,2982.0,743.0,1643.0,0.452,167.0,415.0,0.402,576.0,1228.0,0.469,0.503,459.0,541.0,0.848,145.0,477.0,622.0,242.0,95.0,51.0,198.0,224.0,2112.0,0.0,24.4,0.561,0.253,0.329,5.6,19.4,12.3,15.8,1.7,1.5,9.5,32.4,8.1,2.5,10.7,0.172,5.8,-0.8,5.0,5.3,0.0,2014
2,LeBron James,37.7,10.0,17.6,0.567,1.5,4.0,0.379,8.5,13.6,0.622,0.61,5.7,7.6,0.75,1.1,5.9,6.9,6.3,1.6,0.3,3.5,1.6,27.1,6.0,891.0,1250.0,0.713,77.0,37.7,27.1,6.9,6.3,1.6,0.3,0.567,0.379,0.75,15.9,0.264,77.0,77.0,2902.0,767.0,1353.0,0.567,116.0,306.0,0.379,651.0,1047.0,0.622,0.61,439.0,585.0,0.75,81.0,452.0,533.0,488.0,121.0,26.0,270.0,126.0,2089.0,1.0,29.3,0.649,0.226,0.432,3.6,18.9,11.5,32.0,2.2,0.8,14.4,31.0,12.3,3.7,15.9,0.264,7.8,1.1,8.8,7.9,0.0048,2014
3,Kevin Love,36.3,8.4,18.5,0.457,2.5,6.6,0.376,6.0,11.9,0.502,0.524,6.8,8.2,0.821,2.9,9.6,12.5,4.4,0.8,0.5,2.5,1.8,26.1,0.0,25.0,1250.0,0.02,77.0,36.3,26.1,12.5,4.4,0.8,0.5,0.457,0.376,0.821,14.3,0.245,77.0,77.0,2797.0,650.0,1421.0,0.457,190.0,505.0,0.376,460.0,916.0,0.502,0.524,520.0,633.0,0.821,224.0,739.0,963.0,341.0,59.0,35.0,196.0,136.0,2010.0,3.0,26.9,0.591,0.355,0.445,8.5,29.5,18.7,21.4,1.0,1.0,10.3,28.8,10.6,3.7,14.3,0.245,8.3,0.6,8.9,7.7,0.0,2014
4,James Harden,38.0,7.5,16.5,0.456,2.4,6.6,0.366,5.1,9.9,0.515,0.529,7.9,9.1,0.866,0.8,3.9,4.7,6.1,1.6,0.4,3.6,2.4,25.4,0.0,85.0,1250.0,0.068,73.0,38.0,25.4,4.7,6.1,1.6,0.4,0.456,0.366,0.866,12.8,0.221,73.0,73.0,2777.0,549.0,1205.0,0.456,177.0,483.0,0.366,372.0,722.0,0.515,0.529,576.0,665.0,0.866,61.0,283.0,344.0,446.0,115.0,29.0,265.0,177.0,1851.0,1.0,23.5,0.618,0.401,0.552,2.6,10.7,6.9,27.3,2.1,0.8,15.0,27.8,10.1,2.7,12.8,0.221,5.4,0.2,5.6,5.3,0.0,2014
5,Blake Griffin,35.8,9.0,17.0,0.528,0.2,0.6,0.273,8.8,16.4,0.537,0.533,6.0,8.4,0.715,2.4,7.1,9.5,3.9,1.2,0.6,2.8,3.3,24.1,0.0,434.0,1250.0,0.347,80.0,35.8,24.1,9.5,3.9,1.2,0.6,0.528,0.273,0.715,12.2,0.205,80.0,80.0,2863.0,718.0,1359.0,0.528,12.0,44.0,0.273,706.0,1315.0,0.537,0.533,482.0,674.0,0.715,192.0,565.0,757.0,309.0,92.0,51.0,224.0,265.0,1930.0,1.0,23.9,0.583,0.032,0.496,7.7,21.2,14.7,19.2,1.6,1.4,11.9,29.0,8.1,4.1,12.2,0.205,3.8,0.7,4.5,4.7,0.0,2014
6,Stephen Curry,36.5,8.4,17.7,0.471,3.3,7.9,0.424,5.0,9.8,0.509,0.566,3.9,4.5,0.885,0.6,3.7,4.3,8.5,1.6,0.2,3.8,2.5,24.0,0.0,66.0,1250.0,0.053,78.0,36.5,24.0,4.3,8.5,1.6,0.2,0.471,0.424,0.885,13.4,0.225,78.0,78.0,2846.0,652.0,1383.0,0.471,261.0,615.0,0.424,391.0,768.0,0.509,0.566,308.0,348.0,0.885,46.0,288.0,334.0,666.0,128.0,14.0,294.0,194.0,1873.0,4.0,24.1,0.61,0.445,0.252,1.8,10.9,6.4,39.9,2.2,0.4,16.1,28.3,9.3,4.0,13.4,0.225,6.3,1.1,7.4,6.7,0.0,2014
7,LaMarcus Aldridge,36.2,9.4,20.6,0.458,0.0,0.2,0.2,9.4,20.4,0.461,0.459,4.3,5.2,0.822,2.4,8.7,11.1,2.6,0.9,1.0,1.8,2.1,23.2,0.0,26.0,1250.0,0.021,69.0,36.2,23.2,11.1,2.6,0.9,1.0,0.458,0.2,0.822,7.5,0.144,69.0,69.0,2498.0,652.0,1423.0,0.458,3.0,15.0,0.2,649.0,1408.0,0.461,0.459,296.0,360.0,0.822,166.0,599.0,765.0,178.0,63.0,68.0,123.0,147.0,1603.0,0.0,21.8,0.507,0.011,0.253,7.2,25.5,16.5,13.0,1.3,1.9,7.2,29.8,4.0,3.5,7.5,0.144,2.3,0.1,2.3,2.7,0.0,2014
8,DeMarcus Cousins,32.4,8.3,16.8,0.496,0.0,0.1,0.0,8.3,16.7,0.499,0.496,6.1,8.4,0.726,3.1,8.6,11.7,2.9,1.5,1.3,3.5,3.8,22.7,0.0,0.0,1250.0,0.0,0.0,0.0,0.0,0.0,0.0,0.0,0.0,0.0,0.0,0.0,0.0,0.0,71.0,71.0,2298.0,591.0,1191.0,0.496,0.0,7.0,0.0,591.0,1184.0,0.499,0.496,432.0,595.0,0.726,218.0,613.0,831.0,207.0,109.0,91.0,251.0,270.0,1614.0,0.0,26.1,0.555,0.006,0.5,10.6,30.5,20.4,17.8,2.4,3.2,14.7,32.7,4.1,3.8,7.9,0.166,3.6,1.6,5.2,4.2,0.0,2014
9,DeMar DeRozan,38.2,7.6,17.8,0.429,0.8,2.7,0.305,6.8,15.2,0.451,0.452,6.6,8.0,0.824,0.6,3.7,4.3,4.0,1.1,0.4,2.2,2.5,22.7,0.0,0.0,1250.0,0.0,0.0,0.0,0.0,0.0,0.0,0.0,0.0,0.0,0.0,0.0,0.0,0.0,79.0,79.0,3017.0,604.0,1407.0,0.429,64.0,210.0,0.305,540.0,1197.0,0.451,0.452,519.0,630.0,0.824,51.0,292.0,343.0,313.0,86.0,28.0,176.0,197.0,1791.0,0.0,18.4,0.532,0.149,0.448,2.0,11.3,6.6,18.9,1.5,0.7,9.5,28.0,5.8,3.0,8.8,0.141,1.9,-0.3,1.7,2.8,0.0,2014
10,Al Jefferson,35.0,9.6,18.8,0.509,0.0,0.2,0.2,9.5,18.6,0.512,0.51,2.6,3.8,0.69,2.1,8.7,10.8,2.1,0.9,1.1,1.7,2.4,21.8,0.0,34.0,1250.0,0.027,73.0,35.0,21.8,10.8,2.1,0.9,1.1,0.509,0.2,0.69,7.8,0.146,73.0,73.0,2553.0,700.0,1376.0,0.509,3.0,15.0,0.2,697.0,1361.0,0.512,0.51,191.0,277.0,0.69,156.0,636.0,792.0,155.0,67.0,79.0,124.0,176.0,1594.0,0.0,22.7,0.532,0.011,0.201,6.9,28.3,17.5,12.8,1.4,2.4,7.6,29.3,3.1,4.7,7.8,0.146,2.2,0.5,2.7,3.0,0.0,2014
11,Russell Westbrook,30.7,7.5,17.2,0.437,1.5,4.7,0.318,6.0,12.5,0.482,0.48,5.3,6.4,0.826,1.2,4.5,5.7,6.9,1.9,0.2,3.8,2.3,21.8,0.0,0.0,1250.0,0.0,0.0,0.0,0.0,0.0,0.0,0.0,0.0,0.0,0.0,0.0,0.0,0.0,46.0,46.0,1412.0,346.0,791.0,0.437,68.0,214.0,0.318,278.0,577.0,0.482,0.48,242.0,293.0,0.826,55.0,208.0,263.0,319.0,88.0,7.0,177.0,104.0,1002.0,2.0,24.7,0.545,0.271,0.37,4.6,15.9,10.5,40.2,3.1,0.4,16.1,34.4,3.0,2.3,5.2,0.178,4.8,0.7,5.5,2.7,0.0,2014
12,Paul George,36.2,7.2,17.0,0.424,2.3,6.3,0.364,4.9,10.8,0.458,0.49,5.0,5.8,0.864,0.8,6.0,6.8,3.5,1.9,0.3,2.8,2.5,21.7,0.0,33.0,1250.0,0.026,80.0,36.2,21.7,6.8,3.5,1.9,0.3,0.424,0.364,0.864,10.8,0.178,80.0,80.0,2898.0,577.0,1362.0,0.424,182.0,500.0,0.364,395.0,862.0,0.458,0.49,401.0,464.0,0.864,64.0,478.0,542.0,283.0,151.0,22.0,224.0,198.0,1737.0,1.0,20.1,0.555,0.367,0.341,2.6,17.7,10.5,17.9,2.7,0.6,12.5,28.3,4.4,6.4,10.8,0.178,2.7,2.1,4.9,5.0,0.0,2014
13,Dirk Nowitzki,32.9,7.9,15.9,0.497,1.6,4.1,0.398,6.3,11.8,0.532,0.549,4.2,4.7,0.899,0.5,5.7,6.2,2.7,0.9,0.6,1.5,2.1,21.7,0.0,7.0,1250.0,0.006,80.0,32.9,21.7,6.2,2.7,0.9,0.6,0.497,0.398,0.899,10.9,0.199,80.0,80.0,2628.0,633.0,1273.0,0.497,131.0,329.0,0.398,502.0,944.0,0.532,0.549,338.0,376.0,0.899,40.0,458.0,498.0,216.0,73.0,45.0,117.0,165.0,1735.0,0.0,23.6,0.603,0.258,0.295,1.8,20.0,10.9,14.2,1.4,1.4,7.5,26.9,8.6,2.3,10.9,0.199,5.0,0.0,5.0,4.7,0.0,2014
14,Anthony Davis,35.2,7.8,15.0,0.519,0.0,0.1,0.222,7.8,14.9,0.522,0.52,5.2,6.6,0.791,3.1,7.0,10.0,1.6,1.3,2.8,1.6,3.0,20.8,0.0,0.0,1250.0,0.0,0.0,0.0,0.0,0.0,0.0,0.0,0.0,0.0,0.0,0.0,0.0,0.0,67.0,66.0,2358.0,522.0,1005.0,0.519,2.0,9.0,0.222,520.0,996.0,0.522,0.52,348.0,440.0,0.791,207.0,466.0,673.0,105.0,89.0,189.0,109.0,200.0,1394.0,0.0,26.5,0.582,0.009,0.438,10.0,23.3,16.6,8.0,2.0,6.7,8.3,25.2,7.2,3.2,10.4,0.212,4.0,0.8,4.8,4.0,0.0,2014
15,Kyrie Irving,35.2,7.5,17.4,0.43,1.7,4.8,0.358,5.8,12.6,0.458,0.48,4.1,4.8,0.861,0.7,2.9,3.6,6.1,1.5,0.3,2.7,2.3,20.8,0.0,0.0,1250.0,0.0,0.0,0.0,0.0,0.0,0.0,0.0,0.0,0.0,0.0,0.0,0.0,0.0,71.0,71.0,2496.0,532.0,1237.0,0.43,123.0,344.0,0.358,409.0,893.0,0.458,0.48,291.0,338.0,0.861,52.0,207.0,259.0,433.0,108.0,23.0,190.0,163.0,1478.0,1.0,20.1,0.533,0.278,0.273,2.3,9.5,5.8,31.6,2.2,0.8,12.1,28.2,4.6,2.1,6.7,0.128,3.6,-0.2,3.4,3.3,0.0,2014
16,Damian Lillard,35.8,6.7,15.9,0.424,2.7,6.8,0.394,4.1,9.1,0.447,0.508,4.5,5.2,0.871,0.4,3.1,3.5,5.6,0.8,0.3,2.4,2.4,20.7,0.0,0.0,1250.0,0.0,0.0,0.0,0.0,0.0,0.0,0.0,0.0,0.0,0.0,0.0,0.0,0.0,82.0,82.0,2937.0,553.0,1304.0,0.424,218.0,554.0,0.394,335.0,750.0,0.447,0.508,371.0,426.0,0.871,35.0,253.0,288.0,457.0,64.0,22.0,193.0,197.0,1695.0,0.0,18.6,0.568,0.425,0.327,1.3,9.2,5.3,25.1,1.1,0.5,11.5,25.0,7.8,1.8,9.6,0.157,3.8,-0.6,3.2,3.9,0.0,2014
17,Brook Lopez,31.4,7.6,13.5,0.563,0.0,0.1,0.0,7.6,13.4,0.566,0.563,5.5,6.8,0.817,2.3,3.7,6.0,0.9,0.5,1.8,1.6,3.1,20.7,0.0,0.0,1250.0,0.0,0.0,0.0,0.0,0.0,0.0,0.0,0.0,0.0,0.0,0.0,0.0,0.0,17.0,17.0,533.0,129.0,229.0,0.563,0.0,1.0,0.0,129.0,228.0,0.566,0.563,94.0,115.0,0.817,39.0,63.0,102.0,16.0,9.0,30.0,28.0,52.0,352.0,0.0,25.4,0.629,0.004,0.502,8.8,14.1,11.5,6.1,0.9,4.8,9.1,27.1,1.9,0.5,2.3,0.211,4.0,-0.3,3.7,0.8,0.0,2014
18,Goran Dragić,35.1,7.3,14.4,0.505,1.6,3.9,0.408,5.7,10.4,0.542,0.561,4.2,5.5,0.76,0.9,2.3,3.2,5.9,1.4,0.3,2.8,2.7,20.3,0.0,3.0,1250.0,0.002,76.0,35.1,20.3,3.2,5.9,1.4,0.3,0.505,0.408,0.76,10.3,0.186,76.0,75.0,2668.0,552.0,1093.0,0.505,122.0,299.0,0.408,430.0,794.0,0.542,0.561,316.0,416.0,0.76,69.0,176.0,245.0,447.0,104.0,22.0,213.0,206.0,1542.0,0.0,21.4,0.604,0.274,0.381,2.9,7.4,5.2,28.1,2.0,0.6,14.3,24.5,8.4,2.0,10.3,0.186,4.1,-0.2,3.9,4.0,0.0,2014
19,Isaiah Thomas,34.7,6.9,15.2,0.453,1.8,5.1,0.349,5.1,10.2,0.504,0.51,4.8,5.7,0.85,0.7,2.3,2.9,6.3,1.3,0.1,3.0,2.6,20.3,0.0,0.0,1250.0,0.0,0.0,0.0,0.0,0.0,0.0,0.0,0.0,0.0,0.0,0.0,0.0,0.0,72.0,54.0,2497.0,496.0,1096.0,0.453,127.0,364.0,0.349,369.0,732.0,0.504,0.51,346.0,407.0,0.85,47.0,163.0,210.0,454.0,93.0,8.0,213.0,185.0,1465.0,1.0,20.5,0.574,0.332,0.371,2.1,7.5,4.7,32.2,1.9,0.3,14.3,26.3,6.4,1.3,7.7,0.149,3.9,-0.7,3.2,3.2,0.0,2014
20,Rudy Gay,34.7,7.4,16.2,0.455,0.9,2.7,0.33,6.5,13.5,0.481,0.483,4.4,5.3,0.822,1.5,4.4,6.0,2.9,1.3,0.8,3.1,2.3,20.0,0.0,0.0,1250.0,0.0,0.0,0.0,0.0,0.0,0.0,0.0,0.0,0.0,0.0,0.0,0.0,0.0,73.0,73.0,2531.0,537.0,1179.0,0.455,65.0,197.0,0.33,472.0,982.0,0.481,0.483,318.0,387.0,0.822,113.0,324.0,437.0,209.0,95.0,56.0,224.0,171.0,1457.0,0.0,18.3,0.54,0.167,0.328,5.0,14.8,9.8,15.1,1.9,1.8,14.2,27.6,2.3,2.5,4.8,0.091,1.8,0.0,1.7,2.4,0.0,2014
21,Ryan Anderson,36.1,7.0,16.1,0.438,3.0,7.5,0.409,4.0,8.6,0.463,0.532,2.7,2.8,0.952,3.0,3.5,6.5,0.8,0.5,0.3,0.9,2.1,19.8,0.0,0.0,1250.0,0.0,0.0,0.0,0.0,0.0,0.0,0.0,0.0,0.0,0.0,0.0,0.0,0.0,22.0,14.0,795.0,155.0,354.0,0.438,67.0,164.0,0.409,88.0,190.0,0.463,0.532,59.0,62.0,0.952,66.0,76.0,142.0,17.0,10.0,7.0,20.0,47.0,436.0,0.0,18.8,0.572,0.463,0.175,9.5,11.3,10.4,3.6,0.7,0.7,5.0,22.9,2.2,0.1,2.3,0.138,4.5,-3.2,1.4,0.6,0.0,2014
22,John Wall,36.3,7.1,16.3,0.433,1.3,3.8,0.351,5.7,12.5,0.458,0.473,3.9,4.8,0.805,0.5,3.6,4.1,8.8,1.8,0.5,3.6,2.7,19.3,0.0,0.0,1250.0,0.0,0.0,0.0,0.0,0.0,0.0,0.0,0.0,0.0,0.0,0.0,0.0,0.0,82.0,82.0,2980.0,579.0,1337.0,0.433,108.0,308.0,0.351,471.0,1029.0,0.458,0.473,317.0,394.0,0.805,38.0,295.0,333.0,721.0,149.0,40.0,295.0,219.0,1583.0,2.0,19.5,0.524,0.23,0.295,1.5,11.7,6.5,40.5,2.6,1.1,16.3,27.4,4.0,4.0,7.9,0.128,2.4,0.4,2.7,3.6,0.0,2014
23,Kevin Martin,32.0,6.5,15.0,0.43,1.7,4.4,0.387,4.8,10.7,0.448,0.486,4.5,5.0,0.891,0.5,2.5,3.0,1.8,1.0,0.1,1.6,1.8,19.1,0.0,0.0,1250.0,0.0,0.0,0.0,0.0,0.0,0.0,0.0,0.0,0.0,0.0,0.0,0.0,0.0,68.0,68.0,2177.0,440.0,1023.0,0.43,115.0,297.0,0.387,325.0,726.0,0.448,0.486,303.0,340.0,0.891,34.0,169.0,203.0,121.0,66.0,6.0,106.0,123.0,1298.0,0.0,16.3,0.553,0.29,0.332,1.7,8.7,5.1,9.2,1.5,0.2,8.3,25.0,3.8,1.5,5.3,0.117,1.1,-0.8,0.3,1.3,0.0,2014
24,Chris Paul,35.0,6.5,14.0,0.467,1.3,3.4,0.368,5.3,10.6,0.498,0.511,4.8,5.6,0.855,0.6,3.7,4.3,10.7,2.5,0.1,2.3,2.5,19.1,0.0,45.0,1250.0,0.036,62.0,35.0,19.1,4.3,10.7,2.5,0.1,0.467,0.368,0.855,12.2,0.27,62.0,62.0,2171.0,406.0,870.0,0.467,78.0,212.0,0.368,328.0,658.0,0.498,0.511,295.0,345.0,0.855,38.0,230.0,268.0,663.0,154.0,4.0,145.0,157.0,1185.0,0.0,25.9,0.58,0.244,0.397,2.0,11.4,6.9,48.9,3.5,0.1,12.4,23.7,9.0,3.2,12.2,0.27,6.0,2.6,8.6,5.8,0.0,2014
25,Monta Ellis,36.9,7.0,15.6,0.451,0.8,2.5,0.33,6.2,13.0,0.474,0.478,4.1,5.2,0.788,0.5,3.1,3.6,5.7,1.7,0.3,3.2,2.4,19.0,0.0,0.0,1250.0,0.0,0.0,0.0,0.0,0.0,0.0,0.0,0.0,0.0,0.0,0.0,0.0,0.0,82.0,82.0,3023.0,576.0,1278.0,0.451,69.0,209.0,0.33,507.0,1069.0,0.474,0.478,339.0,430.0,0.788,38.0,257.0,295.0,471.0,141.0,23.0,264.0,197.0,1560.0,0.0,16.8,0.532,0.164,0.336,1.5,9.8,5.6,24.8,2.4,0.6,15.2,26.0,2.8,2.1,4.9,0.078,0.3,-0.5,-0.3,1.3,0.0,2014
26,Dwyane Wade,32.9,7.7,14.1,0.545,0.2,0.6,0.281,7.5,13.5,0.557,0.551,3.5,4.8,0.733,1.1,3.4,4.5,4.7,1.5,0.5,3.0,2.0,19.0,0.0,0.0,1250.0,0.0,0.0,0.0,0.0,0.0,0.0,0.0,0.0,0.0,0.0,0.0,0.0,0.0,54.0,53.0,1775.0,415.0,761.0,0.545,9.0,32.0,0.281,406.0,729.0,0.557,0.551,189.0,258.0,0.733,60.0,181.0,241.0,252.0,79.0,29.0,161.0,106.0,1028.0,0.0,22.0,0.588,0.042,0.339,4.4,12.3,8.5,25.5,2.3,1.4,15.5,27.9,3.5,2.0,5.5,0.149,2.9,0.0,2.9,2.2,0.0,2014
27,Jamal Crawford,30.3,6.1,14.7,0.416,2.3,6.5,0.361,3.8,8.2,0.46,0.496,4.0,4.7,0.866,0.5,1.8,2.3,3.2,0.9,0.2,2.0,1.7,18.6,0.0,0.0,1250.0,0.0,0.0,0.0,0.0,0.0,0.0,0.0,0.0,0.0,0.0,0.0,0.0,0.0,69.0,24.0,2094.0,421.0,1011.0,0.416,161.0,446.0,0.361,260.0,565.0,0.46,0.496,279.0,322.0,0.866,34.0,124.0,158.0,223.0,59.0,12.0,135.0,120.0,1282.0,0.0,17.3,0.556,0.441,0.318,1.9,6.4,4.2,17.4,1.4,0.4,10.5,27.2,3.8,1.5,5.3,0.122,3.0,-1.4,1.6,1.9,0.0,2014
28,Al Horford,33.0,8.2,14.5,0.567,0.1,0.4,0.364,8.1,14.1,0.572,0.571,2.0,2.9,0.682,2.3,6.1,8.4,2.6,0.9,1.5,2.2,1.9,18.6,0.0,0.0,1250.0,0.0,0.0,0.0,0.0,0.0,0.0,0.0,0.0,0.0,0.0,0.0,0.0,0.0,29.0,29.0,958.0,238.0,420.0,0.567,4.0,11.0,0.364,234.0,409.0,0.572,0.571,58.0,85.0,0.682,66.0,178.0,244.0,76.0,27.0,44.0,64.0,56.0,538.0,0.0,22.0,0.588,0.026,0.202,8.0,21.4,14.8,15.2,1.4,3.6,12.3,24.7,1.5,1.3,2.8,0.141,2.2,0.8,3.0,1.2,0.0,2014
29,Klay Thompson,35.4,6.9,15.5,0.444,2.8,6.6,0.417,4.1,8.9,0.464,0.533,1.8,2.3,0.795,0.5,2.6,3.1,2.2,0.9,0.5,1.7,2.9,18.4,0.0,0.0,1250.0,0.0,0.0,0.0,0.0,0.0,0.0,0.0,0.0,0.0,0.0,0.0,0.0,0.0,81.0,81.0,2868.0,559.0,1259.0,0.444,223.0,535.0,0.417,336.0,724.0,0.464,0.533,147.0,185.0,0.795,38.0,211.0,249.0,181.0,74.0,37.0,135.0,234.0,1488.0,0.0,14.3,0.555,0.425,0.147,1.5,7.9,4.7,10.2,1.3,1.0,9.2,22.6,3.5,3.2,6.7,0.112,0.9,-0.1,0.8,2.0,0.0,2014
30,Dwight Howard,33.7,6.7,11.3,0.591,0.0,0.1,0.286,6.6,11.2,0.594,0.593,4.9,9.0,0.547,3.3,8.9,12.2,1.8,0.8,1.8,3.2,3.4,18.3,0.0,0.0,1250.0,0.0,0.0,0.0,0.0,0.0,0.0,0.0,0.0,0.0,0.0,0.0,0.0,0.0,71.0,71.0,2396.0,473.0,800.0,0.591,2.0,7.0,0.286,471.0,793.0,0.594,0.593,349.0,638.0,0.547,231.0,635.0,866.0,131.0,60.0,128.0,229.0,240.0,1297.0,0.0,21.3,0.6,0.009,0.798,11.4,27.9,20.1,9.3,1.2,4.0,17.5,24.0,4.0,4.1,8.0,0.161,0.9,0.8,1.8,2.3,0.0,2014
31,Arron Afflalo,35.0,6.4,13.8,0.459,1.8,4.1,0.427,4.6,9.7,0.473,0.522,3.8,4.6,0.815,0.4,3.2,3.6,3.4,0.5,0.0,2.0,1.9,18.2,0.0,0.0,1250.0,0.0,0.0,0.0,0.0,0.0,0.0,0.0,0.0,0.0,0.0,0.0,0.0,0.0,73.0,73.0,2552.0,464.0,1011.0,0.459,128.0,300.0,0.427,336.0,711.0,0.473,0.522,274.0,336.0,0.815,32.0,230.0,262.0,248.0,35.0,3.0,146.0,136.0,1330.0,0.0,16.0,0.574,0.297,0.332,1.4,10.2,5.8,16.9,0.7,0.1,11.2,23.3,4.3,1.0,5.3,0.099,1.4,-1.6,-0.2,1.1,0.0,2014
32,David Lee,33.2,7.4,14.2,0.523,0.0,0.0,0.0,7.4,14.2,0.523,0.523,3.3,4.3,0.78,2.6,6.7,9.3,2.1,0.7,0.4,2.2,3.0,18.2,0.0,0.0,1250.0,0.0,0.0,0.0,0.0,0.0,0.0,0.0,0.0,0.0,0.0,0.0,0.0,0.0,69.0,67.0,2288.0,513.0,981.0,0.523,0.0,1.0,0.0,513.0,980.0,0.523,0.523,231.0,296.0,0.78,182.0,461.0,643.0,147.0,48.0,26.0,152.0,206.0,1257.0,0.0,19.1,0.566,0.001,0.302,8.8,21.6,15.3,10.9,1.0,0.9,12.0,24.3,4.1,3.5,7.6,0.16,1.1,0.3,1.3,1.9,0.0,2014
33,Brandon Knight,33.3,6.4,15.2,0.422,1.5,4.7,0.325,4.9,10.5,0.466,0.473,3.6,4.5,0.802,0.6,2.9,3.5,4.9,1.0,0.2,2.6,2.0,17.9,0.0,0.0,1250.0,0.0,0.0,0.0,0.0,0.0,0.0,0.0,0.0,0.0,0.0,0.0,0.0,0.0,72.0,69.0,2400.0,461.0,1092.0,0.422,110.0,338.0,0.325,351.0,754.0,0.466,0.473,259.0,323.0,0.802,46.0,209.0,255.0,352.0,69.0,17.0,188.0,146.0,1291.0,0.0,16.5,0.523,0.31,0.296,2.1,10.3,6.1,26.6,1.5,0.6,13.2,26.8,2.4,0.4,2.8,0.055,1.7,-2.2,-0.5,0.9,0.0,2014
34,Kyle Lowry,36.2,5.8,13.7,0.423,2.4,6.3,0.38,3.4,7.3,0.46,0.511,4.0,4.9,0.813,1.1,3.6,4.7,7.4,1.5,0.2,2.5,3.4,17.9,0.0,0.0,1250.0,0.0,0.0,0.0,0.0,0.0,0.0,0.0,0.0,0.0,0.0,0.0,0.0,0.0,79.0,79.0,2862.0,457.0,1080.0,0.423,190.0,500.0,0.38,267.0,580.0,0.46,0.511,313.0,385.0,0.813,88.0,281.0,369.0,586.0,121.0,15.0,194.0,267.0,1417.0,2.0,20.1,0.567,0.463,0.356,3.6,11.5,7.5,34.7,2.2,0.4,13.4,22.9,8.4,3.3,11.7,0.197,4.1,0.6,4.7,4.8,0.0,2014
35,Paul Millsap,33.5,6.5,14.1,0.461,1.0,2.9,0.358,5.5,11.3,0.487,0.498,3.9,5.3,0.731,2.1,6.4,8.5,3.1,1.7,1.1,2.5,2.8,17.9,0.0,0.0,1250.0,0.0,0.0,0.0,0.0,0.0,0.0,0.0,0.0,0.0,0.0,0.0,0.0,0.0,74.0,73.0,2482.0,483.0,1047.0,0.461,76.0,212.0,0.358,407.0,835.0,0.487,0.498,286.0,391.0,0.731,154.0,473.0,627.0,232.0,129.0,78.0,185.0,210.0,1328.0,1.0,19.8,0.545,0.202,0.373,7.2,21.9,14.6,16.2,2.6,2.5,13.2,25.7,2.7,4.0,6.7,0.129,1.4,1.3,2.8,3.0,0.0,2014
36,Nick Young,28.3,6.0,13.9,0.435,2.1,5.5,0.386,3.9,8.4,0.468,0.511,3.7,4.5,0.825,0.5,2.1,2.6,1.5,0.7,0.2,1.5,2.4,17.9,0.0,0.0,1250.0,0.0,0.0,0.0,0.0,0.0,0.0,0.0,0.0,0.0,0.0,0.0,0.0,0.0,64.0,9.0,1810.0,387.0,889.0,0.435,135.0,350.0,0.386,252.0,539.0,0.468,0.511,235.0,285.0,0.825,29.0,137.0,166.0,95.0,46.0,12.0,95.0,156.0,1144.0,0.0,16.0,0.564,0.394,0.321,1.7,8.1,4.9,9.0,1.2,0.5,8.6,26.8,2.3,0.3,2.5,0.067,1.4,-1.9,-0.5,0.7,0.0,2014
37,Thaddeus Young,34.4,7.4,16.2,0.454,1.1,3.7,0.308,6.2,12.5,0.496,0.489,2.1,2.9,0.712,2.1,3.9,6.0,2.3,2.1,0.5,2.1,2.7,17.9,0.0,0.0,1250.0,0.0,0.0,0.0,0.0,0.0,0.0,0.0,0.0,0.0,0.0,0.0,0.0,0.0,79.0,78.0,2718.0,582.0,1283.0,0.454,90.0,292.0,0.308,492.0,991.0,0.496,0.489,163.0,229.0,0.712,166.0,310.0,476.0,182.0,167.0,36.0,165.0,213.0,1417.0,0.0,16.6,0.512,0.228,0.178,6.3,12.8,9.5,11.8,3.0,1.1,10.7,24.1,1.2,2.3,3.5,0.062,0.4,-0.5,-0.1,1.3,0.0,2014
38,Eric Bledsoe,32.9,6.2,12.9,0.477,1.2,3.3,0.357,5.0,9.7,0.517,0.522,4.3,5.5,0.772,0.6,4.1,4.7,5.5,1.6,0.3,3.3,2.3,17.7,0.0,0.0,1250.0,0.0,0.0,0.0,0.0,0.0,0.0,0.0,0.0,0.0,0.0,0.0,0.0,0.0,43.0,40.0,1416.0,265.0,556.0,0.477,50.0,140.0,0.357,215.0,416.0,0.517,0.522,183.0,237.0,0.772,27.0,175.0,202.0,235.0,69.0,14.0,143.0,99.0,763.0,0.0,19.6,0.578,0.252,0.426,2.1,13.8,8.0,27.0,2.4,0.8,17.8,24.9,2.6,1.6,4.1,0.14,2.3,0.7,3.1,1.8,0.0,2014
39,Kemba Walker,35.8,6.2,15.7,0.393,1.5,4.5,0.333,4.7,11.2,0.417,0.441,3.9,4.6,0.837,0.5,3.7,4.2,6.1,1.2,0.4,2.3,1.8,17.7,0.0,0.0,1250.0,0.0,0.0,0.0,0.0,0.0,0.0,0.0,0.0,0.0,0.0,0.0,0.0,0.0,73.0,73.0,2614.0,449.0,1143.0,0.393,109.0,327.0,0.333,340.0,816.0,0.417,0.441,282.0,337.0,0.837,39.0,267.0,306.0,447.0,86.0,32.0,169.0,128.0,1289.0,1.0,16.8,0.499,0.286,0.295,1.7,11.6,6.6,29.7,1.7,1.0,11.6,25.8,1.8,3.3,5.1,0.093,1.4,0.3,1.7,2.4,0.0,2014
40,Ty Lawson,35.8,5.6,13.0,0.431,1.2,3.3,0.356,4.4,9.7,0.455,0.475,5.2,6.5,0.798,0.6,2.8,3.5,8.8,1.6,0.2,3.2,1.8,17.6,0.0,0.0,1250.0,0.0,0.0,0.0,0.0,0.0,0.0,0.0,0.0,0.0,0.0,0.0,0.0,0.0,62.0,61.0,2222.0,347.0,806.0,0.431,72.0,202.0,0.356,275.0,604.0,0.455,0.475,324.0,406.0,0.798,40.0,175.0,215.0,543.0,100.0,10.0,200.0,113.0,1090.0,0.0,19.0,0.554,0.251,0.504,1.9,8.5,5.2,38.2,2.2,0.3,16.9,22.7,4.8,1.5,6.3,0.136,2.9,-0.5,2.3,2.5,0.0,2014
41,Nikola Peković,30.8,7.0,13.0,0.541,0.0,0.0,0.0,7.0,13.0,0.541,0.541,3.4,4.6,0.747,3.8,4.9,8.7,0.9,0.6,0.4,1.6,2.4,17.5,0.0,0.0,1250.0,0.0,0.0,0.0,0.0,0.0,0.0,0.0,0.0,0.0,0.0,0.0,0.0,0.0,54.0,54.0,1663.0,379.0,701.0,0.541,0.0,0.0,0.0,379.0,701.0,0.541,0.541,186.0,249.0,0.747,206.0,262.0,468.0,50.0,30.0,23.0,84.0,129.0,944.0,0.0,20.7,0.582,0.0,0.355,13.1,17.6,15.3,5.2,0.9,1.1,9.4,22.9,4.3,1.5,5.9,0.169,2.2,-1.6,0.6,1.1,0.0,2014
42,Pau Gasol,31.4,7.1,14.8,0.48,0.1,0.2,0.286,7.0,14.5,0.483,0.482,3.1,4.2,0.736,2.1,7.6,9.7,3.4,0.5,1.5,2.4,2.1,17.4,0.0,0.0,1250.0,0.0,0.0,0.0,0.0,0.0,0.0,0.0,0.0,0.0,0.0,0.0,0.0,0.0,60.0,60.0,1884.0,425.0,885.0,0.48,4.0,14.0,0.286,421.0,871.0,0.483,0.482,187.0,254.0,0.736,124.0,456.0,580.0,201.0,27.0,92.0,141.0,124.0,1041.0,0.0,19.3,0.522,0.016,0.287,7.0,25.9,16.4,18.7,0.7,3.5,12.4,26.4,1.3,1.7,3.0,0.076,1.0,0.2,1.2,1.5,0.0,2014
43,Zach Randolph,34.2,7.1,15.2,0.467,0.0,0.3,0.1,7.1,14.9,0.474,0.468,3.2,4.3,0.742,3.4,6.7,10.1,2.5,0.7,0.3,2.3,2.7,17.4,0.0,0.0,1250.0,0.0,0.0,0.0,0.0,0.0,0.0,0.0,0.0,0.0,0.0,0.0,0.0,0.0,79.0,79.0,2705.0,560.0,1198.0,0.467,2.0,20.0,0.1,558.0,1178.0,0.474,0.468,250.0,337.0,0.742,265.0,530.0,795.0,200.0,54.0,23.0,183.0,210.0,1372.0,0.0,18.3,0.51,0.017,0.281,11.6,23.3,17.4,12.7,1.1,0.7,12.0,26.1,2.9,3.5,6.4,0.113,0.8,-0.9,-0.1,1.3,0.0,2014
44,Mike Conley,33.5,6.3,14.1,0.45,1.4,4.0,0.361,4.9,10.1,0.484,0.5,3.1,3.8,0.815,0.6,2.4,2.9,6.0,1.5,0.2,2.1,1.9,17.2,0.0,1.0,1250.0,0.001,73.0,33.5,17.2,2.9,6.0,1.5,0.2,0.45,0.361,0.815,8.2,0.161,73.0,73.0,2446.0,463.0,1030.0,0.45,105.0,291.0,0.361,358.0,739.0,0.484,0.5,225.0,276.0,0.815,41.0,172.0,213.0,441.0,110.0,13.0,150.0,141.0,1256.0,0.0,20.0,0.545,0.283,0.268,2.0,8.4,5.2,30.1,2.4,0.4,11.5,24.6,5.5,2.7,8.2,0.161,3.4,0.3,3.8,3.6,0.0,2014
45,Bradley Beal,34.7,6.6,15.7,0.419,1.9,4.7,0.402,4.7,11.0,0.426,0.479,2.0,2.6,0.788,0.7,3.0,3.7,3.3,1.0,0.2,1.8,2.1,17.1,0.0,0.0,1250.0,0.0,0.0,0.0,0.0,0.0,0.0,0.0,0.0,0.0,0.0,0.0,0.0,0.0,73.0,73.0,2530.0,481.0,1149.0,0.419,138.0,343.0,0.402,343.0,806.0,0.426,0.479,149.0,189.0,0.788,54.0,219.0,273.0,243.0,71.0,18.0,128.0,153.0,1249.0,0.0,14.3,0.507,0.299,0.164,2.4,10.2,6.3,16.0,1.4,0.6,9.4,24.3,1.6,2.4,4.0,0.076,0.3,-0.7,-0.4,1.0,0.0,2014
46,Jeff Green,34.2,5.9,14.3,0.412,1.6,4.8,0.341,4.2,9.5,0.448,0.469,3.5,4.3,0.795,0.7,4.0,4.6,1.7,0.7,0.6,2.0,2.2,16.9,0.0,0.0,1250.0,0.0,0.0,0.0,0.0,0.0,0.0,0.0,0.0,0.0,0.0,0.0,0.0,0.0,82.0,82.0,2805.0,482.0,1171.0,0.412,135.0,396.0,0.341,347.0,775.0,0.448,0.469,283.0,356.0,0.795,54.0,326.0,380.0,138.0,57.0,47.0,165.0,180.0,1382.0,0.0,13.1,0.52,0.338,0.304,2.1,13.6,7.7,8.4,1.0,1.3,11.1,23.6,1.3,2.0,3.3,0.057,-0.2,-1.3,-1.5,0.3,0.0,2014
47,Michael Carter-Williams,34.5,6.1,15.1,0.405,0.8,3.0,0.264,5.3,12.1,0.44,0.431,3.7,5.2,0.703,1.4,4.8,6.2,6.3,1.9,0.6,3.5,3.0,16.7,0.0,0.0,1250.0,0.0,0.0,0.0,0.0,0.0,0.0,0.0,0.0,0.0,0.0,0.0,0.0,0.0,70.0,70.0,2414.0,427.0,1054.0,0.405,55.0,208.0,0.264,372.0,846.0,0.44,0.431,258.0,367.0,0.703,101.0,336.0,437.0,441.0,130.0,43.0,247.0,213.0,1167.0,2.0,15.5,0.48,0.197,0.348,4.3,15.6,9.8,30.2,2.6,1.4,16.9,25.7,-0.8,2.1,1.3,0.026,-0.2,-0.2,-0.5,0.9,0.0,2014
48,Tony Parker,29.4,6.7,13.4,0.499,0.4,1.0,0.373,6.3,12.5,0.509,0.513,2.9,3.6,0.811,0.3,2.0,2.3,5.7,0.5,0.1,2.2,1.3,16.7,0.0,21.0,1250.0,0.017,68.0,29.4,16.7,2.3,5.7,0.5,0.1,0.499,0.373,0.811,5.9,0.141,68.0,68.0,1997.0,456.0,914.0,0.499,25.0,67.0,0.373,431.0,847.0,0.509,0.513,197.0,243.0,0.811,17.0,138.0,155.0,388.0,36.0,9.0,151.0,86.0,1134.0,0.0,18.9,0.555,0.073,0.266,1.0,7.5,4.4,31.7,0.9,0.3,12.9,26.5,3.9,1.9,5.9,0.141,2.0,-1.2,0.9,1.5,0.0,2014
49,Chandler Parsons,37.6,6.3,13.3,0.472,1.8,4.7,0.37,4.5,8.6,0.528,0.538,2.2,3.0,0.742,0.9,4.6,5.5,4.0,1.2,0.4,1.9,2.3,16.6,0.0,0.0,1250.0,0.0,0.0,0.0,0.0,0.0,0.0,0.0,0.0,0.0,0.0,0.0,0.0,0.0,74.0,74.0,2783.0,466.0,987.0,0.472,130.0,351.0,0.37,336.0,636.0,0.528,0.538,164.0,221.0,0.742,69.0,340.0,409.0,298.0,88.0,29.0,144.0,168.0,1226.0,0.0,15.9,0.565,0.356,0.224,2.9,12.8,8.2,17.3,1.6,0.8,11.7,19.3,5.1,2.5,7.6,0.131,1.5,0.2,1.7,2.6,0.0,2014
50,Jeff Teague,32.2,5.8,13.2,0.438,0.9,2.8,0.329,4.8,10.3,0.469,0.474,4.0,4.8,0.846,0.4,2.2,2.6,6.7,1.1,0.2,2.9,2.0,16.5,0.0,0.0,1250.0,0.0,0.0,0.0,0.0,0.0,0.0,0.0,0.0,0.0,0.0,0.0,0.0,0.0,79.0,79.0,2542.0,456.0,1040.0,0.438,74.0,225.0,0.329,382.0,815.0,0.469,0.474,318.0,376.0,0.846,34.0,174.0,208.0,528.0,89.0,17.0,232.0,158.0,1304.0,0.0,17.1,0.541,0.216,0.362,1.6,7.9,4.7,35.1,1.8,0.5,16.1,25.7,3.3,1.9,5.2,0.098,1.2,-1.3,-0.1,1.2,0.0,2014
51,Wesley Matthews,33.9,5.4,12.3,0.441,2.5,6.2,0.393,3.0,6.1,0.49,0.541,3.1,3.7,0.837,0.6,2.9,3.5,2.4,0.9,0.2,1.3,2.1,16.4,0.0,0.0,1250.0,0.0,0.0,0.0,0.0,0.0,0.0,0.0,0.0,0.0,0.0,0.0,0.0,0.0,82.0,82.0,2780.0,445.0,1009.0,0.441,201.0,511.0,0.393,244.0,498.0,0.49,0.541,252.0,301.0,0.837,51.0,238.0,289.0,197.0,76.0,14.0,110.0,176.0,1343.0,0.0,15.7,0.588,0.506,0.298,2.0,9.1,5.6,10.9,1.4,0.4,8.8,19.6,6.3,1.9,8.2,0.142,1.9,0.1,1.9,2.7,0.0,2014
52,Josh Smith,35.5,6.7,16.0,0.419,0.9,3.4,0.264,5.8,12.6,0.462,0.448,2.1,3.9,0.532,1.3,5.4,6.8,3.3,1.4,1.4,2.6,2.6,16.4,0.0,0.0,1250.0,0.0,0.0,0.0,0.0,0.0,0.0,0.0,0.0,0.0,0.0,0.0,0.0,0.0,77.0,76.0,2730.0,517.0,1233.0,0.419,70.0,265.0,0.264,447.0,968.0,0.462,0.448,160.0,301.0,0.532,102.0,418.0,520.0,252.0,105.0,110.0,199.0,197.0,1264.0,0.0,14.1,0.463,0.215,0.244,3.9,17.6,10.4,15.0,1.9,3.2,12.7,24.5,-1.4,2.5,1.1,0.02,-0.9,0.1,-0.8,0.8,0.0,2014
53,Chris Bosh,32.0,6.2,12.1,0.516,0.9,2.8,0.339,5.3,9.3,0.569,0.555,2.8,3.4,0.82,1.2,5.4,6.6,1.1,1.0,1.0,1.6,2.4,16.2,0.0,0.0,1250.0,0.0,0.0,0.0,0.0,0.0,0.0,0.0,0.0,0.0,0.0,0.0,0.0,0.0,79.0,79.0,2531.0,492.0,953.0,0.516,74.0,218.0,0.339,418.0,735.0,0.569,0.555,223.0,272.0,0.82,98.0,424.0,522.0,87.0,80.0,78.0,125.0,192.0,1281.0,0.0,19.0,0.597,0.229,0.285,5.1,20.3,13.0,5.8,1.7,2.7,10.4,22.6,4.6,3.4,8.0,0.152,1.3,-0.4,0.8,1.8,0.0,2014
54,Gordon Hayward,36.4,5.5,13.4,0.413,1.1,3.6,0.304,4.4,9.8,0.453,0.454,4.0,4.9,0.816,0.8,4.3,5.1,5.2,1.4,0.5,2.8,2.0,16.2,0.0,0.0,1250.0,0.0,0.0,0.0,0.0,0.0,0.0,0.0,0.0,0.0,0.0,0.0,0.0,0.0,77.0,77.0,2800.0,426.0,1032.0,0.413,85.0,280.0,0.304,341.0,752.0,0.453,0.454,311.0,381.0,0.816,62.0,329.0,391.0,400.0,110.0,40.0,212.0,155.0,1248.0,0.0,16.2,0.52,0.271,0.369,2.5,14.0,8.0,24.1,2.1,1.1,15.0,23.1,2.2,1.5,3.6,0.062,1.0,-0.2,0.8,2.0,0.0,2014
55,Luol Deng,35.1,5.9,13.7,0.431,0.9,3.0,0.302,5.0,10.7,0.468,0.465,3.4,4.3,0.791,1.6,4.2,5.7,2.9,1.0,0.1,1.8,1.8,16.0,0.0,0.0,1250.0,0.0,0.0,0.0,0.0,0.0,0.0,0.0,0.0,0.0,0.0,0.0,0.0,0.0,63.0,63.0,2213.0,371.0,860.0,0.431,57.0,189.0,0.302,314.0,671.0,0.468,0.465,212.0,268.0,0.791,99.0,262.0,361.0,183.0,62.0,9.0,114.0,111.0,1011.0,0.0,15.2,0.517,0.22,0.312,5.0,13.4,9.2,14.6,1.5,0.3,10.4,22.3,2.2,2.3,4.5,0.098,0.6,-0.1,0.4,1.4,0.0,2014
56,Derrick Rose,31.1,5.8,16.4,0.354,1.6,4.7,0.34,4.2,11.7,0.359,0.402,2.7,3.2,0.844,0.9,2.3,3.2,4.3,0.5,0.1,3.4,1.5,15.9,0.0,0.0,1250.0,0.0,0.0,0.0,0.0,0.0,0.0,0.0,0.0,0.0,0.0,0.0,0.0,0.0,10.0,10.0,311.0,58.0,164.0,0.354,16.0,47.0,0.34,42.0,117.0,0.359,0.402,27.0,32.0,0.844,9.0,23.0,32.0,43.0,5.0,1.0,34.0,15.0,159.0,0.0,9.7,0.446,0.287,0.195,3.3,8.3,5.9,26.2,0.9,0.2,16.0,31.5,-0.6,0.4,-0.2,-0.036,-1.2,-1.9,-3.1,-0.1,0.0,2014
57,Dion Waiters,29.6,6.1,14.2,0.433,1.3,3.6,0.368,4.8,10.6,0.455,0.479,2.3,3.4,0.685,0.5,2.3,2.8,3.0,0.9,0.2,2.2,2.2,15.9,0.0,0.0,1250.0,0.0,0.0,0.0,0.0,0.0,0.0,0.0,0.0,0.0,0.0,0.0,0.0,0.0,70.0,24.0,2072.0,430.0,993.0,0.433,92.0,250.0,0.368,338.0,743.0,0.455,0.479,161.0,235.0,0.685,32.0,163.0,195.0,209.0,63.0,17.0,154.0,153.0,1113.0,0.0,14.0,0.508,0.252,0.237,1.7,9.0,5.3,18.2,1.6,0.7,12.3,26.9,0.3,1.3,1.6,0.037,-0.3,-1.2,-1.5,0.3,0.0,2014
58,Gerald Green,28.4,5.5,12.3,0.445,2.5,6.2,0.4,3.0,6.0,0.492,0.547,2.4,2.8,0.848,0.6,2.8,3.4,1.5,0.9,0.5,1.8,2.7,15.8,0.0,0.0,1250.0,0.0,0.0,0.0,0.0,0.0,0.0,0.0,0.0,0.0,0.0,0.0,0.0,0.0,82.0,48.0,2330.0,448.0,1006.0,0.445,204.0,510.0,0.4,244.0,496.0,0.492,0.547,195.0,230.0,0.848,48.0,227.0,275.0,122.0,70.0,42.0,145.0,220.0,1295.0,0.0,16.5,0.585,0.507,0.229,2.3,10.9,6.6,8.6,1.5,1.4,11.6,23.6,4.2,1.9,6.1,0.126,2.0,-0.6,1.4,2.0,0.0,2014
59,Joe Johnson,32.6,5.8,12.9,0.454,2.1,5.1,0.401,3.8,7.8,0.489,0.533,2.0,2.5,0.815,0.6,2.8,3.4,2.7,0.6,0.1,1.5,1.6,15.8,0.0,0.0,1250.0,0.0,0.0,0.0,0.0,0.0,0.0,0.0,0.0,0.0,0.0,0.0,0.0,0.0,79.0,79.0,2575.0,462.0,1018.0,0.454,162.0,404.0,0.401,300.0,614.0,0.489,0.533,159.0,195.0,0.815,48.0,222.0,270.0,216.0,47.0,10.0,120.0,129.0,1245.0,0.0,15.5,0.564,0.397,0.192,2.2,10.3,6.3,15.0,1.0,0.3,9.8,22.3,3.9,1.0,4.9,0.091,2.0,-1.8,0.2,1.4,0.0,2014
60,Jodie Meeks,33.2,5.4,11.6,0.463,2.1,5.2,0.401,3.3,6.3,0.514,0.554,2.9,3.4,0.857,0.4,2.1,2.5,1.8,1.4,0.1,1.4,1.5,15.7,0.0,0.0,1250.0,0.0,0.0,0.0,0.0,0.0,0.0,0.0,0.0,0.0,0.0,0.0,0.0,0.0,77.0,70.0,2556.0,413.0,892.0,0.463,162.0,404.0,0.401,251.0,488.0,0.514,0.554,221.0,258.0,0.857,30.0,164.0,194.0,138.0,111.0,4.0,111.0,119.0,1209.0,0.0,14.7,0.601,0.453,0.289,1.3,6.9,4.1,8.5,2.1,0.1,9.9,19.1,3.8,0.7,4.5,0.084,0.4,-0.5,-0.1,1.2,0.0,2014
61,Brandon Jennings,34.1,5.3,14.2,0.373,1.9,5.7,0.337,3.4,8.5,0.397,0.441,3.0,4.0,0.751,0.7,2.3,3.1,7.6,1.3,0.1,2.7,2.0,15.5,0.0,0.0,1250.0,0.0,0.0,0.0,0.0,0.0,0.0,0.0,0.0,0.0,0.0,0.0,0.0,0.0,80.0,79.0,2728.0,423.0,1135.0,0.373,154.0,457.0,0.337,269.0,678.0,0.397,0.441,241.0,321.0,0.751,59.0,185.0,244.0,609.0,101.0,8.0,215.0,157.0,1241.0,0.0,15.6,0.486,0.403,0.283,2.2,7.8,4.9,34.4,1.9,0.2,14.4,23.4,3.0,0.9,3.9,0.068,1.9,-1.9,0.1,1.4,0.0,2014
62,Eric Gordon,32.1,5.6,12.8,0.436,1.6,4.0,0.391,4.0,8.7,0.456,0.498,2.7,3.5,0.785,0.5,2.1,2.6,3.3,1.2,0.2,2.1,1.8,15.4,0.0,0.0,1250.0,0.0,0.0,0.0,0.0,0.0,0.0,0.0,0.0,0.0,0.0,0.0,0.0,0.0,64.0,64.0,2057.0,356.0,817.0,0.436,101.0,258.0,0.391,255.0,559.0,0.456,0.498,175.0,223.0,0.785,30.0,135.0,165.0,208.0,74.0,12.0,134.0,114.0,988.0,0.0,14.9,0.54,0.316,0.273,1.7,7.7,4.7,16.6,1.9,0.5,12.8,23.2,2.0,0.5,2.5,0.058,1.0,-1.4,-0.5,0.8,0.0,2014
63,Greg Monroe,32.8,6.1,12.4,0.497,0.0,0.0,0.0,6.1,12.4,0.497,0.497,2.9,4.5,0.657,3.1,6.1,9.3,2.1,1.1,0.6,2.0,2.5,15.2,0.0,0.0,1250.0,0.0,0.0,0.0,0.0,0.0,0.0,0.0,0.0,0.0,0.0,0.0,0.0,0.0,82.0,82.0,2690.0,504.0,1015.0,0.497,0.0,1.0,0.0,504.0,1014.0,0.497,0.497,241.0,367.0,0.657,256.0,504.0,760.0,171.0,91.0,47.0,166.0,205.0,1249.0,0.0,18.1,0.531,0.001,0.362,9.9,21.6,15.4,10.3,1.7,1.4,12.4,21.4,3.7,2.3,5.9,0.106,0.6,-0.6,0.1,1.4,0.0,2014
64,JJ Redick,28.2,5.2,11.4,0.455,2.1,5.3,0.395,3.1,6.1,0.507,0.546,2.8,3.0,0.915,0.3,1.9,2.1,2.2,0.8,0.1,1.2,1.9,15.2,0.0,0.0,1250.0,0.0,0.0,0.0,0.0,0.0,0.0,0.0,0.0,0.0,0.0,0.0,0.0,0.0,35.0,34.0,987.0,181.0,398.0,0.455,73.0,185.0,0.395,108.0,213.0,0.507,0.546,97.0,106.0,0.915,9.0,65.0,74.0,78.0,28.0,3.0,42.0,65.0,532.0,0.0,16.6,0.598,0.465,0.266,1.0,7.1,4.2,12.6,1.4,0.2,8.6,21.8,2.3,0.7,3.0,0.147,2.5,-0.8,1.7,0.9,0.0,2014
65,Tim Duncan,29.2,6.0,12.2,0.49,0.0,0.1,0.0,6.0,12.2,0.493,0.49,3.1,4.3,0.731,2.1,7.6,9.7,3.0,0.6,1.9,2.1,1.8,15.1,0.0,21.0,1250.0,0.017,74.0,29.2,15.1,9.7,3.0,0.6,1.9,0.49,0.0,0.731,7.4,0.164,74.0,74.0,2158.0,444.0,906.0,0.49,0.0,5.0,0.0,444.0,901.0,0.493,0.49,231.0,316.0,0.731,158.0,563.0,721.0,220.0,43.0,139.0,159.0,134.0,1119.0,0.0,21.3,0.535,0.006,0.349,8.6,28.3,18.8,16.0,1.0,4.6,13.2,25.2,2.8,4.6,7.4,0.164,1.2,2.1,3.3,2.9,0.0,2014
66,Serge Ibaka,32.9,6.5,12.1,0.536,0.3,0.7,0.383,6.2,11.3,0.546,0.548,1.9,2.5,0.784,2.8,6.0,8.8,1.0,0.5,2.7,1.5,2.9,15.1,0.0,0.0,1250.0,0.0,0.0,0.0,0.0,0.0,0.0,0.0,0.0,0.0,0.0,0.0,0.0,0.0,81.0,81.0,2666.0,524.0,978.0,0.536,23.0,60.0,0.383,501.0,918.0,0.546,0.548,156.0,199.0,0.784,224.0,485.0,709.0,85.0,39.0,219.0,123.0,233.0,1227.0,0.0,19.6,0.576,0.061,0.203,10.0,19.6,15.0,5.2,0.7,6.7,10.3,19.8,5.2,4.4,9.6,0.173,1.1,0.6,1.7,2.5,0.0,2014
67,Avery Bradley,30.9,6.0,13.8,0.438,1.3,3.3,0.395,4.7,10.4,0.451,0.485,1.5,1.9,0.804,0.8,3.0,3.8,1.4,1.1,0.2,1.6,2.4,14.9,0.0,0.0,1250.0,0.0,0.0,0.0,0.0,0.0,0.0,0.0,0.0,0.0,0.0,0.0,0.0,0.0,60.0,58.0,1855.0,361.0,825.0,0.438,79.0,200.0,0.395,282.0,625.0,0.451,0.485,90.0,112.0,0.804,48.0,178.0,226.0,85.0,63.0,11.0,96.0,145.0,891.0,0.0,12.7,0.51,0.242,0.136,2.9,11.2,6.9,8.1,1.7,0.5,9.9,23.2,0.4,1.4,1.8,0.046,-1.1,-0.8,-1.9,0.1,0.0,2014
68,Marc Gasol,33.4,5.7,12.1,0.473,0.0,0.2,0.182,5.7,11.9,0.477,0.474,3.1,4.1,0.768,1.4,5.8,7.2,3.6,1.0,1.3,1.9,2.5,14.6,0.0,0.0,1250.0,0.0,0.0,0.0,0.0,0.0,0.0,0.0,0.0,0.0,0.0,0.0,0.0,0.0,59.0,59.0,1970.0,336.0,711.0,0.473,2.0,11.0,0.182,334.0,700.0,0.477,0.474,185.0,241.0,0.768,84.0,340.0,424.0,215.0,59.0,76.0,111.0,150.0,859.0,0.0,18.2,0.526,0.015,0.339,5.0,20.5,12.7,17.7,1.6,3.2,12.0,21.7,2.6,3.1,5.6,0.137,1.1,2.0,3.0,2.5,0.0,2014
69,Tobias Harris,30.3,5.4,11.7,0.464,0.5,2.1,0.254,4.9,9.7,0.508,0.486,3.2,4.0,0.807,1.4,5.5,7.0,1.3,0.7,0.4,1.3,2.3,14.6,0.0,0.0,1250.0,0.0,0.0,0.0,0.0,0.0,0.0,0.0,0.0,0.0,0.0,0.0,0.0,0.0,61.0,36.0,1850.0,332.0,716.0,0.464,32.0,126.0,0.254,300.0,590.0,0.508,0.486,197.0,244.0,0.807,88.0,336.0,424.0,82.0,41.0,24.0,78.0,143.0,893.0,0.0,16.5,0.542,0.176,0.341,5.4,20.6,13.0,7.7,1.1,1.0,8.7,22.2,2.4,1.7,4.1,0.107,0.0,-0.7,-0.7,0.6,0.0,2014
70,Tyreke Evans,28.2,5.4,12.5,0.436,0.3,1.3,0.221,5.1,11.1,0.461,0.448,3.3,4.3,0.771,1.1,3.7,4.7,5.0,1.2,0.3,2.4,2.2,14.5,0.0,0.0,1250.0,0.0,0.0,0.0,0.0,0.0,0.0,0.0,0.0,0.0,0.0,0.0,0.0,0.0,72.0,22.0,2028.0,391.0,897.0,0.436,21.0,95.0,0.221,370.0,802.0,0.461,0.448,239.0,310.0,0.771,76.0,265.0,341.0,363.0,84.0,21.0,175.0,155.0,1042.0,1.0,18.4,0.504,0.106,0.346,4.3,15.4,9.8,30.4,2.2,0.9,14.5,27.1,1.8,1.3,3.1,0.073,1.3,-0.7,0.6,1.3,0.0,2014
71,J.R. Smith,32.7,5.4,12.9,0.415,2.6,6.5,0.394,2.8,6.4,0.436,0.514,1.2,1.9,0.652,0.5,3.5,4.0,3.0,0.9,0.3,1.5,2.6,14.5,0.0,0.0,1250.0,0.0,0.0,0.0,0.0,0.0,0.0,0.0,0.0,0.0,0.0,0.0,0.0,0.0,74.0,37.0,2421.0,396.0,955.0,0.415,189.0,480.0,0.394,207.0,475.0,0.436,0.514,90.0,138.0,0.652,35.0,261.0,296.0,219.0,65.0,20.0,108.0,196.0,1071.0,0.0,13.9,0.527,0.503,0.145,1.7,13.1,7.2,15.1,1.4,0.7,9.6,21.6,2.5,1.2,3.7,0.073,1.0,-1.2,-0.2,1.1,0.0,2014
72,Trevor Ariza,35.4,5.1,11.1,0.456,2.3,5.7,0.407,2.7,5.3,0.509,0.562,1.9,2.5,0.772,1.3,4.9,6.2,2.5,1.6,0.3,1.7,2.3,14.4,0.0,0.0,1250.0,0.0,0.0,0.0,0.0,0.0,0.0,0.0,0.0,0.0,0.0,0.0,0.0,0.0,77.0,77.0,2723.0,389.0,853.0,0.456,180.0,442.0,0.407,209.0,411.0,0.509,0.562,149.0,193.0,0.772,99.0,376.0,475.0,191.0,126.0,20.0,132.0,179.0,1107.0,0.0,15.8,0.59,0.518,0.226,4.1,16.3,10.1,10.8,2.4,0.6,12.3,17.8,4.3,3.7,8.0,0.141,1.3,1.0,2.3,3.0,0.0,2014
73,Jrue Holiday,33.6,6.0,13.4,0.447,0.9,2.3,0.39,5.1,11.1,0.459,0.48,1.5,1.9,0.81,0.8,3.4,4.2,7.9,1.6,0.4,3.1,2.7,14.3,0.0,0.0,1250.0,0.0,0.0,0.0,0.0,0.0,0.0,0.0,0.0,0.0,0.0,0.0,0.0,0.0,34.0,34.0,1143.0,203.0,454.0,0.447,30.0,77.0,0.39,173.0,377.0,0.459,0.48,51.0,63.0,0.81,28.0,114.0,142.0,268.0,56.0,12.0,105.0,92.0,487.0,0.0,17.1,0.505,0.17,0.139,2.8,11.8,7.2,38.9,2.6,0.9,17.9,23.3,0.8,0.7,1.5,0.064,1.2,-0.9,0.4,0.7,0.0,2014
74,Deron Williams,32.2,5.0,11.2,0.45,1.5,4.2,0.366,3.5,7.0,0.5,0.518,2.7,3.4,0.801,0.2,2.4,2.6,6.1,1.5,0.2,2.2,2.3,14.3,0.0,0.0,1250.0,0.0,0.0,0.0,0.0,0.0,0.0,0.0,0.0,0.0,0.0,0.0,0.0,0.0,64.0,58.0,2059.0,322.0,716.0,0.45,98.0,268.0,0.366,224.0,448.0,0.5,0.518,173.0,216.0,0.801,15.0,153.0,168.0,392.0,93.0,13.0,143.0,148.0,915.0,0.0,17.6,0.564,0.374,0.302,0.9,8.9,4.9,32.8,2.4,0.5,15.0,21.8,3.8,1.5,5.4,0.125,1.9,-0.7,1.2,1.7,0.0,2014
75,Nenê,29.4,5.6,11.2,0.503,0.0,0.1,0.2,5.6,11.1,0.506,0.504,2.9,5.0,0.583,1.2,4.3,5.5,2.9,1.2,0.9,2.2,3.1,14.2,0.0,0.0,1250.0,0.0,0.0,0.0,0.0,0.0,0.0,0.0,0.0,0.0,0.0,0.0,0.0,0.0,53.0,37.0,1560.0,299.0,594.0,0.503,1.0,5.0,0.2,298.0,589.0,0.506,0.504,155.0,266.0,0.583,65.0,229.0,294.0,153.0,64.0,47.0,117.0,164.0,754.0,0.0,16.6,0.53,0.008,0.448,4.7,17.3,10.9,16.3,2.1,2.5,14.1,24.0,0.8,2.4,3.2,0.098,-0.9,1.2,0.3,0.9,0.0,2014
76,Nikola Vučević,31.8,6.2,12.2,0.507,0.0,0.0,0.0,6.2,12.2,0.507,0.507,1.8,2.4,0.766,3.2,7.7,11.0,1.8,1.1,0.8,2.0,3.0,14.2,0.0,0.0,1250.0,0.0,0.0,0.0,0.0,0.0,0.0,0.0,0.0,0.0,0.0,0.0,0.0,0.0,57.0,57.0,1812.0,353.0,696.0,0.507,0.0,0.0,0.0,353.0,696.0,0.507,0.507,105.0,137.0,0.766,185.0,441.0,626.0,104.0,60.0,47.0,112.0,169.0,811.0,0.0,18.8,0.536,0.0,0.197,11.5,27.6,19.5,10.2,1.7,2.0,12.9,21.8,1.8,2.6,4.4,0.116,0.1,0.0,0.1,1.0,0.0,2014
77,Evan Turner,30.3,5.4,12.6,0.425,0.6,1.9,0.321,4.7,10.7,0.444,0.45,2.6,3.2,0.813,0.8,4.3,5.0,3.2,0.8,0.1,2.3,2.4,14.0,0.0,0.0,1250.0,0.0,0.0,0.0,0.0,0.0,0.0,0.0,0.0,0.0,0.0,0.0,0.0,0.0,81.0,56.0,2457.0,434.0,1021.0,0.425,50.0,156.0,0.321,384.0,865.0,0.444,0.45,213.0,262.0,0.813,62.0,346.0,408.0,262.0,67.0,7.0,189.0,195.0,1131.0,0.0,12.4,0.498,0.153,0.257,2.7,15.7,9.0,17.8,1.3,0.2,14.3,23.2,-0.5,1.8,1.4,0.027,-2.1,-1.2,-3.3,-0.8,0.0,2014
78,Alec Burks,28.1,4.9,10.7,0.457,0.6,1.8,0.35,4.2,8.8,0.48,0.487,3.6,4.8,0.748,0.8,2.5,3.3,2.7,0.9,0.2,1.9,2.4,14.0,0.0,0.0,1250.0,0.0,0.0,0.0,0.0,0.0,0.0,0.0,0.0,0.0,0.0,0.0,0.0,0.0,78.0,12.0,2193.0,380.0,831.0,0.457,50.0,143.0,0.35,330.0,688.0,0.48,0.487,279.0,373.0,0.748,59.0,198.0,257.0,212.0,69.0,14.0,149.0,190.0,1089.0,0.0,15.8,0.547,0.172,0.449,3.0,10.7,6.8,16.9,1.7,0.5,13.0,23.9,2.6,0.6,3.2,0.07,0.2,-1.0,-0.8,0.7,0.0,2014
79,Gerald Henderson,32.0,5.2,12.1,0.433,0.5,1.5,0.348,4.7,10.6,0.445,0.455,3.1,4.0,0.761,0.4,3.6,4.0,2.6,0.7,0.4,1.5,2.1,14.0,0.0,0.0,1250.0,0.0,0.0,0.0,0.0,0.0,0.0,0.0,0.0,0.0,0.0,0.0,0.0,0.0,77.0,77.0,2461.0,403.0,930.0,0.433,40.0,115.0,0.348,363.0,815.0,0.445,0.455,235.0,309.0,0.761,31.0,279.0,310.0,199.0,51.0,32.0,113.0,159.0,1081.0,0.0,13.1,0.507,0.124,0.332,1.4,12.9,7.1,13.9,1.1,1.0,9.6,22.1,0.8,2.8,3.6,0.071,-1.6,0.1,-1.5,0.3,0.0,2014
80,David West,30.9,5.7,11.7,0.488,0.1,0.2,0.267,5.7,11.6,0.491,0.49,2.5,3.1,0.789,1.5,5.3,6.8,2.8,0.8,0.9,1.7,2.3,14.0,0.0,0.0,1250.0,0.0,0.0,0.0,0.0,0.0,0.0,0.0,0.0,0.0,0.0,0.0,0.0,0.0,80.0,80.0,2472.0,458.0,939.0,0.488,4.0,15.0,0.267,454.0,924.0,0.491,0.49,198.0,251.0,0.789,120.0,422.0,542.0,223.0,61.0,74.0,133.0,186.0,1118.0,0.0,17.5,0.533,0.016,0.267,5.7,18.3,12.3,16.1,1.3,2.3,11.2,21.9,3.1,5.0,8.1,0.157,0.8,1.8,2.6,2.9,0.0,2014
81,Rodney Stuckey,26.7,5.1,11.7,0.436,0.3,1.2,0.273,4.8,10.5,0.455,0.45,3.3,4.0,0.836,0.5,1.8,2.3,2.1,0.7,0.1,1.7,1.8,13.9,0.0,0.0,1250.0,0.0,0.0,0.0,0.0,0.0,0.0,0.0,0.0,0.0,0.0,0.0,0.0,0.0,73.0,5.0,1950.0,372.0,853.0,0.436,24.0,88.0,0.273,348.0,765.0,0.455,0.45,244.0,292.0,0.836,39.0,130.0,169.0,152.0,54.0,10.0,125.0,131.0,1012.0,0.0,14.0,0.516,0.103,0.342,2.1,7.7,4.7,12.7,1.4,0.4,11.3,24.3,1.8,0.4,2.2,0.053,-1.2,-1.7,-2.9,-0.4,0.0,2014
82,Kobe Bryant,29.5,5.2,12.2,0.425,0.5,2.7,0.188,4.7,9.5,0.491,0.445,3.0,3.5,0.857,0.3,4.0,4.3,6.3,1.2,0.2,5.7,1.5,13.8,0.0,0.0,1250.0,0.0,0.0,0.0,0.0,0.0,0.0,0.0,0.0,0.0,0.0,0.0,0.0,0.0,6.0,6.0,177.0,31.0,73.0,0.425,3.0,16.0,0.188,28.0,57.0,0.491,0.445,18.0,21.0,0.857,2.0,24.0,26.0,38.0,7.0,1.0,34.0,9.0,83.0,0.0,10.7,0.505,0.219,0.288,1.2,14.5,7.8,34.6,1.9,0.4,29.2,28.7,-0.5,0.1,-0.4,-0.097,-3.1,-2.1,-5.1,-0.1,0.0,2014
83,Markieff Morris,26.6,5.1,10.4,0.486,0.4,1.3,0.315,4.7,9.1,0.512,0.507,3.2,4.0,0.792,1.7,4.3,6.0,1.8,0.8,0.6,1.8,2.9,13.8,0.0,0.0,1250.0,0.0,0.0,0.0,0.0,0.0,0.0,0.0,0.0,0.0,0.0,0.0,0.0,0.0,81.0,0.0,2153.0,411.0,845.0,0.486,34.0,108.0,0.315,377.0,737.0,0.512,0.507,259.0,327.0,0.792,139.0,346.0,485.0,144.0,68.0,51.0,147.0,232.0,1115.0,0.0,18.4,0.564,0.128,0.387,7.3,18.0,12.6,10.9,1.6,1.8,12.9,23.2,4.0,2.4,6.4,0.143,0.8,0.2,1.0,1.6,0.0,2014
84,Victor Oladipo,31.1,4.9,11.7,0.419,0.9,2.8,0.327,4.0,8.9,0.448,0.458,3.1,4.0,0.78,0.5,3.6,4.1,4.1,1.6,0.5,3.2,2.6,13.8,0.0,0.0,1250.0,0.0,0.0,0.0,0.0,0.0,0.0,0.0,0.0,0.0,0.0,0.0,0.0,0.0,80.0,44.0,2487.0,392.0,936.0,0.419,74.0,226.0,0.327,318.0,710.0,0.448,0.458,248.0,318.0,0.78,43.0,286.0,329.0,327.0,129.0,37.0,256.0,210.0,1106.0,1.0,13.6,0.514,0.241,0.34,1.9,13.1,7.5,21.9,2.7,1.2,19.2,24.4,-1.4,2.8,1.3,0.026,-1.9,0.4,-1.4,0.3,0.0,2014
85,Lance Stephenson,35.3,5.5,11.2,0.491,1.1,3.1,0.352,4.4,8.0,0.545,0.54,1.8,2.5,0.711,1.2,5.9,7.2,4.6,0.7,0.1,2.7,2.5,13.8,0.0,0.0,1250.0,0.0,0.0,0.0,0.0,0.0,0.0,0.0,0.0,0.0,0.0,0.0,0.0,0.0,78.0,78.0,2752.0,427.0,870.0,0.491,86.0,244.0,0.352,341.0,626.0,0.545,0.54,140.0,197.0,0.711,95.0,463.0,558.0,359.0,54.0,7.0,210.0,195.0,1080.0,5.0,14.7,0.564,0.28,0.226,4.1,18.1,11.4,22.1,1.0,0.2,18.0,19.4,2.6,4.8,7.4,0.13,0.4,1.0,1.3,2.3,0.0,2014
86,Carlos Boozer,28.2,5.9,12.9,0.456,0.0,0.0,0.0,5.9,12.9,0.457,0.456,1.9,2.5,0.767,1.8,6.5,8.3,1.6,0.7,0.3,2.0,2.8,13.7,0.0,0.0,1250.0,0.0,0.0,0.0,0.0,0.0,0.0,0.0,0.0,0.0,0.0,0.0,0.0,0.0,76.0,76.0,2141.0,447.0,980.0,0.456,0.0,2.0,0.0,447.0,978.0,0.457,0.456,148.0,193.0,0.767,137.0,495.0,632.0,118.0,53.0,22.0,154.0,216.0,1042.0,0.0,14.4,0.489,0.002,0.197,7.4,25.9,16.8,10.9,1.3,0.8,12.6,26.3,-0.9,4.3,3.4,0.076,-2.3,0.2,-2.1,-0.1,0.0,2014
87,Kenneth Faried,27.2,5.6,10.3,0.545,0.0,0.0,0.0,5.6,10.2,0.547,0.545,2.5,3.9,0.65,3.0,5.6,8.6,1.2,0.9,0.9,1.7,2.4,13.7,0.0,0.0,1250.0,0.0,0.0,0.0,0.0,0.0,0.0,0.0,0.0,0.0,0.0,0.0,0.0,0.0,80.0,77.0,2178.0,447.0,820.0,0.545,0.0,3.0,0.0,447.0,817.0,0.547,0.545,202.0,311.0,0.65,238.0,446.0,684.0,96.0,70.0,69.0,135.0,193.0,1096.0,0.0,19.8,0.573,0.004,0.379,11.8,22.2,16.9,7.5,1.6,2.3,12.4,21.3,4.0,2.5,6.5,0.144,1.2,-0.3,1.0,1.6,0.0,2014
88,Wilson Chandler,31.1,5.0,11.9,0.416,2.0,5.7,0.348,3.0,6.2,0.478,0.499,1.8,2.5,0.724,0.9,3.8,4.7,1.8,0.7,0.5,1.3,3.1,13.6,0.0,0.0,1250.0,0.0,0.0,0.0,0.0,0.0,0.0,0.0,0.0,0.0,0.0,0.0,0.0,0.0,62.0,55.0,1927.0,307.0,738.0,0.416,122.0,351.0,0.348,185.0,387.0,0.478,0.499,110.0,152.0,0.724,58.0,236.0,294.0,114.0,46.0,31.0,79.0,193.0,846.0,0.0,12.4,0.526,0.476,0.206,3.2,13.3,8.2,9.3,1.2,1.2,8.9,19.5,1.8,1.2,3.1,0.076,-0.1,-0.6,-0.8,0.6,0.0,2014
89,Andre Drummond,32.3,5.9,9.5,0.623,0.0,0.0,0.0,5.9,9.5,0.625,0.623,1.7,4.0,0.418,5.4,7.8,13.2,0.4,1.2,1.6,1.4,3.4,13.5,0.0,0.0,1250.0,0.0,0.0,0.0,0.0,0.0,0.0,0.0,0.0,0.0,0.0,0.0,0.0,0.0,81.0,81.0,2619.0,479.0,769.0,0.623,0.0,2.0,0.0,479.0,767.0,0.625,0.623,137.0,328.0,0.418,440.0,631.0,1071.0,35.0,101.0,131.0,110.0,273.0,1095.0,0.0,22.6,0.599,0.003,0.427,17.5,27.7,22.3,2.2,2.0,4.0,10.7,16.7,6.4,3.5,9.9,0.182,2.0,-0.6,1.4,2.3,0.0,2014
90,Paul Pierce,28.0,4.3,9.5,0.451,1.5,4.0,0.373,2.8,5.5,0.507,0.529,3.4,4.1,0.826,0.3,4.3,4.6,2.4,1.1,0.4,2.0,2.5,13.5,0.0,0.0,1250.0,0.0,0.0,0.0,0.0,0.0,0.0,0.0,0.0,0.0,0.0,0.0,0.0,0.0,75.0,68.0,2098.0,321.0,712.0,0.451,112.0,300.0,0.373,209.0,412.0,0.507,0.529,256.0,310.0,0.826,26.0,322.0,348.0,178.0,86.0,31.0,153.0,190.0,1010.0,0.0,16.8,0.595,0.421,0.435,1.5,18.3,9.9,14.5,2.2,1.2,15.3,22.4,2.9,2.3,5.2,0.119,1.3,0.3,1.6,1.9,0.0,2014
91,Andrea Bargnani,29.9,5.3,12.0,0.442,0.7,2.6,0.278,4.6,9.4,0.487,0.472,2.0,2.4,0.824,1.6,3.6,5.3,1.1,0.3,1.2,1.4,2.4,13.3,0.0,0.0,1250.0,0.0,0.0,0.0,0.0,0.0,0.0,0.0,0.0,0.0,0.0,0.0,0.0,0.0,42.0,39.0,1257.0,222.0,502.0,0.442,30.0,108.0,0.278,192.0,394.0,0.487,0.472,84.0,102.0,0.824,69.0,153.0,222.0,45.0,14.0,52.0,58.0,100.0,558.0,0.0,14.5,0.51,0.215,0.203,6.3,14.7,10.4,6.1,0.6,3.7,9.6,22.4,0.8,0.7,1.5,0.058,-0.7,-1.6,-2.3,-0.1,0.0,2014
92,Derrick Favors,30.2,5.3,10.2,0.522,0.0,0.0,0.0,5.3,10.2,0.523,0.522,2.6,3.9,0.669,2.7,6.0,8.7,1.2,1.0,1.5,1.8,3.2,13.3,0.0,0.0,1250.0,0.0,0.0,0.0,0.0,0.0,0.0,0.0,0.0,0.0,0.0,0.0,0.0,0.0,73.0,73.0,2201.0,390.0,747.0,0.522,0.0,1.0,0.0,390.0,746.0,0.523,0.522,190.0,284.0,0.669,199.0,438.0,637.0,91.0,75.0,108.0,129.0,236.0,970.0,0.0,19.0,0.556,0.001,0.38,10.1,23.7,16.7,7.3,1.8,3.8,12.9,20.8,2.9,2.3,5.1,0.112,0.0,0.1,0.1,1.2,0.0,2014
93,Jared Sullinger,27.6,5.2,12.1,0.427,0.8,2.8,0.269,4.4,9.3,0.475,0.458,2.1,2.7,0.778,3.3,4.9,8.1,1.6,0.5,0.7,1.6,3.4,13.3,0.0,0.0,1250.0,0.0,0.0,0.0,0.0,0.0,0.0,0.0,0.0,0.0,0.0,0.0,0.0,0.0,74.0,44.0,2041.0,384.0,899.0,0.427,56.0,208.0,0.269,328.0,691.0,0.475,0.458,158.0,203.0,0.778,241.0,360.0,601.0,118.0,35.0,49.0,119.0,251.0,982.0,0.0,16.4,0.497,0.231,0.226,13.0,20.6,16.7,10.1,0.9,1.8,10.7,24.1,1.9,2.0,3.9,0.091,0.1,-1.5,-1.4,0.3,0.0,2014
94,Spencer Hawes,30.9,5.0,11.0,0.456,1.6,3.9,0.416,3.4,7.2,0.478,0.529,1.5,1.9,0.783,1.6,6.6,8.3,3.0,0.6,1.2,2.2,3.0,13.2,0.0,0.0,1250.0,0.0,0.0,0.0,0.0,0.0,0.0,0.0,0.0,0.0,0.0,0.0,0.0,0.0,80.0,78.0,2470.0,403.0,883.0,0.456,128.0,308.0,0.416,275.0,575.0,0.478,0.529,119.0,152.0,0.783,131.0,529.0,660.0,240.0,44.0,94.0,173.0,237.0,1053.0,0.0,15.7,0.554,0.349,0.172,5.6,24.2,14.6,15.8,0.9,3.1,15.4,19.6,2.2,2.3,4.5,0.088,0.3,0.2,0.6,1.6,0.0,2014
95,Randy Foye,30.7,4.5,10.8,0.413,2.3,6.1,0.38,2.1,4.7,0.456,0.521,1.9,2.3,0.849,0.4,2.4,2.9,3.5,0.8,0.5,1.8,2.5,13.2,0.0,0.0,1250.0,0.0,0.0,0.0,0.0,0.0,0.0,0.0,0.0,0.0,0.0,0.0,0.0,0.0,81.0,78.0,2485.0,361.0,875.0,0.413,189.0,498.0,0.38,172.0,377.0,0.456,0.521,157.0,185.0,0.849,36.0,196.0,232.0,287.0,67.0,39.0,145.0,205.0,1068.0,0.0,13.3,0.558,0.569,0.211,1.6,8.5,5.0,17.7,1.3,1.2,13.2,18.8,3.3,1.3,4.6,0.089,0.9,-0.3,0.5,1.6,0.0,2014
96,Marcin Gortat,32.8,5.6,10.4,0.542,0.0,0.0,1.0,5.6,10.4,0.541,0.542,1.9,2.8,0.686,2.5,7.0,9.5,1.7,0.5,1.5,1.6,2.5,13.2,0.0,0.0,1250.0,0.0,0.0,0.0,0.0,0.0,0.0,0.0,0.0,0.0,0.0,0.0,0.0,0.0,81.0,80.0,2655.0,455.0,840.0,0.542,1.0,1.0,1.0,454.0,839.0,0.541,0.542,157.0,229.0,0.686,202.0,565.0,767.0,138.0,41.0,121.0,126.0,201.0,1068.0,0.0,17.6,0.568,0.001,0.273,8.7,25.1,16.7,8.4,0.8,3.8,11.8,18.2,4.1,4.0,8.1,0.146,0.2,0.6,0.8,1.8,0.0,2014
97,D.J. Augustin,27.3,4.2,10.1,0.415,1.9,4.7,0.401,2.3,5.4,0.427,0.508,2.8,3.2,0.885,0.2,1.6,1.8,4.4,0.7,0.0,1.8,2.1,13.1,0.0,0.0,1250.0,0.0,0.0,0.0,0.0,0.0,0.0,0.0,0.0,0.0,0.0,0.0,0.0,0.0,71.0,9.0,1939.0,298.0,718.0,0.415,133.0,332.0,0.401,165.0,386.0,0.427,0.508,201.0,227.0,0.885,15.0,115.0,130.0,313.0,53.0,3.0,125.0,147.0,930.0,0.0,16.2,0.569,0.462,0.316,0.9,6.7,3.8,28.9,1.5,0.1,13.3,22.4,3.8,2.4,6.2,0.154,1.9,-0.4,1.4,1.7,0.0,2014
98,Jimmy Butler,38.7,4.1,10.3,0.397,1.0,3.6,0.283,3.1,6.8,0.457,0.446,3.9,5.0,0.769,1.3,3.6,4.9,2.6,1.9,0.5,1.5,1.6,13.1,0.0,0.0,1250.0,0.0,0.0,0.0,0.0,0.0,0.0,0.0,0.0,0.0,0.0,0.0,0.0,0.0,67.0,67.0,2591.0,275.0,693.0,0.397,68.0,240.0,0.283,207.0,453.0,0.457,0.446,260.0,338.0,0.769,87.0,243.0,330.0,175.0,127.0,36.0,102.0,106.0,878.0,0.0,13.5,0.522,0.346,0.488,3.9,10.5,7.2,11.1,2.6,1.1,10.8,16.8,2.4,4.6,7.1,0.131,-0.9,2.0,1.1,2.0,0.0,2014
99,Reggie Jackson,28.5,5.0,11.5,0.44,1.0,3.1,0.339,4.0,8.4,0.477,0.485,2.0,2.2,0.893,0.5,3.4,3.9,4.1,1.1,0.1,2.1,1.8,13.1,0.0,0.0,1250.0,0.0,0.0,0.0,0.0,0.0,0.0,0.0,0.0,0.0,0.0,0.0,0.0,0.0,80.0,36.0,2277.0,403.0,916.0,0.44,83.0,245.0,0.339,320.0,671.0,0.477,0.485,158.0,177.0,0.893,43.0,270.0,313.0,331.0,85.0,9.0,168.0,142.0,1047.0,0.0,15.4,0.527,0.267,0.193,2.2,12.8,7.8,23.1,1.9,0.3,14.5,22.6,2.3,2.6,4.9,0.104,0.4,-0.3,0.1,1.2,0.0,2014
100,Nicolas Batum,36.0,4.6,10.0,0.465,1.8,4.9,0.361,2.9,5.1,0.566,0.554,2.0,2.5,0.803,1.4,6.0,7.5,5.1,0.9,0.7,2.5,1.9,13.0,0.0,0.0,1250.0,0.0,0.0,0.0,0.0,0.0,0.0,0.0,0.0,0.0,0.0,0.0,0.0,0.0,82.0,82.0,2956.0,381.0,819.0,0.465,145.0,402.0,0.361,236.0,417.0,0.566,0.554,163.0,203.0,0.803,116.0,495.0,611.0,420.0,75.0,57.0,208.0,156.0,1070.0,2.0,15.8,0.589,0.491,0.248,4.3,17.8,11.1,20.9,1.3,1.3,18.6,16.5,4.8,3.1,7.9,0.128,2.2,1.2,3.4,4.0,0.0,2014
101,Taj Gibson,28.7,5.2,10.9,0.479,0.0,0.1,0.0,5.2,10.8,0.483,0.479,2.6,3.4,0.751,2.4,4.4,6.8,1.1,0.5,1.4,1.8,2.5,13.0,0.0,0.0,1250.0,0.0,0.0,0.0,0.0,0.0,0.0,0.0,0.0,0.0,0.0,0.0,0.0,0.0,82.0,8.0,2351.0,429.0,896.0,0.479,0.0,7.0,0.0,429.0,889.0,0.483,0.479,211.0,281.0,0.751,200.0,358.0,558.0,91.0,41.0,112.0,150.0,207.0,1069.0,0.0,16.0,0.524,0.008,0.314,9.8,17.1,13.5,7.3,0.9,3.7,12.8,23.0,1.4,4.4,5.7,0.117,-1.3,0.4,-1.0,0.6,0.0,2014
102,Tony Wroten,24.5,4.8,11.2,0.427,0.6,2.6,0.213,4.2,8.6,0.492,0.452,2.9,4.5,0.641,1.0,2.2,3.2,3.0,1.1,0.2,2.8,2.1,13.0,0.0,0.0,1250.0,0.0,0.0,0.0,0.0,0.0,0.0,0.0,0.0,0.0,0.0,0.0,0.0,0.0,72.0,16.0,1765.0,345.0,808.0,0.427,40.0,188.0,0.213,305.0,620.0,0.492,0.452,209.0,326.0,0.641,69.0,159.0,228.0,217.0,78.0,16.0,204.0,151.0,939.0,1.0,12.9,0.493,0.233,0.403,4.1,10.1,7.0,20.9,2.1,0.7,17.7,27.7,-1.8,0.9,-0.9,-0.025,-1.9,-1.8,-3.7,-0.7,0.0,2014
103,Trey Burke,32.3,4.9,12.8,0.38,1.6,4.8,0.33,3.3,8.0,0.41,0.442,1.5,1.6,0.903,0.5,2.4,3.0,5.7,0.6,0.1,1.9,2.1,12.8,0.0,0.0,1250.0,0.0,0.0,0.0,0.0,0.0,0.0,0.0,0.0,0.0,0.0,0.0,0.0,0.0,70.0,68.0,2262.0,341.0,897.0,0.38,111.0,336.0,0.33,230.0,561.0,0.41,0.442,102.0,113.0,0.903,37.0,171.0,208.0,396.0,42.0,6.0,131.0,145.0,895.0,0.0,12.6,0.473,0.375,0.126,1.8,9.0,5.3,29.4,1.0,0.2,12.2,21.8,1.0,0.0,0.9,0.02,0.0,-2.6,-2.6,-0.4,0.0,2014
104,Kawhi Leonard,29.1,5.1,9.8,0.522,1.0,2.8,0.379,4.1,7.0,0.579,0.576,1.5,1.9,0.802,1.2,5.1,6.2,2.0,1.7,0.8,1.2,1.9,12.8,0.0,0.0,1250.0,0.0,0.0,0.0,0.0,0.0,0.0,0.0,0.0,0.0,0.0,0.0,0.0,0.0,66.0,65.0,1923.0,337.0,645.0,0.522,69.0,182.0,0.379,268.0,463.0,0.579,0.576,101.0,126.0,0.802,76.0,336.0,412.0,133.0,114.0,50.0,80.0,127.0,844.0,0.0,19.4,0.602,0.282,0.195,4.6,18.9,12.1,10.4,3.0,1.9,10.3,18.3,3.8,3.9,7.7,0.193,2.1,3.0,5.1,3.5,0.0,2014
105,Joakim Noah,35.3,4.8,10.0,0.475,0.0,0.0,0.0,4.8,10.0,0.476,0.475,3.1,4.2,0.737,3.5,7.7,11.3,5.4,1.2,1.5,2.4,3.1,12.6,0.0,322.0,1250.0,0.258,80.0,35.3,12.6,11.3,5.4,1.2,1.5,0.475,0.0,0.737,11.2,0.19,80.0,80.0,2820.0,380.0,800.0,0.475,0.0,2.0,0.0,380.0,798.0,0.476,0.475,247.0,335.0,0.737,282.0,618.0,900.0,431.0,99.0,121.0,194.0,245.0,1007.0,4.0,20.0,0.531,0.003,0.419,11.6,24.5,18.2,26.4,1.9,3.3,17.0,18.7,4.5,6.6,11.2,0.19,1.7,3.6,5.3,5.2,0.0,2014
106,Jeremy Lin,28.9,4.2,9.3,0.446,1.2,3.2,0.358,3.0,6.1,0.492,0.508,3.1,3.7,0.823,0.5,2.2,2.6,4.1,1.0,0.4,2.5,2.3,12.5,0.0,0.0,1250.0,0.0,0.0,0.0,0.0,0.0,0.0,0.0,0.0,0.0,0.0,0.0,0.0,0.0,71.0,33.0,2054.0,295.0,662.0,0.446,82.0,229.0,0.358,213.0,433.0,0.492,0.508,218.0,265.0,0.823,34.0,153.0,187.0,294.0,68.0,27.0,176.0,166.0,890.0,1.0,14.3,0.572,0.346,0.4,2.0,7.8,5.1,22.3,1.6,1.0,18.4,20.4,2.8,1.6,4.4,0.103,0.2,-0.4,-0.2,0.9,0.0,2014
107,Ramon Sessions,26.7,4.0,9.3,0.429,0.4,1.5,0.282,3.6,7.8,0.457,0.452,3.9,4.9,0.807,0.5,2.0,2.4,4.1,0.6,0.1,1.8,1.1,12.3,0.0,0.0,1250.0,0.0,0.0,0.0,0.0,0.0,0.0,0.0,0.0,0.0,0.0,0.0,0.0,0.0,83.0,19.0,2214.0,330.0,769.0,0.429,35.0,124.0,0.282,295.0,645.0,0.457,0.452,326.0,404.0,0.807,38.0,165.0,203.0,340.0,49.0,9.0,148.0,90.0,1021.0,0.0,16.0,0.539,0.161,0.525,1.9,8.6,5.2,25.7,1.2,0.3,13.5,22.7,3.1,1.2,4.3,0.094,0.7,-1.5,-0.8,0.7,0.0,2014
108,Corey Brewer,32.2,4.8,10.0,0.481,0.7,2.6,0.28,4.1,7.4,0.552,0.517,2.0,2.8,0.718,0.8,1.8,2.6,1.7,1.9,0.4,1.3,2.6,12.3,0.0,0.0,1250.0,0.0,0.0,0.0,0.0,0.0,0.0,0.0,0.0,0.0,0.0,0.0,0.0,0.0,81.0,81.0,2609.0,388.0,807.0,0.481,59.0,211.0,0.28,329.0,596.0,0.552,0.517,163.0,227.0,0.718,63.0,144.0,207.0,135.0,151.0,30.0,105.0,210.0,998.0,0.0,12.7,0.55,0.261,0.281,2.6,6.2,4.3,7.9,2.9,0.9,10.4,16.5,2.4,2.7,5.2,0.095,-1.7,1.5,-0.2,1.2,0.0,2014
109,Enes Freedom,26.7,5.2,10.7,0.491,0.0,0.0,0.0,5.2,10.7,0.492,0.491,1.9,2.6,0.73,2.8,4.7,7.5,0.9,0.4,0.5,1.8,2.9,12.3,0.0,0.0,1250.0,0.0,0.0,0.0,0.0,0.0,0.0,0.0,0.0,0.0,0.0,0.0,0.0,0.0,80.0,37.0,2138.0,419.0,853.0,0.491,0.0,1.0,0.0,419.0,852.0,0.492,0.491,149.0,204.0,0.73,222.0,376.0,598.0,75.0,28.0,42.0,144.0,230.0,987.0,0.0,15.6,0.523,0.001,0.239,11.6,20.9,16.1,6.4,0.7,1.5,13.3,23.3,1.3,0.9,2.2,0.05,-1.2,-2.4,-3.6,-0.9,0.0,2014
110,Manu Ginóbili,22.8,4.3,9.2,0.469,1.3,3.8,0.349,3.0,5.4,0.553,0.541,2.4,2.8,0.851,0.4,2.5,3.0,4.3,1.0,0.3,2.0,1.9,12.3,0.0,0.0,1250.0,0.0,0.0,0.0,0.0,0.0,0.0,0.0,0.0,0.0,0.0,0.0,0.0,0.0,68.0,3.0,1550.0,294.0,627.0,0.469,90.0,258.0,0.349,204.0,369.0,0.553,0.541,160.0,188.0,0.851,30.0,172.0,202.0,293.0,70.0,17.0,139.0,128.0,838.0,0.0,20.0,0.59,0.411,0.3,2.3,12.0,7.3,29.0,2.3,0.8,16.4,24.7,3.3,2.4,5.7,0.176,2.8,1.2,4.0,2.4,0.0,2014
111,Terrence Jones,27.3,5.1,9.4,0.542,0.4,1.3,0.307,4.7,8.0,0.581,0.564,1.6,2.6,0.605,2.1,4.8,6.9,1.1,0.7,1.3,0.9,1.8,12.1,0.0,0.0,1250.0,0.0,0.0,0.0,0.0,0.0,0.0,0.0,0.0,0.0,0.0,0.0,0.0,0.0,76.0,71.0,2078.0,386.0,712.0,0.542,31.0,101.0,0.307,355.0,611.0,0.581,0.564,118.0,195.0,0.605,162.0,366.0,528.0,87.0,53.0,99.0,71.0,139.0,921.0,0.0,19.1,0.577,0.142,0.274,9.2,18.5,14.1,7.0,1.3,3.5,8.2,18.3,4.6,2.7,7.3,0.169,1.9,0.3,2.2,2.2,0.0,2014
112,Khris Middleton,30.0,4.6,10.4,0.44,1.5,3.5,0.414,3.1,6.9,0.454,0.511,1.4,1.7,0.861,0.7,3.0,3.8,2.1,1.0,0.2,1.5,3.0,12.1,0.0,0.0,1250.0,0.0,0.0,0.0,0.0,0.0,0.0,0.0,0.0,0.0,0.0,0.0,0.0,0.0,82.0,64.0,2460.0,376.0,854.0,0.44,120.0,290.0,0.414,256.0,564.0,0.454,0.511,118.0,137.0,0.861,60.0,250.0,310.0,169.0,83.0,20.0,123.0,243.0,990.0,0.0,12.5,0.541,0.34,0.16,2.7,12.0,7.2,11.7,1.8,0.7,11.9,19.1,1.9,0.8,2.7,0.053,-1.2,-1.1,-2.3,-0.2,0.0,2014
113,Jameer Nelson,32.0,4.3,11.0,0.394,2.0,5.8,0.348,2.3,5.2,0.444,0.485,1.4,1.6,0.857,0.4,3.0,3.4,7.0,0.8,0.1,2.4,2.1,12.1,0.0,0.0,1250.0,0.0,0.0,0.0,0.0,0.0,0.0,0.0,0.0,0.0,0.0,0.0,0.0,0.0,68.0,68.0,2179.0,294.0,747.0,0.394,136.0,391.0,0.348,158.0,356.0,0.444,0.485,96.0,112.0,0.857,29.0,202.0,231.0,476.0,52.0,5.0,166.0,146.0,820.0,0.0,13.9,0.515,0.523,0.15,1.5,10.5,6.0,35.1,1.2,0.2,17.3,20.1,1.6,1.2,2.8,0.062,0.6,-1.7,-1.1,0.5,0.0,2014
114,Kyle Korver,33.9,4.1,8.6,0.475,2.6,5.5,0.472,1.5,3.1,0.479,0.626,1.2,1.3,0.926,0.3,3.7,4.0,2.9,1.0,0.3,1.4,2.1,12.0,0.0,0.0,1250.0,0.0,0.0,0.0,0.0,0.0,0.0,0.0,0.0,0.0,0.0,0.0,0.0,0.0,71.0,71.0,2408.0,289.0,609.0,0.475,185.0,392.0,0.472,104.0,217.0,0.479,0.626,87.0,94.0,0.926,22.0,260.0,282.0,208.0,70.0,24.0,102.0,147.0,850.0,0.0,13.5,0.653,0.644,0.154,1.1,12.4,6.8,13.3,1.5,0.8,13.6,14.2,3.9,2.0,5.9,0.118,0.9,0.2,1.1,1.9,0.0,2014
115,Vince Carter,24.4,4.1,10.0,0.407,1.8,4.6,0.394,2.3,5.4,0.418,0.497,2.0,2.4,0.821,0.8,2.7,3.5,2.6,0.8,0.4,1.3,2.6,11.9,0.0,0.0,1250.0,0.0,0.0,0.0,0.0,0.0,0.0,0.0,0.0,0.0,0.0,0.0,0.0,0.0,81.0,0.0,1973.0,330.0,811.0,0.407,146.0,371.0,0.394,184.0,440.0,0.418,0.497,161.0,196.0,0.821,67.0,217.0,284.0,212.0,61.0,35.0,108.0,209.0,967.0,0.0,15.9,0.539,0.457,0.242,4.0,12.6,8.3,16.5,1.6,1.5,10.7,23.1,3.0,1.3,4.3,0.105,1.8,-0.5,1.2,1.6,0.0,2014
116,Amar'e Stoudemire,22.6,4.8,8.6,0.557,0.0,0.0,0.0,4.8,8.6,0.557,0.557,2.3,3.1,0.739,1.7,3.2,4.9,0.5,0.4,0.6,1.4,2.4,11.9,0.0,0.0,1250.0,0.0,0.0,0.0,0.0,0.0,0.0,0.0,0.0,0.0,0.0,0.0,0.0,0.0,65.0,21.0,1466.0,311.0,558.0,0.557,0.0,0.0,0.0,311.0,558.0,0.557,0.557,150.0,203.0,0.739,112.0,208.0,320.0,34.0,23.0,37.0,91.0,159.0,772.0,0.0,18.8,0.596,0.0,0.364,8.7,17.2,12.8,4.2,0.8,2.2,12.3,23.4,2.9,0.9,3.8,0.124,0.3,-1.8,-1.6,0.2,0.0,2014
117,J.J. Hickson,26.9,4.8,9.5,0.508,0.0,0.1,0.0,4.8,9.4,0.514,0.508,2.2,4.2,0.517,3.0,6.2,9.2,1.4,0.7,0.7,1.9,2.6,11.8,0.0,0.0,1250.0,0.0,0.0,0.0,0.0,0.0,0.0,0.0,0.0,0.0,0.0,0.0,0.0,0.0,69.0,52.0,1859.0,332.0,654.0,0.508,0.0,8.0,0.0,332.0,646.0,0.514,0.508,150.0,290.0,0.517,206.0,426.0,632.0,96.0,47.0,51.0,128.0,177.0,814.0,0.0,16.2,0.521,0.012,0.443,11.9,24.8,18.3,8.4,1.2,2.0,14.1,20.8,1.3,2.1,3.3,0.086,-0.4,-0.5,-0.9,0.5,0.0,2014
118,O.J. Mayo,25.9,4.3,10.6,0.407,1.6,4.4,0.37,2.7,6.2,0.433,0.484,1.5,1.7,0.864,0.5,1.9,2.4,2.2,0.5,0.3,1.8,2.1,11.7,0.0,0.0,1250.0,0.0,0.0,0.0,0.0,0.0,0.0,0.0,0.0,0.0,0.0,0.0,0.0,0.0,52.0,23.0,1346.0,224.0,550.0,0.407,84.0,227.0,0.37,140.0,323.0,0.433,0.484,76.0,88.0,0.864,24.0,100.0,124.0,113.0,28.0,13.0,95.0,111.0,608.0,0.0,11.2,0.516,0.413,0.16,2.0,8.8,5.3,14.6,1.1,0.8,13.9,23.0,0.0,0.0,0.1,0.002,-1.0,-2.4,-3.4,-0.5,0.0,2014
119,Rajon Rondo,33.3,4.7,11.7,0.403,0.9,3.0,0.289,3.8,8.7,0.442,0.44,1.4,2.2,0.627,0.7,4.7,5.5,9.8,1.3,0.1,3.3,2.2,11.7,0.0,0.0,1250.0,0.0,0.0,0.0,0.0,0.0,0.0,0.0,0.0,0.0,0.0,0.0,0.0,0.0,30.0,30.0,998.0,141.0,350.0,0.403,26.0,90.0,0.289,115.0,260.0,0.442,0.44,42.0,67.0,0.627,22.0,142.0,164.0,294.0,40.0,2.0,99.0,65.0,350.0,1.0,15.3,0.461,0.257,0.191,2.4,16.6,9.3,47.7,2.1,0.2,20.7,21.3,0.2,1.0,1.1,0.054,0.3,-0.6,-0.3,0.5,0.0,2014
120,Tristan Thompson,31.6,4.4,9.3,0.477,0.0,0.0,0.0,4.4,9.3,0.478,0.477,2.9,4.1,0.693,3.3,5.9,9.2,0.9,0.5,0.4,1.3,2.3,11.7,0.0,0.0,1250.0,0.0,0.0,0.0,0.0,0.0,0.0,0.0,0.0,0.0,0.0,0.0,0.0,0.0,82.0,82.0,2594.0,363.0,761.0,0.477,0.0,1.0,0.0,363.0,760.0,0.478,0.477,235.0,339.0,0.693,269.0,485.0,754.0,72.0,42.0,35.0,108.0,188.0,961.0,0.0,14.9,0.528,0.001,0.445,11.4,21.5,16.3,4.5,0.8,1.1,10.6,17.5,3.4,2.3,5.7,0.106,-0.6,-1.5,-2.1,-0.1,0.0,2014
121,Marco Belinelli,25.2,4.2,8.7,0.485,1.6,3.7,0.43,2.6,5.0,0.525,0.576,1.4,1.6,0.847,0.2,2.6,2.8,2.2,0.6,0.1,1.2,1.6,11.4,0.0,0.0,1250.0,0.0,0.0,0.0,0.0,0.0,0.0,0.0,0.0,0.0,0.0,0.0,0.0,0.0,80.0,25.0,2016.0,337.0,695.0,0.485,126.0,293.0,0.43,211.0,402.0,0.525,0.576,111.0,131.0,0.847,18.0,208.0,226.0,179.0,50.0,7.0,95.0,130.0,911.0,0.0,15.0,0.605,0.422,0.188,1.0,11.2,6.3,13.2,1.3,0.3,11.2,19.0,3.5,2.4,5.9,0.14,1.0,0.3,1.3,1.7,0.0,2014
122,José Calderón,30.5,4.2,9.2,0.456,2.4,5.2,0.449,1.9,4.0,0.464,0.584,0.6,0.8,0.825,0.4,2.0,2.4,4.7,0.9,0.1,1.3,1.7,11.4,0.0,0.0,1250.0,0.0,0.0,0.0,0.0,0.0,0.0,0.0,0.0,0.0,0.0,0.0,0.0,0.0,81.0,81.0,2468.0,341.0,748.0,0.456,191.0,425.0,0.449,150.0,323.0,0.464,0.584,52.0,63.0,0.825,29.0,163.0,192.0,377.0,69.0,11.0,103.0,136.0,925.0,0.0,15.2,0.596,0.568,0.084,1.4,7.6,4.5,22.4,1.4,0.4,11.7,16.2,5.4,0.8,6.3,0.122,2.5,-0.7,1.9,2.4,0.0,2014
123,Darren Collison,25.9,4.1,8.7,0.467,0.9,2.4,0.376,3.2,6.3,0.501,0.518,2.4,2.8,0.857,0.6,1.8,2.4,3.7,1.2,0.2,1.7,1.9,11.4,0.0,0.0,1250.0,0.0,0.0,0.0,0.0,0.0,0.0,0.0,0.0,0.0,0.0,0.0,0.0,0.0,80.0,35.0,2069.0,324.0,694.0,0.467,71.0,189.0,0.376,253.0,505.0,0.501,0.518,192.0,224.0,0.857,47.0,141.0,188.0,297.0,93.0,15.0,132.0,150.0,911.0,0.0,16.2,0.575,0.272,0.323,2.6,7.3,5.0,21.9,2.2,0.6,14.3,19.7,3.8,2.0,5.9,0.136,1.1,0.4,1.5,1.8,0.0,2014
124,Mike Dunleavy,31.5,4.1,9.4,0.43,1.5,4.0,0.38,2.6,5.5,0.467,0.51,1.7,2.0,0.854,0.6,3.6,4.2,2.3,0.8,0.6,1.3,2.0,11.3,0.0,0.0,1250.0,0.0,0.0,0.0,0.0,0.0,0.0,0.0,0.0,0.0,0.0,0.0,0.0,0.0,82.0,61.0,2584.0,333.0,774.0,0.43,123.0,324.0,0.38,210.0,450.0,0.467,0.51,140.0,164.0,0.854,46.0,299.0,345.0,186.0,64.0,46.0,108.0,163.0,929.0,0.0,12.6,0.549,0.419,0.212,2.1,13.0,7.6,12.3,1.3,1.4,11.3,17.0,2.4,4.1,6.5,0.121,-0.3,1.1,0.8,1.8,0.0,2014
125,Jonas Valančiūnas,28.2,4.4,8.3,0.531,0.0,0.0,0.0,4.4,8.3,0.532,0.531,2.4,3.2,0.762,2.8,6.0,8.8,0.7,0.3,0.9,1.7,3.1,11.3,0.0,0.0,1250.0,0.0,0.0,0.0,0.0,0.0,0.0,0.0,0.0,0.0,0.0,0.0,0.0,0.0,81.0,81.0,2282.0,359.0,676.0,0.531,0.0,1.0,0.0,359.0,675.0,0.532,0.531,198.0,260.0,0.762,226.0,488.0,714.0,57.0,24.0,71.0,136.0,249.0,916.0,0.0,16.1,0.579,0.001,0.385,11.5,25.1,18.2,4.2,0.5,2.5,14.7,18.5,3.5,3.2,6.7,0.141,-0.6,-0.7,-1.3,0.4,0.0,2014
126,Andray Blatche,22.2,4.4,9.2,0.476,0.2,0.7,0.278,4.2,8.5,0.494,0.487,2.2,3.0,0.742,1.6,3.7,5.3,1.5,1.0,0.5,1.5,2.3,11.2,0.0,0.0,1250.0,0.0,0.0,0.0,0.0,0.0,0.0,0.0,0.0,0.0,0.0,0.0,0.0,0.0,73.0,7.0,1618.0,321.0,674.0,0.476,15.0,54.0,0.278,306.0,620.0,0.494,0.487,164.0,221.0,0.742,120.0,270.0,390.0,112.0,75.0,38.0,110.0,166.0,821.0,0.0,18.8,0.532,0.08,0.328,8.9,19.9,14.4,12.8,2.4,2.0,12.5,25.6,1.6,2.1,3.7,0.109,0.1,-0.1,0.0,0.8,0.0,2014
127,Ersan İlyasova,26.9,4.3,10.5,0.409,0.7,2.4,0.282,3.6,8.1,0.446,0.441,1.9,2.4,0.823,1.9,4.3,6.2,1.3,0.8,0.1,1.1,2.5,11.2,0.0,0.0,1250.0,0.0,0.0,0.0,0.0,0.0,0.0,0.0,0.0,0.0,0.0,0.0,0.0,0.0,55.0,47.0,1478.0,237.0,579.0,0.409,37.0,131.0,0.282,200.0,448.0,0.446,0.441,107.0,130.0,0.823,107.0,235.0,342.0,72.0,46.0,8.0,61.0,135.0,618.0,0.0,13.8,0.486,0.226,0.225,8.0,18.8,13.3,8.4,1.6,0.4,8.7,21.3,0.9,0.8,1.6,0.053,-1.0,-1.8,-2.8,-0.3,0.0,2014
128,Brandon Bass,27.6,4.3,8.8,0.486,0.0,0.1,0.333,4.3,8.8,0.487,0.487,2.5,2.9,0.858,2.0,3.8,5.7,1.1,0.4,0.9,1.2,2.3,11.1,0.0,0.0,1250.0,0.0,0.0,0.0,0.0,0.0,0.0,0.0,0.0,0.0,0.0,0.0,0.0,0.0,82.0,73.0,2266.0,352.0,725.0,0.486,2.0,6.0,0.333,350.0,719.0,0.487,0.487,205.0,239.0,0.858,161.0,309.0,470.0,87.0,36.0,71.0,102.0,190.0,911.0,0.0,15.0,0.549,0.008,0.33,7.8,15.9,11.8,6.4,0.8,2.4,10.9,18.2,3.2,1.9,5.1,0.107,-0.6,-0.6,-1.1,0.5,0.0,2014
129,DeMarre Carroll,32.1,4.1,8.8,0.47,1.3,3.7,0.362,2.8,5.1,0.548,0.546,1.5,1.9,0.773,1.5,4.1,5.5,1.8,1.5,0.3,1.1,2.6,11.1,0.0,0.0,1250.0,0.0,0.0,0.0,0.0,0.0,0.0,0.0,0.0,0.0,0.0,0.0,0.0,0.0,73.0,73.0,2341.0,302.0,642.0,0.47,97.0,268.0,0.362,205.0,374.0,0.548,0.546,109.0,141.0,0.773,107.0,296.0,403.0,134.0,108.0,21.0,79.0,188.0,810.0,0.0,13.9,0.575,0.417,0.22,5.3,14.5,10.0,8.9,2.3,0.7,10.1,15.2,3.2,2.6,5.8,0.119,-0.1,0.7,0.7,1.6,0.0,2014
130,Channing Frye,28.2,4.1,9.5,0.432,2.0,5.3,0.37,2.1,4.2,0.509,0.535,1.0,1.2,0.821,0.9,4.2,5.1,1.2,0.7,0.8,1.1,3.0,11.1,0.0,0.0,1250.0,0.0,0.0,0.0,0.0,0.0,0.0,0.0,0.0,0.0,0.0,0.0,0.0,0.0,82.0,82.0,2312.0,336.0,778.0,0.432,160.0,432.0,0.37,176.0,346.0,0.509,0.535,78.0,95.0,0.821,73.0,343.0,416.0,98.0,60.0,63.0,89.0,245.0,910.0,0.0,13.2,0.555,0.555,0.122,3.6,16.6,10.1,6.4,1.3,2.1,9.8,17.3,2.9,2.4,5.3,0.109,0.4,0.3,0.7,1.6,0.0,2014
131,John Henson,26.5,4.9,9.1,0.538,0.0,0.0,0.0,4.9,9.1,0.539,0.538,1.3,2.5,0.514,2.4,4.7,7.1,1.6,0.6,1.7,1.6,2.6,11.1,0.0,0.0,1250.0,0.0,0.0,0.0,0.0,0.0,0.0,0.0,0.0,0.0,0.0,0.0,0.0,0.0,70.0,23.0,1856.0,344.0,639.0,0.538,0.0,1.0,0.0,344.0,638.0,0.539,0.538,91.0,177.0,0.514,171.0,326.0,497.0,113.0,41.0,116.0,114.0,185.0,779.0,0.0,17.9,0.543,0.002,0.277,10.2,20.8,15.3,10.9,1.2,5.1,13.7,20.3,1.7,1.5,3.3,0.084,-0.3,-0.2,-0.5,0.7,0.0,2014
132,Robin Lopez,31.7,4.3,7.9,0.551,0.0,0.0,0.0,4.3,7.8,0.552,0.551,2.4,3.0,0.818,4.0,4.6,8.5,0.9,0.3,1.7,1.0,2.4,11.1,0.0,0.0,1250.0,0.0,0.0,0.0,0.0,0.0,0.0,0.0,0.0,0.0,0.0,0.0,0.0,0.0,82.0,82.0,2603.0,355.0,644.0,0.551,0.0,1.0,0.0,355.0,643.0,0.552,0.551,198.0,242.0,0.818,326.0,374.0,700.0,73.0,25.0,139.0,84.0,196.0,908.0,0.0,17.7,0.605,0.002,0.376,13.6,15.3,14.5,4.2,0.5,3.7,10.1,14.0,7.0,2.6,9.5,0.176,1.2,-0.1,1.2,2.1,0.0,2014
133,Jordan Crawford,23.0,4.0,9.7,0.415,1.1,3.5,0.316,2.9,6.2,0.471,0.472,1.8,2.1,0.864,0.3,1.9,2.3,3.5,0.6,0.1,1.7,1.5,11.0,0.0,0.0,1250.0,0.0,0.0,0.0,0.0,0.0,0.0,0.0,0.0,0.0,0.0,0.0,0.0,0.0,81.0,35.0,1859.0,327.0,788.0,0.415,90.0,285.0,0.316,237.0,503.0,0.471,0.472,146.0,169.0,0.864,28.0,155.0,183.0,281.0,47.0,5.0,134.0,120.0,890.0,1.0,14.3,0.516,0.362,0.214,1.7,9.5,5.5,25.1,1.3,0.2,13.4,23.7,1.5,1.4,2.8,0.073,0.6,-1.2,-0.6,0.6,0.0,2014
134,Terrence Ross,26.7,3.9,9.3,0.423,2.0,5.0,0.395,1.9,4.2,0.458,0.531,1.0,1.2,0.837,0.5,2.6,3.1,1.0,0.8,0.3,1.1,2.3,10.9,0.0,0.0,1250.0,0.0,0.0,0.0,0.0,0.0,0.0,0.0,0.0,0.0,0.0,0.0,0.0,0.0,81.0,62.0,2159.0,318.0,751.0,0.423,161.0,408.0,0.395,157.0,343.0,0.458,0.531,82.0,98.0,0.837,43.0,209.0,252.0,79.0,64.0,27.0,88.0,183.0,879.0,0.0,12.0,0.553,0.543,0.13,2.3,11.3,6.8,6.1,1.5,1.0,10.0,18.6,2.0,2.2,4.2,0.094,0.0,-0.2,-0.2,1.0,0.0,2014
135,Roy Hibbert,29.7,4.1,9.3,0.439,0.0,0.1,0.4,4.1,9.2,0.439,0.44,2.6,3.3,0.77,2.5,4.1,6.6,1.1,0.4,2.2,1.8,3.3,10.8,0.0,0.0,1250.0,0.0,0.0,0.0,0.0,0.0,0.0,0.0,0.0,0.0,0.0,0.0,0.0,0.0,81.0,81.0,2409.0,331.0,754.0,0.439,2.0,5.0,0.4,329.0,749.0,0.439,0.44,207.0,269.0,0.77,202.0,336.0,538.0,91.0,29.0,182.0,148.0,269.0,871.0,0.0,13.5,0.499,0.007,0.357,9.9,15.0,12.5,6.2,0.6,5.7,14.5,19.4,0.5,5.0,5.4,0.108,-2.9,1.5,-1.4,0.4,0.0,2014
136,Gary Neal,21.4,3.7,9.1,0.41,1.3,3.5,0.378,2.4,5.6,0.43,0.482,1.8,2.0,0.895,0.2,1.5,1.7,1.6,0.3,0.0,1.2,1.3,10.5,0.0,0.0,1250.0,0.0,0.0,0.0,0.0,0.0,0.0,0.0,0.0,0.0,0.0,0.0,0.0,0.0,52.0,3.0,1114.0,193.0,471.0,0.41,68.0,180.0,0.378,125.0,291.0,0.43,0.482,94.0,105.0,0.895,10.0,80.0,90.0,83.0,18.0,0.0,64.0,65.0,548.0,0.0,12.5,0.53,0.382,0.223,1.0,8.3,4.6,13.0,0.8,0.0,11.0,23.8,0.6,0.3,1.0,0.041,-0.7,-2.3,-3.0,-0.3,0.0,2014
137,Caron Butler,25.3,3.8,9.6,0.394,1.8,4.4,0.394,2.1,5.2,0.395,0.485,1.1,1.3,0.84,0.4,3.7,4.1,1.5,0.8,0.3,1.1,2.1,10.5,0.0,0.0,1250.0,0.0,0.0,0.0,0.0,0.0,0.0,0.0,0.0,0.0,0.0,0.0,0.0,0.0,56.0,13.0,1419.0,213.0,540.0,0.394,98.0,249.0,0.394,115.0,291.0,0.395,0.485,63.0,75.0,0.84,21.0,208.0,229.0,82.0,47.0,17.0,60.0,120.0,587.0,0.0,12.2,0.512,0.461,0.139,1.7,16.8,9.2,9.6,1.7,1.0,9.5,20.1,0.6,1.2,1.8,0.062,-0.6,-0.8,-1.4,0.2,0.0,2014
138,Amir Johnson,28.8,4.5,7.9,0.562,0.3,0.9,0.303,4.2,7.1,0.593,0.578,1.2,1.9,0.636,2.2,4.3,6.6,1.5,0.7,1.1,1.6,3.5,10.4,0.0,0.0,1250.0,0.0,0.0,0.0,0.0,0.0,0.0,0.0,0.0,0.0,0.0,0.0,0.0,0.0,77.0,72.0,2214.0,344.0,612.0,0.562,20.0,66.0,0.303,324.0,546.0,0.593,0.578,91.0,143.0,0.636,172.0,333.0,505.0,115.0,56.0,88.0,123.0,271.0,799.0,0.0,15.4,0.592,0.108,0.234,9.0,17.6,13.3,8.7,1.3,3.2,15.4,16.4,3.2,3.1,6.3,0.136,-0.4,1.1,0.7,1.5,0.0,2014
139,DeAndre Jordan,35.0,4.2,6.3,0.676,0.0,0.0,0.0,4.2,6.3,0.676,0.676,2.0,4.6,0.428,4.0,9.5,13.6,0.9,1.0,2.5,1.5,3.2,10.4,0.0,0.0,1250.0,0.0,0.0,0.0,0.0,0.0,0.0,0.0,0.0,0.0,0.0,0.0,0.0,0.0,82.0,82.0,2870.0,348.0,515.0,0.676,0.0,0.0,0.0,348.0,515.0,0.676,0.676,160.0,374.0,0.428,331.0,783.0,1114.0,74.0,80.0,203.0,123.0,264.0,856.0,0.0,18.2,0.63,0.0,0.726,13.3,29.3,21.6,3.7,1.4,5.4,15.3,12.4,5.3,5.8,11.1,0.186,0.9,1.6,2.5,3.3,0.0,2014
140,Chris Kaman,18.9,4.5,8.9,0.509,0.0,0.1,0.0,4.5,8.8,0.513,0.509,1.3,1.7,0.765,1.4,4.5,5.9,1.5,0.3,1.0,1.9,2.4,10.4,0.0,0.0,1250.0,0.0,0.0,0.0,0.0,0.0,0.0,0.0,0.0,0.0,0.0,0.0,0.0,0.0,39.0,13.0,736.0,176.0,346.0,0.509,0.0,3.0,0.0,176.0,343.0,0.513,0.509,52.0,68.0,0.765,54.0,175.0,229.0,58.0,11.0,40.0,74.0,93.0,404.0,0.0,17.0,0.537,0.009,0.197,7.8,25.4,16.6,14.1,0.7,3.9,16.4,26.7,-0.2,0.7,0.5,0.036,-1.7,0.3,-1.4,0.1,0.0,2014
141,Shawn Marion,31.7,4.5,9.3,0.482,0.8,2.1,0.358,3.7,7.2,0.518,0.523,0.7,0.9,0.785,1.7,4.8,6.5,1.6,1.2,0.5,1.3,1.6,10.4,0.0,0.0,1250.0,0.0,0.0,0.0,0.0,0.0,0.0,0.0,0.0,0.0,0.0,0.0,0.0,0.0,76.0,76.0,2409.0,341.0,708.0,0.482,58.0,162.0,0.358,283.0,546.0,0.518,0.523,51.0,65.0,0.785,132.0,365.0,497.0,124.0,90.0,37.0,95.0,125.0,791.0,0.0,13.7,0.537,0.229,0.092,6.4,17.4,11.9,7.6,1.9,1.3,11.4,15.7,2.2,2.1,4.3,0.086,0.1,0.1,0.2,1.3,0.0,2014
142,Nate Robinson,19.7,3.7,8.7,0.428,1.3,3.5,0.377,2.4,5.2,0.463,0.504,1.6,1.9,0.835,0.5,1.4,1.8,2.5,0.8,0.1,1.3,2.1,10.4,0.0,0.0,1250.0,0.0,0.0,0.0,0.0,0.0,0.0,0.0,0.0,0.0,0.0,0.0,0.0,0.0,44.0,1.0,866.0,164.0,383.0,0.428,58.0,154.0,0.377,106.0,229.0,0.463,0.504,71.0,85.0,0.835,21.0,60.0,81.0,112.0,36.0,4.0,58.0,92.0,457.0,0.0,15.6,0.544,0.402,0.222,2.6,7.5,5.0,21.3,2.0,0.3,12.1,23.5,1.3,0.5,1.8,0.101,0.8,-0.3,0.6,0.6,0.0,2014
143,Lou Williams,24.1,3.3,8.2,0.4,1.3,3.9,0.342,2.0,4.4,0.45,0.48,2.5,3.0,0.849,0.2,1.9,2.1,3.5,0.8,0.1,1.5,1.1,10.4,0.0,0.0,1250.0,0.0,0.0,0.0,0.0,0.0,0.0,0.0,0.0,0.0,0.0,0.0,0.0,0.0,60.0,7.0,1445.0,197.0,493.0,0.4,79.0,231.0,0.342,118.0,262.0,0.45,0.48,152.0,179.0,0.849,10.0,114.0,124.0,210.0,45.0,4.0,92.0,65.0,625.0,0.0,14.2,0.547,0.469,0.363,0.8,9.1,5.0,22.9,1.6,0.2,13.9,20.9,1.6,1.0,2.6,0.087,0.2,-1.0,-0.8,0.5,0.0,2014
144,George Hill,32.0,3.6,8.1,0.442,1.3,3.4,0.365,2.3,4.7,0.497,0.519,1.9,2.3,0.807,0.7,3.0,3.7,3.5,1.0,0.3,1.2,2.1,10.3,0.0,0.0,1250.0,0.0,0.0,0.0,0.0,0.0,0.0,0.0,0.0,0.0,0.0,0.0,0.0,0.0,76.0,76.0,2434.0,272.0,616.0,0.442,95.0,260.0,0.365,177.0,356.0,0.497,0.519,142.0,176.0,0.807,53.0,230.0,283.0,265.0,75.0,23.0,92.0,158.0,781.0,0.0,13.4,0.563,0.422,0.286,2.6,10.1,6.5,17.2,1.6,0.7,11.7,14.8,3.8,4.0,7.8,0.154,-0.1,1.7,1.6,2.2,0.0,2014
145,Patrick Beverley,31.3,3.6,8.6,0.414,1.6,4.6,0.361,1.9,4.0,0.473,0.509,1.5,1.8,0.814,1.3,2.2,3.5,2.7,1.4,0.4,1.2,3.1,10.2,0.0,0.0,1250.0,0.0,0.0,0.0,0.0,0.0,0.0,0.0,0.0,0.0,0.0,0.0,0.0,0.0,56.0,55.0,1751.0,199.0,481.0,0.414,92.0,255.0,0.361,107.0,226.0,0.473,0.509,83.0,102.0,0.814,72.0,124.0,196.0,151.0,77.0,23.0,66.0,174.0,573.0,0.0,12.4,0.545,0.53,0.212,4.9,7.4,6.2,12.8,2.2,1.0,11.2,14.8,2.7,1.6,4.2,0.116,-0.3,0.9,0.6,1.2,0.0,2014
146,Tim Hardaway Jr.,23.1,3.6,8.5,0.428,1.6,4.4,0.363,2.0,4.1,0.498,0.523,1.3,1.6,0.828,0.2,1.3,1.5,0.8,0.5,0.1,0.6,1.8,10.2,0.0,0.0,1250.0,0.0,0.0,0.0,0.0,0.0,0.0,0.0,0.0,0.0,0.0,0.0,0.0,0.0,81.0,1.0,1875.0,294.0,687.0,0.428,130.0,358.0,0.363,164.0,329.0,0.498,0.523,106.0,128.0,0.828,19.0,102.0,121.0,66.0,44.0,7.0,47.0,144.0,824.0,0.0,12.7,0.554,0.521,0.186,1.2,6.6,3.8,5.8,1.2,0.3,5.9,19.6,2.7,0.4,3.1,0.08,0.0,-1.8,-1.8,0.1,0.0,2014
147,Patty Mills,18.9,3.8,8.2,0.464,1.7,3.9,0.425,2.1,4.3,0.5,0.565,0.9,1.0,0.89,0.4,1.7,2.1,1.8,0.8,0.1,0.8,1.4,10.2,0.0,0.0,1250.0,0.0,0.0,0.0,0.0,0.0,0.0,0.0,0.0,0.0,0.0,0.0,0.0,0.0,81.0,2.0,1527.0,309.0,666.0,0.464,135.0,318.0,0.425,174.0,348.0,0.5,0.565,73.0,82.0,0.89,34.0,135.0,169.0,149.0,68.0,9.0,63.0,114.0,826.0,0.0,18.7,0.588,0.477,0.123,2.6,9.6,6.2,15.3,2.3,0.4,8.2,22.6,3.4,2.1,5.6,0.175,2.9,1.1,4.0,2.3,0.0,2014
148,James Anderson,28.9,3.9,9.0,0.431,1.4,4.4,0.328,2.4,4.6,0.53,0.511,1.0,1.3,0.726,0.7,3.0,3.8,1.9,0.9,0.4,1.3,1.9,10.1,0.0,0.0,1250.0,0.0,0.0,0.0,0.0,0.0,0.0,0.0,0.0,0.0,0.0,0.0,0.0,0.0,80.0,62.0,2309.0,309.0,717.0,0.431,115.0,351.0,0.328,194.0,366.0,0.53,0.511,77.0,106.0,0.726,59.0,241.0,300.0,149.0,74.0,28.0,106.0,154.0,810.0,0.0,10.9,0.53,0.49,0.148,2.7,11.7,7.0,9.9,1.6,1.0,12.2,15.9,0.9,0.9,1.9,0.039,-1.5,-1.0,-2.6,-0.3,0.0,2014
149,Jordan Farmar,22.2,3.7,8.9,0.415,1.7,3.9,0.438,2.0,5.0,0.397,0.511,1.1,1.4,0.746,0.5,2.0,2.5,4.9,0.9,0.2,2.3,1.6,10.1,0.0,0.0,1250.0,0.0,0.0,0.0,0.0,0.0,0.0,0.0,0.0,0.0,0.0,0.0,0.0,0.0,41.0,5.0,912.0,151.0,364.0,0.415,70.0,160.0,0.438,81.0,204.0,0.397,0.511,44.0,59.0,0.746,20.0,84.0,104.0,199.0,38.0,8.0,95.0,65.0,416.0,0.0,15.0,0.533,0.44,0.162,2.3,9.8,6.1,34.6,2.0,0.6,19.6,23.2,0.4,0.4,0.7,0.039,0.8,-1.6,-0.7,0.3,0.0,2014
150,Richard Jefferson,27.0,3.6,8.0,0.45,1.5,3.7,0.409,2.1,4.3,0.484,0.544,1.5,2.0,0.741,0.2,2.5,2.7,1.6,0.7,0.2,1.1,2.0,10.1,0.0,0.0,1250.0,0.0,0.0,0.0,0.0,0.0,0.0,0.0,0.0,0.0,0.0,0.0,0.0,0.0,82.0,78.0,2213.0,294.0,654.0,0.45,123.0,301.0,0.409,171.0,353.0,0.484,0.544,120.0,162.0,0.741,18.0,201.0,219.0,130.0,56.0,14.0,94.0,168.0,831.0,0.0,11.8,0.573,0.46,0.248,0.9,10.8,5.7,9.6,1.3,0.5,11.5,16.9,2.3,0.4,2.7,0.058,-0.6,-0.9,-1.4,0.3,0.0,2014
151,Xavier Henry,21.1,3.3,8.0,0.417,0.7,1.9,0.346,2.7,6.1,0.439,0.458,2.7,4.1,0.655,0.6,2.1,2.7,1.2,1.0,0.2,1.3,1.8,10.0,0.0,0.0,1250.0,0.0,0.0,0.0,0.0,0.0,0.0,0.0,0.0,0.0,0.0,0.0,0.0,0.0,43.0,5.0,908.0,144.0,345.0,0.417,28.0,81.0,0.346,116.0,264.0,0.439,0.458,116.0,177.0,0.655,25.0,89.0,114.0,51.0,44.0,7.0,57.0,79.0,432.0,0.0,12.3,0.511,0.235,0.513,2.9,10.5,6.7,8.8,2.4,0.6,11.9,23.1,-0.1,0.5,0.3,0.017,-2.4,-0.5,-2.8,-0.2,0.0,2014
152,Matt Barnes,27.5,3.7,8.4,0.438,1.5,4.5,0.343,2.1,3.9,0.549,0.53,1.0,1.4,0.733,1.0,3.7,4.6,2.0,0.9,0.4,1.3,2.9,9.9,0.0,0.0,1250.0,0.0,0.0,0.0,0.0,0.0,0.0,0.0,0.0,0.0,0.0,0.0,0.0,0.0,63.0,40.0,1735.0,231.0,527.0,0.438,97.0,283.0,0.343,134.0,244.0,0.549,0.53,66.0,90.0,0.733,60.0,232.0,292.0,125.0,56.0,28.0,85.0,185.0,625.0,0.0,12.0,0.552,0.537,0.171,4.0,14.4,9.3,10.6,1.6,1.2,13.0,16.6,1.5,2.0,3.5,0.097,-0.4,0.2,-0.2,0.8,0.0,2014
153,C.J. Miles,19.3,3.5,8.0,0.435,1.6,4.1,0.393,1.9,3.9,0.48,0.537,1.3,1.5,0.853,0.4,1.7,2.0,1.0,0.9,0.3,0.9,2.0,9.9,0.0,0.0,1250.0,0.0,0.0,0.0,0.0,0.0,0.0,0.0,0.0,0.0,0.0,0.0,0.0,0.0,51.0,34.0,984.0,178.0,409.0,0.435,83.0,211.0,0.393,95.0,198.0,0.48,0.537,64.0,75.0,0.853,18.0,85.0,103.0,52.0,46.0,15.0,44.0,103.0,503.0,0.0,16.0,0.569,0.516,0.183,2.0,9.9,5.9,9.1,2.4,1.3,9.1,22.0,1.5,0.9,2.5,0.122,1.5,0.9,2.4,1.1,0.0,2014
154,Marcus Thornton,24.2,3.5,8.9,0.394,1.5,4.4,0.345,2.0,4.5,0.443,0.48,1.3,1.6,0.804,0.8,2.0,2.8,1.1,0.8,0.2,0.9,1.5,9.8,0.0,0.0,1250.0,0.0,0.0,0.0,0.0,0.0,0.0,0.0,0.0,0.0,0.0,0.0,0.0,0.0,72.0,27.0,1741.0,252.0,639.0,0.394,109.0,316.0,0.345,143.0,323.0,0.443,0.48,90.0,112.0,0.804,57.0,141.0,198.0,77.0,58.0,11.0,67.0,110.0,703.0,0.0,12.0,0.511,0.495,0.175,3.7,9.4,6.6,7.3,1.7,0.5,8.9,19.7,1.0,1.0,2.0,0.055,-0.4,-1.1,-1.5,0.2,0.0,2014
155,Mario Chalmers,29.8,3.5,7.7,0.454,1.2,3.1,0.385,2.3,4.6,0.5,0.531,1.7,2.2,0.742,0.6,2.4,2.9,4.9,1.6,0.2,2.2,2.9,9.8,0.0,0.0,1250.0,0.0,0.0,0.0,0.0,0.0,0.0,0.0,0.0,0.0,0.0,0.0,0.0,0.0,73.0,73.0,2178.0,254.0,560.0,0.454,87.0,226.0,0.385,167.0,334.0,0.5,0.531,121.0,163.0,0.742,41.0,173.0,214.0,357.0,119.0,16.0,162.0,210.0,716.0,0.0,14.0,0.567,0.404,0.291,2.5,9.6,6.2,24.3,2.9,0.6,20.4,17.4,2.4,2.5,4.8,0.106,-0.3,0.5,0.2,1.2,0.0,2014
156,Raymond Felton,31.0,3.7,9.4,0.395,1.0,3.0,0.318,2.7,6.4,0.431,0.446,1.4,1.9,0.721,0.8,2.2,3.0,5.6,1.2,0.4,2.0,2.4,9.7,0.0,0.0,1250.0,0.0,0.0,0.0,0.0,0.0,0.0,0.0,0.0,0.0,0.0,0.0,0.0,0.0,65.0,65.0,2017.0,240.0,608.0,0.395,62.0,195.0,0.318,178.0,413.0,0.431,0.446,88.0,122.0,0.721,54.0,143.0,197.0,365.0,78.0,27.0,129.0,157.0,630.0,0.0,12.9,0.476,0.321,0.201,3.1,8.6,5.7,28.1,2.1,1.2,16.3,18.2,1.1,1.1,2.2,0.053,-0.5,-0.7,-1.2,0.4,0.0,2014
157,Jordan Hill,20.8,4.0,7.2,0.549,0.0,0.0,0.0,4.0,7.2,0.55,0.549,1.7,2.5,0.685,2.7,4.7,7.4,0.8,0.4,0.9,1.0,2.4,9.7,0.0,0.0,1250.0,0.0,0.0,0.0,0.0,0.0,0.0,0.0,0.0,0.0,0.0,0.0,0.0,0.0,72.0,32.0,1500.0,286.0,521.0,0.549,0.0,1.0,0.0,286.0,520.0,0.55,0.549,124.0,181.0,0.685,194.0,341.0,535.0,54.0,29.0,64.0,75.0,172.0,696.0,0.0,19.3,0.579,0.002,0.347,13.8,24.3,19.0,5.9,0.9,3.1,11.1,19.7,3.1,1.3,4.4,0.141,0.5,-1.0,-0.5,0.6,0.0,2014
158,Marcus Morris,22.0,3.5,7.9,0.442,1.2,3.2,0.381,2.3,4.8,0.483,0.518,1.5,1.9,0.761,1.0,2.9,3.9,1.1,0.9,0.2,1.2,1.9,9.7,0.0,0.0,1250.0,0.0,0.0,0.0,0.0,0.0,0.0,0.0,0.0,0.0,0.0,0.0,0.0,0.0,82.0,1.0,1800.0,288.0,651.0,0.442,99.0,260.0,0.381,189.0,391.0,0.483,0.518,121.0,159.0,0.761,84.0,235.0,319.0,88.0,72.0,18.0,95.0,157.0,796.0,0.0,14.8,0.552,0.399,0.244,5.2,14.6,9.9,7.6,2.0,0.8,11.6,19.9,2.3,1.8,4.2,0.111,0.6,-0.1,0.5,1.1,0.0,2014
159,Jason Smith,26.8,4.2,9.1,0.465,0.0,0.0,0.0,4.2,9.1,0.465,0.465,1.3,1.6,0.78,1.6,4.2,5.8,0.9,0.4,0.9,0.9,3.2,9.7,0.0,0.0,1250.0,0.0,0.0,0.0,0.0,0.0,0.0,0.0,0.0,0.0,0.0,0.0,0.0,0.0,31.0,27.0,830.0,131.0,282.0,0.465,0.0,0.0,0.0,131.0,282.0,0.465,0.465,39.0,50.0,0.78,51.0,130.0,181.0,29.0,11.0,29.0,28.0,100.0,301.0,0.0,12.4,0.495,0.0,0.177,7.0,18.5,12.7,5.6,0.7,2.9,8.4,18.2,0.5,0.4,0.9,0.054,-2.4,-1.3,-3.6,-0.3,0.0,2014
160,Martell Webster,27.7,3.3,7.5,0.433,1.9,4.8,0.392,1.4,2.8,0.502,0.557,1.3,1.6,0.84,0.5,2.4,2.8,1.2,0.5,0.2,0.7,1.9,9.7,0.0,0.0,1250.0,0.0,0.0,0.0,0.0,0.0,0.0,0.0,0.0,0.0,0.0,0.0,0.0,0.0,78.0,13.0,2157.0,254.0,587.0,0.433,146.0,372.0,0.392,108.0,215.0,0.502,0.557,105.0,125.0,0.84,38.0,184.0,222.0,97.0,41.0,15.0,58.0,150.0,759.0,0.0,11.5,0.591,0.634,0.213,2.0,10.1,6.0,6.7,1.0,0.6,8.3,14.7,3.3,1.7,5.0,0.112,-0.1,-0.3,-0.4,0.9,0.0,2014
161,Mo Williams,24.8,3.8,9.1,0.417,1.1,3.0,0.369,2.7,6.0,0.441,0.478,1.1,1.2,0.876,0.6,1.5,2.1,4.3,0.7,0.1,2.0,2.7,9.7,0.0,0.0,1250.0,0.0,0.0,0.0,0.0,0.0,0.0,0.0,0.0,0.0,0.0,0.0,0.0,0.0,74.0,0.0,1834.0,280.0,672.0,0.417,83.0,225.0,0.369,197.0,447.0,0.441,0.478,78.0,89.0,0.876,42.0,111.0,153.0,321.0,55.0,10.0,149.0,197.0,721.0,0.0,11.8,0.507,0.335,0.132,2.5,6.4,4.5,26.7,1.5,0.4,17.3,20.5,1.0,1.2,2.2,0.056,-1.2,-0.8,-2.0,0.0,0.0,2014
162,Courtney Lee,25.0,3.7,7.8,0.48,0.9,2.5,0.371,2.8,5.3,0.531,0.539,1.3,1.4,0.884,0.4,2.0,2.4,1.5,0.8,0.4,0.9,1.6,9.6,0.0,0.0,1250.0,0.0,0.0,0.0,0.0,0.0,0.0,0.0,0.0,0.0,0.0,0.0,0.0,0.0,79.0,47.0,1973.0,295.0,614.0,0.48,72.0,194.0,0.371,223.0,420.0,0.531,0.539,99.0,112.0,0.884,29.0,158.0,187.0,115.0,65.0,28.0,73.0,127.0,761.0,0.0,13.8,0.574,0.316,0.182,1.7,9.5,5.6,9.3,1.7,1.2,9.9,17.0,2.8,1.9,4.7,0.114,0.1,0.8,0.9,1.5,0.0,2014
163,Greivis Vásquez,22.5,3.5,8.3,0.421,1.4,3.7,0.377,2.1,4.7,0.455,0.504,1.2,1.4,0.88,0.3,1.9,2.2,4.1,0.4,0.1,1.6,1.8,9.6,0.0,0.0,1250.0,0.0,0.0,0.0,0.0,0.0,0.0,0.0,0.0,0.0,0.0,0.0,0.0,0.0,79.0,23.0,1779.0,277.0,658.0,0.421,109.0,289.0,0.377,168.0,369.0,0.455,0.504,95.0,108.0,0.88,20.0,153.0,173.0,323.0,31.0,5.0,128.0,143.0,758.0,0.0,14.1,0.537,0.439,0.164,1.3,10.0,5.6,30.4,0.9,0.2,15.4,21.1,2.4,1.2,3.6,0.097,1.1,-1.5,-0.4,0.7,0.0,2014
164,Ray Allen,26.5,3.3,7.4,0.442,1.6,4.2,0.375,1.7,3.2,0.53,0.549,1.4,1.6,0.905,0.3,2.5,2.8,2.0,0.7,0.1,1.2,1.6,9.6,0.0,0.0,1250.0,0.0,0.0,0.0,0.0,0.0,0.0,0.0,0.0,0.0,0.0,0.0,0.0,0.0,73.0,9.0,1936.0,240.0,543.0,0.442,116.0,309.0,0.375,124.0,234.0,0.53,0.549,105.0,116.0,0.905,23.0,182.0,205.0,143.0,54.0,8.0,84.0,115.0,701.0,0.0,12.8,0.59,0.569,0.214,1.6,11.4,6.7,11.1,1.5,0.4,12.4,16.8,2.5,1.5,4.1,0.101,0.5,-0.9,-0.4,0.8,0.0,2014
165,Mike Scott,18.5,3.8,7.9,0.479,0.8,2.5,0.31,3.0,5.4,0.558,0.529,1.3,1.7,0.78,0.8,2.8,3.6,0.9,0.4,0.1,1.0,1.5,9.6,0.0,0.0,1250.0,0.0,0.0,0.0,0.0,0.0,0.0,0.0,0.0,0.0,0.0,0.0,0.0,0.0,80.0,6.0,1482.0,301.0,628.0,0.479,62.0,200.0,0.31,239.0,428.0,0.558,0.529,103.0,132.0,0.78,62.0,222.0,284.0,75.0,30.0,7.0,79.0,121.0,767.0,0.0,15.3,0.559,0.318,0.21,4.9,17.2,11.1,8.9,1.0,0.4,10.3,23.5,1.3,1.2,2.6,0.084,0.0,-1.6,-1.6,0.1,0.0,2014
166,Kyle Singler,28.5,3.3,7.3,0.447,1.1,3.0,0.382,2.1,4.3,0.492,0.525,1.9,2.2,0.826,1.4,2.3,3.7,0.9,0.7,0.5,1.0,2.6,9.6,0.0,0.0,1250.0,0.0,0.0,0.0,0.0,0.0,0.0,0.0,0.0,0.0,0.0,0.0,0.0,0.0,82.0,36.0,2337.0,269.0,602.0,0.447,94.0,246.0,0.382,175.0,356.0,0.492,0.525,152.0,184.0,0.826,116.0,187.0,303.0,75.0,61.0,38.0,79.0,211.0,784.0,0.0,11.8,0.574,0.409,0.306,5.2,9.2,7.1,4.7,1.3,1.3,10.4,14.0,3.6,0.7,4.4,0.09,-0.7,-0.7,-1.4,0.3,0.0,2014
167,Harrison Barnes,28.3,3.5,8.7,0.399,0.8,2.4,0.347,2.6,6.3,0.419,0.448,1.7,2.3,0.718,0.8,3.1,4.0,1.5,0.8,0.3,1.1,2.0,9.5,0.0,0.0,1250.0,0.0,0.0,0.0,0.0,0.0,0.0,0.0,0.0,0.0,0.0,0.0,0.0,0.0,78.0,24.0,2204.0,271.0,679.0,0.399,66.0,190.0,0.347,205.0,489.0,0.419,0.448,130.0,181.0,0.718,66.0,245.0,311.0,116.0,65.0,20.0,84.0,158.0,738.0,0.0,9.8,0.486,0.28,0.267,3.3,11.9,7.7,7.6,1.5,0.7,10.0,16.8,0.4,2.8,3.2,0.07,-2.2,0.5,-1.6,0.2,0.0,2014
168,Jarrett Jack,28.2,3.6,8.7,0.41,0.8,2.3,0.341,2.8,6.4,0.435,0.455,1.6,1.9,0.839,0.3,2.5,2.8,4.1,0.7,0.3,1.7,1.7,9.5,0.0,0.0,1250.0,0.0,0.0,0.0,0.0,0.0,0.0,0.0,0.0,0.0,0.0,0.0,0.0,0.0,80.0,31.0,2252.0,286.0,698.0,0.41,63.0,185.0,0.341,223.0,513.0,0.435,0.455,125.0,149.0,0.839,22.0,201.0,223.0,324.0,56.0,22.0,133.0,133.0,760.0,0.0,11.5,0.498,0.265,0.213,1.1,10.3,5.6,22.7,1.3,0.8,14.8,17.8,0.9,1.4,2.3,0.049,-1.6,-0.5,-2.1,-0.1,0.0,2014
169,Ricky Rubio,32.2,3.1,8.2,0.381,0.5,1.6,0.331,2.6,6.5,0.393,0.413,2.8,3.5,0.802,0.7,3.4,4.2,8.6,2.3,0.1,2.7,2.7,9.5,0.0,0.0,1250.0,0.0,0.0,0.0,0.0,0.0,0.0,0.0,0.0,0.0,0.0,0.0,0.0,0.0,82.0,82.0,2638.0,255.0,670.0,0.381,44.0,133.0,0.331,211.0,537.0,0.393,0.413,227.0,283.0,0.802,61.0,281.0,342.0,704.0,191.0,11.0,221.0,218.0,781.0,2.0,15.4,0.491,0.199,0.422,2.5,11.9,7.1,37.8,3.6,0.3,21.8,16.4,2.2,3.6,5.9,0.107,-0.6,1.7,1.2,2.1,0.0,2014
170,Glen Davis,24.4,4.0,8.7,0.457,0.1,0.2,0.364,3.9,8.6,0.459,0.46,1.4,2.0,0.693,1.6,3.6,5.2,1.1,0.9,0.4,1.1,2.3,9.4,0.0,0.0,1250.0,0.0,0.0,0.0,0.0,0.0,0.0,0.0,0.0,0.0,0.0,0.0,0.0,0.0,68.0,44.0,1662.0,271.0,593.0,0.457,4.0,11.0,0.364,267.0,582.0,0.459,0.46,95.0,137.0,0.693,108.0,243.0,351.0,77.0,58.0,29.0,76.0,159.0,641.0,0.0,13.1,0.491,0.019,0.231,7.4,16.4,11.9,7.8,1.8,1.4,10.4,19.9,0.2,1.8,2.0,0.058,-2.2,-0.3,-2.5,-0.2,0.0,2014
171,Timofey Mozgov,21.6,3.5,6.6,0.523,0.0,0.3,0.167,3.4,6.4,0.539,0.527,2.4,3.2,0.754,2.1,4.4,6.4,0.8,0.3,1.2,1.5,2.6,9.4,0.0,0.0,1250.0,0.0,0.0,0.0,0.0,0.0,0.0,0.0,0.0,0.0,0.0,0.0,0.0,0.0,82.0,30.0,1770.0,285.0,545.0,0.523,4.0,24.0,0.167,281.0,521.0,0.539,0.527,196.0,260.0,0.754,171.0,357.0,528.0,62.0,27.0,100.0,122.0,213.0,770.0,0.0,16.7,0.584,0.044,0.477,10.4,21.9,16.1,5.5,0.7,4.2,15.6,18.8,2.6,1.9,4.5,0.123,-0.9,0.0,-0.8,0.5,0.0,2014
172,Brian Roberts,23.2,3.4,8.1,0.42,0.9,2.5,0.36,2.5,5.6,0.447,0.475,1.7,1.8,0.94,0.2,1.7,1.9,3.3,0.6,0.1,1.3,1.8,9.4,0.0,0.0,1250.0,0.0,0.0,0.0,0.0,0.0,0.0,0.0,0.0,0.0,0.0,0.0,0.0,0.0,72.0,42.0,1667.0,244.0,581.0,0.42,64.0,178.0,0.36,180.0,403.0,0.447,0.475,125.0,133.0,0.94,17.0,119.0,136.0,234.0,43.0,7.0,95.0,132.0,677.0,0.0,13.4,0.529,0.306,0.229,1.2,8.4,4.7,22.1,1.3,0.4,12.9,20.0,2.0,0.2,2.2,0.063,-0.1,-1.6,-1.7,0.1,0.0,2014
173,P.J. Tucker,30.7,3.3,7.6,0.431,0.9,2.4,0.387,2.4,5.2,0.45,0.491,1.9,2.5,0.776,2.0,4.5,6.5,1.7,1.4,0.3,1.3,2.5,9.4,0.0,0.0,1250.0,0.0,0.0,0.0,0.0,0.0,0.0,0.0,0.0,0.0,0.0,0.0,0.0,0.0,81.0,81.0,2490.0,265.0,615.0,0.431,74.0,191.0,0.387,191.0,424.0,0.45,0.491,156.0,201.0,0.776,161.0,368.0,529.0,141.0,110.0,23.0,102.0,204.0,760.0,0.0,13.3,0.54,0.311,0.327,7.3,16.6,11.9,8.1,2.2,0.7,12.7,14.2,3.3,2.8,6.1,0.117,0.1,0.9,1.0,1.9,0.0,2014
174,Jerryd Bayless,23.4,3.4,8.6,0.402,1.1,2.9,0.358,2.4,5.6,0.425,0.464,1.3,1.6,0.797,0.3,1.7,2.0,2.7,0.8,0.1,1.1,2.2,9.3,0.0,0.0,1250.0,0.0,0.0,0.0,0.0,0.0,0.0,0.0,0.0,0.0,0.0,0.0,0.0,0.0,72.0,19.0,1686.0,248.0,617.0,0.402,76.0,212.0,0.358,172.0,405.0,0.425,0.464,94.0,118.0,0.797,22.0,123.0,145.0,194.0,60.0,9.0,82.0,161.0,666.0,0.0,12.0,0.498,0.344,0.191,1.5,8.6,5.0,18.5,1.9,0.4,10.9,20.1,1.1,1.3,2.4,0.069,-1.6,-0.2,-1.8,0.1,0.0,2014
175,Andre Iguodala,32.4,3.5,7.3,0.48,1.0,2.8,0.354,2.5,4.5,0.558,0.548,1.4,2.1,0.652,0.8,3.8,4.7,4.2,1.5,0.3,1.6,1.6,9.3,0.0,0.0,1250.0,0.0,0.0,0.0,0.0,0.0,0.0,0.0,0.0,0.0,0.0,0.0,0.0,0.0,63.0,63.0,2040.0,220.0,458.0,0.48,62.0,175.0,0.354,158.0,283.0,0.558,0.548,86.0,132.0,0.652,53.0,240.0,293.0,263.0,95.0,18.0,100.0,103.0,588.0,0.0,13.7,0.57,0.382,0.288,2.9,12.6,7.8,18.2,2.3,0.7,16.2,13.3,2.7,3.1,5.8,0.135,-0.1,2.4,2.3,2.2,0.0,2014
176,Boris Diaw,25.0,3.8,7.3,0.521,0.6,1.4,0.402,3.3,5.9,0.549,0.559,0.9,1.2,0.739,0.9,3.2,4.1,2.8,0.6,0.4,1.5,1.8,9.1,0.0,0.0,1250.0,0.0,0.0,0.0,0.0,0.0,0.0,0.0,0.0,0.0,0.0,0.0,0.0,0.0,79.0,24.0,1974.0,302.0,580.0,0.521,45.0,112.0,0.402,257.0,468.0,0.549,0.559,68.0,92.0,0.739,74.0,252.0,326.0,222.0,44.0,32.0,121.0,140.0,717.0,0.0,14.1,0.578,0.193,0.159,4.4,13.8,9.3,16.3,1.1,1.2,16.3,17.0,2.3,2.6,4.9,0.12,0.4,0.9,1.3,1.6,0.0,2014
177,Danny Green,24.3,3.2,7.4,0.432,1.9,4.7,0.415,1.3,2.8,0.46,0.562,0.7,0.9,0.794,0.4,3.0,3.4,1.5,1.0,0.9,1.1,1.6,9.1,0.0,0.0,1250.0,0.0,0.0,0.0,0.0,0.0,0.0,0.0,0.0,0.0,0.0,0.0,0.0,0.0,68.0,59.0,1651.0,218.0,505.0,0.432,132.0,318.0,0.415,86.0,187.0,0.46,0.562,50.0,63.0,0.794,25.0,204.0,229.0,104.0,65.0,61.0,76.0,107.0,618.0,0.0,13.9,0.58,0.63,0.125,1.8,13.4,7.8,8.9,2.0,2.7,12.5,16.7,1.4,2.8,4.2,0.122,1.2,2.0,3.2,2.2,0.0,2014
178,Kirk Hinrich,29.0,3.3,8.5,0.393,1.2,3.3,0.351,2.2,5.2,0.419,0.461,1.3,1.7,0.76,0.4,2.2,2.6,3.9,1.1,0.4,1.6,2.8,9.1,0.0,0.0,1250.0,0.0,0.0,0.0,0.0,0.0,0.0,0.0,0.0,0.0,0.0,0.0,0.0,0.0,73.0,61.0,2116.0,243.0,619.0,0.393,85.0,242.0,0.351,158.0,377.0,0.419,0.461,95.0,125.0,0.76,31.0,161.0,192.0,286.0,80.0,26.0,120.0,203.0,666.0,0.0,10.8,0.494,0.391,0.202,1.7,8.5,5.2,22.6,2.0,1.0,15.1,17.3,0.4,3.3,3.8,0.085,-2.4,1.4,-1.0,0.6,0.0,2014
179,Wesley Johnson,28.4,3.5,8.2,0.425,1.3,3.4,0.369,2.2,4.8,0.466,0.502,0.8,1.0,0.792,0.9,3.5,4.4,1.6,1.1,1.0,1.1,2.6,9.1,0.0,0.0,1250.0,0.0,0.0,0.0,0.0,0.0,0.0,0.0,0.0,0.0,0.0,0.0,0.0,0.0,79.0,62.0,2240.0,277.0,651.0,0.425,100.0,271.0,0.369,177.0,380.0,0.466,0.502,61.0,77.0,0.792,70.0,278.0,348.0,124.0,86.0,77.0,90.0,207.0,715.0,0.0,11.0,0.522,0.416,0.118,3.3,13.3,8.3,8.2,1.9,2.5,11.6,15.1,0.4,1.5,1.9,0.041,-1.6,0.5,-1.1,0.5,0.0,2014
180,Marvin Williams,25.4,3.5,8.0,0.439,1.3,3.5,0.359,2.2,4.4,0.503,0.519,0.9,1.1,0.781,1.2,3.8,5.1,1.2,0.8,0.5,0.8,2.3,9.1,0.0,0.0,1250.0,0.0,0.0,0.0,0.0,0.0,0.0,0.0,0.0,0.0,0.0,0.0,0.0,0.0,66.0,50.0,1674.0,231.0,526.0,0.439,84.0,234.0,0.359,147.0,292.0,0.503,0.519,57.0,73.0,0.781,82.0,252.0,334.0,78.0,54.0,31.0,53.0,151.0,603.0,0.0,14.0,0.54,0.445,0.139,5.5,17.9,11.5,7.7,1.7,1.5,8.7,16.7,1.9,1.0,2.9,0.084,0.3,-0.3,0.0,0.9,0.0,2014
181,Brandan Wright,18.6,3.9,5.7,0.677,0.0,0.0,0.0,3.9,5.7,0.677,0.677,1.3,1.8,0.726,1.8,2.4,4.2,0.5,0.6,0.9,0.6,1.6,9.1,0.0,0.0,1250.0,0.0,0.0,0.0,0.0,0.0,0.0,0.0,0.0,0.0,0.0,0.0,0.0,0.0,58.0,0.0,1077.0,224.0,331.0,0.677,0.0,0.0,0.0,224.0,331.0,0.677,0.677,77.0,106.0,0.726,102.0,142.0,244.0,31.0,32.0,55.0,35.0,94.0,525.0,0.0,23.5,0.695,0.0,0.32,11.0,15.1,13.1,4.7,1.5,4.2,8.5,17.4,4.1,1.0,5.1,0.227,3.4,0.0,3.4,1.5,0.0,2014
182,Aaron Brooks,21.6,3.2,8.1,0.401,1.3,3.4,0.387,1.9,4.6,0.411,0.484,1.2,1.3,0.874,0.6,1.3,1.9,3.2,0.7,0.2,1.6,2.0,9.0,0.0,0.0,1250.0,0.0,0.0,0.0,0.0,0.0,0.0,0.0,0.0,0.0,0.0,0.0,0.0,0.0,72.0,12.0,1557.0,233.0,581.0,0.401,96.0,248.0,0.387,137.0,333.0,0.411,0.484,83.0,95.0,0.874,43.0,97.0,140.0,233.0,52.0,13.0,117.0,146.0,645.0,0.0,12.5,0.518,0.427,0.164,3.1,6.7,4.9,23.3,1.6,0.6,15.8,20.5,1.3,0.9,2.2,0.067,-0.2,-0.8,-1.0,0.4,0.0,2014
183,Tony Allen,23.2,3.7,7.5,0.494,0.2,0.9,0.234,3.5,6.7,0.527,0.507,1.4,2.2,0.628,1.4,2.3,3.8,1.7,1.6,0.3,1.6,2.2,9.0,0.0,0.0,1250.0,0.0,0.0,0.0,0.0,0.0,0.0,0.0,0.0,0.0,0.0,0.0,0.0,0.0,55.0,28.0,1278.0,204.0,413.0,0.494,11.0,47.0,0.234,193.0,366.0,0.527,0.507,76.0,121.0,0.628,79.0,129.0,208.0,94.0,90.0,19.0,90.0,121.0,495.0,0.0,15.6,0.531,0.114,0.293,7.3,12.0,9.6,11.7,3.8,1.2,16.2,20.1,0.5,2.1,2.7,0.1,-1.1,2.1,1.0,1.0,0.0,2014
184,Ben McLemore,26.7,3.1,8.3,0.376,1.2,3.6,0.32,2.0,4.7,0.419,0.446,1.4,1.7,0.804,0.6,2.2,2.9,1.0,0.5,0.2,1.2,2.5,8.8,0.0,0.0,1250.0,0.0,0.0,0.0,0.0,0.0,0.0,0.0,0.0,0.0,0.0,0.0,0.0,0.0,82.0,55.0,2187.0,255.0,679.0,0.376,95.0,297.0,0.32,160.0,382.0,0.419,0.446,115.0,143.0,0.804,53.0,182.0,235.0,82.0,45.0,18.0,96.0,201.0,720.0,0.0,7.7,0.485,0.437,0.211,2.7,9.5,6.1,5.8,1.0,0.7,11.5,16.9,-0.1,0.9,0.8,0.016,-2.9,-1.1,-4.0,-1.1,0.0,2014
185,Andrew Bynum,19.8,3.6,8.7,0.418,0.0,0.0,0.0,3.6,8.7,0.418,0.418,1.4,1.9,0.755,2.0,3.5,5.6,1.1,0.2,1.1,1.3,1.2,8.7,0.0,0.0,1250.0,0.0,0.0,0.0,0.0,0.0,0.0,0.0,0.0,0.0,0.0,0.0,0.0,0.0,26.0,19.0,516.0,94.0,225.0,0.418,0.0,0.0,0.0,94.0,225.0,0.418,0.418,37.0,49.0,0.755,53.0,92.0,145.0,29.0,6.0,29.0,34.0,31.0,225.0,0.0,15.2,0.456,0.0,0.218,11.4,20.3,15.8,9.7,0.6,4.7,12.1,24.3,-0.2,0.6,0.4,0.038,-1.4,-0.5,-1.9,0.0,0.0,2014
186,Will Bynum,18.8,3.3,7.7,0.428,0.4,1.1,0.323,2.9,6.6,0.446,0.451,1.7,2.2,0.802,0.4,1.3,1.8,3.9,0.7,0.1,1.8,2.2,8.7,0.0,0.0,1250.0,0.0,0.0,0.0,0.0,0.0,0.0,0.0,0.0,0.0,0.0,0.0,0.0,0.0,56.0,3.0,1054.0,184.0,430.0,0.428,20.0,62.0,0.323,164.0,368.0,0.446,0.451,97.0,121.0,0.802,24.0,75.0,99.0,216.0,39.0,7.0,103.0,121.0,485.0,0.0,14.4,0.502,0.144,0.281,2.4,8.2,5.1,32.5,1.9,0.5,17.6,23.8,0.6,0.4,1.0,0.047,-0.6,-1.5,-2.1,0.0,0.0,2014
187,Tyson Chandler,30.2,3.5,5.9,0.593,0.0,0.0,0.0,3.5,5.8,0.595,0.593,1.8,2.8,0.632,2.9,6.7,9.6,1.1,0.7,1.1,1.3,2.6,8.7,0.0,0.0,1250.0,0.0,0.0,0.0,0.0,0.0,0.0,0.0,0.0,0.0,0.0,0.0,0.0,0.0,55.0,55.0,1662.0,191.0,322.0,0.593,0.0,1.0,0.0,191.0,321.0,0.595,0.593,98.0,155.0,0.632,159.0,370.0,529.0,59.0,36.0,63.0,71.0,145.0,480.0,0.0,16.4,0.615,0.003,0.481,10.9,27.0,18.7,5.5,1.2,3.4,15.4,12.9,3.1,1.9,4.9,0.143,0.3,-0.1,0.2,0.9,0.0,2014
188,Kelly Olynyk,20.0,3.3,7.2,0.466,0.6,1.6,0.351,2.8,5.5,0.5,0.506,1.4,1.7,0.811,2.0,3.2,5.2,1.6,0.5,0.4,1.5,3.2,8.7,0.0,0.0,1250.0,0.0,0.0,0.0,0.0,0.0,0.0,0.0,0.0,0.0,0.0,0.0,0.0,0.0,70.0,9.0,1400.0,234.0,502.0,0.466,40.0,114.0,0.351,194.0,388.0,0.5,0.506,99.0,122.0,0.811,140.0,225.0,365.0,109.0,35.0,27.0,106.0,227.0,607.0,0.0,15.2,0.546,0.227,0.243,11.0,18.8,14.8,13.1,1.3,1.5,16.0,21.0,1.5,1.4,2.9,0.101,-0.9,-0.3,-1.2,0.3,0.0,2014
189,Mirza Teletović,19.4,3.1,7.3,0.418,1.9,4.8,0.39,1.2,2.5,0.472,0.546,0.6,0.9,0.71,0.8,2.9,3.7,0.8,0.4,0.3,0.8,2.0,8.6,0.0,0.0,1250.0,0.0,0.0,0.0,0.0,0.0,0.0,0.0,0.0,0.0,0.0,0.0,0.0,0.0,72.0,7.0,1396.0,221.0,529.0,0.418,136.0,349.0,0.39,85.0,180.0,0.472,0.546,44.0,62.0,0.71,60.0,206.0,266.0,57.0,29.0,23.0,54.0,143.0,622.0,0.0,14.3,0.559,0.66,0.117,5.2,17.6,11.4,7.1,1.1,1.4,8.8,20.5,1.6,1.1,2.7,0.094,1.4,-1.6,-0.2,0.6,0.0,2014
190,Patrick Patterson,23.6,3.5,7.5,0.46,0.8,2.3,0.364,2.6,5.2,0.503,0.516,0.8,1.1,0.704,1.8,3.5,5.3,1.2,0.8,0.6,1.0,2.4,8.5,0.0,0.0,1250.0,0.0,0.0,0.0,0.0,0.0,0.0,0.0,0.0,0.0,0.0,0.0,0.0,0.0,65.0,13.0,1533.0,225.0,489.0,0.46,55.0,151.0,0.364,170.0,338.0,0.503,0.516,50.0,71.0,0.704,117.0,225.0,342.0,78.0,55.0,37.0,65.0,159.0,555.0,0.0,14.6,0.533,0.309,0.145,8.8,17.1,12.9,8.5,1.9,1.9,11.1,17.2,1.8,2.0,3.8,0.118,0.0,0.5,0.5,1.0,0.0,2014
191,Jeremy Lamb,19.7,3.4,7.8,0.432,1.1,3.2,0.356,2.2,4.6,0.483,0.504,0.7,0.8,0.797,0.3,2.1,2.4,1.5,0.7,0.3,0.8,1.8,8.5,0.0,0.0,1250.0,0.0,0.0,0.0,0.0,0.0,0.0,0.0,0.0,0.0,0.0,0.0,0.0,0.0,78.0,0.0,1538.0,263.0,609.0,0.432,88.0,247.0,0.356,175.0,362.0,0.483,0.504,51.0,64.0,0.797,27.0,162.0,189.0,115.0,56.0,26.0,61.0,143.0,665.0,0.0,13.4,0.522,0.406,0.105,2.1,11.3,6.9,11.8,1.8,1.4,8.7,20.1,1.4,1.8,3.3,0.102,-0.1,0.2,0.1,0.8,0.0,2014
192,Josh McRoberts,30.3,3.2,7.3,0.436,1.3,3.7,0.361,1.8,3.5,0.516,0.529,0.8,1.1,0.729,1.1,3.7,4.8,4.3,0.7,0.6,1.1,2.4,8.5,0.0,0.0,1250.0,0.0,0.0,0.0,0.0,0.0,0.0,0.0,0.0,0.0,0.0,0.0,0.0,0.0,78.0,78.0,2360.0,247.0,566.0,0.436,105.0,291.0,0.361,142.0,275.0,0.516,0.529,62.0,85.0,0.729,85.0,288.0,373.0,333.0,58.0,46.0,83.0,189.0,661.0,0.0,13.8,0.548,0.514,0.15,4.0,13.8,8.9,21.9,1.3,1.5,12.1,13.4,3.5,3.0,6.5,0.132,0.5,1.5,2.0,2.3,0.0,2014
193,J.J. Barea,18.6,3.2,8.3,0.387,0.9,2.9,0.316,2.3,5.4,0.426,0.443,1.0,1.3,0.79,0.2,1.7,1.9,3.8,0.3,0.0,1.6,1.6,8.4,0.0,0.0,1250.0,0.0,0.0,0.0,0.0,0.0,0.0,0.0,0.0,0.0,0.0,0.0,0.0,0.0,79.0,1.0,1471.0,254.0,656.0,0.387,73.0,231.0,0.316,181.0,425.0,0.426,0.443,79.0,100.0,0.79,16.0,138.0,154.0,303.0,26.0,0.0,125.0,129.0,660.0,0.0,11.6,0.471,0.352,0.152,1.2,10.5,5.7,32.7,0.9,0.0,15.2,23.9,-0.1,0.9,0.7,0.024,-0.9,-1.8,-2.7,-0.3,0.0,2014
194,Troy Daniels,15.0,3.0,6.2,0.484,2.4,5.0,0.48,0.6,1.2,0.5,0.677,0.0,0.0,0.0,0.0,0.8,0.8,1.0,0.0,0.0,0.6,1.2,8.4,0.0,0.0,1250.0,0.0,0.0,0.0,0.0,0.0,0.0,0.0,0.0,0.0,0.0,0.0,0.0,0.0,5.0,1.0,75.0,15.0,31.0,0.484,12.0,25.0,0.48,3.0,6.0,0.5,0.677,0.0,0.0,0.0,0.0,4.0,4.0,5.0,0.0,0.0,3.0,6.0,42.0,0.0,16.0,0.677,0.806,0.0,0.0,5.6,3.0,11.4,0.0,0.0,8.8,19.9,0.2,0.0,0.2,0.15,3.7,-3.3,0.4,0.0,0.0,2014
195,Evan Fournier,19.8,3.0,7.2,0.419,1.2,3.1,0.376,1.8,4.0,0.453,0.501,1.2,1.6,0.756,0.4,2.2,2.7,1.5,0.4,0.1,1.3,2.4,8.4,0.0,0.0,1250.0,0.0,0.0,0.0,0.0,0.0,0.0,0.0,0.0,0.0,0.0,0.0,0.0,0.0,76.0,4.0,1503.0,228.0,544.0,0.419,89.0,237.0,0.376,139.0,307.0,0.453,0.501,93.0,123.0,0.756,34.0,168.0,202.0,112.0,34.0,7.0,100.0,179.0,638.0,0.0,10.3,0.533,0.436,0.226,2.4,12.1,7.3,11.6,1.1,0.3,14.3,19.7,0.6,0.8,1.4,0.043,-2.0,-0.9,-2.9,-0.4,0.0,2014
196,Kris Humphries,19.9,3.3,6.7,0.501,0.0,0.0,0.0,3.3,6.7,0.503,0.501,1.7,2.1,0.813,1.8,4.1,5.9,1.0,0.4,0.9,0.9,2.0,8.4,0.0,0.0,1250.0,0.0,0.0,0.0,0.0,0.0,0.0,0.0,0.0,0.0,0.0,0.0,0.0,0.0,69.0,30.0,1376.0,231.0,461.0,0.501,0.0,2.0,0.0,231.0,459.0,0.503,0.501,117.0,144.0,0.813,127.0,282.0,409.0,67.0,31.0,61.0,64.0,136.0,579.0,0.0,18.2,0.552,0.004,0.312,10.2,24.0,16.9,8.2,1.2,3.4,10.9,19.0,2.3,1.8,4.1,0.143,0.5,0.4,0.9,1.0,0.0,2014
197,Anthony Morrow,18.8,3.1,6.8,0.458,1.2,2.6,0.451,2.0,4.3,0.462,0.542,0.9,1.1,0.828,0.4,1.5,1.8,0.8,0.5,0.2,0.7,1.3,8.4,0.0,0.0,1250.0,0.0,0.0,0.0,0.0,0.0,0.0,0.0,0.0,0.0,0.0,0.0,0.0,0.0,76.0,9.0,1426.0,238.0,520.0,0.458,88.0,195.0,0.451,150.0,325.0,0.462,0.542,72.0,87.0,0.828,29.0,111.0,140.0,59.0,38.0,12.0,51.0,102.0,636.0,0.0,13.9,0.57,0.375,0.167,2.3,9.2,5.7,6.7,1.4,0.7,8.4,19.4,2.1,0.3,2.4,0.081,0.7,-1.6,-0.9,0.4,0.0,2014
198,Anderson Varejão,27.7,3.5,7.1,0.495,0.0,0.1,0.0,3.5,7.0,0.502,0.495,1.4,2.1,0.681,2.9,6.8,9.7,2.2,1.1,0.6,1.1,2.5,8.4,0.0,0.0,1250.0,0.0,0.0,0.0,0.0,0.0,0.0,0.0,0.0,0.0,0.0,0.0,0.0,0.0,65.0,29.0,1800.0,227.0,459.0,0.495,0.0,7.0,0.0,227.0,452.0,0.502,0.495,92.0,135.0,0.681,187.0,442.0,629.0,140.0,69.0,39.0,72.0,164.0,546.0,0.0,17.0,0.527,0.015,0.294,11.4,28.2,19.6,12.2,2.0,1.8,12.2,14.6,2.7,2.7,5.4,0.144,0.3,1.1,1.4,1.6,0.0,2014
199,Drew Gooden,18.0,3.5,6.5,0.531,0.3,0.8,0.412,3.1,5.7,0.548,0.556,1.1,1.2,0.889,1.7,3.5,5.2,0.7,0.5,0.3,0.8,2.4,8.3,0.0,0.0,1250.0,0.0,0.0,0.0,0.0,0.0,0.0,0.0,0.0,0.0,0.0,0.0,0.0,0.0,22.0,0.0,395.0,76.0,143.0,0.531,7.0,17.0,0.412,69.0,126.0,0.548,0.556,24.0,27.0,0.889,37.0,77.0,114.0,15.0,10.0,7.0,17.0,53.0,183.0,0.0,18.4,0.591,0.119,0.189,10.7,23.0,16.7,6.3,1.3,1.5,9.9,19.7,0.9,0.6,1.4,0.173,0.6,-0.2,0.4,0.2,0.0,2014
200,Shaun Livingston,26.0,3.1,6.4,0.483,0.0,0.1,0.167,3.1,6.3,0.486,0.484,2.1,2.5,0.827,0.9,2.4,3.2,3.2,1.2,0.4,1.4,2.3,8.3,0.0,0.0,1250.0,0.0,0.0,0.0,0.0,0.0,0.0,0.0,0.0,0.0,0.0,0.0,0.0,0.0,76.0,54.0,1974.0,235.0,487.0,0.483,1.0,6.0,0.167,234.0,481.0,0.486,0.484,158.0,191.0,0.827,67.0,179.0,246.0,245.0,93.0,31.0,105.0,172.0,629.0,0.0,14.5,0.551,0.012,0.392,4.1,10.8,7.5,20.1,2.5,1.3,15.5,16.1,2.6,1.8,4.4,0.108,-0.6,1.1,0.4,1.2,0.0,2014
201,Danny Granger,20.7,2.8,7.5,0.378,1.0,3.1,0.336,1.8,4.4,0.408,0.448,1.5,1.6,0.94,0.8,2.5,3.2,1.0,0.3,0.4,1.1,1.5,8.2,0.0,0.0,1250.0,0.0,0.0,0.0,0.0,0.0,0.0,0.0,0.0,0.0,0.0,0.0,0.0,0.0,41.0,2.0,847.0,116.0,307.0,0.378,43.0,128.0,0.336,73.0,179.0,0.408,0.448,63.0,67.0,0.94,31.0,102.0,133.0,41.0,12.0,17.0,46.0,62.0,338.0,0.0,10.9,0.502,0.417,0.218,4.3,12.9,8.8,7.8,0.7,1.5,12.0,20.5,0.1,1.2,1.3,0.073,-1.3,-0.1,-1.4,0.1,0.0,2014
202,Tiago Splitter,21.5,3.1,5.9,0.523,0.0,0.1,0.0,3.1,5.8,0.528,0.523,2.1,2.9,0.699,2.1,4.1,6.2,1.5,0.5,0.5,1.3,2.0,8.2,0.0,0.0,1250.0,0.0,0.0,0.0,0.0,0.0,0.0,0.0,0.0,0.0,0.0,0.0,0.0,0.0,59.0,50.0,1271.0,181.0,346.0,0.523,0.0,3.0,0.0,181.0,343.0,0.528,0.523,121.0,173.0,0.699,123.0,240.0,363.0,90.0,29.0,31.0,75.0,117.0,483.0,0.0,16.5,0.572,0.009,0.5,11.4,20.5,16.1,10.1,1.2,1.8,15.1,17.7,2.3,2.1,4.3,0.163,-0.3,0.9,0.6,0.8,0.0,2014
203,Manny Harris,20.0,3.1,7.8,0.4,0.8,2.2,0.35,2.3,5.6,0.42,0.45,1.1,1.3,0.833,0.8,3.0,3.8,1.2,0.4,0.1,1.0,1.1,8.1,0.0,0.0,1250.0,0.0,0.0,0.0,0.0,0.0,0.0,0.0,0.0,0.0,0.0,0.0,0.0,0.0,9.0,0.0,180.0,28.0,70.0,0.4,7.0,20.0,0.35,21.0,50.0,0.42,0.45,10.0,12.0,0.833,7.0,27.0,34.0,11.0,4.0,1.0,9.0,10.0,73.0,0.0,10.9,0.485,0.286,0.171,4.1,16.0,10.1,9.5,1.1,0.4,10.7,20.4,-0.1,0.1,0.0,0.002,-1.7,-1.7,-3.3,-0.1,0.0,2014
204,Miles Plumlee,24.6,3.6,6.9,0.517,0.0,0.0,0.0,3.6,6.9,0.517,0.517,0.9,1.7,0.561,2.5,5.4,7.8,0.5,0.6,1.1,1.4,2.3,8.1,0.0,0.0,1250.0,0.0,0.0,0.0,0.0,0.0,0.0,0.0,0.0,0.0,0.0,0.0,0.0,0.0,80.0,79.0,1964.0,286.0,553.0,0.517,0.0,0.0,0.0,286.0,553.0,0.517,0.517,74.0,132.0,0.561,198.0,428.0,626.0,43.0,50.0,90.0,111.0,185.0,646.0,0.0,14.6,0.529,0.0,0.239,11.3,24.4,17.9,3.3,1.3,3.5,15.4,16.2,1.2,2.8,4.0,0.098,-1.4,0.1,-1.3,0.3,0.0,2014
205,Derrick Williams,23.3,2.6,6.2,0.427,0.3,1.3,0.263,2.3,4.9,0.47,0.454,2.4,3.3,0.718,0.9,3.2,4.1,0.7,0.6,0.3,1.0,1.5,8.0,0.0,0.0,1250.0,0.0,0.0,0.0,0.0,0.0,0.0,0.0,0.0,0.0,0.0,0.0,0.0,0.0,78.0,15.0,1820.0,206.0,482.0,0.427,26.0,99.0,0.263,180.0,383.0,0.47,0.454,186.0,259.0,0.718,71.0,252.0,323.0,56.0,48.0,20.0,76.0,114.0,624.0,0.0,11.5,0.524,0.205,0.537,4.3,15.8,10.0,4.7,1.3,0.9,11.3,16.2,1.3,1.3,2.6,0.068,-1.6,-0.5,-2.1,0.0,0.0,2014
206,Ryan Kelly,22.2,2.7,6.3,0.423,0.8,2.4,0.338,1.8,3.9,0.476,0.488,1.9,2.3,0.815,0.7,3.0,3.7,1.6,0.5,0.8,0.8,2.5,8.0,0.0,0.0,1250.0,0.0,0.0,0.0,0.0,0.0,0.0,0.0,0.0,0.0,0.0,0.0,0.0,0.0,59.0,25.0,1312.0,157.0,371.0,0.423,48.0,142.0,0.338,109.0,229.0,0.476,0.488,110.0,135.0,0.815,42.0,177.0,219.0,95.0,32.0,45.0,47.0,147.0,472.0,0.0,12.6,0.548,0.383,0.364,3.4,14.4,8.9,10.7,1.2,2.5,9.8,15.9,1.5,0.7,2.2,0.081,-1.4,-0.1,-1.5,0.2,0.0,2014
207,Kendall Marshall,29.0,3.1,7.8,0.406,1.3,3.3,0.399,1.8,4.5,0.411,0.49,0.4,0.7,0.528,0.3,2.6,2.9,8.8,0.9,0.1,2.8,1.4,8.0,0.0,0.0,1250.0,0.0,0.0,0.0,0.0,0.0,0.0,0.0,0.0,0.0,0.0,0.0,0.0,0.0,54.0,45.0,1564.0,170.0,419.0,0.406,71.0,178.0,0.399,99.0,241.0,0.411,0.49,19.0,36.0,0.528,15.0,140.0,155.0,477.0,48.0,4.0,150.0,76.0,430.0,0.0,12.6,0.494,0.425,0.086,1.0,9.6,5.3,44.3,1.5,0.2,25.6,16.3,0.6,0.3,0.9,0.029,0.0,-2.4,-2.4,-0.2,0.0,2014
208,Jeff Taylor,24.2,3.2,8.4,0.376,0.7,2.6,0.269,2.5,5.8,0.424,0.417,1.0,1.8,0.553,0.6,1.7,2.3,0.8,0.5,0.2,1.0,2.4,8.0,0.0,0.0,1250.0,0.0,0.0,0.0,0.0,0.0,0.0,0.0,0.0,0.0,0.0,0.0,0.0,0.0,26.0,8.0,629.0,82.0,218.0,0.376,18.0,67.0,0.269,64.0,151.0,0.424,0.417,26.0,47.0,0.553,15.0,45.0,60.0,22.0,13.0,5.0,25.0,62.0,208.0,0.0,5.9,0.436,0.307,0.216,2.7,8.1,5.4,5.7,1.1,0.6,9.5,19.4,-0.8,0.6,-0.2,-0.019,-5.0,-0.4,-5.4,-0.5,0.0,2014
209,Michael Beasley,15.1,3.2,6.5,0.499,0.4,1.0,0.389,2.8,5.5,0.518,0.528,1.1,1.4,0.772,0.6,2.6,3.1,0.8,0.4,0.4,1.0,1.7,7.9,0.0,0.0,1250.0,0.0,0.0,0.0,0.0,0.0,0.0,0.0,0.0,0.0,0.0,0.0,0.0,0.0,55.0,2.0,831.0,177.0,355.0,0.499,21.0,54.0,0.389,156.0,301.0,0.518,0.528,61.0,79.0,0.772,31.0,141.0,172.0,42.0,23.0,21.0,57.0,93.0,436.0,0.0,16.8,0.559,0.152,0.223,4.9,20.5,13.0,8.8,1.5,2.2,12.8,25.7,0.5,1.1,1.6,0.092,-1.1,-0.9,-2.0,0.0,0.0,2014
210,Devin Harris,20.5,2.4,6.4,0.378,0.8,2.5,0.307,1.6,3.8,0.425,0.439,2.3,2.9,0.8,0.2,1.9,2.1,4.5,0.7,0.1,1.5,1.8,7.9,0.0,0.0,1250.0,0.0,0.0,0.0,0.0,0.0,0.0,0.0,0.0,0.0,0.0,0.0,0.0,0.0,40.0,0.0,818.0,96.0,254.0,0.378,31.0,101.0,0.307,65.0,153.0,0.425,0.439,92.0,115.0,0.8,8.0,77.0,85.0,178.0,28.0,2.0,59.0,72.0,315.0,0.0,14.6,0.517,0.398,0.453,1.1,10.8,6.0,31.0,1.8,0.2,16.2,20.2,1.2,0.4,1.6,0.094,0.3,-0.8,-0.5,0.3,0.0,2014
211,Jermaine O'Neal,20.1,2.8,5.6,0.504,0.0,0.0,0.0,2.8,5.6,0.504,0.504,2.3,3.0,0.75,1.9,3.6,5.5,0.6,0.3,0.9,1.2,2.3,7.9,0.0,0.0,1250.0,0.0,0.0,0.0,0.0,0.0,0.0,0.0,0.0,0.0,0.0,0.0,0.0,0.0,44.0,13.0,883.0,125.0,248.0,0.504,0.0,0.0,0.0,125.0,248.0,0.504,0.504,99.0,132.0,0.75,85.0,157.0,242.0,25.0,14.0,40.0,52.0,102.0,349.0,0.0,15.3,0.57,0.0,0.532,10.7,19.1,15.0,4.2,0.8,3.4,14.5,17.8,1.3,1.4,2.7,0.146,-1.6,0.2,-1.4,0.1,0.0,2014
212,Zaza Pachulia,25.0,2.8,6.6,0.427,0.0,0.0,0.0,2.8,6.6,0.428,0.427,2.1,2.5,0.846,2.7,3.6,6.3,2.6,0.8,0.3,1.7,2.3,7.7,0.0,0.0,1250.0,0.0,0.0,0.0,0.0,0.0,0.0,0.0,0.0,0.0,0.0,0.0,0.0,0.0,53.0,43.0,1325.0,149.0,349.0,0.427,0.0,1.0,0.0,149.0,348.0,0.428,0.427,110.0,130.0,0.846,141.0,192.0,333.0,136.0,45.0,14.0,92.0,124.0,408.0,0.0,14.0,0.502,0.003,0.372,11.8,17.1,14.4,16.3,1.8,0.9,18.5,17.0,1.0,0.7,1.7,0.06,-0.9,-0.9,-1.8,0.1,0.0,2014
213,Austin Rivers,19.4,2.8,6.9,0.405,0.5,1.4,0.364,2.3,5.4,0.416,0.443,1.6,2.5,0.636,0.4,1.5,1.9,2.3,0.7,0.1,1.1,1.9,7.7,0.0,0.0,1250.0,0.0,0.0,0.0,0.0,0.0,0.0,0.0,0.0,0.0,0.0,0.0,0.0,0.0,69.0,4.0,1339.0,192.0,474.0,0.405,36.0,99.0,0.364,156.0,375.0,0.416,0.443,110.0,173.0,0.636,26.0,103.0,129.0,160.0,45.0,9.0,77.0,134.0,530.0,0.0,11.6,0.482,0.209,0.365,2.2,9.1,5.6,18.7,1.8,0.6,12.3,21.3,0.2,0.4,0.6,0.023,-2.0,-1.4,-3.4,-0.5,0.0,2014
214,Larry Sanders,25.4,3.3,7.0,0.469,0.0,0.0,0.0,3.3,7.0,0.472,0.469,1.1,2.4,0.473,2.6,4.6,7.2,0.8,0.8,1.7,1.1,3.2,7.7,0.0,0.0,1250.0,0.0,0.0,0.0,0.0,0.0,0.0,0.0,0.0,0.0,0.0,0.0,0.0,0.0,23.0,20.0,584.0,76.0,162.0,0.469,0.0,1.0,0.0,76.0,161.0,0.472,0.469,26.0,55.0,0.473,60.0,105.0,165.0,19.0,18.0,40.0,26.0,74.0,178.0,0.0,14.0,0.478,0.006,0.34,11.4,21.3,16.2,5.3,1.6,5.6,12.3,16.4,0.1,0.6,0.7,0.057,-3.0,0.0,-3.0,-0.1,0.0,2014
215,Henry Sims,19.0,2.8,6.0,0.474,0.0,0.0,0.0,2.8,5.9,0.476,0.474,2.0,2.6,0.744,2.3,2.9,5.2,1.1,0.6,0.4,0.9,2.5,7.6,0.0,0.0,1250.0,0.0,0.0,0.0,0.0,0.0,0.0,0.0,0.0,0.0,0.0,0.0,0.0,0.0,46.0,25.0,875.0,130.0,274.0,0.474,0.0,1.0,0.0,130.0,273.0,0.476,0.474,90.0,121.0,0.744,104.0,133.0,237.0,52.0,28.0,20.0,41.0,116.0,350.0,0.0,16.1,0.535,0.004,0.442,12.5,17.2,14.8,9.5,1.6,1.9,11.1,18.0,1.4,0.7,2.1,0.115,-0.8,-1.4,-2.2,0.0,0.0,2014
216,Luis Scola,17.1,3.2,6.8,0.47,0.0,0.1,0.143,3.2,6.7,0.474,0.471,1.2,1.7,0.728,1.0,3.7,4.8,1.0,0.3,0.2,1.3,2.0,7.6,0.0,0.0,1250.0,0.0,0.0,0.0,0.0,0.0,0.0,0.0,0.0,0.0,0.0,0.0,0.0,0.0,82.0,2.0,1399.0,263.0,560.0,0.47,1.0,7.0,0.143,262.0,553.0,0.474,0.471,99.0,136.0,0.728,86.0,305.0,391.0,81.0,26.0,16.0,108.0,164.0,626.0,0.0,13.4,0.505,0.013,0.243,7.2,23.4,15.7,10.4,1.0,0.9,14.8,23.8,-0.4,2.8,2.5,0.084,-2.8,0.4,-2.5,-0.2,0.0,2014
217,Leandro Barbosa,18.4,2.8,6.6,0.427,0.4,1.3,0.28,2.5,5.3,0.462,0.454,1.6,2.0,0.795,0.3,1.6,1.9,1.6,0.4,0.2,1.0,1.5,7.5,0.0,0.0,1250.0,0.0,0.0,0.0,0.0,0.0,0.0,0.0,0.0,0.0,0.0,0.0,0.0,0.0,20.0,0.0,368.0,56.0,131.0,0.427,7.0,25.0,0.28,49.0,106.0,0.462,0.454,31.0,39.0,0.795,5.0,32.0,37.0,32.0,7.0,4.0,19.0,30.0,150.0,0.0,11.5,0.506,0.191,0.298,1.5,9.7,5.6,13.4,1.0,0.8,11.4,20.0,0.2,0.2,0.4,0.058,-1.8,-1.0,-2.8,-0.1,0.0,2014
218,Shelvin Mack,20.4,2.9,6.9,0.417,0.8,2.5,0.337,2.0,4.3,0.464,0.479,0.9,1.0,0.865,0.3,1.9,2.2,3.7,0.7,0.0,1.2,1.4,7.5,0.0,0.0,1250.0,0.0,0.0,0.0,0.0,0.0,0.0,0.0,0.0,0.0,0.0,0.0,0.0,0.0,73.0,11.0,1490.0,209.0,501.0,0.417,62.0,184.0,0.337,147.0,317.0,0.464,0.479,64.0,74.0,0.865,21.0,139.0,160.0,271.0,50.0,2.0,89.0,100.0,544.0,0.0,13.2,0.51,0.367,0.148,1.6,10.7,6.2,28.8,1.7,0.1,14.3,19.0,1.2,1.2,2.3,0.074,-0.6,-0.5,-1.1,0.3,0.0,2014
219,Maurice Harkless,24.4,2.8,6.0,0.464,0.7,1.9,0.383,2.1,4.1,0.502,0.525,1.1,1.8,0.594,0.9,2.4,3.3,1.0,1.2,0.6,1.1,1.8,7.4,0.0,0.0,1250.0,0.0,0.0,0.0,0.0,0.0,0.0,0.0,0.0,0.0,0.0,0.0,0.0,0.0,80.0,41.0,1950.0,224.0,483.0,0.464,59.0,154.0,0.383,165.0,329.0,0.502,0.525,85.0,143.0,0.594,69.0,195.0,264.0,80.0,97.0,50.0,86.0,140.0,592.0,0.0,11.8,0.542,0.319,0.296,4.0,11.4,7.7,6.4,2.5,2.0,13.6,14.8,0.6,2.1,2.8,0.068,-1.5,1.1,-0.4,0.8,0.0,2014
220,James Johnson,18.4,2.8,5.9,0.464,0.4,1.7,0.253,2.3,4.3,0.548,0.5,1.5,1.7,0.844,1.2,2.0,3.2,2.1,0.8,1.1,1.3,2.0,7.4,0.0,0.0,1250.0,0.0,0.0,0.0,0.0,0.0,0.0,0.0,0.0,0.0,0.0,0.0,0.0,0.0,52.0,4.0,956.0,143.0,308.0,0.464,22.0,87.0,0.253,121.0,221.0,0.548,0.5,76.0,90.0,0.844,60.0,106.0,166.0,111.0,42.0,57.0,66.0,102.0,384.0,0.0,18.5,0.552,0.282,0.292,7.4,13.2,10.3,18.2,2.3,5.0,16.0,20.0,1.4,1.6,3.0,0.15,1.6,2.9,4.5,1.6,0.0,2014
221,Mason Plumlee,18.2,2.8,4.3,0.659,0.0,0.0,0.0,2.8,4.3,0.666,0.659,1.7,2.8,0.626,1.4,3.0,4.4,0.9,0.7,0.8,1.1,2.4,7.4,0.0,0.0,1250.0,0.0,0.0,0.0,0.0,0.0,0.0,0.0,0.0,0.0,0.0,0.0,0.0,0.0,70.0,22.0,1275.0,199.0,302.0,0.659,0.0,3.0,0.0,199.0,299.0,0.666,0.659,122.0,195.0,0.626,99.0,209.0,308.0,60.0,49.0,55.0,77.0,171.0,520.0,0.0,19.0,0.67,0.01,0.646,9.3,19.6,14.5,8.1,2.0,3.6,16.6,17.1,3.0,1.7,4.7,0.176,0.2,0.8,1.0,1.0,0.0,2014
222,Andrew Bogut,26.4,3.5,5.6,0.627,0.0,0.0,0.0,3.5,5.6,0.627,0.627,0.3,1.0,0.344,2.7,7.3,10.0,1.7,0.7,1.8,1.4,3.1,7.3,0.0,0.0,1250.0,0.0,0.0,0.0,0.0,0.0,0.0,0.0,0.0,0.0,0.0,0.0,0.0,0.0,67.0,67.0,1769.0,235.0,375.0,0.627,0.0,0.0,0.0,235.0,375.0,0.627,0.627,22.0,64.0,0.344,182.0,489.0,671.0,112.0,47.0,121.0,97.0,210.0,492.0,0.0,17.0,0.61,0.0,0.171,11.4,29.7,20.7,9.3,1.3,5.2,19.4,12.4,2.4,4.0,6.5,0.176,-0.2,3.2,3.0,2.2,0.0,2014
223,Al-Farouq Aminu,25.6,2.9,6.2,0.474,0.2,0.6,0.271,2.8,5.6,0.496,0.487,1.1,1.7,0.664,1.6,4.6,6.2,1.4,1.0,0.5,1.1,1.8,7.2,0.0,0.0,1250.0,0.0,0.0,0.0,0.0,0.0,0.0,0.0,0.0,0.0,0.0,0.0,0.0,0.0,80.0,65.0,2045.0,234.0,494.0,0.474,13.0,48.0,0.271,221.0,446.0,0.496,0.487,91.0,137.0,0.664,129.0,367.0,496.0,114.0,82.0,38.0,88.0,147.0,572.0,0.0,13.2,0.516,0.097,0.277,7.2,21.2,14.1,8.4,2.1,1.6,13.7,14.3,1.3,1.8,3.1,0.072,-0.9,0.3,-0.6,0.7,0.0,2014
224,Alan Anderson,22.7,2.5,6.2,0.4,1.1,3.2,0.339,1.4,3.0,0.464,0.487,1.2,1.5,0.78,0.5,1.7,2.2,1.0,0.6,0.1,0.8,1.9,7.2,0.0,0.0,1250.0,0.0,0.0,0.0,0.0,0.0,0.0,0.0,0.0,0.0,0.0,0.0,0.0,0.0,78.0,26.0,1773.0,194.0,485.0,0.4,84.0,248.0,0.339,110.0,237.0,0.464,0.487,92.0,118.0,0.78,40.0,135.0,175.0,81.0,48.0,11.0,62.0,147.0,564.0,0.0,9.5,0.525,0.511,0.243,2.7,9.1,5.9,7.3,1.4,0.5,10.4,15.9,0.8,0.9,1.7,0.047,-1.8,-1.0,-2.8,-0.4,0.0,2014
225,Michael Kidd-Gilchrist,24.2,2.7,5.7,0.473,0.0,0.1,0.111,2.7,5.5,0.483,0.475,1.8,3.0,0.614,1.8,3.5,5.2,0.8,0.7,0.6,1.0,2.3,7.2,0.0,0.0,1250.0,0.0,0.0,0.0,0.0,0.0,0.0,0.0,0.0,0.0,0.0,0.0,0.0,0.0,62.0,62.0,1502.0,167.0,353.0,0.473,1.0,9.0,0.111,166.0,344.0,0.483,0.475,113.0,184.0,0.614,109.0,215.0,324.0,52.0,43.0,39.0,60.0,145.0,448.0,0.0,12.0,0.516,0.025,0.521,8.2,16.2,12.2,5.4,1.5,2.1,12.1,15.2,0.9,2.2,3.1,0.098,-2.9,0.8,-2.1,0.0,0.0,2014
226,Nate Wolters,22.6,2.9,6.7,0.437,0.3,1.1,0.29,2.6,5.6,0.465,0.46,1.0,1.6,0.656,0.6,2.0,2.6,3.2,0.6,0.3,1.0,1.2,7.2,0.0,0.0,1250.0,0.0,0.0,0.0,0.0,0.0,0.0,0.0,0.0,0.0,0.0,0.0,0.0,0.0,58.0,31.0,1309.0,170.0,389.0,0.437,18.0,62.0,0.29,152.0,327.0,0.465,0.46,59.0,90.0,0.656,33.0,116.0,149.0,187.0,35.0,15.0,57.0,67.0,417.0,0.0,12.7,0.486,0.159,0.231,2.8,10.5,6.5,23.3,1.4,0.9,11.7,16.8,0.9,0.2,1.2,0.043,-0.8,-1.0,-1.8,0.1,0.0,2014
227,Mike Miller,20.8,2.6,5.4,0.481,1.3,2.8,0.459,1.3,2.6,0.505,0.602,0.6,0.7,0.821,0.4,2.2,2.5,1.6,0.3,0.1,0.9,1.2,7.1,0.0,0.0,1250.0,0.0,0.0,0.0,0.0,0.0,0.0,0.0,0.0,0.0,0.0,0.0,0.0,0.0,82.0,4.0,1707.0,213.0,443.0,0.481,107.0,233.0,0.459,106.0,210.0,0.505,0.602,46.0,56.0,0.821,30.0,177.0,207.0,130.0,26.0,5.0,77.0,95.0,579.0,0.0,12.5,0.619,0.526,0.126,2.1,12.3,7.2,11.5,0.8,0.2,14.1,14.7,2.6,1.4,3.9,0.111,0.7,-0.3,0.4,1.0,0.0,2014
228,Jason Thompson,24.5,3.1,6.0,0.506,0.0,0.0,0.0,3.1,6.0,0.506,0.506,1.0,1.8,0.579,1.9,4.6,6.4,0.6,0.4,0.7,1.2,3.1,7.1,0.0,0.0,1250.0,0.0,0.0,0.0,0.0,0.0,0.0,0.0,0.0,0.0,0.0,0.0,0.0,0.0,82.0,61.0,2007.0,251.0,496.0,0.506,0.0,0.0,0.0,251.0,496.0,0.506,0.506,84.0,145.0,0.579,153.0,374.0,527.0,53.0,32.0,56.0,95.0,251.0,586.0,0.0,11.1,0.523,0.0,0.292,8.5,21.3,14.8,4.1,0.8,2.3,14.5,14.4,0.9,1.7,2.7,0.064,-2.9,-0.4,-3.2,-0.6,0.0,2014
229,Pero Antić,18.5,2.5,5.9,0.418,1.1,3.4,0.327,1.3,2.5,0.545,0.514,1.0,1.3,0.758,1.1,3.0,4.2,1.2,0.4,0.2,1.1,2.5,7.0,0.0,0.0,1250.0,0.0,0.0,0.0,0.0,0.0,0.0,0.0,0.0,0.0,0.0,0.0,0.0,0.0,50.0,26.0,925.0,123.0,294.0,0.418,56.0,171.0,0.327,67.0,123.0,0.545,0.514,50.0,66.0,0.758,57.0,152.0,209.0,58.0,19.0,12.0,55.0,126.0,352.0,0.0,11.7,0.545,0.582,0.224,7.2,18.9,13.1,9.8,1.0,1.0,14.5,18.6,0.5,0.9,1.4,0.075,-1.6,-0.7,-2.3,-0.1,0.0,2014
230,JaVale McGee,15.8,3.4,7.6,0.447,0.0,0.0,0.0,3.4,7.6,0.447,0.447,0.2,0.2,1.0,2.0,1.4,3.4,0.4,0.2,1.4,1.6,3.2,7.0,0.0,0.0,1250.0,0.0,0.0,0.0,0.0,0.0,0.0,0.0,0.0,0.0,0.0,0.0,0.0,0.0,5.0,5.0,79.0,17.0,38.0,0.447,0.0,0.0,0.0,17.0,38.0,0.447,0.447,1.0,1.0,1.0,10.0,7.0,17.0,2.0,1.0,7.0,8.0,16.0,35.0,0.0,10.2,0.455,0.0,0.026,13.6,9.6,11.6,4.4,0.6,6.5,17.2,25.0,-0.1,0.1,-0.1,-0.039,-6.3,-0.1,-6.5,-0.1,0.0,2014
231,Steve Blake,27.2,2.4,6.4,0.377,1.4,3.8,0.376,1.0,2.6,0.378,0.489,0.6,0.8,0.767,0.2,2.7,2.9,5.6,1.0,0.1,1.9,1.5,6.9,0.0,0.0,1250.0,0.0,0.0,0.0,0.0,0.0,0.0,0.0,0.0,0.0,0.0,0.0,0.0,0.0,55.0,28.0,1498.0,133.0,353.0,0.377,79.0,210.0,0.376,54.0,143.0,0.378,0.489,33.0,43.0,0.767,13.0,146.0,159.0,307.0,54.0,8.0,102.0,85.0,378.0,1.0,11.0,0.508,0.595,0.122,0.9,10.4,5.7,28.8,1.8,0.4,21.5,13.8,0.7,1.1,1.8,0.058,-1.2,0.1,-1.1,0.4,0.0,2014
232,Omri Casspi,18.1,2.4,5.8,0.422,0.9,2.5,0.347,1.6,3.3,0.479,0.496,1.2,1.7,0.68,0.8,2.9,3.7,1.2,0.6,0.2,1.0,1.4,6.9,0.0,0.0,1250.0,0.0,0.0,0.0,0.0,0.0,0.0,0.0,0.0,0.0,0.0,0.0,0.0,0.0,71.0,2.0,1283.0,173.0,410.0,0.422,61.0,176.0,0.347,112.0,234.0,0.479,0.496,83.0,122.0,0.68,55.0,205.0,260.0,88.0,44.0,14.0,72.0,100.0,490.0,0.0,12.9,0.528,0.429,0.298,5.1,16.8,11.3,10.5,1.7,0.8,13.4,18.3,1.0,1.4,2.4,0.091,-0.4,0.0,-0.3,0.5,0.0,2014
233,Chris Douglas-Roberts,20.7,2.3,5.1,0.44,1.0,2.7,0.386,1.2,2.4,0.5,0.542,1.3,1.7,0.805,0.3,2.1,2.4,1.0,0.6,0.3,0.7,1.2,6.9,0.0,0.0,1250.0,0.0,0.0,0.0,0.0,0.0,0.0,0.0,0.0,0.0,0.0,0.0,0.0,0.0,49.0,8.0,1016.0,111.0,252.0,0.44,51.0,132.0,0.386,60.0,120.0,0.5,0.542,66.0,82.0,0.805,16.0,103.0,119.0,51.0,29.0,16.0,36.0,61.0,339.0,0.0,12.2,0.588,0.524,0.325,1.8,11.5,6.6,7.9,1.5,1.2,11.1,14.7,1.1,1.2,2.4,0.113,-1.1,0.5,-0.5,0.4,0.0,2014
234,Jared Dudley,23.4,2.6,6.0,0.438,1.1,3.0,0.36,1.6,3.0,0.518,0.529,0.5,0.8,0.655,0.5,1.7,2.2,1.4,0.6,0.1,0.8,2.0,6.9,0.0,0.0,1250.0,0.0,0.0,0.0,0.0,0.0,0.0,0.0,0.0,0.0,0.0,0.0,0.0,0.0,74.0,43.0,1729.0,196.0,447.0,0.438,81.0,225.0,0.36,115.0,222.0,0.518,0.529,38.0,58.0,0.655,36.0,124.0,160.0,104.0,41.0,10.0,56.0,146.0,511.0,0.0,8.9,0.541,0.503,0.13,2.4,7.7,5.1,8.6,1.2,0.4,10.6,13.5,1.2,1.2,2.4,0.068,-1.4,-0.1,-1.5,0.2,0.0,2014
235,Jeff Adrien,18.1,2.7,5.2,0.52,0.0,0.0,0.0,2.7,5.2,0.52,0.52,1.4,2.2,0.639,1.9,3.8,5.8,0.7,0.5,0.7,0.7,2.0,6.8,0.0,0.0,1250.0,0.0,0.0,0.0,0.0,0.0,0.0,0.0,0.0,0.0,0.0,0.0,0.0,0.0,53.0,12.0,961.0,143.0,275.0,0.52,0.0,0.0,0.0,143.0,275.0,0.52,0.52,76.0,119.0,0.639,102.0,204.0,306.0,38.0,24.0,36.0,39.0,108.0,362.0,0.0,17.4,0.553,0.0,0.433,11.8,24.8,18.2,6.8,1.3,3.0,10.6,17.3,1.6,1.1,2.7,0.134,0.0,-0.9,-0.9,0.3,0.0,2014
236,Giannis Antetokounmpo,24.6,2.2,5.4,0.414,0.5,1.5,0.347,1.7,3.9,0.44,0.463,1.8,2.6,0.683,1.0,3.4,4.4,1.9,0.8,0.8,1.6,2.2,6.8,0.0,0.0,1250.0,0.0,0.0,0.0,0.0,0.0,0.0,0.0,0.0,0.0,0.0,0.0,0.0,0.0,77.0,23.0,1897.0,173.0,418.0,0.414,41.0,118.0,0.347,132.0,300.0,0.44,0.463,138.0,202.0,0.683,78.0,261.0,339.0,150.0,60.0,61.0,122.0,173.0,525.0,0.0,10.8,0.518,0.282,0.483,4.6,16.3,10.2,12.1,1.7,2.6,19.4,15.0,0.1,1.1,1.2,0.031,-2.4,-0.1,-2.5,-0.2,0.0,2014
237,Trevor Booker,21.6,3.1,5.6,0.551,0.0,0.0,0.0,3.1,5.6,0.554,0.551,0.7,1.1,0.618,2.1,3.2,5.3,0.9,0.6,0.6,0.8,1.8,6.8,0.0,0.0,1250.0,0.0,0.0,0.0,0.0,0.0,0.0,0.0,0.0,0.0,0.0,0.0,0.0,0.0,72.0,45.0,1553.0,222.0,403.0,0.551,0.0,2.0,0.0,222.0,401.0,0.554,0.551,47.0,76.0,0.618,149.0,230.0,379.0,64.0,41.0,45.0,58.0,131.0,491.0,0.0,15.0,0.563,0.005,0.189,10.9,17.5,14.1,6.3,1.4,2.4,11.7,14.4,2.3,2.0,4.3,0.132,-0.5,0.4,-0.1,0.7,0.0,2014
238,Steve Nash,20.9,2.4,6.3,0.383,0.5,1.6,0.333,1.9,4.7,0.4,0.426,1.5,1.6,0.917,0.3,1.7,1.9,5.7,0.5,0.1,2.1,1.2,6.8,0.0,0.0,1250.0,0.0,0.0,0.0,0.0,0.0,0.0,0.0,0.0,0.0,0.0,0.0,0.0,0.0,15.0,10.0,313.0,36.0,94.0,0.383,8.0,24.0,0.333,28.0,70.0,0.4,0.426,22.0,24.0,0.917,4.0,25.0,29.0,86.0,7.0,2.0,31.0,18.0,102.0,0.0,12.2,0.488,0.255,0.255,1.4,8.5,4.9,40.3,1.1,0.5,22.9,18.9,0.1,0.0,0.1,0.017,-1.3,-2.3,-3.6,-0.1,0.0,2014
239,Jordan Hamilton,17.0,2.5,6.3,0.391,1.2,3.3,0.354,1.3,3.0,0.433,0.484,0.7,0.9,0.784,0.5,2.7,3.2,0.9,0.7,0.3,0.8,1.1,6.7,0.0,0.0,1250.0,0.0,0.0,0.0,0.0,0.0,0.0,0.0,0.0,0.0,0.0,0.0,0.0,0.0,60.0,12.0,1019.0,147.0,376.0,0.391,70.0,198.0,0.354,77.0,178.0,0.433,0.484,40.0,51.0,0.784,32.0,162.0,194.0,52.0,44.0,20.0,46.0,67.0,404.0,0.0,12.7,0.507,0.527,0.136,3.5,17.1,10.4,7.9,2.1,1.5,10.4,18.7,0.4,1.1,1.6,0.073,0.2,0.6,0.7,0.7,0.0,2014
240,Chase Budinger,18.3,2.4,6.2,0.394,1.0,2.9,0.35,1.4,3.3,0.433,0.476,0.8,1.0,0.821,0.5,2.0,2.5,0.8,0.5,0.0,0.6,1.4,6.7,0.0,0.0,1250.0,0.0,0.0,0.0,0.0,0.0,0.0,0.0,0.0,0.0,0.0,0.0,0.0,0.0,41.0,8.0,751.0,100.0,254.0,0.394,42.0,120.0,0.35,58.0,134.0,0.433,0.476,32.0,39.0,0.821,19.0,84.0,103.0,31.0,19.0,2.0,24.0,58.0,274.0,0.0,9.7,0.505,0.472,0.154,2.7,12.5,7.5,6.2,1.2,0.2,8.1,16.7,0.3,0.6,0.9,0.059,-1.7,-0.8,-2.5,-0.1,0.0,2014
241,Iman Shumpert,26.5,2.5,6.5,0.378,1.0,3.1,0.333,1.4,3.5,0.418,0.457,0.7,1.0,0.746,1.1,3.1,4.2,1.7,1.2,0.2,1.1,2.8,6.7,0.0,0.0,1250.0,0.0,0.0,0.0,0.0,0.0,0.0,0.0,0.0,0.0,0.0,0.0,0.0,0.0,74.0,58.0,1962.0,183.0,484.0,0.378,76.0,228.0,0.333,107.0,256.0,0.418,0.457,53.0,71.0,0.746,81.0,227.0,308.0,129.0,92.0,13.0,79.0,209.0,495.0,0.0,9.6,0.48,0.471,0.147,4.7,14.0,9.2,9.8,2.5,0.6,13.3,14.1,0.4,1.6,2.0,0.048,-2.4,0.4,-2.0,0.0,0.0,2014
242,Chris Andersen,19.4,2.5,3.8,0.644,0.0,0.2,0.25,2.4,3.7,0.662,0.649,1.7,2.3,0.71,1.8,3.5,5.3,0.3,0.4,1.3,0.7,2.3,6.6,0.0,0.0,1250.0,0.0,0.0,0.0,0.0,0.0,0.0,0.0,0.0,0.0,0.0,0.0,0.0,0.0,72.0,0.0,1396.0,177.0,275.0,0.644,3.0,12.0,0.25,174.0,263.0,0.662,0.649,120.0,169.0,0.71,129.0,250.0,379.0,19.0,32.0,97.0,53.0,162.0,477.0,0.0,18.5,0.683,0.044,0.615,12.1,21.7,17.1,2.1,1.2,6.1,13.2,13.8,3.8,2.2,6.0,0.205,0.6,0.7,1.2,1.1,0.0,2014
243,Samuel Dalembert,20.2,2.7,4.7,0.568,0.0,0.0,0.0,2.7,4.7,0.569,0.568,1.3,1.7,0.737,2.5,4.3,6.8,0.5,0.5,1.2,1.1,2.6,6.6,0.0,0.0,1250.0,0.0,0.0,0.0,0.0,0.0,0.0,0.0,0.0,0.0,0.0,0.0,0.0,0.0,80.0,68.0,1614.0,214.0,377.0,0.568,0.0,1.0,0.0,214.0,376.0,0.569,0.568,101.0,137.0,0.737,200.0,341.0,541.0,38.0,41.0,94.0,90.0,210.0,529.0,0.0,16.8,0.605,0.003,0.363,14.4,24.2,19.4,3.4,1.3,4.8,17.1,14.8,2.9,2.1,4.9,0.147,-0.9,0.1,-0.8,0.5,0.0,2014
244,Al Harrington,15.0,2.4,6.1,0.396,1.0,2.9,0.34,1.4,3.1,0.449,0.478,0.8,1.0,0.771,0.4,1.9,2.4,0.8,0.4,0.0,1.0,2.1,6.6,0.0,0.0,1250.0,0.0,0.0,0.0,0.0,0.0,0.0,0.0,0.0,0.0,0.0,0.0,0.0,0.0,34.0,0.0,511.0,82.0,207.0,0.396,34.0,100.0,0.34,48.0,107.0,0.449,0.478,27.0,35.0,0.771,15.0,65.0,80.0,28.0,14.0,0.0,34.0,72.0,225.0,0.0,9.7,0.506,0.483,0.169,3.3,15.0,9.1,8.7,1.4,0.0,13.3,22.7,-0.2,0.5,0.4,0.035,-3.2,-1.0,-4.2,-0.3,0.0,2014
245,C.J. Watson,18.9,2.3,5.3,0.437,0.8,2.3,0.366,1.5,3.0,0.492,0.516,1.1,1.4,0.784,0.3,1.3,1.6,1.7,1.0,0.1,1.0,1.0,6.6,0.0,0.0,1250.0,0.0,0.0,0.0,0.0,0.0,0.0,0.0,0.0,0.0,0.0,0.0,0.0,0.0,63.0,5.0,1193.0,146.0,334.0,0.437,53.0,145.0,0.366,93.0,189.0,0.492,0.516,69.0,88.0,0.784,19.0,82.0,101.0,107.0,60.0,8.0,60.0,66.0,414.0,0.0,13.0,0.555,0.434,0.263,1.9,7.4,4.8,14.4,2.6,0.5,13.9,16.6,1.1,2.1,3.2,0.13,-1.1,2.3,1.3,1.0,0.0,2014
246,Kevin Garnett,20.5,2.9,6.6,0.441,0.0,0.1,0.0,2.9,6.5,0.445,0.441,0.7,0.9,0.809,1.1,5.5,6.6,1.5,0.8,0.7,1.3,2.3,6.5,0.0,0.0,1250.0,0.0,0.0,0.0,0.0,0.0,0.0,0.0,0.0,0.0,0.0,0.0,0.0,0.0,54.0,54.0,1109.0,157.0,356.0,0.441,0.0,3.0,0.0,157.0,353.0,0.445,0.441,38.0,47.0,0.809,60.0,298.0,358.0,82.0,43.0,40.0,69.0,123.0,352.0,0.0,13.3,0.467,0.008,0.132,6.5,32.1,19.3,12.4,2.0,3.0,15.5,18.9,-0.7,1.9,1.2,0.054,-2.5,1.3,-1.2,0.2,0.0,2014
247,DeJuan Blair,15.6,2.7,5.0,0.534,0.0,0.0,0.0,2.7,5.0,0.537,0.534,1.0,1.6,0.636,1.8,2.9,4.7,0.9,0.8,0.3,1.0,2.5,6.4,0.0,0.0,1250.0,0.0,0.0,0.0,0.0,0.0,0.0,0.0,0.0,0.0,0.0,0.0,0.0,0.0,78.0,13.0,1214.0,210.0,393.0,0.534,0.0,2.0,0.0,210.0,391.0,0.537,0.534,77.0,121.0,0.636,139.0,229.0,368.0,70.0,60.0,21.0,77.0,192.0,497.0,0.0,17.3,0.557,0.005,0.308,13.3,21.6,17.5,8.9,2.5,1.4,14.7,19.6,1.8,1.5,3.4,0.133,-1.2,0.1,-1.1,0.3,0.0,2014
248,Norris Cole,24.6,2.5,6.1,0.414,0.7,2.1,0.345,1.8,4.0,0.451,0.474,0.6,0.8,0.779,0.2,1.7,2.0,3.0,0.9,0.1,1.5,1.9,6.4,0.0,0.0,1250.0,0.0,0.0,0.0,0.0,0.0,0.0,0.0,0.0,0.0,0.0,0.0,0.0,0.0,82.0,6.0,2014.0,207.0,500.0,0.414,60.0,174.0,0.345,147.0,326.0,0.451,0.474,53.0,68.0,0.779,17.0,143.0,160.0,248.0,77.0,5.0,127.0,156.0,527.0,0.0,8.8,0.497,0.348,0.136,1.1,8.6,5.0,17.9,2.0,0.2,19.3,15.6,-0.5,1.7,1.2,0.029,-2.8,-0.4,-3.1,-0.6,0.0,2014
249,Kosta Koufos,16.9,2.8,5.7,0.495,0.0,0.0,0.0,2.8,5.7,0.495,0.495,0.8,1.2,0.645,2.0,3.2,5.2,0.5,0.4,0.9,0.8,2.3,6.4,0.0,0.0,1250.0,0.0,0.0,0.0,0.0,0.0,0.0,0.0,0.0,0.0,0.0,0.0,0.0,0.0,80.0,22.0,1349.0,227.0,459.0,0.495,0.0,0.0,0.0,227.0,459.0,0.495,0.495,60.0,93.0,0.645,160.0,258.0,418.0,39.0,32.0,71.0,67.0,182.0,514.0,0.0,16.5,0.514,0.0,0.203,14.0,22.7,18.4,4.7,1.3,4.4,11.8,19.4,1.3,2.2,3.5,0.124,-1.5,0.1,-1.5,0.2,0.0,2014
250,Marreese Speights,12.4,2.5,5.6,0.441,0.1,0.4,0.258,2.4,5.2,0.455,0.45,1.4,1.7,0.821,1.3,2.4,3.7,0.4,0.1,0.4,0.8,1.9,6.4,0.0,0.0,1250.0,0.0,0.0,0.0,0.0,0.0,0.0,0.0,0.0,0.0,0.0,0.0,0.0,0.0,79.0,3.0,982.0,195.0,442.0,0.441,8.0,31.0,0.258,187.0,411.0,0.455,0.45,110.0,134.0,0.821,101.0,189.0,290.0,32.0,10.0,34.0,66.0,148.0,508.0,0.0,15.2,0.507,0.07,0.303,11.4,20.6,16.1,5.3,0.5,2.6,11.6,25.4,0.6,1.5,2.1,0.103,-2.8,-0.9,-3.7,-0.4,0.0,2014
251,Luke Babbitt,17.5,2.2,5.7,0.39,1.3,3.5,0.379,0.9,2.2,0.407,0.506,0.5,0.7,0.778,0.7,2.6,3.3,1.1,0.3,0.4,0.6,1.9,6.3,0.0,0.0,1250.0,0.0,0.0,0.0,0.0,0.0,0.0,0.0,0.0,0.0,0.0,0.0,0.0,0.0,27.0,2.0,473.0,60.0,154.0,0.39,36.0,95.0,0.379,24.0,59.0,0.407,0.506,14.0,18.0,0.778,18.0,70.0,88.0,29.0,7.0,11.0,15.0,52.0,170.0,0.0,12.1,0.525,0.617,0.117,4.4,17.5,10.8,9.4,0.8,1.9,8.5,17.0,0.5,0.2,0.7,0.074,0.0,-1.1,-1.1,0.1,0.0,2014
252,Dante Cunningham,20.2,2.9,6.3,0.464,0.0,0.1,0.0,2.9,6.2,0.468,0.464,0.5,0.8,0.567,1.4,2.7,4.1,1.0,0.8,0.7,0.5,1.8,6.3,0.0,0.0,1250.0,0.0,0.0,0.0,0.0,0.0,0.0,0.0,0.0,0.0,0.0,0.0,0.0,0.0,81.0,7.0,1635.0,236.0,509.0,0.464,0.0,5.0,0.0,236.0,504.0,0.468,0.464,38.0,67.0,0.567,112.0,218.0,330.0,83.0,62.0,58.0,42.0,146.0,510.0,0.0,12.6,0.474,0.01,0.132,7.3,14.9,11.0,7.7,1.9,2.7,7.2,15.1,0.9,2.0,2.9,0.085,-1.7,0.9,-0.8,0.5,0.0,2014
253,Chris Johnson,19.7,2.1,5.4,0.397,1.1,3.2,0.339,1.1,2.2,0.483,0.498,0.9,1.1,0.86,0.8,1.7,2.4,0.8,0.7,0.1,0.6,1.6,6.3,0.0,0.0,1250.0,0.0,0.0,0.0,0.0,0.0,0.0,0.0,0.0,0.0,0.0,0.0,0.0,0.0,40.0,0.0,789.0,85.0,214.0,0.397,43.0,127.0,0.339,42.0,87.0,0.483,0.498,37.0,43.0,0.86,31.0,66.0,97.0,31.0,27.0,4.0,22.0,63.0,250.0,0.0,10.8,0.537,0.593,0.201,4.3,9.8,7.0,6.0,1.8,0.4,8.6,14.3,0.9,0.5,1.4,0.085,-1.2,0.0,-1.2,0.2,0.0,2014
254,E'Twaun Moore,19.1,2.5,5.8,0.428,0.7,2.0,0.354,1.7,3.7,0.468,0.49,0.7,0.9,0.765,0.4,1.4,1.7,1.4,0.8,0.2,0.7,1.3,6.3,0.0,0.0,1250.0,0.0,0.0,0.0,0.0,0.0,0.0,0.0,0.0,0.0,0.0,0.0,0.0,0.0,79.0,3.0,1506.0,195.0,456.0,0.428,57.0,161.0,0.354,138.0,295.0,0.468,0.49,52.0,68.0,0.765,29.0,107.0,136.0,112.0,60.0,13.0,55.0,106.0,499.0,0.0,11.1,0.513,0.353,0.149,2.2,8.1,5.1,11.8,2.0,0.7,10.2,16.4,0.6,1.1,1.7,0.055,-1.9,0.3,-1.6,0.2,0.0,2014
255,Quincy Pondexter,18.0,2.1,5.3,0.392,0.7,2.3,0.324,1.3,3.0,0.444,0.462,1.4,1.7,0.808,0.7,1.1,1.7,1.3,0.3,0.1,1.0,1.2,6.3,0.0,0.0,1250.0,0.0,0.0,0.0,0.0,0.0,0.0,0.0,0.0,0.0,0.0,0.0,0.0,0.0,15.0,2.0,270.0,31.0,79.0,0.392,11.0,34.0,0.324,20.0,45.0,0.444,0.462,21.0,26.0,0.808,10.0,16.0,26.0,20.0,5.0,1.0,15.0,18.0,94.0,0.0,10.3,0.52,0.43,0.329,4.4,7.0,5.7,11.0,1.0,0.3,14.2,18.0,0.2,0.2,0.4,0.063,-1.0,-1.0,-2.0,0.0,0.0,2014
256,Thabo Sefolosha,26.0,2.3,5.6,0.415,0.8,2.5,0.316,1.5,3.1,0.495,0.485,0.9,1.1,0.768,0.8,2.8,3.6,1.5,1.3,0.3,0.9,1.5,6.3,0.0,0.0,1250.0,0.0,0.0,0.0,0.0,0.0,0.0,0.0,0.0,0.0,0.0,0.0,0.0,0.0,61.0,61.0,1584.0,141.0,340.0,0.415,48.0,152.0,0.316,93.0,188.0,0.495,0.485,53.0,69.0,0.768,50.0,170.0,220.0,94.0,79.0,17.0,55.0,90.0,383.0,0.0,10.4,0.517,0.447,0.203,3.7,11.5,7.8,8.3,2.5,0.9,12.9,11.9,0.9,2.1,3.0,0.092,-1.2,1.5,0.3,0.9,0.0,2014
257,Draymond Green,21.9,2.3,5.6,0.407,0.7,2.0,0.333,1.6,3.6,0.449,0.467,1.0,1.5,0.667,1.0,3.9,5.0,1.9,1.2,0.9,1.1,2.8,6.2,0.0,0.0,1250.0,0.0,0.0,0.0,0.0,0.0,0.0,0.0,0.0,0.0,0.0,0.0,0.0,0.0,82.0,12.0,1797.0,187.0,459.0,0.407,55.0,165.0,0.333,132.0,294.0,0.449,0.467,82.0,123.0,0.667,86.0,323.0,409.0,152.0,102.0,72.0,91.0,231.0,511.0,0.0,12.7,0.498,0.359,0.268,5.3,19.3,12.4,11.9,2.8,3.0,15.1,14.8,0.7,3.8,4.5,0.119,-1.7,3.6,1.9,1.8,0.0,2014
258,Jon Leuer,13.1,2.5,5.0,0.492,0.5,1.0,0.469,2.0,4.0,0.497,0.539,0.8,1.0,0.787,0.8,2.5,3.2,0.4,0.4,0.3,0.6,1.3,6.2,0.0,0.0,1250.0,0.0,0.0,0.0,0.0,0.0,0.0,0.0,0.0,0.0,0.0,0.0,0.0,0.0,49.0,0.0,642.0,121.0,246.0,0.492,23.0,49.0,0.469,98.0,197.0,0.497,0.539,37.0,47.0,0.787,37.0,121.0,158.0,20.0,18.0,13.0,27.0,63.0,302.0,0.0,17.6,0.566,0.199,0.191,6.8,22.4,14.6,5.2,1.5,1.7,9.2,21.1,1.1,0.9,2.0,0.149,1.0,0.0,1.0,0.5,0.0,2014
259,Ray McCallum,19.9,2.5,6.7,0.377,0.5,1.3,0.373,2.0,5.4,0.378,0.413,0.7,1.0,0.744,0.4,1.4,1.8,2.7,0.5,0.2,0.9,1.5,6.2,0.0,0.0,1250.0,0.0,0.0,0.0,0.0,0.0,0.0,0.0,0.0,0.0,0.0,0.0,0.0,0.0,45.0,10.0,897.0,113.0,300.0,0.377,22.0,59.0,0.373,91.0,241.0,0.378,0.413,32.0,43.0,0.744,18.0,61.0,79.0,120.0,22.0,9.0,39.0,69.0,280.0,0.0,9.7,0.439,0.197,0.143,2.2,7.8,5.0,21.0,1.2,0.8,10.9,17.6,0.0,0.4,0.4,0.02,-2.3,-0.8,-3.1,-0.3,0.0,2014
260,Kyle O'Quinn,17.2,2.7,5.4,0.501,0.0,0.0,0.0,2.7,5.3,0.505,0.501,0.8,1.2,0.687,1.4,3.8,5.3,1.1,0.6,1.3,1.1,2.4,6.2,0.0,0.0,1250.0,0.0,0.0,0.0,0.0,0.0,0.0,0.0,0.0,0.0,0.0,0.0,0.0,0.0,69.0,19.0,1188.0,186.0,371.0,0.501,0.0,3.0,0.0,186.0,368.0,0.505,0.501,57.0,83.0,0.687,100.0,264.0,364.0,78.0,39.0,88.0,78.0,165.0,429.0,0.0,16.5,0.526,0.008,0.224,9.5,25.2,17.3,10.9,1.7,5.8,16.1,18.6,0.5,2.0,2.5,0.101,-2.2,1.9,-0.3,0.5,0.0,2014
261,Jeremy Evans,18.3,2.7,5.0,0.527,0.0,0.0,0.0,2.7,5.0,0.53,0.527,0.8,1.1,0.68,1.8,2.9,4.7,0.7,0.6,0.7,0.6,2.1,6.1,0.0,0.0,1250.0,0.0,0.0,0.0,0.0,0.0,0.0,0.0,0.0,0.0,0.0,0.0,0.0,0.0,66.0,4.0,1209.0,175.0,332.0,0.527,0.0,2.0,0.0,175.0,330.0,0.53,0.527,51.0,75.0,0.68,120.0,190.0,310.0,44.0,42.0,46.0,40.0,139.0,401.0,0.0,16.2,0.549,0.006,0.226,11.1,18.7,14.8,6.1,1.8,3.0,9.9,15.3,1.9,1.0,2.8,0.112,-0.7,-0.2,-0.9,0.3,0.0,2014
262,Anthony Tolliver,20.3,2.0,4.8,0.42,1.6,3.9,0.413,0.4,0.9,0.45,0.586,0.5,0.6,0.805,0.5,2.1,2.6,0.7,0.3,0.2,0.4,1.3,6.1,0.0,0.0,1250.0,0.0,0.0,0.0,0.0,0.0,0.0,0.0,0.0,0.0,0.0,0.0,0.0,0.0,64.0,9.0,1298.0,129.0,307.0,0.42,102.0,247.0,0.413,27.0,60.0,0.45,0.586,33.0,41.0,0.805,33.0,135.0,168.0,42.0,19.0,15.0,23.0,82.0,393.0,0.0,11.0,0.605,0.805,0.134,2.9,11.8,7.3,5.0,0.8,0.9,6.6,12.4,1.9,1.3,3.2,0.117,0.1,-0.1,0.0,0.6,0.0,2014
263,Kent Bazemore,13.6,2.2,5.1,0.429,0.6,1.9,0.336,1.6,3.2,0.484,0.491,1.0,1.6,0.606,0.1,1.6,1.7,1.4,0.6,0.2,1.2,1.5,6.0,0.0,0.0,1250.0,0.0,0.0,0.0,0.0,0.0,0.0,0.0,0.0,0.0,0.0,0.0,0.0,0.0,67.0,15.0,911.0,147.0,343.0,0.429,43.0,128.0,0.336,104.0,215.0,0.484,0.491,66.0,109.0,0.606,10.0,107.0,117.0,91.0,43.0,13.0,79.0,102.0,403.0,0.0,11.2,0.515,0.373,0.318,1.2,12.6,6.9,15.7,2.3,1.0,16.8,22.6,-0.6,0.8,0.2,0.011,-3.0,-0.2,-3.3,-0.3,0.0,2014
264,Tayshaun Prince,25.6,2.6,6.5,0.407,0.3,0.9,0.29,2.4,5.6,0.426,0.427,0.4,0.8,0.567,0.4,2.7,3.1,1.6,0.5,0.3,0.5,0.8,6.0,0.0,0.0,1250.0,0.0,0.0,0.0,0.0,0.0,0.0,0.0,0.0,0.0,0.0,0.0,0.0,0.0,76.0,76.0,1948.0,200.0,492.0,0.407,20.0,69.0,0.29,180.0,423.0,0.426,0.427,34.0,60.0,0.567,32.0,202.0,234.0,119.0,39.0,19.0,41.0,63.0,454.0,0.0,8.2,0.438,0.14,0.122,1.9,12.3,7.1,8.9,1.1,0.8,7.3,13.3,-0.2,1.8,1.5,0.038,-2.7,0.2,-2.5,-0.2,0.0,2014
265,Hollis Thompson,22.6,2.2,4.8,0.46,0.9,2.2,0.401,1.4,2.7,0.507,0.55,0.7,0.9,0.712,0.9,2.3,3.2,0.9,0.7,0.2,0.8,1.9,6.0,0.0,0.0,1250.0,0.0,0.0,0.0,0.0,0.0,0.0,0.0,0.0,0.0,0.0,0.0,0.0,0.0,77.0,41.0,1742.0,171.0,372.0,0.46,67.0,167.0,0.401,104.0,205.0,0.507,0.55,52.0,73.0,0.712,73.0,174.0,247.0,73.0,53.0,12.0,60.0,144.0,461.0,0.0,9.5,0.57,0.449,0.196,4.4,11.2,7.7,6.1,1.5,0.5,12.9,11.3,1.4,0.6,2.0,0.055,-2.1,-1.0,-3.2,-0.5,0.0,2014
266,Elliot Williams,17.3,2.1,5.0,0.415,0.6,1.9,0.296,1.5,3.2,0.486,0.47,1.3,1.8,0.731,0.4,1.5,1.9,1.1,0.5,0.0,1.0,1.9,6.0,0.0,0.0,1250.0,0.0,0.0,0.0,0.0,0.0,0.0,0.0,0.0,0.0,0.0,0.0,0.0,0.0,67.0,2.0,1157.0,140.0,337.0,0.415,37.0,125.0,0.296,103.0,212.0,0.486,0.47,87.0,119.0,0.731,30.0,100.0,130.0,72.0,35.0,3.0,68.0,126.0,404.0,0.0,8.7,0.519,0.371,0.353,2.7,9.7,6.1,9.4,1.5,0.2,14.9,16.7,0.0,0.3,0.3,0.014,-3.9,-1.7,-5.6,-1.1,0.0,2014
267,Chris Wright,15.8,2.6,4.4,0.6,0.0,0.1,0.0,2.6,4.3,0.618,0.6,0.8,1.9,0.4,1.3,1.3,2.5,0.6,0.9,0.6,0.6,2.1,6.0,0.0,0.0,1250.0,0.0,0.0,0.0,0.0,0.0,0.0,0.0,0.0,0.0,0.0,0.0,0.0,0.0,8.0,0.0,126.0,21.0,35.0,0.6,0.0,1.0,0.0,21.0,34.0,0.618,0.6,6.0,15.0,0.4,10.0,10.0,20.0,5.0,7.0,5.0,5.0,17.0,48.0,0.0,16.5,0.577,0.029,0.429,8.8,9.4,9.1,6.9,2.9,3.2,10.7,16.7,0.2,0.1,0.3,0.102,-0.4,0.2,-0.2,0.1,0.0,2014
268,Cody Zeller,17.3,2.1,4.9,0.426,0.0,0.0,0.0,2.1,4.9,0.427,0.426,1.8,2.4,0.73,1.4,2.9,4.3,1.1,0.5,0.5,1.1,2.1,6.0,0.0,0.0,1250.0,0.0,0.0,0.0,0.0,0.0,0.0,0.0,0.0,0.0,0.0,0.0,0.0,0.0,82.0,3.0,1416.0,172.0,404.0,0.426,0.0,1.0,0.0,172.0,403.0,0.427,0.426,146.0,200.0,0.73,118.0,235.0,353.0,92.0,40.0,41.0,87.0,170.0,490.0,0.0,13.1,0.498,0.002,0.495,9.4,18.8,14.1,10.4,1.5,2.3,15.0,18.9,0.4,2.2,2.6,0.09,-2.9,0.9,-2.0,0.0,0.0,2014
269,Alexis Ajinça,17.0,2.4,4.4,0.546,0.0,0.0,0.0,2.4,4.4,0.548,0.546,1.0,1.2,0.836,1.7,3.3,4.9,0.7,0.4,0.8,1.1,3.3,5.9,0.0,0.0,1250.0,0.0,0.0,0.0,0.0,0.0,0.0,0.0,0.0,0.0,0.0,0.0,0.0,0.0,56.0,30.0,951.0,136.0,249.0,0.546,0.0,1.0,0.0,136.0,248.0,0.548,0.546,56.0,67.0,0.836,94.0,183.0,277.0,40.0,23.0,46.0,63.0,187.0,328.0,0.0,14.6,0.589,0.004,0.269,11.3,22.7,16.9,6.6,1.3,4.1,18.4,16.3,1.2,0.9,2.1,0.104,-2.7,0.1,-2.6,-0.1,0.0,2014
270,Darrell Arthur,17.1,2.4,6.0,0.395,0.4,0.9,0.375,2.0,5.1,0.399,0.424,0.8,0.9,0.855,0.8,2.3,3.1,0.9,0.6,0.7,0.9,2.7,5.9,0.0,0.0,1250.0,0.0,0.0,0.0,0.0,0.0,0.0,0.0,0.0,0.0,0.0,0.0,0.0,0.0,68.0,1.0,1161.0,162.0,410.0,0.395,24.0,64.0,0.375,138.0,346.0,0.399,0.424,53.0,62.0,0.855,52.0,158.0,210.0,61.0,39.0,47.0,58.0,185.0,401.0,0.0,9.4,0.459,0.156,0.151,4.8,14.7,9.8,8.0,1.6,3.0,11.7,18.1,-0.5,1.2,0.7,0.029,-4.0,0.8,-3.2,-0.4,0.0,2014
271,Kentavious Caldwell-Pope,19.8,2.3,5.8,0.396,0.7,2.3,0.319,1.5,3.4,0.447,0.46,0.6,0.8,0.77,0.5,1.5,2.0,0.7,0.9,0.2,0.4,1.8,5.9,0.0,0.0,1250.0,0.0,0.0,0.0,0.0,0.0,0.0,0.0,0.0,0.0,0.0,0.0,0.0,0.0,80.0,41.0,1583.0,182.0,460.0,0.396,59.0,185.0,0.319,123.0,275.0,0.447,0.46,47.0,61.0,0.77,38.0,118.0,156.0,55.0,75.0,12.0,28.0,145.0,470.0,0.0,9.4,0.483,0.402,0.133,2.5,8.6,5.4,5.0,2.4,0.6,5.4,13.9,1.0,0.8,1.8,0.055,-3.0,0.5,-2.6,-0.2,0.0,2014
272,Ömer Aşık,20.2,2.1,4.0,0.532,0.0,0.0,0.0,2.1,4.0,0.532,0.532,1.6,2.6,0.619,2.1,5.8,7.9,0.5,0.3,0.8,1.2,1.9,5.8,0.0,0.0,1250.0,0.0,0.0,0.0,0.0,0.0,0.0,0.0,0.0,0.0,0.0,0.0,0.0,0.0,48.0,19.0,968.0,101.0,190.0,0.532,0.0,0.0,0.0,101.0,190.0,0.532,0.532,78.0,126.0,0.619,101.0,277.0,378.0,25.0,14.0,37.0,59.0,92.0,280.0,0.0,14.0,0.57,0.0,0.663,12.3,30.1,21.7,3.8,0.7,2.8,19.4,13.8,1.0,1.5,2.4,0.121,-1.2,-0.3,-1.5,0.1,0.0,2014
273,Elton Brand,19.4,2.5,4.5,0.539,0.0,0.0,0.0,2.5,4.5,0.542,0.539,0.8,1.3,0.649,1.3,3.6,4.9,1.0,0.5,1.2,0.8,2.6,5.7,0.0,0.0,1250.0,0.0,0.0,0.0,0.0,0.0,0.0,0.0,0.0,0.0,0.0,0.0,0.0,0.0,73.0,15.0,1414.0,179.0,332.0,0.539,0.0,2.0,0.0,179.0,330.0,0.542,0.539,61.0,94.0,0.649,97.0,264.0,361.0,74.0,40.0,88.0,60.0,192.0,419.0,0.0,14.0,0.561,0.006,0.283,8.0,21.5,14.8,8.1,1.4,4.9,13.8,13.9,1.4,2.1,3.6,0.121,-2.4,1.6,-0.8,0.4,0.0,2014
274,Ed Davis,15.2,2.5,4.6,0.534,0.0,0.0,0.0,2.5,4.6,0.534,0.534,0.7,1.4,0.528,1.5,2.7,4.1,0.4,0.3,0.7,0.6,1.8,5.7,0.0,0.0,1250.0,0.0,0.0,0.0,0.0,0.0,0.0,0.0,0.0,0.0,0.0,0.0,0.0,0.0,63.0,4.0,956.0,155.0,290.0,0.534,0.0,0.0,0.0,155.0,290.0,0.534,0.534,47.0,89.0,0.528,92.0,168.0,260.0,27.0,17.0,43.0,40.0,114.0,357.0,0.0,15.9,0.542,0.0,0.307,11.4,20.9,16.1,4.5,0.9,3.7,10.8,17.8,1.2,1.4,2.6,0.129,-1.3,0.1,-1.2,0.2,0.0,2014
275,Francisco García,19.7,2.1,5.3,0.401,1.3,3.5,0.358,0.9,1.8,0.485,0.519,0.2,0.3,0.526,0.4,1.8,2.2,1.1,0.5,0.6,0.5,2.2,5.7,0.0,0.0,1250.0,0.0,0.0,0.0,0.0,0.0,0.0,0.0,0.0,0.0,0.0,0.0,0.0,0.0,55.0,4.0,1083.0,118.0,294.0,0.401,69.0,193.0,0.358,49.0,101.0,0.485,0.519,10.0,19.0,0.526,21.0,101.0,122.0,63.0,27.0,33.0,30.0,120.0,315.0,0.0,9.3,0.521,0.656,0.065,2.3,9.8,6.3,8.6,1.2,2.3,9.0,13.5,0.8,0.9,1.8,0.078,-0.7,0.6,-0.1,0.5,0.0,2014
276,Andrew Nicholson,15.4,2.4,5.5,0.429,0.4,1.2,0.315,2.0,4.4,0.459,0.462,0.6,0.8,0.825,0.7,2.7,3.4,0.3,0.2,0.3,0.7,2.0,5.7,0.0,0.0,1250.0,0.0,0.0,0.0,0.0,0.0,0.0,0.0,0.0,0.0,0.0,0.0,0.0,0.0,76.0,5.0,1174.0,180.0,420.0,0.429,28.0,89.0,0.315,152.0,331.0,0.459,0.462,47.0,57.0,0.825,53.0,202.0,255.0,25.0,18.0,23.0,51.0,150.0,435.0,0.0,9.9,0.489,0.212,0.136,5.1,19.5,12.3,3.5,0.8,1.5,10.3,19.3,-0.4,1.0,0.6,0.025,-3.9,-1.2,-5.1,-0.9,0.0,2014
277,Tyler Zeller,15.0,2.2,4.1,0.538,0.0,0.0,0.0,2.2,4.1,0.54,0.538,1.2,1.7,0.719,1.5,2.6,4.0,0.5,0.3,0.5,0.9,2.0,5.7,0.0,0.0,1250.0,0.0,0.0,0.0,0.0,0.0,0.0,0.0,0.0,0.0,0.0,0.0,0.0,0.0,70.0,9.0,1049.0,156.0,290.0,0.538,0.0,1.0,0.0,156.0,289.0,0.54,0.538,87.0,121.0,0.719,103.0,179.0,282.0,36.0,18.0,38.0,60.0,137.0,399.0,0.0,15.4,0.581,0.003,0.417,10.8,19.6,15.1,5.6,0.9,3.0,14.9,17.1,1.5,1.1,2.6,0.12,-1.8,-0.4,-2.2,-0.1,0.0,2014
278,Jimmer Fredette,10.6,2.2,4.6,0.471,0.8,1.7,0.476,1.4,2.9,0.469,0.559,0.4,0.4,0.905,0.2,0.9,1.1,1.3,0.3,0.1,1.0,0.7,5.6,0.0,0.0,1250.0,0.0,0.0,0.0,0.0,0.0,0.0,0.0,0.0,0.0,0.0,0.0,0.0,0.0,49.0,0.0,519.0,107.0,227.0,0.471,40.0,84.0,0.476,67.0,143.0,0.469,0.559,19.0,21.0,0.905,8.0,44.0,52.0,64.0,14.0,3.0,48.0,35.0,273.0,0.0,15.8,0.578,0.37,0.093,1.7,9.7,5.7,22.2,1.4,0.5,16.9,24.3,0.5,0.3,0.8,0.078,2.0,-1.5,0.6,0.3,0.0,2014
279,Cartier Martin,14.7,1.9,4.5,0.42,1.0,2.6,0.391,0.9,1.9,0.46,0.532,0.8,1.1,0.738,0.2,1.6,1.9,0.6,0.5,0.1,0.6,1.2,5.6,0.0,0.0,1250.0,0.0,0.0,0.0,0.0,0.0,0.0,0.0,0.0,0.0,0.0,0.0,0.0,0.0,59.0,6.0,870.0,111.0,264.0,0.42,59.0,151.0,0.391,52.0,113.0,0.46,0.532,48.0,65.0,0.738,13.0,97.0,110.0,33.0,27.0,7.0,34.0,71.0,329.0,0.0,11.0,0.562,0.572,0.246,1.7,12.8,7.3,5.9,1.6,0.6,10.4,17.1,0.5,0.8,1.3,0.07,-0.9,-0.3,-1.3,0.2,0.0,2014
280,Shawne Williams,20.9,2.0,5.3,0.38,1.2,3.6,0.326,0.9,1.8,0.492,0.49,0.4,0.6,0.7,0.7,3.9,4.6,0.8,0.5,0.8,0.6,2.6,5.6,0.0,0.0,1250.0,0.0,0.0,0.0,0.0,0.0,0.0,0.0,0.0,0.0,0.0,0.0,0.0,0.0,36.0,13.0,751.0,73.0,192.0,0.38,42.0,129.0,0.326,31.0,63.0,0.492,0.49,14.0,20.0,0.7,25.0,142.0,167.0,30.0,19.0,30.0,21.0,93.0,202.0,0.0,9.5,0.503,0.672,0.104,3.6,20.2,11.9,5.7,1.2,2.9,9.5,12.9,0.1,0.6,0.7,0.045,-2.5,0.8,-1.7,0.1,0.0,2014
281,Donatas Motiejūnas,15.4,2.1,4.8,0.443,0.3,1.4,0.25,1.8,3.4,0.519,0.478,0.9,1.5,0.604,1.0,2.7,3.6,0.5,0.3,0.3,0.8,2.1,5.5,0.0,0.0,1250.0,0.0,0.0,0.0,0.0,0.0,0.0,0.0,0.0,0.0,0.0,0.0,0.0,0.0,62.0,3.0,952.0,131.0,296.0,0.443,21.0,84.0,0.25,110.0,212.0,0.519,0.478,58.0,96.0,0.604,60.0,165.0,225.0,34.0,20.0,21.0,49.0,132.0,341.0,0.0,10.7,0.504,0.284,0.324,7.4,18.2,13.1,5.5,1.0,1.6,12.7,17.8,0.3,1.0,1.4,0.069,-3.2,-0.6,-3.8,-0.4,0.0,2014
282,Travis Outlaw,16.9,2.1,5.2,0.399,0.7,1.9,0.35,1.4,3.3,0.426,0.462,0.7,0.8,0.808,0.6,2.1,2.7,0.8,0.3,0.3,0.4,1.5,5.4,0.0,0.0,1250.0,0.0,0.0,0.0,0.0,0.0,0.0,0.0,0.0,0.0,0.0,0.0,0.0,0.0,63.0,4.0,1065.0,130.0,326.0,0.399,41.0,117.0,0.35,89.0,209.0,0.426,0.462,42.0,52.0,0.808,36.0,132.0,168.0,48.0,20.0,19.0,26.0,94.0,343.0,0.0,10.4,0.492,0.359,0.16,3.8,14.2,8.9,7.0,1.0,1.4,6.9,15.5,0.8,0.6,1.4,0.062,-1.1,-0.4,-1.4,0.1,0.0,2014
283,Robert Sacre,16.8,2.2,4.6,0.477,0.0,0.0,0.0,2.2,4.6,0.477,0.477,1.0,1.4,0.681,1.3,2.6,3.9,0.8,0.4,0.7,0.7,2.1,5.4,0.0,0.0,1250.0,0.0,0.0,0.0,0.0,0.0,0.0,0.0,0.0,0.0,0.0,0.0,0.0,0.0,65.0,13.0,1089.0,143.0,300.0,0.477,0.0,0.0,0.0,143.0,300.0,0.477,0.477,64.0,94.0,0.681,82.0,172.0,254.0,51.0,24.0,47.0,44.0,134.0,350.0,0.0,12.1,0.513,0.0,0.313,8.0,16.9,12.5,7.0,1.1,3.1,11.4,15.5,0.7,0.7,1.4,0.061,-3.0,-0.5,-3.6,-0.4,0.0,2014
284,CJ McCollum,12.5,1.9,4.7,0.416,0.8,2.1,0.375,1.2,2.6,0.449,0.5,0.6,0.9,0.676,0.2,1.1,1.3,0.7,0.4,0.1,0.9,1.4,5.3,0.0,0.0,1250.0,0.0,0.0,0.0,0.0,0.0,0.0,0.0,0.0,0.0,0.0,0.0,0.0,0.0,38.0,0.0,476.0,74.0,178.0,0.416,30.0,80.0,0.375,44.0,98.0,0.449,0.5,23.0,34.0,0.676,7.0,41.0,48.0,27.0,14.0,2.0,35.0,53.0,201.0,0.0,9.0,0.521,0.449,0.191,1.6,9.2,5.4,8.7,1.5,0.3,15.4,20.9,-0.2,0.3,0.2,0.019,-2.9,-0.6,-3.4,-0.2,0.0,2014
285,Casper Ware,12.9,2.0,4.7,0.429,0.8,2.3,0.333,1.2,2.3,0.524,0.512,0.6,0.7,0.833,0.0,1.0,1.0,1.1,0.9,0.0,0.6,1.2,5.3,0.0,0.0,1250.0,0.0,0.0,0.0,0.0,0.0,0.0,0.0,0.0,0.0,0.0,0.0,0.0,0.0,9.0,0.0,116.0,18.0,42.0,0.429,7.0,21.0,0.333,11.0,21.0,0.524,0.512,5.0,6.0,0.833,0.0,9.0,9.0,10.0,8.0,0.0,5.0,11.0,48.0,0.0,13.0,0.538,0.5,0.143,0.0,8.7,4.2,13.7,3.3,0.0,10.1,18.1,0.1,0.1,0.2,0.071,-2.6,0.2,-2.4,0.0,0.0,2014
286,John Salmons,22.1,1.9,5.3,0.363,0.8,2.1,0.387,1.1,3.2,0.348,0.439,0.5,0.7,0.769,0.3,1.8,2.1,1.9,0.6,0.2,0.7,1.6,5.2,0.0,0.0,1250.0,0.0,0.0,0.0,0.0,0.0,0.0,0.0,0.0,0.0,0.0,0.0,0.0,0.0,78.0,8.0,1726.0,150.0,413.0,0.363,63.0,163.0,0.387,87.0,250.0,0.348,0.439,40.0,52.0,0.769,20.0,143.0,163.0,147.0,47.0,19.0,54.0,124.0,403.0,0.0,7.8,0.462,0.395,0.126,1.3,9.6,5.5,12.8,1.4,0.9,11.0,12.8,0.2,1.4,1.7,0.046,-2.5,0.5,-1.9,0.0,0.0,2014
287,Derek Fisher,17.6,1.7,4.5,0.391,1.1,2.8,0.384,0.7,1.6,0.402,0.512,0.7,0.9,0.775,0.1,1.4,1.5,1.4,0.9,0.0,0.6,1.9,5.2,0.0,0.0,1250.0,0.0,0.0,0.0,0.0,0.0,0.0,0.0,0.0,0.0,0.0,0.0,0.0,0.0,81.0,0.0,1428.0,141.0,361.0,0.391,88.0,229.0,0.384,53.0,132.0,0.402,0.512,55.0,71.0,0.775,12.0,110.0,122.0,117.0,70.0,3.0,49.0,157.0,425.0,0.0,10.1,0.542,0.634,0.197,1.0,8.3,4.8,11.6,2.5,0.2,11.1,13.7,1.4,1.7,3.1,0.103,-1.8,1.2,-0.6,0.5,0.0,2014
288,Ben Gordon,14.7,1.9,5.7,0.343,0.4,1.5,0.276,1.5,4.2,0.367,0.38,0.9,1.1,0.81,0.2,1.3,1.4,1.1,0.5,0.1,1.1,0.9,5.2,0.0,0.0,1250.0,0.0,0.0,0.0,0.0,0.0,0.0,0.0,0.0,0.0,0.0,0.0,0.0,0.0,19.0,0.0,279.0,37.0,108.0,0.343,8.0,29.0,0.276,29.0,79.0,0.367,0.38,17.0,21.0,0.81,3.0,24.0,27.0,21.0,10.0,2.0,21.0,18.0,99.0,0.0,6.4,0.422,0.269,0.194,1.2,9.8,5.5,12.2,1.9,0.6,15.2,22.9,-0.7,0.3,-0.3,-0.058,-5.8,-0.3,-6.0,-0.3,0.0,2014
289,Gerald Wallace,24.4,2.0,4.0,0.504,0.3,1.1,0.297,1.7,2.9,0.584,0.546,0.8,1.7,0.465,0.6,3.0,3.7,2.5,1.3,0.2,1.7,1.4,5.1,0.0,0.0,1250.0,0.0,0.0,0.0,0.0,0.0,0.0,0.0,0.0,0.0,0.0,0.0,0.0,0.0,58.0,16.0,1416.0,116.0,230.0,0.504,19.0,64.0,0.297,97.0,166.0,0.584,0.546,47.0,101.0,0.465,36.0,176.0,212.0,143.0,73.0,14.0,97.0,79.0,298.0,0.0,10.0,0.543,0.278,0.439,2.8,14.5,8.5,14.9,2.7,0.8,26.1,11.6,-0.3,1.6,1.3,0.043,-2.8,2.0,-0.8,0.4,0.0,2014
290,Luke Ridnour,18.7,2.1,5.4,0.385,0.6,1.8,0.343,1.5,3.6,0.406,0.442,0.3,0.4,0.654,0.4,1.2,1.6,2.9,0.5,0.1,1.1,1.5,5.0,0.0,0.0,1250.0,0.0,0.0,0.0,0.0,0.0,0.0,0.0,0.0,0.0,0.0,0.0,0.0,0.0,61.0,14.0,1141.0,126.0,327.0,0.385,37.0,108.0,0.343,89.0,219.0,0.406,0.442,17.0,26.0,0.654,23.0,74.0,97.0,176.0,32.0,8.0,66.0,92.0,306.0,0.0,9.0,0.452,0.33,0.08,2.2,7.6,4.8,24.3,1.5,0.6,16.3,16.1,-0.3,0.4,0.1,0.005,-3.2,-1.1,-4.4,-0.7,0.0,2014
291,Willie Green,15.8,1.9,4.9,0.376,0.7,2.2,0.339,1.1,2.7,0.407,0.452,0.5,0.6,0.824,0.2,1.2,1.4,0.9,0.4,0.2,0.6,1.7,5.0,0.0,0.0,1250.0,0.0,0.0,0.0,0.0,0.0,0.0,0.0,0.0,0.0,0.0,0.0,0.0,0.0,55.0,9.0,869.0,102.0,271.0,0.376,41.0,121.0,0.339,61.0,150.0,0.407,0.452,28.0,34.0,0.824,12.0,66.0,78.0,50.0,22.0,11.0,34.0,96.0,273.0,0.0,7.1,0.477,0.446,0.125,1.6,8.2,5.0,8.3,1.3,1.0,10.6,16.3,-0.2,0.7,0.5,0.028,-3.1,-0.1,-3.2,-0.3,0.0,2014
292,Cory Joseph,13.8,1.9,3.9,0.475,0.2,0.6,0.316,1.7,3.3,0.502,0.498,1.2,1.4,0.823,0.5,1.1,1.6,1.7,0.5,0.2,0.6,1.2,5.0,0.0,0.0,1250.0,0.0,0.0,0.0,0.0,0.0,0.0,0.0,0.0,0.0,0.0,0.0,0.0,0.0,68.0,19.0,936.0,126.0,265.0,0.475,12.0,38.0,0.316,114.0,227.0,0.502,0.498,79.0,96.0,0.823,32.0,75.0,107.0,114.0,35.0,14.0,43.0,84.0,343.0,0.0,14.7,0.558,0.143,0.362,4.0,8.7,6.4,17.2,1.9,1.1,12.3,16.9,1.6,1.3,2.9,0.148,-0.4,1.3,0.9,0.7,0.0,2014
293,Andrei Kirilenko,19.0,1.8,3.6,0.513,0.0,0.1,0.2,1.8,3.4,0.523,0.516,1.4,2.6,0.513,1.2,2.0,3.2,1.6,0.9,0.4,1.2,1.4,5.0,0.0,0.0,1250.0,0.0,0.0,0.0,0.0,0.0,0.0,0.0,0.0,0.0,0.0,0.0,0.0,0.0,45.0,4.0,857.0,82.0,160.0,0.513,1.0,5.0,0.2,81.0,155.0,0.523,0.516,61.0,119.0,0.513,55.0,91.0,146.0,72.0,40.0,19.0,54.0,65.0,226.0,0.0,12.4,0.532,0.031,0.744,7.7,12.7,10.2,13.1,2.4,1.9,20.3,14.6,0.4,0.9,1.3,0.07,-1.1,0.8,-0.4,0.4,0.0,2014
294,Dorell Wright,14.5,1.6,4.4,0.374,1.0,3.0,0.342,0.6,1.4,0.442,0.49,0.8,1.0,0.754,0.4,2.4,2.8,0.9,0.3,0.2,0.6,0.9,5.0,0.0,0.0,1250.0,0.0,0.0,0.0,0.0,0.0,0.0,0.0,0.0,0.0,0.0,0.0,0.0,0.0,68.0,13.0,984.0,111.0,297.0,0.374,69.0,202.0,0.342,42.0,95.0,0.442,0.49,52.0,69.0,0.754,29.0,162.0,191.0,64.0,23.0,16.0,39.0,62.0,343.0,0.0,11.9,0.524,0.68,0.232,3.2,17.5,10.5,9.4,1.2,1.1,10.6,16.2,0.9,1.0,1.9,0.091,0.4,0.5,0.9,0.7,0.0,2014
295,Andre Miller,16.9,1.8,4.0,0.459,0.2,0.4,0.524,1.6,3.6,0.452,0.483,1.0,1.3,0.779,0.5,1.8,2.2,3.4,0.6,0.2,1.1,1.3,4.9,0.0,0.0,1250.0,0.0,0.0,0.0,0.0,0.0,0.0,0.0,0.0,0.0,0.0,0.0,0.0,0.0,58.0,2.0,982.0,106.0,231.0,0.459,11.0,21.0,0.524,95.0,210.0,0.452,0.483,60.0,77.0,0.779,28.0,102.0,130.0,197.0,34.0,9.0,61.0,75.0,283.0,0.0,13.9,0.534,0.091,0.333,3.1,11.7,7.4,29.2,1.7,0.7,18.7,14.5,1.4,0.8,2.2,0.108,-0.3,1.1,0.8,0.7,0.0,2014
296,Beno Udrih,15.7,1.9,4.3,0.438,0.5,1.0,0.452,1.4,3.3,0.434,0.492,0.6,0.7,0.833,0.2,1.2,1.4,2.8,0.6,0.1,1.1,1.2,4.9,0.0,0.0,1250.0,0.0,0.0,0.0,0.0,0.0,0.0,0.0,0.0,0.0,0.0,0.0,0.0,0.0,41.0,12.0,643.0,78.0,178.0,0.438,19.0,42.0,0.452,59.0,136.0,0.434,0.492,25.0,30.0,0.833,10.0,49.0,59.0,116.0,23.0,4.0,47.0,50.0,200.0,0.0,12.7,0.523,0.236,0.169,1.8,9.2,5.4,28.0,1.9,0.5,19.7,17.2,0.5,0.3,0.8,0.061,-0.9,-0.9,-1.8,0.0,0.0,2014
297,Nick Calathes,16.5,2.0,4.4,0.457,0.3,0.9,0.311,1.7,3.5,0.492,0.487,0.6,1.0,0.611,0.3,1.6,1.9,2.9,0.9,0.1,1.4,1.6,4.9,0.0,0.0,1250.0,0.0,0.0,0.0,0.0,0.0,0.0,0.0,0.0,0.0,0.0,0.0,0.0,0.0,71.0,7.0,1173.0,142.0,311.0,0.457,19.0,61.0,0.311,123.0,250.0,0.492,0.487,44.0,72.0,0.611,23.0,114.0,137.0,207.0,66.0,8.0,101.0,117.0,347.0,0.0,12.3,0.506,0.196,0.232,2.3,11.5,6.9,26.5,3.0,0.6,22.8,17.5,-0.1,1.6,1.5,0.062,-2.5,1.6,-0.9,0.3,0.0,2014
298,Tyler Hansbrough,15.3,1.5,3.1,0.474,0.0,0.0,0.0,1.5,3.0,0.479,0.474,2.0,2.9,0.681,1.9,2.6,4.5,0.3,0.4,0.3,0.7,2.1,4.9,0.0,0.0,1250.0,0.0,0.0,0.0,0.0,0.0,0.0,0.0,0.0,0.0,0.0,0.0,0.0,0.0,64.0,4.0,978.0,93.0,196.0,0.474,0.0,2.0,0.0,93.0,194.0,0.479,0.474,126.0,185.0,0.681,120.0,167.0,287.0,17.0,28.0,19.0,47.0,132.0,312.0,0.0,14.2,0.562,0.01,0.944,14.2,20.0,17.1,2.7,1.5,1.6,14.5,15.1,1.7,1.4,3.0,0.149,-1.3,-0.6,-1.9,0.0,0.0,2014
299,James Jones,11.8,1.6,3.4,0.456,1.4,2.7,0.519,0.2,0.7,0.214,0.662,0.4,0.6,0.636,0.1,1.1,1.2,0.5,0.2,0.2,0.2,0.3,4.9,0.0,0.0,1250.0,0.0,0.0,0.0,0.0,0.0,0.0,0.0,0.0,0.0,0.0,0.0,0.0,0.0,20.0,6.0,236.0,31.0,68.0,0.456,28.0,54.0,0.519,3.0,14.0,0.214,0.662,7.0,11.0,0.636,2.0,21.0,23.0,9.0,3.0,4.0,4.0,6.0,97.0,0.0,15.4,0.666,0.794,0.162,1.1,10.8,6.1,5.8,0.7,1.5,5.2,15.6,0.6,0.1,0.7,0.147,4.1,-0.9,3.2,0.3,0.0,2014
300,Quincy Miller,15.2,1.8,4.9,0.367,0.6,1.8,0.319,1.2,3.1,0.395,0.426,0.8,1.1,0.709,0.7,2.1,2.8,0.5,0.4,0.6,0.9,1.3,4.9,0.0,0.0,1250.0,0.0,0.0,0.0,0.0,0.0,0.0,0.0,0.0,0.0,0.0,0.0,0.0,0.0,52.0,16.0,789.0,94.0,256.0,0.367,30.0,94.0,0.319,64.0,162.0,0.395,0.426,39.0,55.0,0.709,36.0,111.0,147.0,26.0,22.0,32.0,48.0,70.0,257.0,0.0,8.6,0.459,0.367,0.215,4.9,15.2,10.1,4.9,1.4,3.0,14.6,17.7,-0.7,0.7,0.0,0.002,-3.4,-0.4,-3.7,-0.4,0.0,2014
301,Earl Clark,14.2,1.8,4.8,0.372,0.8,2.3,0.336,1.0,2.6,0.403,0.45,0.4,0.6,0.647,0.4,2.2,2.6,0.3,0.3,0.5,0.6,1.2,4.8,0.0,0.0,1250.0,0.0,0.0,0.0,0.0,0.0,0.0,0.0,0.0,0.0,0.0,0.0,0.0,0.0,54.0,17.0,768.0,97.0,261.0,0.372,41.0,122.0,0.336,56.0,139.0,0.403,0.45,22.0,34.0,0.647,22.0,121.0,143.0,18.0,17.0,25.0,31.0,67.0,257.0,0.0,9.1,0.466,0.467,0.13,3.2,18.2,10.5,3.7,1.1,2.8,10.1,17.9,-0.4,0.8,0.3,0.02,-2.5,-0.1,-2.6,-0.1,0.0,2014
302,Gorgui Dieng,13.6,1.9,3.8,0.498,0.0,0.0,1.0,1.9,3.8,0.496,0.5,1.0,1.6,0.634,1.7,3.3,5.0,0.7,0.5,0.8,0.9,1.8,4.8,0.0,0.0,1250.0,0.0,0.0,0.0,0.0,0.0,0.0,0.0,0.0,0.0,0.0,0.0,0.0,0.0,60.0,15.0,818.0,113.0,227.0,0.498,1.0,1.0,1.0,112.0,226.0,0.496,0.5,59.0,93.0,0.634,103.0,197.0,300.0,39.0,30.0,50.0,54.0,108.0,286.0,0.0,16.5,0.534,0.004,0.41,13.4,26.9,20.0,7.2,1.8,4.6,16.8,16.8,0.7,1.5,2.2,0.129,-2.0,0.9,-1.1,0.2,0.0,2014
303,Anthony Randolph,12.3,1.6,4.1,0.386,0.4,1.4,0.295,1.2,2.7,0.435,0.438,1.2,1.6,0.754,0.5,2.4,2.8,0.7,0.6,0.4,0.9,1.5,4.8,0.0,0.0,1250.0,0.0,0.0,0.0,0.0,0.0,0.0,0.0,0.0,0.0,0.0,0.0,0.0,0.0,43.0,5.0,527.0,68.0,176.0,0.386,18.0,61.0,0.295,50.0,115.0,0.435,0.438,52.0,69.0,0.754,20.0,102.0,122.0,32.0,26.0,19.0,39.0,64.0,206.0,0.0,12.2,0.499,0.347,0.392,4.1,21.0,12.5,9.1,2.4,2.7,15.9,19.8,-0.1,0.7,0.6,0.055,-2.3,1.5,-0.8,0.2,0.0,2014
304,Thomas Robinson,12.5,2.0,4.2,0.481,0.0,0.0,0.0,2.0,4.2,0.483,0.481,0.8,1.4,0.564,1.5,2.9,4.4,0.5,0.3,0.3,0.8,1.9,4.8,0.0,0.0,1250.0,0.0,0.0,0.0,0.0,0.0,0.0,0.0,0.0,0.0,0.0,0.0,0.0,0.0,70.0,0.0,873.0,141.0,293.0,0.481,0.0,1.0,0.0,141.0,292.0,0.483,0.481,57.0,101.0,0.564,105.0,202.0,307.0,34.0,23.0,20.0,57.0,131.0,339.0,0.0,14.1,0.502,0.003,0.345,13.1,24.6,18.9,6.0,1.3,1.6,14.5,19.7,0.4,1.2,1.6,0.09,-2.7,-0.6,-3.2,-0.3,0.0,2014
305,Ronny Turiaf,19.5,2.1,3.5,0.598,0.0,0.0,0.0,2.1,3.5,0.598,0.598,0.7,1.6,0.42,1.8,3.8,5.6,0.8,0.3,1.6,0.8,2.1,4.8,0.0,0.0,1250.0,0.0,0.0,0.0,0.0,0.0,0.0,0.0,0.0,0.0,0.0,0.0,0.0,0.0,31.0,10.0,606.0,64.0,107.0,0.598,0.0,0.0,0.0,64.0,107.0,0.598,0.598,21.0,50.0,0.42,55.0,119.0,174.0,24.0,8.0,50.0,24.0,65.0,149.0,0.0,13.9,0.578,0.0,0.467,9.6,22.0,15.6,5.7,0.7,6.3,15.7,10.7,0.6,0.9,1.5,0.122,-1.5,2.0,0.5,0.4,0.0,2014
306,Metta World Peace,13.4,1.9,4.9,0.397,0.6,1.9,0.315,1.3,3.0,0.448,0.457,0.3,0.6,0.625,0.6,1.4,2.0,0.6,0.8,0.3,0.7,1.5,4.8,0.0,0.0,1250.0,0.0,0.0,0.0,0.0,0.0,0.0,0.0,0.0,0.0,0.0,0.0,0.0,0.0,29.0,1.0,388.0,56.0,141.0,0.397,17.0,54.0,0.315,39.0,87.0,0.448,0.457,10.0,16.0,0.625,18.0,41.0,59.0,17.0,24.0,8.0,19.0,44.0,139.0,0.0,11.7,0.469,0.383,0.113,5.3,12.8,8.9,7.1,3.3,1.8,11.4,20.0,-0.2,0.4,0.3,0.032,-1.9,0.5,-1.4,0.1,0.0,2014
307,Lavoy Allen,16.5,2.1,4.6,0.447,0.0,0.2,0.154,2.0,4.4,0.46,0.45,0.5,0.8,0.66,1.8,3.0,4.8,1.1,0.4,0.5,0.7,1.9,4.7,0.0,0.0,1250.0,0.0,0.0,0.0,0.0,0.0,0.0,0.0,0.0,0.0,0.0,0.0,0.0,0.0,65.0,2.0,1072.0,134.0,300.0,0.447,2.0,13.0,0.154,132.0,287.0,0.46,0.45,33.0,50.0,0.66,119.0,192.0,311.0,71.0,24.0,33.0,44.0,126.0,303.0,0.0,12.5,0.47,0.043,0.167,11.7,20.0,15.7,10.1,1.1,2.4,12.0,14.6,0.6,0.9,1.5,0.066,-2.6,-0.8,-3.5,-0.4,0.0,2014
308,Matthew Dellavedova,17.7,1.7,4.1,0.412,0.8,2.2,0.368,0.9,2.0,0.461,0.508,0.5,0.7,0.792,0.4,1.3,1.7,2.6,0.5,0.1,0.8,1.7,4.7,0.0,0.0,1250.0,0.0,0.0,0.0,0.0,0.0,0.0,0.0,0.0,0.0,0.0,0.0,0.0,0.0,72.0,4.0,1271.0,122.0,296.0,0.412,57.0,155.0,0.368,65.0,141.0,0.461,0.508,38.0,48.0,0.792,29.0,94.0,123.0,187.0,33.0,5.0,60.0,121.0,339.0,0.0,10.7,0.534,0.524,0.162,2.5,8.5,5.4,22.1,1.3,0.3,15.9,13.2,1.4,0.7,2.1,0.078,-1.6,-0.2,-1.8,0.1,0.0,2014
309,Jannero Pargo,8.3,1.8,4.1,0.441,0.8,2.1,0.4,1.0,2.0,0.483,0.542,0.3,0.4,0.727,0.0,0.7,0.7,1.8,0.5,0.0,0.9,0.6,4.7,0.0,0.0,1250.0,0.0,0.0,0.0,0.0,0.0,0.0,0.0,0.0,0.0,0.0,0.0,0.0,0.0,29.0,0.0,242.0,52.0,118.0,0.441,24.0,60.0,0.4,28.0,58.0,0.483,0.542,8.0,11.0,0.727,1.0,19.0,20.0,52.0,14.0,1.0,26.0,17.0,136.0,0.0,18.9,0.554,0.508,0.093,0.5,8.9,4.7,40.3,3.0,0.3,17.5,28.4,0.2,0.4,0.5,0.105,2.9,-0.3,2.7,0.3,0.0,2014
310,Kevin Séraphin,10.9,2.1,4.2,0.505,0.0,0.0,0.0,2.1,4.2,0.505,0.505,0.5,0.6,0.871,1.0,1.4,2.4,0.3,0.1,0.5,0.8,1.9,4.7,0.0,0.0,1250.0,0.0,0.0,0.0,0.0,0.0,0.0,0.0,0.0,0.0,0.0,0.0,0.0,0.0,53.0,1.0,578.0,111.0,220.0,0.505,0.0,0.0,0.0,111.0,220.0,0.505,0.505,27.0,31.0,0.871,53.0,75.0,128.0,17.0,3.0,26.0,41.0,103.0,249.0,0.0,12.5,0.533,0.0,0.141,10.5,15.3,12.8,4.9,0.3,3.7,14.9,21.5,0.2,0.6,0.8,0.066,-4.3,-0.8,-5.2,-0.5,0.0,2014
311,Isaiah Canaan,11.5,1.4,4.0,0.356,0.8,2.5,0.327,0.6,1.5,0.406,0.46,1.0,1.3,0.724,0.3,0.8,1.1,1.0,0.4,0.2,1.0,1.1,4.6,0.0,0.0,1250.0,0.0,0.0,0.0,0.0,0.0,0.0,0.0,0.0,0.0,0.0,0.0,0.0,0.0,22.0,0.0,252.0,31.0,87.0,0.356,18.0,55.0,0.327,13.0,32.0,0.406,0.46,21.0,29.0,0.724,7.0,17.0,24.0,22.0,8.0,4.0,21.0,25.0,101.0,0.0,9.5,0.506,0.632,0.333,3.3,7.1,5.3,13.2,1.6,1.2,17.4,21.0,0.0,0.2,0.2,0.031,-2.5,-1.5,-4.0,-0.1,0.0,2014
312,Jae Crowder,16.1,1.7,3.8,0.439,0.6,1.9,0.331,1.0,1.9,0.552,0.524,0.6,0.8,0.754,0.6,1.9,2.5,0.8,0.8,0.3,0.5,1.3,4.6,0.0,0.0,1250.0,0.0,0.0,0.0,0.0,0.0,0.0,0.0,0.0,0.0,0.0,0.0,0.0,0.0,78.0,8.0,1254.0,130.0,296.0,0.439,50.0,151.0,0.331,80.0,145.0,0.552,0.524,46.0,61.0,0.754,46.0,148.0,194.0,60.0,59.0,21.0,41.0,100.0,356.0,0.0,11.9,0.551,0.51,0.206,4.3,13.5,8.9,6.7,2.4,1.4,11.3,13.2,1.2,1.1,2.3,0.089,-0.7,0.8,0.2,0.7,0.0,2014
313,Charlie Villanueva,9.0,1.8,4.6,0.38,0.7,2.8,0.25,1.1,1.8,0.583,0.457,0.4,0.7,0.571,0.3,1.4,1.7,0.3,0.2,0.3,0.4,0.8,4.6,0.0,0.0,1250.0,0.0,0.0,0.0,0.0,0.0,0.0,0.0,0.0,0.0,0.0,0.0,0.0,0.0,20.0,0.0,180.0,35.0,92.0,0.38,14.0,56.0,0.25,21.0,36.0,0.583,0.457,8.0,14.0,0.571,6.0,28.0,34.0,6.0,4.0,5.0,7.0,16.0,92.0,0.0,12.7,0.469,0.609,0.152,3.5,17.9,10.3,5.5,1.1,2.2,6.7,25.0,0.0,0.1,0.1,0.034,-0.6,-1.9,-2.4,0.0,0.0,2014
314,MarShon Brooks,9.0,1.6,3.6,0.456,0.4,0.7,0.52,1.3,2.9,0.44,0.508,0.9,1.3,0.727,0.3,1.3,1.5,0.7,0.4,0.1,0.7,0.6,4.5,0.0,0.0,1250.0,0.0,0.0,0.0,0.0,0.0,0.0,0.0,0.0,0.0,0.0,0.0,0.0,0.0,35.0,0.0,316.0,57.0,125.0,0.456,13.0,25.0,0.52,44.0,100.0,0.44,0.508,32.0,44.0,0.727,10.0,44.0,54.0,25.0,14.0,4.0,24.0,21.0,159.0,0.0,15.5,0.551,0.2,0.352,3.4,15.5,9.3,12.9,2.2,0.9,14.3,23.4,0.1,0.3,0.4,0.06,-0.6,-0.5,-1.1,0.1,0.0,2014
315,Rashard Lewis,16.2,1.6,3.9,0.415,0.8,2.2,0.343,0.9,1.7,0.51,0.513,0.4,0.6,0.788,0.4,1.4,1.8,1.0,0.9,0.1,0.6,1.5,4.5,0.0,0.0,1250.0,0.0,0.0,0.0,0.0,0.0,0.0,0.0,0.0,0.0,0.0,0.0,0.0,0.0,60.0,6.0,971.0,98.0,236.0,0.415,46.0,134.0,0.343,52.0,102.0,0.51,0.513,26.0,33.0,0.788,24.0,86.0,110.0,57.0,53.0,8.0,35.0,90.0,268.0,0.0,10.7,0.535,0.568,0.14,3.2,10.7,7.1,8.5,2.9,0.7,12.3,14.1,0.5,1.1,1.7,0.083,-1.3,1.0,-0.3,0.4,0.0,2014
316,Tony Snell,16.0,1.7,4.4,0.384,0.7,2.3,0.32,0.9,2.1,0.456,0.469,0.4,0.5,0.756,0.2,1.4,1.6,0.9,0.4,0.2,0.6,1.1,4.5,0.0,0.0,1250.0,0.0,0.0,0.0,0.0,0.0,0.0,0.0,0.0,0.0,0.0,0.0,0.0,0.0,77.0,12.0,1231.0,129.0,336.0,0.384,57.0,178.0,0.32,72.0,158.0,0.456,0.469,31.0,41.0,0.756,19.0,105.0,124.0,68.0,29.0,15.0,44.0,84.0,346.0,0.0,8.0,0.489,0.53,0.122,1.8,9.6,5.7,9.1,1.3,0.9,11.1,14.9,-0.1,1.7,1.6,0.063,-3.1,0.5,-2.6,-0.2,0.0,2014
317,Jason Terry,16.3,1.6,4.3,0.362,1.1,2.9,0.379,0.5,1.4,0.327,0.49,0.3,0.4,0.667,0.1,0.9,1.1,1.6,0.4,0.0,0.8,1.4,4.5,0.0,0.0,1250.0,0.0,0.0,0.0,0.0,0.0,0.0,0.0,0.0,0.0,0.0,0.0,0.0,0.0,35.0,0.0,570.0,55.0,152.0,0.362,39.0,103.0,0.379,16.0,49.0,0.327,0.49,10.0,15.0,0.667,4.0,33.0,37.0,56.0,13.0,0.0,27.0,48.0,159.0,0.0,7.4,0.501,0.678,0.099,0.8,6.9,3.9,15.3,1.2,0.0,14.5,15.3,0.0,0.2,0.2,0.016,-2.3,-1.2,-3.5,-0.2,0.0,2014
318,Vítor Luiz Faverani,13.2,1.7,4.0,0.435,0.3,1.1,0.3,1.4,2.9,0.486,0.476,0.6,1.0,0.649,1.1,2.3,3.5,0.4,0.4,0.7,1.1,2.0,4.4,0.0,0.0,1250.0,0.0,0.0,0.0,0.0,0.0,0.0,0.0,0.0,0.0,0.0,0.0,0.0,0.0,37.0,8.0,488.0,64.0,147.0,0.435,12.0,40.0,0.3,52.0,107.0,0.486,0.476,24.0,37.0,0.649,42.0,86.0,128.0,16.0,14.0,27.0,41.0,74.0,164.0,0.0,11.0,0.502,0.272,0.252,9.5,20.6,14.9,5.2,1.5,4.3,20.1,18.6,-0.3,0.7,0.3,0.031,-3.6,0.5,-3.2,-0.1,0.0,2014
319,Darius Miller,16.1,1.6,3.7,0.44,0.6,1.7,0.325,1.1,2.0,0.539,0.515,0.6,0.8,0.806,0.2,1.0,1.2,1.0,0.5,0.2,0.5,2.0,4.4,0.0,0.0,1250.0,0.0,0.0,0.0,0.0,0.0,0.0,0.0,0.0,0.0,0.0,0.0,0.0,0.0,45.0,7.0,723.0,73.0,166.0,0.44,25.0,77.0,0.325,48.0,89.0,0.539,0.515,29.0,36.0,0.806,9.0,43.0,52.0,43.0,24.0,9.0,22.0,88.0,200.0,0.0,9.0,0.55,0.464,0.217,1.4,7.0,4.2,8.7,1.7,1.0,10.8,12.8,0.6,0.2,0.8,0.055,-2.8,0.0,-2.8,-0.1,0.0,2014
320,Gustavo Ayón,16.5,2.0,3.9,0.51,0.0,0.0,0.0,2.0,3.9,0.51,0.51,0.3,0.8,0.4,1.6,3.2,4.8,1.1,1.0,0.4,1.1,1.8,4.3,0.0,0.0,1250.0,0.0,0.0,0.0,0.0,0.0,0.0,0.0,0.0,0.0,0.0,0.0,0.0,0.0,26.0,14.0,429.0,52.0,102.0,0.51,0.0,0.0,0.0,52.0,102.0,0.51,0.51,8.0,20.0,0.4,42.0,83.0,125.0,28.0,25.0,10.0,29.0,47.0,112.0,0.0,12.9,0.505,0.0,0.196,11.4,22.3,16.9,10.0,3.0,1.8,20.7,14.8,0.0,0.7,0.7,0.078,-2.5,1.4,-1.2,0.1,0.0,2014
321,Kenyon Martin,19.8,2.0,3.8,0.512,0.0,0.0,0.0,2.0,3.8,0.516,0.512,0.3,0.6,0.579,1.1,3.1,4.2,1.6,0.8,0.8,0.8,2.7,4.3,0.0,0.0,1250.0,0.0,0.0,0.0,0.0,0.0,0.0,0.0,0.0,0.0,0.0,0.0,0.0,0.0,32.0,15.0,633.0,63.0,123.0,0.512,0.0,1.0,0.0,63.0,122.0,0.516,0.512,11.0,19.0,0.579,36.0,98.0,134.0,50.0,25.0,27.0,26.0,85.0,137.0,0.0,12.2,0.521,0.008,0.154,6.5,18.7,12.5,11.9,2.1,3.8,16.5,11.6,0.5,0.7,1.2,0.09,-2.2,2.1,0.0,0.3,0.0,2014
322,Byron Mullens,9.2,1.6,3.7,0.442,0.7,2.0,0.371,0.9,1.7,0.526,0.542,0.2,0.4,0.5,0.5,1.5,2.0,0.3,0.3,0.2,0.6,1.4,4.2,0.0,0.0,1250.0,0.0,0.0,0.0,0.0,0.0,0.0,0.0,0.0,0.0,0.0,0.0,0.0,0.0,45.0,0.0,414.0,73.0,165.0,0.442,33.0,89.0,0.371,40.0,76.0,0.526,0.542,10.0,20.0,0.5,24.0,68.0,92.0,14.0,15.0,11.0,27.0,64.0,189.0,0.0,12.8,0.544,0.539,0.121,6.2,18.2,12.1,5.5,1.8,2.1,13.4,20.9,0.1,0.4,0.5,0.057,-0.8,-0.8,-1.7,0.0,0.0,2014
323,Anthony Bennett,12.8,1.5,4.3,0.356,0.3,1.0,0.245,1.3,3.3,0.39,0.384,0.8,1.3,0.638,0.9,2.0,3.0,0.3,0.4,0.2,0.9,1.8,4.2,0.0,0.0,1250.0,0.0,0.0,0.0,0.0,0.0,0.0,0.0,0.0,0.0,0.0,0.0,0.0,0.0,52.0,0.0,663.0,80.0,225.0,0.356,13.0,53.0,0.245,67.0,172.0,0.39,0.384,44.0,69.0,0.638,49.0,106.0,155.0,17.0,21.0,8.0,47.0,93.0,217.0,0.0,6.9,0.425,0.236,0.307,8.1,18.4,13.1,4.0,1.6,1.0,15.5,20.3,-1.1,0.7,-0.4,-0.028,-6.0,-1.3,-7.4,-0.9,0.0,2014
324,Nick Collison,16.7,1.7,3.0,0.556,0.0,0.2,0.235,1.6,2.8,0.58,0.564,0.8,1.1,0.71,1.4,2.2,3.6,1.3,0.4,0.3,0.9,2.3,4.2,0.0,0.0,1250.0,0.0,0.0,0.0,0.0,0.0,0.0,0.0,0.0,0.0,0.0,0.0,0.0,0.0,81.0,0.0,1353.0,134.0,241.0,0.556,4.0,17.0,0.235,130.0,224.0,0.58,0.564,66.0,93.0,0.71,116.0,177.0,293.0,104.0,30.0,28.0,71.0,187.0,338.0,0.0,11.8,0.599,0.071,0.386,10.2,14.1,12.2,10.9,1.1,1.7,20.1,11.6,2.0,1.6,3.6,0.128,-1.3,0.5,-0.9,0.4,0.0,2014
325,Mike Harris,11.3,1.5,3.1,0.475,0.0,0.1,0.0,1.5,3.0,0.492,0.475,1.3,1.4,0.963,0.8,0.9,1.7,0.3,0.8,0.4,0.6,1.8,4.2,0.0,0.0,1250.0,0.0,0.0,0.0,0.0,0.0,0.0,0.0,0.0,0.0,0.0,0.0,0.0,0.0,20.0,0.0,225.0,29.0,61.0,0.475,0.0,2.0,0.0,29.0,59.0,0.492,0.475,26.0,27.0,0.963,15.0,18.0,33.0,5.0,16.0,7.0,11.0,36.0,84.0,0.0,15.3,0.576,0.033,0.443,7.4,9.5,8.4,3.6,3.7,2.4,13.1,17.1,0.3,0.2,0.5,0.116,-1.6,1.9,0.3,0.1,0.0,2014
326,Jonas Jerebko,11.6,1.5,3.3,0.471,0.5,1.2,0.419,1.0,2.1,0.5,0.546,0.7,0.9,0.729,0.8,1.9,2.7,0.6,0.3,0.1,0.7,1.3,4.2,0.0,0.0,1250.0,0.0,0.0,0.0,0.0,0.0,0.0,0.0,0.0,0.0,0.0,0.0,0.0,0.0,64.0,0.0,741.0,98.0,208.0,0.471,31.0,74.0,0.419,67.0,134.0,0.5,0.546,43.0,59.0,0.729,51.0,124.0,175.0,39.0,21.0,6.0,43.0,85.0,270.0,0.0,13.4,0.577,0.356,0.284,7.2,19.3,12.9,7.8,1.4,0.6,15.5,16.0,1.0,0.5,1.4,0.092,-0.8,-0.7,-1.5,0.1,0.0,2014
327,Carl Landry,12.9,1.7,3.3,0.517,0.0,0.0,0.0,1.7,3.3,0.517,0.517,0.8,0.9,0.824,0.8,2.3,3.2,0.3,0.2,0.1,0.5,1.9,4.2,0.0,0.0,1250.0,0.0,0.0,0.0,0.0,0.0,0.0,0.0,0.0,0.0,0.0,0.0,0.0,0.0,18.0,1.0,233.0,31.0,60.0,0.517,0.0,0.0,0.0,31.0,60.0,0.517,0.517,14.0,17.0,0.824,15.0,42.0,57.0,5.0,3.0,1.0,9.0,34.0,76.0,0.0,11.2,0.563,0.0,0.283,7.2,20.6,13.8,3.4,0.7,0.3,11.8,14.5,0.3,0.1,0.4,0.088,-2.4,-0.7,-3.1,-0.1,0.0,2014
328,Jarvis Varnado,14.1,1.5,2.5,0.6,0.0,0.0,0.0,1.5,2.5,0.6,0.6,1.1,2.2,0.519,0.8,1.8,2.6,0.5,0.4,1.2,0.4,2.6,4.1,0.0,0.0,1250.0,0.0,0.0,0.0,0.0,0.0,0.0,0.0,0.0,0.0,0.0,0.0,0.0,0.0,24.0,0.0,339.0,36.0,60.0,0.6,0.0,0.0,0.0,36.0,60.0,0.6,0.6,27.0,52.0,0.519,19.0,44.0,63.0,13.0,10.0,29.0,10.0,62.0,99.0,0.0,13.3,0.597,0.0,0.867,5.8,14.6,10.0,5.7,1.4,6.8,10.8,11.6,0.5,0.3,0.8,0.114,-3.5,1.3,-2.3,0.0,0.0,2014
329,Shane Battier,20.1,1.4,3.8,0.382,1.0,2.9,0.348,0.4,0.9,0.492,0.515,0.2,0.3,0.652,0.5,1.4,1.9,0.9,0.7,0.5,0.3,1.7,4.1,0.0,0.0,1250.0,0.0,0.0,0.0,0.0,0.0,0.0,0.0,0.0,0.0,0.0,0.0,0.0,0.0,73.0,56.0,1468.0,105.0,275.0,0.382,73.0,210.0,0.348,32.0,65.0,0.492,0.515,15.0,23.0,0.652,34.0,104.0,138.0,63.0,50.0,39.0,21.0,124.0,298.0,0.0,8.7,0.523,0.764,0.084,3.0,8.6,5.9,6.0,1.8,2.3,6.9,10.0,1.0,1.4,2.4,0.078,-0.6,0.6,0.0,0.7,0.0,2014
330,Jorge Gutiérrez,16.3,1.7,3.6,0.463,0.2,0.8,0.25,1.5,2.8,0.524,0.491,0.6,0.8,0.75,0.2,1.3,1.5,2.0,0.7,0.1,0.9,2.5,4.1,0.0,0.0,1250.0,0.0,0.0,0.0,0.0,0.0,0.0,0.0,0.0,0.0,0.0,0.0,0.0,0.0,15.0,2.0,244.0,25.0,54.0,0.463,3.0,12.0,0.25,22.0,42.0,0.524,0.491,9.0,12.0,0.75,3.0,19.0,22.0,30.0,10.0,1.0,14.0,37.0,62.0,0.0,8.7,0.523,0.222,0.222,1.5,9.3,5.4,19.4,2.2,0.3,19.1,14.1,0.1,0.2,0.2,0.048,-4.7,-0.2,-4.9,-0.2,0.0,2014
331,Darius Morris,11.6,1.4,3.6,0.406,0.4,1.4,0.316,1.0,2.1,0.466,0.469,0.6,1.0,0.654,0.3,0.7,1.0,1.6,0.5,0.0,1.0,1.2,4.0,0.0,0.0,1250.0,0.0,0.0,0.0,0.0,0.0,0.0,0.0,0.0,0.0,0.0,0.0,0.0,0.0,27.0,0.0,313.0,39.0,96.0,0.406,12.0,38.0,0.316,27.0,58.0,0.466,0.469,17.0,26.0,0.654,7.0,19.0,26.0,44.0,13.0,0.0,27.0,33.0,107.0,0.0,9.2,0.498,0.396,0.271,2.5,6.8,4.6,21.5,2.1,0.0,20.1,18.6,-0.1,0.2,0.0,0.006,-3.6,-0.9,-4.5,-0.2,0.0,2014
332,Reggie Evans,16.6,1.3,2.8,0.473,0.0,0.0,0.0,1.3,2.8,0.473,0.473,1.3,2.4,0.554,2.1,4.1,6.2,0.4,0.7,0.1,1.1,2.2,4.0,0.0,0.0,1250.0,0.0,0.0,0.0,0.0,0.0,0.0,0.0,0.0,0.0,0.0,0.0,0.0,0.0,54.0,20.0,899.0,71.0,150.0,0.473,0.0,0.0,0.0,71.0,150.0,0.473,0.473,72.0,130.0,0.554,115.0,219.0,334.0,21.0,37.0,3.0,58.0,119.0,214.0,0.0,11.7,0.516,0.0,0.867,14.8,28.4,21.5,3.5,2.1,0.3,21.9,13.4,0.3,1.2,1.5,0.08,-2.8,-0.5,-3.4,-0.3,0.0,2014
333,Toney Douglas,13.2,1.4,3.7,0.384,0.6,2.0,0.304,0.8,1.7,0.477,0.466,0.5,0.7,0.735,0.4,1.4,1.7,1.3,0.4,0.1,0.7,1.6,4.0,0.0,0.0,1250.0,0.0,0.0,0.0,0.0,0.0,0.0,0.0,0.0,0.0,0.0,0.0,0.0,0.0,51.0,17.0,675.0,73.0,190.0,0.384,31.0,102.0,0.304,42.0,88.0,0.477,0.466,25.0,34.0,0.735,18.0,69.0,87.0,68.0,19.0,5.0,34.0,81.0,202.0,0.0,9.2,0.493,0.537,0.179,3.4,11.9,7.8,14.6,1.5,0.6,14.2,16.3,0.2,0.7,0.9,0.061,-2.5,0.5,-2.0,0.0,0.0,2014
334,Will Barton,9.4,1.6,3.8,0.417,0.2,0.8,0.303,1.3,3.0,0.447,0.449,0.6,0.8,0.813,0.4,1.4,1.8,0.8,0.2,0.2,0.4,0.8,4.0,0.0,0.0,1250.0,0.0,0.0,0.0,0.0,0.0,0.0,0.0,0.0,0.0,0.0,0.0,0.0,0.0,41.0,0.0,387.0,65.0,156.0,0.417,10.0,33.0,0.303,55.0,123.0,0.447,0.449,26.0,32.0,0.813,16.0,58.0,74.0,33.0,9.0,7.0,18.0,31.0,166.0,0.0,13.5,0.488,0.212,0.205,4.5,16.0,10.3,13.3,1.2,1.3,9.6,21.2,0.3,0.4,0.6,0.078,-1.2,-0.1,-1.3,0.1,0.0,2014
335,Alonzo Gee,15.7,1.5,3.6,0.415,0.3,0.9,0.328,1.2,2.7,0.444,0.456,0.7,0.9,0.705,0.5,1.8,2.3,0.7,0.6,0.2,0.7,1.5,4.0,0.0,0.0,1250.0,0.0,0.0,0.0,0.0,0.0,0.0,0.0,0.0,0.0,0.0,0.0,0.0,0.0,65.0,24.0,1020.0,98.0,236.0,0.415,19.0,58.0,0.328,79.0,178.0,0.444,0.456,43.0,61.0,0.705,35.0,114.0,149.0,47.0,39.0,15.0,44.0,96.0,258.0,0.0,8.6,0.491,0.246,0.258,3.8,12.8,8.2,6.9,2.0,1.2,14.3,13.4,-0.1,1.0,0.9,0.041,-3.7,0.6,-3.1,-0.3,0.0,2014
336,Josh Powell,19.0,2.0,6.0,0.333,0.0,0.0,0.0,2.0,6.0,0.333,0.333,0.0,0.0,0.0,0.0,5.0,5.0,0.0,0.0,1.0,1.0,1.0,4.0,0.0,0.0,1250.0,0.0,0.0,0.0,0.0,0.0,0.0,0.0,0.0,0.0,0.0,0.0,0.0,0.0,1.0,0.0,19.0,2.0,6.0,0.333,0.0,0.0,0.0,2.0,6.0,0.333,0.333,0.0,0.0,0.0,0.0,5.0,5.0,0.0,0.0,1.0,1.0,1.0,4.0,0.0,2.5,0.333,0.0,0.0,0.0,27.7,14.6,0.0,0.0,3.9,14.3,16.1,-0.1,0.0,0.0,-0.094,-8.8,-2.6,-11.4,0.0,0.0,2014
337,Alexey Shved,10.5,1.2,3.8,0.321,0.5,1.6,0.294,0.7,2.1,0.341,0.384,1.1,1.4,0.756,0.3,1.0,1.3,1.1,0.4,0.3,0.8,0.6,4.0,0.0,0.0,1250.0,0.0,0.0,0.0,0.0,0.0,0.0,0.0,0.0,0.0,0.0,0.0,0.0,0.0,63.0,0.0,664.0,76.0,237.0,0.321,30.0,102.0,0.294,46.0,135.0,0.341,0.384,68.0,90.0,0.756,21.0,60.0,81.0,68.0,26.0,16.0,48.0,36.0,250.0,0.0,10.2,0.452,0.43,0.38,3.4,10.1,6.6,14.9,1.9,1.8,14.8,20.8,-0.4,0.7,0.2,0.017,-1.8,-0.1,-1.9,0.0,0.0,2014
338,Shabazz Muhammad,7.8,1.5,3.4,0.46,0.1,0.3,0.273,1.5,3.1,0.478,0.472,0.7,1.1,0.65,0.6,0.8,1.4,0.2,0.2,0.0,0.4,0.6,3.9,0.0,0.0,1250.0,0.0,0.0,0.0,0.0,0.0,0.0,0.0,0.0,0.0,0.0,0.0,0.0,0.0,37.0,0.0,290.0,57.0,124.0,0.46,3.0,11.0,0.273,54.0,113.0,0.478,0.472,26.0,40.0,0.65,24.0,29.0,53.0,6.0,8.0,1.0,16.0,24.0,143.0,0.0,13.1,0.505,0.089,0.323,8.8,11.2,10.0,3.4,1.4,0.3,10.2,23.1,0.1,0.2,0.3,0.053,-2.2,-2.3,-4.5,-0.2,0.0,2014
339,Tyshawn Taylor,11.7,1.3,4.0,0.341,0.1,0.5,0.25,1.2,3.4,0.354,0.357,1.0,1.3,0.8,0.1,0.5,0.7,1.6,0.5,0.0,1.3,1.3,3.9,0.0,0.0,1250.0,0.0,0.0,0.0,0.0,0.0,0.0,0.0,0.0,0.0,0.0,0.0,0.0,0.0,23.0,3.0,270.0,31.0,91.0,0.341,3.0,12.0,0.25,28.0,79.0,0.354,0.357,24.0,30.0,0.8,3.0,12.0,15.0,36.0,12.0,1.0,31.0,29.0,89.0,0.0,5.4,0.427,0.132,0.33,1.3,5.3,3.3,21.4,2.3,0.3,22.9,23.5,-0.7,0.2,-0.6,-0.098,-6.7,-2.0,-8.7,-0.5,0.0,2014
340,Nando De Colo,10.5,1.4,3.3,0.418,0.4,1.1,0.34,1.0,2.1,0.46,0.477,0.7,0.7,0.886,0.3,1.3,1.6,1.4,0.5,0.1,0.7,1.0,3.8,0.0,0.0,1250.0,0.0,0.0,0.0,0.0,0.0,0.0,0.0,0.0,0.0,0.0,0.0,0.0,0.0,47.0,3.0,494.0,64.0,153.0,0.418,18.0,53.0,0.34,46.0,100.0,0.46,0.477,31.0,35.0,0.886,14.0,59.0,73.0,65.0,22.0,6.0,35.0,48.0,177.0,0.0,13.1,0.526,0.346,0.229,3.3,13.3,8.4,19.7,2.3,0.9,17.2,18.6,0.3,0.7,1.0,0.1,-1.1,1.3,0.2,0.3,0.0,2014
341,Chauncey Billups,16.3,1.3,4.2,0.304,0.7,2.5,0.292,0.5,1.6,0.323,0.392,0.5,0.6,0.833,0.2,1.3,1.5,2.2,0.4,0.1,1.3,1.3,3.8,0.0,0.0,1250.0,0.0,0.0,0.0,0.0,0.0,0.0,0.0,0.0,0.0,0.0,0.0,0.0,0.0,19.0,7.0,309.0,24.0,79.0,0.304,14.0,48.0,0.292,10.0,31.0,0.323,0.392,10.0,12.0,0.833,4.0,24.0,28.0,42.0,8.0,1.0,25.0,25.0,72.0,0.0,5.3,0.427,0.608,0.152,1.3,8.9,4.9,18.7,1.3,0.3,22.9,15.1,-0.3,0.1,-0.3,-0.042,-4.2,-1.6,-5.8,-0.3,0.0,2014
342,Udonis Haslem,14.2,1.6,3.2,0.507,0.0,0.0,0.0,1.6,3.2,0.507,0.507,0.5,1.0,0.568,0.9,2.9,3.8,0.3,0.2,0.3,0.5,1.7,3.8,0.0,0.0,1250.0,0.0,0.0,0.0,0.0,0.0,0.0,0.0,0.0,0.0,0.0,0.0,0.0,0.0,46.0,18.0,653.0,74.0,146.0,0.507,0.0,0.0,0.0,74.0,146.0,0.507,0.507,25.0,44.0,0.568,42.0,133.0,175.0,13.0,11.0,15.0,24.0,79.0,173.0,0.0,10.5,0.523,0.0,0.301,8.4,24.7,16.8,2.9,0.9,2.0,12.7,13.9,0.3,0.8,1.1,0.083,-3.1,-0.9,-3.9,-0.3,0.0,2014
343,Antawn Jamison,11.3,1.3,4.2,0.315,0.4,1.9,0.195,1.0,2.3,0.412,0.359,0.8,1.1,0.72,0.4,2.1,2.5,0.3,0.4,0.1,0.3,1.3,3.8,0.0,0.0,1250.0,0.0,0.0,0.0,0.0,0.0,0.0,0.0,0.0,0.0,0.0,0.0,0.0,0.0,22.0,0.0,248.0,29.0,92.0,0.315,8.0,41.0,0.195,21.0,51.0,0.412,0.359,18.0,25.0,0.72,9.0,46.0,55.0,7.0,9.0,3.0,7.0,29.0,84.0,0.0,7.8,0.408,0.446,0.272,4.2,19.9,12.3,4.1,1.8,0.9,6.4,19.6,-0.3,0.4,0.1,0.019,-4.5,-0.3,-4.7,-0.2,0.0,2014
344,John Lucas III,14.1,1.5,4.5,0.326,0.6,2.0,0.298,0.9,2.5,0.349,0.392,0.2,0.4,0.625,0.3,0.6,0.9,1.0,0.3,0.0,0.5,1.0,3.8,0.0,0.0,1250.0,0.0,0.0,0.0,0.0,0.0,0.0,0.0,0.0,0.0,0.0,0.0,0.0,0.0,42.0,6.0,591.0,62.0,190.0,0.326,25.0,84.0,0.298,37.0,106.0,0.349,0.392,10.0,16.0,0.625,12.0,27.0,39.0,42.0,14.0,0.0,22.0,41.0,159.0,0.0,5.2,0.403,0.442,0.084,2.3,5.4,3.8,11.1,1.2,0.0,10.0,17.0,-0.7,0.0,-0.7,-0.058,-4.1,-1.7,-5.9,-0.6,0.0,2014
345,Mike Muscala,10.8,1.6,3.7,0.425,0.0,0.2,0.0,1.6,3.5,0.443,0.425,0.7,0.7,1.0,0.9,1.8,2.6,0.4,0.2,0.5,0.6,1.5,3.8,0.0,0.0,1250.0,0.0,0.0,0.0,0.0,0.0,0.0,0.0,0.0,0.0,0.0,0.0,0.0,0.0,20.0,0.0,215.0,31.0,73.0,0.425,0.0,3.0,0.0,31.0,70.0,0.443,0.425,14.0,14.0,1.0,17.0,35.0,52.0,7.0,3.0,10.0,12.0,29.0,76.0,0.0,10.8,0.48,0.041,0.192,9.2,18.7,14.0,5.2,0.7,3.7,13.2,19.3,-0.1,0.2,0.2,0.04,-4.5,-1.0,-5.5,-0.2,0.0,2014
346,Pablo Prigioni,19.4,1.3,2.9,0.461,1.0,2.1,0.464,0.3,0.8,0.451,0.631,0.2,0.2,0.917,0.5,1.4,2.0,3.5,1.0,0.0,0.9,2.0,3.8,0.0,0.0,1250.0,0.0,0.0,0.0,0.0,0.0,0.0,0.0,0.0,0.0,0.0,0.0,0.0,0.0,66.0,27.0,1283.0,88.0,191.0,0.461,65.0,140.0,0.464,23.0,51.0,0.451,0.631,11.0,12.0,0.917,36.0,93.0,129.0,228.0,67.0,2.0,60.0,132.0,252.0,0.0,13.0,0.642,0.733,0.063,3.2,8.8,5.9,25.6,2.8,0.1,23.4,9.3,2.5,0.9,3.4,0.127,-0.3,0.8,0.5,0.8,0.0,2014
347,Miroslav Raduljica,9.7,1.4,2.6,0.54,0.0,0.0,0.0,1.4,2.6,0.54,0.54,0.9,1.1,0.818,1.1,1.1,2.3,0.5,0.1,0.3,0.6,1.8,3.8,0.0,0.0,1250.0,0.0,0.0,0.0,0.0,0.0,0.0,0.0,0.0,0.0,0.0,0.0,0.0,0.0,48.0,2.0,465.0,68.0,126.0,0.54,0.0,0.0,0.0,68.0,126.0,0.54,0.54,45.0,55.0,0.818,54.0,54.0,108.0,23.0,7.0,13.0,28.0,84.0,181.0,0.0,15.3,0.603,0.0,0.437,12.9,13.7,13.3,8.3,0.8,2.3,15.7,17.3,1.0,0.1,1.1,0.112,-2.1,-1.6,-3.6,-0.2,0.0,2014
348,Chris Copeland,6.5,1.3,2.9,0.47,0.8,1.9,0.418,0.5,0.9,0.579,0.611,0.2,0.3,0.714,0.2,0.6,0.8,0.4,0.1,0.2,0.3,0.9,3.7,0.0,0.0,1250.0,0.0,0.0,0.0,0.0,0.0,0.0,0.0,0.0,0.0,0.0,0.0,0.0,0.0,41.0,0.0,265.0,55.0,117.0,0.47,33.0,79.0,0.418,22.0,38.0,0.579,0.611,10.0,14.0,0.714,7.0,25.0,32.0,18.0,3.0,7.0,14.0,38.0,153.0,0.0,17.6,0.621,0.675,0.12,3.1,10.1,6.8,12.6,0.6,2.0,10.2,23.7,0.6,0.4,1.0,0.186,4.2,0.3,4.5,0.4,0.0,2014
349,Archie Goodwin,10.3,1.5,3.2,0.455,0.1,0.7,0.139,1.4,2.5,0.542,0.47,0.7,1.1,0.673,0.5,1.2,1.7,0.4,0.4,0.2,0.8,0.9,3.7,0.0,0.0,1250.0,0.0,0.0,0.0,0.0,0.0,0.0,0.0,0.0,0.0,0.0,0.0,0.0,0.0,52.0,0.0,533.0,76.0,167.0,0.455,5.0,36.0,0.139,71.0,131.0,0.542,0.47,37.0,55.0,0.673,25.0,62.0,87.0,20.0,20.0,11.0,44.0,45.0,194.0,0.0,10.3,0.507,0.216,0.329,5.3,13.0,9.2,5.7,1.9,1.6,18.7,19.4,-0.3,0.5,0.2,0.018,-3.1,-0.1,-3.2,-0.2,0.0,2014
350,Dennis Schröder,13.1,1.5,3.8,0.383,0.2,0.9,0.238,1.3,3.0,0.425,0.41,0.6,0.9,0.674,0.1,1.1,1.2,1.9,0.3,0.0,1.2,1.1,3.7,0.0,0.0,1250.0,0.0,0.0,0.0,0.0,0.0,0.0,0.0,0.0,0.0,0.0,0.0,0.0,0.0,49.0,0.0,641.0,72.0,188.0,0.383,10.0,42.0,0.238,62.0,146.0,0.425,0.41,29.0,43.0,0.674,5.0,55.0,60.0,93.0,17.0,0.0,61.0,54.0,183.0,0.0,5.8,0.442,0.223,0.229,0.9,9.9,5.4,22.0,1.3,0.0,22.8,19.0,-1.1,0.4,-0.7,-0.054,-5.7,-1.6,-7.3,-0.9,0.0,2014
351,Ish Smith,14.4,1.7,4.0,0.423,0.0,0.3,0.043,1.7,3.7,0.457,0.425,0.3,0.6,0.564,0.4,1.4,1.8,2.6,0.7,0.2,0.9,0.9,3.7,0.0,0.0,1250.0,0.0,0.0,0.0,0.0,0.0,0.0,0.0,0.0,0.0,0.0,0.0,0.0,0.0,70.0,1.0,1006.0,119.0,281.0,0.423,1.0,23.0,0.043,118.0,258.0,0.457,0.425,22.0,39.0,0.564,31.0,98.0,129.0,179.0,49.0,13.0,65.0,66.0,261.0,0.0,11.7,0.438,0.082,0.139,3.5,10.9,7.2,26.0,2.4,1.0,17.9,15.9,0.0,1.0,1.0,0.048,-2.0,0.6,-1.4,0.2,0.0,2014
352,Reggie Williams,5.7,1.7,3.0,0.556,0.3,1.0,0.333,1.3,2.0,0.667,0.611,0.0,0.0,0.0,0.0,0.0,0.0,0.3,0.3,0.0,0.7,0.3,3.7,0.0,0.0,1250.0,0.0,0.0,0.0,0.0,0.0,0.0,0.0,0.0,0.0,0.0,0.0,0.0,0.0,3.0,0.0,17.0,5.0,9.0,0.556,1.0,3.0,0.333,4.0,6.0,0.667,0.611,0.0,0.0,0.0,0.0,0.0,0.0,1.0,1.0,0.0,2.0,1.0,11.0,0.0,16.4,0.611,0.333,0.0,0.0,0.0,0.0,11.5,3.0,0.0,18.2,28.7,0.0,0.0,0.0,0.034,-0.9,-1.5,-2.4,0.0,0.0,2014
353,Jan Veselý,14.4,1.6,3.2,0.514,0.0,0.0,0.0,1.6,3.2,0.514,0.514,0.4,1.0,0.339,1.5,2.0,3.5,0.4,1.0,0.6,0.7,2.2,3.6,0.0,0.0,1250.0,0.0,0.0,0.0,0.0,0.0,0.0,0.0,0.0,0.0,0.0,0.0,0.0,0.0,54.0,1.0,776.0,89.0,173.0,0.514,0.0,0.0,0.0,89.0,173.0,0.514,0.514,19.0,56.0,0.339,81.0,110.0,191.0,21.0,53.0,35.0,36.0,121.0,197.0,0.0,12.7,0.498,0.0,0.324,11.7,16.1,13.9,4.0,3.4,3.5,15.4,13.2,0.2,1.4,1.6,0.097,-3.3,2.2,-1.1,0.2,0.0,2014
354,Doron Lamb,13.1,1.2,3.0,0.394,0.7,1.7,0.4,0.5,1.3,0.386,0.506,0.5,0.7,0.806,0.2,0.8,0.9,0.8,0.2,0.0,0.5,1.0,3.6,0.0,0.0,1250.0,0.0,0.0,0.0,0.0,0.0,0.0,0.0,0.0,0.0,0.0,0.0,0.0,0.0,53.0,0.0,695.0,63.0,160.0,0.394,36.0,90.0,0.4,27.0,70.0,0.386,0.506,29.0,36.0,0.806,8.0,41.0,49.0,43.0,11.0,1.0,27.0,54.0,191.0,0.0,7.5,0.543,0.563,0.225,1.3,6.7,4.0,9.3,0.8,0.1,13.3,13.3,0.3,0.2,0.5,0.036,-3.0,-1.6,-4.6,-0.5,0.0,2014
355,Jeremy Tyler,9.7,1.5,2.8,0.517,0.0,0.0,0.0,1.5,2.8,0.517,0.517,0.6,1.2,0.542,0.9,1.7,2.7,0.2,0.1,0.5,0.6,1.7,3.6,0.0,0.0,1250.0,0.0,0.0,0.0,0.0,0.0,0.0,0.0,0.0,0.0,0.0,0.0,0.0,0.0,41.0,0.0,398.0,60.0,116.0,0.517,0.0,0.0,0.0,60.0,116.0,0.517,0.517,26.0,48.0,0.542,38.0,71.0,109.0,8.0,6.0,20.0,26.0,70.0,146.0,0.0,13.0,0.532,0.0,0.414,10.9,21.6,16.1,3.3,0.8,4.5,15.9,19.1,0.1,0.4,0.5,0.064,-4.4,-1.2,-5.5,-0.4,0.0,2014
356,James Southerland,7.5,1.3,3.8,0.333,0.8,1.5,0.5,0.5,2.3,0.222,0.433,0.3,0.5,0.5,0.0,2.0,2.0,0.0,0.3,0.5,0.3,0.8,3.5,0.0,0.0,1250.0,0.0,0.0,0.0,0.0,0.0,0.0,0.0,0.0,0.0,0.0,0.0,0.0,0.0,4.0,0.0,30.0,5.0,15.0,0.333,3.0,6.0,0.5,2.0,9.0,0.222,0.433,1.0,2.0,0.5,0.0,8.0,8.0,0.0,1.0,2.0,1.0,3.0,14.0,0.0,11.8,0.441,0.4,0.133,0.0,31.5,15.5,0.0,1.7,5.6,5.9,25.6,-0.1,0.0,0.0,-0.023,-2.3,-0.4,-2.7,0.0,0.0,2014
357,Luc Mbah a Moute,15.7,1.4,3.0,0.451,0.1,0.3,0.235,1.3,2.8,0.472,0.461,0.7,1.0,0.687,0.9,1.4,2.3,0.6,0.5,0.2,0.6,1.1,3.5,0.0,0.0,1250.0,0.0,0.0,0.0,0.0,0.0,0.0,0.0,0.0,0.0,0.0,0.0,0.0,0.0,64.0,7.0,1003.0,87.0,193.0,0.451,4.0,17.0,0.235,83.0,176.0,0.472,0.461,46.0,67.0,0.687,56.0,90.0,146.0,36.0,30.0,14.0,40.0,68.0,224.0,0.0,8.3,0.503,0.088,0.347,6.0,10.1,8.0,5.1,1.5,1.1,15.2,11.2,0.2,0.8,1.0,0.049,-3.0,0.2,-2.8,-0.2,0.0,2014
358,Diante Garrett,14.8,1.4,3.7,0.381,0.5,1.4,0.375,0.9,2.4,0.385,0.449,0.1,0.2,0.833,0.2,1.2,1.4,1.7,0.6,0.1,1.1,1.1,3.5,0.0,0.0,1250.0,0.0,0.0,0.0,0.0,0.0,0.0,0.0,0.0,0.0,0.0,0.0,0.0,0.0,71.0,0.0,1048.0,101.0,265.0,0.381,36.0,96.0,0.375,65.0,169.0,0.385,0.449,10.0,12.0,0.833,11.0,86.0,97.0,120.0,41.0,5.0,75.0,75.0,248.0,0.0,7.1,0.459,0.362,0.045,1.2,9.8,5.3,17.6,2.1,0.4,21.7,15.1,-1.1,0.3,-0.8,-0.036,-4.0,-0.6,-4.6,-0.7,0.0,2014
359,Perry Jones,12.3,1.3,2.9,0.459,0.4,1.0,0.361,1.0,1.9,0.508,0.519,0.5,0.7,0.667,0.5,1.4,1.8,0.4,0.2,0.3,0.3,1.0,3.5,0.0,0.0,1250.0,0.0,0.0,0.0,0.0,0.0,0.0,0.0,0.0,0.0,0.0,0.0,0.0,0.0,62.0,7.0,764.0,83.0,181.0,0.459,22.0,61.0,0.361,61.0,120.0,0.508,0.519,28.0,42.0,0.667,28.0,86.0,114.0,26.0,14.0,19.0,21.0,62.0,216.0,0.0,10.1,0.541,0.337,0.232,4.3,12.1,8.4,4.9,0.9,2.0,9.5,12.8,0.7,0.8,1.5,0.094,-1.2,-0.2,-1.4,0.1,0.0,2014
360,Ian Mahinmi,16.2,1.2,2.5,0.481,0.0,0.0,0.0,1.2,2.4,0.484,0.481,1.2,1.9,0.621,1.4,1.9,3.3,0.3,0.5,0.9,0.8,2.7,3.5,0.0,0.0,1250.0,0.0,0.0,0.0,0.0,0.0,0.0,0.0,0.0,0.0,0.0,0.0,0.0,0.0,77.0,1.0,1248.0,91.0,189.0,0.481,0.0,1.0,0.0,91.0,188.0,0.484,0.481,90.0,145.0,0.621,107.0,150.0,257.0,24.0,41.0,72.0,58.0,207.0,272.0,0.0,10.2,0.538,0.005,0.767,10.1,12.9,11.6,2.9,1.7,4.4,18.7,11.4,0.7,2.7,3.3,0.129,-4.1,2.7,-1.3,0.2,0.0,2014
361,Greg Smith,9.1,1.6,2.5,0.643,0.0,0.0,0.0,1.6,2.5,0.643,0.643,0.2,0.5,0.4,1.0,1.5,2.5,0.0,0.1,0.2,0.5,1.5,3.5,0.0,0.0,1250.0,0.0,0.0,0.0,0.0,0.0,0.0,0.0,0.0,0.0,0.0,0.0,0.0,0.0,11.0,0.0,100.0,18.0,28.0,0.643,0.0,0.0,0.0,18.0,28.0,0.643,0.643,2.0,5.0,0.4,11.0,16.0,27.0,0.0,1.0,2.0,5.0,17.0,38.0,0.0,13.7,0.629,0.0,0.179,13.0,16.8,15.0,0.0,0.5,1.5,14.2,15.4,0.2,0.1,0.2,0.119,-1.2,-1.2,-2.5,0.0,0.0,2014
362,James Nunnally,12.7,1.2,3.5,0.326,0.6,1.9,0.32,0.5,1.6,0.333,0.413,0.5,0.7,0.667,0.1,1.4,1.5,0.6,0.5,0.2,0.5,0.8,3.4,0.0,0.0,1250.0,0.0,0.0,0.0,0.0,0.0,0.0,0.0,0.0,0.0,0.0,0.0,0.0,0.0,13.0,0.0,165.0,15.0,46.0,0.326,8.0,25.0,0.32,7.0,21.0,0.333,0.413,6.0,9.0,0.667,1.0,18.0,19.0,8.0,6.0,2.0,7.0,11.0,44.0,0.0,6.1,0.44,0.543,0.196,0.7,12.4,6.4,7.0,1.8,1.0,12.3,15.1,-0.2,0.1,-0.1,-0.021,-4.3,-1.1,-5.4,-0.1,0.0,2014
363,Robbie Hummel,12.4,1.3,3.3,0.379,0.6,1.7,0.36,0.7,1.7,0.398,0.469,0.3,0.3,0.938,0.7,1.8,2.5,0.4,0.3,0.0,0.2,1.1,3.4,0.0,0.0,1250.0,0.0,0.0,0.0,0.0,0.0,0.0,0.0,0.0,0.0,0.0,0.0,0.0,0.0,53.0,5.0,655.0,67.0,177.0,0.379,32.0,89.0,0.36,35.0,88.0,0.398,0.469,15.0,16.0,0.938,35.0,97.0,132.0,23.0,16.0,2.0,10.0,57.0,181.0,0.0,9.6,0.492,0.503,0.09,5.7,16.6,11.0,5.0,1.2,0.2,5.2,12.6,0.6,0.6,1.1,0.084,-1.6,-0.4,-2.0,0.0,0.0,2014
364,Kendrick Perkins,19.5,1.4,3.1,0.451,0.0,0.0,0.0,1.4,3.1,0.453,0.451,0.6,1.1,0.552,1.3,3.6,4.9,1.1,0.4,0.5,1.5,2.9,3.4,0.0,0.0,1250.0,0.0,0.0,0.0,0.0,0.0,0.0,0.0,0.0,0.0,0.0,0.0,0.0,0.0,62.0,62.0,1207.0,87.0,193.0,0.451,0.0,1.0,0.0,87.0,192.0,0.453,0.451,37.0,67.0,0.552,82.0,223.0,305.0,67.0,26.0,32.0,90.0,177.0,211.0,0.0,6.3,0.474,0.005,0.347,8.0,19.9,14.2,7.6,1.1,2.2,28.8,11.5,-0.9,1.7,0.8,0.031,-5.0,0.7,-4.2,-0.7,0.0,2014
365,Ekpe Udoh,19.1,1.4,3.4,0.399,0.0,0.0,0.0,1.4,3.4,0.399,0.399,0.7,1.1,0.638,1.5,2.1,3.5,0.7,0.4,1.0,0.9,2.3,3.4,0.0,0.0,1250.0,0.0,0.0,0.0,0.0,0.0,0.0,0.0,0.0,0.0,0.0,0.0,0.0,0.0,42.0,14.0,804.0,57.0,143.0,0.399,0.0,0.0,0.0,57.0,143.0,0.399,0.399,30.0,47.0,0.638,61.0,87.0,148.0,31.0,15.0,44.0,38.0,96.0,144.0,0.0,7.6,0.44,0.0,0.329,8.4,12.8,10.5,5.7,1.0,4.4,18.8,11.4,-0.4,0.4,0.0,0.0,-4.8,-0.1,-4.8,-0.6,0.0,2014
366,Justin Hamilton,9.0,1.1,2.5,0.45,0.4,1.1,0.333,0.8,1.4,0.545,0.525,0.6,0.6,1.0,0.5,0.4,0.9,0.0,0.6,0.0,0.5,1.0,3.3,0.0,0.0,1250.0,0.0,0.0,0.0,0.0,0.0,0.0,0.0,0.0,0.0,0.0,0.0,0.0,0.0,8.0,0.0,72.0,9.0,20.0,0.45,3.0,9.0,0.333,6.0,11.0,0.545,0.525,5.0,5.0,1.0,4.0,3.0,7.0,0.0,5.0,0.0,4.0,8.0,26.0,0.0,11.9,0.586,0.45,0.25,7.2,5.0,6.1,0.0,3.6,0.0,15.3,17.4,0.1,0.1,0.1,0.089,-2.5,-1.3,-3.8,0.0,0.0,2014
367,Steven Adams,14.8,1.1,2.3,0.503,0.0,0.0,0.0,1.1,2.3,0.503,0.503,1.0,1.7,0.581,1.8,2.3,4.1,0.5,0.5,0.7,0.9,2.5,3.3,0.0,0.0,1250.0,0.0,0.0,0.0,0.0,0.0,0.0,0.0,0.0,0.0,0.0,0.0,0.0,0.0,81.0,20.0,1197.0,93.0,185.0,0.503,0.0,0.0,0.0,93.0,185.0,0.503,0.503,79.0,136.0,0.581,142.0,190.0,332.0,43.0,40.0,57.0,71.0,203.0,265.0,0.0,11.2,0.541,0.0,0.735,14.1,17.1,15.6,4.9,1.7,3.9,22.5,11.7,0.9,1.9,2.9,0.114,-3.1,0.9,-2.2,-0.1,0.0,2014
368,Jeff Ayres,13.0,1.4,2.4,0.58,0.0,0.0,0.0,1.4,2.4,0.58,0.58,0.5,0.8,0.691,1.2,2.3,3.5,0.8,0.2,0.3,0.9,2.0,3.3,0.0,0.0,1250.0,0.0,0.0,0.0,0.0,0.0,0.0,0.0,0.0,0.0,0.0,0.0,0.0,0.0,73.0,10.0,952.0,101.0,174.0,0.58,0.0,0.0,0.0,101.0,174.0,0.58,0.58,38.0,55.0,0.691,89.0,169.0,258.0,60.0,13.0,25.0,63.0,146.0,240.0,0.0,11.1,0.605,0.0,0.316,11.0,19.2,15.3,8.6,0.7,1.9,24.1,12.4,1.0,1.4,2.4,0.121,-3.0,1.0,-2.1,0.0,0.0,2014
369,Joel Freeland,14.0,1.5,3.1,0.475,0.0,0.0,0.0,1.5,3.1,0.481,0.475,0.4,0.6,0.69,1.7,2.3,4.0,0.7,0.2,0.4,0.6,1.8,3.3,0.0,0.0,1250.0,0.0,0.0,0.0,0.0,0.0,0.0,0.0,0.0,0.0,0.0,0.0,0.0,0.0,52.0,0.0,727.0,77.0,162.0,0.475,0.0,2.0,0.0,77.0,160.0,0.481,0.475,20.0,29.0,0.69,88.0,120.0,208.0,36.0,10.0,22.0,32.0,95.0,174.0,0.0,11.3,0.498,0.012,0.179,13.2,17.6,15.4,7.1,0.7,2.1,15.5,12.4,0.7,0.7,1.4,0.093,-2.6,0.0,-2.6,-0.1,0.0,2014
370,Steve Novak,10.0,1.1,2.7,0.411,1.0,2.3,0.426,0.1,0.4,0.333,0.589,0.1,0.1,1.0,0.1,0.9,1.1,0.2,0.2,0.1,0.1,0.8,3.3,0.0,0.0,1250.0,0.0,0.0,0.0,0.0,0.0,0.0,0.0,0.0,0.0,0.0,0.0,0.0,0.0,54.0,1.0,540.0,60.0,146.0,0.411,52.0,122.0,0.426,8.0,24.0,0.333,0.589,6.0,6.0,1.0,8.0,50.0,58.0,13.0,12.0,4.0,5.0,44.0,178.0,0.0,11.1,0.599,0.836,0.041,1.7,10.8,6.3,3.8,1.2,0.6,3.3,12.9,1.0,0.5,1.4,0.127,1.5,-0.1,1.5,0.5,0.0,2014
371,Jeff Withey,11.8,1.2,2.2,0.535,0.0,0.0,0.0,1.2,2.2,0.539,0.535,0.9,1.3,0.712,0.8,1.7,2.6,0.4,0.3,0.9,0.3,1.3,3.3,0.0,0.0,1250.0,0.0,0.0,0.0,0.0,0.0,0.0,0.0,0.0,0.0,0.0,0.0,0.0,0.0,58.0,4.0,684.0,69.0,129.0,0.535,0.0,1.0,0.0,69.0,128.0,0.539,0.535,52.0,73.0,0.712,49.0,101.0,150.0,26.0,15.0,50.0,20.0,73.0,190.0,0.0,15.2,0.59,0.008,0.566,8.2,17.4,12.7,5.6,1.1,6.1,11.0,12.0,1.2,0.6,1.8,0.128,-0.5,0.7,0.2,0.4,0.0,2014
372,Matt Bonner,11.3,1.2,2.7,0.445,0.7,1.6,0.429,0.5,1.1,0.47,0.573,0.1,0.2,0.75,0.3,1.9,2.1,0.5,0.2,0.2,0.3,0.8,3.2,0.0,0.0,1250.0,0.0,0.0,0.0,0.0,0.0,0.0,0.0,0.0,0.0,0.0,0.0,0.0,0.0,61.0,0.0,690.0,73.0,164.0,0.445,42.0,98.0,0.429,31.0,66.0,0.47,0.573,9.0,12.0,0.75,16.0,114.0,130.0,31.0,15.0,11.0,16.0,49.0,197.0,0.0,11.2,0.582,0.598,0.073,2.7,17.9,10.6,6.1,1.1,1.2,8.6,12.1,0.8,1.0,1.8,0.123,0.0,1.1,1.0,0.5,0.0,2014
373,Wayne Ellington,8.7,1.2,2.8,0.437,0.6,1.3,0.424,0.7,1.5,0.448,0.536,0.2,0.2,0.909,0.2,0.8,1.0,0.4,0.4,0.0,0.2,0.7,3.2,0.0,0.0,1250.0,0.0,0.0,0.0,0.0,0.0,0.0,0.0,0.0,0.0,0.0,0.0,0.0,0.0,45.0,1.0,393.0,55.0,126.0,0.437,25.0,59.0,0.424,30.0,67.0,0.448,0.536,10.0,11.0,0.909,8.0,35.0,43.0,19.0,16.0,2.0,11.0,33.0,145.0,0.0,12.2,0.554,0.468,0.087,2.4,10.2,6.3,7.1,2.1,0.4,7.8,16.4,0.4,0.2,0.7,0.084,-0.5,-0.2,-0.8,0.1,0.0,2014
374,Jason Maxiell,14.4,1.4,3.1,0.448,0.0,0.0,0.0,1.4,3.1,0.448,0.448,0.4,0.9,0.484,0.8,1.7,2.5,0.3,0.2,0.6,0.4,1.4,3.2,0.0,0.0,1250.0,0.0,0.0,0.0,0.0,0.0,0.0,0.0,0.0,0.0,0.0,0.0,0.0,0.0,34.0,13.0,488.0,47.0,105.0,0.448,0.0,0.0,0.0,47.0,105.0,0.448,0.448,15.0,31.0,0.484,28.0,58.0,86.0,9.0,8.0,20.0,14.0,47.0,109.0,0.0,8.1,0.459,0.0,0.295,6.5,13.5,10.0,2.8,0.8,3.2,10.6,12.4,-0.1,0.4,0.3,0.029,-4.2,0.0,-4.2,-0.3,0.0,2014
375,Dewayne Dedmon,12.6,1.2,2.7,0.458,0.0,0.0,0.0,1.2,2.7,0.458,0.458,0.7,1.0,0.656,1.2,2.9,4.1,0.2,0.2,0.7,0.6,2.1,3.1,0.0,0.0,1250.0,0.0,0.0,0.0,0.0,0.0,0.0,0.0,0.0,0.0,0.0,0.0,0.0,0.0,31.0,6.0,390.0,38.0,83.0,0.458,0.0,0.0,0.0,38.0,83.0,0.458,0.458,21.0,32.0,0.656,38.0,89.0,127.0,5.0,7.0,22.0,18.0,66.0,97.0,0.0,10.7,0.5,0.0,0.386,10.7,25.8,18.1,1.9,0.9,4.5,15.6,13.1,0.1,0.5,0.6,0.07,-4.5,-0.3,-4.7,-0.3,0.0,2014
376,Dwight Buycks,10.4,1.1,3.4,0.313,0.4,1.2,0.294,0.7,2.2,0.323,0.365,0.6,0.6,0.889,0.3,1.4,1.6,0.7,0.6,0.0,0.7,0.8,3.1,0.0,0.0,1250.0,0.0,0.0,0.0,0.0,0.0,0.0,0.0,0.0,0.0,0.0,0.0,0.0,0.0,14.0,0.0,146.0,15.0,48.0,0.313,5.0,17.0,0.294,10.0,31.0,0.323,0.365,8.0,9.0,0.889,4.0,19.0,23.0,10.0,8.0,0.0,10.0,11.0,43.0,0.0,7.2,0.414,0.354,0.188,3.2,15.2,9.2,10.6,2.9,0.0,16.1,19.3,-0.2,0.2,0.0,-0.009,-4.4,1.1,-3.4,0.0,0.0,2014
377,John Jenkins,12.2,1.2,3.2,0.381,0.3,1.4,0.222,0.9,1.8,0.5,0.429,0.3,0.3,1.0,0.2,1.5,1.7,0.8,0.1,0.1,0.8,0.8,3.1,0.0,0.0,1250.0,0.0,0.0,0.0,0.0,0.0,0.0,0.0,0.0,0.0,0.0,0.0,0.0,0.0,13.0,0.0,158.0,16.0,42.0,0.381,4.0,18.0,0.222,12.0,24.0,0.5,0.429,4.0,4.0,1.0,3.0,19.0,22.0,11.0,1.0,1.0,11.0,11.0,40.0,0.0,4.7,0.457,0.429,0.095,2.2,13.8,8.1,10.4,0.3,0.5,20.1,15.8,-0.2,0.1,-0.1,-0.043,-4.7,-1.6,-6.3,-0.2,0.0,2014
378,Austin Daye,6.7,1.1,3.1,0.353,0.5,1.7,0.324,0.5,1.4,0.387,0.441,0.3,0.5,0.6,0.2,1.0,1.2,0.4,0.2,0.2,0.2,0.8,3.0,0.0,0.0,1250.0,0.0,0.0,0.0,0.0,0.0,0.0,0.0,0.0,0.0,0.0,0.0,0.0,0.0,22.0,1.0,148.0,24.0,68.0,0.353,12.0,37.0,0.324,12.0,31.0,0.387,0.441,6.0,10.0,0.6,5.0,22.0,27.0,8.0,4.0,4.0,5.0,18.0,66.0,0.0,11.0,0.456,0.544,0.147,3.9,16.4,10.4,8.2,1.4,2.0,6.5,23.7,-0.1,0.2,0.1,0.047,-2.8,-1.0,-3.8,-0.1,0.0,2014
379,Aron Baynes,9.3,1.3,3.1,0.436,0.0,0.0,0.0,1.3,3.1,0.436,0.436,0.4,0.4,0.905,1.1,1.7,2.7,0.6,0.0,0.1,0.7,1.5,3.0,0.0,0.0,1250.0,0.0,0.0,0.0,0.0,0.0,0.0,0.0,0.0,0.0,0.0,0.0,0.0,0.0,53.0,4.0,491.0,71.0,163.0,0.436,0.0,0.0,0.0,71.0,163.0,0.436,0.436,19.0,21.0,0.905,57.0,88.0,145.0,34.0,2.0,5.0,36.0,77.0,161.0,0.0,9.7,0.467,0.0,0.129,13.6,19.4,16.6,9.9,0.2,0.7,17.3,19.2,-0.1,0.6,0.6,0.055,-4.7,-1.0,-5.7,-0.5,0.0,2014
380,Ian Clark,7.5,1.1,2.9,0.388,0.5,1.3,0.355,0.7,1.6,0.417,0.47,0.2,0.3,0.714,0.1,0.7,0.8,0.7,0.3,0.1,0.6,1.0,3.0,0.0,0.0,1250.0,0.0,0.0,0.0,0.0,0.0,0.0,0.0,0.0,0.0,0.0,0.0,0.0,0.0,23.0,0.0,172.0,26.0,67.0,0.388,11.0,31.0,0.355,15.0,36.0,0.417,0.47,5.0,7.0,0.714,3.0,16.0,19.0,15.0,8.0,2.0,14.0,24.0,68.0,0.0,9.2,0.485,0.463,0.104,1.9,11.1,6.4,14.7,2.4,0.9,16.7,22.4,-0.2,0.1,-0.1,-0.025,-2.9,-0.3,-3.2,-0.1,0.0,2014
381,Melvin Ely,13.5,1.5,3.0,0.5,0.0,0.0,0.0,1.5,3.0,0.5,0.5,0.0,0.0,0.0,0.0,0.5,0.5,0.0,0.0,0.5,0.0,2.5,3.0,0.0,0.0,1250.0,0.0,0.0,0.0,0.0,0.0,0.0,0.0,0.0,0.0,0.0,0.0,0.0,0.0,2.0,0.0,27.0,3.0,6.0,0.5,0.0,0.0,0.0,3.0,6.0,0.5,0.5,0.0,0.0,0.0,0.0,1.0,1.0,0.0,0.0,1.0,0.0,5.0,6.0,0.0,3.9,0.5,0.0,0.0,0.0,4.4,2.2,0.0,0.0,3.1,0.0,10.1,0.0,0.0,0.0,0.011,-7.5,-2.8,-10.3,-0.1,0.0,2014
382,Roger Mason,10.4,1.0,2.7,0.373,0.7,1.9,0.354,0.3,0.8,0.421,0.5,0.3,0.3,1.0,0.0,0.8,0.9,0.8,0.2,0.0,0.4,1.0,3.0,0.0,0.0,1250.0,0.0,0.0,0.0,0.0,0.0,0.0,0.0,0.0,0.0,0.0,0.0,0.0,0.0,25.0,2.0,260.0,25.0,67.0,0.373,17.0,48.0,0.354,8.0,19.0,0.421,0.5,7.0,7.0,1.0,1.0,21.0,22.0,19.0,6.0,1.0,9.0,26.0,74.0,0.0,8.2,0.528,0.716,0.104,0.5,9.8,5.3,10.5,1.2,0.3,11.4,14.5,0.1,0.2,0.3,0.055,-1.9,-0.8,-2.7,0.0,0.0,2014
383,Arnett Moultrie,15.6,1.3,3.2,0.421,0.0,0.0,0.0,1.3,3.2,0.421,0.421,0.3,0.4,0.8,0.9,2.0,2.9,0.2,0.7,0.3,0.6,1.8,3.0,0.0,0.0,1250.0,0.0,0.0,0.0,0.0,0.0,0.0,0.0,0.0,0.0,0.0,0.0,0.0,0.0,12.0,2.0,187.0,16.0,38.0,0.421,0.0,0.0,0.0,16.0,38.0,0.421,0.421,4.0,5.0,0.8,11.0,24.0,35.0,2.0,8.0,4.0,7.0,22.0,36.0,0.0,6.7,0.448,0.0,0.132,6.1,14.4,10.1,1.5,2.1,1.7,14.8,10.7,-0.1,0.1,0.0,0.007,-5.9,-1.4,-7.3,-0.3,0.0,2014
384,Daniel Orton,11.4,1.0,2.1,0.447,0.0,0.0,0.0,1.0,2.1,0.447,0.447,1.0,1.4,0.767,0.7,2.0,2.8,0.7,0.3,0.7,0.8,1.7,3.0,0.0,0.0,1250.0,0.0,0.0,0.0,0.0,0.0,0.0,0.0,0.0,0.0,0.0,0.0,0.0,0.0,22.0,4.0,251.0,21.0,47.0,0.447,0.0,0.0,0.0,21.0,47.0,0.447,0.447,23.0,30.0,0.767,16.0,45.0,61.0,15.0,6.0,16.0,18.0,38.0,65.0,0.0,10.5,0.54,0.0,0.638,6.6,20.2,13.1,8.5,1.2,5.1,23.0,13.2,0.0,0.2,0.3,0.049,-4.7,0.7,-4.0,-0.1,0.0,2014
385,Chris Singleton,10.0,1.0,2.7,0.373,0.3,0.8,0.368,0.7,1.9,0.375,0.425,0.7,1.0,0.72,0.7,1.5,2.2,0.2,0.4,0.1,0.7,1.0,3.0,0.0,0.0,1250.0,0.0,0.0,0.0,0.0,0.0,0.0,0.0,0.0,0.0,0.0,0.0,0.0,0.0,25.0,0.0,250.0,25.0,67.0,0.373,7.0,19.0,0.368,18.0,48.0,0.375,0.425,18.0,25.0,0.72,18.0,37.0,55.0,6.0,9.0,3.0,17.0,25.0,75.0,0.0,8.8,0.481,0.284,0.373,8.2,17.5,12.8,3.5,1.9,1.0,17.9,17.2,-0.2,0.3,0.2,0.033,-3.9,-0.7,-4.6,-0.2,0.0,2014
386,Hedo Türkoğlu,10.3,1.1,2.9,0.385,0.6,1.3,0.44,0.5,1.6,0.339,0.486,0.2,0.5,0.5,0.3,2.1,2.3,0.9,0.5,0.3,0.4,1.3,3.0,0.0,0.0,1250.0,0.0,0.0,0.0,0.0,0.0,0.0,0.0,0.0,0.0,0.0,0.0,0.0,0.0,38.0,0.0,392.0,42.0,109.0,0.385,22.0,50.0,0.44,20.0,59.0,0.339,0.486,9.0,18.0,0.5,11.0,78.0,89.0,33.0,19.0,10.0,16.0,50.0,115.0,0.0,11.3,0.492,0.459,0.165,3.2,21.4,12.6,11.9,2.4,2.0,12.0,15.0,0.1,0.7,0.8,0.095,-1.6,1.8,0.2,0.2,0.0,2014
387,Bismack Biyombo,13.9,1.1,1.9,0.611,0.0,0.0,0.0,1.1,1.9,0.611,0.611,0.6,1.2,0.517,1.4,3.4,4.8,0.1,0.1,1.1,0.5,1.6,2.9,0.0,0.0,1250.0,0.0,0.0,0.0,0.0,0.0,0.0,0.0,0.0,0.0,0.0,0.0,0.0,0.0,77.0,9.0,1072.0,88.0,144.0,0.611,0.0,0.0,0.0,88.0,144.0,0.611,0.611,46.0,89.0,0.517,105.0,261.0,366.0,8.0,7.0,86.0,40.0,124.0,222.0,0.0,13.3,0.606,0.0,0.618,11.0,27.6,19.3,1.1,0.3,6.3,17.9,9.6,1.1,2.1,3.2,0.144,-2.9,1.7,-1.2,0.2,0.0,2014
388,Josh Harrellson,9.9,1.2,2.6,0.463,0.4,1.0,0.387,0.8,1.6,0.51,0.537,0.2,0.2,0.714,0.9,1.4,2.4,0.5,0.2,0.5,0.3,1.4,2.9,0.0,0.0,1250.0,0.0,0.0,0.0,0.0,0.0,0.0,0.0,0.0,0.0,0.0,0.0,0.0,0.0,32.0,0.0,317.0,38.0,82.0,0.463,12.0,31.0,0.387,26.0,51.0,0.51,0.537,5.0,7.0,0.714,30.0,46.0,76.0,15.0,6.0,15.0,10.0,44.0,93.0,0.0,13.4,0.547,0.378,0.085,9.8,16.7,13.1,6.9,1.0,3.8,10.5,12.8,0.5,0.2,0.7,0.108,-0.8,0.1,-0.7,0.1,0.0,2014
389,Greg Oden,9.2,1.2,2.1,0.551,0.0,0.0,0.0,1.2,2.1,0.551,0.551,0.6,1.0,0.565,1.0,1.3,2.3,0.0,0.3,0.6,0.5,2.3,2.9,0.0,0.0,1250.0,0.0,0.0,0.0,0.0,0.0,0.0,0.0,0.0,0.0,0.0,0.0,0.0,0.0,23.0,6.0,212.0,27.0,49.0,0.551,0.0,0.0,0.0,27.0,49.0,0.551,0.551,13.0,23.0,0.565,23.0,31.0,54.0,1.0,7.0,13.0,12.0,52.0,67.0,0.0,12.4,0.567,0.0,0.469,14.2,17.7,16.0,0.7,1.7,5.3,16.9,16.0,0.2,0.3,0.5,0.119,-5.0,0.2,-4.8,-0.1,0.0,2014
390,Glen Rice Jr.,9.9,1.0,3.4,0.297,0.5,1.5,0.294,0.5,1.8,0.3,0.365,0.5,0.6,0.714,0.4,1.5,1.8,0.6,0.5,0.1,0.8,0.6,2.9,0.0,0.0,1250.0,0.0,0.0,0.0,0.0,0.0,0.0,0.0,0.0,0.0,0.0,0.0,0.0,0.0,11.0,1.0,109.0,11.0,37.0,0.297,5.0,17.0,0.294,6.0,20.0,0.3,0.365,5.0,7.0,0.714,4.0,16.0,20.0,7.0,6.0,1.0,9.0,7.0,32.0,0.0,6.6,0.399,0.459,0.189,4.2,17.3,10.6,9.3,2.8,0.8,18.3,20.3,-0.3,0.2,-0.1,-0.043,-4.7,1.8,-2.9,0.0,0.0,2014
391,Greg Stiemsma,18.3,1.3,2.2,0.574,0.0,0.0,0.0,1.3,2.2,0.579,0.574,0.3,0.6,0.594,1.3,2.8,4.1,0.7,0.6,1.0,0.8,3.1,2.9,0.0,0.0,1250.0,0.0,0.0,0.0,0.0,0.0,0.0,0.0,0.0,0.0,0.0,0.0,0.0,0.0,55.0,20.0,1007.0,70.0,122.0,0.574,0.0,1.0,0.0,70.0,121.0,0.579,0.574,19.0,32.0,0.594,72.0,154.0,226.0,36.0,35.0,57.0,44.0,169.0,159.0,0.0,9.7,0.584,0.008,0.262,8.2,18.0,13.0,5.0,1.8,4.7,24.4,8.1,0.5,1.0,1.5,0.072,-3.6,1.9,-1.7,0.1,0.0,2014
392,Brandon Davies,11.3,1.1,2.5,0.422,0.0,0.2,0.2,1.0,2.3,0.441,0.43,0.7,1.0,0.642,0.7,1.4,2.1,0.5,0.5,0.2,0.7,1.8,2.8,0.0,0.0,1250.0,0.0,0.0,0.0,0.0,0.0,0.0,0.0,0.0,0.0,0.0,0.0,0.0,0.0,51.0,0.0,575.0,54.0,128.0,0.422,2.0,10.0,0.2,52.0,118.0,0.441,0.43,34.0,53.0,0.642,38.0,71.0,109.0,28.0,24.0,8.0,35.0,92.0,144.0,0.0,7.5,0.476,0.078,0.414,6.9,13.9,10.2,7.1,2.0,1.1,18.8,13.7,-0.3,0.4,0.1,0.008,-5.7,-0.6,-6.3,-0.6,0.0,2014
393,Shane Larkin,10.2,1.1,2.9,0.38,0.3,0.8,0.316,0.8,2.1,0.404,0.423,0.3,0.5,0.64,0.2,0.6,0.9,1.5,0.5,0.0,0.8,1.0,2.8,0.0,0.0,1250.0,0.0,0.0,0.0,0.0,0.0,0.0,0.0,0.0,0.0,0.0,0.0,0.0,0.0,48.0,0.0,489.0,52.0,137.0,0.38,12.0,38.0,0.316,40.0,99.0,0.404,0.423,16.0,25.0,0.64,11.0,31.0,42.0,71.0,26.0,1.0,39.0,46.0,132.0,0.0,8.3,0.446,0.277,0.182,2.6,7.3,5.0,20.4,2.7,0.2,20.9,17.4,-0.4,0.3,-0.1,-0.01,-3.8,0.0,-3.8,-0.2,0.0,2014
394,Phil Pressey,15.1,1.0,3.4,0.308,0.4,1.4,0.264,0.7,2.0,0.34,0.364,0.4,0.6,0.644,0.3,1.1,1.4,3.2,0.9,0.1,1.2,1.3,2.8,0.0,0.0,1250.0,0.0,0.0,0.0,0.0,0.0,0.0,0.0,0.0,0.0,0.0,0.0,0.0,0.0,75.0,11.0,1132.0,78.0,253.0,0.308,28.0,106.0,0.264,50.0,147.0,0.34,0.364,29.0,45.0,0.644,20.0,85.0,105.0,241.0,68.0,5.0,87.0,97.0,213.0,0.0,8.8,0.39,0.419,0.178,1.9,8.8,5.3,30.8,3.1,0.3,24.2,14.1,-1.0,1.1,0.1,0.005,-3.8,0.5,-3.3,-0.4,0.0,2014
395,Marquis Teague,11.1,1.0,3.0,0.319,0.1,0.5,0.278,0.8,2.5,0.327,0.34,0.7,0.9,0.743,0.0,1.0,1.0,1.5,0.3,0.1,1.0,1.2,2.7,0.0,0.0,1250.0,0.0,0.0,0.0,0.0,0.0,0.0,0.0,0.0,0.0,0.0,0.0,0.0,0.0,40.0,3.0,443.0,38.0,119.0,0.319,5.0,18.0,0.278,33.0,101.0,0.327,0.34,26.0,35.0,0.743,1.0,39.0,40.0,58.0,10.0,5.0,39.0,46.0,107.0,0.0,3.8,0.398,0.151,0.294,0.3,10.2,5.3,20.6,1.2,0.9,22.5,18.2,-1.0,0.4,-0.5,-0.059,-6.8,-0.6,-7.4,-0.6,0.0,2014
396,Quincy Acy,13.4,1.0,2.2,0.468,0.1,0.2,0.267,1.0,2.0,0.492,0.482,0.6,0.8,0.66,1.1,2.3,3.4,0.4,0.4,0.4,0.5,1.9,2.7,0.0,0.0,1250.0,0.0,0.0,0.0,0.0,0.0,0.0,0.0,0.0,0.0,0.0,0.0,0.0,0.0,63.0,0.0,847.0,66.0,141.0,0.468,4.0,15.0,0.267,62.0,126.0,0.492,0.482,35.0,53.0,0.66,72.0,144.0,216.0,28.0,23.0,26.0,30.0,122.0,171.0,0.0,10.1,0.52,0.106,0.376,9.5,19.5,14.4,4.9,1.4,2.5,15.4,10.1,0.6,0.9,1.5,0.086,-2.5,0.8,-1.7,0.1,0.0,2014
397,Reggie Bullock,9.2,1.0,2.8,0.355,0.5,1.7,0.301,0.5,1.1,0.438,0.446,0.2,0.2,0.778,0.3,1.0,1.3,0.3,0.2,0.0,0.3,0.6,2.7,0.0,0.0,1250.0,0.0,0.0,0.0,0.0,0.0,0.0,0.0,0.0,0.0,0.0,0.0,0.0,0.0,43.0,0.0,395.0,43.0,121.0,0.355,22.0,73.0,0.301,21.0,48.0,0.438,0.446,7.0,9.0,0.778,11.0,43.0,54.0,12.0,9.0,1.0,13.0,26.0,115.0,0.0,6.7,0.46,0.603,0.074,3.2,11.7,7.6,4.3,1.1,0.2,9.4,15.4,-0.2,0.3,0.2,0.019,-2.5,-0.9,-3.3,-0.1,0.0,2014
398,Rasual Butler,7.6,1.0,2.2,0.464,0.5,1.2,0.419,0.5,1.0,0.521,0.582,0.2,0.3,0.571,0.1,0.7,0.8,0.3,0.1,0.2,0.2,0.6,2.7,0.0,0.0,1250.0,0.0,0.0,0.0,0.0,0.0,0.0,0.0,0.0,0.0,0.0,0.0,0.0,0.0,50.0,2.0,378.0,51.0,110.0,0.464,26.0,62.0,0.419,25.0,48.0,0.521,0.582,8.0,14.0,0.571,6.0,35.0,41.0,17.0,7.0,9.0,11.0,30.0,136.0,0.0,12.2,0.585,0.564,0.127,1.9,9.9,6.1,7.4,1.0,1.8,8.7,15.4,0.5,0.6,1.1,0.138,0.0,0.3,0.3,0.2,0.0,2014
399,Carrick Felix,5.4,1.0,2.0,0.5,0.3,0.7,0.4,0.7,1.3,0.556,0.571,0.4,0.6,0.75,0.1,0.7,0.9,0.6,0.0,0.0,0.6,0.6,2.7,0.0,0.0,1250.0,0.0,0.0,0.0,0.0,0.0,0.0,0.0,0.0,0.0,0.0,0.0,0.0,0.0,7.0,0.0,38.0,7.0,14.0,0.5,2.0,5.0,0.4,5.0,9.0,0.556,0.571,3.0,4.0,0.75,1.0,5.0,6.0,4.0,0.0,0.0,4.0,4.0,19.0,0.0,13.3,0.603,0.357,0.286,2.9,15.1,8.9,18.2,0.0,0.0,20.2,23.2,0.0,0.0,0.0,0.057,-1.3,-2.2,-3.4,0.0,0.0,2014
400,Toure' Murry,7.3,1.1,2.5,0.434,0.1,0.2,0.417,1.0,2.3,0.436,0.453,0.5,0.8,0.59,0.3,0.6,0.9,1.0,0.4,0.0,0.7,0.9,2.7,0.0,0.0,1250.0,0.0,0.0,0.0,0.0,0.0,0.0,0.0,0.0,0.0,0.0,0.0,0.0,0.0,51.0,0.0,373.0,56.0,129.0,0.434,5.0,12.0,0.417,51.0,117.0,0.436,0.453,23.0,39.0,0.59,13.0,31.0,44.0,49.0,19.0,1.0,34.0,46.0,140.0,0.0,11.1,0.479,0.093,0.302,4.0,10.1,6.9,21.5,2.7,0.2,18.9,22.5,-0.3,0.3,0.0,0.002,-3.7,-0.7,-4.4,-0.2,0.0,2014
401,Eric Maynor,10.5,1.0,3.3,0.317,0.4,1.2,0.324,0.6,2.1,0.313,0.376,0.2,0.4,0.545,0.3,1.0,1.3,1.7,0.3,0.1,0.9,0.5,2.6,0.0,0.0,1250.0,0.0,0.0,0.0,0.0,0.0,0.0,0.0,0.0,0.0,0.0,0.0,0.0,0.0,31.0,0.0,327.0,32.0,101.0,0.317,12.0,37.0,0.324,20.0,64.0,0.313,0.376,6.0,11.0,0.545,9.0,30.0,39.0,52.0,9.0,3.0,29.0,17.0,82.0,0.0,6.2,0.387,0.366,0.109,3.1,10.6,6.7,23.0,1.4,0.7,21.5,18.2,-0.6,0.2,-0.4,-0.058,-4.4,-1.6,-6.0,-0.3,0.0,2014
402,Lorenzo Brown,8.6,1.0,3.3,0.302,0.1,1.2,0.1,0.9,2.2,0.411,0.32,0.3,0.5,0.692,0.3,0.8,1.1,1.6,0.5,0.1,0.6,0.7,2.5,0.0,0.0,1250.0,0.0,0.0,0.0,0.0,0.0,0.0,0.0,0.0,0.0,0.0,0.0,0.0,0.0,26.0,0.0,224.0,26.0,86.0,0.302,3.0,30.0,0.1,23.0,56.0,0.411,0.32,9.0,13.0,0.692,8.0,20.0,28.0,41.0,13.0,3.0,16.0,19.0,64.0,0.0,8.2,0.349,0.349,0.151,3.7,10.0,6.8,27.5,2.8,1.1,14.9,20.4,-0.5,0.2,-0.3,-0.068,-4.5,-0.7,-5.2,-0.2,0.0,2014
403,Meyers Leonard,8.9,1.0,2.3,0.451,0.0,0.2,0.0,1.0,2.1,0.482,0.451,0.4,0.5,0.762,0.7,2.1,2.8,0.5,0.2,0.1,0.4,1.9,2.5,0.0,0.0,1250.0,0.0,0.0,0.0,0.0,0.0,0.0,0.0,0.0,0.0,0.0,0.0,0.0,0.0,40.0,0.0,355.0,41.0,91.0,0.451,0.0,6.0,0.0,41.0,85.0,0.482,0.451,16.0,21.0,0.762,26.0,85.0,111.0,18.0,7.0,5.0,15.0,76.0,98.0,0.0,9.4,0.489,0.066,0.231,8.0,25.5,16.8,7.3,1.0,1.0,13.0,14.2,0.2,0.5,0.6,0.086,-4.7,0.8,-4.0,-0.2,0.0,2014
404,Sasha Vujačić,5.0,1.0,2.5,0.4,0.5,1.0,0.5,0.5,1.5,0.333,0.5,0.0,0.0,0.0,0.0,1.5,1.5,0.0,0.5,0.0,1.5,0.5,2.5,0.0,0.0,1250.0,0.0,0.0,0.0,0.0,0.0,0.0,0.0,0.0,0.0,0.0,0.0,0.0,0.0,2.0,0.0,10.0,2.0,5.0,0.4,1.0,2.0,0.5,1.0,3.0,0.333,0.5,0.0,0.0,0.0,0.0,3.0,3.0,0.0,1.0,0.0,3.0,1.0,5.0,0.0,1.5,0.5,0.4,0.0,0.0,32.2,16.7,0.0,5.0,0.0,37.5,35.3,-0.1,0.0,-0.1,-0.289,-12.3,-0.1,-12.4,0.0,0.0,2014
405,Gigi Datome,7.0,1.0,2.9,0.351,0.2,1.1,0.179,0.8,1.7,0.466,0.387,0.2,0.3,0.8,0.4,0.9,1.4,0.3,0.2,0.0,0.3,0.6,2.4,0.0,0.0,1250.0,0.0,0.0,0.0,0.0,0.0,0.0,0.0,0.0,0.0,0.0,0.0,0.0,0.0,34.0,0.0,238.0,34.0,97.0,0.351,7.0,39.0,0.179,27.0,58.0,0.466,0.387,8.0,10.0,0.8,14.0,32.0,46.0,11.0,6.0,1.0,11.0,20.0,83.0,0.0,8.0,0.409,0.402,0.103,6.1,15.5,10.6,7.0,1.3,0.3,9.8,20.2,-0.2,0.1,-0.1,-0.023,-3.7,-2.3,-6.0,-0.2,0.0,2014
406,Gal Mekel,9.4,1.0,2.8,0.349,0.2,0.6,0.25,0.8,2.1,0.379,0.378,0.3,0.4,0.667,0.2,0.7,0.9,2.0,0.1,0.0,1.0,1.0,2.4,0.0,0.0,1250.0,0.0,0.0,0.0,0.0,0.0,0.0,0.0,0.0,0.0,0.0,0.0,0.0,0.0,31.0,1.0,292.0,30.0,86.0,0.349,5.0,20.0,0.25,25.0,66.0,0.379,0.378,8.0,12.0,0.667,5.0,22.0,27.0,63.0,4.0,1.0,31.0,31.0,73.0,0.0,5.4,0.4,0.233,0.14,2.0,8.6,5.3,30.1,0.7,0.3,25.4,19.0,-0.5,0.1,-0.4,-0.073,-4.9,-2.7,-7.6,-0.4,0.0,2014
407,Ronnie Price,12.2,0.9,3.0,0.304,0.3,1.4,0.209,0.6,1.6,0.388,0.353,0.3,0.4,0.692,0.3,1.1,1.4,2.1,0.8,0.1,0.8,1.6,2.4,0.0,0.0,1250.0,0.0,0.0,0.0,0.0,0.0,0.0,0.0,0.0,0.0,0.0,0.0,0.0,0.0,31.0,2.0,377.0,28.0,92.0,0.304,9.0,43.0,0.209,19.0,49.0,0.388,0.353,9.0,13.0,0.692,8.0,35.0,43.0,66.0,25.0,2.0,26.0,50.0,74.0,0.0,7.6,0.379,0.467,0.141,2.4,10.5,6.5,25.6,3.4,0.4,21.0,15.0,-0.5,0.4,-0.1,-0.007,-5.6,1.2,-4.3,-0.2,0.0,2014
408,Adonis Thomas,6.2,1.0,2.3,0.429,0.2,0.8,0.2,0.8,1.5,0.556,0.464,0.2,0.2,1.0,0.0,0.5,0.5,0.5,0.0,0.0,0.2,1.0,2.3,0.0,0.0,1250.0,0.0,0.0,0.0,0.0,0.0,0.0,0.0,0.0,0.0,0.0,0.0,0.0,0.0,6.0,1.0,37.0,6.0,14.0,0.429,1.0,5.0,0.2,5.0,9.0,0.556,0.464,1.0,1.0,1.0,0.0,3.0,3.0,3.0,0.0,0.0,1.0,6.0,14.0,0.0,7.3,0.485,0.357,0.071,0.0,9.2,4.6,13.4,0.0,0.0,6.5,18.5,0.0,0.0,0.0,0.001,-4.2,-2.0,-6.2,0.0,0.0,2014
409,Dionte Christmas,6.4,0.7,2.0,0.355,0.3,1.0,0.29,0.4,1.0,0.419,0.427,0.6,0.8,0.75,0.4,0.8,1.2,0.3,0.1,0.1,0.2,0.6,2.3,0.0,0.0,1250.0,0.0,0.0,0.0,0.0,0.0,0.0,0.0,0.0,0.0,0.0,0.0,0.0,0.0,31.0,0.0,198.0,22.0,62.0,0.355,9.0,31.0,0.29,13.0,31.0,0.419,0.427,18.0,24.0,0.75,13.0,25.0,38.0,8.0,2.0,3.0,6.0,19.0,71.0,0.0,11.1,0.489,0.5,0.387,7.4,14.1,10.8,5.8,0.5,1.1,7.6,17.4,0.2,0.1,0.3,0.083,-0.5,-1.3,-1.8,0.0,0.0,2014
410,Robert Covington,4.9,0.9,2.0,0.429,0.6,1.6,0.364,0.3,0.4,0.667,0.571,0.0,0.0,0.0,0.3,0.4,0.7,0.0,0.3,0.0,0.1,0.4,2.3,0.0,0.0,1250.0,0.0,0.0,0.0,0.0,0.0,0.0,0.0,0.0,0.0,0.0,0.0,0.0,0.0,7.0,0.0,34.0,6.0,14.0,0.429,4.0,11.0,0.364,2.0,3.0,0.667,0.571,0.0,0.0,0.0,2.0,3.0,5.0,0.0,2.0,0.0,1.0,3.0,16.0,0.0,15.0,0.571,0.786,0.0,6.9,9.3,8.2,0.0,2.9,0.0,6.7,19.3,0.1,0.0,0.1,0.122,1.5,-0.8,0.7,0.0,0.0,2014
411,Landry Fields,10.7,0.9,2.2,0.403,0.0,0.2,0.0,0.9,2.1,0.435,0.403,0.5,0.7,0.636,0.5,1.5,2.0,0.7,0.3,0.1,0.4,0.8,2.3,0.0,0.0,1250.0,0.0,0.0,0.0,0.0,0.0,0.0,0.0,0.0,0.0,0.0,0.0,0.0,0.0,30.0,2.0,322.0,27.0,67.0,0.403,0.0,5.0,0.0,27.0,62.0,0.435,0.403,14.0,22.0,0.636,15.0,44.0,59.0,20.0,10.0,3.0,11.0,25.0,68.0,0.0,8.6,0.443,0.075,0.328,5.4,16.0,10.7,9.3,1.6,0.7,12.5,12.4,0.0,0.4,0.4,0.057,-2.4,1.0,-1.4,0.1,0.0,2014
412,Rudy Gobert,9.6,0.8,1.6,0.486,0.0,0.0,0.0,0.8,1.6,0.486,0.486,0.7,1.4,0.492,1.1,2.3,3.4,0.2,0.2,0.9,0.7,1.3,2.3,0.0,0.0,1250.0,0.0,0.0,0.0,0.0,0.0,0.0,0.0,0.0,0.0,0.0,0.0,0.0,0.0,45.0,0.0,434.0,36.0,74.0,0.486,0.0,0.0,0.0,36.0,74.0,0.486,0.486,32.0,65.0,0.492,51.0,104.0,155.0,7.0,8.0,41.0,32.0,57.0,104.0,0.0,12.9,0.507,0.0,0.878,13.1,28.5,20.6,2.4,1.0,7.4,23.8,14.2,-0.2,0.6,0.4,0.045,-3.6,0.9,-2.7,-0.1,0.0,2014
413,Ryan Hollins,7.9,0.9,1.2,0.736,0.0,0.0,0.0,0.9,1.2,0.736,0.736,0.6,0.9,0.625,0.5,1.0,1.5,0.1,0.1,0.5,0.5,1.4,2.3,0.0,0.0,1250.0,0.0,0.0,0.0,0.0,0.0,0.0,0.0,0.0,0.0,0.0,0.0,0.0,0.0,61.0,0.0,482.0,53.0,72.0,0.736,0.0,0.0,0.0,53.0,72.0,0.736,0.736,35.0,56.0,0.625,31.0,59.0,90.0,8.0,9.0,31.0,29.0,87.0,141.0,0.0,11.9,0.73,0.0,0.778,7.4,13.1,10.4,2.4,0.9,4.9,23.1,11.5,0.7,0.6,1.3,0.126,-3.4,1.5,-1.9,0.0,0.0,2014
414,Peyton Siva,9.3,0.8,2.4,0.316,0.3,1.0,0.28,0.5,1.3,0.344,0.377,0.5,0.6,0.733,0.1,0.5,0.6,1.4,0.4,0.0,0.8,1.1,2.3,0.0,0.0,1250.0,0.0,0.0,0.0,0.0,0.0,0.0,0.0,0.0,0.0,0.0,0.0,0.0,0.0,24.0,0.0,224.0,18.0,57.0,0.316,7.0,25.0,0.28,11.0,32.0,0.344,0.377,11.0,15.0,0.733,2.0,12.0,14.0,34.0,9.0,1.0,18.0,27.0,54.0,0.0,5.7,0.425,0.439,0.263,0.9,6.2,3.4,21.0,2.0,0.4,22.1,15.6,-0.2,0.1,-0.2,-0.032,-5.3,-1.1,-6.4,-0.2,0.0,2014
415,Donald Sloan,8.2,0.9,2.4,0.376,0.2,0.9,0.238,0.7,1.6,0.453,0.419,0.3,0.4,0.6,0.1,0.8,0.9,1.0,0.2,0.0,0.5,0.4,2.3,0.0,0.0,1250.0,0.0,0.0,0.0,0.0,0.0,0.0,0.0,0.0,0.0,0.0,0.0,0.0,0.0,48.0,1.0,392.0,44.0,117.0,0.376,10.0,42.0,0.238,34.0,75.0,0.453,0.419,12.0,20.0,0.6,4.0,40.0,44.0,50.0,10.0,1.0,22.0,19.0,110.0,0.0,8.5,0.437,0.359,0.171,1.2,11.0,6.3,20.1,1.3,0.2,14.9,17.2,-0.3,0.6,0.3,0.039,-3.3,0.3,-3.0,-0.1,0.0,2014
416,D.J. Stephens,5.0,1.0,2.3,0.429,0.0,0.0,0.0,1.0,2.3,0.429,0.429,0.3,0.3,1.0,0.3,1.3,1.7,0.0,0.0,0.0,0.0,0.0,2.3,0.0,0.0,1250.0,0.0,0.0,0.0,0.0,0.0,0.0,0.0,0.0,0.0,0.0,0.0,0.0,0.0,3.0,0.0,15.0,3.0,7.0,0.429,0.0,0.0,0.0,3.0,7.0,0.429,0.429,1.0,1.0,1.0,1.0,4.0,5.0,0.0,0.0,0.0,0.0,0.0,7.0,0.0,16.1,0.47,0.0,0.143,7.4,31.6,19.1,0.0,0.0,0.0,0.0,22.4,0.0,0.0,0.0,0.067,2.2,-0.5,1.7,0.0,0.0,2014
417,Orlando Johnson,8.7,0.8,2.5,0.319,0.2,1.0,0.191,0.6,1.5,0.409,0.358,0.4,0.6,0.731,0.2,1.0,1.2,0.4,0.1,0.0,0.3,0.6,2.2,0.0,0.0,1250.0,0.0,0.0,0.0,0.0,0.0,0.0,0.0,0.0,0.0,0.0,0.0,0.0,0.0,45.0,0.0,392.0,36.0,113.0,0.319,9.0,47.0,0.191,27.0,66.0,0.409,0.358,19.0,26.0,0.731,9.0,46.0,55.0,20.0,6.0,2.0,15.0,26.0,100.0,0.0,5.3,0.402,0.416,0.23,2.7,12.6,7.9,7.7,0.8,0.4,10.8,16.2,-0.5,0.5,0.1,0.008,-4.8,-0.3,-5.1,-0.3,0.0,2014
418,Shannon Brown,8.7,0.8,2.3,0.364,0.0,0.1,0.0,0.8,2.2,0.375,0.364,0.5,0.7,0.714,0.2,0.7,1.0,0.3,0.4,0.0,0.6,0.8,2.2,0.0,0.0,1250.0,0.0,0.0,0.0,0.0,0.0,0.0,0.0,0.0,0.0,0.0,0.0,0.0,0.0,29.0,1.0,251.0,24.0,66.0,0.364,0.0,2.0,0.0,24.0,64.0,0.375,0.364,15.0,21.0,0.714,7.0,21.0,28.0,9.0,13.0,0.0,18.0,24.0,63.0,0.0,4.7,0.419,0.03,0.318,3.2,9.5,6.4,5.0,2.7,0.0,19.3,17.1,-0.5,0.3,-0.3,-0.05,-6.6,-0.1,-6.8,-0.3,0.0,2014
419,Victor Claver,8.8,0.8,2.0,0.405,0.1,0.9,0.167,0.7,1.1,0.583,0.44,0.5,0.5,0.909,0.4,1.4,1.9,0.6,0.1,0.1,0.5,0.8,2.2,0.0,0.0,1250.0,0.0,0.0,0.0,0.0,0.0,0.0,0.0,0.0,0.0,0.0,0.0,0.0,0.0,21.0,0.0,184.0,17.0,42.0,0.405,3.0,18.0,0.167,14.0,24.0,0.583,0.44,10.0,11.0,0.909,9.0,30.0,39.0,12.0,3.0,3.0,11.0,16.0,47.0,0.0,8.8,0.502,0.429,0.262,5.3,17.4,11.4,9.1,0.8,1.1,19.0,13.7,0.0,0.2,0.2,0.047,-3.2,0.0,-3.2,-0.1,0.0,2014
420,Allen Crabbe,6.7,0.8,2.2,0.364,0.4,0.9,0.429,0.4,1.3,0.316,0.455,0.2,0.3,0.75,0.1,0.5,0.6,0.4,0.1,0.1,0.2,0.7,2.2,0.0,0.0,1250.0,0.0,0.0,0.0,0.0,0.0,0.0,0.0,0.0,0.0,0.0,0.0,0.0,0.0,15.0,0.0,100.0,12.0,33.0,0.364,6.0,14.0,0.429,6.0,19.0,0.316,0.455,3.0,4.0,0.75,1.0,8.0,9.0,6.0,2.0,1.0,3.0,10.0,33.0,0.0,7.7,0.475,0.424,0.121,1.1,8.5,4.8,8.7,1.0,0.7,7.9,16.5,0.0,0.1,0.1,0.037,-4.6,-1.4,-6.1,-0.1,0.0,2014
421,Chuck Hayes,12.4,0.9,2.1,0.431,0.0,0.0,0.0,0.9,2.1,0.434,0.431,0.3,0.4,0.8,1.1,2.3,3.4,0.6,0.6,0.2,0.5,1.6,2.2,0.0,0.0,1250.0,0.0,0.0,0.0,0.0,0.0,0.0,0.0,0.0,0.0,0.0,0.0,0.0,0.0,61.0,1.0,754.0,56.0,130.0,0.431,0.0,1.0,0.0,56.0,129.0,0.434,0.431,20.0,25.0,0.8,69.0,141.0,210.0,35.0,34.0,12.0,33.0,95.0,132.0,0.0,10.0,0.468,0.008,0.192,10.5,21.8,16.1,6.8,2.3,1.3,19.0,10.4,0.2,1.2,1.4,0.086,-3.1,1.3,-1.8,0.0,0.0,2014
422,Otto Porter Jr.,8.6,0.9,2.5,0.363,0.1,0.6,0.19,0.8,1.9,0.414,0.385,0.2,0.3,0.667,0.6,1.0,1.5,0.3,0.2,0.0,0.4,0.7,2.1,0.0,0.0,1250.0,0.0,0.0,0.0,0.0,0.0,0.0,0.0,0.0,0.0,0.0,0.0,0.0,0.0,37.0,0.0,319.0,33.0,91.0,0.363,4.0,21.0,0.19,29.0,70.0,0.414,0.385,8.0,12.0,0.667,21.0,36.0,57.0,10.0,8.0,1.0,14.0,26.0,78.0,0.0,6.0,0.405,0.231,0.132,7.5,13.3,10.4,4.6,1.3,0.3,12.7,15.6,-0.4,0.3,0.0,-0.006,-4.9,-1.3,-6.2,-0.3,0.0,2014
423,Brandon Rush,11.0,0.8,2.4,0.333,0.4,1.2,0.34,0.4,1.1,0.326,0.422,0.1,0.1,0.6,0.1,1.0,1.2,0.6,0.1,0.2,0.5,0.8,2.1,0.0,0.0,1250.0,0.0,0.0,0.0,0.0,0.0,0.0,0.0,0.0,0.0,0.0,0.0,0.0,0.0,38.0,0.0,418.0,30.0,90.0,0.333,16.0,47.0,0.34,14.0,43.0,0.326,0.422,3.0,5.0,0.6,5.0,39.0,44.0,24.0,5.0,9.0,20.0,31.0,79.0,0.0,4.1,0.428,0.522,0.056,1.3,11.1,6.1,8.5,0.6,1.7,17.8,12.3,-0.5,0.0,-0.4,-0.05,-4.2,-1.3,-5.6,-0.4,0.0,2014
424,Jared Cunningham,6.2,0.5,1.6,0.286,0.1,0.5,0.143,0.4,1.1,0.357,0.31,1.0,1.2,0.813,0.1,0.4,0.5,0.6,0.2,0.0,0.2,1.2,2.0,0.0,0.0,1250.0,0.0,0.0,0.0,0.0,0.0,0.0,0.0,0.0,0.0,0.0,0.0,0.0,0.0,13.0,0.0,80.0,6.0,21.0,0.286,1.0,7.0,0.143,5.0,14.0,0.357,0.31,13.0,16.0,0.813,1.0,5.0,6.0,8.0,3.0,0.0,2.0,16.0,26.0,0.0,8.5,0.464,0.333,0.762,1.4,7.2,4.3,14.4,1.9,0.0,6.7,16.6,0.1,0.0,0.1,0.075,-5.1,1.1,-4.1,0.0,0.0,2014
425,Lou Amundson,9.7,0.8,1.7,0.5,0.0,0.0,0.0,0.8,1.7,0.5,0.5,0.3,1.3,0.25,1.5,1.4,2.9,0.3,0.5,0.6,0.7,2.6,2.0,0.0,0.0,1250.0,0.0,0.0,0.0,0.0,0.0,0.0,0.0,0.0,0.0,0.0,0.0,0.0,0.0,19.0,0.0,185.0,16.0,32.0,0.5,0.0,0.0,0.0,16.0,32.0,0.5,0.5,6.0,24.0,0.25,28.0,27.0,55.0,6.0,9.0,11.0,14.0,49.0,38.0,0.0,9.1,0.446,0.0,0.75,17.3,17.2,17.3,4.7,2.5,5.0,24.8,13.9,-0.1,0.2,0.1,0.024,-6.6,0.1,-6.5,-0.2,0.0,2014
426,Cole Aldrich,7.2,0.7,1.3,0.541,0.0,0.0,0.0,0.7,1.3,0.541,0.541,0.6,0.7,0.867,0.8,2.0,2.8,0.3,0.2,0.7,0.4,0.9,2.0,0.0,0.0,1250.0,0.0,0.0,0.0,0.0,0.0,0.0,0.0,0.0,0.0,0.0,0.0,0.0,0.0,46.0,2.0,330.0,33.0,61.0,0.541,0.0,0.0,0.0,33.0,61.0,0.541,0.541,26.0,30.0,0.867,37.0,92.0,129.0,14.0,8.0,30.0,18.0,40.0,92.0,0.0,19.1,0.62,0.0,0.492,12.8,33.8,23.0,6.4,1.3,8.1,19.5,13.0,0.6,0.6,1.2,0.178,-0.1,1.6,1.5,0.3,0.0,2014
427,Keith Bogans,9.2,0.5,1.0,0.5,0.5,1.0,0.5,0.0,0.0,0.0,0.75,0.5,0.5,1.0,0.0,0.5,0.5,0.5,0.2,0.0,0.2,0.3,2.0,0.0,0.0,1250.0,0.0,0.0,0.0,0.0,0.0,0.0,0.0,0.0,0.0,0.0,0.0,0.0,0.0,6.0,0.0,55.0,3.0,6.0,0.5,3.0,6.0,0.5,0.0,0.0,0.0,0.75,3.0,3.0,1.0,0.0,3.0,3.0,3.0,1.0,0.0,1.0,2.0,12.0,0.0,9.9,0.82,1.0,0.5,0.0,6.4,3.1,7.7,0.9,0.0,12.0,6.7,0.1,0.0,0.1,0.121,-1.4,-0.6,-2.0,0.0,0.0,2014
428,Alex Len,8.6,0.8,1.9,0.423,0.0,0.0,0.0,0.8,1.9,0.423,0.423,0.5,0.7,0.645,0.9,1.4,2.4,0.1,0.1,0.4,0.6,1.6,2.0,0.0,0.0,1250.0,0.0,0.0,0.0,0.0,0.0,0.0,0.0,0.0,0.0,0.0,0.0,0.0,0.0,42.0,3.0,362.0,33.0,78.0,0.423,0.0,0.0,0.0,33.0,78.0,0.423,0.423,20.0,31.0,0.645,39.0,60.0,99.0,4.0,4.0,18.0,26.0,68.0,86.0,0.0,7.3,0.469,0.0,0.397,12.1,18.6,15.3,1.6,0.6,3.8,22.1,14.3,-0.2,0.4,0.2,0.024,-5.9,-0.7,-6.6,-0.4,0.0,2014
429,DeAndre Liggins,1.0,1.0,1.0,1.0,0.0,0.0,0.0,1.0,1.0,1.0,1.0,0.0,0.0,0.0,1.0,0.0,1.0,0.0,0.0,0.0,0.0,0.0,2.0,0.0,0.0,1250.0,0.0,0.0,0.0,0.0,0.0,0.0,0.0,0.0,0.0,0.0,0.0,0.0,0.0,1.0,0.0,1.0,1.0,1.0,1.0,0.0,0.0,0.0,1.0,1.0,1.0,1.0,0.0,0.0,0.0,1.0,0.0,1.0,0.0,0.0,0.0,0.0,0.0,2.0,0.0,129.1,1.0,0.0,0.0,100.0,0.0,62.8,0.0,0.0,0.0,0.0,47.8,0.0,0.0,0.0,2.123,42.1,-0.6,41.5,0.0,0.0,2014
430,Tony Mitchell,3.3,1.0,1.7,0.6,0.0,0.3,0.0,1.0,1.3,0.75,0.6,0.0,0.0,0.0,0.3,0.0,0.3,0.3,0.3,0.0,0.0,0.0,2.0,0.0,0.0,1250.0,0.0,0.0,0.0,0.0,0.0,0.0,0.0,0.0,0.0,0.0,0.0,0.0,0.0,21.0,0.0,79.0,5.0,12.0,0.417,1.0,1.0,1.0,4.0,11.0,0.364,0.458,11.0,19.0,0.579,15.0,11.0,26.0,2.0,6.0,3.0,4.0,9.0,22.0,0.0,18.1,0.54,0.083,1.583,19.7,16.0,18.0,3.4,3.8,3.0,16.4,13.2,0.1,0.1,0.2,0.151,0.5,-0.1,0.4,0.0,0.0,2014
431,Malcolm Thomas,7.9,0.9,2.0,0.438,0.1,0.5,0.25,0.8,1.5,0.5,0.469,0.0,0.3,0.0,0.6,2.0,2.6,0.3,0.0,0.4,1.1,0.6,1.9,0.0,0.0,1250.0,0.0,0.0,0.0,0.0,0.0,0.0,0.0,0.0,0.0,0.0,0.0,0.0,0.0,8.0,0.0,63.0,7.0,16.0,0.438,1.0,4.0,0.25,6.0,12.0,0.5,0.469,0.0,2.0,0.0,5.0,16.0,21.0,2.0,0.0,3.0,9.0,5.0,15.0,0.0,4.6,0.444,0.25,0.125,9.0,28.9,19.0,5.1,0.0,3.5,34.8,18.7,-0.2,0.1,-0.2,-0.132,-7.1,-1.9,-9.1,-0.1,0.0,2014
432,Jamaal Franklin,7.7,0.8,1.9,0.41,0.2,0.5,0.455,0.5,1.3,0.393,0.474,0.1,0.1,1.0,0.2,0.9,1.1,0.3,0.2,0.1,0.5,1.1,1.9,0.0,0.0,1250.0,0.0,0.0,0.0,0.0,0.0,0.0,0.0,0.0,0.0,0.0,0.0,0.0,0.0,21.0,0.0,161.0,16.0,39.0,0.41,5.0,11.0,0.455,11.0,28.0,0.393,0.474,2.0,2.0,1.0,4.0,19.0,23.0,6.0,4.0,2.0,11.0,23.0,39.0,0.0,4.7,0.489,0.282,0.051,2.9,14.0,8.5,5.4,1.3,1.0,21.6,14.6,-0.2,0.2,0.0,-0.002,-6.0,0.1,-5.9,-0.2,0.0,2014
433,Andre Roberson,10.0,0.8,1.7,0.485,0.1,0.3,0.154,0.8,1.4,0.564,0.5,0.2,0.3,0.7,0.9,1.5,2.4,0.4,0.5,0.3,0.5,1.9,1.9,0.0,0.0,1250.0,0.0,0.0,0.0,0.0,0.0,0.0,0.0,0.0,0.0,0.0,0.0,0.0,0.0,40.0,16.0,399.0,33.0,68.0,0.485,2.0,13.0,0.154,31.0,55.0,0.564,0.5,7.0,10.0,0.7,36.0,58.0,94.0,15.0,19.0,10.0,19.0,74.0,75.0,0.0,9.0,0.518,0.191,0.147,10.7,15.6,13.3,5.2,2.4,2.0,20.8,10.1,0.2,0.6,0.8,0.099,-3.8,1.4,-2.4,0.0,0.0,2014
434,Aaron Gray,9.6,0.7,1.6,0.443,0.0,0.0,0.0,0.7,1.6,0.45,0.443,0.3,0.5,0.55,1.1,1.9,3.0,0.6,0.3,0.2,0.8,1.7,1.8,0.0,0.0,1250.0,0.0,0.0,0.0,0.0,0.0,0.0,0.0,0.0,0.0,0.0,0.0,0.0,0.0,37.0,6.0,355.0,27.0,61.0,0.443,0.0,1.0,0.0,27.0,60.0,0.45,0.443,11.0,20.0,0.55,42.0,69.0,111.0,22.0,10.0,8.0,31.0,64.0,65.0,0.0,7.8,0.466,0.016,0.328,13.2,22.3,17.7,9.1,1.4,1.8,30.8,12.5,-0.3,0.4,0.1,0.016,-4.9,0.2,-4.7,-0.2,0.0,2014
435,Garrett Temple,8.5,0.7,1.9,0.362,0.1,0.4,0.207,0.6,1.5,0.402,0.383,0.4,0.6,0.698,0.3,0.6,0.9,1.0,0.5,0.1,0.6,1.0,1.8,0.0,0.0,1250.0,0.0,0.0,0.0,0.0,0.0,0.0,0.0,0.0,0.0,0.0,0.0,0.0,0.0,75.0,0.0,638.0,51.0,141.0,0.362,6.0,29.0,0.207,45.0,112.0,0.402,0.383,30.0,43.0,0.698,21.0,47.0,68.0,72.0,35.0,11.0,42.0,72.0,138.0,0.0,7.8,0.431,0.206,0.305,3.8,8.7,6.2,15.8,2.8,1.4,20.8,14.3,-0.5,0.9,0.3,0.025,-4.8,1.8,-3.0,-0.2,0.0,2014
436,Hilton Armstrong,6.5,0.6,1.3,0.474,0.0,0.0,0.0,0.6,1.3,0.474,0.474,0.5,1.1,0.438,1.3,1.9,3.1,0.3,0.3,0.3,0.4,0.7,1.7,0.0,0.0,1250.0,0.0,0.0,0.0,0.0,0.0,0.0,0.0,0.0,0.0,0.0,0.0,0.0,0.0,15.0,1.0,97.0,9.0,19.0,0.474,0.0,0.0,0.0,9.0,19.0,0.474,0.474,7.0,16.0,0.438,19.0,28.0,47.0,5.0,4.0,4.0,6.0,11.0,25.0,0.0,17.0,0.48,0.0,0.842,21.8,31.0,26.5,7.1,2.1,3.1,18.7,14.5,0.1,0.2,0.3,0.162,-0.7,0.5,-0.1,0.0,0.0,2014
437,Vander Blue,5.0,0.7,1.3,0.5,0.0,0.3,0.0,0.7,1.0,0.667,0.5,0.3,1.7,0.2,0.0,1.0,1.0,0.3,0.0,0.0,0.7,0.3,1.7,0.0,0.0,1250.0,0.0,0.0,0.0,0.0,0.0,0.0,0.0,0.0,0.0,0.0,0.0,0.0,0.0,3.0,0.0,15.0,2.0,4.0,0.5,0.0,1.0,0.0,2.0,3.0,0.667,0.5,1.0,5.0,0.2,0.0,3.0,3.0,1.0,0.0,0.0,2.0,1.0,5.0,0.0,0.5,0.403,0.25,1.25,0.0,23.4,11.4,10.7,0.0,0.0,24.4,24.3,-0.1,0.0,-0.1,-0.214,-10.0,-3.8,-13.8,0.0,0.0,2014
438,Solomon Hill,8.1,0.6,1.4,0.425,0.3,0.8,0.304,0.4,0.6,0.588,0.513,0.2,0.3,0.857,0.3,1.1,1.5,0.4,0.2,0.1,0.5,0.7,1.7,0.0,0.0,1250.0,0.0,0.0,0.0,0.0,0.0,0.0,0.0,0.0,0.0,0.0,0.0,0.0,0.0,28.0,0.0,226.0,17.0,40.0,0.425,7.0,23.0,0.304,10.0,17.0,0.588,0.513,6.0,7.0,0.857,9.0,32.0,41.0,12.0,5.0,2.0,13.0,19.0,47.0,0.0,7.6,0.545,0.575,0.175,4.7,15.2,10.2,7.9,1.1,0.7,23.2,11.3,0.0,0.4,0.4,0.08,-3.3,0.9,-2.4,0.0,0.0,2014
439,Stephen Jackson,11.9,0.7,2.9,0.231,0.1,1.6,0.071,0.6,1.3,0.417,0.25,0.2,0.4,0.5,0.2,0.9,1.1,0.6,0.7,0.1,0.7,1.2,1.7,0.0,0.0,1250.0,0.0,0.0,0.0,0.0,0.0,0.0,0.0,0.0,0.0,0.0,0.0,0.0,0.0,9.0,0.0,107.0,6.0,26.0,0.231,1.0,14.0,0.071,5.0,12.0,0.417,0.25,2.0,4.0,0.5,2.0,8.0,10.0,5.0,6.0,1.0,6.0,11.0,15.0,0.0,0.1,0.27,0.538,0.154,2.2,8.0,5.2,6.2,2.8,0.7,17.8,13.9,-0.3,0.1,-0.2,-0.099,-7.4,0.9,-6.6,-0.1,0.0,2014
440,Sergey Karasev,7.1,0.5,1.6,0.343,0.2,0.9,0.211,0.4,0.7,0.5,0.4,0.4,0.5,0.9,0.0,0.7,0.7,0.3,0.1,0.0,0.5,1.0,1.7,0.0,0.0,1250.0,0.0,0.0,0.0,0.0,0.0,0.0,0.0,0.0,0.0,0.0,0.0,0.0,0.0,22.0,1.0,156.0,12.0,35.0,0.343,4.0,19.0,0.211,8.0,16.0,0.5,0.4,9.0,10.0,0.9,0.0,16.0,16.0,6.0,3.0,1.0,11.0,22.0,37.0,0.0,2.3,0.47,0.543,0.286,0.0,11.8,5.8,5.6,1.0,0.5,21.8,14.4,-0.2,0.1,-0.1,-0.041,-7.5,-0.9,-8.4,-0.3,0.0,2014
441,Ricky Ledo,3.0,0.5,1.5,0.353,0.3,0.7,0.375,0.3,0.8,0.333,0.441,0.4,0.4,1.0,0.0,0.2,0.2,0.2,0.1,0.0,0.2,0.2,1.7,0.0,0.0,1250.0,0.0,0.0,0.0,0.0,0.0,0.0,0.0,0.0,0.0,0.0,0.0,0.0,0.0,11.0,0.0,33.0,6.0,17.0,0.353,3.0,8.0,0.375,3.0,9.0,0.333,0.441,4.0,4.0,1.0,0.0,2.0,2.0,2.0,1.0,0.0,2.0,2.0,19.0,0.0,12.7,0.506,0.471,0.235,0.0,7.0,3.5,9.5,1.6,0.0,9.6,28.6,0.0,0.0,0.0,0.024,-1.4,-2.5,-3.9,0.0,0.0,2014
442,Chris Babb,9.4,0.6,2.1,0.267,0.4,1.9,0.222,0.1,0.2,0.667,0.367,0.0,0.0,0.0,0.3,0.9,1.2,0.2,0.4,0.0,0.2,0.9,1.6,0.0,0.0,1250.0,0.0,0.0,0.0,0.0,0.0,0.0,0.0,0.0,0.0,0.0,0.0,0.0,0.0,14.0,0.0,132.0,8.0,30.0,0.267,6.0,27.0,0.222,2.0,3.0,0.667,0.367,0.0,0.0,0.0,4.0,13.0,17.0,3.0,6.0,0.0,3.0,13.0,22.0,0.0,3.7,0.367,0.9,0.0,3.3,11.5,7.3,3.3,2.3,0.0,9.1,11.1,-0.1,0.1,0.0,-0.008,-6.0,-0.1,-6.1,-0.1,0.0,2014
443,Nazr Mohammed,7.0,0.7,1.6,0.429,0.0,0.0,0.0,0.7,1.6,0.429,0.429,0.2,0.4,0.533,0.8,1.4,2.2,0.3,0.2,0.4,0.5,1.0,1.6,0.0,0.0,1250.0,0.0,0.0,0.0,0.0,0.0,0.0,0.0,0.0,0.0,0.0,0.0,0.0,0.0,80.0,1.0,562.0,54.0,126.0,0.429,0.0,0.0,0.0,54.0,126.0,0.429,0.429,16.0,30.0,0.533,66.0,109.0,175.0,20.0,14.0,30.0,37.0,77.0,124.0,0.0,10.1,0.445,0.0,0.238,13.6,21.7,17.7,5.8,1.3,4.1,21.0,14.5,-0.4,1.2,0.8,0.07,-5.1,1.2,-3.9,-0.3,0.0,2014
444,A.J. Price,3.5,0.7,1.6,0.413,0.2,0.8,0.273,0.5,0.9,0.542,0.478,0.0,0.1,0.0,0.0,0.3,0.4,0.5,0.0,0.0,0.3,0.2,1.6,0.0,0.0,1250.0,0.0,0.0,0.0,0.0,0.0,0.0,0.0,0.0,0.0,0.0,0.0,0.0,0.0,28.0,0.0,99.0,19.0,46.0,0.413,6.0,22.0,0.273,13.0,24.0,0.542,0.478,0.0,2.0,0.0,1.0,9.0,10.0,13.0,1.0,0.0,7.0,5.0,44.0,0.0,9.7,0.469,0.478,0.043,1.1,10.2,5.5,21.5,0.5,0.0,13.0,23.2,-0.1,0.0,0.0,-0.012,-2.4,-2.4,-4.8,-0.1,0.0,2014
445,Seth Curry,6.5,0.5,1.5,0.333,0.5,0.5,1.0,0.0,1.0,0.0,0.5,0.0,0.0,0.0,0.0,0.5,0.5,0.0,1.0,0.0,0.0,0.0,1.5,0.0,0.0,1250.0,0.0,0.0,0.0,0.0,0.0,0.0,0.0,0.0,0.0,0.0,0.0,0.0,0.0,2.0,0.0,13.0,1.0,3.0,0.333,1.0,1.0,1.0,0.0,2.0,0.0,0.5,0.0,0.0,0.0,0.0,1.0,1.0,0.0,2.0,0.0,0.0,0.0,3.0,0.0,13.8,0.5,0.333,0.0,0.0,8.8,4.3,0.0,7.9,0.0,0.0,10.3,0.0,0.0,0.0,0.131,-2.5,7.1,4.7,0.0,0.0,2014
446,Othyus Jeffers,7.8,0.5,1.0,0.5,0.0,0.3,0.0,0.5,0.7,0.75,0.5,0.5,0.7,0.75,0.2,1.3,1.5,0.2,0.0,0.0,0.2,0.5,1.5,0.0,0.0,1250.0,0.0,0.0,0.0,0.0,0.0,0.0,0.0,0.0,0.0,0.0,0.0,0.0,0.0,6.0,1.0,47.0,3.0,6.0,0.5,0.0,2.0,0.0,3.0,4.0,0.75,0.5,3.0,4.0,0.75,1.0,8.0,9.0,1.0,0.0,0.0,1.0,3.0,9.0,0.0,6.9,0.58,0.333,0.667,2.5,18.7,10.7,2.8,0.0,0.0,11.4,8.3,0.0,0.0,0.1,0.082,-2.9,-0.3,-3.2,0.0,0.0,2014
447,Shavlik Randolph,6.8,0.5,1.0,0.5,0.0,0.0,0.0,0.5,1.0,0.5,0.5,0.4,0.8,0.545,0.5,1.3,1.8,0.1,0.2,0.1,0.4,1.1,1.4,0.0,0.0,1250.0,0.0,0.0,0.0,0.0,0.0,0.0,0.0,0.0,0.0,0.0,0.0,0.0,0.0,14.0,0.0,95.0,7.0,14.0,0.5,0.0,0.0,0.0,7.0,14.0,0.5,0.5,6.0,11.0,0.545,7.0,18.0,25.0,1.0,3.0,1.0,5.0,15.0,20.0,0.0,7.7,0.531,0.0,0.786,8.3,21.2,14.8,1.4,1.6,0.8,21.0,11.0,0.0,0.1,0.1,0.06,-4.8,-0.2,-4.9,-0.1,0.0,2014
448,Solomon Jones,7.7,0.5,1.5,0.353,0.0,0.0,0.0,0.5,1.5,0.353,0.353,0.2,0.4,0.5,0.7,0.7,1.5,0.2,0.2,0.2,0.2,1.1,1.3,0.0,0.0,1250.0,0.0,0.0,0.0,0.0,0.0,0.0,0.0,0.0,0.0,0.0,0.0,0.0,0.0,11.0,0.0,85.0,6.0,17.0,0.353,0.0,0.0,0.0,6.0,17.0,0.353,0.353,2.0,4.0,0.5,8.0,8.0,16.0,2.0,2.0,2.0,2.0,12.0,14.0,0.0,5.8,0.373,0.0,0.235,10.6,10.7,10.7,3.4,1.2,1.8,9.6,11.1,0.0,0.1,0.0,0.013,-5.1,-1.5,-6.6,-0.1,0.0,2014
449,Ryan Gomes,6.8,0.6,1.6,0.375,0.0,0.4,0.0,0.6,1.2,0.5,0.375,0.0,0.0,0.0,0.0,0.8,0.8,0.2,0.0,0.0,0.2,1.0,1.2,0.0,0.0,1250.0,0.0,0.0,0.0,0.0,0.0,0.0,0.0,0.0,0.0,0.0,0.0,0.0,0.0,5.0,0.0,34.0,3.0,8.0,0.375,0.0,2.0,0.0,3.0,6.0,0.5,0.375,0.0,0.0,0.0,0.0,4.0,4.0,1.0,0.0,0.0,1.0,5.0,6.0,0.0,0.2,0.375,0.25,0.0,0.0,12.7,6.6,4.1,0.0,0.0,11.1,11.7,-0.1,0.0,0.0,-0.039,-7.5,-1.3,-8.8,-0.1,0.0,2014
450,Damion James,10.0,0.4,1.8,0.222,0.0,0.4,0.0,0.4,1.4,0.286,0.222,0.4,0.4,1.0,0.2,2.2,2.4,0.6,0.0,0.2,0.2,0.6,1.2,0.0,0.0,1250.0,0.0,0.0,0.0,0.0,0.0,0.0,0.0,0.0,0.0,0.0,0.0,0.0,0.0,5.0,1.0,50.0,2.0,9.0,0.222,0.0,2.0,0.0,2.0,7.0,0.286,0.222,2.0,2.0,1.0,1.0,11.0,12.0,3.0,0.0,1.0,1.0,3.0,6.0,0.0,4.1,0.304,0.222,0.222,2.4,23.8,13.5,7.5,0.0,1.4,9.2,9.8,-0.1,0.1,0.0,0.01,-4.9,0.2,-4.7,0.0,0.0,2014
451,Hasheem Thabeet,8.3,0.6,1.0,0.565,0.0,0.0,0.0,0.6,1.0,0.565,0.565,0.0,0.2,0.2,0.4,1.3,1.7,0.0,0.2,0.4,0.6,2.0,1.2,0.0,0.0,1250.0,0.0,0.0,0.0,0.0,0.0,0.0,0.0,0.0,0.0,0.0,0.0,0.0,0.0,23.0,0.0,192.0,13.0,23.0,0.565,0.0,0.0,0.0,13.0,23.0,0.565,0.565,1.0,5.0,0.2,9.0,31.0,40.0,1.0,4.0,9.0,14.0,47.0,27.0,0.0,2.6,0.536,0.0,0.217,5.6,17.4,11.7,0.7,1.0,3.8,35.7,9.0,-0.2,0.3,0.0,0.012,-8.1,0.7,-7.3,-0.3,0.0,2014
452,Lance Thomas,8.4,0.4,1.8,0.222,0.0,0.0,0.0,0.4,1.8,0.222,0.222,0.4,0.8,0.5,0.4,1.0,1.4,0.6,0.0,0.0,0.4,0.8,1.2,0.0,0.0,1250.0,0.0,0.0,0.0,0.0,0.0,0.0,0.0,0.0,0.0,0.0,0.0,0.0,0.0,5.0,0.0,42.0,2.0,9.0,0.222,0.0,0.0,0.0,2.0,9.0,0.222,0.222,2.0,4.0,0.5,2.0,5.0,7.0,3.0,0.0,0.0,2.0,4.0,6.0,0.0,0.5,0.279,0.0,0.444,5.4,14.0,9.7,9.7,0.0,0.0,15.7,13.8,-0.1,0.0,-0.1,-0.117,-6.5,-3.0,-9.6,-0.1,0.0,2014
453,Tornike Shengelia,5.9,0.5,1.1,0.464,0.0,0.2,0.0,0.5,0.8,0.591,0.464,0.1,0.3,0.375,0.2,0.5,0.6,0.5,0.1,0.0,0.5,0.7,1.1,0.0,0.0,1250.0,0.0,0.0,0.0,0.0,0.0,0.0,0.0,0.0,0.0,0.0,0.0,0.0,0.0,26.0,0.0,154.0,13.0,28.0,0.464,0.0,6.0,0.0,13.0,22.0,0.591,0.464,3.0,8.0,0.375,4.0,12.0,16.0,14.0,3.0,1.0,12.0,18.0,29.0,0.0,3.9,0.46,0.214,0.286,3.1,9.2,6.2,14.0,1.0,0.5,27.6,13.2,-0.2,0.1,-0.1,-0.04,-6.2,-1.1,-7.3,-0.2,0.0,2014
454,Jason Collins,7.8,0.5,1.1,0.458,0.0,0.1,0.0,0.5,1.0,0.524,0.458,0.1,0.2,0.75,0.3,0.5,0.9,0.2,0.4,0.0,0.3,1.4,1.1,0.0,0.0,1250.0,0.0,0.0,0.0,0.0,0.0,0.0,0.0,0.0,0.0,0.0,0.0,0.0,0.0,22.0,1.0,172.0,11.0,24.0,0.458,0.0,3.0,0.0,11.0,21.0,0.524,0.458,3.0,4.0,0.75,7.0,12.0,19.0,4.0,8.0,1.0,7.0,30.0,25.0,0.0,4.1,0.485,0.125,0.167,4.9,8.3,6.6,3.5,2.4,0.5,21.4,8.9,-0.1,0.1,0.1,0.017,-6.4,-0.3,-6.7,-0.2,0.0,2014
455,Nemanja Nedović,5.9,0.3,1.6,0.205,0.1,0.8,0.167,0.2,0.9,0.238,0.244,0.3,0.3,0.875,0.1,0.5,0.6,0.5,0.0,0.0,0.5,0.5,1.1,0.0,0.0,1250.0,0.0,0.0,0.0,0.0,0.0,0.0,0.0,0.0,0.0,0.0,0.0,0.0,0.0,24.0,0.0,142.0,8.0,39.0,0.205,3.0,18.0,0.167,5.0,21.0,0.238,0.244,7.0,8.0,0.875,3.0,12.0,15.0,13.0,0.0,1.0,13.0,13.0,26.0,0.0,-1.7,0.306,0.462,0.205,2.3,9.1,5.8,12.1,0.0,0.5,23.4,17.2,-0.5,0.1,-0.4,-0.132,-8.2,-1.9,-10.0,-0.3,0.0,2014
456,Jamaal Tinsley,13.8,0.5,2.5,0.2,0.1,1.9,0.067,0.4,0.6,0.6,0.225,0.0,0.0,0.0,0.3,1.1,1.4,2.9,0.3,0.0,1.1,1.3,1.1,0.0,0.0,1250.0,0.0,0.0,0.0,0.0,0.0,0.0,0.0,0.0,0.0,0.0,0.0,0.0,0.0,8.0,5.0,110.0,4.0,20.0,0.2,1.0,15.0,0.067,3.0,5.0,0.6,0.225,0.0,0.0,0.0,2.0,9.0,11.0,23.0,2.0,0.0,9.0,10.0,9.0,0.0,1.9,0.225,0.75,0.0,2.0,9.7,5.8,29.5,1.0,0.0,31.0,12.1,-0.3,0.0,-0.3,-0.122,-6.1,-1.5,-7.6,-0.2,0.0,2014
457,Shane Edwards,6.0,0.5,1.5,0.333,0.0,0.0,0.0,0.5,1.5,0.333,0.333,0.0,0.0,0.0,0.5,0.5,1.0,0.0,0.0,0.0,0.5,0.5,1.0,0.0,0.0,1250.0,0.0,0.0,0.0,0.0,0.0,0.0,0.0,0.0,0.0,0.0,0.0,0.0,0.0,2.0,0.0,12.0,1.0,3.0,0.333,0.0,0.0,0.0,1.0,3.0,0.333,0.333,0.0,0.0,0.0,1.0,1.0,2.0,0.0,0.0,0.0,1.0,1.0,2.0,0.0,-1.0,0.333,0.0,0.0,9.1,9.6,9.3,0.0,0.0,0.0,25.0,14.9,0.0,0.0,0.0,-0.141,-8.7,-4.6,-13.3,0.0,0.0,2014
458,Mike James,7.0,0.5,1.9,0.238,0.1,0.5,0.2,0.4,1.5,0.25,0.262,0.0,0.2,0.0,0.0,0.6,0.6,1.5,0.2,0.0,0.5,1.0,1.0,0.0,0.0,1250.0,0.0,0.0,0.0,0.0,0.0,0.0,0.0,0.0,0.0,0.0,0.0,0.0,0.0,11.0,0.0,77.0,5.0,21.0,0.238,1.0,5.0,0.2,4.0,16.0,0.25,0.262,0.0,2.0,0.0,0.0,7.0,7.0,17.0,2.0,0.0,5.0,11.0,11.0,0.0,1.5,0.251,0.238,0.095,0.0,10.2,5.2,34.1,1.4,0.0,18.6,16.1,-0.2,0.1,-0.1,-0.073,-8.9,-1.3,-10.2,-0.1,0.0,2014
459,Viacheslav Kravtsov,3.0,0.4,0.8,0.533,0.0,0.0,0.0,0.4,0.8,0.533,0.533,0.2,0.4,0.5,0.5,0.4,0.9,0.1,0.0,0.1,0.3,0.4,1.0,0.0,0.0,1250.0,0.0,0.0,0.0,0.0,0.0,0.0,0.0,0.0,0.0,0.0,0.0,0.0,0.0,20.0,0.0,59.0,8.0,15.0,0.533,0.0,0.0,0.0,8.0,15.0,0.533,0.533,4.0,8.0,0.5,9.0,8.0,17.0,1.0,0.0,1.0,6.0,7.0,20.0,0.0,10.5,0.54,0.0,0.533,17.2,15.2,16.2,2.5,0.0,1.3,24.5,18.3,0.0,0.0,0.0,0.027,-3.8,-3.0,-6.9,-0.1,0.0,2014
460,Maalik Wayns,4.5,0.5,1.0,0.5,0.0,0.0,0.0,0.5,1.0,0.5,0.5,0.0,0.0,0.0,0.0,1.0,1.0,1.0,1.0,0.0,0.0,2.0,1.0,0.0,0.0,1250.0,0.0,0.0,0.0,0.0,0.0,0.0,0.0,0.0,0.0,0.0,0.0,0.0,0.0,2.0,0.0,9.0,1.0,2.0,0.5,0.0,0.0,0.0,1.0,2.0,0.5,0.5,0.0,0.0,0.0,0.0,2.0,2.0,2.0,2.0,0.0,0.0,4.0,2.0,0.0,19.3,0.5,0.0,0.0,0.0,23.9,12.3,31.7,11.1,0.0,0.0,9.8,0.0,0.0,0.1,0.313,-8.7,13.4,4.8,0.0,0.0,2014
461,Bernard James,4.9,0.4,0.8,0.478,0.0,0.0,0.0,0.4,0.7,0.5,0.478,0.2,0.4,0.545,0.5,0.9,1.4,0.1,0.1,0.3,0.3,0.8,0.9,0.0,0.0,1250.0,0.0,0.0,0.0,0.0,0.0,0.0,0.0,0.0,0.0,0.0,0.0,0.0,0.0,30.0,0.0,146.0,11.0,23.0,0.478,0.0,1.0,0.0,11.0,22.0,0.5,0.478,6.0,11.0,0.545,15.0,27.0,42.0,3.0,3.0,8.0,10.0,24.0,28.0,0.0,8.5,0.503,0.043,0.478,12.0,21.2,16.6,2.8,1.1,4.5,26.4,11.8,0.0,0.2,0.1,0.04,-5.0,0.1,-4.9,-0.1,0.0,2014
462,Julyan Stone,5.7,0.3,0.8,0.412,0.1,0.4,0.25,0.2,0.4,0.556,0.471,0.1,0.1,0.667,0.1,0.9,1.0,0.6,0.1,0.0,0.2,0.6,0.9,0.0,0.0,1250.0,0.0,0.0,0.0,0.0,0.0,0.0,0.0,0.0,0.0,0.0,0.0,0.0,0.0,21.0,0.0,120.0,7.0,17.0,0.412,2.0,8.0,0.25,5.0,9.0,0.556,0.471,2.0,3.0,0.667,2.0,18.0,20.0,12.0,3.0,0.0,5.0,13.0,18.0,0.0,6.6,0.491,0.471,0.176,1.9,17.6,9.7,14.5,1.3,0.0,21.4,8.8,0.0,0.1,0.2,0.061,-3.9,1.0,-2.9,0.0,0.0,2014
463,Joel Anthony,5.6,0.4,1.0,0.375,0.0,0.0,0.0,0.4,1.0,0.375,0.375,0.1,0.2,0.5,0.5,0.7,1.2,0.1,0.1,0.4,0.1,0.5,0.8,0.0,0.0,1250.0,0.0,0.0,0.0,0.0,0.0,0.0,0.0,0.0,0.0,0.0,0.0,0.0,0.0,33.0,0.0,186.0,12.0,32.0,0.375,0.0,0.0,0.0,12.0,32.0,0.375,0.375,4.0,8.0,0.5,15.0,23.0,38.0,2.0,3.0,12.0,3.0,17.0,28.0,0.0,8.1,0.394,0.0,0.25,9.1,14.6,11.8,1.6,0.8,5.2,7.8,9.3,0.0,0.2,0.2,0.044,-4.2,-0.8,-5.0,-0.1,0.0,2014
464,Ognjen Kuzmić,4.4,0.2,0.6,0.385,0.0,0.0,0.0,0.2,0.6,0.385,0.385,0.2,0.5,0.455,0.5,0.5,1.0,0.1,0.1,0.2,0.5,0.8,0.7,0.0,0.0,1250.0,0.0,0.0,0.0,0.0,0.0,0.0,0.0,0.0,0.0,0.0,0.0,0.0,0.0,21.0,0.0,92.0,5.0,13.0,0.385,0.0,0.0,0.0,5.0,13.0,0.385,0.385,5.0,11.0,0.455,10.0,11.0,21.0,2.0,3.0,4.0,10.0,17.0,15.0,0.0,3.4,0.42,0.0,0.846,12.1,12.8,12.5,2.9,1.6,3.3,35.9,13.3,-0.2,0.1,0.0,-0.025,-8.7,-0.2,-8.9,-0.2,0.0,2014
465,Arinze Onuaku,6.0,0.2,1.0,0.2,0.0,0.0,0.0,0.2,1.0,0.2,0.2,0.2,0.4,0.5,0.4,1.2,1.6,0.6,0.0,0.0,0.2,0.6,0.6,0.0,0.0,1250.0,0.0,0.0,0.0,0.0,0.0,0.0,0.0,0.0,0.0,0.0,0.0,0.0,0.0,5.0,0.0,30.0,1.0,5.0,0.2,0.0,0.0,0.0,1.0,5.0,0.2,0.2,1.0,2.0,0.5,2.0,6.0,8.0,3.0,0.0,0.0,1.0,3.0,3.0,0.0,3.8,0.255,0.0,0.4,7.6,23.5,15.4,13.5,0.0,0.0,14.5,10.4,0.0,0.0,0.0,-0.044,-4.0,-1.2,-5.2,0.0,0.0,2014
466,Andris Biedriņš,7.5,0.2,0.2,1.0,0.0,0.0,0.0,0.2,0.2,1.0,1.0,0.2,1.0,0.167,0.3,2.5,2.8,0.0,0.0,0.0,0.3,1.0,0.5,0.0,0.0,1250.0,0.0,0.0,0.0,0.0,0.0,0.0,0.0,0.0,0.0,0.0,0.0,0.0,0.0,6.0,0.0,45.0,1.0,1.0,1.0,0.0,0.0,0.0,1.0,1.0,1.0,1.0,1.0,6.0,0.167,2.0,15.0,17.0,0.0,0.0,0.0,2.0,6.0,3.0,0.0,2.4,0.412,0.0,6.0,5.0,39.7,21.8,0.0,0.0,0.0,35.5,5.7,-0.1,0.0,0.0,-0.033,-6.2,-2.0,-8.2,-0.1,0.0,2014
467,Scotty Hopson,3.5,0.0,2.0,0.0,0.0,1.0,0.0,0.0,1.0,0.0,0.0,0.5,1.0,0.5,0.0,0.0,0.0,0.5,0.5,0.0,0.0,0.0,0.5,0.0,0.0,1250.0,0.0,0.0,0.0,0.0,0.0,0.0,0.0,0.0,0.0,0.0,0.0,0.0,0.0,2.0,0.0,7.0,0.0,4.0,0.0,0.0,2.0,0.0,0.0,2.0,0.0,0.0,1.0,2.0,0.5,0.0,0.0,0.0,1.0,1.0,0.0,0.0,0.0,1.0,0.0,-6.5,0.102,0.5,0.5,0.0,0.0,0.0,18.8,7.4,0.0,0.0,31.1,-0.1,0.0,-0.1,-0.412,-17.4,-3.3,-20.7,0.0,0.0,2014
468,Earl Watson,6.7,0.1,0.5,0.273,0.1,0.3,0.286,0.0,0.2,0.25,0.364,0.2,0.2,1.0,0.2,0.4,0.6,1.2,0.2,0.0,0.7,1.4,0.5,0.0,0.0,1250.0,0.0,0.0,0.0,0.0,0.0,0.0,0.0,0.0,0.0,0.0,0.0,0.0,0.0,24.0,0.0,161.0,3.0,11.0,0.273,2.0,7.0,0.286,1.0,4.0,0.25,0.364,4.0,4.0,1.0,5.0,10.0,15.0,28.0,5.0,1.0,17.0,33.0,12.0,0.0,2.1,0.47,0.636,0.364,3.4,6.6,5.0,22.0,1.6,0.4,57.1,8.1,-0.2,0.1,-0.1,-0.018,-7.2,0.5,-6.7,-0.2,0.0,2014
469,Hamady N'Diaye,5.3,0.2,0.6,0.333,0.0,0.0,0.0,0.2,0.6,0.333,0.333,0.0,0.1,0.0,0.4,0.9,1.3,0.2,0.0,0.3,0.2,1.1,0.4,0.0,0.0,1250.0,0.0,0.0,0.0,0.0,0.0,0.0,0.0,0.0,0.0,0.0,0.0,0.0,0.0,14.0,0.0,74.0,3.0,9.0,0.333,0.0,0.0,0.0,3.0,9.0,0.333,0.333,0.0,1.0,0.0,5.0,13.0,18.0,3.0,0.0,4.0,3.0,15.0,6.0,0.0,2.9,0.318,0.0,0.111,7.5,20.1,13.7,5.6,0.0,4.4,24.1,7.4,-0.1,0.1,0.0,-0.008,-8.1,0.3,-7.8,-0.1,0.0,2014
470,Ronnie Brewer,6.7,0.1,0.6,0.2,0.0,0.3,0.125,0.1,0.3,0.286,0.233,0.0,0.1,0.0,0.1,0.5,0.6,0.4,0.3,0.0,0.1,0.2,0.3,0.0,0.0,1250.0,0.0,0.0,0.0,0.0,0.0,0.0,0.0,0.0,0.0,0.0,0.0,0.0,0.0,24.0,3.0,160.0,3.0,15.0,0.2,1.0,8.0,0.125,2.0,7.0,0.286,0.233,0.0,2.0,0.0,2.0,12.0,14.0,10.0,6.0,1.0,2.0,4.0,7.0,0.0,3.4,0.22,0.533,0.133,1.5,7.9,4.9,8.1,1.9,0.5,11.2,4.9,-0.1,0.1,0.0,0.004,-3.8,1.4,-2.4,0.0,0.0,2014
471,Erik Murphy,2.6,0.1,0.5,0.231,0.0,0.1,0.0,0.1,0.4,0.3,0.231,0.0,0.0,0.0,0.1,0.3,0.3,0.1,0.0,0.2,0.1,0.3,0.3,0.0,0.0,1250.0,0.0,0.0,0.0,0.0,0.0,0.0,0.0,0.0,0.0,0.0,0.0,0.0,0.0,24.0,0.0,62.0,3.0,13.0,0.231,0.0,3.0,0.0,3.0,10.0,0.3,0.231,0.0,0.0,0.0,2.0,6.0,8.0,2.0,0.0,4.0,2.0,7.0,6.0,0.0,0.2,0.231,0.231,0.0,3.7,10.8,7.3,4.9,0.0,5.0,13.3,11.2,-0.2,0.1,-0.1,-0.055,-9.0,0.3,-8.6,-0.1,0.0,2014
472,Mustafa Shakur,3.7,0.0,1.0,0.0,0.0,0.3,0.0,0.0,0.7,0.0,0.0,0.3,0.7,0.5,0.0,0.0,0.0,1.3,0.0,0.0,0.7,0.7,0.3,0.0,0.0,1250.0,0.0,0.0,0.0,0.0,0.0,0.0,0.0,0.0,0.0,0.0,0.0,0.0,0.0,3.0,0.0,11.0,0.0,3.0,0.0,0.0,1.0,0.0,0.0,2.0,0.0,0.0,1.0,2.0,0.5,0.0,0.0,0.0,4.0,0.0,0.0,2.0,2.0,1.0,0.0,-8.8,0.129,0.333,0.667,0.0,0.0,0.0,45.1,0.0,0.0,34.0,23.7,-0.1,0.0,-0.1,-0.347,-12.0,-6.6,-18.6,0.0,0.0,2014
473,Josh Childress,6.0,0.0,0.0,0.0,0.0,0.0,0.0,0.0,0.0,0.0,0.0,0.0,0.0,0.0,0.0,0.8,0.8,0.5,0.3,0.0,0.3,0.3,0.0,0.0,0.0,1250.0,0.0,0.0,0.0,0.0,0.0,0.0,0.0,0.0,0.0,0.0,0.0,0.0,0.0,4.0,0.0,24.0,0.0,0.0,0.0,0.0,0.0,0.0,0.0,0.0,0.0,0.0,0.0,0.0,0.0,0.0,3.0,3.0,2.0,1.0,0.0,1.0,1.0,0.0,0.0,3.9,0.0,0.0,0.0,0.0,14.7,7.3,10.7,2.2,0.0,100.0,1.9,0.0,0.0,0.0,-0.003,-4.1,0.9,-3.3,0.0,0.0,2014
474,Elias Harris,5.5,0.0,0.5,0.0,0.0,0.0,0.0,0.0,0.5,0.0,0.0,0.0,0.0,0.0,0.5,0.0,0.5,0.5,0.5,0.0,0.0,0.0,0.0,0.0,0.0,1250.0,0.0,0.0,0.0,0.0,0.0,0.0,0.0,0.0,0.0,0.0,0.0,0.0,0.0,2.0,0.0,11.0,0.0,1.0,0.0,0.0,0.0,0.0,0.0,1.0,0.0,0.0,0.0,0.0,0.0,1.0,0.0,1.0,1.0,1.0,0.0,0.0,0.0,0.0,0.0,7.6,0.0,0.0,0.0,9.7,0.0,4.9,11.4,4.4,0.0,0.0,4.0,0.0,0.0,0.0,0.018,-0.6,0.9,0.3,0.0,0.0,2014
475,Royal Ivey,2.5,0.0,1.0,0.0,0.0,0.5,0.0,0.0,0.5,0.0,0.0,0.0,0.0,0.0,0.0,0.5,0.5,0.0,0.0,0.0,0.0,0.5,0.0,0.0,0.0,1250.0,0.0,0.0,0.0,0.0,0.0,0.0,0.0,0.0,0.0,0.0,0.0,0.0,0.0,2.0,0.0,5.0,0.0,2.0,0.0,0.0,1.0,0.0,0.0,1.0,0.0,0.0,0.0,0.0,0.0,0.0,1.0,1.0,0.0,0.0,0.0,0.0,1.0,0.0,0.0,-16.5,0.0,0.5,0.0,0.0,21.5,11.3,0.0,0.0,0.0,0.0,17.7,0.0,0.0,0.0,-0.362,-21.7,-6.1,-27.7,0.0,0.0,2014
476,Darius Johnson-Odom,5.0,0.0,2.3,0.0,0.0,1.0,0.0,0.0,1.3,0.0,0.0,0.0,0.7,0.0,0.0,0.7,0.7,0.3,0.3,0.0,0.7,1.0,0.0,0.0,0.0,1250.0,0.0,0.0,0.0,0.0,0.0,0.0,0.0,0.0,0.0,0.0,0.0,0.0,0.0,3.0,0.0,15.0,0.0,7.0,0.0,0.0,3.0,0.0,0.0,4.0,0.0,0.0,0.0,2.0,0.0,0.0,2.0,2.0,1.0,1.0,0.0,2.0,3.0,0.0,0.0,-23.0,0.0,0.429,0.286,0.0,15.0,7.2,8.5,3.2,0.0,20.2,27.9,-0.2,0.0,-0.2,-0.661,-23.0,-4.4,-27.3,-0.1,0.0,2014
477,Dexter Pittman,1.5,0.0,0.5,0.0,0.0,0.0,0.0,0.0,0.5,0.0,0.0,0.0,1.0,0.0,1.5,0.0,1.5,0.0,0.0,0.0,0.0,0.0,0.0,0.0,0.0,1250.0,0.0,0.0,0.0,0.0,0.0,0.0,0.0,0.0,0.0,0.0,0.0,0.0,0.0,2.0,0.0,3.0,0.0,1.0,0.0,0.0,0.0,0.0,0.0,1.0,0.0,0.0,0.0,2.0,0.0,3.0,0.0,3.0,0.0,0.0,0.0,0.0,0.0,0.0,0.0,13.1,0.0,0.0,2.0,100.0,0.0,57.9,0.0,0.0,0.0,0.0,28.5,0.0,0.0,0.0,-0.18,1.8,-26.1,-24.3,0.0,0.0,2014
478,Chris Smith,1.0,0.0,0.0,0.0,0.0,0.0,0.0,0.0,0.0,0.0,0.0,0.0,0.0,0.0,0.0,0.0,0.0,0.0,0.0,0.0,0.0,0.0,0.0,0.0,0.0,1250.0,0.0,0.0,0.0,0.0,0.0,0.0,0.0,0.0,0.0,0.0,0.0,0.0,0.0,2.0,0.0,2.0,0.0,0.0,0.0,0.0,0.0,0.0,0.0,0.0,0.0,0.0,0.0,0.0,0.0,0.0,0.0,0.0,0.0,0.0,0.0,0.0,0.0,0.0,0.0,0.0,0.0,0.0,0.0,0.0,0.0,0.0,0.0,0.0,0.0,0.0,0.0,0.0,0.0,0.0,-0.02,-6.1,-3.6,-9.7,0.0,0.0,2014
479,D.J. White,5.0,0.0,0.5,0.0,0.0,0.0,0.0,0.0,0.5,0.0,0.0,0.0,0.0,0.0,0.0,1.0,1.0,0.0,0.5,0.0,0.0,0.5,0.0,0.0,0.0,1250.0,0.0,0.0,0.0,0.0,0.0,0.0,0.0,0.0,0.0,0.0,0.0,0.0,0.0,2.0,0.0,10.0,0.0,1.0,0.0,0.0,0.0,0.0,0.0,1.0,0.0,0.0,0.0,0.0,0.0,0.0,2.0,2.0,0.0,1.0,0.0,0.0,1.0,0.0,0.0,2.4,0.0,0.0,0.0,0.0,22.7,11.3,0.0,5.2,0.0,0.0,4.6,0.0,0.0,0.0,0.004,-8.2,2.6,-5.6,0.0,0.0,2014
480,Royce White,3.0,0.0,0.3,0.0,0.0,0.0,0.0,0.0,0.3,0.0,0.0,0.0,0.0,0.0,0.0,0.0,0.0,0.0,0.0,0.0,0.0,0.7,0.0,0.0,0.0,1250.0,0.0,0.0,0.0,0.0,0.0,0.0,0.0,0.0,0.0,0.0,0.0,0.0,0.0,3.0,0.0,9.0,0.0,1.0,0.0,0.0,0.0,0.0,0.0,1.0,0.0,0.0,0.0,0.0,0.0,0.0,0.0,0.0,0.0,0.0,0.0,0.0,2.0,0.0,0.0,-8.3,0.0,0.0,0.0,0.0,0.0,0.0,0.0,0.0,0.0,0.0,4.9,0.0,0.0,0.0,-0.121,-12.5,-4.5,-16.9,0.0,0.0,2014
