,Player,MPPG,FGPG,FGAPG,FG%PG,3PPG,3PAPG,3P%PG,2PPG,2PAPG,2P%PG,eFG%PG,FTPG,FTAPG,FT%PG,ORBPG,DRBPG,TRBPG,ASTPG,STLPG,BLKPG,TOVPG,PFPG,PTSPG,First,Pts Won,Pts Max,Share,G_x,MP_x,PTS_x,TRB_x,AST_x,STL_x,BLK_x,FG%_x,3P%_x,FT%_x,WS_x,WS/48_x,G_y,GS,MP_y,FG,FGA,FG%_y,3P,3PA,3P%_y,2P,2PA,2P%,eFG%,FT,FTA,FT%_y,ORB,DRB,TRB_y,AST_y,STL_y,BLK_y,TOV,PF,PTS_y,Trp-Dbl,PER,TS%,3PAr,FTr,ORB%,DRB%,TRB%,AST%,STL%,BLK%,TOV%,USG%,OWS,DWS,WS_y,WS/48_y,OBPM,DBPM,BPM,VORP,First Pts Share,Year
0,Russell Westbrook,34.6,10.2,24.0,0.425,2.5,7.2,0.343,7.7,16.8,0.459,0.476,8.8,10.4,0.845,1.7,9.0,10.7,10.4,1.6,0.4,5.4,2.3,31.6,69.0,888.0,1010.0,0.879,81.0,34.6,31.6,10.7,10.4,1.6,0.4,0.425,0.343,0.845,13.1,0.224,81.0,81.0,2802.0,824.0,1941.0,0.425,200.0,583.0,0.343,624.0,1358.0,0.459,0.476,710.0,840.0,0.845,137.0,727.0,864.0,840.0,132.0,31.0,438.0,190.0,2558.0,42.0,30.6,0.554,0.3,0.433,5.4,28.8,17.1,57.3,2.3,0.9,15.9,41.7,8.5,4.6,13.1,0.224,8.7,2.4,11.1,9.3,0.06831683168316832,2017
1,James Harden,36.4,8.3,18.9,0.44,3.2,9.3,0.347,5.1,9.6,0.53,0.525,9.2,10.9,0.847,1.2,7.0,8.1,11.2,1.5,0.5,5.7,2.7,29.1,22.0,753.0,1010.0,0.746,81.0,36.4,29.1,8.1,11.2,1.5,0.5,0.44,0.347,0.847,15.0,0.245,81.0,81.0,2947.0,674.0,1533.0,0.44,262.0,756.0,0.347,412.0,777.0,0.53,0.525,746.0,881.0,0.847,95.0,564.0,659.0,907.0,121.0,38.0,464.0,215.0,2356.0,22.0,27.4,0.613,0.493,0.575,3.5,20.9,12.2,50.7,2.0,1.0,19.5,34.2,11.5,3.6,15.0,0.245,7.5,1.2,8.7,8.0,0.02178217821782178,2017
2,Isaiah Thomas,33.8,9.0,19.4,0.463,3.2,8.5,0.379,5.8,10.9,0.528,0.546,7.8,8.5,0.909,0.6,2.1,2.7,5.9,0.9,0.2,2.8,2.2,28.9,0.0,81.0,1010.0,0.08,76.0,33.8,28.9,2.7,5.9,0.9,0.2,0.463,0.379,0.909,12.5,0.234,76.0,76.0,2569.0,682.0,1473.0,0.463,245.0,646.0,0.379,437.0,827.0,0.528,0.546,590.0,649.0,0.909,43.0,162.0,205.0,448.0,70.0,13.0,210.0,167.0,2199.0,0.0,26.5,0.625,0.439,0.441,1.9,7.0,4.4,32.5,1.4,0.4,10.7,34.0,10.9,1.6,12.5,0.234,7.8,-1.1,6.7,5.6,0.0,2017
3,Anthony Davis,36.1,10.3,20.3,0.505,0.5,1.8,0.299,9.7,18.6,0.524,0.518,6.9,8.6,0.802,2.3,9.5,11.8,2.1,1.3,2.2,2.4,2.2,28.0,0.0,2.0,1010.0,0.002,75.0,36.1,28.0,11.8,2.1,1.3,2.2,0.505,0.299,0.802,11.0,0.195,75.0,75.0,2708.0,770.0,1526.0,0.505,40.0,134.0,0.299,730.0,1392.0,0.524,0.518,519.0,647.0,0.802,172.0,712.0,884.0,157.0,94.0,167.0,181.0,168.0,2099.0,0.0,27.5,0.58,0.088,0.424,6.7,27.9,17.2,11.1,1.7,5.1,9.1,32.6,5.9,5.1,11.0,0.195,4.4,1.4,5.9,5.4,0.0,2017
4,DeMar DeRozan,35.4,9.7,20.9,0.467,0.4,1.7,0.266,9.3,19.2,0.484,0.477,7.4,8.7,0.842,0.9,4.3,5.2,3.9,1.1,0.2,2.4,1.8,27.3,0.0,1.0,1010.0,0.001,74.0,35.4,27.3,5.2,3.9,1.1,0.2,0.467,0.266,0.842,9.0,0.166,74.0,74.0,2620.0,721.0,1545.0,0.467,33.0,124.0,0.266,688.0,1421.0,0.484,0.477,545.0,647.0,0.842,70.0,316.0,386.0,290.0,78.0,13.0,180.0,134.0,2020.0,0.0,24.0,0.552,0.08,0.419,3.0,13.6,8.3,20.6,1.5,0.4,9.0,34.3,6.7,2.4,9.0,0.166,4.1,-1.0,3.0,3.3,0.0,2017
5,DeMarcus Cousins,34.2,9.0,19.9,0.452,1.8,5.0,0.361,7.2,14.8,0.483,0.498,7.2,9.3,0.772,2.1,8.9,11.0,4.6,1.4,1.3,3.7,3.9,27.0,0.0,0.0,1010.0,0.0,0.0,0.0,0.0,0.0,0.0,0.0,0.0,0.0,0.0,0.0,0.0,0.0,72.0,72.0,2465.0,647.0,1432.0,0.452,131.0,363.0,0.361,516.0,1069.0,0.483,0.498,517.0,670.0,0.772,152.0,642.0,794.0,332.0,100.0,93.0,269.0,278.0,1942.0,2.0,25.8,0.562,0.253,0.468,7.0,29.2,18.2,25.8,2.0,3.4,13.5,36.5,3.9,3.8,7.6,0.149,5.0,1.8,6.8,5.5,0.0,2017
6,Damian Lillard,35.9,8.8,19.8,0.444,2.9,7.7,0.37,6.0,12.1,0.492,0.516,6.5,7.3,0.895,0.6,4.3,4.9,5.9,0.9,0.3,2.6,2.0,27.0,0.0,0.0,1010.0,0.0,0.0,0.0,0.0,0.0,0.0,0.0,0.0,0.0,0.0,0.0,0.0,0.0,75.0,75.0,2694.0,661.0,1488.0,0.444,214.0,579.0,0.37,447.0,909.0,0.492,0.516,488.0,545.0,0.895,46.0,322.0,368.0,440.0,68.0,20.0,197.0,152.0,2024.0,0.0,24.1,0.586,0.389,0.366,1.9,13.3,7.6,28.7,1.3,0.6,10.2,31.5,8.8,1.5,10.4,0.185,6.1,-1.1,5.0,4.8,0.0,2017
7,LeBron James,37.8,9.9,18.2,0.548,1.7,4.6,0.363,8.3,13.5,0.611,0.594,4.8,7.2,0.674,1.3,7.3,8.6,8.7,1.2,0.6,4.1,1.8,26.4,1.0,333.0,1010.0,0.33,74.0,37.8,26.4,8.6,8.7,1.2,0.6,0.548,0.363,0.674,12.9,0.221,74.0,74.0,2794.0,736.0,1344.0,0.548,124.0,342.0,0.363,612.0,1002.0,0.611,0.594,358.0,531.0,0.674,97.0,542.0,639.0,646.0,92.0,44.0,303.0,134.0,1954.0,13.0,27.0,0.619,0.254,0.395,4.0,20.7,12.6,41.3,1.6,1.3,16.1,30.0,9.8,3.0,12.9,0.221,6.4,1.2,7.6,6.7,0.0009900990099009901,2017
8,Kawhi Leonard,33.4,8.6,17.7,0.485,2.0,5.2,0.38,6.6,12.5,0.529,0.541,6.3,7.2,0.88,1.1,4.7,5.8,3.5,1.8,0.7,2.1,1.6,25.5,9.0,500.0,1010.0,0.495,74.0,33.4,25.5,5.8,3.5,1.8,0.7,0.485,0.38,0.88,13.6,0.264,74.0,74.0,2474.0,636.0,1312.0,0.485,147.0,387.0,0.38,489.0,925.0,0.529,0.541,469.0,533.0,0.88,80.0,350.0,430.0,260.0,133.0,55.0,154.0,122.0,1888.0,0.0,27.6,0.61,0.295,0.406,3.7,15.7,9.8,18.9,2.7,1.8,9.1,31.1,8.9,4.7,13.6,0.264,7.1,2.2,9.4,7.1,0.00891089108910891,2017
9,Stephen Curry,33.4,8.5,18.3,0.468,4.1,10.0,0.411,4.4,8.3,0.537,0.58,4.1,4.6,0.898,0.8,3.7,4.5,6.6,1.8,0.2,3.0,2.3,25.3,0.0,52.0,1010.0,0.051,79.0,33.4,25.3,4.5,6.6,1.8,0.2,0.468,0.411,0.898,12.6,0.229,79.0,79.0,2638.0,675.0,1443.0,0.468,324.0,789.0,0.411,351.0,654.0,0.537,0.58,325.0,362.0,0.898,61.0,292.0,353.0,524.0,142.0,17.0,239.0,183.0,1999.0,0.0,24.6,0.624,0.547,0.251,2.7,11.4,7.3,31.2,2.6,0.5,13.0,30.1,8.7,3.9,12.6,0.229,6.7,0.3,6.9,5.9,0.0,2017
10,Kyrie Irving,35.1,9.3,19.7,0.473,2.5,6.1,0.401,6.9,13.6,0.505,0.535,4.1,4.6,0.905,0.7,2.5,3.2,5.8,1.2,0.3,2.5,2.2,25.2,0.0,0.0,1010.0,0.0,0.0,0.0,0.0,0.0,0.0,0.0,0.0,0.0,0.0,0.0,0.0,0.0,72.0,72.0,2525.0,671.0,1420.0,0.473,177.0,441.0,0.401,494.0,979.0,0.505,0.535,297.0,328.0,0.905,52.0,178.0,230.0,418.0,83.0,24.0,180.0,157.0,1816.0,0.0,23.0,0.58,0.311,0.231,2.3,7.5,5.0,29.7,1.6,0.8,10.3,30.8,7.4,1.5,8.9,0.17,4.7,-1.3,3.4,3.4,0.0,2017
11,Kevin Durant,33.4,8.9,16.5,0.537,1.9,5.0,0.375,7.0,11.5,0.608,0.594,5.4,6.2,0.875,0.6,7.6,8.3,4.8,1.1,1.6,2.2,1.9,25.1,0.0,2.0,1010.0,0.002,62.0,33.4,25.1,8.3,4.8,1.1,1.6,0.537,0.375,0.875,12.0,0.278,62.0,62.0,2070.0,551.0,1026.0,0.537,117.0,312.0,0.375,434.0,714.0,0.608,0.594,336.0,384.0,0.875,39.0,474.0,513.0,300.0,66.0,99.0,138.0,117.0,1555.0,1.0,27.6,0.651,0.304,0.374,2.2,23.6,13.6,23.1,1.5,3.8,10.4,27.8,8.0,4.0,12.0,0.278,6.7,2.2,8.9,5.7,0.0,2017
12,Karl-Anthony Towns,37.0,9.8,18.0,0.542,1.2,3.4,0.367,8.5,14.7,0.582,0.576,4.3,5.2,0.832,3.6,8.7,12.3,2.7,0.7,1.3,2.6,2.9,25.1,0.0,0.0,1010.0,0.0,0.0,0.0,0.0,0.0,0.0,0.0,0.0,0.0,0.0,0.0,0.0,0.0,82.0,82.0,3030.0,802.0,1480.0,0.542,101.0,275.0,0.367,701.0,1205.0,0.582,0.576,356.0,428.0,0.832,296.0,711.0,1007.0,220.0,56.0,103.0,212.0,241.0,2061.0,1.0,25.9,0.618,0.186,0.289,11.2,27.8,19.4,13.2,0.9,2.9,11.3,27.5,9.9,2.8,12.7,0.201,5.5,-0.7,4.7,5.2,0.0,2017
13,Jimmy Butler,37.0,7.5,16.5,0.455,1.2,3.3,0.367,6.3,13.2,0.477,0.492,7.7,8.9,0.865,1.7,4.5,6.2,5.5,1.9,0.4,2.1,1.5,23.9,0.0,0.0,1010.0,0.0,0.0,0.0,0.0,0.0,0.0,0.0,0.0,0.0,0.0,0.0,0.0,0.0,76.0,75.0,2809.0,570.0,1252.0,0.455,91.0,248.0,0.367,479.0,1004.0,0.477,0.492,585.0,676.0,0.865,129.0,341.0,470.0,417.0,143.0,32.0,159.0,112.0,1816.0,2.0,25.1,0.586,0.198,0.54,4.9,13.2,9.0,24.8,2.6,0.9,9.3,26.5,10.1,3.8,13.8,0.236,5.6,1.7,7.3,6.6,0.0,2017
14,Paul George,35.9,8.3,18.0,0.461,2.6,6.6,0.393,5.7,11.4,0.501,0.534,4.5,5.0,0.898,0.8,5.8,6.6,3.3,1.6,0.4,2.9,2.7,23.7,0.0,0.0,1010.0,0.0,0.0,0.0,0.0,0.0,0.0,0.0,0.0,0.0,0.0,0.0,0.0,0.0,75.0,75.0,2689.0,622.0,1348.0,0.461,195.0,496.0,0.393,427.0,852.0,0.501,0.534,336.0,374.0,0.898,58.0,434.0,492.0,251.0,119.0,27.0,220.0,206.0,1775.0,0.0,20.2,0.587,0.368,0.277,2.5,17.9,10.3,16.1,2.2,0.9,12.7,28.9,3.9,3.1,7.1,0.126,3.0,0.1,3.1,3.4,0.0,2017
15,Andrew Wiggins,37.2,8.6,19.1,0.452,1.3,3.5,0.356,7.4,15.6,0.473,0.484,5.0,6.6,0.76,1.2,2.8,4.0,2.3,1.0,0.4,2.3,2.2,23.6,0.0,0.0,1010.0,0.0,0.0,0.0,0.0,0.0,0.0,0.0,0.0,0.0,0.0,0.0,0.0,0.0,82.0,82.0,3048.0,709.0,1570.0,0.452,103.0,289.0,0.356,606.0,1281.0,0.473,0.484,412.0,542.0,0.76,102.0,226.0,328.0,189.0,82.0,30.0,187.0,183.0,1933.0,0.0,16.5,0.534,0.184,0.345,3.8,8.8,6.3,10.6,1.4,0.8,9.4,29.0,3.3,0.9,4.2,0.066,0.7,-2.4,-1.7,0.2,0.0,2017
16,Kemba Walker,34.7,8.1,18.3,0.444,3.0,7.6,0.399,5.1,10.7,0.476,0.527,3.8,4.5,0.847,0.6,3.3,3.9,5.5,1.1,0.3,2.1,1.5,23.2,0.0,0.0,1010.0,0.0,0.0,0.0,0.0,0.0,0.0,0.0,0.0,0.0,0.0,0.0,0.0,0.0,79.0,79.0,2739.0,643.0,1449.0,0.444,240.0,602.0,0.399,403.0,847.0,0.476,0.527,304.0,359.0,0.847,45.0,263.0,308.0,434.0,85.0,22.0,168.0,119.0,1830.0,0.0,21.3,0.569,0.415,0.248,1.8,10.6,6.2,29.1,1.6,0.7,9.5,29.2,5.9,2.2,8.1,0.142,4.9,-0.8,4.1,4.2,0.0,2017
17,Bradley Beal,34.9,8.3,17.2,0.482,2.9,7.2,0.404,5.4,10.0,0.538,0.566,3.7,4.4,0.825,0.7,2.4,3.1,3.5,1.1,0.3,2.0,2.2,23.1,0.0,0.0,1010.0,0.0,0.0,0.0,0.0,0.0,0.0,0.0,0.0,0.0,0.0,0.0,0.0,0.0,77.0,77.0,2684.0,637.0,1322.0,0.482,223.0,552.0,0.404,414.0,770.0,0.538,0.566,282.0,342.0,0.825,53.0,187.0,240.0,267.0,83.0,21.0,156.0,169.0,1779.0,0.0,20.1,0.604,0.418,0.259,2.2,7.8,5.0,16.2,1.5,0.7,9.6,26.5,6.9,1.6,8.5,0.152,4.2,-1.0,3.3,3.5,0.0,2017
18,John Wall,36.4,8.3,18.4,0.451,1.1,3.5,0.327,7.2,14.9,0.48,0.482,5.4,6.8,0.801,0.8,3.4,4.2,10.7,2.0,0.6,4.1,1.9,23.1,0.0,7.0,1010.0,0.007,78.0,36.4,23.1,4.2,10.7,2.0,0.6,0.451,0.327,0.801,8.8,0.149,78.0,78.0,2836.0,647.0,1435.0,0.451,89.0,272.0,0.327,558.0,1163.0,0.48,0.482,422.0,527.0,0.801,59.0,267.0,326.0,831.0,157.0,49.0,322.0,151.0,1805.0,0.0,23.2,0.541,0.19,0.367,2.4,10.6,6.5,46.9,2.7,1.4,16.2,30.6,5.8,3.0,8.8,0.149,4.6,0.1,4.7,4.8,0.0,2017
19,CJ McCollum,35.0,8.7,18.0,0.48,2.3,5.5,0.421,6.3,12.5,0.506,0.544,3.4,3.7,0.912,0.8,2.9,3.6,3.6,0.9,0.5,2.2,2.5,23.0,0.0,0.0,1010.0,0.0,0.0,0.0,0.0,0.0,0.0,0.0,0.0,0.0,0.0,0.0,0.0,0.0,80.0,80.0,2796.0,692.0,1441.0,0.48,185.0,439.0,0.421,507.0,1002.0,0.506,0.544,268.0,294.0,0.912,60.0,229.0,289.0,285.0,72.0,42.0,172.0,202.0,1837.0,0.0,19.9,0.585,0.305,0.204,2.4,9.1,5.7,18.0,1.3,1.2,9.9,27.5,6.2,1.4,7.6,0.131,3.4,-1.4,2.0,2.8,0.0,2017
20,Giannis Antetokounmpo,35.6,8.2,15.7,0.521,0.6,2.3,0.272,7.6,13.5,0.563,0.541,5.9,7.7,0.77,1.8,7.0,8.8,5.4,1.6,1.9,2.9,3.1,22.9,0.0,7.0,1010.0,0.007,80.0,35.6,22.9,8.8,5.4,1.6,1.9,0.521,0.272,0.77,12.4,0.21,80.0,80.0,2845.0,656.0,1259.0,0.521,49.0,180.0,0.272,607.0,1079.0,0.563,0.541,471.0,612.0,0.77,142.0,558.0,700.0,434.0,131.0,151.0,234.0,246.0,1832.0,3.0,26.1,0.599,0.143,0.486,5.9,22.6,14.3,26.6,2.3,4.7,13.3,28.3,7.9,4.5,12.4,0.21,4.9,2.4,7.3,6.7,0.0,2017
21,Carmelo Anthony,34.3,8.1,18.8,0.433,2.0,5.7,0.359,6.1,13.1,0.466,0.488,4.1,4.9,0.833,0.8,5.1,5.9,2.9,0.8,0.5,2.1,2.7,22.4,0.0,0.0,1010.0,0.0,0.0,0.0,0.0,0.0,0.0,0.0,0.0,0.0,0.0,0.0,0.0,0.0,74.0,74.0,2538.0,602.0,1389.0,0.433,151.0,421.0,0.359,451.0,968.0,0.466,0.488,304.0,365.0,0.833,62.0,376.0,438.0,213.0,60.0,34.0,153.0,198.0,1659.0,0.0,17.9,0.535,0.303,0.263,2.6,16.0,9.3,14.5,1.2,1.1,9.0,29.1,3.2,1.5,4.7,0.089,2.3,-1.6,0.7,1.7,0.0,2017
22,Kyle Lowry,37.4,7.1,15.3,0.464,3.2,7.8,0.412,3.9,7.5,0.518,0.569,5.0,6.1,0.819,0.8,4.0,4.8,7.0,1.5,0.3,2.9,2.8,22.4,0.0,0.0,1010.0,0.0,0.0,0.0,0.0,0.0,0.0,0.0,0.0,0.0,0.0,0.0,0.0,0.0,60.0,60.0,2244.0,426.0,918.0,0.464,193.0,468.0,0.412,233.0,450.0,0.518,0.569,299.0,365.0,0.819,48.0,238.0,286.0,417.0,88.0,19.0,173.0,170.0,1344.0,1.0,22.9,0.623,0.51,0.398,2.4,12.0,7.2,29.9,2.0,0.7,13.8,24.9,7.8,2.3,10.1,0.216,5.8,0.4,6.1,4.6,0.0,2017
23,Klay Thompson,34.0,8.3,17.6,0.468,3.4,8.3,0.414,4.8,9.3,0.516,0.565,2.4,2.8,0.853,0.6,3.0,3.7,2.1,0.8,0.5,1.6,1.8,22.3,0.0,0.0,1010.0,0.0,0.0,0.0,0.0,0.0,0.0,0.0,0.0,0.0,0.0,0.0,0.0,0.0,78.0,78.0,2649.0,644.0,1376.0,0.468,268.0,647.0,0.414,376.0,729.0,0.516,0.565,186.0,218.0,0.853,49.0,236.0,285.0,160.0,66.0,40.0,128.0,139.0,1742.0,0.0,17.4,0.592,0.47,0.158,2.2,9.2,5.9,9.3,1.2,1.2,8.0,26.1,4.2,2.9,7.1,0.129,2.4,-1.6,0.8,1.9,0.0,2017
24,Devin Booker,35.0,7.8,18.3,0.423,1.9,5.2,0.363,5.9,13.2,0.447,0.475,4.7,5.7,0.832,0.6,2.6,3.2,3.4,0.9,0.3,3.1,3.1,22.1,0.0,0.0,1010.0,0.0,0.0,0.0,0.0,0.0,0.0,0.0,0.0,0.0,0.0,0.0,0.0,0.0,78.0,78.0,2730.0,606.0,1431.0,0.423,147.0,405.0,0.363,459.0,1026.0,0.447,0.475,367.0,441.0,0.832,46.0,203.0,249.0,268.0,72.0,21.0,241.0,242.0,1726.0,0.0,14.6,0.531,0.283,0.308,1.8,8.3,5.0,16.3,1.3,0.6,12.9,28.6,1.3,0.6,2.0,0.035,0.3,-2.3,-1.9,0.1,0.0,2017
25,Gordon Hayward,34.5,7.5,15.8,0.471,2.0,5.1,0.398,5.4,10.7,0.506,0.536,5.0,5.9,0.844,0.7,4.7,5.4,3.5,1.0,0.3,1.9,1.6,21.9,0.0,0.0,1010.0,0.0,0.0,0.0,0.0,0.0,0.0,0.0,0.0,0.0,0.0,0.0,0.0,0.0,73.0,73.0,2516.0,545.0,1156.0,0.471,149.0,374.0,0.398,396.0,782.0,0.506,0.536,362.0,429.0,0.844,49.0,345.0,394.0,252.0,73.0,20.0,140.0,117.0,1601.0,0.0,22.2,0.595,0.324,0.371,2.3,15.4,9.0,18.2,1.5,0.6,9.4,27.6,7.1,3.3,10.4,0.199,4.6,0.5,5.0,4.5,0.0,2017
26,Blake Griffin,34.0,7.9,15.9,0.493,0.6,1.9,0.336,7.2,14.1,0.514,0.513,5.2,6.9,0.76,1.8,6.3,8.1,4.9,0.9,0.4,2.3,2.6,21.6,0.0,0.0,1010.0,0.0,0.0,0.0,0.0,0.0,0.0,0.0,0.0,0.0,0.0,0.0,0.0,0.0,61.0,61.0,2076.0,479.0,971.0,0.493,38.0,113.0,0.336,441.0,858.0,0.514,0.513,320.0,421.0,0.76,112.0,385.0,497.0,300.0,57.0,22.0,142.0,157.0,1316.0,1.0,22.6,0.569,0.116,0.434,6.2,20.2,13.4,24.5,1.4,0.9,10.9,28.0,5.4,2.4,7.7,0.179,4.2,0.5,4.7,3.5,0.0,2017
27,Eric Bledsoe,33.0,6.8,15.7,0.434,1.6,4.7,0.335,5.2,11.0,0.477,0.485,5.9,6.9,0.847,0.8,4.1,4.8,6.3,1.4,0.5,3.4,2.5,21.1,0.0,0.0,1010.0,0.0,0.0,0.0,0.0,0.0,0.0,0.0,0.0,0.0,0.0,0.0,0.0,0.0,66.0,66.0,2176.0,449.0,1034.0,0.434,104.0,310.0,0.335,345.0,724.0,0.477,0.485,388.0,458.0,0.847,52.0,268.0,320.0,418.0,91.0,31.0,224.0,164.0,1390.0,1.0,20.5,0.563,0.3,0.443,2.5,13.8,8.0,31.1,2.0,1.2,15.3,28.1,4.0,1.4,5.3,0.118,3.7,-0.1,3.6,3.1,0.0,2017
28,Mike Conley,33.2,6.7,14.6,0.46,2.5,6.1,0.408,4.2,8.6,0.497,0.545,4.6,5.3,0.859,0.4,3.0,3.5,6.3,1.3,0.3,2.3,1.8,20.5,0.0,0.0,1010.0,0.0,0.0,0.0,0.0,0.0,0.0,0.0,0.0,0.0,0.0,0.0,0.0,0.0,69.0,68.0,2292.0,464.0,1009.0,0.46,171.0,419.0,0.408,293.0,590.0,0.497,0.545,316.0,368.0,0.859,31.0,210.0,241.0,433.0,92.0,19.0,156.0,126.0,1415.0,0.0,23.2,0.604,0.415,0.365,1.5,10.8,6.0,34.5,2.1,0.8,11.8,26.3,7.5,2.5,10.0,0.209,6.0,0.8,6.8,5.1,0.0,2017
29,Brook Lopez,29.6,7.4,15.6,0.474,1.8,5.2,0.346,5.6,10.5,0.536,0.531,3.9,4.9,0.81,1.6,3.8,5.4,2.3,0.5,1.7,2.5,2.6,20.5,0.0,0.0,1010.0,0.0,0.0,0.0,0.0,0.0,0.0,0.0,0.0,0.0,0.0,0.0,0.0,0.0,75.0,75.0,2222.0,555.0,1172.0,0.474,134.0,387.0,0.346,421.0,785.0,0.536,0.531,295.0,364.0,0.81,121.0,282.0,403.0,176.0,38.0,124.0,184.0,192.0,1539.0,0.0,20.4,0.578,0.33,0.311,5.8,13.3,9.6,14.8,0.8,4.2,12.1,29.2,3.1,1.8,4.9,0.105,2.9,-0.6,2.3,2.4,0.0,2017
30,Goran Dragić,33.7,7.3,15.4,0.475,1.6,4.0,0.405,5.7,11.4,0.499,0.527,4.1,5.2,0.79,0.8,3.0,3.8,5.8,1.2,0.2,2.9,2.7,20.3,0.0,0.0,1010.0,0.0,0.0,0.0,0.0,0.0,0.0,0.0,0.0,0.0,0.0,0.0,0.0,0.0,73.0,73.0,2459.0,534.0,1124.0,0.475,117.0,289.0,0.405,417.0,835.0,0.499,0.527,298.0,377.0,0.79,62.0,217.0,279.0,423.0,89.0,13.0,212.0,199.0,1483.0,0.0,19.8,0.575,0.257,0.335,2.8,9.9,6.3,29.0,1.8,0.4,14.1,27.1,5.0,2.6,7.5,0.147,2.7,-0.1,2.6,2.9,0.0,2017
31,Joel Embiid,25.4,6.5,13.8,0.466,1.2,3.2,0.367,5.3,10.7,0.495,0.508,6.2,7.9,0.783,2.0,5.9,7.8,2.1,0.9,2.5,3.8,3.6,20.2,0.0,0.0,1010.0,0.0,0.0,0.0,0.0,0.0,0.0,0.0,0.0,0.0,0.0,0.0,0.0,0.0,31.0,31.0,786.0,200.0,429.0,0.466,36.0,98.0,0.367,164.0,331.0,0.495,0.508,191.0,244.0,0.783,61.0,182.0,243.0,66.0,27.0,76.0,117.0,112.0,627.0,0.0,24.1,0.584,0.228,0.569,8.5,25.6,17.0,16.0,1.7,7.7,17.9,36.0,0.5,1.5,1.9,0.117,1.9,2.7,4.5,1.3,0.0,2017
32,Jabari Parker,33.9,7.8,16.0,0.49,1.3,3.5,0.365,6.5,12.5,0.525,0.53,3.2,4.3,0.743,1.5,4.6,6.2,2.8,1.0,0.4,1.8,2.2,20.1,0.0,0.0,1010.0,0.0,0.0,0.0,0.0,0.0,0.0,0.0,0.0,0.0,0.0,0.0,0.0,0.0,51.0,50.0,1728.0,399.0,814.0,0.49,65.0,178.0,0.365,334.0,636.0,0.525,0.53,162.0,218.0,0.743,79.0,235.0,314.0,142.0,50.0,22.0,93.0,111.0,1025.0,0.0,19.1,0.563,0.219,0.268,5.4,15.7,10.6,14.3,1.5,1.1,9.3,26.5,2.6,1.5,4.0,0.112,2.1,-1.4,0.7,1.2,0.0,2017
33,Marc Gasol,34.2,7.2,15.7,0.459,1.4,3.6,0.388,5.8,12.1,0.48,0.503,3.8,4.5,0.837,0.8,5.5,6.3,4.6,0.9,1.3,2.2,2.3,19.5,0.0,0.0,1010.0,0.0,0.0,0.0,0.0,0.0,0.0,0.0,0.0,0.0,0.0,0.0,0.0,0.0,74.0,74.0,2531.0,532.0,1160.0,0.459,104.0,268.0,0.388,428.0,892.0,0.48,0.503,278.0,332.0,0.837,60.0,404.0,464.0,338.0,67.0,99.0,166.0,171.0,1446.0,2.0,20.3,0.554,0.231,0.286,2.6,18.8,10.5,24.8,1.4,3.7,11.3,26.4,4.2,3.5,7.7,0.145,3.8,1.4,5.2,4.6,0.0,2017
34,Harrison Barnes,35.5,7.6,16.2,0.468,1.0,2.8,0.351,6.6,13.4,0.492,0.498,3.1,3.6,0.861,1.2,3.8,5.0,1.5,0.8,0.2,1.3,1.6,19.2,0.0,0.0,1010.0,0.0,0.0,0.0,0.0,0.0,0.0,0.0,0.0,0.0,0.0,0.0,0.0,0.0,79.0,79.0,2803.0,599.0,1280.0,0.468,78.0,222.0,0.351,521.0,1058.0,0.492,0.498,242.0,281.0,0.861,93.0,301.0,394.0,116.0,65.0,15.0,102.0,128.0,1518.0,0.0,16.3,0.541,0.173,0.22,3.7,13.1,8.2,7.7,1.2,0.5,6.8,25.3,2.5,2.1,4.6,0.078,0.4,-1.2,-0.8,0.8,0.0,2017
35,Kevin Love,31.4,6.2,14.5,0.427,2.4,6.5,0.373,3.8,8.0,0.471,0.51,4.3,4.9,0.871,2.5,8.6,11.1,1.9,0.9,0.4,2.0,2.1,19.0,0.0,0.0,1010.0,0.0,0.0,0.0,0.0,0.0,0.0,0.0,0.0,0.0,0.0,0.0,0.0,0.0,60.0,60.0,1885.0,370.0,867.0,0.427,145.0,389.0,0.373,225.0,478.0,0.471,0.51,257.0,295.0,0.871,148.0,518.0,666.0,116.0,53.0,21.0,122.0,125.0,1142.0,0.0,21.1,0.573,0.449,0.34,8.9,29.3,19.5,9.8,1.4,0.9,10.9,26.4,4.0,2.4,6.4,0.163,3.3,-1.2,2.1,1.9,0.0,2017
36,Zach LaVine,37.2,6.9,15.1,0.459,2.6,6.6,0.387,4.4,8.5,0.515,0.544,2.5,3.0,0.836,0.4,3.0,3.4,3.0,0.9,0.2,1.8,2.2,18.9,0.0,0.0,1010.0,0.0,0.0,0.0,0.0,0.0,0.0,0.0,0.0,0.0,0.0,0.0,0.0,0.0,47.0,47.0,1749.0,326.0,710.0,0.459,120.0,310.0,0.387,206.0,400.0,0.515,0.544,117.0,140.0,0.836,19.0,141.0,160.0,139.0,41.0,10.0,85.0,104.0,889.0,0.0,14.6,0.576,0.437,0.197,1.2,9.5,5.3,12.6,1.2,0.5,9.9,21.7,2.6,0.4,3.0,0.082,1.5,-1.4,0.1,0.9,0.0,2017
37,Rudy Gay,33.8,6.7,14.7,0.455,1.4,3.8,0.372,5.3,11.0,0.483,0.502,3.9,4.6,0.855,1.2,5.2,6.3,2.8,1.5,0.9,2.5,2.6,18.7,0.0,0.0,1010.0,0.0,0.0,0.0,0.0,0.0,0.0,0.0,0.0,0.0,0.0,0.0,0.0,0.0,30.0,30.0,1013.0,201.0,442.0,0.455,42.0,113.0,0.372,159.0,329.0,0.483,0.502,118.0,138.0,0.855,35.0,155.0,190.0,83.0,44.0,26.0,74.0,79.0,562.0,0.0,17.9,0.559,0.256,0.312,4.0,17.5,10.8,14.1,2.2,2.3,12.8,25.8,0.8,1.0,1.8,0.087,1.4,0.5,1.9,1.0,0.0,2017
38,Dwyane Wade,29.9,6.9,15.9,0.434,0.8,2.4,0.31,6.2,13.5,0.456,0.457,3.7,4.7,0.794,1.1,3.5,4.5,3.8,1.4,0.7,2.3,1.9,18.3,0.0,0.0,1010.0,0.0,0.0,0.0,0.0,0.0,0.0,0.0,0.0,0.0,0.0,0.0,0.0,0.0,60.0,59.0,1792.0,414.0,955.0,0.434,45.0,145.0,0.31,369.0,810.0,0.456,0.457,223.0,281.0,0.794,63.0,207.0,270.0,228.0,86.0,41.0,138.0,112.0,1096.0,0.0,18.5,0.508,0.152,0.294,3.8,12.6,8.1,22.3,2.4,1.8,11.3,29.6,0.9,2.5,3.4,0.09,1.6,0.9,2.5,2.1,0.0,2017
39,Danilo Gallinari,33.9,5.3,11.9,0.447,2.0,5.1,0.389,3.3,6.8,0.491,0.531,5.5,6.1,0.902,0.6,4.5,5.2,2.1,0.6,0.2,1.3,1.5,18.2,0.0,0.0,1010.0,0.0,0.0,0.0,0.0,0.0,0.0,0.0,0.0,0.0,0.0,0.0,0.0,0.0,63.0,63.0,2134.0,335.0,750.0,0.447,126.0,324.0,0.389,209.0,426.0,0.491,0.531,349.0,387.0,0.902,39.0,286.0,325.0,135.0,40.0,15.0,82.0,93.0,1145.0,0.0,17.4,0.622,0.432,0.516,2.0,14.7,8.4,9.1,0.9,0.5,8.2,20.0,6.2,0.7,6.8,0.154,2.8,-1.4,1.4,1.9,0.0,2017
40,Paul Millsap,34.0,6.2,14.1,0.442,1.1,3.5,0.311,5.1,10.6,0.486,0.481,4.5,5.9,0.768,1.6,6.1,7.7,3.7,1.3,0.9,2.3,2.7,18.1,0.0,0.0,1010.0,0.0,0.0,0.0,0.0,0.0,0.0,0.0,0.0,0.0,0.0,0.0,0.0,0.0,69.0,67.0,2343.0,430.0,972.0,0.442,75.0,241.0,0.311,355.0,731.0,0.486,0.481,311.0,405.0,0.768,111.0,422.0,533.0,252.0,90.0,62.0,158.0,186.0,1246.0,0.0,17.9,0.542,0.248,0.417,5.3,19.5,12.5,17.9,1.9,2.3,12.1,24.4,2.6,3.8,6.4,0.132,0.8,1.3,2.1,2.4,0.0,2017
41,Chris Paul,31.5,6.1,12.9,0.476,2.0,5.0,0.411,4.1,7.9,0.518,0.555,3.8,4.3,0.892,0.7,4.3,5.0,9.2,2.0,0.1,2.4,2.4,18.1,0.0,0.0,1010.0,0.0,0.0,0.0,0.0,0.0,0.0,0.0,0.0,0.0,0.0,0.0,0.0,0.0,61.0,61.0,1921.0,374.0,785.0,0.476,124.0,302.0,0.411,250.0,483.0,0.518,0.555,232.0,260.0,0.892,40.0,264.0,304.0,563.0,119.0,8.0,147.0,146.0,1104.0,1.0,26.2,0.614,0.385,0.331,2.4,15.0,8.8,46.8,3.1,0.3,14.0,24.4,7.9,2.6,10.6,0.264,6.3,2.5,8.7,5.2,0.0,2017
42,Kristaps Porziņģis,32.8,6.7,14.9,0.45,1.7,4.8,0.357,5.0,10.2,0.493,0.507,3.0,3.8,0.786,1.7,5.5,7.2,1.5,0.7,2.0,1.8,3.7,18.1,0.0,0.0,1010.0,0.0,0.0,0.0,0.0,0.0,0.0,0.0,0.0,0.0,0.0,0.0,0.0,0.0,66.0,65.0,2164.0,443.0,985.0,0.45,112.0,314.0,0.357,331.0,671.0,0.493,0.507,198.0,252.0,0.786,111.0,364.0,475.0,97.0,47.0,129.0,118.0,244.0,1196.0,0.0,17.4,0.546,0.319,0.256,5.5,18.2,11.8,7.3,1.1,4.9,9.7,24.3,2.4,2.1,4.5,0.1,0.7,-0.3,0.3,1.3,0.0,2017
43,Derrick Rose,32.5,7.2,15.3,0.471,0.2,0.9,0.217,7.0,14.3,0.487,0.477,3.5,4.0,0.874,1.0,2.8,3.8,4.4,0.7,0.3,2.3,1.3,18.0,0.0,0.0,1010.0,0.0,0.0,0.0,0.0,0.0,0.0,0.0,0.0,0.0,0.0,0.0,0.0,0.0,64.0,64.0,2082.0,460.0,977.0,0.471,13.0,60.0,0.217,447.0,917.0,0.487,0.477,221.0,253.0,0.874,66.0,180.0,246.0,283.0,44.0,17.0,147.0,84.0,1154.0,0.0,17.0,0.53,0.061,0.259,3.4,9.3,6.4,22.8,1.1,0.7,11.9,25.7,2.4,0.6,3.0,0.068,1.0,-2.0,-1.0,0.5,0.0,2017
44,Dennis Schröder,31.5,6.9,15.4,0.451,1.3,3.7,0.34,5.7,11.6,0.487,0.493,2.8,3.2,0.855,0.5,2.6,3.1,6.3,0.9,0.2,3.3,1.9,17.9,0.0,0.0,1010.0,0.0,0.0,0.0,0.0,0.0,0.0,0.0,0.0,0.0,0.0,0.0,0.0,0.0,79.0,78.0,2485.0,548.0,1214.0,0.451,100.0,294.0,0.34,448.0,920.0,0.487,0.493,218.0,255.0,0.855,42.0,206.0,248.0,499.0,74.0,16.0,258.0,149.0,1414.0,0.0,16.1,0.533,0.242,0.21,1.9,9.0,5.5,35.5,1.5,0.6,16.3,27.8,1.2,2.5,3.7,0.071,1.1,-1.0,0.0,1.3,0.0,2017
45,Lou Williams,24.6,5.3,12.3,0.429,2.0,5.5,0.365,3.3,6.8,0.48,0.511,5.0,5.6,0.88,0.3,2.2,2.5,3.0,1.0,0.2,2.0,1.1,17.5,0.0,0.0,1010.0,0.0,0.0,0.0,0.0,0.0,0.0,0.0,0.0,0.0,0.0,0.0,0.0,0.0,81.0,1.0,1994.0,428.0,998.0,0.429,163.0,446.0,0.365,265.0,552.0,0.48,0.511,402.0,457.0,0.88,26.0,176.0,202.0,239.0,80.0,20.0,160.0,92.0,1421.0,0.0,21.4,0.593,0.447,0.458,1.4,9.9,5.5,19.9,1.9,0.8,11.8,29.1,5.1,1.0,6.1,0.148,4.6,-0.7,3.9,3.0,0.0,2017
46,LaMarcus Aldridge,32.4,6.9,14.6,0.477,0.3,0.8,0.411,6.6,13.8,0.48,0.488,3.1,3.8,0.812,2.4,4.9,7.3,1.9,0.6,1.2,1.4,2.2,17.3,0.0,0.0,1010.0,0.0,0.0,0.0,0.0,0.0,0.0,0.0,0.0,0.0,0.0,0.0,0.0,0.0,72.0,72.0,2335.0,500.0,1049.0,0.477,23.0,56.0,0.411,477.0,993.0,0.48,0.488,220.0,271.0,0.812,172.0,351.0,523.0,139.0,46.0,88.0,98.0,158.0,1243.0,0.0,18.6,0.532,0.053,0.258,8.5,16.6,12.7,9.9,1.0,3.0,7.7,24.5,3.5,3.7,7.2,0.149,0.7,0.1,0.8,1.7,0.0,2017
47,Evan Fournier,32.9,6.0,13.7,0.439,1.9,5.3,0.356,4.1,8.4,0.491,0.508,3.3,4.1,0.805,0.6,2.4,3.1,3.0,1.0,0.1,2.1,2.6,17.2,0.0,0.0,1010.0,0.0,0.0,0.0,0.0,0.0,0.0,0.0,0.0,0.0,0.0,0.0,0.0,0.0,68.0,66.0,2234.0,408.0,930.0,0.439,128.0,360.0,0.356,280.0,570.0,0.491,0.508,223.0,277.0,0.805,44.0,165.0,209.0,202.0,66.0,4.0,141.0,180.0,1167.0,0.0,13.9,0.555,0.387,0.298,2.1,8.3,5.1,14.8,1.5,0.1,11.8,23.5,1.7,1.1,2.8,0.059,-0.2,-1.1,-1.3,0.4,0.0,2017
48,Hassan Whiteside,32.6,7.0,12.6,0.557,0.0,0.0,0.0,7.0,12.6,0.557,0.557,2.9,4.6,0.628,3.8,10.3,14.1,0.7,0.7,2.1,2.0,2.9,17.0,0.0,0.0,1010.0,0.0,0.0,0.0,0.0,0.0,0.0,0.0,0.0,0.0,0.0,0.0,0.0,0.0,77.0,77.0,2513.0,542.0,973.0,0.557,0.0,0.0,0.0,542.0,973.0,0.557,0.557,225.0,358.0,0.628,293.0,795.0,1088.0,57.0,57.0,161.0,154.0,226.0,1309.0,0.0,22.6,0.579,0.0,0.368,12.8,35.3,24.0,3.8,1.1,5.0,12.0,22.7,4.2,5.3,9.5,0.181,0.9,0.5,1.5,2.2,0.0,2017
49,George Hill,31.5,5.9,12.4,0.477,1.9,4.8,0.403,4.0,7.6,0.523,0.554,3.2,4.0,0.801,0.5,2.9,3.4,4.2,1.0,0.2,1.7,2.3,16.9,0.0,0.0,1010.0,0.0,0.0,0.0,0.0,0.0,0.0,0.0,0.0,0.0,0.0,0.0,0.0,0.0,49.0,49.0,1544.0,289.0,606.0,0.477,94.0,233.0,0.403,195.0,373.0,0.523,0.554,157.0,196.0,0.801,23.0,144.0,167.0,204.0,50.0,11.0,85.0,114.0,829.0,0.0,19.3,0.599,0.384,0.323,1.8,10.5,6.2,22.8,1.7,0.6,10.9,23.5,4.0,1.9,5.9,0.182,3.0,0.8,3.8,2.3,0.0,2017
50,Nikola Jokić,27.9,6.8,11.7,0.578,0.6,1.9,0.324,6.2,9.8,0.628,0.605,2.6,3.1,0.825,2.9,6.9,9.8,4.9,0.8,0.8,2.3,2.9,16.7,0.0,0.0,1010.0,0.0,0.0,0.0,0.0,0.0,0.0,0.0,0.0,0.0,0.0,0.0,0.0,0.0,73.0,59.0,2038.0,494.0,854.0,0.578,45.0,139.0,0.324,449.0,715.0,0.628,0.605,188.0,228.0,0.825,212.0,506.0,718.0,359.0,61.0,55.0,171.0,214.0,1221.0,6.0,26.3,0.64,0.163,0.267,11.6,27.2,19.5,28.8,1.5,2.1,15.2,23.5,7.7,2.0,9.7,0.228,5.9,1.4,7.3,4.8,0.0,2017
51,Avery Bradley,33.4,6.5,14.1,0.463,2.0,5.0,0.39,4.6,9.1,0.504,0.533,1.2,1.7,0.731,1.2,4.9,6.1,2.2,1.2,0.2,1.6,2.6,16.3,0.0,0.0,1010.0,0.0,0.0,0.0,0.0,0.0,0.0,0.0,0.0,0.0,0.0,0.0,0.0,0.0,55.0,55.0,1835.0,359.0,775.0,0.463,108.0,277.0,0.39,251.0,498.0,0.504,0.533,68.0,93.0,0.731,65.0,269.0,334.0,122.0,68.0,11.0,88.0,141.0,894.0,0.0,14.4,0.548,0.357,0.12,4.0,16.2,10.1,11.0,1.8,0.5,9.7,21.9,1.1,2.0,3.1,0.081,0.0,-0.5,-0.6,0.7,0.0,2017
52,Eric Gordon,31.0,5.5,13.5,0.406,3.3,8.8,0.372,2.2,4.7,0.468,0.527,2.0,2.3,0.84,0.4,2.3,2.7,2.5,0.6,0.5,1.6,2.0,16.2,0.0,0.0,1010.0,0.0,0.0,0.0,0.0,0.0,0.0,0.0,0.0,0.0,0.0,0.0,0.0,0.0,75.0,15.0,2323.0,412.0,1016.0,0.406,246.0,661.0,0.372,166.0,355.0,0.468,0.527,147.0,175.0,0.84,29.0,172.0,201.0,188.0,48.0,41.0,121.0,150.0,1217.0,0.0,13.2,0.557,0.651,0.172,1.4,8.1,4.7,12.3,1.0,1.4,10.0,22.1,2.5,1.4,3.8,0.079,1.3,-1.4,-0.1,1.1,0.0,2017
53,Tobias Harris,31.3,6.2,13.0,0.481,1.3,3.8,0.347,4.9,9.1,0.537,0.532,2.3,2.8,0.841,0.8,4.3,5.1,1.7,0.7,0.5,1.2,1.6,16.1,0.0,0.0,1010.0,0.0,0.0,0.0,0.0,0.0,0.0,0.0,0.0,0.0,0.0,0.0,0.0,0.0,82.0,48.0,2567.0,511.0,1063.0,0.481,109.0,314.0,0.347,402.0,749.0,0.537,0.532,190.0,226.0,0.841,63.0,353.0,416.0,142.0,60.0,39.0,96.0,133.0,1321.0,0.0,16.9,0.568,0.295,0.213,2.6,15.6,8.8,8.8,1.2,1.3,7.6,21.7,4.0,2.8,6.8,0.128,1.3,0.3,1.6,2.3,0.0,2017
54,Victor Oladipo,33.2,6.1,13.9,0.442,1.9,5.3,0.361,4.3,8.7,0.491,0.51,1.7,2.3,0.753,0.6,3.8,4.3,2.6,1.2,0.3,1.8,2.3,15.9,0.0,0.0,1010.0,0.0,0.0,0.0,0.0,0.0,0.0,0.0,0.0,0.0,0.0,0.0,0.0,0.0,67.0,67.0,2222.0,412.0,932.0,0.442,127.0,352.0,0.361,285.0,580.0,0.491,0.51,116.0,154.0,0.753,39.0,252.0,291.0,176.0,78.0,21.0,119.0,155.0,1067.0,0.0,13.6,0.534,0.378,0.165,1.9,12.6,7.2,12.5,1.7,0.8,10.6,21.4,1.7,2.3,4.0,0.085,-0.3,-0.1,-0.5,0.8,0.0,2017
55,Dion Waiters,30.1,6.1,14.4,0.424,1.8,4.7,0.395,4.3,9.7,0.438,0.488,1.8,2.8,0.646,0.4,2.9,3.3,4.3,0.9,0.4,2.2,2.1,15.8,0.0,0.0,1010.0,0.0,0.0,0.0,0.0,0.0,0.0,0.0,0.0,0.0,0.0,0.0,0.0,0.0,46.0,43.0,1384.0,281.0,663.0,0.424,85.0,215.0,0.395,196.0,448.0,0.438,0.488,82.0,127.0,0.646,18.0,135.0,153.0,200.0,42.0,20.0,103.0,95.0,729.0,0.0,14.5,0.507,0.324,0.192,1.4,10.9,6.1,23.8,1.5,1.1,12.5,26.3,0.2,1.5,1.6,0.057,0.3,-0.4,-0.1,0.7,0.0,2017
56,Wilson Chandler,30.9,6.1,13.2,0.461,1.5,4.6,0.337,4.5,8.6,0.527,0.52,2.0,2.7,0.727,1.5,5.0,6.5,2.0,0.7,0.4,1.6,2.4,15.7,0.0,0.0,1010.0,0.0,0.0,0.0,0.0,0.0,0.0,0.0,0.0,0.0,0.0,0.0,0.0,0.0,71.0,33.0,2197.0,433.0,939.0,0.461,110.0,326.0,0.337,323.0,613.0,0.527,0.52,141.0,194.0,0.727,103.0,357.0,460.0,141.0,51.0,30.0,114.0,172.0,1117.0,0.0,14.9,0.545,0.347,0.207,5.2,17.8,11.6,9.8,1.1,1.1,10.0,22.0,2.4,1.1,3.5,0.077,0.5,-1.5,-1.0,0.5,0.0,2017
57,D'Angelo Russell,28.7,5.6,13.8,0.405,2.1,6.1,0.352,3.4,7.7,0.447,0.483,2.3,3.0,0.782,0.5,3.0,3.5,4.8,1.4,0.3,2.8,2.1,15.6,0.0,0.0,1010.0,0.0,0.0,0.0,0.0,0.0,0.0,0.0,0.0,0.0,0.0,0.0,0.0,0.0,63.0,60.0,1811.0,351.0,867.0,0.405,135.0,384.0,0.352,216.0,483.0,0.447,0.483,147.0,188.0,0.782,31.0,190.0,221.0,303.0,87.0,16.0,176.0,130.0,984.0,0.0,15.3,0.518,0.443,0.217,1.8,11.9,6.7,26.8,2.3,0.7,15.6,26.6,0.3,1.0,1.3,0.033,0.7,-1.5,-0.8,0.6,0.0,2017
58,Jrue Holiday,32.7,6.0,13.3,0.454,1.5,4.2,0.356,4.6,9.1,0.498,0.51,1.8,2.5,0.708,0.7,3.3,3.9,7.3,1.5,0.7,2.9,2.0,15.4,0.0,0.0,1010.0,0.0,0.0,0.0,0.0,0.0,0.0,0.0,0.0,0.0,0.0,0.0,0.0,0.0,67.0,61.0,2190.0,405.0,893.0,0.454,100.0,281.0,0.356,305.0,612.0,0.498,0.51,119.0,168.0,0.708,46.0,218.0,264.0,488.0,100.0,44.0,194.0,133.0,1029.0,0.0,17.1,0.532,0.315,0.188,2.2,10.6,6.4,35.9,2.2,1.6,16.7,23.5,1.3,2.6,3.8,0.084,1.0,0.2,1.3,1.8,0.0,2017
59,Jeff Teague,32.4,4.9,11.1,0.442,1.1,3.1,0.357,3.8,8.0,0.475,0.492,4.4,5.1,0.867,0.4,3.6,4.0,7.8,1.2,0.4,2.6,2.0,15.3,0.0,0.0,1010.0,0.0,0.0,0.0,0.0,0.0,0.0,0.0,0.0,0.0,0.0,0.0,0.0,0.0,82.0,82.0,2657.0,402.0,909.0,0.442,90.0,252.0,0.357,312.0,657.0,0.475,0.492,360.0,415.0,0.867,33.0,297.0,330.0,639.0,100.0,32.0,216.0,165.0,1254.0,0.0,19.2,0.574,0.277,0.457,1.4,12.4,7.0,36.4,1.9,1.1,16.5,22.1,5.7,2.4,8.1,0.146,2.3,-0.1,2.2,2.8,0.0,2017
60,Nicolas Batum,34.0,5.1,12.7,0.403,1.8,5.3,0.333,3.4,7.4,0.453,0.472,3.2,3.7,0.856,0.6,5.6,6.2,5.9,1.1,0.4,2.5,1.4,15.1,0.0,0.0,1010.0,0.0,0.0,0.0,0.0,0.0,0.0,0.0,0.0,0.0,0.0,0.0,0.0,0.0,77.0,77.0,2617.0,393.0,975.0,0.403,135.0,405.0,0.333,258.0,570.0,0.453,0.472,243.0,284.0,0.856,46.0,435.0,481.0,456.0,86.0,29.0,194.0,109.0,1164.0,1.0,15.8,0.529,0.415,0.291,1.9,18.4,10.1,27.7,1.6,1.0,15.0,22.3,1.7,2.8,4.6,0.084,0.6,0.2,0.8,1.9,0.0,2017
61,JJ Redick,28.2,5.1,11.4,0.445,2.6,6.0,0.429,2.5,5.4,0.462,0.558,2.3,2.6,0.891,0.1,2.1,2.2,1.4,0.7,0.2,1.3,1.6,15.0,0.0,0.0,1010.0,0.0,0.0,0.0,0.0,0.0,0.0,0.0,0.0,0.0,0.0,0.0,0.0,0.0,78.0,78.0,2198.0,396.0,890.0,0.445,201.0,468.0,0.429,195.0,422.0,0.462,0.558,180.0,202.0,0.891,11.0,160.0,171.0,110.0,54.0,13.0,98.0,125.0,1173.0,0.0,14.8,0.599,0.526,0.227,0.6,7.9,4.4,7.8,1.2,0.5,9.1,22.0,3.3,1.5,4.8,0.105,1.6,-1.2,0.4,1.4,0.0,2017
62,Gary Harris,31.3,5.6,11.2,0.502,1.9,4.5,0.42,3.7,6.7,0.558,0.586,1.8,2.4,0.776,0.8,2.3,3.1,2.9,1.2,0.1,1.3,1.6,14.9,0.0,0.0,1010.0,0.0,0.0,0.0,0.0,0.0,0.0,0.0,0.0,0.0,0.0,0.0,0.0,0.0,57.0,56.0,1782.0,320.0,637.0,0.502,107.0,255.0,0.42,213.0,382.0,0.558,0.586,104.0,134.0,0.776,48.0,130.0,178.0,164.0,71.0,8.0,76.0,92.0,851.0,0.0,16.5,0.611,0.4,0.21,3.0,8.0,5.5,13.6,1.9,0.3,9.8,18.4,3.9,0.7,4.6,0.124,1.5,-0.9,0.7,1.2,0.0,2017
63,Serge Ibaka,30.7,6.0,12.4,0.48,1.6,4.0,0.391,4.4,8.4,0.522,0.543,1.4,1.6,0.856,1.6,5.2,6.8,0.9,0.5,1.6,1.3,2.7,14.8,0.0,0.0,1010.0,0.0,0.0,0.0,0.0,0.0,0.0,0.0,0.0,0.0,0.0,0.0,0.0,0.0,79.0,79.0,2422.0,471.0,982.0,0.48,124.0,317.0,0.391,347.0,665.0,0.522,0.543,107.0,125.0,0.856,129.0,409.0,538.0,75.0,41.0,124.0,105.0,215.0,1173.0,0.0,16.4,0.566,0.323,0.127,5.7,19.0,12.2,5.2,0.8,4.2,9.2,20.9,2.5,2.6,5.1,0.101,0.4,-0.3,0.1,1.2,0.0,2017
64,Jordan Clarkson,29.2,5.8,13.1,0.445,1.4,4.3,0.329,4.4,8.7,0.503,0.5,1.6,2.0,0.798,0.6,2.4,3.0,2.6,1.1,0.1,2.0,1.8,14.7,0.0,0.0,1010.0,0.0,0.0,0.0,0.0,0.0,0.0,0.0,0.0,0.0,0.0,0.0,0.0,0.0,82.0,19.0,2397.0,477.0,1071.0,0.445,117.0,356.0,0.329,360.0,715.0,0.503,0.5,134.0,168.0,0.798,49.0,197.0,246.0,213.0,88.0,8.0,164.0,150.0,1205.0,0.0,13.2,0.526,0.332,0.157,2.2,9.3,5.6,14.4,1.8,0.3,12.5,23.3,0.5,0.7,1.2,0.024,-0.9,-1.6,-2.5,-0.3,0.0,2017
65,Khris Middleton,30.7,5.2,11.5,0.45,1.6,3.6,0.433,3.6,7.9,0.459,0.518,2.8,3.2,0.88,0.4,3.9,4.2,3.4,1.4,0.2,2.2,2.7,14.7,0.0,0.0,1010.0,0.0,0.0,0.0,0.0,0.0,0.0,0.0,0.0,0.0,0.0,0.0,0.0,0.0,29.0,23.0,889.0,150.0,333.0,0.45,45.0,104.0,0.433,105.0,229.0,0.459,0.518,81.0,92.0,0.88,11.0,112.0,123.0,99.0,41.0,7.0,65.0,79.0,426.0,0.0,15.0,0.57,0.312,0.276,1.5,14.5,8.1,17.5,2.3,0.7,14.8,22.5,0.7,0.9,1.6,0.085,-0.4,0.1,-0.3,0.4,0.0,2017
66,Nikola Vučević,28.8,6.4,13.7,0.468,0.3,1.0,0.307,6.1,12.7,0.481,0.48,1.4,2.1,0.669,2.3,8.0,10.4,2.8,1.0,1.0,1.6,2.4,14.6,0.0,0.0,1010.0,0.0,0.0,0.0,0.0,0.0,0.0,0.0,0.0,0.0,0.0,0.0,0.0,0.0,75.0,55.0,2163.0,483.0,1031.0,0.468,23.0,75.0,0.307,460.0,956.0,0.481,0.48,107.0,160.0,0.669,176.0,603.0,779.0,208.0,76.0,74.0,117.0,180.0,1096.0,0.0,19.1,0.498,0.073,0.155,8.6,31.3,19.6,16.9,1.7,2.8,9.6,24.8,0.8,3.1,4.0,0.088,0.8,0.6,1.4,1.9,0.0,2017
67,Tim Hardaway Jr.,27.3,5.3,11.5,0.455,1.9,5.3,0.357,3.4,6.3,0.537,0.537,2.1,2.7,0.766,0.4,2.4,2.8,2.3,0.7,0.2,1.3,1.3,14.5,0.0,0.0,1010.0,0.0,0.0,0.0,0.0,0.0,0.0,0.0,0.0,0.0,0.0,0.0,0.0,0.0,79.0,30.0,2154.0,415.0,912.0,0.455,149.0,417.0,0.357,266.0,495.0,0.537,0.537,164.0,214.0,0.766,35.0,189.0,224.0,182.0,55.0,15.0,106.0,103.0,1143.0,0.0,15.2,0.568,0.457,0.235,1.8,9.5,5.7,14.3,1.3,0.6,9.5,22.5,2.7,2.1,4.8,0.107,1.0,-0.4,0.5,1.4,0.0,2017
68,Reggie Jackson,27.4,5.5,13.0,0.419,1.3,3.5,0.359,4.2,9.5,0.442,0.468,2.3,2.6,0.868,0.4,1.8,2.2,5.2,0.7,0.1,2.2,2.5,14.5,0.0,0.0,1010.0,0.0,0.0,0.0,0.0,0.0,0.0,0.0,0.0,0.0,0.0,0.0,0.0,0.0,52.0,50.0,1424.0,284.0,677.0,0.419,66.0,184.0,0.359,218.0,493.0,0.442,0.468,118.0,136.0,0.868,21.0,93.0,114.0,270.0,35.0,5.0,114.0,129.0,752.0,0.0,14.9,0.51,0.272,0.201,1.5,7.4,4.4,30.3,1.2,0.3,13.4,26.4,0.8,1.2,1.9,0.065,0.4,-1.4,-1.0,0.4,0.0,2017
69,Jeremy Lin,24.5,4.9,11.1,0.438,1.6,4.3,0.372,3.3,6.8,0.48,0.51,3.2,3.9,0.816,0.3,3.4,3.8,5.1,1.2,0.4,2.4,2.2,14.5,0.0,0.0,1010.0,0.0,0.0,0.0,0.0,0.0,0.0,0.0,0.0,0.0,0.0,0.0,0.0,0.0,36.0,33.0,883.0,175.0,400.0,0.438,58.0,156.0,0.372,117.0,244.0,0.48,0.51,115.0,141.0,0.816,11.0,124.0,135.0,184.0,42.0,14.0,86.0,79.0,523.0,0.0,19.2,0.566,0.39,0.353,1.3,14.7,8.1,35.5,2.3,1.2,15.7,26.6,1.3,0.8,2.1,0.116,1.9,0.1,2.0,0.9,0.0,2017
70,Myles Turner,31.4,5.5,10.7,0.511,0.5,1.4,0.348,5.0,9.3,0.536,0.534,3.0,3.7,0.809,1.7,5.6,7.3,1.3,0.9,2.1,1.3,3.2,14.5,0.0,0.0,1010.0,0.0,0.0,0.0,0.0,0.0,0.0,0.0,0.0,0.0,0.0,0.0,0.0,0.0,81.0,81.0,2541.0,444.0,869.0,0.511,40.0,115.0,0.348,404.0,754.0,0.536,0.534,245.0,303.0,0.809,139.0,450.0,589.0,106.0,74.0,172.0,105.0,262.0,1173.0,0.0,18.5,0.585,0.132,0.349,6.2,19.6,13.0,6.6,1.5,5.9,9.5,19.5,4.3,3.7,8.0,0.151,-0.1,1.1,1.1,2.0,0.0,2017
71,T.J. Warren,31.0,6.1,12.3,0.495,0.4,1.5,0.265,5.7,10.8,0.527,0.511,1.8,2.3,0.773,1.9,3.2,5.1,1.1,1.2,0.6,0.9,2.7,14.4,0.0,0.0,1010.0,0.0,0.0,0.0,0.0,0.0,0.0,0.0,0.0,0.0,0.0,0.0,0.0,0.0,66.0,59.0,2048.0,403.0,814.0,0.495,26.0,98.0,0.265,377.0,716.0,0.527,0.511,119.0,154.0,0.773,125.0,214.0,339.0,75.0,76.0,39.0,57.0,175.0,951.0,0.0,15.6,0.539,0.12,0.189,6.5,11.7,9.0,5.8,1.8,1.5,6.1,19.2,3.0,1.1,4.1,0.096,0.1,-0.7,-0.6,0.7,0.0,2017
72,Enes Freedom,21.3,5.6,10.2,0.545,0.1,0.5,0.132,5.5,9.7,0.568,0.549,3.1,4.0,0.786,2.7,4.0,6.7,0.9,0.4,0.5,1.7,2.1,14.3,0.0,0.0,1010.0,0.0,0.0,0.0,0.0,0.0,0.0,0.0,0.0,0.0,0.0,0.0,0.0,0.0,72.0,0.0,1533.0,402.0,737.0,0.545,5.0,38.0,0.132,397.0,699.0,0.568,0.549,224.0,285.0,0.786,195.0,287.0,482.0,67.0,32.0,38.0,123.0,154.0,1033.0,0.0,23.7,0.599,0.052,0.387,14.1,20.8,17.4,7.9,1.0,2.0,12.5,27.3,4.0,1.8,5.8,0.183,3.0,-1.3,1.7,1.4,0.0,2017
73,Dirk Nowitzki,26.4,5.5,12.6,0.437,1.5,3.9,0.378,4.0,8.7,0.463,0.495,1.8,2.1,0.875,0.4,6.1,6.5,1.5,0.6,0.7,0.9,2.1,14.2,0.0,0.0,1010.0,0.0,0.0,0.0,0.0,0.0,0.0,0.0,0.0,0.0,0.0,0.0,0.0,0.0,54.0,54.0,1424.0,296.0,678.0,0.437,79.0,209.0,0.378,217.0,469.0,0.463,0.495,98.0,112.0,0.875,23.0,330.0,353.0,82.0,30.0,38.0,51.0,113.0,769.0,0.0,17.0,0.529,0.308,0.165,1.8,28.3,14.4,10.6,1.1,2.4,6.6,25.8,0.6,1.9,2.5,0.084,0.8,0.1,0.8,1.0,0.0,2017
74,Jordan Crawford,23.3,5.5,11.5,0.482,1.9,5.0,0.389,3.6,6.5,0.553,0.567,1.1,1.4,0.769,0.2,1.6,1.8,3.0,0.6,0.1,1.3,1.6,14.1,0.0,0.0,1010.0,0.0,0.0,0.0,0.0,0.0,0.0,0.0,0.0,0.0,0.0,0.0,0.0,0.0,19.0,0.0,442.0,105.0,218.0,0.482,37.0,95.0,0.389,68.0,123.0,0.553,0.567,20.0,26.0,0.769,4.0,30.0,34.0,57.0,11.0,2.0,25.0,30.0,267.0,0.0,17.6,0.582,0.436,0.119,0.9,7.2,4.1,22.7,1.2,0.4,9.8,25.5,0.6,0.3,0.9,0.102,2.2,-0.9,1.3,0.4,0.0,2017
75,Zach Randolph,24.5,5.9,13.2,0.449,0.3,1.3,0.223,5.6,11.9,0.474,0.46,1.9,2.6,0.731,2.5,5.7,8.2,1.7,0.5,0.1,1.4,1.9,14.1,0.0,0.0,1010.0,0.0,0.0,0.0,0.0,0.0,0.0,0.0,0.0,0.0,0.0,0.0,0.0,0.0,73.0,5.0,1786.0,433.0,964.0,0.449,21.0,94.0,0.223,412.0,870.0,0.474,0.46,141.0,193.0,0.731,182.0,416.0,598.0,122.0,38.0,10.0,99.0,136.0,1028.0,0.0,18.5,0.49,0.098,0.2,11.3,27.4,19.2,13.5,1.1,0.5,8.6,29.2,0.8,2.4,3.2,0.086,1.0,-1.6,-0.5,0.7,0.0,2017
76,Rudy Gobert,33.9,5.1,7.7,0.661,0.0,0.0,0.0,5.1,7.7,0.662,0.661,3.8,5.9,0.653,3.9,8.9,12.8,1.2,0.6,2.6,1.8,3.0,14.0,0.0,0.0,1010.0,0.0,0.0,0.0,0.0,0.0,0.0,0.0,0.0,0.0,0.0,0.0,0.0,0.0,81.0,81.0,2744.0,413.0,625.0,0.661,0.0,1.0,0.0,413.0,624.0,0.662,0.661,311.0,476.0,0.653,314.0,721.0,1035.0,97.0,49.0,214.0,147.0,246.0,1137.0,0.0,23.3,0.681,0.002,0.762,13.6,29.5,21.8,5.7,0.9,6.4,15.0,16.7,8.3,6.0,14.3,0.25,2.2,2.2,4.4,4.4,0.0,2017
77,Al Horford,32.3,5.6,11.8,0.473,1.3,3.6,0.355,4.3,8.2,0.524,0.527,1.6,2.0,0.8,1.4,5.4,6.8,5.0,0.8,1.3,1.7,2.0,14.0,0.0,0.0,1010.0,0.0,0.0,0.0,0.0,0.0,0.0,0.0,0.0,0.0,0.0,0.0,0.0,0.0,68.0,68.0,2193.0,379.0,801.0,0.473,86.0,242.0,0.355,293.0,559.0,0.524,0.527,108.0,135.0,0.8,95.0,370.0,465.0,337.0,52.0,86.0,115.0,138.0,952.0,0.0,17.7,0.553,0.302,0.169,4.9,18.6,11.8,24.4,1.2,3.2,11.8,19.7,3.6,2.7,6.3,0.138,2.3,1.1,3.4,3.0,0.0,2017
78,Marcus Morris,32.5,5.3,12.7,0.418,1.5,4.5,0.331,3.8,8.2,0.466,0.477,1.8,2.3,0.784,1.0,3.7,4.6,2.0,0.7,0.3,1.1,2.1,14.0,0.0,0.0,1010.0,0.0,0.0,0.0,0.0,0.0,0.0,0.0,0.0,0.0,0.0,0.0,0.0,0.0,79.0,79.0,2565.0,421.0,1007.0,0.418,118.0,357.0,0.331,303.0,650.0,0.466,0.477,145.0,185.0,0.784,77.0,289.0,366.0,160.0,52.0,25.0,87.0,168.0,1105.0,0.0,12.4,0.508,0.355,0.184,3.2,12.8,7.8,9.4,1.0,0.8,7.4,20.3,1.4,2.4,3.9,0.072,-0.8,-0.3,-1.1,0.6,0.0,2017
79,Markieff Morris,31.2,5.3,11.7,0.457,0.9,2.6,0.362,4.4,9.1,0.483,0.497,2.4,2.8,0.837,1.4,5.1,6.5,1.7,1.1,0.6,1.7,3.3,14.0,0.0,0.0,1010.0,0.0,0.0,0.0,0.0,0.0,0.0,0.0,0.0,0.0,0.0,0.0,0.0,0.0,76.0,76.0,2374.0,406.0,889.0,0.457,71.0,196.0,0.362,335.0,693.0,0.483,0.497,180.0,215.0,0.837,107.0,386.0,493.0,126.0,82.0,42.0,129.0,254.0,1063.0,0.0,13.7,0.54,0.22,0.242,5.1,18.2,11.7,7.8,1.7,1.5,11.6,20.5,1.6,2.5,4.1,0.083,-1.4,-0.1,-1.5,0.3,0.0,2017
80,Jae Crowder,32.4,4.6,10.0,0.463,2.2,5.5,0.398,2.4,4.5,0.54,0.572,2.4,3.0,0.811,0.7,5.1,5.8,2.2,1.0,0.3,1.1,2.2,13.9,0.0,0.0,1010.0,0.0,0.0,0.0,0.0,0.0,0.0,0.0,0.0,0.0,0.0,0.0,0.0,0.0,72.0,72.0,2335.0,333.0,720.0,0.463,157.0,394.0,0.398,176.0,326.0,0.54,0.572,176.0,217.0,0.811,48.0,367.0,415.0,155.0,73.0,23.0,80.0,161.0,999.0,0.0,14.9,0.613,0.547,0.301,2.3,17.3,9.9,10.1,1.6,0.8,8.9,17.0,4.1,2.5,6.7,0.137,1.0,-0.1,0.9,1.7,0.0,2017
81,Kentavious Caldwell-Pope,33.3,4.9,12.2,0.399,2.0,5.8,0.35,2.9,6.5,0.442,0.481,2.0,2.4,0.832,0.7,2.5,3.3,2.5,1.2,0.2,1.1,1.6,13.8,0.0,0.0,1010.0,0.0,0.0,0.0,0.0,0.0,0.0,0.0,0.0,0.0,0.0,0.0,0.0,0.0,76.0,75.0,2529.0,370.0,928.0,0.399,153.0,437.0,0.35,217.0,491.0,0.442,0.481,154.0,185.0,0.832,55.0,193.0,248.0,193.0,89.0,12.0,86.0,118.0,1047.0,0.0,12.8,0.519,0.471,0.199,2.3,8.7,5.3,11.2,1.8,0.4,7.9,19.2,2.0,2.5,4.5,0.086,-0.6,0.4,-0.2,1.1,0.0,2017
82,Bojan Bogdanović,25.7,4.6,10.4,0.445,1.8,4.8,0.367,2.9,5.6,0.512,0.53,2.7,3.0,0.893,0.5,3.0,3.4,1.4,0.4,0.1,1.6,1.8,13.7,0.0,0.0,1010.0,0.0,0.0,0.0,0.0,0.0,0.0,0.0,0.0,0.0,0.0,0.0,0.0,0.0,81.0,54.0,2083.0,376.0,845.0,0.445,144.0,392.0,0.367,232.0,453.0,0.512,0.53,217.0,243.0,0.893,37.0,240.0,277.0,111.0,34.0,7.0,131.0,146.0,1113.0,0.0,13.5,0.585,0.464,0.288,1.9,12.3,7.2,8.7,0.8,0.3,12.1,22.4,2.0,0.9,2.9,0.067,-0.1,-2.1,-2.2,-0.1,0.0,2017
83,Will Barton,28.4,4.9,11.1,0.443,1.5,3.9,0.37,3.5,7.2,0.483,0.508,2.4,3.2,0.753,1.0,3.4,4.3,3.4,0.8,0.5,1.6,1.8,13.7,0.0,0.0,1010.0,0.0,0.0,0.0,0.0,0.0,0.0,0.0,0.0,0.0,0.0,0.0,0.0,0.0,60.0,19.0,1705.0,295.0,666.0,0.443,87.0,235.0,0.37,208.0,431.0,0.483,0.508,143.0,190.0,0.753,58.0,201.0,259.0,206.0,48.0,28.0,97.0,110.0,820.0,0.0,15.5,0.547,0.353,0.285,3.8,12.9,8.4,17.7,1.4,1.3,11.5,21.1,2.5,0.8,3.3,0.093,1.2,-1.0,0.2,1.0,0.0,2017
84,Tyler Johnson,29.8,4.9,11.3,0.433,1.3,3.4,0.372,3.6,7.9,0.46,0.49,2.7,3.5,0.768,0.7,3.3,4.0,3.2,1.2,0.6,1.2,2.4,13.7,0.0,0.0,1010.0,0.0,0.0,0.0,0.0,0.0,0.0,0.0,0.0,0.0,0.0,0.0,0.0,0.0,73.0,0.0,2178.0,357.0,824.0,0.433,93.0,250.0,0.372,264.0,574.0,0.46,0.49,195.0,254.0,0.768,50.0,243.0,293.0,233.0,84.0,44.0,90.0,176.0,1002.0,0.0,15.9,0.535,0.303,0.308,2.5,12.5,7.4,16.6,1.9,1.6,8.8,20.9,3.1,2.7,5.8,0.128,0.4,1.0,1.4,1.8,0.0,2017
85,Ryan Anderson,29.4,4.5,10.7,0.418,2.8,7.0,0.403,1.7,3.7,0.446,0.55,1.8,2.1,0.86,1.6,3.0,4.6,0.9,0.4,0.2,0.8,2.0,13.6,0.0,0.0,1010.0,0.0,0.0,0.0,0.0,0.0,0.0,0.0,0.0,0.0,0.0,0.0,0.0,0.0,72.0,72.0,2116.0,323.0,773.0,0.418,204.0,506.0,0.403,119.0,267.0,0.446,0.55,129.0,150.0,0.86,112.0,218.0,330.0,68.0,31.0,14.0,55.0,142.0,979.0,0.0,13.5,0.583,0.655,0.194,5.8,11.2,8.5,4.7,0.7,0.5,6.2,17.9,4.0,1.1,5.2,0.117,1.7,-2.0,-0.4,0.9,0.0,2017
86,Andre Drummond,29.7,6.0,11.2,0.53,0.0,0.1,0.286,5.9,11.2,0.532,0.531,1.7,4.4,0.386,4.3,9.5,13.8,1.1,1.5,1.1,1.9,2.9,13.6,0.0,0.0,1010.0,0.0,0.0,0.0,0.0,0.0,0.0,0.0,0.0,0.0,0.0,0.0,0.0,0.0,81.0,81.0,2409.0,483.0,911.0,0.53,2.0,7.0,0.286,481.0,904.0,0.532,0.531,137.0,355.0,0.386,345.0,770.0,1115.0,90.0,124.0,89.0,152.0,237.0,1105.0,0.0,20.9,0.518,0.008,0.39,15.1,36.2,25.2,6.0,2.6,3.1,12.5,22.4,1.4,5.3,6.7,0.133,0.1,0.8,1.0,1.8,0.0,2017
87,Dwight Howard,29.7,5.2,8.3,0.633,0.0,0.0,0.0,5.2,8.3,0.635,0.633,3.1,5.7,0.533,4.0,8.7,12.7,1.4,0.9,1.2,2.3,2.7,13.5,0.0,0.0,1010.0,0.0,0.0,0.0,0.0,0.0,0.0,0.0,0.0,0.0,0.0,0.0,0.0,0.0,74.0,74.0,2199.0,388.0,613.0,0.633,0.0,2.0,0.0,388.0,611.0,0.635,0.633,226.0,424.0,0.533,296.0,644.0,940.0,104.0,64.0,92.0,170.0,203.0,1002.0,0.0,20.8,0.627,0.003,0.692,15.0,31.7,23.5,7.8,1.4,3.6,17.5,19.2,3.8,4.5,8.3,0.181,0.6,0.8,1.4,1.9,0.0,2017
88,Wesley Matthews,34.2,4.6,11.6,0.393,2.4,6.6,0.363,2.2,5.0,0.432,0.496,2.0,2.5,0.816,0.2,3.3,3.5,2.9,1.1,0.2,1.4,2.2,13.5,0.0,0.0,1010.0,0.0,0.0,0.0,0.0,0.0,0.0,0.0,0.0,0.0,0.0,0.0,0.0,0.0,73.0,73.0,2495.0,333.0,847.0,0.393,174.0,479.0,0.363,159.0,368.0,0.432,0.496,146.0,179.0,0.816,18.0,241.0,259.0,210.0,77.0,15.0,102.0,161.0,986.0,0.0,11.9,0.533,0.566,0.211,0.8,11.8,6.0,13.6,1.6,0.5,9.9,19.4,1.0,2.1,3.1,0.06,-0.8,0.0,-0.8,0.8,0.0,2017
89,Otto Porter Jr.,32.6,5.2,10.0,0.516,1.9,4.3,0.434,3.3,5.8,0.576,0.608,1.2,1.5,0.832,1.5,5.0,6.4,1.5,1.5,0.5,0.6,2.4,13.4,0.0,0.0,1010.0,0.0,0.0,0.0,0.0,0.0,0.0,0.0,0.0,0.0,0.0,0.0,0.0,0.0,80.0,80.0,2605.0,414.0,803.0,0.516,148.0,341.0,0.434,266.0,462.0,0.576,0.608,99.0,119.0,0.832,118.0,396.0,514.0,121.0,116.0,42.0,44.0,193.0,1075.0,0.0,17.3,0.628,0.425,0.148,5.1,17.1,11.1,6.7,2.2,1.3,4.9,15.1,6.4,3.0,9.4,0.173,2.4,0.9,3.3,3.5,0.0,2017
90,Darren Collison,30.3,5.0,10.5,0.476,1.1,2.6,0.417,3.9,7.9,0.495,0.527,2.2,2.5,0.86,0.3,1.9,2.2,4.6,1.0,0.1,1.7,1.8,13.2,0.0,0.0,1010.0,0.0,0.0,0.0,0.0,0.0,0.0,0.0,0.0,0.0,0.0,0.0,0.0,0.0,68.0,64.0,2063.0,340.0,714.0,0.476,73.0,175.0,0.417,267.0,539.0,0.495,0.527,147.0,171.0,0.86,23.0,129.0,152.0,312.0,67.0,9.0,114.0,119.0,900.0,0.0,15.3,0.57,0.245,0.239,1.3,7.1,4.3,24.5,1.6,0.4,12.6,19.8,3.1,0.8,3.9,0.091,0.3,-1.2,-0.9,0.6,0.0,2017
91,Julius Randle,28.8,5.1,10.4,0.488,0.2,0.9,0.27,4.9,9.6,0.507,0.499,2.8,3.8,0.723,2.0,6.6,8.6,3.6,0.7,0.5,2.3,3.4,13.2,0.0,0.0,1010.0,0.0,0.0,0.0,0.0,0.0,0.0,0.0,0.0,0.0,0.0,0.0,0.0,0.0,74.0,73.0,2132.0,377.0,773.0,0.488,17.0,63.0,0.27,360.0,710.0,0.507,0.499,204.0,282.0,0.723,150.0,486.0,636.0,264.0,49.0,37.0,173.0,248.0,975.0,3.0,16.3,0.543,0.082,0.365,7.4,25.8,16.3,19.3,1.1,1.4,16.2,21.4,2.0,1.5,3.5,0.08,-0.6,-0.3,-0.9,0.6,0.0,2017
92,Nick Young,25.9,4.5,10.6,0.43,2.8,7.0,0.404,1.7,3.5,0.481,0.564,1.3,1.5,0.856,0.4,1.9,2.3,1.0,0.6,0.2,0.6,2.3,13.2,0.0,0.0,1010.0,0.0,0.0,0.0,0.0,0.0,0.0,0.0,0.0,0.0,0.0,0.0,0.0,0.0,60.0,60.0,1556.0,272.0,633.0,0.43,170.0,421.0,0.404,102.0,212.0,0.481,0.564,77.0,90.0,0.856,25.0,113.0,138.0,58.0,37.0,14.0,36.0,137.0,791.0,0.0,14.1,0.588,0.665,0.142,1.7,8.2,4.8,5.8,1.2,0.7,5.1,19.5,3.0,0.2,3.2,0.098,1.7,-1.8,-0.1,0.7,0.0,2017
93,Ersan İlyasova,26.1,4.7,10.9,0.431,1.7,4.9,0.353,3.0,6.0,0.496,0.511,2.0,2.5,0.778,1.4,4.5,5.9,1.7,0.7,0.3,1.4,2.6,13.1,0.0,0.0,1010.0,0.0,0.0,0.0,0.0,0.0,0.0,0.0,0.0,0.0,0.0,0.0,0.0,0.0,82.0,52.0,2142.0,384.0,890.0,0.431,142.0,402.0,0.353,242.0,488.0,0.496,0.511,161.0,207.0,0.778,115.0,366.0,481.0,141.0,58.0,23.0,116.0,211.0,1071.0,0.0,14.6,0.546,0.452,0.233,5.9,18.8,12.4,11.0,1.3,0.9,10.6,22.2,1.8,2.3,4.1,0.091,0.4,-0.3,0.1,1.1,0.0,2017
94,Sean Kilpatrick,25.1,4.4,10.5,0.415,1.5,4.4,0.341,2.9,6.1,0.468,0.486,2.9,3.5,0.843,0.3,3.7,4.0,2.2,0.6,0.1,1.9,1.7,13.1,0.0,0.0,1010.0,0.0,0.0,0.0,0.0,0.0,0.0,0.0,0.0,0.0,0.0,0.0,0.0,0.0,70.0,24.0,1754.0,305.0,735.0,0.415,105.0,308.0,0.341,200.0,427.0,0.468,0.486,204.0,242.0,0.843,22.0,258.0,280.0,157.0,45.0,6.0,135.0,118.0,919.0,0.0,13.1,0.546,0.419,0.329,1.3,15.4,8.4,14.6,1.2,0.3,13.8,23.8,0.4,1.1,1.4,0.04,-0.9,-1.4,-2.3,-0.1,0.0,2017
95,Robert Covington,31.6,4.4,10.9,0.399,2.0,6.1,0.333,2.3,4.8,0.484,0.492,2.1,2.6,0.822,1.4,5.1,6.5,1.5,1.9,1.0,2.0,3.0,12.9,0.0,0.0,1010.0,0.0,0.0,0.0,0.0,0.0,0.0,0.0,0.0,0.0,0.0,0.0,0.0,0.0,67.0,67.0,2119.0,292.0,732.0,0.399,137.0,412.0,0.333,155.0,320.0,0.484,0.492,143.0,174.0,0.822,92.0,344.0,436.0,102.0,127.0,69.0,131.0,203.0,864.0,0.0,13.2,0.534,0.563,0.238,4.8,17.9,11.3,7.5,2.9,2.6,13.9,19.2,0.0,3.2,3.1,0.071,-1.2,1.4,0.2,1.1,0.0,2017
96,Seth Curry,29.0,4.8,10.0,0.481,2.0,4.6,0.425,2.9,5.4,0.528,0.578,1.2,1.4,0.85,0.4,2.2,2.6,2.7,1.1,0.1,1.3,1.8,12.8,0.0,0.0,1010.0,0.0,0.0,0.0,0.0,0.0,0.0,0.0,0.0,0.0,0.0,0.0,0.0,0.0,70.0,42.0,2029.0,338.0,703.0,0.481,137.0,322.0,0.425,201.0,381.0,0.528,0.578,85.0,100.0,0.85,25.0,154.0,179.0,189.0,79.0,7.0,92.0,126.0,898.0,0.0,15.5,0.601,0.458,0.142,1.4,9.3,5.1,16.0,2.0,0.3,11.0,19.5,2.9,1.7,4.6,0.11,0.8,0.4,1.2,1.7,0.0,2017
97,James Johnson,27.4,4.8,10.1,0.479,1.1,3.4,0.34,3.7,6.8,0.548,0.535,2.0,2.8,0.707,0.9,4.1,4.9,3.6,1.0,1.1,2.3,2.6,12.8,0.0,0.0,1010.0,0.0,0.0,0.0,0.0,0.0,0.0,0.0,0.0,0.0,0.0,0.0,0.0,0.0,76.0,5.0,2085.0,368.0,769.0,0.479,87.0,256.0,0.34,281.0,513.0,0.548,0.535,152.0,215.0,0.707,66.0,310.0,376.0,276.0,76.0,86.0,171.0,197.0,975.0,0.0,17.0,0.564,0.333,0.28,3.5,16.6,10.0,20.9,1.8,3.2,16.5,22.0,1.9,3.2,5.1,0.117,1.1,1.7,2.8,2.5,0.0,2017
98,Elfrid Payton,29.4,5.2,11.1,0.471,0.5,1.8,0.274,4.8,9.3,0.509,0.493,1.8,2.6,0.692,1.1,3.6,4.7,6.5,1.1,0.5,2.2,2.2,12.8,0.0,0.0,1010.0,0.0,0.0,0.0,0.0,0.0,0.0,0.0,0.0,0.0,0.0,0.0,0.0,0.0,82.0,58.0,2412.0,430.0,912.0,0.471,40.0,146.0,0.274,390.0,766.0,0.509,0.493,146.0,211.0,0.692,89.0,298.0,387.0,529.0,88.0,40.0,178.0,177.0,1046.0,5.0,17.2,0.52,0.16,0.231,3.9,13.9,8.7,35.7,1.8,1.3,15.0,21.6,2.4,2.0,4.4,0.088,0.8,0.0,0.8,1.7,0.0,2017
99,Dario Šarić,26.3,4.7,11.4,0.411,1.3,4.2,0.311,3.4,7.2,0.469,0.468,2.1,2.7,0.782,1.4,5.0,6.3,2.2,0.7,0.4,2.3,2.0,12.8,0.0,0.0,1010.0,0.0,0.0,0.0,0.0,0.0,0.0,0.0,0.0,0.0,0.0,0.0,0.0,0.0,81.0,36.0,2129.0,381.0,927.0,0.411,106.0,341.0,0.311,275.0,586.0,0.469,0.468,172.0,220.0,0.782,112.0,401.0,513.0,182.0,57.0,30.0,183.0,162.0,1040.0,0.0,12.8,0.508,0.368,0.237,5.8,20.8,13.3,14.3,1.3,1.1,15.2,24.6,-1.2,2.2,1.0,0.023,-1.3,-0.9,-2.3,-0.2,0.0,2017
100,Aaron Gordon,28.7,4.9,10.8,0.454,1.0,3.3,0.288,4.0,7.5,0.528,0.499,2.0,2.7,0.719,1.5,3.6,5.1,1.9,0.8,0.5,1.1,2.2,12.7,0.0,0.0,1010.0,0.0,0.0,0.0,0.0,0.0,0.0,0.0,0.0,0.0,0.0,0.0,0.0,0.0,80.0,72.0,2298.0,393.0,865.0,0.454,77.0,267.0,0.288,316.0,598.0,0.528,0.499,156.0,217.0,0.719,116.0,289.0,405.0,150.0,65.0,40.0,89.0,172.0,1019.0,0.0,14.5,0.53,0.309,0.251,5.3,14.1,9.6,10.5,1.4,1.4,8.5,20.1,2.0,1.7,3.7,0.077,-0.3,-0.7,-1.0,0.6,0.0,2017
101,Rodney Hood,27.0,4.6,11.3,0.408,1.9,5.2,0.371,2.7,6.1,0.44,0.494,1.5,1.9,0.783,0.3,3.2,3.4,1.6,0.6,0.2,1.1,2.2,12.7,0.0,0.0,1010.0,0.0,0.0,0.0,0.0,0.0,0.0,0.0,0.0,0.0,0.0,0.0,0.0,0.0,59.0,55.0,1593.0,272.0,666.0,0.408,114.0,307.0,0.371,158.0,359.0,0.44,0.494,90.0,115.0,0.783,16.0,186.0,202.0,96.0,38.0,11.0,65.0,132.0,748.0,0.0,12.4,0.522,0.461,0.173,1.2,13.1,7.3,10.1,1.3,0.6,8.3,22.9,0.7,1.9,2.6,0.078,-0.6,-0.3,-0.9,0.4,0.0,2017
102,DeAndre Jordan,31.7,5.1,7.1,0.714,0.0,0.0,0.0,5.1,7.1,0.717,0.714,2.5,5.2,0.482,3.7,10.1,13.8,1.2,0.6,1.7,1.4,2.6,12.7,0.0,0.0,1010.0,0.0,0.0,0.0,0.0,0.0,0.0,0.0,0.0,0.0,0.0,0.0,0.0,0.0,81.0,81.0,2570.0,412.0,577.0,0.714,0.0,2.0,0.0,412.0,575.0,0.717,0.714,205.0,425.0,0.482,298.0,816.0,1114.0,96.0,51.0,134.0,115.0,212.0,1029.0,0.0,21.8,0.673,0.003,0.737,13.3,34.6,24.2,5.7,1.0,4.3,13.1,15.3,7.2,4.6,11.8,0.221,2.5,0.9,3.3,3.5,0.0,2017
103,Clint Capela,23.9,5.6,8.7,0.643,0.0,0.0,0.0,5.6,8.7,0.643,0.643,1.4,2.7,0.531,2.7,5.4,8.1,1.0,0.5,1.2,1.3,2.8,12.6,0.0,0.0,1010.0,0.0,0.0,0.0,0.0,0.0,0.0,0.0,0.0,0.0,0.0,0.0,0.0,0.0,65.0,59.0,1551.0,362.0,563.0,0.643,0.0,0.0,0.0,362.0,563.0,0.643,0.643,94.0,177.0,0.531,178.0,348.0,526.0,63.0,34.0,79.0,87.0,179.0,818.0,0.0,21.4,0.638,0.0,0.314,12.5,24.5,18.5,6.7,1.1,4.1,12.0,19.9,3.8,2.1,5.9,0.184,1.3,-0.1,1.2,1.2,0.0,2017
104,Pau Gasol,25.4,4.7,9.4,0.502,0.9,1.6,0.538,3.9,7.8,0.494,0.548,2.0,2.9,0.707,1.7,6.2,7.8,2.3,0.4,1.1,1.3,1.7,12.4,0.0,0.0,1010.0,0.0,0.0,0.0,0.0,0.0,0.0,0.0,0.0,0.0,0.0,0.0,0.0,0.0,64.0,39.0,1627.0,303.0,604.0,0.502,56.0,104.0,0.538,247.0,500.0,0.494,0.548,130.0,184.0,0.707,107.0,394.0,501.0,150.0,24.0,70.0,81.0,110.0,792.0,0.0,20.2,0.578,0.172,0.305,7.6,26.8,17.4,14.7,0.8,3.5,10.6,21.3,3.3,3.1,6.4,0.19,2.6,1.5,4.0,2.5,0.0,2017
105,Jamal Crawford,26.3,4.4,10.6,0.413,1.4,3.9,0.36,3.0,6.7,0.443,0.479,2.1,2.5,0.857,0.2,1.4,1.6,2.6,0.7,0.2,1.6,1.4,12.3,0.0,0.0,1010.0,0.0,0.0,0.0,0.0,0.0,0.0,0.0,0.0,0.0,0.0,0.0,0.0,0.0,82.0,1.0,2157.0,359.0,870.0,0.413,116.0,322.0,0.36,243.0,548.0,0.443,0.479,174.0,203.0,0.857,17.0,112.0,129.0,214.0,61.0,14.0,134.0,115.0,1008.0,0.0,12.0,0.525,0.37,0.233,0.9,5.7,3.3,15.2,1.4,0.5,12.3,22.7,0.5,1.4,1.9,0.043,-0.8,-1.3,-2.1,0.0,0.0,2017
106,Austin Rivers,27.8,4.4,9.9,0.442,1.5,4.0,0.371,2.9,5.8,0.491,0.518,1.8,2.6,0.691,0.3,1.9,2.2,2.8,0.6,0.1,1.6,2.5,12.0,0.0,0.0,1010.0,0.0,0.0,0.0,0.0,0.0,0.0,0.0,0.0,0.0,0.0,0.0,0.0,0.0,74.0,29.0,2054.0,323.0,731.0,0.442,111.0,299.0,0.371,212.0,432.0,0.491,0.518,132.0,191.0,0.691,20.0,141.0,161.0,204.0,48.0,10.0,115.0,187.0,889.0,0.0,11.4,0.545,0.409,0.261,1.1,7.5,4.4,15.0,1.2,0.4,12.4,20.3,1.2,1.3,2.5,0.059,-1.2,-1.0,-2.2,-0.1,0.0,2017
107,Jonas Valančiūnas,25.8,4.9,8.8,0.557,0.0,0.0,0.5,4.9,8.8,0.557,0.558,2.2,2.7,0.811,2.8,6.7,9.5,0.7,0.5,0.8,1.3,2.7,12.0,0.0,0.0,1010.0,0.0,0.0,0.0,0.0,0.0,0.0,0.0,0.0,0.0,0.0,0.0,0.0,0.0,80.0,80.0,2066.0,391.0,702.0,0.557,1.0,2.0,0.5,390.0,700.0,0.557,0.558,176.0,217.0,0.811,226.0,533.0,759.0,57.0,37.0,63.0,106.0,216.0,959.0,0.0,20.1,0.601,0.003,0.309,12.4,29.1,20.8,4.4,0.9,2.6,11.7,19.5,4.9,3.0,7.9,0.183,1.1,-0.8,0.3,1.2,0.0,2017
108,Jahlil Okafor,22.7,4.8,9.4,0.514,0.0,0.0,0.0,4.8,9.4,0.514,0.514,2.1,3.2,0.671,1.6,3.2,4.8,1.2,0.4,1.0,1.8,2.4,11.8,0.0,0.0,1010.0,0.0,0.0,0.0,0.0,0.0,0.0,0.0,0.0,0.0,0.0,0.0,0.0,0.0,50.0,33.0,1134.0,242.0,471.0,0.514,0.0,0.0,0.0,242.0,471.0,0.514,0.514,106.0,158.0,0.671,81.0,159.0,240.0,58.0,20.0,49.0,91.0,122.0,590.0,0.0,14.8,0.546,0.0,0.335,7.8,15.5,11.7,9.0,0.9,3.4,14.4,24.1,0.1,1.1,1.2,0.05,-1.9,-0.6,-2.5,-0.1,0.0,2017
109,Trevor Ariza,34.7,4.1,10.0,0.409,2.4,6.9,0.344,1.7,3.0,0.556,0.528,1.2,1.6,0.738,0.7,5.1,5.7,2.2,1.8,0.3,0.9,1.7,11.7,0.0,0.0,1010.0,0.0,0.0,0.0,0.0,0.0,0.0,0.0,0.0,0.0,0.0,0.0,0.0,0.0,80.0,80.0,2773.0,326.0,798.0,0.409,191.0,555.0,0.344,135.0,243.0,0.556,0.528,93.0,126.0,0.738,54.0,404.0,458.0,175.0,147.0,20.0,73.0,133.0,936.0,0.0,12.3,0.548,0.695,0.158,2.1,15.9,9.0,8.8,2.5,0.6,7.9,14.1,2.8,3.2,6.0,0.104,-0.1,1.1,1.0,2.1,0.0,2017
110,Frank Kaminsky,26.1,4.3,10.7,0.399,1.5,4.7,0.328,2.7,6.0,0.455,0.471,1.6,2.1,0.756,0.8,3.7,4.5,2.2,0.6,0.5,1.0,1.9,11.7,0.0,0.0,1010.0,0.0,0.0,0.0,0.0,0.0,0.0,0.0,0.0,0.0,0.0,0.0,0.0,0.0,75.0,16.0,1954.0,320.0,802.0,0.399,116.0,354.0,0.328,204.0,448.0,0.455,0.471,118.0,156.0,0.756,57.0,279.0,336.0,162.0,46.0,34.0,76.0,139.0,874.0,0.0,13.0,0.502,0.441,0.195,3.2,15.8,9.5,13.5,1.2,1.5,8.0,21.8,0.4,1.9,2.3,0.056,-0.5,-0.6,-1.2,0.4,0.0,2017
111,Greg Monroe,22.5,4.8,9.0,0.533,0.0,0.0,0.0,4.8,8.9,0.536,0.533,2.2,3.0,0.741,2.1,4.5,6.6,2.3,1.1,0.5,1.7,2.1,11.7,0.0,0.0,1010.0,0.0,0.0,0.0,0.0,0.0,0.0,0.0,0.0,0.0,0.0,0.0,0.0,0.0,81.0,0.0,1823.0,387.0,726.0,0.533,0.0,4.0,0.0,387.0,722.0,0.536,0.533,177.0,239.0,0.741,167.0,365.0,532.0,187.0,92.0,38.0,140.0,168.0,951.0,0.0,21.1,0.572,0.006,0.329,10.8,23.1,17.0,17.3,2.6,1.8,14.4,24.3,3.0,2.6,5.6,0.147,1.3,0.5,1.8,1.7,0.0,2017
112,Steven Adams,29.9,4.7,8.2,0.571,0.0,0.0,0.0,4.7,8.2,0.572,0.571,2.0,3.2,0.611,3.5,4.2,7.7,1.1,1.1,1.0,1.8,2.4,11.3,0.0,0.0,1010.0,0.0,0.0,0.0,0.0,0.0,0.0,0.0,0.0,0.0,0.0,0.0,0.0,0.0,80.0,80.0,2389.0,374.0,655.0,0.571,0.0,1.0,0.0,374.0,654.0,0.572,0.571,157.0,257.0,0.611,281.0,332.0,613.0,86.0,89.0,78.0,146.0,195.0,905.0,0.0,16.5,0.589,0.002,0.392,13.0,15.4,14.2,5.4,1.8,2.6,16.0,16.2,3.3,3.1,6.5,0.13,-0.2,0.0,-0.2,1.1,0.0,2017
113,Marvin Williams,30.2,3.9,9.3,0.422,1.6,4.7,0.35,2.3,4.6,0.494,0.51,1.7,2.0,0.873,1.2,5.4,6.6,1.4,0.8,0.7,0.8,1.8,11.2,0.0,0.0,1010.0,0.0,0.0,0.0,0.0,0.0,0.0,0.0,0.0,0.0,0.0,0.0,0.0,0.0,76.0,76.0,2295.0,297.0,704.0,0.422,124.0,354.0,0.35,173.0,350.0,0.494,0.51,131.0,150.0,0.873,89.0,411.0,500.0,106.0,58.0,53.0,60.0,134.0,849.0,0.0,13.7,0.551,0.503,0.213,4.2,19.8,12.0,7.1,1.3,2.0,7.2,16.3,2.4,2.6,5.0,0.105,-0.1,0.1,0.0,1.1,0.0,2017
114,Ricky Rubio,32.9,3.5,8.7,0.402,0.8,2.6,0.306,2.7,6.1,0.443,0.448,3.4,3.8,0.891,0.9,3.2,4.1,9.1,1.7,0.1,2.6,2.7,11.1,0.0,0.0,1010.0,0.0,0.0,0.0,0.0,0.0,0.0,0.0,0.0,0.0,0.0,0.0,0.0,0.0,75.0,75.0,2469.0,261.0,650.0,0.402,60.0,196.0,0.306,201.0,454.0,0.443,0.448,254.0,285.0,0.891,68.0,237.0,305.0,682.0,128.0,10.0,195.0,202.0,836.0,1.0,16.8,0.539,0.302,0.438,3.2,11.4,7.2,38.9,2.6,0.3,20.1,17.4,4.5,1.7,6.1,0.119,1.2,-0.2,0.9,1.8,0.0,2017
115,Deron Williams,25.9,4.1,9.4,0.438,1.3,3.7,0.363,2.8,5.7,0.486,0.509,1.4,1.7,0.826,0.2,2.1,2.3,5.6,0.5,0.1,2.2,2.2,11.0,0.0,0.0,1010.0,0.0,0.0,0.0,0.0,0.0,0.0,0.0,0.0,0.0,0.0,0.0,0.0,0.0,64.0,44.0,1657.0,263.0,600.0,0.438,85.0,234.0,0.363,178.0,366.0,0.486,0.509,90.0,109.0,0.826,14.0,133.0,147.0,360.0,31.0,8.0,138.0,138.0,701.0,0.0,14.0,0.541,0.39,0.182,0.9,9.4,5.1,35.9,1.0,0.4,17.6,22.1,1.5,0.9,2.4,0.069,0.0,-1.8,-1.8,0.1,0.0,2017
116,Terrence Ross,25.1,4.2,9.6,0.437,1.8,5.0,0.363,2.4,4.6,0.518,0.532,0.8,1.0,0.831,0.2,2.4,2.6,1.1,1.1,0.4,0.9,1.8,11.0,0.0,0.0,1010.0,0.0,0.0,0.0,0.0,0.0,0.0,0.0,0.0,0.0,0.0,0.0,0.0,0.0,78.0,24.0,1955.0,326.0,746.0,0.437,142.0,391.0,0.363,184.0,355.0,0.518,0.532,64.0,77.0,0.831,18.0,188.0,206.0,88.0,87.0,33.0,68.0,143.0,858.0,0.0,13.4,0.55,0.524,0.103,1.0,10.8,5.9,7.1,2.2,1.4,8.0,19.3,1.5,2.0,3.5,0.086,-0.3,0.1,-0.2,0.9,0.0,2017
117,Jerryd Bayless,23.7,3.7,10.7,0.344,0.7,1.7,0.4,3.0,9.0,0.333,0.375,3.0,3.3,0.9,1.0,3.0,4.0,4.3,0.0,0.0,3.0,1.3,11.0,0.0,0.0,1010.0,0.0,0.0,0.0,0.0,0.0,0.0,0.0,0.0,0.0,0.0,0.0,0.0,0.0,3.0,1.0,71.0,11.0,32.0,0.344,2.0,5.0,0.4,9.0,27.0,0.333,0.375,9.0,10.0,0.9,3.0,9.0,12.0,13.0,0.0,0.0,9.0,4.0,33.0,0.0,8.7,0.453,0.156,0.313,4.6,14.0,9.3,29.4,0.0,0.0,19.8,27.7,-0.1,0.0,-0.1,-0.067,-2.1,-2.4,-4.4,0.0,0.0,2017
118,Kent Bazemore,26.9,4.0,9.9,0.409,1.3,3.6,0.346,2.8,6.2,0.446,0.473,1.6,2.3,0.708,0.6,2.5,3.2,2.4,1.2,0.7,1.7,2.3,11.0,0.0,0.0,1010.0,0.0,0.0,0.0,0.0,0.0,0.0,0.0,0.0,0.0,0.0,0.0,0.0,0.0,73.0,64.0,1963.0,295.0,721.0,0.409,92.0,266.0,0.346,203.0,455.0,0.446,0.473,119.0,168.0,0.708,45.0,186.0,231.0,177.0,91.0,52.0,125.0,165.0,801.0,0.0,11.6,0.504,0.369,0.233,2.6,10.3,6.5,14.2,2.3,2.3,13.6,20.5,-0.6,2.8,2.1,0.052,-2.1,1.1,-1.0,0.5,0.0,2017
119,Brandon Knight,21.1,3.9,9.7,0.398,0.8,2.6,0.324,3.0,7.1,0.425,0.441,2.4,2.9,0.857,0.5,1.7,2.2,2.4,0.5,0.1,1.6,1.6,11.0,0.0,0.0,1010.0,0.0,0.0,0.0,0.0,0.0,0.0,0.0,0.0,0.0,0.0,0.0,0.0,0.0,54.0,5.0,1140.0,209.0,525.0,0.398,45.0,139.0,0.324,164.0,386.0,0.425,0.441,132.0,154.0,0.857,25.0,93.0,118.0,130.0,27.0,5.0,88.0,87.0,595.0,0.0,12.4,0.502,0.265,0.293,2.3,9.1,5.6,17.8,1.1,0.4,12.9,25.0,0.1,0.2,0.3,0.015,-0.8,-2.1,-2.8,-0.2,0.0,2017
120,Emmanuel Mudiay,25.6,3.8,10.0,0.377,1.0,3.2,0.315,2.8,6.8,0.408,0.428,2.4,3.0,0.784,0.5,2.7,3.2,3.9,0.7,0.2,2.2,1.7,11.0,0.0,0.0,1010.0,0.0,0.0,0.0,0.0,0.0,0.0,0.0,0.0,0.0,0.0,0.0,0.0,0.0,55.0,41.0,1406.0,208.0,551.0,0.377,56.0,178.0,0.315,152.0,373.0,0.408,0.428,131.0,167.0,0.784,29.0,149.0,178.0,217.0,41.0,13.0,123.0,95.0,603.0,0.0,10.9,0.483,0.323,0.303,2.3,11.6,7.0,21.8,1.4,0.7,16.5,22.6,-0.4,0.5,0.2,0.006,-1.6,-1.6,-3.2,-0.4,0.0,2017
121,Thaddeus Young,30.2,4.9,9.3,0.527,0.6,1.6,0.381,4.3,7.7,0.557,0.56,0.6,1.2,0.523,1.8,4.3,6.1,1.6,1.5,0.4,1.3,1.8,11.0,0.0,0.0,1010.0,0.0,0.0,0.0,0.0,0.0,0.0,0.0,0.0,0.0,0.0,0.0,0.0,0.0,74.0,74.0,2237.0,362.0,687.0,0.527,45.0,118.0,0.381,317.0,569.0,0.557,0.56,45.0,86.0,0.523,131.0,317.0,448.0,122.0,113.0,29.0,95.0,135.0,814.0,0.0,14.9,0.562,0.172,0.125,6.7,15.7,11.2,8.4,2.5,1.1,11.6,16.4,2.0,2.7,4.6,0.1,-0.3,0.8,0.5,1.4,0.0,2017
122,J.J. Barea,22.0,4.1,9.8,0.414,1.5,4.2,0.358,2.5,5.6,0.456,0.491,1.3,1.5,0.863,0.3,2.1,2.4,5.5,0.4,0.0,1.8,0.9,10.9,0.0,0.0,1010.0,0.0,0.0,0.0,0.0,0.0,0.0,0.0,0.0,0.0,0.0,0.0,0.0,0.0,35.0,6.0,771.0,142.0,343.0,0.414,53.0,148.0,0.358,89.0,195.0,0.456,0.491,44.0,51.0,0.863,9.0,75.0,84.0,193.0,14.0,1.0,63.0,30.0,381.0,0.0,17.2,0.521,0.431,0.149,1.3,11.9,6.3,44.2,0.9,0.1,14.7,26.2,0.8,0.5,1.3,0.08,3.0,-1.5,1.5,0.7,0.0,2017
123,Justise Winslow,34.7,4.4,12.5,0.356,0.4,1.9,0.2,4.1,10.6,0.384,0.371,1.6,2.6,0.617,1.3,3.9,5.2,3.7,1.4,0.3,1.8,2.9,10.9,0.0,0.0,1010.0,0.0,0.0,0.0,0.0,0.0,0.0,0.0,0.0,0.0,0.0,0.0,0.0,0.0,18.0,15.0,625.0,80.0,225.0,0.356,7.0,35.0,0.2,73.0,190.0,0.384,0.371,29.0,47.0,0.617,23.0,71.0,94.0,66.0,26.0,6.0,33.0,52.0,196.0,0.0,8.2,0.399,0.156,0.209,4.0,12.7,8.3,15.5,2.1,0.8,11.8,19.8,-0.9,0.8,-0.1,-0.009,-4.6,0.8,-3.8,-0.3,0.0,2017
124,Taj Gibson,25.5,4.7,9.1,0.515,0.0,0.2,0.231,4.6,8.9,0.52,0.517,1.4,2.0,0.715,2.0,4.2,6.2,0.9,0.5,0.8,1.3,2.1,10.8,0.0,0.0,1010.0,0.0,0.0,0.0,0.0,0.0,0.0,0.0,0.0,0.0,0.0,0.0,0.0,0.0,78.0,71.0,1989.0,365.0,709.0,0.515,3.0,13.0,0.231,362.0,696.0,0.52,0.517,113.0,158.0,0.715,158.0,327.0,485.0,73.0,41.0,65.0,105.0,163.0,846.0,0.0,15.0,0.543,0.018,0.223,8.6,17.9,13.2,5.9,1.0,2.6,11.9,19.3,1.6,2.5,4.0,0.097,-1.1,-0.4,-1.5,0.2,0.0,2017
125,Terrence Jones,23.5,4.3,9.1,0.47,0.4,1.4,0.253,3.9,7.7,0.508,0.489,1.9,3.1,0.606,1.2,4.5,5.7,1.1,0.7,1.0,0.9,1.2,10.8,0.0,0.0,1010.0,0.0,0.0,0.0,0.0,0.0,0.0,0.0,0.0,0.0,0.0,0.0,0.0,0.0,54.0,12.0,1270.0,231.0,492.0,0.47,19.0,75.0,0.253,212.0,417.0,0.508,0.489,103.0,170.0,0.606,65.0,241.0,306.0,59.0,40.0,54.0,48.0,67.0,584.0,0.0,16.1,0.515,0.152,0.346,5.4,20.2,12.7,7.5,1.5,3.5,7.8,21.4,0.4,1.9,2.3,0.086,-1.0,0.4,-0.6,0.5,0.0,2017
126,Marcin Gortat,31.2,4.8,8.2,0.579,0.0,0.0,0.0,4.8,8.2,0.58,0.579,1.3,1.9,0.648,2.9,7.5,10.4,1.5,0.5,0.7,1.5,2.6,10.8,0.0,0.0,1010.0,0.0,0.0,0.0,0.0,0.0,0.0,0.0,0.0,0.0,0.0,0.0,0.0,0.0,82.0,82.0,2556.0,390.0,674.0,0.579,0.0,2.0,0.0,390.0,672.0,0.58,0.579,103.0,159.0,0.648,238.0,611.0,849.0,121.0,40.0,61.0,119.0,213.0,883.0,0.0,15.4,0.593,0.003,0.236,10.6,26.8,18.7,6.8,0.8,2.0,13.8,14.7,3.9,2.9,6.8,0.127,-0.3,-0.5,-0.8,0.8,0.0,2017
127,Courtney Lee,31.9,4.2,9.1,0.456,1.4,3.5,0.401,2.8,5.6,0.49,0.533,1.1,1.3,0.867,0.7,2.7,3.4,2.3,1.1,0.3,0.9,1.8,10.8,0.0,0.0,1010.0,0.0,0.0,0.0,0.0,0.0,0.0,0.0,0.0,0.0,0.0,0.0,0.0,0.0,77.0,74.0,2459.0,321.0,704.0,0.456,108.0,269.0,0.401,213.0,435.0,0.49,0.533,85.0,98.0,0.867,53.0,206.0,259.0,179.0,81.0,24.0,69.0,141.0,835.0,0.0,12.2,0.559,0.382,0.139,2.3,9.0,5.7,10.6,1.6,0.8,8.5,14.4,3.1,1.1,4.2,0.081,-0.7,-0.2,-0.9,0.7,0.0,2017
128,Allen Crabbe,28.5,3.8,8.2,0.468,1.7,3.8,0.444,2.1,4.4,0.49,0.572,1.3,1.6,0.847,0.2,2.6,2.9,1.2,0.7,0.3,0.8,2.2,10.7,0.0,0.0,1010.0,0.0,0.0,0.0,0.0,0.0,0.0,0.0,0.0,0.0,0.0,0.0,0.0,0.0,79.0,7.0,2254.0,303.0,647.0,0.468,134.0,302.0,0.444,169.0,345.0,0.49,0.572,105.0,124.0,0.847,19.0,207.0,226.0,94.0,54.0,20.0,62.0,171.0,845.0,0.0,11.6,0.602,0.467,0.192,0.9,10.2,5.6,6.1,1.2,0.7,8.1,14.9,3.1,1.0,4.2,0.089,-0.7,-0.6,-1.3,0.4,0.0,2017
129,C.J. Miles,23.4,3.7,8.5,0.434,2.2,5.4,0.413,1.5,3.1,0.471,0.565,1.1,1.2,0.903,0.4,2.6,3.0,0.6,0.6,0.3,0.5,2.0,10.7,0.0,0.0,1010.0,0.0,0.0,0.0,0.0,0.0,0.0,0.0,0.0,0.0,0.0,0.0,0.0,0.0,76.0,29.0,1776.0,281.0,647.0,0.434,169.0,409.0,0.413,112.0,238.0,0.471,0.565,84.0,93.0,0.903,30.0,199.0,229.0,48.0,46.0,25.0,40.0,151.0,815.0,0.0,13.8,0.592,0.632,0.144,1.9,12.4,7.2,4.1,1.3,1.2,5.5,18.4,2.7,1.4,4.0,0.109,1.2,-0.7,0.5,1.1,0.0,2017
130,Alex Poythress,26.2,4.2,9.0,0.463,1.0,3.2,0.316,3.2,5.8,0.543,0.519,1.3,1.7,0.8,1.8,3.0,4.8,0.8,0.5,0.3,0.5,2.3,10.7,0.0,0.0,1010.0,0.0,0.0,0.0,0.0,0.0,0.0,0.0,0.0,0.0,0.0,0.0,0.0,0.0,6.0,1.0,157.0,25.0,54.0,0.463,6.0,19.0,0.316,19.0,35.0,0.543,0.519,8.0,10.0,0.8,11.0,18.0,29.0,5.0,3.0,2.0,3.0,14.0,64.0,0.0,13.2,0.548,0.352,0.185,7.7,12.7,10.2,5.1,0.9,1.0,4.9,16.9,0.2,0.1,0.3,0.099,-0.8,-2.1,-2.9,0.0,0.0,2017
131,Buddy Hield,23.0,4.0,9.4,0.426,1.8,4.6,0.391,2.2,4.7,0.461,0.523,0.8,0.9,0.842,0.4,2.9,3.3,1.5,0.5,0.1,1.2,1.4,10.6,0.0,0.0,1010.0,0.0,0.0,0.0,0.0,0.0,0.0,0.0,0.0,0.0,0.0,0.0,0.0,0.0,82.0,55.0,1888.0,327.0,767.0,0.426,148.0,379.0,0.391,179.0,388.0,0.461,0.523,64.0,76.0,0.842,35.0,234.0,269.0,121.0,38.0,9.0,101.0,115.0,866.0,0.0,11.8,0.541,0.494,0.099,2.0,13.5,7.8,10.3,1.0,0.4,11.2,21.3,0.0,1.3,1.3,0.032,-0.6,-1.4,-2.0,0.0,0.0,2017
132,Nikola Mirotić,24.0,3.7,8.9,0.413,1.8,5.4,0.342,1.8,3.5,0.52,0.516,1.4,1.8,0.773,0.9,4.6,5.5,1.1,0.8,0.8,1.1,1.8,10.6,0.0,0.0,1010.0,0.0,0.0,0.0,0.0,0.0,0.0,0.0,0.0,0.0,0.0,0.0,0.0,0.0,70.0,15.0,1679.0,258.0,625.0,0.413,129.0,377.0,0.342,129.0,248.0,0.52,0.516,99.0,128.0,0.773,61.0,323.0,384.0,75.0,53.0,55.0,80.0,128.0,744.0,0.0,14.5,0.546,0.603,0.205,3.9,20.9,12.3,6.9,1.6,2.6,10.5,19.8,1.2,2.5,3.8,0.107,0.2,0.5,0.7,1.1,0.0,2017
133,Marcus Smart,30.4,3.4,9.5,0.359,1.2,4.2,0.283,2.2,5.3,0.42,0.422,2.6,3.2,0.812,1.0,2.9,3.9,4.6,1.6,0.4,2.0,2.4,10.6,0.0,0.0,1010.0,0.0,0.0,0.0,0.0,0.0,0.0,0.0,0.0,0.0,0.0,0.0,0.0,0.0,79.0,24.0,2399.0,269.0,749.0,0.359,94.0,332.0,0.283,175.0,417.0,0.42,0.422,203.0,250.0,0.812,78.0,227.0,305.0,364.0,125.0,34.0,159.0,192.0,835.0,0.0,12.0,0.486,0.443,0.334,3.7,10.4,7.1,22.0,2.6,1.2,15.6,18.8,0.5,2.7,3.2,0.064,-1.9,0.6,-1.3,0.4,0.0,2017
134,Marco Belinelli,24.0,3.6,8.3,0.429,1.4,3.8,0.36,2.2,4.5,0.488,0.512,2.0,2.3,0.893,0.2,2.2,2.4,2.0,0.6,0.1,0.9,1.2,10.5,0.0,0.0,1010.0,0.0,0.0,0.0,0.0,0.0,0.0,0.0,0.0,0.0,0.0,0.0,0.0,0.0,74.0,0.0,1778.0,264.0,615.0,0.429,102.0,283.0,0.36,162.0,332.0,0.488,0.512,150.0,168.0,0.893,14.0,164.0,178.0,147.0,44.0,9.0,70.0,90.0,780.0,0.0,13.3,0.566,0.46,0.273,0.9,10.2,5.5,13.1,1.2,0.4,9.2,19.2,2.0,1.2,3.2,0.087,-0.6,-0.5,-1.1,0.4,0.0,2017
135,Wayne Ellington,24.2,3.7,9.0,0.416,2.4,6.4,0.378,1.3,2.6,0.509,0.55,0.6,0.7,0.86,0.3,1.8,2.1,1.1,0.6,0.1,0.5,1.1,10.5,0.0,0.0,1010.0,0.0,0.0,0.0,0.0,0.0,0.0,0.0,0.0,0.0,0.0,0.0,0.0,0.0,62.0,13.0,1500.0,231.0,555.0,0.416,149.0,394.0,0.378,82.0,161.0,0.509,0.55,37.0,43.0,0.86,18.0,114.0,132.0,70.0,35.0,4.0,30.0,70.0,648.0,0.0,12.6,0.565,0.71,0.077,1.3,8.5,4.9,7.1,1.2,0.2,5.0,17.9,2.1,1.2,3.3,0.105,0.8,-0.9,-0.1,0.7,0.0,2017
136,Mason Plumlee,26.5,4.1,7.7,0.536,0.0,0.1,0.0,4.1,7.6,0.541,0.536,2.1,3.7,0.58,2.1,5.4,7.5,3.5,0.9,1.1,1.7,2.8,10.4,0.0,0.0,1010.0,0.0,0.0,0.0,0.0,0.0,0.0,0.0,0.0,0.0,0.0,0.0,0.0,0.0,81.0,64.0,2148.0,334.0,623.0,0.536,0.0,6.0,0.0,334.0,617.0,0.541,0.536,174.0,300.0,0.58,170.0,435.0,605.0,284.0,69.0,92.0,134.0,226.0,842.0,0.0,18.1,0.558,0.01,0.482,8.8,22.4,15.6,19.8,1.6,3.4,15.1,18.1,3.6,2.4,6.0,0.135,0.6,1.4,2.0,2.2,0.0,2017
137,Robin Lopez,28.0,4.7,9.6,0.493,0.0,0.0,0.0,4.7,9.5,0.494,0.493,0.9,1.3,0.721,3.0,3.4,6.4,1.0,0.2,1.4,1.1,1.9,10.4,0.0,0.0,1010.0,0.0,0.0,0.0,0.0,0.0,0.0,0.0,0.0,0.0,0.0,0.0,0.0,0.0,81.0,81.0,2271.0,382.0,775.0,0.493,0.0,2.0,0.0,382.0,773.0,0.494,0.493,75.0,104.0,0.721,244.0,276.0,520.0,80.0,18.0,117.0,91.0,151.0,839.0,0.0,14.4,0.511,0.003,0.134,11.5,13.2,12.3,5.6,0.4,4.1,10.0,17.5,1.8,2.4,4.3,0.09,-1.4,-0.8,-2.2,-0.1,0.0,2017
138,Tyreke Evans,19.7,3.8,9.3,0.405,1.1,3.0,0.356,2.7,6.3,0.429,0.462,1.7,2.3,0.75,0.3,3.1,3.4,3.1,0.9,0.2,1.5,1.5,10.3,0.0,0.0,1010.0,0.0,0.0,0.0,0.0,0.0,0.0,0.0,0.0,0.0,0.0,0.0,0.0,0.0,40.0,6.0,788.0,150.0,370.0,0.405,42.0,118.0,0.356,108.0,252.0,0.429,0.462,69.0,92.0,0.75,13.0,124.0,137.0,124.0,35.0,9.0,61.0,60.0,411.0,0.0,15.5,0.501,0.319,0.249,1.8,17.2,9.5,25.9,2.2,1.0,12.9,26.7,-0.2,0.9,0.7,0.045,-0.1,0.5,0.4,0.5,0.0,2017
139,Cody Zeller,27.8,4.1,7.1,0.571,0.0,0.0,0.0,4.1,7.1,0.572,0.571,2.1,3.2,0.679,2.2,4.4,6.5,1.6,1.0,0.9,1.0,3.0,10.3,0.0,0.0,1010.0,0.0,0.0,0.0,0.0,0.0,0.0,0.0,0.0,0.0,0.0,0.0,0.0,0.0,62.0,58.0,1725.0,253.0,443.0,0.571,0.0,1.0,0.0,253.0,442.0,0.572,0.571,133.0,196.0,0.679,135.0,270.0,405.0,99.0,62.0,58.0,65.0,189.0,639.0,0.0,16.7,0.604,0.002,0.442,8.6,17.3,12.9,9.1,1.8,3.0,10.9,15.5,3.4,2.2,5.6,0.157,-0.9,1.1,0.2,1.0,0.0,2017
140,Jusuf Nurkić,21.4,4.2,8.2,0.507,0.0,0.0,0.0,4.2,8.2,0.508,0.507,1.8,3.2,0.571,2.4,4.8,7.2,1.9,0.8,1.1,2.2,2.5,10.2,0.0,0.0,1010.0,0.0,0.0,0.0,0.0,0.0,0.0,0.0,0.0,0.0,0.0,0.0,0.0,0.0,65.0,48.0,1391.0,271.0,534.0,0.507,0.0,1.0,0.0,271.0,533.0,0.508,0.507,120.0,210.0,0.571,154.0,313.0,467.0,123.0,50.0,74.0,143.0,161.0,662.0,0.0,17.5,0.528,0.002,0.393,12.3,24.8,18.6,13.9,1.8,4.2,18.6,23.9,0.2,1.8,2.0,0.068,-1.4,0.5,-0.9,0.4,0.0,2017
141,Malcolm Brogdon,26.4,3.9,8.5,0.457,1.0,2.6,0.404,2.8,5.9,0.48,0.518,1.5,1.7,0.865,0.6,2.2,2.8,4.2,1.1,0.2,1.5,1.9,10.2,0.0,0.0,1010.0,0.0,0.0,0.0,0.0,0.0,0.0,0.0,0.0,0.0,0.0,0.0,0.0,0.0,75.0,28.0,1982.0,290.0,635.0,0.457,78.0,193.0,0.404,212.0,442.0,0.48,0.518,109.0,126.0,0.865,47.0,166.0,213.0,317.0,84.0,12.0,113.0,140.0,767.0,1.0,14.9,0.555,0.304,0.198,2.8,9.6,6.3,24.3,2.2,0.5,14.1,18.5,2.6,1.5,4.1,0.1,0.0,-0.4,-0.4,0.8,0.0,2017
142,Draymond Green,32.5,3.6,8.6,0.418,1.1,3.5,0.308,2.5,5.1,0.494,0.481,2.0,2.8,0.709,1.3,6.6,7.9,7.0,2.0,1.4,2.4,2.9,10.2,0.0,0.0,1010.0,0.0,0.0,0.0,0.0,0.0,0.0,0.0,0.0,0.0,0.0,0.0,0.0,0.0,76.0,76.0,2471.0,272.0,650.0,0.418,81.0,263.0,0.308,191.0,387.0,0.494,0.481,151.0,213.0,0.709,98.0,501.0,599.0,533.0,154.0,106.0,184.0,217.0,776.0,5.0,16.5,0.522,0.405,0.328,4.7,20.9,13.3,27.6,3.0,3.4,19.8,16.2,2.8,5.4,8.2,0.16,1.0,3.9,4.9,4.3,0.0,2017
143,Jon Leuer,25.9,4.1,8.6,0.48,0.7,2.2,0.293,3.5,6.4,0.545,0.518,1.3,1.5,0.867,1.4,4.0,5.4,1.5,0.4,0.3,0.9,1.9,10.2,0.0,0.0,1010.0,0.0,0.0,0.0,0.0,0.0,0.0,0.0,0.0,0.0,0.0,0.0,0.0,0.0,75.0,34.0,1944.0,310.0,646.0,0.48,49.0,167.0,0.293,261.0,479.0,0.545,0.518,98.0,113.0,0.867,102.0,300.0,402.0,111.0,31.0,26.0,66.0,145.0,767.0,0.0,14.2,0.551,0.259,0.175,5.5,17.5,11.3,8.6,0.8,1.1,8.7,17.3,2.5,2.0,4.5,0.112,-0.4,0.3,-0.1,1.0,0.0,2017
144,Josh Richardson,30.5,3.8,9.7,0.394,1.4,4.3,0.33,2.4,5.4,0.444,0.467,1.1,1.5,0.779,0.7,2.5,3.2,2.6,1.1,0.7,1.2,2.5,10.2,0.0,0.0,1010.0,0.0,0.0,0.0,0.0,0.0,0.0,0.0,0.0,0.0,0.0,0.0,0.0,0.0,53.0,34.0,1614.0,202.0,513.0,0.394,75.0,227.0,0.33,127.0,286.0,0.444,0.467,60.0,77.0,0.779,35.0,133.0,168.0,140.0,60.0,39.0,65.0,132.0,539.0,0.0,10.7,0.493,0.442,0.15,2.4,9.2,5.8,12.7,1.9,1.9,10.6,16.8,0.3,1.9,2.2,0.066,-2.0,0.9,-1.1,0.4,0.0,2017
145,Kyle Korver,26.2,3.6,7.7,0.464,2.4,5.4,0.451,1.1,2.3,0.494,0.621,0.6,0.6,0.905,0.1,2.7,2.8,1.6,0.5,0.3,1.0,1.6,10.1,0.0,0.0,1010.0,0.0,0.0,0.0,0.0,0.0,0.0,0.0,0.0,0.0,0.0,0.0,0.0,0.0,67.0,22.0,1753.0,239.0,515.0,0.464,162.0,359.0,0.451,77.0,156.0,0.494,0.621,38.0,42.0,0.905,7.0,179.0,186.0,110.0,34.0,21.0,69.0,107.0,678.0,0.0,12.1,0.635,0.697,0.082,0.5,11.0,5.8,9.4,1.0,1.0,11.5,15.2,2.3,1.3,3.7,0.1,0.5,-0.5,0.0,0.9,0.0,2017
146,Tony Parker,25.2,4.2,9.0,0.466,0.4,1.1,0.333,3.8,7.9,0.484,0.486,1.3,1.9,0.726,0.1,1.7,1.8,4.5,0.5,0.0,1.4,1.5,10.1,0.0,0.0,1010.0,0.0,0.0,0.0,0.0,0.0,0.0,0.0,0.0,0.0,0.0,0.0,0.0,0.0,63.0,63.0,1587.0,265.0,569.0,0.466,23.0,69.0,0.333,242.0,500.0,0.484,0.486,85.0,117.0,0.726,9.0,104.0,113.0,285.0,34.0,2.0,89.0,92.0,638.0,0.0,13.0,0.514,0.121,0.206,0.7,7.3,4.0,27.8,1.1,0.1,12.5,20.2,1.4,1.7,3.0,0.092,-1.6,-0.9,-2.6,-0.2,0.0,2017
147,Yogi Ferrell,26.0,3.5,8.6,0.406,1.5,3.8,0.386,2.0,4.7,0.422,0.492,1.6,1.9,0.831,0.4,2.0,2.4,3.7,0.9,0.2,1.5,2.0,10.0,0.0,0.0,1010.0,0.0,0.0,0.0,0.0,0.0,0.0,0.0,0.0,0.0,0.0,0.0,0.0,0.0,46.0,29.0,1197.0,160.0,394.0,0.406,68.0,176.0,0.386,92.0,218.0,0.422,0.492,74.0,89.0,0.831,20.0,91.0,111.0,172.0,42.0,9.0,70.0,90.0,462.0,0.0,13.1,0.533,0.447,0.226,1.8,9.2,5.3,23.2,1.8,0.7,13.9,19.6,0.8,1.0,1.8,0.072,-0.9,-0.3,-1.1,0.3,0.0,2017
148,Trevor Booker,24.7,4.3,8.3,0.516,0.4,1.1,0.321,3.9,7.2,0.546,0.537,1.0,1.5,0.673,2.0,6.0,8.0,1.9,1.1,0.4,1.8,2.1,10.0,0.0,0.0,1010.0,0.0,0.0,0.0,0.0,0.0,0.0,0.0,0.0,0.0,0.0,0.0,0.0,0.0,71.0,43.0,1754.0,305.0,591.0,0.516,25.0,78.0,0.321,280.0,513.0,0.546,0.537,74.0,110.0,0.673,143.0,428.0,571.0,138.0,75.0,28.0,127.0,152.0,709.0,0.0,15.7,0.554,0.132,0.186,8.7,25.5,17.2,12.9,2.0,1.2,16.6,18.7,1.0,2.2,3.1,0.086,-0.9,0.3,-0.6,0.6,0.0,2017
149,Gorgui Dieng,32.4,4.0,8.1,0.502,0.2,0.5,0.372,3.9,7.5,0.511,0.514,1.7,2.0,0.814,2.3,5.6,7.9,1.9,1.1,1.2,1.3,3.1,10.0,0.0,0.0,1010.0,0.0,0.0,0.0,0.0,0.0,0.0,0.0,0.0,0.0,0.0,0.0,0.0,0.0,82.0,82.0,2653.0,332.0,661.0,0.502,16.0,43.0,0.372,316.0,618.0,0.511,0.514,136.0,167.0,0.814,188.0,459.0,647.0,158.0,88.0,95.0,107.0,254.0,816.0,0.0,14.2,0.555,0.065,0.253,8.1,20.5,14.2,8.6,1.7,3.1,12.7,14.0,3.2,2.5,5.7,0.103,-0.8,0.6,-0.1,1.3,0.0,2017
150,Maurice Harkless,28.9,4.1,8.1,0.503,0.9,2.5,0.351,3.2,5.6,0.572,0.558,1.0,1.6,0.621,1.6,2.8,4.4,1.1,1.1,0.9,1.1,2.8,10.0,0.0,0.0,1010.0,0.0,0.0,0.0,0.0,0.0,0.0,0.0,0.0,0.0,0.0,0.0,0.0,0.0,77.0,69.0,2223.0,314.0,624.0,0.503,68.0,194.0,0.351,246.0,430.0,0.572,0.558,77.0,124.0,0.621,125.0,216.0,341.0,88.0,85.0,70.0,86.0,214.0,773.0,0.0,13.1,0.57,0.311,0.199,6.2,10.8,8.5,5.9,1.9,2.5,11.2,15.2,2.3,1.9,4.2,0.091,-0.8,0.1,-0.6,0.8,0.0,2017
151,Ty Lawson,25.1,3.4,7.6,0.454,0.5,1.7,0.288,2.9,5.9,0.502,0.487,2.5,3.1,0.797,0.6,2.0,2.6,4.8,1.1,0.1,1.9,1.7,9.9,0.0,0.0,1010.0,0.0,0.0,0.0,0.0,0.0,0.0,0.0,0.0,0.0,0.0,0.0,0.0,0.0,69.0,24.0,1732.0,237.0,522.0,0.454,34.0,118.0,0.288,203.0,404.0,0.502,0.487,173.0,217.0,0.797,44.0,135.0,179.0,334.0,74.0,6.0,129.0,119.0,681.0,1.0,15.4,0.551,0.226,0.416,3.0,8.9,6.0,29.9,2.2,0.3,17.3,19.5,2.2,1.0,3.2,0.088,-0.2,-0.8,-1.0,0.4,0.0,2017
152,Shabazz Muhammad,19.4,3.7,7.7,0.482,0.6,1.9,0.338,3.1,5.8,0.528,0.523,1.9,2.4,0.774,1.1,1.7,2.8,0.4,0.3,0.1,0.7,1.1,9.9,0.0,0.0,1010.0,0.0,0.0,0.0,0.0,0.0,0.0,0.0,0.0,0.0,0.0,0.0,0.0,0.0,78.0,1.0,1516.0,288.0,598.0,0.482,49.0,145.0,0.338,239.0,453.0,0.528,0.523,147.0,190.0,0.774,84.0,136.0,220.0,35.0,22.0,6.0,56.0,86.0,772.0,0.0,14.9,0.566,0.242,0.318,6.4,10.6,8.5,3.7,0.7,0.3,7.6,21.5,2.5,0.2,2.7,0.086,0.5,-2.9,-2.4,-0.1,0.0,2017
153,Jamal Murray,21.5,3.6,8.9,0.404,1.4,4.2,0.334,2.2,4.7,0.466,0.483,1.3,1.5,0.883,0.5,2.1,2.6,2.1,0.6,0.3,1.4,1.5,9.9,0.0,0.0,1010.0,0.0,0.0,0.0,0.0,0.0,0.0,0.0,0.0,0.0,0.0,0.0,0.0,0.0,82.0,10.0,1764.0,295.0,730.0,0.404,115.0,344.0,0.334,180.0,386.0,0.466,0.483,106.0,120.0,0.883,41.0,173.0,214.0,170.0,51.0,24.0,113.0,124.0,811.0,0.0,11.9,0.518,0.471,0.164,2.6,10.7,6.7,14.0,1.4,1.1,12.6,21.6,0.6,0.7,1.3,0.037,-0.6,-1.4,-2.0,0.0,0.0,2017
154,Richaun Holmes,20.9,4.0,7.2,0.558,0.5,1.4,0.351,3.6,5.9,0.606,0.591,1.3,1.8,0.699,1.6,3.8,5.5,1.0,0.7,1.0,1.0,2.4,9.8,0.0,0.0,1010.0,0.0,0.0,0.0,0.0,0.0,0.0,0.0,0.0,0.0,0.0,0.0,0.0,0.0,57.0,17.0,1193.0,230.0,412.0,0.558,27.0,77.0,0.351,203.0,335.0,0.606,0.591,72.0,103.0,0.699,94.0,217.0,311.0,58.0,42.0,55.0,55.0,136.0,559.0,0.0,18.6,0.611,0.187,0.25,8.7,20.1,14.4,8.3,1.7,3.7,10.7,18.6,2.2,1.6,3.8,0.151,0.5,0.5,1.0,0.9,0.0,2017
155,Jeremy Lamb,18.4,3.6,7.9,0.46,0.7,2.4,0.281,3.0,5.6,0.536,0.502,1.8,2.1,0.853,0.5,3.8,4.3,1.2,0.4,0.4,0.6,1.6,9.7,0.0,0.0,1010.0,0.0,0.0,0.0,0.0,0.0,0.0,0.0,0.0,0.0,0.0,0.0,0.0,0.0,62.0,5.0,1143.0,226.0,491.0,0.46,41.0,146.0,0.281,185.0,345.0,0.536,0.502,110.0,129.0,0.853,30.0,234.0,264.0,75.0,27.0,23.0,40.0,98.0,603.0,0.0,17.0,0.55,0.297,0.263,2.9,22.6,12.7,11.3,1.2,1.8,6.8,23.2,1.4,1.3,2.7,0.115,0.5,0.1,0.5,0.7,0.0,2017
156,Kenneth Faried,21.2,3.7,6.8,0.548,0.0,0.1,0.0,3.7,6.7,0.556,0.548,2.1,3.1,0.693,3.0,4.6,7.6,0.9,0.7,0.7,1.0,2.0,9.6,0.0,0.0,1010.0,0.0,0.0,0.0,0.0,0.0,0.0,0.0,0.0,0.0,0.0,0.0,0.0,0.0,61.0,34.0,1296.0,228.0,416.0,0.548,0.0,6.0,0.0,228.0,410.0,0.556,0.548,131.0,189.0,0.693,183.0,279.0,462.0,55.0,43.0,40.0,59.0,124.0,587.0,0.0,20.3,0.588,0.014,0.454,15.8,23.6,19.7,6.3,1.6,2.4,10.6,18.3,3.3,1.2,4.5,0.168,1.5,-1.2,0.3,0.7,0.0,2017
157,E'Twaun Moore,24.9,3.9,8.5,0.457,1.1,2.8,0.37,2.8,5.6,0.501,0.519,0.8,1.0,0.77,0.5,1.6,2.1,2.2,0.7,0.4,0.8,1.8,9.6,0.0,0.0,1010.0,0.0,0.0,0.0,0.0,0.0,0.0,0.0,0.0,0.0,0.0,0.0,0.0,0.0,73.0,22.0,1820.0,283.0,619.0,0.457,77.0,208.0,0.37,206.0,411.0,0.501,0.519,57.0,74.0,0.77,33.0,119.0,152.0,164.0,50.0,32.0,62.0,131.0,700.0,0.0,12.1,0.537,0.336,0.12,1.9,6.9,4.4,13.8,1.3,1.4,8.7,17.4,1.2,1.5,2.7,0.07,-1.7,0.1,-1.6,0.2,0.0,2017
158,Patrick Beverley,30.7,3.4,8.1,0.42,1.6,4.3,0.382,1.8,3.8,0.463,0.521,1.1,1.4,0.768,1.4,4.4,5.9,4.2,1.5,0.4,1.5,3.3,9.5,0.0,0.0,1010.0,0.0,0.0,0.0,0.0,0.0,0.0,0.0,0.0,0.0,0.0,0.0,0.0,0.0,67.0,67.0,2058.0,228.0,543.0,0.42,110.0,288.0,0.382,118.0,255.0,0.463,0.521,73.0,95.0,0.768,95.0,298.0,393.0,281.0,99.0,25.0,100.0,222.0,639.0,0.0,13.0,0.546,0.53,0.175,5.0,15.8,10.4,18.8,2.3,1.0,14.6,14.1,2.9,2.4,5.3,0.123,-0.2,1.4,1.1,1.6,0.0,2017
159,Derrick Favors,23.7,4.1,8.3,0.487,0.1,0.2,0.3,4.0,8.1,0.491,0.49,1.3,2.2,0.615,1.8,4.3,6.1,1.1,0.9,0.8,1.2,2.1,9.5,0.0,0.0,1010.0,0.0,0.0,0.0,0.0,0.0,0.0,0.0,0.0,0.0,0.0,0.0,0.0,0.0,50.0,39.0,1186.0,203.0,417.0,0.487,3.0,10.0,0.3,200.0,407.0,0.491,0.49,67.0,109.0,0.615,92.0,213.0,305.0,56.0,45.0,40.0,60.0,103.0,476.0,0.0,15.8,0.512,0.024,0.261,9.2,20.2,14.9,7.9,2.0,2.7,11.4,20.7,0.5,2.2,2.7,0.109,-1.2,1.2,-0.1,0.6,0.0,2017
160,Patty Mills,21.9,3.4,7.8,0.44,1.8,4.4,0.414,1.6,3.3,0.474,0.558,0.8,1.0,0.825,0.3,1.5,1.8,3.5,0.8,0.0,1.3,1.4,9.5,0.0,0.0,1010.0,0.0,0.0,0.0,0.0,0.0,0.0,0.0,0.0,0.0,0.0,0.0,0.0,0.0,80.0,8.0,1754.0,273.0,621.0,0.44,147.0,355.0,0.414,126.0,266.0,0.474,0.558,66.0,80.0,0.825,24.0,117.0,141.0,280.0,65.0,3.0,101.0,109.0,759.0,0.0,15.2,0.578,0.572,0.129,1.6,7.4,4.6,24.3,1.9,0.1,13.3,19.5,2.9,2.2,5.1,0.139,1.4,0.2,1.6,1.6,0.0,2017
161,Nik Stauskas,27.4,3.1,7.9,0.396,1.7,4.5,0.368,1.5,3.4,0.433,0.5,1.5,1.9,0.813,0.3,2.6,2.8,2.4,0.6,0.4,1.6,1.8,9.5,0.0,0.0,1010.0,0.0,0.0,0.0,0.0,0.0,0.0,0.0,0.0,0.0,0.0,0.0,0.0,0.0,80.0,27.0,2188.0,251.0,634.0,0.396,132.0,359.0,0.368,119.0,275.0,0.433,0.5,122.0,150.0,0.813,21.0,205.0,226.0,188.0,45.0,32.0,128.0,144.0,756.0,0.0,9.0,0.54,0.566,0.237,1.1,10.3,5.7,12.9,1.0,1.2,15.5,16.4,0.1,1.4,1.4,0.031,-2.1,-0.8,-2.8,-0.5,0.0,2017
162,Michael Beasley,16.7,3.9,7.3,0.532,0.3,0.8,0.419,3.5,6.5,0.545,0.554,1.4,1.9,0.743,0.7,2.7,3.4,0.9,0.5,0.5,1.2,1.6,9.4,0.0,0.0,1010.0,0.0,0.0,0.0,0.0,0.0,0.0,0.0,0.0,0.0,0.0,0.0,0.0,0.0,56.0,6.0,935.0,216.0,406.0,0.532,18.0,43.0,0.419,198.0,363.0,0.545,0.554,78.0,105.0,0.743,40.0,153.0,193.0,53.0,27.0,27.0,66.0,92.0,528.0,0.0,17.8,0.584,0.106,0.259,5.0,18.9,12.0,9.9,1.5,2.5,12.7,25.3,0.8,1.0,1.8,0.092,0.0,-0.8,-0.8,0.3,0.0,2017
163,Brandon Ingram,28.8,3.5,8.7,0.402,0.7,2.4,0.294,2.8,6.3,0.443,0.442,1.7,2.7,0.621,0.8,3.2,4.0,2.1,0.6,0.5,1.5,2.0,9.4,0.0,0.0,1010.0,0.0,0.0,0.0,0.0,0.0,0.0,0.0,0.0,0.0,0.0,0.0,0.0,0.0,79.0,40.0,2279.0,276.0,686.0,0.402,55.0,187.0,0.294,221.0,499.0,0.443,0.442,133.0,214.0,0.621,60.0,256.0,316.0,166.0,50.0,36.0,116.0,158.0,740.0,0.0,8.5,0.474,0.273,0.312,2.8,12.7,7.6,10.5,1.1,1.3,12.9,16.8,-1.0,0.7,-0.3,-0.007,-3.0,-1.4,-4.4,-1.4,0.0,2017
164,Ish Smith,24.1,4.1,9.2,0.439,0.3,1.3,0.267,3.7,8.0,0.467,0.458,0.9,1.3,0.706,0.3,2.6,2.9,5.2,0.8,0.4,1.4,1.6,9.4,0.0,0.0,1010.0,0.0,0.0,0.0,0.0,0.0,0.0,0.0,0.0,0.0,0.0,0.0,0.0,0.0,81.0,32.0,1955.0,329.0,749.0,0.439,28.0,105.0,0.267,301.0,644.0,0.467,0.458,72.0,102.0,0.706,21.0,214.0,235.0,418.0,61.0,33.0,112.0,127.0,758.0,0.0,14.7,0.477,0.14,0.136,1.1,12.4,6.6,32.5,1.6,1.4,12.4,20.5,0.9,2.2,3.1,0.076,-0.5,0.8,0.3,1.1,0.0,2017
165,Cory Joseph,25.0,3.7,8.3,0.452,0.6,1.7,0.356,3.1,6.6,0.477,0.489,1.2,1.5,0.77,0.6,2.3,2.9,3.3,0.8,0.2,1.4,1.8,9.3,0.0,0.0,1010.0,0.0,0.0,0.0,0.0,0.0,0.0,0.0,0.0,0.0,0.0,0.0,0.0,0.0,80.0,22.0,2003.0,299.0,661.0,0.452,48.0,135.0,0.356,251.0,526.0,0.477,0.489,94.0,122.0,0.77,51.0,184.0,235.0,265.0,66.0,13.0,108.0,140.0,740.0,0.0,13.2,0.518,0.204,0.185,2.9,10.4,6.6,20.0,1.7,0.6,13.1,18.4,1.7,1.7,3.4,0.082,-0.9,-0.4,-1.3,0.4,0.0,2017
166,Marquese Chriss,21.3,3.5,7.7,0.449,0.9,2.7,0.321,2.6,5.0,0.52,0.506,1.4,2.2,0.624,1.2,3.1,4.2,0.7,0.8,0.9,1.3,3.2,9.2,0.0,0.0,1010.0,0.0,0.0,0.0,0.0,0.0,0.0,0.0,0.0,0.0,0.0,0.0,0.0,0.0,82.0,75.0,1743.0,284.0,632.0,0.449,72.0,224.0,0.321,212.0,408.0,0.52,0.506,113.0,181.0,0.624,96.0,252.0,348.0,60.0,67.0,70.0,108.0,263.0,753.0,0.0,12.3,0.529,0.354,0.286,5.8,16.1,10.8,5.2,1.8,3.2,13.2,19.7,0.3,1.5,1.8,0.05,-2.2,-0.1,-2.2,-0.1,0.0,2017
167,Jeff Green,22.2,3.2,8.1,0.394,0.8,2.8,0.275,2.4,5.3,0.458,0.442,2.1,2.4,0.863,0.6,2.5,3.1,1.2,0.5,0.2,1.1,1.5,9.2,0.0,0.0,1010.0,0.0,0.0,0.0,0.0,0.0,0.0,0.0,0.0,0.0,0.0,0.0,0.0,0.0,69.0,11.0,1534.0,220.0,558.0,0.394,53.0,193.0,0.275,167.0,365.0,0.458,0.442,145.0,168.0,0.863,39.0,175.0,214.0,81.0,37.0,13.0,75.0,103.0,638.0,0.0,10.5,0.505,0.346,0.301,2.7,12.8,7.6,8.1,1.2,0.7,10.6,20.3,-0.2,0.9,0.7,0.022,-2.4,-1.2,-3.6,-0.6,0.0,2017
168,Gerald Henderson,23.2,3.3,7.7,0.423,0.8,2.4,0.353,2.4,5.3,0.455,0.478,1.8,2.3,0.806,0.5,2.1,2.6,1.6,0.6,0.2,0.9,1.8,9.2,0.0,0.0,1010.0,0.0,0.0,0.0,0.0,0.0,0.0,0.0,0.0,0.0,0.0,0.0,0.0,0.0,72.0,41.0,1667.0,234.0,553.0,0.423,61.0,173.0,0.353,173.0,380.0,0.455,0.478,133.0,165.0,0.806,34.0,151.0,185.0,112.0,40.0,15.0,62.0,129.0,662.0,0.0,10.8,0.529,0.313,0.298,2.2,10.0,6.1,10.5,1.2,0.7,9.0,17.9,1.0,1.0,2.0,0.059,-2.2,-0.9,-3.1,-0.5,0.0,2017
169,Joe Johnson,23.6,3.5,8.0,0.436,1.4,3.3,0.411,2.1,4.7,0.454,0.521,0.8,1.0,0.818,0.4,2.7,3.1,1.8,0.5,0.2,0.9,1.2,9.2,0.0,0.0,1010.0,0.0,0.0,0.0,0.0,0.0,0.0,0.0,0.0,0.0,0.0,0.0,0.0,0.0,78.0,14.0,1843.0,273.0,626.0,0.436,106.0,258.0,0.411,167.0,368.0,0.454,0.521,63.0,77.0,0.818,33.0,210.0,243.0,144.0,36.0,18.0,69.0,93.0,715.0,0.0,12.8,0.542,0.412,0.123,2.1,12.8,7.6,12.6,1.0,0.8,9.5,18.5,1.7,2.1,3.8,0.099,0.4,0.1,0.4,1.1,0.0,2017
170,Michael Kidd-Gilchrist,29.0,3.6,7.6,0.477,0.0,0.1,0.111,3.6,7.5,0.483,0.478,1.9,2.4,0.784,1.9,5.0,7.0,1.4,1.0,1.0,0.7,2.3,9.2,0.0,0.0,1010.0,0.0,0.0,0.0,0.0,0.0,0.0,0.0,0.0,0.0,0.0,0.0,0.0,0.0,81.0,81.0,2349.0,295.0,618.0,0.477,1.0,9.0,0.111,294.0,609.0,0.483,0.478,152.0,194.0,0.784,156.0,409.0,565.0,114.0,81.0,77.0,56.0,187.0,743.0,0.0,14.3,0.528,0.015,0.314,7.3,19.3,13.2,7.4,1.7,2.9,7.4,14.6,2.7,3.1,5.8,0.119,-1.6,0.9,-0.7,0.7,0.0,2017
171,Jameer Nelson,27.3,3.6,8.1,0.444,1.4,3.6,0.388,2.2,4.4,0.489,0.531,0.6,0.8,0.714,0.4,2.2,2.6,5.1,0.7,0.1,1.7,2.6,9.2,0.0,0.0,1010.0,0.0,0.0,0.0,0.0,0.0,0.0,0.0,0.0,0.0,0.0,0.0,0.0,0.0,75.0,39.0,2045.0,268.0,604.0,0.444,106.0,273.0,0.388,162.0,331.0,0.489,0.531,45.0,63.0,0.714,28.0,164.0,192.0,385.0,54.0,8.0,128.0,197.0,687.0,0.0,11.5,0.544,0.452,0.104,1.5,8.8,5.2,26.0,1.3,0.3,16.8,15.8,2.3,0.5,2.8,0.066,-0.8,-1.2,-2.0,0.0,0.0,2017
172,Tony Allen,27.0,3.9,8.4,0.461,0.2,0.8,0.278,3.6,7.6,0.479,0.473,1.1,1.8,0.615,2.3,3.2,5.5,1.4,1.6,0.4,1.4,2.5,9.1,0.0,0.0,1010.0,0.0,0.0,0.0,0.0,0.0,0.0,0.0,0.0,0.0,0.0,0.0,0.0,0.0,71.0,66.0,1914.0,274.0,595.0,0.461,15.0,54.0,0.278,259.0,541.0,0.479,0.473,80.0,130.0,0.615,166.0,225.0,391.0,98.0,115.0,29.0,100.0,178.0,643.0,0.0,13.3,0.493,0.091,0.218,9.6,13.8,11.7,8.4,3.1,1.4,13.3,17.9,0.2,2.9,3.1,0.077,-2.0,1.1,-1.0,0.5,0.0,2017
173,Channing Frye,18.9,3.2,7.0,0.458,1.9,4.5,0.409,1.4,2.5,0.546,0.589,0.9,1.0,0.851,0.5,3.4,3.9,0.6,0.4,0.5,0.7,1.9,9.1,0.0,0.0,1010.0,0.0,0.0,0.0,0.0,0.0,0.0,0.0,0.0,0.0,0.0,0.0,0.0,0.0,74.0,15.0,1398.0,238.0,520.0,0.458,137.0,335.0,0.409,101.0,185.0,0.546,0.589,63.0,74.0,0.851,37.0,253.0,290.0,45.0,33.0,37.0,53.0,138.0,676.0,0.0,15.6,0.612,0.644,0.142,3.0,19.3,11.4,4.9,1.2,2.1,8.8,19.3,2.3,1.4,3.7,0.125,1.4,-0.4,1.0,1.1,0.0,2017
174,Montrezl Harrell,18.3,3.9,5.9,0.652,0.0,0.1,0.143,3.9,5.8,0.663,0.654,1.3,2.1,0.628,1.4,2.4,3.8,1.1,0.3,0.7,0.8,2.2,9.1,0.0,0.0,1010.0,0.0,0.0,0.0,0.0,0.0,0.0,0.0,0.0,0.0,0.0,0.0,0.0,0.0,58.0,14.0,1064.0,225.0,345.0,0.652,1.0,7.0,0.143,224.0,338.0,0.663,0.654,76.0,121.0,0.628,81.0,138.0,219.0,64.0,20.0,42.0,44.0,126.0,527.0,0.0,19.2,0.662,0.02,0.351,8.3,14.2,11.2,9.6,0.9,3.2,9.9,17.6,3.1,1.0,4.1,0.183,0.9,0.1,1.0,0.8,0.0,2017
175,Nenê,17.9,3.7,5.9,0.617,0.0,0.1,0.333,3.6,5.8,0.624,0.621,1.7,2.9,0.589,1.4,2.8,4.2,1.0,0.8,0.6,1.1,2.4,9.1,0.0,0.0,1010.0,0.0,0.0,0.0,0.0,0.0,0.0,0.0,0.0,0.0,0.0,0.0,0.0,0.0,67.0,8.0,1198.0,245.0,397.0,0.617,3.0,9.0,0.333,242.0,388.0,0.624,0.621,116.0,197.0,0.589,95.0,187.0,282.0,65.0,56.0,39.0,73.0,163.0,609.0,0.0,18.9,0.63,0.023,0.496,8.6,17.0,12.8,8.6,2.2,2.6,13.1,19.7,2.5,1.6,4.1,0.165,0.0,0.8,0.8,0.8,0.0,2017
176,Jodie Meeks,20.5,2.9,7.1,0.402,1.6,3.8,0.409,1.3,3.3,0.395,0.512,1.8,2.1,0.878,0.1,2.0,2.1,1.3,0.9,0.1,1.0,1.1,9.1,0.0,0.0,1010.0,0.0,0.0,0.0,0.0,0.0,0.0,0.0,0.0,0.0,0.0,0.0,0.0,0.0,36.0,10.0,738.0,103.0,256.0,0.402,56.0,137.0,0.409,47.0,119.0,0.395,0.512,65.0,74.0,0.878,5.0,72.0,77.0,45.0,34.0,4.0,36.0,41.0,327.0,0.0,13.1,0.567,0.535,0.289,0.7,10.9,5.7,9.3,2.3,0.4,11.1,19.4,0.5,0.6,1.1,0.073,-1.3,-0.4,-1.8,0.1,0.0,2017
177,Doug McDermott,22.8,3.4,7.5,0.447,1.2,3.2,0.37,2.2,4.4,0.502,0.524,1.1,1.3,0.845,0.3,2.4,2.7,0.9,0.2,0.1,0.6,1.2,9.0,0.0,0.0,1010.0,0.0,0.0,0.0,0.0,0.0,0.0,0.0,0.0,0.0,0.0,0.0,0.0,0.0,66.0,5.0,1508.0,222.0,497.0,0.447,77.0,208.0,0.37,145.0,289.0,0.502,0.524,71.0,84.0,0.845,20.0,159.0,179.0,58.0,13.0,5.0,38.0,79.0,592.0,0.0,10.7,0.554,0.419,0.169,1.4,11.5,6.4,5.9,0.4,0.3,6.6,16.4,1.6,1.0,2.6,0.083,-0.9,-1.4,-2.3,-0.1,0.0,2017
178,Dahntay Jones,12.0,3.0,8.0,0.375,0.0,2.0,0.0,3.0,6.0,0.5,0.375,3.0,4.0,0.75,1.0,1.0,2.0,1.0,0.0,0.0,1.0,1.0,9.0,0.0,0.0,1010.0,0.0,0.0,0.0,0.0,0.0,0.0,0.0,0.0,0.0,0.0,0.0,0.0,0.0,1.0,0.0,12.0,3.0,8.0,0.375,0.0,2.0,0.0,3.0,6.0,0.5,0.375,3.0,4.0,0.75,1.0,1.0,2.0,1.0,0.0,0.0,1.0,1.0,9.0,0.0,14.7,0.461,0.25,0.5,9.5,8.9,9.2,14.5,0.0,0.0,9.3,39.9,0.0,0.0,0.0,-0.03,-0.4,-4.4,-4.8,0.0,0.0,2017
179,Kelly Olynyk,20.5,3.5,6.8,0.512,0.9,2.6,0.354,2.6,4.2,0.608,0.579,1.2,1.6,0.732,1.0,3.8,4.8,2.0,0.6,0.4,1.3,2.8,9.0,0.0,0.0,1010.0,0.0,0.0,0.0,0.0,0.0,0.0,0.0,0.0,0.0,0.0,0.0,0.0,0.0,75.0,6.0,1538.0,260.0,508.0,0.512,68.0,192.0,0.354,192.0,316.0,0.608,0.579,90.0,123.0,0.732,73.0,288.0,361.0,148.0,43.0,29.0,96.0,207.0,678.0,0.0,15.3,0.603,0.378,0.242,5.3,20.7,13.1,15.2,1.4,1.5,14.6,19.0,2.2,1.9,4.1,0.127,-0.3,0.6,0.3,0.9,0.0,2017
180,Evan Turner,25.5,3.6,8.5,0.426,0.5,1.8,0.263,3.1,6.7,0.47,0.454,1.3,1.6,0.825,0.6,3.2,3.8,3.2,0.8,0.4,1.5,1.9,9.0,0.0,0.0,1010.0,0.0,0.0,0.0,0.0,0.0,0.0,0.0,0.0,0.0,0.0,0.0,0.0,0.0,65.0,12.0,1658.0,235.0,552.0,0.426,31.0,118.0,0.263,204.0,434.0,0.47,0.454,85.0,103.0,0.825,36.0,211.0,247.0,205.0,53.0,24.0,100.0,121.0,586.0,0.0,11.4,0.491,0.214,0.187,2.4,14.2,8.3,18.4,1.6,1.2,14.3,18.5,0.0,1.2,1.2,0.035,-2.3,-0.1,-2.5,-0.2,0.0,2017
181,DeMarre Carroll,26.1,3.1,7.6,0.4,1.5,4.4,0.341,1.5,3.2,0.483,0.499,1.2,1.6,0.761,0.9,2.9,3.8,1.0,1.1,0.4,0.8,2.0,8.9,0.0,0.0,1010.0,0.0,0.0,0.0,0.0,0.0,0.0,0.0,0.0,0.0,0.0,0.0,0.0,0.0,72.0,72.0,1882.0,220.0,550.0,0.4,109.0,320.0,0.341,111.0,230.0,0.483,0.499,89.0,117.0,0.761,63.0,212.0,275.0,74.0,81.0,27.0,54.0,143.0,638.0,0.0,11.9,0.53,0.582,0.213,3.8,12.7,8.3,5.7,2.2,1.2,8.2,15.6,1.7,2.1,3.8,0.097,-0.4,0.4,0.0,1.0,0.0,2017
182,JaMychal Green,27.3,3.2,6.5,0.5,0.7,1.9,0.379,2.5,4.6,0.549,0.555,1.7,2.2,0.802,2.2,4.9,7.1,1.1,0.6,0.4,1.2,3.2,8.9,0.0,0.0,1010.0,0.0,0.0,0.0,0.0,0.0,0.0,0.0,0.0,0.0,0.0,0.0,0.0,0.0,77.0,75.0,2101.0,250.0,500.0,0.5,55.0,145.0,0.379,195.0,355.0,0.549,0.555,134.0,167.0,0.802,167.0,377.0,544.0,84.0,47.0,34.0,94.0,248.0,689.0,0.0,13.5,0.601,0.29,0.334,8.8,21.1,14.8,6.3,1.2,1.5,14.1,14.4,3.2,2.6,5.8,0.132,-0.9,0.2,-0.8,0.6,0.0,2017
183,Skal Labissière,18.5,3.5,6.6,0.537,0.1,0.2,0.375,3.5,6.4,0.543,0.544,1.6,2.2,0.703,1.5,3.4,4.9,0.8,0.5,0.4,1.1,1.9,8.8,0.0,0.0,1010.0,0.0,0.0,0.0,0.0,0.0,0.0,0.0,0.0,0.0,0.0,0.0,0.0,0.0,33.0,12.0,612.0,117.0,218.0,0.537,3.0,8.0,0.375,114.0,210.0,0.543,0.544,52.0,74.0,0.703,51.0,111.0,162.0,27.0,16.0,13.0,37.0,64.0,289.0,0.0,16.8,0.577,0.037,0.339,9.7,20.7,15.3,7.5,1.3,1.9,12.9,21.3,0.7,0.5,1.3,0.099,-0.9,-1.4,-2.3,0.0,0.0,2017
184,Nerlens Noel,20.5,3.6,6.1,0.595,0.0,0.0,0.0,3.6,6.0,0.597,0.595,1.5,2.2,0.694,1.8,3.9,5.8,1.0,1.3,1.0,1.0,2.5,8.7,0.0,0.0,1010.0,0.0,0.0,0.0,0.0,0.0,0.0,0.0,0.0,0.0,0.0,0.0,0.0,0.0,51.0,19.0,1047.0,184.0,309.0,0.595,0.0,1.0,0.0,184.0,308.0,0.597,0.595,77.0,111.0,0.694,93.0,201.0,294.0,50.0,65.0,50.0,51.0,126.0,445.0,0.0,20.4,0.622,0.003,0.359,9.8,22.3,15.9,8.1,3.1,4.0,12.5,17.6,2.1,1.9,4.0,0.181,0.1,2.3,2.4,1.2,0.0,2017
185,Al-Farouq Aminu,29.1,3.0,7.6,0.393,1.1,3.5,0.33,1.9,4.2,0.445,0.468,1.6,2.2,0.706,1.3,6.1,7.4,1.6,1.0,0.7,1.5,1.7,8.7,0.0,0.0,1010.0,0.0,0.0,0.0,0.0,0.0,0.0,0.0,0.0,0.0,0.0,0.0,0.0,0.0,61.0,25.0,1773.0,183.0,466.0,0.393,70.0,212.0,0.33,113.0,254.0,0.445,0.468,96.0,136.0,0.706,77.0,374.0,451.0,99.0,60.0,44.0,94.0,102.0,532.0,0.0,11.3,0.506,0.455,0.292,4.8,23.5,14.1,7.9,1.7,2.0,15.2,15.4,-0.1,2.0,1.9,0.051,-1.4,0.4,-1.1,0.4,0.0,2017
186,Rondae Hollis-Jefferson,22.6,3.0,6.9,0.434,0.2,0.9,0.224,2.8,6.1,0.463,0.447,2.4,3.2,0.751,1.2,4.6,5.8,2.0,1.1,0.6,1.5,2.3,8.7,0.0,0.0,1010.0,0.0,0.0,0.0,0.0,0.0,0.0,0.0,0.0,0.0,0.0,0.0,0.0,0.0,78.0,50.0,1761.0,235.0,542.0,0.434,15.0,67.0,0.224,220.0,475.0,0.463,0.447,190.0,253.0,0.751,96.0,356.0,452.0,154.0,82.0,44.0,116.0,177.0,675.0,0.0,13.7,0.517,0.124,0.467,5.8,21.1,13.6,13.4,2.2,1.9,15.1,18.7,0.4,2.2,2.6,0.07,-2.2,0.9,-1.3,0.3,0.0,2017
187,Marreese Speights,15.7,3.0,6.7,0.445,1.3,3.4,0.372,1.7,3.3,0.52,0.539,1.5,1.7,0.876,1.1,3.5,4.5,0.8,0.3,0.5,0.8,2.8,8.7,0.0,0.0,1010.0,0.0,0.0,0.0,0.0,0.0,0.0,0.0,0.0,0.0,0.0,0.0,0.0,0.0,82.0,2.0,1286.0,244.0,548.0,0.445,103.0,277.0,0.372,141.0,271.0,0.52,0.539,120.0,137.0,0.876,88.0,285.0,373.0,65.0,23.0,41.0,69.0,229.0,711.0,0.0,17.5,0.584,0.505,0.25,7.9,24.1,16.2,8.0,0.9,2.6,10.2,23.6,2.5,1.7,4.2,0.155,0.9,-0.3,0.6,0.9,0.0,2017
188,J.R. Smith,29.0,3.0,8.7,0.346,2.3,6.6,0.351,0.7,2.1,0.329,0.479,0.2,0.4,0.667,0.4,2.3,2.8,1.5,1.0,0.3,0.6,1.9,8.6,0.0,0.0,1010.0,0.0,0.0,0.0,0.0,0.0,0.0,0.0,0.0,0.0,0.0,0.0,0.0,0.0,41.0,35.0,1187.0,123.0,356.0,0.346,95.0,271.0,0.351,28.0,85.0,0.329,0.479,10.0,15.0,0.667,17.0,96.0,113.0,62.0,40.0,11.0,26.0,77.0,351.0,0.0,8.1,0.484,0.761,0.042,1.6,8.6,5.2,7.3,1.7,0.7,6.7,14.6,0.1,0.8,0.8,0.034,-1.8,-0.2,-2.1,0.0,0.0,2017
189,Monta Ellis,27.0,3.3,7.5,0.443,0.6,1.8,0.319,2.8,5.7,0.483,0.482,1.3,1.7,0.727,0.3,2.5,2.8,3.2,1.1,0.4,1.8,2.0,8.5,0.0,0.0,1010.0,0.0,0.0,0.0,0.0,0.0,0.0,0.0,0.0,0.0,0.0,0.0,0.0,0.0,74.0,33.0,1998.0,247.0,557.0,0.443,43.0,135.0,0.319,204.0,422.0,0.483,0.482,93.0,128.0,0.727,19.0,185.0,204.0,236.0,78.0,27.0,135.0,149.0,630.0,0.0,9.9,0.514,0.242,0.23,1.1,10.3,5.7,17.2,2.0,1.2,18.0,16.8,-0.7,1.7,1.1,0.026,-3.1,0.2,-2.9,-0.5,0.0,2017
190,Tony Snell,29.2,3.1,6.8,0.455,1.8,4.4,0.406,1.3,2.3,0.548,0.588,0.6,0.7,0.81,0.3,2.8,3.1,1.2,0.7,0.2,0.7,1.6,8.5,0.0,0.0,1010.0,0.0,0.0,0.0,0.0,0.0,0.0,0.0,0.0,0.0,0.0,0.0,0.0,0.0,80.0,80.0,2336.0,246.0,541.0,0.455,144.0,355.0,0.406,102.0,186.0,0.548,0.588,47.0,58.0,0.81,22.0,226.0,248.0,96.0,55.0,14.0,55.0,125.0,683.0,0.0,9.7,0.603,0.656,0.107,1.1,11.1,6.2,5.9,1.2,0.5,8.8,12.1,2.1,1.3,3.4,0.071,-1.0,-0.7,-1.7,0.2,0.0,2017
191,Arron Afflalo,25.9,3.0,6.9,0.44,1.0,2.5,0.411,2.0,4.4,0.457,0.514,1.4,1.5,0.892,0.1,1.9,2.0,1.3,0.3,0.1,0.7,1.7,8.4,0.0,0.0,1010.0,0.0,0.0,0.0,0.0,0.0,0.0,0.0,0.0,0.0,0.0,0.0,0.0,0.0,61.0,45.0,1580.0,185.0,420.0,0.44,62.0,151.0,0.411,123.0,269.0,0.457,0.514,83.0,93.0,0.892,9.0,116.0,125.0,78.0,21.0,6.0,42.0,104.0,515.0,0.0,8.9,0.559,0.36,0.221,0.7,8.4,4.6,7.4,0.7,0.3,8.4,14.4,1.2,0.2,1.4,0.043,-2.1,-1.5,-3.6,-0.7,0.0,2017
192,Tyson Chandler,27.6,3.3,4.9,0.671,0.0,0.0,0.0,3.3,4.9,0.671,0.671,1.9,2.6,0.734,3.3,8.2,11.5,0.6,0.7,0.5,1.4,2.7,8.4,0.0,0.0,1010.0,0.0,0.0,0.0,0.0,0.0,0.0,0.0,0.0,0.0,0.0,0.0,0.0,0.0,47.0,46.0,1298.0,153.0,228.0,0.671,0.0,0.0,0.0,153.0,228.0,0.671,0.671,91.0,124.0,0.734,153.0,386.0,539.0,30.0,33.0,24.0,65.0,126.0,397.0,0.0,16.6,0.703,0.0,0.544,12.5,33.2,22.6,3.3,1.2,1.5,18.7,11.2,2.7,1.3,4.1,0.151,0.7,-0.3,0.3,0.8,0.0,2017
193,Norman Powell,18.0,3.0,6.7,0.449,0.7,2.3,0.324,2.3,4.4,0.514,0.504,1.7,2.1,0.792,0.3,1.9,2.2,1.1,0.7,0.2,0.9,1.7,8.4,0.0,0.0,1010.0,0.0,0.0,0.0,0.0,0.0,0.0,0.0,0.0,0.0,0.0,0.0,0.0,0.0,76.0,18.0,1368.0,227.0,506.0,0.449,56.0,173.0,0.324,171.0,333.0,0.514,0.504,126.0,159.0,0.792,26.0,143.0,169.0,82.0,52.0,14.0,70.0,127.0,636.0,0.0,14.0,0.552,0.342,0.314,2.2,11.8,7.0,9.3,1.9,0.9,10.8,21.1,1.4,1.4,2.8,0.097,-0.6,0.1,-0.5,0.5,0.0,2017
194,Troy Daniels,17.7,2.8,7.4,0.374,2.1,5.3,0.389,0.7,2.1,0.336,0.513,0.6,0.8,0.796,0.3,1.2,1.5,0.7,0.3,0.1,0.7,1.3,8.2,0.0,0.0,1010.0,0.0,0.0,0.0,0.0,0.0,0.0,0.0,0.0,0.0,0.0,0.0,0.0,0.0,67.0,3.0,1183.0,185.0,495.0,0.374,138.0,355.0,0.389,47.0,140.0,0.336,0.513,43.0,54.0,0.796,22.0,78.0,100.0,46.0,20.0,4.0,45.0,90.0,551.0,0.0,10.4,0.531,0.717,0.109,2.1,7.8,4.8,6.6,0.9,0.3,8.0,21.7,0.5,0.8,1.3,0.051,0.2,-1.9,-1.8,0.0,0.0,2017
195,Joe Harris,21.9,3.0,7.0,0.425,1.6,4.3,0.385,1.3,2.7,0.489,0.543,0.7,0.9,0.714,0.3,2.5,2.8,1.0,0.6,0.2,1.1,2.3,8.2,0.0,0.0,1010.0,0.0,0.0,0.0,0.0,0.0,0.0,0.0,0.0,0.0,0.0,0.0,0.0,0.0,52.0,11.0,1138.0,154.0,362.0,0.425,85.0,221.0,0.385,69.0,141.0,0.489,0.543,35.0,49.0,0.714,16.0,131.0,147.0,54.0,30.0,8.0,55.0,121.0,428.0,0.0,9.0,0.558,0.61,0.135,1.5,12.0,6.8,7.3,1.2,0.5,12.5,16.5,0.1,0.6,0.8,0.032,-2.6,-0.9,-3.5,-0.4,0.0,2017
196,Willy Hernangómez,18.4,3.4,6.5,0.529,0.1,0.2,0.267,3.4,6.3,0.538,0.533,1.3,1.7,0.728,2.4,4.6,7.0,1.3,0.6,0.5,1.4,2.1,8.2,0.0,0.0,1010.0,0.0,0.0,0.0,0.0,0.0,0.0,0.0,0.0,0.0,0.0,0.0,0.0,0.0,72.0,22.0,1324.0,246.0,465.0,0.529,4.0,15.0,0.267,242.0,450.0,0.538,0.533,91.0,125.0,0.728,170.0,332.0,502.0,96.0,41.0,36.0,100.0,150.0,587.0,0.0,19.0,0.564,0.032,0.269,13.8,27.1,20.4,11.5,1.5,2.2,16.1,20.3,1.8,1.6,3.4,0.123,0.3,-0.5,-0.3,0.6,0.0,2017
197,Caris LeVert,21.7,3.0,6.7,0.45,1.0,3.2,0.321,2.0,3.4,0.571,0.528,1.2,1.6,0.72,0.4,2.9,3.3,1.9,0.9,0.1,1.0,1.6,8.2,0.0,0.0,1010.0,0.0,0.0,0.0,0.0,0.0,0.0,0.0,0.0,0.0,0.0,0.0,0.0,0.0,57.0,26.0,1237.0,171.0,380.0,0.45,59.0,184.0,0.321,112.0,196.0,0.571,0.528,67.0,93.0,0.72,23.0,165.0,188.0,110.0,49.0,8.0,59.0,91.0,468.0,0.0,12.3,0.556,0.484,0.245,2.0,13.9,8.0,13.7,1.9,0.5,12.3,16.6,0.8,1.0,1.8,0.07,-1.3,0.3,-1.1,0.3,0.0,2017
198,Shawn Long,13.0,3.4,6.1,0.56,0.4,1.1,0.368,3.0,5.0,0.6,0.592,1.1,1.9,0.543,2.3,2.4,4.7,0.7,0.5,0.5,0.7,2.7,8.2,0.0,0.0,1010.0,0.0,0.0,0.0,0.0,0.0,0.0,0.0,0.0,0.0,0.0,0.0,0.0,0.0,18.0,0.0,234.0,61.0,109.0,0.56,7.0,19.0,0.368,54.0,90.0,0.6,0.592,19.0,35.0,0.543,41.0,44.0,85.0,13.0,9.0,9.0,13.0,49.0,148.0,0.0,24.1,0.595,0.174,0.321,19.3,20.8,20.0,10.7,1.9,3.1,9.5,25.4,0.6,0.3,0.9,0.195,2.3,-1.1,1.2,0.2,0.0,2017
199,Willie Cauley-Stein,18.9,3.4,6.4,0.53,0.0,0.0,0.0,3.4,6.4,0.532,0.53,1.3,2.0,0.669,1.1,3.4,4.5,1.1,0.7,0.6,0.9,2.0,8.1,0.0,0.0,1010.0,0.0,0.0,0.0,0.0,0.0,0.0,0.0,0.0,0.0,0.0,0.0,0.0,0.0,75.0,21.0,1421.0,255.0,481.0,0.53,0.0,2.0,0.0,255.0,479.0,0.532,0.53,101.0,151.0,0.669,85.0,254.0,339.0,80.0,53.0,44.0,69.0,147.0,611.0,0.0,16.3,0.558,0.004,0.314,7.0,20.4,13.8,9.4,1.9,2.8,11.2,19.7,1.4,1.5,2.9,0.1,-1.2,0.2,-1.0,0.3,0.0,2017
200,Al Jefferson,14.1,3.6,7.1,0.499,0.0,0.0,0.0,3.6,7.1,0.5,0.499,1.0,1.3,0.765,1.1,3.1,4.2,0.9,0.3,0.2,0.5,1.9,8.1,0.0,0.0,1010.0,0.0,0.0,0.0,0.0,0.0,0.0,0.0,0.0,0.0,0.0,0.0,0.0,0.0,66.0,1.0,931.0,235.0,471.0,0.499,0.0,1.0,0.0,235.0,470.0,0.5,0.499,65.0,85.0,0.765,75.0,203.0,278.0,57.0,19.0,16.0,33.0,125.0,535.0,0.0,18.9,0.526,0.002,0.18,9.2,24.2,16.8,11.0,1.0,1.5,6.1,26.1,1.2,1.1,2.3,0.119,-0.3,-1.1,-1.4,0.1,0.0,2017
201,Ben McLemore,19.3,3.0,6.9,0.43,1.1,2.8,0.382,1.9,4.1,0.462,0.507,1.1,1.5,0.753,0.3,1.8,2.1,0.8,0.5,0.1,1.0,1.8,8.1,0.0,0.0,1010.0,0.0,0.0,0.0,0.0,0.0,0.0,0.0,0.0,0.0,0.0,0.0,0.0,0.0,61.0,27.0,1176.0,180.0,419.0,0.43,65.0,170.0,0.382,115.0,249.0,0.462,0.507,70.0,93.0,0.753,19.0,110.0,129.0,51.0,29.0,6.0,62.0,108.0,495.0,0.0,9.8,0.538,0.406,0.222,1.9,10.7,6.3,6.9,1.2,0.5,11.9,20.1,-0.1,0.5,0.4,0.015,-2.5,-1.7,-4.2,-0.6,0.0,2017
202,Tristan Thompson,29.9,3.4,5.6,0.6,0.0,0.0,0.0,3.4,5.6,0.604,0.6,1.4,2.7,0.498,3.7,5.5,9.2,1.0,0.5,1.1,0.8,2.3,8.1,0.0,0.0,1010.0,0.0,0.0,0.0,0.0,0.0,0.0,0.0,0.0,0.0,0.0,0.0,0.0,0.0,78.0,78.0,2336.0,262.0,437.0,0.6,0.0,3.0,0.0,262.0,434.0,0.604,0.6,106.0,213.0,0.498,286.0,429.0,715.0,77.0,39.0,84.0,64.0,176.0,630.0,0.0,15.3,0.594,0.007,0.487,13.9,19.6,16.9,4.6,0.8,2.9,10.8,11.3,5.0,2.3,7.3,0.149,0.0,-0.7,-0.7,0.7,0.0,2017
203,Vince Carter,24.6,2.6,6.7,0.394,1.5,4.1,0.378,1.1,2.7,0.418,0.508,1.2,1.6,0.765,0.5,2.6,3.1,1.8,0.8,0.5,0.7,2.2,8.0,0.0,0.0,1010.0,0.0,0.0,0.0,0.0,0.0,0.0,0.0,0.0,0.0,0.0,0.0,0.0,0.0,73.0,15.0,1799.0,193.0,490.0,0.394,112.0,296.0,0.378,81.0,194.0,0.418,0.508,88.0,115.0,0.765,36.0,191.0,227.0,133.0,60.0,36.0,50.0,163.0,586.0,0.0,11.7,0.542,0.604,0.235,2.2,12.5,7.2,11.5,1.7,1.9,8.5,14.9,1.9,2.1,4.0,0.106,-0.3,1.1,0.8,1.3,0.0,2017
204,Alex Len,20.3,3.0,6.0,0.497,0.0,0.2,0.25,2.9,5.9,0.503,0.5,1.9,2.7,0.721,2.0,4.6,6.6,0.6,0.5,1.3,1.3,3.1,8.0,0.0,0.0,1010.0,0.0,0.0,0.0,0.0,0.0,0.0,0.0,0.0,0.0,0.0,0.0,0.0,0.0,77.0,34.0,1560.0,230.0,463.0,0.497,3.0,12.0,0.25,227.0,451.0,0.503,0.5,150.0,208.0,0.721,156.0,354.0,510.0,44.0,38.0,98.0,102.0,242.0,613.0,0.0,15.0,0.553,0.026,0.449,10.6,25.3,17.8,4.2,1.2,5.1,15.5,17.6,1.2,1.7,3.0,0.091,-2.4,0.1,-2.3,-0.1,0.0,2017
205,Langston Galloway,20.2,2.8,7.4,0.38,1.6,4.2,0.39,1.2,3.2,0.367,0.49,0.7,0.9,0.797,0.4,1.7,2.1,1.3,0.6,0.1,0.6,1.3,7.9,0.0,0.0,1010.0,0.0,0.0,0.0,0.0,0.0,0.0,0.0,0.0,0.0,0.0,0.0,0.0,0.0,74.0,2.0,1495.0,207.0,545.0,0.38,120.0,308.0,0.39,87.0,237.0,0.367,0.49,51.0,64.0,0.797,27.0,129.0,156.0,93.0,46.0,6.0,46.0,96.0,585.0,0.0,10.4,0.51,0.565,0.117,2.0,9.3,5.6,9.4,1.5,0.3,7.4,18.4,0.2,1.1,1.3,0.04,-1.5,-0.7,-2.3,-0.1,0.0,2017
206,D.J. Augustin,19.7,2.5,6.6,0.377,1.2,3.5,0.347,1.3,3.1,0.412,0.469,1.7,2.1,0.814,0.2,1.3,1.5,2.7,0.4,0.0,1.2,1.3,7.9,0.0,0.0,1010.0,0.0,0.0,0.0,0.0,0.0,0.0,0.0,0.0,0.0,0.0,0.0,0.0,0.0,78.0,20.0,1538.0,195.0,517.0,0.377,95.0,274.0,0.347,100.0,243.0,0.412,0.469,131.0,161.0,0.814,15.0,102.0,117.0,209.0,31.0,1.0,90.0,101.0,616.0,0.0,11.0,0.524,0.53,0.311,1.0,7.4,4.1,20.4,1.0,0.1,13.3,19.4,0.7,0.5,1.2,0.038,-1.2,-1.8,-3.0,-0.4,0.0,2017
207,Shelvin Mack,21.9,3.1,6.9,0.446,0.7,2.2,0.308,2.4,4.7,0.51,0.495,1.0,1.4,0.688,0.4,1.9,2.3,2.8,0.8,0.1,1.6,1.8,7.8,0.0,0.0,1010.0,0.0,0.0,0.0,0.0,0.0,0.0,0.0,0.0,0.0,0.0,0.0,0.0,0.0,55.0,9.0,1205.0,170.0,381.0,0.446,37.0,120.0,0.308,133.0,261.0,0.51,0.495,53.0,77.0,0.688,20.0,105.0,125.0,154.0,42.0,3.0,90.0,100.0,430.0,0.0,10.9,0.518,0.315,0.202,2.0,9.8,6.0,20.4,1.8,0.2,17.8,19.6,-0.1,1.5,1.4,0.054,-2.5,0.2,-2.3,-0.1,0.0,2017
208,Sergio Rodríguez,22.3,3.1,7.9,0.392,1.4,3.7,0.365,1.7,4.2,0.415,0.478,0.3,0.4,0.667,0.3,2.0,2.3,5.1,0.7,0.1,1.9,1.4,7.8,0.0,0.0,1010.0,0.0,0.0,0.0,0.0,0.0,0.0,0.0,0.0,0.0,0.0,0.0,0.0,0.0,68.0,30.0,1518.0,210.0,536.0,0.392,92.0,252.0,0.365,118.0,284.0,0.415,0.478,18.0,27.0,0.667,21.0,136.0,157.0,344.0,49.0,4.0,128.0,95.0,530.0,0.0,11.1,0.484,0.47,0.05,1.5,9.9,5.7,35.4,1.6,0.2,18.9,19.3,-0.3,1.0,0.7,0.023,-1.2,-1.6,-2.7,-0.3,0.0,2017
209,Rajon Rondo,26.7,3.3,8.1,0.408,0.7,1.9,0.376,2.6,6.2,0.418,0.453,0.4,0.7,0.6,1.1,4.1,5.1,6.7,1.4,0.2,2.4,2.1,7.8,0.0,0.0,1010.0,0.0,0.0,0.0,0.0,0.0,0.0,0.0,0.0,0.0,0.0,0.0,0.0,0.0,69.0,42.0,1843.0,229.0,561.0,0.408,50.0,133.0,0.376,179.0,428.0,0.418,0.453,30.0,50.0,0.6,73.0,282.0,355.0,461.0,99.0,11.0,169.0,144.0,538.0,1.0,13.6,0.461,0.237,0.089,4.2,16.6,10.4,37.0,2.7,0.5,22.5,17.8,-0.4,2.7,2.3,0.06,-1.6,1.0,-0.5,0.7,0.0,2017
210,Garrett Temple,26.6,2.8,6.6,0.424,1.3,3.4,0.373,1.6,3.3,0.476,0.519,0.9,1.1,0.784,0.5,2.3,2.8,2.6,1.3,0.4,1.2,2.2,7.8,0.0,0.0,1010.0,0.0,0.0,0.0,0.0,0.0,0.0,0.0,0.0,0.0,0.0,0.0,0.0,0.0,65.0,20.0,1728.0,183.0,432.0,0.424,82.0,220.0,0.373,101.0,212.0,0.476,0.519,58.0,74.0,0.784,32.0,152.0,184.0,168.0,84.0,28.0,78.0,141.0,506.0,0.0,11.2,0.545,0.509,0.171,2.2,10.1,6.2,14.4,2.5,1.5,14.4,14.2,0.9,1.3,2.2,0.061,-1.5,0.8,-0.8,0.5,0.0,2017
211,Justin Holiday,20.0,2.8,6.6,0.433,1.2,3.3,0.355,1.7,3.2,0.513,0.523,0.8,1.0,0.825,0.3,2.4,2.7,1.2,0.8,0.4,0.8,1.3,7.7,0.0,0.0,1010.0,0.0,0.0,0.0,0.0,0.0,0.0,0.0,0.0,0.0,0.0,0.0,0.0,0.0,82.0,4.0,1639.0,233.0,538.0,0.433,97.0,273.0,0.355,136.0,265.0,0.513,0.523,66.0,80.0,0.825,27.0,198.0,225.0,102.0,65.0,31.0,66.0,109.0,629.0,0.0,12.7,0.549,0.507,0.149,1.8,13.1,7.4,9.2,2.0,1.5,10.3,16.9,1.3,1.2,2.5,0.073,-0.5,0.2,-0.3,0.7,0.0,2017
212,Matthew Dellavedova,26.1,2.7,7.0,0.39,1.0,2.8,0.367,1.7,4.2,0.404,0.463,1.1,1.3,0.854,0.3,1.6,1.9,4.7,0.7,0.0,1.8,2.0,7.6,0.0,0.0,1010.0,0.0,0.0,0.0,0.0,0.0,0.0,0.0,0.0,0.0,0.0,0.0,0.0,0.0,76.0,54.0,1986.0,208.0,534.0,0.39,79.0,215.0,0.367,129.0,319.0,0.404,0.463,82.0,96.0,0.854,24.0,123.0,147.0,357.0,53.0,0.0,133.0,153.0,577.0,0.0,9.4,0.501,0.403,0.18,1.4,7.1,4.3,25.7,1.4,0.0,18.8,16.3,0.3,0.9,1.2,0.029,-2.5,-1.8,-4.2,-1.1,0.0,2017
213,Luol Deng,26.5,2.9,7.6,0.387,0.9,2.9,0.309,2.0,4.6,0.436,0.447,0.8,1.1,0.73,1.1,4.1,5.3,1.3,0.9,0.4,0.8,1.1,7.6,0.0,0.0,1010.0,0.0,0.0,0.0,0.0,0.0,0.0,0.0,0.0,0.0,0.0,0.0,0.0,0.0,56.0,49.0,1486.0,164.0,424.0,0.387,51.0,165.0,0.309,113.0,259.0,0.436,0.447,46.0,63.0,0.73,63.0,232.0,295.0,74.0,48.0,20.0,43.0,61.0,425.0,0.0,10.1,0.47,0.389,0.149,4.5,17.7,10.8,7.0,1.6,1.1,8.7,14.2,0.1,0.8,0.9,0.029,-1.4,-0.6,-2.1,0.0,0.0,2017
214,Andre Iguodala,26.3,2.9,5.5,0.528,0.8,2.3,0.362,2.0,3.1,0.651,0.605,0.9,1.3,0.706,0.7,3.3,4.0,3.4,1.0,0.5,0.8,1.3,7.6,0.0,0.0,1010.0,0.0,0.0,0.0,0.0,0.0,0.0,0.0,0.0,0.0,0.0,0.0,0.0,0.0,76.0,0.0,1998.0,219.0,415.0,0.528,64.0,177.0,0.362,155.0,238.0,0.651,0.605,72.0,102.0,0.706,51.0,253.0,304.0,261.0,76.0,39.0,58.0,97.0,574.0,0.0,14.3,0.624,0.427,0.246,3.0,13.1,8.3,16.7,1.8,1.5,11.2,11.2,4.1,2.9,6.9,0.167,0.8,1.7,2.5,2.3,0.0,2017
215,Manu Ginóbili,18.7,2.5,6.4,0.39,1.3,3.3,0.392,1.2,3.1,0.387,0.491,1.2,1.6,0.804,0.4,1.9,2.3,2.7,1.2,0.2,1.4,1.7,7.5,0.0,0.0,1010.0,0.0,0.0,0.0,0.0,0.0,0.0,0.0,0.0,0.0,0.0,0.0,0.0,0.0,69.0,0.0,1291.0,171.0,439.0,0.39,89.0,227.0,0.392,82.0,212.0,0.387,0.491,86.0,107.0,0.804,28.0,129.0,157.0,183.0,82.0,16.0,96.0,119.0,517.0,0.0,13.9,0.532,0.517,0.244,2.5,11.1,6.9,20.8,3.2,1.0,16.5,20.4,0.6,2.4,3.0,0.11,-0.7,2.1,1.4,1.1,0.0,2017
216,Iman Shumpert,25.5,2.6,6.4,0.411,1.2,3.4,0.36,1.4,3.0,0.469,0.507,0.9,1.2,0.789,0.5,2.4,2.9,1.4,0.8,0.4,1.0,2.0,7.5,0.0,0.0,1010.0,0.0,0.0,0.0,0.0,0.0,0.0,0.0,0.0,0.0,0.0,0.0,0.0,0.0,76.0,31.0,1937.0,201.0,489.0,0.411,94.0,261.0,0.36,107.0,228.0,0.469,0.507,71.0,90.0,0.789,39.0,179.0,218.0,109.0,62.0,27.0,78.0,150.0,567.0,0.0,9.0,0.536,0.534,0.184,2.3,9.9,6.2,7.8,1.6,1.1,12.9,14.0,0.7,1.4,2.0,0.05,-2.3,0.1,-2.3,-0.1,0.0,2017
217,Ivica Zubac,16.0,3.3,6.3,0.529,0.0,0.1,0.0,3.3,6.2,0.536,0.529,0.8,1.3,0.653,1.1,3.1,4.2,0.8,0.4,0.9,0.8,1.7,7.5,0.0,0.0,1010.0,0.0,0.0,0.0,0.0,0.0,0.0,0.0,0.0,0.0,0.0,0.0,0.0,0.0,38.0,11.0,609.0,126.0,238.0,0.529,0.0,3.0,0.0,126.0,235.0,0.536,0.529,32.0,49.0,0.653,41.0,118.0,159.0,30.0,14.0,33.0,30.0,66.0,284.0,0.0,17.0,0.547,0.013,0.206,7.1,21.9,14.3,8.1,1.1,4.4,10.4,20.3,0.6,0.5,1.1,0.086,-1.2,-0.6,-1.7,0.0,0.0,2017
218,Timofey Mozgov,20.4,3.1,6.1,0.515,0.0,0.0,0.0,3.1,6.1,0.517,0.515,1.2,1.4,0.808,1.9,3.0,4.9,0.8,0.3,0.6,1.3,2.5,7.4,0.0,0.0,1010.0,0.0,0.0,0.0,0.0,0.0,0.0,0.0,0.0,0.0,0.0,0.0,0.0,0.0,54.0,52.0,1104.0,169.0,328.0,0.515,0.0,1.0,0.0,169.0,327.0,0.517,0.515,63.0,78.0,0.808,104.0,160.0,264.0,43.0,16.0,31.0,72.0,133.0,401.0,0.0,12.3,0.553,0.003,0.238,9.9,16.4,13.1,5.9,0.7,2.3,16.6,16.8,0.7,0.4,1.1,0.048,-2.9,-1.5,-4.3,-0.7,0.0,2017
219,Isaiah Whitehead,22.5,2.8,7.0,0.402,0.6,2.0,0.295,2.2,4.9,0.446,0.445,1.2,1.5,0.805,0.4,2.1,2.5,2.6,0.6,0.5,1.9,2.4,7.4,0.0,0.0,1010.0,0.0,0.0,0.0,0.0,0.0,0.0,0.0,0.0,0.0,0.0,0.0,0.0,0.0,73.0,26.0,1643.0,204.0,508.0,0.402,44.0,149.0,0.295,160.0,359.0,0.446,0.445,91.0,113.0,0.805,32.0,152.0,184.0,192.0,42.0,36.0,142.0,175.0,543.0,0.0,7.6,0.487,0.293,0.222,2.1,9.7,5.9,17.7,1.2,1.7,20.3,18.2,-1.7,0.9,-0.8,-0.023,-4.3,-0.8,-5.1,-1.3,0.0,2017
220,Alan Williams,15.1,2.9,5.7,0.517,0.0,0.0,0.0,2.9,5.7,0.519,0.517,1.5,2.4,0.625,2.0,4.2,6.2,0.5,0.6,0.7,0.8,2.7,7.4,0.0,0.0,1010.0,0.0,0.0,0.0,0.0,0.0,0.0,0.0,0.0,0.0,0.0,0.0,0.0,0.0,47.0,0.0,708.0,138.0,267.0,0.517,0.0,1.0,0.0,138.0,266.0,0.519,0.517,70.0,112.0,0.625,94.0,198.0,292.0,23.0,27.0,32.0,37.0,125.0,346.0,0.0,19.5,0.547,0.004,0.419,14.0,31.2,22.4,5.2,1.8,3.7,10.5,20.9,1.1,0.9,2.1,0.142,-0.8,-0.6,-1.3,0.1,0.0,2017
221,Archie Goodwin,14.3,2.4,4.4,0.545,0.3,1.0,0.333,2.1,3.4,0.608,0.583,2.2,2.8,0.786,0.5,1.4,1.9,1.6,0.3,0.3,0.9,0.5,7.3,0.0,0.0,1010.0,0.0,0.0,0.0,0.0,0.0,0.0,0.0,0.0,0.0,0.0,0.0,0.0,0.0,15.0,0.0,214.0,36.0,66.0,0.545,5.0,15.0,0.333,31.0,51.0,0.608,0.583,33.0,42.0,0.786,7.0,21.0,28.0,24.0,4.0,5.0,14.0,8.0,110.0,0.0,18.7,0.651,0.227,0.636,3.5,10.3,6.9,18.5,0.9,1.8,14.2,19.8,0.6,0.1,0.7,0.153,2.2,-0.3,1.9,0.2,0.0,2017
222,Spencer Dinwiddie,22.6,2.3,5.1,0.444,0.6,1.7,0.376,1.6,3.4,0.478,0.507,2.1,2.7,0.792,0.5,2.3,2.8,3.1,0.7,0.4,1.1,2.0,7.3,0.0,0.0,1010.0,0.0,0.0,0.0,0.0,0.0,0.0,0.0,0.0,0.0,0.0,0.0,0.0,0.0,59.0,18.0,1334.0,134.0,302.0,0.444,38.0,101.0,0.376,96.0,201.0,0.478,0.507,126.0,159.0,0.792,27.0,137.0,164.0,185.0,44.0,23.0,66.0,119.0,432.0,0.0,12.7,0.581,0.334,0.526,2.2,10.7,6.5,20.3,1.6,1.3,15.1,14.1,1.9,0.9,2.8,0.101,-1.3,0.4,-1.0,0.4,0.0,2017
223,Danny Green,26.6,2.6,6.6,0.392,1.7,4.6,0.379,0.9,2.0,0.42,0.523,0.4,0.5,0.844,0.5,2.8,3.3,1.8,1.0,0.8,1.1,1.8,7.3,0.0,0.0,1010.0,0.0,0.0,0.0,0.0,0.0,0.0,0.0,0.0,0.0,0.0,0.0,0.0,0.0,68.0,68.0,1807.0,176.0,449.0,0.392,118.0,311.0,0.379,58.0,138.0,0.42,0.523,27.0,32.0,0.844,31.0,193.0,224.0,124.0,70.0,57.0,76.0,120.0,497.0,0.0,10.1,0.537,0.693,0.071,2.0,11.8,7.0,9.6,2.0,2.6,14.1,13.5,0.4,3.0,3.4,0.09,-1.0,1.9,0.8,1.3,0.0,2017
224,David Lee,18.7,3.1,5.3,0.59,0.0,0.0,0.0,3.1,5.3,0.59,0.59,1.0,1.4,0.708,1.9,3.7,5.6,1.6,0.4,0.5,1.0,1.6,7.3,0.0,0.0,1010.0,0.0,0.0,0.0,0.0,0.0,0.0,0.0,0.0,0.0,0.0,0.0,0.0,0.0,79.0,10.0,1477.0,248.0,420.0,0.59,0.0,0.0,0.0,248.0,420.0,0.59,0.59,80.0,113.0,0.708,149.0,292.0,441.0,124.0,31.0,40.0,82.0,125.0,576.0,0.0,18.5,0.613,0.0,0.269,11.7,21.9,16.9,13.0,1.1,2.2,14.9,16.9,3.2,2.5,5.7,0.186,0.7,1.1,1.8,1.4,0.0,2017
225,Tyler Ulis,18.4,3.0,7.2,0.421,0.3,1.3,0.266,2.7,5.9,0.455,0.445,0.9,1.2,0.775,0.3,1.2,1.6,3.7,0.8,0.1,1.3,1.2,7.3,0.0,0.0,1010.0,0.0,0.0,0.0,0.0,0.0,0.0,0.0,0.0,0.0,0.0,0.0,0.0,0.0,61.0,15.0,1123.0,184.0,437.0,0.421,21.0,79.0,0.266,163.0,358.0,0.455,0.445,55.0,71.0,0.775,20.0,75.0,95.0,226.0,48.0,5.0,77.0,73.0,444.0,0.0,13.0,0.474,0.181,0.162,1.9,7.5,4.6,30.5,2.0,0.4,14.1,20.3,0.3,0.4,0.7,0.029,-0.9,-1.4,-2.4,-0.1,0.0,2017
226,Thabo Sefolosha,25.7,2.8,6.4,0.441,0.7,1.9,0.342,2.1,4.4,0.484,0.492,0.9,1.2,0.733,0.9,3.5,4.4,1.7,1.5,0.5,0.9,1.6,7.2,0.0,0.0,1010.0,0.0,0.0,0.0,0.0,0.0,0.0,0.0,0.0,0.0,0.0,0.0,0.0,0.0,62.0,42.0,1596.0,174.0,395.0,0.441,41.0,120.0,0.342,133.0,275.0,0.484,0.492,55.0,75.0,0.733,54.0,216.0,270.0,107.0,96.0,31.0,58.0,97.0,444.0,0.0,11.9,0.519,0.304,0.19,3.8,14.7,9.3,9.9,3.0,1.7,11.9,13.3,0.6,2.7,3.3,0.098,-2.1,2.5,0.4,1.0,0.0,2017
227,Rodney Stuckey,17.8,2.3,6.3,0.373,0.5,1.5,0.317,1.8,4.7,0.391,0.412,2.1,2.7,0.748,0.2,2.0,2.2,2.2,0.4,0.0,1.4,1.1,7.2,0.0,0.0,1010.0,0.0,0.0,0.0,0.0,0.0,0.0,0.0,0.0,0.0,0.0,0.0,0.0,0.0,39.0,0.0,696.0,91.0,244.0,0.373,19.0,60.0,0.317,72.0,184.0,0.391,0.412,80.0,107.0,0.748,6.0,78.0,84.0,84.0,16.0,0.0,53.0,44.0,281.0,0.0,9.5,0.483,0.246,0.439,1.0,12.4,6.8,17.7,1.2,0.0,15.4,22.2,-0.5,0.4,-0.1,-0.006,-3.2,-1.2,-4.4,-0.4,0.0,2017
228,Brandon Jennings,22.2,2.4,6.6,0.359,1.0,3.1,0.313,1.4,3.5,0.399,0.433,1.4,1.9,0.75,0.4,2.1,2.4,4.9,0.9,0.0,1.6,1.4,7.1,0.0,0.0,1010.0,0.0,0.0,0.0,0.0,0.0,0.0,0.0,0.0,0.0,0.0,0.0,0.0,0.0,81.0,13.0,1802.0,192.0,535.0,0.359,79.0,252.0,0.313,113.0,283.0,0.399,0.433,114.0,152.0,0.75,29.0,167.0,196.0,395.0,70.0,4.0,128.0,116.0,577.0,0.0,12.1,0.479,0.471,0.284,1.8,10.1,5.9,30.4,1.9,0.2,17.5,17.6,0.7,1.0,1.7,0.046,-1.2,-1.2,-2.4,-0.2,0.0,2017
229,Justin Anderson,16.4,2.5,5.9,0.424,0.8,2.6,0.299,1.7,3.3,0.522,0.49,1.4,1.7,0.791,0.9,2.3,3.3,0.9,0.5,0.3,0.9,1.5,7.1,0.0,0.0,1010.0,0.0,0.0,0.0,0.0,0.0,0.0,0.0,0.0,0.0,0.0,0.0,0.0,0.0,75.0,10.0,1228.0,186.0,439.0,0.424,58.0,194.0,0.299,128.0,245.0,0.522,0.49,102.0,129.0,0.791,69.0,176.0,245.0,66.0,41.0,23.0,66.0,109.0,532.0,0.0,13.9,0.537,0.442,0.294,6.2,16.9,11.4,8.8,1.7,1.6,11.7,20.9,0.6,1.3,1.9,0.074,-0.9,-0.4,-1.3,0.2,0.0,2017
230,Matt Barnes,24.0,2.5,6.4,0.391,1.2,3.6,0.331,1.3,2.8,0.467,0.483,0.9,1.2,0.787,0.9,4.2,5.2,2.6,0.6,0.4,1.4,2.5,7.1,0.0,0.0,1010.0,0.0,0.0,0.0,0.0,0.0,0.0,0.0,0.0,0.0,0.0,0.0,0.0,0.0,74.0,18.0,1777.0,185.0,473.0,0.391,87.0,263.0,0.331,98.0,210.0,0.467,0.483,70.0,89.0,0.787,70.0,314.0,384.0,195.0,48.0,26.0,107.0,185.0,527.0,0.0,10.3,0.514,0.556,0.188,4.6,19.7,12.3,15.7,1.3,1.3,17.3,15.6,0.3,1.7,2.0,0.053,-1.7,0.3,-1.4,0.3,0.0,2017
231,Tim Frazier,23.5,2.5,6.2,0.403,0.6,2.0,0.313,1.9,4.2,0.446,0.453,1.5,2.0,0.76,0.5,2.1,2.7,5.2,0.9,0.1,1.6,2.0,7.1,0.0,0.0,1010.0,0.0,0.0,0.0,0.0,0.0,0.0,0.0,0.0,0.0,0.0,0.0,0.0,0.0,65.0,35.0,1525.0,163.0,404.0,0.403,40.0,128.0,0.313,123.0,276.0,0.446,0.453,98.0,129.0,0.76,34.0,139.0,173.0,335.0,56.0,6.0,101.0,133.0,464.0,1.0,12.4,0.504,0.317,0.319,2.3,9.7,6.0,31.4,1.8,0.3,18.0,16.3,1.0,1.4,2.4,0.075,-2.5,-0.2,-2.7,-0.3,0.0,2017
232,Joe Ingles,24.0,2.5,5.5,0.452,1.5,3.4,0.441,1.0,2.1,0.471,0.589,0.6,0.8,0.735,0.3,2.9,3.2,2.7,1.2,0.1,1.3,2.0,7.1,0.0,0.0,1010.0,0.0,0.0,0.0,0.0,0.0,0.0,0.0,0.0,0.0,0.0,0.0,0.0,0.0,82.0,26.0,1972.0,204.0,451.0,0.452,123.0,279.0,0.441,81.0,172.0,0.471,0.589,50.0,68.0,0.735,23.0,238.0,261.0,225.0,96.0,8.0,107.0,163.0,581.0,0.0,12.4,0.604,0.619,0.151,1.4,13.6,7.6,17.2,2.6,0.3,18.2,13.9,2.0,3.0,5.0,0.123,-0.7,2.3,1.6,1.8,0.0,2017
233,Larry Nance Jr.,22.9,3.0,5.7,0.526,0.2,0.6,0.278,2.9,5.2,0.554,0.54,0.9,1.3,0.738,1.9,4.0,5.9,1.5,1.3,0.6,0.9,2.4,7.1,0.0,0.0,1010.0,0.0,0.0,0.0,0.0,0.0,0.0,0.0,0.0,0.0,0.0,0.0,0.0,0.0,63.0,7.0,1442.0,190.0,361.0,0.526,10.0,36.0,0.278,180.0,325.0,0.554,0.54,59.0,80.0,0.738,120.0,249.0,369.0,96.0,82.0,39.0,56.0,149.0,449.0,0.0,15.7,0.567,0.1,0.222,8.8,19.6,14.0,9.7,2.8,2.2,12.4,13.4,2.1,1.5,3.5,0.118,-0.6,1.2,0.6,1.0,0.0,2017
234,Anthony Tolliver,22.7,2.4,5.4,0.442,1.4,3.5,0.391,1.0,1.9,0.537,0.57,0.9,1.3,0.744,0.8,2.9,3.6,1.2,0.5,0.3,0.9,1.7,7.1,0.0,0.0,1010.0,0.0,0.0,0.0,0.0,0.0,0.0,0.0,0.0,0.0,0.0,0.0,0.0,0.0,65.0,9.0,1477.0,155.0,351.0,0.442,90.0,230.0,0.391,65.0,121.0,0.537,0.57,61.0,82.0,0.744,51.0,186.0,237.0,77.0,34.0,20.0,56.0,109.0,461.0,0.0,11.1,0.595,0.655,0.234,4.0,14.4,9.3,7.7,1.2,1.2,12.6,13.6,1.5,0.8,2.3,0.075,-0.1,-0.8,-1.0,0.4,0.0,2017
235,Solomon Hill,29.7,2.3,6.0,0.383,1.2,3.4,0.348,1.1,2.6,0.428,0.481,1.3,1.6,0.805,0.6,3.2,3.8,1.8,0.9,0.4,1.0,2.3,7.0,0.0,0.0,1010.0,0.0,0.0,0.0,0.0,0.0,0.0,0.0,0.0,0.0,0.0,0.0,0.0,0.0,80.0,71.0,2374.0,183.0,478.0,0.383,94.0,270.0,0.348,89.0,208.0,0.428,0.481,103.0,128.0,0.805,51.0,256.0,307.0,141.0,72.0,32.0,82.0,182.0,563.0,0.0,8.0,0.527,0.565,0.268,2.3,11.4,6.8,8.1,1.5,1.1,13.3,11.5,0.4,2.3,2.7,0.055,-3.5,0.8,-2.7,-0.4,0.0,2017
236,Josh Huestis,15.5,3.0,5.5,0.545,1.0,2.0,0.5,2.0,3.5,0.571,0.636,0.0,0.5,0.0,2.0,2.5,4.5,1.5,0.0,1.5,0.0,0.0,7.0,0.0,0.0,1010.0,0.0,0.0,0.0,0.0,0.0,0.0,0.0,0.0,0.0,0.0,0.0,0.0,0.0,2.0,0.0,31.0,6.0,11.0,0.545,2.0,4.0,0.5,4.0,7.0,0.571,0.636,0.0,1.0,0.0,4.0,5.0,9.0,3.0,0.0,3.0,0.0,0.0,14.0,0.0,26.1,0.612,0.364,0.091,14.3,17.9,16.1,15.5,0.0,7.7,0.0,15.7,0.1,0.0,0.2,0.265,7.6,1.2,8.8,0.1,0.0,2017
237,Justin Hamilton,18.4,2.7,5.9,0.459,0.9,2.8,0.306,1.9,3.1,0.598,0.532,0.6,0.8,0.75,1.1,3.0,4.1,0.9,0.5,0.7,0.7,1.4,6.9,0.0,0.0,1010.0,0.0,0.0,0.0,0.0,0.0,0.0,0.0,0.0,0.0,0.0,0.0,0.0,0.0,64.0,7.0,1177.0,174.0,379.0,0.459,55.0,180.0,0.306,119.0,199.0,0.598,0.532,39.0,52.0,0.75,71.0,191.0,262.0,55.0,29.0,43.0,43.0,91.0,442.0,0.0,13.6,0.55,0.475,0.137,6.5,17.0,11.8,7.3,1.2,2.8,9.7,16.2,1.0,1.0,2.1,0.084,-0.5,-0.3,-0.8,0.4,0.0,2017
238,T.J. McConnell,26.3,2.9,6.3,0.461,0.1,0.7,0.2,2.8,5.6,0.492,0.472,0.9,1.1,0.811,0.5,2.6,3.1,6.6,1.7,0.1,2.0,1.7,6.9,0.0,0.0,1010.0,0.0,0.0,0.0,0.0,0.0,0.0,0.0,0.0,0.0,0.0,0.0,0.0,0.0,81.0,51.0,2133.0,236.0,512.0,0.461,11.0,55.0,0.2,225.0,457.0,0.492,0.472,73.0,90.0,0.811,39.0,212.0,251.0,534.0,134.0,10.0,159.0,139.0,556.0,0.0,13.7,0.504,0.107,0.176,2.0,11.0,6.5,37.5,3.1,0.4,22.4,14.4,1.4,2.4,3.8,0.084,-2.0,1.0,-1.0,0.5,0.0,2017
239,Lance Stephenson,20.1,3.0,6.7,0.45,0.3,1.1,0.3,2.7,5.6,0.48,0.475,0.4,0.7,0.615,0.2,2.7,2.9,3.3,0.3,0.2,1.4,1.8,6.8,0.0,0.0,1010.0,0.0,0.0,0.0,0.0,0.0,0.0,0.0,0.0,0.0,0.0,0.0,0.0,0.0,18.0,0.0,361.0,54.0,120.0,0.45,6.0,20.0,0.3,48.0,100.0,0.48,0.475,8.0,13.0,0.615,4.0,48.0,52.0,59.0,5.0,3.0,26.0,32.0,122.0,0.0,9.6,0.485,0.167,0.108,1.2,14.8,8.0,24.8,0.7,0.7,17.1,18.7,-0.2,0.2,0.1,0.008,-3.4,-0.6,-4.0,-0.2,0.0,2017
240,Ian Clark,14.8,2.7,5.6,0.487,0.8,2.1,0.374,1.9,3.5,0.556,0.558,0.6,0.8,0.759,0.3,1.3,1.6,1.2,0.5,0.1,0.7,1.0,6.8,0.0,0.0,1010.0,0.0,0.0,0.0,0.0,0.0,0.0,0.0,0.0,0.0,0.0,0.0,0.0,0.0,77.0,0.0,1137.0,211.0,433.0,0.487,61.0,163.0,0.374,150.0,270.0,0.556,0.558,44.0,58.0,0.759,22.0,99.0,121.0,90.0,39.0,8.0,55.0,77.0,527.0,0.0,13.1,0.575,0.376,0.134,2.3,9.0,5.8,11.2,1.7,0.6,10.7,19.5,1.0,1.3,2.3,0.099,-1.0,-0.5,-1.5,0.1,0.0,2017
241,Jared Dudley,21.3,2.5,5.4,0.454,1.2,3.2,0.379,1.3,2.2,0.559,0.565,0.7,1.0,0.662,0.5,3.0,3.5,1.9,0.7,0.3,1.1,2.4,6.8,0.0,0.0,1010.0,0.0,0.0,0.0,0.0,0.0,0.0,0.0,0.0,0.0,0.0,0.0,0.0,0.0,64.0,7.0,1362.0,157.0,346.0,0.454,77.0,203.0,0.379,80.0,143.0,0.559,0.565,43.0,65.0,0.662,31.0,194.0,225.0,121.0,42.0,16.0,73.0,154.0,434.0,0.0,10.6,0.579,0.587,0.188,2.4,15.9,9.0,12.5,1.5,0.9,16.3,13.8,1.1,0.7,1.8,0.064,-1.1,0.1,-1.0,0.3,0.0,2017
242,John Henson,19.4,2.7,5.3,0.515,0.0,0.0,0.0,2.7,5.3,0.516,0.515,1.3,1.8,0.692,1.6,3.5,5.1,1.0,0.5,1.3,0.9,2.6,6.8,0.0,0.0,1010.0,0.0,0.0,0.0,0.0,0.0,0.0,0.0,0.0,0.0,0.0,0.0,0.0,0.0,58.0,39.0,1123.0,159.0,309.0,0.515,0.0,1.0,0.0,159.0,308.0,0.516,0.515,74.0,107.0,0.692,92.0,203.0,295.0,57.0,29.0,78.0,52.0,151.0,392.0,0.0,15.3,0.55,0.003,0.346,9.6,20.8,15.3,7.7,1.3,6.1,12.7,16.6,1.2,1.6,2.7,0.116,-2.3,0.7,-1.6,0.1,0.0,2017
243,Patrick Patterson,24.6,2.4,5.9,0.401,1.4,3.9,0.372,0.9,2.0,0.458,0.523,0.7,0.9,0.717,1.0,3.6,4.5,1.2,0.6,0.4,0.6,1.8,6.8,0.0,0.0,1010.0,0.0,0.0,0.0,0.0,0.0,0.0,0.0,0.0,0.0,0.0,0.0,0.0,0.0,65.0,8.0,1599.0,154.0,384.0,0.401,94.0,253.0,0.372,60.0,131.0,0.458,0.523,43.0,60.0,0.717,62.0,231.0,293.0,76.0,40.0,23.0,38.0,120.0,445.0,0.0,10.8,0.542,0.659,0.156,4.4,16.3,10.4,6.6,1.3,1.2,8.5,12.5,1.7,1.6,3.3,0.1,0.0,0.1,0.1,0.8,0.0,2017
244,Bobby Portis,15.6,2.9,5.9,0.488,0.5,1.5,0.333,2.4,4.4,0.541,0.531,0.6,0.9,0.661,1.2,3.5,4.6,0.5,0.3,0.2,0.6,1.5,6.8,0.0,0.0,1010.0,0.0,0.0,0.0,0.0,0.0,0.0,0.0,0.0,0.0,0.0,0.0,0.0,0.0,64.0,13.0,1000.0,183.0,375.0,0.488,32.0,96.0,0.333,151.0,279.0,0.541,0.531,39.0,59.0,0.661,75.0,221.0,296.0,35.0,16.0,11.0,37.0,94.0,437.0,0.0,14.9,0.545,0.256,0.157,8.0,24.0,16.0,5.7,0.8,0.9,8.4,19.1,1.1,1.2,2.4,0.114,-0.6,-0.9,-1.5,0.1,0.0,2017
245,Brandan Wright,16.0,3.0,4.8,0.615,0.0,0.0,0.0,3.0,4.8,0.619,0.615,0.8,1.3,0.657,1.1,1.7,2.8,0.5,0.4,0.7,0.4,1.5,6.8,0.0,0.0,1010.0,0.0,0.0,0.0,0.0,0.0,0.0,0.0,0.0,0.0,0.0,0.0,0.0,0.0,28.0,5.0,447.0,83.0,135.0,0.615,0.0,1.0,0.0,83.0,134.0,0.619,0.615,23.0,35.0,0.657,31.0,47.0,78.0,15.0,11.0,20.0,10.0,42.0,189.0,0.0,18.6,0.628,0.007,0.259,7.7,12.4,10.0,6.0,1.3,4.3,6.2,16.3,1.1,0.5,1.6,0.177,1.0,0.7,1.7,0.4,0.0,2017
246,P.J. Tucker,27.6,2.5,6.0,0.413,0.9,2.4,0.357,1.6,3.5,0.451,0.485,0.9,1.1,0.774,1.4,4.4,5.8,1.2,1.4,0.2,0.8,2.4,6.7,0.0,0.0,1010.0,0.0,0.0,0.0,0.0,0.0,0.0,0.0,0.0,0.0,0.0,0.0,0.0,0.0,81.0,21.0,2236.0,199.0,482.0,0.413,70.0,196.0,0.357,129.0,286.0,0.451,0.485,72.0,93.0,0.774,117.0,354.0,471.0,99.0,116.0,19.0,66.0,196.0,540.0,0.0,10.5,0.516,0.407,0.193,5.6,17.7,11.6,6.0,2.5,0.7,11.2,11.2,1.4,2.2,3.6,0.078,-1.5,1.2,-0.3,1.0,0.0,2017
247,Alec Burks,15.5,2.4,5.9,0.399,0.6,1.8,0.329,1.8,4.1,0.43,0.45,1.4,1.9,0.769,0.4,2.5,2.9,0.7,0.4,0.1,0.8,1.2,6.7,0.0,0.0,1010.0,0.0,0.0,0.0,0.0,0.0,0.0,0.0,0.0,0.0,0.0,0.0,0.0,0.0,42.0,0.0,653.0,99.0,248.0,0.399,25.0,76.0,0.329,74.0,172.0,0.43,0.45,60.0,78.0,0.769,17.0,103.0,120.0,30.0,18.0,5.0,35.0,50.0,283.0,0.0,11.6,0.501,0.306,0.315,3.1,17.7,10.6,7.5,1.4,0.6,11.0,22.7,-0.1,0.9,0.8,0.056,-2.2,0.0,-2.3,0.0,0.0,2017
248,James Ennis III,23.5,2.3,5.0,0.455,0.8,2.1,0.372,1.5,2.9,0.516,0.534,1.3,1.7,0.782,1.1,3.0,4.0,1.0,0.7,0.3,0.9,2.6,6.7,0.0,0.0,1010.0,0.0,0.0,0.0,0.0,0.0,0.0,0.0,0.0,0.0,0.0,0.0,0.0,0.0,64.0,28.0,1501.0,146.0,321.0,0.455,51.0,137.0,0.372,95.0,184.0,0.516,0.534,86.0,110.0,0.782,69.0,190.0,259.0,64.0,46.0,19.0,59.0,165.0,429.0,0.0,10.6,0.581,0.427,0.343,5.1,14.9,9.9,6.5,1.6,1.2,13.8,13.0,1.4,1.7,3.1,0.101,-1.9,0.7,-1.2,0.3,0.0,2017
249,Raymond Felton,21.3,2.8,6.4,0.43,0.6,1.8,0.319,2.2,4.6,0.473,0.475,0.6,0.8,0.781,0.4,2.3,2.7,2.4,0.8,0.3,1.0,1.6,6.7,0.0,0.0,1010.0,0.0,0.0,0.0,0.0,0.0,0.0,0.0,0.0,0.0,0.0,0.0,0.0,0.0,80.0,11.0,1700.0,221.0,514.0,0.43,46.0,144.0,0.319,175.0,370.0,0.473,0.475,50.0,64.0,0.781,33.0,185.0,218.0,191.0,66.0,22.0,83.0,125.0,538.0,0.0,10.9,0.496,0.28,0.125,2.2,11.9,7.2,16.3,1.9,1.1,13.3,16.5,0.2,1.8,1.9,0.055,-2.0,0.7,-1.3,0.3,0.0,2017
250,Devin Harris,16.7,2.1,5.2,0.399,0.9,2.7,0.328,1.2,2.5,0.476,0.484,1.6,2.0,0.829,0.2,1.8,2.0,2.1,0.7,0.1,0.9,1.6,6.7,0.0,0.0,1010.0,0.0,0.0,0.0,0.0,0.0,0.0,0.0,0.0,0.0,0.0,0.0,0.0,0.0,65.0,0.0,1087.0,136.0,341.0,0.399,58.0,177.0,0.328,78.0,164.0,0.476,0.484,107.0,129.0,0.829,11.0,116.0,127.0,136.0,43.0,7.0,57.0,101.0,437.0,0.0,13.8,0.549,0.519,0.378,1.1,13.0,6.8,20.0,2.1,0.6,12.5,19.7,1.1,1.1,2.2,0.096,-1.0,0.7,-0.4,0.4,0.0,2017
251,Dwight Powell,17.3,2.5,4.9,0.515,0.3,1.0,0.284,2.2,3.9,0.571,0.542,1.4,1.8,0.759,1.2,2.8,4.0,0.6,0.8,0.5,0.4,1.8,6.7,0.0,0.0,1010.0,0.0,0.0,0.0,0.0,0.0,0.0,0.0,0.0,0.0,0.0,0.0,0.0,0.0,77.0,3.0,1333.0,194.0,377.0,0.515,21.0,74.0,0.284,173.0,303.0,0.571,0.542,107.0,141.0,0.759,93.0,213.0,306.0,49.0,61.0,39.0,34.0,135.0,516.0,0.0,17.6,0.588,0.196,0.374,7.7,19.5,13.3,6.1,2.4,2.6,7.2,16.7,2.7,1.9,4.6,0.165,-0.1,1.1,1.0,1.0,0.0,2017
252,Jaylen Brown,17.2,2.5,5.4,0.454,0.6,1.7,0.341,1.9,3.7,0.507,0.508,1.1,1.6,0.685,0.6,2.2,2.8,0.8,0.4,0.2,0.9,1.8,6.6,0.0,0.0,1010.0,0.0,0.0,0.0,0.0,0.0,0.0,0.0,0.0,0.0,0.0,0.0,0.0,0.0,78.0,20.0,1341.0,192.0,423.0,0.454,46.0,135.0,0.341,146.0,288.0,0.507,0.508,85.0,124.0,0.685,45.0,175.0,220.0,64.0,35.0,18.0,68.0,142.0,515.0,0.0,10.3,0.539,0.319,0.293,3.8,14.4,9.1,7.2,1.3,1.1,12.5,18.1,0.2,1.3,1.5,0.053,-3.0,-0.8,-3.7,-0.6,0.0,2017
253,Michael Carter-Williams,18.8,2.5,6.8,0.366,0.3,1.4,0.234,2.2,5.4,0.401,0.391,1.3,1.7,0.753,0.5,2.9,3.4,2.5,0.8,0.5,1.5,2.3,6.6,0.0,0.0,1010.0,0.0,0.0,0.0,0.0,0.0,0.0,0.0,0.0,0.0,0.0,0.0,0.0,0.0,45.0,19.0,846.0,112.0,306.0,0.366,15.0,64.0,0.234,97.0,242.0,0.401,0.391,58.0,77.0,0.753,24.0,129.0,153.0,113.0,38.0,23.0,66.0,102.0,297.0,0.0,9.9,0.437,0.209,0.252,3.0,16.6,9.8,20.0,2.3,2.2,16.3,20.9,-1.0,1.3,0.2,0.013,-4.5,1.3,-3.2,-0.3,0.0,2017
254,Dante Cunningham,25.0,2.6,5.4,0.485,1.1,2.7,0.392,1.6,2.7,0.579,0.584,0.2,0.4,0.593,0.8,3.3,4.2,0.6,0.6,0.4,0.4,1.5,6.6,0.0,0.0,1010.0,0.0,0.0,0.0,0.0,0.0,0.0,0.0,0.0,0.0,0.0,0.0,0.0,0.0,66.0,35.0,1649.0,174.0,359.0,0.485,71.0,181.0,0.392,103.0,178.0,0.579,0.584,16.0,27.0,0.593,56.0,221.0,277.0,37.0,39.0,28.0,28.0,100.0,435.0,0.0,10.2,0.586,0.504,0.075,3.6,14.2,8.9,3.2,1.2,1.4,7.0,10.7,1.4,1.6,3.0,0.088,-1.9,0.3,-1.6,0.2,0.0,2017
255,Kosta Koufos,20.0,3.0,5.5,0.551,0.0,0.0,0.0,3.0,5.5,0.552,0.551,0.5,0.9,0.613,1.7,4.0,5.7,0.7,0.5,0.7,0.9,2.4,6.6,0.0,0.0,1010.0,0.0,0.0,0.0,0.0,0.0,0.0,0.0,0.0,0.0,0.0,0.0,0.0,0.0,71.0,62.0,1419.0,216.0,392.0,0.551,0.0,1.0,0.0,216.0,391.0,0.552,0.551,38.0,62.0,0.613,118.0,285.0,403.0,47.0,36.0,48.0,61.0,172.0,470.0,0.0,13.8,0.56,0.003,0.158,9.7,23.0,16.4,5.3,1.3,3.1,12.7,15.3,1.2,1.4,2.6,0.089,-2.1,-0.4,-2.5,-0.2,0.0,2017
256,Andre Roberson,30.1,2.7,5.9,0.464,0.6,2.3,0.245,2.2,3.5,0.609,0.513,0.6,1.4,0.423,1.2,3.9,5.1,1.0,1.2,1.0,0.6,2.6,6.6,0.0,0.0,1010.0,0.0,0.0,0.0,0.0,0.0,0.0,0.0,0.0,0.0,0.0,0.0,0.0,0.0,79.0,79.0,2376.0,215.0,463.0,0.464,45.0,184.0,0.245,170.0,279.0,0.609,0.513,47.0,111.0,0.423,98.0,305.0,403.0,79.0,94.0,79.0,51.0,204.0,522.0,0.0,9.6,0.51,0.397,0.24,4.6,14.2,9.4,4.6,1.9,2.7,9.1,10.1,1.1,3.1,4.2,0.085,-2.5,1.4,-1.0,0.6,0.0,2017
257,Marcus Thornton,17.4,2.5,6.4,0.4,0.8,2.4,0.35,1.7,3.9,0.431,0.467,0.7,0.8,0.852,0.7,1.6,2.3,1.2,0.6,0.1,0.8,1.5,6.6,0.0,0.0,1010.0,0.0,0.0,0.0,0.0,0.0,0.0,0.0,0.0,0.0,0.0,0.0,0.0,0.0,33.0,1.0,575.0,84.0,210.0,0.4,28.0,80.0,0.35,56.0,130.0,0.431,0.467,23.0,27.0,0.852,22.0,54.0,76.0,41.0,19.0,3.0,25.0,48.0,219.0,0.0,10.4,0.494,0.381,0.129,4.3,10.5,7.5,10.1,1.6,0.4,10.1,18.7,0.1,0.4,0.5,0.042,-1.7,-0.7,-2.4,-0.1,0.0,2017
258,Sam Dekker,18.4,2.6,5.6,0.473,0.8,2.4,0.321,1.9,3.1,0.591,0.543,0.5,0.9,0.559,1.2,2.5,3.7,1.0,0.5,0.3,0.5,1.1,6.5,0.0,0.0,1010.0,0.0,0.0,0.0,0.0,0.0,0.0,0.0,0.0,0.0,0.0,0.0,0.0,0.0,77.0,2.0,1419.0,203.0,429.0,0.473,60.0,187.0,0.321,143.0,242.0,0.591,0.543,38.0,68.0,0.559,94.0,190.0,284.0,76.0,38.0,21.0,41.0,83.0,504.0,0.0,13.1,0.549,0.436,0.159,7.2,14.6,10.9,7.7,1.3,1.2,8.2,14.9,1.9,1.2,3.1,0.104,0.3,-0.6,-0.2,0.6,0.0,2017
259,Amir Johnson,20.1,2.7,4.6,0.576,0.3,0.8,0.409,2.3,3.8,0.612,0.612,0.8,1.3,0.67,1.5,3.1,4.6,1.8,0.6,0.8,1.0,2.6,6.5,0.0,0.0,1010.0,0.0,0.0,0.0,0.0,0.0,0.0,0.0,0.0,0.0,0.0,0.0,0.0,0.0,80.0,77.0,1608.0,213.0,370.0,0.576,27.0,66.0,0.409,186.0,304.0,0.612,0.612,67.0,100.0,0.67,118.0,248.0,366.0,140.0,51.0,62.0,77.0,211.0,520.0,0.0,15.0,0.628,0.178,0.27,8.3,17.0,12.7,13.0,1.6,3.2,15.7,13.6,2.9,2.1,5.0,0.149,-0.7,1.3,0.6,1.1,0.0,2017
260,Darrell Arthur,15.6,2.3,5.2,0.442,1.3,2.9,0.453,1.0,2.4,0.429,0.565,0.5,0.5,0.864,0.6,2.1,2.7,1.0,0.5,0.5,0.9,1.9,6.4,0.0,0.0,1010.0,0.0,0.0,0.0,0.0,0.0,0.0,0.0,0.0,0.0,0.0,0.0,0.0,0.0,41.0,7.0,639.0,95.0,215.0,0.442,53.0,117.0,0.453,42.0,98.0,0.429,0.565,19.0,22.0,0.864,25.0,87.0,112.0,42.0,19.0,21.0,36.0,76.0,262.0,0.0,12.8,0.583,0.544,0.102,4.4,14.9,9.7,9.3,1.5,2.5,13.8,17.3,0.6,0.4,1.1,0.081,0.1,-0.2,-0.1,0.3,0.0,2017
261,Timothé Luwawu-Cabarrot,17.2,2.1,5.2,0.402,0.7,2.3,0.311,1.4,2.9,0.475,0.471,1.5,1.8,0.854,0.4,1.8,2.2,1.1,0.5,0.1,1.1,2.2,6.4,0.0,0.0,1010.0,0.0,0.0,0.0,0.0,0.0,0.0,0.0,0.0,0.0,0.0,0.0,0.0,0.0,69.0,19.0,1190.0,145.0,361.0,0.402,50.0,161.0,0.311,95.0,200.0,0.475,0.471,105.0,123.0,0.854,25.0,124.0,149.0,75.0,32.0,10.0,73.0,154.0,445.0,0.0,8.5,0.536,0.446,0.341,2.3,11.5,6.9,9.6,1.3,0.7,15.0,17.8,0.0,0.8,0.8,0.034,-3.9,-0.7,-4.6,-0.8,0.0,2017
262,Rodney McGruder,25.2,2.4,5.9,0.413,0.9,2.8,0.332,1.5,3.1,0.488,0.492,0.6,0.9,0.62,1.2,2.1,3.3,1.6,0.6,0.2,0.7,1.8,6.4,0.0,0.0,1010.0,0.0,0.0,0.0,0.0,0.0,0.0,0.0,0.0,0.0,0.0,0.0,0.0,0.0,78.0,65.0,1966.0,190.0,460.0,0.413,73.0,220.0,0.332,117.0,240.0,0.488,0.492,44.0,71.0,0.62,94.0,162.0,256.0,124.0,46.0,18.0,56.0,140.0,497.0,0.0,9.1,0.506,0.478,0.154,5.2,9.2,7.2,8.8,1.2,0.7,10.2,12.3,1.2,1.7,2.9,0.072,-1.8,-0.1,-1.9,0.0,0.0,2017
263,Mirza Teletović,16.2,2.2,6.0,0.373,1.5,4.4,0.341,0.7,1.6,0.46,0.498,0.5,0.6,0.778,0.2,2.2,2.3,0.7,0.2,0.2,0.5,1.6,6.4,0.0,0.0,1010.0,0.0,0.0,0.0,0.0,0.0,0.0,0.0,0.0,0.0,0.0,0.0,0.0,0.0,70.0,2.0,1133.0,156.0,418.0,0.373,104.0,305.0,0.341,52.0,113.0,0.46,0.498,35.0,45.0,0.778,11.0,151.0,162.0,48.0,12.0,13.0,37.0,109.0,451.0,0.0,8.8,0.515,0.73,0.108,1.1,15.4,8.3,6.4,0.5,1.0,7.8,19.1,-0.1,0.7,0.6,0.025,-1.7,-2.1,-3.8,-0.5,0.0,2017
264,Leandro Barbosa,14.4,2.6,5.9,0.439,0.5,1.5,0.357,2.0,4.4,0.466,0.483,0.6,0.7,0.889,0.2,1.3,1.6,1.2,0.5,0.1,0.7,1.2,6.3,0.0,0.0,1010.0,0.0,0.0,0.0,0.0,0.0,0.0,0.0,0.0,0.0,0.0,0.0,0.0,0.0,67.0,0.0,963.0,172.0,392.0,0.439,35.0,98.0,0.357,137.0,294.0,0.466,0.483,40.0,45.0,0.889,15.0,89.0,104.0,81.0,31.0,8.0,48.0,82.0,419.0,0.0,11.5,0.509,0.25,0.115,1.6,10.3,5.9,13.0,1.5,0.7,10.4,20.0,0.3,0.4,0.6,0.031,-1.7,-0.9,-2.5,-0.1,0.0,2017
265,Mindaugas Kuzminskas,14.9,2.3,5.4,0.428,0.8,2.5,0.321,1.5,3.0,0.517,0.501,0.8,1.0,0.809,0.7,1.2,1.9,1.0,0.4,0.2,0.8,1.2,6.3,0.0,0.0,1010.0,0.0,0.0,0.0,0.0,0.0,0.0,0.0,0.0,0.0,0.0,0.0,0.0,0.0,68.0,5.0,1016.0,158.0,369.0,0.428,54.0,168.0,0.321,104.0,201.0,0.517,0.501,55.0,68.0,0.809,47.0,79.0,126.0,69.0,29.0,11.0,51.0,79.0,425.0,0.0,12.4,0.533,0.455,0.184,5.0,8.4,6.7,10.3,1.4,0.9,11.3,19.2,0.8,0.4,1.2,0.055,-0.6,-1.4,-1.9,0.0,0.0,2017
266,Kyle O'Quinn,15.6,2.7,5.2,0.521,0.0,0.2,0.118,2.7,5.0,0.538,0.523,0.8,1.1,0.771,2.0,3.6,5.6,1.5,0.5,1.3,1.0,2.2,6.3,0.0,0.0,1010.0,0.0,0.0,0.0,0.0,0.0,0.0,0.0,0.0,0.0,0.0,0.0,0.0,0.0,79.0,8.0,1229.0,215.0,413.0,0.521,2.0,17.0,0.118,213.0,396.0,0.538,0.523,64.0,83.0,0.771,157.0,282.0,439.0,117.0,36.0,104.0,76.0,174.0,496.0,0.0,20.5,0.552,0.041,0.201,13.7,24.8,19.2,14.8,1.5,6.9,14.5,18.5,2.1,1.8,3.9,0.151,0.2,1.7,1.9,1.2,0.0,2017
267,Kelly Oubre Jr.,20.3,2.4,5.6,0.421,0.7,2.4,0.287,1.7,3.2,0.52,0.482,0.9,1.3,0.758,0.8,2.5,3.3,0.6,0.7,0.2,0.6,2.5,6.3,0.0,0.0,1010.0,0.0,0.0,0.0,0.0,0.0,0.0,0.0,0.0,0.0,0.0,0.0,0.0,0.0,79.0,5.0,1605.0,186.0,442.0,0.421,54.0,188.0,0.287,132.0,254.0,0.52,0.482,75.0,99.0,0.758,61.0,200.0,261.0,47.0,58.0,17.0,50.0,195.0,501.0,0.0,9.1,0.516,0.425,0.224,4.3,14.0,9.2,4.0,1.8,0.9,9.3,14.6,0.6,1.5,2.0,0.061,-3.2,0.0,-3.2,-0.5,0.0,2017
268,Troy Williams,18.6,2.4,5.6,0.437,0.6,2.1,0.29,1.8,3.5,0.524,0.491,0.7,1.1,0.656,0.5,1.8,2.3,0.8,0.9,0.3,1.1,2.0,6.2,0.0,0.0,1010.0,0.0,0.0,0.0,0.0,0.0,0.0,0.0,0.0,0.0,0.0,0.0,0.0,0.0,30.0,16.0,557.0,73.0,167.0,0.437,18.0,62.0,0.29,55.0,105.0,0.524,0.491,21.0,32.0,0.656,15.0,54.0,69.0,25.0,27.0,10.0,32.0,60.0,185.0,0.0,9.0,0.511,0.371,0.192,3.0,11.2,7.0,7.0,2.5,1.7,15.0,17.1,-0.3,0.7,0.4,0.032,-4.3,0.6,-3.8,-0.3,0.0,2017
269,Spencer Hawes,14.8,2.5,5.1,0.484,0.5,1.5,0.309,2.0,3.6,0.556,0.529,0.8,1.0,0.846,0.7,2.8,3.5,1.5,0.3,0.6,0.9,1.4,6.2,0.0,0.0,1010.0,0.0,0.0,0.0,0.0,0.0,0.0,0.0,0.0,0.0,0.0,0.0,0.0,0.0,54.0,1.0,797.0,134.0,277.0,0.484,25.0,81.0,0.309,109.0,196.0,0.556,0.529,44.0,52.0,0.846,38.0,153.0,191.0,81.0,15.0,30.0,49.0,77.0,337.0,0.0,15.6,0.562,0.292,0.188,5.3,21.5,13.4,16.5,0.9,3.3,14.0,19.8,0.7,1.0,1.7,0.102,-0.3,0.8,0.5,0.5,0.0,2017
270,Nemanja Bjelica,18.3,2.3,5.5,0.424,0.9,2.7,0.316,1.5,2.8,0.531,0.503,0.7,0.9,0.738,0.9,2.9,3.8,1.2,0.6,0.3,0.9,2.4,6.2,0.0,0.0,1010.0,0.0,0.0,0.0,0.0,0.0,0.0,0.0,0.0,0.0,0.0,0.0,0.0,0.0,65.0,1.0,1190.0,151.0,356.0,0.424,56.0,177.0,0.316,95.0,179.0,0.531,0.503,45.0,61.0,0.738,57.0,187.0,244.0,79.0,40.0,20.0,59.0,154.0,403.0,0.0,11.0,0.526,0.497,0.171,5.5,18.6,12.0,9.6,1.7,1.4,13.4,16.4,0.6,0.9,1.5,0.059,-1.8,0.2,-1.6,0.1,0.0,2017
271,Dante Exum,18.6,2.3,5.5,0.427,0.7,2.3,0.295,1.7,3.2,0.519,0.488,0.9,1.1,0.795,0.5,1.5,2.0,1.7,0.3,0.2,1.2,2.2,6.2,0.0,0.0,1010.0,0.0,0.0,0.0,0.0,0.0,0.0,0.0,0.0,0.0,0.0,0.0,0.0,0.0,66.0,26.0,1228.0,155.0,363.0,0.427,44.0,149.0,0.295,111.0,214.0,0.519,0.488,58.0,73.0,0.795,30.0,102.0,132.0,111.0,21.0,12.0,80.0,146.0,412.0,0.0,8.5,0.521,0.41,0.201,2.9,9.3,6.2,14.1,0.9,0.8,16.8,18.1,-0.1,1.3,1.2,0.046,-3.2,-0.1,-3.3,-0.4,0.0,2017
272,Jonathan Gibson,13.6,2.1,5.6,0.368,0.9,2.6,0.333,1.2,2.9,0.4,0.447,1.2,1.7,0.724,0.1,1.2,1.3,1.5,0.5,0.0,1.2,1.2,6.2,0.0,0.0,1010.0,0.0,0.0,0.0,0.0,0.0,0.0,0.0,0.0,0.0,0.0,0.0,0.0,0.0,17.0,0.0,231.0,35.0,95.0,0.368,15.0,45.0,0.333,20.0,50.0,0.4,0.447,21.0,29.0,0.724,1.0,21.0,22.0,26.0,8.0,0.0,21.0,21.0,106.0,0.0,9.5,0.492,0.474,0.305,0.5,11.1,5.5,18.8,1.8,0.0,16.3,26.3,-0.3,0.2,-0.1,-0.03,-3.1,-0.7,-3.7,-0.1,0.0,2017
273,Trey Lyles,16.3,2.2,6.2,0.362,0.9,2.9,0.319,1.3,3.3,0.4,0.436,0.8,1.1,0.722,0.7,2.6,3.3,1.0,0.4,0.3,0.9,1.4,6.2,0.0,0.0,1010.0,0.0,0.0,0.0,0.0,0.0,0.0,0.0,0.0,0.0,0.0,0.0,0.0,0.0,71.0,4.0,1158.0,159.0,439.0,0.362,65.0,204.0,0.319,94.0,235.0,0.4,0.436,57.0,79.0,0.722,48.0,187.0,235.0,69.0,26.0,20.0,64.0,97.0,440.0,0.0,9.9,0.464,0.465,0.18,4.9,18.1,11.7,9.5,1.2,1.4,11.9,21.7,-0.9,1.6,0.8,0.031,-2.2,0.0,-2.2,-0.1,0.0,2017
274,Mike Muscala,17.7,2.4,4.8,0.504,0.7,1.6,0.418,1.8,3.2,0.546,0.573,0.7,0.9,0.766,1.1,2.3,3.4,1.4,0.4,0.6,0.8,1.4,6.2,0.0,0.0,1010.0,0.0,0.0,0.0,0.0,0.0,0.0,0.0,0.0,0.0,0.0,0.0,0.0,0.0,70.0,3.0,1237.0,170.0,337.0,0.504,46.0,110.0,0.418,124.0,227.0,0.546,0.573,49.0,64.0,0.766,76.0,164.0,240.0,95.0,30.0,41.0,55.0,97.0,435.0,0.0,14.4,0.596,0.326,0.19,6.9,14.4,10.7,11.9,1.2,2.8,13.1,14.8,1.8,1.6,3.4,0.132,-0.1,1.2,1.1,1.0,0.0,2017
275,Chandler Parsons,19.9,2.2,6.5,0.338,0.7,2.7,0.269,1.5,3.8,0.388,0.394,1.0,1.3,0.814,0.2,2.3,2.5,1.6,0.6,0.1,0.7,1.5,6.2,0.0,0.0,1010.0,0.0,0.0,0.0,0.0,0.0,0.0,0.0,0.0,0.0,0.0,0.0,0.0,0.0,34.0,34.0,675.0,75.0,222.0,0.338,25.0,93.0,0.269,50.0,129.0,0.388,0.394,35.0,43.0,0.814,6.0,78.0,84.0,55.0,20.0,5.0,24.0,52.0,210.0,0.0,7.7,0.436,0.419,0.194,1.0,13.6,7.1,12.8,1.5,0.7,9.1,17.8,-0.5,0.7,0.2,0.015,-3.6,-0.2,-3.8,-0.3,0.0,2017
276,Ramon Sessions,16.2,2.0,5.3,0.38,0.4,1.2,0.339,1.6,4.0,0.393,0.42,1.8,2.4,0.771,0.2,1.2,1.5,2.6,0.5,0.1,0.9,0.9,6.2,0.0,0.0,1010.0,0.0,0.0,0.0,0.0,0.0,0.0,0.0,0.0,0.0,0.0,0.0,0.0,0.0,50.0,1.0,811.0,100.0,263.0,0.38,21.0,62.0,0.339,79.0,201.0,0.393,0.42,91.0,118.0,0.771,11.0,62.0,73.0,129.0,27.0,3.0,46.0,43.0,312.0,0.0,12.4,0.495,0.236,0.449,1.5,8.5,4.9,24.2,1.7,0.3,12.7,20.1,0.3,0.6,0.9,0.055,-2.0,-0.4,-2.4,-0.1,0.0,2017
277,Jonathon Simmons,17.8,2.3,5.4,0.42,0.4,1.3,0.294,1.9,4.1,0.461,0.456,1.3,1.7,0.75,0.3,1.8,2.1,1.6,0.6,0.3,1.0,1.9,6.2,0.0,0.0,1010.0,0.0,0.0,0.0,0.0,0.0,0.0,0.0,0.0,0.0,0.0,0.0,0.0,0.0,78.0,8.0,1392.0,177.0,421.0,0.42,30.0,102.0,0.294,147.0,319.0,0.461,0.456,99.0,132.0,0.75,20.0,140.0,160.0,126.0,47.0,25.0,76.0,146.0,483.0,0.0,9.9,0.504,0.242,0.314,1.7,11.1,6.5,13.2,1.7,1.5,13.7,18.0,-0.1,2.1,2.0,0.068,-3.7,1.1,-2.6,-0.2,0.0,2017
278,Derrick Williams,16.1,2.2,4.9,0.443,0.6,1.9,0.309,1.6,2.9,0.531,0.504,1.2,1.8,0.652,0.4,2.2,2.6,0.6,0.3,0.1,0.6,1.2,6.1,0.0,0.0,1010.0,0.0,0.0,0.0,0.0,0.0,0.0,0.0,0.0,0.0,0.0,0.0,0.0,0.0,50.0,11.0,804.0,108.0,244.0,0.443,30.0,97.0,0.309,78.0,147.0,0.531,0.504,58.0,89.0,0.652,19.0,111.0,130.0,28.0,14.0,7.0,28.0,60.0,304.0,0.0,10.6,0.537,0.398,0.365,2.6,15.1,8.9,5.1,0.9,0.7,9.0,17.2,0.4,0.6,1.1,0.064,-1.9,-1.0,-2.9,-0.2,0.0,2017
279,Luc Mbah a Moute,22.3,2.4,4.7,0.505,0.5,1.4,0.391,1.9,3.4,0.552,0.562,0.7,1.1,0.678,0.6,1.6,2.1,0.5,1.0,0.4,0.6,1.5,6.1,0.0,0.0,1010.0,0.0,0.0,0.0,0.0,0.0,0.0,0.0,0.0,0.0,0.0,0.0,0.0,0.0,80.0,76.0,1787.0,191.0,378.0,0.505,43.0,110.0,0.391,148.0,268.0,0.552,0.562,59.0,87.0,0.678,44.0,126.0,170.0,39.0,81.0,35.0,46.0,122.0,484.0,0.0,10.2,0.581,0.291,0.23,2.8,7.7,5.3,3.1,2.3,1.6,10.0,11.6,1.3,1.8,3.1,0.084,-1.6,1.3,-0.2,0.8,0.0,2017
280,JaVale McGee,9.6,2.7,4.1,0.652,0.0,0.0,0.0,2.7,4.1,0.658,0.652,0.7,1.4,0.505,1.3,1.9,3.2,0.2,0.2,0.9,0.5,1.4,6.1,0.0,0.0,1010.0,0.0,0.0,0.0,0.0,0.0,0.0,0.0,0.0,0.0,0.0,0.0,0.0,0.0,77.0,10.0,739.0,208.0,319.0,0.652,0.0,3.0,0.0,208.0,316.0,0.658,0.652,56.0,111.0,0.505,100.0,144.0,244.0,17.0,19.0,67.0,40.0,109.0,472.0,0.0,25.2,0.642,0.009,0.348,15.9,20.1,18.1,3.8,1.2,7.1,9.8,23.8,2.0,1.5,3.5,0.225,1.0,0.2,1.2,0.6,0.0,2017
281,Zaza Pachulia,18.1,2.3,4.4,0.534,0.0,0.0,0.0,2.3,4.4,0.538,0.534,1.4,1.8,0.778,2.0,3.9,5.9,1.9,0.8,0.5,1.2,2.4,6.1,0.0,0.0,1010.0,0.0,0.0,0.0,0.0,0.0,0.0,0.0,0.0,0.0,0.0,0.0,0.0,0.0,70.0,70.0,1268.0,164.0,307.0,0.534,0.0,2.0,0.0,164.0,305.0,0.538,0.534,98.0,126.0,0.778,140.0,270.0,410.0,132.0,59.0,33.0,87.0,166.0,426.0,0.0,16.1,0.588,0.007,0.41,12.9,22.0,17.7,13.6,2.2,2.0,19.4,15.3,2.3,2.5,4.7,0.178,-1.1,1.6,0.6,0.8,0.0,2017
282,Glenn Robinson III,20.7,2.3,4.9,0.467,0.7,1.8,0.392,1.6,3.1,0.512,0.54,0.8,1.1,0.711,0.8,2.7,3.6,0.7,0.6,0.3,0.5,0.9,6.1,0.0,0.0,1010.0,0.0,0.0,0.0,0.0,0.0,0.0,0.0,0.0,0.0,0.0,0.0,0.0,0.0,69.0,27.0,1427.0,158.0,338.0,0.467,49.0,125.0,0.392,109.0,213.0,0.512,0.54,54.0,76.0,0.711,57.0,189.0,246.0,47.0,41.0,20.0,37.0,63.0,419.0,0.0,11.5,0.564,0.37,0.225,4.5,14.7,9.7,4.7,1.4,1.2,9.1,12.8,1.3,1.2,2.5,0.085,-0.5,0.2,-0.3,0.6,0.0,2017
283,Álex Abrines,15.5,2.0,5.0,0.393,1.4,3.6,0.381,0.6,1.4,0.426,0.531,0.6,0.7,0.898,0.3,1.0,1.3,0.6,0.5,0.1,0.5,1.7,6.0,0.0,0.0,1010.0,0.0,0.0,0.0,0.0,0.0,0.0,0.0,0.0,0.0,0.0,0.0,0.0,0.0,68.0,6.0,1055.0,134.0,341.0,0.393,94.0,247.0,0.381,40.0,94.0,0.426,0.531,44.0,49.0,0.898,18.0,68.0,86.0,40.0,37.0,8.0,33.0,114.0,406.0,0.0,10.1,0.56,0.724,0.144,1.9,7.1,4.5,5.5,1.7,0.6,8.3,15.9,1.2,0.9,2.1,0.096,-1.3,-0.4,-1.6,0.1,0.0,2017
284,Bismack Biyombo,22.1,2.2,4.2,0.528,0.0,0.0,0.0,2.2,4.2,0.528,0.528,1.5,2.9,0.534,1.9,5.1,7.0,0.9,0.3,1.1,1.2,2.5,6.0,0.0,0.0,1010.0,0.0,0.0,0.0,0.0,0.0,0.0,0.0,0.0,0.0,0.0,0.0,0.0,0.0,81.0,27.0,1793.0,179.0,339.0,0.528,0.0,0.0,0.0,179.0,339.0,0.528,0.528,125.0,234.0,0.534,157.0,410.0,567.0,74.0,25.0,91.0,95.0,202.0,483.0,0.0,12.2,0.546,0.0,0.69,9.3,25.6,17.2,6.0,0.7,4.1,17.7,13.2,0.8,2.1,2.9,0.077,-3.4,0.2,-3.2,-0.6,0.0,2017
285,Jordan Farmar,17.5,2.0,6.0,0.333,2.0,4.5,0.444,0.0,1.5,0.0,0.5,0.0,0.0,0.0,0.5,1.0,1.5,4.5,1.0,0.0,1.5,0.5,6.0,0.0,0.0,1010.0,0.0,0.0,0.0,0.0,0.0,0.0,0.0,0.0,0.0,0.0,0.0,0.0,0.0,2.0,0.0,35.0,4.0,12.0,0.333,4.0,9.0,0.444,0.0,3.0,0.0,0.5,0.0,0.0,0.0,1.0,2.0,3.0,9.0,2.0,0.0,3.0,1.0,12.0,0.0,14.4,0.5,0.75,0.0,3.3,6.5,5.0,38.6,2.9,0.0,20.0,19.4,0.0,0.0,0.0,0.063,2.8,-0.7,2.1,0.0,0.0,2017
286,David Nwaba,19.9,2.4,4.1,0.58,0.1,0.3,0.2,2.3,3.8,0.605,0.586,1.3,2.0,0.641,0.9,2.3,3.2,0.7,0.7,0.4,0.6,1.8,6.0,0.0,0.0,1010.0,0.0,0.0,0.0,0.0,0.0,0.0,0.0,0.0,0.0,0.0,0.0,0.0,0.0,20.0,2.0,397.0,47.0,81.0,0.58,1.0,5.0,0.2,46.0,76.0,0.605,0.586,25.0,39.0,0.641,17.0,46.0,63.0,14.0,13.0,7.0,11.0,36.0,120.0,0.0,12.2,0.611,0.062,0.481,4.5,13.1,8.7,5.0,1.6,1.4,10.1,11.8,0.6,0.2,0.8,0.091,-2.1,-0.1,-2.2,0.0,0.0,2017
287,Lance Thomas,21.0,2.1,5.3,0.398,0.8,1.8,0.447,1.3,3.5,0.371,0.475,0.9,1.1,0.843,0.7,2.4,3.1,0.8,0.5,0.1,0.5,1.8,6.0,0.0,0.0,1010.0,0.0,0.0,0.0,0.0,0.0,0.0,0.0,0.0,0.0,0.0,0.0,0.0,0.0,46.0,15.0,968.0,97.0,244.0,0.398,38.0,85.0,0.447,59.0,159.0,0.371,0.475,43.0,51.0,0.843,32.0,110.0,142.0,35.0,21.0,5.0,25.0,85.0,275.0,0.0,8.4,0.516,0.348,0.209,3.5,12.3,7.9,5.0,1.1,0.4,8.6,13.1,0.6,0.4,0.9,0.046,-2.4,-1.1,-3.5,-0.4,0.0,2017
288,Jerian Grant,16.3,2.0,4.8,0.425,0.8,2.1,0.366,1.3,2.7,0.473,0.507,1.0,1.2,0.89,0.3,1.5,1.8,1.9,0.7,0.1,0.7,1.5,5.9,0.0,0.0,1010.0,0.0,0.0,0.0,0.0,0.0,0.0,0.0,0.0,0.0,0.0,0.0,0.0,0.0,63.0,28.0,1028.0,128.0,301.0,0.425,49.0,134.0,0.366,79.0,167.0,0.473,0.507,65.0,73.0,0.89,17.0,94.0,111.0,121.0,47.0,8.0,44.0,93.0,370.0,0.0,13.2,0.555,0.445,0.243,1.8,9.9,5.8,17.4,2.3,0.6,11.7,16.0,1.4,1.2,2.5,0.119,-1.3,1.4,0.1,0.6,0.0,2017
289,Andrew Harrison,20.5,1.6,5.0,0.325,0.6,2.2,0.276,1.0,2.8,0.363,0.385,2.1,2.7,0.763,0.3,1.6,1.9,2.8,0.7,0.3,1.2,2.7,5.9,0.0,0.0,1010.0,0.0,0.0,0.0,0.0,0.0,0.0,0.0,0.0,0.0,0.0,0.0,0.0,0.0,72.0,18.0,1474.0,117.0,360.0,0.325,43.0,156.0,0.276,74.0,204.0,0.363,0.385,148.0,194.0,0.763,23.0,113.0,136.0,198.0,53.0,21.0,85.0,194.0,425.0,0.0,8.7,0.477,0.433,0.539,1.7,9.0,5.3,20.0,1.9,1.4,16.0,16.4,0.0,1.5,1.6,0.051,-4.0,0.6,-3.4,-0.5,0.0,2017
290,Domantas Sabonis,20.1,2.4,5.9,0.399,0.6,2.0,0.321,1.7,4.0,0.438,0.452,0.5,0.8,0.657,0.6,3.0,3.6,1.0,0.5,0.4,1.0,2.5,5.9,0.0,0.0,1010.0,0.0,0.0,0.0,0.0,0.0,0.0,0.0,0.0,0.0,0.0,0.0,0.0,0.0,81.0,66.0,1632.0,192.0,481.0,0.399,51.0,159.0,0.321,141.0,322.0,0.438,0.452,44.0,67.0,0.657,46.0,242.0,288.0,82.0,39.0,32.0,83.0,200.0,479.0,0.0,6.9,0.469,0.331,0.139,3.1,16.4,9.8,7.2,1.2,1.6,14.0,15.4,-1.0,1.8,0.8,0.022,-4.5,-0.1,-4.5,-1.0,0.0,2017
291,Quincy Acy,14.7,1.8,4.5,0.412,1.0,2.4,0.411,0.9,2.1,0.413,0.521,1.2,1.6,0.75,0.5,2.5,3.0,0.5,0.4,0.4,0.6,1.8,5.8,0.0,0.0,1010.0,0.0,0.0,0.0,0.0,0.0,0.0,0.0,0.0,0.0,0.0,0.0,0.0,0.0,38.0,1.0,558.0,70.0,170.0,0.412,37.0,90.0,0.411,33.0,80.0,0.413,0.521,45.0,60.0,0.75,20.0,95.0,115.0,18.0,14.0,15.0,21.0,67.0,222.0,0.0,11.8,0.565,0.529,0.353,3.9,18.0,11.0,4.9,1.2,2.0,9.7,16.8,0.5,0.5,0.9,0.082,-1.5,-0.6,-2.1,0.0,0.0,2017
292,Beno Udrih,14.4,2.4,5.1,0.467,0.3,0.8,0.344,2.1,4.2,0.491,0.495,0.8,0.9,0.941,0.2,1.3,1.5,3.4,0.3,0.0,0.9,0.7,5.8,0.0,0.0,1010.0,0.0,0.0,0.0,0.0,0.0,0.0,0.0,0.0,0.0,0.0,0.0,0.0,0.0,39.0,0.0,560.0,92.0,197.0,0.467,11.0,32.0,0.344,81.0,165.0,0.491,0.495,32.0,34.0,0.941,6.0,51.0,57.0,131.0,13.0,0.0,36.0,29.0,227.0,0.0,16.2,0.535,0.162,0.173,1.1,10.3,5.6,35.4,1.2,0.0,14.5,19.6,0.8,0.5,1.3,0.113,0.6,-0.2,0.3,0.3,0.0,2017
293,Tarik Black,16.3,2.2,4.4,0.51,0.0,0.0,0.5,2.2,4.4,0.51,0.512,1.2,1.6,0.752,2.1,3.0,5.1,0.6,0.4,0.7,0.9,2.6,5.7,0.0,0.0,1010.0,0.0,0.0,0.0,0.0,0.0,0.0,0.0,0.0,0.0,0.0,0.0,0.0,0.0,67.0,16.0,1091.0,150.0,294.0,0.51,1.0,2.0,0.5,149.0,292.0,0.51,0.512,82.0,109.0,0.752,144.0,199.0,343.0,39.0,29.0,44.0,58.0,173.0,383.0,0.0,15.0,0.56,0.007,0.371,13.9,20.7,17.2,5.3,1.3,3.3,14.5,15.7,1.5,0.8,2.4,0.105,-2.3,-0.9,-3.2,-0.3,0.0,2017
294,Richard Jefferson,20.4,1.9,4.3,0.446,0.8,2.4,0.333,1.2,2.0,0.58,0.536,1.0,1.4,0.741,0.4,2.2,2.6,1.0,0.3,0.1,0.7,1.9,5.7,0.0,0.0,1010.0,0.0,0.0,0.0,0.0,0.0,0.0,0.0,0.0,0.0,0.0,0.0,0.0,0.0,79.0,13.0,1614.0,153.0,343.0,0.446,62.0,186.0,0.333,91.0,157.0,0.58,0.536,80.0,108.0,0.741,28.0,175.0,203.0,78.0,26.0,10.0,52.0,153.0,448.0,0.0,8.3,0.574,0.542,0.315,2.0,11.6,6.9,6.6,0.8,0.5,11.8,12.2,1.3,0.8,2.1,0.063,-2.5,-0.6,-3.1,-0.4,0.0,2017
295,Taurean Prince,16.6,1.9,4.8,0.4,0.6,1.7,0.324,1.4,3.1,0.443,0.458,1.3,1.6,0.787,0.4,2.2,2.7,0.9,0.7,0.5,1.0,1.6,5.7,0.0,0.0,1010.0,0.0,0.0,0.0,0.0,0.0,0.0,0.0,0.0,0.0,0.0,0.0,0.0,0.0,59.0,10.0,981.0,114.0,285.0,0.4,33.0,102.0,0.324,81.0,183.0,0.443,0.458,74.0,94.0,0.787,25.0,132.0,157.0,55.0,43.0,27.0,61.0,96.0,335.0,0.0,9.8,0.513,0.358,0.33,2.8,14.6,8.8,8.4,2.2,2.4,15.7,17.2,-0.4,1.5,1.1,0.054,-3.5,1.7,-1.8,0.0,0.0,2017
296,Jason Smith,14.4,2.4,4.4,0.529,0.5,1.1,0.474,1.9,3.4,0.546,0.585,0.5,0.7,0.686,0.9,2.6,3.5,0.5,0.3,0.7,0.8,2.3,5.7,0.0,0.0,1010.0,0.0,0.0,0.0,0.0,0.0,0.0,0.0,0.0,0.0,0.0,0.0,0.0,0.0,74.0,3.0,1068.0,174.0,329.0,0.529,37.0,78.0,0.474,137.0,251.0,0.546,0.585,35.0,51.0,0.686,64.0,194.0,258.0,37.0,21.0,54.0,58.0,168.0,420.0,0.0,13.6,0.598,0.237,0.155,6.8,20.4,13.6,5.0,1.0,4.2,14.2,16.7,1.0,1.3,2.3,0.103,-2.1,0.4,-1.8,0.1,0.0,2017
297,Quinn Cook,13.4,2.4,4.7,0.5,0.8,1.9,0.423,1.6,2.9,0.55,0.583,0.1,0.4,0.4,0.1,0.4,0.5,1.9,0.3,0.0,0.9,0.9,5.6,0.0,0.0,1010.0,0.0,0.0,0.0,0.0,0.0,0.0,0.0,0.0,0.0,0.0,0.0,0.0,0.0,14.0,0.0,188.0,33.0,66.0,0.5,11.0,26.0,0.423,22.0,40.0,0.55,0.583,2.0,5.0,0.4,1.0,6.0,7.0,26.0,4.0,0.0,13.0,13.0,79.0,0.0,11.8,0.579,0.394,0.076,0.6,3.6,2.0,22.8,1.1,0.0,16.0,19.6,0.1,0.1,0.2,0.047,-1.6,-1.5,-3.1,-0.1,0.0,2017
298,Brandon Bass,11.1,2.1,3.6,0.575,0.0,0.1,0.333,2.0,3.5,0.579,0.578,1.5,1.7,0.875,0.8,1.7,2.5,0.4,0.3,0.2,0.6,0.9,5.6,0.0,0.0,1010.0,0.0,0.0,0.0,0.0,0.0,0.0,0.0,0.0,0.0,0.0,0.0,0.0,0.0,52.0,0.0,577.0,107.0,186.0,0.575,1.0,3.0,0.333,106.0,183.0,0.579,0.578,77.0,88.0,0.875,43.0,86.0,129.0,21.0,14.0,11.0,29.0,45.0,292.0,0.0,19.7,0.65,0.016,0.473,8.6,16.2,12.5,5.7,1.2,1.6,11.4,19.7,1.6,0.6,2.2,0.186,1.2,-0.8,0.4,0.4,0.0,2017
299,Gerald Green,11.4,2.0,4.9,0.409,0.8,2.4,0.351,1.2,2.6,0.463,0.494,0.7,0.9,0.805,0.3,1.4,1.8,0.7,0.2,0.1,0.5,1.0,5.6,0.0,0.0,1010.0,0.0,0.0,0.0,0.0,0.0,0.0,0.0,0.0,0.0,0.0,0.0,0.0,0.0,47.0,0.0,538.0,95.0,232.0,0.409,39.0,111.0,0.351,56.0,121.0,0.463,0.494,33.0,41.0,0.805,16.0,68.0,84.0,33.0,9.0,7.0,25.0,48.0,262.0,0.0,11.9,0.524,0.478,0.177,3.3,13.9,8.7,9.8,0.8,1.1,9.1,22.7,0.1,0.4,0.6,0.05,-1.0,-2.0,-3.0,-0.1,0.0,2017
300,Ian Mahinmi,17.9,2.1,3.6,0.586,0.0,0.0,0.0,2.1,3.6,0.586,0.586,1.4,2.4,0.573,1.5,3.3,4.8,0.6,1.1,0.8,1.1,2.9,5.6,0.0,0.0,1010.0,0.0,0.0,0.0,0.0,0.0,0.0,0.0,0.0,0.0,0.0,0.0,0.0,0.0,31.0,0.0,555.0,65.0,111.0,0.586,0.0,0.0,0.0,65.0,111.0,0.586,0.586,43.0,75.0,0.573,47.0,103.0,150.0,19.0,33.0,24.0,34.0,90.0,173.0,0.0,14.1,0.601,0.0,0.676,9.6,20.8,15.2,4.7,2.9,3.6,19.1,14.0,0.5,0.9,1.4,0.123,-3.0,1.6,-1.4,0.1,0.0,2017
301,Georgios Papagiannis,16.1,2.5,4.6,0.549,0.0,0.1,0.0,2.5,4.5,0.56,0.549,0.5,0.6,0.857,1.1,2.8,3.9,0.9,0.1,0.8,1.1,2.0,5.6,0.0,0.0,1010.0,0.0,0.0,0.0,0.0,0.0,0.0,0.0,0.0,0.0,0.0,0.0,0.0,0.0,22.0,0.0,355.0,56.0,102.0,0.549,0.0,2.0,0.0,56.0,100.0,0.56,0.549,12.0,14.0,0.857,24.0,62.0,86.0,20.0,3.0,17.0,24.0,44.0,124.0,0.0,12.7,0.573,0.02,0.137,7.9,20.0,14.0,9.0,0.4,4.4,18.2,16.9,0.1,0.3,0.4,0.057,-3.1,-0.6,-3.8,-0.2,0.0,2017
302,Delon Wright,16.5,1.8,4.3,0.422,0.4,1.1,0.333,1.4,3.2,0.453,0.466,1.6,2.0,0.764,0.6,1.2,1.8,2.1,1.0,0.4,0.9,1.1,5.6,0.0,0.0,1010.0,0.0,0.0,0.0,0.0,0.0,0.0,0.0,0.0,0.0,0.0,0.0,0.0,0.0,27.0,0.0,446.0,49.0,116.0,0.422,10.0,30.0,0.333,39.0,86.0,0.453,0.466,42.0,55.0,0.764,16.0,32.0,48.0,57.0,27.0,11.0,25.0,31.0,150.0,0.0,15.0,0.535,0.259,0.474,4.1,8.1,6.1,18.2,3.1,2.1,15.1,16.6,0.5,0.6,1.1,0.117,-0.1,2.1,2.0,0.5,0.0,2017
303,Jerami Grant,19.1,1.9,4.1,0.463,0.5,1.5,0.371,1.4,2.7,0.514,0.529,1.1,1.8,0.612,0.5,2.1,2.6,0.6,0.4,1.0,0.6,1.9,5.5,0.0,0.0,1010.0,0.0,0.0,0.0,0.0,0.0,0.0,0.0,0.0,0.0,0.0,0.0,0.0,0.0,80.0,4.0,1531.0,152.0,328.0,0.463,43.0,116.0,0.371,109.0,212.0,0.514,0.529,90.0,147.0,0.612,38.0,167.0,205.0,46.0,33.0,79.0,44.0,149.0,437.0,0.0,10.1,0.556,0.354,0.448,2.7,12.1,7.4,4.2,1.1,4.1,10.1,12.1,1.1,1.8,2.9,0.091,-2.1,0.8,-1.3,0.3,0.0,2017
304,Anthony Morrow,14.6,2.0,5.1,0.389,0.8,2.7,0.308,1.2,2.4,0.479,0.47,0.7,0.8,0.919,0.2,0.4,0.6,0.5,0.5,0.0,0.1,0.9,5.5,0.0,0.0,1010.0,0.0,0.0,0.0,0.0,0.0,0.0,0.0,0.0,0.0,0.0,0.0,0.0,0.0,49.0,7.0,714.0,98.0,252.0,0.389,41.0,133.0,0.308,57.0,119.0,0.479,0.47,34.0,37.0,0.919,12.0,19.0,31.0,25.0,24.0,2.0,6.0,44.0,271.0,0.0,10.1,0.505,0.528,0.147,1.9,2.9,2.4,5.2,1.7,0.2,2.2,16.4,0.7,0.5,1.2,0.083,-1.8,-0.5,-2.3,0.0,0.0,2017
305,Boban Marjanović,8.4,2.1,3.8,0.545,0.0,0.0,0.0,2.1,3.8,0.545,0.545,1.3,1.7,0.81,1.3,2.4,3.7,0.3,0.2,0.3,0.3,0.7,5.5,0.0,0.0,1010.0,0.0,0.0,0.0,0.0,0.0,0.0,0.0,0.0,0.0,0.0,0.0,0.0,0.0,35.0,0.0,293.0,72.0,132.0,0.545,0.0,0.0,0.0,72.0,132.0,0.545,0.545,47.0,58.0,0.81,46.0,84.0,130.0,9.0,6.0,12.0,10.0,25.0,191.0,0.0,29.6,0.606,0.0,0.439,16.5,32.5,24.2,5.3,1.0,3.4,6.0,25.3,1.2,0.5,1.7,0.28,5.4,0.1,5.5,0.6,0.0,2017
306,Terry Rozier,17.1,2.0,5.6,0.367,0.8,2.4,0.318,1.3,3.1,0.405,0.437,0.7,0.9,0.773,0.5,2.5,3.1,1.8,0.6,0.1,0.6,0.9,5.5,0.0,0.0,1010.0,0.0,0.0,0.0,0.0,0.0,0.0,0.0,0.0,0.0,0.0,0.0,0.0,0.0,74.0,0.0,1263.0,151.0,411.0,0.367,57.0,179.0,0.318,94.0,232.0,0.405,0.437,51.0,66.0,0.773,40.0,187.0,227.0,131.0,46.0,11.0,47.0,69.0,410.0,0.0,10.9,0.466,0.436,0.161,3.6,16.3,10.0,15.2,1.8,0.7,9.7,17.1,0.0,1.4,1.4,0.054,-1.6,0.1,-1.4,0.2,0.0,2017
307,Paul Zipser,19.2,2.0,5.0,0.398,0.8,2.3,0.333,1.3,2.8,0.451,0.473,0.7,0.9,0.775,0.3,2.5,2.8,0.8,0.3,0.4,0.9,1.8,5.5,0.0,0.0,1010.0,0.0,0.0,0.0,0.0,0.0,0.0,0.0,0.0,0.0,0.0,0.0,0.0,0.0,44.0,18.0,843.0,88.0,221.0,0.398,33.0,99.0,0.333,55.0,122.0,0.451,0.473,31.0,40.0,0.775,15.0,110.0,125.0,36.0,15.0,16.0,40.0,78.0,240.0,0.0,6.9,0.503,0.448,0.181,1.9,14.2,8.0,6.1,0.9,1.5,14.4,14.4,-0.3,0.8,0.5,0.03,-4.2,-0.2,-4.4,-0.5,0.0,2017
308,Joffrey Lauvergne,14.0,2.1,4.8,0.44,0.5,1.4,0.337,1.6,3.4,0.483,0.49,0.7,1.0,0.63,1.0,2.6,3.6,1.0,0.4,0.1,0.8,1.2,5.4,0.0,0.0,1010.0,0.0,0.0,0.0,0.0,0.0,0.0,0.0,0.0,0.0,0.0,0.0,0.0,0.0,70.0,1.0,980.0,148.0,336.0,0.44,33.0,98.0,0.337,115.0,238.0,0.483,0.49,46.0,73.0,0.63,72.0,179.0,251.0,70.0,25.0,6.0,56.0,83.0,375.0,0.0,12.6,0.509,0.292,0.217,8.0,20.2,14.1,10.8,1.3,0.5,13.2,18.5,0.4,1.1,1.5,0.075,-1.5,-0.7,-2.2,-0.1,0.0,2017
309,Malcolm Delaney,17.1,2.0,5.3,0.374,0.4,1.5,0.236,1.6,3.8,0.428,0.407,1.0,1.3,0.806,0.1,1.5,1.7,2.6,0.5,0.0,1.3,1.5,5.4,0.0,0.0,1010.0,0.0,0.0,0.0,0.0,0.0,0.0,0.0,0.0,0.0,0.0,0.0,0.0,0.0,73.0,2.0,1248.0,145.0,388.0,0.374,26.0,110.0,0.236,119.0,278.0,0.428,0.407,75.0,93.0,0.806,10.0,113.0,123.0,193.0,39.0,1.0,95.0,112.0,391.0,0.0,7.5,0.456,0.284,0.24,0.9,9.8,5.4,23.1,1.5,0.1,18.1,18.3,-1.2,1.3,0.1,0.005,-5.3,-0.3,-5.6,-1.1,0.0,2017
310,Meyers Leonard,16.5,2.0,5.1,0.386,1.0,2.9,0.347,1.0,2.2,0.436,0.484,0.5,0.5,0.875,0.4,2.8,3.2,1.0,0.2,0.4,0.5,2.3,5.4,0.0,0.0,1010.0,0.0,0.0,0.0,0.0,0.0,0.0,0.0,0.0,0.0,0.0,0.0,0.0,0.0,74.0,12.0,1222.0,146.0,378.0,0.386,74.0,213.0,0.347,72.0,165.0,0.436,0.484,35.0,40.0,0.875,27.0,210.0,237.0,71.0,13.0,28.0,35.0,172.0,401.0,0.0,8.9,0.507,0.563,0.106,2.4,19.1,10.8,8.4,0.5,1.8,8.1,15.5,0.5,0.8,1.4,0.053,-2.6,-0.6,-3.3,-0.4,0.0,2017
311,Alexis Ajinça,15.0,2.3,4.6,0.5,0.0,0.1,0.0,2.3,4.5,0.511,0.5,0.7,1.0,0.725,1.2,3.4,4.5,0.3,0.5,0.6,0.8,2.0,5.3,0.0,0.0,1010.0,0.0,0.0,0.0,0.0,0.0,0.0,0.0,0.0,0.0,0.0,0.0,0.0,0.0,39.0,15.0,584.0,89.0,178.0,0.5,0.0,4.0,0.0,89.0,174.0,0.511,0.5,29.0,40.0,0.725,46.0,131.0,177.0,12.0,20.0,22.0,31.0,77.0,207.0,0.0,12.9,0.529,0.022,0.225,8.3,23.8,16.0,3.1,1.7,3.1,13.7,17.2,0.0,0.9,1.0,0.08,-4.0,0.7,-3.3,-0.2,0.0,2017
312,Derrick Jones Jr.,17.0,2.1,3.8,0.562,0.1,0.3,0.273,2.0,3.4,0.591,0.574,0.9,1.3,0.707,1.2,1.3,2.5,0.4,0.4,0.4,0.4,2.0,5.3,0.0,0.0,1010.0,0.0,0.0,0.0,0.0,0.0,0.0,0.0,0.0,0.0,0.0,0.0,0.0,0.0,32.0,8.0,545.0,68.0,121.0,0.562,3.0,11.0,0.273,65.0,110.0,0.591,0.574,29.0,41.0,0.707,39.0,40.0,79.0,12.0,14.0,13.0,13.0,63.0,168.0,0.0,12.0,0.604,0.091,0.339,7.6,8.2,7.9,3.1,1.2,1.9,8.6,11.7,0.9,0.2,1.1,0.098,-1.6,-0.7,-2.3,0.0,0.0,2017
313,Chasson Randle,11.5,1.5,3.8,0.408,0.6,1.8,0.34,0.9,2.0,0.471,0.49,1.6,1.7,0.953,0.2,1.0,1.2,1.3,0.3,0.1,0.7,1.5,5.3,0.0,0.0,1010.0,0.0,0.0,0.0,0.0,0.0,0.0,0.0,0.0,0.0,0.0,0.0,0.0,0.0,26.0,0.0,299.0,40.0,98.0,0.408,16.0,47.0,0.34,24.0,51.0,0.471,0.49,41.0,43.0,0.953,6.0,26.0,32.0,34.0,9.0,2.0,19.0,39.0,137.0,0.0,13.6,0.586,0.48,0.439,2.2,9.4,5.8,16.8,1.5,0.5,14.0,19.7,0.5,0.1,0.7,0.106,-1.1,-0.6,-1.7,0.0,0.0,2017
314,Willie Reed,14.5,2.3,4.0,0.568,0.0,0.1,0.25,2.3,4.0,0.573,0.57,0.7,1.2,0.557,1.8,2.9,4.7,0.4,0.3,0.7,0.4,1.9,5.3,0.0,0.0,1010.0,0.0,0.0,0.0,0.0,0.0,0.0,0.0,0.0,0.0,0.0,0.0,0.0,0.0,71.0,5.0,1031.0,162.0,285.0,0.568,1.0,4.0,0.25,161.0,281.0,0.573,0.57,49.0,88.0,0.557,129.0,203.0,332.0,26.0,18.0,47.0,31.0,137.0,374.0,0.0,17.1,0.578,0.014,0.309,13.7,22.0,17.8,3.9,0.9,3.6,8.7,15.3,2.1,1.5,3.6,0.168,-0.9,0.0,-0.9,0.3,0.0,2017
315,Omri Casspi,17.9,2.1,4.6,0.47,0.4,1.2,0.349,1.7,3.4,0.512,0.515,0.5,0.8,0.586,0.8,2.4,3.1,1.0,0.6,0.1,0.8,1.4,5.2,0.0,0.0,1010.0,0.0,0.0,0.0,0.0,0.0,0.0,0.0,0.0,0.0,0.0,0.0,0.0,0.0,36.0,2.0,643.0,77.0,164.0,0.47,15.0,43.0,0.349,62.0,121.0,0.512,0.515,17.0,29.0,0.586,27.0,85.0,112.0,37.0,23.0,3.0,29.0,50.0,186.0,0.0,10.0,0.526,0.262,0.177,4.9,15.2,10.1,8.6,1.8,0.4,14.1,14.4,0.1,0.4,0.5,0.038,-2.6,-0.5,-3.2,-0.2,0.0,2017
316,Mike Dunleavy,15.9,1.8,4.2,0.423,1.0,2.5,0.396,0.8,1.6,0.465,0.543,0.7,0.8,0.8,0.3,1.8,2.2,0.9,0.3,0.1,0.5,1.3,5.2,0.0,0.0,1010.0,0.0,0.0,0.0,0.0,0.0,0.0,0.0,0.0,0.0,0.0,0.0,0.0,0.0,53.0,2.0,841.0,93.0,220.0,0.423,53.0,134.0,0.396,40.0,86.0,0.465,0.543,36.0,45.0,0.8,18.0,97.0,115.0,50.0,15.0,7.0,28.0,67.0,275.0,0.0,10.1,0.573,0.609,0.205,2.4,12.4,7.5,8.6,0.9,0.7,10.5,14.0,0.8,0.7,1.5,0.086,-1.3,-0.1,-1.4,0.1,0.0,2017
317,Cameron Payne,14.9,2.1,6.2,0.332,0.9,2.8,0.314,1.2,3.5,0.346,0.402,0.2,0.3,0.625,0.1,1.5,1.5,1.8,0.5,0.1,0.9,1.7,5.2,0.0,0.0,1010.0,0.0,0.0,0.0,0.0,0.0,0.0,0.0,0.0,0.0,0.0,0.0,0.0,0.0,31.0,0.0,462.0,64.0,193.0,0.332,27.0,86.0,0.314,37.0,107.0,0.346,0.402,5.0,8.0,0.625,3.0,45.0,48.0,55.0,14.0,4.0,29.0,52.0,160.0,0.0,5.5,0.407,0.446,0.041,0.7,10.7,5.7,17.7,1.5,0.7,12.9,20.9,-0.8,0.4,-0.3,-0.035,-5.2,-0.9,-6.1,-0.5,0.0,2017
318,Randy Foye,18.6,1.7,4.7,0.363,1.0,2.9,0.33,0.7,1.8,0.418,0.466,0.8,0.9,0.857,0.1,2.1,2.2,2.0,0.5,0.1,1.2,1.4,5.2,0.0,0.0,1010.0,0.0,0.0,0.0,0.0,0.0,0.0,0.0,0.0,0.0,0.0,0.0,0.0,0.0,69.0,40.0,1284.0,118.0,325.0,0.363,67.0,203.0,0.33,51.0,122.0,0.418,0.466,54.0,63.0,0.857,9.0,146.0,155.0,135.0,35.0,9.0,80.0,99.0,357.0,0.0,7.3,0.506,0.625,0.194,0.8,11.9,6.4,15.2,1.3,0.5,18.5,14.4,-0.6,0.7,0.2,0.006,-3.7,-0.7,-4.4,-0.8,0.0,2017
319,Hollis Thompson,18.8,1.9,5.0,0.385,0.8,2.4,0.337,1.1,2.6,0.429,0.465,0.5,0.7,0.655,0.5,2.3,2.8,0.9,0.5,0.2,0.3,1.7,5.1,0.0,0.0,1010.0,0.0,0.0,0.0,0.0,0.0,0.0,0.0,0.0,0.0,0.0,0.0,0.0,0.0,40.0,9.0,752.0,77.0,200.0,0.385,32.0,95.0,0.337,45.0,105.0,0.429,0.465,19.0,29.0,0.655,19.0,93.0,112.0,35.0,20.0,6.0,11.0,69.0,205.0,0.0,7.9,0.482,0.475,0.145,2.8,13.5,8.1,6.8,1.3,0.6,4.9,13.0,0.1,0.6,0.7,0.047,-2.9,0.3,-2.6,-0.1,0.0,2017
320,Wayne Selden,16.9,1.8,4.1,0.431,0.5,2.0,0.25,1.3,2.1,0.6,0.491,1.0,1.6,0.636,0.1,1.1,1.1,0.9,0.4,0.1,0.9,1.3,5.1,0.0,0.0,1010.0,0.0,0.0,0.0,0.0,0.0,0.0,0.0,0.0,0.0,0.0,0.0,0.0,0.0,14.0,5.0,236.0,25.0,58.0,0.431,7.0,28.0,0.25,18.0,30.0,0.6,0.491,14.0,22.0,0.636,1.0,15.0,16.0,13.0,6.0,1.0,12.0,18.0,71.0,0.0,6.9,0.525,0.483,0.379,0.5,7.2,3.8,8.5,1.3,0.4,15.1,15.3,-0.1,0.2,0.1,0.016,-4.6,-1.0,-5.5,-0.2,0.0,2017
321,Dewayne Dedmon,17.5,2.1,3.4,0.622,0.0,0.0,0.0,2.1,3.4,0.622,0.622,0.9,1.2,0.699,1.7,4.8,6.5,0.6,0.5,0.8,0.8,2.4,5.1,0.0,0.0,1010.0,0.0,0.0,0.0,0.0,0.0,0.0,0.0,0.0,0.0,0.0,0.0,0.0,0.0,76.0,37.0,1330.0,161.0,259.0,0.622,0.0,0.0,0.0,161.0,259.0,0.622,0.622,65.0,93.0,0.699,129.0,367.0,496.0,44.0,37.0,61.0,61.0,180.0,387.0,0.0,16.0,0.645,0.0,0.359,11.2,30.6,21.1,4.8,1.4,3.7,16.9,12.3,2.3,3.0,5.2,0.189,-1.4,2.0,0.6,0.9,0.0,2017
322,Cheick Diallo,11.7,2.1,4.5,0.474,0.0,0.0,0.0,2.1,4.5,0.474,0.474,0.9,1.2,0.714,1.4,2.9,4.3,0.2,0.2,0.4,0.4,1.0,5.1,0.0,0.0,1010.0,0.0,0.0,0.0,0.0,0.0,0.0,0.0,0.0,0.0,0.0,0.0,0.0,0.0,17.0,0.0,199.0,36.0,76.0,0.474,0.0,0.0,0.0,36.0,76.0,0.474,0.474,15.0,21.0,0.714,23.0,50.0,73.0,4.0,4.0,7.0,7.0,17.0,87.0,0.0,16.8,0.51,0.0,0.276,12.1,26.7,19.4,3.2,1.0,2.9,7.6,20.5,0.2,0.3,0.5,0.111,-1.8,-1.9,-3.7,-0.1,0.0,2017
323,Shaun Livingston,17.7,2.3,4.2,0.547,0.0,0.0,0.333,2.3,4.1,0.55,0.549,0.6,0.8,0.7,0.4,1.6,2.0,1.8,0.5,0.3,0.8,1.6,5.1,0.0,0.0,1010.0,0.0,0.0,0.0,0.0,0.0,0.0,0.0,0.0,0.0,0.0,0.0,0.0,0.0,76.0,3.0,1345.0,173.0,316.0,0.547,1.0,3.0,0.333,172.0,313.0,0.55,0.549,42.0,60.0,0.7,28.0,123.0,151.0,139.0,38.0,20.0,62.0,120.0,389.0,0.0,10.1,0.568,0.009,0.19,2.4,9.4,6.2,13.5,1.4,1.2,15.3,13.0,1.1,1.6,2.6,0.093,-3.0,0.5,-2.5,-0.2,0.0,2017
324,Luis Scola,12.8,2.0,4.2,0.47,0.5,1.4,0.34,1.5,2.8,0.535,0.526,0.7,1.0,0.676,1.4,2.4,3.9,1.0,0.4,0.1,0.9,1.8,5.1,0.0,0.0,1010.0,0.0,0.0,0.0,0.0,0.0,0.0,0.0,0.0,0.0,0.0,0.0,0.0,0.0,36.0,1.0,461.0,71.0,151.0,0.47,17.0,50.0,0.34,54.0,101.0,0.535,0.526,25.0,37.0,0.676,51.0,88.0,139.0,37.0,14.0,4.0,34.0,63.0,184.0,0.0,13.9,0.55,0.331,0.245,11.9,19.9,16.0,12.7,1.4,0.7,16.9,18.7,0.4,0.4,0.8,0.082,-1.8,-1.1,-2.9,-0.1,0.0,2017
325,Denzel Valentine,17.1,1.8,5.1,0.354,1.3,3.6,0.351,0.5,1.4,0.363,0.481,0.2,0.3,0.778,0.2,2.5,2.6,1.1,0.5,0.1,0.9,1.5,5.1,0.0,0.0,1010.0,0.0,0.0,0.0,0.0,0.0,0.0,0.0,0.0,0.0,0.0,0.0,0.0,0.0,57.0,0.0,976.0,102.0,288.0,0.354,73.0,208.0,0.351,29.0,80.0,0.363,0.481,14.0,18.0,0.778,11.0,140.0,151.0,63.0,30.0,7.0,49.0,86.0,291.0,0.0,7.3,0.492,0.722,0.063,1.2,15.6,8.3,9.3,1.5,0.6,14.2,15.4,-0.5,1.1,0.6,0.031,-3.5,0.1,-3.3,-0.3,0.0,2017
326,Anthony Bennett,11.5,1.7,4.0,0.413,0.6,2.1,0.271,1.1,1.9,0.568,0.484,1.1,1.6,0.722,1.1,2.3,3.4,0.5,0.2,0.1,0.5,0.8,5.0,0.0,0.0,1010.0,0.0,0.0,0.0,0.0,0.0,0.0,0.0,0.0,0.0,0.0,0.0,0.0,0.0,23.0,1.0,264.0,38.0,92.0,0.413,13.0,48.0,0.271,25.0,44.0,0.568,0.484,26.0,36.0,0.722,25.0,53.0,78.0,12.0,5.0,3.0,12.0,18.0,115.0,0.0,14.7,0.533,0.522,0.391,10.2,21.0,15.6,7.1,0.9,0.9,10.0,19.4,0.3,0.2,0.5,0.09,0.5,-1.9,-1.4,0.0,0.0,2017
327,Aaron Brooks,13.8,1.9,4.6,0.403,0.7,2.0,0.375,1.1,2.6,0.424,0.483,0.5,0.6,0.8,0.3,0.8,1.1,1.9,0.4,0.1,1.0,1.4,5.0,0.0,0.0,1010.0,0.0,0.0,0.0,0.0,0.0,0.0,0.0,0.0,0.0,0.0,0.0,0.0,0.0,65.0,0.0,894.0,121.0,300.0,0.403,48.0,128.0,0.375,73.0,172.0,0.424,0.483,32.0,40.0,0.8,18.0,51.0,69.0,125.0,25.0,9.0,66.0,93.0,322.0,0.0,9.5,0.507,0.427,0.133,2.3,6.3,4.3,20.7,1.4,0.9,17.2,19.2,-0.2,0.5,0.3,0.016,-2.4,-1.2,-3.7,-0.4,0.0,2017
328,Trey Burke,12.3,2.0,4.5,0.455,0.5,1.2,0.443,1.5,3.2,0.459,0.516,0.4,0.5,0.759,0.1,0.7,0.8,1.8,0.2,0.1,0.8,0.9,5.0,0.0,0.0,1010.0,0.0,0.0,0.0,0.0,0.0,0.0,0.0,0.0,0.0,0.0,0.0,0.0,0.0,57.0,0.0,703.0,116.0,255.0,0.455,31.0,70.0,0.443,85.0,185.0,0.459,0.516,22.0,29.0,0.759,7.0,40.0,47.0,100.0,11.0,5.0,48.0,54.0,285.0,0.0,10.8,0.532,0.275,0.114,1.1,6.4,3.8,20.7,0.8,0.6,15.2,19.6,0.3,0.3,0.5,0.036,-1.3,-1.8,-3.0,-0.2,0.0,2017
329,Joakim Noah,22.1,2.2,4.4,0.49,0.0,0.0,0.0,2.2,4.4,0.493,0.49,0.7,1.7,0.436,3.5,5.2,8.8,2.2,0.7,0.8,1.3,2.8,5.0,0.0,0.0,1010.0,0.0,0.0,0.0,0.0,0.0,0.0,0.0,0.0,0.0,0.0,0.0,0.0,0.0,46.0,46.0,1015.0,99.0,202.0,0.49,0.0,1.0,0.0,99.0,201.0,0.493,0.49,34.0,78.0,0.436,162.0,241.0,403.0,103.0,30.0,37.0,58.0,127.0,232.0,0.0,15.2,0.491,0.005,0.386,17.1,25.6,21.4,14.1,1.5,3.0,19.7,12.6,1.0,1.2,2.2,0.106,-0.9,0.4,-0.5,0.4,0.0,2017
330,Thomas Robinson,11.7,2.2,4.1,0.536,0.0,0.0,0.0,2.2,4.1,0.538,0.536,0.6,1.4,0.47,1.8,2.9,4.6,0.6,0.5,0.2,1.0,1.6,5.0,0.0,0.0,1010.0,0.0,0.0,0.0,0.0,0.0,0.0,0.0,0.0,0.0,0.0,0.0,0.0,0.0,48.0,1.0,560.0,105.0,196.0,0.536,0.0,1.0,0.0,105.0,195.0,0.538,0.536,31.0,66.0,0.47,84.0,139.0,223.0,31.0,26.0,9.0,46.0,76.0,241.0,0.0,17.3,0.535,0.005,0.337,15.8,28.1,21.8,8.8,2.3,1.3,17.0,20.7,0.3,0.6,0.9,0.079,-1.1,-1.0,-2.1,0.0,0.0,2017
331,Aron Baynes,15.5,1.9,3.7,0.513,0.0,0.0,0.0,1.9,3.7,0.513,0.513,1.1,1.3,0.84,1.5,3.0,4.4,0.4,0.2,0.5,0.7,2.2,4.9,0.0,0.0,1010.0,0.0,0.0,0.0,0.0,0.0,0.0,0.0,0.0,0.0,0.0,0.0,0.0,0.0,75.0,2.0,1163.0,143.0,279.0,0.513,0.0,0.0,0.0,143.0,279.0,0.513,0.513,79.0,94.0,0.84,111.0,222.0,333.0,32.0,17.0,39.0,50.0,166.0,365.0,0.0,13.1,0.57,0.0,0.337,10.0,21.6,15.6,3.9,0.7,2.8,13.5,14.1,1.4,1.5,3.0,0.123,-3.2,0.5,-2.7,-0.2,0.0,2017
332,Toney Douglas,16.4,1.8,4.9,0.368,0.3,1.8,0.167,1.5,3.1,0.48,0.397,1.0,1.2,0.828,0.5,2.0,2.5,2.3,0.8,0.2,0.9,2.1,4.9,0.0,0.0,1010.0,0.0,0.0,0.0,0.0,0.0,0.0,0.0,0.0,0.0,0.0,0.0,0.0,0.0,24.0,0.0,394.0,43.0,117.0,0.368,7.0,42.0,0.167,36.0,75.0,0.48,0.397,24.0,29.0,0.828,13.0,48.0,61.0,56.0,18.0,5.0,21.0,50.0,117.0,0.0,10.6,0.451,0.359,0.248,3.7,14.3,8.9,22.2,2.4,1.2,13.9,17.4,0.0,0.5,0.5,0.059,-3.2,1.8,-1.5,0.1,0.0,2017
333,Juancho Hernangómez,13.6,1.6,3.6,0.451,0.7,1.8,0.407,0.9,1.8,0.495,0.554,0.9,1.2,0.75,0.7,2.3,3.0,0.5,0.5,0.2,0.5,1.0,4.9,0.0,0.0,1010.0,0.0,0.0,0.0,0.0,0.0,0.0,0.0,0.0,0.0,0.0,0.0,0.0,0.0,62.0,9.0,842.0,101.0,224.0,0.451,46.0,113.0,0.407,55.0,111.0,0.495,0.554,57.0,76.0,0.75,43.0,144.0,187.0,29.0,30.0,12.0,31.0,62.0,305.0,0.0,13.4,0.592,0.504,0.339,5.7,18.7,12.3,4.7,1.7,1.1,10.7,14.6,1.2,0.6,1.8,0.104,0.1,-0.2,-0.1,0.4,0.0,2017
334,Mario Hezonja,14.8,1.8,5.1,0.355,0.7,2.2,0.299,1.1,2.9,0.398,0.42,0.6,0.8,0.8,0.3,1.9,2.2,1.0,0.5,0.2,0.9,1.1,4.9,0.0,0.0,1010.0,0.0,0.0,0.0,0.0,0.0,0.0,0.0,0.0,0.0,0.0,0.0,0.0,0.0,65.0,2.0,960.0,117.0,330.0,0.355,43.0,144.0,0.299,74.0,186.0,0.398,0.42,40.0,50.0,0.8,20.0,126.0,146.0,62.0,30.0,15.0,58.0,74.0,317.0,0.0,7.2,0.45,0.436,0.152,2.2,14.7,8.3,9.6,1.5,1.3,14.1,18.8,-1.4,0.8,-0.7,-0.033,-4.1,-0.9,-5.0,-0.7,0.0,2017
335,Josh McRoberts,17.3,2.0,5.4,0.373,0.6,1.4,0.419,1.4,4.0,0.356,0.428,0.3,0.4,0.667,1.0,2.3,3.4,2.3,0.5,0.2,1.0,1.4,4.9,0.0,0.0,1010.0,0.0,0.0,0.0,0.0,0.0,0.0,0.0,0.0,0.0,0.0,0.0,0.0,0.0,22.0,14.0,381.0,44.0,118.0,0.373,13.0,31.0,0.419,31.0,87.0,0.356,0.428,6.0,9.0,0.667,23.0,51.0,74.0,50.0,10.0,4.0,23.0,31.0,107.0,0.0,9.8,0.439,0.263,0.076,6.6,15.0,10.7,18.9,1.3,0.8,15.9,16.9,-0.1,0.4,0.3,0.036,-1.9,0.2,-1.6,0.0,0.0,2017
336,Tiago Splitter,9.5,1.8,3.9,0.452,0.3,0.8,0.333,1.5,3.1,0.48,0.484,1.1,1.4,0.818,1.0,1.8,2.8,0.5,0.1,0.1,0.8,1.0,4.9,0.0,0.0,1010.0,0.0,0.0,0.0,0.0,0.0,0.0,0.0,0.0,0.0,0.0,0.0,0.0,0.0,8.0,0.0,76.0,14.0,31.0,0.452,2.0,6.0,0.333,12.0,25.0,0.48,0.484,9.0,11.0,0.818,8.0,14.0,22.0,4.0,1.0,1.0,6.0,8.0,39.0,0.0,15.0,0.544,0.194,0.355,11.6,20.3,15.9,8.9,0.6,1.0,14.3,23.9,0.1,0.1,0.1,0.072,-1.6,-2.7,-4.3,0.0,0.0,2017
337,Luke Babbitt,15.7,1.7,4.1,0.402,1.3,3.1,0.414,0.4,1.0,0.366,0.557,0.2,0.2,0.733,0.2,1.9,2.1,0.5,0.3,0.2,0.4,1.7,4.8,0.0,0.0,1010.0,0.0,0.0,0.0,0.0,0.0,0.0,0.0,0.0,0.0,0.0,0.0,0.0,0.0,68.0,55.0,1065.0,113.0,281.0,0.402,87.0,210.0,0.414,26.0,71.0,0.366,0.557,11.0,15.0,0.733,12.0,129.0,141.0,36.0,20.0,11.0,25.0,118.0,324.0,0.0,8.3,0.563,0.747,0.053,1.2,13.5,7.3,4.8,0.9,0.8,8.0,13.0,0.8,1.0,1.8,0.081,-2.0,-0.1,-2.0,0.0,0.0,2017
338,Jarell Eddie,12.4,1.2,3.8,0.316,0.8,3.2,0.25,0.4,0.6,0.667,0.421,1.6,1.8,0.889,0.2,1.2,1.4,0.0,0.2,0.0,0.2,0.2,4.8,0.0,0.0,1010.0,0.0,0.0,0.0,0.0,0.0,0.0,0.0,0.0,0.0,0.0,0.0,0.0,0.0,5.0,0.0,62.0,6.0,19.0,0.316,4.0,16.0,0.25,2.0,3.0,0.667,0.421,8.0,9.0,0.889,1.0,6.0,7.0,0.0,1.0,0.0,1.0,1.0,24.0,0.0,9.7,0.523,0.842,0.474,1.7,10.8,6.1,0.0,0.8,0.0,4.2,16.2,0.1,0.0,0.1,0.054,-0.8,-1.7,-2.4,0.0,0.0,2017
339,Cristiano Felício,15.8,1.9,3.3,0.579,0.0,0.0,0.0,1.9,3.3,0.579,0.579,0.9,1.4,0.645,1.9,2.8,4.7,0.6,0.4,0.3,0.5,1.7,4.8,0.0,0.0,1010.0,0.0,0.0,0.0,0.0,0.0,0.0,0.0,0.0,0.0,0.0,0.0,0.0,0.0,66.0,0.0,1040.0,128.0,221.0,0.579,0.0,0.0,0.0,128.0,221.0,0.579,0.579,60.0,93.0,0.645,124.0,187.0,311.0,40.0,25.0,17.0,33.0,110.0,316.0,0.0,15.3,0.603,0.0,0.421,12.8,19.5,16.1,5.7,1.2,1.3,11.2,12.4,2.1,1.3,3.4,0.158,-0.6,-0.1,-0.7,0.3,0.0,2017
340,Kevin Séraphin,11.4,2.2,4.0,0.551,0.0,0.0,0.0,2.2,4.0,0.556,0.551,0.3,0.4,0.636,0.8,2.1,2.9,0.5,0.1,0.4,0.6,1.3,4.7,0.0,0.0,1010.0,0.0,0.0,0.0,0.0,0.0,0.0,0.0,0.0,0.0,0.0,0.0,0.0,0.0,49.0,3.0,559.0,109.0,198.0,0.551,0.0,2.0,0.0,109.0,196.0,0.556,0.551,14.0,22.0,0.636,41.0,101.0,142.0,23.0,7.0,20.0,29.0,66.0,232.0,0.0,14.4,0.559,0.01,0.111,8.3,20.0,14.3,6.7,0.6,3.1,12.3,19.0,0.4,0.6,1.0,0.082,-2.5,-0.9,-3.4,-0.2,0.0,2017
341,Roy Hibbert,14.2,1.7,3.1,0.544,0.0,0.0,0.0,1.7,3.1,0.544,0.544,1.3,1.6,0.813,1.1,2.0,3.2,0.4,0.2,1.0,0.7,2.1,4.6,0.0,0.0,1010.0,0.0,0.0,0.0,0.0,0.0,0.0,0.0,0.0,0.0,0.0,0.0,0.0,0.0,48.0,13.0,682.0,80.0,147.0,0.544,0.0,0.0,0.0,80.0,147.0,0.544,0.544,61.0,75.0,0.813,54.0,98.0,152.0,21.0,8.0,46.0,32.0,100.0,221.0,0.0,13.5,0.614,0.0,0.51,8.7,15.9,12.3,4.6,0.6,5.9,15.1,14.0,1.0,0.8,1.8,0.129,-3.2,0.9,-2.3,0.0,0.0,2017
342,Isaiah Canaan,15.2,1.6,4.4,0.364,0.6,2.4,0.266,1.0,2.0,0.481,0.436,0.8,0.8,0.909,0.2,1.1,1.3,0.9,0.6,0.0,0.5,0.9,4.6,0.0,0.0,1010.0,0.0,0.0,0.0,0.0,0.0,0.0,0.0,0.0,0.0,0.0,0.0,0.0,0.0,39.0,0.0,592.0,63.0,173.0,0.364,25.0,94.0,0.266,38.0,79.0,0.481,0.436,30.0,33.0,0.909,6.0,44.0,50.0,37.0,22.0,1.0,21.0,35.0,181.0,0.0,8.1,0.483,0.543,0.191,1.1,8.1,4.6,9.0,1.9,0.1,10.1,15.4,0.0,0.6,0.5,0.042,-3.6,0.4,-3.3,-0.2,0.0,2017
343,Boris Diaw,17.6,2.0,4.5,0.446,0.3,1.1,0.247,1.7,3.4,0.512,0.477,0.4,0.5,0.743,0.6,1.5,2.2,2.3,0.2,0.1,1.2,1.1,4.6,0.0,0.0,1010.0,0.0,0.0,0.0,0.0,0.0,0.0,0.0,0.0,0.0,0.0,0.0,0.0,0.0,73.0,33.0,1283.0,146.0,327.0,0.446,20.0,81.0,0.247,126.0,246.0,0.512,0.477,26.0,35.0,0.743,46.0,112.0,158.0,170.0,18.0,9.0,87.0,83.0,338.0,0.0,9.0,0.494,0.248,0.107,4.3,9.8,7.1,20.3,0.7,0.6,20.3,15.6,-0.1,1.2,1.1,0.041,-2.3,-0.2,-2.5,-0.1,0.0,2017
344,Kris Humphries,12.3,1.6,3.8,0.407,0.3,1.0,0.352,1.2,2.9,0.425,0.451,1.1,1.5,0.78,1.1,2.6,3.7,0.5,0.3,0.4,0.5,1.2,4.6,0.0,0.0,1010.0,0.0,0.0,0.0,0.0,0.0,0.0,0.0,0.0,0.0,0.0,0.0,0.0,0.0,56.0,4.0,689.0,87.0,214.0,0.407,19.0,54.0,0.352,68.0,160.0,0.425,0.451,64.0,82.0,0.78,60.0,146.0,206.0,29.0,15.0,21.0,28.0,69.0,257.0,0.0,13.6,0.514,0.252,0.383,9.7,23.0,16.4,6.4,1.1,2.6,10.1,17.6,0.6,1.1,1.6,0.115,-2.0,-0.1,-2.0,0.0,0.0,2017
345,David West,12.6,2.0,3.7,0.536,0.0,0.1,0.375,1.9,3.6,0.541,0.542,0.6,0.8,0.768,0.7,2.3,3.0,2.2,0.6,0.7,1.1,1.5,4.6,0.0,0.0,1010.0,0.0,0.0,0.0,0.0,0.0,0.0,0.0,0.0,0.0,0.0,0.0,0.0,0.0,68.0,0.0,854.0,135.0,252.0,0.536,3.0,8.0,0.375,132.0,244.0,0.541,0.542,43.0,56.0,0.768,47.0,156.0,203.0,151.0,42.0,48.0,78.0,105.0,316.0,0.0,16.6,0.571,0.032,0.222,6.5,18.8,13.0,24.1,2.4,4.4,22.0,17.9,0.9,1.7,2.6,0.148,-0.7,3.5,2.8,1.0,0.0,2017
346,Corey Brewer,15.6,1.8,4.2,0.422,0.3,1.4,0.229,1.5,2.8,0.522,0.461,0.6,0.8,0.735,0.4,1.6,2.0,1.2,0.7,0.2,0.7,1.6,4.5,0.0,0.0,1010.0,0.0,0.0,0.0,0.0,0.0,0.0,0.0,0.0,0.0,0.0,0.0,0.0,0.0,82.0,11.0,1281.0,147.0,348.0,0.422,27.0,118.0,0.229,120.0,230.0,0.522,0.461,50.0,68.0,0.735,32.0,134.0,166.0,97.0,61.0,20.0,55.0,133.0,371.0,0.0,9.1,0.491,0.339,0.195,2.7,11.6,7.1,10.7,2.3,1.3,12.7,14.3,0.0,1.2,1.2,0.045,-3.5,0.8,-2.7,-0.2,0.0,2017
347,Dāvis Bertāns,12.1,1.5,3.5,0.44,1.0,2.6,0.399,0.5,0.9,0.557,0.588,0.4,0.5,0.824,0.3,1.1,1.5,0.7,0.3,0.4,0.5,1.1,4.5,0.0,0.0,1010.0,0.0,0.0,0.0,0.0,0.0,0.0,0.0,0.0,0.0,0.0,0.0,0.0,0.0,67.0,6.0,808.0,103.0,234.0,0.44,69.0,173.0,0.399,34.0,61.0,0.557,0.588,28.0,34.0,0.824,22.0,76.0,98.0,46.0,20.0,28.0,32.0,75.0,303.0,0.0,12.9,0.609,0.739,0.145,3.2,10.4,6.9,8.3,1.3,2.8,11.4,15.7,1.1,1.2,2.3,0.135,0.5,0.8,1.3,0.7,0.0,2017
348,Reggie Bullock,15.1,1.7,4.1,0.422,0.9,2.4,0.384,0.8,1.8,0.473,0.531,0.2,0.2,0.714,0.4,1.6,2.1,0.9,0.6,0.1,0.3,0.7,4.5,0.0,0.0,1010.0,0.0,0.0,0.0,0.0,0.0,0.0,0.0,0.0,0.0,0.0,0.0,0.0,0.0,31.0,5.0,467.0,54.0,128.0,0.422,28.0,73.0,0.384,26.0,55.0,0.473,0.531,5.0,7.0,0.714,13.0,51.0,64.0,29.0,18.0,3.0,10.0,22.0,141.0,0.0,11.7,0.538,0.57,0.055,2.9,12.4,7.5,8.8,1.9,0.5,7.1,13.4,0.4,0.5,1.0,0.101,-1.0,1.3,0.3,0.3,0.0,2017
349,C.J. Watson,16.3,1.5,4.0,0.387,0.5,1.7,0.305,1.0,2.3,0.448,0.452,0.9,1.1,0.864,0.3,1.2,1.4,1.8,0.7,0.0,0.8,1.4,4.5,0.0,0.0,1010.0,0.0,0.0,0.0,0.0,0.0,0.0,0.0,0.0,0.0,0.0,0.0,0.0,0.0,62.0,9.0,1012.0,96.0,248.0,0.387,32.0,105.0,0.305,64.0,143.0,0.448,0.452,57.0,66.0,0.864,16.0,73.0,89.0,114.0,43.0,2.0,47.0,84.0,281.0,0.0,9.3,0.507,0.423,0.266,1.7,8.1,4.8,16.1,2.1,0.2,14.5,14.1,0.2,0.6,0.9,0.041,-3.8,0.2,-3.6,-0.4,0.0,2017
350,Reggie Williams,13.2,1.3,3.8,0.348,0.8,1.8,0.455,0.5,2.0,0.25,0.457,1.0,1.2,0.857,0.3,0.7,1.0,0.7,0.5,0.0,0.0,0.3,4.5,0.0,0.0,1010.0,0.0,0.0,0.0,0.0,0.0,0.0,0.0,0.0,0.0,0.0,0.0,0.0,0.0,6.0,0.0,79.0,8.0,23.0,0.348,5.0,11.0,0.455,3.0,12.0,0.25,0.457,6.0,7.0,0.857,2.0,4.0,6.0,4.0,3.0,0.0,0.0,2.0,27.0,0.0,11.7,0.518,0.478,0.304,2.7,5.4,4.0,7.2,1.9,0.0,0.0,14.6,0.1,0.1,0.2,0.098,-0.4,-0.4,-0.8,0.0,0.0,2017
351,Pierre Jackson,10.5,1.6,4.9,0.333,0.4,1.4,0.273,1.3,3.5,0.357,0.372,0.8,0.9,0.857,0.1,1.0,1.1,2.4,0.3,0.0,0.4,0.6,4.4,0.0,0.0,1010.0,0.0,0.0,0.0,0.0,0.0,0.0,0.0,0.0,0.0,0.0,0.0,0.0,0.0,8.0,1.0,84.0,13.0,39.0,0.333,3.0,11.0,0.273,10.0,28.0,0.357,0.372,6.0,7.0,0.857,1.0,8.0,9.0,19.0,2.0,0.0,3.0,5.0,35.0,0.0,13.0,0.416,0.282,0.179,1.3,11.6,6.2,38.0,1.2,0.0,6.7,25.3,0.0,0.1,0.0,0.021,-2.7,-1.7,-4.4,-0.1,0.0,2017
352,Stanley Johnson,17.8,1.7,4.7,0.353,0.6,2.0,0.292,1.1,2.7,0.398,0.415,0.5,0.7,0.679,0.5,2.0,2.5,1.4,0.7,0.3,0.9,1.6,4.4,0.0,0.0,1010.0,0.0,0.0,0.0,0.0,0.0,0.0,0.0,0.0,0.0,0.0,0.0,0.0,0.0,77.0,1.0,1371.0,129.0,365.0,0.353,45.0,154.0,0.292,84.0,211.0,0.398,0.415,36.0,53.0,0.679,36.0,153.0,189.0,105.0,56.0,24.0,71.0,121.0,339.0,0.0,7.2,0.436,0.422,0.145,2.8,12.7,7.5,10.5,2.1,1.5,15.5,14.8,-1.4,1.8,0.4,0.012,-4.4,1.4,-3.0,-0.3,0.0,2017
353,Jordan McRae,10.4,1.6,4.1,0.387,0.5,1.4,0.353,1.1,2.7,0.404,0.447,0.7,0.9,0.794,0.2,0.9,1.1,0.5,0.2,0.2,0.4,0.8,4.4,0.0,0.0,1010.0,0.0,0.0,0.0,0.0,0.0,0.0,0.0,0.0,0.0,0.0,0.0,0.0,0.0,37.0,4.0,384.0,58.0,150.0,0.387,18.0,51.0,0.353,40.0,99.0,0.404,0.447,27.0,34.0,0.794,6.0,35.0,41.0,19.0,8.0,6.0,14.0,31.0,161.0,0.0,9.7,0.488,0.34,0.227,1.8,9.7,5.9,7.4,1.0,1.3,7.8,20.8,-0.1,0.2,0.2,0.02,-2.6,-1.1,-3.7,-0.2,0.0,2017
354,Donatas Motiejūnas,14.1,1.7,4.1,0.413,0.3,1.4,0.234,1.4,2.7,0.505,0.453,0.7,1.4,0.51,0.8,2.2,3.0,0.9,0.5,0.3,0.9,1.6,4.4,0.0,0.0,1010.0,0.0,0.0,0.0,0.0,0.0,0.0,0.0,0.0,0.0,0.0,0.0,0.0,0.0,34.0,0.0,479.0,57.0,138.0,0.413,11.0,47.0,0.234,46.0,91.0,0.505,0.453,25.0,49.0,0.51,26.0,75.0,101.0,32.0,18.0,11.0,31.0,55.0,150.0,0.0,9.1,0.47,0.341,0.355,5.7,16.6,11.1,9.7,1.8,1.9,16.3,17.6,-0.5,0.6,0.2,0.016,-4.5,0.3,-4.3,-0.3,0.0,2017
355,Lucas Nogueira,19.1,1.8,2.7,0.66,0.1,0.2,0.25,1.8,2.5,0.694,0.67,0.8,1.2,0.657,1.4,2.8,4.3,0.7,0.9,1.6,0.8,2.4,4.4,0.0,0.0,1010.0,0.0,0.0,0.0,0.0,0.0,0.0,0.0,0.0,0.0,0.0,0.0,0.0,0.0,57.0,6.0,1088.0,103.0,156.0,0.66,3.0,12.0,0.25,100.0,144.0,0.694,0.67,44.0,67.0,0.657,82.0,162.0,244.0,42.0,52.0,89.0,46.0,137.0,253.0,0.0,15.5,0.682,0.077,0.429,8.5,16.8,12.7,5.4,2.4,7.1,19.9,9.5,1.7,2.0,3.7,0.164,-1.0,3.0,2.0,1.1,0.0,2017
356,Jarrod Uthoff,12.8,1.8,4.2,0.421,0.3,1.0,0.333,1.4,3.2,0.448,0.461,0.6,0.8,0.714,0.9,1.6,2.4,1.0,0.2,0.4,0.3,0.9,4.4,0.0,0.0,1010.0,0.0,0.0,0.0,0.0,0.0,0.0,0.0,0.0,0.0,0.0,0.0,0.0,0.0,9.0,0.0,115.0,16.0,38.0,0.421,3.0,9.0,0.333,13.0,29.0,0.448,0.461,5.0,7.0,0.714,8.0,14.0,22.0,9.0,2.0,4.0,3.0,8.0,40.0,0.0,13.9,0.487,0.237,0.184,7.7,14.9,11.1,12.8,0.9,3.1,6.8,18.1,0.1,0.1,0.2,0.083,-1.6,-0.7,-2.2,0.0,0.0,2017
357,Noah Vonleh,17.1,1.8,3.6,0.481,0.1,0.3,0.35,1.7,3.4,0.492,0.494,0.8,1.3,0.638,1.8,3.5,5.2,0.4,0.4,0.4,0.9,2.1,4.4,0.0,0.0,1010.0,0.0,0.0,0.0,0.0,0.0,0.0,0.0,0.0,0.0,0.0,0.0,0.0,0.0,74.0,41.0,1265.0,130.0,270.0,0.481,7.0,20.0,0.35,123.0,250.0,0.492,0.494,60.0,94.0,0.638,131.0,256.0,387.0,31.0,30.0,27.0,64.0,154.0,327.0,0.0,10.8,0.525,0.074,0.348,11.4,22.5,17.0,3.4,1.2,1.7,17.1,13.1,0.6,1.2,1.8,0.069,-3.0,-0.9,-3.9,-0.6,0.0,2017
358,Tyler Ennis,11.1,1.7,3.9,0.433,0.5,1.3,0.386,1.2,2.6,0.457,0.498,0.4,0.5,0.84,0.2,0.7,0.8,1.6,0.5,0.0,0.8,1.1,4.3,0.0,0.0,1010.0,0.0,0.0,0.0,0.0,0.0,0.0,0.0,0.0,0.0,0.0,0.0,0.0,0.0,53.0,2.0,588.0,90.0,208.0,0.433,27.0,70.0,0.386,63.0,138.0,0.457,0.498,21.0,25.0,0.84,9.0,36.0,45.0,86.0,25.0,2.0,45.0,58.0,228.0,0.0,10.9,0.521,0.337,0.12,1.6,6.8,4.2,21.7,2.1,0.3,17.0,19.1,0.1,0.3,0.4,0.031,-2.4,-0.8,-3.2,-0.2,0.0,2017
359,Ed Davis,17.2,1.6,3.1,0.528,0.0,0.0,0.0,1.6,3.1,0.528,0.528,1.1,1.8,0.617,2.1,3.2,5.3,0.6,0.3,0.5,0.8,3.0,4.3,0.0,0.0,1010.0,0.0,0.0,0.0,0.0,0.0,0.0,0.0,0.0,0.0,0.0,0.0,0.0,0.0,46.0,12.0,789.0,75.0,142.0,0.528,0.0,0.0,0.0,75.0,142.0,0.528,0.528,50.0,81.0,0.617,96.0,148.0,244.0,26.0,15.0,22.0,37.0,137.0,200.0,0.0,11.5,0.563,0.0,0.57,13.4,20.9,17.1,4.6,0.9,2.2,17.2,12.0,1.0,0.7,1.7,0.104,-3.2,-0.8,-4.1,-0.4,0.0,2017
360,Dorian Finney-Smith,20.3,1.5,4.1,0.372,0.7,2.4,0.293,0.8,1.8,0.479,0.456,0.6,0.8,0.754,0.7,2.1,2.7,0.8,0.6,0.3,0.6,1.5,4.3,0.0,0.0,1010.0,0.0,0.0,0.0,0.0,0.0,0.0,0.0,0.0,0.0,0.0,0.0,0.0,0.0,81.0,35.0,1642.0,124.0,333.0,0.372,56.0,191.0,0.293,68.0,142.0,0.479,0.456,46.0,61.0,0.754,55.0,167.0,222.0,67.0,52.0,25.0,45.0,125.0,350.0,0.0,7.7,0.486,0.574,0.183,3.7,12.4,7.9,6.0,1.6,1.4,11.1,11.6,-0.1,1.5,1.4,0.041,-3.3,0.6,-2.6,-0.3,0.0,2017
361,K.J. McDaniels,10.3,1.6,3.4,0.456,0.4,1.3,0.303,1.2,2.1,0.553,0.515,0.7,0.8,0.842,0.3,1.4,1.7,0.3,0.4,0.4,0.6,1.0,4.2,0.0,0.0,1010.0,0.0,0.0,0.0,0.0,0.0,0.0,0.0,0.0,0.0,0.0,0.0,0.0,0.0,49.0,0.0,505.0,77.0,169.0,0.456,20.0,66.0,0.303,57.0,103.0,0.553,0.515,32.0,38.0,0.842,15.0,67.0,82.0,13.0,19.0,18.0,29.0,49.0,206.0,0.0,11.5,0.555,0.391,0.225,3.2,14.1,8.7,4.0,1.8,2.8,13.5,18.1,0.0,0.5,0.5,0.051,-2.5,0.1,-2.3,0.0,0.0,2017
362,Brandon Rush,21.9,1.5,4.0,0.374,0.9,2.4,0.386,0.6,1.6,0.356,0.492,0.3,0.4,0.722,0.3,1.8,2.1,1.0,0.5,0.5,0.6,0.9,4.2,0.0,0.0,1010.0,0.0,0.0,0.0,0.0,0.0,0.0,0.0,0.0,0.0,0.0,0.0,0.0,0.0,47.0,33.0,1030.0,70.0,187.0,0.374,44.0,114.0,0.386,26.0,73.0,0.356,0.492,13.0,18.0,0.722,16.0,83.0,99.0,45.0,22.0,23.0,28.0,42.0,197.0,0.0,6.6,0.505,0.61,0.096,1.8,9.5,5.6,5.8,1.1,1.9,12.6,9.6,0.1,0.3,0.4,0.019,-2.0,-0.5,-2.5,-0.1,0.0,2017
363,Pascal Siakam,15.6,1.9,3.7,0.502,0.0,0.1,0.143,1.9,3.6,0.515,0.505,0.4,0.6,0.688,1.2,2.2,3.4,0.3,0.5,0.8,0.6,2.0,4.2,0.0,0.0,1010.0,0.0,0.0,0.0,0.0,0.0,0.0,0.0,0.0,0.0,0.0,0.0,0.0,0.0,55.0,38.0,859.0,103.0,205.0,0.502,1.0,7.0,0.143,102.0,198.0,0.515,0.505,22.0,32.0,0.688,64.0,121.0,185.0,17.0,26.0,45.0,33.0,109.0,229.0,0.0,11.5,0.523,0.034,0.156,8.4,15.9,12.2,2.9,1.5,4.5,13.1,13.1,0.4,1.2,1.6,0.089,-3.0,0.7,-2.4,-0.1,0.0,2017
364,Ron Baker,16.5,1.6,4.2,0.378,0.4,1.7,0.267,1.1,2.5,0.45,0.431,0.5,0.8,0.651,0.2,1.7,1.9,2.1,0.7,0.2,1.1,1.4,4.1,0.0,0.0,1010.0,0.0,0.0,0.0,0.0,0.0,0.0,0.0,0.0,0.0,0.0,0.0,0.0,0.0,52.0,13.0,857.0,82.0,217.0,0.378,23.0,86.0,0.267,59.0,131.0,0.45,0.431,28.0,43.0,0.651,12.0,86.0,98.0,107.0,34.0,8.0,56.0,74.0,215.0,0.0,7.5,0.456,0.396,0.198,1.5,10.8,6.2,17.3,2.0,0.8,19.2,14.8,-0.6,0.5,-0.1,-0.008,-4.5,-0.3,-4.7,-0.6,0.0,2017
365,Shabazz Napier,9.7,1.4,3.5,0.399,0.6,1.7,0.37,0.7,1.7,0.429,0.492,0.7,0.9,0.776,0.2,1.0,1.2,1.3,0.6,0.0,0.8,0.7,4.1,0.0,0.0,1010.0,0.0,0.0,0.0,0.0,0.0,0.0,0.0,0.0,0.0,0.0,0.0,0.0,0.0,53.0,2.0,512.0,73.0,183.0,0.399,34.0,92.0,0.37,39.0,91.0,0.429,0.492,38.0,49.0,0.776,8.0,53.0,61.0,67.0,32.0,2.0,41.0,38.0,218.0,0.0,13.6,0.533,0.503,0.268,1.7,11.5,6.6,19.5,3.1,0.3,16.7,21.2,0.1,0.5,0.6,0.06,-0.8,0.5,-0.4,0.2,0.0,2017
366,Jason Terry,18.4,1.4,3.3,0.432,1.0,2.3,0.427,0.4,1.0,0.444,0.582,0.3,0.4,0.828,0.2,1.2,1.4,1.3,0.6,0.3,0.5,1.3,4.1,0.0,0.0,1010.0,0.0,0.0,0.0,0.0,0.0,0.0,0.0,0.0,0.0,0.0,0.0,0.0,0.0,74.0,0.0,1365.0,105.0,243.0,0.432,73.0,171.0,0.427,32.0,72.0,0.444,0.582,24.0,29.0,0.828,15.0,91.0,106.0,98.0,46.0,20.0,36.0,95.0,307.0,0.0,9.1,0.6,0.704,0.119,1.3,7.7,4.5,9.9,1.7,1.3,12.3,9.8,1.2,0.9,2.1,0.075,-1.4,0.5,-0.9,0.4,0.0,2017
367,Edy Tavares,14.0,2.0,2.5,0.8,0.0,0.0,0.0,2.0,2.5,0.8,0.8,0.0,1.5,0.0,2.0,3.5,5.5,0.5,0.0,3.0,1.0,1.5,4.0,0.0,0.0,1010.0,0.0,0.0,0.0,0.0,0.0,0.0,0.0,0.0,0.0,0.0,0.0,0.0,0.0,2.0,0.0,28.0,4.0,5.0,0.8,0.0,0.0,0.0,4.0,5.0,0.8,0.8,0.0,3.0,0.0,4.0,7.0,11.0,1.0,0.0,6.0,2.0,3.0,8.0,0.0,21.3,0.633,0.0,0.6,16.3,26.8,21.6,5.1,0.0,17.3,24.0,13.2,0.0,0.1,0.1,0.15,-1.4,4.7,3.3,0.0,0.0,2017
368,Kay Felder,9.2,1.5,3.8,0.392,0.2,0.5,0.318,1.3,3.2,0.404,0.415,0.8,1.2,0.714,0.1,0.9,1.0,1.4,0.4,0.2,0.7,0.9,4.0,0.0,0.0,1010.0,0.0,0.0,0.0,0.0,0.0,0.0,0.0,0.0,0.0,0.0,0.0,0.0,0.0,42.0,0.0,386.0,62.0,158.0,0.392,7.0,22.0,0.318,55.0,136.0,0.404,0.415,35.0,49.0,0.714,3.0,38.0,41.0,58.0,18.0,7.0,30.0,38.0,166.0,0.0,11.4,0.462,0.139,0.31,0.9,10.5,5.9,22.7,2.3,1.5,14.3,24.2,-0.3,0.4,0.1,0.008,-3.1,0.7,-2.4,0.0,0.0,2017
369,Justin Harper,10.3,1.7,4.0,0.417,0.7,2.3,0.286,1.0,1.7,0.6,0.5,0.0,0.0,0.0,0.7,1.0,1.7,0.7,0.0,0.0,1.3,0.7,4.0,0.0,0.0,1010.0,0.0,0.0,0.0,0.0,0.0,0.0,0.0,0.0,0.0,0.0,0.0,0.0,0.0,3.0,0.0,31.0,5.0,12.0,0.417,2.0,7.0,0.286,3.0,5.0,0.6,0.5,0.0,0.0,0.0,2.0,3.0,5.0,2.0,0.0,0.0,4.0,2.0,12.0,0.0,4.9,0.5,0.583,0.0,7.1,10.7,8.9,10.5,0.0,0.0,25.0,22.4,-0.1,0.0,-0.1,-0.103,-5.1,-5.2,-10.3,-0.1,0.0,2017
370,Thon Maker,9.9,1.5,3.2,0.459,0.5,1.3,0.378,1.0,1.9,0.514,0.536,0.6,0.9,0.653,0.7,1.3,2.0,0.4,0.2,0.5,0.3,1.5,4.0,0.0,0.0,1010.0,0.0,0.0,0.0,0.0,0.0,0.0,0.0,0.0,0.0,0.0,0.0,0.0,0.0,57.0,34.0,562.0,83.0,181.0,0.459,28.0,74.0,0.378,55.0,107.0,0.514,0.536,32.0,49.0,0.653,40.0,74.0,114.0,23.0,10.0,26.0,17.0,84.0,226.0,0.0,14.0,0.558,0.409,0.271,8.4,15.2,11.8,6.2,0.9,4.1,7.7,17.8,0.8,0.5,1.3,0.113,-1.1,-0.9,-2.0,0.0,0.0,2017
371,Patrick McCaw,15.1,1.5,3.5,0.433,0.6,1.7,0.333,0.9,1.7,0.533,0.516,0.4,0.5,0.784,0.3,1.1,1.4,1.1,0.5,0.2,0.5,0.9,4.0,0.0,0.0,1010.0,0.0,0.0,0.0,0.0,0.0,0.0,0.0,0.0,0.0,0.0,0.0,0.0,0.0,71.0,20.0,1074.0,106.0,245.0,0.433,41.0,123.0,0.333,65.0,122.0,0.533,0.516,29.0,37.0,0.784,21.0,79.0,100.0,77.0,32.0,15.0,36.0,62.0,282.0,0.0,8.6,0.54,0.502,0.151,2.3,7.6,5.1,9.0,1.4,1.1,12.1,11.9,0.5,1.2,1.7,0.077,-2.4,0.1,-2.4,-0.1,0.0,2017
372,Anthony Brown,14.5,1.6,4.5,0.36,0.6,2.5,0.259,1.0,2.1,0.478,0.43,0.0,0.0,0.0,0.7,2.3,3.0,0.7,0.5,0.1,0.5,1.4,3.9,0.0,0.0,1010.0,0.0,0.0,0.0,0.0,0.0,0.0,0.0,0.0,0.0,0.0,0.0,0.0,0.0,11.0,0.0,159.0,18.0,50.0,0.36,7.0,27.0,0.259,11.0,23.0,0.478,0.43,0.0,0.0,0.0,8.0,25.0,33.0,8.0,5.0,1.0,6.0,15.0,43.0,0.0,7.2,0.43,0.54,0.0,5.3,16.9,11.0,7.6,1.5,0.5,10.7,15.6,-0.2,0.2,0.0,0.001,-4.5,0.1,-4.4,-0.1,0.0,2017
373,Jarell Martin,13.3,1.4,3.6,0.384,0.2,0.6,0.36,1.2,3.0,0.389,0.414,1.0,1.2,0.8,1.0,2.9,3.9,0.2,0.4,0.2,0.7,2.2,3.9,0.0,0.0,1010.0,0.0,0.0,0.0,0.0,0.0,0.0,0.0,0.0,0.0,0.0,0.0,0.0,0.0,42.0,3.0,558.0,58.0,151.0,0.384,9.0,25.0,0.36,49.0,126.0,0.389,0.414,40.0,50.0,0.8,42.0,120.0,162.0,8.0,17.0,9.0,28.0,91.0,165.0,0.0,8.7,0.477,0.166,0.331,8.4,25.3,16.6,2.2,1.6,1.5,13.9,16.4,-0.2,0.8,0.6,0.054,-5.3,-0.6,-5.8,-0.5,0.0,2017
374,Malik Beasley,7.5,1.5,3.3,0.452,0.4,1.3,0.321,1.1,2.0,0.533,0.514,0.4,0.5,0.8,0.2,0.5,0.8,0.5,0.3,0.0,0.4,0.5,3.8,0.0,0.0,1010.0,0.0,0.0,0.0,0.0,0.0,0.0,0.0,0.0,0.0,0.0,0.0,0.0,0.0,22.0,1.0,165.0,33.0,73.0,0.452,9.0,28.0,0.321,24.0,45.0,0.533,0.514,8.0,10.0,0.8,5.0,12.0,17.0,11.0,7.0,0.0,8.0,10.0,83.0,0.0,13.7,0.536,0.384,0.137,3.4,8.0,5.7,10.2,2.1,0.0,9.4,22.0,0.1,0.1,0.2,0.057,-0.4,-0.2,-0.6,0.1,0.0,2017
375,Kris Dunn,17.1,1.5,4.0,0.377,0.3,0.9,0.288,1.2,3.1,0.404,0.411,0.5,0.8,0.61,0.3,1.8,2.1,2.4,1.0,0.5,1.1,2.3,3.8,0.0,0.0,1010.0,0.0,0.0,0.0,0.0,0.0,0.0,0.0,0.0,0.0,0.0,0.0,0.0,0.0,78.0,7.0,1333.0,118.0,313.0,0.377,21.0,73.0,0.288,97.0,240.0,0.404,0.411,36.0,59.0,0.61,24.0,142.0,166.0,188.0,78.0,36.0,89.0,178.0,293.0,0.0,8.1,0.432,0.233,0.188,2.1,12.6,7.3,19.4,3.0,2.3,20.8,14.2,-1.2,1.3,0.1,0.004,-4.5,1.8,-2.8,-0.3,0.0,2017
376,Jonas Jerebko,15.8,1.5,3.4,0.435,0.6,1.7,0.346,0.9,1.7,0.523,0.521,0.3,0.5,0.703,0.8,2.7,3.5,0.9,0.3,0.2,0.5,1.6,3.8,0.0,0.0,1010.0,0.0,0.0,0.0,0.0,0.0,0.0,0.0,0.0,0.0,0.0,0.0,0.0,0.0,78.0,6.0,1232.0,114.0,262.0,0.435,45.0,130.0,0.346,69.0,132.0,0.523,0.521,26.0,37.0,0.703,59.0,213.0,272.0,71.0,25.0,17.0,39.0,122.0,299.0,0.0,9.3,0.537,0.496,0.141,5.4,19.1,12.3,8.1,1.0,1.1,12.3,11.4,0.8,1.3,2.1,0.08,-2.3,0.0,-2.4,-0.1,0.0,2017
377,Malachi Richardson,9.0,1.3,3.1,0.412,0.4,1.3,0.286,0.9,1.8,0.5,0.471,0.7,0.9,0.789,0.1,0.9,1.0,0.5,0.2,0.0,0.4,1.0,3.6,0.0,0.0,1010.0,0.0,0.0,0.0,0.0,0.0,0.0,0.0,0.0,0.0,0.0,0.0,0.0,0.0,22.0,0.0,198.0,28.0,68.0,0.412,8.0,28.0,0.286,20.0,40.0,0.5,0.471,15.0,19.0,0.789,3.0,20.0,23.0,11.0,5.0,1.0,8.0,23.0,79.0,0.0,9.6,0.517,0.412,0.279,1.8,11.5,6.7,8.7,1.3,0.5,9.5,19.3,0.0,0.1,0.1,0.028,-3.4,-1.4,-4.8,-0.1,0.0,2017
378,Johnny O'Bryant,7.3,1.4,2.7,0.5,0.3,0.5,0.5,1.1,2.2,0.5,0.55,0.5,0.5,0.833,0.8,0.9,1.7,0.5,0.0,0.1,0.5,0.9,3.5,0.0,0.0,1010.0,0.0,0.0,0.0,0.0,0.0,0.0,0.0,0.0,0.0,0.0,0.0,0.0,0.0,11.0,0.0,80.0,15.0,30.0,0.5,3.0,6.0,0.5,12.0,24.0,0.5,0.55,5.0,6.0,0.833,9.0,10.0,19.0,6.0,0.0,1.0,6.0,10.0,38.0,0.0,14.9,0.582,0.2,0.2,12.4,13.7,13.1,12.7,0.0,1.0,15.5,21.1,0.1,0.0,0.1,0.088,-0.5,-1.9,-2.4,0.0,0.0,2017
379,Tyus Jones,12.9,1.3,3.0,0.414,0.4,1.2,0.356,0.8,1.8,0.454,0.486,0.6,0.7,0.767,0.2,1.0,1.1,2.6,0.8,0.1,0.6,0.8,3.5,0.0,0.0,1010.0,0.0,0.0,0.0,0.0,0.0,0.0,0.0,0.0,0.0,0.0,0.0,0.0,0.0,60.0,0.0,774.0,75.0,181.0,0.414,26.0,73.0,0.356,49.0,108.0,0.454,0.486,33.0,43.0,0.767,10.0,57.0,67.0,156.0,48.0,5.0,38.0,50.0,209.0,0.0,13.8,0.523,0.403,0.238,1.5,8.7,5.0,28.0,3.1,0.6,16.0,13.6,1.0,0.6,1.5,0.096,-0.6,0.7,0.2,0.4,0.0,2017
380,Adreian Payne,7.5,1.3,3.0,0.426,0.2,0.8,0.2,1.1,2.2,0.513,0.454,0.8,1.1,0.737,0.5,1.3,1.8,0.4,0.4,0.4,0.4,1.8,3.5,0.0,0.0,1010.0,0.0,0.0,0.0,0.0,0.0,0.0,0.0,0.0,0.0,0.0,0.0,0.0,0.0,18.0,0.0,135.0,23.0,54.0,0.426,3.0,15.0,0.2,20.0,39.0,0.513,0.454,14.0,19.0,0.737,9.0,24.0,33.0,7.0,8.0,7.0,8.0,32.0,63.0,0.0,14.4,0.505,0.278,0.352,7.7,21.0,14.3,8.0,3.0,4.4,11.4,23.1,0.0,0.2,0.2,0.086,-3.8,1.5,-2.3,0.0,0.0,2017
381,Brian Roberts,10.1,1.1,3.0,0.377,0.4,1.1,0.386,0.7,1.9,0.372,0.447,0.8,1.0,0.846,0.1,0.8,1.0,1.3,0.2,0.0,0.6,0.4,3.5,0.0,0.0,1010.0,0.0,0.0,0.0,0.0,0.0,0.0,0.0,0.0,0.0,0.0,0.0,0.0,0.0,41.0,2.0,416.0,46.0,122.0,0.377,17.0,44.0,0.386,29.0,78.0,0.372,0.447,33.0,39.0,0.846,5.0,34.0,39.0,52.0,9.0,1.0,26.0,18.0,142.0,0.0,9.8,0.51,0.361,0.32,1.3,9.0,5.2,18.7,1.1,0.2,15.7,17.9,0.0,0.3,0.2,0.028,-2.8,-1.3,-4.2,-0.2,0.0,2017
382,Rashad Vaughn,11.2,1.4,3.8,0.365,0.6,2.0,0.321,0.8,1.8,0.413,0.449,0.0,0.1,0.4,0.1,1.1,1.2,0.6,0.5,0.2,0.3,0.8,3.5,0.0,0.0,1010.0,0.0,0.0,0.0,0.0,0.0,0.0,0.0,0.0,0.0,0.0,0.0,0.0,0.0,41.0,2.0,458.0,57.0,156.0,0.365,26.0,81.0,0.321,31.0,75.0,0.413,0.449,2.0,5.0,0.4,4.0,45.0,49.0,23.0,19.0,10.0,14.0,32.0,142.0,0.0,7.8,0.449,0.519,0.032,1.0,11.3,6.2,7.4,2.1,1.9,8.1,17.2,-0.5,0.4,0.0,-0.005,-3.2,-0.4,-3.6,-0.2,0.0,2017
383,Tyler Zeller,10.3,1.5,3.1,0.494,0.0,0.0,0.0,1.5,3.1,0.497,0.494,0.4,0.8,0.564,0.8,1.6,2.4,0.8,0.1,0.4,0.4,1.2,3.5,0.0,0.0,1010.0,0.0,0.0,0.0,0.0,0.0,0.0,0.0,0.0,0.0,0.0,0.0,0.0,0.0,51.0,5.0,525.0,78.0,158.0,0.494,0.0,1.0,0.0,78.0,157.0,0.497,0.494,22.0,39.0,0.564,43.0,81.0,124.0,42.0,7.0,21.0,20.0,61.0,178.0,0.0,13.0,0.508,0.006,0.247,9.2,17.0,13.2,12.2,0.7,3.3,10.2,16.5,0.5,0.6,1.0,0.094,-2.2,-0.2,-2.4,0.0,0.0,2017
384,José Calderón,13.1,1.3,3.3,0.41,0.5,1.6,0.313,0.9,1.7,0.5,0.485,0.3,0.3,0.917,0.4,1.4,1.8,2.1,0.3,0.0,1.0,0.9,3.4,0.0,0.0,1010.0,0.0,0.0,0.0,0.0,0.0,0.0,0.0,0.0,0.0,0.0,0.0,0.0,0.0,41.0,13.0,539.0,55.0,134.0,0.41,20.0,64.0,0.313,35.0,70.0,0.5,0.485,11.0,12.0,0.917,15.0,59.0,74.0,88.0,11.0,1.0,41.0,36.0,141.0,0.0,8.9,0.506,0.478,0.09,3.0,12.2,7.5,23.3,1.0,0.2,22.7,14.4,0.0,0.3,0.3,0.023,-2.6,-0.6,-3.2,-0.2,0.0,2017
385,Kyle Anderson,14.2,1.3,2.9,0.445,0.2,0.6,0.375,1.1,2.3,0.462,0.481,0.6,0.8,0.789,0.5,2.4,2.9,1.3,0.7,0.4,0.5,0.9,3.4,0.0,0.0,1010.0,0.0,0.0,0.0,0.0,0.0,0.0,0.0,0.0,0.0,0.0,0.0,0.0,0.0,72.0,14.0,1020.0,93.0,209.0,0.445,15.0,40.0,0.375,78.0,169.0,0.462,0.481,45.0,57.0,0.789,33.0,175.0,208.0,91.0,51.0,26.0,39.0,63.0,246.0,0.0,12.5,0.525,0.191,0.273,3.7,19.0,11.5,12.4,2.5,2.1,14.3,12.1,0.7,2.0,2.7,0.127,-1.4,3.2,1.8,1.0,0.0,2017
386,Dragan Bender,13.3,1.3,3.7,0.354,0.7,2.3,0.277,0.7,1.4,0.483,0.441,0.1,0.3,0.364,0.5,1.9,2.4,0.5,0.2,0.5,0.7,1.7,3.4,0.0,0.0,1010.0,0.0,0.0,0.0,0.0,0.0,0.0,0.0,0.0,0.0,0.0,0.0,0.0,0.0,43.0,0.0,574.0,57.0,161.0,0.354,28.0,101.0,0.277,29.0,60.0,0.483,0.441,4.0,11.0,0.364,23.0,80.0,103.0,23.0,10.0,22.0,32.0,74.0,146.0,0.0,5.3,0.44,0.627,0.068,4.2,15.6,9.7,5.5,0.8,3.1,16.2,14.4,-0.7,0.3,-0.3,-0.029,-4.3,-0.7,-5.1,-0.4,0.0,2017
387,Dejounte Murray,8.5,1.3,3.1,0.431,0.2,0.6,0.391,1.1,2.4,0.441,0.47,0.6,0.8,0.7,0.2,0.9,1.1,1.3,0.2,0.2,1.0,0.8,3.4,0.0,0.0,1010.0,0.0,0.0,0.0,0.0,0.0,0.0,0.0,0.0,0.0,0.0,0.0,0.0,0.0,38.0,8.0,322.0,50.0,116.0,0.431,9.0,23.0,0.391,41.0,93.0,0.441,0.47,21.0,30.0,0.7,6.0,36.0,42.0,48.0,8.0,6.0,38.0,29.0,130.0,0.0,9.6,0.503,0.198,0.259,2.2,12.4,7.4,22.6,1.3,1.5,22.7,23.5,-0.4,0.5,0.0,0.004,-4.2,-0.5,-4.8,-0.2,0.0,2017
388,Jared Sullinger,10.7,1.4,4.3,0.319,0.3,1.6,0.167,1.1,2.6,0.414,0.351,0.4,0.7,0.5,0.9,1.5,2.5,0.3,0.4,0.1,0.4,1.5,3.4,0.0,0.0,1010.0,0.0,0.0,0.0,0.0,0.0,0.0,0.0,0.0,0.0,0.0,0.0,0.0,0.0,11.0,1.0,118.0,15.0,47.0,0.319,3.0,18.0,0.167,12.0,29.0,0.414,0.351,4.0,8.0,0.5,10.0,17.0,27.0,3.0,4.0,1.0,4.0,17.0,37.0,0.0,6.0,0.366,0.383,0.17,9.6,16.3,12.9,3.7,1.7,0.7,7.3,20.7,-0.2,0.1,-0.1,-0.031,-5.1,-2.2,-7.2,-0.2,0.0,2017
389,Norris Cole,9.6,1.2,4.0,0.308,0.2,1.0,0.231,1.0,3.0,0.333,0.337,0.6,0.8,0.8,0.0,0.8,0.8,1.1,0.6,0.0,0.5,1.4,3.3,0.0,0.0,1010.0,0.0,0.0,0.0,0.0,0.0,0.0,0.0,0.0,0.0,0.0,0.0,0.0,0.0,13.0,0.0,125.0,16.0,52.0,0.308,3.0,13.0,0.231,13.0,39.0,0.333,0.337,8.0,10.0,0.8,0.0,11.0,11.0,14.0,8.0,0.0,7.0,18.0,43.0,0.0,5.4,0.381,0.25,0.192,0.0,9.8,4.9,16.3,3.1,0.0,11.0,21.5,-0.2,0.2,-0.1,-0.033,-7.5,0.8,-6.7,-0.1,0.0,2017
390,Darrun Hilliard,9.8,1.2,3.2,0.373,0.3,1.2,0.261,0.9,2.1,0.438,0.421,0.5,0.7,0.75,0.1,0.8,0.8,0.8,0.3,0.1,0.7,1.0,3.3,0.0,0.0,1010.0,0.0,0.0,0.0,0.0,0.0,0.0,0.0,0.0,0.0,0.0,0.0,0.0,0.0,39.0,1.0,381.0,47.0,126.0,0.373,12.0,46.0,0.261,35.0,80.0,0.438,0.421,21.0,28.0,0.75,2.0,31.0,33.0,33.0,11.0,2.0,28.0,39.0,127.0,0.0,5.9,0.459,0.365,0.222,0.6,9.2,4.7,12.3,1.5,0.4,16.8,19.3,-0.6,0.4,-0.2,-0.027,-5.8,-0.2,-6.0,-0.4,0.0,2017
391,Nicolás Laprovíttola,9.7,1.1,2.6,0.426,0.6,1.5,0.37,0.6,1.1,0.5,0.532,0.5,0.5,1.0,0.1,0.5,0.6,1.6,0.2,0.1,1.1,1.1,3.3,0.0,0.0,1010.0,0.0,0.0,0.0,0.0,0.0,0.0,0.0,0.0,0.0,0.0,0.0,0.0,0.0,18.0,3.0,174.0,20.0,47.0,0.426,10.0,27.0,0.37,10.0,20.0,0.5,0.532,9.0,9.0,1.0,1.0,9.0,10.0,28.0,4.0,1.0,19.0,19.0,59.0,0.0,8.4,0.579,0.574,0.191,0.7,5.7,3.3,23.0,1.2,0.5,27.2,18.2,0.0,0.2,0.2,0.044,-3.2,-0.8,-3.9,-0.1,0.0,2017
392,Gary Payton II,16.5,1.3,3.7,0.364,0.2,1.5,0.111,1.2,2.2,0.538,0.386,0.5,0.8,0.6,0.0,2.0,2.0,2.2,0.5,0.7,1.7,1.5,3.3,0.0,0.0,1010.0,0.0,0.0,0.0,0.0,0.0,0.0,0.0,0.0,0.0,0.0,0.0,0.0,0.0,6.0,0.0,99.0,8.0,22.0,0.364,1.0,9.0,0.111,7.0,13.0,0.538,0.386,3.0,5.0,0.6,0.0,12.0,12.0,13.0,3.0,4.0,10.0,9.0,20.0,0.0,4.5,0.413,0.409,0.227,0.0,14.0,7.1,18.1,1.5,3.6,29.2,15.8,-0.3,0.1,-0.2,-0.074,-6.3,-0.2,-6.5,-0.1,0.0,2017
393,Wade Baldwin,12.3,1.1,3.5,0.313,0.1,0.7,0.136,1.0,2.8,0.355,0.326,0.9,1.1,0.838,0.3,1.1,1.4,1.8,0.5,0.2,1.2,1.2,3.2,0.0,0.0,1010.0,0.0,0.0,0.0,0.0,0.0,0.0,0.0,0.0,0.0,0.0,0.0,0.0,0.0,33.0,1.0,405.0,36.0,115.0,0.313,3.0,22.0,0.136,33.0,93.0,0.355,0.326,31.0,37.0,0.838,11.0,35.0,46.0,61.0,18.0,7.0,39.0,40.0,106.0,0.0,6.5,0.404,0.191,0.322,3.0,10.2,6.5,22.8,2.3,1.7,22.9,19.1,-0.8,0.5,-0.3,-0.041,-5.8,0.3,-5.5,-0.3,0.0,2017
394,Henry Ellenson,7.7,1.2,3.4,0.359,0.5,1.8,0.286,0.7,1.5,0.448,0.438,0.2,0.4,0.5,0.4,1.7,2.2,0.4,0.1,0.1,0.7,0.3,3.2,0.0,0.0,1010.0,0.0,0.0,0.0,0.0,0.0,0.0,0.0,0.0,0.0,0.0,0.0,0.0,0.0,19.0,2.0,146.0,23.0,64.0,0.359,10.0,35.0,0.286,13.0,29.0,0.448,0.438,4.0,8.0,0.5,8.0,33.0,41.0,7.0,1.0,1.0,14.0,6.0,60.0,0.0,7.5,0.444,0.547,0.125,5.8,25.6,15.3,7.2,0.3,0.6,17.2,24.7,-0.4,0.2,-0.2,-0.071,-4.1,-1.8,-5.9,-0.1,0.0,2017
395,Paul Pierce,11.1,1.1,2.8,0.4,0.6,1.7,0.349,0.5,1.1,0.481,0.507,0.4,0.5,0.769,0.0,1.9,1.9,0.4,0.2,0.2,0.6,1.6,3.2,0.0,0.0,1010.0,0.0,0.0,0.0,0.0,0.0,0.0,0.0,0.0,0.0,0.0,0.0,0.0,0.0,25.0,7.0,277.0,28.0,70.0,0.4,15.0,43.0,0.349,13.0,27.0,0.481,0.507,10.0,13.0,0.769,1.0,47.0,48.0,10.0,4.0,5.0,16.0,40.0,81.0,0.0,5.7,0.535,0.614,0.186,0.4,18.5,9.7,5.0,0.7,1.5,17.4,14.8,-0.2,0.3,0.1,0.015,-4.7,0.1,-4.7,-0.2,0.0,2017
396,Briante Weber,10.3,1.3,3.0,0.417,0.1,0.5,0.1,1.2,2.5,0.48,0.425,0.6,0.8,0.688,0.4,0.9,1.3,1.1,0.6,0.1,0.4,0.8,3.1,0.0,0.0,1010.0,0.0,0.0,0.0,0.0,0.0,0.0,0.0,0.0,0.0,0.0,0.0,0.0,0.0,20.0,0.0,205.0,25.0,60.0,0.417,1.0,10.0,0.1,24.0,50.0,0.48,0.425,11.0,16.0,0.688,8.0,18.0,26.0,21.0,12.0,1.0,8.0,16.0,62.0,0.0,11.0,0.462,0.167,0.267,4.3,9.6,7.0,15.0,2.9,0.4,10.7,16.3,0.0,0.2,0.3,0.059,-4.5,0.8,-3.7,-0.1,0.0,2017
397,Maurice Ndour,10.3,1.2,2.7,0.453,0.0,0.2,0.143,1.2,2.5,0.481,0.459,0.6,0.8,0.731,0.7,1.3,2.0,0.3,0.5,0.3,0.4,0.9,3.1,0.0,0.0,1010.0,0.0,0.0,0.0,0.0,0.0,0.0,0.0,0.0,0.0,0.0,0.0,0.0,0.0,32.0,4.0,331.0,39.0,86.0,0.453,1.0,7.0,0.143,38.0,79.0,0.481,0.459,19.0,26.0,0.731,22.0,42.0,64.0,8.0,15.0,8.0,12.0,30.0,98.0,0.0,11.3,0.503,0.081,0.302,7.1,13.7,10.4,3.5,2.3,2.0,11.0,14.3,0.1,0.3,0.4,0.059,-2.9,0.1,-2.8,-0.1,0.0,2017
398,Jakob Poeltl,11.6,1.2,2.1,0.583,0.0,0.0,0.0,1.2,2.1,0.583,0.583,0.6,1.1,0.544,1.4,1.6,3.1,0.2,0.3,0.4,0.5,2.1,3.1,0.0,0.0,1010.0,0.0,0.0,0.0,0.0,0.0,0.0,0.0,0.0,0.0,0.0,0.0,0.0,0.0,54.0,4.0,626.0,67.0,115.0,0.583,0.0,0.0,0.0,67.0,115.0,0.583,0.583,31.0,57.0,0.544,78.0,87.0,165.0,12.0,17.0,20.0,29.0,113.0,165.0,0.0,12.2,0.589,0.0,0.496,14.1,15.7,14.9,2.7,1.4,2.8,17.2,12.1,0.9,0.7,1.6,0.125,-3.0,-0.1,-3.1,-0.2,0.0,2017
399,Jarrett Jack,16.5,1.0,1.5,0.667,0.0,0.5,0.0,1.0,1.0,1.0,0.667,1.0,1.0,1.0,0.0,0.0,0.0,2.5,1.0,0.0,1.5,2.0,3.0,0.0,0.0,1010.0,0.0,0.0,0.0,0.0,0.0,0.0,0.0,0.0,0.0,0.0,0.0,0.0,0.0,2.0,0.0,33.0,2.0,3.0,0.667,0.0,1.0,0.0,2.0,2.0,1.0,0.667,2.0,2.0,1.0,0.0,0.0,0.0,5.0,2.0,0.0,3.0,4.0,6.0,0.0,7.7,0.773,0.333,0.667,0.0,0.0,0.0,20.3,3.0,0.0,43.6,9.2,0.0,0.0,0.0,0.06,-4.8,3.4,-1.4,0.0,0.0,2017
400,Sheldon Mac,9.6,1.0,2.5,0.4,0.2,1.0,0.233,0.8,1.5,0.511,0.447,0.8,0.9,0.852,0.1,1.0,1.1,0.5,0.3,0.1,0.2,0.6,3.0,0.0,0.0,1010.0,0.0,0.0,0.0,0.0,0.0,0.0,0.0,0.0,0.0,0.0,0.0,0.0,0.0,30.0,3.0,287.0,30.0,75.0,0.4,7.0,30.0,0.233,23.0,45.0,0.511,0.447,23.0,27.0,0.852,4.0,30.0,34.0,15.0,8.0,2.0,5.0,17.0,90.0,0.0,10.1,0.518,0.4,0.36,1.6,11.7,6.7,7.0,1.4,0.6,5.4,14.0,0.3,0.2,0.5,0.076,-2.2,-0.1,-2.3,0.0,0.0,2017
401,Sasha Vujačić,9.7,1.0,3.2,0.309,0.5,1.8,0.311,0.5,1.5,0.306,0.393,0.4,0.6,0.708,0.3,1.1,1.4,1.2,0.3,0.0,0.4,0.9,3.0,0.0,0.0,1010.0,0.0,0.0,0.0,0.0,0.0,0.0,0.0,0.0,0.0,0.0,0.0,0.0,0.0,42.0,4.0,408.0,42.0,136.0,0.309,23.0,74.0,0.311,19.0,62.0,0.306,0.393,17.0,24.0,0.708,12.0,47.0,59.0,52.0,13.0,2.0,16.0,38.0,124.0,0.0,8.6,0.423,0.544,0.176,3.2,12.4,7.8,17.9,1.6,0.4,9.8,17.3,-0.1,0.2,0.1,0.014,-2.7,-0.5,-3.2,-0.1,0.0,2017
402,Andrew Bogut,21.6,1.4,3.0,0.469,0.0,0.0,0.0,1.4,3.0,0.475,0.469,0.1,0.4,0.273,2.1,6.0,8.1,1.8,0.5,0.9,1.6,3.2,2.9,0.0,0.0,1010.0,0.0,0.0,0.0,0.0,0.0,0.0,0.0,0.0,0.0,0.0,0.0,0.0,0.0,27.0,21.0,583.0,38.0,81.0,0.469,0.0,1.0,0.0,38.0,80.0,0.475,0.469,3.0,11.0,0.273,56.0,162.0,218.0,49.0,13.0,25.0,43.0,86.0,79.0,0.0,9.3,0.46,0.012,0.136,10.6,33.9,21.7,12.3,1.2,3.9,33.4,10.4,-0.3,1.0,0.7,0.055,-5.2,2.6,-2.6,-0.1,0.0,2017
403,Lavoy Allen,14.3,1.3,2.8,0.458,0.0,0.0,0.0,1.3,2.7,0.461,0.458,0.4,0.5,0.697,1.7,1.9,3.6,0.9,0.3,0.4,0.5,1.3,2.9,0.0,0.0,1010.0,0.0,0.0,0.0,0.0,0.0,0.0,0.0,0.0,0.0,0.0,0.0,0.0,0.0,61.0,5.0,871.0,77.0,168.0,0.458,0.0,1.0,0.0,77.0,167.0,0.461,0.458,23.0,33.0,0.697,105.0,114.0,219.0,57.0,18.0,24.0,29.0,78.0,177.0,0.0,11.6,0.485,0.006,0.196,13.7,14.5,14.1,9.1,1.0,2.4,13.7,10.9,0.9,0.8,1.7,0.093,-1.5,-0.2,-1.7,0.1,0.0,2017
404,Alan Anderson,10.3,1.0,2.7,0.375,0.5,1.5,0.318,0.5,1.2,0.444,0.463,0.4,0.5,0.75,0.1,0.7,0.8,0.4,0.1,0.0,0.2,1.2,2.9,0.0,0.0,1010.0,0.0,0.0,0.0,0.0,0.0,0.0,0.0,0.0,0.0,0.0,0.0,0.0,0.0,30.0,0.0,308.0,30.0,80.0,0.375,14.0,44.0,0.318,16.0,36.0,0.444,0.463,12.0,16.0,0.75,3.0,21.0,24.0,11.0,3.0,0.0,7.0,35.0,86.0,0.0,5.0,0.494,0.55,0.2,1.1,7.4,4.4,4.9,0.5,0.0,7.4,13.7,0.0,0.1,0.1,0.02,-4.2,-1.9,-6.1,-0.3,0.0,2017
405,Semaj Christon,15.2,1.2,3.5,0.345,0.2,1.0,0.19,1.0,2.5,0.406,0.372,0.3,0.5,0.548,0.3,1.1,1.4,2.0,0.4,0.1,0.7,1.2,2.9,0.0,0.0,1010.0,0.0,0.0,0.0,0.0,0.0,0.0,0.0,0.0,0.0,0.0,0.0,0.0,0.0,64.0,1.0,973.0,77.0,223.0,0.345,12.0,63.0,0.19,65.0,160.0,0.406,0.372,17.0,31.0,0.548,19.0,68.0,87.0,130.0,28.0,7.0,43.0,79.0,183.0,0.0,5.7,0.387,0.283,0.139,2.2,7.8,4.9,18.1,1.4,0.6,15.4,12.2,-0.7,0.8,0.1,0.006,-4.8,-0.3,-5.1,-0.8,0.0,2017
406,Salah Mejri,12.4,1.2,1.9,0.642,0.0,0.0,0.333,1.2,1.8,0.649,0.646,0.5,0.8,0.59,1.3,2.9,4.2,0.2,0.4,0.8,0.5,2.1,2.9,0.0,0.0,1010.0,0.0,0.0,0.0,0.0,0.0,0.0,0.0,0.0,0.0,0.0,0.0,0.0,0.0,73.0,11.0,905.0,88.0,137.0,0.642,1.0,3.0,0.333,87.0,134.0,0.649,0.646,36.0,61.0,0.59,97.0,211.0,308.0,14.0,32.0,61.0,40.0,152.0,213.0,0.0,14.8,0.65,0.022,0.445,11.9,28.4,19.8,2.4,1.8,6.1,19.6,10.6,1.3,1.7,3.0,0.159,-3.0,2.3,-0.7,0.3,0.0,2017
407,Fred VanVleet,7.9,1.1,3.0,0.351,0.3,0.8,0.379,0.8,2.2,0.341,0.401,0.5,0.6,0.818,0.1,1.0,1.1,0.9,0.4,0.1,0.4,1.0,2.9,0.0,0.0,1010.0,0.0,0.0,0.0,0.0,0.0,0.0,0.0,0.0,0.0,0.0,0.0,0.0,0.0,37.0,0.0,294.0,39.0,111.0,0.351,11.0,29.0,0.379,28.0,82.0,0.341,0.401,18.0,22.0,0.818,4.0,38.0,42.0,35.0,16.0,3.0,15.0,36.0,107.0,0.0,10.5,0.443,0.261,0.198,1.5,14.6,8.1,17.5,2.8,0.9,11.1,20.6,-0.1,0.4,0.2,0.04,-3.6,1.6,-2.1,0.0,0.0,2017
408,Jeff Withey,8.5,1.1,2.0,0.534,0.0,0.0,0.0,1.1,2.0,0.539,0.534,0.7,0.9,0.75,1.0,1.4,2.4,0.1,0.3,0.6,0.3,1.0,2.9,0.0,0.0,1010.0,0.0,0.0,0.0,0.0,0.0,0.0,0.0,0.0,0.0,0.0,0.0,0.0,0.0,51.0,1.0,432.0,55.0,103.0,0.534,0.0,1.0,0.0,55.0,102.0,0.539,0.534,36.0,48.0,0.75,52.0,69.0,121.0,7.0,16.0,32.0,14.0,52.0,146.0,0.0,18.8,0.588,0.01,0.466,14.3,17.9,16.2,2.5,1.9,6.0,10.1,14.9,1.0,0.9,1.8,0.205,-0.4,1.9,1.4,0.4,0.0,2017
409,Axel Toupane,11.8,1.3,2.3,0.556,0.3,1.0,0.25,1.0,1.3,0.8,0.611,0.0,0.0,0.0,0.0,0.3,0.3,0.0,0.3,0.3,0.0,1.5,2.8,0.0,0.0,1010.0,0.0,0.0,0.0,0.0,0.0,0.0,0.0,0.0,0.0,0.0,0.0,0.0,0.0,4.0,0.0,47.0,5.0,9.0,0.556,1.0,4.0,0.25,4.0,5.0,0.8,0.611,0.0,0.0,0.0,0.0,1.0,1.0,0.0,1.0,1.0,0.0,6.0,11.0,0.0,6.2,0.611,0.444,0.0,0.0,2.3,1.1,0.0,1.0,1.7,0.0,8.5,0.0,0.0,0.1,0.061,-5.5,-0.7,-6.2,-0.1,0.0,2017
410,Nicolás Brussino,9.6,1.0,2.6,0.369,0.5,1.8,0.305,0.4,0.9,0.5,0.472,0.3,0.4,0.773,0.5,1.3,1.8,0.9,0.3,0.1,0.5,0.8,2.8,0.0,0.0,1010.0,0.0,0.0,0.0,0.0,0.0,0.0,0.0,0.0,0.0,0.0,0.0,0.0,0.0,54.0,2.0,521.0,52.0,141.0,0.369,29.0,95.0,0.305,23.0,46.0,0.5,0.472,17.0,22.0,0.773,26.0,69.0,95.0,47.0,17.0,8.0,26.0,43.0,150.0,0.0,10.7,0.498,0.674,0.156,5.5,16.2,10.6,13.9,1.7,1.4,14.7,16.0,0.0,0.6,0.6,0.055,-1.7,0.1,-1.6,0.1,0.0,2017
411,Marcus Georges-Hunt,9.6,0.4,1.4,0.286,0.2,0.4,0.5,0.2,1.0,0.2,0.357,1.8,2.0,0.9,0.2,1.6,1.8,0.6,0.2,0.0,0.4,1.0,2.8,0.0,0.0,1010.0,0.0,0.0,0.0,0.0,0.0,0.0,0.0,0.0,0.0,0.0,0.0,0.0,0.0,5.0,0.0,48.0,2.0,7.0,0.286,1.0,2.0,0.5,1.0,5.0,0.2,0.357,9.0,10.0,0.9,1.0,8.0,9.0,3.0,1.0,0.0,2.0,5.0,14.0,0.0,10.2,0.614,0.286,1.429,2.2,18.7,10.2,8.3,1.0,0.0,14.9,12.3,0.1,0.0,0.1,0.107,-4.0,-0.5,-4.5,0.0,0.0,2017
412,James Jones,7.9,0.9,1.9,0.478,0.6,1.4,0.47,0.3,0.5,0.5,0.647,0.3,0.4,0.65,0.1,0.7,0.8,0.3,0.1,0.2,0.2,0.8,2.8,0.0,0.0,1010.0,0.0,0.0,0.0,0.0,0.0,0.0,0.0,0.0,0.0,0.0,0.0,0.0,0.0,48.0,2.0,381.0,44.0,92.0,0.478,31.0,66.0,0.47,13.0,26.0,0.5,0.647,13.0,20.0,0.65,3.0,34.0,37.0,14.0,6.0,10.0,10.0,37.0,132.0,0.0,11.1,0.655,0.717,0.217,0.9,9.5,5.4,5.2,0.8,2.1,9.0,13.0,0.6,0.2,0.8,0.102,-0.1,-0.3,-0.3,0.2,0.0,2017
413,James Michael McAdoo,8.8,1.2,2.3,0.53,0.0,0.2,0.25,1.2,2.1,0.55,0.538,0.4,0.8,0.5,0.7,1.1,1.8,0.3,0.3,0.6,0.4,0.9,2.8,0.0,0.0,1010.0,0.0,0.0,0.0,0.0,0.0,0.0,0.0,0.0,0.0,0.0,0.0,0.0,0.0,52.0,2.0,457.0,62.0,117.0,0.53,2.0,8.0,0.25,60.0,109.0,0.55,0.538,21.0,42.0,0.5,34.0,57.0,91.0,18.0,18.0,29.0,19.0,47.0,147.0,0.0,13.1,0.543,0.068,0.359,8.7,12.9,10.9,5.2,1.9,5.0,12.3,14.6,0.3,0.8,1.1,0.117,-2.7,0.9,-1.8,0.0,0.0,2017
414,Chinanu Onuaku,10.4,1.0,1.4,0.714,0.0,0.0,0.0,1.0,1.4,0.714,0.714,0.8,0.8,1.0,0.4,1.6,2.0,0.6,0.6,0.2,0.8,1.2,2.8,0.0,0.0,1010.0,0.0,0.0,0.0,0.0,0.0,0.0,0.0,0.0,0.0,0.0,0.0,0.0,0.0,5.0,1.0,52.0,5.0,7.0,0.714,0.0,0.0,0.0,5.0,7.0,0.714,0.714,4.0,4.0,1.0,2.0,8.0,10.0,3.0,3.0,1.0,4.0,6.0,14.0,0.0,12.3,0.799,0.0,0.571,4.2,16.8,10.5,7.8,2.8,1.6,31.3,10.4,0.1,0.1,0.1,0.123,-2.8,1.4,-1.5,0.0,0.0,2017
415,Kyle Singler,12.0,1.1,2.6,0.41,0.2,1.2,0.189,0.8,1.4,0.587,0.452,0.4,0.5,0.765,0.3,1.3,1.5,0.3,0.2,0.2,0.3,0.9,2.8,0.0,0.0,1010.0,0.0,0.0,0.0,0.0,0.0,0.0,0.0,0.0,0.0,0.0,0.0,0.0,0.0,32.0,2.0,385.0,34.0,83.0,0.41,7.0,37.0,0.189,27.0,46.0,0.587,0.452,13.0,17.0,0.765,8.0,40.0,48.0,9.0,7.0,5.0,11.0,29.0,88.0,0.0,5.9,0.486,0.446,0.205,2.3,11.5,6.9,3.2,0.9,1.0,10.8,11.2,0.0,0.3,0.3,0.034,-4.1,-0.2,-4.3,-0.2,0.0,2017
416,Okaro White,13.5,0.9,2.5,0.379,0.3,1.0,0.353,0.6,1.5,0.396,0.448,0.6,0.6,0.909,0.7,1.6,2.3,0.6,0.3,0.3,0.5,1.5,2.8,0.0,0.0,1010.0,0.0,0.0,0.0,0.0,0.0,0.0,0.0,0.0,0.0,0.0,0.0,0.0,0.0,35.0,0.0,471.0,33.0,87.0,0.379,12.0,34.0,0.353,21.0,53.0,0.396,0.448,20.0,22.0,0.909,25.0,57.0,82.0,21.0,10.0,10.0,18.0,52.0,98.0,0.0,7.5,0.507,0.391,0.253,5.8,13.5,9.6,6.0,1.1,1.7,15.7,10.8,0.1,0.5,0.6,0.066,-3.6,0.4,-3.1,-0.1,0.0,2017
417,Ömer Aşık,15.5,1.0,2.1,0.477,0.0,0.0,0.0,1.0,2.1,0.477,0.477,0.7,1.3,0.59,1.5,3.7,5.3,0.5,0.2,0.3,0.5,1.6,2.7,0.0,0.0,1010.0,0.0,0.0,0.0,0.0,0.0,0.0,0.0,0.0,0.0,0.0,0.0,0.0,0.0,31.0,19.0,482.0,31.0,65.0,0.477,0.0,0.0,0.0,31.0,65.0,0.477,0.477,23.0,39.0,0.59,48.0,115.0,163.0,15.0,5.0,10.0,14.0,51.0,85.0,0.0,9.8,0.517,0.0,0.6,10.4,25.3,17.8,4.2,0.5,1.7,14.6,8.8,0.4,0.6,1.0,0.1,-3.6,-0.1,-3.7,-0.2,0.0,2017
418,DeAndre' Bembry,9.8,1.2,2.6,0.48,0.0,0.5,0.056,1.2,2.1,0.575,0.485,0.2,0.4,0.375,0.4,1.2,1.6,0.7,0.2,0.1,0.4,0.6,2.7,0.0,0.0,1010.0,0.0,0.0,0.0,0.0,0.0,0.0,0.0,0.0,0.0,0.0,0.0,0.0,0.0,38.0,1.0,371.0,47.0,98.0,0.48,1.0,18.0,0.056,46.0,80.0,0.575,0.485,6.0,16.0,0.375,14.0,45.0,59.0,28.0,8.0,5.0,16.0,21.0,101.0,0.0,8.8,0.481,0.184,0.163,4.2,13.1,8.7,11.5,1.1,1.2,13.2,14.2,-0.1,0.4,0.3,0.038,-3.6,0.1,-3.5,-0.1,0.0,2017
419,Marcelo Huertas,10.3,1.1,3.0,0.368,0.2,0.8,0.211,0.9,2.1,0.429,0.397,0.4,0.7,0.529,0.1,1.0,1.0,2.3,0.4,0.1,0.8,0.7,2.7,0.0,0.0,1010.0,0.0,0.0,0.0,0.0,0.0,0.0,0.0,0.0,0.0,0.0,0.0,0.0,0.0,23.0,1.0,237.0,25.0,68.0,0.368,4.0,19.0,0.211,21.0,49.0,0.429,0.397,9.0,17.0,0.529,2.0,22.0,24.0,52.0,10.0,2.0,19.0,16.0,63.0,0.0,9.1,0.417,0.279,0.25,0.9,10.5,5.5,30.8,2.1,0.7,20.1,17.0,-0.2,0.1,-0.1,-0.025,-3.3,-1.3,-4.6,-0.2,0.0,2017
420,Wesley Johnson,11.9,1.1,2.9,0.365,0.4,1.7,0.246,0.6,1.2,0.537,0.438,0.2,0.3,0.647,0.4,2.3,2.7,0.3,0.4,0.4,0.3,1.2,2.7,0.0,0.0,1010.0,0.0,0.0,0.0,0.0,0.0,0.0,0.0,0.0,0.0,0.0,0.0,0.0,0.0,68.0,3.0,810.0,73.0,200.0,0.365,29.0,118.0,0.246,44.0,82.0,0.537,0.438,11.0,17.0,0.647,26.0,155.0,181.0,23.0,29.0,30.0,18.0,83.0,186.0,0.0,8.4,0.448,0.59,0.085,3.7,20.8,12.5,3.9,1.8,3.0,8.0,12.5,-0.3,1.2,0.9,0.051,-3.1,1.1,-2.0,0.0,0.0,2017
421,Tomáš Satoranský,12.6,1.1,2.6,0.415,0.2,0.6,0.243,0.9,1.9,0.473,0.446,0.4,0.6,0.697,0.4,1.0,1.5,1.6,0.5,0.1,0.7,1.1,2.7,0.0,0.0,1010.0,0.0,0.0,0.0,0.0,0.0,0.0,0.0,0.0,0.0,0.0,0.0,0.0,0.0,57.0,3.0,719.0,61.0,147.0,0.415,9.0,37.0,0.243,52.0,110.0,0.473,0.446,23.0,33.0,0.697,25.0,58.0,83.0,92.0,26.0,6.0,38.0,60.0,154.0,0.0,8.5,0.477,0.252,0.224,3.9,9.1,6.5,16.7,1.8,0.7,19.0,12.1,0.1,0.5,0.6,0.04,-3.1,0.7,-2.4,-0.1,0.0,2017
422,Christian Wood,8.2,0.9,1.8,0.522,0.0,0.4,0.0,0.9,1.4,0.667,0.522,0.8,1.2,0.733,1.1,1.2,2.2,0.2,0.2,0.5,0.5,0.8,2.7,0.0,0.0,1010.0,0.0,0.0,0.0,0.0,0.0,0.0,0.0,0.0,0.0,0.0,0.0,0.0,0.0,13.0,0.0,107.0,12.0,23.0,0.522,0.0,5.0,0.0,12.0,18.0,0.667,0.522,11.0,15.0,0.733,14.0,15.0,29.0,2.0,3.0,6.0,7.0,11.0,35.0,0.0,15.1,0.591,0.217,0.652,14.3,15.5,14.9,2.8,1.4,4.9,19.1,15.4,0.1,0.1,0.3,0.125,-2.3,-0.3,-2.6,0.0,0.0,2017
423,Andrew Nicholson,9.0,1.1,2.9,0.387,0.1,0.7,0.185,1.0,2.2,0.452,0.41,0.2,0.4,0.643,0.4,1.2,1.6,0.3,0.4,0.2,0.4,1.4,2.6,0.0,0.0,1010.0,0.0,0.0,0.0,0.0,0.0,0.0,0.0,0.0,0.0,0.0,0.0,0.0,0.0,38.0,0.0,342.0,43.0,111.0,0.387,5.0,27.0,0.185,38.0,84.0,0.452,0.41,9.0,14.0,0.643,15.0,46.0,61.0,10.0,16.0,6.0,17.0,55.0,100.0,0.0,5.9,0.427,0.243,0.126,4.9,14.6,9.8,4.1,2.3,1.5,12.7,17.0,-0.5,0.4,-0.1,-0.019,-6.1,0.1,-6.0,-0.3,0.0,2017
424,Bryn Forbes,7.9,1.0,2.8,0.364,0.5,1.5,0.321,0.5,1.3,0.413,0.449,0.1,0.2,0.833,0.1,0.6,0.6,0.6,0.0,0.0,0.3,0.6,2.6,0.0,0.0,1010.0,0.0,0.0,0.0,0.0,0.0,0.0,0.0,0.0,0.0,0.0,0.0,0.0,0.0,36.0,0.0,285.0,36.0,99.0,0.364,17.0,53.0,0.321,19.0,46.0,0.413,0.449,5.0,6.0,0.833,2.0,21.0,23.0,23.0,1.0,0.0,11.0,20.0,94.0,0.0,5.9,0.462,0.535,0.061,0.8,8.2,4.6,11.7,0.2,0.0,9.8,17.9,-0.2,0.2,0.1,0.014,-3.9,-1.5,-5.4,-0.2,0.0,2017
425,DeAndre Liggins,12.5,0.9,2.3,0.387,0.3,0.7,0.37,0.6,1.5,0.396,0.447,0.4,0.6,0.625,0.3,1.4,1.7,0.9,0.8,0.2,0.7,1.3,2.5,0.0,0.0,1010.0,0.0,0.0,0.0,0.0,0.0,0.0,0.0,0.0,0.0,0.0,0.0,0.0,0.0,62.0,19.0,777.0,55.0,142.0,0.387,17.0,46.0,0.37,38.0,96.0,0.396,0.447,25.0,40.0,0.625,20.0,88.0,108.0,54.0,47.0,14.0,42.0,81.0,152.0,0.0,7.5,0.476,0.324,0.282,2.9,12.2,7.7,9.2,3.0,1.5,20.8,11.6,-0.4,0.9,0.5,0.031,-4.5,2.4,-2.2,0.0,0.0,2017
426,Miles Plumlee,10.8,1.0,2.0,0.478,0.0,0.0,0.0,1.0,2.0,0.478,0.478,0.6,0.9,0.641,0.8,1.3,2.1,0.5,0.4,0.3,0.7,1.6,2.5,0.0,0.0,1010.0,0.0,0.0,0.0,0.0,0.0,0.0,0.0,0.0,0.0,0.0,0.0,0.0,0.0,45.0,12.0,484.0,44.0,92.0,0.478,0.0,0.0,0.0,44.0,92.0,0.478,0.478,25.0,39.0,0.641,38.0,57.0,95.0,21.0,18.0,13.0,30.0,73.0,113.0,0.0,8.4,0.518,0.0,0.424,9.0,13.3,11.1,6.1,1.9,2.4,21.6,13.1,-0.1,0.5,0.5,0.045,-5.0,0.0,-5.0,-0.4,0.0,2017
427,Bobby Brown,4.9,0.9,2.4,0.383,0.6,1.4,0.4,0.4,1.0,0.36,0.5,0.1,0.1,1.0,0.0,0.2,0.2,0.6,0.0,0.0,0.2,0.2,2.5,0.0,0.0,1010.0,0.0,0.0,0.0,0.0,0.0,0.0,0.0,0.0,0.0,0.0,0.0,0.0,0.0,25.0,0.0,123.0,23.0,60.0,0.383,14.0,35.0,0.4,9.0,25.0,0.36,0.5,2.0,2.0,1.0,0.0,6.0,6.0,14.0,1.0,0.0,5.0,5.0,62.0,0.0,10.8,0.509,0.583,0.033,0.0,5.3,2.7,17.6,0.4,0.0,7.6,22.7,0.1,0.0,0.1,0.04,-0.1,-3.5,-3.6,0.0,0.0,2017
428,Pat Connaughton,8.1,0.9,1.8,0.514,0.4,0.8,0.515,0.5,1.0,0.513,0.632,0.2,0.2,0.778,0.3,1.1,1.3,0.7,0.2,0.1,0.4,0.6,2.5,0.0,0.0,1010.0,0.0,0.0,0.0,0.0,0.0,0.0,0.0,0.0,0.0,0.0,0.0,0.0,0.0,39.0,1.0,316.0,37.0,72.0,0.514,17.0,33.0,0.515,20.0,39.0,0.513,0.632,7.0,9.0,0.778,10.0,42.0,52.0,28.0,6.0,2.0,17.0,23.0,98.0,0.0,11.8,0.645,0.458,0.125,3.5,14.8,9.1,12.7,0.9,0.5,18.3,13.0,0.4,0.2,0.6,0.09,-0.4,-0.3,-0.7,0.1,0.0,2017
429,Kevon Looney,8.4,1.1,2.0,0.523,0.0,0.2,0.222,1.0,1.8,0.551,0.533,0.4,0.6,0.618,0.8,1.5,2.3,0.5,0.3,0.3,0.3,1.2,2.5,0.0,0.0,1010.0,0.0,0.0,0.0,0.0,0.0,0.0,0.0,0.0,0.0,0.0,0.0,0.0,0.0,53.0,4.0,447.0,56.0,107.0,0.523,2.0,9.0,0.222,54.0,98.0,0.551,0.533,21.0,34.0,0.618,44.0,80.0,124.0,29.0,15.0,17.0,17.0,64.0,135.0,0.0,13.6,0.553,0.084,0.318,11.5,18.5,15.2,8.5,1.6,3.0,12.2,13.4,0.7,0.8,1.4,0.155,-2.4,0.7,-1.7,0.0,0.0,2017
430,Raul Neto,8.7,1.0,2.3,0.451,0.3,0.8,0.323,0.8,1.5,0.517,0.505,0.2,0.2,0.889,0.1,0.7,0.8,0.9,0.5,0.1,0.4,1.2,2.5,0.0,0.0,1010.0,0.0,0.0,0.0,0.0,0.0,0.0,0.0,0.0,0.0,0.0,0.0,0.0,0.0,40.0,0.0,346.0,41.0,91.0,0.451,10.0,31.0,0.323,31.0,60.0,0.517,0.505,8.0,9.0,0.889,4.0,26.0,30.0,34.0,21.0,5.0,15.0,48.0,100.0,0.0,10.7,0.527,0.341,0.099,1.4,8.4,5.0,15.1,3.2,1.2,13.6,14.8,0.2,0.6,0.7,0.1,-3.5,3.4,-0.1,0.2,0.0,2017
431,Mike Scott,10.8,0.9,3.3,0.288,0.2,1.5,0.148,0.7,1.8,0.406,0.322,0.4,0.4,0.875,0.6,1.5,2.1,0.9,0.2,0.2,0.4,0.7,2.5,0.0,0.0,1010.0,0.0,0.0,0.0,0.0,0.0,0.0,0.0,0.0,0.0,0.0,0.0,0.0,0.0,18.0,0.0,195.0,17.0,59.0,0.288,4.0,27.0,0.148,13.0,32.0,0.406,0.322,7.0,8.0,0.875,10.0,27.0,37.0,17.0,4.0,3.0,8.0,12.0,45.0,0.0,5.9,0.36,0.458,0.136,5.7,15.0,10.4,12.5,1.0,1.3,11.3,15.8,-0.3,0.2,-0.1,-0.014,-4.7,-0.7,-5.5,-0.2,0.0,2017
432,Chris McCullough,5.0,1.0,2.0,0.5,0.1,0.4,0.143,0.9,1.6,0.6,0.516,0.2,0.3,0.6,0.6,0.6,1.2,0.1,0.1,0.1,0.2,0.4,2.3,0.0,0.0,1010.0,0.0,0.0,0.0,0.0,0.0,0.0,0.0,0.0,0.0,0.0,0.0,0.0,0.0,16.0,0.0,80.0,16.0,32.0,0.5,1.0,7.0,0.143,15.0,25.0,0.6,0.516,3.0,5.0,0.6,9.0,10.0,19.0,2.0,2.0,2.0,3.0,7.0,36.0,0.0,15.2,0.526,0.219,0.156,12.1,13.3,12.7,4.4,1.2,1.9,8.1,19.9,0.1,0.1,0.1,0.072,-1.2,-2.4,-3.6,0.0,0.0,2017
433,Chris Andersen,9.5,0.8,1.8,0.409,0.0,0.3,0.0,0.8,1.6,0.474,0.409,0.8,1.2,0.714,0.8,1.8,2.6,0.4,0.4,0.6,0.4,1.7,2.3,0.0,0.0,1010.0,0.0,0.0,0.0,0.0,0.0,0.0,0.0,0.0,0.0,0.0,0.0,0.0,0.0,12.0,0.0,114.0,9.0,22.0,0.409,0.0,3.0,0.0,9.0,19.0,0.474,0.409,10.0,14.0,0.714,9.0,22.0,31.0,5.0,5.0,7.0,5.0,20.0,28.0,0.0,11.6,0.497,0.136,0.636,9.0,20.6,15.0,5.9,2.2,5.0,15.1,13.0,0.1,0.2,0.2,0.102,-4.7,2.2,-2.5,0.0,0.0,2017
434,Greivis Vásquez,13.0,0.7,2.7,0.25,0.3,1.0,0.333,0.3,1.7,0.2,0.313,0.7,1.0,0.667,0.0,0.7,0.7,1.7,0.3,0.3,0.3,2.0,2.3,0.0,0.0,1010.0,0.0,0.0,0.0,0.0,0.0,0.0,0.0,0.0,0.0,0.0,0.0,0.0,0.0,3.0,0.0,39.0,2.0,8.0,0.25,1.0,3.0,0.333,1.0,5.0,0.2,0.313,2.0,3.0,0.667,0.0,2.0,2.0,5.0,1.0,1.0,1.0,6.0,7.0,0.0,4.1,0.376,0.375,0.375,0.0,5.4,2.7,17.5,1.2,1.9,9.7,11.3,0.0,0.0,0.0,-0.006,-6.4,0.9,-5.5,0.0,0.0,2017
435,Metta World Peace,6.4,0.8,2.7,0.279,0.4,1.5,0.237,0.4,1.2,0.333,0.346,0.4,0.6,0.625,0.2,0.6,0.8,0.4,0.4,0.1,0.3,0.7,2.3,0.0,0.0,1010.0,0.0,0.0,0.0,0.0,0.0,0.0,0.0,0.0,0.0,0.0,0.0,0.0,0.0,25.0,2.0,160.0,19.0,68.0,0.279,9.0,38.0,0.237,10.0,30.0,0.333,0.346,10.0,16.0,0.625,5.0,15.0,20.0,11.0,10.0,2.0,7.0,18.0,57.0,0.0,6.5,0.38,0.559,0.235,3.3,10.6,6.8,9.8,3.0,1.0,8.5,21.9,-0.3,0.1,-0.2,-0.061,-5.5,-0.7,-6.1,-0.2,0.0,2017
436,James Young,7.6,0.9,2.0,0.431,0.4,1.2,0.343,0.4,0.8,0.565,0.534,0.2,0.3,0.667,0.2,0.7,0.9,0.1,0.3,0.1,0.1,0.5,2.3,0.0,0.0,1010.0,0.0,0.0,0.0,0.0,0.0,0.0,0.0,0.0,0.0,0.0,0.0,0.0,0.0,29.0,0.0,220.0,25.0,58.0,0.431,12.0,35.0,0.343,13.0,23.0,0.565,0.534,6.0,9.0,0.667,6.0,20.0,26.0,4.0,10.0,2.0,4.0,15.0,68.0,0.0,10.0,0.549,0.603,0.155,3.1,10.0,6.6,2.6,2.3,0.7,6.1,13.3,0.1,0.2,0.3,0.076,-1.7,0.4,-1.3,0.0,0.0,2017
437,A.J. Hammons,7.4,0.8,1.9,0.405,0.2,0.5,0.5,0.5,1.5,0.375,0.464,0.4,0.9,0.45,0.4,1.3,1.6,0.2,0.0,0.6,0.5,1.0,2.2,0.0,0.0,1010.0,0.0,0.0,0.0,0.0,0.0,0.0,0.0,0.0,0.0,0.0,0.0,0.0,0.0,22.0,0.0,163.0,17.0,42.0,0.405,5.0,10.0,0.5,12.0,32.0,0.375,0.464,9.0,20.0,0.45,8.0,28.0,36.0,4.0,1.0,13.0,10.0,21.0,48.0,0.0,8.4,0.472,0.238,0.476,5.4,21.0,12.8,3.8,0.3,7.2,16.4,17.6,-0.2,0.2,0.0,-0.001,-6.6,0.0,-6.6,-0.2,0.0,2017
438,Jake Layman,7.1,0.7,2.5,0.292,0.4,1.5,0.255,0.4,1.1,0.342,0.365,0.4,0.5,0.765,0.2,0.5,0.7,0.3,0.3,0.1,0.3,0.6,2.2,0.0,0.0,1010.0,0.0,0.0,0.0,0.0,0.0,0.0,0.0,0.0,0.0,0.0,0.0,0.0,0.0,35.0,1.0,249.0,26.0,89.0,0.292,13.0,51.0,0.255,13.0,38.0,0.342,0.365,13.0,17.0,0.765,6.0,18.0,24.0,11.0,9.0,3.0,11.0,22.0,78.0,0.0,4.9,0.404,0.573,0.191,2.7,8.0,5.3,6.2,1.8,1.0,10.2,19.0,-0.4,0.1,-0.3,-0.054,-5.2,-1.2,-6.4,-0.3,0.0,2017
439,Treveon Graham,7.0,0.7,1.5,0.475,0.3,0.6,0.6,0.4,0.9,0.4,0.588,0.4,0.6,0.667,0.2,0.6,0.8,0.2,0.2,0.0,0.1,0.7,2.1,0.0,0.0,1010.0,0.0,0.0,0.0,0.0,0.0,0.0,0.0,0.0,0.0,0.0,0.0,0.0,0.0,27.0,1.0,189.0,19.0,40.0,0.475,9.0,15.0,0.6,10.0,25.0,0.4,0.588,10.0,15.0,0.667,5.0,17.0,22.0,6.0,6.0,1.0,3.0,18.0,57.0,0.0,10.6,0.612,0.375,0.375,2.9,10.0,6.4,4.7,1.6,0.5,6.0,11.8,0.3,0.2,0.4,0.108,-1.8,0.8,-1.0,0.1,0.0,2017
440,Joe Young,4.1,0.8,2.2,0.361,0.2,0.7,0.217,0.6,1.5,0.429,0.396,0.3,0.5,0.733,0.0,0.5,0.5,0.5,0.1,0.0,0.2,0.2,2.1,0.0,0.0,1010.0,0.0,0.0,0.0,0.0,0.0,0.0,0.0,0.0,0.0,0.0,0.0,0.0,0.0,33.0,0.0,135.0,26.0,72.0,0.361,5.0,23.0,0.217,21.0,49.0,0.429,0.396,11.0,15.0,0.733,1.0,16.0,17.0,15.0,4.0,0.0,5.0,5.0,68.0,0.0,11.4,0.433,0.319,0.208,0.8,13.1,7.1,18.0,1.5,0.0,6.0,27.8,-0.2,0.1,-0.1,-0.022,-3.1,-2.1,-5.2,-0.1,0.0,2017
441,Rakeem Christmas,7.6,0.7,1.5,0.442,0.0,0.0,0.0,0.7,1.5,0.442,0.442,0.7,1.0,0.724,0.9,1.0,1.9,0.1,0.1,0.2,0.3,1.3,2.0,0.0,0.0,1010.0,0.0,0.0,0.0,0.0,0.0,0.0,0.0,0.0,0.0,0.0,0.0,0.0,0.0,29.0,0.0,219.0,19.0,43.0,0.442,0.0,0.0,0.0,19.0,43.0,0.442,0.442,21.0,29.0,0.724,26.0,30.0,56.0,4.0,3.0,6.0,8.0,37.0,59.0,0.0,10.4,0.529,0.0,0.674,13.5,15.2,14.4,2.5,0.7,2.4,12.5,13.1,0.3,0.2,0.5,0.099,-4.0,-1.0,-5.0,-0.2,0.0,2017
442,Manny Harris,6.3,0.8,3.8,0.2,0.0,0.5,0.0,0.8,3.3,0.231,0.2,0.5,1.0,0.5,0.8,1.5,2.3,0.5,0.0,0.0,0.5,0.3,2.0,0.0,0.0,1010.0,0.0,0.0,0.0,0.0,0.0,0.0,0.0,0.0,0.0,0.0,0.0,0.0,0.0,4.0,0.0,25.0,3.0,15.0,0.2,0.0,2.0,0.0,3.0,13.0,0.231,0.2,2.0,4.0,0.5,3.0,6.0,9.0,2.0,0.0,0.0,2.0,1.0,8.0,0.0,-2.2,0.239,0.133,0.267,13.3,29.3,20.9,12.7,0.0,0.0,10.7,35.4,-0.2,0.0,-0.2,-0.364,-8.8,-6.0,-14.8,-0.1,0.0,2017
443,Demetrius Jackson,3.4,0.6,0.8,0.75,0.2,0.2,1.0,0.4,0.6,0.667,0.875,0.6,1.2,0.5,0.4,0.4,0.8,0.6,0.0,0.0,0.0,0.0,2.0,0.0,0.0,1010.0,0.0,0.0,0.0,0.0,0.0,0.0,0.0,0.0,0.0,0.0,0.0,0.0,0.0,5.0,0.0,17.0,3.0,4.0,0.75,1.0,1.0,1.0,2.0,3.0,0.667,0.875,3.0,6.0,0.5,2.0,2.0,4.0,3.0,0.0,0.0,0.0,0.0,10.0,0.0,30.8,0.753,0.25,1.5,13.2,13.0,13.1,28.2,0.0,0.0,0.0,17.3,0.1,0.0,0.1,0.386,9.7,0.1,9.8,0.1,0.0,2017
444,Gary Neal,9.0,0.0,3.5,0.0,0.0,1.0,0.0,0.0,2.5,0.0,0.0,2.0,2.0,1.0,0.0,0.5,0.5,0.5,0.0,0.0,0.0,0.5,2.0,0.0,0.0,1010.0,0.0,0.0,0.0,0.0,0.0,0.0,0.0,0.0,0.0,0.0,0.0,0.0,0.0,2.0,0.0,18.0,0.0,7.0,0.0,0.0,2.0,0.0,0.0,5.0,0.0,0.0,4.0,4.0,1.0,0.0,1.0,1.0,1.0,0.0,0.0,0.0,1.0,4.0,0.0,-4.3,0.228,0.286,0.571,0.0,6.0,3.1,7.1,0.0,0.0,0.0,21.2,-0.1,0.0,-0.1,-0.189,-10.6,-5.4,-15.9,-0.1,0.0,2017
445,Udonis Haslem,8.1,0.7,1.4,0.478,0.0,0.2,0.0,0.7,1.3,0.55,0.478,0.6,0.9,0.6,0.5,1.8,2.3,0.4,0.4,0.1,0.5,1.4,1.9,0.0,0.0,1010.0,0.0,0.0,0.0,0.0,0.0,0.0,0.0,0.0,0.0,0.0,0.0,0.0,0.0,16.0,0.0,130.0,11.0,23.0,0.478,0.0,3.0,0.0,11.0,20.0,0.55,0.478,9.0,15.0,0.6,8.0,28.0,36.0,6.0,6.0,1.0,8.0,22.0,31.0,0.0,8.8,0.524,0.13,0.652,6.7,24.1,15.3,6.4,2.3,0.6,21.3,12.8,0.0,0.2,0.2,0.074,-6.1,0.9,-5.3,-0.1,0.0,2017
446,Damian Jones,8.5,0.8,1.6,0.5,0.0,0.0,0.0,0.8,1.6,0.5,0.5,0.3,1.0,0.3,0.9,1.4,2.3,0.0,0.1,0.4,0.6,1.5,1.9,0.0,0.0,1010.0,0.0,0.0,0.0,0.0,0.0,0.0,0.0,0.0,0.0,0.0,0.0,0.0,0.0,10.0,0.0,85.0,8.0,16.0,0.5,0.0,0.0,0.0,8.0,16.0,0.5,0.5,3.0,10.0,0.3,9.0,14.0,23.0,0.0,1.0,4.0,6.0,15.0,19.0,0.0,5.3,0.466,0.0,0.625,12.4,17.0,14.8,0.0,0.6,3.7,22.7,13.4,-0.1,0.1,0.0,0.018,-7.7,-1.9,-9.7,-0.2,0.0,2017
447,Marshall Plumlee,8.1,0.8,1.4,0.533,0.0,0.0,0.0,0.8,1.4,0.533,0.533,0.4,0.9,0.421,1.1,1.3,2.4,0.5,0.2,0.2,0.6,1.1,1.9,0.0,0.0,1010.0,0.0,0.0,0.0,0.0,0.0,0.0,0.0,0.0,0.0,0.0,0.0,0.0,0.0,21.0,1.0,170.0,16.0,30.0,0.533,0.0,0.0,0.0,16.0,30.0,0.533,0.533,8.0,19.0,0.421,23.0,28.0,51.0,10.0,4.0,4.0,12.0,23.0,40.0,0.0,10.9,0.521,0.0,0.633,14.5,17.8,16.2,8.1,1.2,1.9,23.8,12.8,0.0,0.1,0.2,0.048,-3.6,-1.0,-4.6,-0.1,0.0,2017
448,Tim Quarterman,5.0,0.8,1.8,0.448,0.3,0.8,0.385,0.5,1.0,0.5,0.534,0.0,0.2,0.0,0.3,0.6,0.9,0.7,0.1,0.2,0.7,0.4,1.9,0.0,0.0,1010.0,0.0,0.0,0.0,0.0,0.0,0.0,0.0,0.0,0.0,0.0,0.0,0.0,0.0,16.0,0.0,80.0,13.0,29.0,0.448,5.0,13.0,0.385,8.0,16.0,0.5,0.534,0.0,3.0,0.0,4.0,10.0,14.0,11.0,2.0,3.0,11.0,6.0,31.0,0.0,10.2,0.511,0.448,0.103,5.5,13.9,9.7,21.1,1.2,3.0,26.6,22.8,-0.1,0.1,-0.1,-0.044,-2.0,-0.9,-2.8,0.0,0.0,2017
449,Joel Bolomboy,4.4,0.8,1.3,0.563,0.1,0.3,0.25,0.7,1.0,0.667,0.594,0.3,0.5,0.5,0.3,1.1,1.4,0.2,0.1,0.2,0.2,0.1,1.8,0.0,0.0,1010.0,0.0,0.0,0.0,0.0,0.0,0.0,0.0,0.0,0.0,0.0,0.0,0.0,0.0,12.0,0.0,53.0,9.0,16.0,0.563,1.0,4.0,0.25,8.0,12.0,0.667,0.594,3.0,6.0,0.5,4.0,13.0,17.0,2.0,1.0,2.0,2.0,1.0,22.0,0.0,19.7,0.59,0.25,0.375,9.0,27.6,18.5,6.3,1.0,3.1,9.7,18.2,0.1,0.1,0.2,0.171,2.3,1.1,3.4,0.1,0.0,2017
450,John Jenkins,3.3,0.5,1.3,0.4,0.3,0.5,0.5,0.3,0.8,0.333,0.5,0.5,0.5,1.0,0.0,0.3,0.3,0.3,0.0,0.0,0.0,0.0,1.8,0.0,0.0,1010.0,0.0,0.0,0.0,0.0,0.0,0.0,0.0,0.0,0.0,0.0,0.0,0.0,0.0,4.0,0.0,13.0,2.0,5.0,0.4,1.0,2.0,0.5,1.0,3.0,0.333,0.5,2.0,2.0,1.0,0.0,1.0,1.0,1.0,0.0,0.0,0.0,0.0,7.0,0.0,17.3,0.595,0.4,0.4,0.0,8.6,4.2,11.5,0.0,0.0,0.0,18.9,0.0,0.0,0.0,0.167,4.3,-2.1,2.2,0.0,0.0,2017
451,Lamar Patterson,8.0,0.6,3.0,0.2,0.2,1.2,0.167,0.4,1.8,0.222,0.233,0.4,0.6,0.667,0.2,1.2,1.4,1.2,0.2,0.0,0.8,1.2,1.8,0.0,0.0,1010.0,0.0,0.0,0.0,0.0,0.0,0.0,0.0,0.0,0.0,0.0,0.0,0.0,0.0,5.0,0.0,40.0,3.0,15.0,0.2,1.0,6.0,0.167,2.0,9.0,0.222,0.233,2.0,3.0,0.667,1.0,6.0,7.0,6.0,1.0,0.0,4.0,6.0,9.0,0.0,-1.9,0.276,0.4,0.2,2.8,16.3,9.6,21.1,1.2,0.0,19.7,22.2,-0.2,0.0,-0.1,-0.176,-10.3,-1.1,-11.4,-0.1,0.0,2017
452,Damjan Rudež,7.0,0.7,2.0,0.352,0.4,1.4,0.313,0.2,0.5,0.458,0.466,0.0,0.0,0.0,0.1,0.4,0.6,0.4,0.3,0.0,0.2,0.7,1.8,0.0,0.0,1010.0,0.0,0.0,0.0,0.0,0.0,0.0,0.0,0.0,0.0,0.0,0.0,0.0,0.0,45.0,0.0,314.0,31.0,88.0,0.352,20.0,64.0,0.313,11.0,24.0,0.458,0.466,0.0,0.0,0.0,5.0,20.0,25.0,20.0,12.0,1.0,9.0,31.0,82.0,0.0,6.3,0.466,0.727,0.0,1.7,7.1,4.3,9.2,1.9,0.3,9.3,13.6,-0.1,0.2,0.1,0.008,-4.2,-0.3,-4.5,-0.2,0.0,2017
453,Cole Aldrich,8.6,0.7,1.4,0.523,0.0,0.0,0.0,0.7,1.4,0.523,0.523,0.2,0.4,0.682,0.8,1.7,2.5,0.4,0.4,0.4,0.3,1.4,1.7,0.0,0.0,1010.0,0.0,0.0,0.0,0.0,0.0,0.0,0.0,0.0,0.0,0.0,0.0,0.0,0.0,62.0,0.0,531.0,45.0,86.0,0.523,0.0,0.0,0.0,45.0,86.0,0.523,0.523,15.0,22.0,0.682,51.0,107.0,158.0,25.0,25.0,23.0,17.0,85.0,105.0,0.0,12.7,0.549,0.0,0.256,11.0,23.9,17.4,6.4,2.4,3.7,15.1,9.4,0.6,0.7,1.3,0.116,-2.3,1.5,-0.8,0.2,0.0,2017
454,Nick Collison,6.4,0.7,1.2,0.609,0.0,0.1,0.0,0.7,1.1,0.636,0.609,0.3,0.4,0.625,0.5,1.1,1.6,0.6,0.1,0.1,0.2,0.9,1.7,0.0,0.0,1010.0,0.0,0.0,0.0,0.0,0.0,0.0,0.0,0.0,0.0,0.0,0.0,0.0,0.0,20.0,0.0,128.0,14.0,23.0,0.609,0.0,1.0,0.0,14.0,22.0,0.636,0.609,5.0,8.0,0.625,9.0,22.0,31.0,12.0,2.0,2.0,4.0,17.0,33.0,0.0,12.9,0.622,0.043,0.348,7.8,19.1,13.4,13.2,0.8,1.2,13.1,10.1,0.3,0.1,0.4,0.145,-1.3,1.1,-0.2,0.1,0.0,2017
455,Jordan Hill,6.7,0.7,1.9,0.385,0.0,0.0,0.0,0.7,1.9,0.385,0.385,0.3,0.3,1.0,1.1,0.9,2.0,0.0,0.1,0.0,0.6,1.3,1.7,0.0,0.0,1010.0,0.0,0.0,0.0,0.0,0.0,0.0,0.0,0.0,0.0,0.0,0.0,0.0,0.0,7.0,0.0,47.0,5.0,13.0,0.385,0.0,0.0,0.0,5.0,13.0,0.385,0.385,2.0,2.0,1.0,8.0,6.0,14.0,0.0,1.0,0.0,4.0,9.0,12.0,0.0,5.5,0.432,0.0,0.154,19.6,15.1,17.4,0.0,1.1,0.0,22.4,16.8,-0.1,0.0,0.0,-0.033,-7.1,-5.2,-12.3,-0.1,0.0,2017
456,Bruno Caboclo,4.4,0.7,1.8,0.375,0.2,0.7,0.333,0.4,1.1,0.4,0.438,0.0,0.0,0.0,0.6,0.6,1.1,0.4,0.2,0.1,0.2,0.4,1.6,0.0,0.0,1010.0,0.0,0.0,0.0,0.0,0.0,0.0,0.0,0.0,0.0,0.0,0.0,0.0,0.0,9.0,0.0,40.0,6.0,16.0,0.375,2.0,6.0,0.333,4.0,10.0,0.4,0.438,0.0,0.0,0.0,5.0,5.0,10.0,4.0,2.0,1.0,2.0,4.0,14.0,0.0,14.6,0.438,0.375,0.0,14.2,14.1,14.1,15.1,2.5,2.2,11.1,20.1,0.0,0.1,0.1,0.083,0.2,0.8,1.0,0.0,0.0,2017
457,Deyonta Davis,6.6,0.7,1.3,0.511,0.0,0.0,0.0,0.7,1.3,0.511,0.511,0.3,0.5,0.556,0.6,1.1,1.7,0.1,0.1,0.5,0.2,1.1,1.6,0.0,0.0,1010.0,0.0,0.0,0.0,0.0,0.0,0.0,0.0,0.0,0.0,0.0,0.0,0.0,0.0,36.0,0.0,238.0,24.0,47.0,0.511,0.0,0.0,0.0,24.0,47.0,0.511,0.511,10.0,18.0,0.556,20.0,40.0,60.0,2.0,3.0,17.0,8.0,40.0,58.0,0.0,10.6,0.528,0.0,0.383,9.3,19.8,14.4,1.3,0.7,6.8,12.7,12.0,0.1,0.4,0.5,0.097,-5.0,0.4,-4.6,-0.2,0.0,2017
458,Ryan Kelly,6.9,0.5,1.8,0.286,0.3,0.6,0.4,0.3,1.1,0.222,0.357,0.3,0.4,0.833,0.1,1.1,1.1,0.5,0.3,0.3,0.3,0.3,1.6,0.0,0.0,1010.0,0.0,0.0,0.0,0.0,0.0,0.0,0.0,0.0,0.0,0.0,0.0,0.0,0.0,16.0,0.0,110.0,8.0,28.0,0.286,4.0,10.0,0.4,4.0,18.0,0.222,0.357,5.0,6.0,0.833,1.0,17.0,18.0,8.0,4.0,5.0,4.0,5.0,25.0,0.0,7.8,0.408,0.357,0.214,1.0,16.7,9.0,10.2,1.8,3.9,11.5,13.7,-0.1,0.2,0.1,0.029,-4.6,1.4,-3.1,0.0,0.0,2017
459,Jordan Mickey,5.6,0.6,1.4,0.441,0.0,0.0,0.0,0.6,1.3,0.455,0.441,0.3,0.6,0.571,0.5,0.8,1.4,0.3,0.1,0.2,0.4,0.5,1.5,0.0,0.0,1010.0,0.0,0.0,0.0,0.0,0.0,0.0,0.0,0.0,0.0,0.0,0.0,0.0,0.0,25.0,1.0,141.0,15.0,34.0,0.441,0.0,1.0,0.0,15.0,33.0,0.455,0.441,8.0,14.0,0.571,13.0,21.0,34.0,7.0,3.0,6.0,9.0,12.0,38.0,0.0,9.8,0.473,0.029,0.412,10.4,16.4,13.4,7.1,1.1,3.5,18.3,15.5,-0.1,0.2,0.1,0.036,-3.9,-0.8,-4.7,-0.1,0.0,2017
460,Elijah Millsap,11.5,0.5,3.5,0.143,0.0,1.0,0.0,0.5,2.5,0.2,0.143,0.5,1.0,0.5,1.5,1.5,3.0,0.5,0.0,0.0,1.0,1.0,1.5,0.0,0.0,1010.0,0.0,0.0,0.0,0.0,0.0,0.0,0.0,0.0,0.0,0.0,0.0,0.0,0.0,2.0,0.0,23.0,1.0,7.0,0.143,0.0,2.0,0.0,1.0,5.0,0.2,0.143,1.0,2.0,0.5,3.0,3.0,6.0,1.0,0.0,0.0,2.0,2.0,3.0,0.0,-3.4,0.19,0.286,0.286,13.8,14.6,14.2,5.6,0.0,0.0,20.2,18.0,-0.1,0.0,-0.1,-0.233,-12.0,-7.0,-19.0,-0.1,0.0,2017
461,Jarnell Stokes,3.5,0.5,0.5,1.0,0.0,0.0,0.0,0.5,0.5,1.0,1.0,0.5,1.0,0.5,0.5,0.5,1.0,1.0,0.5,0.0,0.0,1.5,1.5,0.0,0.0,1010.0,0.0,0.0,0.0,0.0,0.0,0.0,0.0,0.0,0.0,0.0,0.0,0.0,0.0,2.0,0.0,7.0,1.0,1.0,1.0,0.0,0.0,0.0,1.0,1.0,1.0,1.0,1.0,2.0,0.5,1.0,1.0,2.0,2.0,1.0,0.0,0.0,3.0,3.0,0.0,31.5,0.798,0.0,2.0,15.9,15.6,15.8,40.1,7.0,0.0,0.0,11.4,0.1,0.0,0.1,0.48,4.9,11.9,16.8,0.0,0.0,2017
462,Mike Miller,7.6,0.5,1.2,0.391,0.4,1.0,0.4,0.1,0.2,0.333,0.565,0.1,0.1,1.0,0.1,1.8,1.9,1.1,0.1,0.0,0.7,0.5,1.4,0.0,0.0,1010.0,0.0,0.0,0.0,0.0,0.0,0.0,0.0,0.0,0.0,0.0,0.0,0.0,0.0,20.0,0.0,151.0,9.0,23.0,0.391,8.0,20.0,0.4,1.0,3.0,0.333,0.565,2.0,2.0,1.0,2.0,36.0,38.0,22.0,2.0,0.0,13.0,9.0,28.0,0.0,7.6,0.586,0.87,0.087,1.5,26.1,13.9,18.3,0.6,0.0,35.2,10.4,0.0,0.1,0.1,0.018,-2.0,0.5,-1.5,0.0,0.0,2017
463,Diamond Stone,3.4,0.4,1.9,0.231,0.0,0.0,0.0,0.4,1.9,0.231,0.231,0.6,0.6,1.0,0.1,0.7,0.9,0.0,0.0,0.1,0.3,0.7,1.4,0.0,0.0,1010.0,0.0,0.0,0.0,0.0,0.0,0.0,0.0,0.0,0.0,0.0,0.0,0.0,0.0,7.0,0.0,24.0,3.0,13.0,0.231,0.0,0.0,0.0,3.0,13.0,0.231,0.231,4.0,4.0,1.0,1.0,5.0,6.0,0.0,0.0,1.0,2.0,5.0,10.0,0.0,-1.2,0.339,0.0,0.308,4.8,22.7,14.0,0.0,0.0,3.4,11.9,31.3,-0.1,0.0,-0.1,-0.211,-14.9,-5.9,-20.8,-0.1,0.0,2017
464,Joel Anthony,6.4,0.5,0.8,0.625,0.0,0.0,0.0,0.5,0.8,0.625,0.625,0.3,0.4,0.625,0.4,1.2,1.6,0.2,0.1,0.3,0.2,0.6,1.3,0.0,0.0,1010.0,0.0,0.0,0.0,0.0,0.0,0.0,0.0,0.0,0.0,0.0,0.0,0.0,0.0,19.0,0.0,122.0,10.0,16.0,0.625,0.0,0.0,0.0,10.0,16.0,0.625,0.625,5.0,8.0,0.625,8.0,23.0,31.0,3.0,2.0,6.0,4.0,11.0,25.0,0.0,11.6,0.64,0.0,0.5,7.6,20.9,14.4,3.4,0.8,4.0,17.0,8.7,0.1,0.2,0.4,0.141,-3.5,1.4,-2.1,0.0,0.0,2017
465,Brice Johnson,3.0,0.7,2.3,0.286,0.0,0.0,0.0,0.7,2.3,0.286,0.286,0.0,0.0,0.0,0.3,0.7,1.0,0.3,0.7,0.3,0.3,0.0,1.3,0.0,0.0,1010.0,0.0,0.0,0.0,0.0,0.0,0.0,0.0,0.0,0.0,0.0,0.0,0.0,0.0,3.0,0.0,9.0,2.0,7.0,0.286,0.0,0.0,0.0,2.0,7.0,0.286,0.286,0.0,0.0,0.0,1.0,2.0,3.0,1.0,2.0,1.0,1.0,0.0,4.0,0.0,17.2,0.286,0.0,0.0,12.8,24.2,18.6,18.6,11.1,9.1,12.5,39.8,-0.1,0.0,0.0,-0.165,-6.6,4.5,-2.0,0.0,0.0,2017
466,Daniel Ochefu,3.9,0.6,1.4,0.444,0.0,0.0,0.0,0.6,1.4,0.444,0.444,0.0,0.1,0.0,0.3,0.9,1.2,0.2,0.1,0.0,0.2,0.9,1.3,0.0,0.0,1010.0,0.0,0.0,0.0,0.0,0.0,0.0,0.0,0.0,0.0,0.0,0.0,0.0,0.0,19.0,0.0,75.0,12.0,27.0,0.444,0.0,0.0,0.0,12.0,27.0,0.444,0.444,0.0,2.0,0.0,5.0,17.0,22.0,3.0,2.0,0.0,3.0,17.0,24.0,0.0,6.6,0.43,0.0,0.074,7.6,25.4,16.5,5.8,1.3,0.0,9.7,18.0,-0.1,0.1,0.0,0.005,-7.0,-1.5,-8.4,-0.1,0.0,2017
467,Anderson Varejão,6.6,0.4,1.0,0.357,0.0,0.0,0.0,0.4,1.0,0.357,0.357,0.6,0.8,0.727,0.9,1.1,1.9,0.7,0.2,0.2,0.6,1.1,1.3,0.0,0.0,1010.0,0.0,0.0,0.0,0.0,0.0,0.0,0.0,0.0,0.0,0.0,0.0,0.0,0.0,14.0,1.0,92.0,5.0,14.0,0.357,0.0,0.0,0.0,5.0,14.0,0.357,0.357,8.0,11.0,0.727,12.0,15.0,27.0,10.0,3.0,3.0,8.0,16.0,18.0,0.0,9.4,0.478,0.0,0.786,15.3,16.8,16.1,13.0,1.6,2.6,29.8,12.6,0.0,0.1,0.2,0.097,-4.7,0.5,-4.2,-0.1,0.0,2017
468,Stephen Zimmerman,5.7,0.5,1.6,0.323,0.0,0.0,0.0,0.5,1.6,0.323,0.323,0.2,0.3,0.6,0.6,1.3,1.8,0.2,0.1,0.3,0.2,0.9,1.2,0.0,0.0,1010.0,0.0,0.0,0.0,0.0,0.0,0.0,0.0,0.0,0.0,0.0,0.0,0.0,0.0,19.0,0.0,108.0,10.0,31.0,0.323,0.0,0.0,0.0,10.0,31.0,0.323,0.323,3.0,5.0,0.6,11.0,24.0,35.0,4.0,2.0,5.0,3.0,17.0,23.0,0.0,7.3,0.346,0.0,0.161,10.8,24.9,17.6,5.3,0.9,3.7,8.3,14.8,-0.1,0.1,0.0,-0.005,-6.6,-1.7,-8.3,-0.2,0.0,2017
469,Ronnie Price,9.6,0.3,1.7,0.167,0.2,1.2,0.176,0.1,0.5,0.143,0.229,0.2,0.3,0.75,0.2,0.6,0.8,1.3,0.8,0.1,0.2,1.0,1.0,0.0,0.0,1010.0,0.0,0.0,0.0,0.0,0.0,0.0,0.0,0.0,0.0,0.0,0.0,0.0,0.0,14.0,0.0,134.0,4.0,24.0,0.167,3.0,17.0,0.176,1.0,7.0,0.143,0.229,3.0,4.0,0.75,3.0,8.0,11.0,18.0,11.0,1.0,3.0,14.0,14.0,0.0,5.9,0.272,0.708,0.167,2.4,6.7,4.5,16.9,3.9,0.6,10.4,9.0,-0.1,0.1,0.0,0.002,-5.7,2.3,-3.4,0.0,0.0,2017
470,Mike Tobey,12.5,0.5,2.0,0.25,0.0,0.0,0.0,0.5,2.0,0.25,0.25,0.0,0.0,0.0,1.0,0.5,1.5,0.5,0.0,0.0,0.5,1.0,1.0,0.0,0.0,1010.0,0.0,0.0,0.0,0.0,0.0,0.0,0.0,0.0,0.0,0.0,0.0,0.0,0.0,2.0,0.0,25.0,1.0,4.0,0.25,0.0,0.0,0.0,1.0,4.0,0.25,0.25,0.0,0.0,0.0,2.0,1.0,3.0,1.0,0.0,0.0,1.0,2.0,2.0,0.0,-0.1,0.25,0.0,0.0,8.7,4.4,6.6,5.4,0.0,0.0,20.0,9.0,0.0,0.0,0.0,-0.07,-6.9,-2.7,-9.5,0.0,0.0,2017
471,C.J. Wilcox,4.9,0.4,1.4,0.258,0.1,0.7,0.2,0.2,0.7,0.313,0.306,0.1,0.1,1.0,0.2,0.4,0.5,0.5,0.1,0.0,0.3,0.4,1.0,0.0,0.0,1010.0,0.0,0.0,0.0,0.0,0.0,0.0,0.0,0.0,0.0,0.0,0.0,0.0,0.0,22.0,0.0,108.0,8.0,31.0,0.258,3.0,15.0,0.2,5.0,16.0,0.313,0.306,2.0,2.0,1.0,4.0,8.0,12.0,12.0,2.0,1.0,6.0,8.0,21.0,0.0,2.9,0.329,0.484,0.065,3.9,8.3,6.1,15.5,0.9,0.7,15.8,15.4,-0.2,0.0,-0.2,-0.09,-6.2,-1.9,-8.1,-0.2,0.0,2017
472,Georges Niang,4.0,0.4,1.6,0.25,0.0,0.5,0.083,0.3,1.0,0.333,0.264,0.1,0.1,1.0,0.1,0.7,0.7,0.2,0.1,0.0,0.2,0.3,0.9,0.0,0.0,1010.0,0.0,0.0,0.0,0.0,0.0,0.0,0.0,0.0,0.0,0.0,0.0,0.0,0.0,23.0,0.0,93.0,9.0,36.0,0.25,1.0,12.0,0.083,8.0,24.0,0.333,0.264,2.0,2.0,1.0,2.0,15.0,17.0,5.0,3.0,0.0,5.0,6.0,21.0,0.0,0.1,0.285,0.333,0.056,2.4,17.9,10.3,7.5,1.6,0.0,11.9,20.2,-0.4,0.1,-0.3,-0.168,-8.8,-3.0,-11.7,-0.2,0.0,2017
473,Kyle Wiltjer,3.1,0.3,1.0,0.286,0.3,0.9,0.308,0.0,0.1,0.0,0.429,0.1,0.1,0.5,0.3,0.4,0.7,0.1,0.2,0.1,0.4,0.3,0.9,0.0,0.0,1010.0,0.0,0.0,0.0,0.0,0.0,0.0,0.0,0.0,0.0,0.0,0.0,0.0,0.0,14.0,0.0,44.0,4.0,14.0,0.286,4.0,13.0,0.308,0.0,1.0,0.0,0.429,1.0,2.0,0.5,4.0,6.0,10.0,2.0,3.0,1.0,5.0,4.0,13.0,0.0,6.7,0.437,0.929,0.143,9.9,14.9,12.4,6.1,3.3,1.8,25.2,19.1,-0.1,0.1,0.0,-0.039,-4.1,-1.3,-5.4,0.0,0.0,2017
474,Alonzo Gee,6.8,0.2,1.1,0.214,0.0,0.2,0.0,0.2,0.8,0.273,0.214,0.4,0.7,0.556,0.3,0.8,1.2,0.5,0.4,0.1,0.3,1.1,0.8,0.0,0.0,1010.0,0.0,0.0,0.0,0.0,0.0,0.0,0.0,0.0,0.0,0.0,0.0,0.0,0.0,13.0,0.0,89.0,3.0,14.0,0.214,0.0,3.0,0.0,3.0,11.0,0.273,0.214,5.0,9.0,0.556,4.0,11.0,15.0,6.0,5.0,1.0,4.0,14.0,11.0,0.0,3.1,0.306,0.214,0.643,5.0,13.5,9.3,8.2,2.7,0.9,18.2,10.5,-0.1,0.1,-0.1,-0.032,-7.5,0.7,-6.7,-0.1,0.0,2017
475,Larry Sanders,2.6,0.2,0.8,0.25,0.0,0.0,0.0,0.2,0.8,0.25,0.25,0.4,0.4,1.0,0.6,0.2,0.8,0.0,0.2,0.2,0.4,1.0,0.8,0.0,0.0,1010.0,0.0,0.0,0.0,0.0,0.0,0.0,0.0,0.0,0.0,0.0,0.0,0.0,0.0,5.0,0.0,13.0,1.0,4.0,0.25,0.0,0.0,0.0,1.0,4.0,0.25,0.25,2.0,2.0,1.0,3.0,1.0,4.0,0.0,1.0,1.0,2.0,5.0,4.0,0.0,6.5,0.41,0.0,0.5,26.3,8.2,17.0,0.0,3.8,6.2,29.1,23.6,0.0,0.0,0.0,-0.029,-13.4,-1.7,-15.0,0.0,0.0,2017
476,Isaiah Taylor,13.0,0.3,1.8,0.143,0.0,0.5,0.0,0.3,1.3,0.2,0.143,0.3,0.5,0.5,0.3,0.5,0.8,0.8,0.3,0.3,0.0,1.5,0.8,0.0,0.0,1010.0,0.0,0.0,0.0,0.0,0.0,0.0,0.0,0.0,0.0,0.0,0.0,0.0,0.0,4.0,0.0,52.0,1.0,7.0,0.143,0.0,2.0,0.0,1.0,5.0,0.2,0.143,1.0,2.0,0.5,1.0,2.0,3.0,3.0,1.0,1.0,0.0,6.0,3.0,0.0,0.3,0.19,0.286,0.286,2.1,4.2,3.1,7.1,0.9,1.6,0.0,6.4,-0.1,0.0,0.0,-0.028,-6.9,-0.9,-7.8,-0.1,0.0,2017
477,Steve Novak,2.8,0.3,0.9,0.286,0.1,0.8,0.167,0.1,0.1,1.0,0.357,0.0,0.0,0.0,0.0,0.4,0.4,0.0,0.0,0.0,0.0,0.1,0.6,0.0,0.0,1010.0,0.0,0.0,0.0,0.0,0.0,0.0,0.0,0.0,0.0,0.0,0.0,0.0,0.0,8.0,0.0,22.0,2.0,7.0,0.286,1.0,6.0,0.167,1.0,1.0,1.0,0.357,0.0,0.0,0.0,0.0,3.0,3.0,0.0,0.0,0.0,0.0,1.0,5.0,0.0,1.3,0.357,0.857,0.0,0.0,15.7,7.9,0.0,0.0,0.0,0.0,14.5,0.0,0.0,0.0,-0.075,-6.3,-4.9,-11.2,-0.1,0.0,2017
478,Arinze Onuaku,3.5,0.3,0.5,0.5,0.0,0.0,0.0,0.3,0.5,0.5,0.5,0.0,0.0,0.0,0.3,0.5,0.8,0.3,0.0,0.1,0.3,0.4,0.5,0.0,0.0,1010.0,0.0,0.0,0.0,0.0,0.0,0.0,0.0,0.0,0.0,0.0,0.0,0.0,0.0,8.0,0.0,28.0,2.0,4.0,0.5,0.0,0.0,0.0,2.0,4.0,0.5,0.5,0.0,0.0,0.0,2.0,4.0,6.0,2.0,0.0,1.0,2.0,3.0,4.0,0.0,5.8,0.5,0.0,0.0,7.6,16.0,11.7,9.9,0.0,2.9,33.3,9.4,0.0,0.0,0.0,-0.005,-6.1,-0.3,-6.4,0.0,0.0,2017
479,Michael Gbinije,3.6,0.1,1.1,0.1,0.0,0.4,0.0,0.1,0.7,0.167,0.1,0.2,0.2,1.0,0.2,0.1,0.3,0.2,0.0,0.0,0.0,0.2,0.4,0.0,0.0,1010.0,0.0,0.0,0.0,0.0,0.0,0.0,0.0,0.0,0.0,0.0,0.0,0.0,0.0,9.0,0.0,32.0,1.0,10.0,0.1,0.0,4.0,0.0,1.0,6.0,0.167,0.1,2.0,2.0,1.0,2.0,1.0,3.0,2.0,0.0,0.0,0.0,2.0,4.0,0.0,-2.1,0.184,0.4,0.2,6.6,3.5,5.1,7.9,0.0,0.0,0.0,15.0,-0.1,0.0,-0.1,-0.136,-9.2,-2.9,-12.1,-0.1,0.0,2017
480,John Lucas III,2.2,0.2,0.8,0.25,0.0,0.2,0.0,0.2,0.6,0.333,0.25,0.0,0.0,0.0,0.0,0.0,0.0,0.2,0.4,0.0,0.0,0.0,0.4,0.0,0.0,1010.0,0.0,0.0,0.0,0.0,0.0,0.0,0.0,0.0,0.0,0.0,0.0,0.0,0.0,5.0,0.0,11.0,1.0,4.0,0.25,0.0,1.0,0.0,1.0,3.0,0.333,0.25,0.0,0.0,0.0,0.0,0.0,0.0,1.0,2.0,0.0,0.0,0.0,2.0,0.0,9.1,0.25,0.25,0.0,0.0,0.0,0.0,12.5,9.2,0.0,0.0,16.1,0.0,0.0,0.0,-0.033,-4.0,7.1,3.1,0.0,0.0,2017
481,Aaron Harrison,3.4,0.0,0.8,0.0,0.0,0.4,0.0,0.0,0.4,0.0,0.0,0.2,0.4,0.5,0.0,0.6,0.6,0.6,0.0,0.0,0.0,0.4,0.2,0.0,0.0,1010.0,0.0,0.0,0.0,0.0,0.0,0.0,0.0,0.0,0.0,0.0,0.0,0.0,0.0,5.0,0.0,17.0,0.0,4.0,0.0,0.0,2.0,0.0,0.0,2.0,0.0,0.0,1.0,2.0,0.5,0.0,3.0,3.0,3.0,0.0,0.0,0.0,2.0,1.0,0.0,-2.2,0.102,0.5,0.5,0.0,19.5,9.7,22.6,0.0,0.0,0.0,12.9,-0.1,0.0,-0.1,-0.146,-10.1,-1.7,-11.8,0.0,0.0,2017
482,Ben Bentil,3.3,0.0,1.0,0.0,0.0,0.3,0.0,0.0,0.7,0.0,0.0,0.0,0.0,0.0,0.0,0.7,0.7,0.0,0.0,0.0,0.3,0.3,0.0,0.0,0.0,1010.0,0.0,0.0,0.0,0.0,0.0,0.0,0.0,0.0,0.0,0.0,0.0,0.0,0.0,3.0,0.0,10.0,0.0,3.0,0.0,0.0,1.0,0.0,0.0,2.0,0.0,0.0,0.0,0.0,0.0,0.0,2.0,2.0,0.0,0.0,0.0,1.0,1.0,0.0,0.0,-17.6,0.0,0.333,0.0,0.0,24.4,11.6,0.0,0.0,0.0,25.0,18.9,-0.1,0.0,-0.1,-0.473,-19.7,-6.2,-25.9,-0.1,0.0,2017
483,Patricio Garino,8.6,0.0,1.4,0.0,0.0,1.0,0.0,0.0,0.4,0.0,0.0,0.0,0.0,0.0,0.2,1.2,1.4,0.0,0.0,0.0,0.6,0.8,0.0,0.0,0.0,1010.0,0.0,0.0,0.0,0.0,0.0,0.0,0.0,0.0,0.0,0.0,0.0,0.0,0.0,5.0,0.0,43.0,0.0,7.0,0.0,0.0,5.0,0.0,0.0,2.0,0.0,0.0,0.0,0.0,0.0,1.0,6.0,7.0,0.0,0.0,0.0,3.0,4.0,0.0,0.0,-9.2,0.0,0.714,0.0,2.5,15.6,8.9,0.0,0.0,0.0,30.0,10.2,-0.2,0.0,-0.2,-0.25,-13.3,-4.6,-17.9,-0.2,0.0,2017
484,Danuel House Jr.,1.0,0.0,0.0,0.0,0.0,0.0,0.0,0.0,0.0,0.0,0.0,0.0,0.0,0.0,0.0,1.0,1.0,0.0,0.0,0.0,0.0,0.0,0.0,0.0,0.0,1010.0,0.0,0.0,0.0,0.0,0.0,0.0,0.0,0.0,0.0,0.0,0.0,0.0,0.0,1.0,0.0,1.0,0.0,0.0,0.0,0.0,0.0,0.0,0.0,0.0,0.0,0.0,0.0,0.0,0.0,0.0,1.0,1.0,0.0,0.0,0.0,0.0,0.0,0.0,0.0,12.2,0.0,0.0,0.0,0.0,100.0,56.4,0.0,0.0,0.0,0.0,0.0,0.0,0.0,0.0,0.163,-8.9,9.8,0.9,0.0,0.0,2017
485,R.J. Hunter,3.0,0.0,0.3,0.0,0.0,0.3,0.0,0.0,0.0,0.0,0.0,0.0,0.0,0.0,0.0,0.3,0.3,0.0,0.0,0.0,0.0,0.0,0.0,0.0,0.0,1010.0,0.0,0.0,0.0,0.0,0.0,0.0,0.0,0.0,0.0,0.0,0.0,0.0,0.0,3.0,0.0,9.0,0.0,1.0,0.0,0.0,1.0,0.0,0.0,0.0,0.0,0.0,0.0,0.0,0.0,0.0,1.0,1.0,0.0,0.0,0.0,0.0,0.0,0.0,0.0,-3.2,0.0,1.0,0.0,0.0,12.1,6.0,0.0,0.0,0.0,0.0,4.8,0.0,0.0,0.0,-0.088,-7.8,-1.2,-9.0,0.0,0.0,2017
