,Player,MPPG,FGPG,FGAPG,FG%PG,3PPG,3PAPG,3P%PG,2PPG,2PAPG,2P%PG,eFG%PG,FTPG,FTAPG,FT%PG,ORBPG,DRBPG,TRBPG,ASTPG,STLPG,BLKPG,TOVPG,PFPG,PTSPG,First,Pts Won,Pts Max,Share,G_x,MP_x,PTS_x,TRB_x,AST_x,STL_x,BLK_x,FG%_x,3P%_x,FT%_x,WS_x,WS/48_x,G_y,GS,MP_y,FG,FGA,FG%_y,3P,3PA,3P%_y,2P,2PA,2P%,eFG%,FT,FTA,FT%_y,ORB,DRB,TRB_y,AST_y,STL_y,BLK_y,TOV,PF,PTS_y,Trp-Dbl,PER,TS%,3PAr,FTr,ORB%,DRB%,TRB%,AST%,STL%,BLK%,TOV%,USG%,OWS,DWS,WS_y,WS/48_y,OBPM,DBPM,BPM,VORP,First Pts Share,Year
0,James Harden,35.4,9.0,20.1,0.449,3.7,10.0,0.367,5.4,10.1,0.531,0.541,8.7,10.1,0.858,0.6,4.8,5.4,8.8,1.8,0.7,4.4,2.3,30.4,86.0,965.0,1010.0,0.955,72.0,35.4,30.4,5.4,8.8,1.8,0.7,0.449,0.367,0.858,15.4,0.289,72.0,72.0,2551.0,651.0,1449.0,0.449,265.0,722.0,0.367,386.0,727.0,0.531,0.541,624.0,727.0,0.858,41.0,348.0,389.0,630.0,126.0,50.0,315.0,169.0,2191.0,4.0,29.8,0.619,0.498,0.502,1.8,15.2,8.6,45.1,2.4,1.7,15.1,36.1,11.6,3.8,15.4,0.289,8.5,1.4,9.9,7.7,0.08514851485148515,2018
1,Anthony Davis,36.4,10.4,19.5,0.534,0.7,2.2,0.34,9.7,17.3,0.558,0.552,6.6,8.0,0.828,2.5,8.6,11.1,2.3,1.5,2.6,2.2,2.1,28.1,0.0,445.0,1010.0,0.441,75.0,36.4,28.1,11.1,2.3,1.5,2.6,0.534,0.34,0.828,13.7,0.241,75.0,75.0,2727.0,780.0,1462.0,0.534,55.0,162.0,0.34,725.0,1300.0,0.558,0.552,495.0,598.0,0.828,187.0,645.0,832.0,174.0,115.0,193.0,162.0,159.0,2110.0,1.0,28.9,0.612,0.111,0.409,7.7,24.8,16.5,10.8,2.0,5.6,8.6,30.0,8.8,4.9,13.7,0.241,5.3,1.4,6.7,5.9,0.0,2018
2,LeBron James,36.9,10.5,19.3,0.542,1.8,5.0,0.367,8.6,14.3,0.603,0.59,4.7,6.5,0.731,1.2,7.5,8.6,9.1,1.4,0.9,4.2,1.7,27.5,15.0,738.0,1010.0,0.731,82.0,36.9,27.5,8.6,9.1,1.4,0.9,0.542,0.367,0.731,14.0,0.221,82.0,82.0,3026.0,857.0,1580.0,0.542,149.0,406.0,0.367,708.0,1174.0,0.603,0.59,388.0,531.0,0.731,97.0,612.0,709.0,747.0,116.0,71.0,347.0,136.0,2251.0,18.0,28.6,0.621,0.257,0.336,3.7,22.3,13.1,44.4,1.9,2.0,16.1,31.6,11.0,3.0,14.0,0.221,7.3,1.4,8.7,8.2,0.01485148514851485,2018
3,Giannis Antetokounmpo,36.7,9.9,18.7,0.529,0.6,1.9,0.307,9.3,16.8,0.554,0.545,6.5,8.5,0.76,2.1,8.0,10.0,4.8,1.5,1.4,3.0,3.1,26.9,0.0,75.0,1010.0,0.074,75.0,36.7,26.9,10.0,4.8,1.5,1.4,0.529,0.307,0.76,11.9,0.207,75.0,75.0,2756.0,742.0,1402.0,0.529,43.0,140.0,0.307,699.0,1262.0,0.554,0.545,487.0,641.0,0.76,156.0,597.0,753.0,361.0,109.0,106.0,223.0,231.0,2014.0,1.0,27.3,0.598,0.1,0.457,6.7,25.3,16.0,23.7,2.0,3.3,11.7,31.2,8.3,3.6,11.9,0.207,5.3,0.9,6.2,5.7,0.0,2018
4,Damian Lillard,36.6,8.5,19.4,0.439,3.1,8.6,0.361,5.4,10.8,0.501,0.519,6.8,7.4,0.916,0.8,3.6,4.5,6.6,1.1,0.4,2.8,1.6,26.9,0.0,207.0,1010.0,0.205,73.0,36.6,26.9,4.5,6.6,1.1,0.4,0.439,0.361,0.916,12.6,0.227,73.0,73.0,2670.0,621.0,1415.0,0.439,227.0,629.0,0.361,394.0,786.0,0.501,0.519,493.0,538.0,0.916,62.0,263.0,325.0,481.0,77.0,27.0,206.0,117.0,1962.0,0.0,25.2,0.594,0.445,0.38,2.6,10.6,6.6,30.9,1.4,0.8,11.1,30.6,9.9,2.7,12.6,0.227,7.0,0.3,7.2,6.3,0.0,2018
5,Stephen Curry,32.0,8.4,16.9,0.495,4.2,9.8,0.423,4.2,7.1,0.595,0.618,5.5,5.9,0.921,0.7,4.4,5.1,6.1,1.6,0.2,3.0,2.2,26.4,0.0,5.0,1010.0,0.005,51.0,32.0,26.4,5.1,6.1,1.6,0.2,0.495,0.423,0.921,9.1,0.267,51.0,51.0,1631.0,428.0,864.0,0.495,212.0,501.0,0.423,216.0,363.0,0.595,0.618,278.0,302.0,0.921,36.0,225.0,261.0,310.0,80.0,8.0,153.0,114.0,1346.0,0.0,28.2,0.675,0.58,0.35,2.7,14.4,9.0,30.3,2.4,0.4,13.3,31.0,7.2,1.9,9.1,0.267,7.8,0.0,7.7,4.0,0.0,2018
6,Kevin Durant,34.2,9.3,18.0,0.516,2.5,6.1,0.419,6.7,11.9,0.565,0.586,5.3,5.9,0.889,0.5,6.4,6.8,5.4,0.7,1.8,3.0,2.0,26.4,0.0,66.0,1010.0,0.065,68.0,34.2,26.4,6.8,5.4,0.7,1.8,0.516,0.419,0.889,10.4,0.215,68.0,68.0,2325.0,630.0,1222.0,0.516,173.0,413.0,0.419,457.0,809.0,0.565,0.586,359.0,404.0,0.889,31.0,433.0,464.0,366.0,50.0,119.0,207.0,133.0,1792.0,2.0,26.0,0.64,0.338,0.331,1.6,19.5,11.2,25.5,1.0,4.0,12.9,30.4,7.5,2.9,10.4,0.215,6.7,0.6,7.3,5.5,0.0,2018
7,Russell Westbrook,36.4,9.5,21.1,0.449,1.2,4.1,0.298,8.3,17.0,0.485,0.477,5.2,7.1,0.737,1.9,8.2,10.1,10.3,1.8,0.3,4.8,2.5,25.4,0.0,76.0,1010.0,0.075,80.0,36.4,25.4,10.1,10.3,1.8,0.3,0.449,0.298,0.737,10.1,0.166,80.0,80.0,2914.0,757.0,1687.0,0.449,97.0,326.0,0.298,660.0,1361.0,0.485,0.477,417.0,566.0,0.737,152.0,652.0,804.0,820.0,147.0,20.0,381.0,200.0,2028.0,25.0,24.7,0.524,0.193,0.336,5.6,25.7,15.3,49.8,2.5,0.6,16.4,34.1,5.5,4.5,10.1,0.166,4.8,1.5,6.3,6.1,0.0,2018
8,DeMarcus Cousins,36.2,8.5,18.0,0.47,2.2,6.1,0.354,6.3,11.9,0.53,0.53,6.1,8.2,0.746,2.2,10.7,12.9,5.4,1.6,1.6,5.0,3.8,25.2,0.0,0.0,1010.0,0.0,0.0,0.0,0.0,0.0,0.0,0.0,0.0,0.0,0.0,0.0,0.0,0.0,48.0,48.0,1737.0,406.0,864.0,0.47,104.0,294.0,0.354,302.0,570.0,0.53,0.53,294.0,394.0,0.746,105.0,512.0,617.0,257.0,79.0,76.0,242.0,183.0,1210.0,3.0,22.6,0.583,0.34,0.456,6.8,30.9,19.2,23.0,2.2,3.5,18.9,31.9,1.5,3.2,4.7,0.13,2.5,2.2,4.7,2.9,0.0,2018
9,Devin Booker,34.5,8.4,19.5,0.432,2.7,7.1,0.383,5.7,12.4,0.46,0.501,5.4,6.1,0.878,0.5,4.0,4.5,4.7,0.9,0.3,3.6,3.1,24.9,0.0,0.0,1010.0,0.0,0.0,0.0,0.0,0.0,0.0,0.0,0.0,0.0,0.0,0.0,0.0,0.0,54.0,54.0,1865.0,455.0,1054.0,0.432,147.0,384.0,0.383,308.0,670.0,0.46,0.501,289.0,329.0,0.878,26.0,218.0,244.0,253.0,47.0,14.0,194.0,168.0,1346.0,0.0,18.1,0.561,0.364,0.312,1.5,12.7,7.0,24.4,1.2,0.6,13.9,31.7,1.9,0.6,2.4,0.063,2.9,-2.0,0.9,1.4,0.0,2018
10,Kyrie Irving,32.2,8.9,18.1,0.491,2.8,6.8,0.408,6.1,11.3,0.541,0.568,3.9,4.4,0.889,0.6,3.2,3.8,5.1,1.1,0.3,2.3,2.0,24.4,0.0,0.0,1010.0,0.0,0.0,0.0,0.0,0.0,0.0,0.0,0.0,0.0,0.0,0.0,0.0,0.0,60.0,60.0,1931.0,534.0,1087.0,0.491,166.0,407.0,0.408,368.0,680.0,0.541,0.568,232.0,261.0,0.889,33.0,194.0,227.0,306.0,65.0,17.0,140.0,122.0,1466.0,0.0,25.0,0.61,0.374,0.24,1.9,10.8,6.4,30.7,1.7,0.7,10.4,31.0,6.3,2.7,8.9,0.222,6.4,0.9,7.3,4.5,0.0,2018
11,LaMarcus Aldridge,33.5,9.2,18.0,0.51,0.4,1.2,0.293,8.8,16.7,0.526,0.52,4.5,5.3,0.837,3.3,5.2,8.5,2.0,0.6,1.2,1.5,2.1,23.1,0.0,6.0,1010.0,0.006,75.0,33.5,23.1,8.5,2.0,0.6,1.2,0.51,0.293,0.837,10.9,0.209,75.0,75.0,2509.0,687.0,1347.0,0.51,27.0,92.0,0.293,660.0,1255.0,0.526,0.52,334.0,399.0,0.837,246.0,389.0,635.0,152.0,43.0,90.0,111.0,161.0,1735.0,0.0,25.0,0.57,0.068,0.296,10.8,17.3,14.0,11.3,0.9,3.0,6.8,29.1,7.4,3.5,10.9,0.209,4.3,-0.4,3.9,3.7,0.0,2018
12,Victor Oladipo,34.0,8.5,17.9,0.477,2.1,5.8,0.371,6.4,12.1,0.528,0.537,3.9,4.9,0.799,0.6,4.6,5.2,4.3,2.4,0.8,2.9,2.3,23.1,0.0,2.0,1010.0,0.002,75.0,34.0,23.1,5.2,4.3,2.4,0.8,0.477,0.371,0.799,8.2,0.155,75.0,75.0,2552.0,640.0,1342.0,0.477,161.0,434.0,0.371,479.0,908.0,0.528,0.537,294.0,368.0,0.799,47.0,343.0,390.0,323.0,177.0,57.0,219.0,175.0,1735.0,0.0,23.1,0.577,0.323,0.274,2.1,15.1,8.6,21.2,3.5,2.0,12.7,30.1,4.3,4.0,8.2,0.155,4.1,1.7,5.8,5.0,0.0,2018
13,DeMar DeRozan,33.9,8.1,17.7,0.456,1.1,3.6,0.31,7.0,14.1,0.494,0.488,5.8,7.0,0.825,0.7,3.2,3.9,5.2,1.1,0.3,2.2,1.9,23.0,0.0,32.0,1010.0,0.032,80.0,33.9,23.0,3.9,5.2,1.1,0.3,0.456,0.31,0.825,9.6,0.17,80.0,80.0,2711.0,645.0,1413.0,0.456,89.0,287.0,0.31,556.0,1126.0,0.494,0.488,461.0,559.0,0.825,59.0,256.0,315.0,417.0,85.0,22.0,175.0,151.0,1840.0,0.0,21.0,0.555,0.203,0.396,2.5,10.4,6.5,25.0,1.5,0.6,9.5,29.6,6.8,2.8,9.6,0.17,3.3,-0.6,2.8,3.2,0.0,2018
14,Joel Embiid,30.3,8.1,16.8,0.483,1.0,3.4,0.308,7.0,13.4,0.527,0.514,5.7,7.4,0.769,2.3,8.7,11.0,3.2,0.6,1.8,3.7,3.3,22.9,0.0,4.0,1010.0,0.004,63.0,30.3,22.9,11.0,3.2,0.6,1.8,0.483,0.308,0.769,6.2,0.155,63.0,63.0,1912.0,510.0,1056.0,0.483,66.0,214.0,0.308,444.0,842.0,0.527,0.514,359.0,467.0,0.769,143.0,547.0,690.0,199.0,40.0,111.0,234.0,209.0,1445.0,0.0,22.9,0.573,0.203,0.442,8.4,29.7,19.4,18.0,1.0,4.8,15.6,33.4,2.3,3.8,6.2,0.155,2.0,1.3,3.3,2.6,0.0,2018
15,Kristaps Porziņģis,32.4,8.1,18.5,0.439,1.9,4.8,0.395,6.3,13.8,0.454,0.489,4.5,5.7,0.793,1.3,5.3,6.6,1.2,0.8,2.4,1.9,2.9,22.7,0.0,0.0,1010.0,0.0,0.0,0.0,0.0,0.0,0.0,0.0,0.0,0.0,0.0,0.0,0.0,0.0,48.0,48.0,1553.0,390.0,889.0,0.439,90.0,228.0,0.395,300.0,661.0,0.454,0.489,218.0,275.0,0.793,62.0,254.0,316.0,57.0,36.0,115.0,93.0,141.0,1088.0,0.0,20.4,0.539,0.256,0.309,4.4,18.1,11.3,6.2,1.1,6.4,8.4,31.0,1.4,1.8,3.2,0.099,1.9,-0.1,1.8,1.5,0.0,2018
16,Bradley Beal,36.3,8.3,18.1,0.46,2.4,6.5,0.375,5.9,11.6,0.507,0.527,3.6,4.5,0.791,0.7,3.7,4.4,4.5,1.2,0.4,2.6,2.0,22.6,0.0,0.0,1010.0,0.0,0.0,0.0,0.0,0.0,0.0,0.0,0.0,0.0,0.0,0.0,0.0,0.0,82.0,82.0,2977.0,683.0,1484.0,0.46,199.0,530.0,0.375,484.0,954.0,0.507,0.527,292.0,369.0,0.791,61.0,302.0,363.0,373.0,96.0,36.0,214.0,160.0,1857.0,0.0,18.4,0.564,0.357,0.249,2.3,11.5,6.9,21.0,1.6,1.1,11.5,27.6,4.4,2.5,6.9,0.111,2.9,-0.7,2.2,3.1,0.0,2018
17,Lou Williams,32.8,7.4,16.9,0.435,2.4,6.6,0.359,5.0,10.4,0.484,0.505,5.5,6.2,0.88,0.5,2.0,2.5,5.3,1.1,0.2,3.0,1.3,22.6,0.0,0.0,1010.0,0.0,0.0,0.0,0.0,0.0,0.0,0.0,0.0,0.0,0.0,0.0,0.0,0.0,79.0,19.0,2589.0,582.0,1337.0,0.435,186.0,518.0,0.359,396.0,819.0,0.484,0.505,432.0,491.0,0.88,40.0,158.0,198.0,417.0,85.0,19.0,234.0,106.0,1782.0,0.0,20.2,0.574,0.387,0.367,1.7,6.6,4.2,26.3,1.6,0.6,13.1,29.8,5.5,1.2,6.7,0.125,4.2,-1.8,2.3,2.8,0.0,2018
18,Jimmy Butler,36.7,7.4,15.6,0.474,1.2,3.4,0.35,6.2,12.2,0.509,0.512,6.2,7.2,0.854,1.3,4.0,5.3,4.9,2.0,0.4,1.8,1.3,22.2,0.0,5.0,1010.0,0.005,59.0,36.7,22.2,5.3,4.9,2.0,0.4,0.474,0.35,0.854,8.9,0.198,59.0,59.0,2164.0,437.0,921.0,0.474,70.0,200.0,0.35,367.0,721.0,0.509,0.512,363.0,425.0,0.854,79.0,235.0,314.0,288.0,116.0,24.0,108.0,78.0,1307.0,0.0,23.7,0.59,0.217,0.461,4.2,12.7,8.4,20.6,2.7,1.0,8.9,24.9,7.1,1.8,8.9,0.198,5.0,0.7,5.8,4.2,0.0,2018
19,Kemba Walker,34.2,7.4,17.0,0.431,2.9,7.5,0.384,4.5,9.5,0.469,0.516,4.5,5.3,0.864,0.4,2.7,3.1,5.6,1.1,0.3,2.2,1.2,22.1,0.0,0.0,1010.0,0.0,0.0,0.0,0.0,0.0,0.0,0.0,0.0,0.0,0.0,0.0,0.0,0.0,80.0,80.0,2736.0,588.0,1363.0,0.431,231.0,601.0,0.384,357.0,762.0,0.469,0.516,363.0,420.0,0.864,32.0,216.0,248.0,444.0,91.0,24.0,179.0,98.0,1770.0,0.0,20.6,0.572,0.441,0.308,1.2,8.7,4.9,27.4,1.6,0.7,10.4,27.4,6.5,2.0,8.6,0.15,4.7,-0.7,4.0,4.2,0.0,2018
20,Paul George,36.6,7.3,17.0,0.43,3.1,7.7,0.401,4.2,9.3,0.454,0.521,4.3,5.2,0.822,0.9,4.7,5.7,3.3,2.0,0.5,2.7,2.9,21.9,0.0,0.0,1010.0,0.0,0.0,0.0,0.0,0.0,0.0,0.0,0.0,0.0,0.0,0.0,0.0,0.0,79.0,79.0,2891.0,576.0,1340.0,0.43,244.0,609.0,0.401,332.0,731.0,0.454,0.521,338.0,411.0,0.822,72.0,375.0,447.0,263.0,161.0,39.0,212.0,233.0,1734.0,0.0,18.7,0.57,0.454,0.307,2.7,14.9,8.6,14.5,2.8,1.2,12.2,25.7,5.0,3.9,8.9,0.147,2.3,0.6,2.9,3.6,0.0,2018
21,Blake Griffin,34.0,7.5,17.2,0.438,1.9,5.6,0.345,5.6,11.6,0.482,0.493,4.5,5.7,0.785,1.3,6.1,7.4,5.8,0.7,0.3,2.8,2.4,21.4,0.0,0.0,1010.0,0.0,0.0,0.0,0.0,0.0,0.0,0.0,0.0,0.0,0.0,0.0,0.0,0.0,58.0,58.0,1970.0,436.0,996.0,0.438,111.0,322.0,0.345,325.0,674.0,0.482,0.493,259.0,330.0,0.785,73.0,355.0,428.0,334.0,41.0,18.0,165.0,139.0,1242.0,3.0,19.6,0.544,0.323,0.331,4.1,19.8,12.0,28.1,1.0,0.8,12.6,28.9,3.2,1.8,4.9,0.12,3.6,-0.2,3.4,2.7,0.0,2018
22,CJ McCollum,36.1,8.2,18.6,0.443,2.3,5.9,0.397,5.9,12.7,0.465,0.506,2.6,3.1,0.836,0.7,3.3,4.0,3.4,1.0,0.4,1.9,2.1,21.4,0.0,0.0,1010.0,0.0,0.0,0.0,0.0,0.0,0.0,0.0,0.0,0.0,0.0,0.0,0.0,0.0,81.0,81.0,2923.0,667.0,1505.0,0.443,189.0,476.0,0.397,478.0,1029.0,0.465,0.506,209.0,250.0,0.836,53.0,268.0,321.0,272.0,77.0,35.0,151.0,168.0,1732.0,0.0,17.0,0.536,0.316,0.166,2.0,9.9,6.0,15.8,1.3,1.0,8.6,26.5,3.7,2.9,6.6,0.108,1.8,-0.5,1.2,2.4,0.0,2018
23,Karl-Anthony Towns,35.6,7.8,14.3,0.545,1.5,3.5,0.421,6.3,10.8,0.585,0.596,4.2,4.9,0.858,2.9,9.4,12.3,2.4,0.8,1.4,1.9,3.5,21.3,0.0,0.0,1010.0,0.0,0.0,0.0,0.0,0.0,0.0,0.0,0.0,0.0,0.0,0.0,0.0,0.0,82.0,82.0,2918.0,639.0,1172.0,0.545,120.0,285.0,0.421,519.0,887.0,0.585,0.596,345.0,402.0,0.858,238.0,774.0,1012.0,199.0,64.0,115.0,159.0,285.0,1743.0,0.0,24.9,0.646,0.243,0.343,9.3,30.9,20.0,10.8,1.1,3.5,10.5,22.9,10.6,3.4,14.0,0.23,4.9,0.2,5.1,5.2,0.0,2018
24,Donovan Mitchell,33.4,7.5,17.2,0.437,2.4,7.0,0.34,5.2,10.3,0.502,0.506,3.0,3.8,0.805,0.7,3.1,3.7,3.7,1.5,0.3,2.7,2.7,20.5,0.0,0.0,1010.0,0.0,0.0,0.0,0.0,0.0,0.0,0.0,0.0,0.0,0.0,0.0,0.0,0.0,79.0,71.0,2638.0,595.0,1362.0,0.437,187.0,550.0,0.34,408.0,812.0,0.502,0.506,239.0,297.0,0.805,52.0,244.0,296.0,291.0,118.0,27.0,215.0,213.0,1616.0,0.0,16.7,0.541,0.404,0.218,2.3,10.4,6.4,19.4,2.2,0.9,12.6,29.1,1.4,3.8,5.2,0.095,0.9,0.3,1.2,2.2,0.0,2018
25,MarShon Brooks,27.6,7.3,14.6,0.5,2.7,4.6,0.594,4.6,10.0,0.457,0.593,2.9,3.3,0.87,1.1,1.9,3.0,3.6,1.6,0.4,2.3,0.9,20.1,0.0,0.0,1010.0,0.0,0.0,0.0,0.0,0.0,0.0,0.0,0.0,0.0,0.0,0.0,0.0,0.0,7.0,1.0,193.0,51.0,102.0,0.5,19.0,32.0,0.594,32.0,70.0,0.457,0.593,20.0,23.0,0.87,8.0,13.0,21.0,25.0,11.0,3.0,16.0,6.0,141.0,0.0,26.1,0.629,0.314,0.225,4.7,8.0,6.3,25.9,2.9,1.5,12.5,29.8,0.6,0.2,0.7,0.179,7.5,-0.4,7.1,0.4,0.0,2018
26,Khris Middleton,36.4,7.2,15.5,0.466,1.8,5.0,0.359,5.5,10.5,0.517,0.524,3.9,4.4,0.884,0.5,4.7,5.2,4.0,1.5,0.3,2.3,3.3,20.1,0.0,0.0,1010.0,0.0,0.0,0.0,0.0,0.0,0.0,0.0,0.0,0.0,0.0,0.0,0.0,0.0,82.0,82.0,2982.0,593.0,1272.0,0.466,146.0,407.0,0.359,447.0,865.0,0.517,0.524,320.0,362.0,0.884,45.0,384.0,429.0,328.0,119.0,21.0,191.0,270.0,1652.0,1.0,17.4,0.577,0.32,0.285,1.8,15.0,8.4,17.7,2.0,0.6,11.8,24.6,4.6,2.3,6.9,0.111,0.8,-0.8,0.0,1.5,0.0,2018
27,Klay Thompson,34.3,7.9,16.2,0.488,3.1,7.1,0.44,4.7,9.0,0.526,0.585,1.1,1.3,0.837,0.4,3.4,3.8,2.5,0.8,0.5,1.8,1.6,20.0,0.0,0.0,1010.0,0.0,0.0,0.0,0.0,0.0,0.0,0.0,0.0,0.0,0.0,0.0,0.0,0.0,73.0,73.0,2506.0,575.0,1179.0,0.488,229.0,521.0,0.44,346.0,658.0,0.526,0.585,82.0,98.0,0.837,31.0,246.0,277.0,185.0,55.0,34.0,128.0,117.0,1461.0,0.0,16.0,0.598,0.442,0.083,1.5,10.3,6.2,11.2,1.1,1.1,9.5,23.7,3.1,1.8,4.9,0.094,1.7,-2.1,-0.4,1.0,0.0,2018
28,T.J. Warren,33.0,8.1,16.4,0.498,0.3,1.4,0.222,7.8,15.0,0.523,0.507,3.0,3.9,0.757,1.9,3.2,5.1,1.3,1.0,0.6,1.3,2.3,19.6,0.0,0.0,1010.0,0.0,0.0,0.0,0.0,0.0,0.0,0.0,0.0,0.0,0.0,0.0,0.0,0.0,65.0,65.0,2142.0,529.0,1063.0,0.498,20.0,90.0,0.222,509.0,973.0,0.523,0.507,193.0,255.0,0.757,125.0,208.0,333.0,85.0,65.0,41.0,85.0,149.0,1271.0,0.0,17.6,0.541,0.085,0.24,6.1,10.5,8.3,7.2,1.5,1.5,6.7,24.9,2.6,0.8,3.4,0.077,0.8,-1.6,-0.7,0.7,0.0,2018
29,Tyreke Evans,30.9,7.0,15.6,0.452,2.2,5.5,0.399,4.8,10.1,0.482,0.523,3.2,4.0,0.785,0.8,4.3,5.1,5.2,1.1,0.3,2.3,1.8,19.4,0.0,0.0,1010.0,0.0,0.0,0.0,0.0,0.0,0.0,0.0,0.0,0.0,0.0,0.0,0.0,0.0,52.0,32.0,1607.0,366.0,809.0,0.452,114.0,286.0,0.399,252.0,523.0,0.482,0.523,164.0,209.0,0.785,44.0,221.0,265.0,269.0,57.0,17.0,117.0,96.0,1010.0,0.0,21.1,0.561,0.354,0.258,3.1,16.3,9.5,31.2,1.8,1.0,11.5,28.4,3.1,1.2,4.2,0.126,4.9,-0.5,4.5,2.6,0.0,2018
30,Dennis Schröder,31.0,7.5,17.1,0.436,1.1,3.9,0.29,6.3,13.2,0.48,0.469,3.4,4.0,0.849,0.7,2.4,3.1,6.2,1.1,0.1,2.7,2.2,19.4,0.0,0.0,1010.0,0.0,0.0,0.0,0.0,0.0,0.0,0.0,0.0,0.0,0.0,0.0,0.0,0.0,67.0,67.0,2078.0,500.0,1146.0,0.436,76.0,262.0,0.29,424.0,884.0,0.48,0.469,225.0,265.0,0.849,44.0,164.0,208.0,417.0,72.0,6.0,183.0,147.0,1301.0,0.0,17.3,0.515,0.229,0.231,2.4,8.8,5.6,36.2,1.7,0.2,12.7,30.4,1.5,1.0,2.6,0.059,1.2,-1.9,-0.6,0.7,0.0,2018
31,John Wall,34.4,6.8,16.3,0.42,1.5,4.1,0.371,5.3,12.2,0.436,0.466,4.3,5.9,0.726,0.5,3.1,3.7,9.6,1.4,1.1,3.9,2.0,19.4,0.0,0.0,1010.0,0.0,0.0,0.0,0.0,0.0,0.0,0.0,0.0,0.0,0.0,0.0,0.0,0.0,41.0,41.0,1410.0,280.0,667.0,0.42,62.0,167.0,0.371,218.0,500.0,0.436,0.466,175.0,241.0,0.726,22.0,128.0,150.0,393.0,57.0,45.0,158.0,80.0,797.0,0.0,19.1,0.515,0.25,0.361,1.8,10.2,6.0,44.5,2.0,2.8,17.0,29.1,1.2,1.5,2.7,0.092,3.5,-0.5,3.0,1.8,0.0,2018
32,Jrue Holiday,36.1,7.6,15.4,0.494,1.5,4.4,0.337,6.1,11.0,0.557,0.543,2.3,2.9,0.786,0.8,3.7,4.5,6.0,1.5,0.8,2.6,2.5,19.0,0.0,0.0,1010.0,0.0,0.0,0.0,0.0,0.0,0.0,0.0,0.0,0.0,0.0,0.0,0.0,0.0,81.0,81.0,2927.0,615.0,1244.0,0.494,120.0,356.0,0.337,495.0,888.0,0.557,0.543,187.0,238.0,0.786,62.0,303.0,365.0,486.0,123.0,64.0,213.0,201.0,1537.0,1.0,17.8,0.57,0.286,0.191,2.4,10.8,6.8,24.9,2.0,1.7,13.6,23.1,4.2,2.9,7.1,0.116,1.3,0.3,1.6,2.7,0.0,2018
33,Harrison Barnes,34.2,7.0,15.7,0.445,1.5,4.3,0.357,5.4,11.4,0.478,0.494,3.4,4.1,0.827,1.0,5.1,6.1,2.0,0.6,0.2,1.5,1.2,18.9,0.0,0.0,1010.0,0.0,0.0,0.0,0.0,0.0,0.0,0.0,0.0,0.0,0.0,0.0,0.0,0.0,77.0,77.0,2634.0,537.0,1208.0,0.445,119.0,333.0,0.357,418.0,875.0,0.478,0.494,259.0,313.0,0.827,77.0,391.0,468.0,152.0,49.0,14.0,118.0,94.0,1452.0,0.0,15.8,0.539,0.276,0.259,3.1,17.1,9.9,9.9,0.9,0.5,8.1,25.2,2.0,1.9,3.8,0.07,0.8,-1.3,-0.5,1.0,0.0,2018
34,Tobias Harris,33.4,7.0,15.3,0.46,2.3,5.6,0.411,4.7,9.7,0.488,0.535,2.2,2.7,0.829,0.7,4.7,5.5,2.4,0.9,0.4,1.3,2.1,18.6,0.0,0.0,1010.0,0.0,0.0,0.0,0.0,0.0,0.0,0.0,0.0,0.0,0.0,0.0,0.0,0.0,80.0,80.0,2668.0,562.0,1221.0,0.46,183.0,445.0,0.411,379.0,776.0,0.488,0.535,179.0,216.0,0.829,58.0,379.0,437.0,192.0,71.0,35.0,105.0,164.0,1486.0,0.0,17.1,0.565,0.364,0.177,2.4,15.7,9.0,11.8,1.3,1.1,7.4,23.3,4.2,2.5,6.7,0.12,2.3,-0.4,1.9,2.6,0.0,2018
35,Chris Paul,31.8,6.3,13.8,0.46,2.5,6.5,0.38,3.8,7.2,0.532,0.55,3.5,3.8,0.919,0.6,4.8,5.4,7.9,1.7,0.2,2.2,2.4,18.6,0.0,0.0,1010.0,0.0,0.0,0.0,0.0,0.0,0.0,0.0,0.0,0.0,0.0,0.0,0.0,0.0,58.0,58.0,1847.0,367.0,798.0,0.46,144.0,379.0,0.38,223.0,419.0,0.532,0.55,203.0,221.0,0.919,37.0,276.0,313.0,457.0,96.0,14.0,128.0,141.0,1081.0,1.0,24.4,0.604,0.475,0.277,2.3,16.7,9.5,40.9,2.6,0.6,12.5,24.5,7.5,2.7,10.2,0.265,5.2,1.8,7.1,4.2,0.0,2018
36,Nikola Jokić,32.6,6.7,13.5,0.499,1.5,3.7,0.396,5.2,9.7,0.538,0.554,3.5,4.2,0.85,2.6,8.1,10.7,6.1,1.2,0.8,2.8,2.8,18.5,0.0,0.0,1010.0,0.0,0.0,0.0,0.0,0.0,0.0,0.0,0.0,0.0,0.0,0.0,0.0,0.0,75.0,73.0,2443.0,504.0,1010.0,0.499,111.0,280.0,0.396,393.0,730.0,0.538,0.554,266.0,313.0,0.85,195.0,608.0,803.0,458.0,90.0,61.0,210.0,212.0,1385.0,10.0,24.4,0.603,0.277,0.31,9.0,27.9,18.5,29.6,1.8,2.1,15.5,24.2,7.8,2.9,10.7,0.211,5.3,1.6,6.9,5.5,0.0,2018
37,Eric Gordon,31.2,6.0,14.1,0.428,3.2,8.8,0.359,2.9,5.2,0.544,0.54,2.8,3.5,0.809,0.4,2.1,2.5,2.2,0.6,0.4,1.9,1.7,18.0,0.0,0.0,1010.0,0.0,0.0,0.0,0.0,0.0,0.0,0.0,0.0,0.0,0.0,0.0,0.0,0.0,69.0,30.0,2154.0,415.0,970.0,0.428,218.0,608.0,0.359,197.0,362.0,0.544,0.54,195.0,241.0,0.809,25.0,145.0,170.0,154.0,44.0,27.0,130.0,116.0,1243.0,0.0,15.2,0.578,0.627,0.248,1.3,7.5,4.4,11.7,1.0,1.1,10.8,24.7,2.9,1.8,4.7,0.105,2.0,-1.6,0.4,1.3,0.0,2018
38,Jeremy Lin,25.0,5.0,12.0,0.417,1.0,2.0,0.5,4.0,10.0,0.4,0.458,7.0,7.0,1.0,0.0,0.0,0.0,4.0,0.0,0.0,3.0,3.0,18.0,0.0,0.0,1010.0,0.0,0.0,0.0,0.0,0.0,0.0,0.0,0.0,0.0,0.0,0.0,0.0,0.0,1.0,1.0,25.0,5.0,12.0,0.417,1.0,2.0,0.5,4.0,10.0,0.4,0.458,7.0,7.0,1.0,0.0,0.0,0.0,4.0,0.0,0.0,3.0,3.0,18.0,0.0,15.9,0.597,0.167,0.583,0.0,0.0,0.0,27.1,0.0,0.0,16.6,31.3,0.0,0.0,0.0,0.087,-1.0,-4.4,-5.4,0.0,0.0,2018
39,Evan Fournier,32.2,6.5,14.1,0.459,2.2,5.9,0.379,4.2,8.2,0.516,0.538,2.6,3.0,0.867,0.4,2.8,3.2,2.9,0.8,0.3,1.7,2.4,17.8,0.0,0.0,1010.0,0.0,0.0,0.0,0.0,0.0,0.0,0.0,0.0,0.0,0.0,0.0,0.0,0.0,57.0,57.0,1837.0,368.0,802.0,0.459,127.0,335.0,0.379,241.0,467.0,0.516,0.538,150.0,173.0,0.867,23.0,157.0,180.0,165.0,47.0,16.0,95.0,138.0,1013.0,0.0,15.5,0.577,0.418,0.216,1.4,9.5,5.4,14.8,1.3,0.7,9.8,23.3,2.4,0.9,3.3,0.087,0.8,-1.4,-0.6,0.7,0.0,2018
40,Eric Bledsoe,31.4,6.3,13.4,0.473,1.7,4.9,0.347,4.6,8.5,0.545,0.536,3.4,4.3,0.795,0.7,3.1,3.8,5.0,2.0,0.6,2.9,2.5,17.7,0.0,0.0,1010.0,0.0,0.0,0.0,0.0,0.0,0.0,0.0,0.0,0.0,0.0,0.0,0.0,0.0,74.0,74.0,2322.0,468.0,989.0,0.473,125.0,360.0,0.347,343.0,629.0,0.545,0.536,252.0,317.0,0.795,51.0,233.0,284.0,370.0,149.0,42.0,216.0,185.0,1313.0,1.0,19.7,0.582,0.364,0.321,2.6,11.7,7.1,25.7,3.2,1.5,16.1,26.1,3.1,2.5,5.6,0.116,2.3,0.3,2.5,2.6,0.0,2018
41,Andrew Wiggins,36.3,6.9,15.9,0.438,1.4,4.1,0.331,5.6,11.7,0.475,0.481,2.5,3.8,0.643,1.0,3.4,4.4,2.0,1.1,0.6,1.7,2.0,17.7,0.0,0.0,1010.0,0.0,0.0,0.0,0.0,0.0,0.0,0.0,0.0,0.0,0.0,0.0,0.0,0.0,82.0,82.0,2979.0,569.0,1300.0,0.438,112.0,338.0,0.331,457.0,962.0,0.475,0.481,202.0,314.0,0.643,82.0,276.0,358.0,160.0,91.0,51.0,138.0,163.0,1452.0,0.0,13.0,0.505,0.26,0.242,3.1,10.8,6.9,8.2,1.5,1.5,8.8,23.4,0.5,1.6,2.1,0.034,-0.8,-1.7,-2.4,-0.3,0.0,2018
42,Aaron Gordon,32.9,6.5,14.9,0.434,2.0,5.9,0.336,4.5,9.0,0.497,0.5,2.7,3.9,0.698,1.5,6.4,7.9,2.3,1.0,0.8,1.8,1.9,17.6,0.0,0.0,1010.0,0.0,0.0,0.0,0.0,0.0,0.0,0.0,0.0,0.0,0.0,0.0,0.0,0.0,58.0,57.0,1909.0,375.0,865.0,0.434,115.0,342.0,0.336,260.0,523.0,0.497,0.5,157.0,225.0,0.698,87.0,370.0,457.0,136.0,59.0,45.0,107.0,111.0,1022.0,0.0,16.5,0.53,0.395,0.26,5.0,21.5,13.2,11.7,1.5,1.9,10.0,24.7,0.9,2.0,2.9,0.072,0.9,-0.6,0.3,1.1,0.0,2018
43,Kevin Love,28.0,5.7,12.4,0.458,2.3,5.6,0.415,3.3,6.8,0.494,0.552,4.0,4.5,0.88,1.7,7.5,9.3,1.7,0.7,0.4,1.5,2.0,17.6,0.0,0.0,1010.0,0.0,0.0,0.0,0.0,0.0,0.0,0.0,0.0,0.0,0.0,0.0,0.0,0.0,59.0,59.0,1651.0,334.0,729.0,0.458,137.0,330.0,0.415,197.0,399.0,0.494,0.552,234.0,266.0,0.88,101.0,445.0,546.0,103.0,43.0,24.0,90.0,120.0,1039.0,0.0,22.4,0.614,0.453,0.365,7.0,29.8,18.6,9.8,1.3,1.2,9.6,25.1,4.7,1.6,6.4,0.185,4.5,-1.3,3.3,2.2,0.0,2018
44,Tim Hardaway Jr.,33.1,6.3,15.0,0.421,2.3,7.2,0.317,4.0,7.8,0.516,0.496,2.6,3.1,0.816,0.6,3.4,3.9,2.7,1.1,0.2,1.6,2.2,17.5,0.0,0.0,1010.0,0.0,0.0,0.0,0.0,0.0,0.0,0.0,0.0,0.0,0.0,0.0,0.0,0.0,57.0,54.0,1885.0,360.0,856.0,0.421,130.0,410.0,0.317,230.0,446.0,0.516,0.496,146.0,179.0,0.816,32.0,192.0,224.0,155.0,62.0,10.0,92.0,123.0,996.0,0.0,14.4,0.533,0.479,0.209,1.9,11.3,6.6,12.7,1.6,0.5,9.0,23.8,1.6,1.1,2.6,0.067,0.5,-1.1,-0.6,0.7,0.0,2018
45,Gary Harris,34.4,6.6,13.6,0.485,2.3,5.9,0.396,4.2,7.7,0.553,0.57,2.0,2.4,0.827,0.6,2.1,2.6,2.9,1.8,0.2,1.8,1.8,17.5,0.0,0.0,1010.0,0.0,0.0,0.0,0.0,0.0,0.0,0.0,0.0,0.0,0.0,0.0,0.0,0.0,67.0,65.0,2304.0,440.0,908.0,0.485,156.0,394.0,0.396,284.0,514.0,0.553,0.57,134.0,162.0,0.827,37.0,139.0,176.0,194.0,122.0,15.0,119.0,119.0,1170.0,0.0,16.5,0.597,0.434,0.178,1.8,6.8,4.3,13.0,2.6,0.5,10.8,20.7,3.9,1.5,5.5,0.114,1.0,-0.2,0.8,1.7,0.0,2018
46,Goran Dragić,31.7,6.5,14.3,0.45,1.5,4.0,0.37,5.0,10.3,0.481,0.502,2.9,3.6,0.801,0.7,3.4,4.1,4.8,0.8,0.2,2.2,2.4,17.3,0.0,0.0,1010.0,0.0,0.0,0.0,0.0,0.0,0.0,0.0,0.0,0.0,0.0,0.0,0.0,0.0,75.0,75.0,2378.0,484.0,1075.0,0.45,111.0,300.0,0.37,373.0,775.0,0.481,0.502,217.0,271.0,0.801,54.0,252.0,306.0,359.0,63.0,12.0,166.0,180.0,1296.0,0.0,16.6,0.543,0.279,0.252,2.5,11.9,7.2,25.4,1.3,0.4,12.2,25.7,2.9,2.3,5.3,0.106,0.9,-0.6,0.3,1.4,0.0,2018
47,Marc Gasol,33.0,5.9,14.2,0.42,1.5,4.4,0.341,4.5,9.8,0.456,0.473,3.8,4.6,0.834,1.1,7.0,8.1,4.2,0.7,1.4,2.7,2.5,17.2,0.0,0.0,1010.0,0.0,0.0,0.0,0.0,0.0,0.0,0.0,0.0,0.0,0.0,0.0,0.0,0.0,73.0,73.0,2408.0,434.0,1033.0,0.42,109.0,320.0,0.341,325.0,713.0,0.456,0.473,281.0,337.0,0.834,78.0,514.0,592.0,305.0,54.0,101.0,194.0,185.0,1258.0,1.0,17.4,0.532,0.31,0.326,3.7,25.3,14.2,21.7,1.1,3.9,14.1,25.6,1.5,2.6,4.0,0.08,1.7,0.6,2.3,2.7,0.0,2018
48,Mike Conley,31.1,5.3,14.0,0.381,2.0,6.4,0.312,3.3,7.6,0.44,0.452,4.4,5.5,0.803,0.0,2.3,2.3,4.1,1.0,0.3,1.5,2.0,17.1,0.0,0.0,1010.0,0.0,0.0,0.0,0.0,0.0,0.0,0.0,0.0,0.0,0.0,0.0,0.0,0.0,12.0,12.0,373.0,64.0,168.0,0.381,24.0,77.0,0.312,40.0,91.0,0.44,0.452,53.0,66.0,0.803,0.0,27.0,27.0,49.0,12.0,3.0,18.0,24.0,205.0,0.0,15.4,0.52,0.458,0.393,0.0,8.6,4.2,22.2,1.6,0.8,8.4,25.9,0.4,0.2,0.6,0.077,1.3,-0.8,0.5,0.2,0.0,2018
49,JJ Redick,30.2,5.8,12.6,0.46,2.8,6.6,0.42,3.0,6.0,0.504,0.569,2.8,3.1,0.904,0.1,2.4,2.5,3.0,0.5,0.1,1.5,1.8,17.1,0.0,0.0,1010.0,0.0,0.0,0.0,0.0,0.0,0.0,0.0,0.0,0.0,0.0,0.0,0.0,0.0,70.0,70.0,2116.0,404.0,879.0,0.46,193.0,460.0,0.42,211.0,419.0,0.504,0.569,197.0,218.0,0.904,9.0,169.0,178.0,210.0,35.0,6.0,103.0,123.0,1198.0,0.0,15.9,0.614,0.523,0.248,0.5,8.3,4.5,15.1,0.8,0.2,9.6,21.7,4.8,1.8,6.6,0.15,2.2,-1.1,1.1,1.7,0.0,2018
50,Zach LaVine,27.3,5.7,14.8,0.383,1.8,5.1,0.341,3.9,9.7,0.405,0.442,3.6,4.5,0.813,0.4,3.5,3.9,3.0,1.0,0.2,1.8,2.3,16.7,0.0,0.0,1010.0,0.0,0.0,0.0,0.0,0.0,0.0,0.0,0.0,0.0,0.0,0.0,0.0,0.0,24.0,24.0,656.0,136.0,355.0,0.383,42.0,123.0,0.341,94.0,232.0,0.405,0.442,87.0,107.0,0.813,9.0,85.0,94.0,72.0,24.0,4.0,43.0,55.0,401.0,0.0,14.6,0.499,0.346,0.301,1.4,14.4,7.7,18.6,1.8,0.5,9.7,29.5,-0.1,0.5,0.3,0.025,-0.8,-1.5,-2.3,-0.1,0.0,2018
51,Jamal Murray,31.7,5.9,13.1,0.451,2.0,5.4,0.378,3.9,7.7,0.502,0.529,2.8,3.1,0.905,1.0,2.7,3.7,3.4,1.0,0.3,2.1,2.1,16.7,0.0,0.0,1010.0,0.0,0.0,0.0,0.0,0.0,0.0,0.0,0.0,0.0,0.0,0.0,0.0,0.0,81.0,80.0,2565.0,479.0,1062.0,0.451,165.0,436.0,0.378,314.0,626.0,0.502,0.529,229.0,253.0,0.905,82.0,215.0,297.0,274.0,79.0,28.0,172.0,173.0,1352.0,0.0,16.1,0.576,0.411,0.238,3.6,9.4,6.5,16.4,1.5,0.9,12.8,22.8,4.3,1.2,5.5,0.103,1.2,-1.5,-0.3,1.1,0.0,2018
52,Dwight Howard,30.4,6.2,11.2,0.555,0.0,0.1,0.143,6.2,11.2,0.559,0.556,4.1,7.2,0.574,3.1,9.3,12.5,1.3,0.6,1.6,2.6,3.1,16.6,0.0,0.0,1010.0,0.0,0.0,0.0,0.0,0.0,0.0,0.0,0.0,0.0,0.0,0.0,0.0,0.0,81.0,81.0,2463.0,506.0,911.0,0.555,1.0,7.0,0.143,505.0,904.0,0.559,0.556,334.0,582.0,0.574,255.0,757.0,1012.0,105.0,48.0,131.0,208.0,249.0,1347.0,0.0,20.5,0.577,0.008,0.639,11.0,33.8,22.2,7.1,1.0,4.4,15.1,24.2,2.9,3.9,6.8,0.132,-0.3,0.1,-0.1,1.2,0.0,2018
53,Nikola Vučević,29.5,7.0,14.7,0.475,1.1,3.6,0.314,5.9,11.2,0.527,0.513,1.4,1.6,0.819,1.8,7.4,9.2,3.4,1.0,1.1,1.9,2.5,16.5,0.0,0.0,1010.0,0.0,0.0,0.0,0.0,0.0,0.0,0.0,0.0,0.0,0.0,0.0,0.0,0.0,57.0,57.0,1683.0,399.0,840.0,0.475,64.0,204.0,0.314,335.0,636.0,0.527,0.513,77.0,94.0,0.819,101.0,422.0,523.0,191.0,56.0,62.0,109.0,144.0,939.0,1.0,19.7,0.533,0.243,0.112,6.6,27.8,17.1,19.9,1.6,3.0,11.0,25.9,1.3,2.3,3.6,0.102,1.7,1.0,2.7,2.0,0.0,2018
54,Carmelo Anthony,32.1,6.1,15.0,0.404,2.2,6.1,0.357,3.9,8.9,0.437,0.476,1.9,2.5,0.767,0.9,4.9,5.8,1.3,0.6,0.6,1.3,2.5,16.2,0.0,0.0,1010.0,0.0,0.0,0.0,0.0,0.0,0.0,0.0,0.0,0.0,0.0,0.0,0.0,0.0,78.0,78.0,2501.0,472.0,1168.0,0.404,169.0,474.0,0.357,303.0,694.0,0.437,0.476,148.0,193.0,0.767,67.0,386.0,453.0,103.0,47.0,49.0,99.0,197.0,1261.0,0.0,12.7,0.503,0.406,0.165,2.9,17.7,10.0,6.5,0.9,1.8,7.3,23.2,1.2,2.5,3.7,0.071,-0.6,-1.3,-1.9,0.0,0.0,2018
55,Kawhi Leonard,23.3,5.8,12.3,0.468,1.2,3.9,0.314,4.6,8.4,0.539,0.518,3.4,4.2,0.816,0.7,4.0,4.7,2.3,2.0,1.0,1.8,1.0,16.2,0.0,0.0,1010.0,0.0,0.0,0.0,0.0,0.0,0.0,0.0,0.0,0.0,0.0,0.0,0.0,0.0,9.0,9.0,210.0,52.0,111.0,0.468,11.0,35.0,0.314,41.0,76.0,0.539,0.518,31.0,38.0,0.816,6.0,36.0,42.0,21.0,18.0,9.0,16.0,9.0,146.0,0.0,26.0,0.572,0.315,0.342,3.1,19.1,11.1,17.7,4.3,3.6,11.1,30.6,0.3,0.5,0.9,0.196,5.2,4.9,10.1,0.6,0.0,2018
56,Kyle Lowry,32.2,5.2,12.1,0.427,3.1,7.6,0.399,2.1,4.5,0.474,0.553,2.9,3.3,0.854,0.8,4.7,5.6,6.9,1.1,0.2,2.3,2.5,16.2,0.0,0.0,1010.0,0.0,0.0,0.0,0.0,0.0,0.0,0.0,0.0,0.0,0.0,0.0,0.0,0.0,78.0,78.0,2510.0,403.0,944.0,0.427,238.0,596.0,0.399,165.0,348.0,0.474,0.553,223.0,261.0,0.854,66.0,368.0,434.0,537.0,85.0,19.0,183.0,192.0,1267.0,3.0,19.5,0.598,0.631,0.276,3.0,16.1,9.7,30.9,1.7,0.6,14.7,21.7,7.0,3.1,10.2,0.194,4.7,0.5,5.2,4.5,0.0,2018
57,Brandon Ingram,33.5,6.1,12.9,0.47,0.7,1.8,0.39,5.4,11.1,0.483,0.497,3.3,4.8,0.681,1.0,4.4,5.3,3.9,0.8,0.7,2.5,2.8,16.1,0.0,0.0,1010.0,0.0,0.0,0.0,0.0,0.0,0.0,0.0,0.0,0.0,0.0,0.0,0.0,0.0,59.0,59.0,1975.0,358.0,761.0,0.47,41.0,105.0,0.39,317.0,656.0,0.483,0.497,192.0,282.0,0.681,57.0,257.0,314.0,230.0,45.0,43.0,149.0,163.0,949.0,0.0,13.8,0.536,0.138,0.371,3.1,13.8,8.5,17.7,1.1,1.8,14.4,22.2,1.0,1.8,2.8,0.068,-0.9,-0.3,-1.2,0.4,0.0,2018
58,Kyle Kuzma,31.2,6.1,13.5,0.45,2.1,5.6,0.366,4.0,7.9,0.511,0.527,1.9,2.7,0.707,1.1,5.1,6.3,1.8,0.6,0.4,1.8,2.1,16.1,0.0,0.0,1010.0,0.0,0.0,0.0,0.0,0.0,0.0,0.0,0.0,0.0,0.0,0.0,0.0,0.0,77.0,37.0,2401.0,468.0,1039.0,0.45,159.0,434.0,0.366,309.0,605.0,0.511,0.527,147.0,208.0,0.707,88.0,395.0,483.0,141.0,49.0,34.0,140.0,160.0,1242.0,0.0,14.2,0.549,0.418,0.2,3.9,17.4,10.7,9.1,1.0,1.1,11.0,22.5,1.5,2.3,3.8,0.077,0.3,-1.0,-0.7,0.8,0.0,2018
59,Julius Randle,26.7,6.1,11.0,0.558,0.1,0.5,0.222,6.0,10.5,0.575,0.563,3.7,5.2,0.718,2.2,5.8,8.0,2.6,0.5,0.5,2.6,3.3,16.1,0.0,0.0,1010.0,0.0,0.0,0.0,0.0,0.0,0.0,0.0,0.0,0.0,0.0,0.0,0.0,0.0,82.0,49.0,2190.0,504.0,904.0,0.558,10.0,45.0,0.222,494.0,859.0,0.575,0.563,305.0,425.0,0.718,181.0,473.0,654.0,210.0,43.0,45.0,213.0,274.0,1323.0,1.0,19.9,0.606,0.05,0.47,8.9,22.8,15.9,15.8,0.9,1.7,16.3,25.3,4.0,2.6,6.6,0.145,0.6,0.0,0.6,1.4,0.0,2018
60,Ben Simmons,33.7,6.7,12.3,0.545,0.0,0.1,0.0,6.7,12.2,0.551,0.545,2.4,4.2,0.56,1.8,6.3,8.1,8.2,1.7,0.9,3.4,2.6,15.8,0.0,0.0,1010.0,0.0,0.0,0.0,0.0,0.0,0.0,0.0,0.0,0.0,0.0,0.0,0.0,0.0,81.0,81.0,2732.0,544.0,998.0,0.545,0.0,11.0,0.0,544.0,987.0,0.551,0.545,191.0,341.0,0.56,145.0,514.0,659.0,661.0,140.0,70.0,278.0,211.0,1279.0,12.0,20.0,0.557,0.011,0.342,5.9,19.5,13.0,37.4,2.5,2.1,19.5,22.3,4.2,5.0,9.2,0.162,2.0,2.5,4.5,4.5,0.0,2018
61,Will Barton,33.1,5.7,12.7,0.452,1.9,5.2,0.37,3.8,7.5,0.51,0.528,2.2,2.8,0.805,0.9,4.2,5.0,4.1,1.0,0.6,1.8,2.1,15.7,0.0,0.0,1010.0,0.0,0.0,0.0,0.0,0.0,0.0,0.0,0.0,0.0,0.0,0.0,0.0,0.0,81.0,40.0,2683.0,465.0,1028.0,0.452,156.0,422.0,0.37,309.0,606.0,0.51,0.528,182.0,226.0,0.805,70.0,339.0,409.0,331.0,82.0,52.0,149.0,168.0,1268.0,0.0,16.2,0.562,0.411,0.22,3.0,14.2,8.6,18.5,1.5,1.6,11.7,20.7,4.4,1.8,6.2,0.111,1.6,-0.4,1.1,2.1,0.0,2018
62,Nikola Mirotić,27.2,5.6,12.4,0.447,2.5,6.5,0.377,3.1,5.9,0.525,0.546,2.0,2.5,0.818,1.1,6.3,7.4,1.5,0.8,0.7,1.1,2.0,15.6,0.0,0.0,1010.0,0.0,0.0,0.0,0.0,0.0,0.0,0.0,0.0,0.0,0.0,0.0,0.0,0.0,55.0,14.0,1494.0,306.0,684.0,0.447,135.0,358.0,0.377,171.0,326.0,0.525,0.546,112.0,137.0,0.818,59.0,346.0,405.0,80.0,44.0,39.0,62.0,108.0,859.0,0.0,18.7,0.577,0.523,0.2,4.3,24.9,14.6,8.6,1.4,2.2,7.7,23.4,2.2,1.8,4.0,0.128,2.5,-0.3,2.2,1.6,0.0,2018
63,D'Angelo Russell,25.7,5.8,14.0,0.414,1.9,5.8,0.324,3.9,8.2,0.477,0.481,2.0,2.7,0.74,0.6,3.3,3.9,5.2,0.8,0.4,3.1,1.9,15.5,0.0,0.0,1010.0,0.0,0.0,0.0,0.0,0.0,0.0,0.0,0.0,0.0,0.0,0.0,0.0,0.0,48.0,35.0,1234.0,278.0,672.0,0.414,90.0,278.0,0.324,188.0,394.0,0.477,0.481,97.0,131.0,0.74,30.0,159.0,189.0,249.0,36.0,17.0,147.0,93.0,743.0,1.0,15.2,0.509,0.414,0.195,2.6,13.8,8.1,35.7,1.4,1.0,16.8,30.8,-0.5,0.9,0.4,0.014,0.8,-2.0,-1.2,0.3,0.0,2018
64,Danilo Gallinari,32.0,4.9,12.2,0.398,1.7,5.3,0.324,3.1,6.9,0.455,0.469,3.9,4.1,0.931,0.4,4.4,4.8,2.0,0.6,0.5,1.2,1.4,15.3,0.0,0.0,1010.0,0.0,0.0,0.0,0.0,0.0,0.0,0.0,0.0,0.0,0.0,0.0,0.0,0.0,21.0,21.0,671.0,102.0,256.0,0.398,36.0,111.0,0.324,66.0,145.0,0.455,0.469,81.0,87.0,0.931,9.0,92.0,101.0,41.0,12.0,10.0,26.0,30.0,321.0,0.0,13.8,0.545,0.434,0.34,1.5,14.9,8.3,8.9,0.9,1.2,8.1,20.6,0.8,0.4,1.2,0.088,0.4,-0.9,-0.5,0.3,0.0,2018
65,Isaiah Thomas,26.9,4.9,13.2,0.373,1.7,5.9,0.293,3.2,7.3,0.438,0.438,3.7,4.1,0.893,0.5,1.6,2.1,4.8,0.5,0.1,3.0,1.8,15.2,0.0,0.0,1010.0,0.0,0.0,0.0,0.0,0.0,0.0,0.0,0.0,0.0,0.0,0.0,0.0,0.0,32.0,15.0,862.0,157.0,421.0,0.373,55.0,188.0,0.293,102.0,233.0,0.438,0.438,117.0,131.0,0.893,17.0,50.0,67.0,153.0,15.0,3.0,95.0,58.0,486.0,0.0,12.6,0.508,0.447,0.311,2.2,6.3,4.2,27.1,0.8,0.3,16.6,28.8,-0.1,0.3,0.2,0.009,-0.9,-3.9,-4.9,-0.6,0.0,2018
66,Lauri Markkanen,29.7,5.5,12.7,0.434,2.1,5.9,0.362,3.4,6.8,0.497,0.518,2.1,2.4,0.843,1.2,6.3,7.5,1.2,0.6,0.6,1.2,1.5,15.2,0.0,0.0,1010.0,0.0,0.0,0.0,0.0,0.0,0.0,0.0,0.0,0.0,0.0,0.0,0.0,0.0,68.0,68.0,2020.0,374.0,862.0,0.434,145.0,401.0,0.362,229.0,461.0,0.497,0.518,140.0,166.0,0.843,79.0,429.0,508.0,79.0,39.0,40.0,83.0,103.0,1033.0,0.0,15.6,0.552,0.465,0.193,4.0,23.7,13.5,6.4,0.9,1.8,8.2,21.9,1.7,1.6,3.3,0.079,1.0,-1.2,-0.2,0.9,0.0,2018
67,Dennis Smith Jr.,29.7,5.9,14.8,0.395,1.5,4.9,0.313,4.3,9.9,0.435,0.446,1.9,2.8,0.694,0.7,3.0,3.8,5.2,1.0,0.3,2.8,2.2,15.2,0.0,0.0,1010.0,0.0,0.0,0.0,0.0,0.0,0.0,0.0,0.0,0.0,0.0,0.0,0.0,0.0,69.0,69.0,2049.0,404.0,1024.0,0.395,106.0,339.0,0.313,298.0,685.0,0.435,0.446,134.0,193.0,0.694,50.0,210.0,260.0,358.0,71.0,18.0,194.0,152.0,1048.0,1.0,12.8,0.473,0.331,0.188,2.6,11.8,7.0,29.5,1.7,0.8,14.9,28.9,-2.4,1.7,-0.7,-0.017,-1.2,-1.2,-2.4,-0.2,0.0,2018
68,Austin Rivers,33.7,5.6,13.2,0.424,2.2,5.9,0.378,3.4,7.3,0.461,0.508,1.7,2.6,0.642,0.4,1.9,2.4,4.0,1.2,0.3,1.8,2.5,15.1,0.0,0.0,1010.0,0.0,0.0,0.0,0.0,0.0,0.0,0.0,0.0,0.0,0.0,0.0,0.0,0.0,61.0,59.0,2057.0,341.0,805.0,0.424,136.0,360.0,0.378,205.0,445.0,0.461,0.508,102.0,159.0,0.642,27.0,118.0,145.0,242.0,74.0,16.0,109.0,152.0,920.0,0.0,12.6,0.526,0.447,0.198,1.5,6.2,3.9,17.5,1.7,0.6,11.1,20.6,1.4,1.0,2.4,0.056,-0.3,-0.9,-1.2,0.4,0.0,2018
69,Andre Drummond,33.7,6.0,11.3,0.529,0.0,0.1,0.0,6.0,11.2,0.536,0.529,3.1,5.1,0.605,5.1,10.9,16.0,3.0,1.5,1.6,2.6,3.2,15.0,0.0,0.0,1010.0,0.0,0.0,0.0,0.0,0.0,0.0,0.0,0.0,0.0,0.0,0.0,0.0,0.0,78.0,78.0,2625.0,466.0,881.0,0.529,0.0,11.0,0.0,466.0,870.0,0.536,0.529,239.0,395.0,0.605,399.0,848.0,1247.0,237.0,114.0,127.0,200.0,250.0,1171.0,0.0,22.9,0.555,0.012,0.448,16.4,36.4,26.2,14.3,2.2,4.3,15.9,21.2,4.6,5.7,10.3,0.189,1.5,1.7,3.2,3.4,0.0,2018
70,Rodney Hood,26.9,5.4,12.5,0.429,2.1,5.6,0.381,3.3,7.0,0.467,0.513,1.9,2.2,0.86,0.4,2.4,2.8,1.6,0.8,0.2,1.2,1.8,14.7,0.0,0.0,1010.0,0.0,0.0,0.0,0.0,0.0,0.0,0.0,0.0,0.0,0.0,0.0,0.0,0.0,60.0,23.0,1616.0,322.0,751.0,0.429,127.0,333.0,0.381,195.0,418.0,0.467,0.513,111.0,129.0,0.86,22.0,143.0,165.0,95.0,45.0,12.0,70.0,105.0,882.0,0.0,14.3,0.546,0.443,0.172,1.6,9.9,5.8,9.7,1.4,0.6,8.0,24.3,1.2,1.5,2.7,0.081,0.8,-0.9,-0.1,0.8,0.0,2018
71,Otto Porter Jr.,31.6,5.8,11.5,0.503,1.8,4.1,0.441,4.0,7.4,0.537,0.581,1.4,1.7,0.828,1.3,5.1,6.4,2.0,1.5,0.5,1.0,2.0,14.7,0.0,0.0,1010.0,0.0,0.0,0.0,0.0,0.0,0.0,0.0,0.0,0.0,0.0,0.0,0.0,0.0,77.0,77.0,2432.0,445.0,885.0,0.503,138.0,313.0,0.441,307.0,572.0,0.537,0.581,106.0,128.0,0.828,103.0,389.0,492.0,157.0,116.0,41.0,75.0,151.0,1134.0,0.0,18.3,0.602,0.354,0.145,4.8,18.1,11.4,10.1,2.4,1.5,7.4,18.4,5.0,3.1,8.1,0.161,2.6,1.0,3.5,3.4,0.0,2018
72,Reggie Jackson,26.7,5.5,12.8,0.426,1.2,3.8,0.308,4.3,9.1,0.475,0.471,2.5,3.0,0.836,0.6,2.1,2.8,5.3,0.6,0.1,2.2,1.9,14.6,0.0,0.0,1010.0,0.0,0.0,0.0,0.0,0.0,0.0,0.0,0.0,0.0,0.0,0.0,0.0,0.0,45.0,45.0,1201.0,246.0,577.0,0.426,52.0,169.0,0.308,194.0,408.0,0.475,0.471,112.0,134.0,0.836,29.0,96.0,125.0,238.0,27.0,4.0,99.0,87.0,656.0,0.0,15.9,0.516,0.293,0.232,2.6,9.0,5.7,32.8,1.1,0.3,13.5,27.1,1.1,0.9,2.0,0.078,1.0,-1.4,-0.4,0.5,0.0,2018
73,Paul Millsap,30.1,5.3,11.4,0.464,1.0,3.0,0.345,4.3,8.5,0.506,0.509,2.9,4.2,0.696,1.7,4.7,6.4,2.8,1.0,1.2,1.9,2.6,14.6,0.0,0.0,1010.0,0.0,0.0,0.0,0.0,0.0,0.0,0.0,0.0,0.0,0.0,0.0,0.0,0.0,38.0,37.0,1143.0,202.0,435.0,0.464,39.0,113.0,0.345,163.0,322.0,0.506,0.509,112.0,161.0,0.696,65.0,180.0,245.0,105.0,39.0,44.0,73.0,99.0,555.0,0.0,17.0,0.549,0.26,0.37,6.4,17.6,12.1,13.9,1.7,3.2,12.6,22.0,1.4,1.1,2.5,0.107,0.4,0.0,0.4,0.7,0.0,2018
74,Dario Šarić,29.6,5.2,11.4,0.453,2.0,5.1,0.393,3.2,6.3,0.501,0.541,2.3,2.7,0.86,2.0,4.7,6.7,2.6,0.7,0.3,1.9,2.1,14.6,0.0,0.0,1010.0,0.0,0.0,0.0,0.0,0.0,0.0,0.0,0.0,0.0,0.0,0.0,0.0,0.0,78.0,73.0,2310.0,403.0,890.0,0.453,157.0,399.0,0.393,246.0,491.0,0.501,0.541,178.0,207.0,0.86,154.0,366.0,520.0,202.0,51.0,20.0,148.0,160.0,1141.0,0.0,15.8,0.582,0.448,0.233,7.5,16.4,12.1,13.0,1.1,0.7,13.1,20.9,3.8,2.8,6.6,0.137,1.8,-0.5,1.3,1.9,0.0,2018
75,Jaylen Brown,30.7,5.3,11.5,0.465,1.7,4.4,0.395,3.6,7.1,0.507,0.54,2.1,3.3,0.644,0.9,4.0,4.9,1.6,1.0,0.4,1.8,2.6,14.5,0.0,0.0,1010.0,0.0,0.0,0.0,0.0,0.0,0.0,0.0,0.0,0.0,0.0,0.0,0.0,0.0,70.0,70.0,2152.0,373.0,803.0,0.465,121.0,306.0,0.395,252.0,497.0,0.507,0.54,150.0,233.0,0.644,66.0,280.0,346.0,114.0,70.0,26.0,124.0,181.0,1017.0,0.0,13.6,0.562,0.381,0.29,3.4,14.0,8.8,8.5,1.6,1.0,12.0,21.4,1.2,3.2,4.5,0.1,-0.8,0.3,-0.5,0.8,0.0,2018
76,Zach Randolph,25.6,6.1,12.9,0.473,0.9,2.5,0.347,5.3,10.4,0.503,0.507,1.4,1.8,0.785,1.6,5.1,6.7,2.2,0.7,0.2,2.0,2.0,14.5,0.0,0.0,1010.0,0.0,0.0,0.0,0.0,0.0,0.0,0.0,0.0,0.0,0.0,0.0,0.0,0.0,59.0,58.0,1508.0,361.0,763.0,0.473,51.0,147.0,0.347,310.0,616.0,0.503,0.507,84.0,107.0,0.785,97.0,300.0,397.0,127.0,42.0,10.0,116.0,119.0,857.0,0.0,17.3,0.529,0.193,0.14,7.0,23.7,15.0,14.9,1.4,0.6,12.5,27.6,0.3,1.2,1.5,0.048,0.5,-1.5,-1.0,0.4,0.0,2018
77,Avery Bradley,31.2,5.6,13.6,0.414,1.6,4.4,0.369,4.0,9.2,0.436,0.474,1.4,1.8,0.768,0.5,2.0,2.5,2.0,1.1,0.2,2.2,2.0,14.3,0.0,0.0,1010.0,0.0,0.0,0.0,0.0,0.0,0.0,0.0,0.0,0.0,0.0,0.0,0.0,0.0,46.0,46.0,1433.0,259.0,625.0,0.414,75.0,203.0,0.369,184.0,422.0,0.436,0.474,63.0,82.0,0.768,22.0,94.0,116.0,94.0,51.0,8.0,101.0,92.0,656.0,0.0,9.6,0.496,0.325,0.131,1.7,7.3,4.5,10.4,1.8,0.5,13.3,23.5,-1.4,1.2,-0.2,-0.007,-3.0,-1.0,-4.0,-0.7,0.0,2018
78,Bojan Bogdanović,30.8,5.1,10.7,0.474,1.9,4.8,0.402,3.1,5.8,0.534,0.565,2.2,2.6,0.868,0.4,3.0,3.4,1.5,0.7,0.1,1.3,1.6,14.3,0.0,0.0,1010.0,0.0,0.0,0.0,0.0,0.0,0.0,0.0,0.0,0.0,0.0,0.0,0.0,0.0,80.0,80.0,2464.0,404.0,852.0,0.474,155.0,386.0,0.402,249.0,466.0,0.534,0.565,178.0,205.0,0.868,30.0,240.0,270.0,119.0,55.0,8.0,106.0,129.0,1141.0,0.0,13.9,0.605,0.453,0.241,1.4,10.9,6.2,7.1,1.1,0.3,10.1,19.0,3.8,1.6,5.4,0.105,0.5,-1.2,-0.7,0.8,0.0,2018
79,Jusuf Nurkić,26.4,6.1,12.0,0.505,0.0,0.1,0.0,6.1,11.9,0.508,0.505,2.2,3.5,0.63,2.4,6.6,9.0,1.8,0.8,1.4,2.3,3.1,14.3,0.0,0.0,1010.0,0.0,0.0,0.0,0.0,0.0,0.0,0.0,0.0,0.0,0.0,0.0,0.0,0.0,79.0,79.0,2088.0,480.0,951.0,0.505,0.0,7.0,0.0,480.0,944.0,0.508,0.505,172.0,273.0,0.63,189.0,519.0,708.0,143.0,64.0,111.0,183.0,247.0,1132.0,0.0,19.2,0.528,0.007,0.287,10.0,26.9,18.5,11.7,1.5,4.3,14.6,26.4,0.8,3.9,4.7,0.108,-1.1,1.1,0.0,1.1,0.0,2018
80,Dion Waiters,30.6,5.4,13.7,0.398,1.7,5.7,0.306,3.7,8.0,0.463,0.461,1.7,2.3,0.739,0.3,2.3,2.6,3.8,0.8,0.3,2.3,2.0,14.3,0.0,0.0,1010.0,0.0,0.0,0.0,0.0,0.0,0.0,0.0,0.0,0.0,0.0,0.0,0.0,0.0,30.0,30.0,918.0,163.0,410.0,0.398,52.0,170.0,0.306,111.0,240.0,0.463,0.461,51.0,69.0,0.739,8.0,69.0,77.0,113.0,23.0,9.0,70.0,61.0,429.0,0.0,10.5,0.487,0.415,0.168,1.0,8.5,4.7,19.8,1.3,0.8,13.7,25.0,-0.7,0.8,0.1,0.004,-2.1,-1.4,-3.5,-0.4,0.0,2018
81,Jeff Teague,33.0,5.1,11.3,0.446,1.2,3.3,0.368,3.9,8.1,0.477,0.499,2.9,3.4,0.845,0.3,2.6,3.0,7.0,1.5,0.3,2.5,2.4,14.2,0.0,0.0,1010.0,0.0,0.0,0.0,0.0,0.0,0.0,0.0,0.0,0.0,0.0,0.0,0.0,0.0,70.0,70.0,2311.0,354.0,794.0,0.446,84.0,228.0,0.368,270.0,566.0,0.477,0.499,202.0,239.0,0.845,24.0,185.0,209.0,492.0,102.0,23.0,177.0,171.0,994.0,0.0,16.4,0.553,0.287,0.301,1.2,9.3,5.2,30.6,2.2,0.9,16.4,20.6,3.4,1.4,4.9,0.101,1.1,-0.7,0.4,1.4,0.0,2018
82,Enes Freedom,25.8,5.9,10.0,0.592,0.0,0.0,0.0,5.9,10.0,0.594,0.592,2.2,2.6,0.848,3.8,7.1,11.0,1.5,0.5,0.5,1.7,2.6,14.1,0.0,0.0,1010.0,0.0,0.0,0.0,0.0,0.0,0.0,0.0,0.0,0.0,0.0,0.0,0.0,0.0,71.0,71.0,1830.0,422.0,713.0,0.592,0.0,2.0,0.0,422.0,711.0,0.594,0.592,156.0,184.0,0.848,273.0,507.0,780.0,105.0,36.0,37.0,122.0,187.0,1000.0,0.0,24.0,0.63,0.003,0.258,16.6,30.6,23.6,9.4,1.0,1.7,13.3,21.8,5.5,2.1,7.6,0.198,3.3,-1.1,2.2,1.9,0.0,2018
83,Taurean Prince,30.0,5.1,11.9,0.426,2.1,5.6,0.385,2.9,6.3,0.461,0.516,1.9,2.2,0.844,0.6,4.1,4.7,2.6,1.0,0.5,2.3,2.0,14.1,0.0,0.0,1010.0,0.0,0.0,0.0,0.0,0.0,0.0,0.0,0.0,0.0,0.0,0.0,0.0,0.0,82.0,82.0,2464.0,415.0,975.0,0.426,176.0,457.0,0.385,239.0,518.0,0.461,0.516,152.0,180.0,0.844,50.0,339.0,389.0,214.0,85.0,42.0,191.0,168.0,1158.0,0.0,12.8,0.549,0.469,0.185,2.3,15.3,8.8,13.9,1.7,1.5,15.3,22.1,0.0,2.0,2.0,0.038,-0.5,-0.6,-1.1,0.6,0.0,2018
84,Hassan Whiteside,25.3,5.8,10.7,0.54,0.0,0.0,1.0,5.7,10.7,0.538,0.542,2.4,3.4,0.703,3.2,8.2,11.4,1.0,0.7,1.7,1.7,2.4,14.0,0.0,0.0,1010.0,0.0,0.0,0.0,0.0,0.0,0.0,0.0,0.0,0.0,0.0,0.0,0.0,0.0,54.0,54.0,1364.0,312.0,578.0,0.54,2.0,2.0,1.0,310.0,576.0,0.538,0.542,128.0,182.0,0.703,174.0,444.0,618.0,54.0,37.0,94.0,92.0,131.0,754.0,0.0,24.1,0.573,0.003,0.315,14.3,36.6,25.4,6.9,1.4,5.9,12.3,24.7,2.3,3.0,5.3,0.187,1.5,1.1,2.6,1.6,0.0,2018
85,Jordan Clarkson,23.3,5.3,11.8,0.451,1.4,3.9,0.352,3.9,7.9,0.5,0.509,1.9,2.3,0.8,0.7,2.0,2.7,2.7,0.7,0.1,1.6,1.3,13.9,0.0,0.0,1010.0,0.0,0.0,0.0,0.0,0.0,0.0,0.0,0.0,0.0,0.0,0.0,0.0,0.0,81.0,2.0,1888.0,430.0,954.0,0.451,112.0,318.0,0.352,318.0,636.0,0.5,0.509,152.0,190.0,0.8,57.0,160.0,217.0,221.0,58.0,6.0,127.0,107.0,1124.0,0.0,16.4,0.542,0.333,0.199,3.3,9.1,6.2,19.3,1.5,0.3,10.9,26.5,1.9,1.2,3.0,0.077,1.5,-1.4,0.1,1.0,0.0,2018
86,Steven Adams,32.7,5.9,9.4,0.629,0.0,0.0,0.0,5.9,9.3,0.631,0.629,2.1,3.8,0.559,5.1,4.0,9.0,1.2,1.2,1.0,1.7,2.8,13.9,0.0,0.0,1010.0,0.0,0.0,0.0,0.0,0.0,0.0,0.0,0.0,0.0,0.0,0.0,0.0,0.0,76.0,76.0,2487.0,448.0,712.0,0.629,0.0,2.0,0.0,448.0,710.0,0.631,0.629,160.0,286.0,0.559,384.0,301.0,685.0,88.0,92.0,78.0,128.0,215.0,1056.0,0.0,20.6,0.63,0.003,0.402,16.6,13.9,15.3,5.5,1.8,2.8,13.3,16.7,6.7,3.0,9.7,0.187,1.7,-0.6,1.1,2.0,0.0,2018
87,Clint Capela,27.5,6.0,9.1,0.652,0.0,0.0,0.0,6.0,9.1,0.653,0.652,1.9,3.5,0.56,3.3,7.6,10.8,0.9,0.8,1.9,1.4,2.5,13.9,0.0,0.0,1010.0,0.0,0.0,0.0,0.0,0.0,0.0,0.0,0.0,0.0,0.0,0.0,0.0,0.0,74.0,74.0,2034.0,441.0,676.0,0.652,0.0,1.0,0.0,441.0,675.0,0.653,0.652,144.0,257.0,0.56,241.0,561.0,802.0,68.0,58.0,137.0,103.0,185.0,1026.0,0.0,24.5,0.65,0.001,0.38,13.5,30.8,22.2,5.7,1.4,5.7,11.5,19.4,6.2,4.1,10.2,0.242,2.4,1.0,3.4,2.8,0.0,2018
88,Rondae Hollis-Jefferson,28.2,5.0,10.6,0.472,0.2,0.8,0.241,4.8,9.9,0.491,0.481,3.7,4.6,0.788,1.5,5.3,6.8,2.5,1.0,0.7,1.8,2.1,13.9,0.0,0.0,1010.0,0.0,0.0,0.0,0.0,0.0,0.0,0.0,0.0,0.0,0.0,0.0,0.0,0.0,68.0,59.0,1920.0,342.0,724.0,0.472,13.0,54.0,0.241,329.0,670.0,0.491,0.481,249.0,316.0,0.788,101.0,358.0,459.0,167.0,65.0,48.0,121.0,145.0,946.0,0.0,16.9,0.548,0.075,0.436,5.5,20.0,12.7,14.2,1.6,1.9,12.3,22.2,2.1,2.0,4.1,0.103,-0.3,0.4,0.1,1.0,0.0,2018
89,Jonathon Simmons,29.4,5.1,11.0,0.465,1.0,3.0,0.338,4.1,8.1,0.512,0.511,2.7,3.5,0.768,0.9,2.6,3.5,2.5,0.8,0.2,2.1,2.5,13.9,0.0,0.0,1010.0,0.0,0.0,0.0,0.0,0.0,0.0,0.0,0.0,0.0,0.0,0.0,0.0,0.0,69.0,50.0,2029.0,354.0,761.0,0.465,69.0,204.0,0.338,285.0,557.0,0.512,0.511,185.0,241.0,0.768,61.0,178.0,239.0,171.0,58.0,16.0,146.0,175.0,962.0,0.0,12.7,0.555,0.268,0.317,3.3,9.7,6.5,13.3,1.4,0.6,14.4,22.0,0.8,1.1,1.9,0.045,-1.7,-1.3,-3.1,-0.5,0.0,2018
90,Jayson Tatum,30.5,5.0,10.4,0.475,1.3,3.0,0.434,3.7,7.4,0.492,0.538,2.7,3.2,0.826,0.6,4.4,5.0,1.6,1.0,0.7,1.4,2.1,13.9,0.0,0.0,1010.0,0.0,0.0,0.0,0.0,0.0,0.0,0.0,0.0,0.0,0.0,0.0,0.0,0.0,80.0,80.0,2443.0,397.0,835.0,0.475,105.0,242.0,0.434,292.0,593.0,0.492,0.538,213.0,258.0,0.826,50.0,352.0,402.0,128.0,83.0,58.0,114.0,170.0,1112.0,0.0,15.2,0.586,0.29,0.309,2.3,15.6,9.0,8.3,1.7,2.0,10.7,19.4,3.0,4.0,7.1,0.139,0.0,1.2,1.2,2.0,0.0,2018
91,Marcus Morris,26.7,4.9,11.3,0.429,1.6,4.3,0.368,3.3,7.0,0.467,0.499,2.3,2.9,0.805,0.8,4.6,5.4,1.3,0.6,0.2,1.2,1.9,13.6,0.0,0.0,1010.0,0.0,0.0,0.0,0.0,0.0,0.0,0.0,0.0,0.0,0.0,0.0,0.0,0.0,54.0,21.0,1442.0,262.0,611.0,0.429,86.0,234.0,0.368,176.0,377.0,0.467,0.499,124.0,154.0,0.805,43.0,246.0,289.0,72.0,35.0,12.0,65.0,100.0,734.0,0.0,14.5,0.541,0.383,0.252,3.3,18.4,11.0,8.2,1.2,0.7,8.7,23.0,1.1,2.2,3.2,0.108,-0.1,-0.1,-0.1,0.7,0.0,2018
92,DeMarre Carroll,29.9,4.5,10.8,0.414,2.0,5.4,0.371,2.5,5.4,0.457,0.506,2.6,3.4,0.764,1.4,5.1,6.6,2.0,0.8,0.4,1.4,2.3,13.5,0.0,0.0,1010.0,0.0,0.0,0.0,0.0,0.0,0.0,0.0,0.0,0.0,0.0,0.0,0.0,0.0,73.0,73.0,2180.0,325.0,785.0,0.414,145.0,391.0,0.371,180.0,394.0,0.457,0.506,188.0,246.0,0.764,105.0,374.0,479.0,147.0,59.0,30.0,103.0,165.0,983.0,0.0,14.3,0.55,0.498,0.313,5.1,18.4,11.7,10.5,1.3,1.0,10.3,19.8,2.3,1.8,4.1,0.091,0.5,-0.4,0.2,1.2,0.0,2018
93,Rudy Gobert,32.4,4.9,7.9,0.622,0.0,0.0,0.0,4.9,7.9,0.622,0.622,3.6,5.3,0.682,2.9,7.8,10.7,1.4,0.8,2.3,1.9,2.7,13.5,0.0,0.0,1010.0,0.0,0.0,0.0,0.0,0.0,0.0,0.0,0.0,0.0,0.0,0.0,0.0,0.0,56.0,56.0,1816.0,276.0,444.0,0.622,0.0,0.0,0.0,276.0,444.0,0.622,0.622,204.0,299.0,0.682,165.0,436.0,601.0,80.0,44.0,129.0,107.0,153.0,756.0,0.0,20.7,0.657,0.0,0.673,10.4,27.0,18.8,6.9,1.2,6.0,15.7,16.9,4.2,3.9,8.1,0.214,0.9,2.5,3.4,2.5,0.0,2018
94,Buddy Hield,25.3,5.2,11.7,0.446,2.2,5.1,0.431,3.0,6.6,0.457,0.54,0.9,1.0,0.877,0.7,3.2,3.8,1.9,1.1,0.3,1.6,1.9,13.5,0.0,0.0,1010.0,0.0,0.0,0.0,0.0,0.0,0.0,0.0,0.0,0.0,0.0,0.0,0.0,0.0,80.0,13.0,2024.0,416.0,933.0,0.446,176.0,408.0,0.431,240.0,525.0,0.457,0.54,71.0,81.0,0.877,55.0,252.0,307.0,155.0,85.0,22.0,124.0,148.0,1079.0,0.0,16.1,0.557,0.437,0.087,3.0,14.8,8.6,12.8,2.1,1.0,11.3,24.3,1.3,1.5,2.8,0.067,1.6,-0.5,1.0,1.5,0.0,2018
95,Kentavious Caldwell-Pope,33.2,4.6,10.8,0.426,2.1,5.6,0.383,2.4,5.2,0.473,0.526,2.1,2.6,0.789,0.8,4.4,5.2,2.2,1.4,0.2,1.3,2.0,13.4,0.0,0.0,1010.0,0.0,0.0,0.0,0.0,0.0,0.0,0.0,0.0,0.0,0.0,0.0,0.0,0.0,74.0,74.0,2458.0,340.0,798.0,0.426,159.0,415.0,0.383,181.0,383.0,0.473,0.526,153.0,194.0,0.789,60.0,327.0,387.0,162.0,106.0,16.0,97.0,145.0,992.0,0.0,13.2,0.561,0.52,0.243,2.6,14.1,8.4,9.4,2.1,0.5,9.9,16.9,2.6,2.7,5.3,0.103,-0.4,0.6,0.3,1.4,0.0,2018
96,Kris Dunn,29.3,5.5,12.8,0.429,0.8,2.6,0.321,4.7,10.2,0.457,0.462,1.6,2.2,0.737,0.5,3.8,4.3,6.0,2.0,0.5,2.9,3.3,13.4,0.0,0.0,1010.0,0.0,0.0,0.0,0.0,0.0,0.0,0.0,0.0,0.0,0.0,0.0,0.0,0.0,52.0,43.0,1525.0,286.0,666.0,0.429,43.0,134.0,0.321,243.0,532.0,0.457,0.462,84.0,114.0,0.737,24.0,197.0,221.0,310.0,104.0,27.0,150.0,174.0,699.0,0.0,14.5,0.488,0.201,0.171,1.6,14.4,7.8,33.3,3.3,1.6,17.3,24.7,-1.0,1.9,0.9,0.027,-2.4,1.1,-1.3,0.3,0.0,2018
97,Michael Beasley,22.3,5.5,10.9,0.507,0.5,1.2,0.395,5.1,9.7,0.52,0.528,1.7,2.1,0.78,1.3,4.3,5.6,1.7,0.5,0.6,1.9,2.0,13.2,0.0,0.0,1010.0,0.0,0.0,0.0,0.0,0.0,0.0,0.0,0.0,0.0,0.0,0.0,0.0,0.0,74.0,30.0,1653.0,409.0,807.0,0.507,34.0,86.0,0.395,375.0,721.0,0.52,0.528,124.0,159.0,0.78,97.0,317.0,414.0,123.0,36.0,43.0,143.0,145.0,976.0,0.0,17.8,0.556,0.107,0.197,6.5,21.2,13.9,12.5,1.1,2.3,14.0,26.9,0.9,1.5,2.4,0.069,0.6,-0.8,-0.2,0.7,0.0,2018
98,Allen Crabbe,29.3,4.5,11.0,0.407,2.7,7.1,0.378,1.8,3.9,0.461,0.529,1.5,1.8,0.852,0.4,3.9,4.3,1.6,0.6,0.5,1.0,2.2,13.2,0.0,0.0,1010.0,0.0,0.0,0.0,0.0,0.0,0.0,0.0,0.0,0.0,0.0,0.0,0.0,0.0,75.0,68.0,2197.0,337.0,827.0,0.407,201.0,532.0,0.378,136.0,295.0,0.461,0.529,115.0,135.0,0.852,28.0,296.0,324.0,117.0,47.0,35.0,78.0,168.0,990.0,0.0,12.3,0.558,0.643,0.163,1.3,14.4,7.8,8.4,1.0,1.2,8.1,19.0,1.8,1.4,3.2,0.07,0.0,-0.7,-0.7,0.7,0.0,2018
99,Bobby Portis,22.5,5.2,11.1,0.471,1.1,3.1,0.359,4.1,8.1,0.514,0.52,1.6,2.1,0.769,2.2,4.6,6.8,1.7,0.7,0.3,1.4,1.8,13.2,0.0,0.0,1010.0,0.0,0.0,0.0,0.0,0.0,0.0,0.0,0.0,0.0,0.0,0.0,0.0,0.0,73.0,4.0,1643.0,382.0,811.0,0.471,80.0,223.0,0.359,302.0,588.0,0.514,0.52,120.0,156.0,0.769,159.0,339.0,498.0,123.0,50.0,23.0,103.0,130.0,964.0,0.0,19.7,0.548,0.275,0.192,10.0,23.0,16.2,13.2,1.5,1.3,10.5,26.0,2.0,1.5,3.5,0.101,2.2,-1.3,0.8,1.2,0.0,2018
100,Josh Jackson,25.4,5.1,12.1,0.417,0.7,2.8,0.263,4.3,9.3,0.464,0.448,2.3,3.6,0.634,1.2,3.3,4.6,1.5,1.0,0.5,1.9,2.8,13.1,0.0,0.0,1010.0,0.0,0.0,0.0,0.0,0.0,0.0,0.0,0.0,0.0,0.0,0.0,0.0,0.0,77.0,35.0,1959.0,389.0,932.0,0.417,57.0,217.0,0.263,332.0,715.0,0.464,0.448,177.0,279.0,0.634,95.0,256.0,351.0,119.0,80.0,35.0,146.0,218.0,1012.0,0.0,11.8,0.48,0.233,0.299,5.1,14.2,9.6,10.1,2.0,1.4,12.2,26.0,-2.0,1.2,-0.7,-0.018,-2.8,-1.4,-4.2,-1.1,0.0,2018
101,Ricky Rubio,29.3,4.5,10.7,0.418,1.2,3.5,0.352,3.2,7.2,0.451,0.476,2.9,3.3,0.866,0.6,4.0,4.6,5.3,1.6,0.1,2.7,2.7,13.1,0.0,0.0,1010.0,0.0,0.0,0.0,0.0,0.0,0.0,0.0,0.0,0.0,0.0,0.0,0.0,0.0,77.0,77.0,2254.0,346.0,827.0,0.418,96.0,273.0,0.352,250.0,554.0,0.451,0.476,220.0,254.0,0.866,44.0,307.0,351.0,410.0,121.0,11.0,207.0,206.0,1008.0,0.0,15.4,0.537,0.33,0.307,2.2,15.3,8.8,28.4,2.7,0.4,18.1,22.9,1.5,3.8,5.3,0.112,-0.7,1.5,0.7,1.6,0.0,2018
102,Malcolm Brogdon,29.9,5.1,10.5,0.485,1.3,3.4,0.385,3.8,7.1,0.532,0.547,1.6,1.8,0.882,0.5,2.8,3.3,3.2,0.9,0.3,1.4,2.7,13.0,0.0,0.0,1010.0,0.0,0.0,0.0,0.0,0.0,0.0,0.0,0.0,0.0,0.0,0.0,0.0,0.0,48.0,20.0,1436.0,244.0,503.0,0.485,62.0,161.0,0.385,182.0,342.0,0.532,0.547,75.0,85.0,0.882,23.0,133.0,156.0,152.0,41.0,13.0,66.0,128.0,625.0,0.0,14.3,0.578,0.32,0.169,1.9,10.8,6.4,16.3,1.4,0.8,10.9,19.1,2.0,0.7,2.7,0.091,-0.1,-1.0,-1.2,0.3,0.0,2018
103,Brook Lopez,23.4,5.0,10.7,0.465,1.5,4.4,0.345,3.5,6.3,0.549,0.536,1.5,2.1,0.703,1.0,3.0,4.0,1.7,0.4,1.3,1.3,2.6,13.0,0.0,0.0,1010.0,0.0,0.0,0.0,0.0,0.0,0.0,0.0,0.0,0.0,0.0,0.0,0.0,0.0,74.0,72.0,1735.0,369.0,793.0,0.465,112.0,325.0,0.345,257.0,468.0,0.549,0.536,111.0,158.0,0.703,74.0,220.0,294.0,126.0,30.0,98.0,98.0,195.0,961.0,0.0,16.5,0.557,0.41,0.199,4.6,13.4,9.0,11.6,0.8,4.6,10.2,23.5,1.9,1.9,3.8,0.105,0.7,0.2,0.9,1.3,0.0,2018
104,Kent Bazemore,27.5,4.4,10.4,0.42,1.7,4.2,0.394,2.7,6.2,0.438,0.5,2.5,3.1,0.796,0.4,3.4,3.8,3.5,1.5,0.7,2.4,2.3,12.9,0.0,0.0,1010.0,0.0,0.0,0.0,0.0,0.0,0.0,0.0,0.0,0.0,0.0,0.0,0.0,0.0,65.0,65.0,1789.0,284.0,676.0,0.42,108.0,274.0,0.394,176.0,402.0,0.438,0.5,160.0,201.0,0.796,25.0,223.0,248.0,228.0,100.0,45.0,157.0,147.0,836.0,0.0,14.5,0.547,0.405,0.297,1.6,13.9,7.7,20.1,2.7,2.2,17.0,22.5,0.2,2.0,2.2,0.059,-0.4,1.0,0.6,1.2,0.0,2018
105,Al Horford,31.6,5.1,10.5,0.489,1.3,3.1,0.429,3.8,7.3,0.514,0.553,1.3,1.7,0.783,1.4,5.9,7.4,4.7,0.6,1.1,1.8,1.9,12.9,0.0,0.0,1010.0,0.0,0.0,0.0,0.0,0.0,0.0,0.0,0.0,0.0,0.0,0.0,0.0,0.0,72.0,72.0,2277.0,368.0,753.0,0.489,97.0,226.0,0.429,271.0,527.0,0.514,0.553,94.0,120.0,0.783,103.0,427.0,530.0,339.0,43.0,78.0,132.0,138.0,927.0,0.0,17.6,0.575,0.3,0.159,5.0,20.2,12.7,23.6,0.9,2.9,14.1,18.4,4.0,3.8,7.8,0.165,2.4,2.0,4.4,3.7,0.0,2018
106,Jeremy Lamb,24.6,4.8,10.4,0.457,1.2,3.2,0.37,3.6,7.2,0.495,0.513,2.2,2.6,0.861,0.6,3.4,4.1,2.3,0.8,0.4,1.2,1.7,12.9,0.0,0.0,1010.0,0.0,0.0,0.0,0.0,0.0,0.0,0.0,0.0,0.0,0.0,0.0,0.0,0.0,80.0,18.0,1967.0,380.0,832.0,0.457,94.0,254.0,0.37,286.0,578.0,0.495,0.513,179.0,208.0,0.861,49.0,275.0,324.0,186.0,61.0,32.0,93.0,138.0,1033.0,0.0,17.0,0.559,0.305,0.25,2.7,15.4,8.9,15.4,1.5,1.4,9.1,22.4,3.0,1.9,4.9,0.12,1.3,0.2,1.6,1.8,0.0,2018
107,Josh Richardson,33.2,4.9,10.9,0.451,1.6,4.1,0.378,3.4,6.8,0.495,0.523,1.5,1.8,0.845,0.9,2.7,3.5,2.9,1.5,0.9,1.7,2.5,12.9,0.0,0.0,1010.0,0.0,0.0,0.0,0.0,0.0,0.0,0.0,0.0,0.0,0.0,0.0,0.0,0.0,81.0,81.0,2689.0,399.0,885.0,0.451,127.0,336.0,0.378,272.0,549.0,0.495,0.523,120.0,142.0,0.845,69.0,216.0,285.0,231.0,121.0,75.0,140.0,199.0,1045.0,0.0,13.6,0.551,0.38,0.16,2.9,9.0,6.0,13.2,2.3,2.4,12.9,18.2,1.8,3.5,5.4,0.096,-0.6,1.3,0.7,1.8,0.0,2018
108,Trey Burke,21.8,5.4,10.7,0.503,1.1,2.9,0.362,4.3,7.8,0.556,0.552,1.0,1.6,0.649,0.4,1.6,2.0,4.7,0.7,0.1,1.2,1.2,12.8,0.0,0.0,1010.0,0.0,0.0,0.0,0.0,0.0,0.0,0.0,0.0,0.0,0.0,0.0,0.0,0.0,36.0,9.0,785.0,193.0,384.0,0.503,38.0,105.0,0.362,155.0,279.0,0.556,0.552,37.0,57.0,0.649,13.0,58.0,71.0,170.0,24.0,4.0,43.0,43.0,461.0,0.0,21.0,0.563,0.273,0.148,1.8,8.2,5.0,36.4,1.5,0.4,9.5,25.1,2.0,0.3,2.4,0.145,3.9,-1.4,2.5,0.9,0.0,2018
109,Willie Cauley-Stein,28.0,5.3,10.6,0.502,0.0,0.2,0.25,5.3,10.4,0.506,0.504,2.1,3.4,0.619,1.8,5.2,7.0,2.4,1.1,0.9,1.5,2.5,12.8,0.0,0.0,1010.0,0.0,0.0,0.0,0.0,0.0,0.0,0.0,0.0,0.0,0.0,0.0,0.0,0.0,73.0,57.0,2044.0,388.0,773.0,0.502,3.0,12.0,0.25,385.0,761.0,0.506,0.504,153.0,247.0,0.619,131.0,379.0,510.0,172.0,77.0,67.0,109.0,185.0,932.0,0.0,17.6,0.529,0.016,0.32,7.0,22.0,14.2,13.7,1.9,3.1,11.0,21.8,1.7,2.2,3.9,0.092,-0.4,0.3,-0.1,1.0,0.0,2018
110,Elfrid Payton,28.7,5.2,10.6,0.493,0.5,1.5,0.326,4.7,9.1,0.52,0.516,1.7,2.7,0.649,1.0,3.3,4.3,6.2,1.3,0.3,2.7,2.3,12.7,0.0,0.0,1010.0,0.0,0.0,0.0,0.0,0.0,0.0,0.0,0.0,0.0,0.0,0.0,0.0,0.0,63.0,63.0,1808.0,329.0,667.0,0.493,30.0,92.0,0.326,299.0,575.0,0.52,0.516,109.0,168.0,0.649,64.0,210.0,274.0,393.0,83.0,22.0,168.0,147.0,797.0,2.0,16.5,0.538,0.138,0.252,3.8,12.8,8.2,34.9,2.2,1.0,18.5,21.9,1.4,1.4,2.8,0.075,0.1,-0.3,-0.2,0.8,0.0,2018
111,Wesley Matthews,33.8,4.5,11.1,0.406,2.4,6.4,0.381,2.1,4.7,0.441,0.516,1.3,1.6,0.822,0.4,2.7,3.1,2.7,1.2,0.3,1.3,2.2,12.7,0.0,0.0,1010.0,0.0,0.0,0.0,0.0,0.0,0.0,0.0,0.0,0.0,0.0,0.0,0.0,0.0,63.0,63.0,2131.0,283.0,697.0,0.406,153.0,402.0,0.381,130.0,295.0,0.441,0.516,83.0,101.0,0.822,28.0,170.0,198.0,172.0,76.0,16.0,83.0,140.0,802.0,0.0,11.4,0.541,0.577,0.145,1.4,9.2,5.2,12.3,1.8,0.7,10.1,17.6,1.0,1.6,2.6,0.059,-1.0,0.1,-0.9,0.6,0.0,2018
112,Myles Turner,28.2,4.7,9.8,0.479,0.9,2.4,0.357,3.8,7.4,0.519,0.523,2.5,3.2,0.777,1.4,5.0,6.4,1.3,0.6,1.8,1.5,2.9,12.7,0.0,0.0,1010.0,0.0,0.0,0.0,0.0,0.0,0.0,0.0,0.0,0.0,0.0,0.0,0.0,0.0,65.0,62.0,1836.0,306.0,639.0,0.479,56.0,157.0,0.357,250.0,482.0,0.519,0.523,160.0,206.0,0.777,93.0,324.0,417.0,87.0,38.0,118.0,96.0,186.0,828.0,0.0,16.6,0.567,0.246,0.322,5.8,19.8,12.8,7.0,1.0,5.7,11.6,20.0,2.2,2.5,4.7,0.122,-0.6,0.4,-0.2,0.8,0.0,2018
113,Jonas Valančiūnas,22.4,5.1,8.9,0.568,0.4,1.0,0.405,4.7,8.0,0.587,0.59,2.2,2.7,0.806,2.4,6.2,8.6,1.1,0.4,0.9,1.5,2.5,12.7,0.0,0.0,1010.0,0.0,0.0,0.0,0.0,0.0,0.0,0.0,0.0,0.0,0.0,0.0,0.0,0.0,77.0,77.0,1727.0,390.0,687.0,0.568,30.0,74.0,0.405,360.0,613.0,0.587,0.59,170.0,211.0,0.806,183.0,477.0,660.0,81.0,29.0,69.0,115.0,192.0,980.0,0.0,22.5,0.628,0.108,0.307,12.1,30.3,21.4,7.5,0.8,3.2,12.9,22.7,4.6,3.0,7.6,0.21,2.4,0.0,2.4,1.9,0.0,2018
114,Robert Covington,31.7,4.3,10.5,0.413,2.5,6.9,0.369,1.8,3.6,0.497,0.534,1.5,1.7,0.853,0.7,4.7,5.4,2.0,1.7,0.9,1.6,3.0,12.6,0.0,0.0,1010.0,0.0,0.0,0.0,0.0,0.0,0.0,0.0,0.0,0.0,0.0,0.0,0.0,0.0,80.0,80.0,2532.0,345.0,836.0,0.413,203.0,550.0,0.369,142.0,286.0,0.497,0.534,116.0,136.0,0.853,55.0,378.0,433.0,156.0,137.0,72.0,126.0,238.0,1009.0,0.0,12.9,0.563,0.658,0.163,2.4,15.5,9.2,8.7,2.6,2.4,12.3,17.2,1.6,4.5,6.1,0.116,-0.2,1.7,1.5,2.3,0.0,2018
115,Spencer Dinwiddie,28.8,4.1,10.5,0.387,1.8,5.4,0.326,2.3,5.1,0.452,0.471,2.7,3.4,0.813,0.5,2.7,3.2,6.6,0.9,0.3,1.6,2.3,12.6,0.0,0.0,1010.0,0.0,0.0,0.0,0.0,0.0,0.0,0.0,0.0,0.0,0.0,0.0,0.0,0.0,80.0,58.0,2306.0,324.0,838.0,0.387,141.0,433.0,0.326,183.0,405.0,0.452,0.471,218.0,268.0,0.813,40.0,219.0,259.0,524.0,68.0,23.0,128.0,186.0,1007.0,0.0,15.9,0.527,0.517,0.32,1.8,10.2,6.0,35.0,1.4,0.7,11.8,20.3,4.3,1.4,5.7,0.118,1.3,-0.7,0.6,1.5,0.0,2018
116,Serge Ibaka,27.5,5.0,10.3,0.483,1.4,3.9,0.36,3.6,6.4,0.559,0.552,1.2,1.6,0.797,1.0,5.3,6.3,0.8,0.4,1.3,1.2,2.8,12.6,0.0,0.0,1010.0,0.0,0.0,0.0,0.0,0.0,0.0,0.0,0.0,0.0,0.0,0.0,0.0,0.0,76.0,76.0,2093.0,379.0,784.0,0.483,107.0,297.0,0.36,272.0,487.0,0.559,0.552,94.0,118.0,0.797,78.0,400.0,478.0,62.0,29.0,99.0,90.0,209.0,959.0,0.0,14.7,0.574,0.379,0.151,4.3,21.0,12.8,4.4,0.7,3.8,9.7,19.4,2.1,3.0,5.1,0.117,-0.1,0.0,-0.1,1.0,0.0,2018
117,Jabari Parker,24.0,5.2,10.7,0.482,1.0,2.6,0.383,4.2,8.1,0.514,0.529,1.3,1.7,0.741,1.4,3.5,4.9,1.9,0.8,0.3,1.5,1.6,12.6,0.0,0.0,1010.0,0.0,0.0,0.0,0.0,0.0,0.0,0.0,0.0,0.0,0.0,0.0,0.0,0.0,31.0,3.0,743.0,160.0,332.0,0.482,31.0,81.0,0.383,129.0,251.0,0.514,0.529,40.0,54.0,0.741,42.0,109.0,151.0,59.0,25.0,10.0,45.0,50.0,391.0,0.0,17.1,0.55,0.244,0.163,6.6,17.1,11.9,13.1,1.7,1.2,11.2,24.4,0.6,0.6,1.2,0.08,0.9,-1.7,-0.8,0.2,0.0,2018
118,E'Twaun Moore,31.5,5.2,10.1,0.508,1.6,3.7,0.425,3.6,6.5,0.556,0.585,0.6,0.8,0.706,0.7,2.2,2.9,2.3,1.0,0.1,1.2,2.2,12.5,0.0,0.0,1010.0,0.0,0.0,0.0,0.0,0.0,0.0,0.0,0.0,0.0,0.0,0.0,0.0,0.0,82.0,80.0,2586.0,423.0,832.0,0.508,128.0,301.0,0.425,295.0,531.0,0.556,0.585,48.0,68.0,0.706,57.0,181.0,238.0,187.0,79.0,12.0,102.0,182.0,1022.0,0.0,12.1,0.593,0.362,0.082,2.5,7.3,5.0,10.1,1.5,0.4,10.6,16.1,2.8,1.6,4.4,0.081,-1.0,-0.5,-1.6,0.3,0.0,2018
119,Darren Collison,29.2,4.6,9.2,0.495,1.4,3.0,0.468,3.2,6.3,0.508,0.571,1.8,2.1,0.882,0.5,2.0,2.6,5.3,1.3,0.2,1.2,1.8,12.4,0.0,0.0,1010.0,0.0,0.0,0.0,0.0,0.0,0.0,0.0,0.0,0.0,0.0,0.0,0.0,0.0,69.0,64.0,2018.0,316.0,638.0,0.495,96.0,205.0,0.468,220.0,433.0,0.508,0.571,127.0,144.0,0.882,37.0,141.0,178.0,368.0,92.0,15.0,86.0,122.0,855.0,0.0,18.8,0.61,0.321,0.226,2.1,7.8,5.0,26.4,2.3,0.7,10.9,17.4,5.8,1.8,7.6,0.181,2.4,0.3,2.7,2.4,0.0,2018
120,Derrick Favors,28.0,5.1,9.1,0.563,0.2,0.8,0.222,4.9,8.3,0.596,0.573,1.8,2.8,0.651,2.6,4.6,7.2,1.3,0.7,1.1,1.1,2.1,12.3,0.0,0.0,1010.0,0.0,0.0,0.0,0.0,0.0,0.0,0.0,0.0,0.0,0.0,0.0,0.0,0.0,77.0,77.0,2153.0,395.0,702.0,0.563,14.0,63.0,0.222,381.0,639.0,0.596,0.573,140.0,215.0,0.651,198.0,354.0,552.0,102.0,54.0,82.0,88.0,164.0,944.0,0.0,18.8,0.593,0.09,0.306,10.6,18.5,14.6,7.8,1.3,3.2,9.9,18.5,4.5,3.5,8.0,0.179,0.9,0.7,1.5,1.9,0.0,2018
121,Patrick Beverley,30.4,4.4,10.8,0.403,2.2,5.5,0.4,2.2,5.4,0.407,0.504,1.3,1.5,0.824,1.5,2.6,4.1,2.9,1.7,0.5,2.3,3.1,12.2,0.0,0.0,1010.0,0.0,0.0,0.0,0.0,0.0,0.0,0.0,0.0,0.0,0.0,0.0,0.0,0.0,11.0,11.0,334.0,48.0,119.0,0.403,24.0,60.0,0.4,24.0,59.0,0.407,0.504,14.0,17.0,0.824,16.0,29.0,45.0,32.0,19.0,5.0,25.0,34.0,134.0,0.0,12.4,0.53,0.504,0.143,5.3,9.4,7.4,13.8,2.8,1.3,16.5,19.6,0.1,0.3,0.4,0.056,-0.3,0.8,0.5,0.2,0.0,2018
122,Taj Gibson,33.2,5.2,9.0,0.577,0.1,0.4,0.2,5.1,8.6,0.595,0.581,1.7,2.3,0.768,2.4,4.8,7.1,1.2,0.8,0.7,1.1,2.7,12.2,0.0,0.0,1010.0,0.0,0.0,0.0,0.0,0.0,0.0,0.0,0.0,0.0,0.0,0.0,0.0,0.0,82.0,82.0,2726.0,425.0,737.0,0.577,7.0,35.0,0.2,418.0,702.0,0.595,0.581,142.0,185.0,0.768,194.0,390.0,584.0,99.0,62.0,59.0,89.0,218.0,999.0,0.0,15.4,0.61,0.047,0.251,8.1,16.7,12.4,5.2,1.1,1.9,9.8,14.7,5.4,1.7,7.2,0.126,0.1,-0.7,-0.5,1.0,0.0,2018
123,Justin Holiday,31.5,4.0,10.9,0.371,2.2,6.2,0.359,1.8,4.6,0.387,0.474,1.9,2.3,0.823,0.4,3.6,4.0,2.1,1.1,0.4,1.3,1.9,12.2,0.0,0.0,1010.0,0.0,0.0,0.0,0.0,0.0,0.0,0.0,0.0,0.0,0.0,0.0,0.0,0.0,72.0,72.0,2265.0,290.0,782.0,0.371,161.0,449.0,0.359,129.0,333.0,0.387,0.474,135.0,164.0,0.823,31.0,260.0,291.0,153.0,80.0,31.0,93.0,134.0,876.0,0.0,10.8,0.513,0.574,0.21,1.4,12.8,6.9,10.1,1.7,1.2,9.8,18.2,0.1,1.6,1.7,0.036,-1.6,-0.3,-1.9,0.0,0.0,2018
124,Marco Belinelli,24.3,4.2,9.6,0.441,1.9,4.9,0.377,2.4,4.6,0.509,0.539,1.9,2.0,0.908,0.3,1.6,1.9,1.9,0.8,0.2,1.2,1.1,12.1,0.0,0.0,1010.0,0.0,0.0,0.0,0.0,0.0,0.0,0.0,0.0,0.0,0.0,0.0,0.0,0.0,80.0,2.0,1947.0,337.0,764.0,0.441,149.0,395.0,0.377,188.0,369.0,0.509,0.539,148.0,163.0,0.908,20.0,131.0,151.0,148.0,66.0,12.0,94.0,91.0,971.0,0.0,14.1,0.581,0.517,0.213,1.1,7.3,4.3,11.9,1.6,0.5,10.1,20.7,2.4,1.3,3.7,0.092,0.4,-0.8,-0.5,0.8,0.0,2018
125,Gerald Green,22.7,4.1,10.1,0.407,2.7,7.3,0.369,1.4,2.8,0.504,0.54,1.2,1.5,0.85,0.4,2.9,3.2,0.6,0.6,0.4,0.8,2.1,12.1,0.0,0.0,1010.0,0.0,0.0,0.0,0.0,0.0,0.0,0.0,0.0,0.0,0.0,0.0,0.0,0.0,41.0,2.0,929.0,168.0,413.0,0.407,110.0,298.0,0.369,58.0,115.0,0.504,0.54,51.0,60.0,0.85,15.0,118.0,133.0,25.0,24.0,15.0,31.0,87.0,497.0,0.0,14.1,0.566,0.722,0.145,1.8,14.2,8.1,4.3,1.3,1.4,6.6,22.4,1.0,1.0,2.1,0.107,1.0,-0.8,0.3,0.5,0.0,2018
126,Caris LeVert,26.3,4.5,10.4,0.435,1.2,3.5,0.347,3.3,6.9,0.48,0.493,1.9,2.6,0.711,0.7,2.9,3.7,4.2,1.2,0.3,2.2,2.2,12.1,0.0,0.0,1010.0,0.0,0.0,0.0,0.0,0.0,0.0,0.0,0.0,0.0,0.0,0.0,0.0,0.0,71.0,10.0,1864.0,320.0,735.0,0.435,85.0,245.0,0.347,235.0,490.0,0.48,0.493,133.0,187.0,0.711,53.0,207.0,260.0,299.0,82.0,22.0,153.0,159.0,858.0,0.0,14.2,0.525,0.333,0.254,3.0,11.9,7.4,26.0,2.1,0.9,15.8,22.5,0.7,1.6,2.3,0.058,-0.8,0.0,-0.8,0.6,0.0,2018
127,Andre Ingram,32.0,4.0,8.5,0.471,2.5,4.5,0.556,1.5,4.0,0.375,0.618,1.5,1.5,1.0,0.5,2.5,3.0,3.5,1.5,1.5,1.5,1.5,12.0,0.0,0.0,1010.0,0.0,0.0,0.0,0.0,0.0,0.0,0.0,0.0,0.0,0.0,0.0,0.0,0.0,2.0,0.0,64.0,8.0,17.0,0.471,5.0,9.0,0.556,3.0,8.0,0.375,0.618,3.0,3.0,1.0,1.0,5.0,6.0,7.0,3.0,3.0,3.0,3.0,24.0,0.0,16.3,0.655,0.529,0.176,1.7,8.3,5.0,15.3,2.2,3.8,14.1,14.1,0.1,0.1,0.2,0.157,1.7,2.5,4.3,0.1,0.0,2018
128,DeAndre Jordan,31.5,4.8,7.5,0.645,0.0,0.0,0.0,4.8,7.5,0.645,0.645,2.4,4.1,0.58,4.3,10.9,15.2,1.5,0.5,0.9,1.8,2.6,12.0,0.0,0.0,1010.0,0.0,0.0,0.0,0.0,0.0,0.0,0.0,0.0,0.0,0.0,0.0,0.0,0.0,77.0,77.0,2424.0,373.0,578.0,0.645,0.0,0.0,0.0,373.0,578.0,0.645,0.645,181.0,312.0,0.58,329.0,842.0,1171.0,117.0,39.0,71.0,137.0,203.0,927.0,0.0,20.2,0.648,0.0,0.54,15.1,37.6,26.5,7.1,0.8,2.4,16.1,15.2,6.0,3.4,9.4,0.186,1.7,-0.3,1.4,2.1,0.0,2018
129,Courtney Lee,30.4,4.5,9.9,0.454,1.5,3.7,0.406,3.0,6.3,0.482,0.529,1.5,1.6,0.919,0.4,2.6,2.9,2.4,1.1,0.2,1.1,1.4,12.0,0.0,0.0,1010.0,0.0,0.0,0.0,0.0,0.0,0.0,0.0,0.0,0.0,0.0,0.0,0.0,0.0,76.0,69.0,2310.0,343.0,755.0,0.454,113.0,278.0,0.406,230.0,477.0,0.482,0.529,114.0,124.0,0.919,30.0,194.0,224.0,180.0,80.0,17.0,84.0,109.0,913.0,0.0,13.0,0.564,0.368,0.164,1.4,9.3,5.4,11.3,1.7,0.6,9.4,16.9,2.7,1.2,3.9,0.082,-0.1,-0.2,-0.3,1.0,0.0,2018
130,Dirk Nowitzki,24.7,4.5,9.8,0.456,1.8,4.4,0.409,2.7,5.5,0.494,0.547,1.3,1.4,0.898,0.3,5.4,5.7,1.6,0.6,0.6,0.7,1.9,12.0,0.0,0.0,1010.0,0.0,0.0,0.0,0.0,0.0,0.0,0.0,0.0,0.0,0.0,0.0,0.0,0.0,77.0,77.0,1900.0,346.0,758.0,0.456,138.0,337.0,0.409,208.0,421.0,0.494,0.547,97.0,108.0,0.898,22.0,416.0,438.0,120.0,43.0,45.0,51.0,146.0,927.0,0.0,16.7,0.575,0.445,0.142,1.2,25.2,12.8,10.4,1.1,2.1,6.0,20.5,2.6,2.2,4.8,0.121,1.7,0.6,2.3,2.1,0.0,2018
131,Bogdan Bogdanović,27.9,4.4,9.9,0.446,1.7,4.2,0.392,2.8,5.7,0.485,0.529,1.3,1.5,0.84,0.4,2.5,2.9,3.3,0.9,0.2,1.6,2.2,11.8,0.0,0.0,1010.0,0.0,0.0,0.0,0.0,0.0,0.0,0.0,0.0,0.0,0.0,0.0,0.0,0.0,78.0,52.0,2175.0,344.0,772.0,0.446,129.0,329.0,0.392,215.0,443.0,0.485,0.529,100.0,119.0,0.84,31.0,192.0,223.0,258.0,72.0,16.0,125.0,172.0,917.0,0.0,13.5,0.556,0.426,0.154,1.6,10.5,5.8,18.3,1.7,0.7,13.2,19.6,1.8,1.1,2.9,0.064,-0.6,-0.9,-1.5,0.3,0.0,2018
132,Robin Lopez,26.4,5.3,10.1,0.53,0.1,0.2,0.286,5.3,9.9,0.536,0.533,1.1,1.4,0.756,2.1,2.4,4.5,1.9,0.2,0.8,1.7,1.7,11.8,0.0,0.0,1010.0,0.0,0.0,0.0,0.0,0.0,0.0,0.0,0.0,0.0,0.0,0.0,0.0,0.0,64.0,64.0,1690.0,342.0,645.0,0.53,4.0,14.0,0.286,338.0,631.0,0.536,0.533,68.0,90.0,0.756,134.0,156.0,290.0,124.0,14.0,53.0,107.0,109.0,756.0,0.0,14.7,0.552,0.022,0.14,8.2,10.3,9.2,12.3,0.4,2.8,13.5,20.4,1.2,0.7,1.9,0.055,-0.9,-1.3,-2.2,-0.1,0.0,2018
133,Kelly Oubre Jr.,27.5,3.9,9.8,0.403,1.6,4.6,0.341,2.4,5.2,0.456,0.482,2.4,2.9,0.82,0.7,3.8,4.5,1.2,1.0,0.4,1.1,2.9,11.8,0.0,0.0,1010.0,0.0,0.0,0.0,0.0,0.0,0.0,0.0,0.0,0.0,0.0,0.0,0.0,0.0,81.0,11.0,2231.0,318.0,790.0,0.403,126.0,369.0,0.341,192.0,421.0,0.456,0.482,191.0,233.0,0.82,59.0,304.0,363.0,98.0,80.0,35.0,90.0,234.0,953.0,0.0,11.9,0.534,0.467,0.295,3.0,15.4,9.2,6.4,1.8,1.4,9.2,19.4,1.4,2.3,3.7,0.08,-1.6,-0.1,-1.7,0.2,0.0,2018
134,Thaddeus Young,32.2,5.2,10.7,0.487,0.7,2.2,0.32,4.5,8.4,0.531,0.521,0.7,1.1,0.598,2.3,4.0,6.3,1.9,1.7,0.4,1.3,2.2,11.8,0.0,0.0,1010.0,0.0,0.0,0.0,0.0,0.0,0.0,0.0,0.0,0.0,0.0,0.0,0.0,0.0,81.0,81.0,2607.0,421.0,864.0,0.487,58.0,181.0,0.32,363.0,683.0,0.531,0.521,55.0,92.0,0.598,184.0,328.0,512.0,152.0,135.0,36.0,105.0,175.0,955.0,0.0,14.8,0.528,0.209,0.106,8.0,14.1,11.1,8.5,2.6,1.2,10.4,17.3,2.3,3.2,5.5,0.101,-0.2,0.4,0.2,1.4,0.0,2018
135,Trevor Ariza,33.9,4.0,9.7,0.412,2.5,6.9,0.368,1.5,2.8,0.519,0.542,1.1,1.3,0.854,0.5,3.9,4.4,1.6,1.5,0.2,0.8,2.0,11.7,0.0,0.0,1010.0,0.0,0.0,0.0,0.0,0.0,0.0,0.0,0.0,0.0,0.0,0.0,0.0,0.0,67.0,67.0,2269.0,268.0,651.0,0.412,170.0,462.0,0.368,98.0,189.0,0.519,0.542,76.0,89.0,0.854,33.0,261.0,294.0,105.0,98.0,13.0,52.0,132.0,782.0,0.0,11.8,0.567,0.71,0.137,1.7,12.9,7.3,6.8,2.1,0.5,7.0,14.4,2.6,2.8,5.3,0.113,0.0,0.7,0.7,1.5,0.0,2018
136,Tyler Johnson,28.5,4.3,9.9,0.435,1.7,4.5,0.367,2.6,5.4,0.491,0.518,1.5,1.8,0.822,0.5,3.0,3.4,2.3,0.8,0.5,1.1,2.1,11.7,0.0,0.0,1010.0,0.0,0.0,0.0,0.0,0.0,0.0,0.0,0.0,0.0,0.0,0.0,0.0,0.0,72.0,39.0,2052.0,309.0,711.0,0.435,119.0,324.0,0.367,190.0,387.0,0.491,0.518,106.0,129.0,0.822,34.0,214.0,248.0,165.0,60.0,34.0,81.0,148.0,843.0,0.0,13.0,0.549,0.456,0.181,1.9,11.7,6.8,12.4,1.5,1.4,9.5,18.6,1.9,2.3,4.2,0.097,-0.5,0.2,-0.3,0.9,0.0,2018
137,J.J. Barea,23.2,4.4,10.0,0.439,1.7,4.5,0.367,2.7,5.5,0.499,0.522,1.2,1.5,0.784,0.2,2.7,2.9,6.3,0.5,0.0,2.1,1.2,11.6,0.0,0.0,1010.0,0.0,0.0,0.0,0.0,0.0,0.0,0.0,0.0,0.0,0.0,0.0,0.0,0.0,69.0,11.0,1603.0,303.0,690.0,0.439,115.0,313.0,0.367,188.0,377.0,0.499,0.522,80.0,102.0,0.784,15.0,186.0,201.0,434.0,35.0,3.0,143.0,83.0,801.0,0.0,17.8,0.545,0.454,0.148,1.0,13.4,7.0,45.1,1.1,0.2,16.3,24.9,2.3,1.0,3.3,0.098,2.7,-1.5,1.2,1.3,0.0,2018
138,Nicolas Batum,31.0,4.2,10.2,0.415,1.4,4.3,0.336,2.8,5.9,0.473,0.486,1.7,2.0,0.831,0.9,3.9,4.8,5.5,1.0,0.4,2.0,1.1,11.6,0.0,0.0,1010.0,0.0,0.0,0.0,0.0,0.0,0.0,0.0,0.0,0.0,0.0,0.0,0.0,0.0,64.0,64.0,1981.0,270.0,650.0,0.415,92.0,274.0,0.336,178.0,376.0,0.473,0.486,108.0,130.0,0.831,57.0,249.0,306.0,349.0,65.0,23.0,131.0,72.0,740.0,2.0,14.4,0.523,0.422,0.2,3.1,13.8,8.4,26.2,1.6,1.0,15.6,18.3,1.7,1.8,3.5,0.084,0.5,-0.1,0.4,1.2,0.0,2018
139,De'Aaron Fox,27.8,4.5,10.9,0.412,0.6,2.1,0.307,3.8,8.8,0.436,0.441,1.9,2.7,0.723,0.5,2.3,2.8,4.4,1.0,0.3,2.4,2.2,11.6,0.0,0.0,1010.0,0.0,0.0,0.0,0.0,0.0,0.0,0.0,0.0,0.0,0.0,0.0,0.0,0.0,73.0,61.0,2026.0,328.0,797.0,0.412,47.0,153.0,0.307,281.0,644.0,0.436,0.441,141.0,195.0,0.723,33.0,171.0,204.0,320.0,70.0,20.0,173.0,163.0,844.0,0.0,11.2,0.478,0.192,0.245,1.8,10.0,5.7,24.6,1.7,0.9,16.4,23.4,-1.7,1.1,-0.6,-0.014,-2.7,-1.5,-4.2,-1.1,0.0,2018
140,Domantas Sabonis,24.5,4.6,8.9,0.514,0.2,0.5,0.351,4.4,8.4,0.524,0.524,2.3,3.0,0.75,2.2,5.5,7.7,2.0,0.5,0.4,1.9,3.0,11.6,0.0,0.0,1010.0,0.0,0.0,0.0,0.0,0.0,0.0,0.0,0.0,0.0,0.0,0.0,0.0,0.0,74.0,19.0,1810.0,340.0,661.0,0.514,13.0,37.0,0.351,327.0,624.0,0.524,0.524,168.0,224.0,0.75,165.0,407.0,572.0,151.0,40.0,32.0,137.0,220.0,861.0,0.0,17.5,0.567,0.056,0.339,10.4,25.2,17.8,12.7,1.1,1.6,15.3,22.1,2.5,2.2,4.7,0.126,-0.6,-0.5,-1.1,0.4,0.0,2018
141,Rudy Gay,21.6,4.4,9.4,0.471,0.6,2.1,0.314,3.8,7.4,0.516,0.506,2.0,2.5,0.772,1.3,3.8,5.1,1.3,0.8,0.7,1.4,1.7,11.5,0.0,0.0,1010.0,0.0,0.0,0.0,0.0,0.0,0.0,0.0,0.0,0.0,0.0,0.0,0.0,0.0,57.0,6.0,1231.0,253.0,537.0,0.471,37.0,118.0,0.314,216.0,419.0,0.516,0.506,112.0,145.0,0.772,76.0,215.0,291.0,73.0,46.0,38.0,78.0,98.0,655.0,0.0,18.0,0.545,0.22,0.27,6.8,19.5,13.1,9.8,1.9,2.6,11.5,24.6,1.0,2.1,3.1,0.122,0.2,0.6,0.8,0.9,0.0,2018
142,Joe Ingles,31.4,4.1,8.8,0.467,2.5,5.7,0.44,1.6,3.1,0.516,0.609,0.8,1.0,0.795,0.3,3.9,4.2,4.8,1.1,0.2,1.9,2.2,11.5,0.0,0.0,1010.0,0.0,0.0,0.0,0.0,0.0,0.0,0.0,0.0,0.0,0.0,0.0,0.0,0.0,82.0,81.0,2578.0,335.0,718.0,0.467,204.0,464.0,0.44,131.0,254.0,0.516,0.609,66.0,83.0,0.795,24.0,320.0,344.0,392.0,90.0,20.0,159.0,178.0,940.0,0.0,14.4,0.623,0.646,0.116,1.1,13.9,7.6,22.9,1.8,0.7,17.4,15.9,4.0,3.6,7.6,0.141,1.0,1.3,2.3,2.8,0.0,2018
143,Markieff Morris,27.0,4.5,9.4,0.48,1.0,2.8,0.367,3.5,6.6,0.529,0.536,1.4,1.8,0.82,1.0,4.6,5.6,1.9,0.8,0.5,1.7,3.0,11.5,0.0,0.0,1010.0,0.0,0.0,0.0,0.0,0.0,0.0,0.0,0.0,0.0,0.0,0.0,0.0,0.0,73.0,73.0,1968.0,330.0,687.0,0.48,76.0,207.0,0.367,254.0,480.0,0.529,0.536,105.0,128.0,0.82,75.0,334.0,409.0,142.0,56.0,38.0,127.0,216.0,841.0,0.0,13.2,0.566,0.301,0.186,4.3,19.2,11.8,11.0,1.4,1.7,14.6,19.5,1.2,2.1,3.3,0.08,-1.3,0.1,-1.3,0.4,0.0,2018
144,Kelly Olynyk,23.4,4.2,8.4,0.497,1.4,3.7,0.379,2.8,4.7,0.59,0.58,1.8,2.3,0.77,1.2,4.5,5.7,2.7,0.8,0.5,1.9,2.9,11.5,0.0,0.0,1010.0,0.0,0.0,0.0,0.0,0.0,0.0,0.0,0.0,0.0,0.0,0.0,0.0,0.0,76.0,22.0,1779.0,316.0,636.0,0.497,106.0,280.0,0.379,210.0,356.0,0.59,0.58,134.0,174.0,0.77,89.0,342.0,431.0,207.0,62.0,35.0,147.0,222.0,872.0,0.0,17.8,0.612,0.44,0.274,5.6,21.6,13.6,18.7,1.7,1.7,17.1,21.7,2.8,2.7,5.5,0.148,1.1,1.2,2.3,1.9,0.0,2018
145,Dwyane Wade,22.9,4.5,10.2,0.438,0.5,1.7,0.288,4.0,8.5,0.468,0.462,2.0,2.8,0.714,0.7,3.0,3.8,3.4,0.9,0.7,2.1,1.9,11.4,0.0,0.0,1010.0,0.0,0.0,0.0,0.0,0.0,0.0,0.0,0.0,0.0,0.0,0.0,0.0,0.0,67.0,3.0,1536.0,299.0,682.0,0.438,32.0,111.0,0.288,267.0,571.0,0.468,0.462,135.0,189.0,0.714,50.0,202.0,252.0,228.0,61.0,47.0,140.0,124.0,765.0,0.0,15.0,0.5,0.163,0.277,3.7,14.6,9.2,23.5,2.0,2.6,15.5,26.2,-0.4,1.6,1.1,0.036,-0.9,-0.1,-1.0,0.4,0.0,2018
146,Reggie Bullock,27.9,4.3,8.8,0.489,2.0,4.5,0.445,2.3,4.3,0.536,0.603,0.6,0.8,0.796,0.4,2.0,2.5,1.5,0.8,0.2,0.8,1.1,11.3,0.0,0.0,1010.0,0.0,0.0,0.0,0.0,0.0,0.0,0.0,0.0,0.0,0.0,0.0,0.0,0.0,62.0,52.0,1732.0,267.0,546.0,0.489,125.0,281.0,0.445,142.0,265.0,0.536,0.603,39.0,49.0,0.796,27.0,127.0,154.0,95.0,47.0,13.0,47.0,70.0,698.0,0.0,13.6,0.615,0.515,0.09,1.7,8.3,4.9,8.4,1.4,0.7,7.6,15.7,2.8,1.4,4.2,0.117,0.7,0.0,0.7,1.2,0.0,2018
147,Terry Rozier,25.9,4.0,10.0,0.395,1.9,5.0,0.381,2.0,5.0,0.41,0.491,1.4,1.9,0.772,0.8,3.9,4.7,2.9,1.0,0.2,1.0,1.5,11.3,0.0,0.0,1010.0,0.0,0.0,0.0,0.0,0.0,0.0,0.0,0.0,0.0,0.0,0.0,0.0,0.0,80.0,16.0,2068.0,316.0,800.0,0.395,153.0,402.0,0.381,163.0,398.0,0.41,0.491,115.0,149.0,0.772,63.0,313.0,376.0,232.0,80.0,19.0,80.0,123.0,900.0,1.0,15.1,0.52,0.503,0.186,3.4,16.3,9.9,17.5,1.9,0.8,8.5,20.4,2.2,3.4,5.6,0.13,0.9,1.2,2.1,2.1,0.0,2018
148,Wayne Ellington,26.5,3.7,9.1,0.407,2.9,7.5,0.392,0.8,1.6,0.479,0.569,0.9,1.0,0.859,0.3,2.5,2.8,1.0,0.7,0.1,0.7,1.2,11.2,0.0,0.0,1010.0,0.0,0.0,0.0,0.0,0.0,0.0,0.0,0.0,0.0,0.0,0.0,0.0,0.0,77.0,2.0,2041.0,285.0,700.0,0.407,227.0,579.0,0.392,58.0,121.0,0.479,0.569,67.0,78.0,0.859,23.0,195.0,218.0,79.0,53.0,8.0,52.0,94.0,864.0,0.0,12.5,0.588,0.827,0.111,1.3,10.7,6.0,5.9,1.3,0.3,6.6,17.3,2.6,1.9,4.5,0.105,1.0,-0.6,0.4,1.2,0.0,2018
149,Frank Kaminsky,23.2,3.9,9.1,0.429,1.3,3.5,0.38,2.6,5.6,0.459,0.501,2.0,2.5,0.799,0.6,3.1,3.6,1.6,0.5,0.2,0.8,1.2,11.1,0.0,0.0,1010.0,0.0,0.0,0.0,0.0,0.0,0.0,0.0,0.0,0.0,0.0,0.0,0.0,0.0,79.0,4.0,1835.0,307.0,716.0,0.429,104.0,274.0,0.38,203.0,442.0,0.459,0.501,155.0,194.0,0.799,46.0,242.0,288.0,129.0,36.0,19.0,66.0,95.0,873.0,0.0,14.4,0.545,0.383,0.271,2.7,14.5,8.5,11.0,1.0,0.9,7.6,20.5,2.3,1.3,3.6,0.094,0.6,-0.8,-0.2,0.8,0.0,2018
150,Dillon Brooks,28.7,4.1,9.4,0.44,1.1,3.2,0.356,3.0,6.2,0.484,0.501,1.5,2.0,0.747,0.6,2.5,3.1,1.6,0.9,0.2,1.5,2.8,11.0,0.0,0.0,1010.0,0.0,0.0,0.0,0.0,0.0,0.0,0.0,0.0,0.0,0.0,0.0,0.0,0.0,82.0,74.0,2350.0,340.0,772.0,0.44,94.0,264.0,0.356,246.0,508.0,0.484,0.501,124.0,166.0,0.747,49.0,208.0,257.0,135.0,73.0,17.0,124.0,233.0,898.0,0.0,9.8,0.531,0.342,0.215,2.4,10.5,6.3,9.3,1.6,0.7,12.8,18.5,0.1,1.1,1.2,0.024,-2.9,-1.1,-4.0,-1.2,0.0,2018
151,Draymond Green,32.7,4.0,8.8,0.454,1.1,3.7,0.301,2.9,5.2,0.562,0.516,1.9,2.5,0.775,1.1,6.6,7.6,7.3,1.4,1.3,2.9,2.6,11.0,0.0,0.0,1010.0,0.0,0.0,0.0,0.0,0.0,0.0,0.0,0.0,0.0,0.0,0.0,0.0,0.0,70.0,70.0,2287.0,281.0,619.0,0.454,77.0,256.0,0.301,204.0,363.0,0.562,0.516,134.0,173.0,0.775,75.0,460.0,535.0,508.0,95.0,91.0,202.0,185.0,773.0,3.0,16.1,0.556,0.414,0.279,3.9,21.1,13.1,29.0,2.0,3.1,22.5,17.2,2.6,3.4,6.1,0.127,0.9,1.9,2.8,2.8,0.0,2018
152,Montrezl Harrell,17.0,4.6,7.2,0.635,0.0,0.1,0.143,4.6,7.1,0.641,0.636,1.8,2.9,0.626,1.4,2.7,4.0,1.0,0.5,0.7,0.9,1.9,11.0,0.0,0.0,1010.0,0.0,0.0,0.0,0.0,0.0,0.0,0.0,0.0,0.0,0.0,0.0,0.0,0.0,76.0,3.0,1293.0,348.0,548.0,0.635,1.0,7.0,0.143,347.0,541.0,0.641,0.636,139.0,222.0,0.626,103.0,203.0,306.0,74.0,36.0,52.0,68.0,143.0,836.0,0.0,24.7,0.647,0.013,0.405,8.9,17.0,13.0,10.1,1.4,3.4,9.5,23.8,4.3,1.3,5.5,0.205,3.1,0.2,3.3,1.7,0.0,2018
153,Ersan İlyasova,25.1,4.0,8.9,0.452,1.3,3.7,0.36,2.7,5.2,0.517,0.526,1.5,2.0,0.778,1.7,4.2,5.9,1.3,0.9,0.4,1.0,2.3,10.9,0.0,0.0,1010.0,0.0,0.0,0.0,0.0,0.0,0.0,0.0,0.0,0.0,0.0,0.0,0.0,0.0,69.0,43.0,1729.0,277.0,613.0,0.452,91.0,253.0,0.36,186.0,360.0,0.517,0.526,105.0,135.0,0.778,118.0,287.0,405.0,90.0,61.0,26.0,72.0,157.0,750.0,0.0,14.9,0.558,0.413,0.22,7.6,18.0,12.9,7.9,1.7,1.3,9.7,18.7,2.2,1.9,4.0,0.112,-0.2,-0.4,-0.6,0.6,0.0,2018
154,Ish Smith,24.9,4.7,9.8,0.486,0.4,1.2,0.347,4.3,8.5,0.506,0.507,1.0,1.4,0.698,0.3,2.4,2.7,4.4,0.8,0.2,1.3,1.7,10.9,0.0,0.0,1010.0,0.0,0.0,0.0,0.0,0.0,0.0,0.0,0.0,0.0,0.0,0.0,0.0,0.0,82.0,35.0,2043.0,389.0,801.0,0.486,35.0,101.0,0.347,354.0,700.0,0.506,0.507,81.0,116.0,0.698,27.0,197.0,224.0,360.0,64.0,20.0,108.0,140.0,894.0,0.0,15.4,0.525,0.126,0.145,1.4,10.9,6.1,28.4,1.6,0.9,11.2,20.8,2.4,2.0,4.4,0.102,-0.3,0.3,0.0,1.0,0.0,2018
155,Jeff Green,23.4,3.8,7.9,0.477,0.7,2.2,0.312,3.1,5.7,0.54,0.52,2.6,3.0,0.868,0.8,2.4,3.2,1.3,0.5,0.4,1.0,1.9,10.8,0.0,0.0,1010.0,0.0,0.0,0.0,0.0,0.0,0.0,0.0,0.0,0.0,0.0,0.0,0.0,0.0,78.0,14.0,1828.0,295.0,618.0,0.477,53.0,170.0,0.312,242.0,448.0,0.54,0.52,203.0,234.0,0.868,60.0,186.0,246.0,99.0,41.0,34.0,75.0,149.0,846.0,0.0,14.8,0.587,0.275,0.379,3.7,11.2,7.6,8.0,1.1,1.6,9.4,19.3,3.1,0.8,3.9,0.103,-0.3,-1.5,-1.8,0.1,0.0,2018
156,Joe Harris,25.3,3.9,8.0,0.491,1.9,4.6,0.419,2.0,3.4,0.589,0.612,1.1,1.3,0.827,0.7,2.7,3.3,1.6,0.4,0.3,1.2,2.0,10.8,0.0,0.0,1010.0,0.0,0.0,0.0,0.0,0.0,0.0,0.0,0.0,0.0,0.0,0.0,0.0,0.0,78.0,14.0,1975.0,305.0,621.0,0.491,150.0,358.0,0.419,155.0,263.0,0.589,0.612,86.0,104.0,0.827,51.0,209.0,260.0,128.0,35.0,20.0,91.0,153.0,846.0,0.0,13.3,0.634,0.576,0.167,2.7,11.3,7.0,10.2,0.9,0.8,12.0,16.6,3.0,0.9,4.0,0.097,0.7,-0.6,0.1,1.0,0.0,2018
157,James Johnson,26.6,4.2,8.4,0.503,0.8,2.5,0.308,3.5,5.9,0.587,0.55,1.5,2.2,0.698,0.8,4.1,4.9,3.8,1.0,0.7,1.9,2.6,10.8,0.0,0.0,1010.0,0.0,0.0,0.0,0.0,0.0,0.0,0.0,0.0,0.0,0.0,0.0,0.0,0.0,73.0,41.0,1943.0,309.0,614.0,0.503,57.0,185.0,0.308,252.0,429.0,0.587,0.55,113.0,162.0,0.698,61.0,297.0,358.0,280.0,70.0,51.0,141.0,192.0,788.0,0.0,15.8,0.575,0.301,0.264,3.5,17.2,10.3,22.5,1.8,2.2,17.1,19.1,2.2,2.8,5.0,0.123,0.0,1.6,1.6,1.7,0.0,2018
158,Damion Lee,26.9,4.1,10.1,0.408,1.0,4.0,0.25,3.1,6.1,0.511,0.457,1.5,1.9,0.759,0.7,4.0,4.7,1.9,1.3,0.1,0.9,1.7,10.7,0.0,0.0,1010.0,0.0,0.0,0.0,0.0,0.0,0.0,0.0,0.0,0.0,0.0,0.0,0.0,0.0,15.0,11.0,404.0,62.0,152.0,0.408,15.0,60.0,0.25,47.0,92.0,0.511,0.457,22.0,29.0,0.759,11.0,60.0,71.0,29.0,19.0,1.0,14.0,25.0,161.0,0.0,12.0,0.489,0.395,0.191,3.0,16.6,9.8,11.2,2.3,0.2,7.8,19.3,0.0,0.4,0.4,0.046,-2.3,0.4,-1.9,0.0,0.0,2018
159,John Collins,24.1,4.2,7.4,0.576,0.2,0.6,0.34,4.0,6.7,0.598,0.591,1.8,2.5,0.715,2.4,4.9,7.3,1.3,0.6,1.1,1.4,2.9,10.5,0.0,0.0,1010.0,0.0,0.0,0.0,0.0,0.0,0.0,0.0,0.0,0.0,0.0,0.0,0.0,0.0,74.0,26.0,1785.0,314.0,545.0,0.576,16.0,47.0,0.34,298.0,498.0,0.598,0.591,133.0,186.0,0.715,176.0,365.0,541.0,98.0,47.0,80.0,105.0,215.0,777.0,0.0,18.3,0.62,0.086,0.341,11.0,22.8,16.9,8.9,1.3,3.8,14.3,17.9,3.4,2.0,5.4,0.145,-0.4,0.2,-0.2,0.8,0.0,2018
160,Greg Monroe,20.4,4.3,7.6,0.565,0.0,0.0,0.0,4.3,7.6,0.565,0.565,1.7,2.3,0.739,2.1,4.7,6.9,2.2,0.9,0.5,1.8,1.9,10.3,0.0,0.0,1010.0,0.0,0.0,0.0,0.0,0.0,0.0,0.0,0.0,0.0,0.0,0.0,0.0,0.0,51.0,14.0,1040.0,218.0,386.0,0.565,0.0,0.0,0.0,218.0,386.0,0.565,0.565,88.0,119.0,0.739,109.0,241.0,350.0,114.0,44.0,23.0,94.0,95.0,524.0,1.0,21.2,0.598,0.0,0.308,11.4,25.2,18.3,18.7,2.1,1.8,17.7,22.4,1.8,1.6,3.4,0.155,1.3,1.0,2.2,1.1,0.0,2018
161,Jamal Crawford,20.7,3.9,9.3,0.415,1.3,3.9,0.331,2.6,5.4,0.477,0.485,1.3,1.4,0.903,0.3,1.0,1.2,2.3,0.5,0.1,1.2,1.1,10.3,0.0,0.0,1010.0,0.0,0.0,0.0,0.0,0.0,0.0,0.0,0.0,0.0,0.0,0.0,0.0,0.0,80.0,0.0,1653.0,308.0,742.0,0.415,104.0,314.0,0.331,204.0,428.0,0.477,0.485,102.0,113.0,0.903,21.0,78.0,99.0,185.0,40.0,9.0,95.0,85.0,822.0,0.0,13.0,0.519,0.423,0.152,1.4,5.5,3.5,16.9,1.2,0.5,10.7,23.7,0.9,0.3,1.3,0.037,0.1,-2.5,-2.3,-0.1,0.0,2018
162,JaMychal Green,28.0,4.1,8.9,0.457,0.8,2.3,0.339,3.3,6.6,0.499,0.501,1.5,2.0,0.721,2.7,5.8,8.4,1.4,0.6,0.5,1.4,2.8,10.3,0.0,0.0,1010.0,0.0,0.0,0.0,0.0,0.0,0.0,0.0,0.0,0.0,0.0,0.0,0.0,0.0,55.0,54.0,1542.0,223.0,488.0,0.457,43.0,127.0,0.339,180.0,361.0,0.499,0.501,80.0,111.0,0.721,147.0,317.0,464.0,79.0,32.0,25.0,76.0,153.0,569.0,0.0,14.0,0.53,0.26,0.227,10.8,24.4,17.4,8.3,1.0,1.5,12.4,17.8,1.3,1.3,2.6,0.079,-0.8,-1.5,-2.3,-0.1,0.0,2018
163,D.J. Augustin,23.5,3.3,7.2,0.452,1.5,3.6,0.419,1.7,3.6,0.485,0.557,2.2,2.5,0.868,0.4,1.7,2.1,3.8,0.7,0.0,1.6,1.3,10.2,0.0,0.0,1010.0,0.0,0.0,0.0,0.0,0.0,0.0,0.0,0.0,0.0,0.0,0.0,0.0,0.0,75.0,36.0,1760.0,244.0,540.0,0.452,114.0,272.0,0.419,130.0,268.0,0.485,0.557,164.0,189.0,0.868,30.0,130.0,160.0,287.0,54.0,0.0,123.0,94.0,766.0,0.0,15.4,0.615,0.504,0.35,1.9,8.2,5.0,24.4,1.5,0.0,16.5,18.6,3.3,0.8,4.1,0.11,1.0,-1.2,-0.2,0.8,0.0,2018
164,Lonzo Ball,34.2,3.9,10.8,0.36,1.7,5.7,0.305,2.2,5.2,0.42,0.44,0.6,1.4,0.451,1.3,5.6,6.9,7.2,1.7,0.8,2.6,2.3,10.2,0.0,0.0,1010.0,0.0,0.0,0.0,0.0,0.0,0.0,0.0,0.0,0.0,0.0,0.0,0.0,0.0,52.0,50.0,1780.0,203.0,564.0,0.36,90.0,295.0,0.305,113.0,269.0,0.42,0.44,32.0,71.0,0.451,69.0,291.0,360.0,376.0,88.0,43.0,136.0,117.0,528.0,2.0,12.5,0.444,0.523,0.126,4.2,17.3,10.8,29.2,2.4,2.0,18.6,17.4,-0.5,2.5,2.0,0.053,-0.7,1.6,1.0,1.3,0.0,2018
165,Yogi Ferrell,27.8,3.8,8.9,0.426,1.6,4.4,0.373,2.2,4.5,0.477,0.518,1.0,1.3,0.796,0.3,2.7,3.0,2.5,0.8,0.1,1.0,1.9,10.2,0.0,0.0,1010.0,0.0,0.0,0.0,0.0,0.0,0.0,0.0,0.0,0.0,0.0,0.0,0.0,0.0,82.0,21.0,2282.0,311.0,730.0,0.426,134.0,359.0,0.373,177.0,371.0,0.477,0.518,82.0,103.0,0.796,26.0,223.0,249.0,201.0,64.0,9.0,78.0,153.0,838.0,0.0,11.4,0.54,0.492,0.141,1.2,11.2,6.1,13.5,1.4,0.4,9.1,17.0,1.5,1.5,3.0,0.064,-1.3,0.0,-1.4,0.4,0.0,2018
166,Marcus Smart,29.9,3.5,9.5,0.367,1.4,4.6,0.301,2.1,4.9,0.429,0.44,1.8,2.5,0.729,0.8,2.7,3.5,4.8,1.3,0.4,2.4,2.5,10.2,0.0,0.0,1010.0,0.0,0.0,0.0,0.0,0.0,0.0,0.0,0.0,0.0,0.0,0.0,0.0,0.0,54.0,11.0,1614.0,189.0,515.0,0.367,75.0,249.0,0.301,114.0,266.0,0.429,0.44,97.0,133.0,0.729,43.0,146.0,189.0,259.0,71.0,23.0,129.0,133.0,550.0,0.0,10.8,0.479,0.483,0.258,3.0,9.8,6.4,23.7,2.2,1.2,18.4,19.4,-0.6,2.5,1.9,0.056,-2.1,1.0,-1.2,0.3,0.0,2018
167,Denzel Valentine,27.2,3.9,9.4,0.417,1.9,4.8,0.386,2.1,4.6,0.45,0.517,0.5,0.7,0.745,0.6,4.5,5.1,3.2,0.8,0.1,1.3,2.4,10.2,0.0,0.0,1010.0,0.0,0.0,0.0,0.0,0.0,0.0,0.0,0.0,0.0,0.0,0.0,0.0,0.0,77.0,37.0,2095.0,301.0,721.0,0.417,143.0,370.0,0.386,158.0,351.0,0.45,0.517,38.0,51.0,0.745,48.0,345.0,393.0,244.0,65.0,11.0,99.0,185.0,783.0,0.0,12.1,0.527,0.513,0.071,2.4,18.3,10.1,17.8,1.5,0.5,11.8,17.5,1.0,1.5,2.5,0.057,-1.0,0.0,-1.0,0.5,0.0,2018
168,Pau Gasol,23.5,3.7,8.1,0.458,0.6,1.6,0.358,3.2,6.6,0.481,0.492,2.1,2.7,0.756,1.7,6.4,8.0,3.1,0.3,1.0,1.4,1.6,10.1,0.0,0.0,1010.0,0.0,0.0,0.0,0.0,0.0,0.0,0.0,0.0,0.0,0.0,0.0,0.0,0.0,77.0,63.0,1812.0,287.0,627.0,0.458,43.0,120.0,0.358,244.0,507.0,0.481,0.492,158.0,209.0,0.756,129.0,490.0,619.0,238.0,24.0,79.0,108.0,121.0,775.0,1.0,18.9,0.539,0.191,0.333,7.8,30.2,19.0,20.1,0.7,3.6,13.1,20.4,2.7,3.3,6.0,0.159,1.5,1.9,3.4,2.5,0.0,2018
169,George Hill,27.0,3.5,7.7,0.46,1.3,3.1,0.415,2.3,4.6,0.49,0.543,1.6,2.1,0.786,0.6,2.1,2.7,2.8,0.9,0.4,1.3,1.9,10.0,0.0,0.0,1010.0,0.0,0.0,0.0,0.0,0.0,0.0,0.0,0.0,0.0,0.0,0.0,0.0,0.0,67.0,60.0,1812.0,236.0,513.0,0.46,85.0,205.0,0.415,151.0,308.0,0.49,0.543,110.0,140.0,0.786,42.0,139.0,181.0,186.0,61.0,27.0,88.0,128.0,667.0,0.0,13.3,0.58,0.4,0.273,2.6,8.9,5.7,15.0,1.7,1.3,13.3,16.3,2.3,0.9,3.2,0.085,-0.2,-0.5,-0.8,0.6,0.0,2018
170,Wilson Chandler,31.7,3.8,8.5,0.445,1.2,3.3,0.358,2.6,5.2,0.501,0.515,1.2,1.5,0.772,1.4,4.0,5.4,2.1,0.6,0.5,1.2,2.1,10.0,0.0,0.0,1010.0,0.0,0.0,0.0,0.0,0.0,0.0,0.0,0.0,0.0,0.0,0.0,0.0,0.0,74.0,71.0,2346.0,281.0,631.0,0.445,88.0,246.0,0.358,193.0,385.0,0.501,0.515,88.0,114.0,0.772,102.0,296.0,398.0,159.0,43.0,39.0,92.0,156.0,738.0,0.0,10.9,0.542,0.39,0.181,4.9,14.1,9.6,9.4,0.9,1.4,11.9,14.3,2.1,1.2,3.3,0.067,-1.0,-1.1,-2.1,-0.1,0.0,2018
171,Dewayne Dedmon,24.9,4.0,7.7,0.524,0.8,2.3,0.355,3.2,5.4,0.595,0.577,1.1,1.4,0.779,1.6,6.3,7.9,1.5,0.6,0.8,1.4,2.6,10.0,0.0,0.0,1010.0,0.0,0.0,0.0,0.0,0.0,0.0,0.0,0.0,0.0,0.0,0.0,0.0,0.0,62.0,46.0,1542.0,250.0,477.0,0.524,50.0,141.0,0.355,200.0,336.0,0.595,0.577,67.0,86.0,0.779,100.0,389.0,489.0,90.0,40.0,51.0,86.0,162.0,617.0,0.0,15.8,0.599,0.296,0.18,7.2,28.1,17.7,9.2,1.3,2.8,14.3,17.0,1.8,1.9,3.7,0.114,-0.4,0.5,0.1,0.8,0.0,2018
172,C.J. Miles,19.1,3.2,8.6,0.379,2.3,6.5,0.361,0.9,2.1,0.434,0.516,1.2,1.4,0.835,0.3,1.9,2.2,0.8,0.5,0.3,0.6,1.9,10.0,0.0,0.0,1010.0,0.0,0.0,0.0,0.0,0.0,0.0,0.0,0.0,0.0,0.0,0.0,0.0,0.0,70.0,3.0,1337.0,227.0,599.0,0.379,164.0,454.0,0.361,63.0,145.0,0.434,0.516,81.0,97.0,0.835,18.0,134.0,152.0,55.0,37.0,21.0,39.0,134.0,699.0,0.0,13.0,0.545,0.758,0.162,1.5,11.0,6.4,6.0,1.4,1.3,5.7,22.3,1.4,1.5,2.9,0.103,1.0,-0.7,0.3,0.8,0.0,2018
173,Patty Mills,25.7,3.4,8.3,0.411,1.9,5.0,0.372,1.5,3.3,0.47,0.523,1.3,1.4,0.89,0.3,1.6,1.9,2.8,0.7,0.1,1.3,1.6,10.0,0.0,0.0,1010.0,0.0,0.0,0.0,0.0,0.0,0.0,0.0,0.0,0.0,0.0,0.0,0.0,0.0,82.0,36.0,2107.0,280.0,682.0,0.411,154.0,414.0,0.372,126.0,268.0,0.47,0.523,105.0,118.0,0.89,26.0,128.0,154.0,229.0,55.0,11.0,106.0,128.0,819.0,0.0,11.8,0.558,0.607,0.173,1.4,6.8,4.1,16.0,1.3,0.4,12.6,17.8,2.0,2.1,4.1,0.093,-0.6,-0.4,-1.0,0.5,0.0,2018
174,Trey Lyles,19.1,3.7,7.5,0.491,1.1,3.0,0.381,2.6,4.5,0.563,0.566,1.4,2.0,0.706,0.8,4.0,4.8,1.2,0.4,0.5,0.8,1.5,9.9,0.0,0.0,1010.0,0.0,0.0,0.0,0.0,0.0,0.0,0.0,0.0,0.0,0.0,0.0,0.0,0.0,73.0,2.0,1391.0,270.0,550.0,0.491,83.0,218.0,0.381,187.0,332.0,0.563,0.566,101.0,143.0,0.706,55.0,292.0,347.0,91.0,30.0,34.0,61.0,111.0,724.0,0.0,17.9,0.591,0.396,0.26,4.5,23.5,14.0,10.1,1.1,2.0,9.1,21.1,2.7,1.2,3.9,0.135,2.0,-0.7,1.3,1.1,0.0,2018
175,Jae Crowder,26.1,3.4,8.4,0.404,1.4,4.3,0.323,2.0,4.1,0.488,0.486,1.5,1.9,0.818,0.7,2.7,3.4,1.2,0.8,0.3,0.9,2.3,9.7,0.0,0.0,1010.0,0.0,0.0,0.0,0.0,0.0,0.0,0.0,0.0,0.0,0.0,0.0,0.0,0.0,80.0,47.0,2090.0,271.0,671.0,0.404,110.0,341.0,0.323,161.0,330.0,0.488,0.486,121.0,148.0,0.818,59.0,216.0,275.0,99.0,64.0,21.0,74.0,187.0,773.0,0.0,10.4,0.525,0.508,0.221,3.2,11.5,7.4,6.9,1.5,0.9,9.1,17.3,1.0,1.6,2.6,0.06,-1.9,-0.6,-2.5,-0.3,0.0,2018
176,Tyrone Wallace,28.4,3.7,8.2,0.445,0.3,1.3,0.25,3.3,6.9,0.483,0.466,2.0,2.6,0.782,0.7,2.8,3.5,2.4,0.9,0.4,1.5,2.8,9.7,0.0,0.0,1010.0,0.0,0.0,0.0,0.0,0.0,0.0,0.0,0.0,0.0,0.0,0.0,0.0,0.0,30.0,19.0,851.0,110.0,247.0,0.445,10.0,40.0,0.25,100.0,207.0,0.483,0.466,61.0,78.0,0.782,21.0,84.0,105.0,71.0,27.0,13.0,46.0,83.0,291.0,0.0,10.1,0.517,0.162,0.316,2.7,10.7,6.8,11.8,1.5,1.3,14.1,16.6,0.2,0.5,0.7,0.042,-3.1,-0.4,-3.5,-0.3,0.0,2018
177,Mario Hezonja,22.1,3.6,8.2,0.442,1.2,3.6,0.337,2.4,4.7,0.523,0.515,1.1,1.4,0.819,0.5,3.2,3.7,1.4,1.1,0.4,1.1,1.8,9.6,0.0,0.0,1010.0,0.0,0.0,0.0,0.0,0.0,0.0,0.0,0.0,0.0,0.0,0.0,0.0,0.0,75.0,30.0,1657.0,273.0,617.0,0.442,90.0,267.0,0.337,183.0,350.0,0.523,0.515,86.0,105.0,0.819,41.0,240.0,281.0,106.0,81.0,31.0,86.0,134.0,722.0,0.0,13.7,0.544,0.433,0.17,2.7,16.1,9.3,10.0,2.4,1.5,11.5,19.9,0.5,1.8,2.3,0.066,-0.9,0.4,-0.5,0.6,0.0,2018
178,Quinn Cook,22.4,3.7,7.6,0.484,1.4,3.2,0.442,2.3,4.5,0.514,0.575,0.7,0.8,0.88,0.3,2.2,2.5,2.7,0.4,0.0,1.0,1.8,9.5,0.0,0.0,1010.0,0.0,0.0,0.0,0.0,0.0,0.0,0.0,0.0,0.0,0.0,0.0,0.0,0.0,33.0,18.0,740.0,122.0,252.0,0.484,46.0,104.0,0.442,76.0,148.0,0.514,0.575,22.0,25.0,0.88,10.0,72.0,82.0,89.0,12.0,1.0,32.0,59.0,312.0,0.0,12.8,0.593,0.413,0.099,1.6,10.2,6.2,16.6,0.8,0.1,10.8,17.5,1.1,0.4,1.6,0.101,-0.1,-1.5,-1.6,0.1,0.0,2018
179,Andrew Harrison,23.7,3.2,7.7,0.422,0.8,2.5,0.331,2.4,5.1,0.467,0.477,2.2,2.8,0.78,0.4,1.9,2.3,3.2,0.7,0.5,1.4,2.5,9.5,0.0,0.0,1010.0,0.0,0.0,0.0,0.0,0.0,0.0,0.0,0.0,0.0,0.0,0.0,0.0,0.0,56.0,46.0,1326.0,181.0,429.0,0.422,47.0,142.0,0.331,134.0,287.0,0.467,0.477,124.0,159.0,0.78,23.0,108.0,131.0,177.0,38.0,26.0,81.0,138.0,533.0,0.0,12.7,0.534,0.331,0.371,2.0,9.7,5.7,21.3,1.4,1.8,14.0,19.6,1.0,0.7,1.7,0.062,-1.0,-0.5,-1.5,0.2,0.0,2018
180,Miloš Teodosić,25.2,3.4,8.0,0.419,2.0,5.2,0.379,1.4,2.8,0.492,0.542,0.9,1.0,0.848,0.4,2.4,2.8,4.6,0.5,0.1,2.2,2.3,9.5,0.0,0.0,1010.0,0.0,0.0,0.0,0.0,0.0,0.0,0.0,0.0,0.0,0.0,0.0,0.0,0.0,45.0,36.0,1134.0,151.0,360.0,0.419,88.0,232.0,0.379,63.0,128.0,0.492,0.542,39.0,46.0,0.848,16.0,110.0,126.0,209.0,23.0,5.0,97.0,103.0,429.0,0.0,11.6,0.564,0.644,0.128,1.6,10.5,6.1,26.2,1.0,0.4,20.3,18.2,0.9,0.5,1.4,0.058,-0.3,-1.5,-1.7,0.1,0.0,2018
181,Marvin Williams,25.7,3.3,7.2,0.458,1.6,3.9,0.413,1.7,3.3,0.512,0.57,1.3,1.6,0.829,0.9,3.8,4.7,1.2,0.7,0.5,0.8,1.5,9.5,0.0,0.0,1010.0,0.0,0.0,0.0,0.0,0.0,0.0,0.0,0.0,0.0,0.0,0.0,0.0,0.0,78.0,78.0,2006.0,258.0,563.0,0.458,126.0,305.0,0.413,132.0,258.0,0.512,0.57,102.0,123.0,0.829,74.0,296.0,370.0,96.0,56.0,38.0,66.0,116.0,744.0,0.0,13.9,0.603,0.542,0.218,3.9,16.2,10.0,7.0,1.4,1.6,9.7,14.8,3.1,1.9,5.0,0.119,0.6,0.3,1.0,1.5,0.0,2018
182,Mike James,19.1,3.4,8.9,0.383,0.7,2.7,0.265,2.7,6.2,0.435,0.424,1.8,2.3,0.762,0.4,2.1,2.5,3.5,0.8,0.2,1.4,1.3,9.3,0.0,0.0,1010.0,0.0,0.0,0.0,0.0,0.0,0.0,0.0,0.0,0.0,0.0,0.0,0.0,0.0,36.0,10.0,687.0,123.0,321.0,0.383,26.0,98.0,0.265,97.0,223.0,0.435,0.424,64.0,84.0,0.762,13.0,77.0,90.0,126.0,28.0,7.0,49.0,48.0,336.0,0.0,13.9,0.469,0.305,0.262,2.0,12.2,7.0,29.4,2.0,0.8,12.0,25.1,-0.1,0.3,0.2,0.017,-0.5,-1.0,-1.5,0.1,0.0,2018
183,Al-Farouq Aminu,30.0,3.3,8.4,0.395,1.8,4.9,0.369,1.5,3.5,0.432,0.503,0.9,1.2,0.738,1.4,6.2,7.6,1.2,1.1,0.6,1.1,2.0,9.3,0.0,0.0,1010.0,0.0,0.0,0.0,0.0,0.0,0.0,0.0,0.0,0.0,0.0,0.0,0.0,0.0,69.0,67.0,2072.0,230.0,582.0,0.395,125.0,339.0,0.369,105.0,243.0,0.432,0.503,59.0,80.0,0.738,97.0,428.0,525.0,84.0,79.0,40.0,79.0,136.0,644.0,0.0,12.0,0.522,0.582,0.137,5.2,22.3,13.8,5.8,1.9,1.6,11.3,14.8,0.9,3.2,4.2,0.097,-0.7,1.1,0.4,1.3,0.0,2018
184,Ryan Anderson,26.1,3.1,7.3,0.431,2.0,5.1,0.386,1.2,2.1,0.539,0.568,1.1,1.4,0.774,1.4,3.6,5.0,0.9,0.4,0.3,0.6,1.9,9.3,0.0,0.0,1010.0,0.0,0.0,0.0,0.0,0.0,0.0,0.0,0.0,0.0,0.0,0.0,0.0,0.0,66.0,50.0,1725.0,207.0,480.0,0.431,131.0,339.0,0.386,76.0,141.0,0.539,0.568,72.0,93.0,0.774,94.0,237.0,331.0,60.0,24.0,21.0,42.0,126.0,617.0,0.0,12.6,0.592,0.706,0.194,6.2,15.4,10.8,5.1,0.7,1.0,7.5,14.4,3.1,1.7,4.8,0.132,0.9,-0.8,0.1,0.9,0.0,2018
185,Wayne Selden,19.8,3.3,7.7,0.431,1.4,3.5,0.402,1.9,4.2,0.456,0.522,1.3,1.7,0.746,0.5,1.1,1.6,1.9,0.5,0.1,1.5,1.7,9.3,0.0,0.0,1010.0,0.0,0.0,0.0,0.0,0.0,0.0,0.0,0.0,0.0,0.0,0.0,0.0,0.0,35.0,9.0,692.0,116.0,269.0,0.431,49.0,122.0,0.402,67.0,147.0,0.456,0.522,44.0,59.0,0.746,16.0,40.0,56.0,66.0,18.0,5.0,54.0,59.0,325.0,0.0,11.8,0.551,0.454,0.219,2.6,6.8,4.7,16.0,1.3,0.7,15.5,22.6,0.1,0.2,0.3,0.023,-0.9,-2.2,-3.1,-0.2,0.0,2018
186,Michael Kidd-Gilchrist,25.0,3.8,7.6,0.504,0.0,0.0,0.0,3.8,7.5,0.505,0.504,1.6,2.3,0.684,1.1,2.9,4.1,1.0,0.7,0.4,0.7,1.9,9.2,0.0,0.0,1010.0,0.0,0.0,0.0,0.0,0.0,0.0,0.0,0.0,0.0,0.0,0.0,0.0,0.0,74.0,74.0,1850.0,282.0,560.0,0.504,0.0,2.0,0.0,282.0,558.0,0.505,0.504,117.0,171.0,0.684,84.0,218.0,302.0,71.0,51.0,32.0,53.0,143.0,681.0,0.0,12.5,0.536,0.004,0.305,4.8,13.0,8.8,5.9,1.3,1.4,7.7,16.1,1.7,1.6,3.3,0.084,-2.1,0.0,-2.1,-0.1,0.0,2018
187,Kyle Korver,21.6,3.0,6.6,0.459,2.2,5.2,0.436,0.8,1.5,0.537,0.628,0.9,1.0,0.889,0.1,2.1,2.3,1.2,0.4,0.4,0.8,1.8,9.2,0.0,0.0,1010.0,0.0,0.0,0.0,0.0,0.0,0.0,0.0,0.0,0.0,0.0,0.0,0.0,0.0,73.0,4.0,1574.0,222.0,484.0,0.459,164.0,376.0,0.436,58.0,108.0,0.537,0.628,64.0,72.0,0.889,9.0,156.0,165.0,88.0,31.0,27.0,55.0,130.0,672.0,0.0,13.4,0.652,0.777,0.149,0.7,10.9,5.9,8.0,1.0,1.5,9.6,16.0,2.8,0.6,3.4,0.104,1.5,-1.2,0.2,0.9,0.0,2018
188,Lance Stephenson,22.6,3.7,8.6,0.427,0.8,2.8,0.289,2.9,5.8,0.495,0.475,1.0,1.5,0.661,0.8,4.4,5.2,2.9,0.6,0.2,1.6,2.2,9.2,0.0,0.0,1010.0,0.0,0.0,0.0,0.0,0.0,0.0,0.0,0.0,0.0,0.0,0.0,0.0,0.0,82.0,7.0,1850.0,303.0,709.0,0.427,67.0,232.0,0.289,236.0,477.0,0.495,0.475,84.0,127.0,0.661,62.0,362.0,424.0,235.0,46.0,17.0,131.0,177.0,757.0,0.0,12.4,0.495,0.327,0.179,3.8,22.0,12.9,18.6,1.2,0.8,14.6,21.6,-0.2,2.0,1.8,0.046,-1.5,-0.3,-1.8,0.1,0.0,2018
189,Troy Daniels,20.5,2.9,7.3,0.403,2.3,5.8,0.4,0.6,1.5,0.419,0.563,0.7,0.8,0.875,0.2,1.5,1.6,0.6,0.3,0.1,0.7,1.7,8.9,0.0,0.0,1010.0,0.0,0.0,0.0,0.0,0.0,0.0,0.0,0.0,0.0,0.0,0.0,0.0,0.0,79.0,15.0,1622.0,232.0,575.0,0.403,183.0,458.0,0.4,49.0,117.0,0.419,0.563,56.0,64.0,0.875,12.0,115.0,127.0,48.0,26.0,5.0,56.0,137.0,703.0,0.0,9.8,0.583,0.797,0.111,0.8,7.7,4.2,4.5,0.8,0.2,8.5,17.2,1.4,0.0,1.4,0.042,-0.5,-2.1,-2.6,-0.3,0.0,2018
190,Manu Ginóbili,20.0,3.1,7.1,0.434,1.0,3.0,0.333,2.1,4.2,0.506,0.503,1.7,2.0,0.84,0.3,1.9,2.2,2.5,0.7,0.2,1.6,1.9,8.9,0.0,0.0,1010.0,0.0,0.0,0.0,0.0,0.0,0.0,0.0,0.0,0.0,0.0,0.0,0.0,0.0,65.0,0.0,1299.0,201.0,463.0,0.434,64.0,192.0,0.333,137.0,271.0,0.506,0.503,110.0,131.0,0.84,19.0,123.0,142.0,163.0,43.0,16.0,105.0,126.0,576.0,0.0,12.9,0.553,0.415,0.283,1.6,10.6,6.1,19.1,1.7,1.0,16.8,21.5,0.6,1.6,2.2,0.082,-1.5,0.2,-1.3,0.2,0.0,2018
191,Anthony Tolliver,22.2,2.8,6.0,0.464,2.0,4.6,0.436,0.8,1.4,0.561,0.632,1.3,1.7,0.797,0.6,2.4,3.1,1.1,0.4,0.3,0.7,1.8,8.9,0.0,0.0,1010.0,0.0,0.0,0.0,0.0,0.0,0.0,0.0,0.0,0.0,0.0,0.0,0.0,0.0,79.0,14.0,1757.0,219.0,472.0,0.464,159.0,365.0,0.436,60.0,107.0,0.561,0.632,106.0,133.0,0.797,50.0,191.0,241.0,90.0,32.0,21.0,58.0,144.0,703.0,0.0,13.9,0.663,0.773,0.282,3.1,12.3,7.6,7.5,0.9,1.1,9.9,14.8,3.8,1.5,5.3,0.146,1.2,-0.3,0.9,1.3,0.0,2018
192,John Henson,25.9,3.8,6.6,0.572,0.0,0.1,0.143,3.8,6.5,0.578,0.573,1.2,2.1,0.57,2.0,4.8,6.8,1.5,0.6,1.4,1.1,2.7,8.8,0.0,0.0,1010.0,0.0,0.0,0.0,0.0,0.0,0.0,0.0,0.0,0.0,0.0,0.0,0.0,0.0,76.0,69.0,1970.0,287.0,502.0,0.572,1.0,7.0,0.143,286.0,495.0,0.578,0.573,90.0,158.0,0.57,150.0,363.0,513.0,114.0,45.0,109.0,84.0,202.0,665.0,0.0,15.7,0.582,0.014,0.315,9.0,21.5,15.3,8.6,1.1,4.7,12.8,15.0,2.8,2.2,4.9,0.12,-1.0,0.1,-0.9,0.5,0.0,2018
193,Cameron Payne,23.3,3.5,8.6,0.405,1.4,3.6,0.385,2.1,5.0,0.419,0.486,0.5,0.6,0.75,0.7,2.0,2.8,4.5,1.0,0.4,1.4,1.8,8.8,0.0,0.0,1010.0,0.0,0.0,0.0,0.0,0.0,0.0,0.0,0.0,0.0,0.0,0.0,0.0,0.0,25.0,14.0,582.0,87.0,215.0,0.405,35.0,91.0,0.385,52.0,124.0,0.419,0.486,12.0,16.0,0.75,18.0,51.0,69.0,113.0,26.0,9.0,36.0,44.0,221.0,0.0,14.0,0.498,0.423,0.074,3.2,9.8,6.4,29.9,2.2,1.4,14.0,19.3,0.3,0.4,0.8,0.063,-0.1,-0.3,-0.4,0.2,0.0,2018
194,Mike Scott,18.5,3.6,6.9,0.527,0.9,2.1,0.405,2.8,4.8,0.582,0.59,0.7,1.0,0.658,0.7,2.6,3.3,1.1,0.3,0.1,1.0,1.9,8.8,0.0,0.0,1010.0,0.0,0.0,0.0,0.0,0.0,0.0,0.0,0.0,0.0,0.0,0.0,0.0,0.0,76.0,1.0,1406.0,276.0,524.0,0.527,66.0,163.0,0.405,210.0,361.0,0.582,0.59,50.0,76.0,0.658,50.0,197.0,247.0,80.0,23.0,10.0,79.0,148.0,668.0,0.0,13.6,0.599,0.311,0.145,4.0,15.8,9.9,9.1,0.8,0.6,12.4,20.0,1.4,1.0,2.5,0.085,-0.6,-1.1,-1.7,0.1,0.0,2018
195,Larry Nance Jr.,21.5,3.6,6.3,0.581,0.0,0.2,0.167,3.6,6.1,0.594,0.584,1.4,2.1,0.664,2.4,4.4,6.8,1.2,1.3,0.6,0.8,2.6,8.7,0.0,0.0,1010.0,0.0,0.0,0.0,0.0,0.0,0.0,0.0,0.0,0.0,0.0,0.0,0.0,0.0,66.0,26.0,1421.0,240.0,413.0,0.581,2.0,12.0,0.167,238.0,401.0,0.594,0.584,91.0,137.0,0.664,161.0,291.0,452.0,82.0,88.0,38.0,51.0,172.0,573.0,0.0,20.2,0.605,0.029,0.332,12.4,22.0,17.3,8.6,3.0,2.2,9.7,15.9,3.5,2.3,5.8,0.196,0.9,1.5,2.4,1.6,0.0,2018
196,Stanley Johnson,27.4,3.0,8.1,0.375,1.0,3.4,0.286,2.1,4.7,0.439,0.435,1.6,2.1,0.772,0.5,3.2,3.7,1.6,1.4,0.2,1.1,2.4,8.7,0.0,0.0,1010.0,0.0,0.0,0.0,0.0,0.0,0.0,0.0,0.0,0.0,0.0,0.0,0.0,0.0,69.0,50.0,1894.0,210.0,560.0,0.375,67.0,234.0,0.286,143.0,326.0,0.439,0.435,112.0,145.0,0.772,33.0,219.0,252.0,112.0,95.0,14.0,77.0,169.0,599.0,0.0,9.0,0.48,0.418,0.259,1.9,13.0,7.3,8.5,2.5,0.7,11.0,16.4,-0.6,2.4,1.8,0.046,-4.0,1.1,-2.9,-0.4,0.0,2018
197,Skal Labissière,20.7,3.4,7.6,0.448,0.3,0.9,0.353,3.1,6.8,0.459,0.467,1.6,2.0,0.805,1.7,3.2,4.8,1.2,0.4,0.8,1.2,2.2,8.7,0.0,0.0,1010.0,0.0,0.0,0.0,0.0,0.0,0.0,0.0,0.0,0.0,0.0,0.0,0.0,0.0,60.0,29.0,1240.0,205.0,458.0,0.448,18.0,51.0,0.353,187.0,407.0,0.459,0.467,95.0,118.0,0.805,99.0,189.0,288.0,72.0,25.0,49.0,73.0,132.0,523.0,0.0,14.3,0.513,0.111,0.258,8.7,18.1,13.2,9.1,1.0,3.7,12.5,21.1,0.4,1.0,1.4,0.054,-1.9,-0.8,-2.7,-0.2,0.0,2018
198,Johnathan Motley,16.0,3.6,6.8,0.533,0.1,0.5,0.167,3.5,6.3,0.565,0.54,1.4,2.5,0.536,1.3,3.2,4.5,0.6,0.3,0.2,0.8,1.6,8.7,0.0,0.0,1010.0,0.0,0.0,0.0,0.0,0.0,0.0,0.0,0.0,0.0,0.0,0.0,0.0,0.0,11.0,4.0,176.0,40.0,75.0,0.533,1.0,6.0,0.167,39.0,69.0,0.565,0.54,15.0,28.0,0.536,14.0,35.0,49.0,7.0,3.0,2.0,9.0,18.0,96.0,0.0,17.2,0.55,0.08,0.373,8.5,22.9,15.5,7.1,0.9,1.0,9.3,24.9,0.1,0.2,0.3,0.084,-1.3,-2.0,-3.3,-0.1,0.0,2018
199,Shabazz Napier,20.7,3.0,7.2,0.42,1.1,2.9,0.376,1.9,4.2,0.45,0.497,1.6,1.9,0.841,0.4,1.9,2.3,2.0,1.1,0.2,1.2,1.1,8.7,0.0,0.0,1010.0,0.0,0.0,0.0,0.0,0.0,0.0,0.0,0.0,0.0,0.0,0.0,0.0,0.0,74.0,9.0,1535.0,223.0,531.0,0.42,82.0,218.0,0.376,141.0,313.0,0.45,0.497,116.0,138.0,0.841,26.0,144.0,170.0,150.0,81.0,14.0,90.0,84.0,644.0,0.0,14.2,0.544,0.411,0.26,1.9,10.1,6.0,14.6,2.6,0.7,13.2,19.5,1.2,2.0,3.2,0.101,-0.7,1.4,0.7,1.0,0.0,2018
200,Terrence Ross,25.0,3.2,8.0,0.398,1.3,3.9,0.323,1.9,4.1,0.469,0.476,1.1,1.5,0.75,0.4,2.6,3.0,1.6,1.1,0.5,1.2,1.9,8.7,0.0,0.0,1010.0,0.0,0.0,0.0,0.0,0.0,0.0,0.0,0.0,0.0,0.0,0.0,0.0,0.0,24.0,20.0,600.0,76.0,191.0,0.398,30.0,93.0,0.323,46.0,98.0,0.469,0.476,27.0,36.0,0.75,10.0,63.0,73.0,38.0,27.0,11.0,29.0,45.0,209.0,0.0,9.9,0.505,0.487,0.188,1.8,11.6,6.7,9.3,2.2,1.5,12.3,17.3,-0.2,0.5,0.3,0.025,-2.8,0.1,-2.7,-0.1,0.0,2018
201,Isaiah Canaan,21.1,2.6,6.9,0.38,1.1,3.3,0.333,1.5,3.6,0.423,0.46,2.3,2.6,0.902,0.3,2.0,2.3,3.8,0.8,0.1,1.5,1.8,8.6,0.0,0.0,1010.0,0.0,0.0,0.0,0.0,0.0,0.0,0.0,0.0,0.0,0.0,0.0,0.0,0.0,20.0,1.0,422.0,52.0,137.0,0.38,22.0,66.0,0.333,30.0,71.0,0.423,0.46,46.0,51.0,0.902,6.0,39.0,45.0,76.0,16.0,1.0,29.0,36.0,172.0,0.0,13.5,0.539,0.482,0.372,1.5,10.0,5.7,26.7,1.8,0.2,15.4,18.9,0.5,0.1,0.6,0.072,-0.5,-0.7,-1.3,0.1,0.0,2018
202,Emmanuel Mudiay,19.5,3.2,8.2,0.388,0.7,2.3,0.318,2.5,5.9,0.415,0.433,1.5,2.0,0.76,0.4,2.0,2.4,3.2,0.6,0.2,1.8,1.3,8.6,0.0,0.0,1010.0,0.0,0.0,0.0,0.0,0.0,0.0,0.0,0.0,0.0,0.0,0.0,0.0,0.0,64.0,14.0,1245.0,204.0,526.0,0.388,47.0,148.0,0.318,157.0,378.0,0.415,0.433,98.0,129.0,0.76,26.0,126.0,152.0,206.0,41.0,11.0,113.0,80.0,553.0,0.0,11.5,0.474,0.281,0.245,2.3,11.3,6.8,24.5,1.6,0.8,16.2,24.4,-0.8,0.7,0.0,-0.002,-2.1,-1.8,-3.9,-0.6,0.0,2018
203,Danny Green,25.6,3.1,8.0,0.387,1.7,4.6,0.363,1.4,3.4,0.419,0.49,0.7,0.9,0.769,0.6,3.0,3.6,1.6,0.9,1.1,1.1,1.7,8.6,0.0,0.0,1010.0,0.0,0.0,0.0,0.0,0.0,0.0,0.0,0.0,0.0,0.0,0.0,0.0,0.0,70.0,60.0,1791.0,217.0,561.0,0.387,116.0,320.0,0.363,101.0,241.0,0.419,0.49,50.0,65.0,0.769,41.0,208.0,249.0,110.0,63.0,80.0,74.0,122.0,600.0,0.0,11.4,0.509,0.57,0.116,2.5,13.0,7.7,8.9,1.8,3.7,11.2,16.6,0.1,2.9,2.9,0.078,-1.0,1.4,0.4,1.1,0.0,2018
204,Fred VanVleet,20.0,3.1,7.2,0.426,1.4,3.4,0.414,1.6,3.7,0.437,0.525,1.1,1.3,0.832,0.3,2.1,2.4,3.2,0.9,0.3,1.0,1.7,8.6,0.0,0.0,1010.0,0.0,0.0,0.0,0.0,0.0,0.0,0.0,0.0,0.0,0.0,0.0,0.0,0.0,76.0,0.0,1520.0,232.0,545.0,0.426,108.0,261.0,0.414,124.0,284.0,0.437,0.525,84.0,101.0,0.832,25.0,159.0,184.0,243.0,68.0,19.0,74.0,130.0,656.0,0.0,15.9,0.556,0.479,0.185,1.9,11.5,6.8,22.8,2.2,1.0,11.2,19.1,2.7,2.0,4.7,0.149,1.4,1.0,2.4,1.7,0.0,2018
205,Jonathan Gibson,10.0,3.5,5.8,0.609,1.5,3.0,0.5,2.0,2.8,0.727,0.739,0.0,0.0,0.0,0.0,0.8,0.8,1.0,0.0,0.0,0.8,1.3,8.5,0.0,0.0,1010.0,0.0,0.0,0.0,0.0,0.0,0.0,0.0,0.0,0.0,0.0,0.0,0.0,0.0,4.0,0.0,40.0,14.0,23.0,0.609,6.0,12.0,0.5,8.0,11.0,0.727,0.739,0.0,0.0,0.0,0.0,3.0,3.0,4.0,0.0,0.0,3.0,5.0,34.0,0.0,25.4,0.739,0.522,0.0,0.0,8.1,4.1,22.6,0.0,0.0,11.5,29.0,0.1,0.0,0.2,0.195,4.9,-0.8,4.1,0.1,0.0,2018
206,Alex Len,20.2,3.1,5.5,0.566,0.0,0.0,0.333,3.1,5.4,0.568,0.567,2.3,3.3,0.684,2.5,5.0,7.5,1.2,0.4,0.9,1.1,2.3,8.5,0.0,0.0,1010.0,0.0,0.0,0.0,0.0,0.0,0.0,0.0,0.0,0.0,0.0,0.0,0.0,0.0,69.0,13.0,1395.0,214.0,378.0,0.566,1.0,3.0,0.333,213.0,375.0,0.568,0.567,158.0,231.0,0.684,175.0,343.0,518.0,82.0,27.0,61.0,78.0,158.0,587.0,0.0,19.4,0.612,0.008,0.611,13.2,26.7,19.8,9.1,0.9,3.5,14.0,17.0,3.2,1.3,4.5,0.154,0.6,-0.3,0.3,0.8,0.0,2018
207,Dwight Powell,21.2,3.2,5.4,0.593,0.4,1.1,0.333,2.9,4.4,0.656,0.626,1.7,2.3,0.719,1.7,3.9,5.6,1.2,0.8,0.4,0.7,2.4,8.5,0.0,0.0,1010.0,0.0,0.0,0.0,0.0,0.0,0.0,0.0,0.0,0.0,0.0,0.0,0.0,0.0,79.0,24.0,1672.0,255.0,430.0,0.593,28.0,84.0,0.333,227.0,346.0,0.656,0.626,133.0,185.0,0.719,135.0,309.0,444.0,91.0,67.0,32.0,59.0,186.0,671.0,0.0,18.8,0.656,0.195,0.43,8.7,21.3,14.7,8.5,2.0,1.7,10.3,15.5,4.6,2.1,6.6,0.191,0.6,1.0,1.6,1.5,0.0,2018
208,Derrick Rose,16.8,3.2,7.4,0.435,0.3,1.2,0.233,3.0,6.2,0.474,0.454,1.6,1.8,0.87,0.5,0.9,1.4,1.5,0.3,0.2,1.4,0.6,8.4,0.0,0.0,1010.0,0.0,0.0,0.0,0.0,0.0,0.0,0.0,0.0,0.0,0.0,0.0,0.0,0.0,25.0,7.0,420.0,81.0,186.0,0.435,7.0,30.0,0.233,74.0,156.0,0.474,0.454,40.0,46.0,0.87,13.0,22.0,35.0,37.0,7.0,4.0,35.0,16.0,209.0,0.0,11.5,0.507,0.161,0.247,3.5,5.8,4.7,13.6,0.8,0.8,14.5,25.4,-0.2,0.1,-0.2,-0.018,-2.1,-3.3,-5.4,-0.4,0.0,2018
209,Devin Harris,18.9,2.6,6.4,0.412,1.1,3.2,0.348,1.5,3.2,0.476,0.499,2.0,2.4,0.835,0.2,1.6,1.8,2.1,0.7,0.2,1.1,2.2,8.4,0.0,0.0,1010.0,0.0,0.0,0.0,0.0,0.0,0.0,0.0,0.0,0.0,0.0,0.0,0.0,0.0,71.0,1.0,1340.0,187.0,454.0,0.412,79.0,227.0,0.348,108.0,227.0,0.476,0.499,142.0,170.0,0.835,12.0,115.0,127.0,152.0,47.0,12.0,76.0,158.0,595.0,0.0,13.0,0.563,0.5,0.374,1.0,9.8,5.3,16.9,1.8,0.8,12.6,20.2,1.6,0.9,2.5,0.089,-1.5,-0.3,-1.8,0.1,0.0,2018
210,Marcin Gortat,25.3,3.5,6.8,0.518,0.0,0.0,0.0,3.5,6.8,0.518,0.518,1.3,2.0,0.675,2.2,5.4,7.6,1.8,0.5,0.7,1.2,2.1,8.4,0.0,0.0,1010.0,0.0,0.0,0.0,0.0,0.0,0.0,0.0,0.0,0.0,0.0,0.0,0.0,0.0,82.0,82.0,2075.0,290.0,560.0,0.518,0.0,0.0,0.0,290.0,560.0,0.518,0.518,110.0,163.0,0.675,181.0,442.0,623.0,151.0,40.0,61.0,99.0,175.0,690.0,0.0,14.7,0.546,0.0,0.291,9.9,24.0,17.0,10.6,1.0,2.6,13.5,15.5,2.4,2.4,4.9,0.113,-0.8,0.3,-0.6,0.8,0.0,2018
211,Jerami Grant,20.3,3.0,5.6,0.535,0.4,1.4,0.291,2.6,4.3,0.613,0.57,2.0,3.0,0.675,1.1,2.9,3.9,0.7,0.4,1.0,0.7,1.9,8.4,0.0,0.0,1010.0,0.0,0.0,0.0,0.0,0.0,0.0,0.0,0.0,0.0,0.0,0.0,0.0,0.0,81.0,1.0,1647.0,244.0,456.0,0.535,32.0,110.0,0.291,212.0,346.0,0.613,0.57,162.0,240.0,0.675,86.0,233.0,319.0,57.0,31.0,77.0,54.0,155.0,682.0,0.0,16.2,0.607,0.241,0.526,5.6,16.3,10.7,5.1,0.9,4.2,8.8,16.0,3.5,1.9,5.4,0.156,0.0,0.3,0.3,1.0,0.0,2018
212,Jerian Grant,22.8,2.8,6.8,0.416,0.8,2.5,0.326,2.0,4.3,0.468,0.476,1.9,2.5,0.745,0.4,1.9,2.3,4.6,0.9,0.1,1.2,1.8,8.4,0.0,0.0,1010.0,0.0,0.0,0.0,0.0,0.0,0.0,0.0,0.0,0.0,0.0,0.0,0.0,0.0,74.0,26.0,1686.0,209.0,503.0,0.416,61.0,187.0,0.326,148.0,316.0,0.468,0.476,140.0,188.0,0.745,31.0,141.0,172.0,342.0,63.0,8.0,89.0,132.0,619.0,0.0,14.3,0.528,0.372,0.374,1.9,9.3,5.5,30.1,1.8,0.4,13.2,17.4,2.3,1.0,3.3,0.094,-0.9,-0.5,-1.3,0.3,0.0,2018
213,Garrett Temple,24.8,3.1,7.3,0.418,1.4,3.5,0.392,1.7,3.8,0.442,0.512,0.9,1.2,0.769,0.3,2.0,2.3,1.9,0.9,0.4,1.2,2.1,8.4,0.0,0.0,1010.0,0.0,0.0,0.0,0.0,0.0,0.0,0.0,0.0,0.0,0.0,0.0,0.0,0.0,65.0,35.0,1615.0,199.0,476.0,0.418,89.0,227.0,0.392,110.0,249.0,0.442,0.512,60.0,78.0,0.769,22.0,130.0,152.0,124.0,57.0,27.0,79.0,135.0,547.0,0.0,10.2,0.536,0.477,0.164,1.5,9.6,5.4,11.3,1.8,1.6,13.4,16.4,0.3,0.9,1.2,0.035,-2.2,-0.3,-2.5,-0.2,0.0,2018
214,Rajon Rondo,26.2,3.6,7.6,0.468,0.8,2.3,0.333,2.8,5.3,0.526,0.518,0.4,0.7,0.543,0.5,3.6,4.0,8.2,1.1,0.2,2.3,1.8,8.3,0.0,0.0,1010.0,0.0,0.0,0.0,0.0,0.0,0.0,0.0,0.0,0.0,0.0,0.0,0.0,0.0,65.0,63.0,1705.0,231.0,494.0,0.468,50.0,150.0,0.333,181.0,344.0,0.526,0.518,25.0,46.0,0.543,31.0,232.0,263.0,533.0,70.0,10.0,151.0,119.0,537.0,2.0,15.3,0.522,0.304,0.093,2.0,14.2,8.4,42.2,2.0,0.5,22.7,16.9,1.9,1.7,3.6,0.101,0.0,-0.4,-0.3,0.7,0.0,2018
215,J.R. Smith,28.1,3.0,7.4,0.403,1.8,4.8,0.375,1.2,2.7,0.453,0.524,0.5,0.7,0.696,0.4,2.6,2.9,1.8,0.9,0.1,1.0,2.0,8.3,0.0,0.0,1010.0,0.0,0.0,0.0,0.0,0.0,0.0,0.0,0.0,0.0,0.0,0.0,0.0,0.0,80.0,61.0,2244.0,240.0,595.0,0.403,143.0,381.0,0.375,97.0,214.0,0.453,0.524,39.0,56.0,0.696,29.0,206.0,235.0,141.0,68.0,11.0,81.0,161.0,662.0,0.0,8.4,0.534,0.64,0.094,1.5,10.1,5.9,8.6,1.5,0.4,11.6,13.8,0.6,0.9,1.4,0.031,-2.1,-0.9,-3.0,-0.6,0.0,2018
216,Jarrett Allen,20.0,3.3,5.5,0.589,0.1,0.2,0.333,3.2,5.3,0.599,0.596,1.6,2.0,0.776,2.0,3.4,5.4,0.7,0.4,1.2,1.1,2.0,8.2,0.0,0.0,1010.0,0.0,0.0,0.0,0.0,0.0,0.0,0.0,0.0,0.0,0.0,0.0,0.0,0.0,72.0,31.0,1441.0,234.0,397.0,0.589,5.0,15.0,0.333,229.0,382.0,0.599,0.596,114.0,147.0,0.776,144.0,244.0,388.0,49.0,28.0,88.0,82.0,147.0,587.0,0.0,17.5,0.636,0.038,0.37,10.5,18.1,14.3,5.4,0.9,4.6,15.1,16.3,2.7,1.5,4.2,0.141,-0.9,0.1,-0.8,0.5,0.0,2018
217,Thabo Sefolosha,21.2,3.1,6.3,0.492,0.8,2.2,0.381,2.3,4.1,0.551,0.558,1.2,1.4,0.815,0.8,3.5,4.2,0.9,1.4,0.3,0.8,1.6,8.2,0.0,0.0,1010.0,0.0,0.0,0.0,0.0,0.0,0.0,0.0,0.0,0.0,0.0,0.0,0.0,0.0,38.0,6.0,806.0,118.0,240.0,0.492,32.0,84.0,0.381,86.0,156.0,0.551,0.558,44.0,54.0,0.815,29.0,132.0,161.0,33.0,52.0,12.0,30.0,59.0,312.0,0.0,15.8,0.591,0.35,0.225,4.1,18.4,11.3,6.3,3.2,1.3,10.2,16.4,1.0,1.6,2.6,0.156,0.2,2.5,2.7,0.9,0.0,2018
218,Evan Turner,25.7,3.3,7.3,0.447,0.5,1.7,0.318,2.7,5.6,0.485,0.484,1.2,1.4,0.85,0.4,2.7,3.1,2.2,0.6,0.4,1.3,2.1,8.2,0.0,0.0,1010.0,0.0,0.0,0.0,0.0,0.0,0.0,0.0,0.0,0.0,0.0,0.0,0.0,0.0,79.0,40.0,2034.0,258.0,577.0,0.447,42.0,132.0,0.318,216.0,445.0,0.485,0.484,91.0,107.0,0.85,30.0,214.0,244.0,173.0,47.0,29.0,99.0,163.0,649.0,0.0,9.9,0.52,0.229,0.185,1.6,11.4,6.5,12.4,1.1,1.2,13.7,15.6,0.5,2.1,2.6,0.061,-2.9,0.4,-2.5,-0.3,0.0,2018
219,Dante Exum,16.8,3.0,6.2,0.483,0.4,1.3,0.278,2.6,4.9,0.536,0.511,1.8,2.2,0.806,0.3,1.6,1.9,3.1,0.6,0.2,1.4,1.4,8.1,0.0,0.0,1010.0,0.0,0.0,0.0,0.0,0.0,0.0,0.0,0.0,0.0,0.0,0.0,0.0,0.0,14.0,0.0,235.0,42.0,87.0,0.483,5.0,18.0,0.278,37.0,69.0,0.536,0.511,25.0,31.0,0.806,4.0,22.0,26.0,43.0,8.0,3.0,20.0,20.0,114.0,0.0,16.7,0.566,0.207,0.356,2.0,10.5,6.3,29.7,1.7,1.1,16.6,23.1,0.3,0.3,0.7,0.133,-0.3,0.4,0.1,0.1,0.0,2018
220,Dejounte Murray,21.5,3.3,7.5,0.443,0.1,0.4,0.265,3.2,7.1,0.454,0.451,1.3,1.8,0.709,1.4,4.3,5.7,2.9,1.2,0.4,1.7,1.9,8.1,0.0,0.0,1010.0,0.0,0.0,0.0,0.0,0.0,0.0,0.0,0.0,0.0,0.0,0.0,0.0,0.0,81.0,48.0,1743.0,270.0,609.0,0.443,9.0,34.0,0.265,261.0,575.0,0.454,0.451,105.0,148.0,0.709,110.0,349.0,459.0,231.0,97.0,31.0,134.0,151.0,654.0,0.0,15.1,0.485,0.056,0.243,7.0,22.4,14.6,20.2,2.8,1.5,16.6,20.7,-0.2,3.4,3.2,0.087,-1.6,2.2,0.5,1.1,0.0,2018
221,Aaron Jackson,35.0,3.0,9.0,0.333,1.0,4.0,0.25,2.0,5.0,0.4,0.389,1.0,2.0,0.5,2.0,1.0,3.0,1.0,0.0,0.0,1.0,4.0,8.0,0.0,0.0,1010.0,0.0,0.0,0.0,0.0,0.0,0.0,0.0,0.0,0.0,0.0,0.0,0.0,0.0,1.0,0.0,35.0,3.0,9.0,0.333,1.0,4.0,0.25,2.0,5.0,0.4,0.389,1.0,2.0,0.5,2.0,1.0,3.0,1.0,0.0,0.0,1.0,4.0,8.0,0.0,2.4,0.405,0.444,0.222,6.5,3.2,4.8,4.0,0.0,0.0,9.2,13.7,0.0,0.0,0.0,-0.017,-6.6,-2.3,-8.9,-0.1,0.0,2018
222,Delon Wright,20.8,2.9,6.3,0.465,0.8,2.2,0.366,2.1,4.0,0.52,0.53,1.4,1.7,0.829,0.7,2.2,2.9,2.9,1.0,0.5,1.1,1.2,8.0,0.0,0.0,1010.0,0.0,0.0,0.0,0.0,0.0,0.0,0.0,0.0,0.0,0.0,0.0,0.0,0.0,69.0,4.0,1433.0,201.0,432.0,0.465,56.0,153.0,0.366,145.0,279.0,0.52,0.53,97.0,117.0,0.829,45.0,153.0,198.0,200.0,72.0,33.0,78.0,81.0,555.0,0.0,16.5,0.574,0.354,0.271,3.6,11.7,7.7,19.6,2.5,1.8,13.9,17.2,2.5,2.1,4.5,0.152,1.4,1.8,3.3,1.9,0.0,2018
223,Kyle Anderson,26.7,3.1,5.9,0.527,0.3,0.8,0.333,2.9,5.1,0.556,0.549,1.4,2.0,0.712,1.1,4.2,5.4,2.7,1.6,0.8,1.3,1.5,7.9,0.0,0.0,1010.0,0.0,0.0,0.0,0.0,0.0,0.0,0.0,0.0,0.0,0.0,0.0,0.0,0.0,74.0,67.0,1978.0,231.0,438.0,0.527,19.0,57.0,0.333,212.0,381.0,0.556,0.549,104.0,146.0,0.712,84.0,312.0,396.0,202.0,115.0,60.0,94.0,114.0,585.0,0.0,15.9,0.582,0.13,0.333,4.7,17.6,11.1,14.7,2.9,2.5,15.8,13.5,2.4,3.8,6.2,0.151,-0.4,3.3,2.9,2.4,0.0,2018
224,Jerryd Bayless,23.7,2.8,6.7,0.416,1.4,3.7,0.37,1.4,3.0,0.474,0.519,0.9,1.1,0.795,0.4,1.7,2.1,1.4,0.6,0.2,1.2,2.3,7.9,0.0,0.0,1010.0,0.0,0.0,0.0,0.0,0.0,0.0,0.0,0.0,0.0,0.0,0.0,0.0,0.0,39.0,11.0,925.0,109.0,262.0,0.416,54.0,146.0,0.37,55.0,116.0,0.474,0.519,35.0,44.0,0.795,15.0,65.0,80.0,54.0,23.0,6.0,46.0,91.0,307.0,0.0,7.5,0.546,0.557,0.168,1.8,7.3,4.7,8.0,1.2,0.5,14.1,15.1,0.2,0.9,1.1,0.055,-2.7,-0.2,-2.8,-0.2,0.0,2018
225,Antonio Blakeney,16.5,2.8,7.5,0.371,0.8,2.7,0.288,2.0,4.8,0.418,0.423,1.6,2.1,0.769,0.2,1.5,1.7,1.1,0.4,0.1,0.6,1.0,7.9,0.0,0.0,1010.0,0.0,0.0,0.0,0.0,0.0,0.0,0.0,0.0,0.0,0.0,0.0,0.0,0.0,19.0,0.0,314.0,53.0,143.0,0.371,15.0,52.0,0.288,38.0,91.0,0.418,0.423,30.0,39.0,0.769,4.0,29.0,33.0,20.0,7.0,1.0,11.0,19.0,151.0,0.0,10.1,0.471,0.364,0.273,1.3,10.3,5.6,10.1,1.1,0.3,6.4,23.7,-0.2,0.1,0.0,-0.006,-2.8,-2.4,-5.2,-0.3,0.0,2018
226,Josh Hart,23.2,2.8,6.0,0.469,1.2,3.1,0.396,1.6,2.8,0.551,0.573,1.0,1.5,0.702,0.7,3.5,4.2,1.3,0.7,0.3,0.7,1.7,7.9,0.0,0.0,1010.0,0.0,0.0,0.0,0.0,0.0,0.0,0.0,0.0,0.0,0.0,0.0,0.0,0.0,63.0,23.0,1461.0,176.0,375.0,0.469,78.0,197.0,0.396,98.0,178.0,0.551,0.573,66.0,94.0,0.702,42.0,221.0,263.0,80.0,47.0,16.0,47.0,107.0,496.0,0.0,12.2,0.596,0.525,0.251,3.1,16.0,9.6,7.6,1.5,0.9,10.1,13.5,1.9,1.5,3.4,0.111,-0.6,0.5,-0.1,0.7,0.0,2018
227,Cory Joseph,27.0,3.1,7.4,0.424,0.8,2.3,0.353,2.3,5.0,0.457,0.479,0.9,1.1,0.745,0.5,2.7,3.2,3.2,1.0,0.2,1.1,1.7,7.9,0.0,0.0,1010.0,0.0,0.0,0.0,0.0,0.0,0.0,0.0,0.0,0.0,0.0,0.0,0.0,0.0,82.0,17.0,2210.0,256.0,604.0,0.424,67.0,190.0,0.353,189.0,414.0,0.457,0.479,70.0,94.0,0.745,39.0,224.0,263.0,260.0,80.0,18.0,87.0,141.0,649.0,0.0,11.0,0.503,0.315,0.156,2.0,11.4,6.7,16.1,1.8,0.7,11.9,14.8,1.2,2.0,3.1,0.068,-1.8,0.3,-1.5,0.3,0.0,2018
228,Frank Mason III,18.9,2.8,7.3,0.379,0.6,1.7,0.36,2.2,5.7,0.384,0.42,1.8,2.2,0.817,0.6,1.9,2.5,2.8,0.7,0.2,1.3,1.4,7.9,0.0,0.0,1010.0,0.0,0.0,0.0,0.0,0.0,0.0,0.0,0.0,0.0,0.0,0.0,0.0,0.0,52.0,2.0,984.0,144.0,380.0,0.379,31.0,86.0,0.36,113.0,294.0,0.384,0.42,94.0,115.0,0.817,30.0,100.0,130.0,147.0,34.0,10.0,65.0,72.0,413.0,0.0,13.0,0.48,0.226,0.303,3.3,12.1,7.5,22.7,1.7,1.0,13.1,22.6,0.0,0.6,0.5,0.027,-1.3,-1.0,-2.3,-0.1,0.0,2018
229,David Nwaba,23.5,2.9,6.0,0.478,0.3,0.7,0.346,2.6,5.3,0.496,0.499,1.9,2.9,0.655,1.3,3.4,4.7,1.5,0.8,0.4,1.1,2.3,7.9,0.0,0.0,1010.0,0.0,0.0,0.0,0.0,0.0,0.0,0.0,0.0,0.0,0.0,0.0,0.0,0.0,70.0,21.0,1646.0,202.0,423.0,0.478,18.0,52.0,0.346,184.0,371.0,0.496,0.499,133.0,203.0,0.655,89.0,237.0,326.0,104.0,59.0,29.0,77.0,158.0,555.0,0.0,12.2,0.542,0.123,0.48,5.6,16.0,10.6,9.4,1.7,1.6,13.1,15.6,1.1,1.4,2.4,0.071,-2.7,0.2,-2.5,-0.2,0.0,2018
230,Chandler Parsons,19.2,3.0,6.5,0.462,1.4,3.4,0.421,1.6,3.1,0.504,0.571,0.5,0.8,0.63,0.4,2.1,2.5,1.9,0.5,0.3,1.0,1.5,7.9,0.0,0.0,1010.0,0.0,0.0,0.0,0.0,0.0,0.0,0.0,0.0,0.0,0.0,0.0,0.0,0.0,36.0,8.0,691.0,108.0,234.0,0.462,51.0,121.0,0.421,57.0,113.0,0.504,0.571,17.0,27.0,0.63,14.0,76.0,90.0,69.0,18.0,11.0,35.0,53.0,284.0,0.0,13.6,0.578,0.517,0.115,2.3,13.0,7.5,16.4,1.3,1.5,12.5,18.3,0.7,0.4,1.1,0.077,1.2,-0.4,0.8,0.5,0.0,2018
231,Doug McDermott,21.8,2.9,6.3,0.467,1.1,2.7,0.426,1.8,3.6,0.497,0.557,0.8,1.0,0.79,0.5,2.0,2.5,1.0,0.2,0.2,0.7,1.5,7.8,0.0,0.0,1010.0,0.0,0.0,0.0,0.0,0.0,0.0,0.0,0.0,0.0,0.0,0.0,0.0,0.0,81.0,4.0,1768.0,237.0,508.0,0.467,92.0,216.0,0.426,145.0,292.0,0.497,0.557,64.0,81.0,0.79,40.0,160.0,200.0,79.0,19.0,16.0,56.0,122.0,630.0,0.0,10.4,0.579,0.425,0.159,2.5,10.2,6.3,6.5,0.5,0.8,9.3,15.0,1.7,0.6,2.3,0.063,-1.0,-1.3,-2.2,-0.1,0.0,2018
232,Darius Miller,23.7,2.6,5.9,0.444,1.8,4.4,0.411,0.8,1.6,0.535,0.594,0.7,0.8,0.866,0.2,1.8,2.0,1.4,0.3,0.2,0.7,2.0,7.8,0.0,0.0,1010.0,0.0,0.0,0.0,0.0,0.0,0.0,0.0,0.0,0.0,0.0,0.0,0.0,0.0,82.0,3.0,1944.0,216.0,487.0,0.444,147.0,358.0,0.411,69.0,129.0,0.535,0.594,58.0,67.0,0.866,18.0,146.0,164.0,111.0,28.0,17.0,58.0,160.0,637.0,0.0,9.3,0.617,0.735,0.138,1.0,7.9,4.6,7.5,0.7,0.7,10.1,12.8,2.1,0.9,3.0,0.075,-1.1,-0.8,-1.9,0.1,0.0,2018
233,Tyler Ulis,23.4,3.0,7.8,0.388,0.6,2.1,0.288,2.4,5.7,0.425,0.426,1.2,1.4,0.832,0.3,1.5,1.8,4.4,1.0,0.1,1.8,1.7,7.8,0.0,0.0,1010.0,0.0,0.0,0.0,0.0,0.0,0.0,0.0,0.0,0.0,0.0,0.0,0.0,0.0,71.0,43.0,1658.0,214.0,551.0,0.388,42.0,146.0,0.288,172.0,405.0,0.425,0.426,84.0,101.0,0.832,24.0,104.0,128.0,311.0,70.0,7.0,127.0,120.0,554.0,0.0,10.1,0.465,0.265,0.183,1.5,6.8,4.1,28.0,2.0,0.3,17.6,18.5,-0.7,0.5,-0.2,-0.006,-3.0,-1.4,-4.4,-1.0,0.0,2018
234,Justise Winslow,24.7,3.0,7.2,0.424,0.7,1.9,0.38,2.3,5.3,0.44,0.474,1.0,1.5,0.635,0.9,4.5,5.4,2.2,0.8,0.5,1.1,2.1,7.8,0.0,0.0,1010.0,0.0,0.0,0.0,0.0,0.0,0.0,0.0,0.0,0.0,0.0,0.0,0.0,0.0,68.0,25.0,1680.0,207.0,488.0,0.424,49.0,129.0,0.38,158.0,359.0,0.44,0.474,66.0,104.0,0.635,64.0,306.0,370.0,148.0,54.0,33.0,77.0,140.0,529.0,0.0,11.5,0.496,0.264,0.213,4.3,20.5,12.4,13.0,1.6,1.7,12.6,16.3,0.2,2.4,2.6,0.075,-2.2,1.1,-1.1,0.4,0.0,2018
235,Alec Burks,16.5,2.7,6.5,0.411,0.7,2.2,0.331,1.9,4.3,0.452,0.467,1.7,1.9,0.863,0.3,2.7,3.0,1.0,0.6,0.1,0.9,1.2,7.7,0.0,0.0,1010.0,0.0,0.0,0.0,0.0,0.0,0.0,0.0,0.0,0.0,0.0,0.0,0.0,0.0,64.0,1.0,1059.0,170.0,414.0,0.411,47.0,142.0,0.331,123.0,272.0,0.452,0.467,107.0,124.0,0.863,19.0,173.0,192.0,67.0,37.0,8.0,60.0,75.0,494.0,0.0,13.1,0.527,0.343,0.3,2.1,18.4,10.3,10.0,1.8,0.6,11.4,22.5,0.2,1.6,1.9,0.084,-1.3,0.4,-0.9,0.3,0.0,2018
236,Mario Chalmers,21.5,2.5,6.7,0.379,0.8,2.9,0.277,1.7,3.8,0.456,0.439,1.8,2.1,0.855,0.2,2.2,2.4,3.0,1.2,0.2,1.8,2.7,7.7,0.0,0.0,1010.0,0.0,0.0,0.0,0.0,0.0,0.0,0.0,0.0,0.0,0.0,0.0,0.0,0.0,66.0,10.0,1421.0,168.0,443.0,0.379,53.0,191.0,0.277,115.0,252.0,0.456,0.439,118.0,138.0,0.855,13.0,144.0,157.0,197.0,79.0,14.0,117.0,179.0,507.0,0.0,10.4,0.503,0.431,0.312,1.0,12.0,6.4,21.5,2.8,0.9,18.8,19.6,-0.6,1.3,0.6,0.021,-3.7,0.5,-3.2,-0.4,0.0,2018
237,Marquese Chriss,21.2,2.8,6.6,0.423,0.8,2.6,0.295,2.0,4.0,0.509,0.482,1.3,2.2,0.608,1.1,4.4,5.5,1.2,0.7,1.0,1.5,2.8,7.7,0.0,0.0,1010.0,0.0,0.0,0.0,0.0,0.0,0.0,0.0,0.0,0.0,0.0,0.0,0.0,0.0,72.0,49.0,1527.0,202.0,477.0,0.423,56.0,190.0,0.295,146.0,287.0,0.509,0.482,96.0,158.0,0.608,76.0,319.0,395.0,83.0,51.0,70.0,107.0,205.0,556.0,0.0,11.1,0.509,0.398,0.331,5.2,22.7,13.8,8.1,1.6,3.7,16.4,18.1,-0.8,1.5,0.7,0.023,-3.2,0.4,-2.8,-0.3,0.0,2018
238,Jarell Martin,22.8,3.0,6.8,0.446,0.5,1.3,0.347,2.6,5.5,0.47,0.48,1.2,1.6,0.767,1.3,3.0,4.4,1.0,0.5,0.7,1.2,2.9,7.7,0.0,0.0,1010.0,0.0,0.0,0.0,0.0,0.0,0.0,0.0,0.0,0.0,0.0,0.0,0.0,0.0,73.0,36.0,1661.0,221.0,496.0,0.446,34.0,98.0,0.347,187.0,398.0,0.47,0.48,89.0,116.0,0.767,97.0,221.0,318.0,73.0,39.0,49.0,86.0,211.0,565.0,0.0,10.5,0.516,0.198,0.234,6.6,15.8,11.1,7.0,1.2,2.8,13.6,17.1,0.1,1.2,1.3,0.038,-3.3,-0.7,-4.0,-0.8,0.0,2018
239,Tony Parker,19.5,3.2,7.1,0.459,0.2,0.7,0.27,3.1,6.4,0.479,0.472,1.0,1.4,0.705,0.1,1.6,1.7,3.5,0.5,0.0,1.2,0.9,7.7,0.0,0.0,1010.0,0.0,0.0,0.0,0.0,0.0,0.0,0.0,0.0,0.0,0.0,0.0,0.0,0.0,55.0,21.0,1071.0,178.0,388.0,0.459,10.0,37.0,0.27,168.0,351.0,0.479,0.472,55.0,78.0,0.705,7.0,88.0,95.0,195.0,28.0,1.0,68.0,52.0,421.0,0.0,12.7,0.498,0.095,0.201,0.7,9.2,4.9,28.2,1.3,0.1,13.9,20.5,0.4,1.1,1.4,0.065,-2.3,-0.9,-3.3,-0.3,0.0,2018
240,Marreese Speights,13.0,2.7,6.7,0.395,1.7,4.5,0.369,1.0,2.2,0.448,0.519,0.8,1.1,0.727,0.4,2.2,2.6,0.8,0.2,0.4,0.8,2.0,7.7,0.0,0.0,1010.0,0.0,0.0,0.0,0.0,0.0,0.0,0.0,0.0,0.0,0.0,0.0,0.0,0.0,52.0,3.0,675.0,138.0,349.0,0.395,86.0,233.0,0.369,52.0,116.0,0.448,0.519,40.0,55.0,0.727,21.0,112.0,133.0,40.0,8.0,22.0,40.0,106.0,402.0,0.0,13.7,0.539,0.668,0.158,3.4,18.4,10.8,9.8,0.6,2.6,9.7,26.9,0.1,0.5,0.6,0.045,0.2,-1.4,-1.1,0.1,0.0,2018
241,Luke Kennard,20.0,2.8,6.4,0.443,1.1,2.7,0.415,1.7,3.7,0.463,0.53,0.9,1.0,0.855,0.3,2.1,2.4,1.7,0.6,0.2,0.9,1.2,7.6,0.0,0.0,1010.0,0.0,0.0,0.0,0.0,0.0,0.0,0.0,0.0,0.0,0.0,0.0,0.0,0.0,73.0,9.0,1463.0,206.0,465.0,0.443,81.0,195.0,0.415,125.0,270.0,0.463,0.53,65.0,76.0,0.855,21.0,155.0,176.0,124.0,44.0,13.0,69.0,86.0,558.0,0.0,12.1,0.56,0.419,0.163,1.6,11.9,6.6,12.7,1.5,0.8,12.2,17.2,1.1,1.4,2.6,0.085,-0.9,0.1,-0.8,0.5,0.0,2018
242,Mike Muscala,20.0,2.7,5.9,0.458,1.2,3.2,0.371,1.5,2.7,0.559,0.558,1.1,1.2,0.919,1.1,3.3,4.3,1.0,0.6,0.5,0.8,1.5,7.6,0.0,0.0,1010.0,0.0,0.0,0.0,0.0,0.0,0.0,0.0,0.0,0.0,0.0,0.0,0.0,0.0,53.0,7.0,1060.0,143.0,312.0,0.458,62.0,167.0,0.371,81.0,145.0,0.559,0.558,57.0,62.0,0.919,56.0,174.0,230.0,51.0,31.0,27.0,42.0,80.0,405.0,0.0,14.4,0.597,0.535,0.199,5.9,18.3,12.1,7.3,1.4,2.2,11.0,15.7,1.5,0.9,2.4,0.109,0.3,0.1,0.3,0.6,0.0,2018
243,Jarrett Jack,25.0,3.0,7.1,0.427,0.4,1.4,0.291,2.6,5.8,0.459,0.455,1.0,1.2,0.84,0.4,2.7,3.1,5.6,0.6,0.1,1.9,1.6,7.5,0.0,0.0,1010.0,0.0,0.0,0.0,0.0,0.0,0.0,0.0,0.0,0.0,0.0,0.0,0.0,0.0,62.0,56.0,1548.0,189.0,443.0,0.427,25.0,86.0,0.291,164.0,357.0,0.459,0.455,63.0,75.0,0.84,22.0,169.0,191.0,348.0,35.0,4.0,115.0,98.0,466.0,1.0,11.5,0.489,0.194,0.169,1.6,12.1,6.8,31.3,1.1,0.2,19.5,16.7,0.5,0.7,1.2,0.036,-1.6,-1.3,-2.8,-0.3,0.0,2018
244,Luc Mbah a Moute,25.6,2.7,5.7,0.481,1.0,2.8,0.364,1.7,2.8,0.599,0.572,1.1,1.6,0.684,0.4,2.7,3.0,0.9,1.2,0.4,1.1,1.6,7.5,0.0,0.0,1010.0,0.0,0.0,0.0,0.0,0.0,0.0,0.0,0.0,0.0,0.0,0.0,0.0,0.0,61.0,15.0,1564.0,166.0,345.0,0.481,63.0,173.0,0.364,103.0,172.0,0.599,0.572,65.0,95.0,0.684,22.0,164.0,186.0,55.0,72.0,25.0,68.0,100.0,460.0,0.0,10.3,0.595,0.501,0.275,1.6,11.7,6.7,5.0,2.3,1.4,15.0,12.8,0.8,2.1,2.8,0.087,-1.6,1.4,-0.2,0.7,0.0,2018
245,Ben McLemore,19.5,2.8,6.7,0.421,1.0,2.8,0.346,1.8,3.8,0.477,0.495,0.9,1.1,0.828,0.6,1.9,2.5,0.9,0.7,0.3,1.1,2.5,7.5,0.0,0.0,1010.0,0.0,0.0,0.0,0.0,0.0,0.0,0.0,0.0,0.0,0.0,0.0,0.0,0.0,56.0,17.0,1091.0,157.0,373.0,0.421,55.0,159.0,0.346,102.0,214.0,0.477,0.495,53.0,64.0,0.828,34.0,105.0,139.0,51.0,38.0,15.0,61.0,139.0,422.0,0.0,9.7,0.526,0.426,0.172,3.5,11.4,7.4,7.5,1.8,1.3,13.2,19.0,-0.2,0.7,0.5,0.023,-2.9,-1.0,-3.9,-0.5,0.0,2018
246,Dwight Buycks,14.7,2.8,6.8,0.414,0.5,1.6,0.333,2.3,5.3,0.438,0.452,1.2,1.4,0.878,0.4,1.0,1.4,2.0,0.7,0.1,1.3,1.3,7.4,0.0,0.0,1010.0,0.0,0.0,0.0,0.0,0.0,0.0,0.0,0.0,0.0,0.0,0.0,0.0,0.0,29.0,0.0,427.0,82.0,198.0,0.414,15.0,45.0,0.333,67.0,153.0,0.438,0.452,36.0,41.0,0.878,12.0,29.0,41.0,59.0,19.0,2.0,39.0,39.0,215.0,0.0,12.8,0.498,0.227,0.207,3.0,7.7,5.3,22.4,2.2,0.4,15.3,26.4,-0.2,0.4,0.2,0.027,-2.3,-0.7,-3.1,-0.1,0.0,2018
247,Ian Clark,19.7,3.0,6.7,0.448,0.8,2.6,0.318,2.2,4.1,0.533,0.511,0.6,0.8,0.763,0.1,1.6,1.7,1.5,0.4,0.1,0.8,1.6,7.4,0.0,0.0,1010.0,0.0,0.0,0.0,0.0,0.0,0.0,0.0,0.0,0.0,0.0,0.0,0.0,0.0,74.0,2.0,1455.0,222.0,495.0,0.448,62.0,195.0,0.318,160.0,300.0,0.533,0.511,45.0,59.0,0.763,10.0,117.0,127.0,110.0,33.0,10.0,57.0,120.0,551.0,0.0,9.4,0.529,0.394,0.119,0.8,8.4,4.7,10.4,1.1,0.5,9.9,17.2,0.3,0.8,1.1,0.037,-2.7,-0.8,-3.5,-0.6,0.0,2018
248,Pascal Siakam,20.7,3.1,6.1,0.508,0.4,1.6,0.22,2.8,4.5,0.612,0.537,0.7,1.1,0.621,1.0,3.5,4.5,2.0,0.8,0.5,0.8,2.0,7.3,0.0,0.0,1010.0,0.0,0.0,0.0,0.0,0.0,0.0,0.0,0.0,0.0,0.0,0.0,0.0,0.0,81.0,5.0,1679.0,253.0,498.0,0.508,29.0,132.0,0.22,224.0,366.0,0.612,0.537,54.0,87.0,0.621,79.0,285.0,364.0,159.0,62.0,42.0,67.0,166.0,589.0,0.0,14.5,0.549,0.265,0.175,5.4,18.6,12.1,13.5,1.8,2.0,11.1,15.7,2.1,2.5,4.7,0.133,-0.3,1.6,1.3,1.4,0.0,2018
249,Nick Young,17.4,2.5,6.1,0.412,1.5,4.1,0.377,1.0,2.0,0.481,0.538,0.7,0.8,0.862,0.3,1.3,1.6,0.5,0.5,0.1,0.5,1.3,7.3,0.0,0.0,1010.0,0.0,0.0,0.0,0.0,0.0,0.0,0.0,0.0,0.0,0.0,0.0,0.0,0.0,80.0,8.0,1393.0,201.0,488.0,0.412,123.0,326.0,0.377,78.0,162.0,0.481,0.538,56.0,65.0,0.862,20.0,105.0,125.0,36.0,38.0,7.0,39.0,100.0,581.0,0.0,10.0,0.562,0.668,0.133,1.7,7.9,5.0,3.5,1.3,0.4,7.0,17.5,0.8,0.9,1.7,0.059,-1.6,-1.9,-3.5,-0.5,0.0,2018
250,Tyler Dorsey,17.4,2.6,6.8,0.377,1.3,3.6,0.362,1.3,3.3,0.393,0.471,0.8,1.1,0.714,0.3,2.0,2.3,1.4,0.3,0.1,0.7,1.1,7.2,0.0,0.0,1010.0,0.0,0.0,0.0,0.0,0.0,0.0,0.0,0.0,0.0,0.0,0.0,0.0,0.0,56.0,5.0,974.0,144.0,382.0,0.377,72.0,199.0,0.362,72.0,183.0,0.393,0.471,45.0,63.0,0.714,17.0,113.0,130.0,79.0,17.0,5.0,37.0,63.0,405.0,0.0,10.0,0.494,0.521,0.165,1.9,12.9,7.4,12.5,0.9,0.4,8.3,20.0,0.0,0.4,0.4,0.02,-1.4,-1.5,-2.9,-0.2,0.0,2018
251,Tomáš Satoranský,22.5,2.8,5.3,0.523,0.6,1.4,0.465,2.1,3.9,0.544,0.585,1.0,1.3,0.781,1.0,2.2,3.2,3.9,0.7,0.2,1.1,1.8,7.2,0.0,0.0,1010.0,0.0,0.0,0.0,0.0,0.0,0.0,0.0,0.0,0.0,0.0,0.0,0.0,0.0,73.0,30.0,1643.0,201.0,384.0,0.523,47.0,101.0,0.465,154.0,283.0,0.544,0.585,75.0,96.0,0.781,72.0,161.0,233.0,286.0,52.0,15.0,83.0,131.0,524.0,0.0,15.4,0.615,0.263,0.25,5.0,11.1,8.0,24.8,1.6,0.8,16.3,13.7,3.7,1.3,5.0,0.145,0.8,0.5,1.2,1.3,0.0,2018
252,James Ennis III,22.3,2.5,5.3,0.474,0.7,2.1,0.333,1.8,3.2,0.567,0.54,1.3,1.6,0.836,1.0,2.1,3.1,1.0,0.7,0.3,0.8,1.9,7.1,0.0,0.0,1010.0,0.0,0.0,0.0,0.0,0.0,0.0,0.0,0.0,0.0,0.0,0.0,0.0,0.0,72.0,22.0,1604.0,182.0,384.0,0.474,51.0,153.0,0.333,131.0,231.0,0.567,0.54,97.0,116.0,0.836,73.0,151.0,224.0,71.0,47.0,18.0,56.0,134.0,512.0,0.0,11.6,0.588,0.398,0.302,5.1,11.0,8.0,6.6,1.5,1.0,11.4,13.7,2.0,1.1,3.1,0.092,-1.1,-0.1,-1.2,0.3,0.0,2018
253,Markelle Fultz,18.1,3.2,7.9,0.405,0.0,0.1,0.0,3.2,7.9,0.409,0.405,0.7,1.5,0.476,0.8,2.3,3.1,3.8,0.9,0.3,1.2,1.6,7.1,0.0,0.0,1010.0,0.0,0.0,0.0,0.0,0.0,0.0,0.0,0.0,0.0,0.0,0.0,0.0,0.0,14.0,0.0,253.0,45.0,111.0,0.405,0.0,1.0,0.0,45.0,110.0,0.409,0.405,10.0,21.0,0.476,11.0,32.0,43.0,53.0,12.0,4.0,17.0,22.0,100.0,1.0,12.4,0.416,0.009,0.189,4.9,13.1,9.2,31.3,2.3,1.3,12.4,23.1,-0.2,0.4,0.2,0.043,-3.3,0.7,-2.6,0.0,0.0,2018
254,Kyle O'Quinn,18.0,2.9,5.0,0.583,0.1,0.2,0.235,2.9,4.8,0.599,0.589,1.3,1.6,0.772,1.6,4.5,6.1,2.1,0.5,1.3,1.3,2.5,7.1,0.0,0.0,1010.0,0.0,0.0,0.0,0.0,0.0,0.0,0.0,0.0,0.0,0.0,0.0,0.0,0.0,77.0,10.0,1387.0,224.0,384.0,0.583,4.0,17.0,0.235,220.0,367.0,0.599,0.589,98.0,127.0,0.772,121.0,349.0,470.0,158.0,36.0,98.0,100.0,192.0,550.0,0.0,20.0,0.625,0.044,0.331,9.7,27.8,18.8,16.8,1.3,6.1,18.5,17.0,2.7,2.1,4.8,0.166,0.4,2.6,3.1,1.8,0.0,2018
255,Mason Plumlee,19.4,3.0,5.0,0.601,0.0,0.0,0.0,3.0,5.0,0.602,0.601,1.1,2.4,0.458,1.8,3.6,5.4,1.9,0.7,1.1,1.4,2.5,7.1,0.0,0.0,1010.0,0.0,0.0,0.0,0.0,0.0,0.0,0.0,0.0,0.0,0.0,0.0,0.0,0.0,74.0,26.0,1439.0,221.0,368.0,0.601,0.0,1.0,0.0,221.0,367.0,0.602,0.601,82.0,179.0,0.458,132.0,268.0,400.0,142.0,49.0,81.0,103.0,184.0,524.0,0.0,16.9,0.586,0.003,0.486,10.4,20.9,15.6,14.4,1.7,4.7,18.7,16.6,1.8,1.8,3.6,0.12,-1.0,1.4,0.5,0.9,0.0,2018
256,Mirza Teletović,15.9,2.5,5.7,0.439,2.1,4.5,0.467,0.4,1.2,0.333,0.623,0.0,0.0,0.0,0.3,2.0,2.3,1.0,0.4,0.1,0.7,1.4,7.1,0.0,0.0,1010.0,0.0,0.0,0.0,0.0,0.0,0.0,0.0,0.0,0.0,0.0,0.0,0.0,0.0,10.0,0.0,159.0,25.0,57.0,0.439,21.0,45.0,0.467,4.0,12.0,0.333,0.623,0.0,0.0,0.0,3.0,20.0,23.0,10.0,4.0,1.0,7.0,14.0,71.0,0.0,13.5,0.623,0.789,0.0,2.2,14.7,8.5,9.5,1.3,0.5,10.9,18.2,0.2,0.1,0.3,0.09,2.1,-1.7,0.4,0.1,0.0,2018
257,Cody Zeller,19.0,2.6,4.7,0.545,0.1,0.1,0.667,2.5,4.6,0.542,0.551,1.8,2.6,0.718,2.0,3.3,5.4,0.9,0.4,0.6,1.0,2.5,7.1,0.0,0.0,1010.0,0.0,0.0,0.0,0.0,0.0,0.0,0.0,0.0,0.0,0.0,0.0,0.0,0.0,33.0,0.0,627.0,85.0,156.0,0.545,2.0,3.0,0.667,83.0,153.0,0.542,0.551,61.0,85.0,0.718,67.0,110.0,177.0,31.0,14.0,21.0,33.0,81.0,233.0,0.0,15.9,0.602,0.019,0.545,11.4,19.3,15.3,7.4,1.1,2.8,14.6,15.7,1.2,0.7,1.9,0.145,-1.2,0.0,-1.2,0.1,0.0,2018
258,Al Jefferson,13.4,3.1,5.8,0.534,0.0,0.1,0.0,3.1,5.7,0.541,0.534,0.8,1.0,0.833,0.8,3.1,4.0,0.8,0.4,0.6,0.6,1.8,7.0,0.0,0.0,1010.0,0.0,0.0,0.0,0.0,0.0,0.0,0.0,0.0,0.0,0.0,0.0,0.0,0.0,36.0,1.0,484.0,111.0,208.0,0.534,0.0,3.0,0.0,111.0,205.0,0.541,0.534,30.0,36.0,0.833,30.0,113.0,143.0,30.0,16.0,23.0,21.0,66.0,252.0,0.0,20.2,0.563,0.014,0.173,7.0,26.2,16.7,10.0,1.7,4.2,8.6,22.5,0.8,0.8,1.6,0.158,0.6,1.5,2.0,0.5,0.0,2018
259,Jamil Wilson,18.3,2.5,5.4,0.469,1.8,4.2,0.429,0.7,1.2,0.611,0.636,0.1,0.3,0.5,0.2,1.9,2.1,0.7,0.3,0.5,0.5,2.3,7.0,0.0,0.0,1010.0,0.0,0.0,0.0,0.0,0.0,0.0,0.0,0.0,0.0,0.0,0.0,0.0,0.0,15.0,10.0,274.0,38.0,81.0,0.469,27.0,63.0,0.429,11.0,18.0,0.611,0.636,2.0,4.0,0.5,3.0,29.0,32.0,10.0,5.0,8.0,8.0,34.0,105.0,0.0,11.4,0.634,0.778,0.049,1.2,11.5,6.4,5.2,0.9,2.4,8.8,14.3,0.4,0.2,0.5,0.096,0.0,0.2,0.2,0.2,0.0,2018
260,Bam Adebayo,19.8,2.5,4.9,0.512,0.0,0.1,0.0,2.5,4.8,0.523,0.512,1.9,2.6,0.721,1.7,3.8,5.5,1.5,0.5,0.6,1.0,2.0,6.9,0.0,0.0,1010.0,0.0,0.0,0.0,0.0,0.0,0.0,0.0,0.0,0.0,0.0,0.0,0.0,0.0,69.0,19.0,1368.0,174.0,340.0,0.512,0.0,7.0,0.0,174.0,333.0,0.523,0.512,129.0,179.0,0.721,118.0,263.0,381.0,101.0,32.0,41.0,66.0,138.0,477.0,0.0,15.7,0.57,0.021,0.526,9.7,21.6,15.6,11.0,1.2,2.5,13.6,15.9,2.3,1.9,4.2,0.148,-1.1,0.7,-0.4,0.6,0.0,2018
261,Raymond Felton,16.6,2.7,6.7,0.406,1.0,2.8,0.352,1.7,3.9,0.444,0.479,0.4,0.5,0.818,0.3,1.6,1.9,2.5,0.6,0.2,0.9,1.1,6.9,0.0,0.0,1010.0,0.0,0.0,0.0,0.0,0.0,0.0,0.0,0.0,0.0,0.0,0.0,0.0,0.0,82.0,2.0,1365.0,224.0,552.0,0.406,81.0,230.0,0.352,143.0,322.0,0.444,0.479,36.0,44.0,0.818,25.0,131.0,156.0,203.0,49.0,16.0,76.0,91.0,565.0,0.0,13.0,0.494,0.417,0.08,2.0,11.0,6.3,22.5,1.8,1.1,11.7,20.4,0.9,1.3,2.2,0.078,-0.3,-0.3,-0.6,0.5,0.0,2018
262,Bryn Forbes,19.0,2.6,6.2,0.421,1.1,2.9,0.39,1.5,3.4,0.446,0.51,0.6,0.9,0.667,0.2,1.2,1.4,1.0,0.4,0.0,0.5,1.4,6.9,0.0,0.0,1010.0,0.0,0.0,0.0,0.0,0.0,0.0,0.0,0.0,0.0,0.0,0.0,0.0,0.0,80.0,12.0,1517.0,209.0,497.0,0.421,89.0,228.0,0.39,120.0,269.0,0.446,0.51,48.0,72.0,0.667,12.0,98.0,110.0,80.0,28.0,2.0,37.0,108.0,555.0,0.0,9.1,0.525,0.459,0.145,0.9,7.2,4.0,7.8,0.9,0.1,6.5,16.7,0.8,1.3,2.1,0.067,-2.5,-0.6,-3.1,-0.4,0.0,2018
263,Shelvin Mack,19.8,2.6,6.0,0.43,0.7,2.0,0.345,1.9,4.0,0.473,0.488,1.0,1.4,0.711,0.3,2.1,2.4,3.9,0.8,0.1,1.3,1.3,6.9,0.0,0.0,1010.0,0.0,0.0,0.0,0.0,0.0,0.0,0.0,0.0,0.0,0.0,0.0,0.0,0.0,69.0,3.0,1365.0,178.0,414.0,0.43,48.0,139.0,0.345,130.0,275.0,0.473,0.488,69.0,97.0,0.711,23.0,143.0,166.0,272.0,54.0,8.0,89.0,91.0,473.0,0.0,13.3,0.518,0.336,0.234,1.8,11.6,6.7,29.5,1.9,0.5,16.3,17.6,1.0,1.0,1.9,0.069,-1.2,-0.2,-1.4,0.2,0.0,2018
264,Jakob Poeltl,18.6,3.1,4.7,0.659,0.0,0.0,0.5,3.1,4.7,0.66,0.66,0.7,1.2,0.594,2.0,2.8,4.8,0.7,0.5,1.2,1.0,2.6,6.9,0.0,0.0,1010.0,0.0,0.0,0.0,0.0,0.0,0.0,0.0,0.0,0.0,0.0,0.0,0.0,0.0,82.0,0.0,1524.0,253.0,384.0,0.659,1.0,2.0,0.5,252.0,382.0,0.66,0.66,60.0,101.0,0.594,165.0,228.0,393.0,57.0,39.0,100.0,85.0,212.0,567.0,0.0,17.5,0.662,0.005,0.263,12.4,16.4,14.4,5.4,1.3,5.2,16.6,14.8,3.1,2.4,5.6,0.175,-0.7,1.1,0.4,0.9,0.0,2018
265,Tony Snell,27.4,2.5,5.7,0.435,1.4,3.6,0.403,1.0,2.1,0.49,0.562,0.5,0.6,0.792,0.1,1.8,1.9,1.3,0.6,0.4,0.5,1.5,6.9,0.0,0.0,1010.0,0.0,0.0,0.0,0.0,0.0,0.0,0.0,0.0,0.0,0.0,0.0,0.0,0.0,75.0,59.0,2053.0,185.0,425.0,0.435,108.0,268.0,0.403,77.0,157.0,0.49,0.562,38.0,48.0,0.792,9.0,132.0,141.0,98.0,47.0,28.0,36.0,115.0,516.0,0.0,8.5,0.578,0.631,0.113,0.5,7.5,4.0,6.5,1.1,1.2,7.5,10.6,1.6,0.7,2.4,0.056,-1.5,-0.8,-2.3,-0.1,0.0,2018
266,Joe Johnson,21.9,2.7,6.5,0.406,0.7,2.6,0.276,1.9,3.9,0.493,0.461,0.7,0.8,0.889,0.3,2.9,3.1,1.5,0.3,0.1,0.9,1.2,6.8,0.0,0.0,1010.0,0.0,0.0,0.0,0.0,0.0,0.0,0.0,0.0,0.0,0.0,0.0,0.0,0.0,55.0,4.0,1205.0,146.0,360.0,0.406,40.0,145.0,0.276,106.0,215.0,0.493,0.461,40.0,45.0,0.889,14.0,158.0,172.0,83.0,18.0,7.0,49.0,67.0,372.0,0.0,8.1,0.49,0.403,0.125,1.3,14.7,8.1,10.2,0.7,0.5,11.4,15.9,-0.3,1.3,1.0,0.04,-2.7,-0.2,-2.9,-0.3,0.0,2018
267,Nemanja Bjelica,20.5,2.6,5.5,0.461,1.1,2.7,0.415,1.4,2.8,0.505,0.563,0.5,0.7,0.8,0.8,3.3,4.1,1.3,0.7,0.2,0.8,2.1,6.8,0.0,0.0,1010.0,0.0,0.0,0.0,0.0,0.0,0.0,0.0,0.0,0.0,0.0,0.0,0.0,0.0,67.0,21.0,1371.0,171.0,371.0,0.461,76.0,183.0,0.415,95.0,188.0,0.505,0.563,36.0,45.0,0.8,53.0,221.0,274.0,86.0,50.0,16.0,52.0,141.0,454.0,0.0,12.6,0.581,0.493,0.121,4.4,18.8,11.5,8.7,1.8,1.0,11.7,14.3,1.7,1.1,2.8,0.097,-0.1,0.2,0.1,0.7,0.0,2018
268,David West,13.7,3.0,5.2,0.571,0.0,0.1,0.375,2.9,5.1,0.576,0.575,0.8,1.1,0.759,0.9,2.4,3.3,1.9,0.6,1.0,1.1,1.6,6.8,0.0,0.0,1010.0,0.0,0.0,0.0,0.0,0.0,0.0,0.0,0.0,0.0,0.0,0.0,0.0,0.0,73.0,0.0,999.0,216.0,378.0,0.571,3.0,8.0,0.375,213.0,370.0,0.576,0.575,60.0,79.0,0.759,64.0,174.0,238.0,138.0,47.0,75.0,80.0,120.0,495.0,0.0,20.9,0.6,0.021,0.209,7.7,18.2,13.3,20.5,2.3,5.9,16.2,21.7,1.8,1.7,3.5,0.168,0.7,2.5,3.1,1.3,0.0,2018
269,Tyler Zeller,16.8,2.8,5.1,0.56,0.2,0.4,0.357,2.7,4.6,0.578,0.575,0.9,1.2,0.722,1.7,3.0,4.6,0.7,0.2,0.5,0.7,1.9,6.7,0.0,0.0,1010.0,0.0,0.0,0.0,0.0,0.0,0.0,0.0,0.0,0.0,0.0,0.0,0.0,0.0,66.0,34.0,1109.0,187.0,334.0,0.56,10.0,28.0,0.357,177.0,306.0,0.578,0.575,57.0,79.0,0.722,110.0,195.0,305.0,47.0,15.0,35.0,47.0,126.0,441.0,0.0,16.0,0.598,0.084,0.237,11.0,19.4,15.2,6.7,0.7,2.5,11.3,16.4,2.0,0.9,2.9,0.126,-0.5,-0.9,-1.4,0.2,0.0,2018
270,Aaron Harrison,25.9,2.1,7.7,0.275,1.0,4.8,0.209,1.1,2.9,0.385,0.341,1.4,1.9,0.765,0.4,2.2,2.7,1.2,1.0,0.2,0.3,3.0,6.7,0.0,0.0,1010.0,0.0,0.0,0.0,0.0,0.0,0.0,0.0,0.0,0.0,0.0,0.0,0.0,0.0,9.0,3.0,233.0,19.0,69.0,0.275,9.0,43.0,0.209,10.0,26.0,0.385,0.341,13.0,17.0,0.765,4.0,20.0,24.0,11.0,9.0,2.0,3.0,27.0,60.0,0.0,5.1,0.392,0.623,0.246,1.8,9.9,5.7,6.7,1.9,0.8,3.8,15.5,-0.3,0.2,-0.1,-0.014,-6.8,-0.6,-7.5,-0.3,0.0,2018
271,Justin Jackson,22.1,2.7,6.2,0.442,0.8,2.7,0.308,1.9,3.4,0.547,0.51,0.4,0.5,0.722,0.4,2.4,2.8,1.1,0.4,0.2,0.6,1.2,6.7,0.0,0.0,1010.0,0.0,0.0,0.0,0.0,0.0,0.0,0.0,0.0,0.0,0.0,0.0,0.0,0.0,68.0,41.0,1506.0,185.0,419.0,0.442,57.0,185.0,0.308,128.0,234.0,0.547,0.51,26.0,36.0,0.722,27.0,160.0,187.0,74.0,28.0,13.0,40.0,81.0,453.0,0.0,9.2,0.521,0.442,0.086,2.0,12.6,7.1,7.2,0.9,0.8,8.4,14.2,0.4,0.5,1.0,0.031,-2.4,-1.1,-3.5,-0.6,0.0,2018
272,Luke Kornet,16.3,2.5,6.3,0.392,1.4,4.0,0.354,1.1,2.3,0.457,0.504,0.4,0.6,0.727,0.6,2.7,3.2,1.3,0.3,0.8,0.6,1.4,6.7,0.0,0.0,1010.0,0.0,0.0,0.0,0.0,0.0,0.0,0.0,0.0,0.0,0.0,0.0,0.0,0.0,20.0,1.0,326.0,49.0,125.0,0.392,28.0,79.0,0.354,21.0,46.0,0.457,0.504,8.0,11.0,0.727,11.0,53.0,64.0,26.0,6.0,16.0,12.0,28.0,134.0,0.0,13.6,0.516,0.632,0.088,3.8,18.0,10.9,11.6,0.9,4.2,8.5,19.0,0.2,0.3,0.5,0.077,0.4,-0.2,0.2,0.2,0.0,2018
273,Kosta Koufos,19.6,3.1,5.5,0.571,0.0,0.0,0.0,3.1,5.5,0.571,0.571,0.5,1.0,0.446,2.1,4.5,6.6,1.2,0.7,0.5,0.7,2.1,6.7,0.0,0.0,1010.0,0.0,0.0,0.0,0.0,0.0,0.0,0.0,0.0,0.0,0.0,0.0,0.0,0.0,71.0,12.0,1391.0,222.0,389.0,0.571,0.0,0.0,0.0,222.0,389.0,0.571,0.571,33.0,74.0,0.446,149.0,323.0,472.0,87.0,47.0,32.0,49.0,146.0,477.0,0.0,17.5,0.566,0.0,0.19,11.7,27.6,19.3,9.7,1.7,2.2,10.4,15.2,2.3,1.5,3.9,0.134,-0.2,-0.2,-0.4,0.6,0.0,2018
274,Malik Monk,13.6,2.4,6.7,0.36,1.3,3.9,0.342,1.1,2.9,0.385,0.458,0.5,0.6,0.842,0.1,0.9,1.0,1.4,0.3,0.1,0.8,1.0,6.7,0.0,0.0,1010.0,0.0,0.0,0.0,0.0,0.0,0.0,0.0,0.0,0.0,0.0,0.0,0.0,0.0,63.0,0.0,854.0,153.0,425.0,0.36,83.0,243.0,0.342,70.0,182.0,0.385,0.458,32.0,38.0,0.842,8.0,58.0,66.0,91.0,20.0,9.0,49.0,60.0,421.0,0.0,10.2,0.477,0.572,0.089,1.0,7.5,4.2,16.9,1.1,0.9,10.0,24.9,-0.5,0.5,0.0,0.0,-1.3,-2.0,-3.4,-0.3,0.0,2018
275,Jordan Crawford,10.6,2.4,5.4,0.444,1.6,2.8,0.571,0.8,2.6,0.308,0.593,0.2,0.2,1.0,0.4,0.4,0.8,2.6,0.2,0.2,1.0,1.4,6.6,0.0,0.0,1010.0,0.0,0.0,0.0,0.0,0.0,0.0,0.0,0.0,0.0,0.0,0.0,0.0,0.0,5.0,0.0,53.0,12.0,27.0,0.444,8.0,14.0,0.571,4.0,13.0,0.308,0.593,1.0,1.0,1.0,2.0,2.0,4.0,13.0,1.0,1.0,5.0,7.0,33.0,0.0,19.1,0.601,0.519,0.037,4.2,4.0,4.1,37.7,0.9,1.5,15.4,26.5,0.1,0.0,0.2,0.15,4.9,-0.7,4.2,0.1,0.0,2018
276,Shaquille Harrison,16.7,2.6,5.4,0.476,0.3,1.1,0.231,2.3,4.3,0.541,0.5,1.2,1.7,0.737,0.4,2.3,2.7,2.4,1.1,0.3,1.0,1.8,6.6,0.0,0.0,1010.0,0.0,0.0,0.0,0.0,0.0,0.0,0.0,0.0,0.0,0.0,0.0,0.0,0.0,23.0,2.0,384.0,59.0,124.0,0.476,6.0,26.0,0.231,53.0,98.0,0.541,0.5,28.0,38.0,0.737,9.0,52.0,61.0,55.0,26.0,7.0,22.0,42.0,152.0,0.0,15.6,0.54,0.21,0.306,2.5,14.7,8.5,22.2,3.2,1.5,13.5,18.0,0.4,0.4,0.8,0.094,-2.3,1.7,-0.7,0.1,0.0,2018
277,Danuel House Jr.,17.5,2.4,5.6,0.434,0.7,2.5,0.259,1.8,3.1,0.577,0.492,1.1,1.3,0.806,0.6,2.7,3.3,1.1,0.3,0.3,0.5,1.0,6.6,0.0,0.0,1010.0,0.0,0.0,0.0,0.0,0.0,0.0,0.0,0.0,0.0,0.0,0.0,0.0,0.0,23.0,3.0,403.0,56.0,129.0,0.434,15.0,58.0,0.259,41.0,71.0,0.577,0.492,25.0,31.0,0.806,13.0,63.0,76.0,25.0,7.0,6.0,11.0,23.0,152.0,0.0,12.4,0.533,0.45,0.24,3.4,17.0,10.1,9.4,0.8,1.2,7.2,16.2,0.4,0.1,0.6,0.066,-0.8,-0.8,-1.6,0.0,0.0,2018
278,Isaiah Taylor,17.4,2.4,5.8,0.418,0.3,1.2,0.25,2.1,4.6,0.461,0.444,1.5,2.1,0.702,0.3,1.1,1.4,3.1,0.5,0.1,1.3,1.7,6.6,0.0,0.0,1010.0,0.0,0.0,0.0,0.0,0.0,0.0,0.0,0.0,0.0,0.0,0.0,0.0,0.0,67.0,9.0,1167.0,163.0,390.0,0.418,20.0,80.0,0.25,143.0,310.0,0.461,0.444,99.0,141.0,0.702,22.0,72.0,94.0,206.0,34.0,10.0,84.0,116.0,445.0,0.0,10.9,0.492,0.205,0.362,2.1,6.9,4.5,27.0,1.4,0.7,15.7,20.1,0.2,0.5,0.6,0.027,-3.1,-1.3,-4.4,-0.7,0.0,2018
279,Dragan Bender,25.2,2.3,5.9,0.386,1.4,3.9,0.366,0.8,2.0,0.426,0.508,0.5,0.6,0.765,0.5,3.9,4.4,1.6,0.3,0.6,1.4,2.0,6.5,0.0,0.0,1010.0,0.0,0.0,0.0,0.0,0.0,0.0,0.0,0.0,0.0,0.0,0.0,0.0,0.0,82.0,37.0,2069.0,187.0,484.0,0.386,118.0,322.0,0.366,69.0,162.0,0.426,0.508,39.0,51.0,0.765,40.0,321.0,361.0,130.0,22.0,53.0,112.0,166.0,531.0,0.0,7.1,0.524,0.665,0.105,2.0,16.8,9.3,8.9,0.5,2.1,18.1,12.7,-0.7,0.8,0.1,0.001,-2.9,-0.8,-3.7,-0.9,0.0,2018
280,Tyson Chandler,25.0,2.6,4.1,0.647,0.0,0.0,0.0,2.6,4.1,0.647,0.647,1.3,2.0,0.624,2.9,6.2,9.1,1.2,0.3,0.6,1.3,2.3,6.5,0.0,0.0,1010.0,0.0,0.0,0.0,0.0,0.0,0.0,0.0,0.0,0.0,0.0,0.0,0.0,0.0,46.0,46.0,1151.0,121.0,187.0,0.647,0.0,0.0,0.0,121.0,187.0,0.647,0.647,58.0,93.0,0.624,134.0,284.0,418.0,53.0,16.0,27.0,59.0,106.0,300.0,0.0,14.2,0.658,0.0,0.497,12.2,26.8,19.4,6.6,0.7,1.9,20.6,10.6,1.9,0.8,2.7,0.111,-0.8,-0.6,-1.4,0.2,0.0,2018
281,Maurice Harkless,21.4,2.5,5.0,0.495,0.8,2.0,0.415,1.7,3.0,0.547,0.577,0.7,1.0,0.712,0.8,2.0,2.7,0.9,0.8,0.7,0.7,1.7,6.5,0.0,0.0,1010.0,0.0,0.0,0.0,0.0,0.0,0.0,0.0,0.0,0.0,0.0,0.0,0.0,0.0,59.0,37.0,1264.0,147.0,297.0,0.495,49.0,118.0,0.415,98.0,179.0,0.547,0.577,42.0,59.0,0.712,46.0,116.0,162.0,53.0,48.0,43.0,40.0,103.0,385.0,0.0,12.6,0.596,0.397,0.199,4.0,9.9,7.0,6.0,1.9,2.8,11.0,12.6,1.6,1.7,3.2,0.123,-0.4,1.7,1.4,1.1,0.0,2018
282,Nenê,14.6,2.6,4.6,0.569,0.0,0.0,0.0,2.6,4.6,0.574,0.569,1.3,2.1,0.636,1.0,2.3,3.4,0.9,0.5,0.3,0.7,2.4,6.5,0.0,0.0,1010.0,0.0,0.0,0.0,0.0,0.0,0.0,0.0,0.0,0.0,0.0,0.0,0.0,0.0,52.0,4.0,758.0,136.0,239.0,0.569,0.0,2.0,0.0,136.0,237.0,0.574,0.569,68.0,107.0,0.636,54.0,122.0,176.0,45.0,28.0,14.0,38.0,123.0,340.0,0.0,16.4,0.594,0.008,0.448,8.1,18.0,13.1,9.5,1.8,1.6,11.7,18.9,1.5,1.1,2.6,0.163,-1.6,0.6,-1.0,0.2,0.0,2018
283,Richaun Holmes,15.5,2.8,5.0,0.56,0.1,0.6,0.129,2.7,4.4,0.624,0.568,0.8,1.2,0.661,1.2,3.2,4.4,1.3,0.4,0.6,0.5,2.0,6.5,0.0,0.0,1010.0,0.0,0.0,0.0,0.0,0.0,0.0,0.0,0.0,0.0,0.0,0.0,0.0,0.0,48.0,2.0,746.0,135.0,241.0,0.56,4.0,31.0,0.129,131.0,210.0,0.624,0.568,37.0,56.0,0.661,57.0,154.0,211.0,61.0,20.0,29.0,25.0,97.0,311.0,0.0,17.4,0.585,0.129,0.232,8.6,21.4,15.2,12.3,1.3,3.2,8.6,16.6,1.6,1.3,2.8,0.183,-0.3,1.4,1.1,0.6,0.0,2018
284,Josh Gray,17.2,2.2,8.2,0.268,0.6,2.6,0.231,1.6,5.6,0.286,0.305,1.4,2.2,0.636,0.4,1.6,2.0,2.4,1.6,0.4,1.4,1.6,6.4,0.0,0.0,1010.0,0.0,0.0,0.0,0.0,0.0,0.0,0.0,0.0,0.0,0.0,0.0,0.0,0.0,5.0,0.0,86.0,11.0,41.0,0.268,3.0,13.0,0.231,8.0,28.0,0.286,0.305,7.0,11.0,0.636,2.0,8.0,10.0,12.0,8.0,2.0,7.0,8.0,32.0,0.0,7.2,0.349,0.317,0.268,2.4,10.1,6.2,20.8,4.5,1.9,13.2,26.1,-0.3,0.1,-0.2,-0.118,-5.2,1.0,-4.2,0.0,0.0,2018
285,Sean Kilpatrick,12.3,2.1,5.7,0.374,0.9,2.8,0.319,1.2,2.9,0.427,0.452,1.2,1.4,0.889,0.1,1.6,1.7,0.9,0.3,0.1,0.7,0.6,6.3,0.0,0.0,1010.0,0.0,0.0,0.0,0.0,0.0,0.0,0.0,0.0,0.0,0.0,0.0,0.0,0.0,52.0,1.0,640.0,110.0,294.0,0.374,46.0,144.0,0.319,64.0,150.0,0.427,0.452,64.0,72.0,0.889,5.0,82.0,87.0,46.0,13.0,5.0,38.0,33.0,330.0,0.0,11.6,0.507,0.49,0.245,0.8,14.2,7.5,11.3,1.0,0.7,10.4,24.9,-0.2,0.3,0.1,0.008,-1.1,-1.7,-2.8,-0.1,0.0,2018
286,Trevor Booker,17.0,2.6,5.0,0.516,0.1,0.5,0.242,2.5,4.6,0.545,0.528,1.0,1.4,0.71,1.7,3.0,4.7,1.2,0.4,0.3,0.9,1.8,6.3,0.0,0.0,1010.0,0.0,0.0,0.0,0.0,0.0,0.0,0.0,0.0,0.0,0.0,0.0,0.0,0.0,68.0,7.0,1158.0,177.0,343.0,0.516,8.0,33.0,0.242,169.0,310.0,0.545,0.528,66.0,93.0,0.71,117.0,201.0,318.0,82.0,28.0,21.0,59.0,119.0,428.0,0.0,14.9,0.557,0.096,0.271,11.1,18.6,14.9,10.8,1.2,1.5,13.3,16.6,1.6,1.3,2.9,0.121,-0.6,0.0,-0.6,0.4,0.0,2018
287,Troy Williams,14.6,2.4,5.2,0.468,0.5,1.8,0.289,1.9,3.4,0.563,0.518,1.0,1.4,0.667,1.0,2.0,3.0,0.8,1.0,0.2,0.9,1.6,6.3,0.0,0.0,1010.0,0.0,0.0,0.0,0.0,0.0,0.0,0.0,0.0,0.0,0.0,0.0,0.0,0.0,21.0,1.0,307.0,51.0,109.0,0.468,11.0,38.0,0.289,40.0,71.0,0.563,0.518,20.0,30.0,0.667,22.0,41.0,63.0,16.0,20.0,4.0,19.0,34.0,133.0,0.0,15.1,0.544,0.349,0.275,8.0,14.8,11.4,7.7,3.2,1.1,13.5,20.1,0.2,0.4,0.5,0.085,-1.0,0.5,-0.5,0.1,0.0,2018
288,Jahlil Okafor,12.6,2.8,4.9,0.558,0.0,0.1,0.25,2.7,4.8,0.567,0.562,0.8,1.0,0.724,0.8,2.3,3.0,0.4,0.1,0.6,0.8,1.8,6.3,0.0,0.0,1010.0,0.0,0.0,0.0,0.0,0.0,0.0,0.0,0.0,0.0,0.0,0.0,0.0,0.0,28.0,0.0,353.0,77.0,138.0,0.558,1.0,4.0,0.25,76.0,134.0,0.567,0.562,21.0,29.0,0.724,21.0,64.0,85.0,12.0,3.0,18.0,21.0,51.0,176.0,0.0,15.3,0.584,0.029,0.21,6.3,19.4,12.8,5.9,0.4,3.9,12.2,21.0,0.3,0.3,0.6,0.083,-1.8,0.0,-1.7,0.0,0.0,2018
289,Malcolm Delaney,18.8,2.0,5.3,0.382,0.9,2.3,0.371,1.2,3.0,0.391,0.463,1.4,1.7,0.804,0.2,1.7,1.9,3.0,0.6,0.1,1.2,1.5,6.3,0.0,0.0,1010.0,0.0,0.0,0.0,0.0,0.0,0.0,0.0,0.0,0.0,0.0,0.0,0.0,0.0,54.0,3.0,1014.0,109.0,285.0,0.382,46.0,124.0,0.371,63.0,161.0,0.391,0.463,74.0,92.0,0.804,9.0,91.0,100.0,163.0,35.0,6.0,66.0,82.0,338.0,0.0,10.6,0.519,0.435,0.323,1.0,10.0,5.5,23.4,1.7,0.5,16.9,16.9,0.4,0.6,1.0,0.047,-2.2,-0.4,-2.6,-0.1,0.0,2018
290,T.J. McConnell,22.4,2.8,5.5,0.499,0.4,0.8,0.435,2.4,4.7,0.51,0.531,0.4,0.5,0.795,0.5,2.5,3.0,4.0,1.2,0.2,1.5,1.6,6.3,0.0,0.0,1010.0,0.0,0.0,0.0,0.0,0.0,0.0,0.0,0.0,0.0,0.0,0.0,0.0,0.0,76.0,1.0,1706.0,210.0,421.0,0.499,27.0,62.0,0.435,183.0,359.0,0.51,0.531,31.0,39.0,0.795,37.0,189.0,226.0,303.0,92.0,13.0,112.0,122.0,478.0,1.0,12.5,0.545,0.147,0.093,2.4,11.5,7.1,24.5,2.6,0.6,20.4,13.8,1.3,2.5,3.8,0.108,-1.9,1.9,0.0,0.9,0.0,2018
291,Jodie Meeks,14.5,2.0,5.1,0.399,0.9,2.7,0.343,1.1,2.4,0.464,0.491,1.3,1.5,0.863,0.2,1.4,1.6,0.9,0.4,0.1,0.5,0.7,6.3,0.0,0.0,1010.0,0.0,0.0,0.0,0.0,0.0,0.0,0.0,0.0,0.0,0.0,0.0,0.0,0.0,77.0,0.0,1119.0,157.0,393.0,0.399,72.0,210.0,0.343,85.0,183.0,0.464,0.491,101.0,117.0,0.863,15.0,111.0,126.0,70.0,29.0,4.0,37.0,55.0,487.0,0.0,12.4,0.548,0.534,0.298,1.5,11.2,6.4,9.1,1.3,0.3,7.7,19.0,1.3,0.8,2.0,0.087,-0.3,-0.8,-1.1,0.3,0.0,2018
292,Isaiah Whitehead,11.3,2.5,5.4,0.465,0.4,1.1,0.389,2.1,4.3,0.485,0.506,0.8,1.2,0.684,0.3,1.4,1.6,1.3,0.5,0.1,1.5,1.4,6.3,0.0,0.0,1010.0,0.0,0.0,0.0,0.0,0.0,0.0,0.0,0.0,0.0,0.0,0.0,0.0,0.0,16.0,0.0,180.0,40.0,86.0,0.465,7.0,18.0,0.389,33.0,68.0,0.485,0.506,13.0,19.0,0.684,4.0,22.0,26.0,20.0,8.0,2.0,24.0,23.0,100.0,0.0,11.5,0.53,0.209,0.221,2.3,13.1,7.7,19.6,2.2,0.8,20.3,28.5,-0.3,0.2,-0.1,-0.035,-3.4,-0.4,-3.8,-0.1,0.0,2018
293,Justin Anderson,13.7,2.3,5.3,0.431,0.9,2.7,0.33,1.4,2.6,0.535,0.515,0.7,1.0,0.737,0.7,1.8,2.4,0.7,0.4,0.2,0.4,1.4,6.2,0.0,0.0,1010.0,0.0,0.0,0.0,0.0,0.0,0.0,0.0,0.0,0.0,0.0,0.0,0.0,0.0,38.0,0.0,519.0,87.0,202.0,0.431,34.0,103.0,0.33,53.0,99.0,0.535,0.515,28.0,38.0,0.737,25.0,68.0,93.0,25.0,15.0,7.0,16.0,54.0,236.0,0.0,13.0,0.54,0.51,0.188,5.4,13.6,9.6,7.1,1.4,1.1,6.8,19.3,0.6,0.7,1.2,0.115,-0.6,-0.3,-0.9,0.1,0.0,2018
294,Langston Galloway,14.9,2.2,5.9,0.371,1.3,3.8,0.344,0.9,2.1,0.418,0.481,0.6,0.7,0.805,0.2,1.4,1.6,1.0,0.6,0.1,0.3,0.7,6.2,0.0,0.0,1010.0,0.0,0.0,0.0,0.0,0.0,0.0,0.0,0.0,0.0,0.0,0.0,0.0,0.0,58.0,2.0,863.0,126.0,340.0,0.371,75.0,218.0,0.344,51.0,122.0,0.418,0.481,33.0,41.0,0.805,13.0,79.0,92.0,58.0,35.0,5.0,18.0,39.0,360.0,0.0,12.2,0.503,0.641,0.121,1.6,10.3,5.9,10.1,2.0,0.5,4.8,19.3,0.5,0.9,1.4,0.08,-0.2,0.2,0.1,0.5,0.0,2018
295,Kobi Simmons,20.1,2.5,5.9,0.423,0.3,1.2,0.282,2.2,4.7,0.46,0.452,0.8,0.8,1.0,0.4,1.1,1.6,2.1,0.6,0.2,1.4,1.9,6.1,0.0,0.0,1010.0,0.0,0.0,0.0,0.0,0.0,0.0,0.0,0.0,0.0,0.0,0.0,0.0,0.0,32.0,12.0,643.0,80.0,189.0,0.423,11.0,39.0,0.282,69.0,150.0,0.46,0.452,25.0,25.0,1.0,14.0,36.0,50.0,68.0,18.0,5.0,44.0,61.0,196.0,0.0,7.7,0.49,0.206,0.132,2.5,6.6,4.5,16.5,1.4,0.7,18.0,17.0,-0.4,0.2,-0.2,-0.013,-4.7,-2.1,-6.9,-0.8,0.0,2018
296,P.J. Tucker,27.8,2.1,5.4,0.39,1.4,3.8,0.371,0.7,1.6,0.435,0.52,0.5,0.7,0.717,1.1,4.4,5.6,0.9,1.0,0.3,0.9,2.5,6.1,0.0,0.0,1010.0,0.0,0.0,0.0,0.0,0.0,0.0,0.0,0.0,0.0,0.0,0.0,0.0,0.0,82.0,34.0,2281.0,172.0,441.0,0.39,115.0,310.0,0.371,57.0,131.0,0.435,0.52,43.0,60.0,0.717,93.0,364.0,457.0,77.0,78.0,26.0,74.0,205.0,502.0,0.0,8.3,0.537,0.703,0.136,4.6,17.8,11.3,4.6,1.7,1.0,13.7,10.5,1.0,3.0,3.9,0.082,-1.9,0.8,-1.1,0.5,0.0,2018
297,Boban Marjanović,8.6,2.0,3.8,0.534,0.0,0.0,0.0,2.0,3.8,0.534,0.534,2.0,2.5,0.794,1.2,2.5,3.7,0.6,0.3,0.3,0.9,1.3,6.0,0.0,0.0,1010.0,0.0,0.0,0.0,0.0,0.0,0.0,0.0,0.0,0.0,0.0,0.0,0.0,0.0,39.0,1.0,337.0,79.0,148.0,0.534,0.0,0.0,0.0,79.0,148.0,0.534,0.534,77.0,97.0,0.794,48.0,96.0,144.0,22.0,10.0,11.0,36.0,51.0,235.0,0.0,26.0,0.616,0.0,0.655,15.7,31.4,23.5,11.2,1.5,2.8,15.9,29.4,1.0,0.5,1.5,0.215,2.3,0.2,2.5,0.4,0.0,2018
298,Aron Baynes,18.3,2.6,5.5,0.471,0.0,0.3,0.143,2.6,5.2,0.487,0.474,0.7,1.0,0.756,1.6,3.8,5.4,1.1,0.3,0.6,1.0,2.5,6.0,0.0,0.0,1010.0,0.0,0.0,0.0,0.0,0.0,0.0,0.0,0.0,0.0,0.0,0.0,0.0,0.0,81.0,67.0,1485.0,210.0,446.0,0.471,3.0,21.0,0.143,207.0,425.0,0.487,0.474,59.0,78.0,0.756,130.0,304.0,434.0,93.0,22.0,51.0,80.0,200.0,482.0,0.0,12.0,0.502,0.047,0.175,9.7,22.1,16.0,9.6,0.7,2.9,14.3,16.8,0.5,2.5,3.0,0.097,-3.6,0.7,-2.9,-0.3,0.0,2018
299,Andre Iguodala,25.3,2.3,5.0,0.463,0.5,1.8,0.282,1.8,3.2,0.567,0.514,0.9,1.4,0.632,0.8,3.1,3.8,3.3,0.8,0.6,1.0,1.5,6.0,0.0,0.0,1010.0,0.0,0.0,0.0,0.0,0.0,0.0,0.0,0.0,0.0,0.0,0.0,0.0,0.0,64.0,7.0,1622.0,148.0,320.0,0.463,33.0,117.0,0.282,115.0,203.0,0.567,0.514,55.0,87.0,0.632,50.0,196.0,246.0,210.0,54.0,38.0,67.0,99.0,384.0,0.0,11.2,0.536,0.366,0.272,3.7,12.6,8.5,16.2,1.6,1.9,15.8,11.5,1.6,1.6,3.2,0.094,-1.1,0.8,-0.3,0.7,0.0,2018
300,Rodney Purvis,18.1,2.2,6.7,0.327,0.8,3.3,0.25,1.4,3.4,0.4,0.388,0.8,0.9,0.867,0.1,1.6,1.7,1.1,0.2,0.2,0.6,1.6,6.0,0.0,0.0,1010.0,0.0,0.0,0.0,0.0,0.0,0.0,0.0,0.0,0.0,0.0,0.0,0.0,0.0,16.0,2.0,290.0,35.0,107.0,0.327,13.0,52.0,0.25,22.0,55.0,0.4,0.388,13.0,15.0,0.867,1.0,26.0,27.0,17.0,3.0,3.0,10.0,26.0,96.0,0.0,4.5,0.423,0.486,0.14,0.4,9.9,5.1,8.5,0.5,0.8,8.1,18.7,-0.4,0.1,-0.3,-0.056,-6.1,-2.1,-8.2,-0.5,0.0,2018
301,Quincy Acy,19.4,1.9,5.2,0.356,1.5,4.2,0.349,0.4,1.0,0.384,0.496,0.7,0.9,0.817,0.6,3.1,3.7,0.8,0.5,0.4,0.9,2.1,5.9,0.0,0.0,1010.0,0.0,0.0,0.0,0.0,0.0,0.0,0.0,0.0,0.0,0.0,0.0,0.0,0.0,70.0,8.0,1359.0,130.0,365.0,0.356,102.0,292.0,0.349,28.0,73.0,0.384,0.496,49.0,60.0,0.817,40.0,217.0,257.0,57.0,33.0,29.0,60.0,149.0,411.0,0.0,8.2,0.525,0.8,0.164,3.1,17.1,10.0,6.0,1.2,1.6,13.3,14.4,-0.1,1.1,1.0,0.036,-2.6,0.1,-2.5,-0.2,0.0,2018
302,OG Anunoby,20.0,2.2,4.7,0.471,1.0,2.7,0.371,1.2,2.0,0.604,0.577,0.5,0.8,0.629,0.6,1.9,2.5,0.7,0.7,0.2,0.6,1.8,5.9,0.0,0.0,1010.0,0.0,0.0,0.0,0.0,0.0,0.0,0.0,0.0,0.0,0.0,0.0,0.0,0.0,74.0,62.0,1481.0,163.0,346.0,0.471,73.0,197.0,0.371,90.0,149.0,0.604,0.577,39.0,62.0,0.629,44.0,140.0,184.0,55.0,52.0,14.0,45.0,130.0,438.0,0.0,10.0,0.587,0.569,0.179,3.4,10.4,7.0,5.0,1.7,0.8,10.8,12.4,1.4,1.6,3.0,0.098,-1.2,0.6,-0.6,0.5,0.0,2018
303,Dāvis Bertāns,14.1,2.1,4.8,0.44,1.2,3.3,0.373,0.9,1.5,0.588,0.568,0.5,0.6,0.816,0.2,1.8,2.0,1.0,0.3,0.4,0.5,1.2,5.9,0.0,0.0,1010.0,0.0,0.0,0.0,0.0,0.0,0.0,0.0,0.0,0.0,0.0,0.0,0.0,0.0,77.0,10.0,1086.0,161.0,366.0,0.44,94.0,252.0,0.373,67.0,114.0,0.588,0.568,40.0,49.0,0.816,18.0,135.0,153.0,74.0,26.0,28.0,36.0,93.0,456.0,0.0,14.1,0.588,0.689,0.134,1.8,13.9,7.8,10.3,1.2,2.1,8.5,17.4,1.6,1.4,3.1,0.135,1.0,0.6,1.6,1.0,0.0,2018
304,Gorgui Dieng,16.9,2.4,4.9,0.479,0.2,0.8,0.311,2.1,4.1,0.511,0.504,1.0,1.3,0.775,1.3,3.2,4.6,0.9,0.6,0.5,0.7,1.9,5.9,0.0,0.0,1010.0,0.0,0.0,0.0,0.0,0.0,0.0,0.0,0.0,0.0,0.0,0.0,0.0,0.0,79.0,0.0,1333.0,186.0,388.0,0.479,19.0,61.0,0.311,167.0,327.0,0.511,0.504,79.0,102.0,0.775,106.0,254.0,360.0,71.0,45.0,39.0,59.0,147.0,470.0,0.0,14.7,0.543,0.157,0.263,9.1,22.2,15.6,7.5,1.7,2.6,12.0,16.3,1.6,1.4,2.9,0.105,-0.9,-0.1,-1.0,0.3,0.0,2018
305,Kenneth Faried,14.4,2.4,4.6,0.514,0.0,0.0,0.0,2.4,4.6,0.517,0.514,1.1,1.6,0.706,2.1,2.7,4.8,0.6,0.4,0.4,0.7,1.6,5.9,0.0,0.0,1010.0,0.0,0.0,0.0,0.0,0.0,0.0,0.0,0.0,0.0,0.0,0.0,0.0,0.0,32.0,7.0,461.0,76.0,148.0,0.514,0.0,1.0,0.0,76.0,147.0,0.517,0.514,36.0,51.0,0.706,68.0,85.0,153.0,18.0,12.0,13.0,23.0,51.0,188.0,0.0,17.4,0.552,0.007,0.345,16.7,20.7,18.7,5.8,1.3,2.4,11.9,18.3,0.9,0.4,1.3,0.132,-0.3,-1.7,-2.1,0.0,0.0,2018
306,Dorian Finney-Smith,21.3,2.2,5.8,0.38,1.0,3.2,0.299,1.2,2.6,0.481,0.463,0.5,0.7,0.733,1.0,2.5,3.6,1.2,0.5,0.2,1.0,2.0,5.9,0.0,0.0,1010.0,0.0,0.0,0.0,0.0,0.0,0.0,0.0,0.0,0.0,0.0,0.0,0.0,0.0,21.0,13.0,448.0,46.0,121.0,0.38,20.0,67.0,0.299,26.0,54.0,0.481,0.463,11.0,15.0,0.733,22.0,53.0,75.0,26.0,10.0,4.0,21.0,43.0,123.0,0.0,7.6,0.482,0.554,0.124,5.3,13.6,9.3,8.4,1.1,0.8,14.1,15.1,-0.2,0.3,0.1,0.015,-3.8,-0.8,-4.6,-0.3,0.0,2018
307,Frank Ntilikina,21.9,2.3,6.4,0.364,0.6,2.0,0.318,1.7,4.4,0.385,0.414,0.6,0.9,0.721,0.5,1.8,2.3,3.2,0.8,0.2,1.7,2.3,5.9,0.0,0.0,1010.0,0.0,0.0,0.0,0.0,0.0,0.0,0.0,0.0,0.0,0.0,0.0,0.0,0.0,78.0,9.0,1706.0,182.0,500.0,0.364,50.0,157.0,0.318,132.0,343.0,0.385,0.414,49.0,68.0,0.721,37.0,140.0,177.0,250.0,65.0,18.0,131.0,181.0,463.0,0.0,7.0,0.437,0.314,0.136,2.4,9.1,5.8,20.0,1.9,0.9,19.8,16.9,-2.0,1.1,-0.9,-0.026,-4.5,-0.5,-5.0,-1.3,0.0,2018
308,Deyonta Davis,15.2,2.6,4.3,0.608,0.0,0.0,0.0,2.6,4.3,0.608,0.608,0.6,0.9,0.667,1.2,2.8,4.0,0.6,0.2,0.6,0.5,2.0,5.8,0.0,0.0,1010.0,0.0,0.0,0.0,0.0,0.0,0.0,0.0,0.0,0.0,0.0,0.0,0.0,0.0,62.0,6.0,943.0,161.0,265.0,0.608,0.0,0.0,0.0,161.0,265.0,0.608,0.608,38.0,57.0,0.667,75.0,175.0,250.0,40.0,15.0,39.0,32.0,125.0,360.0,0.0,16.6,0.621,0.0,0.215,9.0,22.0,15.3,7.1,0.8,3.9,9.9,15.3,1.9,0.8,2.7,0.138,-0.9,-0.6,-1.5,0.1,0.0,2018
309,Jonas Jerebko,15.3,2.1,4.6,0.466,0.9,2.1,0.414,1.3,2.5,0.511,0.562,0.6,0.8,0.807,0.7,2.6,3.3,0.6,0.3,0.2,0.4,1.7,5.8,0.0,0.0,1010.0,0.0,0.0,0.0,0.0,0.0,0.0,0.0,0.0,0.0,0.0,0.0,0.0,0.0,74.0,19.0,1134.0,159.0,341.0,0.466,65.0,157.0,0.414,94.0,184.0,0.511,0.562,46.0,57.0,0.807,53.0,193.0,246.0,42.0,24.0,12.0,27.0,127.0,429.0,0.0,13.2,0.586,0.46,0.167,5.4,19.1,12.3,5.7,1.1,0.9,6.9,15.6,1.8,1.6,3.4,0.144,-0.4,0.4,0.1,0.6,0.0,2018
310,Timothé Luwawu-Cabarrot,15.5,1.9,5.1,0.375,1.0,3.0,0.335,0.9,2.1,0.431,0.474,0.9,1.1,0.793,0.3,1.1,1.4,1.0,0.2,0.1,0.7,1.9,5.8,0.0,0.0,1010.0,0.0,0.0,0.0,0.0,0.0,0.0,0.0,0.0,0.0,0.0,0.0,0.0,0.0,52.0,7.0,807.0,100.0,267.0,0.375,53.0,158.0,0.335,47.0,109.0,0.431,0.474,46.0,58.0,0.793,14.0,58.0,72.0,54.0,12.0,5.0,38.0,97.0,299.0,0.0,7.0,0.511,0.592,0.217,1.9,7.5,4.8,9.3,0.7,0.5,11.5,17.5,0.1,0.7,0.8,0.046,-3.1,-1.1,-4.1,-0.4,0.0,2018
311,Xavier Rathan-Mayes,23.6,2.4,8.4,0.286,0.2,2.8,0.071,2.2,5.6,0.393,0.298,0.8,1.8,0.444,0.0,1.0,1.0,3.6,1.2,0.6,2.2,3.6,5.8,0.0,0.0,1010.0,0.0,0.0,0.0,0.0,0.0,0.0,0.0,0.0,0.0,0.0,0.0,0.0,0.0,5.0,0.0,118.0,12.0,42.0,0.286,1.0,14.0,0.071,11.0,28.0,0.393,0.298,4.0,9.0,0.444,0.0,5.0,5.0,18.0,6.0,3.0,11.0,18.0,29.0,0.0,0.9,0.315,0.333,0.214,0.0,5.0,2.5,23.0,2.6,2.4,19.3,21.7,-0.5,0.1,-0.4,-0.171,-9.9,-1.6,-11.5,-0.3,0.0,2018
312,Tristan Thompson,20.2,2.5,4.4,0.562,0.0,0.0,0.0,2.5,4.4,0.562,0.562,0.8,1.5,0.544,2.4,4.3,6.6,0.6,0.3,0.3,0.7,1.9,5.8,0.0,0.0,1010.0,0.0,0.0,0.0,0.0,0.0,0.0,0.0,0.0,0.0,0.0,0.0,0.0,0.0,53.0,22.0,1072.0,132.0,235.0,0.562,0.0,0.0,0.0,132.0,235.0,0.562,0.562,43.0,79.0,0.544,126.0,226.0,352.0,33.0,16.0,17.0,36.0,102.0,307.0,0.0,13.6,0.569,0.0,0.336,13.4,23.3,18.4,4.3,0.7,1.3,11.8,12.6,1.8,0.7,2.5,0.113,-1.0,-1.9,-2.9,-0.2,0.0,2018
313,Dante Cunningham,21.4,2.2,5.0,0.451,0.8,2.3,0.345,1.5,2.7,0.541,0.53,0.4,0.7,0.596,1.1,3.0,4.1,0.7,0.5,0.4,0.5,1.5,5.7,0.0,0.0,1010.0,0.0,0.0,0.0,0.0,0.0,0.0,0.0,0.0,0.0,0.0,0.0,0.0,0.0,73.0,25.0,1562.0,164.0,364.0,0.451,58.0,168.0,0.345,106.0,196.0,0.541,0.53,31.0,52.0,0.596,78.0,220.0,298.0,48.0,39.0,30.0,33.0,111.0,417.0,0.0,10.0,0.539,0.462,0.143,5.5,14.9,10.3,4.3,1.2,1.5,7.9,11.6,1.1,1.3,2.4,0.074,-1.5,-0.2,-1.7,0.1,0.0,2018
314,Bismack Biyombo,18.2,2.2,4.3,0.52,0.0,0.0,0.0,2.2,4.3,0.521,0.52,1.2,1.9,0.65,1.8,4.0,5.7,0.8,0.3,1.2,1.0,1.9,5.7,0.0,0.0,1010.0,0.0,0.0,0.0,0.0,0.0,0.0,0.0,0.0,0.0,0.0,0.0,0.0,0.0,82.0,25.0,1495.0,183.0,352.0,0.52,0.0,1.0,0.0,183.0,351.0,0.521,0.52,102.0,157.0,0.65,144.0,324.0,468.0,66.0,21.0,95.0,84.0,158.0,468.0,0.0,14.1,0.556,0.003,0.446,10.5,24.0,17.2,6.5,0.7,5.1,16.6,14.9,1.1,1.8,2.9,0.094,-2.6,0.2,-2.4,-0.2,0.0,2018
315,Omri Casspi,14.0,2.3,3.9,0.58,0.2,0.4,0.455,2.1,3.5,0.595,0.604,0.9,1.3,0.725,0.6,3.2,3.8,1.0,0.3,0.4,0.7,1.3,5.7,0.0,0.0,1010.0,0.0,0.0,0.0,0.0,0.0,0.0,0.0,0.0,0.0,0.0,0.0,0.0,0.0,53.0,7.0,740.0,120.0,207.0,0.58,10.0,22.0,0.455,110.0,185.0,0.595,0.604,50.0,69.0,0.725,30.0,170.0,200.0,51.0,18.0,19.0,37.0,71.0,300.0,0.0,15.5,0.632,0.106,0.333,4.9,24.0,15.1,9.5,1.2,2.0,13.5,16.3,1.2,1.0,2.2,0.141,-0.9,0.0,-0.9,0.2,0.0,2018
316,Jack Cooley,12.4,1.9,3.9,0.481,0.0,0.0,0.0,1.9,3.9,0.481,0.481,2.0,2.7,0.737,2.0,2.3,4.3,0.9,0.1,0.0,0.4,1.9,5.7,0.0,0.0,1010.0,0.0,0.0,0.0,0.0,0.0,0.0,0.0,0.0,0.0,0.0,0.0,0.0,0.0,7.0,0.0,87.0,13.0,27.0,0.481,0.0,0.0,0.0,13.0,27.0,0.481,0.481,14.0,19.0,0.737,14.0,16.0,30.0,6.0,1.0,0.0,3.0,13.0,40.0,0.0,19.7,0.566,0.0,0.704,17.6,21.9,19.6,10.5,0.6,0.0,7.8,19.8,0.3,0.0,0.3,0.182,0.9,-1.4,-0.6,0.0,0.0,2018
317,Jameel Warney,9.0,2.3,4.0,0.583,0.0,0.0,0.0,2.3,4.0,0.583,0.583,1.0,1.7,0.6,1.3,1.7,3.0,0.0,0.0,0.0,0.3,0.7,5.7,0.0,0.0,1010.0,0.0,0.0,0.0,0.0,0.0,0.0,0.0,0.0,0.0,0.0,0.0,0.0,0.0,3.0,0.0,27.0,7.0,12.0,0.583,0.0,0.0,0.0,7.0,12.0,0.583,0.583,3.0,5.0,0.6,4.0,5.0,9.0,0.0,0.0,0.0,1.0,2.0,17.0,0.0,22.5,0.599,0.0,0.417,15.9,21.3,18.5,0.0,0.0,0.0,6.6,25.6,0.1,0.0,0.1,0.157,2.5,-2.7,-0.2,0.0,0.0,2018
318,Cristiano Felício,17.8,2.3,3.9,0.591,0.0,0.0,0.0,2.3,3.9,0.596,0.591,1.0,1.5,0.667,1.5,2.7,4.2,1.0,0.3,0.2,1.0,1.9,5.6,0.0,0.0,1010.0,0.0,0.0,0.0,0.0,0.0,0.0,0.0,0.0,0.0,0.0,0.0,0.0,0.0,55.0,16.0,977.0,127.0,215.0,0.591,0.0,2.0,0.0,127.0,213.0,0.596,0.591,54.0,81.0,0.667,83.0,150.0,233.0,55.0,16.0,11.0,54.0,104.0,308.0,0.0,12.5,0.614,0.009,0.377,8.8,17.1,12.8,8.4,0.8,1.0,17.7,13.6,1.2,0.5,1.7,0.086,-2.8,-1.1,-3.9,-0.5,0.0,2018
319,Ivan Rabb,14.3,2.4,4.2,0.566,0.0,0.0,0.0,2.4,4.2,0.566,0.566,0.8,1.0,0.806,1.5,2.9,4.4,0.9,0.3,0.4,1.0,1.5,5.6,0.0,0.0,1010.0,0.0,0.0,0.0,0.0,0.0,0.0,0.0,0.0,0.0,0.0,0.0,0.0,0.0,36.0,5.0,516.0,86.0,152.0,0.566,0.0,0.0,0.0,86.0,152.0,0.566,0.566,29.0,36.0,0.806,53.0,105.0,158.0,32.0,12.0,13.0,35.0,55.0,201.0,0.0,16.6,0.599,0.0,0.237,11.6,24.1,17.7,10.4,1.2,2.4,17.3,17.7,0.7,0.5,1.2,0.109,-0.9,-1.2,-2.0,0.0,0.0,2018
320,Omari Johnson,18.8,2.3,5.3,0.429,1.0,3.0,0.333,1.3,2.3,0.556,0.524,0.0,0.0,0.0,1.0,1.8,2.8,1.8,0.5,0.0,0.8,1.5,5.5,0.0,0.0,1010.0,0.0,0.0,0.0,0.0,0.0,0.0,0.0,0.0,0.0,0.0,0.0,0.0,0.0,4.0,0.0,75.0,9.0,21.0,0.429,4.0,12.0,0.333,5.0,9.0,0.556,0.524,0.0,0.0,0.0,4.0,7.0,11.0,7.0,2.0,0.0,3.0,6.0,22.0,0.0,10.5,0.524,0.571,0.0,6.0,11.1,8.5,14.5,1.3,0.0,12.5,14.4,0.1,0.0,0.1,0.053,-1.8,-2.7,-4.5,0.0,0.0,2018
321,Shaun Livingston,15.9,2.4,4.8,0.501,0.0,0.1,0.0,2.4,4.8,0.509,0.501,0.7,0.9,0.82,0.5,1.4,1.8,2.0,0.5,0.3,0.8,1.6,5.5,0.0,0.0,1010.0,0.0,0.0,0.0,0.0,0.0,0.0,0.0,0.0,0.0,0.0,0.0,0.0,0.0,71.0,7.0,1129.0,172.0,343.0,0.501,0.0,5.0,0.0,172.0,338.0,0.509,0.501,50.0,61.0,0.82,32.0,99.0,131.0,140.0,35.0,21.0,58.0,117.0,394.0,0.0,11.6,0.533,0.015,0.178,3.4,9.2,6.5,16.8,1.5,1.5,13.6,16.6,0.9,0.9,1.8,0.077,-2.8,-0.4,-3.1,-0.3,0.0,2018
322,Norman Powell,15.2,2.1,5.3,0.401,0.8,2.7,0.285,1.4,2.7,0.516,0.472,0.5,0.6,0.821,0.2,1.5,1.7,1.3,0.5,0.2,0.9,1.6,5.5,0.0,0.0,1010.0,0.0,0.0,0.0,0.0,0.0,0.0,0.0,0.0,0.0,0.0,0.0,0.0,0.0,70.0,18.0,1062.0,150.0,374.0,0.401,53.0,186.0,0.285,97.0,188.0,0.516,0.472,32.0,39.0,0.821,14.0,105.0,119.0,89.0,37.0,16.0,66.0,111.0,385.0,0.0,8.5,0.492,0.497,0.104,1.5,10.9,6.3,11.8,1.7,1.2,14.4,18.9,-0.6,1.2,0.6,0.027,-3.2,0.2,-2.9,-0.3,0.0,2018
323,C.J. Williams,18.6,2.3,5.2,0.442,0.6,2.1,0.282,1.7,3.1,0.546,0.497,0.3,0.4,0.813,0.3,1.2,1.5,1.1,0.8,0.3,0.5,1.7,5.5,0.0,0.0,1010.0,0.0,0.0,0.0,0.0,0.0,0.0,0.0,0.0,0.0,0.0,0.0,0.0,0.0,38.0,18.0,707.0,87.0,197.0,0.442,22.0,78.0,0.282,65.0,119.0,0.546,0.497,13.0,16.0,0.813,12.0,44.0,56.0,43.0,31.0,13.0,20.0,63.0,209.0,0.0,9.5,0.512,0.396,0.081,1.9,6.7,4.4,8.5,2.1,1.5,8.9,13.7,0.3,0.5,0.7,0.051,-2.8,0.7,-2.1,0.0,0.0,2018
324,Wade Baldwin,11.4,2.0,3.0,0.667,0.6,0.7,0.8,1.4,2.3,0.625,0.762,0.9,1.4,0.6,0.1,1.0,1.1,0.7,0.3,0.1,0.6,1.7,5.4,0.0,0.0,1010.0,0.0,0.0,0.0,0.0,0.0,0.0,0.0,0.0,0.0,0.0,0.0,0.0,0.0,7.0,0.0,80.0,14.0,21.0,0.667,4.0,5.0,0.8,10.0,16.0,0.625,0.762,6.0,10.0,0.6,1.0,7.0,8.0,5.0,2.0,1.0,4.0,12.0,38.0,0.0,16.6,0.748,0.238,0.476,1.4,9.5,5.5,9.8,1.2,1.0,13.6,16.1,0.2,0.1,0.3,0.187,0.2,1.7,1.9,0.1,0.0,2018
325,Vince Carter,17.7,2.0,4.9,0.403,1.0,2.8,0.345,1.0,2.0,0.483,0.504,0.5,0.6,0.757,0.3,2.2,2.6,1.2,0.7,0.4,0.6,1.7,5.4,0.0,0.0,1010.0,0.0,0.0,0.0,0.0,0.0,0.0,0.0,0.0,0.0,0.0,0.0,0.0,0.0,58.0,4.0,1026.0,114.0,283.0,0.403,57.0,165.0,0.345,57.0,118.0,0.483,0.504,28.0,37.0,0.757,18.0,130.0,148.0,69.0,42.0,26.0,36.0,96.0,313.0,0.0,10.8,0.523,0.583,0.131,1.9,15.1,8.2,9.7,2.1,2.4,10.7,14.7,0.3,0.9,1.2,0.056,-1.9,0.7,-1.2,0.2,0.0,2018
326,Pat Connaughton,18.1,2.0,4.8,0.423,0.9,2.6,0.352,1.1,2.2,0.506,0.518,0.5,0.5,0.841,0.4,1.5,2.0,1.1,0.3,0.3,0.5,1.5,5.4,0.0,0.0,1010.0,0.0,0.0,0.0,0.0,0.0,0.0,0.0,0.0,0.0,0.0,0.0,0.0,0.0,82.0,5.0,1488.0,165.0,390.0,0.423,74.0,210.0,0.352,91.0,180.0,0.506,0.518,37.0,44.0,0.841,36.0,125.0,161.0,91.0,23.0,22.0,43.0,120.0,441.0,0.0,9.3,0.539,0.538,0.113,2.7,9.1,5.9,8.7,0.8,1.2,9.5,13.4,1.2,1.3,2.5,0.08,-1.7,-0.1,-1.8,0.1,0.0,2018
327,Myke Henry,18.9,2.1,5.5,0.376,1.0,2.9,0.328,1.1,2.6,0.431,0.463,0.3,0.5,0.6,0.5,1.4,1.9,1.1,1.6,0.3,1.0,1.4,5.4,0.0,0.0,1010.0,0.0,0.0,0.0,0.0,0.0,0.0,0.0,0.0,0.0,0.0,0.0,0.0,0.0,20.0,0.0,378.0,41.0,109.0,0.376,19.0,58.0,0.328,22.0,51.0,0.431,0.463,6.0,10.0,0.6,10.0,28.0,38.0,22.0,31.0,6.0,19.0,28.0,107.0,0.0,9.7,0.472,0.532,0.092,3.0,8.8,5.8,8.9,4.1,1.5,14.4,15.7,-0.3,0.4,0.1,0.017,-3.1,1.8,-1.3,0.1,0.0,2018
328,Jonathan Isaac,19.9,2.0,5.4,0.379,0.6,1.7,0.348,1.4,3.7,0.394,0.434,0.7,0.9,0.76,0.6,3.1,3.7,0.7,1.2,1.1,1.0,1.8,5.4,0.0,0.0,1010.0,0.0,0.0,0.0,0.0,0.0,0.0,0.0,0.0,0.0,0.0,0.0,0.0,0.0,27.0,10.0,536.0,55.0,145.0,0.379,16.0,46.0,0.348,39.0,99.0,0.394,0.434,19.0,25.0,0.76,16.0,83.0,99.0,18.0,33.0,30.0,27.0,48.0,145.0,0.0,9.8,0.465,0.317,0.172,3.3,17.2,10.2,4.8,3.0,4.5,14.8,15.0,-0.6,0.8,0.2,0.021,-3.8,2.4,-1.4,0.1,0.0,2018
329,Wesley Johnson,20.1,2.0,5.0,0.408,0.8,2.4,0.339,1.2,2.6,0.471,0.489,0.6,0.8,0.741,0.4,2.5,2.9,0.8,1.0,0.8,0.7,2.0,5.4,0.0,0.0,1010.0,0.0,0.0,0.0,0.0,0.0,0.0,0.0,0.0,0.0,0.0,0.0,0.0,0.0,74.0,40.0,1486.0,150.0,368.0,0.408,60.0,177.0,0.339,90.0,191.0,0.471,0.489,43.0,58.0,0.741,29.0,187.0,216.0,61.0,76.0,62.0,55.0,146.0,403.0,0.0,9.8,0.512,0.481,0.158,2.2,13.6,8.0,5.6,2.5,3.5,12.3,13.0,-0.1,1.7,1.7,0.055,-2.5,1.7,-0.7,0.5,0.0,2018
330,Maxi Kleber,16.8,2.1,4.3,0.489,0.6,1.8,0.313,1.5,2.5,0.613,0.553,0.6,0.8,0.746,1.0,2.3,3.3,0.7,0.4,0.7,0.4,1.6,5.4,0.0,0.0,1010.0,0.0,0.0,0.0,0.0,0.0,0.0,0.0,0.0,0.0,0.0,0.0,0.0,0.0,72.0,35.0,1206.0,151.0,309.0,0.489,40.0,128.0,0.313,111.0,181.0,0.613,0.553,44.0,59.0,0.746,71.0,163.0,234.0,51.0,26.0,47.0,30.0,114.0,386.0,0.0,13.4,0.576,0.414,0.191,6.3,15.6,10.8,6.4,1.1,3.5,8.2,13.7,1.6,1.2,2.8,0.113,-1.0,0.5,-0.5,0.5,0.0,2018
331,Jon Leuer,17.0,1.9,4.5,0.417,0.0,0.4,0.0,1.9,4.1,0.455,0.417,1.6,1.9,0.867,0.9,3.1,4.0,0.6,0.1,0.4,0.9,2.0,5.4,0.0,0.0,1010.0,0.0,0.0,0.0,0.0,0.0,0.0,0.0,0.0,0.0,0.0,0.0,0.0,0.0,8.0,0.0,136.0,15.0,36.0,0.417,0.0,3.0,0.0,15.0,33.0,0.455,0.417,13.0,15.0,0.867,7.0,25.0,32.0,5.0,1.0,3.0,7.0,16.0,43.0,0.0,8.9,0.505,0.083,0.417,5.6,20.7,13.0,5.3,0.4,2.0,14.1,16.1,0.0,0.1,0.1,0.05,-4.3,-0.3,-4.6,-0.1,0.0,2018
332,Zaza Pachulia,14.1,2.2,3.8,0.564,0.0,0.0,0.0,2.2,3.8,0.567,0.564,1.1,1.3,0.806,1.3,3.4,4.7,1.6,0.6,0.2,1.0,1.8,5.4,0.0,0.0,1010.0,0.0,0.0,0.0,0.0,0.0,0.0,0.0,0.0,0.0,0.0,0.0,0.0,0.0,69.0,57.0,972.0,149.0,264.0,0.564,0.0,1.0,0.0,149.0,263.0,0.567,0.564,75.0,93.0,0.806,89.0,232.0,321.0,109.0,38.0,17.0,72.0,122.0,373.0,0.0,17.0,0.612,0.004,0.352,11.0,25.0,18.5,15.2,1.9,1.4,19.1,17.0,1.8,1.4,3.3,0.161,-0.7,0.7,0.0,0.5,0.0,2018
333,Corey Brewer,16.8,2.0,4.4,0.449,0.4,1.5,0.282,1.5,2.9,0.539,0.498,0.9,1.3,0.722,0.6,1.5,2.1,0.9,1.1,0.2,0.7,1.9,5.3,0.0,0.0,1010.0,0.0,0.0,0.0,0.0,0.0,0.0,0.0,0.0,0.0,0.0,0.0,0.0,0.0,72.0,18.0,1208.0,142.0,316.0,0.449,31.0,110.0,0.282,111.0,206.0,0.539,0.498,65.0,90.0,0.722,43.0,111.0,154.0,65.0,79.0,14.0,49.0,139.0,380.0,0.0,11.2,0.534,0.348,0.285,3.8,10.0,6.9,7.5,3.2,1.0,12.1,14.3,0.7,1.6,2.3,0.091,-3.2,1.9,-1.3,0.2,0.0,2018
334,Ed Davis,18.9,2.2,3.7,0.582,0.0,0.0,0.0,2.2,3.7,0.584,0.582,0.9,1.4,0.667,2.3,5.0,7.4,0.5,0.4,0.7,0.8,2.4,5.3,0.0,0.0,1010.0,0.0,0.0,0.0,0.0,0.0,0.0,0.0,0.0,0.0,0.0,0.0,0.0,0.0,78.0,0.0,1471.0,170.0,292.0,0.582,0.0,1.0,0.0,170.0,291.0,0.584,0.582,74.0,111.0,0.667,183.0,392.0,575.0,40.0,32.0,52.0,66.0,188.0,414.0,0.0,15.5,0.607,0.003,0.38,13.7,28.8,21.3,3.9,1.1,2.9,16.2,12.1,2.5,2.5,5.0,0.164,-1.2,0.6,-0.6,0.5,0.0,2018
335,Daniel Theis,14.9,2.0,3.7,0.541,0.3,0.9,0.31,1.7,2.8,0.617,0.579,1.0,1.3,0.753,1.4,2.9,4.3,0.9,0.5,0.8,0.9,2.5,5.3,0.0,0.0,1010.0,0.0,0.0,0.0,0.0,0.0,0.0,0.0,0.0,0.0,0.0,0.0,0.0,0.0,63.0,3.0,936.0,126.0,233.0,0.541,18.0,58.0,0.31,108.0,175.0,0.617,0.579,61.0,81.0,0.753,90.0,184.0,274.0,56.0,30.0,48.0,56.0,157.0,331.0,0.0,16.1,0.616,0.249,0.348,10.7,21.2,16.0,9.1,1.6,4.3,17.2,15.5,1.6,1.9,3.5,0.178,-2.0,2.3,0.3,0.5,0.0,2018
336,Luke Babbitt,14.3,1.8,4.3,0.423,1.2,3.1,0.385,0.6,1.2,0.525,0.563,0.3,0.4,0.773,0.1,1.8,1.9,0.6,0.2,0.1,0.4,1.1,5.2,0.0,0.0,1010.0,0.0,0.0,0.0,0.0,0.0,0.0,0.0,0.0,0.0,0.0,0.0,0.0,0.0,50.0,14.0,715.0,91.0,215.0,0.423,60.0,156.0,0.385,31.0,59.0,0.525,0.563,17.0,22.0,0.773,7.0,89.0,96.0,31.0,8.0,7.0,19.0,54.0,259.0,0.0,9.8,0.576,0.726,0.102,1.1,13.9,7.5,6.5,0.5,0.8,7.8,15.0,0.5,0.4,0.9,0.06,-0.9,-1.5,-2.4,-0.1,0.0,2018
337,DeAndre' Bembry,17.5,2.0,4.9,0.414,0.4,1.2,0.367,1.6,3.8,0.429,0.457,0.7,1.3,0.576,0.3,2.5,2.8,1.9,0.8,0.5,1.8,1.5,5.2,0.0,0.0,1010.0,0.0,0.0,0.0,0.0,0.0,0.0,0.0,0.0,0.0,0.0,0.0,0.0,0.0,26.0,3.0,455.0,53.0,128.0,0.414,11.0,30.0,0.367,42.0,98.0,0.429,0.457,19.0,33.0,0.576,8.0,64.0,72.0,49.0,21.0,12.0,47.0,38.0,136.0,0.0,7.6,0.477,0.234,0.258,2.0,15.7,8.8,15.9,2.3,2.3,24.8,18.2,-0.9,0.5,-0.4,-0.04,-5.1,0.3,-4.7,-0.3,0.0,2018
338,Brandon Jennings,14.6,1.9,5.1,0.375,0.6,2.4,0.273,1.3,2.8,0.462,0.438,0.7,0.7,1.0,0.4,1.9,2.2,3.1,0.4,0.3,1.3,0.8,5.2,0.0,0.0,1010.0,0.0,0.0,0.0,0.0,0.0,0.0,0.0,0.0,0.0,0.0,0.0,0.0,0.0,14.0,0.0,205.0,27.0,72.0,0.375,9.0,33.0,0.273,18.0,39.0,0.462,0.438,10.0,10.0,1.0,5.0,26.0,31.0,44.0,6.0,4.0,18.0,11.0,73.0,0.0,12.7,0.478,0.458,0.139,2.9,14.8,8.9,31.1,1.5,1.7,19.1,20.8,0.0,0.1,0.1,0.026,-1.2,-2.2,-3.4,-0.1,0.0,2018
339,Willy Hernangómez,10.3,1.9,3.4,0.555,0.1,0.3,0.417,1.8,3.2,0.566,0.57,1.2,1.9,0.656,1.3,2.5,3.8,0.7,0.4,0.3,0.7,1.3,5.1,0.0,0.0,1010.0,0.0,0.0,0.0,0.0,0.0,0.0,0.0,0.0,0.0,0.0,0.0,0.0,0.0,48.0,1.0,495.0,91.0,164.0,0.555,5.0,12.0,0.417,86.0,152.0,0.566,0.57,59.0,90.0,0.656,61.0,122.0,183.0,33.0,18.0,16.0,35.0,64.0,246.0,0.0,21.2,0.604,0.073,0.549,13.3,27.2,20.2,10.5,1.8,2.7,14.7,21.0,1.1,0.7,1.8,0.174,0.9,0.5,1.4,0.4,0.0,2018
340,Jamel Artis,18.6,2.1,5.3,0.392,0.5,1.9,0.276,1.5,3.3,0.46,0.443,0.5,0.8,0.583,0.3,2.3,2.5,1.2,0.1,0.2,0.5,0.7,5.1,0.0,0.0,1010.0,0.0,0.0,0.0,0.0,0.0,0.0,0.0,0.0,0.0,0.0,0.0,0.0,0.0,15.0,1.0,279.0,31.0,79.0,0.392,8.0,29.0,0.276,23.0,50.0,0.46,0.443,7.0,12.0,0.583,4.0,34.0,38.0,18.0,2.0,3.0,8.0,11.0,77.0,0.0,6.9,0.457,0.367,0.152,1.6,13.5,7.5,9.3,0.4,0.9,8.7,14.5,-0.1,0.1,0.0,-0.006,-3.8,-1.6,-5.4,-0.2,0.0,2018
341,Tyus Jones,17.9,1.8,4.0,0.457,0.5,1.6,0.349,1.3,2.4,0.528,0.526,0.9,1.0,0.877,0.2,1.4,1.6,2.8,1.2,0.1,0.7,1.3,5.1,0.0,0.0,1010.0,0.0,0.0,0.0,0.0,0.0,0.0,0.0,0.0,0.0,0.0,0.0,0.0,0.0,82.0,11.0,1467.0,150.0,328.0,0.457,45.0,129.0,0.349,105.0,199.0,0.528,0.526,71.0,81.0,0.877,16.0,116.0,132.0,232.0,95.0,6.0,59.0,110.0,416.0,0.0,14.1,0.572,0.393,0.247,1.2,9.2,5.2,21.2,3.2,0.4,14.0,12.7,2.3,1.2,3.6,0.117,-0.8,1.7,0.8,1.1,0.0,2018
342,Rodney McGruder,16.6,2.0,4.1,0.493,0.8,1.9,0.429,1.2,2.1,0.553,0.596,0.2,0.4,0.5,0.6,1.2,1.8,0.9,0.4,0.2,0.2,1.2,5.1,0.0,0.0,1010.0,0.0,0.0,0.0,0.0,0.0,0.0,0.0,0.0,0.0,0.0,0.0,0.0,0.0,18.0,2.0,299.0,36.0,73.0,0.493,15.0,35.0,0.429,21.0,38.0,0.553,0.596,4.0,8.0,0.5,11.0,22.0,33.0,17.0,8.0,3.0,4.0,21.0,91.0,0.0,12.0,0.595,0.479,0.11,4.1,8.3,6.2,8.4,1.3,0.9,5.0,12.1,0.5,0.3,0.8,0.125,-1.0,-0.3,-1.4,0.1,0.0,2018
343,Shabazz Muhammad,9.7,2.0,4.4,0.447,0.2,0.6,0.259,1.8,3.7,0.478,0.465,0.9,1.2,0.78,0.5,1.2,1.8,0.3,0.2,0.1,0.1,0.7,5.0,0.0,0.0,1010.0,0.0,0.0,0.0,0.0,0.0,0.0,0.0,0.0,0.0,0.0,0.0,0.0,0.0,43.0,2.0,418.0,84.0,188.0,0.447,7.0,27.0,0.259,77.0,161.0,0.478,0.465,39.0,50.0,0.78,23.0,53.0,76.0,14.0,9.0,3.0,6.0,30.0,214.0,0.0,15.4,0.51,0.144,0.266,6.3,14.8,10.6,5.7,1.1,0.6,2.8,23.0,0.5,0.2,0.7,0.081,-0.3,-2.3,-2.5,-0.1,0.0,2018
344,Channing Frye,13.1,2.0,4.0,0.491,0.7,2.2,0.339,1.2,1.8,0.67,0.583,0.3,0.4,0.895,0.2,2.3,2.5,0.7,0.3,0.2,0.4,1.3,5.0,0.0,0.0,1010.0,0.0,0.0,0.0,0.0,0.0,0.0,0.0,0.0,0.0,0.0,0.0,0.0,0.0,53.0,1.0,695.0,104.0,212.0,0.491,39.0,115.0,0.339,65.0,97.0,0.67,0.583,17.0,19.0,0.895,12.0,123.0,135.0,38.0,18.0,13.0,21.0,69.0,264.0,0.0,13.1,0.599,0.542,0.09,1.9,19.4,10.8,7.9,1.3,1.6,8.7,15.2,0.9,0.6,1.5,0.101,-0.5,0.0,-0.5,0.3,0.0,2018
345,Royce O'Neale,16.7,1.7,4.1,0.423,0.6,1.7,0.356,1.1,2.4,0.47,0.496,0.9,1.1,0.803,0.4,3.1,3.4,1.4,0.5,0.2,0.8,1.5,5.0,0.0,0.0,1010.0,0.0,0.0,0.0,0.0,0.0,0.0,0.0,0.0,0.0,0.0,0.0,0.0,0.0,69.0,4.0,1150.0,120.0,284.0,0.423,42.0,118.0,0.356,78.0,166.0,0.47,0.496,61.0,76.0,0.803,25.0,211.0,236.0,95.0,36.0,16.0,55.0,105.0,343.0,0.0,10.8,0.54,0.415,0.268,2.5,20.6,11.7,12.0,1.6,1.2,14.8,14.6,0.5,1.8,2.4,0.099,-2.0,1.8,-0.2,0.5,0.0,2018
346,Andre Roberson,26.6,2.2,4.2,0.537,0.2,0.9,0.222,2.0,3.2,0.627,0.562,0.3,1.0,0.316,1.9,2.8,4.7,1.2,1.2,0.9,0.8,2.3,5.0,0.0,0.0,1010.0,0.0,0.0,0.0,0.0,0.0,0.0,0.0,0.0,0.0,0.0,0.0,0.0,0.0,39.0,39.0,1037.0,87.0,162.0,0.537,8.0,36.0,0.222,79.0,126.0,0.627,0.562,12.0,38.0,0.316,75.0,110.0,185.0,46.0,45.0,35.0,30.0,89.0,194.0,0.0,10.9,0.543,0.222,0.235,7.8,12.2,9.9,6.0,2.2,3.1,14.4,8.6,0.8,1.3,2.2,0.1,-1.9,1.8,-0.1,0.5,0.0,2018
347,Brandan Wright,13.6,2.1,3.6,0.578,0.0,0.0,0.0,2.1,3.6,0.578,0.578,0.8,1.2,0.636,1.2,2.2,3.4,0.5,0.5,0.9,0.3,1.1,5.0,0.0,0.0,1010.0,0.0,0.0,0.0,0.0,0.0,0.0,0.0,0.0,0.0,0.0,0.0,0.0,0.0,28.0,1.0,381.0,59.0,102.0,0.578,0.0,0.0,0.0,59.0,102.0,0.578,0.578,21.0,33.0,0.636,33.0,62.0,95.0,13.0,13.0,26.0,8.0,32.0,139.0,0.0,19.0,0.596,0.0,0.324,9.8,19.3,14.4,5.6,1.7,6.4,6.4,14.7,0.8,0.5,1.3,0.163,1.1,1.0,2.1,0.4,0.0,2018
348,Noah Vonleh,16.2,1.9,4.3,0.444,0.4,1.2,0.303,1.6,3.1,0.5,0.487,0.7,1.1,0.621,1.3,4.5,5.8,0.6,0.4,0.3,0.6,1.3,4.9,0.0,0.0,1010.0,0.0,0.0,0.0,0.0,0.0,0.0,0.0,0.0,0.0,0.0,0.0,0.0,0.0,54.0,16.0,875.0,104.0,234.0,0.444,20.0,66.0,0.303,84.0,168.0,0.5,0.487,36.0,58.0,0.621,70.0,241.0,311.0,34.0,19.0,17.0,31.0,68.0,264.0,0.0,12.8,0.509,0.282,0.248,8.5,30.2,19.2,5.7,1.1,1.6,10.7,14.5,0.5,1.2,1.6,0.09,-1.1,-0.2,-1.3,0.2,0.0,2018
349,Ramon Sessions,14.0,1.5,4.2,0.359,0.3,0.9,0.308,1.2,3.3,0.374,0.393,1.6,2.0,0.772,0.2,1.1,1.4,2.8,0.5,0.1,1.1,1.0,4.9,0.0,0.0,1010.0,0.0,0.0,0.0,0.0,0.0,0.0,0.0,0.0,0.0,0.0,0.0,0.0,0.0,28.0,3.0,392.0,42.0,117.0,0.359,8.0,26.0,0.308,34.0,91.0,0.374,0.393,44.0,57.0,0.772,6.0,32.0,38.0,77.0,14.0,2.0,30.0,29.0,136.0,0.0,11.2,0.479,0.222,0.487,1.7,9.1,5.4,27.2,1.8,0.4,17.4,19.3,0.1,0.3,0.3,0.039,-2.3,-0.9,-3.2,-0.1,0.0,2018
350,Jameer Nelson,20.3,1.9,4.9,0.389,0.8,2.5,0.331,1.1,2.4,0.45,0.473,0.3,0.4,0.8,0.3,1.8,2.1,3.6,0.5,0.1,1.3,1.6,4.9,0.0,0.0,1010.0,0.0,0.0,0.0,0.0,0.0,0.0,0.0,0.0,0.0,0.0,0.0,0.0,0.0,50.0,0.0,1013.0,95.0,244.0,0.389,41.0,124.0,0.331,54.0,120.0,0.45,0.473,16.0,20.0,0.8,13.0,91.0,104.0,179.0,27.0,4.0,67.0,81.0,247.0,0.0,8.1,0.489,0.508,0.082,1.4,9.5,5.6,22.8,1.3,0.3,21.0,13.7,-0.1,0.7,0.6,0.028,-2.9,-0.4,-3.3,-0.3,0.0,2018
351,Cheick Diallo,11.2,2.0,3.4,0.58,0.0,0.0,0.0,2.0,3.4,0.58,0.58,1.0,1.3,0.758,0.9,3.2,4.1,0.4,0.2,0.4,0.5,1.6,4.9,0.0,0.0,1010.0,0.0,0.0,0.0,0.0,0.0,0.0,0.0,0.0,0.0,0.0,0.0,0.0,0.0,52.0,0.0,581.0,102.0,176.0,0.58,0.0,0.0,0.0,102.0,176.0,0.58,0.58,50.0,66.0,0.758,47.0,164.0,211.0,19.0,11.0,21.0,28.0,82.0,254.0,0.0,17.0,0.619,0.0,0.375,9.1,29.6,19.7,4.7,0.9,2.9,12.0,17.4,1.1,0.8,1.9,0.157,-1.3,0.1,-1.2,0.1,0.0,2018
352,Jawun Evans,16.2,1.9,5.3,0.352,0.3,1.1,0.278,1.5,4.1,0.372,0.381,0.8,1.0,0.776,0.2,1.6,1.8,2.1,0.8,0.1,0.9,2.0,4.8,0.0,0.0,1010.0,0.0,0.0,0.0,0.0,0.0,0.0,0.0,0.0,0.0,0.0,0.0,0.0,0.0,48.0,4.0,778.0,89.0,253.0,0.352,15.0,54.0,0.278,74.0,199.0,0.372,0.381,38.0,49.0,0.776,9.0,75.0,84.0,100.0,36.0,6.0,44.0,97.0,231.0,0.0,7.2,0.421,0.213,0.194,1.3,10.4,5.9,17.8,2.3,0.6,13.8,17.7,-0.8,0.6,-0.2,-0.011,-5.4,0.4,-5.0,-0.6,0.0,2018
353,Ian Mahinmi,14.9,1.8,3.2,0.556,0.0,0.0,0.0,1.8,3.2,0.561,0.556,1.2,1.7,0.703,1.8,2.3,4.1,0.7,0.5,0.5,1.3,3.0,4.8,0.0,0.0,1010.0,0.0,0.0,0.0,0.0,0.0,0.0,0.0,0.0,0.0,0.0,0.0,0.0,0.0,77.0,0.0,1145.0,138.0,248.0,0.556,0.0,2.0,0.0,138.0,246.0,0.561,0.556,90.0,128.0,0.703,135.0,177.0,312.0,53.0,38.0,42.0,100.0,230.0,366.0,0.0,12.2,0.601,0.008,0.516,13.4,17.4,15.4,6.6,1.6,3.2,24.7,15.6,0.8,1.4,2.2,0.093,-4.6,0.2,-4.4,-0.7,0.0,2018
354,Thon Maker,16.7,1.8,4.3,0.411,0.4,1.4,0.298,1.3,2.9,0.467,0.46,0.9,1.3,0.699,1.0,2.0,3.0,0.6,0.5,0.7,0.6,2.2,4.8,0.0,0.0,1010.0,0.0,0.0,0.0,0.0,0.0,0.0,0.0,0.0,0.0,0.0,0.0,0.0,0.0,74.0,12.0,1238.0,130.0,316.0,0.411,31.0,104.0,0.298,99.0,212.0,0.467,0.46,65.0,93.0,0.699,75.0,150.0,225.0,46.0,38.0,53.0,44.0,162.0,356.0,0.0,10.2,0.499,0.329,0.294,7.1,14.1,10.6,5.2,1.5,3.7,11.0,14.6,0.3,1.1,1.5,0.056,-3.2,-0.4,-3.5,-0.5,0.0,2018
355,JaVale McGee,9.5,2.1,3.4,0.621,0.0,0.1,0.0,2.1,3.3,0.638,0.621,0.6,0.8,0.731,0.9,1.7,2.6,0.5,0.3,0.9,0.4,1.4,4.8,0.0,0.0,1010.0,0.0,0.0,0.0,0.0,0.0,0.0,0.0,0.0,0.0,0.0,0.0,0.0,0.0,65.0,17.0,615.0,136.0,219.0,0.621,0.0,6.0,0.0,136.0,213.0,0.638,0.621,38.0,52.0,0.731,59.0,110.0,169.0,33.0,21.0,57.0,27.0,91.0,310.0,0.0,22.3,0.641,0.027,0.237,11.5,18.7,15.4,8.0,1.6,7.3,10.0,19.2,1.7,1.1,2.7,0.212,0.3,1.2,1.5,0.5,0.0,2018
356,Johnny O'Bryant,10.5,1.9,4.8,0.398,0.4,1.2,0.326,1.5,3.6,0.422,0.439,0.6,0.7,0.84,0.8,1.8,2.6,0.4,0.3,0.2,0.4,1.3,4.8,0.0,0.0,1010.0,0.0,0.0,0.0,0.0,0.0,0.0,0.0,0.0,0.0,0.0,0.0,0.0,0.0,36.0,0.0,379.0,68.0,171.0,0.398,14.0,43.0,0.326,54.0,128.0,0.422,0.439,21.0,25.0,0.84,29.0,64.0,93.0,14.0,9.0,6.0,15.0,45.0,171.0,0.0,11.9,0.47,0.251,0.146,8.1,18.6,13.3,5.9,1.2,1.3,7.6,22.5,-0.1,0.4,0.3,0.038,-2.9,-1.5,-4.4,-0.2,0.0,2018
357,Álex Abrines,15.1,1.5,3.9,0.395,1.1,2.9,0.38,0.4,0.9,0.443,0.54,0.5,0.6,0.848,0.3,1.2,1.5,0.4,0.5,0.1,0.3,1.7,4.7,0.0,0.0,1010.0,0.0,0.0,0.0,0.0,0.0,0.0,0.0,0.0,0.0,0.0,0.0,0.0,0.0,75.0,8.0,1134.0,115.0,291.0,0.395,84.0,221.0,0.38,31.0,70.0,0.443,0.54,39.0,46.0,0.848,26.0,88.0,114.0,28.0,38.0,8.0,25.0,124.0,353.0,0.0,9.0,0.567,0.759,0.158,2.5,8.9,5.6,3.4,1.7,0.6,7.4,12.7,1.3,1.0,2.2,0.094,-1.9,0.4,-1.5,0.1,0.0,2018
358,Tony Allen,12.4,2.0,4.1,0.484,0.2,0.5,0.333,1.8,3.6,0.506,0.505,0.5,1.0,0.524,0.9,1.2,2.1,0.4,0.5,0.1,0.9,2.2,4.7,0.0,0.0,1010.0,0.0,0.0,0.0,0.0,0.0,0.0,0.0,0.0,0.0,0.0,0.0,0.0,0.0,22.0,0.0,273.0,44.0,91.0,0.484,4.0,12.0,0.333,40.0,79.0,0.506,0.505,11.0,21.0,0.524,20.0,27.0,47.0,9.0,11.0,3.0,19.0,49.0,103.0,0.0,8.7,0.514,0.132,0.231,8.2,10.4,9.3,4.6,1.9,0.9,15.9,18.9,-0.2,0.2,0.1,0.017,-5.2,-0.3,-5.5,-0.2,0.0,2018
359,Tyler Cavanaugh,13.3,1.7,3.9,0.441,0.8,2.3,0.36,0.9,1.6,0.556,0.546,0.4,0.5,0.81,1.2,2.1,3.3,0.7,0.2,0.1,0.4,1.6,4.7,0.0,0.0,1010.0,0.0,0.0,0.0,0.0,0.0,0.0,0.0,0.0,0.0,0.0,0.0,0.0,0.0,39.0,1.0,518.0,67.0,152.0,0.441,32.0,89.0,0.36,35.0,63.0,0.556,0.546,17.0,21.0,0.81,45.0,82.0,127.0,27.0,9.0,4.0,14.0,61.0,183.0,0.0,13.0,0.567,0.586,0.138,9.7,17.7,13.7,7.8,0.8,0.7,8.0,14.8,0.9,0.3,1.2,0.109,-0.4,-1.5,-1.9,0.0,0.0,2018
360,Jaylen Morris,16.3,2.2,5.3,0.406,0.3,1.7,0.2,1.8,3.7,0.5,0.438,0.0,0.0,0.0,0.3,2.3,2.7,1.2,0.3,0.2,1.0,0.3,4.7,0.0,0.0,1010.0,0.0,0.0,0.0,0.0,0.0,0.0,0.0,0.0,0.0,0.0,0.0,0.0,0.0,6.0,0.0,98.0,13.0,32.0,0.406,2.0,10.0,0.2,11.0,22.0,0.5,0.438,0.0,0.0,0.0,2.0,14.0,16.0,7.0,2.0,1.0,6.0,2.0,28.0,0.0,6.5,0.438,0.313,0.0,2.3,15.9,9.1,10.8,1.0,0.9,15.8,16.9,-0.2,0.1,-0.1,-0.053,-4.4,-1.0,-5.4,-0.1,0.0,2018
361,JaKarr Sampson,15.6,2.0,3.7,0.543,0.2,0.5,0.5,1.8,3.2,0.549,0.574,0.5,0.7,0.625,1.0,2.6,3.5,0.4,0.4,1.0,0.4,2.2,4.7,0.0,0.0,1010.0,0.0,0.0,0.0,0.0,0.0,0.0,0.0,0.0,0.0,0.0,0.0,0.0,0.0,22.0,6.0,344.0,44.0,81.0,0.543,5.0,10.0,0.5,39.0,71.0,0.549,0.574,10.0,16.0,0.625,21.0,57.0,78.0,9.0,8.0,22.0,8.0,48.0,103.0,0.0,13.9,0.585,0.123,0.198,6.7,19.7,12.9,3.9,1.2,6.1,8.3,12.5,0.4,0.4,0.8,0.114,-2.3,1.1,-1.2,0.1,0.0,2018
362,Jalen Jones,11.3,1.6,4.3,0.382,0.6,1.6,0.385,1.0,2.6,0.381,0.456,0.8,1.2,0.632,0.8,1.6,2.4,0.3,0.3,0.1,0.4,1.4,4.6,0.0,0.0,1010.0,0.0,0.0,0.0,0.0,0.0,0.0,0.0,0.0,0.0,0.0,0.0,0.0,0.0,16.0,0.0,181.0,26.0,68.0,0.382,10.0,26.0,0.385,16.0,42.0,0.381,0.456,12.0,19.0,0.632,13.0,25.0,38.0,4.0,5.0,1.0,7.0,22.0,74.0,0.0,10.3,0.485,0.382,0.279,7.7,15.7,11.6,3.5,1.4,0.5,8.4,20.9,0.0,0.2,0.1,0.027,-3.4,-2.6,-6.0,-0.2,0.0,2018
363,Willie Reed,10.2,1.9,2.9,0.669,0.0,0.0,0.5,1.9,2.8,0.672,0.674,0.8,1.3,0.582,0.8,2.0,2.9,0.2,0.2,0.5,0.5,1.3,4.6,0.0,0.0,1010.0,0.0,0.0,0.0,0.0,0.0,0.0,0.0,0.0,0.0,0.0,0.0,0.0,0.0,42.0,5.0,428.0,81.0,121.0,0.669,1.0,2.0,0.5,80.0,119.0,0.672,0.674,32.0,55.0,0.582,35.0,86.0,121.0,10.0,9.0,22.0,19.0,56.0,195.0,0.0,19.2,0.671,0.017,0.455,9.1,21.8,15.5,3.6,1.0,4.3,11.6,16.6,1.0,0.5,1.5,0.172,0.5,0.3,0.8,0.3,0.0,2018
364,Jordan Bell,14.2,2.0,3.2,0.627,0.0,0.1,0.0,2.0,3.2,0.641,0.627,0.5,0.8,0.682,1.1,2.6,3.6,1.8,0.6,1.0,0.9,1.6,4.6,0.0,0.0,1010.0,0.0,0.0,0.0,0.0,0.0,0.0,0.0,0.0,0.0,0.0,0.0,0.0,0.0,57.0,13.0,809.0,116.0,185.0,0.627,0.0,4.0,0.0,116.0,181.0,0.641,0.627,30.0,44.0,0.682,60.0,147.0,207.0,102.0,35.0,56.0,51.0,92.0,262.0,0.0,18.0,0.641,0.022,0.238,8.9,19.0,14.3,16.9,2.1,5.5,20.0,13.9,1.6,1.4,2.9,0.174,0.0,2.8,2.8,1.0,0.0,2018
365,Michael Carter-Williams,16.1,1.5,4.4,0.332,0.3,1.1,0.237,1.2,3.3,0.365,0.362,1.4,1.7,0.82,0.7,1.9,2.7,2.2,0.8,0.4,1.0,1.9,4.6,0.0,0.0,1010.0,0.0,0.0,0.0,0.0,0.0,0.0,0.0,0.0,0.0,0.0,0.0,0.0,0.0,52.0,2.0,835.0,76.0,229.0,0.332,14.0,59.0,0.237,62.0,170.0,0.365,0.362,73.0,89.0,0.82,37.0,101.0,138.0,116.0,44.0,23.0,52.0,99.0,239.0,0.0,10.8,0.446,0.258,0.389,4.7,13.3,8.9,19.4,2.6,2.3,16.2,16.6,-0.2,1.1,0.9,0.05,-3.3,1.8,-1.5,0.1,0.0,2018
366,Amir Johnson,15.8,1.9,3.5,0.538,0.1,0.4,0.313,1.8,3.1,0.57,0.558,0.7,1.1,0.612,1.7,2.8,4.5,1.6,0.6,0.6,0.7,2.6,4.6,0.0,0.0,1010.0,0.0,0.0,0.0,0.0,0.0,0.0,0.0,0.0,0.0,0.0,0.0,0.0,0.0,74.0,18.0,1171.0,140.0,260.0,0.538,10.0,32.0,0.313,130.0,228.0,0.57,0.558,52.0,85.0,0.612,123.0,207.0,330.0,118.0,45.0,44.0,55.0,192.0,342.0,0.0,14.9,0.575,0.123,0.327,11.8,18.3,15.2,13.9,1.8,3.1,15.6,12.8,2.1,2.0,4.1,0.169,-1.2,2.2,1.0,0.9,0.0,2018
367,Andrew White,13.9,1.7,4.9,0.342,1.2,3.3,0.367,0.5,1.6,0.292,0.466,0.1,0.3,0.25,0.3,2.0,2.3,0.4,0.2,0.1,0.5,0.8,4.6,0.0,0.0,1010.0,0.0,0.0,0.0,0.0,0.0,0.0,0.0,0.0,0.0,0.0,0.0,0.0,0.0,15.0,0.0,209.0,25.0,73.0,0.342,18.0,49.0,0.367,7.0,24.0,0.292,0.466,1.0,4.0,0.25,4.0,30.0,34.0,6.0,3.0,1.0,8.0,12.0,69.0,0.0,5.8,0.461,0.671,0.055,2.1,16.0,9.1,4.3,0.7,0.4,9.7,17.3,-0.2,0.1,-0.1,-0.034,-3.4,-2.1,-5.5,-0.2,0.0,2018
368,José Calderón,16.0,1.6,3.2,0.503,0.8,1.7,0.464,0.8,1.5,0.545,0.624,0.4,0.5,0.8,0.2,1.2,1.5,2.1,0.5,0.0,0.7,1.4,4.5,0.0,0.0,1010.0,0.0,0.0,0.0,0.0,0.0,0.0,0.0,0.0,0.0,0.0,0.0,0.0,0.0,57.0,32.0,914.0,93.0,185.0,0.503,45.0,97.0,0.464,48.0,88.0,0.545,0.624,24.0,30.0,0.8,14.0,70.0,84.0,117.0,27.0,2.0,41.0,81.0,255.0,0.0,11.3,0.643,0.524,0.162,1.7,8.5,5.2,17.4,1.4,0.2,17.1,11.6,1.5,0.3,1.8,0.095,-1.4,-0.5,-1.9,0.0,0.0,2018
369,Raul Neto,12.1,1.7,3.7,0.457,0.5,1.1,0.404,1.2,2.5,0.481,0.52,0.6,0.9,0.743,0.2,1.0,1.2,1.8,0.3,0.1,0.9,0.9,4.5,0.0,0.0,1010.0,0.0,0.0,0.0,0.0,0.0,0.0,0.0,0.0,0.0,0.0,0.0,0.0,0.0,41.0,0.0,498.0,69.0,151.0,0.457,19.0,47.0,0.404,50.0,104.0,0.481,0.52,26.0,35.0,0.743,7.0,42.0,49.0,75.0,13.0,4.0,36.0,38.0,183.0,0.0,11.9,0.55,0.311,0.232,1.6,9.5,5.6,23.0,1.3,0.7,17.8,18.3,0.3,0.6,0.9,0.086,-1.6,0.2,-1.4,0.1,0.0,2018
370,Nik Stauskas,12.8,1.5,3.8,0.39,1.0,2.4,0.4,0.5,1.3,0.37,0.519,0.5,0.7,0.724,0.1,1.5,1.6,1.0,0.2,0.1,0.6,0.6,4.4,0.0,0.0,1010.0,0.0,0.0,0.0,0.0,0.0,0.0,0.0,0.0,0.0,0.0,0.0,0.0,0.0,41.0,0.0,523.0,60.0,154.0,0.39,40.0,100.0,0.4,20.0,54.0,0.37,0.519,21.0,29.0,0.724,4.0,60.0,64.0,39.0,9.0,4.0,26.0,24.0,181.0,0.0,9.0,0.543,0.649,0.188,0.8,12.3,6.5,11.1,0.8,0.6,13.5,15.9,0.1,0.3,0.3,0.031,-1.3,-1.0,-2.3,-0.1,0.0,2018
371,Zach Collins,15.8,1.7,4.4,0.398,0.5,1.7,0.31,1.2,2.7,0.455,0.458,0.4,0.6,0.643,0.7,2.7,3.3,0.8,0.3,0.5,0.9,2.0,4.4,0.0,0.0,1010.0,0.0,0.0,0.0,0.0,0.0,0.0,0.0,0.0,0.0,0.0,0.0,0.0,0.0,66.0,1.0,1045.0,115.0,289.0,0.398,35.0,113.0,0.31,80.0,176.0,0.455,0.458,27.0,42.0,0.643,45.0,176.0,221.0,52.0,17.0,31.0,58.0,133.0,292.0,0.0,7.5,0.475,0.391,0.145,4.7,18.2,11.5,7.1,0.8,2.4,15.9,15.4,-0.7,1.3,0.6,0.03,-4.5,0.2,-4.3,-0.6,0.0,2018
372,Isaiah Hicks,13.3,1.8,4.0,0.458,0.1,0.5,0.222,1.7,3.5,0.492,0.472,0.7,1.0,0.667,0.6,1.7,2.3,0.9,0.1,0.2,0.9,2.5,4.4,0.0,0.0,1010.0,0.0,0.0,0.0,0.0,0.0,0.0,0.0,0.0,0.0,0.0,0.0,0.0,0.0,18.0,0.0,240.0,33.0,72.0,0.458,2.0,9.0,0.222,31.0,63.0,0.492,0.472,12.0,18.0,0.667,10.0,31.0,41.0,16.0,2.0,4.0,16.0,45.0,80.0,0.0,6.8,0.501,0.125,0.25,4.6,14.3,9.5,9.5,0.4,1.4,16.7,17.4,-0.1,0.1,0.0,-0.003,-6.4,-1.2,-7.6,-0.3,0.0,2018
373,Nerlens Noel,15.7,1.8,3.5,0.524,0.0,0.0,0.0,1.8,3.5,0.529,0.524,0.7,0.9,0.75,1.6,4.0,5.6,0.7,1.0,0.7,0.9,2.0,4.4,0.0,0.0,1010.0,0.0,0.0,0.0,0.0,0.0,0.0,0.0,0.0,0.0,0.0,0.0,0.0,0.0,30.0,6.0,472.0,55.0,105.0,0.524,0.0,1.0,0.0,55.0,104.0,0.529,0.524,21.0,28.0,0.75,48.0,120.0,168.0,20.0,31.0,22.0,26.0,59.0,131.0,0.0,16.2,0.558,0.01,0.267,10.9,29.3,19.8,6.3,3.3,4.1,18.1,13.8,0.4,1.0,1.3,0.135,-2.2,2.7,0.5,0.3,0.0,2018
374,Emeka Okafor,13.6,1.8,3.7,0.505,0.0,0.0,0.0,1.8,3.7,0.505,0.505,0.7,0.8,0.818,1.8,2.8,4.6,0.3,0.3,1.0,0.5,1.2,4.4,0.0,0.0,1010.0,0.0,0.0,0.0,0.0,0.0,0.0,0.0,0.0,0.0,0.0,0.0,0.0,0.0,26.0,19.0,353.0,48.0,95.0,0.505,0.0,0.0,0.0,48.0,95.0,0.505,0.505,18.0,22.0,0.818,47.0,73.0,120.0,8.0,8.0,25.0,13.0,30.0,114.0,0.0,16.4,0.545,0.0,0.232,14.9,21.7,18.4,3.1,1.1,5.6,11.0,14.4,0.5,0.5,1.0,0.14,-1.1,-0.2,-1.2,0.1,0.0,2018
375,Iman Shumpert,19.7,1.6,4.1,0.379,0.5,1.9,0.269,1.1,2.3,0.469,0.44,0.8,1.1,0.733,0.5,2.4,2.9,1.2,0.6,0.3,1.1,1.6,4.4,0.0,0.0,1010.0,0.0,0.0,0.0,0.0,0.0,0.0,0.0,0.0,0.0,0.0,0.0,0.0,0.0,14.0,6.0,276.0,22.0,58.0,0.379,7.0,26.0,0.269,15.0,32.0,0.469,0.44,11.0,15.0,0.733,7.0,34.0,41.0,17.0,9.0,4.0,16.0,22.0,62.0,0.0,6.4,0.48,0.448,0.259,2.9,13.6,8.3,8.1,1.6,1.2,19.9,12.9,-0.2,0.2,0.0,-0.006,-3.4,0.0,-3.3,-0.1,0.0,2018
376,Travis Wear,13.4,1.5,4.2,0.347,1.0,2.8,0.362,0.5,1.5,0.32,0.465,0.5,0.5,1.0,0.0,2.2,2.2,0.4,0.2,0.3,0.4,1.8,4.4,0.0,0.0,1010.0,0.0,0.0,0.0,0.0,0.0,0.0,0.0,0.0,0.0,0.0,0.0,0.0,0.0,17.0,0.0,228.0,25.0,72.0,0.347,17.0,47.0,0.362,8.0,25.0,0.32,0.465,8.0,8.0,1.0,0.0,38.0,38.0,7.0,4.0,5.0,6.0,30.0,75.0,0.0,6.9,0.497,0.653,0.111,0.0,17.6,8.9,4.2,0.8,1.8,7.4,15.2,0.0,0.2,0.2,0.042,-3.7,0.0,-3.7,-0.1,0.0,2018
377,Matthew Dellavedova,18.7,1.4,4.0,0.362,0.8,2.1,0.372,0.7,1.9,0.351,0.457,0.7,0.7,0.926,0.4,1.3,1.7,3.8,0.4,0.0,1.3,1.8,4.3,0.0,0.0,1010.0,0.0,0.0,0.0,0.0,0.0,0.0,0.0,0.0,0.0,0.0,0.0,0.0,0.0,38.0,3.0,712.0,55.0,152.0,0.362,29.0,78.0,0.372,26.0,74.0,0.351,0.457,25.0,27.0,0.926,14.0,50.0,64.0,145.0,14.0,0.0,49.0,67.0,164.0,0.0,8.6,0.5,0.513,0.178,2.3,8.2,5.3,27.4,1.0,0.0,23.0,13.5,0.3,0.2,0.5,0.032,-2.4,-2.0,-4.4,-0.4,0.0,2018
378,Treveon Graham,16.7,1.5,3.5,0.434,0.6,1.5,0.412,0.9,2.0,0.452,0.525,0.7,0.9,0.695,0.7,1.3,1.9,0.9,0.5,0.0,0.4,1.7,4.3,0.0,0.0,1010.0,0.0,0.0,0.0,0.0,0.0,0.0,0.0,0.0,0.0,0.0,0.0,0.0,0.0,63.0,2.0,1050.0,96.0,221.0,0.434,40.0,97.0,0.412,56.0,124.0,0.452,0.525,41.0,59.0,0.695,42.0,79.0,121.0,59.0,33.0,2.0,27.0,109.0,273.0,0.0,9.0,0.553,0.439,0.267,4.3,8.3,6.2,7.8,1.5,0.2,9.9,11.3,1.1,0.7,1.8,0.08,-2.8,0.1,-2.7,-0.2,0.0,2018
379,Shane Larkin,14.4,1.6,4.1,0.384,0.6,1.6,0.36,1.0,2.5,0.398,0.454,0.6,0.7,0.865,0.3,1.4,1.7,1.8,0.5,0.0,0.6,1.1,4.3,0.0,0.0,1010.0,0.0,0.0,0.0,0.0,0.0,0.0,0.0,0.0,0.0,0.0,0.0,0.0,0.0,54.0,2.0,775.0,84.0,219.0,0.384,31.0,86.0,0.36,53.0,133.0,0.398,0.454,32.0,37.0,0.865,15.0,77.0,92.0,98.0,29.0,2.0,33.0,58.0,231.0,0.0,10.3,0.491,0.393,0.169,2.1,10.7,6.5,18.5,1.9,0.2,12.3,15.5,0.3,1.1,1.4,0.087,-2.8,1.1,-1.7,0.1,0.0,2018
380,Miles Plumlee,16.7,1.9,3.3,0.583,0.0,0.0,0.0,1.9,3.3,0.583,0.583,0.5,1.1,0.45,1.4,2.7,4.1,0.8,0.3,0.5,1.1,1.4,4.3,0.0,0.0,1010.0,0.0,0.0,0.0,0.0,0.0,0.0,0.0,0.0,0.0,0.0,0.0,0.0,0.0,55.0,35.0,918.0,105.0,180.0,0.583,0.0,0.0,0.0,105.0,180.0,0.583,0.583,27.0,60.0,0.45,77.0,151.0,228.0,45.0,17.0,30.0,63.0,79.0,237.0,0.0,10.6,0.574,0.0,0.333,9.4,18.3,13.9,7.2,0.9,2.8,23.4,12.8,0.1,0.7,0.9,0.046,-3.7,-0.1,-3.8,-0.4,0.0,2018
381,Khem Birch,13.8,1.6,3.0,0.54,0.0,0.0,0.0,1.6,3.0,0.54,0.54,1.0,1.5,0.689,1.7,2.6,4.3,0.8,0.4,0.5,0.5,1.3,4.2,0.0,0.0,1010.0,0.0,0.0,0.0,0.0,0.0,0.0,0.0,0.0,0.0,0.0,0.0,0.0,0.0,42.0,0.0,578.0,68.0,126.0,0.54,0.0,0.0,0.0,68.0,126.0,0.54,0.54,42.0,61.0,0.689,70.0,110.0,180.0,34.0,15.0,21.0,21.0,56.0,178.0,0.0,16.4,0.582,0.0,0.484,13.2,21.1,17.1,8.5,1.3,2.9,12.1,13.2,1.2,0.6,1.8,0.15,-0.7,-0.2,-0.9,0.2,0.0,2018
382,Torrey Craig,16.1,1.6,3.5,0.453,0.4,1.5,0.293,1.2,2.0,0.57,0.515,0.6,0.9,0.629,1.0,2.2,3.3,0.6,0.3,0.4,0.5,1.6,4.2,0.0,0.0,1010.0,0.0,0.0,0.0,0.0,0.0,0.0,0.0,0.0,0.0,0.0,0.0,0.0,0.0,39.0,5.0,629.0,62.0,137.0,0.453,17.0,58.0,0.293,45.0,79.0,0.57,0.515,22.0,35.0,0.629,40.0,87.0,127.0,25.0,12.0,15.0,20.0,63.0,163.0,0.0,9.8,0.535,0.423,0.255,7.2,15.5,11.4,5.4,0.9,2.0,11.6,11.9,0.5,0.4,0.9,0.069,-2.2,-0.7,-2.9,-0.1,0.0,2018
383,Sam Dekker,12.1,1.8,3.5,0.494,0.1,0.8,0.167,1.6,2.7,0.593,0.514,0.5,0.8,0.661,0.6,1.8,2.4,0.5,0.3,0.1,0.5,1.0,4.2,0.0,0.0,1010.0,0.0,0.0,0.0,0.0,0.0,0.0,0.0,0.0,0.0,0.0,0.0,0.0,0.0,73.0,1.0,883.0,128.0,259.0,0.494,10.0,60.0,0.167,118.0,199.0,0.593,0.514,37.0,56.0,0.661,44.0,130.0,174.0,38.0,24.0,9.0,33.0,71.0,303.0,0.0,11.5,0.534,0.232,0.216,5.6,16.0,10.8,6.2,1.3,0.9,10.4,15.5,0.6,0.6,1.2,0.066,-2.3,-0.6,-2.9,-0.2,0.0,2018
384,Timofey Mozgov,11.6,1.7,3.0,0.559,0.1,0.6,0.222,1.5,2.4,0.64,0.581,0.7,1.0,0.767,1.0,2.1,3.2,0.4,0.2,0.4,1.1,1.3,4.2,0.0,0.0,1010.0,0.0,0.0,0.0,0.0,0.0,0.0,0.0,0.0,0.0,0.0,0.0,0.0,0.0,31.0,13.0,359.0,52.0,93.0,0.559,4.0,18.0,0.222,48.0,75.0,0.64,0.581,23.0,30.0,0.767,32.0,66.0,98.0,11.0,5.0,13.0,33.0,39.0,131.0,0.0,12.3,0.617,0.194,0.323,9.4,19.7,14.5,4.8,0.7,2.7,23.7,16.8,0.1,0.3,0.4,0.055,-3.3,-0.6,-3.9,-0.2,0.0,2018
385,Adreian Payne,8.6,1.4,2.0,0.7,0.4,0.6,0.667,1.0,1.4,0.714,0.8,1.0,1.2,0.833,0.4,1.4,1.8,0.0,0.4,0.0,0.4,1.2,4.2,0.0,0.0,1010.0,0.0,0.0,0.0,0.0,0.0,0.0,0.0,0.0,0.0,0.0,0.0,0.0,0.0,5.0,0.0,43.0,7.0,10.0,0.7,2.0,3.0,0.667,5.0,7.0,0.714,0.8,5.0,6.0,0.833,2.0,7.0,9.0,0.0,2.0,0.0,2.0,6.0,21.0,0.0,18.8,0.831,0.3,0.6,5.1,18.0,11.5,0.0,2.3,0.0,13.7,15.0,0.1,0.0,0.2,0.203,1.8,0.6,2.4,0.0,0.0,2018
386,Damyean Dotson,10.8,1.6,3.7,0.447,0.5,1.5,0.324,1.1,2.1,0.538,0.516,0.4,0.5,0.696,0.2,1.7,1.9,0.7,0.3,0.0,0.4,0.8,4.1,0.0,0.0,1010.0,0.0,0.0,0.0,0.0,0.0,0.0,0.0,0.0,0.0,0.0,0.0,0.0,0.0,44.0,2.0,474.0,72.0,161.0,0.447,22.0,68.0,0.324,50.0,93.0,0.538,0.516,16.0,23.0,0.696,9.0,75.0,84.0,31.0,12.0,2.0,17.0,34.0,182.0,0.0,11.6,0.532,0.422,0.143,2.1,17.5,9.8,9.5,1.3,0.4,9.0,17.3,0.3,0.3,0.6,0.06,-1.6,-0.6,-2.3,0.0,0.0,2018
387,Tyler Ennis,12.6,1.7,4.1,0.42,0.3,1.0,0.25,1.5,3.1,0.476,0.451,0.4,0.5,0.759,0.4,1.4,1.8,1.9,0.6,0.2,0.7,1.4,4.1,0.0,0.0,1010.0,0.0,0.0,0.0,0.0,0.0,0.0,0.0,0.0,0.0,0.0,0.0,0.0,0.0,54.0,11.0,683.0,94.0,224.0,0.42,14.0,56.0,0.25,80.0,168.0,0.476,0.451,22.0,29.0,0.759,19.0,76.0,95.0,105.0,30.0,10.0,38.0,75.0,224.0,0.0,11.1,0.473,0.25,0.129,3.0,11.8,7.4,21.9,2.1,1.2,13.8,17.1,0.1,0.7,0.8,0.058,-3.0,0.9,-2.1,0.0,0.0,2018
388,Joffrey Lauvergne,9.7,1.8,3.5,0.516,0.0,0.1,0.0,1.8,3.4,0.53,0.516,0.5,0.9,0.638,1.1,2.0,3.1,0.7,0.2,0.1,0.6,0.8,4.1,0.0,0.0,1010.0,0.0,0.0,0.0,0.0,0.0,0.0,0.0,0.0,0.0,0.0,0.0,0.0,0.0,55.0,1.0,534.0,98.0,190.0,0.516,0.0,5.0,0.0,98.0,185.0,0.53,0.516,30.0,47.0,0.638,63.0,108.0,171.0,41.0,9.0,3.0,33.0,45.0,226.0,0.0,16.5,0.536,0.026,0.247,13.0,22.6,17.8,12.2,0.9,0.5,13.5,20.4,0.6,0.7,1.3,0.12,-0.4,-0.6,-1.0,0.1,0.0,2018
389,Alec Peters,11.3,1.4,3.7,0.378,0.9,2.9,0.31,0.5,0.8,0.625,0.5,0.4,0.5,0.8,0.4,1.5,1.9,0.6,0.1,0.1,0.2,0.7,4.1,0.0,0.0,1010.0,0.0,0.0,0.0,0.0,0.0,0.0,0.0,0.0,0.0,0.0,0.0,0.0,0.0,20.0,0.0,225.0,28.0,74.0,0.378,18.0,58.0,0.31,10.0,16.0,0.625,0.5,8.0,10.0,0.8,8.0,29.0,37.0,12.0,2.0,2.0,4.0,13.0,82.0,0.0,10.7,0.523,0.784,0.135,3.7,14.0,8.8,7.9,0.4,0.7,4.9,15.5,0.2,0.0,0.3,0.055,-0.5,-2.3,-2.8,0.0,0.0,2018
390,Glenn Robinson III,14.7,1.6,3.7,0.424,0.6,1.5,0.412,1.0,2.2,0.431,0.506,0.4,0.5,0.818,0.5,1.1,1.6,0.7,0.6,0.0,0.2,0.6,4.1,0.0,0.0,1010.0,0.0,0.0,0.0,0.0,0.0,0.0,0.0,0.0,0.0,0.0,0.0,0.0,0.0,23.0,1.0,338.0,36.0,85.0,0.424,14.0,34.0,0.412,22.0,51.0,0.431,0.506,9.0,11.0,0.818,11.0,26.0,37.0,17.0,13.0,1.0,5.0,14.0,95.0,0.0,10.8,0.529,0.4,0.129,3.7,8.6,6.2,6.8,1.9,0.3,5.3,12.5,0.4,0.3,0.6,0.088,-1.2,0.4,-0.7,0.1,0.0,2018
391,Lance Thomas,18.5,1.4,3.7,0.382,0.7,1.7,0.403,0.7,2.0,0.364,0.476,0.6,0.7,0.83,0.6,1.8,2.4,0.6,0.4,0.2,0.5,1.8,4.1,0.0,0.0,1010.0,0.0,0.0,0.0,0.0,0.0,0.0,0.0,0.0,0.0,0.0,0.0,0.0,0.0,73.0,31.0,1353.0,102.0,267.0,0.382,50.0,124.0,0.403,52.0,143.0,0.364,0.476,44.0,53.0,0.83,44.0,131.0,175.0,44.0,30.0,14.0,40.0,134.0,298.0,0.0,6.3,0.513,0.464,0.199,3.6,10.7,7.2,4.2,1.1,0.9,12.1,10.7,0.3,0.6,0.9,0.031,-3.2,-0.5,-3.7,-0.6,0.0,2018
392,Sterling Brown,14.4,1.5,3.8,0.4,0.6,1.7,0.352,0.9,2.1,0.439,0.478,0.4,0.4,0.875,0.5,2.1,2.6,0.5,0.6,0.2,0.5,1.5,4.0,0.0,0.0,1010.0,0.0,0.0,0.0,0.0,0.0,0.0,0.0,0.0,0.0,0.0,0.0,0.0,0.0,54.0,4.0,776.0,82.0,205.0,0.4,32.0,91.0,0.352,50.0,114.0,0.439,0.478,21.0,24.0,0.875,27.0,116.0,143.0,25.0,31.0,13.0,25.0,80.0,217.0,0.0,9.1,0.503,0.444,0.117,4.1,17.5,10.8,4.5,2.0,1.4,10.4,14.0,0.0,0.7,0.7,0.043,-2.8,-0.2,-3.1,-0.2,0.0,2018
393,Henry Ellenson,8.7,1.4,3.8,0.363,0.5,1.6,0.333,0.9,2.3,0.384,0.432,0.7,0.8,0.862,0.3,1.9,2.1,0.5,0.1,0.0,0.5,0.6,4.0,0.0,0.0,1010.0,0.0,0.0,0.0,0.0,0.0,0.0,0.0,0.0,0.0,0.0,0.0,0.0,0.0,38.0,0.0,329.0,53.0,146.0,0.363,20.0,60.0,0.333,33.0,86.0,0.384,0.432,25.0,29.0,0.862,10.0,71.0,81.0,20.0,5.0,0.0,18.0,22.0,151.0,0.0,10.5,0.476,0.411,0.199,3.3,24.3,13.6,9.4,0.8,0.0,10.2,23.8,-0.2,0.4,0.1,0.02,-2.6,-1.9,-4.4,-0.2,0.0,2018
394,Kevon Looney,13.8,1.7,2.9,0.58,0.0,0.1,0.2,1.7,2.8,0.59,0.583,0.6,1.2,0.545,1.3,2.0,3.3,0.6,0.5,0.8,0.5,1.6,4.0,0.0,0.0,1010.0,0.0,0.0,0.0,0.0,0.0,0.0,0.0,0.0,0.0,0.0,0.0,0.0,0.0,66.0,4.0,910.0,112.0,193.0,0.58,1.0,5.0,0.2,111.0,188.0,0.59,0.583,42.0,77.0,0.545,83.0,132.0,215.0,42.0,34.0,56.0,31.0,106.0,267.0,0.0,14.8,0.588,0.026,0.399,11.0,15.2,13.2,6.0,1.8,4.9,12.0,12.4,1.5,1.3,2.8,0.145,-1.2,1.0,-0.2,0.4,0.0,2018
395,Patrick McCaw,16.9,1.6,3.9,0.409,0.3,1.4,0.238,1.3,2.5,0.503,0.451,0.5,0.6,0.765,0.3,1.2,1.4,1.4,0.8,0.2,0.7,1.2,4.0,0.0,0.0,1010.0,0.0,0.0,0.0,0.0,0.0,0.0,0.0,0.0,0.0,0.0,0.0,0.0,0.0,57.0,10.0,961.0,92.0,225.0,0.409,19.0,80.0,0.238,73.0,145.0,0.503,0.451,26.0,34.0,0.765,16.0,66.0,82.0,81.0,43.0,10.0,41.0,67.0,229.0,0.0,7.4,0.477,0.356,0.151,2.0,7.2,4.8,10.6,2.2,0.8,14.6,12.8,-0.3,0.8,0.6,0.029,-4.3,0.1,-4.1,-0.5,0.0,2018
396,Jordan Mickey,12.3,1.7,3.6,0.476,0.1,0.7,0.125,1.6,2.9,0.561,0.488,0.6,0.8,0.684,0.8,2.7,3.5,0.4,0.3,0.4,0.8,1.6,4.0,0.0,0.0,1010.0,0.0,0.0,0.0,0.0,0.0,0.0,0.0,0.0,0.0,0.0,0.0,0.0,0.0,23.0,3.0,284.0,39.0,82.0,0.476,2.0,16.0,0.125,37.0,66.0,0.561,0.488,13.0,19.0,0.684,18.0,63.0,81.0,9.0,6.0,10.0,18.0,36.0,93.0,0.0,10.6,0.515,0.195,0.232,7.1,24.9,16.0,4.8,1.1,3.0,16.6,17.1,-0.1,0.4,0.3,0.054,-5.2,-0.3,-5.6,-0.3,0.0,2018
397,Chinanu Onuaku,22.0,2.0,5.0,0.4,0.0,0.0,0.0,2.0,5.0,0.4,0.4,0.0,0.0,0.0,1.0,3.0,4.0,1.0,0.0,0.0,3.0,4.0,4.0,0.0,0.0,1010.0,0.0,0.0,0.0,0.0,0.0,0.0,0.0,0.0,0.0,0.0,0.0,0.0,0.0,1.0,0.0,22.0,2.0,5.0,0.4,0.0,0.0,0.0,2.0,5.0,0.4,0.4,0.0,0.0,0.0,1.0,3.0,4.0,1.0,0.0,0.0,3.0,4.0,4.0,0.0,-3.2,0.4,0.0,0.0,5.2,15.2,10.2,6.4,0.0,0.0,37.5,16.1,-0.1,0.0,-0.1,-0.147,-13.0,-1.7,-14.7,-0.1,0.0,2018
398,Alan Williams,14.0,1.4,3.6,0.389,0.0,0.0,0.0,1.4,3.6,0.389,0.389,1.2,1.8,0.667,0.6,3.8,4.4,1.6,1.0,0.2,1.4,2.6,4.0,0.0,0.0,1010.0,0.0,0.0,0.0,0.0,0.0,0.0,0.0,0.0,0.0,0.0,0.0,0.0,0.0,5.0,0.0,70.0,7.0,18.0,0.389,0.0,0.0,0.0,7.0,18.0,0.389,0.389,6.0,9.0,0.667,3.0,19.0,22.0,8.0,5.0,1.0,7.0,13.0,20.0,0.0,9.3,0.455,0.0,0.5,4.5,29.5,16.8,16.3,3.4,1.2,24.2,17.5,-0.1,0.1,0.0,-0.004,-7.3,2.3,-5.0,-0.1,0.0,2018
399,Paul Zipser,15.3,1.5,4.3,0.346,0.7,2.0,0.336,0.8,2.3,0.355,0.425,0.4,0.5,0.76,0.2,2.2,2.4,0.9,0.4,0.3,0.8,1.6,4.0,0.0,0.0,1010.0,0.0,0.0,0.0,0.0,0.0,0.0,0.0,0.0,0.0,0.0,0.0,0.0,0.0,54.0,12.0,824.0,81.0,234.0,0.346,37.0,110.0,0.336,44.0,124.0,0.355,0.425,19.0,25.0,0.76,13.0,118.0,131.0,46.0,20.0,15.0,43.0,86.0,218.0,0.0,5.2,0.445,0.47,0.107,1.6,16.0,8.5,8.0,1.2,1.6,14.9,15.2,-1.1,0.6,-0.6,-0.034,-5.5,-0.5,-6.1,-0.8,0.0,2018
400,Cedi Osman,11.0,1.5,3.0,0.484,0.5,1.4,0.368,1.0,1.6,0.586,0.57,0.4,0.8,0.565,0.3,1.7,2.0,0.7,0.4,0.0,0.5,1.3,3.9,0.0,0.0,1010.0,0.0,0.0,0.0,0.0,0.0,0.0,0.0,0.0,0.0,0.0,0.0,0.0,0.0,61.0,12.0,672.0,90.0,186.0,0.484,32.0,87.0,0.368,58.0,99.0,0.586,0.57,26.0,46.0,0.565,19.0,101.0,120.0,41.0,22.0,3.0,32.0,78.0,238.0,0.0,11.0,0.577,0.468,0.247,3.2,16.6,10.0,8.7,1.6,0.4,13.4,15.7,0.5,0.4,0.9,0.064,-2.1,-0.7,-2.9,-0.1,0.0,2018
401,Patrick Patterson,15.5,1.3,3.2,0.398,0.8,2.1,0.386,0.5,1.2,0.421,0.523,0.5,0.6,0.87,0.4,2.0,2.4,0.7,0.6,0.3,0.4,1.1,3.9,0.0,0.0,1010.0,0.0,0.0,0.0,0.0,0.0,0.0,0.0,0.0,0.0,0.0,0.0,0.0,0.0,82.0,3.0,1270.0,106.0,266.0,0.398,66.0,171.0,0.386,40.0,95.0,0.421,0.523,40.0,46.0,0.87,32.0,161.0,193.0,57.0,48.0,23.0,33.0,87.0,318.0,0.0,10.0,0.555,0.643,0.173,2.7,14.6,8.4,6.1,1.9,1.6,10.3,10.8,1.2,1.4,2.6,0.098,-1.2,1.0,-0.2,0.6,0.0,2018
402,Sindarius Thornwell,15.8,1.4,3.2,0.429,0.3,0.8,0.377,1.1,2.4,0.448,0.479,0.8,1.2,0.67,0.5,1.5,1.9,0.9,0.7,0.3,0.7,1.7,3.9,0.0,0.0,1010.0,0.0,0.0,0.0,0.0,0.0,0.0,0.0,0.0,0.0,0.0,0.0,0.0,0.0,73.0,16.0,1156.0,100.0,233.0,0.429,23.0,61.0,0.377,77.0,172.0,0.448,0.479,59.0,88.0,0.67,33.0,107.0,140.0,68.0,48.0,25.0,53.0,125.0,282.0,0.0,8.2,0.519,0.262,0.378,3.2,10.0,6.7,7.8,2.0,1.8,16.3,12.1,0.1,0.9,1.0,0.041,-3.4,1.0,-2.4,-0.1,0.0,2018
403,Joe Young,10.5,1.5,3.5,0.43,0.5,1.2,0.379,1.0,2.3,0.458,0.497,0.4,0.5,0.759,0.2,1.0,1.2,0.7,0.3,0.0,0.5,0.7,3.9,0.0,0.0,1010.0,0.0,0.0,0.0,0.0,0.0,0.0,0.0,0.0,0.0,0.0,0.0,0.0,0.0,53.0,1.0,558.0,80.0,186.0,0.43,25.0,66.0,0.379,55.0,120.0,0.458,0.497,22.0,29.0,0.759,12.0,51.0,63.0,39.0,14.0,1.0,26.0,39.0,207.0,0.0,10.1,0.521,0.355,0.156,2.4,10.3,6.4,9.9,1.3,0.2,11.6,18.0,0.1,0.4,0.5,0.043,-2.3,-1.2,-3.5,-0.2,0.0,2018
404,R.J. Hunter,9.0,1.4,4.0,0.35,0.6,2.8,0.214,0.8,1.2,0.667,0.425,0.4,0.4,1.0,0.0,1.0,1.0,0.6,0.6,0.0,0.4,1.4,3.8,0.0,0.0,1010.0,0.0,0.0,0.0,0.0,0.0,0.0,0.0,0.0,0.0,0.0,0.0,0.0,0.0,5.0,1.0,45.0,7.0,20.0,0.35,3.0,14.0,0.214,4.0,6.0,0.667,0.425,2.0,2.0,1.0,0.0,5.0,5.0,3.0,3.0,0.0,2.0,7.0,19.0,0.0,8.5,0.455,0.7,0.1,0.0,12.4,6.3,10.3,3.3,0.0,8.7,22.5,0.0,0.1,0.0,0.022,-5.2,1.9,-3.3,0.0,0.0,2018
405,Wes Iwundu,16.5,1.5,3.5,0.427,0.1,0.7,0.196,1.4,2.8,0.488,0.447,0.5,0.8,0.723,0.6,1.6,2.2,0.9,0.5,0.2,0.5,1.3,3.7,0.0,0.0,1010.0,0.0,0.0,0.0,0.0,0.0,0.0,0.0,0.0,0.0,0.0,0.0,0.0,0.0,62.0,12.0,1020.0,93.0,218.0,0.427,9.0,46.0,0.196,84.0,172.0,0.488,0.447,34.0,47.0,0.723,36.0,101.0,137.0,57.0,33.0,12.0,30.0,81.0,229.0,0.0,7.8,0.48,0.211,0.216,3.9,11.0,7.4,7.8,1.6,0.9,11.2,11.6,0.0,0.7,0.7,0.032,-4.2,-0.1,-4.3,-0.6,0.0,2018
406,Marquis Teague,24.7,1.3,5.3,0.25,0.3,1.3,0.25,1.0,4.0,0.25,0.281,0.7,1.7,0.4,0.3,1.7,2.0,4.3,1.3,0.0,1.0,1.7,3.7,0.0,0.0,1010.0,0.0,0.0,0.0,0.0,0.0,0.0,0.0,0.0,0.0,0.0,0.0,0.0,0.0,3.0,0.0,74.0,4.0,16.0,0.25,1.0,4.0,0.25,3.0,12.0,0.25,0.281,2.0,5.0,0.4,1.0,5.0,6.0,13.0,4.0,0.0,3.0,5.0,11.0,0.0,5.7,0.302,0.25,0.313,1.5,8.0,4.7,24.7,2.7,0.0,14.2,12.9,-0.1,0.0,-0.1,-0.038,-5.4,-0.4,-5.7,-0.1,0.0,2018
407,Ante Žižić,6.7,1.5,2.1,0.731,0.0,0.0,0.0,1.5,2.1,0.731,0.731,0.7,0.9,0.724,0.8,1.1,1.9,0.2,0.1,0.4,0.3,0.9,3.7,0.0,0.0,1010.0,0.0,0.0,0.0,0.0,0.0,0.0,0.0,0.0,0.0,0.0,0.0,0.0,0.0,32.0,2.0,214.0,49.0,67.0,0.731,0.0,0.0,0.0,49.0,67.0,0.731,0.731,21.0,29.0,0.724,24.0,36.0,60.0,5.0,2.0,13.0,11.0,30.0,119.0,0.0,24.2,0.746,0.0,0.433,12.8,18.6,15.7,3.8,0.5,5.2,12.1,18.8,0.9,0.2,1.0,0.231,1.9,-0.9,1.0,0.2,0.0,2018
408,Ivica Zubac,9.5,1.4,2.8,0.5,0.0,0.0,0.0,1.4,2.8,0.504,0.5,0.9,1.2,0.765,1.0,1.8,2.9,0.6,0.2,0.3,0.6,1.1,3.7,0.0,0.0,1010.0,0.0,0.0,0.0,0.0,0.0,0.0,0.0,0.0,0.0,0.0,0.0,0.0,0.0,43.0,0.0,410.0,61.0,122.0,0.5,0.0,1.0,0.0,61.0,121.0,0.504,0.5,39.0,51.0,0.765,45.0,78.0,123.0,25.0,8.0,15.0,26.0,47.0,161.0,0.0,15.3,0.557,0.008,0.418,11.8,20.1,16.0,8.8,0.9,3.0,15.3,17.6,0.5,0.5,1.0,0.118,-1.8,-0.3,-2.0,0.0,0.0,2018
409,Kay Felder,8.8,1.3,4.4,0.3,0.3,1.2,0.211,1.1,3.2,0.333,0.329,0.7,0.8,0.917,0.2,0.9,1.1,1.3,0.2,0.1,1.0,0.7,3.6,0.0,0.0,1010.0,0.0,0.0,0.0,0.0,0.0,0.0,0.0,0.0,0.0,0.0,0.0,0.0,0.0,16.0,0.0,140.0,21.0,70.0,0.3,4.0,19.0,0.211,17.0,51.0,0.333,0.329,11.0,12.0,0.917,3.0,15.0,18.0,20.0,3.0,1.0,16.0,11.0,57.0,0.0,3.6,0.379,0.271,0.171,2.3,12.0,6.9,22.0,1.0,0.6,17.5,28.4,-0.6,0.1,-0.5,-0.175,-7.7,-3.4,-11.1,-0.3,0.0,2018
410,Alex Caruso,15.2,1.4,3.1,0.431,0.4,1.2,0.302,1.0,2.0,0.507,0.487,0.6,0.8,0.7,0.4,1.4,1.8,2.0,0.6,0.3,1.1,1.4,3.6,0.0,0.0,1010.0,0.0,0.0,0.0,0.0,0.0,0.0,0.0,0.0,0.0,0.0,0.0,0.0,0.0,37.0,7.0,562.0,50.0,116.0,0.431,13.0,43.0,0.302,37.0,73.0,0.507,0.487,21.0,30.0,0.7,15.0,50.0,65.0,75.0,23.0,10.0,42.0,52.0,134.0,0.0,8.7,0.519,0.371,0.259,2.9,9.4,6.2,17.8,2.0,1.4,24.5,12.9,-0.1,0.6,0.5,0.041,-3.8,0.9,-2.9,-0.1,0.0,2018
411,Tarik Black,10.5,1.5,2.5,0.591,0.0,0.2,0.091,1.5,2.3,0.638,0.594,0.6,1.2,0.46,1.2,2.0,3.2,0.3,0.4,0.6,0.7,2.1,3.5,0.0,0.0,1010.0,0.0,0.0,0.0,0.0,0.0,0.0,0.0,0.0,0.0,0.0,0.0,0.0,0.0,51.0,2.0,536.0,75.0,127.0,0.591,1.0,11.0,0.091,74.0,116.0,0.638,0.594,29.0,63.0,0.46,63.0,100.0,163.0,13.0,21.0,30.0,35.0,107.0,180.0,0.0,14.3,0.582,0.087,0.496,13.4,20.9,17.1,3.7,1.9,4.8,18.4,15.6,0.5,1.0,1.5,0.136,-3.7,1.2,-2.6,-0.1,0.0,2018
412,Salah Mejri,12.0,1.4,2.2,0.642,0.0,0.0,0.0,1.4,2.2,0.657,0.642,0.6,1.1,0.576,1.4,2.6,4.0,0.6,0.4,1.1,0.6,2.0,3.5,0.0,0.0,1010.0,0.0,0.0,0.0,0.0,0.0,0.0,0.0,0.0,0.0,0.0,0.0,0.0,0.0,61.0,1.0,729.0,88.0,137.0,0.642,0.0,3.0,0.0,88.0,134.0,0.657,0.642,38.0,66.0,0.576,85.0,161.0,246.0,35.0,22.0,67.0,39.0,121.0,214.0,0.0,17.8,0.644,0.022,0.482,12.5,25.4,18.7,7.2,1.5,8.2,19.0,12.8,1.3,1.3,2.7,0.175,-2.0,2.8,0.7,0.5,0.0,2018
413,Malachi Richardson,12.5,1.2,3.5,0.333,0.5,1.5,0.3,0.7,1.9,0.36,0.4,0.7,0.8,0.773,0.2,1.1,1.3,0.5,0.4,0.0,0.4,1.0,3.4,0.0,0.0,1010.0,0.0,0.0,0.0,0.0,0.0,0.0,0.0,0.0,0.0,0.0,0.0,0.0,0.0,26.0,4.0,324.0,30.0,90.0,0.333,12.0,40.0,0.3,18.0,50.0,0.36,0.4,17.0,22.0,0.773,5.0,29.0,34.0,13.0,10.0,1.0,10.0,27.0,89.0,0.0,5.9,0.446,0.444,0.244,1.7,10.6,6.0,5.6,1.6,0.3,9.1,15.2,-0.2,0.1,-0.1,-0.015,-5.0,-1.0,-6.0,-0.3,0.0,2018
414,Arron Afflalo,12.9,1.2,3.1,0.401,0.5,1.3,0.386,0.7,1.7,0.413,0.485,0.4,0.5,0.846,0.1,1.2,1.2,0.6,0.1,0.2,0.4,1.1,3.4,0.0,0.0,1010.0,0.0,0.0,0.0,0.0,0.0,0.0,0.0,0.0,0.0,0.0,0.0,0.0,0.0,53.0,3.0,682.0,65.0,162.0,0.401,27.0,70.0,0.386,38.0,92.0,0.413,0.485,22.0,26.0,0.846,4.0,62.0,66.0,30.0,4.0,9.0,21.0,56.0,179.0,0.0,5.8,0.516,0.432,0.16,0.6,10.1,5.3,6.2,0.3,1.1,10.8,12.5,-0.1,0.2,0.1,0.009,-3.8,-1.5,-5.4,-0.6,0.0,2018
415,Milton Doyle,12.5,1.3,4.7,0.277,0.4,2.3,0.174,0.9,2.4,0.375,0.319,0.4,0.8,0.5,0.3,1.5,1.8,1.0,0.6,0.2,0.2,1.3,3.4,0.0,0.0,1010.0,0.0,0.0,0.0,0.0,0.0,0.0,0.0,0.0,0.0,0.0,0.0,0.0,0.0,10.0,0.0,125.0,13.0,47.0,0.277,4.0,23.0,0.174,9.0,24.0,0.375,0.319,4.0,8.0,0.5,3.0,15.0,18.0,10.0,6.0,2.0,2.0,13.0,34.0,0.0,5.2,0.337,0.489,0.17,2.5,12.9,7.6,11.7,2.3,1.2,3.8,18.2,-0.3,0.1,-0.1,-0.052,-6.6,-0.2,-6.8,-0.1,0.0,2018
416,Walt Lemon Jr.,7.0,1.4,3.2,0.438,0.2,0.2,1.0,1.2,3.0,0.4,0.469,0.4,0.6,0.667,0.0,0.4,0.4,1.0,0.0,0.2,0.8,1.0,3.4,0.0,0.0,1010.0,0.0,0.0,0.0,0.0,0.0,0.0,0.0,0.0,0.0,0.0,0.0,0.0,0.0,5.0,0.0,35.0,7.0,16.0,0.438,1.0,1.0,1.0,6.0,15.0,0.4,0.469,2.0,3.0,0.667,0.0,2.0,2.0,5.0,0.0,1.0,4.0,5.0,17.0,0.0,6.9,0.491,0.063,0.188,0.0,6.0,3.1,21.1,0.0,2.3,18.8,26.4,-0.1,0.0,-0.1,-0.071,-5.3,-2.9,-8.2,-0.1,0.0,2018
417,Meyers Leonard,7.7,1.4,2.4,0.59,0.3,0.8,0.423,1.1,1.6,0.673,0.66,0.3,0.3,0.818,0.4,1.8,2.1,0.5,0.2,0.0,0.3,1.1,3.4,0.0,0.0,1010.0,0.0,0.0,0.0,0.0,0.0,0.0,0.0,0.0,0.0,0.0,0.0,0.0,0.0,33.0,2.0,254.0,46.0,78.0,0.59,11.0,26.0,0.423,35.0,52.0,0.673,0.66,9.0,11.0,0.818,12.0,58.0,70.0,17.0,7.0,0.0,10.0,36.0,112.0,0.0,17.8,0.676,0.333,0.141,5.2,24.7,15.0,10.6,1.4,0.0,10.8,16.1,0.7,0.3,1.1,0.2,1.0,0.9,2.0,0.3,0.0,2018
418,Jason Smith,8.6,1.4,3.5,0.391,0.1,1.0,0.125,1.2,2.5,0.494,0.409,0.6,0.6,0.905,0.5,1.1,1.6,0.4,0.1,0.4,0.5,1.3,3.4,0.0,0.0,1010.0,0.0,0.0,0.0,0.0,0.0,0.0,0.0,0.0,0.0,0.0,0.0,0.0,0.0,33.0,2.0,285.0,45.0,115.0,0.391,4.0,32.0,0.125,41.0,83.0,0.494,0.409,19.0,21.0,0.905,18.0,35.0,53.0,14.0,3.0,13.0,16.0,44.0,113.0,0.0,8.8,0.455,0.278,0.183,7.2,13.9,10.5,7.4,0.5,4.0,11.4,21.7,-0.2,0.3,0.0,0.003,-5.4,-1.0,-6.4,-0.3,0.0,2018
419,Dwayne Bacon,13.5,1.4,3.6,0.375,0.2,0.8,0.256,1.2,2.8,0.409,0.404,0.4,0.5,0.8,0.1,2.3,2.3,0.7,0.3,0.0,0.4,0.9,3.3,0.0,0.0,1010.0,0.0,0.0,0.0,0.0,0.0,0.0,0.0,0.0,0.0,0.0,0.0,0.0,0.0,53.0,6.0,713.0,72.0,192.0,0.375,11.0,43.0,0.256,61.0,149.0,0.409,0.404,20.0,25.0,0.8,4.0,120.0,124.0,38.0,16.0,2.0,23.0,46.0,175.0,0.0,5.8,0.431,0.224,0.13,0.6,18.5,9.4,7.5,1.1,0.2,10.2,13.7,-0.7,0.6,-0.1,-0.007,-4.8,0.1,-4.7,-0.5,0.0,2018
420,Juancho Hernangómez,11.1,1.2,3.0,0.387,0.6,2.0,0.28,0.6,1.0,0.6,0.48,0.4,0.5,0.833,0.7,1.4,2.2,0.5,0.2,0.1,0.4,1.0,3.3,0.0,0.0,1010.0,0.0,0.0,0.0,0.0,0.0,0.0,0.0,0.0,0.0,0.0,0.0,0.0,0.0,25.0,3.0,277.0,29.0,75.0,0.387,14.0,50.0,0.28,15.0,25.0,0.6,0.48,10.0,12.0,0.833,18.0,36.0,54.0,12.0,6.0,3.0,9.0,25.0,82.0,0.0,9.7,0.511,0.667,0.16,7.4,14.6,11.0,5.9,1.1,0.9,10.1,14.0,0.2,0.1,0.4,0.061,-1.6,-1.7,-3.3,-0.1,0.0,2018
421,Monte Morris,8.3,1.3,2.0,0.667,0.0,0.3,0.0,1.3,1.7,0.8,0.667,0.7,0.7,1.0,0.0,0.7,0.7,2.3,1.0,0.0,0.3,0.3,3.3,0.0,0.0,1010.0,0.0,0.0,0.0,0.0,0.0,0.0,0.0,0.0,0.0,0.0,0.0,0.0,0.0,3.0,0.0,25.0,4.0,6.0,0.667,0.0,1.0,0.0,4.0,5.0,0.8,0.667,2.0,2.0,1.0,0.0,2.0,2.0,7.0,3.0,0.0,1.0,1.0,10.0,0.0,27.1,0.727,0.167,0.333,0.0,9.0,4.5,41.2,5.9,0.0,12.7,13.7,0.1,0.0,0.2,0.312,4.3,5.0,9.4,0.1,0.0,2018
422,David Stockton,3.0,0.7,1.0,0.667,0.7,1.0,0.667,0.0,0.0,0.0,1.0,1.3,1.3,1.0,0.0,0.0,0.0,0.0,0.0,0.0,0.3,1.0,3.3,0.0,0.0,1010.0,0.0,0.0,0.0,0.0,0.0,0.0,0.0,0.0,0.0,0.0,0.0,0.0,0.0,3.0,0.0,9.0,2.0,3.0,0.667,2.0,3.0,0.667,0.0,0.0,0.0,1.0,4.0,4.0,1.0,0.0,0.0,0.0,0.0,0.0,0.0,1.0,3.0,10.0,0.0,33.9,1.05,1.0,1.333,0.0,0.0,0.0,0.0,0.0,0.0,17.4,28.8,0.1,0.0,0.1,0.459,6.7,1.1,7.9,0.0,0.0,2018
423,Jason Terry,16.0,1.2,3.0,0.383,0.8,2.3,0.348,0.4,0.8,0.487,0.513,0.2,0.2,0.889,0.1,0.8,0.9,1.2,0.8,0.3,0.5,1.0,3.3,0.0,0.0,1010.0,0.0,0.0,0.0,0.0,0.0,0.0,0.0,0.0,0.0,0.0,0.0,0.0,0.0,51.0,4.0,814.0,59.0,154.0,0.383,40.0,115.0,0.348,19.0,39.0,0.487,0.513,8.0,9.0,0.889,5.0,43.0,48.0,59.0,42.0,13.0,25.0,52.0,166.0,0.0,8.1,0.525,0.747,0.058,0.7,6.2,3.5,9.7,2.6,1.4,13.7,10.1,0.1,0.6,0.7,0.042,-2.6,0.6,-2.0,0.0,0.0,2018
424,Okaro White,13.3,1.2,2.7,0.438,0.7,1.8,0.364,0.5,0.8,0.6,0.563,0.3,0.5,0.667,0.5,1.3,1.8,0.3,0.2,0.2,0.2,1.0,3.3,0.0,0.0,1010.0,0.0,0.0,0.0,0.0,0.0,0.0,0.0,0.0,0.0,0.0,0.0,0.0,0.0,6.0,4.0,80.0,7.0,16.0,0.438,4.0,11.0,0.364,3.0,5.0,0.6,0.563,2.0,3.0,0.667,3.0,8.0,11.0,2.0,1.0,1.0,1.0,6.0,20.0,0.0,8.9,0.577,0.688,0.188,4.2,11.2,7.7,3.5,0.6,1.1,5.5,10.3,0.1,0.1,0.2,0.096,-1.0,0.3,-0.7,0.0,0.0,2018
425,Malik Beasley,9.4,1.2,2.9,0.41,0.5,1.3,0.341,0.7,1.5,0.469,0.489,0.4,0.5,0.667,0.2,0.9,1.1,0.5,0.2,0.1,0.4,0.6,3.2,0.0,0.0,1010.0,0.0,0.0,0.0,0.0,0.0,0.0,0.0,0.0,0.0,0.0,0.0,0.0,0.0,62.0,0.0,583.0,73.0,178.0,0.41,28.0,82.0,0.341,45.0,96.0,0.469,0.489,22.0,33.0,0.667,14.0,57.0,71.0,31.0,15.0,7.0,24.0,36.0,196.0,0.0,9.0,0.509,0.461,0.185,2.7,11.0,6.9,7.4,1.3,1.0,11.1,16.2,0.1,0.3,0.3,0.028,-2.4,-1.4,-3.8,-0.3,0.0,2018
426,Kyle Collinsworth,15.0,1.2,3.1,0.384,0.1,0.5,0.235,1.1,2.6,0.415,0.404,0.7,1.3,0.525,1.0,2.3,3.3,1.8,0.5,0.3,0.8,1.4,3.2,0.0,0.0,1010.0,0.0,0.0,0.0,0.0,0.0,0.0,0.0,0.0,0.0,0.0,0.0,0.0,0.0,32.0,2.0,480.0,38.0,99.0,0.384,4.0,17.0,0.235,34.0,82.0,0.415,0.404,21.0,40.0,0.525,32.0,75.0,107.0,56.0,17.0,9.0,24.0,44.0,101.0,0.0,10.0,0.433,0.172,0.404,7.2,18.0,12.4,16.4,1.8,1.7,17.1,13.3,-0.1,0.5,0.5,0.046,-3.5,0.9,-2.6,-0.1,0.0,2018
427,Jared Dudley,14.3,1.0,2.5,0.393,0.6,1.7,0.363,0.4,0.9,0.452,0.512,0.6,0.7,0.771,0.2,1.8,2.0,1.6,0.5,0.2,0.6,1.8,3.2,0.0,0.0,1010.0,0.0,0.0,0.0,0.0,0.0,0.0,0.0,0.0,0.0,0.0,0.0,0.0,0.0,48.0,0.0,686.0,48.0,122.0,0.393,29.0,80.0,0.363,19.0,42.0,0.452,0.512,27.0,35.0,0.771,8.0,86.0,94.0,78.0,24.0,11.0,28.0,85.0,152.0,0.0,8.8,0.553,0.656,0.287,1.2,13.6,7.3,15.6,1.7,1.3,16.9,10.2,0.5,0.4,0.8,0.058,-3.0,0.5,-2.5,-0.1,0.0,2018
428,Derrick White,8.2,0.9,1.9,0.485,0.5,0.8,0.615,0.5,1.2,0.4,0.606,0.8,1.2,0.7,0.3,1.2,1.5,0.5,0.2,0.2,0.4,0.5,3.2,0.0,0.0,1010.0,0.0,0.0,0.0,0.0,0.0,0.0,0.0,0.0,0.0,0.0,0.0,0.0,0.0,17.0,0.0,139.0,16.0,33.0,0.485,8.0,13.0,0.615,8.0,20.0,0.4,0.606,14.0,20.0,0.7,5.0,21.0,26.0,9.0,4.0,3.0,6.0,8.0,54.0,0.0,15.9,0.646,0.394,0.606,4.0,16.9,10.4,9.3,1.5,1.8,12.6,15.4,0.3,0.2,0.5,0.17,0.8,1.5,2.3,0.2,0.0,2018
429,Derrick Jones Jr.,12.3,1.1,2.7,0.396,0.2,0.9,0.167,0.9,1.8,0.514,0.425,0.8,1.2,0.667,1.1,0.9,1.9,0.5,0.2,0.7,0.4,1.2,3.1,0.0,0.0,1010.0,0.0,0.0,0.0,0.0,0.0,0.0,0.0,0.0,0.0,0.0,0.0,0.0,0.0,20.0,8.0,245.0,21.0,53.0,0.396,3.0,18.0,0.167,18.0,35.0,0.514,0.425,16.0,24.0,0.667,21.0,17.0,38.0,9.0,4.0,13.0,7.0,24.0,61.0,0.0,10.1,0.48,0.34,0.453,9.6,7.8,8.7,5.1,0.8,4.4,9.9,12.8,0.1,0.2,0.4,0.075,-2.9,0.2,-2.7,0.0,0.0,2018
430,Terrance Ferguson,12.5,1.1,2.8,0.414,0.7,2.0,0.333,0.5,0.8,0.612,0.533,0.1,0.2,0.9,0.3,0.5,0.8,0.3,0.4,0.2,0.2,1.4,3.1,0.0,0.0,1010.0,0.0,0.0,0.0,0.0,0.0,0.0,0.0,0.0,0.0,0.0,0.0,0.0,0.0,61.0,12.0,763.0,70.0,169.0,0.414,40.0,120.0,0.333,30.0,49.0,0.612,0.533,9.0,10.0,0.9,19.0,28.0,47.0,19.0,24.0,10.0,11.0,83.0,189.0,0.0,7.4,0.545,0.71,0.059,2.7,4.2,3.4,3.4,1.6,1.2,6.0,10.4,0.7,0.5,1.2,0.077,-3.2,-0.1,-3.3,-0.3,0.0,2018
431,Nigel Hayes,13.6,1.2,3.7,0.333,0.4,1.8,0.25,0.8,1.9,0.412,0.394,0.1,0.3,0.333,0.4,2.0,2.4,0.7,0.2,0.3,0.2,0.9,3.0,0.0,0.0,1010.0,0.0,0.0,0.0,0.0,0.0,0.0,0.0,0.0,0.0,0.0,0.0,0.0,0.0,9.0,0.0,122.0,11.0,33.0,0.333,4.0,16.0,0.25,7.0,17.0,0.412,0.394,1.0,3.0,0.333,4.0,18.0,22.0,6.0,2.0,3.0,2.0,8.0,27.0,0.0,6.4,0.393,0.485,0.091,3.6,17.5,10.3,6.7,0.8,2.3,5.5,13.3,-0.2,0.1,-0.1,-0.034,-3.7,-0.1,-3.8,-0.1,0.0,2018
432,Gary Payton II,9.6,1.3,3.2,0.405,0.3,1.1,0.24,1.0,2.1,0.49,0.446,0.1,0.4,0.333,0.6,1.3,1.9,0.9,0.3,0.1,0.3,1.3,3.0,0.0,0.0,1010.0,0.0,0.0,0.0,0.0,0.0,0.0,0.0,0.0,0.0,0.0,0.0,0.0,0.0,23.0,6.0,221.0,30.0,74.0,0.405,6.0,25.0,0.24,24.0,49.0,0.49,0.446,3.0,9.0,0.333,13.0,31.0,44.0,21.0,7.0,3.0,7.0,30.0,69.0,0.0,9.8,0.443,0.338,0.122,6.5,15.5,11.0,13.7,1.5,1.1,8.2,16.8,0.0,0.2,0.2,0.041,-3.5,-0.4,-3.9,-0.1,0.0,2018
433,Jabari Bird,8.8,1.2,2.0,0.577,0.2,0.5,0.429,0.9,1.5,0.632,0.635,0.5,1.0,0.462,0.5,1.0,1.5,0.6,0.2,0.1,0.6,0.5,3.0,0.0,0.0,1010.0,0.0,0.0,0.0,0.0,0.0,0.0,0.0,0.0,0.0,0.0,0.0,0.0,0.0,13.0,1.0,115.0,15.0,26.0,0.577,3.0,7.0,0.429,12.0,19.0,0.632,0.635,6.0,13.0,0.462,6.0,13.0,19.0,8.0,3.0,1.0,8.0,7.0,39.0,0.0,12.1,0.615,0.269,0.5,5.8,12.2,9.0,10.5,1.3,0.7,20.1,15.4,0.1,0.2,0.2,0.098,-2.7,-0.4,-3.1,0.0,0.0,2018
434,Anthony Brown,4.0,1.0,1.0,1.0,1.0,1.0,1.0,0.0,0.0,0.0,1.5,0.0,0.0,0.0,0.0,0.0,0.0,1.0,0.0,0.0,0.0,0.0,3.0,0.0,0.0,1010.0,0.0,0.0,0.0,0.0,0.0,0.0,0.0,0.0,0.0,0.0,0.0,0.0,0.0,1.0,0.0,4.0,1.0,1.0,1.0,1.0,1.0,1.0,0.0,0.0,0.0,1.5,0.0,0.0,0.0,0.0,0.0,0.0,1.0,0.0,0.0,0.0,0.0,3.0,0.0,41.9,1.5,1.0,0.0,0.0,0.0,0.0,41.7,0.0,0.0,0.0,11.1,0.0,0.0,0.0,0.571,26.2,4.3,30.5,0.0,0.0,2018
435,Tim Frazier,14.2,1.2,2.9,0.395,0.3,0.9,0.304,0.9,2.0,0.44,0.445,0.4,0.5,0.767,0.3,1.6,1.9,3.3,0.8,0.1,1.0,1.6,3.0,0.0,0.0,1010.0,0.0,0.0,0.0,0.0,0.0,0.0,0.0,0.0,0.0,0.0,0.0,0.0,0.0,59.0,11.0,838.0,68.0,172.0,0.395,17.0,56.0,0.304,51.0,116.0,0.44,0.445,23.0,30.0,0.767,18.0,97.0,115.0,194.0,47.0,7.0,57.0,97.0,176.0,0.0,11.3,0.475,0.326,0.174,2.4,13.1,7.8,31.1,2.8,0.7,23.5,12.8,0.4,1.0,1.4,0.08,-2.8,1.8,-0.9,0.2,0.0,2018
436,Naz Mitrou-Long,1.0,1.0,1.0,1.0,1.0,1.0,1.0,0.0,0.0,0.0,1.5,0.0,0.0,0.0,0.0,0.0,0.0,0.0,0.0,0.0,0.0,0.0,3.0,0.0,0.0,1010.0,0.0,0.0,0.0,0.0,0.0,0.0,0.0,0.0,0.0,0.0,0.0,0.0,0.0,1.0,0.0,1.0,1.0,1.0,1.0,1.0,1.0,1.0,0.0,0.0,0.0,1.5,0.0,0.0,0.0,0.0,0.0,0.0,0.0,0.0,0.0,0.0,0.0,3.0,0.0,133.8,1.5,1.0,0.0,0.0,0.0,0.0,0.0,0.0,0.0,0.0,45.0,0.1,0.0,0.1,2.712,199.4,42.7,242.2,0.0,0.0,2018
437,Abdel Nader,10.9,1.0,3.1,0.336,0.5,1.4,0.354,0.6,1.8,0.321,0.413,0.5,0.8,0.59,0.3,1.2,1.5,0.5,0.3,0.2,0.7,0.9,3.0,0.0,0.0,1010.0,0.0,0.0,0.0,0.0,0.0,0.0,0.0,0.0,0.0,0.0,0.0,0.0,0.0,48.0,1.0,522.0,50.0,149.0,0.336,23.0,65.0,0.354,27.0,84.0,0.321,0.413,23.0,39.0,0.59,13.0,58.0,71.0,26.0,15.0,10.0,34.0,45.0,146.0,0.0,5.1,0.439,0.436,0.262,2.8,12.0,7.4,7.1,1.4,1.6,17.0,17.1,-0.9,0.8,-0.1,-0.014,-5.5,0.2,-5.3,-0.4,0.0,2018
438,Kendrick Perkins,15.0,1.0,2.0,0.5,0.0,0.0,0.0,1.0,2.0,0.5,0.5,1.0,2.0,0.5,0.0,1.0,1.0,2.0,1.0,0.0,1.0,1.0,3.0,0.0,0.0,1010.0,0.0,0.0,0.0,0.0,0.0,0.0,0.0,0.0,0.0,0.0,0.0,0.0,0.0,1.0,0.0,15.0,1.0,2.0,0.5,0.0,0.0,0.0,1.0,2.0,0.5,0.5,1.0,2.0,0.5,0.0,1.0,1.0,2.0,1.0,0.0,1.0,1.0,3.0,0.0,8.4,0.521,0.0,1.0,0.0,7.4,3.7,17.3,3.3,0.0,25.8,11.4,0.0,0.0,0.0,0.026,-4.3,2.1,-2.2,0.0,0.0,2018
439,Davon Reed,11.5,1.0,3.6,0.289,0.5,1.8,0.289,0.5,1.8,0.289,0.362,0.4,0.6,0.667,0.1,1.8,1.9,0.6,0.5,0.1,0.5,0.8,3.0,0.0,0.0,1010.0,0.0,0.0,0.0,0.0,0.0,0.0,0.0,0.0,0.0,0.0,0.0,0.0,0.0,21.0,1.0,242.0,22.0,76.0,0.289,11.0,38.0,0.289,11.0,38.0,0.289,0.362,8.0,12.0,0.667,2.0,37.0,39.0,13.0,10.0,2.0,10.0,17.0,63.0,0.0,4.8,0.388,0.5,0.158,0.9,16.6,8.6,7.6,2.0,0.7,11.0,16.0,-0.5,0.2,-0.3,-0.06,-5.8,-0.6,-6.4,-0.3,0.0,2018
440,Gian Clavell,9.1,0.9,2.6,0.333,0.9,2.1,0.4,0.0,0.4,0.0,0.5,0.3,0.3,1.0,0.1,0.9,1.0,0.4,0.3,0.0,0.3,1.1,2.9,0.0,0.0,1010.0,0.0,0.0,0.0,0.0,0.0,0.0,0.0,0.0,0.0,0.0,0.0,0.0,0.0,7.0,0.0,64.0,6.0,18.0,0.333,6.0,15.0,0.4,0.0,3.0,0.0,0.5,2.0,2.0,1.0,1.0,6.0,7.0,3.0,2.0,0.0,2.0,8.0,20.0,0.0,7.4,0.53,0.833,0.111,1.7,10.8,6.1,6.7,1.6,0.0,9.6,14.8,0.0,0.0,0.1,0.042,-2.7,0.5,-2.2,0.0,0.0,2018
441,T.J. Leaf,8.7,1.2,2.6,0.471,0.3,0.8,0.429,0.9,1.8,0.489,0.537,0.2,0.3,0.625,0.5,1.0,1.5,0.2,0.1,0.1,0.2,0.8,2.9,0.0,0.0,1010.0,0.0,0.0,0.0,0.0,0.0,0.0,0.0,0.0,0.0,0.0,0.0,0.0,0.0,53.0,0.0,459.0,64.0,136.0,0.471,18.0,42.0,0.429,46.0,94.0,0.489,0.537,10.0,16.0,0.625,29.0,53.0,82.0,9.0,5.0,4.0,10.0,45.0,156.0,0.0,10.7,0.545,0.309,0.118,7.2,13.0,10.1,2.8,0.5,0.8,6.5,14.9,0.5,0.3,0.8,0.082,-1.4,-1.7,-3.1,-0.1,0.0,2018
442,Briante Weber,13.2,1.1,2.4,0.442,0.2,0.6,0.364,0.8,1.8,0.469,0.488,0.4,0.6,0.8,0.4,1.5,1.9,1.2,1.0,0.3,0.8,1.6,2.8,0.0,0.0,1010.0,0.0,0.0,0.0,0.0,0.0,0.0,0.0,0.0,0.0,0.0,0.0,0.0,0.0,18.0,0.0,237.0,19.0,43.0,0.442,4.0,11.0,0.364,15.0,32.0,0.469,0.488,8.0,10.0,0.8,8.0,27.0,35.0,22.0,18.0,5.0,15.0,28.0,50.0,0.0,10.1,0.527,0.256,0.233,3.8,13.1,8.4,13.1,3.8,1.9,24.0,11.7,0.0,0.4,0.4,0.072,-4.1,2.8,-1.3,0.0,0.0,2018
443,Darrell Arthur,7.4,1.2,2.5,0.468,0.4,1.2,0.348,0.7,1.3,0.583,0.553,0.1,0.2,0.667,0.2,0.6,0.8,0.5,0.4,0.2,0.8,1.2,2.8,0.0,0.0,1010.0,0.0,0.0,0.0,0.0,0.0,0.0,0.0,0.0,0.0,0.0,0.0,0.0,0.0,19.0,1.0,141.0,22.0,47.0,0.468,8.0,23.0,0.348,14.0,24.0,0.583,0.553,2.0,3.0,0.667,3.0,12.0,15.0,9.0,8.0,3.0,15.0,22.0,54.0,0.0,8.4,0.559,0.489,0.064,2.4,9.5,6.0,9.3,2.8,1.8,23.7,19.5,-0.2,0.1,0.0,-0.011,-4.8,-0.5,-5.3,-0.1,0.0,2018
444,James Young,10.2,0.8,2.3,0.357,0.5,1.7,0.3,0.3,0.7,0.5,0.464,0.7,1.0,0.667,0.0,0.3,0.3,0.3,0.0,0.0,0.2,0.7,2.8,0.0,0.0,1010.0,0.0,0.0,0.0,0.0,0.0,0.0,0.0,0.0,0.0,0.0,0.0,0.0,0.0,6.0,0.0,61.0,5.0,14.0,0.357,3.0,10.0,0.3,2.0,4.0,0.5,0.464,4.0,6.0,0.667,0.0,2.0,2.0,2.0,0.0,0.0,1.0,4.0,17.0,0.0,4.6,0.511,0.714,0.429,0.0,3.4,1.8,4.3,0.0,0.0,5.7,12.3,0.0,0.0,0.1,0.041,-4.5,-2.4,-6.9,-0.1,0.0,2018
445,James Michael McAdoo,6.0,0.7,2.3,0.286,0.7,2.3,0.286,0.0,0.0,0.0,0.429,0.7,0.7,1.0,0.0,0.7,0.7,0.0,0.0,0.3,0.3,0.3,2.7,0.0,0.0,1010.0,0.0,0.0,0.0,0.0,0.0,0.0,0.0,0.0,0.0,0.0,0.0,0.0,0.0,3.0,0.0,18.0,2.0,7.0,0.286,2.0,7.0,0.286,0.0,0.0,0.0,0.429,2.0,2.0,1.0,0.0,2.0,2.0,0.0,0.0,1.0,1.0,1.0,8.0,0.0,7.4,0.508,1.0,0.286,0.0,11.5,6.0,0.0,0.0,4.6,11.3,21.0,0.0,0.0,0.0,0.023,-2.3,-0.7,-3.0,0.0,0.0,2018
446,Semi Ojeleye,15.8,0.9,2.6,0.346,0.5,1.7,0.32,0.3,0.9,0.397,0.452,0.3,0.6,0.61,0.5,1.7,2.2,0.3,0.3,0.1,0.3,1.2,2.7,0.0,0.0,1010.0,0.0,0.0,0.0,0.0,0.0,0.0,0.0,0.0,0.0,0.0,0.0,0.0,0.0,73.0,0.0,1150.0,65.0,188.0,0.346,40.0,125.0,0.32,25.0,63.0,0.397,0.452,25.0,41.0,0.61,37.0,124.0,161.0,20.0,21.0,4.0,25.0,91.0,195.0,0.0,4.6,0.473,0.665,0.218,3.6,11.6,7.7,2.4,0.9,0.3,10.8,9.0,-0.2,1.3,1.2,0.048,-4.6,-0.1,-4.7,-0.8,0.0,2018
447,Josh Magette,12.0,0.8,2.6,0.326,0.4,1.2,0.364,0.4,1.3,0.292,0.413,0.4,0.4,1.0,0.1,0.9,1.1,3.2,0.4,0.1,0.5,0.9,2.6,0.0,0.0,1010.0,0.0,0.0,0.0,0.0,0.0,0.0,0.0,0.0,0.0,0.0,0.0,0.0,0.0,18.0,0.0,216.0,15.0,46.0,0.326,8.0,22.0,0.364,7.0,24.0,0.292,0.413,8.0,8.0,1.0,2.0,17.0,19.0,57.0,8.0,1.0,9.0,16.0,46.0,0.0,11.9,0.464,0.478,0.174,1.0,8.8,4.9,36.4,1.8,0.4,15.4,11.8,0.3,0.1,0.4,0.092,-2.0,-0.6,-2.6,0.0,0.0,2018
448,Ekpe Udoh,12.9,1.0,1.9,0.5,0.0,0.0,0.0,1.0,1.9,0.504,0.5,0.7,0.9,0.75,1.1,1.3,2.4,0.8,0.7,1.2,0.3,1.7,2.6,0.0,0.0,1010.0,0.0,0.0,0.0,0.0,0.0,0.0,0.0,0.0,0.0,0.0,0.0,0.0,0.0,63.0,3.0,810.0,60.0,120.0,0.5,0.0,1.0,0.0,60.0,119.0,0.504,0.5,42.0,56.0,0.75,68.0,82.0,150.0,53.0,43.0,74.0,20.0,105.0,162.0,0.0,15.2,0.56,0.008,0.467,9.6,11.4,10.5,9.1,2.7,7.7,12.1,9.1,1.3,1.8,3.2,0.187,-1.3,4.4,3.1,1.1,0.0,2018
449,Bobby Brown,5.8,1.0,2.9,0.328,0.6,2.0,0.275,0.4,0.9,0.444,0.422,0.1,0.1,0.5,0.0,0.4,0.4,0.6,0.2,0.0,0.5,0.3,2.5,0.0,0.0,1010.0,0.0,0.0,0.0,0.0,0.0,0.0,0.0,0.0,0.0,0.0,0.0,0.0,0.0,20.0,0.0,115.0,19.0,58.0,0.328,11.0,40.0,0.275,8.0,18.0,0.444,0.422,1.0,2.0,0.5,0.0,7.0,7.0,11.0,4.0,0.0,9.0,6.0,50.0,0.0,5.5,0.425,0.69,0.034,0.0,6.8,3.4,15.0,1.7,0.0,13.3,26.1,-0.3,0.1,-0.2,-0.08,-4.9,-2.3,-7.2,-0.2,0.0,2018
450,Malcolm Miller,8.4,0.9,1.9,0.464,0.5,1.4,0.381,0.3,0.5,0.714,0.607,0.3,0.3,1.0,0.3,0.7,1.0,0.2,0.1,0.1,0.3,0.7,2.5,0.0,0.0,1010.0,0.0,0.0,0.0,0.0,0.0,0.0,0.0,0.0,0.0,0.0,0.0,0.0,0.0,15.0,4.0,126.0,13.0,28.0,0.464,8.0,21.0,0.381,5.0,7.0,0.714,0.607,4.0,4.0,1.0,4.0,11.0,15.0,3.0,1.0,2.0,5.0,10.0,38.0,0.0,8.9,0.638,0.75,0.143,3.6,9.6,6.7,3.2,0.4,1.3,14.4,12.1,0.1,0.1,0.2,0.087,-0.8,-0.2,-1.0,0.0,0.0,2018
451,Lucas Nogueira,8.5,1.0,1.6,0.613,0.1,0.4,0.263,0.9,1.2,0.721,0.644,0.4,0.6,0.679,0.4,1.4,1.8,0.4,0.5,0.9,0.3,1.0,2.5,0.0,0.0,1010.0,0.0,0.0,0.0,0.0,0.0,0.0,0.0,0.0,0.0,0.0,0.0,0.0,0.0,49.0,3.0,418.0,49.0,80.0,0.613,5.0,19.0,0.263,44.0,61.0,0.721,0.644,19.0,28.0,0.679,18.0,69.0,87.0,22.0,23.0,43.0,16.0,49.0,122.0,0.0,17.3,0.661,0.238,0.35,4.9,18.1,11.7,7.2,2.7,8.2,14.8,11.4,0.7,1.0,1.6,0.188,0.1,5.0,5.2,0.8,0.0,2018
452,Brice Johnson,5.4,1.1,2.3,0.476,0.0,0.1,0.0,1.1,2.3,0.488,0.476,0.2,0.3,0.6,0.5,1.2,1.7,0.1,0.5,0.3,0.3,0.7,2.4,0.0,0.0,1010.0,0.0,0.0,0.0,0.0,0.0,0.0,0.0,0.0,0.0,0.0,0.0,0.0,0.0,18.0,0.0,98.0,20.0,42.0,0.476,0.0,1.0,0.0,20.0,41.0,0.488,0.476,3.0,5.0,0.6,9.0,22.0,31.0,2.0,9.0,6.0,5.0,13.0,43.0,0.0,18.2,0.486,0.024,0.119,10.4,25.5,17.9,3.4,4.5,5.5,10.2,22.3,0.0,0.2,0.2,0.082,-2.1,1.7,-0.4,0.0,0.0,2018
453,Ron Baker,13.3,0.7,2.0,0.339,0.4,1.1,0.333,0.3,0.9,0.346,0.432,0.7,0.9,0.769,0.2,0.9,1.0,1.6,0.9,0.2,0.6,1.1,2.4,0.0,0.0,1010.0,0.0,0.0,0.0,0.0,0.0,0.0,0.0,0.0,0.0,0.0,0.0,0.0,0.0,29.0,1.0,385.0,20.0,59.0,0.339,11.0,33.0,0.333,9.0,26.0,0.346,0.432,20.0,26.0,0.769,5.0,25.0,30.0,47.0,26.0,6.0,18.0,33.0,71.0,0.0,9.3,0.504,0.559,0.441,1.4,7.2,4.3,15.5,3.3,1.3,20.4,10.0,0.1,0.4,0.5,0.059,-2.8,2.4,-0.4,0.2,0.0,2018
454,Solomon Hill,15.6,0.9,3.4,0.268,0.3,1.8,0.19,0.6,1.7,0.35,0.317,0.3,0.5,0.5,0.8,2.3,3.0,1.8,0.6,0.1,0.8,1.8,2.4,0.0,0.0,1010.0,0.0,0.0,0.0,0.0,0.0,0.0,0.0,0.0,0.0,0.0,0.0,0.0,0.0,12.0,1.0,187.0,11.0,41.0,0.268,4.0,21.0,0.19,7.0,20.0,0.35,0.317,3.0,6.0,0.5,9.0,27.0,36.0,22.0,7.0,1.0,9.0,22.0,29.0,0.0,4.8,0.332,0.512,0.146,5.4,15.1,10.4,14.4,1.8,0.4,17.1,12.2,-0.2,0.2,-0.1,-0.014,-5.3,0.5,-4.8,-0.1,0.0,2018
455,Chris McCullough,4.7,0.9,2.2,0.429,0.1,0.4,0.125,0.9,1.8,0.5,0.44,0.5,0.7,0.643,0.4,0.9,1.3,0.2,0.0,0.3,0.1,0.4,2.4,0.0,0.0,1010.0,0.0,0.0,0.0,0.0,0.0,0.0,0.0,0.0,0.0,0.0,0.0,0.0,0.0,19.0,0.0,90.0,18.0,42.0,0.429,1.0,8.0,0.125,17.0,34.0,0.5,0.44,9.0,14.0,0.643,7.0,18.0,25.0,4.0,0.0,5.0,2.0,8.0,46.0,0.0,15.8,0.478,0.19,0.333,8.8,22.6,15.7,7.1,0.0,4.9,4.0,24.6,0.1,0.1,0.2,0.081,-0.3,-1.5,-1.8,0.0,0.0,2018
456,Marcus Paige,5.6,0.8,2.8,0.286,0.4,1.6,0.25,0.4,1.2,0.333,0.357,0.4,0.4,1.0,0.0,0.8,0.8,0.6,0.0,0.0,0.0,0.0,2.4,0.0,0.0,1010.0,0.0,0.0,0.0,0.0,0.0,0.0,0.0,0.0,0.0,0.0,0.0,0.0,0.0,5.0,0.0,28.0,4.0,14.0,0.286,2.0,8.0,0.25,2.0,6.0,0.333,0.357,2.0,2.0,1.0,0.0,4.0,4.0,3.0,0.0,0.0,0.0,0.0,12.0,0.0,9.1,0.403,0.571,0.143,0.0,15.7,7.7,16.1,0.0,0.0,0.0,23.0,0.0,0.0,0.0,-0.006,-5.6,-3.2,-8.8,0.0,0.0,2018
457,Guerschon Yabusele,7.1,0.8,1.8,0.426,0.4,1.1,0.324,0.4,0.7,0.583,0.525,0.5,0.7,0.682,0.5,1.1,1.6,0.5,0.1,0.2,0.4,0.7,2.4,0.0,0.0,1010.0,0.0,0.0,0.0,0.0,0.0,0.0,0.0,0.0,0.0,0.0,0.0,0.0,0.0,33.0,4.0,235.0,26.0,61.0,0.426,12.0,37.0,0.324,14.0,24.0,0.583,0.525,15.0,22.0,0.682,17.0,35.0,52.0,16.0,4.0,5.0,12.0,23.0,79.0,0.0,12.3,0.559,0.607,0.361,8.0,16.1,12.1,10.0,0.9,1.8,14.5,15.7,0.3,0.3,0.6,0.122,-1.4,0.2,-1.2,0.0,0.0,2018
458,Rashad Vaughn,7.6,0.8,2.0,0.411,0.5,1.3,0.378,0.3,0.7,0.474,0.536,0.1,0.2,0.667,0.1,0.6,0.8,0.5,0.2,0.1,0.2,0.5,2.3,0.0,0.0,1010.0,0.0,0.0,0.0,0.0,0.0,0.0,0.0,0.0,0.0,0.0,0.0,0.0,0.0,28.0,0.0,212.0,23.0,56.0,0.411,14.0,37.0,0.378,9.0,19.0,0.474,0.536,4.0,6.0,0.667,3.0,18.0,21.0,13.0,5.0,3.0,6.0,15.0,64.0,0.0,9.3,0.546,0.661,0.107,1.6,9.8,5.7,8.7,1.2,1.2,9.3,13.7,0.1,0.1,0.2,0.05,-1.3,-1.4,-2.6,0.0,0.0,2018
459,Aaron Brooks,5.9,0.9,2.2,0.406,0.3,1.0,0.355,0.5,1.2,0.447,0.486,0.3,0.3,0.727,0.2,0.3,0.5,0.6,0.2,0.0,0.3,0.9,2.3,0.0,0.0,1010.0,0.0,0.0,0.0,0.0,0.0,0.0,0.0,0.0,0.0,0.0,0.0,0.0,0.0,32.0,1.0,189.0,28.0,69.0,0.406,11.0,31.0,0.355,17.0,38.0,0.447,0.486,8.0,11.0,0.727,7.0,10.0,17.0,20.0,6.0,0.0,11.0,28.0,75.0,0.0,9.8,0.508,0.449,0.159,4.2,6.2,5.2,15.1,1.6,0.0,13.0,19.9,0.1,0.1,0.1,0.033,-2.6,-1.3,-3.8,-0.1,0.0,2018
460,Lorenzo Brown,9.9,1.0,2.4,0.412,0.1,0.9,0.167,0.9,1.6,0.545,0.441,0.1,0.1,1.0,0.1,1.0,1.1,0.9,0.4,0.0,0.2,0.5,2.3,0.0,0.0,1010.0,0.0,0.0,0.0,0.0,0.0,0.0,0.0,0.0,0.0,0.0,0.0,0.0,0.0,14.0,0.0,139.0,14.0,34.0,0.412,2.0,12.0,0.167,12.0,22.0,0.545,0.441,2.0,2.0,1.0,1.0,14.0,15.0,13.0,5.0,0.0,3.0,7.0,32.0,0.0,8.2,0.459,0.353,0.059,0.8,11.1,6.0,12.4,1.8,0.0,7.9,11.9,0.0,0.1,0.2,0.06,-3.9,1.5,-2.5,0.0,0.0,2018
461,John Holland,7.3,0.7,2.5,0.288,0.5,1.5,0.306,0.3,1.0,0.261,0.381,0.4,0.5,0.692,0.3,0.8,1.0,0.2,0.3,0.1,0.3,0.4,2.3,0.0,0.0,1010.0,0.0,0.0,0.0,0.0,0.0,0.0,0.0,0.0,0.0,0.0,0.0,0.0,0.0,24.0,0.0,174.0,17.0,59.0,0.288,11.0,36.0,0.306,6.0,23.0,0.261,0.381,9.0,13.0,0.692,6.0,18.0,24.0,5.0,7.0,2.0,8.0,10.0,54.0,0.0,5.9,0.417,0.61,0.22,3.9,11.4,7.7,3.9,2.0,1.0,11.0,18.5,-0.3,0.1,-0.2,-0.05,-3.6,-1.9,-5.5,-0.2,0.0,2018
462,Josh Huestis,14.2,0.9,2.6,0.33,0.5,1.7,0.287,0.4,1.0,0.403,0.42,0.1,0.3,0.3,0.6,1.7,2.3,0.3,0.2,0.6,0.4,1.2,2.3,0.0,0.0,1010.0,0.0,0.0,0.0,0.0,0.0,0.0,0.0,0.0,0.0,0.0,0.0,0.0,0.0,69.0,10.0,982.0,60.0,182.0,0.33,33.0,115.0,0.287,27.0,67.0,0.403,0.42,6.0,20.0,0.3,42.0,119.0,161.0,20.0,15.0,43.0,26.0,82.0,159.0,0.0,5.4,0.417,0.632,0.11,4.6,13.9,9.1,2.7,0.8,4.0,12.0,9.5,-0.5,1.0,0.5,0.024,-3.9,0.0,-3.9,-0.5,0.0,2018
463,Brandon Paul,9.0,0.9,2.0,0.433,0.2,0.8,0.278,0.6,1.1,0.548,0.492,0.3,0.7,0.512,0.1,1.0,1.1,0.6,0.4,0.1,0.5,0.9,2.3,0.0,0.0,1010.0,0.0,0.0,0.0,0.0,0.0,0.0,0.0,0.0,0.0,0.0,0.0,0.0,0.0,64.0,2.0,576.0,55.0,127.0,0.433,15.0,54.0,0.278,40.0,73.0,0.548,0.492,22.0,43.0,0.512,6.0,62.0,68.0,37.0,25.0,7.0,29.0,58.0,147.0,0.0,7.4,0.504,0.425,0.339,1.1,12.0,6.5,9.0,2.2,1.0,16.6,13.6,-0.3,0.8,0.5,0.045,-5.1,1.6,-3.5,-0.2,0.0,2018
464,Caleb Swanigan,7.0,0.9,2.2,0.4,0.0,0.3,0.125,0.9,1.9,0.442,0.408,0.4,0.7,0.667,0.6,1.4,2.0,0.5,0.2,0.1,0.7,1.4,2.3,0.0,0.0,1010.0,0.0,0.0,0.0,0.0,0.0,0.0,0.0,0.0,0.0,0.0,0.0,0.0,0.0,27.0,3.0,189.0,24.0,60.0,0.4,1.0,8.0,0.125,23.0,52.0,0.442,0.408,12.0,18.0,0.667,15.0,39.0,54.0,14.0,5.0,3.0,18.0,37.0,61.0,0.0,7.5,0.449,0.133,0.3,8.7,22.3,15.6,10.8,1.3,1.3,20.9,20.0,-0.3,0.3,0.0,-0.003,-6.6,1.2,-5.5,-0.2,0.0,2018
465,Bruno Caboclo,8.9,0.8,2.6,0.29,0.3,1.4,0.176,0.5,1.2,0.429,0.339,0.4,0.5,0.833,0.6,1.3,1.8,0.3,0.3,0.3,0.3,0.7,2.2,0.0,0.0,1010.0,0.0,0.0,0.0,0.0,0.0,0.0,0.0,0.0,0.0,0.0,0.0,0.0,0.0,12.0,0.0,107.0,9.0,31.0,0.29,3.0,17.0,0.176,6.0,14.0,0.429,0.339,5.0,6.0,0.833,7.0,15.0,22.0,4.0,3.0,4.0,4.0,8.0,26.0,0.0,7.4,0.386,0.548,0.194,7.1,16.6,11.7,5.0,1.4,3.5,10.6,15.8,-0.1,0.1,0.0,-0.021,-4.8,-1.0,-5.8,-0.1,0.0,2018
466,Nick Collison,5.0,0.9,1.3,0.684,0.0,0.0,0.0,0.9,1.3,0.684,0.684,0.3,0.9,0.385,0.5,0.9,1.3,0.3,0.0,0.0,0.5,0.5,2.1,0.0,0.0,1010.0,0.0,0.0,0.0,0.0,0.0,0.0,0.0,0.0,0.0,0.0,0.0,0.0,0.0,15.0,0.0,75.0,13.0,19.0,0.684,0.0,0.0,0.0,13.0,19.0,0.684,0.684,5.0,13.0,0.385,7.0,13.0,20.0,4.0,0.0,0.0,7.0,7.0,31.0,0.0,13.2,0.627,0.0,0.684,10.0,19.9,14.8,8.2,0.0,0.0,22.1,18.2,0.1,0.0,0.1,0.064,-2.3,-1.9,-4.2,0.0,0.0,2018
467,Eric Moreland,12.0,1.0,1.8,0.541,0.0,0.0,0.0,1.0,1.8,0.541,0.541,0.2,0.4,0.379,1.2,2.9,4.1,1.2,0.5,0.8,0.6,1.7,2.1,0.0,0.0,1010.0,0.0,0.0,0.0,0.0,0.0,0.0,0.0,0.0,0.0,0.0,0.0,0.0,0.0,67.0,3.0,805.0,66.0,122.0,0.541,0.0,0.0,0.0,66.0,122.0,0.541,0.541,11.0,29.0,0.379,81.0,197.0,278.0,78.0,31.0,51.0,42.0,116.0,143.0,0.0,13.9,0.531,0.0,0.238,10.9,27.6,19.1,13.3,1.9,5.6,23.8,9.7,0.7,1.6,2.3,0.135,-2.8,3.3,0.5,0.5,0.0,2018
468,Georgios Papagiannis,7.2,1.1,2.5,0.429,0.0,0.0,0.0,1.1,2.5,0.429,0.429,0.0,0.0,0.0,0.8,1.4,2.2,0.5,0.2,0.4,0.5,0.7,2.1,0.0,0.0,1010.0,0.0,0.0,0.0,0.0,0.0,0.0,0.0,0.0,0.0,0.0,0.0,0.0,0.0,17.0,0.0,122.0,18.0,42.0,0.429,0.0,0.0,0.0,18.0,42.0,0.429,0.429,0.0,0.0,0.0,13.0,24.0,37.0,9.0,4.0,6.0,8.0,12.0,36.0,0.0,12.2,0.429,0.0,0.0,11.6,23.4,17.2,11.2,1.6,4.7,16.0,18.4,-0.1,0.1,0.0,0.005,-3.9,-0.3,-4.1,-0.1,0.0,2018
469,Ryan Arcidiacono,12.7,0.7,1.7,0.415,0.4,1.3,0.29,0.3,0.4,0.8,0.524,0.2,0.3,0.833,0.0,1.0,1.0,1.5,0.5,0.0,0.5,0.8,2.0,0.0,0.0,1010.0,0.0,0.0,0.0,0.0,0.0,0.0,0.0,0.0,0.0,0.0,0.0,0.0,0.0,24.0,0.0,304.0,17.0,41.0,0.415,9.0,31.0,0.29,8.0,10.0,0.8,0.524,5.0,6.0,0.833,1.0,24.0,25.0,35.0,13.0,0.0,13.0,18.0,48.0,0.0,7.3,0.55,0.756,0.146,0.3,8.8,4.4,15.5,2.1,0.0,23.0,8.1,0.1,0.2,0.3,0.04,-4.7,0.6,-4.1,-0.2,0.0,2018
470,Luol Deng,13.0,1.0,2.0,0.5,0.0,0.0,0.0,1.0,2.0,0.5,0.5,0.0,0.0,0.0,0.0,0.0,0.0,1.0,1.0,0.0,1.0,0.0,2.0,0.0,0.0,1010.0,0.0,0.0,0.0,0.0,0.0,0.0,0.0,0.0,0.0,0.0,0.0,0.0,0.0,1.0,1.0,13.0,1.0,2.0,0.5,0.0,0.0,0.0,1.0,2.0,0.5,0.5,0.0,0.0,0.0,0.0,0.0,0.0,1.0,1.0,0.0,1.0,0.0,2.0,0.0,5.5,0.5,0.0,0.0,0.0,0.0,0.0,10.1,3.7,0.0,33.3,9.8,0.0,0.0,0.0,-0.018,-5.3,2.4,-2.9,0.0,0.0,2018
471,Jeremy Evans,5.0,1.0,1.0,1.0,0.0,0.0,0.0,1.0,1.0,1.0,1.0,0.0,0.0,0.0,1.0,0.0,1.0,0.0,0.0,0.0,1.0,1.0,2.0,0.0,0.0,1010.0,0.0,0.0,0.0,0.0,0.0,0.0,0.0,0.0,0.0,0.0,0.0,0.0,0.0,1.0,0.0,5.0,1.0,1.0,1.0,0.0,0.0,0.0,1.0,1.0,1.0,1.0,0.0,0.0,0.0,1.0,0.0,1.0,0.0,0.0,0.0,1.0,1.0,2.0,0.0,10.4,1.0,0.0,0.0,22.3,0.0,11.2,0.0,0.0,0.0,50.0,17.5,0.0,0.0,0.0,-0.028,-5.7,-4.2,-9.9,0.0,0.0,2018
472,Daniel Hamilton,4.7,0.8,1.8,0.455,0.3,0.8,0.4,0.5,1.0,0.5,0.545,0.0,0.0,0.0,0.0,0.8,0.8,1.3,0.2,0.0,0.3,0.3,2.0,0.0,0.0,1010.0,0.0,0.0,0.0,0.0,0.0,0.0,0.0,0.0,0.0,0.0,0.0,0.0,0.0,6.0,0.0,28.0,5.0,11.0,0.455,2.0,5.0,0.4,3.0,6.0,0.5,0.545,0.0,0.0,0.0,0.0,5.0,5.0,8.0,1.0,0.0,2.0,2.0,12.0,0.0,18.2,0.545,0.455,0.0,0.0,20.5,9.9,44.2,1.8,0.0,15.4,19.9,0.1,0.0,0.1,0.169,1.0,1.3,2.3,0.0,0.0,2018
473,Gordon Hayward,5.0,1.0,2.0,0.5,0.0,1.0,0.0,1.0,1.0,1.0,0.5,0.0,0.0,0.0,0.0,1.0,1.0,0.0,0.0,0.0,0.0,1.0,2.0,0.0,0.0,1010.0,0.0,0.0,0.0,0.0,0.0,0.0,0.0,0.0,0.0,0.0,0.0,0.0,0.0,1.0,1.0,5.0,1.0,2.0,0.5,0.0,1.0,0.0,1.0,1.0,1.0,0.5,0.0,0.0,0.0,0.0,1.0,1.0,0.0,0.0,0.0,0.0,1.0,2.0,0.0,7.3,0.5,0.5,0.0,0.0,21.6,10.9,0.0,0.0,0.0,0.0,17.9,0.0,0.0,0.0,0.056,-6.6,-0.8,-7.4,0.0,0.0,2018
474,Mangok Mathiang,5.0,1.0,1.8,0.571,0.0,0.0,0.0,1.0,1.8,0.571,0.571,0.0,0.3,0.0,0.8,1.8,2.5,0.0,0.3,0.0,0.0,1.3,2.0,0.0,0.0,1010.0,0.0,0.0,0.0,0.0,0.0,0.0,0.0,0.0,0.0,0.0,0.0,0.0,0.0,4.0,0.0,20.0,4.0,7.0,0.571,0.0,0.0,0.0,4.0,7.0,0.571,0.571,0.0,1.0,0.0,3.0,7.0,10.0,0.0,1.0,0.0,0.0,5.0,8.0,0.0,18.0,0.538,0.0,0.143,16.0,38.5,27.1,0.0,2.4,0.0,0.0,16.1,0.0,0.0,0.1,0.183,-3.3,-1.3,-4.6,0.0,0.0,2018
475,Justin Patton,4.0,1.0,2.0,0.5,0.0,0.0,0.0,1.0,2.0,0.5,0.5,0.0,0.0,0.0,0.0,0.0,0.0,0.0,1.0,0.0,0.0,1.0,2.0,0.0,0.0,1010.0,0.0,0.0,0.0,0.0,0.0,0.0,0.0,0.0,0.0,0.0,0.0,0.0,0.0,1.0,0.0,4.0,1.0,2.0,0.5,0.0,0.0,0.0,1.0,2.0,0.5,0.5,0.0,0.0,0.0,0.0,0.0,0.0,0.0,1.0,0.0,0.0,1.0,2.0,0.0,19.8,0.5,0.0,0.0,0.0,0.0,0.0,0.0,12.5,0.0,0.0,22.1,0.0,0.0,0.0,0.151,-2.2,5.4,3.2,0.0,0.0,2018
476,Quincy Pondexter,8.5,0.6,2.1,0.286,0.1,1.0,0.136,0.5,1.2,0.407,0.316,0.6,0.7,0.824,0.3,0.8,1.2,0.4,0.3,0.1,0.5,1.0,2.0,0.0,0.0,1010.0,0.0,0.0,0.0,0.0,0.0,0.0,0.0,0.0,0.0,0.0,0.0,0.0,0.0,23.0,1.0,196.0,14.0,49.0,0.286,3.0,22.0,0.136,11.0,27.0,0.407,0.316,14.0,17.0,0.824,8.0,19.0,27.0,9.0,8.0,2.0,11.0,24.0,45.0,0.0,4.0,0.398,0.449,0.347,4.2,10.8,7.4,6.3,2.0,0.9,16.3,15.0,-0.3,0.1,-0.2,-0.047,-7.0,-0.4,-7.4,-0.3,0.0,2018
477,Devin Robinson,13.0,1.0,3.0,0.333,0.0,0.0,0.0,1.0,3.0,0.333,0.333,0.0,0.0,0.0,2.0,3.0,5.0,0.0,1.0,0.0,0.0,2.0,2.0,0.0,0.0,1010.0,0.0,0.0,0.0,0.0,0.0,0.0,0.0,0.0,0.0,0.0,0.0,0.0,0.0,1.0,0.0,13.0,1.0,3.0,0.333,0.0,0.0,0.0,1.0,3.0,0.333,0.333,0.0,0.0,0.0,2.0,3.0,5.0,0.0,1.0,0.0,0.0,2.0,2.0,0.0,10.5,0.333,0.0,0.0,17.4,26.0,21.7,0.0,3.8,0.0,0.0,10.2,0.0,0.0,0.0,0.098,-4.2,2.1,-2.1,0.0,0.0,2018
478,Edmond Sumner,2.0,1.0,1.0,1.0,0.0,0.0,0.0,1.0,1.0,1.0,1.0,0.0,0.0,0.0,0.0,1.0,1.0,0.0,0.0,0.0,0.0,1.0,2.0,0.0,0.0,1010.0,0.0,0.0,0.0,0.0,0.0,0.0,0.0,0.0,0.0,0.0,0.0,0.0,0.0,1.0,0.0,2.0,1.0,1.0,1.0,0.0,0.0,0.0,1.0,1.0,1.0,1.0,0.0,0.0,0.0,0.0,1.0,1.0,0.0,0.0,0.0,0.0,1.0,2.0,0.0,39.8,1.0,0.0,0.0,0.0,56.1,28.2,0.0,0.0,0.0,0.0,22.3,0.0,0.0,0.0,0.425,-2.4,9.3,6.9,0.0,0.0,2018
479,Kyle Singler,4.9,0.6,1.8,0.333,0.2,0.4,0.4,0.4,1.3,0.313,0.381,0.6,1.1,0.538,0.1,0.8,0.8,0.2,0.1,0.0,0.3,0.3,1.9,0.0,0.0,1010.0,0.0,0.0,0.0,0.0,0.0,0.0,0.0,0.0,0.0,0.0,0.0,0.0,0.0,12.0,0.0,59.0,7.0,21.0,0.333,2.0,5.0,0.4,5.0,16.0,0.313,0.381,7.0,13.0,0.538,1.0,9.0,10.0,2.0,1.0,0.0,3.0,4.0,23.0,0.0,5.9,0.43,0.238,0.619,1.8,17.5,9.4,4.8,0.8,0.0,10.1,21.6,-0.1,0.0,0.0,-0.031,-5.0,-1.6,-6.7,-0.1,0.0,2018
480,Dakari Johnson,5.2,0.7,1.3,0.564,0.0,0.0,0.0,0.7,1.3,0.564,0.564,0.4,0.6,0.55,0.5,0.6,1.1,0.3,0.2,0.3,0.1,0.9,1.8,0.0,0.0,1010.0,0.0,0.0,0.0,0.0,0.0,0.0,0.0,0.0,0.0,0.0,0.0,0.0,0.0,31.0,6.0,161.0,22.0,39.0,0.564,0.0,0.0,0.0,22.0,39.0,0.564,0.564,11.0,20.0,0.55,16.0,18.0,34.0,8.0,6.0,8.0,3.0,27.0,55.0,0.0,16.4,0.575,0.0,0.513,10.7,12.8,11.7,7.2,1.8,4.5,5.9,13.5,0.4,0.2,0.6,0.178,-1.2,0.9,-0.3,0.1,0.0,2018
481,Marshall Plumlee,6.5,0.1,0.4,0.333,0.0,0.0,0.0,0.1,0.4,0.333,0.333,1.5,2.0,0.75,0.5,1.6,2.1,0.3,0.0,0.1,0.4,1.3,1.8,0.0,0.0,1010.0,0.0,0.0,0.0,0.0,0.0,0.0,0.0,0.0,0.0,0.0,0.0,0.0,0.0,8.0,0.0,52.0,1.0,3.0,0.333,0.0,0.0,0.0,1.0,3.0,0.333,0.333,12.0,16.0,0.75,4.0,13.0,17.0,2.0,0.0,1.0,3.0,10.0,14.0,0.0,10.9,0.697,0.0,5.333,9.0,29.2,19.2,4.8,0.0,1.6,23.0,11.3,0.1,0.0,0.2,0.143,-3.9,-0.6,-4.5,0.0,0.0,2018
482,Derrick Walton,9.2,0.5,1.6,0.32,0.4,1.1,0.412,0.1,0.5,0.125,0.46,0.4,0.4,1.0,0.1,0.9,1.0,1.0,0.4,0.2,0.1,0.4,1.8,0.0,0.0,1010.0,0.0,0.0,0.0,0.0,0.0,0.0,0.0,0.0,0.0,0.0,0.0,0.0,0.0,16.0,0.0,147.0,8.0,25.0,0.32,7.0,17.0,0.412,1.0,8.0,0.125,0.46,6.0,6.0,1.0,2.0,14.0,16.0,16.0,7.0,3.0,2.0,7.0,29.0,0.0,11.2,0.525,0.68,0.24,1.5,10.7,6.1,14.6,2.4,1.7,6.7,9.1,0.2,0.2,0.4,0.128,-1.1,2.4,1.3,0.1,0.0,2018
483,Larry Drew II,7.0,0.7,2.4,0.292,0.3,0.9,0.333,0.4,1.5,0.267,0.354,0.0,0.0,0.0,0.3,0.0,0.3,1.0,0.0,0.0,0.3,0.6,1.7,0.0,0.0,1010.0,0.0,0.0,0.0,0.0,0.0,0.0,0.0,0.0,0.0,0.0,0.0,0.0,0.0,10.0,0.0,70.0,7.0,24.0,0.292,3.0,9.0,0.333,4.0,15.0,0.267,0.354,0.0,0.0,0.0,3.0,0.0,3.0,10.0,0.0,0.0,3.0,6.0,17.0,0.0,2.9,0.354,0.375,0.0,4.8,0.0,2.3,18.5,0.0,0.0,11.1,16.6,-0.1,0.0,-0.1,-0.061,-5.6,-3.4,-9.0,-0.1,0.0,2018
484,DeAndre Liggins,12.5,0.7,1.8,0.377,0.3,0.9,0.358,0.4,0.9,0.396,0.467,0.0,0.1,0.4,0.1,1.2,1.3,0.8,0.6,0.2,0.3,1.4,1.7,0.0,0.0,1010.0,0.0,0.0,0.0,0.0,0.0,0.0,0.0,0.0,0.0,0.0,0.0,0.0,0.0,58.0,4.0,724.0,40.0,106.0,0.377,19.0,53.0,0.358,21.0,53.0,0.396,0.467,2.0,5.0,0.4,7.0,68.0,75.0,48.0,37.0,14.0,20.0,81.0,101.0,0.0,6.0,0.467,0.5,0.047,1.1,10.6,5.9,8.4,2.5,1.6,15.6,7.9,-0.2,0.7,0.5,0.034,-4.3,1.8,-2.5,-0.1,0.0,2018
485,Damian Jones,5.9,0.7,1.5,0.5,0.0,0.0,0.0,0.7,1.5,0.5,0.5,0.2,0.3,0.6,0.3,0.6,0.9,0.1,0.1,0.2,0.3,0.9,1.7,0.0,0.0,1010.0,0.0,0.0,0.0,0.0,0.0,0.0,0.0,0.0,0.0,0.0,0.0,0.0,0.0,15.0,0.0,89.0,11.0,22.0,0.5,0.0,0.0,0.0,11.0,22.0,0.5,0.5,3.0,5.0,0.6,5.0,9.0,14.0,2.0,1.0,3.0,4.0,14.0,25.0,0.0,6.8,0.517,0.0,0.227,6.8,10.6,8.8,2.9,0.5,2.7,14.2,13.9,0.0,0.1,0.1,0.031,-5.3,-1.8,-7.1,-0.1,0.0,2018
486,Joakim Noah,5.7,0.7,1.4,0.5,0.0,0.0,0.0,0.7,1.4,0.5,0.5,0.3,0.6,0.5,0.9,1.1,2.0,0.6,0.3,0.3,0.6,0.7,1.7,0.0,0.0,1010.0,0.0,0.0,0.0,0.0,0.0,0.0,0.0,0.0,0.0,0.0,0.0,0.0,0.0,7.0,0.0,40.0,5.0,10.0,0.5,0.0,0.0,0.0,5.0,10.0,0.5,0.5,2.0,4.0,0.5,6.0,8.0,14.0,4.0,2.0,2.0,4.0,5.0,12.0,0.0,15.6,0.51,0.0,0.4,16.7,22.1,19.4,14.0,2.5,4.3,25.4,17.2,0.0,0.1,0.1,0.072,-2.5,1.7,-0.8,0.0,0.0,2018
487,Damien Wilkins,8.0,0.7,2.1,0.333,0.2,0.9,0.222,0.5,1.1,0.429,0.385,0.2,0.2,0.75,0.3,0.6,0.8,0.5,0.1,0.1,0.3,0.4,1.7,0.0,0.0,1010.0,0.0,0.0,0.0,0.0,0.0,0.0,0.0,0.0,0.0,0.0,0.0,0.0,0.0,19.0,1.0,152.0,13.0,39.0,0.333,4.0,18.0,0.222,9.0,21.0,0.429,0.385,3.0,4.0,0.75,5.0,11.0,16.0,9.0,2.0,1.0,5.0,7.0,33.0,0.0,4.9,0.405,0.462,0.103,3.7,8.1,5.9,7.8,0.7,0.6,10.9,13.4,-0.1,0.1,-0.1,-0.019,-4.2,-1.9,-6.1,-0.2,0.0,2018
488,Matt Williams,3.7,0.7,2.0,0.333,0.3,1.7,0.2,0.3,0.3,1.0,0.417,0.0,0.0,0.0,0.0,0.3,0.3,0.0,0.0,0.0,0.3,0.3,1.7,0.0,0.0,1010.0,0.0,0.0,0.0,0.0,0.0,0.0,0.0,0.0,0.0,0.0,0.0,0.0,0.0,3.0,0.0,11.0,2.0,6.0,0.333,1.0,5.0,0.2,1.0,1.0,1.0,0.417,0.0,0.0,0.0,0.0,1.0,1.0,0.0,0.0,0.0,1.0,1.0,5.0,0.0,-0.7,0.417,0.833,0.0,0.0,10.2,5.1,0.0,0.0,0.0,14.3,28.6,-0.1,0.0,0.0,-0.197,-7.0,-4.2,-11.2,0.0,0.0,2018
489,Furkan Korkmaz,5.7,0.6,2.0,0.286,0.4,1.2,0.294,0.2,0.8,0.273,0.375,0.1,0.3,0.5,0.1,0.6,0.8,0.3,0.1,0.1,0.1,0.9,1.6,0.0,0.0,1010.0,0.0,0.0,0.0,0.0,0.0,0.0,0.0,0.0,0.0,0.0,0.0,0.0,0.0,14.0,0.0,80.0,8.0,28.0,0.286,5.0,17.0,0.294,3.0,11.0,0.273,0.375,2.0,4.0,0.5,2.0,9.0,11.0,4.0,2.0,1.0,2.0,12.0,23.0,0.0,3.4,0.386,0.607,0.143,2.8,11.7,7.4,6.7,1.2,1.0,6.3,16.9,-0.1,0.1,0.0,-0.006,-6.6,-1.0,-7.6,-0.1,0.0,2018
490,James Webb III,12.0,0.6,2.4,0.25,0.4,1.9,0.211,0.2,0.5,0.4,0.333,0.0,0.0,0.0,0.8,1.6,2.4,0.4,0.1,0.0,0.4,1.0,1.6,0.0,0.0,1010.0,0.0,0.0,0.0,0.0,0.0,0.0,0.0,0.0,0.0,0.0,0.0,0.0,0.0,10.0,0.0,120.0,6.0,24.0,0.25,4.0,19.0,0.211,2.0,5.0,0.4,0.333,0.0,0.0,0.0,8.0,16.0,24.0,4.0,1.0,0.0,4.0,10.0,16.0,0.0,2.2,0.333,0.792,0.0,7.0,14.3,10.6,4.5,0.4,0.0,14.3,10.1,-0.1,0.0,-0.1,-0.041,-5.5,-2.8,-8.3,-0.2,0.0,2018
491,Andrew Bogut,9.0,0.7,1.0,0.68,0.0,0.0,0.0,0.7,1.0,0.68,0.68,0.1,0.1,1.0,1.1,2.2,3.3,0.6,0.2,0.5,0.8,1.7,1.5,0.0,0.0,1010.0,0.0,0.0,0.0,0.0,0.0,0.0,0.0,0.0,0.0,0.0,0.0,0.0,0.0,24.0,5.0,216.0,17.0,25.0,0.68,0.0,0.0,0.0,17.0,25.0,0.68,0.68,2.0,2.0,1.0,26.0,52.0,78.0,15.0,4.0,13.0,19.0,40.0,36.0,0.0,10.9,0.696,0.0,0.08,12.9,25.4,19.2,9.1,0.9,4.9,42.3,8.8,0.1,0.3,0.4,0.094,-4.7,1.9,-2.8,-0.1,0.0,2018
492,Joel Bolomboy,6.3,0.5,1.0,0.5,0.0,0.2,0.0,0.5,0.8,0.6,0.5,0.5,1.0,0.5,1.0,0.7,1.7,0.0,0.3,0.0,0.3,0.5,1.5,0.0,0.0,1010.0,0.0,0.0,0.0,0.0,0.0,0.0,0.0,0.0,0.0,0.0,0.0,0.0,0.0,6.0,0.0,38.0,3.0,6.0,0.5,0.0,1.0,0.0,3.0,5.0,0.6,0.5,3.0,6.0,0.5,6.0,4.0,10.0,0.0,2.0,0.0,2.0,3.0,9.0,0.0,11.7,0.521,0.167,1.0,18.6,12.3,15.4,0.0,2.6,0.0,18.8,12.6,0.0,0.0,0.1,0.079,-2.6,-2.4,-5.0,0.0,0.0,2018
493,Thomas Bryant,4.8,0.5,1.4,0.381,0.1,0.7,0.1,0.5,0.7,0.636,0.405,0.3,0.6,0.556,0.2,0.9,1.1,0.4,0.1,0.1,0.1,0.4,1.5,0.0,0.0,1010.0,0.0,0.0,0.0,0.0,0.0,0.0,0.0,0.0,0.0,0.0,0.0,0.0,0.0,15.0,0.0,72.0,8.0,21.0,0.381,1.0,10.0,0.1,7.0,11.0,0.636,0.405,5.0,9.0,0.556,3.0,14.0,17.0,6.0,1.0,2.0,2.0,6.0,22.0,0.0,9.9,0.441,0.476,0.429,4.5,20.5,12.6,11.5,0.7,2.3,7.4,15.9,0.0,0.1,0.1,0.05,-3.1,-0.2,-3.3,0.0,0.0,2018
494,Vince Hunter,1.8,0.8,1.3,0.6,0.0,0.0,0.0,0.8,1.3,0.6,0.6,0.0,0.0,0.0,0.5,0.3,0.8,0.0,0.0,0.3,0.3,0.0,1.5,0.0,0.0,1010.0,0.0,0.0,0.0,0.0,0.0,0.0,0.0,0.0,0.0,0.0,0.0,0.0,0.0,4.0,0.0,7.0,3.0,5.0,0.6,0.0,0.0,0.0,3.0,5.0,0.6,0.6,0.0,0.0,0.0,2.0,1.0,3.0,0.0,0.0,1.0,1.0,0.0,6.0,0.0,35.8,0.6,0.0,0.0,32.3,16.9,24.8,0.0,0.0,13.4,16.7,38.5,0.0,0.0,0.0,0.097,10.4,-0.7,9.7,0.0,0.0,2018
495,Richard Jefferson,8.2,0.6,1.4,0.444,0.1,0.4,0.286,0.5,1.0,0.5,0.481,0.2,0.4,0.571,0.1,0.8,0.9,0.8,0.1,0.1,0.3,0.6,1.5,0.0,0.0,1010.0,0.0,0.0,0.0,0.0,0.0,0.0,0.0,0.0,0.0,0.0,0.0,0.0,0.0,20.0,0.0,163.0,12.0,27.0,0.444,2.0,7.0,0.286,10.0,20.0,0.5,0.481,4.0,7.0,0.571,2.0,15.0,17.0,15.0,2.0,1.0,5.0,11.0,30.0,0.0,6.4,0.499,0.259,0.259,1.4,10.3,5.9,12.0,0.6,0.5,14.3,9.4,0.1,0.0,0.1,0.029,-3.5,-0.8,-4.3,-0.1,0.0,2018
496,Alfonzo McKinnie,3.8,0.6,1.1,0.533,0.2,0.6,0.333,0.4,0.4,0.833,0.633,0.1,0.2,0.667,0.1,0.4,0.5,0.1,0.1,0.1,0.2,0.6,1.5,0.0,0.0,1010.0,0.0,0.0,0.0,0.0,0.0,0.0,0.0,0.0,0.0,0.0,0.0,0.0,0.0,14.0,0.0,53.0,8.0,15.0,0.533,3.0,9.0,0.333,5.0,6.0,0.833,0.633,2.0,3.0,0.667,1.0,6.0,7.0,1.0,1.0,1.0,3.0,8.0,21.0,0.0,10.1,0.643,0.6,0.2,2.2,12.4,7.4,2.7,0.9,1.5,15.5,16.0,0.0,0.1,0.1,0.084,-2.6,-0.4,-3.0,0.0,0.0,2018
497,Jeff Withey,3.9,0.6,1.6,0.375,0.2,1.0,0.2,0.4,0.6,0.667,0.438,0.1,0.2,0.5,0.1,0.9,1.0,0.0,0.0,0.3,0.2,0.3,1.5,0.0,0.0,1010.0,0.0,0.0,0.0,0.0,0.0,0.0,0.0,0.0,0.0,0.0,0.0,0.0,0.0,10.0,0.0,39.0,6.0,16.0,0.375,2.0,10.0,0.2,4.0,6.0,0.667,0.438,1.0,2.0,0.5,1.0,9.0,10.0,0.0,0.0,3.0,2.0,3.0,15.0,0.0,8.3,0.444,0.625,0.125,2.8,26.6,14.2,0.0,0.0,6.8,10.6,22.0,-0.1,0.1,0.0,-0.054,-4.4,-0.6,-5.0,0.0,0.0,2018
498,Antonius Cleveland,7.2,0.5,1.2,0.381,0.2,0.2,0.75,0.3,1.0,0.294,0.452,0.2,0.4,0.667,0.2,0.6,0.8,0.1,0.4,0.3,0.4,1.4,1.4,0.0,0.0,1010.0,0.0,0.0,0.0,0.0,0.0,0.0,0.0,0.0,0.0,0.0,0.0,0.0,0.0,17.0,0.0,123.0,8.0,21.0,0.381,3.0,4.0,0.75,5.0,17.0,0.294,0.452,4.0,6.0,0.667,3.0,11.0,14.0,2.0,7.0,5.0,7.0,23.0,23.0,0.0,4.5,0.486,0.19,0.286,2.7,10.2,6.3,2.2,2.8,3.6,22.8,11.1,-0.2,0.2,0.0,-0.006,-7.6,2.4,-5.2,-0.1,0.0,2018
499,Marcus Georges-Hunt,5.3,0.5,1.1,0.438,0.1,0.4,0.267,0.4,0.8,0.515,0.479,0.3,0.5,0.619,0.2,0.2,0.4,0.2,0.1,0.0,0.1,0.8,1.4,0.0,0.0,1010.0,0.0,0.0,0.0,0.0,0.0,0.0,0.0,0.0,0.0,0.0,0.0,0.0,0.0,42.0,0.0,224.0,21.0,48.0,0.438,4.0,15.0,0.267,17.0,33.0,0.515,0.479,13.0,21.0,0.619,7.0,9.0,16.0,7.0,6.0,0.0,3.0,32.0,59.0,0.0,6.9,0.515,0.313,0.438,3.6,4.7,4.1,4.1,1.3,0.0,5.0,11.9,0.2,0.0,0.2,0.049,-4.3,-0.9,-5.1,-0.2,0.0,2018
500,Markel Brown,7.8,0.5,1.8,0.286,0.3,1.3,0.2,0.3,0.5,0.5,0.357,0.0,0.0,0.0,0.3,1.0,1.3,0.5,0.0,0.0,0.5,1.5,1.3,0.0,0.0,1010.0,0.0,0.0,0.0,0.0,0.0,0.0,0.0,0.0,0.0,0.0,0.0,0.0,0.0,4.0,0.0,31.0,2.0,7.0,0.286,1.0,5.0,0.2,1.0,2.0,0.5,0.357,0.0,0.0,0.0,1.0,4.0,5.0,2.0,0.0,0.0,2.0,6.0,5.0,0.0,-1.2,0.357,0.714,0.0,3.7,14.4,9.1,8.7,0.0,0.0,22.2,12.8,-0.1,0.0,0.0,-0.063,-8.8,-2.0,-10.8,-0.1,0.0,2018
501,Tim Quarterman,4.3,0.3,1.0,0.333,0.0,0.7,0.0,0.3,0.3,1.0,0.333,0.7,0.7,1.0,0.0,1.0,1.0,0.3,0.0,0.0,0.7,0.3,1.3,0.0,0.0,1010.0,0.0,0.0,0.0,0.0,0.0,0.0,0.0,0.0,0.0,0.0,0.0,0.0,0.0,3.0,0.0,13.0,1.0,3.0,0.333,0.0,2.0,0.0,1.0,1.0,1.0,0.333,2.0,2.0,1.0,0.0,3.0,3.0,1.0,0.0,0.0,2.0,1.0,4.0,0.0,2.9,0.515,0.667,0.667,0.0,25.8,13.0,10.6,0.0,0.0,34.0,20.0,0.0,0.0,0.0,-0.083,-8.5,-1.2,-9.7,0.0,0.0,2018
502,Ömer Aşık,10.1,0.5,1.2,0.409,0.0,0.0,0.0,0.5,1.2,0.409,0.409,0.2,0.7,0.308,0.5,2.1,2.6,0.2,0.1,0.2,0.5,1.1,1.2,0.0,0.0,1010.0,0.0,0.0,0.0,0.0,0.0,0.0,0.0,0.0,0.0,0.0,0.0,0.0,0.0,18.0,0.0,182.0,9.0,22.0,0.409,0.0,0.0,0.0,9.0,22.0,0.409,0.409,4.0,13.0,0.308,9.0,38.0,47.0,3.0,2.0,4.0,9.0,20.0,22.0,0.0,3.1,0.397,0.0,0.591,5.5,22.2,14.0,2.1,0.5,1.9,24.5,8.7,-0.2,0.2,-0.1,-0.021,-6.5,-1.5,-8.0,-0.3,0.0,2018
503,Ike Anigbogu,2.7,0.4,0.8,0.444,0.0,0.0,0.0,0.4,0.8,0.444,0.444,0.5,0.5,0.833,0.5,0.4,0.8,0.0,0.1,0.3,0.2,0.1,1.2,0.0,0.0,1010.0,0.0,0.0,0.0,0.0,0.0,0.0,0.0,0.0,0.0,0.0,0.0,0.0,0.0,11.0,0.0,30.0,4.0,9.0,0.444,0.0,0.0,0.0,4.0,9.0,0.444,0.444,5.0,6.0,0.833,5.0,4.0,9.0,0.0,1.0,3.0,2.0,1.0,13.0,0.0,21.6,0.558,0.0,0.667,19.0,15.0,16.9,0.0,1.7,8.9,14.7,20.3,0.1,0.0,0.1,0.165,1.8,0.1,1.9,0.0,0.0,2018
504,Zhou Qi,6.9,0.3,1.8,0.188,0.1,1.1,0.105,0.2,0.7,0.308,0.219,0.4,0.7,0.667,0.3,0.9,1.2,0.1,0.1,0.8,0.6,0.8,1.2,0.0,0.0,1010.0,0.0,0.0,0.0,0.0,0.0,0.0,0.0,0.0,0.0,0.0,0.0,0.0,0.0,18.0,0.0,124.0,6.0,32.0,0.188,2.0,19.0,0.105,4.0,13.0,0.308,0.219,8.0,12.0,0.667,6.0,16.0,22.0,2.0,2.0,14.0,10.0,14.0,22.0,0.0,1.9,0.295,0.594,0.375,5.5,14.4,10.0,2.1,0.8,9.6,21.2,16.8,-0.5,0.2,-0.3,-0.104,-10.3,0.2,-10.1,-0.3,0.0,2018
505,Demetrius Jackson,5.3,0.5,1.2,0.389,0.1,0.5,0.143,0.4,0.7,0.545,0.417,0.1,0.1,0.5,0.3,0.5,0.8,0.6,0.3,0.1,0.7,0.5,1.1,0.0,0.0,1010.0,0.0,0.0,0.0,0.0,0.0,0.0,0.0,0.0,0.0,0.0,0.0,0.0,0.0,15.0,0.0,80.0,7.0,18.0,0.389,1.0,7.0,0.143,6.0,11.0,0.545,0.417,1.0,2.0,0.5,5.0,7.0,12.0,9.0,5.0,1.0,10.0,7.0,16.0,0.0,5.4,0.424,0.389,0.111,7.1,9.8,8.4,15.9,3.1,1.1,34.6,15.8,-0.2,0.1,-0.1,-0.047,-6.1,0.9,-5.2,-0.1,0.0,2018
506,Kadeem Allen,5.9,0.3,1.2,0.273,0.0,0.6,0.0,0.3,0.6,0.545,0.273,0.4,0.5,0.778,0.2,0.4,0.6,0.7,0.2,0.1,0.5,0.8,1.1,0.0,0.0,1010.0,0.0,0.0,0.0,0.0,0.0,0.0,0.0,0.0,0.0,0.0,0.0,0.0,0.0,18.0,1.0,107.0,6.0,22.0,0.273,0.0,11.0,0.0,6.0,11.0,0.545,0.273,7.0,9.0,0.778,4.0,7.0,11.0,12.0,3.0,2.0,9.0,15.0,19.0,0.0,2.6,0.366,0.5,0.409,4.1,7.1,5.6,15.2,1.4,1.6,25.7,14.6,-0.2,0.1,-0.1,-0.038,-8.3,0.6,-7.7,-0.2,0.0,2018
507,Darrun Hilliard,6.8,0.4,1.4,0.263,0.0,0.4,0.0,0.4,0.9,0.385,0.263,0.4,0.5,0.857,0.0,0.5,0.5,0.8,0.1,0.0,0.3,0.5,1.1,0.0,0.0,1010.0,0.0,0.0,0.0,0.0,0.0,0.0,0.0,0.0,0.0,0.0,0.0,0.0,0.0,14.0,0.0,95.0,5.0,19.0,0.263,0.0,6.0,0.0,5.0,13.0,0.385,0.263,6.0,7.0,0.857,0.0,7.0,7.0,11.0,2.0,0.0,4.0,7.0,16.0,0.0,3.4,0.362,0.316,0.368,0.0,8.2,4.1,15.3,1.1,0.0,15.3,12.3,-0.1,0.1,0.0,-0.015,-7.1,-0.8,-7.9,-0.1,0.0,2018
508,Matt Costello,8.0,0.5,1.0,0.5,0.0,0.0,0.0,0.5,1.0,0.5,0.5,0.0,0.0,0.0,0.3,2.0,2.3,0.5,0.5,0.5,0.3,1.8,1.0,0.0,0.0,1010.0,0.0,0.0,0.0,0.0,0.0,0.0,0.0,0.0,0.0,0.0,0.0,0.0,0.0,4.0,0.0,32.0,2.0,4.0,0.5,0.0,0.0,0.0,2.0,4.0,0.5,0.5,0.0,0.0,0.0,1.0,8.0,9.0,2.0,2.0,2.0,1.0,7.0,4.0,0.0,9.7,0.5,0.0,0.0,3.4,27.9,15.6,8.3,3.2,5.2,20.0,7.0,0.0,0.1,0.1,0.127,-6.0,5.3,-0.7,0.0,0.0,2018
509,PJ Dozier,1.5,0.5,1.0,0.5,0.0,0.0,0.0,0.5,1.0,0.5,0.5,0.0,0.0,0.0,0.0,0.5,0.5,0.0,0.0,0.0,0.5,0.5,1.0,0.0,0.0,1010.0,0.0,0.0,0.0,0.0,0.0,0.0,0.0,0.0,0.0,0.0,0.0,0.0,0.0,2.0,0.0,3.0,1.0,2.0,0.5,0.0,0.0,0.0,1.0,2.0,0.5,0.5,0.0,0.0,0.0,0.0,1.0,1.0,0.0,0.0,0.0,1.0,1.0,2.0,0.0,-5.0,0.5,0.0,0.0,0.0,38.3,18.5,0.0,0.0,0.0,33.3,42.9,0.0,0.0,0.0,-0.404,-17.7,-2.7,-20.4,0.0,0.0,2018
510,Reggie Hearn,2.3,0.3,0.7,0.5,0.3,0.7,0.5,0.0,0.0,0.0,0.75,0.0,0.0,0.0,0.0,0.0,0.0,0.0,0.0,0.0,0.0,0.0,1.0,0.0,0.0,1010.0,0.0,0.0,0.0,0.0,0.0,0.0,0.0,0.0,0.0,0.0,0.0,0.0,0.0,3.0,0.0,7.0,1.0,2.0,0.5,1.0,2.0,0.5,0.0,0.0,0.0,0.75,0.0,0.0,0.0,0.0,0.0,0.0,0.0,0.0,0.0,0.0,0.0,3.0,0.0,13.1,0.75,1.0,0.0,0.0,0.0,0.0,0.0,0.0,0.0,0.0,12.7,0.0,0.0,0.0,0.132,2.9,-1.4,1.5,0.0,0.0,2018
511,Scotty Hopson,8.0,0.0,1.0,0.0,0.0,0.0,0.0,0.0,1.0,0.0,0.0,1.0,2.0,0.5,0.0,0.0,0.0,1.0,0.0,0.0,1.0,0.0,1.0,0.0,0.0,1010.0,0.0,0.0,0.0,0.0,0.0,0.0,0.0,0.0,0.0,0.0,0.0,0.0,0.0,1.0,0.0,8.0,0.0,1.0,0.0,0.0,0.0,0.0,0.0,1.0,0.0,0.0,1.0,2.0,0.5,0.0,0.0,0.0,1.0,0.0,0.0,1.0,0.0,1.0,0.0,-4.6,0.266,0.0,2.0,0.0,0.0,0.0,15.8,0.0,0.0,34.7,16.3,0.0,0.0,0.0,-0.238,-9.2,-4.7,-14.0,0.0,0.0,2018
512,Jake Layman,4.6,0.4,1.3,0.298,0.1,0.6,0.2,0.3,0.8,0.37,0.34,0.1,0.1,0.667,0.1,0.3,0.5,0.3,0.2,0.1,0.1,0.4,1.0,0.0,0.0,1010.0,0.0,0.0,0.0,0.0,0.0,0.0,0.0,0.0,0.0,0.0,0.0,0.0,0.0,35.0,1.0,160.0,14.0,47.0,0.298,4.0,20.0,0.2,10.0,27.0,0.37,0.34,2.0,3.0,0.667,4.0,12.0,16.0,11.0,6.0,4.0,5.0,13.0,34.0,0.0,4.9,0.352,0.426,0.064,2.8,8.1,5.5,9.4,1.9,2.0,9.4,14.6,-0.3,0.2,-0.1,-0.021,-4.8,0.4,-4.3,-0.1,0.0,2018
513,Georges Niang,3.6,0.4,1.2,0.364,0.0,0.4,0.0,0.4,0.8,0.571,0.364,0.1,0.2,0.5,0.3,0.7,1.0,0.3,0.2,0.0,0.3,0.1,1.0,0.0,0.0,1010.0,0.0,0.0,0.0,0.0,0.0,0.0,0.0,0.0,0.0,0.0,0.0,0.0,0.0,9.0,0.0,32.0,4.0,11.0,0.364,0.0,4.0,0.0,4.0,7.0,0.571,0.364,1.0,2.0,0.5,3.0,6.0,9.0,3.0,2.0,0.0,3.0,1.0,9.0,0.0,9.2,0.379,0.364,0.182,10.8,21.1,16.0,14.0,3.1,0.0,20.2,20.9,-0.1,0.1,0.0,-0.029,-4.9,0.9,-4.0,0.0,0.0,2018
514,Alex Poythress,4.2,0.4,1.0,0.423,0.2,0.4,0.364,0.3,0.6,0.467,0.5,0.0,0.0,0.0,0.3,0.4,0.7,0.1,0.1,0.0,0.1,0.6,1.0,0.0,0.0,1010.0,0.0,0.0,0.0,0.0,0.0,0.0,0.0,0.0,0.0,0.0,0.0,0.0,0.0,25.0,0.0,104.0,11.0,26.0,0.423,4.0,11.0,0.364,7.0,15.0,0.467,0.5,0.0,0.0,0.0,7.0,10.0,17.0,2.0,3.0,1.0,2.0,16.0,26.0,0.0,7.8,0.5,0.423,0.0,7.7,10.8,9.2,2.6,1.4,0.9,7.1,12.0,0.1,0.1,0.1,0.066,-3.8,-1.3,-5.1,-0.1,0.0,2018
515,Derrick Williams,4.5,0.5,2.0,0.25,0.0,1.0,0.0,0.5,1.0,0.5,0.25,0.0,0.0,0.0,0.0,0.5,0.5,0.0,0.0,0.0,0.0,0.0,1.0,0.0,0.0,1010.0,0.0,0.0,0.0,0.0,0.0,0.0,0.0,0.0,0.0,0.0,0.0,0.0,0.0,2.0,0.0,9.0,1.0,4.0,0.25,0.0,2.0,0.0,1.0,2.0,0.5,0.25,0.0,0.0,0.0,0.0,1.0,1.0,0.0,0.0,0.0,0.0,0.0,2.0,0.0,-3.2,0.25,0.5,0.0,0.0,11.7,5.9,0.0,0.0,0.0,0.0,18.9,0.0,0.0,0.0,-0.191,-9.8,-7.0,-16.8,0.0,0.0,2018
516,D.J. Wilson,3.2,0.4,0.7,0.563,0.1,0.2,0.4,0.3,0.5,0.636,0.625,0.0,0.1,0.5,0.1,0.4,0.5,0.1,0.1,0.0,0.2,0.3,1.0,0.0,0.0,1010.0,0.0,0.0,0.0,0.0,0.0,0.0,0.0,0.0,0.0,0.0,0.0,0.0,0.0,22.0,0.0,71.0,9.0,16.0,0.563,2.0,5.0,0.4,7.0,11.0,0.636,0.625,1.0,2.0,0.5,2.0,8.0,10.0,3.0,3.0,1.0,4.0,7.0,21.0,0.0,10.3,0.622,0.313,0.125,3.3,13.2,8.3,6.1,2.1,1.2,19.2,13.3,0.0,0.1,0.1,0.054,-2.0,0.0,-2.0,0.0,0.0,2018
517,Tony Bradley,3.2,0.3,1.2,0.273,0.0,0.1,0.0,0.3,1.1,0.3,0.273,0.2,0.2,1.0,0.4,0.8,1.2,0.1,0.0,0.0,0.0,0.1,0.9,0.0,0.0,1010.0,0.0,0.0,0.0,0.0,0.0,0.0,0.0,0.0,0.0,0.0,0.0,0.0,0.0,9.0,0.0,29.0,3.0,11.0,0.273,0.0,1.0,0.0,3.0,10.0,0.3,0.273,2.0,2.0,1.0,4.0,7.0,11.0,1.0,0.0,0.0,0.0,1.0,8.0,0.0,9.5,0.337,0.091,0.182,15.8,27.1,21.5,5.0,0.0,0.0,0.0,18.4,0.0,0.0,0.0,0.033,-3.0,-4.5,-7.5,0.0,0.0,2018
518,Julyan Stone,7.6,0.3,0.6,0.462,0.3,0.6,0.462,0.0,0.0,0.0,0.692,0.0,0.1,0.5,0.0,1.2,1.3,1.1,0.2,0.1,0.3,0.9,0.8,0.0,0.0,1010.0,0.0,0.0,0.0,0.0,0.0,0.0,0.0,0.0,0.0,0.0,0.0,0.0,0.0,23.0,0.0,175.0,6.0,13.0,0.462,6.0,13.0,0.462,0.0,0.0,0.0,0.692,1.0,2.0,0.5,1.0,28.0,29.0,26.0,4.0,2.0,7.0,21.0,19.0,0.0,7.6,0.684,1.0,0.154,0.6,17.6,9.0,19.2,1.1,1.0,33.5,5.2,0.2,0.2,0.3,0.087,-3.2,1.9,-1.3,0.0,0.0,2018
519,Jacob Wiley,6.6,0.2,0.8,0.25,0.2,0.4,0.5,0.0,0.4,0.0,0.375,0.2,0.4,0.5,0.4,1.8,2.2,0.4,0.2,0.0,0.0,0.8,0.8,0.0,0.0,1010.0,0.0,0.0,0.0,0.0,0.0,0.0,0.0,0.0,0.0,0.0,0.0,0.0,0.0,5.0,0.0,33.0,1.0,4.0,0.25,1.0,2.0,0.5,0.0,2.0,0.0,0.375,1.0,2.0,0.5,2.0,9.0,11.0,2.0,1.0,0.0,0.0,4.0,4.0,0.0,8.2,0.41,0.5,0.5,6.4,29.2,17.7,8.0,1.5,0.0,0.0,6.4,0.0,0.0,0.1,0.094,-3.6,1.4,-2.3,0.0,0.0,2018
520,Jacob Pullen,2.0,0.3,0.7,0.5,0.0,0.3,0.0,0.3,0.3,1.0,0.5,0.0,0.0,0.0,0.0,0.0,0.0,0.0,0.0,0.0,0.3,0.0,0.7,0.0,0.0,1010.0,0.0,0.0,0.0,0.0,0.0,0.0,0.0,0.0,0.0,0.0,0.0,0.0,0.0,3.0,0.0,6.0,1.0,2.0,0.5,0.0,1.0,0.0,1.0,1.0,1.0,0.5,0.0,0.0,0.0,0.0,0.0,0.0,0.0,0.0,0.0,1.0,0.0,2.0,0.0,-2.3,0.5,0.5,0.0,0.0,0.0,0.0,0.0,0.0,0.0,33.3,21.3,0.0,0.0,0.0,-0.21,-8.3,-4.4,-12.7,0.0,0.0,2018
521,Josh Smith,4.0,0.3,1.3,0.25,0.0,0.0,0.0,0.3,1.3,0.25,0.25,0.0,0.0,0.0,1.0,0.3,1.3,0.0,0.0,0.0,0.0,1.0,0.7,0.0,0.0,1010.0,0.0,0.0,0.0,0.0,0.0,0.0,0.0,0.0,0.0,0.0,0.0,0.0,0.0,3.0,0.0,12.0,1.0,4.0,0.25,0.0,0.0,0.0,1.0,4.0,0.25,0.25,0.0,0.0,0.0,3.0,1.0,4.0,0.0,0.0,0.0,0.0,3.0,2.0,0.0,3.5,0.25,0.0,0.0,28.1,8.7,18.1,0.0,0.0,0.0,0.0,14.4,0.0,0.0,0.0,-0.013,-8.4,-6.2,-14.6,0.0,0.0,2018
522,Cole Aldrich,2.3,0.2,0.7,0.333,0.0,0.0,0.0,0.2,0.7,0.333,0.333,0.1,0.3,0.333,0.1,0.6,0.7,0.1,0.1,0.0,0.0,0.5,0.6,0.0,0.0,1010.0,0.0,0.0,0.0,0.0,0.0,0.0,0.0,0.0,0.0,0.0,0.0,0.0,0.0,21.0,0.0,49.0,5.0,15.0,0.333,0.0,0.0,0.0,5.0,15.0,0.333,0.333,2.0,6.0,0.333,3.0,12.0,15.0,3.0,2.0,1.0,1.0,11.0,12.0,0.0,6.0,0.34,0.0,0.4,7.0,28.6,17.6,8.2,2.0,1.8,5.4,16.8,-0.1,0.1,0.0,-0.013,-6.8,-0.7,-7.5,-0.1,0.0,2018
523,Vander Blue,9.0,0.2,1.0,0.2,0.0,0.4,0.0,0.2,0.6,0.333,0.2,0.2,0.4,0.5,0.0,0.2,0.2,0.6,0.2,0.0,0.6,0.4,0.6,0.0,0.0,1010.0,0.0,0.0,0.0,0.0,0.0,0.0,0.0,0.0,0.0,0.0,0.0,0.0,0.0,5.0,0.0,45.0,1.0,5.0,0.2,0.0,2.0,0.0,1.0,3.0,0.333,0.2,1.0,2.0,0.5,0.0,1.0,1.0,3.0,1.0,0.0,3.0,2.0,3.0,0.0,-1.8,0.255,0.4,0.4,0.0,2.3,1.2,8.2,1.1,0.0,33.8,8.4,-0.1,0.0,-0.1,-0.103,-7.6,-0.7,-8.4,-0.1,0.0,2018
524,Udonis Haslem,5.1,0.2,1.1,0.2,0.1,0.6,0.125,0.1,0.5,0.286,0.233,0.1,0.1,0.5,0.2,0.5,0.7,0.4,0.0,0.1,0.1,0.2,0.6,0.0,0.0,1010.0,0.0,0.0,0.0,0.0,0.0,0.0,0.0,0.0,0.0,0.0,0.0,0.0,0.0,14.0,0.0,72.0,3.0,15.0,0.2,1.0,8.0,0.125,2.0,7.0,0.286,0.233,1.0,2.0,0.5,3.0,7.0,10.0,5.0,0.0,2.0,2.0,3.0,8.0,0.0,1.8,0.252,0.533,0.133,4.7,10.9,7.8,9.2,0.0,2.4,11.2,11.1,-0.1,0.1,-0.1,-0.059,-5.9,-1.8,-7.7,-0.1,0.0,2018
525,Charles Cooke,2.9,0.2,1.1,0.143,0.1,0.6,0.125,0.1,0.5,0.167,0.179,0.1,0.2,0.5,0.0,0.2,0.2,0.1,0.1,0.0,0.1,0.0,0.5,0.0,0.0,1010.0,0.0,0.0,0.0,0.0,0.0,0.0,0.0,0.0,0.0,0.0,0.0,0.0,0.0,13.0,0.0,38.0,2.0,14.0,0.143,1.0,8.0,0.125,1.0,6.0,0.167,0.179,1.0,2.0,0.5,0.0,2.0,2.0,1.0,1.0,0.0,1.0,0.0,6.0,0.0,-5.1,0.202,0.571,0.143,0.0,5.5,2.9,3.2,1.3,0.0,6.3,18.1,-0.2,0.0,-0.2,-0.239,-10.4,-4.0,-14.4,-0.1,0.0,2018
526,Xavier Munford,3.5,0.2,1.0,0.167,0.0,0.3,0.0,0.2,0.7,0.25,0.167,0.2,0.3,0.5,0.2,0.0,0.2,0.7,0.2,0.0,0.3,0.7,0.5,0.0,0.0,1010.0,0.0,0.0,0.0,0.0,0.0,0.0,0.0,0.0,0.0,0.0,0.0,0.0,0.0,6.0,0.0,21.0,1.0,6.0,0.167,0.0,2.0,0.0,1.0,4.0,0.25,0.167,1.0,2.0,0.5,1.0,0.0,1.0,4.0,1.0,0.0,2.0,4.0,3.0,0.0,-2.1,0.218,0.333,0.333,5.6,0.0,2.8,24.6,2.4,0.0,22.5,19.1,-0.1,0.0,-0.1,-0.197,-9.3,-2.0,-11.3,0.0,0.0,2018
527,London Perrantes,4.7,0.1,0.9,0.154,0.0,0.2,0.0,0.1,0.7,0.2,0.154,0.2,0.4,0.6,0.1,0.2,0.3,0.4,0.1,0.1,0.1,0.4,0.5,0.0,0.0,1010.0,0.0,0.0,0.0,0.0,0.0,0.0,0.0,0.0,0.0,0.0,0.0,0.0,0.0,14.0,0.0,66.0,2.0,13.0,0.154,0.0,3.0,0.0,2.0,10.0,0.2,0.154,3.0,5.0,0.6,1.0,3.0,4.0,5.0,2.0,1.0,1.0,6.0,7.0,0.0,0.7,0.23,0.231,0.385,1.7,5.0,3.4,9.4,1.5,1.3,6.2,10.9,-0.1,0.0,-0.1,-0.086,-8.3,-0.9,-9.2,-0.1,0.0,2018
528,Nate Wolters,3.8,0.2,1.2,0.167,0.0,0.0,0.0,0.2,1.2,0.167,0.167,0.0,0.0,0.0,0.2,0.2,0.4,0.2,0.0,0.0,0.0,0.2,0.4,0.0,0.0,1010.0,0.0,0.0,0.0,0.0,0.0,0.0,0.0,0.0,0.0,0.0,0.0,0.0,0.0,5.0,0.0,19.0,1.0,6.0,0.167,0.0,0.0,0.0,1.0,6.0,0.167,0.167,0.0,0.0,0.0,1.0,1.0,2.0,1.0,0.0,0.0,0.0,1.0,2.0,0.0,-2.9,0.167,0.0,0.0,6.0,5.9,6.0,7.1,0.0,0.0,0.0,14.2,-0.1,0.0,-0.1,-0.137,-9.4,-3.4,-12.8,-0.1,0.0,2018
529,Chris Boucher,1.0,0.0,1.0,0.0,0.0,1.0,0.0,0.0,0.0,0.0,0.0,0.0,0.0,0.0,0.0,1.0,1.0,0.0,0.0,0.0,0.0,0.0,0.0,0.0,0.0,1010.0,0.0,0.0,0.0,0.0,0.0,0.0,0.0,0.0,0.0,0.0,0.0,0.0,0.0,1.0,0.0,1.0,0.0,1.0,0.0,0.0,1.0,0.0,0.0,0.0,0.0,0.0,0.0,0.0,0.0,0.0,1.0,1.0,0.0,0.0,0.0,0.0,0.0,0.0,0.0,-28.5,0.0,1.0,0.0,0.0,100.0,55.9,0.0,0.0,0.0,0.0,43.9,0.0,0.0,0.0,-0.899,-21.7,-11.4,-33.1,0.0,0.0,2018
530,Nicolás Brussino,2.5,0.0,0.5,0.0,0.0,0.5,0.0,0.0,0.0,0.0,0.0,0.0,0.0,0.0,0.0,0.8,0.8,0.0,0.0,0.0,0.0,0.0,0.0,0.0,0.0,1010.0,0.0,0.0,0.0,0.0,0.0,0.0,0.0,0.0,0.0,0.0,0.0,0.0,0.0,4.0,0.0,10.0,0.0,2.0,0.0,0.0,2.0,0.0,0.0,0.0,0.0,0.0,0.0,0.0,0.0,0.0,3.0,3.0,0.0,0.0,0.0,0.0,0.0,0.0,0.0,-4.6,0.0,1.0,0.0,0.0,33.5,16.7,0.0,0.0,0.0,0.0,8.7,0.0,0.0,0.0,-0.18,-8.1,-3.2,-11.3,0.0,0.0,2018
531,Jarell Eddie,3.0,0.0,0.7,0.0,0.0,0.7,0.0,0.0,0.0,0.0,0.0,0.0,0.0,0.0,0.0,0.3,0.3,0.0,0.3,0.0,0.0,0.0,0.0,0.0,0.0,1010.0,0.0,0.0,0.0,0.0,0.0,0.0,0.0,0.0,0.0,0.0,0.0,0.0,0.0,3.0,0.0,9.0,0.0,2.0,0.0,0.0,2.0,0.0,0.0,0.0,0.0,0.0,0.0,0.0,0.0,0.0,1.0,1.0,0.0,1.0,0.0,0.0,0.0,0.0,0.0,-1.9,0.0,1.0,0.0,0.0,12.0,6.1,0.0,5.6,0.0,0.0,9.8,0.0,0.0,0.0,-0.142,-9.1,0.8,-8.3,0.0,0.0,2018
532,Mindaugas Kuzminskas,2.0,0.0,2.0,0.0,0.0,0.0,0.0,0.0,2.0,0.0,0.0,0.0,0.0,0.0,0.0,0.0,0.0,0.0,0.0,0.0,0.0,0.0,0.0,0.0,0.0,1010.0,0.0,0.0,0.0,0.0,0.0,0.0,0.0,0.0,0.0,0.0,0.0,0.0,0.0,1.0,0.0,2.0,0.0,2.0,0.0,0.0,0.0,0.0,0.0,2.0,0.0,0.0,0.0,0.0,0.0,0.0,0.0,0.0,0.0,0.0,0.0,0.0,0.0,0.0,0.0,-41.1,0.0,0.0,0.0,0.0,0.0,0.0,0.0,0.0,0.0,0.0,43.7,0.0,0.0,0.0,-1.065,-33.0,-21.7,-54.7,0.0,0.0,2018
533,Tyler Lydon,2.0,0.0,0.0,0.0,0.0,0.0,0.0,0.0,0.0,0.0,0.0,0.0,0.0,0.0,0.0,0.0,0.0,0.0,0.0,0.0,0.0,0.0,0.0,0.0,0.0,1010.0,0.0,0.0,0.0,0.0,0.0,0.0,0.0,0.0,0.0,0.0,0.0,0.0,0.0,1.0,0.0,2.0,0.0,0.0,0.0,0.0,0.0,0.0,0.0,0.0,0.0,0.0,0.0,0.0,0.0,0.0,0.0,0.0,0.0,0.0,0.0,0.0,0.0,0.0,0.0,0.0,0.0,0.0,0.0,0.0,0.0,0.0,0.0,0.0,0.0,0.0,0.0,0.0,0.0,0.0,-0.014,-3.9,-1.6,-5.4,0.0,0.0,2018
534,Erik McCree,2.0,0.0,0.5,0.0,0.0,0.3,0.0,0.0,0.3,0.0,0.0,0.0,0.0,0.0,0.0,0.3,0.3,0.0,0.3,0.0,0.3,0.0,0.0,0.0,0.0,1010.0,0.0,0.0,0.0,0.0,0.0,0.0,0.0,0.0,0.0,0.0,0.0,0.0,0.0,4.0,0.0,8.0,0.0,2.0,0.0,0.0,1.0,0.0,0.0,1.0,0.0,0.0,0.0,0.0,0.0,0.0,1.0,1.0,0.0,1.0,0.0,1.0,0.0,0.0,0.0,-8.9,0.0,0.5,0.0,0.0,14.0,7.1,0.0,6.3,0.0,33.3,16.9,-0.1,0.0,-0.1,-0.334,-14.7,1.0,-13.7,0.0,0.0,2018
535,Trey McKinney-Jones,1.0,0.0,0.0,0.0,0.0,0.0,0.0,0.0,0.0,0.0,0.0,0.0,0.0,0.0,0.0,0.0,0.0,0.0,0.0,0.0,0.0,0.0,0.0,0.0,0.0,1010.0,0.0,0.0,0.0,0.0,0.0,0.0,0.0,0.0,0.0,0.0,0.0,0.0,0.0,1.0,0.0,1.0,0.0,0.0,0.0,0.0,0.0,0.0,0.0,0.0,0.0,0.0,0.0,0.0,0.0,0.0,0.0,0.0,0.0,0.0,0.0,0.0,0.0,0.0,0.0,0.0,0.0,0.0,0.0,0.0,0.0,0.0,0.0,0.0,0.0,0.0,0.0,0.0,0.0,0.0,-0.001,-6.2,-2.3,-8.5,0.0,0.0,2018
536,Josh McRoberts,3.0,0.0,0.5,0.0,0.0,0.5,0.0,0.0,0.0,0.0,0.0,0.0,0.0,0.0,0.0,0.0,0.0,0.0,0.0,0.0,0.0,1.0,0.0,0.0,0.0,1010.0,0.0,0.0,0.0,0.0,0.0,0.0,0.0,0.0,0.0,0.0,0.0,0.0,0.0,2.0,0.0,6.0,0.0,1.0,0.0,0.0,1.0,0.0,0.0,0.0,0.0,0.0,0.0,0.0,0.0,0.0,0.0,0.0,0.0,0.0,0.0,0.0,2.0,0.0,0.0,-12.5,0.0,1.0,0.0,0.0,0.0,0.0,0.0,0.0,0.0,0.0,7.6,0.0,0.0,0.0,-0.19,-17.9,-3.6,-21.4,0.0,0.0,2018
537,Luis Montero,4.0,0.0,0.5,0.0,0.0,0.0,0.0,0.0,0.5,0.0,0.0,0.0,0.0,0.0,0.0,1.0,1.0,0.0,0.0,0.0,1.0,0.0,0.0,0.0,0.0,1010.0,0.0,0.0,0.0,0.0,0.0,0.0,0.0,0.0,0.0,0.0,0.0,0.0,0.0,2.0,0.0,8.0,0.0,1.0,0.0,0.0,0.0,0.0,0.0,1.0,0.0,0.0,0.0,0.0,0.0,0.0,2.0,2.0,0.0,0.0,0.0,2.0,0.0,0.0,0.0,-15.5,0.0,0.0,0.0,0.0,28.2,13.8,0.0,0.0,0.0,66.7,16.6,-0.1,0.0,-0.1,-0.445,-19.0,-6.6,-25.6,0.0,0.0,2018
538,Ben Moore,4.5,0.0,0.0,0.0,0.0,0.0,0.0,0.0,0.0,0.0,0.0,0.0,0.0,0.0,0.0,0.5,0.5,0.5,0.0,0.0,0.0,2.0,0.0,0.0,0.0,1010.0,0.0,0.0,0.0,0.0,0.0,0.0,0.0,0.0,0.0,0.0,0.0,0.0,0.0,2.0,0.0,9.0,0.0,0.0,0.0,0.0,0.0,0.0,0.0,0.0,0.0,0.0,0.0,0.0,0.0,0.0,1.0,1.0,1.0,0.0,0.0,0.0,4.0,0.0,0.0,-2.3,0.0,0.0,0.0,0.0,12.5,6.3,13.1,0.0,0.0,0.0,0.0,0.0,0.0,0.0,0.072,-10.5,1.3,-9.3,0.0,0.0,2018
539,Xavier Silas,3.5,0.0,1.5,0.0,0.0,1.0,0.0,0.0,0.5,0.0,0.0,0.0,0.0,0.0,0.5,0.5,1.0,0.0,0.5,0.0,0.0,0.5,0.0,0.0,0.0,1010.0,0.0,0.0,0.0,0.0,0.0,0.0,0.0,0.0,0.0,0.0,0.0,0.0,0.0,2.0,0.0,7.0,0.0,3.0,0.0,0.0,2.0,0.0,0.0,1.0,0.0,0.0,0.0,0.0,0.0,1.0,1.0,2.0,0.0,1.0,0.0,0.0,1.0,0.0,0.0,-4.9,0.0,0.667,0.0,15.8,15.4,15.6,0.0,7.1,0.0,0.0,19.1,-0.1,0.0,0.0,-0.25,-11.7,3.5,-8.1,0.0,0.0,2018
