,Player,MPPG,FGPG,FGAPG,FG%PG,3PPG,3PAPG,3P%PG,2PPG,2PAPG,2P%PG,eFG%PG,FTPG,FTAPG,FT%PG,ORBPG,DRBPG,TRBPG,ASTPG,STLPG,BLKPG,TOVPG,PFPG,PTSPG,First,Pts Won,Pts Max,Share,G_x,MP_x,PTS_x,TRB_x,AST_x,STL_x,BLK_x,FG%_x,3P%_x,FT%_x,WS_x,WS/48_x,G_y,GS,MP_y,FG,FGA,FG%_y,3P,3PA,3P%_y,2P,2PA,2P%,eFG%,FT,FTA,FT%_y,ORB,DRB,TRB_y,AST_y,STL_y,BLK_y,TOV,PF,PTS_y,Trp-Dbl,PER,TS%,3PAr,FTr,ORB%,DRB%,TRB%,AST%,STL%,BLK%,TOV%,USG%,OWS,DWS,WS_y,WS/48_y,OBPM,DBPM,BPM,VORP,First Pts Share,Year
0,James Harden,36.5,9.9,22.3,0.444,4.4,12.4,0.355,5.5,9.9,0.556,0.543,10.2,11.8,0.865,1.0,5.5,6.6,7.5,1.8,0.9,4.5,3.3,34.3,0.0,367.0,1010.0,0.363,68.0,36.5,34.3,6.6,7.5,1.8,0.9,0.444,0.355,0.865,13.1,0.254,68.0,68.0,2483.0,672.0,1514.0,0.444,299.0,843.0,0.355,373.0,671.0,0.556,0.543,692.0,800.0,0.865,70.0,376.0,446.0,512.0,125.0,60.0,308.0,227.0,2335.0,4.0,29.1,0.626,0.557,0.528,2.9,16.0,9.4,35.9,2.3,2.1,14.2,36.3,9.9,3.2,13.1,0.254,8.1,1.6,9.6,7.3,0.0,2020
1,Bradley Beal,36.0,10.4,22.9,0.455,3.0,8.4,0.353,7.4,14.4,0.515,0.52,6.8,8.0,0.842,0.9,3.3,4.2,6.1,1.2,0.4,3.4,2.2,30.5,0.0,0.0,1010.0,0.0,0.0,0.0,0.0,0.0,0.0,0.0,0.0,0.0,0.0,0.0,0.0,0.0,57.0,57.0,2053.0,593.0,1303.0,0.455,170.0,481.0,0.353,423.0,822.0,0.515,0.52,385.0,457.0,0.842,52.0,190.0,242.0,347.0,71.0,23.0,194.0,126.0,1741.0,0.0,23.2,0.579,0.369,0.351,2.7,10.5,6.4,29.5,1.6,1.0,11.4,34.4,4.5,0.6,5.1,0.118,5.3,-2.4,2.9,2.5,0.0,2020
2,Damian Lillard,37.5,9.5,20.4,0.463,4.1,10.2,0.401,5.4,10.2,0.524,0.563,7.0,7.8,0.888,0.5,3.8,4.3,8.0,1.1,0.3,2.9,1.7,30.0,0.0,23.0,1010.0,0.023,66.0,37.5,30.0,4.3,8.0,1.1,0.3,0.463,0.401,0.888,11.6,0.225,66.0,66.0,2474.0,624.0,1349.0,0.463,270.0,674.0,0.401,354.0,675.0,0.524,0.563,460.0,518.0,0.888,33.0,251.0,284.0,530.0,70.0,22.0,194.0,114.0,1978.0,1.0,26.9,0.627,0.5,0.384,1.4,10.5,6.0,34.4,1.3,0.8,11.0,30.3,10.9,0.7,11.6,0.225,8.3,-0.9,7.5,5.9,0.0,2020
3,Trae Young,35.3,9.1,20.8,0.437,3.4,9.5,0.361,5.7,11.4,0.501,0.519,8.0,9.3,0.86,0.5,3.7,4.3,9.3,1.1,0.1,4.8,1.7,29.6,0.0,0.0,1010.0,0.0,0.0,0.0,0.0,0.0,0.0,0.0,0.0,0.0,0.0,0.0,0.0,0.0,60.0,60.0,2120.0,546.0,1249.0,0.437,205.0,568.0,0.361,341.0,681.0,0.501,0.519,481.0,559.0,0.86,32.0,223.0,255.0,560.0,65.0,8.0,289.0,104.0,1778.0,2.0,23.9,0.595,0.455,0.448,1.6,11.5,6.5,45.6,1.4,0.3,16.2,34.9,5.3,0.6,5.9,0.133,6.2,-2.3,3.9,3.1,0.0,2020
4,Giannis Antetokounmpo,30.4,10.9,19.7,0.553,1.4,4.7,0.304,9.5,15.0,0.631,0.589,6.3,10.0,0.633,2.2,11.4,13.6,5.6,1.0,1.0,3.7,3.1,29.5,85.0,962.0,1010.0,0.952,63.0,30.4,29.5,13.6,5.6,1.0,1.0,0.553,0.304,0.633,11.1,0.279,63.0,63.0,1917.0,685.0,1238.0,0.553,89.0,293.0,0.304,596.0,945.0,0.631,0.589,398.0,629.0,0.633,140.0,716.0,856.0,354.0,61.0,66.0,230.0,195.0,1857.0,4.0,31.9,0.613,0.237,0.508,7.7,34.8,22.1,34.2,1.5,3.0,13.2,37.5,6.1,5.0,11.1,0.279,7.4,4.1,11.5,6.6,0.08415841584158416,2020
5,Luka Dončić,33.6,9.5,20.6,0.463,2.8,8.9,0.316,6.7,11.7,0.574,0.531,7.0,9.2,0.758,1.3,8.1,9.4,8.8,1.0,0.2,4.3,2.5,28.8,0.0,200.0,1010.0,0.198,61.0,33.6,28.8,9.4,8.8,1.0,0.2,0.463,0.316,0.758,8.8,0.207,61.0,61.0,2047.0,581.0,1255.0,0.463,171.0,541.0,0.316,410.0,714.0,0.574,0.531,426.0,562.0,0.758,78.0,495.0,573.0,538.0,62.0,14.0,260.0,153.0,1759.0,17.0,27.6,0.585,0.431,0.448,4.1,25.0,14.7,45.7,1.5,0.6,14.8,36.8,6.5,2.3,8.8,0.207,7.4,1.0,8.4,5.4,0.0,2020
6,Kyrie Irving,32.9,10.0,20.8,0.478,2.8,7.1,0.394,7.2,13.7,0.522,0.546,4.7,5.1,0.922,1.1,4.1,5.2,6.4,1.4,0.5,2.6,2.7,27.4,0.0,0.0,1010.0,0.0,0.0,0.0,0.0,0.0,0.0,0.0,0.0,0.0,0.0,0.0,0.0,0.0,20.0,20.0,658.0,199.0,416.0,0.478,56.0,142.0,0.394,143.0,274.0,0.522,0.546,94.0,102.0,0.922,22.0,81.0,103.0,128.0,27.0,10.0,52.0,53.0,548.0,1.0,26.2,0.595,0.341,0.245,3.5,12.5,8.1,36.7,1.9,1.3,10.1,32.6,2.1,0.8,2.9,0.21,6.7,0.9,7.7,1.6,0.0,2020
7,Russell Westbrook,35.9,10.6,22.5,0.472,1.0,3.7,0.258,9.6,18.7,0.514,0.493,5.1,6.7,0.763,1.8,6.2,7.9,7.0,1.6,0.4,4.5,3.5,27.2,0.0,0.0,1010.0,0.0,0.0,0.0,0.0,0.0,0.0,0.0,0.0,0.0,0.0,0.0,0.0,0.0,57.0,57.0,2049.0,604.0,1281.0,0.472,55.0,213.0,0.258,549.0,1068.0,0.514,0.493,290.0,380.0,0.763,100.0,351.0,451.0,401.0,93.0,20.0,255.0,200.0,1553.0,8.0,21.0,0.536,0.166,0.297,5.1,18.1,11.5,35.6,2.1,0.8,15.0,34.4,1.7,2.5,4.2,0.098,1.6,-0.1,1.5,1.8,0.0,2020
8,Kawhi Leonard,32.4,9.3,19.9,0.47,2.2,5.7,0.378,7.2,14.2,0.506,0.524,6.2,7.1,0.886,0.9,6.1,7.1,4.9,1.8,0.6,2.6,2.0,27.1,0.0,168.0,1010.0,0.166,57.0,32.4,27.1,7.1,4.9,1.8,0.6,0.47,0.378,0.886,8.7,0.226,57.0,57.0,1848.0,532.0,1133.0,0.47,123.0,325.0,0.378,409.0,808.0,0.506,0.524,356.0,402.0,0.886,54.0,348.0,402.0,280.0,103.0,33.0,149.0,113.0,1543.0,1.0,26.9,0.589,0.287,0.355,3.1,19.1,11.3,26.4,2.6,1.6,10.2,33.0,5.4,3.3,8.7,0.226,6.5,2.4,8.9,5.1,0.0,2020
9,Devin Booker,35.9,9.0,18.3,0.489,2.0,5.7,0.354,6.9,12.6,0.549,0.544,6.7,7.3,0.919,0.4,3.8,4.2,6.5,0.7,0.3,3.8,3.0,26.6,0.0,0.0,1010.0,0.0,0.0,0.0,0.0,0.0,0.0,0.0,0.0,0.0,0.0,0.0,0.0,0.0,70.0,70.0,2512.0,627.0,1283.0,0.489,141.0,398.0,0.354,486.0,885.0,0.549,0.544,468.0,509.0,0.919,29.0,268.0,297.0,456.0,49.0,18.0,264.0,213.0,1863.0,0.0,20.6,0.618,0.31,0.397,1.3,12.0,6.6,30.0,0.9,0.6,14.9,30.0,6.0,1.5,7.5,0.143,3.4,-1.3,2.2,2.6,0.0,2020
10,Karl-Anthony Towns,33.9,9.0,17.8,0.508,3.3,7.9,0.412,5.8,9.9,0.586,0.6,5.1,6.5,0.796,2.7,8.1,10.8,4.4,0.9,1.2,3.1,3.3,26.5,0.0,0.0,1010.0,0.0,0.0,0.0,0.0,0.0,0.0,0.0,0.0,0.0,0.0,0.0,0.0,0.0,35.0,35.0,1187.0,316.0,622.0,0.508,114.0,277.0,0.412,202.0,345.0,0.586,0.6,180.0,226.0,0.796,95.0,283.0,378.0,153.0,33.0,42.0,110.0,117.0,926.0,0.0,26.5,0.642,0.445,0.363,8.1,26.1,16.8,22.8,1.3,2.9,13.2,28.8,3.7,1.3,5.1,0.204,7.0,0.8,7.8,2.9,0.0,2020
11,Anthony Davis,34.4,8.9,17.7,0.503,1.2,3.5,0.33,7.7,14.2,0.546,0.536,7.2,8.5,0.846,2.3,7.0,9.3,3.2,1.5,2.3,2.5,2.5,26.1,0.0,82.0,1010.0,0.081,62.0,34.4,26.1,9.3,3.2,1.5,2.3,0.503,0.33,0.846,11.1,0.25,62.0,62.0,2131.0,551.0,1096.0,0.503,72.0,218.0,0.33,479.0,878.0,0.546,0.536,444.0,525.0,0.846,142.0,435.0,577.0,200.0,91.0,143.0,154.0,156.0,1618.0,0.0,27.4,0.61,0.199,0.479,7.4,22.1,14.8,15.1,2.0,6.0,10.4,29.3,6.7,4.4,11.1,0.25,5.4,2.6,8.0,5.4,0.0,2020
12,Zach LaVine,34.8,9.0,20.0,0.45,3.1,8.1,0.38,5.9,11.9,0.497,0.526,4.5,5.6,0.802,0.7,4.1,4.8,4.2,1.5,0.5,3.4,2.2,25.5,0.0,0.0,1010.0,0.0,0.0,0.0,0.0,0.0,0.0,0.0,0.0,0.0,0.0,0.0,0.0,0.0,60.0,60.0,2085.0,539.0,1199.0,0.45,184.0,484.0,0.38,355.0,715.0,0.497,0.526,268.0,334.0,0.802,41.0,248.0,289.0,254.0,88.0,28.0,206.0,131.0,1530.0,0.0,19.4,0.568,0.404,0.279,2.1,13.8,7.7,21.7,2.0,1.3,13.3,31.7,1.8,2.2,4.0,0.091,3.3,-0.8,2.5,2.4,0.0,2020
13,LeBron James,34.6,9.6,19.4,0.493,2.2,6.3,0.348,7.4,13.1,0.564,0.55,3.9,5.7,0.693,1.0,6.9,7.8,10.2,1.2,0.5,3.9,1.8,25.3,16.0,753.0,1010.0,0.746,67.0,34.6,25.3,7.8,10.2,1.2,0.5,0.493,0.348,0.693,9.8,0.204,67.0,67.0,2316.0,643.0,1303.0,0.493,148.0,425.0,0.348,495.0,878.0,0.564,0.55,264.0,381.0,0.693,66.0,459.0,525.0,684.0,78.0,36.0,261.0,118.0,1698.0,13.0,25.5,0.577,0.326,0.292,3.2,21.5,12.4,49.1,1.6,1.4,15.1,31.5,6.2,3.6,9.8,0.204,6.6,1.8,8.4,6.1,0.015841584158415842,2020
14,Donovan Mitchell,34.3,8.7,19.4,0.449,2.5,6.9,0.366,6.2,12.6,0.494,0.513,4.0,4.7,0.863,0.8,3.6,4.4,4.3,1.0,0.2,2.7,2.5,24.0,0.0,0.0,1010.0,0.0,0.0,0.0,0.0,0.0,0.0,0.0,0.0,0.0,0.0,0.0,0.0,0.0,69.0,69.0,2364.0,602.0,1342.0,0.449,173.0,473.0,0.366,429.0,869.0,0.494,0.513,278.0,322.0,0.863,53.0,251.0,304.0,294.0,70.0,14.0,184.0,172.0,1655.0,0.0,18.8,0.558,0.352,0.24,2.6,11.3,7.1,21.6,1.4,0.5,11.0,30.8,3.2,2.2,5.4,0.11,2.4,-0.6,1.9,2.3,0.0,2020
15,Brandon Ingram,33.9,8.2,17.7,0.463,2.4,6.2,0.391,5.8,11.5,0.501,0.531,5.0,5.9,0.851,0.8,5.3,6.1,4.2,1.0,0.6,3.0,2.9,23.8,0.0,0.0,1010.0,0.0,0.0,0.0,0.0,0.0,0.0,0.0,0.0,0.0,0.0,0.0,0.0,0.0,62.0,62.0,2104.0,507.0,1096.0,0.463,150.0,384.0,0.391,357.0,712.0,0.501,0.531,313.0,368.0,0.851,51.0,329.0,380.0,259.0,61.0,38.0,189.0,179.0,1477.0,0.0,18.8,0.587,0.35,0.336,2.6,16.6,9.6,19.3,1.3,1.5,13.1,28.1,3.3,1.8,5.1,0.115,2.5,-0.4,2.1,2.2,0.0,2020
16,Jayson Tatum,34.3,8.4,18.6,0.45,2.9,7.1,0.403,5.5,11.5,0.48,0.527,3.8,4.7,0.812,1.0,6.0,7.0,3.0,1.4,0.9,2.3,2.1,23.4,0.0,1.0,1010.0,0.001,66.0,34.3,23.4,7.0,3.0,1.4,0.9,0.45,0.403,0.812,6.9,0.146,66.0,66.0,2265.0,552.0,1226.0,0.45,189.0,469.0,0.403,363.0,757.0,0.48,0.527,254.0,313.0,0.812,64.0,396.0,460.0,200.0,93.0,57.0,155.0,136.0,1547.0,0.0,20.4,0.567,0.383,0.255,3.1,18.5,10.9,14.5,2.0,2.3,10.2,28.6,3.2,3.7,6.9,0.146,3.5,0.6,4.0,3.4,0.0,2020
17,D'Angelo Russell,32.3,8.0,18.8,0.426,3.5,9.6,0.367,4.5,9.2,0.487,0.519,3.6,4.4,0.809,0.4,3.6,3.9,6.3,1.1,0.3,3.3,1.9,23.1,0.0,0.0,1010.0,0.0,0.0,0.0,0.0,0.0,0.0,0.0,0.0,0.0,0.0,0.0,0.0,0.0,45.0,45.0,1452.0,360.0,846.0,0.426,158.0,431.0,0.367,202.0,415.0,0.487,0.519,161.0,199.0,0.809,17.0,160.0,177.0,285.0,48.0,13.0,147.0,86.0,1039.0,0.0,18.7,0.556,0.509,0.235,1.2,12.3,6.6,35.2,1.6,0.8,13.6,31.5,1.1,0.7,1.8,0.06,3.8,-1.9,1.9,1.4,0.0,2020
18,Joel Embiid,29.5,7.5,15.7,0.477,1.1,3.4,0.331,6.4,12.3,0.517,0.512,6.9,8.5,0.807,2.8,8.9,11.6,3.0,0.9,1.3,3.1,3.4,23.0,0.0,0.0,1010.0,0.0,0.0,0.0,0.0,0.0,0.0,0.0,0.0,0.0,0.0,0.0,0.0,0.0,51.0,51.0,1506.0,382.0,801.0,0.477,57.0,172.0,0.331,325.0,629.0,0.517,0.512,351.0,435.0,0.807,141.0,452.0,593.0,152.0,45.0,65.0,159.0,174.0,1172.0,0.0,25.8,0.59,0.215,0.543,10.3,33.2,21.7,16.9,1.4,3.7,13.8,32.9,3.3,2.7,6.0,0.192,3.7,1.0,4.7,2.5,0.0,2020
19,Pascal Siakam,35.2,8.3,18.4,0.453,2.2,6.1,0.359,6.2,12.3,0.499,0.512,4.0,5.1,0.792,1.1,6.3,7.3,3.5,1.0,0.9,2.5,2.8,22.9,0.0,17.0,1010.0,0.017,60.0,35.2,22.9,7.3,3.5,1.0,0.9,0.453,0.359,0.792,5.4,0.123,60.0,60.0,2110.0,500.0,1104.0,0.453,131.0,365.0,0.359,369.0,739.0,0.499,0.512,240.0,303.0,0.792,64.0,375.0,439.0,207.0,61.0,53.0,148.0,170.0,1371.0,0.0,17.9,0.554,0.331,0.274,3.3,18.3,11.0,16.4,1.4,2.5,10.7,28.1,1.8,3.6,5.4,0.123,1.3,0.5,1.8,2.0,0.0,2020
20,Zion Williamson,27.8,8.8,15.0,0.583,0.3,0.6,0.429,8.5,14.4,0.59,0.592,4.8,7.4,0.64,2.7,3.6,6.3,2.1,0.7,0.4,2.5,1.8,22.5,0.0,0.0,1010.0,0.0,0.0,0.0,0.0,0.0,0.0,0.0,0.0,0.0,0.0,0.0,0.0,0.0,24.0,24.0,668.0,210.0,360.0,0.583,6.0,14.0,0.429,204.0,346.0,0.59,0.592,114.0,178.0,0.64,64.0,86.0,150.0,50.0,16.0,9.0,59.0,42.0,540.0,0.0,24.1,0.616,0.039,0.494,10.1,13.7,11.9,13.3,1.1,1.1,11.9,30.5,1.5,0.4,2.0,0.141,3.5,-1.4,2.1,0.7,0.0,2020
21,CJ McCollum,36.5,8.7,19.4,0.451,2.8,7.3,0.379,6.0,12.1,0.494,0.522,2.0,2.6,0.757,0.7,3.6,4.2,4.4,0.8,0.6,1.8,2.6,22.2,0.0,0.0,1010.0,0.0,0.0,0.0,0.0,0.0,0.0,0.0,0.0,0.0,0.0,0.0,0.0,0.0,70.0,70.0,2556.0,611.0,1356.0,0.451,194.0,512.0,0.379,417.0,844.0,0.494,0.522,140.0,185.0,0.757,46.0,251.0,297.0,310.0,54.0,42.0,127.0,183.0,1556.0,0.0,17.0,0.541,0.378,0.136,1.9,10.2,6.1,19.1,1.0,1.4,8.1,25.9,3.5,0.6,4.1,0.077,2.3,-1.8,0.5,1.6,0.0,2020
22,DeMar DeRozan,34.1,8.2,15.4,0.531,0.1,0.5,0.257,8.1,14.9,0.54,0.535,5.6,6.6,0.845,0.6,4.9,5.5,5.6,1.0,0.3,2.4,2.6,22.1,0.0,0.0,1010.0,0.0,0.0,0.0,0.0,0.0,0.0,0.0,0.0,0.0,0.0,0.0,0.0,0.0,68.0,68.0,2316.0,557.0,1049.0,0.531,9.0,35.0,0.257,548.0,1014.0,0.54,0.535,381.0,451.0,0.845,44.0,331.0,375.0,380.0,70.0,20.0,164.0,180.0,1504.0,0.0,21.6,0.603,0.033,0.43,2.0,15.4,8.7,26.1,1.4,0.8,11.6,26.3,5.9,1.3,7.3,0.151,2.3,-0.4,1.9,2.3,0.0,2020
23,Andrew Wiggins,34.4,8.1,18.1,0.447,2.1,6.2,0.332,6.0,11.9,0.506,0.504,3.5,5.0,0.709,1.2,3.9,5.1,3.7,0.8,1.0,2.4,2.4,21.8,0.0,0.0,1010.0,0.0,0.0,0.0,0.0,0.0,0.0,0.0,0.0,0.0,0.0,0.0,0.0,0.0,54.0,54.0,1858.0,437.0,978.0,0.447,111.0,334.0,0.332,326.0,644.0,0.506,0.504,190.0,268.0,0.709,66.0,208.0,274.0,198.0,45.0,53.0,132.0,127.0,1175.0,1.0,16.4,0.536,0.342,0.274,3.6,12.3,7.8,18.1,1.1,2.4,10.7,27.4,0.8,1.1,1.9,0.05,1.1,-1.4,-0.3,0.8,0.0,2020
24,John Collins,33.2,8.6,14.8,0.583,1.4,3.6,0.401,7.2,11.2,0.642,0.632,2.9,3.7,0.8,2.8,7.3,10.1,1.5,0.8,1.6,1.8,3.4,21.6,0.0,0.0,1010.0,0.0,0.0,0.0,0.0,0.0,0.0,0.0,0.0,0.0,0.0,0.0,0.0,0.0,41.0,41.0,1363.0,353.0,605.0,0.583,59.0,147.0,0.401,294.0,458.0,0.642,0.632,120.0,150.0,0.8,116.0,300.0,416.0,60.0,31.0,66.0,75.0,138.0,885.0,0.0,23.5,0.659,0.243,0.248,9.0,24.0,16.4,7.6,1.1,4.1,10.1,22.7,3.8,1.2,4.9,0.174,3.7,-0.6,3.1,1.7,0.0,2020
25,Paul George,29.6,7.1,16.3,0.439,3.3,7.9,0.412,3.9,8.4,0.464,0.539,4.0,4.5,0.876,0.5,5.2,5.7,3.9,1.4,0.4,2.6,2.4,21.5,0.0,0.0,1010.0,0.0,0.0,0.0,0.0,0.0,0.0,0.0,0.0,0.0,0.0,0.0,0.0,0.0,48.0,48.0,1419.0,343.0,782.0,0.439,157.0,381.0,0.412,186.0,401.0,0.464,0.539,190.0,217.0,0.876,24.0,248.0,272.0,185.0,68.0,20.0,125.0,113.0,1033.0,0.0,21.1,0.589,0.487,0.277,1.8,17.7,10.0,21.1,2.3,1.2,12.5,29.6,2.5,2.3,4.8,0.161,3.8,1.1,4.9,2.5,0.0,2020
26,De'Aaron Fox,32.0,7.7,16.0,0.48,1.1,3.6,0.292,6.6,12.4,0.535,0.513,4.7,6.7,0.705,0.7,3.2,3.8,6.8,1.5,0.5,3.1,2.8,21.1,0.0,0.0,1010.0,0.0,0.0,0.0,0.0,0.0,0.0,0.0,0.0,0.0,0.0,0.0,0.0,0.0,51.0,49.0,1634.0,391.0,815.0,0.48,54.0,185.0,0.292,337.0,630.0,0.535,0.513,241.0,342.0,0.705,35.0,161.0,196.0,348.0,74.0,25.0,158.0,145.0,1077.0,0.0,20.6,0.558,0.227,0.42,2.4,11.4,6.8,35.3,2.2,1.5,14.1,29.8,2.6,1.4,4.0,0.118,2.3,-0.5,1.8,1.6,0.0,2020
27,Khris Middleton,29.9,7.6,15.3,0.497,2.4,5.7,0.415,5.2,9.6,0.546,0.575,3.4,3.7,0.916,0.7,5.5,6.2,4.3,0.9,0.1,2.2,2.3,20.9,0.0,0.0,1010.0,0.0,0.0,0.0,0.0,0.0,0.0,0.0,0.0,0.0,0.0,0.0,0.0,0.0,62.0,59.0,1853.0,471.0,947.0,0.497,147.0,354.0,0.415,324.0,593.0,0.546,0.575,208.0,227.0,0.916,44.0,338.0,382.0,265.0,53.0,7.0,137.0,142.0,1297.0,0.0,21.1,0.619,0.374,0.24,2.5,17.0,10.2,22.2,1.3,0.3,11.6,26.4,4.6,3.3,7.9,0.205,3.4,0.7,4.1,2.9,0.0,2020
28,Stephen Curry,27.8,6.6,16.4,0.402,2.4,9.8,0.245,4.2,6.6,0.636,0.476,5.2,5.2,1.0,0.8,4.4,5.2,6.6,1.0,0.4,3.2,2.2,20.8,0.0,0.0,1010.0,0.0,0.0,0.0,0.0,0.0,0.0,0.0,0.0,0.0,0.0,0.0,0.0,0.0,5.0,5.0,139.0,33.0,82.0,0.402,12.0,49.0,0.245,21.0,33.0,0.636,0.476,26.0,26.0,1.0,4.0,22.0,26.0,33.0,5.0,2.0,16.0,11.0,104.0,0.0,21.7,0.557,0.598,0.317,3.0,17.8,10.1,42.3,1.7,1.3,14.6,33.6,0.2,0.1,0.3,0.103,4.5,-0.6,3.9,0.2,0.0,2020
29,Collin Sexton,33.0,7.9,16.7,0.472,1.5,3.9,0.38,6.4,12.8,0.501,0.517,3.5,4.1,0.846,0.9,2.2,3.1,3.0,1.0,0.1,2.4,2.2,20.8,0.0,0.0,1010.0,0.0,0.0,0.0,0.0,0.0,0.0,0.0,0.0,0.0,0.0,0.0,0.0,0.0,65.0,65.0,2143.0,513.0,1086.0,0.472,97.0,255.0,0.38,416.0,831.0,0.501,0.517,226.0,267.0,0.846,61.0,143.0,204.0,192.0,65.0,7.0,158.0,142.0,1349.0,0.0,16.3,0.56,0.235,0.246,3.1,7.5,5.3,15.1,1.5,0.3,11.6,27.2,2.1,0.4,2.5,0.057,0.3,-2.1,-1.8,0.1,0.0,2020
30,Spencer Dinwiddie,31.2,6.6,16.0,0.415,1.9,6.3,0.308,4.7,9.7,0.485,0.476,5.4,7.0,0.778,0.5,3.0,3.5,6.8,0.6,0.3,2.7,2.8,20.6,0.0,0.0,1010.0,0.0,0.0,0.0,0.0,0.0,0.0,0.0,0.0,0.0,0.0,0.0,0.0,0.0,64.0,49.0,1994.0,424.0,1021.0,0.415,123.0,400.0,0.308,301.0,621.0,0.485,0.476,347.0,446.0,0.778,32.0,189.0,221.0,432.0,40.0,21.0,174.0,180.0,1318.0,0.0,17.8,0.541,0.392,0.437,1.7,9.6,5.7,35.0,0.9,0.9,12.5,29.2,3.2,1.6,4.8,0.116,2.7,-0.9,1.8,1.9,0.0,2020
31,Kristaps Porziņģis,31.8,7.0,16.4,0.427,2.5,7.1,0.352,4.5,9.3,0.484,0.503,4.0,5.0,0.799,1.8,7.7,9.5,1.8,0.7,2.0,1.6,3.2,20.4,0.0,0.0,1010.0,0.0,0.0,0.0,0.0,0.0,0.0,0.0,0.0,0.0,0.0,0.0,0.0,0.0,57.0,57.0,1814.0,398.0,932.0,0.427,142.0,403.0,0.352,256.0,529.0,0.484,0.503,226.0,283.0,0.799,100.0,440.0,540.0,102.0,41.0,115.0,92.0,185.0,1164.0,0.0,20.2,0.551,0.432,0.304,5.9,25.1,15.6,8.8,1.1,5.4,8.0,27.0,2.6,2.6,5.2,0.138,1.8,0.1,1.9,1.8,0.0,2020
32,Kemba Walker,31.1,6.8,15.9,0.425,3.2,8.4,0.381,3.5,7.4,0.476,0.526,3.7,4.3,0.864,0.6,3.2,3.9,4.8,0.9,0.5,2.1,1.6,20.4,0.0,0.0,1010.0,0.0,0.0,0.0,0.0,0.0,0.0,0.0,0.0,0.0,0.0,0.0,0.0,0.0,56.0,56.0,1742.0,378.0,889.0,0.425,180.0,473.0,0.381,198.0,416.0,0.476,0.526,209.0,242.0,0.864,36.0,181.0,217.0,268.0,48.0,28.0,117.0,91.0,1145.0,0.0,20.0,0.575,0.532,0.272,2.2,11.0,6.7,24.2,1.3,1.5,10.5,27.2,3.9,2.0,5.9,0.162,4.9,-0.3,4.6,2.9,0.0,2020
33,Jaylen Brown,33.9,7.5,15.6,0.481,2.3,5.9,0.382,5.2,9.6,0.543,0.554,3.1,4.3,0.724,1.1,5.3,6.4,2.1,1.1,0.4,2.2,2.9,20.3,0.0,0.0,1010.0,0.0,0.0,0.0,0.0,0.0,0.0,0.0,0.0,0.0,0.0,0.0,0.0,0.0,57.0,57.0,1934.0,427.0,887.0,0.481,129.0,338.0,0.382,298.0,549.0,0.543,0.554,176.0,243.0,0.724,62.0,302.0,364.0,118.0,65.0,20.0,125.0,167.0,1159.0,0.0,16.9,0.583,0.381,0.274,3.5,16.5,10.1,9.7,1.6,1.0,11.2,24.7,2.3,2.6,4.9,0.123,1.0,-0.2,0.8,1.4,0.0,2020
34,Bojan Bogdanović,33.1,6.6,14.8,0.447,3.0,7.3,0.414,3.6,7.6,0.479,0.548,4.0,4.4,0.903,0.6,3.5,4.1,2.1,0.5,0.1,2.5,1.7,20.2,0.0,0.0,1010.0,0.0,0.0,0.0,0.0,0.0,0.0,0.0,0.0,0.0,0.0,0.0,0.0,0.0,63.0,63.0,2083.0,418.0,935.0,0.447,189.0,457.0,0.414,229.0,478.0,0.479,0.548,250.0,277.0,0.903,39.0,220.0,259.0,131.0,34.0,7.0,159.0,110.0,1275.0,0.0,15.6,0.603,0.489,0.296,2.1,11.2,6.8,10.0,0.8,0.3,13.1,25.5,2.6,1.6,4.2,0.096,1.6,-1.5,0.1,1.1,0.0,2020
35,Jimmy Butler,33.8,5.9,13.1,0.455,0.5,2.1,0.244,5.4,11.0,0.495,0.474,7.6,9.1,0.834,1.8,4.8,6.7,6.0,1.8,0.6,2.2,1.4,19.9,0.0,9.0,1010.0,0.009,58.0,33.8,19.9,6.7,6.0,1.8,0.6,0.455,0.244,0.834,9.0,0.221,58.0,58.0,1959.0,345.0,758.0,0.455,29.0,119.0,0.244,316.0,639.0,0.495,0.474,438.0,525.0,0.834,106.0,280.0,386.0,350.0,103.0,32.0,127.0,81.0,1157.0,3.0,23.6,0.585,0.157,0.693,6.3,15.4,11.0,28.1,2.6,1.6,11.4,25.1,6.3,2.7,9.0,0.221,4.0,1.5,5.4,3.7,0.0,2020
36,Nikola Jokić,32.0,7.7,14.7,0.528,1.1,3.5,0.314,6.6,11.2,0.594,0.565,3.4,4.1,0.817,2.3,7.5,9.7,7.0,1.2,0.6,3.1,3.0,19.9,0.0,18.0,1010.0,0.018,73.0,32.0,19.9,9.7,7.0,1.2,0.6,0.528,0.314,0.817,9.8,0.202,73.0,73.0,2336.0,565.0,1071.0,0.528,80.0,255.0,0.314,485.0,816.0,0.594,0.565,246.0,301.0,0.817,166.0,545.0,711.0,512.0,85.0,44.0,226.0,222.0,1456.0,13.0,24.9,0.605,0.238,0.281,8.0,26.1,17.1,35.2,1.8,1.7,15.8,26.6,6.7,3.1,9.8,0.202,5.5,2.0,7.4,5.5,0.0,2020
37,T.J. Warren,32.9,8.0,14.9,0.536,1.4,3.4,0.403,6.6,11.5,0.575,0.581,2.5,3.0,0.819,1.0,3.2,4.2,1.5,1.2,0.5,1.3,2.8,19.8,0.0,0.0,1010.0,0.0,0.0,0.0,0.0,0.0,0.0,0.0,0.0,0.0,0.0,0.0,0.0,0.0,67.0,67.0,2202.0,534.0,997.0,0.536,91.0,226.0,0.403,443.0,771.0,0.575,0.581,167.0,204.0,0.819,68.0,212.0,280.0,99.0,78.0,34.0,84.0,187.0,1326.0,0.0,18.4,0.61,0.227,0.205,3.4,10.5,7.0,7.1,1.7,1.4,7.2,23.3,4.0,2.6,6.5,0.143,1.2,0.0,1.1,1.7,0.0,2020
38,Tobias Harris,34.3,7.7,16.3,0.471,1.8,5.0,0.367,5.9,11.3,0.517,0.527,2.4,3.0,0.806,1.0,5.9,6.9,3.2,0.7,0.6,1.4,2.3,19.6,0.0,0.0,1010.0,0.0,0.0,0.0,0.0,0.0,0.0,0.0,0.0,0.0,0.0,0.0,0.0,0.0,72.0,72.0,2469.0,553.0,1173.0,0.471,131.0,357.0,0.367,422.0,816.0,0.517,0.527,174.0,216.0,0.806,69.0,426.0,495.0,227.0,53.0,40.0,104.0,165.0,1411.0,0.0,17.2,0.556,0.304,0.184,3.1,19.1,11.1,14.6,1.0,1.4,7.6,23.9,3.5,2.7,6.2,0.121,1.3,-0.5,0.8,1.8,0.0,2020
39,Nikola Vučević,32.2,8.0,16.7,0.477,1.6,4.7,0.339,6.4,12.0,0.531,0.525,2.1,2.7,0.784,2.3,8.6,10.9,3.6,0.9,0.8,1.4,2.2,19.6,0.0,0.0,1010.0,0.0,0.0,0.0,0.0,0.0,0.0,0.0,0.0,0.0,0.0,0.0,0.0,0.0,62.0,62.0,1998.0,493.0,1033.0,0.477,98.0,289.0,0.339,395.0,744.0,0.531,0.525,131.0,167.0,0.784,140.0,533.0,673.0,222.0,54.0,47.0,88.0,135.0,1215.0,0.0,21.9,0.549,0.28,0.162,7.3,29.7,18.1,19.5,1.3,2.1,7.4,25.8,3.5,2.9,6.4,0.153,3.7,0.5,4.2,3.1,0.0,2020
40,Julius Randle,32.5,7.2,15.7,0.46,1.0,3.6,0.277,6.2,12.1,0.515,0.492,4.0,5.5,0.733,2.4,7.4,9.7,3.1,0.8,0.3,3.0,2.8,19.5,0.0,0.0,1010.0,0.0,0.0,0.0,0.0,0.0,0.0,0.0,0.0,0.0,0.0,0.0,0.0,0.0,64.0,64.0,2080.0,463.0,1006.0,0.46,64.0,231.0,0.277,399.0,775.0,0.515,0.492,258.0,352.0,0.733,151.0,471.0,622.0,198.0,51.0,22.0,193.0,178.0,1248.0,0.0,17.5,0.538,0.23,0.35,7.5,24.9,16.0,15.8,1.2,1.0,14.3,27.6,0.9,1.8,2.7,0.062,0.7,-1.0,-0.3,0.9,0.0,2020
41,Kyle Lowry,36.2,5.8,13.8,0.416,2.8,8.0,0.352,2.9,5.8,0.504,0.518,5.1,5.9,0.857,0.6,4.5,5.0,7.5,1.4,0.4,3.1,3.3,19.4,0.0,0.0,1010.0,0.0,0.0,0.0,0.0,0.0,0.0,0.0,0.0,0.0,0.0,0.0,0.0,0.0,58.0,58.0,2098.0,334.0,803.0,0.416,164.0,466.0,0.352,170.0,337.0,0.504,0.518,294.0,343.0,0.857,32.0,260.0,292.0,433.0,82.0,26.0,178.0,190.0,1126.0,2.0,17.7,0.59,0.58,0.427,1.6,12.8,7.3,30.6,1.9,1.2,15.7,23.1,4.2,3.3,7.5,0.171,2.2,1.0,3.2,2.8,0.0,2020
42,Buddy Hield,30.8,6.9,16.1,0.429,3.8,9.6,0.394,3.2,6.6,0.479,0.545,1.6,1.9,0.846,0.8,3.8,4.6,3.0,0.9,0.2,2.3,2.3,19.2,0.0,0.0,1010.0,0.0,0.0,0.0,0.0,0.0,0.0,0.0,0.0,0.0,0.0,0.0,0.0,0.0,72.0,44.0,2216.0,498.0,1162.0,0.429,271.0,688.0,0.394,227.0,474.0,0.479,0.545,115.0,136.0,0.846,57.0,271.0,328.0,213.0,66.0,17.0,168.0,165.0,1382.0,0.0,16.0,0.566,0.592,0.117,2.8,14.1,8.3,15.5,1.4,0.7,12.1,27.2,1.4,1.5,3.0,0.064,2.5,-1.4,1.1,1.7,0.0,2020
43,Jrue Holiday,34.7,7.5,16.5,0.455,2.0,5.7,0.353,5.5,10.8,0.509,0.516,2.1,3.0,0.709,1.3,3.5,4.8,6.7,1.6,0.8,3.0,2.4,19.1,0.0,0.0,1010.0,0.0,0.0,0.0,0.0,0.0,0.0,0.0,0.0,0.0,0.0,0.0,0.0,0.0,61.0,61.0,2117.0,458.0,1006.0,0.455,122.0,346.0,0.353,336.0,660.0,0.509,0.516,129.0,182.0,0.709,77.0,216.0,293.0,408.0,99.0,48.0,184.0,145.0,1167.0,1.0,17.0,0.537,0.344,0.181,3.8,10.9,7.3,29.1,2.2,1.9,14.5,24.5,2.0,1.9,3.9,0.088,1.6,0.2,1.8,2.0,0.0,2020
44,Shai Gilgeous-Alexander,34.7,6.8,14.5,0.471,1.2,3.6,0.347,5.6,10.9,0.512,0.514,4.1,5.1,0.807,0.7,5.2,5.9,3.3,1.1,0.7,1.9,1.7,19.0,0.0,0.0,1010.0,0.0,0.0,0.0,0.0,0.0,0.0,0.0,0.0,0.0,0.0,0.0,0.0,0.0,70.0,70.0,2428.0,478.0,1015.0,0.471,87.0,251.0,0.347,391.0,764.0,0.512,0.514,288.0,357.0,0.807,47.0,365.0,412.0,232.0,79.0,47.0,134.0,117.0,1331.0,1.0,17.7,0.568,0.247,0.352,2.2,16.1,9.4,15.2,1.6,1.7,10.3,23.7,3.1,3.0,6.1,0.121,1.3,0.4,1.7,2.2,0.0,2020
45,LaMarcus Aldridge,33.1,7.4,15.0,0.493,1.2,3.0,0.389,6.2,12.0,0.519,0.532,3.0,3.6,0.827,1.9,5.5,7.4,2.4,0.7,1.6,1.4,2.4,18.9,0.0,0.0,1010.0,0.0,0.0,0.0,0.0,0.0,0.0,0.0,0.0,0.0,0.0,0.0,0.0,0.0,53.0,53.0,1754.0,391.0,793.0,0.493,61.0,157.0,0.389,330.0,636.0,0.519,0.532,158.0,191.0,0.827,103.0,289.0,392.0,129.0,36.0,87.0,74.0,128.0,1001.0,0.0,19.7,0.571,0.198,0.241,6.3,17.8,12.0,11.4,1.0,4.4,7.8,23.4,3.0,1.4,4.5,0.122,1.8,-0.5,1.4,1.5,0.0,2020
46,Dennis Schröder,30.8,7.0,14.8,0.469,1.9,5.0,0.385,5.0,9.8,0.513,0.534,3.0,3.6,0.839,0.3,3.3,3.6,4.0,0.7,0.2,2.6,2.2,18.9,0.0,0.0,1010.0,0.0,0.0,0.0,0.0,0.0,0.0,0.0,0.0,0.0,0.0,0.0,0.0,0.0,65.0,2.0,1999.0,453.0,965.0,0.469,125.0,325.0,0.385,328.0,640.0,0.513,0.534,198.0,236.0,0.839,19.0,217.0,236.0,262.0,45.0,14.0,166.0,146.0,1229.0,0.0,16.7,0.575,0.337,0.245,1.1,11.6,6.5,21.9,1.1,0.6,13.4,27.2,1.9,1.8,3.6,0.087,1.1,-1.1,-0.1,1.0,0.0,2020
47,Danilo Gallinari,29.6,5.8,13.2,0.438,2.9,7.1,0.405,2.9,6.1,0.476,0.547,4.3,4.8,0.893,0.5,4.6,5.2,1.9,0.7,0.1,1.2,1.2,18.7,0.0,0.0,1010.0,0.0,0.0,0.0,0.0,0.0,0.0,0.0,0.0,0.0,0.0,0.0,0.0,0.0,62.0,62.0,1834.0,358.0,817.0,0.438,178.0,439.0,0.405,180.0,378.0,0.476,0.547,266.0,298.0,0.893,34.0,288.0,322.0,119.0,42.0,5.0,76.0,75.0,1160.0,0.0,19.5,0.612,0.537,0.365,2.1,16.8,9.7,10.3,1.1,0.2,7.4,24.6,4.5,1.9,6.3,0.166,4.1,-0.9,3.3,2.4,0.0,2020
48,Caris LeVert,29.6,6.9,16.3,0.425,1.8,4.9,0.364,5.1,11.4,0.451,0.48,3.1,4.4,0.711,1.1,3.1,4.2,4.4,1.2,0.2,2.6,1.8,18.7,0.0,0.0,1010.0,0.0,0.0,0.0,0.0,0.0,0.0,0.0,0.0,0.0,0.0,0.0,0.0,0.0,45.0,31.0,1330.0,311.0,732.0,0.425,80.0,220.0,0.364,231.0,512.0,0.451,0.48,140.0,197.0,0.711,49.0,140.0,189.0,199.0,53.0,10.0,118.0,81.0,842.0,1.0,16.1,0.514,0.301,0.269,3.9,10.7,7.4,25.0,1.9,0.6,12.6,29.5,0.1,1.4,1.5,0.055,0.6,-0.9,-0.3,0.5,0.0,2020
49,Kelly Oubre Jr.,34.5,6.7,14.8,0.452,1.9,5.5,0.352,4.7,9.3,0.511,0.517,3.4,4.4,0.78,1.2,5.3,6.4,1.5,1.3,0.7,1.5,3.4,18.7,0.0,0.0,1010.0,0.0,0.0,0.0,0.0,0.0,0.0,0.0,0.0,0.0,0.0,0.0,0.0,0.0,56.0,55.0,1933.0,373.0,826.0,0.452,108.0,307.0,0.352,265.0,519.0,0.511,0.517,192.0,246.0,0.78,67.0,294.0,361.0,85.0,71.0,40.0,83.0,192.0,1046.0,0.0,14.9,0.56,0.372,0.298,3.8,17.1,10.4,6.6,1.7,1.8,8.2,22.4,1.7,2.1,3.8,0.093,-0.3,-0.3,-0.5,0.7,0.0,2020
50,Montrezl Harrell,27.8,7.5,12.9,0.58,0.0,0.3,0.0,7.5,12.6,0.593,0.58,3.7,5.6,0.658,2.6,4.5,7.1,1.7,0.6,1.1,1.7,2.3,18.6,0.0,0.0,1010.0,0.0,0.0,0.0,0.0,0.0,0.0,0.0,0.0,0.0,0.0,0.0,0.0,0.0,63.0,2.0,1749.0,471.0,812.0,0.58,0.0,18.0,0.0,471.0,794.0,0.593,0.58,231.0,351.0,0.658,163.0,282.0,445.0,107.0,39.0,72.0,108.0,146.0,1173.0,0.0,23.2,0.607,0.022,0.432,9.9,16.3,13.2,10.3,1.1,3.6,10.1,25.7,4.4,2.5,7.0,0.191,2.5,0.5,2.9,2.2,0.0,2020
51,Evan Fournier,31.5,6.6,14.1,0.467,2.6,6.6,0.399,4.0,7.5,0.527,0.56,2.7,3.3,0.818,0.3,2.3,2.6,3.2,1.1,0.2,1.9,2.4,18.5,0.0,0.0,1010.0,0.0,0.0,0.0,0.0,0.0,0.0,0.0,0.0,0.0,0.0,0.0,0.0,0.0,66.0,66.0,2076.0,434.0,929.0,0.467,173.0,434.0,0.399,261.0,495.0,0.527,0.56,180.0,220.0,0.818,18.0,153.0,171.0,209.0,71.0,15.0,125.0,161.0,1221.0,0.0,16.4,0.595,0.467,0.237,0.9,8.2,4.4,16.6,1.7,0.7,10.9,23.9,2.9,1.7,4.6,0.106,1.4,-0.4,1.0,1.6,0.0,2020
52,Jamal Murray,32.3,6.9,15.2,0.456,1.9,5.5,0.346,5.0,9.7,0.519,0.519,2.8,3.1,0.881,0.8,3.2,4.0,4.8,1.1,0.3,2.2,1.7,18.5,0.0,0.0,1010.0,0.0,0.0,0.0,0.0,0.0,0.0,0.0,0.0,0.0,0.0,0.0,0.0,0.0,59.0,59.0,1904.0,408.0,894.0,0.456,112.0,324.0,0.346,296.0,570.0,0.519,0.519,163.0,185.0,0.881,45.0,191.0,236.0,284.0,67.0,17.0,127.0,102.0,1091.0,0.0,17.7,0.559,0.362,0.207,2.7,11.2,6.9,22.9,1.7,0.8,11.5,25.2,2.8,1.5,4.3,0.107,2.0,-0.8,1.2,1.5,0.0,2020
53,Domantas Sabonis,34.8,7.4,13.7,0.54,0.3,1.1,0.254,7.1,12.6,0.565,0.55,3.5,4.8,0.723,3.0,9.4,12.4,5.0,0.8,0.5,2.7,3.1,18.5,0.0,0.0,1010.0,0.0,0.0,0.0,0.0,0.0,0.0,0.0,0.0,0.0,0.0,0.0,0.0,0.0,62.0,62.0,2159.0,458.0,848.0,0.54,17.0,67.0,0.254,441.0,781.0,0.565,0.55,214.0,296.0,0.723,189.0,582.0,771.0,310.0,47.0,30.0,170.0,195.0,1147.0,4.0,20.7,0.586,0.079,0.349,9.7,29.3,19.6,21.7,1.1,1.2,14.8,23.3,4.1,3.4,7.5,0.168,2.0,1.2,3.2,2.9,0.0,2020
54,Deandre Ayton,32.5,8.2,14.9,0.546,0.1,0.3,0.231,8.1,14.6,0.553,0.548,1.8,2.3,0.753,3.9,7.6,11.5,1.9,0.7,1.5,2.1,3.1,18.2,0.0,0.0,1010.0,0.0,0.0,0.0,0.0,0.0,0.0,0.0,0.0,0.0,0.0,0.0,0.0,0.0,38.0,32.0,1236.0,310.0,568.0,0.546,3.0,13.0,0.231,307.0,555.0,0.553,0.548,67.0,89.0,0.753,147.0,289.0,436.0,72.0,26.0,58.0,80.0,117.0,690.0,0.0,20.0,0.568,0.023,0.157,13.0,26.3,19.6,9.7,1.0,4.1,11.6,23.7,1.5,1.6,3.1,0.121,0.8,-0.4,0.4,0.7,0.0,2020
55,Devonte' Graham,35.1,5.8,15.3,0.382,3.5,9.3,0.373,2.4,6.0,0.397,0.495,3.0,3.7,0.82,0.7,2.7,3.4,7.5,1.0,0.2,2.9,1.8,18.2,0.0,0.0,1010.0,0.0,0.0,0.0,0.0,0.0,0.0,0.0,0.0,0.0,0.0,0.0,0.0,0.0,63.0,53.0,2211.0,368.0,963.0,0.382,218.0,585.0,0.373,150.0,378.0,0.397,0.495,191.0,233.0,0.82,42.0,170.0,212.0,471.0,62.0,15.0,181.0,115.0,1145.0,0.0,15.8,0.537,0.607,0.242,2.0,8.7,5.2,35.3,1.4,0.6,14.5,24.8,2.4,0.9,3.4,0.073,2.5,-2.1,0.5,1.4,0.0,2020
56,Lou Williams,28.7,6.0,14.4,0.418,1.7,4.8,0.352,4.3,9.6,0.451,0.477,4.5,5.2,0.861,0.5,2.6,3.1,5.6,0.7,0.2,2.8,1.2,18.2,0.0,0.0,1010.0,0.0,0.0,0.0,0.0,0.0,0.0,0.0,0.0,0.0,0.0,0.0,0.0,0.0,65.0,8.0,1864.0,391.0,936.0,0.418,111.0,315.0,0.352,280.0,621.0,0.451,0.477,292.0,339.0,0.861,31.0,170.0,201.0,365.0,43.0,12.0,182.0,80.0,1185.0,0.0,17.3,0.546,0.337,0.362,1.8,9.2,5.6,30.1,1.1,0.6,14.4,28.4,2.3,1.8,4.1,0.105,2.2,-1.4,0.7,1.3,0.0,2020
57,Derrick Rose,26.0,7.4,15.1,0.49,0.9,2.9,0.306,6.5,12.1,0.535,0.52,2.4,2.8,0.871,0.5,1.9,2.4,5.6,0.8,0.3,2.5,1.0,18.1,0.0,0.0,1010.0,0.0,0.0,0.0,0.0,0.0,0.0,0.0,0.0,0.0,0.0,0.0,0.0,0.0,50.0,15.0,1298.0,369.0,753.0,0.49,45.0,147.0,0.306,324.0,606.0,0.535,0.52,121.0,139.0,0.871,27.0,94.0,121.0,278.0,40.0,16.0,126.0,49.0,904.0,0.0,21.0,0.555,0.195,0.185,2.3,8.3,5.3,40.5,1.5,1.0,13.4,31.6,1.8,0.7,2.5,0.092,3.9,-1.7,2.2,1.4,0.0,2020
58,Terry Rozier,34.3,6.3,14.9,0.423,2.7,6.7,0.407,3.6,8.2,0.436,0.514,2.6,3.0,0.874,0.8,3.6,4.4,4.1,1.0,0.2,2.2,2.0,18.0,0.0,0.0,1010.0,0.0,0.0,0.0,0.0,0.0,0.0,0.0,0.0,0.0,0.0,0.0,0.0,0.0,63.0,63.0,2164.0,398.0,941.0,0.423,172.0,423.0,0.407,226.0,518.0,0.436,0.514,166.0,190.0,0.874,50.0,226.0,276.0,259.0,61.0,10.0,141.0,126.0,1134.0,0.0,14.8,0.553,0.45,0.202,2.4,11.8,7.0,20.4,1.4,0.4,12.1,23.7,1.9,1.1,3.0,0.066,0.8,-1.2,-0.4,0.8,0.0,2020
59,Ja Morant,31.0,6.7,14.0,0.477,0.9,2.7,0.335,5.8,11.3,0.511,0.509,3.6,4.6,0.776,0.8,3.1,3.9,7.3,0.9,0.3,3.3,1.6,17.8,0.0,0.0,1010.0,0.0,0.0,0.0,0.0,0.0,0.0,0.0,0.0,0.0,0.0,0.0,0.0,0.0,67.0,67.0,2074.0,447.0,937.0,0.477,60.0,179.0,0.335,387.0,758.0,0.511,0.509,239.0,308.0,0.776,51.0,208.0,259.0,488.0,58.0,18.0,220.0,110.0,1193.0,2.0,17.4,0.556,0.191,0.329,2.6,10.4,6.6,35.2,1.3,0.8,17.0,25.9,2.3,1.5,3.8,0.088,1.4,-1.2,0.3,1.2,0.0,2020
60,Andre Drummond,33.0,7.3,13.8,0.533,0.1,0.6,0.143,7.2,13.1,0.551,0.536,3.0,5.2,0.575,4.4,10.8,15.2,2.7,1.9,1.6,3.6,3.5,17.7,0.0,0.0,1010.0,0.0,0.0,0.0,0.0,0.0,0.0,0.0,0.0,0.0,0.0,0.0,0.0,0.0,57.0,56.0,1879.0,418.0,784.0,0.533,5.0,35.0,0.143,413.0,749.0,0.551,0.536,169.0,294.0,0.575,250.0,614.0,864.0,152.0,109.0,93.0,203.0,201.0,1010.0,0.0,22.0,0.553,0.045,0.375,14.9,37.5,26.0,13.6,2.8,4.2,18.2,25.9,0.6,3.6,4.2,0.108,-0.1,1.1,0.9,1.4,0.0,2020
61,Kevin Love,31.8,5.8,13.0,0.45,2.6,7.0,0.374,3.2,6.0,0.537,0.55,3.3,3.9,0.854,1.0,8.8,9.8,3.2,0.6,0.3,2.5,1.6,17.6,0.0,0.0,1010.0,0.0,0.0,0.0,0.0,0.0,0.0,0.0,0.0,0.0,0.0,0.0,0.0,0.0,56.0,56.0,1780.0,327.0,727.0,0.45,146.0,390.0,0.374,181.0,337.0,0.537,0.55,187.0,219.0,0.854,54.0,493.0,547.0,178.0,33.0,19.0,140.0,90.0,987.0,0.0,17.9,0.599,0.536,0.301,3.3,31.1,17.1,15.4,0.9,0.9,14.5,23.1,2.5,1.3,3.8,0.101,2.6,-0.5,2.0,1.8,0.0,2020
62,Jusuf Nurkić,31.6,6.8,13.6,0.495,0.3,1.3,0.2,6.5,12.4,0.525,0.505,3.9,4.4,0.886,2.9,7.4,10.3,4.0,1.4,2.0,2.4,4.9,17.6,0.0,0.0,1010.0,0.0,0.0,0.0,0.0,0.0,0.0,0.0,0.0,0.0,0.0,0.0,0.0,0.0,8.0,8.0,253.0,54.0,109.0,0.495,2.0,10.0,0.2,52.0,99.0,0.525,0.505,31.0,35.0,0.886,23.0,59.0,82.0,32.0,11.0,16.0,19.0,39.0,141.0,0.0,22.6,0.567,0.092,0.321,9.6,24.1,16.9,19.1,2.1,5.4,13.2,24.0,0.5,0.3,0.9,0.164,1.0,1.0,2.0,0.2,0.0,2020
63,Chris Paul,31.5,6.2,12.7,0.489,1.6,4.3,0.365,4.6,8.3,0.554,0.552,3.6,4.0,0.907,0.4,4.6,5.0,6.7,1.6,0.2,2.3,2.3,17.6,0.0,26.0,1010.0,0.026,70.0,31.5,17.6,5.0,6.7,1.6,0.2,0.489,0.365,0.907,8.9,0.193,70.0,70.0,2208.0,434.0,887.0,0.489,111.0,304.0,0.365,323.0,583.0,0.554,0.552,253.0,279.0,0.907,26.0,323.0,349.0,472.0,111.0,11.0,161.0,158.0,1232.0,0.0,21.7,0.61,0.343,0.315,1.3,15.7,8.7,34.0,2.4,0.4,13.8,23.3,5.9,3.0,8.9,0.193,3.0,1.4,4.4,3.5,0.0,2020
64,Fred VanVleet,35.7,5.9,14.3,0.413,2.7,6.9,0.39,3.2,7.4,0.434,0.507,3.1,3.7,0.848,0.3,3.4,3.8,6.6,1.9,0.3,2.2,2.4,17.6,0.0,0.0,1010.0,0.0,0.0,0.0,0.0,0.0,0.0,0.0,0.0,0.0,0.0,0.0,0.0,0.0,54.0,54.0,1928.0,319.0,773.0,0.413,146.0,374.0,0.39,173.0,399.0,0.434,0.507,168.0,198.0,0.848,18.0,185.0,203.0,357.0,100.0,17.0,121.0,132.0,952.0,0.0,16.3,0.553,0.484,0.256,1.0,9.9,5.6,27.7,2.5,0.9,12.3,21.7,2.8,3.1,5.8,0.145,1.3,1.4,2.7,2.3,0.0,2020
65,Gordon Hayward,33.5,6.7,13.5,0.5,1.6,4.3,0.383,5.1,9.2,0.554,0.561,2.4,2.8,0.855,1.1,5.6,6.7,4.1,0.7,0.4,1.8,1.8,17.5,0.0,0.0,1010.0,0.0,0.0,0.0,0.0,0.0,0.0,0.0,0.0,0.0,0.0,0.0,0.0,0.0,52.0,52.0,1740.0,350.0,700.0,0.5,85.0,222.0,0.383,265.0,478.0,0.554,0.561,124.0,145.0,0.855,55.0,293.0,348.0,212.0,38.0,22.0,96.0,96.0,909.0,0.0,18.1,0.595,0.317,0.207,3.4,17.8,10.7,18.7,1.1,1.2,11.2,21.1,3.5,2.2,5.7,0.158,2.6,0.1,2.7,2.0,0.0,2020
66,Jaren Jackson Jr.,28.5,6.2,13.2,0.469,2.5,6.5,0.394,3.6,6.8,0.54,0.565,2.4,3.3,0.747,1.0,3.6,4.6,1.4,0.7,1.6,1.7,4.1,17.4,0.0,0.0,1010.0,0.0,0.0,0.0,0.0,0.0,0.0,0.0,0.0,0.0,0.0,0.0,0.0,0.0,57.0,57.0,1622.0,353.0,753.0,0.469,145.0,368.0,0.394,208.0,385.0,0.54,0.565,139.0,186.0,0.747,55.0,207.0,262.0,78.0,40.0,92.0,99.0,232.0,990.0,0.0,16.3,0.593,0.489,0.247,3.6,13.2,8.5,7.2,1.2,5.0,10.6,24.0,1.6,1.8,3.5,0.103,0.3,0.1,0.4,1.0,0.0,2020
67,Marcus Morris,31.2,5.7,13.1,0.438,2.3,5.6,0.408,3.4,7.5,0.461,0.526,2.9,3.5,0.823,1.0,4.1,5.0,1.4,0.8,0.5,1.6,2.9,16.7,0.0,0.0,1010.0,0.0,0.0,0.0,0.0,0.0,0.0,0.0,0.0,0.0,0.0,0.0,0.0,0.0,62.0,62.0,1936.0,355.0,810.0,0.438,142.0,348.0,0.408,213.0,462.0,0.461,0.526,181.0,220.0,0.823,59.0,252.0,311.0,86.0,47.0,30.0,97.0,180.0,1033.0,0.0,14.3,0.57,0.43,0.272,3.2,14.0,8.5,6.8,1.2,1.4,9.7,21.9,2.1,1.5,3.6,0.088,0.6,-0.7,-0.1,0.9,0.0,2020
68,Malcolm Brogdon,30.9,6.0,13.8,0.438,1.4,4.3,0.326,4.6,9.5,0.488,0.489,3.1,3.4,0.892,0.9,4.0,4.9,7.1,0.6,0.2,2.4,1.8,16.5,0.0,0.0,1010.0,0.0,0.0,0.0,0.0,0.0,0.0,0.0,0.0,0.0,0.0,0.0,0.0,0.0,54.0,54.0,1666.0,326.0,744.0,0.438,75.0,230.0,0.326,251.0,514.0,0.488,0.489,166.0,186.0,0.892,46.0,216.0,262.0,381.0,35.0,10.0,131.0,98.0,893.0,0.0,17.7,0.541,0.309,0.25,3.1,14.1,8.6,33.8,1.0,0.5,13.7,25.2,2.3,1.7,4.0,0.114,2.3,-0.5,1.8,1.6,0.0,2020
69,Ben Simmons,35.4,6.6,11.4,0.58,0.0,0.1,0.286,6.5,11.2,0.583,0.581,3.2,5.2,0.621,2.0,5.8,7.8,8.0,2.1,0.6,3.5,3.3,16.4,0.0,0.0,1010.0,0.0,0.0,0.0,0.0,0.0,0.0,0.0,0.0,0.0,0.0,0.0,0.0,0.0,57.0,57.0,2017.0,375.0,647.0,0.58,2.0,7.0,0.286,373.0,640.0,0.583,0.581,185.0,298.0,0.621,113.0,331.0,444.0,455.0,119.0,33.0,200.0,186.0,937.0,6.0,20.4,0.602,0.011,0.461,6.2,18.2,12.2,33.8,2.9,1.4,20.4,20.9,3.8,3.1,6.9,0.165,1.3,2.3,3.6,2.8,0.0,2020
70,Dillon Brooks,28.9,6.0,14.6,0.407,2.0,5.6,0.358,3.9,9.0,0.438,0.476,2.2,2.8,0.808,0.9,2.4,3.3,2.1,0.9,0.4,1.7,3.8,16.2,0.0,0.0,1010.0,0.0,0.0,0.0,0.0,0.0,0.0,0.0,0.0,0.0,0.0,0.0,0.0,0.0,73.0,73.0,2112.0,435.0,1068.0,0.407,147.0,411.0,0.358,288.0,657.0,0.438,0.476,164.0,203.0,0.808,68.0,175.0,243.0,150.0,63.0,27.0,124.0,278.0,1181.0,0.0,11.3,0.51,0.385,0.19,3.5,8.6,6.1,10.5,1.4,1.1,9.7,25.2,-0.4,1.6,1.2,0.027,-2.7,-1.4,-4.1,-1.1,0.0,2020
71,Goran Dragić,28.2,5.4,12.3,0.441,2.1,5.7,0.367,3.3,6.5,0.505,0.526,3.2,4.2,0.776,0.5,2.7,3.2,5.1,0.7,0.2,2.4,2.1,16.2,0.0,0.0,1010.0,0.0,0.0,0.0,0.0,0.0,0.0,0.0,0.0,0.0,0.0,0.0,0.0,0.0,59.0,3.0,1663.0,319.0,724.0,0.441,124.0,338.0,0.367,195.0,386.0,0.505,0.526,191.0,246.0,0.776,29.0,158.0,187.0,301.0,40.0,10.0,144.0,124.0,953.0,0.0,16.3,0.573,0.467,0.34,2.0,10.2,6.3,29.2,1.2,0.6,14.8,25.9,2.2,1.3,3.5,0.102,1.4,-1.6,-0.1,0.8,0.0,2020
72,Norman Powell,28.4,5.7,11.5,0.495,2.1,5.3,0.399,3.6,6.3,0.575,0.586,2.5,2.9,0.843,0.5,3.2,3.7,1.8,1.2,0.4,1.5,2.1,16.0,0.0,0.0,1010.0,0.0,0.0,0.0,0.0,0.0,0.0,0.0,0.0,0.0,0.0,0.0,0.0,0.0,52.0,26.0,1479.0,296.0,598.0,0.495,109.0,273.0,0.399,187.0,325.0,0.575,0.586,129.0,153.0,0.843,26.0,164.0,190.0,91.0,60.0,21.0,77.0,108.0,830.0,0.0,16.8,0.624,0.457,0.256,1.9,11.4,6.8,9.7,1.9,1.4,10.4,21.5,2.3,2.3,4.6,0.15,1.2,0.8,2.0,1.5,0.0,2020
73,Bam Adebayo,33.6,6.1,11.0,0.557,0.0,0.2,0.143,6.1,10.8,0.564,0.558,3.7,5.3,0.691,2.4,7.8,10.2,5.1,1.1,1.3,2.8,2.5,15.9,0.0,0.0,1010.0,0.0,0.0,0.0,0.0,0.0,0.0,0.0,0.0,0.0,0.0,0.0,0.0,0.0,72.0,72.0,2417.0,440.0,790.0,0.557,2.0,14.0,0.143,438.0,776.0,0.564,0.558,264.0,382.0,0.691,176.0,559.0,735.0,368.0,82.0,93.0,204.0,182.0,1146.0,3.0,20.3,0.598,0.018,0.484,8.5,24.9,17.0,24.2,1.7,3.8,17.6,21.2,4.6,3.9,8.5,0.168,1.4,2.0,3.4,3.3,0.0,2020
74,Tim Hardaway Jr.,29.5,5.4,12.5,0.434,2.9,7.2,0.398,2.5,5.2,0.485,0.55,2.1,2.6,0.819,0.4,2.9,3.3,1.9,0.6,0.1,1.0,1.8,15.8,0.0,0.0,1010.0,0.0,0.0,0.0,0.0,0.0,0.0,0.0,0.0,0.0,0.0,0.0,0.0,0.0,71.0,58.0,2091.0,384.0,884.0,0.434,204.0,513.0,0.398,180.0,371.0,0.485,0.55,149.0,182.0,0.819,25.0,207.0,232.0,137.0,41.0,5.0,69.0,125.0,1121.0,0.0,14.5,0.581,0.58,0.206,1.3,10.2,5.8,9.7,0.9,0.2,6.7,21.1,3.4,1.1,4.4,0.102,1.2,-1.4,-0.1,1.0,0.0,2020
75,Luke Kennard,32.9,5.4,12.2,0.442,2.6,6.5,0.399,2.8,5.7,0.491,0.548,2.4,2.7,0.893,0.3,3.2,3.5,4.1,0.4,0.2,1.5,2.3,15.8,0.0,0.0,1010.0,0.0,0.0,0.0,0.0,0.0,0.0,0.0,0.0,0.0,0.0,0.0,0.0,0.0,28.0,25.0,922.0,151.0,342.0,0.442,73.0,183.0,0.399,78.0,159.0,0.491,0.548,67.0,75.0,0.893,9.0,89.0,98.0,115.0,12.0,6.0,43.0,65.0,442.0,0.0,14.4,0.589,0.535,0.219,1.1,11.1,6.0,19.2,0.6,0.5,10.3,19.8,1.6,0.3,1.9,0.1,1.1,-1.4,-0.3,0.4,0.0,2020
76,Blake Griffin,28.4,4.9,13.9,0.352,1.5,6.2,0.243,3.4,7.7,0.439,0.406,4.2,5.4,0.776,0.9,3.7,4.7,3.3,0.4,0.4,2.2,1.5,15.5,0.0,0.0,1010.0,0.0,0.0,0.0,0.0,0.0,0.0,0.0,0.0,0.0,0.0,0.0,0.0,0.0,18.0,18.0,512.0,88.0,250.0,0.352,27.0,111.0,0.243,61.0,139.0,0.439,0.406,76.0,98.0,0.776,17.0,67.0,84.0,59.0,7.0,7.0,40.0,27.0,279.0,0.0,11.9,0.476,0.444,0.392,3.7,15.0,9.3,18.0,0.7,1.1,12.0,28.4,-0.4,0.3,-0.1,-0.012,-1.7,-2.6,-4.3,-0.3,0.0,2020
77,Hassan Whiteside,30.0,6.5,10.5,0.621,0.1,0.1,0.571,6.4,10.4,0.622,0.624,2.4,3.6,0.686,3.9,9.7,13.5,1.2,0.4,2.9,1.8,2.9,15.5,0.0,0.0,1010.0,0.0,0.0,0.0,0.0,0.0,0.0,0.0,0.0,0.0,0.0,0.0,0.0,0.0,67.0,61.0,2008.0,436.0,702.0,0.621,4.0,7.0,0.571,432.0,695.0,0.622,0.624,164.0,239.0,0.686,258.0,647.0,905.0,78.0,26.0,196.0,120.0,196.0,1040.0,0.0,25.0,0.644,0.01,0.34,13.6,33.3,23.6,5.9,0.6,8.4,12.9,19.6,5.6,3.0,8.5,0.204,2.5,0.7,3.2,2.6,0.0,2020
78,Carmelo Anthony,32.8,5.8,13.5,0.43,1.5,3.9,0.385,4.3,9.6,0.448,0.485,2.3,2.8,0.845,1.2,5.1,6.3,1.5,0.8,0.5,1.7,2.9,15.4,0.0,0.0,1010.0,0.0,0.0,0.0,0.0,0.0,0.0,0.0,0.0,0.0,0.0,0.0,0.0,0.0,58.0,58.0,1902.0,336.0,782.0,0.43,87.0,226.0,0.385,249.0,556.0,0.448,0.485,136.0,161.0,0.845,71.0,297.0,368.0,85.0,49.0,27.0,100.0,171.0,895.0,0.0,12.4,0.525,0.289,0.206,3.9,16.1,10.1,6.4,1.2,1.2,10.5,21.2,0.4,0.9,1.3,0.033,-1.8,-1.8,-3.6,-0.8,0.0,2020
79,Dāvis Bertāns,29.3,4.9,11.3,0.434,3.7,8.7,0.424,1.2,2.6,0.471,0.598,1.9,2.3,0.852,0.6,3.9,4.5,1.7,0.7,0.6,1.1,2.6,15.4,0.0,0.0,1010.0,0.0,0.0,0.0,0.0,0.0,0.0,0.0,0.0,0.0,0.0,0.0,0.0,0.0,54.0,4.0,1583.0,265.0,610.0,0.434,200.0,472.0,0.424,65.0,138.0,0.471,0.598,104.0,122.0,0.852,35.0,210.0,245.0,92.0,37.0,33.0,59.0,139.0,834.0,0.0,15.5,0.628,0.774,0.2,2.3,15.1,8.5,8.4,1.1,1.8,8.2,19.0,3.0,0.5,3.5,0.107,2.7,-1.8,0.9,1.1,0.0,2020
80,Serge Ibaka,27.0,6.2,12.2,0.512,1.3,3.3,0.385,5.0,8.9,0.559,0.564,1.6,2.3,0.718,2.1,6.1,8.2,1.4,0.5,0.8,2.0,2.8,15.4,0.0,0.0,1010.0,0.0,0.0,0.0,0.0,0.0,0.0,0.0,0.0,0.0,0.0,0.0,0.0,0.0,55.0,27.0,1485.0,343.0,670.0,0.512,70.0,182.0,0.385,273.0,488.0,0.559,0.564,89.0,124.0,0.718,114.0,338.0,452.0,77.0,28.0,46.0,109.0,153.0,845.0,0.0,17.3,0.583,0.272,0.185,8.3,23.5,16.1,8.6,0.9,3.0,13.1,24.0,1.2,2.7,3.9,0.126,0.1,0.0,0.1,0.8,0.0,2020
81,Kendrick Nunn,29.3,6.0,13.6,0.439,2.0,5.8,0.35,3.9,7.8,0.505,0.514,1.3,1.5,0.85,0.3,2.4,2.7,3.3,0.8,0.2,1.7,2.3,15.3,0.0,0.0,1010.0,0.0,0.0,0.0,0.0,0.0,0.0,0.0,0.0,0.0,0.0,0.0,0.0,0.0,67.0,67.0,1962.0,401.0,914.0,0.439,137.0,391.0,0.35,264.0,523.0,0.505,0.514,85.0,100.0,0.85,21.0,159.0,180.0,220.0,56.0,15.0,114.0,152.0,1024.0,0.0,12.9,0.534,0.428,0.109,1.2,8.7,5.1,18.5,1.4,0.8,10.6,24.1,0.4,1.6,2.0,0.049,-1.0,-1.3,-2.3,-0.1,0.0,2020
82,JJ Redick,26.4,4.8,10.5,0.453,3.0,6.6,0.453,1.8,3.9,0.453,0.596,2.8,3.1,0.892,0.2,2.4,2.5,2.0,0.3,0.2,1.3,1.6,15.3,0.0,0.0,1010.0,0.0,0.0,0.0,0.0,0.0,0.0,0.0,0.0,0.0,0.0,0.0,0.0,0.0,60.0,36.0,1581.0,286.0,631.0,0.453,180.0,397.0,0.453,106.0,234.0,0.453,0.596,165.0,185.0,0.892,10.0,141.0,151.0,119.0,20.0,10.0,75.0,96.0,917.0,0.0,15.4,0.644,0.629,0.293,0.7,9.5,5.1,10.8,0.6,0.5,9.5,20.4,3.6,0.6,4.1,0.125,2.3,-1.7,0.7,1.1,0.0,2020
83,Jordan Clarkson,24.0,5.5,12.2,0.454,2.1,5.8,0.368,3.4,6.4,0.533,0.542,1.9,2.3,0.836,0.7,1.9,2.6,1.9,0.6,0.2,1.4,1.5,15.2,0.0,0.0,1010.0,0.0,0.0,0.0,0.0,0.0,0.0,0.0,0.0,0.0,0.0,0.0,0.0,0.0,71.0,2.0,1705.0,394.0,867.0,0.454,152.0,413.0,0.368,242.0,454.0,0.533,0.542,138.0,165.0,0.836,50.0,137.0,187.0,136.0,46.0,16.0,97.0,108.0,1078.0,0.0,17.3,0.574,0.476,0.19,3.3,8.7,6.1,13.2,1.3,0.8,9.4,26.3,2.4,1.0,3.4,0.096,2.4,-1.3,1.1,1.3,0.0,2020
84,Will Barton,33.0,5.7,12.7,0.45,1.9,5.0,0.375,3.9,7.8,0.498,0.523,1.8,2.3,0.767,1.3,5.0,6.3,3.7,1.1,0.5,1.5,2.1,15.1,0.0,0.0,1010.0,0.0,0.0,0.0,0.0,0.0,0.0,0.0,0.0,0.0,0.0,0.0,0.0,0.0,58.0,58.0,1916.0,332.0,738.0,0.45,108.0,288.0,0.375,224.0,450.0,0.498,0.523,102.0,133.0,0.767,76.0,289.0,365.0,212.0,61.0,29.0,88.0,121.0,874.0,0.0,15.6,0.549,0.39,0.18,4.5,16.9,10.7,16.0,1.6,1.4,9.9,20.1,2.4,1.8,4.2,0.106,1.2,-0.2,1.1,1.5,0.0,2020
85,Bogdan Bogdanović,29.0,5.5,12.6,0.44,2.7,7.2,0.372,2.8,5.3,0.532,0.547,1.4,1.9,0.741,0.4,3.0,3.4,3.4,1.0,0.2,1.7,2.2,15.1,0.0,0.0,1010.0,0.0,0.0,0.0,0.0,0.0,0.0,0.0,0.0,0.0,0.0,0.0,0.0,0.0,61.0,28.0,1766.0,337.0,766.0,0.44,164.0,441.0,0.372,173.0,325.0,0.532,0.547,86.0,116.0,0.741,26.0,181.0,207.0,207.0,64.0,15.0,102.0,133.0,924.0,0.0,15.2,0.565,0.576,0.151,1.6,11.8,6.6,18.0,1.8,0.8,11.1,22.6,1.8,1.3,3.1,0.084,1.2,-0.5,0.6,1.2,0.0,2020
86,Rudy Gobert,34.3,5.7,8.2,0.693,0.0,0.0,0.0,5.7,8.2,0.693,0.693,3.7,5.9,0.63,3.4,10.1,13.5,1.5,0.8,2.0,1.9,3.2,15.1,0.0,0.0,1010.0,0.0,0.0,0.0,0.0,0.0,0.0,0.0,0.0,0.0,0.0,0.0,0.0,0.0,68.0,68.0,2333.0,386.0,557.0,0.693,0.0,0.0,0.0,386.0,557.0,0.693,0.693,254.0,403.0,0.63,230.0,686.0,916.0,101.0,51.0,135.0,130.0,215.0,1026.0,0.0,21.7,0.699,0.0,0.724,11.2,31.3,21.6,6.5,1.1,4.8,15.0,16.2,6.5,4.2,10.7,0.221,1.7,1.9,3.6,3.3,0.0,2020
87,Alec Burks,26.6,4.9,11.6,0.418,1.8,4.6,0.385,3.1,7.1,0.439,0.493,3.6,4.0,0.887,0.7,3.5,4.3,2.9,0.9,0.3,1.4,1.9,15.0,0.0,0.0,1010.0,0.0,0.0,0.0,0.0,0.0,0.0,0.0,0.0,0.0,0.0,0.0,0.0,0.0,66.0,19.0,1754.0,321.0,768.0,0.418,116.0,301.0,0.385,205.0,467.0,0.439,0.493,235.0,265.0,0.887,48.0,234.0,282.0,189.0,62.0,17.0,91.0,128.0,993.0,0.0,16.7,0.561,0.392,0.345,2.9,14.9,8.7,17.2,1.7,0.9,9.3,23.8,2.5,1.2,3.7,0.101,1.2,-0.7,0.5,1.1,0.0,2020
88,Eric Bledsoe,27.0,5.5,11.5,0.475,1.2,3.5,0.344,4.3,8.0,0.533,0.528,2.8,3.5,0.79,0.7,3.9,4.6,5.4,0.9,0.4,2.4,2.1,14.9,0.0,0.0,1010.0,0.0,0.0,0.0,0.0,0.0,0.0,0.0,0.0,0.0,0.0,0.0,0.0,0.0,61.0,61.0,1646.0,334.0,703.0,0.475,74.0,215.0,0.344,260.0,488.0,0.533,0.528,169.0,214.0,0.79,43.0,239.0,282.0,328.0,57.0,26.0,148.0,128.0,911.0,0.0,17.6,0.571,0.306,0.304,2.8,13.5,8.5,28.7,1.6,1.4,15.7,23.7,2.4,3.0,5.4,0.157,0.8,1.0,1.8,1.6,0.0,2020
89,Jonas Valančiūnas,26.4,6.2,10.6,0.585,0.5,1.3,0.352,5.7,9.3,0.617,0.606,2.1,2.9,0.74,3.0,8.2,11.3,1.9,0.4,1.1,1.8,2.6,14.9,0.0,0.0,1010.0,0.0,0.0,0.0,0.0,0.0,0.0,0.0,0.0,0.0,0.0,0.0,0.0,0.0,70.0,70.0,1845.0,432.0,739.0,0.585,32.0,91.0,0.352,400.0,648.0,0.617,0.606,148.0,200.0,0.74,213.0,575.0,788.0,131.0,30.0,76.0,127.0,185.0,1044.0,1.0,22.2,0.631,0.123,0.271,12.4,32.2,22.5,10.9,0.8,3.6,13.3,21.5,4.2,2.8,7.0,0.182,2.1,0.2,2.4,2.0,0.0,2020
90,Lauri Markkanen,29.8,5.0,11.8,0.425,2.2,6.3,0.344,2.8,5.5,0.518,0.517,2.5,3.1,0.824,1.2,5.1,6.3,1.5,0.8,0.5,1.6,1.9,14.7,0.0,0.0,1010.0,0.0,0.0,0.0,0.0,0.0,0.0,0.0,0.0,0.0,0.0,0.0,0.0,0.0,50.0,50.0,1492.0,251.0,591.0,0.425,109.0,317.0,0.344,142.0,274.0,0.518,0.517,126.0,153.0,0.824,60.0,253.0,313.0,74.0,42.0,23.0,81.0,96.0,737.0,0.0,14.3,0.56,0.536,0.259,4.2,19.7,11.6,7.6,1.4,1.5,11.0,21.1,1.0,1.6,2.6,0.084,0.2,-0.8,-0.6,0.5,0.0,2020
91,Terrence Ross,27.4,4.9,12.3,0.403,2.6,7.3,0.351,2.4,5.0,0.48,0.508,2.3,2.7,0.853,0.2,3.0,3.2,1.2,1.1,0.3,1.0,1.6,14.7,0.0,0.0,1010.0,0.0,0.0,0.0,0.0,0.0,0.0,0.0,0.0,0.0,0.0,0.0,0.0,0.0,69.0,0.0,1889.0,341.0,846.0,0.403,177.0,504.0,0.351,164.0,342.0,0.48,0.508,157.0,184.0,0.853,13.0,209.0,222.0,82.0,77.0,24.0,70.0,109.0,1016.0,0.0,14.0,0.548,0.596,0.217,0.7,12.3,6.3,6.8,2.0,1.1,7.0,22.8,1.1,2.0,3.0,0.077,-0.1,-0.3,-0.4,0.8,0.0,2020
92,Harrison Barnes,34.5,5.1,11.0,0.46,1.4,3.7,0.381,3.7,7.3,0.501,0.525,3.0,3.7,0.801,1.1,3.9,4.9,2.2,0.6,0.2,1.2,1.3,14.5,0.0,0.0,1010.0,0.0,0.0,0.0,0.0,0.0,0.0,0.0,0.0,0.0,0.0,0.0,0.0,0.0,72.0,72.0,2482.0,365.0,793.0,0.46,102.0,268.0,0.381,263.0,525.0,0.501,0.525,214.0,267.0,0.801,77.0,278.0,355.0,159.0,43.0,12.0,88.0,93.0,1046.0,0.0,13.3,0.574,0.338,0.337,3.4,12.9,8.1,9.2,0.8,0.5,8.8,17.4,3.4,1.1,4.6,0.088,0.0,-1.3,-1.3,0.5,0.0,2020
93,Joe Harris,30.8,5.5,11.4,0.486,2.5,5.9,0.424,3.0,5.5,0.553,0.596,0.9,1.3,0.719,0.9,3.4,4.3,2.1,0.6,0.2,1.5,2.3,14.5,0.0,0.0,1010.0,0.0,0.0,0.0,0.0,0.0,0.0,0.0,0.0,0.0,0.0,0.0,0.0,0.0,69.0,69.0,2123.0,381.0,784.0,0.486,172.0,406.0,0.424,209.0,378.0,0.553,0.596,64.0,89.0,0.719,64.0,234.0,298.0,144.0,41.0,17.0,104.0,159.0,998.0,0.0,13.3,0.606,0.518,0.114,3.2,11.2,7.3,10.4,0.9,0.7,11.2,18.3,2.5,1.8,4.3,0.097,0.4,-0.6,-0.2,1.0,0.0,2020
94,Victor Oladipo,27.8,5.1,12.9,0.394,1.7,5.5,0.317,3.4,7.5,0.451,0.461,2.5,3.1,0.814,0.5,3.5,3.9,2.9,0.9,0.2,2.5,1.9,14.5,0.0,0.0,1010.0,0.0,0.0,0.0,0.0,0.0,0.0,0.0,0.0,0.0,0.0,0.0,0.0,0.0,19.0,16.0,528.0,97.0,246.0,0.394,33.0,104.0,0.317,64.0,142.0,0.451,0.461,48.0,59.0,0.814,9.0,66.0,75.0,56.0,17.0,4.0,47.0,36.0,275.0,0.0,11.3,0.506,0.423,0.24,1.9,13.6,7.8,15.4,1.6,0.7,14.7,26.5,-0.6,0.6,0.0,0.002,-2.2,-1.1,-3.3,-0.2,0.0,2020
95,Mike Conley,29.0,4.9,12.1,0.409,2.0,5.4,0.375,2.9,6.6,0.437,0.494,2.4,3.0,0.827,0.7,2.5,3.2,4.4,0.8,0.1,2.0,2.2,14.4,0.0,0.0,1010.0,0.0,0.0,0.0,0.0,0.0,0.0,0.0,0.0,0.0,0.0,0.0,0.0,0.0,47.0,41.0,1363.0,232.0,567.0,0.409,96.0,256.0,0.375,136.0,311.0,0.437,0.494,115.0,139.0,0.827,33.0,118.0,151.0,208.0,36.0,5.0,92.0,104.0,675.0,0.0,14.1,0.537,0.451,0.245,2.8,9.2,6.1,23.1,1.3,0.3,12.8,23.1,1.4,1.1,2.5,0.089,0.7,-0.4,0.3,0.8,0.0,2020
96,Aaron Gordon,32.5,5.4,12.4,0.437,1.2,3.8,0.308,4.2,8.5,0.494,0.484,2.4,3.6,0.674,1.7,5.9,7.7,3.7,0.8,0.6,1.6,2.0,14.4,0.0,0.0,1010.0,0.0,0.0,0.0,0.0,0.0,0.0,0.0,0.0,0.0,0.0,0.0,0.0,0.0,62.0,62.0,2017.0,335.0,767.0,0.437,73.0,237.0,0.308,262.0,530.0,0.494,0.484,151.0,224.0,0.674,107.0,368.0,475.0,228.0,51.0,39.0,100.0,125.0,894.0,1.0,15.1,0.516,0.309,0.292,5.5,20.3,12.7,17.4,1.2,1.7,10.4,20.7,1.4,2.3,3.7,0.087,-0.1,0.1,0.0,1.0,0.0,2020
97,Eric Gordon,28.2,4.8,12.9,0.369,2.7,8.4,0.317,2.1,4.4,0.469,0.473,2.3,3.0,0.766,0.3,1.7,2.0,1.5,0.6,0.4,1.2,1.9,14.4,0.0,0.0,1010.0,0.0,0.0,0.0,0.0,0.0,0.0,0.0,0.0,0.0,0.0,0.0,0.0,0.0,36.0,15.0,1016.0,171.0,463.0,0.369,96.0,303.0,0.317,75.0,160.0,0.469,0.473,82.0,107.0,0.766,9.0,62.0,71.0,54.0,23.0,13.0,43.0,70.0,520.0,0.0,10.3,0.51,0.654,0.231,0.9,6.5,3.7,7.9,1.0,1.1,7.8,22.5,-0.1,0.6,0.5,0.024,-1.8,-2.1,-3.9,-0.5,0.0,2020
98,RJ Barrett,30.4,5.2,13.0,0.402,1.1,3.5,0.32,4.1,9.5,0.432,0.445,2.8,4.5,0.614,0.9,4.1,5.0,2.6,1.0,0.3,2.2,2.2,14.3,0.0,0.0,1010.0,0.0,0.0,0.0,0.0,0.0,0.0,0.0,0.0,0.0,0.0,0.0,0.0,0.0,56.0,55.0,1704.0,292.0,727.0,0.402,63.0,197.0,0.32,229.0,530.0,0.432,0.445,156.0,254.0,0.614,50.0,229.0,279.0,143.0,55.0,17.0,124.0,122.0,803.0,0.0,10.7,0.479,0.271,0.349,3.0,14.8,8.7,12.8,1.6,0.9,12.9,24.0,-1.6,1.1,-0.5,-0.015,-2.9,-1.5,-4.3,-1.0,0.0,2020
99,Marvin Bagley III,25.7,6.0,12.8,0.467,0.3,1.7,0.182,5.7,11.2,0.51,0.479,1.9,2.4,0.806,2.2,5.2,7.5,0.8,0.5,0.9,1.4,3.3,14.2,0.0,0.0,1010.0,0.0,0.0,0.0,0.0,0.0,0.0,0.0,0.0,0.0,0.0,0.0,0.0,0.0,13.0,6.0,334.0,78.0,167.0,0.467,4.0,22.0,0.182,74.0,145.0,0.51,0.479,25.0,31.0,0.806,29.0,68.0,97.0,10.0,6.0,12.0,18.0,43.0,185.0,0.0,15.6,0.512,0.132,0.186,9.5,23.5,16.3,4.9,0.9,3.4,9.1,25.8,0.0,0.3,0.4,0.051,-2.2,-1.4,-3.5,-0.1,0.0,2020
100,Jabari Parker,24.1,5.8,11.3,0.51,0.8,3.1,0.269,4.9,8.2,0.603,0.548,1.6,2.1,0.753,1.6,4.0,5.6,1.8,1.2,0.4,1.7,2.6,14.0,0.0,0.0,1010.0,0.0,0.0,0.0,0.0,0.0,0.0,0.0,0.0,0.0,0.0,0.0,0.0,0.0,38.0,23.0,917.0,219.0,429.0,0.51,32.0,119.0,0.269,187.0,310.0,0.603,0.548,61.0,81.0,0.753,61.0,153.0,214.0,68.0,45.0,16.0,64.0,99.0,531.0,0.0,18.0,0.571,0.277,0.189,7.1,18.3,12.6,12.4,2.3,1.5,12.1,24.0,0.8,0.8,1.6,0.083,0.6,-0.3,0.3,0.5,0.0,2020
101,Eric Paschall,27.6,5.3,10.7,0.497,0.6,2.2,0.287,4.7,8.5,0.55,0.526,2.7,3.5,0.774,1.4,3.2,4.6,2.1,0.5,0.2,1.6,2.1,14.0,0.0,0.0,1010.0,0.0,0.0,0.0,0.0,0.0,0.0,0.0,0.0,0.0,0.0,0.0,0.0,0.0,60.0,26.0,1654.0,318.0,640.0,0.497,37.0,129.0,0.287,281.0,511.0,0.55,0.526,164.0,212.0,0.774,82.0,193.0,275.0,127.0,32.0,13.0,94.0,125.0,837.0,0.0,14.5,0.571,0.202,0.331,5.2,13.1,9.0,12.7,0.9,0.7,11.4,21.4,1.6,0.5,2.1,0.062,-0.7,-2.0,-2.7,-0.3,0.0,2020
102,Clint Capela,32.8,6.3,9.9,0.629,0.0,0.0,0.0,6.3,9.9,0.629,0.629,1.4,2.7,0.529,4.3,9.5,13.8,1.2,0.8,1.8,1.6,2.6,13.9,0.0,0.0,1010.0,0.0,0.0,0.0,0.0,0.0,0.0,0.0,0.0,0.0,0.0,0.0,0.0,0.0,39.0,39.0,1279.0,244.0,388.0,0.629,0.0,0.0,0.0,244.0,388.0,0.629,0.629,55.0,104.0,0.529,168.0,369.0,537.0,48.0,33.0,72.0,63.0,102.0,543.0,0.0,20.6,0.626,0.0,0.268,13.6,30.5,22.0,5.7,1.2,4.8,12.7,16.1,2.8,2.1,4.9,0.184,1.0,0.4,1.4,1.1,0.0,2020
103,Josh Richardson,30.8,5.1,11.7,0.43,1.5,4.5,0.341,3.5,7.2,0.486,0.496,2.1,2.6,0.809,0.7,2.4,3.2,2.9,0.9,0.7,1.9,2.5,13.7,0.0,0.0,1010.0,0.0,0.0,0.0,0.0,0.0,0.0,0.0,0.0,0.0,0.0,0.0,0.0,0.0,55.0,53.0,1693.0,278.0,646.0,0.43,85.0,249.0,0.341,193.0,397.0,0.486,0.496,114.0,141.0,0.809,41.0,133.0,174.0,162.0,52.0,36.0,104.0,136.0,755.0,0.0,12.0,0.533,0.385,0.218,2.7,8.7,5.7,13.9,1.5,1.8,12.8,20.6,0.5,1.7,2.1,0.061,-1.4,-0.4,-1.8,0.1,0.0,2020
104,Rui Hachimura,30.1,5.3,11.4,0.466,0.5,1.8,0.287,4.8,9.5,0.5,0.489,2.4,2.9,0.829,1.6,4.5,6.1,1.8,0.8,0.2,1.1,2.2,13.5,0.0,0.0,1010.0,0.0,0.0,0.0,0.0,0.0,0.0,0.0,0.0,0.0,0.0,0.0,0.0,0.0,48.0,48.0,1444.0,254.0,545.0,0.466,25.0,87.0,0.287,229.0,458.0,0.5,0.489,116.0,140.0,0.829,78.0,216.0,294.0,87.0,37.0,8.0,53.0,105.0,649.0,0.0,13.5,0.535,0.16,0.257,5.7,17.0,11.1,8.8,1.2,0.5,8.0,19.0,1.3,0.5,1.8,0.06,-1.2,-2.0,-3.2,-0.4,0.0,2020
105,Tyler Herro,27.4,4.9,11.5,0.428,2.1,5.4,0.389,2.8,6.1,0.462,0.52,1.6,1.8,0.87,0.3,3.8,4.1,2.2,0.6,0.2,1.6,1.4,13.5,0.0,0.0,1010.0,0.0,0.0,0.0,0.0,0.0,0.0,0.0,0.0,0.0,0.0,0.0,0.0,0.0,55.0,8.0,1508.0,270.0,631.0,0.428,116.0,298.0,0.389,154.0,333.0,0.462,0.52,87.0,100.0,0.87,16.0,208.0,224.0,121.0,34.0,9.0,87.0,76.0,743.0,0.0,12.5,0.55,0.472,0.158,1.2,14.9,8.3,12.7,1.1,0.6,11.4,22.3,0.2,1.3,1.6,0.05,-0.4,-1.2,-1.6,0.1,0.0,2020
106,Duncan Robinson,29.7,4.4,9.4,0.47,3.7,8.3,0.446,0.7,1.1,0.654,0.667,0.9,1.0,0.931,0.1,3.0,3.2,1.4,0.5,0.3,1.0,2.6,13.5,0.0,0.0,1010.0,0.0,0.0,0.0,0.0,0.0,0.0,0.0,0.0,0.0,0.0,0.0,0.0,0.0,73.0,68.0,2166.0,323.0,687.0,0.47,270.0,606.0,0.446,53.0,81.0,0.654,0.667,67.0,72.0,0.931,10.0,222.0,232.0,102.0,35.0,19.0,70.0,193.0,983.0,0.0,13.1,0.684,0.882,0.105,0.5,11.0,6.0,7.1,0.8,0.9,8.9,16.0,3.7,1.6,5.3,0.118,1.5,-1.0,0.5,1.3,0.0,2020
107,Thomas Bryant,24.9,5.3,9.1,0.581,0.8,2.0,0.407,4.5,7.1,0.63,0.626,1.9,2.5,0.741,2.1,5.1,7.2,1.8,0.5,1.1,1.2,2.2,13.2,0.0,0.0,1010.0,0.0,0.0,0.0,0.0,0.0,0.0,0.0,0.0,0.0,0.0,0.0,0.0,0.0,46.0,36.0,1147.0,243.0,418.0,0.581,37.0,91.0,0.407,206.0,327.0,0.63,0.626,86.0,116.0,0.741,98.0,233.0,331.0,83.0,25.0,49.0,53.0,103.0,609.0,0.0,21.1,0.649,0.218,0.278,9.0,23.1,15.8,11.1,1.0,3.7,10.2,18.9,3.1,0.8,3.9,0.164,2.9,-0.7,2.2,1.2,0.0,2020
108,Coby White,25.8,4.8,12.2,0.394,2.0,5.8,0.354,2.8,6.4,0.43,0.478,1.6,2.0,0.791,0.4,3.1,3.5,2.7,0.8,0.1,1.7,1.8,13.2,0.0,0.0,1010.0,0.0,0.0,0.0,0.0,0.0,0.0,0.0,0.0,0.0,0.0,0.0,0.0,0.0,65.0,1.0,1674.0,312.0,792.0,0.394,133.0,376.0,0.354,179.0,416.0,0.43,0.478,102.0,129.0,0.791,28.0,202.0,230.0,175.0,49.0,6.0,109.0,117.0,859.0,0.0,11.9,0.506,0.475,0.163,1.8,14.0,7.6,16.5,1.4,0.3,11.4,24.4,-0.5,1.4,0.9,0.026,-1.3,-1.6,-2.9,-0.4,0.0,2020
109,Christian Wood,21.4,4.6,8.2,0.567,0.9,2.3,0.386,3.8,5.9,0.636,0.62,2.9,3.9,0.744,1.7,4.6,6.3,1.0,0.5,0.9,1.4,1.6,13.1,0.0,0.0,1010.0,0.0,0.0,0.0,0.0,0.0,0.0,0.0,0.0,0.0,0.0,0.0,0.0,0.0,62.0,12.0,1325.0,288.0,508.0,0.567,54.0,140.0,0.386,234.0,368.0,0.636,0.62,180.0,242.0,0.744,104.0,286.0,390.0,60.0,34.0,54.0,84.0,98.0,810.0,0.0,23.2,0.659,0.276,0.476,8.8,24.8,16.7,7.6,1.3,3.4,12.0,23.0,3.6,1.5,5.1,0.183,3.5,-0.3,3.1,1.7,0.0,2020
110,Miles Bridges,30.7,4.9,11.6,0.424,1.5,4.6,0.33,3.4,7.0,0.486,0.489,1.6,2.0,0.809,1.4,4.2,5.6,1.8,0.6,0.7,1.5,2.0,13.0,0.0,0.0,1010.0,0.0,0.0,0.0,0.0,0.0,0.0,0.0,0.0,0.0,0.0,0.0,0.0,0.0,65.0,64.0,1995.0,319.0,753.0,0.424,99.0,300.0,0.33,220.0,453.0,0.486,0.489,106.0,131.0,0.809,88.0,274.0,362.0,114.0,40.0,48.0,95.0,132.0,843.0,0.0,12.1,0.52,0.398,0.174,4.6,15.6,9.9,9.4,1.0,2.2,10.5,20.0,0.3,1.3,1.6,0.039,-1.5,-1.0,-2.5,-0.3,0.0,2020
111,Ricky Rubio,31.0,4.4,10.6,0.415,1.2,3.3,0.361,3.2,7.3,0.439,0.471,3.0,3.5,0.863,0.7,4.0,4.7,8.8,1.4,0.2,2.7,2.6,13.0,0.0,0.0,1010.0,0.0,0.0,0.0,0.0,0.0,0.0,0.0,0.0,0.0,0.0,0.0,0.0,0.0,65.0,65.0,2016.0,287.0,692.0,0.415,78.0,216.0,0.361,209.0,476.0,0.439,0.471,195.0,226.0,0.863,46.0,258.0,304.0,570.0,94.0,11.0,173.0,167.0,847.0,2.0,16.5,0.535,0.312,0.327,2.5,14.4,8.4,39.7,2.2,0.5,17.9,20.4,2.9,2.0,4.9,0.117,0.7,0.2,1.0,1.5,0.0,2020
112,Marcus Smart,32.0,4.3,11.4,0.375,2.3,6.6,0.347,2.0,4.8,0.415,0.476,2.1,2.5,0.836,0.7,3.1,3.8,4.9,1.7,0.5,1.7,2.7,12.9,0.0,0.0,1010.0,0.0,0.0,0.0,0.0,0.0,0.0,0.0,0.0,0.0,0.0,0.0,0.0,0.0,60.0,40.0,1919.0,256.0,682.0,0.375,137.0,395.0,0.347,119.0,287.0,0.415,0.476,127.0,152.0,0.836,42.0,183.0,225.0,291.0,101.0,29.0,103.0,162.0,776.0,0.0,13.8,0.518,0.579,0.223,2.4,10.1,6.3,21.1,2.5,1.4,12.1,18.9,1.7,2.8,4.5,0.112,0.0,1.4,1.4,1.6,0.0,2020
113,Kyle Kuzma,25.0,4.8,11.0,0.436,1.4,4.5,0.316,3.4,6.5,0.518,0.5,1.9,2.5,0.735,0.9,3.6,4.5,1.3,0.5,0.4,1.5,2.1,12.8,0.0,0.0,1010.0,0.0,0.0,0.0,0.0,0.0,0.0,0.0,0.0,0.0,0.0,0.0,0.0,0.0,61.0,9.0,1526.0,291.0,668.0,0.436,86.0,272.0,0.316,205.0,396.0,0.518,0.5,114.0,155.0,0.735,52.0,221.0,273.0,80.0,28.0,26.0,91.0,126.0,782.0,0.0,12.2,0.531,0.407,0.232,3.8,15.7,9.8,7.6,0.9,1.5,11.0,22.9,0.1,1.9,2.0,0.063,-1.6,-1.0,-2.6,-0.2,0.0,2020
114,Damion Lee,29.0,4.3,10.4,0.417,1.7,4.9,0.356,2.6,5.6,0.471,0.5,2.2,2.6,0.873,0.7,4.2,4.9,2.7,1.0,0.1,1.4,2.4,12.7,0.0,0.0,1010.0,0.0,0.0,0.0,0.0,0.0,0.0,0.0,0.0,0.0,0.0,0.0,0.0,0.0,49.0,36.0,1423.0,213.0,511.0,0.417,85.0,239.0,0.356,128.0,272.0,0.471,0.5,110.0,126.0,0.873,32.0,207.0,239.0,133.0,50.0,6.0,67.0,116.0,621.0,0.0,12.7,0.548,0.468,0.247,2.4,16.3,9.1,14.4,1.7,0.4,10.6,19.0,0.9,0.8,1.7,0.058,-1.5,-0.8,-2.3,-0.1,0.0,2020
115,Jeremy Lamb,28.1,4.7,10.4,0.451,1.2,3.4,0.335,3.5,7.0,0.508,0.506,2.0,2.4,0.836,0.5,3.8,4.3,2.1,1.2,0.5,1.1,2.3,12.5,0.0,0.0,1010.0,0.0,0.0,0.0,0.0,0.0,0.0,0.0,0.0,0.0,0.0,0.0,0.0,0.0,46.0,42.0,1291.0,216.0,479.0,0.451,53.0,158.0,0.335,163.0,321.0,0.508,0.506,92.0,110.0,0.836,24.0,176.0,200.0,96.0,55.0,22.0,50.0,104.0,577.0,0.0,14.0,0.547,0.33,0.23,2.1,14.8,8.5,10.5,2.1,1.5,8.7,19.6,0.9,1.8,2.7,0.099,-1.1,0.8,-0.4,0.5,0.0,2020
116,Robert Covington,30.5,4.4,10.3,0.422,2.3,6.9,0.335,2.1,3.5,0.593,0.533,1.4,1.8,0.798,0.9,5.7,6.6,1.3,1.6,1.3,1.5,3.1,12.4,0.0,0.0,1010.0,0.0,0.0,0.0,0.0,0.0,0.0,0.0,0.0,0.0,0.0,0.0,0.0,0.0,70.0,68.0,2137.0,305.0,723.0,0.422,161.0,480.0,0.335,144.0,243.0,0.593,0.533,99.0,124.0,0.798,63.0,400.0,463.0,88.0,115.0,93.0,103.0,220.0,870.0,0.0,13.3,0.559,0.664,0.172,3.0,20.2,11.4,5.9,2.5,3.7,11.7,17.0,0.7,3.0,3.7,0.083,-1.2,1.3,0.0,1.1,0.0,2020
117,Seth Curry,24.6,4.4,9.0,0.495,2.3,5.0,0.452,2.2,4.0,0.549,0.621,1.3,1.5,0.825,0.4,1.8,2.3,1.9,0.6,0.1,1.0,1.8,12.4,0.0,0.0,1010.0,0.0,0.0,0.0,0.0,0.0,0.0,0.0,0.0,0.0,0.0,0.0,0.0,0.0,64.0,25.0,1576.0,284.0,574.0,0.495,145.0,321.0,0.452,139.0,253.0,0.549,0.621,80.0,97.0,0.825,27.0,118.0,145.0,124.0,38.0,9.0,62.0,113.0,793.0,0.0,15.5,0.643,0.559,0.169,1.8,7.8,4.8,11.6,1.2,0.5,9.1,18.4,3.5,0.8,4.3,0.13,1.7,-0.9,0.8,1.2,0.0,2020
118,Darius Garland,30.9,4.7,11.8,0.401,1.8,5.0,0.355,3.0,6.8,0.434,0.476,1.1,1.2,0.875,0.5,1.4,1.9,3.9,0.7,0.1,2.6,1.6,12.3,0.0,0.0,1010.0,0.0,0.0,0.0,0.0,0.0,0.0,0.0,0.0,0.0,0.0,0.0,0.0,0.0,59.0,59.0,1824.0,280.0,699.0,0.401,105.0,296.0,0.355,175.0,403.0,0.434,0.476,63.0,72.0,0.875,27.0,84.0,111.0,229.0,42.0,4.0,151.0,92.0,728.0,0.0,8.5,0.498,0.423,0.103,1.6,5.2,3.4,18.5,1.1,0.2,17.1,20.7,-1.3,0.0,-1.3,-0.034,-2.7,-2.8,-5.5,-1.7,0.0,2020
119,Richaun Holmes,28.2,5.1,7.8,0.648,0.0,0.0,0.0,5.1,7.8,0.648,0.648,2.1,2.7,0.788,2.9,5.3,8.1,1.0,0.9,1.3,1.2,3.8,12.3,0.0,0.0,1010.0,0.0,0.0,0.0,0.0,0.0,0.0,0.0,0.0,0.0,0.0,0.0,0.0,0.0,44.0,38.0,1242.0,223.0,344.0,0.648,0.0,0.0,0.0,223.0,344.0,0.648,0.648,93.0,118.0,0.788,127.0,231.0,358.0,42.0,41.0,56.0,52.0,169.0,539.0,0.0,19.7,0.681,0.0,0.343,11.2,21.5,16.2,5.1,1.6,4.3,11.6,15.6,3.4,1.5,4.9,0.19,0.3,0.7,1.0,0.9,0.0,2020
120,De'Andre Hunter,32.0,4.4,10.8,0.41,1.7,4.8,0.355,2.7,6.0,0.454,0.489,1.7,2.3,0.764,0.7,3.8,4.5,1.8,0.7,0.3,1.6,2.9,12.3,0.0,0.0,1010.0,0.0,0.0,0.0,0.0,0.0,0.0,0.0,0.0,0.0,0.0,0.0,0.0,0.0,63.0,62.0,2018.0,280.0,683.0,0.41,108.0,304.0,0.355,172.0,379.0,0.454,0.489,110.0,144.0,0.764,44.0,242.0,286.0,112.0,44.0,18.0,103.0,182.0,778.0,0.0,8.6,0.521,0.445,0.211,2.3,13.1,7.6,8.0,1.0,0.7,12.1,17.5,-0.4,0.5,0.1,0.002,-2.9,-1.8,-4.7,-1.4,0.0,2020
121,Kevin Huerter,31.4,4.5,10.9,0.413,2.3,6.0,0.38,2.2,4.9,0.453,0.517,0.9,1.1,0.828,0.6,3.4,4.1,3.8,0.9,0.5,1.6,2.5,12.2,0.0,0.0,1010.0,0.0,0.0,0.0,0.0,0.0,0.0,0.0,0.0,0.0,0.0,0.0,0.0,0.0,56.0,48.0,1760.0,252.0,610.0,0.413,127.0,334.0,0.38,125.0,276.0,0.453,0.517,53.0,64.0,0.828,35.0,193.0,228.0,213.0,51.0,27.0,87.0,139.0,684.0,0.0,11.5,0.536,0.548,0.105,2.1,12.0,7.0,17.5,1.4,1.3,12.0,17.1,1.0,0.6,1.6,0.043,-0.7,-0.9,-1.6,0.2,0.0,2020
122,Isaiah Thomas,23.1,4.4,10.7,0.408,2.0,4.7,0.413,2.4,5.9,0.405,0.5,1.6,1.9,0.816,0.3,1.4,1.7,3.7,0.3,0.2,1.9,1.9,12.2,0.0,0.0,1010.0,0.0,0.0,0.0,0.0,0.0,0.0,0.0,0.0,0.0,0.0,0.0,0.0,0.0,40.0,37.0,925.0,174.0,426.0,0.408,78.0,189.0,0.413,96.0,237.0,0.405,0.5,62.0,76.0,0.816,11.0,57.0,68.0,146.0,13.0,6.0,77.0,77.0,488.0,0.0,11.6,0.531,0.444,0.178,1.2,7.0,4.0,23.4,0.7,0.6,14.4,24.1,0.1,-0.1,0.0,0.002,-0.5,-3.9,-4.4,-0.5,0.0,2020
123,P.J. Washington,30.3,4.6,10.2,0.455,1.5,4.0,0.374,3.1,6.2,0.507,0.528,1.5,2.3,0.647,1.0,4.4,5.4,2.1,0.9,0.8,1.6,2.7,12.2,0.0,0.0,1010.0,0.0,0.0,0.0,0.0,0.0,0.0,0.0,0.0,0.0,0.0,0.0,0.0,0.0,58.0,57.0,1759.0,268.0,589.0,0.455,86.0,230.0,0.374,182.0,359.0,0.507,0.528,88.0,136.0,0.647,58.0,258.0,316.0,123.0,51.0,44.0,93.0,158.0,710.0,0.0,12.4,0.547,0.39,0.231,3.5,16.6,9.8,11.3,1.5,2.3,12.5,18.6,0.5,1.5,2.0,0.054,-1.7,0.1,-1.6,0.2,0.0,2020
124,Brandon Clarke,22.4,5.1,8.3,0.618,0.4,1.1,0.359,4.7,7.2,0.658,0.642,1.5,1.9,0.759,1.6,4.4,5.9,1.4,0.6,0.8,0.9,1.7,12.1,0.0,0.0,1010.0,0.0,0.0,0.0,0.0,0.0,0.0,0.0,0.0,0.0,0.0,0.0,0.0,0.0,58.0,4.0,1300.0,296.0,479.0,0.618,23.0,64.0,0.359,273.0,415.0,0.658,0.642,85.0,112.0,0.759,92.0,253.0,345.0,81.0,32.0,48.0,55.0,100.0,700.0,0.0,20.9,0.663,0.134,0.234,7.6,20.1,14.0,9.5,1.1,3.2,9.4,18.7,3.4,1.6,5.0,0.183,2.4,0.7,3.1,1.7,0.0,2020
125,Markelle Fultz,27.7,5.0,10.7,0.465,0.5,1.9,0.267,4.5,8.8,0.507,0.488,1.6,2.2,0.73,0.6,2.7,3.3,5.1,1.3,0.2,2.0,2.0,12.1,0.0,0.0,1010.0,0.0,0.0,0.0,0.0,0.0,0.0,0.0,0.0,0.0,0.0,0.0,0.0,0.0,72.0,60.0,1996.0,359.0,772.0,0.465,36.0,135.0,0.267,323.0,637.0,0.507,0.488,116.0,159.0,0.73,41.0,197.0,238.0,369.0,90.0,11.0,147.0,142.0,870.0,1.0,14.3,0.517,0.175,0.206,2.1,11.0,6.4,29.0,2.2,0.5,14.9,21.4,0.6,2.0,2.7,0.065,-1.8,0.0,-1.8,0.1,0.0,2020
126,Taurean Prince,29.0,4.3,11.5,0.376,2.3,6.7,0.339,2.1,4.8,0.429,0.475,1.1,1.4,0.798,0.8,5.2,6.0,1.8,0.9,0.4,2.0,2.5,12.1,0.0,0.0,1010.0,0.0,0.0,0.0,0.0,0.0,0.0,0.0,0.0,0.0,0.0,0.0,0.0,0.0,64.0,61.0,1857.0,278.0,739.0,0.376,146.0,431.0,0.339,132.0,308.0,0.429,0.475,71.0,89.0,0.798,50.0,331.0,381.0,116.0,57.0,25.0,127.0,159.0,773.0,0.0,9.1,0.497,0.583,0.12,2.8,18.1,10.6,9.2,1.5,1.1,14.0,20.4,-1.7,2.3,0.6,0.014,-2.8,-0.1,-2.9,-0.4,0.0,2020
127,Myles Turner,29.5,4.3,9.5,0.457,1.4,4.0,0.344,2.9,5.4,0.54,0.53,2.0,2.7,0.751,1.4,5.2,6.6,1.2,0.7,2.1,1.4,2.7,12.1,0.0,0.0,1010.0,0.0,0.0,0.0,0.0,0.0,0.0,0.0,0.0,0.0,0.0,0.0,0.0,0.0,62.0,62.0,1826.0,268.0,587.0,0.457,86.0,250.0,0.344,182.0,337.0,0.54,0.53,127.0,169.0,0.751,86.0,321.0,407.0,72.0,46.0,132.0,85.0,166.0,749.0,0.0,14.8,0.566,0.426,0.288,5.2,19.1,12.2,5.4,1.2,6.4,11.4,17.9,1.1,3.1,4.2,0.111,-1.0,1.1,0.1,1.0,0.0,2020
128,Jerami Grant,26.6,4.3,8.9,0.478,1.4,3.5,0.389,2.9,5.4,0.537,0.555,2.1,2.8,0.75,0.8,2.7,3.5,1.2,0.7,0.8,0.9,2.2,12.0,0.0,0.0,1010.0,0.0,0.0,0.0,0.0,0.0,0.0,0.0,0.0,0.0,0.0,0.0,0.0,0.0,71.0,24.0,1892.0,303.0,634.0,0.478,98.0,252.0,0.389,205.0,382.0,0.537,0.555,147.0,196.0,0.75,58.0,190.0,248.0,88.0,50.0,57.0,63.0,154.0,851.0,0.0,14.4,0.591,0.397,0.309,3.4,11.2,7.3,6.6,1.3,2.8,8.0,18.0,2.8,1.6,4.4,0.111,0.1,-0.6,-0.5,0.7,0.0,2020
129,Brook Lopez,26.7,4.3,9.9,0.435,1.5,4.8,0.314,2.8,5.1,0.549,0.511,1.9,2.2,0.836,0.9,3.7,4.6,1.5,0.7,2.4,1.0,2.4,12.0,0.0,0.0,1010.0,0.0,0.0,0.0,0.0,0.0,0.0,0.0,0.0,0.0,0.0,0.0,0.0,0.0,68.0,67.0,1817.0,292.0,671.0,0.435,102.0,325.0,0.314,190.0,346.0,0.549,0.511,127.0,152.0,0.836,58.0,254.0,312.0,99.0,46.0,163.0,70.0,163.0,813.0,0.0,15.0,0.551,0.484,0.227,3.4,13.0,8.5,7.4,1.2,7.9,8.7,18.3,1.4,4.1,5.5,0.145,-0.4,2.5,2.0,1.9,0.0,2020
130,Tristan Thompson,30.2,5.1,9.9,0.512,0.2,0.4,0.391,4.9,9.5,0.518,0.52,1.7,2.8,0.615,4.0,6.2,10.1,2.1,0.6,0.9,1.8,2.2,12.0,0.0,0.0,1010.0,0.0,0.0,0.0,0.0,0.0,0.0,0.0,0.0,0.0,0.0,0.0,0.0,0.0,57.0,51.0,1721.0,288.0,562.0,0.512,9.0,23.0,0.391,279.0,539.0,0.518,0.52,99.0,161.0,0.615,226.0,351.0,577.0,120.0,33.0,50.0,103.0,124.0,684.0,0.0,16.8,0.54,0.041,0.286,14.5,22.9,18.6,10.5,0.9,2.5,14.0,18.3,2.0,1.1,3.1,0.085,-0.2,-1.3,-1.5,0.2,0.0,2020
131,Reggie Jackson,24.0,4.3,10.5,0.411,1.8,4.7,0.393,2.5,5.8,0.425,0.498,1.5,1.7,0.833,0.5,2.4,3.0,4.1,0.4,0.2,1.6,1.9,11.9,0.0,0.0,1010.0,0.0,0.0,0.0,0.0,0.0,0.0,0.0,0.0,0.0,0.0,0.0,0.0,0.0,31.0,16.0,743.0,134.0,326.0,0.411,57.0,145.0,0.393,77.0,181.0,0.425,0.498,45.0,54.0,0.833,17.0,75.0,92.0,126.0,13.0,5.0,51.0,59.0,370.0,0.0,13.7,0.529,0.445,0.166,2.5,10.8,6.7,26.2,0.8,0.6,12.7,23.1,0.6,0.5,1.1,0.073,0.8,-1.2,-0.4,0.3,0.0,2020
132,Al Horford,30.2,4.8,10.6,0.45,1.5,4.2,0.35,3.3,6.4,0.516,0.52,0.9,1.2,0.763,1.5,5.3,6.8,4.0,0.8,0.9,1.2,2.1,11.9,0.0,0.0,1010.0,0.0,0.0,0.0,0.0,0.0,0.0,0.0,0.0,0.0,0.0,0.0,0.0,0.0,67.0,61.0,2025.0,319.0,709.0,0.45,99.0,283.0,0.35,220.0,426.0,0.516,0.52,61.0,80.0,0.763,103.0,353.0,456.0,270.0,52.0,61.0,80.0,142.0,798.0,0.0,15.7,0.536,0.399,0.113,5.6,19.3,12.4,19.2,1.2,2.6,9.7,17.5,2.8,2.6,5.4,0.128,1.3,1.0,2.2,2.2,0.0,2020
133,Jonathan Isaac,28.8,4.6,9.8,0.47,0.9,2.8,0.34,3.6,7.0,0.521,0.518,1.8,2.3,0.779,1.7,5.1,6.8,1.4,1.6,2.3,1.4,2.4,11.9,0.0,0.0,1010.0,0.0,0.0,0.0,0.0,0.0,0.0,0.0,0.0,0.0,0.0,0.0,0.0,0.0,34.0,32.0,980.0,156.0,332.0,0.47,32.0,94.0,0.34,124.0,238.0,0.521,0.518,60.0,77.0,0.779,58.0,173.0,231.0,48.0,53.0,78.0,49.0,83.0,404.0,0.0,17.3,0.552,0.283,0.232,6.2,19.6,12.7,7.4,2.6,7.2,11.8,18.3,0.6,1.9,2.5,0.12,-0.6,2.9,2.3,1.1,0.0,2020
134,Otto Porter Jr.,23.6,4.4,10.0,0.443,1.7,4.4,0.387,2.7,5.6,0.487,0.529,1.4,1.9,0.704,0.9,2.5,3.4,1.8,1.1,0.4,0.8,2.2,11.9,0.0,0.0,1010.0,0.0,0.0,0.0,0.0,0.0,0.0,0.0,0.0,0.0,0.0,0.0,0.0,0.0,14.0,9.0,331.0,62.0,140.0,0.443,24.0,62.0,0.387,38.0,78.0,0.487,0.529,19.0,27.0,0.704,13.0,35.0,48.0,25.0,15.0,6.0,11.0,31.0,167.0,0.0,15.8,0.55,0.443,0.193,4.1,12.3,8.0,11.9,2.2,1.7,6.8,21.0,0.4,0.4,0.8,0.112,0.8,0.2,1.0,0.3,0.0,2020
135,Lonzo Ball,32.1,4.4,10.9,0.403,2.3,6.3,0.375,2.0,4.6,0.442,0.511,0.7,1.2,0.566,1.1,5.0,6.1,7.0,1.4,0.6,3.1,2.0,11.8,0.0,0.0,1010.0,0.0,0.0,0.0,0.0,0.0,0.0,0.0,0.0,0.0,0.0,0.0,0.0,0.0,63.0,54.0,2025.0,277.0,687.0,0.403,148.0,395.0,0.375,129.0,292.0,0.442,0.511,43.0,76.0,0.566,71.0,312.0,383.0,438.0,88.0,38.0,193.0,128.0,745.0,3.0,13.1,0.517,0.575,0.111,3.7,16.4,10.0,29.1,2.0,1.6,21.1,18.5,0.4,2.0,2.4,0.058,0.1,0.6,0.6,1.3,0.0,2020
136,Glenn Robinson III,28.8,4.6,9.5,0.486,1.2,3.2,0.391,3.4,6.4,0.534,0.552,1.2,1.4,0.86,1.3,3.0,4.4,1.5,0.9,0.3,0.9,1.6,11.7,0.0,0.0,1010.0,0.0,0.0,0.0,0.0,0.0,0.0,0.0,0.0,0.0,0.0,0.0,0.0,0.0,62.0,52.0,1786.0,288.0,592.0,0.486,77.0,197.0,0.391,211.0,395.0,0.534,0.552,74.0,86.0,0.86,81.0,189.0,270.0,96.0,54.0,16.0,55.0,100.0,727.0,0.0,13.3,0.577,0.333,0.145,4.8,11.9,8.2,8.4,1.4,0.8,8.0,16.4,2.0,0.9,2.9,0.078,-0.5,-1.2,-1.7,0.1,0.0,2020
137,Patty Mills,22.5,3.9,9.1,0.431,2.3,6.1,0.382,1.6,3.0,0.533,0.56,1.5,1.7,0.866,0.3,1.3,1.6,1.8,0.8,0.1,0.8,1.6,11.6,0.0,0.0,1010.0,0.0,0.0,0.0,0.0,0.0,0.0,0.0,0.0,0.0,0.0,0.0,0.0,0.0,66.0,1.0,1485.0,258.0,598.0,0.431,154.0,403.0,0.382,104.0,195.0,0.533,0.56,97.0,112.0,0.866,22.0,86.0,108.0,118.0,53.0,6.0,54.0,105.0,767.0,0.0,14.8,0.592,0.674,0.187,1.6,6.2,3.9,11.4,1.7,0.4,7.7,20.4,2.3,0.5,2.8,0.091,1.2,-1.2,0.0,0.8,0.0,2020
138,Paul Millsap,24.3,4.1,8.6,0.482,1.1,2.4,0.435,3.1,6.2,0.5,0.543,2.3,2.8,0.816,1.9,3.8,5.7,1.6,0.9,0.6,1.4,2.9,11.6,0.0,0.0,1010.0,0.0,0.0,0.0,0.0,0.0,0.0,0.0,0.0,0.0,0.0,0.0,0.0,0.0,51.0,48.0,1240.0,211.0,438.0,0.482,54.0,124.0,0.435,157.0,314.0,0.5,0.543,115.0,141.0,0.816,98.0,195.0,293.0,83.0,44.0,30.0,70.0,150.0,591.0,0.0,16.9,0.591,0.283,0.322,8.9,17.6,13.2,9.6,1.8,2.2,12.3,20.0,2.1,1.4,3.5,0.136,0.3,-0.2,0.1,0.7,0.0,2020
139,Jordan McRae,21.2,4.0,9.9,0.407,1.2,3.4,0.357,2.8,6.5,0.433,0.469,2.2,2.9,0.761,0.5,2.9,3.4,2.5,0.6,0.4,1.2,2.0,11.5,0.0,0.0,1010.0,0.0,0.0,0.0,0.0,0.0,0.0,0.0,0.0,0.0,0.0,0.0,0.0,0.0,37.0,4.0,784.0,149.0,366.0,0.407,45.0,126.0,0.357,104.0,240.0,0.433,0.469,83.0,109.0,0.761,18.0,106.0,124.0,93.0,21.0,16.0,43.0,73.0,426.0,0.0,14.2,0.515,0.344,0.298,2.4,15.4,8.7,17.9,1.3,1.8,9.4,24.4,0.4,0.4,0.7,0.044,0.0,-1.5,-1.5,0.1,0.0,2020
140,Aron Baynes,22.2,4.4,9.1,0.48,1.4,4.0,0.351,3.0,5.1,0.582,0.558,1.3,1.8,0.747,1.7,4.0,5.6,1.6,0.2,0.5,1.2,3.4,11.5,0.0,0.0,1010.0,0.0,0.0,0.0,0.0,0.0,0.0,0.0,0.0,0.0,0.0,0.0,0.0,0.0,42.0,28.0,934.0,183.0,381.0,0.48,59.0,168.0,0.351,124.0,213.0,0.582,0.558,56.0,75.0,0.747,71.0,166.0,237.0,67.0,10.0,23.0,50.0,141.0,481.0,0.0,15.2,0.581,0.441,0.197,8.3,20.0,14.1,10.9,0.5,2.1,10.8,21.1,1.3,0.8,2.1,0.107,-0.2,-0.8,-1.0,0.2,0.0,2020
141,Nemanja Bjelica,27.9,4.4,9.1,0.481,1.9,4.4,0.419,2.5,4.6,0.541,0.583,1.0,1.2,0.821,1.5,4.8,6.4,2.8,0.9,0.6,1.4,3.0,11.5,0.0,0.0,1010.0,0.0,0.0,0.0,0.0,0.0,0.0,0.0,0.0,0.0,0.0,0.0,0.0,0.0,72.0,67.0,2011.0,314.0,653.0,0.481,134.0,320.0,0.419,180.0,333.0,0.541,0.583,69.0,84.0,0.821,111.0,347.0,458.0,203.0,62.0,40.0,99.0,216.0,831.0,0.0,15.7,0.602,0.49,0.129,6.1,19.9,12.8,14.7,1.5,1.9,12.5,17.0,3.4,1.9,5.3,0.127,1.2,0.5,1.8,1.9,0.0,2020
142,Wendell Carter Jr.,29.2,4.3,8.0,0.534,0.1,0.7,0.207,4.1,7.3,0.564,0.542,2.6,3.5,0.737,3.2,6.2,9.4,1.2,0.8,0.8,1.7,3.8,11.3,0.0,0.0,1010.0,0.0,0.0,0.0,0.0,0.0,0.0,0.0,0.0,0.0,0.0,0.0,0.0,0.0,43.0,43.0,1256.0,183.0,343.0,0.534,6.0,29.0,0.207,177.0,314.0,0.564,0.542,112.0,152.0,0.737,139.0,266.0,405.0,51.0,33.0,36.0,72.0,162.0,484.0,0.0,15.5,0.59,0.085,0.443,11.6,24.6,17.8,6.0,1.3,2.7,14.9,16.4,1.7,1.6,3.3,0.127,-2.1,-0.3,-2.4,-0.1,0.0,2020
143,Derrick White,24.7,3.7,8.1,0.458,1.2,3.2,0.366,2.6,4.9,0.518,0.53,2.6,3.1,0.853,0.5,2.8,3.3,3.5,0.6,0.9,1.3,2.2,11.3,0.0,0.0,1010.0,0.0,0.0,0.0,0.0,0.0,0.0,0.0,0.0,0.0,0.0,0.0,0.0,0.0,68.0,20.0,1677.0,253.0,552.0,0.458,79.0,216.0,0.366,174.0,336.0,0.518,0.53,180.0,211.0,0.853,35.0,188.0,223.0,241.0,44.0,59.0,89.0,152.0,765.0,0.0,16.4,0.593,0.391,0.382,2.3,12.1,7.2,20.0,1.3,3.1,12.1,18.9,3.1,1.1,4.2,0.119,1.2,0.1,1.3,1.4,0.0,2020
144,Justise Winslow,32.0,4.5,11.7,0.388,0.5,2.5,0.222,4.0,9.3,0.431,0.411,1.6,2.5,0.667,1.5,5.2,6.6,4.0,0.6,0.5,2.2,3.5,11.3,0.0,0.0,1010.0,0.0,0.0,0.0,0.0,0.0,0.0,0.0,0.0,0.0,0.0,0.0,0.0,0.0,11.0,5.0,352.0,50.0,129.0,0.388,6.0,27.0,0.222,44.0,102.0,0.431,0.411,18.0,27.0,0.667,16.0,57.0,73.0,44.0,7.0,5.0,24.0,38.0,124.0,0.0,8.5,0.44,0.209,0.209,5.3,17.5,11.6,18.7,1.0,1.4,14.6,20.6,-0.4,0.4,0.0,-0.004,-3.5,-0.1,-3.6,-0.1,0.0,2020
145,Malik Beasley,22.0,4.1,9.7,0.425,1.9,5.0,0.388,2.2,4.7,0.465,0.525,1.0,1.2,0.818,0.3,2.4,2.7,1.4,0.7,0.1,1.0,1.4,11.2,0.0,0.0,1010.0,0.0,0.0,0.0,0.0,0.0,0.0,0.0,0.0,0.0,0.0,0.0,0.0,0.0,55.0,14.0,1209.0,227.0,534.0,0.425,107.0,276.0,0.388,120.0,258.0,0.465,0.525,54.0,66.0,0.818,18.0,130.0,148.0,75.0,40.0,8.0,57.0,77.0,615.0,0.0,12.7,0.546,0.517,0.124,1.6,11.9,6.7,9.4,1.6,0.6,9.2,21.8,0.4,0.8,1.2,0.049,-0.7,-1.4,-2.1,0.0,0.0,2020
146,Bryn Forbes,25.1,3.8,9.2,0.417,2.3,6.0,0.388,1.5,3.2,0.47,0.544,1.2,1.4,0.833,0.2,1.8,2.0,1.7,0.5,0.0,0.9,1.8,11.2,0.0,0.0,1010.0,0.0,0.0,0.0,0.0,0.0,0.0,0.0,0.0,0.0,0.0,0.0,0.0,0.0,63.0,62.0,1579.0,242.0,581.0,0.417,148.0,381.0,0.388,94.0,200.0,0.47,0.544,75.0,90.0,0.833,12.0,114.0,126.0,108.0,33.0,0.0,57.0,113.0,707.0,0.0,11.1,0.57,0.656,0.155,0.8,7.8,4.3,9.5,1.0,0.0,8.4,18.5,1.3,0.3,1.5,0.047,-0.6,-2.1,-2.7,-0.3,0.0,2020
147,Dion Waiters,20.7,4.1,9.9,0.414,1.5,4.7,0.319,2.6,5.2,0.5,0.49,1.4,1.7,0.824,0.2,2.2,2.4,2.0,0.4,0.6,1.6,2.1,11.1,0.0,0.0,1010.0,0.0,0.0,0.0,0.0,0.0,0.0,0.0,0.0,0.0,0.0,0.0,0.0,0.0,10.0,0.0,207.0,41.0,99.0,0.414,15.0,47.0,0.319,26.0,52.0,0.5,0.49,14.0,17.0,0.824,2.0,22.0,24.0,20.0,4.0,6.0,16.0,21.0,111.0,0.0,11.5,0.521,0.475,0.172,1.1,11.5,6.4,14.4,0.9,2.7,13.1,25.2,-0.1,0.2,0.1,0.03,-0.7,-0.6,-1.2,0.0,0.0,2020
148,Jarrett Allen,26.5,4.3,6.6,0.649,0.0,0.1,0.0,4.3,6.6,0.658,0.649,2.4,3.9,0.633,3.1,6.5,9.6,1.6,0.6,1.3,1.1,2.3,11.1,0.0,0.0,1010.0,0.0,0.0,0.0,0.0,0.0,0.0,0.0,0.0,0.0,0.0,0.0,0.0,0.0,70.0,64.0,1852.0,302.0,465.0,0.649,0.0,6.0,0.0,302.0,459.0,0.658,0.649,171.0,270.0,0.633,216.0,455.0,671.0,110.0,40.0,92.0,77.0,162.0,775.0,0.0,20.7,0.664,0.013,0.581,12.3,24.9,18.7,8.9,1.0,4.2,11.7,14.9,5.2,2.9,8.2,0.212,1.4,1.0,2.3,2.0,0.0,2020
149,Cody Zeller,23.1,4.3,8.3,0.524,0.3,1.3,0.24,4.0,7.0,0.577,0.543,2.1,3.1,0.682,2.8,4.3,7.1,1.5,0.7,0.4,1.3,2.4,11.1,0.0,0.0,1010.0,0.0,0.0,0.0,0.0,0.0,0.0,0.0,0.0,0.0,0.0,0.0,0.0,0.0,58.0,39.0,1341.0,251.0,479.0,0.524,18.0,75.0,0.24,233.0,404.0,0.577,0.543,122.0,179.0,0.682,160.0,251.0,411.0,88.0,40.0,25.0,75.0,140.0,642.0,0.0,18.8,0.576,0.157,0.374,12.6,21.2,16.7,11.3,1.5,1.7,11.9,20.8,2.3,1.3,3.6,0.129,0.2,-0.8,-0.6,0.5,0.0,2020
150,Rodney Hood,29.5,4.1,8.2,0.506,1.7,3.4,0.493,2.5,4.8,0.515,0.608,1.0,1.3,0.778,0.5,3.0,3.4,1.5,0.8,0.2,0.9,2.2,11.0,0.0,0.0,1010.0,0.0,0.0,0.0,0.0,0.0,0.0,0.0,0.0,0.0,0.0,0.0,0.0,0.0,21.0,21.0,619.0,87.0,172.0,0.506,35.0,71.0,0.493,52.0,101.0,0.515,0.608,21.0,27.0,0.778,10.0,62.0,72.0,32.0,17.0,4.0,19.0,46.0,230.0,0.0,12.2,0.625,0.413,0.157,1.7,10.4,6.1,7.0,1.3,0.6,9.4,13.9,0.9,0.2,1.1,0.084,-0.4,-0.5,-0.9,0.2,0.0,2020
151,Mychal Mulder,29.1,3.7,9.6,0.388,2.3,7.4,0.308,1.4,2.1,0.667,0.507,1.3,1.7,0.75,0.4,2.9,3.3,1.1,0.3,0.1,0.7,2.9,11.0,0.0,0.0,1010.0,0.0,0.0,0.0,0.0,0.0,0.0,0.0,0.0,0.0,0.0,0.0,0.0,0.0,7.0,3.0,204.0,26.0,67.0,0.388,16.0,52.0,0.308,10.0,15.0,0.667,0.507,9.0,12.0,0.75,3.0,20.0,23.0,8.0,2.0,1.0,5.0,20.0,77.0,0.0,7.8,0.533,0.776,0.179,1.5,11.0,6.1,5.8,0.5,0.4,6.5,16.2,0.0,0.0,0.1,0.017,-3.2,-2.9,-6.0,-0.2,0.0,2020
152,Cedi Osman,29.4,4.1,9.4,0.437,1.9,4.9,0.383,2.2,4.4,0.497,0.538,1.0,1.4,0.67,0.6,3.0,3.6,2.4,0.8,0.2,1.4,2.5,11.0,0.0,0.0,1010.0,0.0,0.0,0.0,0.0,0.0,0.0,0.0,0.0,0.0,0.0,0.0,0.0,0.0,65.0,65.0,1910.0,266.0,609.0,0.437,123.0,321.0,0.383,143.0,288.0,0.497,0.538,63.0,94.0,0.67,39.0,192.0,231.0,154.0,54.0,16.0,91.0,160.0,718.0,0.0,10.7,0.552,0.527,0.154,2.2,11.3,6.7,11.6,1.4,0.7,12.3,16.6,1.0,0.6,1.6,0.04,-1.7,-0.9,-2.6,-0.3,0.0,2020
153,Jeff Teague,24.8,3.6,8.3,0.436,0.7,2.0,0.368,2.9,6.3,0.457,0.48,2.9,3.3,0.873,0.5,1.9,2.4,5.2,0.7,0.3,2.0,1.8,10.9,0.0,0.0,1010.0,0.0,0.0,0.0,0.0,0.0,0.0,0.0,0.0,0.0,0.0,0.0,0.0,0.0,59.0,17.0,1464.0,213.0,489.0,0.436,43.0,117.0,0.368,170.0,372.0,0.457,0.48,172.0,197.0,0.873,27.0,115.0,142.0,308.0,44.0,19.0,116.0,106.0,641.0,0.0,14.6,0.557,0.239,0.403,1.9,8.6,5.2,30.7,1.4,1.1,16.8,19.5,1.9,0.6,2.5,0.082,-0.2,-1.3,-1.5,0.2,0.0,2020
154,Steven Adams,26.7,4.5,7.6,0.592,0.0,0.0,0.333,4.5,7.5,0.594,0.593,1.9,3.2,0.582,3.3,6.0,9.3,2.3,0.8,1.1,1.5,1.9,10.9,0.0,0.0,1010.0,0.0,0.0,0.0,0.0,0.0,0.0,0.0,0.0,0.0,0.0,0.0,0.0,0.0,63.0,63.0,1680.0,283.0,478.0,0.592,1.0,3.0,0.333,282.0,475.0,0.594,0.593,117.0,201.0,0.582,207.0,376.0,583.0,146.0,51.0,67.0,94.0,122.0,684.0,0.0,20.5,0.604,0.006,0.421,14.0,24.0,19.2,13.2,1.5,3.4,14.2,17.3,3.8,2.7,6.5,0.185,1.9,1.1,2.9,2.1,0.0,2020
155,Dejounte Murray,25.6,4.5,9.7,0.462,0.6,1.7,0.369,3.8,8.0,0.481,0.494,1.4,1.7,0.798,1.0,4.8,5.8,4.1,1.7,0.3,1.9,2.2,10.9,0.0,0.0,1010.0,0.0,0.0,0.0,0.0,0.0,0.0,0.0,0.0,0.0,0.0,0.0,0.0,0.0,66.0,58.0,1687.0,294.0,637.0,0.462,41.0,111.0,0.369,253.0,526.0,0.481,0.494,91.0,114.0,0.798,69.0,314.0,383.0,271.0,111.0,17.0,125.0,143.0,720.0,0.0,16.2,0.524,0.174,0.179,4.4,20.1,12.2,23.1,3.1,0.9,15.4,20.8,0.7,2.0,2.6,0.074,-0.9,1.3,0.4,1.0,0.0,2020
156,Cameron Payne,22.9,4.1,8.5,0.485,1.9,3.6,0.517,2.3,4.9,0.462,0.596,0.8,0.9,0.857,0.5,3.4,3.9,3.0,1.0,0.3,1.4,2.5,10.9,0.0,0.0,1010.0,0.0,0.0,0.0,0.0,0.0,0.0,0.0,0.0,0.0,0.0,0.0,0.0,0.0,8.0,0.0,183.0,33.0,68.0,0.485,15.0,29.0,0.517,18.0,39.0,0.462,0.596,6.0,7.0,0.857,4.0,27.0,31.0,24.0,8.0,2.0,11.0,20.0,87.0,0.0,15.7,0.612,0.426,0.103,2.4,16.6,9.4,19.5,2.1,1.0,13.4,19.1,0.3,0.2,0.5,0.12,0.7,1.0,1.7,0.2,0.0,2020
157,Ish Smith,26.3,4.5,10.1,0.447,0.9,2.5,0.367,3.6,7.6,0.473,0.492,0.9,1.3,0.721,0.4,2.8,3.2,4.9,0.9,0.4,1.4,1.6,10.9,0.0,0.0,1010.0,0.0,0.0,0.0,0.0,0.0,0.0,0.0,0.0,0.0,0.0,0.0,0.0,0.0,68.0,23.0,1787.0,308.0,689.0,0.447,62.0,169.0,0.367,246.0,520.0,0.473,0.492,62.0,86.0,0.721,30.0,189.0,219.0,334.0,59.0,30.0,95.0,106.0,740.0,0.0,13.9,0.509,0.245,0.125,1.8,12.0,6.7,27.1,1.5,1.5,11.6,19.1,1.3,0.6,1.9,0.051,-0.3,-1.0,-1.3,0.3,0.0,2020
158,Rudy Gay,21.8,4.0,8.9,0.446,1.1,3.3,0.336,2.9,5.6,0.511,0.508,1.8,2.0,0.882,0.9,4.5,5.4,1.7,0.5,0.5,1.3,1.5,10.8,0.0,0.0,1010.0,0.0,0.0,0.0,0.0,0.0,0.0,0.0,0.0,0.0,0.0,0.0,0.0,0.0,67.0,5.0,1461.0,266.0,596.0,0.446,74.0,220.0,0.336,192.0,376.0,0.511,0.508,120.0,136.0,0.882,61.0,301.0,362.0,114.0,35.0,33.0,88.0,103.0,726.0,0.0,15.4,0.553,0.369,0.228,4.5,22.2,13.4,11.3,1.1,2.0,11.8,22.0,0.9,1.1,2.1,0.068,0.0,-0.9,-0.8,0.4,0.0,2020
159,Dario Šarić,24.7,3.9,8.2,0.476,1.3,3.6,0.357,2.6,4.6,0.568,0.554,1.6,1.9,0.844,1.5,4.6,6.2,1.9,0.6,0.2,1.3,2.4,10.7,0.0,0.0,1010.0,0.0,0.0,0.0,0.0,0.0,0.0,0.0,0.0,0.0,0.0,0.0,0.0,0.0,66.0,51.0,1632.0,256.0,538.0,0.476,84.0,235.0,0.357,172.0,303.0,0.568,0.554,108.0,128.0,0.844,100.0,306.0,406.0,123.0,37.0,16.0,88.0,156.0,704.0,0.0,14.2,0.592,0.437,0.238,6.7,21.1,13.8,10.8,1.1,0.9,12.9,17.8,2.1,1.5,3.6,0.105,-0.1,-0.3,-0.4,0.7,0.0,2020
160,OG Anunoby,29.9,4.1,8.2,0.505,1.3,3.3,0.39,2.9,4.9,0.583,0.584,1.0,1.5,0.706,1.2,4.1,5.3,1.6,1.4,0.7,1.1,2.4,10.6,0.0,0.0,1010.0,0.0,0.0,0.0,0.0,0.0,0.0,0.0,0.0,0.0,0.0,0.0,0.0,0.0,69.0,68.0,2066.0,286.0,566.0,0.505,89.0,228.0,0.39,197.0,338.0,0.583,0.584,72.0,102.0,0.706,80.0,284.0,364.0,108.0,96.0,45.0,79.0,167.0,733.0,0.0,13.2,0.6,0.403,0.18,4.2,14.2,9.3,7.5,2.2,2.1,11.5,14.3,2.1,3.7,5.7,0.134,-0.8,2.0,1.2,1.7,0.0,2020
161,Jae Crowder,28.8,3.5,8.7,0.401,2.1,6.1,0.343,1.4,2.6,0.538,0.521,1.5,1.9,0.776,0.8,5.1,5.9,2.5,1.1,0.4,1.1,2.2,10.5,0.0,0.0,1010.0,0.0,0.0,0.0,0.0,0.0,0.0,0.0,0.0,0.0,0.0,0.0,0.0,0.0,65.0,53.0,1875.0,226.0,563.0,0.401,135.0,394.0,0.343,91.0,169.0,0.538,0.521,97.0,125.0,0.776,52.0,332.0,384.0,161.0,72.0,24.0,69.0,143.0,684.0,0.0,12.5,0.553,0.7,0.222,3.0,18.5,11.0,11.5,1.8,1.2,10.0,15.5,1.6,2.2,3.8,0.098,-0.5,0.4,-0.1,0.9,0.0,2020
162,D.J. Augustin,24.9,3.2,8.1,0.399,1.2,3.5,0.348,2.0,4.6,0.438,0.475,2.8,3.2,0.89,0.4,1.8,2.1,4.6,0.6,0.0,1.5,1.3,10.5,0.0,0.0,1010.0,0.0,0.0,0.0,0.0,0.0,0.0,0.0,0.0,0.0,0.0,0.0,0.0,0.0,57.0,13.0,1420.0,184.0,461.0,0.399,70.0,201.0,0.348,114.0,260.0,0.438,0.475,161.0,181.0,0.89,22.0,100.0,122.0,262.0,34.0,1.0,86.0,72.0,599.0,0.0,14.0,0.554,0.436,0.393,1.6,7.8,4.6,26.8,1.2,0.1,13.7,19.1,2.0,0.9,2.9,0.098,-0.3,-1.3,-1.6,0.2,0.0,2020
163,Danuel House Jr.,30.4,3.7,8.6,0.427,2.0,5.6,0.363,1.6,2.9,0.549,0.546,1.2,1.4,0.811,0.9,3.3,4.2,1.3,1.1,0.5,0.9,2.1,10.5,0.0,0.0,1010.0,0.0,0.0,0.0,0.0,0.0,0.0,0.0,0.0,0.0,0.0,0.0,0.0,0.0,63.0,52.0,1913.0,230.0,539.0,0.427,129.0,355.0,0.363,101.0,184.0,0.549,0.546,73.0,90.0,0.811,57.0,210.0,267.0,85.0,67.0,34.0,54.0,132.0,662.0,0.0,11.3,0.572,0.659,0.167,3.1,11.6,7.3,6.1,1.6,1.5,8.5,13.7,1.9,1.8,3.6,0.091,-0.8,0.0,-0.7,0.6,0.0,2020
164,Cam Reddish,26.7,3.7,9.6,0.384,1.4,4.3,0.332,2.2,5.2,0.428,0.459,1.7,2.2,0.802,0.6,3.1,3.7,1.5,1.1,0.5,1.7,2.3,10.5,0.0,0.0,1010.0,0.0,0.0,0.0,0.0,0.0,0.0,0.0,0.0,0.0,0.0,0.0,0.0,0.0,58.0,34.0,1551.0,213.0,554.0,0.384,83.0,250.0,0.332,130.0,304.0,0.428,0.459,101.0,126.0,0.802,35.0,181.0,216.0,87.0,62.0,28.0,96.0,132.0,610.0,0.0,9.0,0.5,0.451,0.227,2.4,12.7,7.5,8.0,1.9,1.5,13.6,18.9,-1.2,0.8,-0.4,-0.011,-3.3,-1.0,-4.2,-0.9,0.0,2020
165,Troy Brown Jr.,25.8,4.0,9.0,0.439,0.9,2.6,0.341,3.1,6.4,0.479,0.488,1.6,2.0,0.784,1.1,4.4,5.6,2.6,1.2,0.1,1.1,1.9,10.4,0.0,0.0,1010.0,0.0,0.0,0.0,0.0,0.0,0.0,0.0,0.0,0.0,0.0,0.0,0.0,0.0,69.0,22.0,1782.0,273.0,622.0,0.439,61.0,179.0,0.341,212.0,443.0,0.479,0.488,109.0,139.0,0.784,76.0,307.0,383.0,178.0,85.0,7.0,79.0,132.0,716.0,0.0,13.7,0.524,0.288,0.223,4.5,19.6,11.7,14.1,2.2,0.3,10.4,17.8,1.3,1.2,2.4,0.065,-0.8,-0.4,-1.2,0.3,0.0,2020
166,Gary Harris,31.8,3.9,9.3,0.42,1.3,3.8,0.333,2.6,5.5,0.479,0.487,1.3,1.6,0.815,0.5,2.4,2.9,2.1,1.4,0.3,1.1,2.1,10.4,0.0,0.0,1010.0,0.0,0.0,0.0,0.0,0.0,0.0,0.0,0.0,0.0,0.0,0.0,0.0,0.0,56.0,55.0,1780.0,218.0,519.0,0.42,70.0,210.0,0.333,148.0,309.0,0.479,0.487,75.0,92.0,0.815,26.0,137.0,163.0,118.0,76.0,14.0,60.0,116.0,581.0,0.0,9.7,0.519,0.405,0.177,1.6,8.6,5.1,8.9,2.1,0.7,9.7,15.1,0.5,1.4,1.9,0.052,-2.8,0.3,-2.5,-0.2,0.0,2020
167,Shabazz Napier,24.0,3.4,8.1,0.412,1.4,4.3,0.317,2.0,3.9,0.519,0.496,2.3,2.7,0.824,0.5,2.4,2.8,4.7,1.2,0.2,2.3,1.8,10.3,0.0,0.0,1010.0,0.0,0.0,0.0,0.0,0.0,0.0,0.0,0.0,0.0,0.0,0.0,0.0,0.0,56.0,32.0,1344.0,188.0,456.0,0.412,76.0,240.0,0.317,112.0,216.0,0.519,0.496,126.0,153.0,0.824,26.0,132.0,158.0,262.0,69.0,11.0,128.0,101.0,578.0,1.0,13.8,0.552,0.526,0.336,2.0,10.9,6.3,27.8,2.4,0.7,19.7,20.0,0.8,0.9,1.7,0.059,-0.7,-0.4,-1.1,0.3,0.0,2020
168,Langston Galloway,25.8,3.6,8.2,0.435,2.0,5.0,0.399,1.6,3.2,0.493,0.557,1.1,1.3,0.859,0.5,1.8,2.3,1.5,0.7,0.2,0.6,1.5,10.3,0.0,0.0,1010.0,0.0,0.0,0.0,0.0,0.0,0.0,0.0,0.0,0.0,0.0,0.0,0.0,0.0,66.0,6.0,1702.0,236.0,542.0,0.435,132.0,331.0,0.399,104.0,211.0,0.493,0.557,73.0,85.0,0.859,33.0,116.0,149.0,101.0,48.0,11.0,40.0,96.0,677.0,0.0,12.3,0.584,0.611,0.157,2.2,7.8,5.0,8.8,1.4,0.5,6.5,15.9,2.4,0.7,3.1,0.087,0.0,-0.9,-0.8,0.5,0.0,2020
169,Doug McDermott,19.9,3.9,7.9,0.488,1.9,4.3,0.435,2.0,3.7,0.549,0.605,0.7,0.8,0.828,0.4,2.1,2.5,1.1,0.2,0.1,0.6,1.7,10.3,0.0,0.0,1010.0,0.0,0.0,0.0,0.0,0.0,0.0,0.0,0.0,0.0,0.0,0.0,0.0,0.0,69.0,0.0,1372.0,267.0,547.0,0.488,128.0,294.0,0.435,139.0,253.0,0.549,0.605,48.0,58.0,0.828,26.0,148.0,174.0,78.0,12.0,5.0,42.0,117.0,710.0,0.0,14.4,0.62,0.537,0.106,2.1,11.7,7.0,8.4,0.4,0.3,6.8,19.6,2.3,1.1,3.3,0.117,1.4,-1.3,0.0,0.7,0.0,2020
170,Malik Monk,21.3,3.9,8.9,0.434,1.1,3.7,0.284,2.8,5.2,0.542,0.494,1.5,1.8,0.82,0.5,2.4,2.9,2.1,0.5,0.3,1.4,1.3,10.3,0.0,0.0,1010.0,0.0,0.0,0.0,0.0,0.0,0.0,0.0,0.0,0.0,0.0,0.0,0.0,0.0,55.0,1.0,1169.0,212.0,488.0,0.434,58.0,204.0,0.284,154.0,284.0,0.542,0.494,82.0,100.0,0.82,27.0,130.0,157.0,114.0,25.0,16.0,77.0,74.0,564.0,0.0,12.6,0.53,0.418,0.205,2.4,12.6,7.3,16.6,1.1,1.3,12.6,22.9,0.1,0.6,0.7,0.028,-1.1,-1.3,-2.3,-0.1,0.0,2020
171,Garrett Temple,27.9,3.6,9.5,0.378,2.0,6.2,0.329,1.5,3.2,0.473,0.486,1.1,1.4,0.805,0.5,3.0,3.5,2.5,0.8,0.5,1.0,1.7,10.3,0.0,0.0,1010.0,0.0,0.0,0.0,0.0,0.0,0.0,0.0,0.0,0.0,0.0,0.0,0.0,0.0,62.0,35.0,1730.0,222.0,587.0,0.378,127.0,386.0,0.329,95.0,201.0,0.473,0.486,70.0,87.0,0.805,29.0,189.0,218.0,156.0,49.0,29.0,62.0,108.0,641.0,0.0,10.5,0.513,0.658,0.148,1.8,11.1,6.5,12.8,1.3,1.4,9.0,16.6,0.7,1.7,2.4,0.066,-1.4,0.3,-1.1,0.4,0.0,2020
172,Thaddeus Young,24.9,4.2,9.4,0.448,1.2,3.5,0.356,3.0,5.9,0.501,0.513,0.7,1.1,0.583,1.5,3.5,4.9,1.8,1.4,0.4,1.6,2.1,10.3,0.0,0.0,1010.0,0.0,0.0,0.0,0.0,0.0,0.0,0.0,0.0,0.0,0.0,0.0,0.0,0.0,64.0,16.0,1591.0,269.0,601.0,0.448,79.0,222.0,0.356,190.0,379.0,0.501,0.513,42.0,72.0,0.583,94.0,221.0,315.0,117.0,92.0,23.0,102.0,134.0,659.0,0.0,13.3,0.521,0.369,0.12,6.2,16.1,10.9,11.3,2.8,1.4,13.9,19.7,-0.2,2.1,1.9,0.058,-1.4,0.2,-1.2,0.3,0.0,2020
173,Josh Hart,27.0,3.5,8.2,0.423,1.9,5.4,0.342,1.6,2.7,0.584,0.537,1.3,1.8,0.739,0.9,5.6,6.5,1.7,1.0,0.4,1.2,2.5,10.1,0.0,0.0,1010.0,0.0,0.0,0.0,0.0,0.0,0.0,0.0,0.0,0.0,0.0,0.0,0.0,0.0,65.0,16.0,1755.0,225.0,532.0,0.423,121.0,354.0,0.342,104.0,178.0,0.584,0.537,85.0,115.0,0.739,61.0,364.0,425.0,108.0,63.0,23.0,75.0,160.0,656.0,0.0,11.9,0.563,0.665,0.216,3.7,22.1,12.8,8.2,1.7,1.1,11.4,15.3,1.3,1.8,3.1,0.085,-1.1,0.4,-0.7,0.6,0.0,2020
174,Ben McLemore,22.8,3.4,7.7,0.444,2.5,6.4,0.4,0.9,1.3,0.656,0.61,0.7,0.9,0.746,0.3,1.9,2.2,0.8,0.6,0.2,0.7,2.2,10.1,0.0,0.0,1010.0,0.0,0.0,0.0,0.0,0.0,0.0,0.0,0.0,0.0,0.0,0.0,0.0,0.0,71.0,23.0,1619.0,242.0,545.0,0.444,181.0,452.0,0.4,61.0,93.0,0.656,0.61,50.0,67.0,0.746,21.0,136.0,157.0,58.0,45.0,16.0,50.0,155.0,715.0,0.0,11.8,0.622,0.829,0.123,1.3,8.9,5.1,5.2,1.3,0.8,8.0,16.0,2.2,1.1,3.3,0.099,0.1,-0.6,-0.5,0.6,0.0,2020
175,Larry Nance Jr.,26.3,4.1,7.7,0.531,1.0,2.8,0.352,3.1,4.9,0.636,0.596,0.9,1.3,0.676,1.9,5.4,7.3,2.2,1.0,0.4,1.1,1.6,10.1,0.0,0.0,1010.0,0.0,0.0,0.0,0.0,0.0,0.0,0.0,0.0,0.0,0.0,0.0,0.0,0.0,56.0,10.0,1472.0,229.0,431.0,0.531,56.0,159.0,0.352,173.0,272.0,0.636,0.596,50.0,74.0,0.676,106.0,303.0,409.0,123.0,56.0,22.0,60.0,91.0,564.0,0.0,17.3,0.608,0.369,0.172,7.9,23.1,15.4,12.3,1.9,1.3,11.5,15.2,2.8,1.1,3.9,0.128,1.4,0.4,1.7,1.4,0.0,2020
176,Bobby Portis,21.1,4.0,8.9,0.45,1.0,2.8,0.358,3.0,6.1,0.493,0.507,1.1,1.4,0.763,1.2,3.9,5.1,1.5,0.5,0.3,1.1,1.7,10.1,0.0,0.0,1010.0,0.0,0.0,0.0,0.0,0.0,0.0,0.0,0.0,0.0,0.0,0.0,0.0,0.0,66.0,5.0,1393.0,265.0,589.0,0.45,67.0,187.0,0.358,198.0,402.0,0.493,0.507,71.0,93.0,0.763,80.0,258.0,338.0,98.0,32.0,18.0,73.0,110.0,668.0,0.0,14.6,0.53,0.317,0.158,6.0,20.4,12.9,11.1,1.1,1.2,10.4,21.4,0.9,1.0,1.9,0.064,0.0,-1.1,-1.1,0.3,0.0,2020
177,Elfrid Payton,27.7,4.3,9.8,0.439,0.3,1.5,0.203,4.0,8.2,0.482,0.455,1.1,1.9,0.57,1.2,3.6,4.7,7.2,1.6,0.4,2.1,2.0,10.0,0.0,0.0,1010.0,0.0,0.0,0.0,0.0,0.0,0.0,0.0,0.0,0.0,0.0,0.0,0.0,0.0,45.0,36.0,1246.0,193.0,440.0,0.439,14.0,69.0,0.203,179.0,371.0,0.482,0.455,49.0,86.0,0.57,52.0,160.0,212.0,323.0,70.0,17.0,96.0,89.0,449.0,1.0,16.0,0.47,0.157,0.195,4.3,14.1,9.1,38.6,2.7,1.3,16.7,19.5,0.5,1.2,1.7,0.065,-0.4,0.4,0.0,0.6,0.0,2020
178,Kevin Porter Jr.,23.2,3.7,8.4,0.442,1.1,3.2,0.335,2.7,5.3,0.506,0.505,1.5,2.0,0.723,0.4,2.8,3.2,2.2,0.9,0.3,1.9,2.7,10.0,0.0,0.0,1010.0,0.0,0.0,0.0,0.0,0.0,0.0,0.0,0.0,0.0,0.0,0.0,0.0,0.0,50.0,3.0,1162.0,186.0,421.0,0.442,53.0,158.0,0.335,133.0,263.0,0.506,0.505,73.0,101.0,0.723,22.0,140.0,162.0,109.0,46.0,14.0,93.0,135.0,498.0,0.0,10.8,0.535,0.375,0.24,2.1,13.5,7.7,13.9,1.9,1.0,16.7,20.5,-0.3,0.6,0.3,0.012,-3.2,-0.6,-3.8,-0.5,0.0,2020
179,Tomáš Satoranský,28.9,3.6,8.5,0.43,1.0,3.1,0.322,2.7,5.4,0.491,0.488,1.6,1.9,0.876,1.2,2.7,3.9,5.4,1.2,0.1,2.0,2.1,9.9,0.0,0.0,1010.0,0.0,0.0,0.0,0.0,0.0,0.0,0.0,0.0,0.0,0.0,0.0,0.0,0.0,65.0,64.0,1878.0,237.0,551.0,0.43,64.0,199.0,0.322,173.0,352.0,0.491,0.488,106.0,121.0,0.876,76.0,178.0,254.0,354.0,80.0,7.0,130.0,135.0,644.0,0.0,13.5,0.533,0.361,0.22,4.3,11.0,7.5,27.1,2.1,0.4,17.7,16.7,1.8,1.7,3.5,0.09,-1.1,-0.2,-1.2,0.4,0.0,2020
180,Joe Ingles,29.7,3.4,7.7,0.445,2.0,4.9,0.399,1.5,2.8,0.525,0.572,1.0,1.3,0.787,0.4,3.5,3.9,5.2,0.9,0.2,2.0,2.1,9.8,0.0,0.0,1010.0,0.0,0.0,0.0,0.0,0.0,0.0,0.0,0.0,0.0,0.0,0.0,0.0,0.0,72.0,45.0,2137.0,246.0,553.0,0.445,141.0,353.0,0.399,105.0,200.0,0.525,0.572,74.0,94.0,0.787,27.0,251.0,278.0,373.0,65.0,11.0,142.0,154.0,707.0,0.0,12.6,0.595,0.638,0.17,1.4,12.5,7.2,24.4,1.5,0.4,19.3,15.1,2.7,2.1,4.8,0.108,0.1,0.7,0.7,1.5,0.0,2020
181,Furkan Korkmaz,21.7,3.4,7.8,0.43,2.0,4.9,0.402,1.4,2.9,0.478,0.557,1.1,1.4,0.755,0.3,2.1,2.3,1.1,0.6,0.2,0.8,1.4,9.8,0.0,0.0,1010.0,0.0,0.0,0.0,0.0,0.0,0.0,0.0,0.0,0.0,0.0,0.0,0.0,0.0,72.0,12.0,1559.0,242.0,563.0,0.43,143.0,356.0,0.402,99.0,207.0,0.478,0.557,77.0,102.0,0.755,18.0,150.0,168.0,79.0,41.0,16.0,59.0,98.0,704.0,0.0,12.0,0.579,0.632,0.181,1.3,10.6,6.0,7.3,1.3,0.9,8.8,18.4,1.4,1.4,2.8,0.085,-0.4,-1.0,-1.3,0.3,0.0,2020
182,Markieff Morris,20.5,3.5,7.9,0.443,1.5,3.9,0.386,2.0,4.0,0.5,0.539,1.1,1.5,0.776,0.7,3.1,3.8,1.3,0.5,0.3,1.3,2.3,9.7,0.0,0.0,1010.0,0.0,0.0,0.0,0.0,0.0,0.0,0.0,0.0,0.0,0.0,0.0,0.0,0.0,58.0,17.0,1187.0,203.0,458.0,0.443,88.0,228.0,0.386,115.0,230.0,0.5,0.539,66.0,85.0,0.776,40.0,178.0,218.0,77.0,31.0,17.0,76.0,133.0,560.0,0.0,12.5,0.565,0.498,0.186,3.8,17.1,10.3,10.1,1.3,1.2,13.3,20.9,0.5,1.0,1.4,0.058,-1.1,-0.9,-2.0,0.0,0.0,2020
183,Frank Kaminsky,19.9,3.5,7.9,0.45,1.1,3.2,0.331,2.5,4.7,0.53,0.516,1.6,2.3,0.678,0.9,3.6,4.5,1.9,0.4,0.3,0.9,1.9,9.7,0.0,0.0,1010.0,0.0,0.0,0.0,0.0,0.0,0.0,0.0,0.0,0.0,0.0,0.0,0.0,0.0,39.0,13.0,777.0,138.0,307.0,0.45,41.0,124.0,0.331,97.0,183.0,0.53,0.516,61.0,90.0,0.678,35.0,141.0,176.0,75.0,14.0,10.0,37.0,75.0,378.0,0.0,14.2,0.545,0.404,0.293,4.9,20.4,12.6,14.3,0.9,1.1,9.6,21.0,0.7,0.7,1.4,0.087,-0.1,-0.4,-0.5,0.3,0.0,2020
184,Mitchell Robinson,23.1,4.1,5.6,0.742,0.0,0.0,0.0,4.1,5.6,0.742,0.742,1.4,2.4,0.568,3.0,4.0,7.0,0.6,0.9,2.0,0.6,3.2,9.7,0.0,0.0,1010.0,0.0,0.0,0.0,0.0,0.0,0.0,0.0,0.0,0.0,0.0,0.0,0.0,0.0,61.0,7.0,1412.0,253.0,341.0,0.742,0.0,0.0,0.0,253.0,341.0,0.742,0.742,84.0,148.0,0.568,186.0,242.0,428.0,36.0,52.0,119.0,37.0,194.0,590.0,0.0,23.5,0.726,0.0,0.434,13.7,18.8,16.2,3.9,1.8,8.0,8.3,13.3,4.8,2.0,6.8,0.23,1.6,1.4,2.9,1.8,0.0,2020
185,Dorian Finney-Smith,29.9,3.4,7.4,0.466,1.6,4.3,0.376,1.8,3.1,0.589,0.575,1.1,1.5,0.722,2.0,3.7,5.7,1.6,0.6,0.5,1.0,2.5,9.5,0.0,0.0,1010.0,0.0,0.0,0.0,0.0,0.0,0.0,0.0,0.0,0.0,0.0,0.0,0.0,0.0,71.0,68.0,2120.0,243.0,522.0,0.466,114.0,303.0,0.376,129.0,219.0,0.589,0.575,78.0,108.0,0.722,145.0,260.0,405.0,114.0,45.0,39.0,69.0,178.0,678.0,0.0,12.3,0.595,0.58,0.207,7.3,12.7,10.0,7.2,1.0,1.6,10.8,12.9,3.3,1.5,4.9,0.11,0.1,-0.3,-0.2,0.9,0.0,2020
186,Aaron Holiday,24.5,3.5,8.5,0.414,1.3,3.3,0.394,2.2,5.2,0.427,0.491,1.1,1.3,0.851,0.3,2.0,2.4,3.4,0.8,0.2,1.3,1.8,9.5,0.0,0.0,1010.0,0.0,0.0,0.0,0.0,0.0,0.0,0.0,0.0,0.0,0.0,0.0,0.0,0.0,66.0,33.0,1617.0,233.0,563.0,0.414,87.0,221.0,0.394,146.0,342.0,0.427,0.491,74.0,87.0,0.851,22.0,134.0,156.0,225.0,55.0,16.0,88.0,120.0,627.0,0.0,11.6,0.521,0.393,0.155,1.5,9.0,5.3,19.1,1.7,0.9,12.8,18.7,0.4,1.7,2.1,0.063,-1.6,0.0,-1.6,0.2,0.0,2020
187,Jeff Green,20.0,3.3,7.2,0.462,1.3,3.8,0.339,2.0,3.4,0.602,0.552,1.5,1.9,0.802,0.5,2.3,2.8,1.0,0.5,0.4,0.9,1.9,9.4,0.0,0.0,1010.0,0.0,0.0,0.0,0.0,0.0,0.0,0.0,0.0,0.0,0.0,0.0,0.0,0.0,48.0,4.0,960.0,159.0,344.0,0.462,62.0,183.0,0.339,97.0,161.0,0.602,0.552,73.0,91.0,0.802,24.0,109.0,133.0,50.0,26.0,19.0,42.0,89.0,453.0,0.0,13.7,0.59,0.532,0.265,2.7,12.0,7.5,7.9,1.3,1.7,9.9,19.0,1.2,0.9,2.1,0.104,0.0,-0.1,-0.1,0.5,0.0,2020
188,George Hill,21.5,3.3,6.4,0.516,1.4,3.0,0.46,1.9,3.4,0.565,0.624,1.4,1.7,0.842,0.8,2.2,3.0,3.1,0.8,0.1,1.0,1.4,9.4,0.0,0.0,1010.0,0.0,0.0,0.0,0.0,0.0,0.0,0.0,0.0,0.0,0.0,0.0,0.0,0.0,59.0,2.0,1271.0,194.0,376.0,0.516,81.0,176.0,0.46,113.0,200.0,0.565,0.624,85.0,101.0,0.842,50.0,127.0,177.0,180.0,47.0,5.0,57.0,84.0,554.0,0.0,16.9,0.659,0.468,0.269,4.1,9.3,6.9,19.0,1.7,0.3,11.9,15.5,3.5,2.1,5.5,0.21,1.6,1.3,2.9,1.6,0.0,2020
189,Shake Milton,20.1,3.4,6.9,0.484,1.5,3.4,0.43,1.9,3.6,0.535,0.588,1.3,1.6,0.785,0.4,1.8,2.2,2.6,0.5,0.2,1.2,2.3,9.4,0.0,0.0,1010.0,0.0,0.0,0.0,0.0,0.0,0.0,0.0,0.0,0.0,0.0,0.0,0.0,0.0,40.0,24.0,805.0,134.0,277.0,0.484,58.0,135.0,0.43,76.0,142.0,0.535,0.588,51.0,65.0,0.785,15.0,73.0,88.0,104.0,20.0,7.0,47.0,92.0,377.0,0.0,14.4,0.617,0.487,0.235,2.1,10.0,6.0,18.8,1.2,0.7,13.3,18.9,1.4,0.7,2.1,0.126,0.0,-1.0,-1.0,0.2,0.0,2020
190,Dwight Powell,26.5,3.7,5.7,0.638,0.3,1.0,0.256,3.4,4.8,0.716,0.659,1.9,2.8,0.667,1.9,3.8,5.7,1.5,0.9,0.6,0.9,2.6,9.4,0.0,0.0,1010.0,0.0,0.0,0.0,0.0,0.0,0.0,0.0,0.0,0.0,0.0,0.0,0.0,0.0,40.0,37.0,1061.0,146.0,229.0,0.638,10.0,39.0,0.256,136.0,190.0,0.716,0.659,74.0,111.0,0.667,75.0,152.0,227.0,59.0,34.0,22.0,36.0,102.0,376.0,0.0,15.9,0.677,0.17,0.485,7.5,14.8,11.2,7.7,1.5,1.8,11.5,12.6,2.6,1.0,3.6,0.162,0.4,0.9,1.3,0.9,0.0,2020
191,Kentavious Caldwell-Pope,25.5,3.4,7.3,0.467,1.3,3.5,0.385,2.1,3.9,0.541,0.558,1.1,1.5,0.775,0.6,1.5,2.1,1.6,0.8,0.2,0.9,1.9,9.3,0.0,0.0,1010.0,0.0,0.0,0.0,0.0,0.0,0.0,0.0,0.0,0.0,0.0,0.0,0.0,0.0,69.0,26.0,1762.0,237.0,507.0,0.467,92.0,239.0,0.385,145.0,268.0,0.541,0.558,79.0,102.0,0.775,38.0,104.0,142.0,111.0,57.0,14.0,62.0,128.0,645.0,0.0,11.0,0.584,0.471,0.201,2.4,6.4,4.4,8.5,1.5,0.7,10.1,14.7,1.9,1.9,3.7,0.102,-1.2,0.4,-0.8,0.5,0.0,2020
192,Marquese Chriss,20.3,3.6,6.5,0.545,0.1,0.7,0.205,3.4,5.9,0.584,0.556,2.0,2.6,0.769,1.9,4.3,6.2,1.9,0.7,1.1,1.3,2.1,9.3,0.0,0.0,1010.0,0.0,0.0,0.0,0.0,0.0,0.0,0.0,0.0,0.0,0.0,0.0,0.0,0.0,59.0,21.0,1196.0,210.0,385.0,0.545,8.0,39.0,0.205,202.0,346.0,0.584,0.556,120.0,156.0,0.769,114.0,251.0,365.0,114.0,39.0,62.0,78.0,122.0,548.0,0.0,19.5,0.604,0.101,0.405,10.0,23.6,16.5,15.3,1.6,4.7,14.7,19.0,2.1,1.3,3.4,0.136,0.0,0.6,0.6,0.8,0.0,2020
193,Michael Porter Jr.,16.4,3.5,7.0,0.509,1.1,2.7,0.422,2.4,4.3,0.564,0.59,1.1,1.3,0.833,1.2,3.5,4.7,0.8,0.5,0.5,0.9,1.8,9.3,0.0,0.0,1010.0,0.0,0.0,0.0,0.0,0.0,0.0,0.0,0.0,0.0,0.0,0.0,0.0,0.0,55.0,8.0,903.0,195.0,383.0,0.509,62.0,147.0,0.422,133.0,236.0,0.564,0.59,60.0,72.0,0.833,66.0,193.0,259.0,46.0,27.0,25.0,49.0,100.0,512.0,0.0,19.8,0.617,0.384,0.188,8.2,23.9,16.1,7.9,1.5,2.6,10.6,22.3,1.8,1.1,2.9,0.154,2.4,-0.8,1.5,0.8,0.0,2020
194,Landry Shamet,27.4,3.0,7.4,0.404,2.1,5.6,0.375,0.9,1.8,0.495,0.546,1.2,1.4,0.855,0.1,1.8,1.9,1.9,0.4,0.2,0.8,2.7,9.3,0.0,0.0,1010.0,0.0,0.0,0.0,0.0,0.0,0.0,0.0,0.0,0.0,0.0,0.0,0.0,0.0,53.0,30.0,1452.0,158.0,391.0,0.404,111.0,296.0,0.375,47.0,95.0,0.495,0.546,65.0,76.0,0.855,6.0,94.0,100.0,99.0,20.0,10.0,42.0,142.0,492.0,0.0,8.5,0.58,0.757,0.194,0.4,6.6,3.6,9.1,0.7,0.6,9.0,13.4,1.5,1.1,2.6,0.086,-1.8,-0.3,-2.1,0.0,0.0,2020
195,Jarrett Culver,23.9,3.7,9.0,0.404,1.0,3.5,0.299,2.6,5.5,0.471,0.462,0.9,1.9,0.462,1.1,2.3,3.4,1.7,0.9,0.6,1.3,2.0,9.2,0.0,0.0,1010.0,0.0,0.0,0.0,0.0,0.0,0.0,0.0,0.0,0.0,0.0,0.0,0.0,0.0,63.0,35.0,1506.0,230.0,569.0,0.404,66.0,221.0,0.299,164.0,348.0,0.471,0.462,54.0,117.0,0.462,70.0,142.0,212.0,110.0,57.0,38.0,81.0,125.0,580.0,0.0,9.6,0.467,0.388,0.206,4.7,10.3,7.4,10.8,1.8,2.1,11.5,19.2,-1.2,1.1,-0.1,-0.004,-3.3,-0.7,-4.0,-0.8,0.0,2020
196,Donte DiVincenzo,23.0,3.5,7.7,0.455,1.3,3.7,0.336,2.3,4.0,0.567,0.536,1.0,1.3,0.733,1.0,3.8,4.8,2.3,1.3,0.3,1.4,1.7,9.2,0.0,0.0,1010.0,0.0,0.0,0.0,0.0,0.0,0.0,0.0,0.0,0.0,0.0,0.0,0.0,0.0,66.0,24.0,1520.0,232.0,510.0,0.455,83.0,247.0,0.336,149.0,263.0,0.567,0.536,63.0,86.0,0.733,66.0,252.0,318.0,154.0,85.0,20.0,90.0,113.0,610.0,0.0,14.1,0.557,0.484,0.169,4.6,15.5,10.3,13.6,2.6,1.2,14.1,17.3,1.0,3.2,4.3,0.135,-1.1,2.4,1.3,1.3,0.0,2020
197,Daniel Theis,24.1,3.7,6.6,0.566,0.5,1.5,0.333,3.2,5.1,0.633,0.603,1.3,1.8,0.763,2.2,4.4,6.6,1.7,0.6,1.3,0.8,3.4,9.2,0.0,0.0,1010.0,0.0,0.0,0.0,0.0,0.0,0.0,0.0,0.0,0.0,0.0,0.0,0.0,0.0,65.0,64.0,1566.0,241.0,426.0,0.566,32.0,96.0,0.333,209.0,330.0,0.633,0.603,87.0,114.0,0.763,140.0,286.0,426.0,111.0,37.0,84.0,54.0,219.0,601.0,0.0,17.9,0.631,0.225,0.268,9.7,19.3,14.6,10.1,1.1,5.0,10.2,14.4,4.0,2.6,6.5,0.201,0.6,1.8,2.4,1.7,0.0,2020
198,Mikal Bridges,28.0,3.4,6.6,0.51,1.0,2.7,0.361,2.4,4.0,0.61,0.583,1.4,1.7,0.844,0.9,3.1,4.0,1.8,1.4,0.6,1.0,2.2,9.1,0.0,0.0,1010.0,0.0,0.0,0.0,0.0,0.0,0.0,0.0,0.0,0.0,0.0,0.0,0.0,0.0,73.0,32.0,2042.0,247.0,484.0,0.51,70.0,194.0,0.361,177.0,290.0,0.61,0.583,103.0,122.0,0.844,66.0,226.0,292.0,129.0,102.0,46.0,73.0,163.0,667.0,0.0,12.9,0.62,0.401,0.252,3.5,12.4,7.9,8.6,2.4,2.0,12.0,12.7,2.5,2.3,4.8,0.113,-0.6,1.5,0.8,1.5,0.0,2020
199,Keldon Johnson,17.7,3.1,5.2,0.596,0.8,1.3,0.591,2.4,3.9,0.597,0.669,2.1,2.6,0.795,0.6,2.8,3.4,0.9,0.8,0.1,0.8,1.6,9.1,0.0,0.0,1010.0,0.0,0.0,0.0,0.0,0.0,0.0,0.0,0.0,0.0,0.0,0.0,0.0,0.0,17.0,1.0,301.0,53.0,89.0,0.596,13.0,22.0,0.591,40.0,67.0,0.597,0.669,35.0,44.0,0.795,10.0,47.0,57.0,15.0,14.0,2.0,13.0,28.0,154.0,0.0,19.1,0.711,0.247,0.494,3.6,16.8,10.2,7.2,2.2,0.6,10.7,17.4,0.8,0.2,1.1,0.174,1.5,0.0,1.5,0.3,0.0,2020
200,Maxi Kleber,25.5,3.2,6.9,0.461,1.6,4.3,0.373,1.6,2.6,0.605,0.577,1.1,1.3,0.849,1.5,3.7,5.2,1.2,0.3,1.1,0.8,2.4,9.1,0.0,0.0,1010.0,0.0,0.0,0.0,0.0,0.0,0.0,0.0,0.0,0.0,0.0,0.0,0.0,0.0,74.0,21.0,1890.0,237.0,514.0,0.461,119.0,319.0,0.373,118.0,195.0,0.605,0.577,79.0,93.0,0.849,112.0,276.0,388.0,88.0,25.0,83.0,58.0,176.0,672.0,0.0,13.6,0.605,0.621,0.181,6.3,15.1,10.8,6.3,0.6,3.8,9.5,13.9,3.2,1.7,4.8,0.123,0.4,0.0,0.4,1.1,0.0,2020
201,Jake Layman,22.0,3.5,7.8,0.453,1.0,3.1,0.333,2.5,4.7,0.533,0.52,1.0,1.4,0.75,0.7,1.7,2.5,0.7,0.7,0.4,1.0,2.0,9.1,0.0,0.0,1010.0,0.0,0.0,0.0,0.0,0.0,0.0,0.0,0.0,0.0,0.0,0.0,0.0,0.0,23.0,2.0,505.0,81.0,179.0,0.453,24.0,72.0,0.333,57.0,107.0,0.533,0.52,24.0,32.0,0.75,17.0,40.0,57.0,15.0,17.0,10.0,24.0,47.0,210.0,0.0,10.3,0.544,0.402,0.179,3.4,8.7,6.0,4.4,1.6,1.6,11.1,17.7,0.0,0.3,0.3,0.03,-2.8,-0.9,-3.7,-0.2,0.0,2020
202,Derrick Favors,24.4,4.1,6.6,0.617,0.0,0.1,0.143,4.1,6.5,0.627,0.618,0.8,1.4,0.563,3.2,6.6,9.8,1.6,0.6,0.9,1.1,2.1,9.0,0.0,0.0,1010.0,0.0,0.0,0.0,0.0,0.0,0.0,0.0,0.0,0.0,0.0,0.0,0.0,0.0,51.0,49.0,1243.0,209.0,339.0,0.617,1.0,7.0,0.143,208.0,332.0,0.627,0.618,40.0,71.0,0.563,163.0,338.0,501.0,81.0,30.0,46.0,55.0,107.0,459.0,0.0,18.5,0.62,0.021,0.209,13.9,28.9,21.4,9.2,1.1,3.1,12.9,14.0,2.6,1.6,4.2,0.162,0.7,0.3,1.0,0.9,0.0,2020
203,Josh Jackson,17.3,3.2,7.2,0.44,1.0,3.3,0.319,2.1,4.0,0.54,0.513,1.6,2.3,0.7,0.5,2.5,3.0,1.6,0.8,0.4,1.3,1.8,9.0,0.0,0.0,1010.0,0.0,0.0,0.0,0.0,0.0,0.0,0.0,0.0,0.0,0.0,0.0,0.0,0.0,22.0,0.0,381.0,70.0,159.0,0.44,23.0,72.0,0.319,47.0,87.0,0.54,0.513,35.0,50.0,0.7,11.0,55.0,66.0,35.0,18.0,9.0,28.0,40.0,198.0,0.0,14.1,0.547,0.453,0.314,3.1,14.9,9.1,13.1,2.2,2.1,13.4,22.8,0.1,0.5,0.5,0.069,-1.0,1.1,0.1,0.2,0.0,2020
204,Monte Morris,22.4,3.6,7.8,0.459,0.9,2.4,0.378,2.7,5.4,0.495,0.517,1.0,1.2,0.843,0.3,1.5,1.9,3.5,0.8,0.2,0.7,1.0,9.0,0.0,0.0,1010.0,0.0,0.0,0.0,0.0,0.0,0.0,0.0,0.0,0.0,0.0,0.0,0.0,0.0,73.0,12.0,1636.0,260.0,566.0,0.459,65.0,172.0,0.378,195.0,394.0,0.495,0.517,75.0,89.0,0.843,24.0,113.0,137.0,255.0,55.0,17.0,53.0,73.0,660.0,0.0,14.9,0.545,0.304,0.157,1.6,7.7,4.7,22.1,1.7,1.0,8.1,17.5,2.7,1.1,3.8,0.112,0.4,-0.5,-0.2,0.7,0.0,2020
205,Svi Mykhailiuk,22.6,3.0,7.2,0.41,2.1,5.1,0.404,0.9,2.1,0.425,0.552,1.0,1.3,0.814,0.3,1.6,1.9,1.9,0.7,0.1,1.1,1.6,9.0,0.0,0.0,1010.0,0.0,0.0,0.0,0.0,0.0,0.0,0.0,0.0,0.0,0.0,0.0,0.0,0.0,56.0,27.0,1265.0,166.0,405.0,0.41,115.0,285.0,0.404,51.0,120.0,0.425,0.552,57.0,70.0,0.814,17.0,87.0,104.0,106.0,41.0,4.0,61.0,87.0,504.0,0.0,11.2,0.578,0.704,0.173,1.5,7.9,4.7,12.3,1.6,0.3,12.3,17.1,1.0,0.6,1.6,0.06,-0.7,-1.2,-1.9,0.0,0.0,2020
206,Naz Reid,16.5,3.3,8.1,0.412,1.1,3.2,0.33,2.3,4.9,0.466,0.477,1.2,1.8,0.698,1.1,3.0,4.1,1.2,0.6,0.7,0.7,2.8,9.0,0.0,0.0,1010.0,0.0,0.0,0.0,0.0,0.0,0.0,0.0,0.0,0.0,0.0,0.0,0.0,0.0,30.0,11.0,495.0,100.0,243.0,0.412,32.0,97.0,0.33,68.0,146.0,0.466,0.477,37.0,53.0,0.698,34.0,90.0,124.0,35.0,19.0,22.0,22.0,83.0,269.0,0.0,15.3,0.505,0.399,0.218,7.0,19.9,13.2,11.2,1.8,3.7,7.6,24.0,0.2,0.6,0.8,0.074,-1.6,-0.3,-1.9,0.0,0.0,2020
207,Bruce Brown,28.2,3.4,7.7,0.443,0.6,1.7,0.344,2.8,6.1,0.47,0.48,1.5,2.1,0.739,1.1,3.7,4.7,4.0,1.1,0.5,1.7,2.8,8.9,0.0,0.0,1010.0,0.0,0.0,0.0,0.0,0.0,0.0,0.0,0.0,0.0,0.0,0.0,0.0,0.0,58.0,43.0,1634.0,198.0,447.0,0.443,33.0,96.0,0.344,165.0,351.0,0.47,0.48,88.0,119.0,0.739,61.0,213.0,274.0,230.0,63.0,29.0,100.0,162.0,517.0,0.0,11.9,0.518,0.215,0.266,4.2,15.0,9.5,20.4,1.9,1.5,16.7,16.0,0.7,1.4,2.1,0.062,-2.0,0.8,-1.2,0.3,0.0,2020
208,Gary Trent Jr.,21.8,3.2,7.2,0.444,1.8,4.4,0.418,1.4,2.8,0.486,0.571,0.6,0.7,0.822,0.4,1.2,1.6,1.0,0.8,0.3,0.3,1.5,8.9,0.0,0.0,1010.0,0.0,0.0,0.0,0.0,0.0,0.0,0.0,0.0,0.0,0.0,0.0,0.0,0.0,61.0,8.0,1332.0,196.0,441.0,0.444,112.0,268.0,0.418,84.0,173.0,0.486,0.571,37.0,45.0,0.822,25.0,75.0,100.0,61.0,48.0,16.0,21.0,90.0,541.0,0.0,12.9,0.587,0.608,0.102,2.0,5.8,3.9,6.3,1.7,1.0,4.4,15.3,2.2,0.3,2.5,0.089,0.5,-0.8,-0.3,0.6,0.0,2020
209,Kent Bazemore,24.8,2.9,7.9,0.375,1.2,3.6,0.344,1.7,4.3,0.4,0.453,1.7,2.2,0.769,0.4,3.9,4.3,1.4,1.1,0.6,1.3,2.9,8.8,0.0,0.0,1010.0,0.0,0.0,0.0,0.0,0.0,0.0,0.0,0.0,0.0,0.0,0.0,0.0,0.0,68.0,21.0,1688.0,200.0,534.0,0.375,84.0,244.0,0.344,116.0,290.0,0.4,0.453,113.0,147.0,0.769,27.0,267.0,294.0,93.0,74.0,40.0,91.0,196.0,597.0,0.0,9.3,0.499,0.457,0.275,1.7,17.1,9.4,7.4,2.1,2.1,13.2,17.5,-0.9,1.5,0.6,0.017,-3.4,0.3,-3.0,-0.5,0.0,2020
210,Cameron Johnson,22.0,3.1,7.1,0.435,1.9,4.8,0.39,1.2,2.3,0.526,0.565,0.8,1.0,0.807,0.9,2.4,3.3,1.2,0.6,0.4,0.6,1.5,8.8,0.0,0.0,1010.0,0.0,0.0,0.0,0.0,0.0,0.0,0.0,0.0,0.0,0.0,0.0,0.0,0.0,57.0,9.0,1255.0,176.0,405.0,0.435,106.0,272.0,0.39,70.0,133.0,0.526,0.565,46.0,57.0,0.807,49.0,138.0,187.0,69.0,36.0,20.0,32.0,88.0,504.0,0.0,12.9,0.586,0.672,0.141,4.3,12.4,8.3,7.7,1.4,1.4,6.9,15.7,1.7,1.0,2.7,0.102,0.8,-0.4,0.3,0.7,0.0,2020
211,Jordan Poole,22.4,2.9,8.8,0.333,1.3,4.6,0.279,1.6,4.2,0.392,0.406,1.7,2.1,0.798,0.2,1.9,2.1,2.4,0.6,0.2,1.3,1.6,8.8,0.0,0.0,1010.0,0.0,0.0,0.0,0.0,0.0,0.0,0.0,0.0,0.0,0.0,0.0,0.0,0.0,57.0,14.0,1274.0,167.0,502.0,0.333,74.0,265.0,0.279,93.0,237.0,0.392,0.406,95.0,119.0,0.798,9.0,109.0,118.0,134.0,35.0,10.0,74.0,94.0,503.0,0.0,7.2,0.454,0.528,0.237,0.7,9.6,5.0,15.8,1.3,0.7,11.8,21.1,-1.6,0.4,-1.2,-0.047,-4.4,-2.2,-6.6,-1.5,0.0,2020
212,Austin Rivers,23.4,3.1,7.4,0.421,1.4,4.0,0.356,1.7,3.4,0.498,0.517,1.1,1.6,0.703,0.4,2.2,2.6,1.7,0.7,0.1,0.7,1.9,8.8,0.0,0.0,1010.0,0.0,0.0,0.0,0.0,0.0,0.0,0.0,0.0,0.0,0.0,0.0,0.0,0.0,68.0,4.0,1594.0,211.0,501.0,0.421,96.0,270.0,0.356,115.0,231.0,0.498,0.517,78.0,111.0,0.703,27.0,148.0,175.0,113.0,49.0,10.0,50.0,129.0,596.0,0.0,10.4,0.542,0.539,0.222,1.8,9.8,5.8,10.0,1.4,0.5,8.3,15.6,1.2,1.2,2.4,0.072,-2.1,-0.4,-2.5,-0.2,0.0,2020
213,Grayson Allen,18.9,3.1,6.6,0.466,1.5,3.7,0.404,1.6,2.9,0.545,0.58,1.0,1.2,0.867,0.2,2.0,2.2,1.4,0.3,0.1,0.9,1.4,8.7,0.0,0.0,1010.0,0.0,0.0,0.0,0.0,0.0,0.0,0.0,0.0,0.0,0.0,0.0,0.0,0.0,38.0,0.0,718.0,117.0,251.0,0.466,57.0,141.0,0.404,60.0,110.0,0.545,0.58,39.0,45.0,0.867,8.0,77.0,85.0,52.0,10.0,2.0,33.0,53.0,330.0,0.0,12.0,0.609,0.562,0.179,1.2,11.1,6.2,10.0,0.7,0.2,10.9,17.6,0.8,0.4,1.2,0.082,-0.1,-1.2,-1.3,0.1,0.0,2020
214,Moritz Wagner,18.6,3.2,5.9,0.545,0.6,1.8,0.313,2.7,4.1,0.645,0.592,1.7,2.1,0.821,1.2,3.6,4.9,1.2,0.6,0.4,1.5,3.4,8.7,0.0,0.0,1010.0,0.0,0.0,0.0,0.0,0.0,0.0,0.0,0.0,0.0,0.0,0.0,0.0,0.0,45.0,5.0,835.0,145.0,266.0,0.545,25.0,80.0,0.313,120.0,186.0,0.645,0.592,78.0,95.0,0.821,56.0,163.0,219.0,56.0,28.0,19.0,66.0,152.0,393.0,0.0,15.1,0.638,0.301,0.357,7.0,22.2,14.3,9.8,1.6,2.0,17.7,18.6,1.1,0.6,1.7,0.099,-2.0,-0.3,-2.3,-0.1,0.0,2020
215,Avery Bradley,24.2,3.5,7.8,0.444,1.3,3.5,0.364,2.2,4.3,0.51,0.526,0.4,0.5,0.833,0.4,2.0,2.3,1.3,0.9,0.1,1.0,2.2,8.6,0.0,0.0,1010.0,0.0,0.0,0.0,0.0,0.0,0.0,0.0,0.0,0.0,0.0,0.0,0.0,0.0,49.0,44.0,1186.0,170.0,383.0,0.444,63.0,173.0,0.364,107.0,210.0,0.51,0.526,20.0,24.0,0.833,18.0,97.0,115.0,63.0,43.0,5.0,47.0,110.0,423.0,0.0,8.9,0.537,0.452,0.063,1.7,8.9,5.3,7.2,1.7,0.4,10.7,15.7,0.2,1.4,1.5,0.062,-3.0,0.5,-2.5,-0.2,0.0,2020
216,Josh Okogie,25.0,2.7,6.4,0.427,0.7,2.5,0.266,2.1,3.9,0.529,0.479,2.5,3.1,0.796,1.4,2.9,4.3,1.6,1.1,0.4,1.4,2.2,8.6,0.0,0.0,1010.0,0.0,0.0,0.0,0.0,0.0,0.0,0.0,0.0,0.0,0.0,0.0,0.0,0.0,62.0,28.0,1547.0,170.0,398.0,0.427,41.0,154.0,0.266,129.0,244.0,0.529,0.479,152.0,191.0,0.796,87.0,181.0,268.0,99.0,68.0,26.0,87.0,139.0,533.0,0.0,11.5,0.553,0.387,0.48,5.7,12.8,9.1,8.9,2.0,1.4,15.3,15.1,0.9,1.2,2.2,0.068,-2.4,0.0,-2.4,-0.2,0.0,2020
217,Derrick Jones Jr.,23.3,3.1,5.9,0.527,0.6,2.2,0.28,2.5,3.7,0.677,0.58,1.6,2.1,0.772,1.1,2.8,3.9,1.1,1.0,0.6,0.5,2.2,8.5,0.0,0.0,1010.0,0.0,0.0,0.0,0.0,0.0,0.0,0.0,0.0,0.0,0.0,0.0,0.0,0.0,59.0,16.0,1375.0,184.0,349.0,0.527,37.0,132.0,0.28,147.0,217.0,0.677,0.58,95.0,123.0,0.772,66.0,167.0,233.0,62.0,58.0,38.0,30.0,130.0,500.0,0.0,14.9,0.62,0.378,0.352,5.6,13.1,9.5,6.7,2.1,2.7,6.9,13.9,2.6,1.8,4.4,0.153,-0.3,1.1,0.7,1.0,0.0,2020
218,James Johnson,19.3,3.2,6.7,0.479,1.0,2.8,0.363,2.2,3.9,0.565,0.556,1.0,1.5,0.646,0.8,2.9,3.7,2.3,0.8,1.0,1.5,2.5,8.4,0.0,0.0,1010.0,0.0,0.0,0.0,0.0,0.0,0.0,0.0,0.0,0.0,0.0,0.0,0.0,0.0,32.0,1.0,619.0,103.0,215.0,0.479,33.0,91.0,0.363,70.0,124.0,0.565,0.556,31.0,48.0,0.646,25.0,93.0,118.0,74.0,25.0,32.0,48.0,80.0,270.0,0.0,14.8,0.572,0.423,0.223,4.3,16.3,10.3,18.4,1.9,4.6,16.9,19.4,0.3,0.8,1.1,0.089,-1.1,1.2,0.0,0.3,0.0,2020
219,Justin Holiday,25.0,2.8,6.7,0.428,1.8,4.5,0.405,1.0,2.1,0.477,0.566,0.7,0.9,0.791,0.4,2.8,3.3,1.3,1.2,0.6,0.6,1.9,8.3,0.0,0.0,1010.0,0.0,0.0,0.0,0.0,0.0,0.0,0.0,0.0,0.0,0.0,0.0,0.0,0.0,73.0,6.0,1826.0,208.0,486.0,0.428,134.0,331.0,0.405,74.0,155.0,0.477,0.566,53.0,67.0,0.791,32.0,206.0,238.0,93.0,87.0,46.0,44.0,137.0,603.0,0.0,12.1,0.585,0.681,0.138,1.9,12.2,7.1,6.7,2.3,2.2,7.9,13.4,1.6,2.6,4.2,0.112,-0.5,1.8,1.3,1.5,0.0,2020
220,DeAndre Jordan,22.0,3.4,5.1,0.666,0.0,0.0,0.0,3.4,5.1,0.666,0.666,1.5,2.2,0.68,2.5,7.5,10.0,1.9,0.3,0.9,1.3,2.0,8.3,0.0,0.0,1010.0,0.0,0.0,0.0,0.0,0.0,0.0,0.0,0.0,0.0,0.0,0.0,0.0,0.0,56.0,6.0,1234.0,191.0,287.0,0.666,0.0,0.0,0.0,191.0,287.0,0.666,0.666,83.0,122.0,0.68,141.0,420.0,561.0,105.0,18.0,52.0,74.0,114.0,465.0,0.0,19.9,0.682,0.0,0.425,12.1,34.5,23.5,12.6,0.7,3.5,17.8,14.1,3.0,2.2,5.2,0.2,1.2,1.8,3.0,1.5,0.0,2020
221,E'Twaun Moore,18.2,3.3,7.8,0.426,1.1,3.0,0.377,2.2,4.8,0.456,0.498,0.6,0.8,0.689,0.6,1.8,2.3,1.4,0.6,0.2,0.7,1.4,8.3,0.0,0.0,1010.0,0.0,0.0,0.0,0.0,0.0,0.0,0.0,0.0,0.0,0.0,0.0,0.0,0.0,56.0,6.0,1020.0,186.0,437.0,0.426,63.0,167.0,0.377,123.0,270.0,0.456,0.498,31.0,45.0,0.689,31.0,100.0,131.0,78.0,32.0,11.0,40.0,80.0,466.0,0.0,11.3,0.51,0.382,0.103,3.2,10.4,6.8,11.0,1.5,0.9,8.1,19.9,0.3,0.7,0.9,0.043,-1.9,-0.8,-2.7,-0.2,0.0,2020
222,Jeremy Pargo,14.7,3.7,7.3,0.5,1.0,2.3,0.429,2.7,5.0,0.533,0.568,0.0,0.3,0.0,0.3,0.7,1.0,2.7,0.3,0.0,1.3,2.7,8.3,0.0,0.0,1010.0,0.0,0.0,0.0,0.0,0.0,0.0,0.0,0.0,0.0,0.0,0.0,0.0,0.0,3.0,0.0,44.0,11.0,22.0,0.5,3.0,7.0,0.429,8.0,15.0,0.533,0.568,0.0,1.0,0.0,1.0,2.0,3.0,8.0,1.0,0.0,4.0,8.0,25.0,0.0,12.6,0.557,0.318,0.045,2.4,5.1,3.7,33.2,1.1,0.0,15.1,25.7,0.0,0.0,0.0,0.011,-2.8,-3.1,-5.9,0.0,0.0,2020
223,Anfernee Simons,20.7,3.1,7.7,0.399,1.1,3.2,0.332,2.0,4.4,0.448,0.469,1.1,1.3,0.826,0.4,1.8,2.2,1.4,0.4,0.1,0.9,1.9,8.3,0.0,0.0,1010.0,0.0,0.0,0.0,0.0,0.0,0.0,0.0,0.0,0.0,0.0,0.0,0.0,0.0,70.0,4.0,1449.0,214.0,536.0,0.399,75.0,226.0,0.332,139.0,310.0,0.448,0.469,76.0,92.0,0.826,25.0,127.0,152.0,97.0,26.0,10.0,61.0,135.0,579.0,0.0,9.0,0.502,0.422,0.172,1.8,9.1,5.5,9.2,0.9,0.6,9.6,18.7,0.0,0.1,0.2,0.005,-2.6,-1.9,-4.5,-0.9,0.0,2020
224,Ivica Zubac,18.4,3.3,5.3,0.613,0.0,0.0,0.0,3.3,5.3,0.616,0.613,1.7,2.3,0.747,2.7,4.8,7.5,1.1,0.2,0.9,0.8,2.3,8.3,0.0,0.0,1010.0,0.0,0.0,0.0,0.0,0.0,0.0,0.0,0.0,0.0,0.0,0.0,0.0,0.0,72.0,70.0,1326.0,236.0,385.0,0.613,0.0,2.0,0.0,236.0,383.0,0.616,0.613,124.0,166.0,0.747,197.0,346.0,543.0,82.0,16.0,66.0,61.0,168.0,596.0,0.0,21.7,0.651,0.005,0.431,15.9,26.4,21.3,9.1,0.6,4.4,11.8,16.4,4.4,2.3,6.6,0.241,1.9,0.9,2.8,1.6,0.0,2020
225,Jalen Brunson,17.9,3.2,6.8,0.466,0.8,2.1,0.358,2.4,4.7,0.515,0.522,1.1,1.3,0.813,0.4,2.0,2.4,3.3,0.4,0.1,1.2,1.3,8.2,0.0,0.0,1010.0,0.0,0.0,0.0,0.0,0.0,0.0,0.0,0.0,0.0,0.0,0.0,0.0,0.0,57.0,16.0,1022.0,181.0,388.0,0.466,43.0,120.0,0.358,138.0,268.0,0.515,0.522,61.0,75.0,0.813,22.0,112.0,134.0,188.0,22.0,4.0,66.0,74.0,466.0,0.0,14.9,0.553,0.309,0.193,2.3,11.3,6.9,27.0,1.0,0.3,13.6,20.4,1.6,0.6,2.1,0.101,0.1,-1.0,-0.9,0.3,0.0,2020
226,Kelly Olynyk,19.4,2.7,5.9,0.462,1.4,3.5,0.406,1.3,2.4,0.543,0.582,1.3,1.5,0.86,0.7,3.9,4.6,1.7,0.7,0.3,1.1,2.6,8.2,0.0,0.0,1010.0,0.0,0.0,0.0,0.0,0.0,0.0,0.0,0.0,0.0,0.0,0.0,0.0,0.0,67.0,9.0,1300.0,184.0,398.0,0.462,95.0,234.0,0.406,89.0,164.0,0.543,0.582,86.0,100.0,0.86,44.0,261.0,305.0,116.0,45.0,23.0,71.0,173.0,549.0,0.0,14.6,0.621,0.588,0.251,3.9,21.6,13.1,13.3,1.7,1.8,13.8,17.4,1.9,1.8,3.7,0.135,0.0,1.0,1.0,1.0,0.0,2020
227,Reggie Bullock,23.6,3.1,7.7,0.402,1.3,3.8,0.333,1.8,3.9,0.469,0.484,0.6,0.7,0.81,0.4,1.9,2.3,1.4,0.9,0.1,0.7,1.9,8.1,0.0,0.0,1010.0,0.0,0.0,0.0,0.0,0.0,0.0,0.0,0.0,0.0,0.0,0.0,0.0,0.0,29.0,19.0,684.0,90.0,224.0,0.402,37.0,111.0,0.333,53.0,113.0,0.469,0.484,17.0,21.0,0.81,13.0,55.0,68.0,42.0,25.0,3.0,19.0,56.0,234.0,0.0,9.3,0.502,0.496,0.094,2.0,8.8,5.3,8.8,1.8,0.4,7.5,15.6,0.2,0.3,0.5,0.036,-2.8,-0.3,-3.0,-0.2,0.0,2020
228,Enes Freedom,16.9,3.4,6.0,0.572,0.0,0.1,0.143,3.4,5.9,0.581,0.573,1.2,1.7,0.707,2.8,4.6,7.4,1.0,0.4,0.7,1.0,1.7,8.1,0.0,0.0,1010.0,0.0,0.0,0.0,0.0,0.0,0.0,0.0,0.0,0.0,0.0,0.0,0.0,0.0,58.0,7.0,983.0,199.0,348.0,0.572,1.0,7.0,0.143,198.0,341.0,0.581,0.573,70.0,99.0,0.707,163.0,268.0,431.0,56.0,22.0,41.0,56.0,100.0,469.0,0.0,22.4,0.599,0.02,0.284,18.0,28.9,23.5,8.8,1.1,3.9,12.5,19.4,2.6,1.8,4.4,0.214,1.8,-0.3,1.5,0.9,0.0,2020
229,Jahlil Okafor,15.6,3.4,5.4,0.623,0.0,0.1,0.333,3.3,5.3,0.629,0.627,1.3,2.1,0.645,1.6,2.6,4.2,1.2,0.2,0.7,1.3,2.2,8.1,0.0,0.0,1010.0,0.0,0.0,0.0,0.0,0.0,0.0,0.0,0.0,0.0,0.0,0.0,0.0,0.0,30.0,9.0,467.0,101.0,162.0,0.623,1.0,3.0,0.333,100.0,159.0,0.629,0.627,40.0,62.0,0.645,48.0,79.0,127.0,37.0,7.0,22.0,38.0,67.0,243.0,0.0,18.3,0.642,0.019,0.383,10.9,18.0,14.4,12.0,0.7,3.9,16.7,19.9,0.9,0.4,1.3,0.133,-0.5,0.3,-0.2,0.2,0.0,2020
230,Trevor Ariza,28.2,2.7,6.1,0.438,1.5,3.9,0.372,1.2,2.2,0.556,0.557,1.2,1.4,0.838,0.6,4.0,4.6,1.7,1.3,0.3,1.1,2.1,8.0,0.0,0.0,1010.0,0.0,0.0,0.0,0.0,0.0,0.0,0.0,0.0,0.0,0.0,0.0,0.0,0.0,53.0,21.0,1493.0,142.0,324.0,0.438,77.0,207.0,0.372,65.0,117.0,0.556,0.557,62.0,74.0,0.838,34.0,212.0,246.0,91.0,69.0,15.0,56.0,111.0,423.0,0.0,11.0,0.593,0.639,0.228,2.5,15.7,9.0,8.0,2.2,0.9,13.6,11.8,1.3,1.2,2.5,0.081,-1.4,0.9,-0.5,0.6,0.0,2020
231,Alex Len,17.6,3.2,5.8,0.555,0.3,1.1,0.271,2.9,4.7,0.619,0.58,1.2,1.9,0.648,1.8,4.0,5.8,0.9,0.4,0.9,1.0,2.3,8.0,0.0,0.0,1010.0,0.0,0.0,0.0,0.0,0.0,0.0,0.0,0.0,0.0,0.0,0.0,0.0,0.0,55.0,12.0,970.0,177.0,319.0,0.555,16.0,59.0,0.271,161.0,260.0,0.619,0.58,68.0,105.0,0.648,100.0,221.0,321.0,50.0,23.0,48.0,55.0,127.0,438.0,0.0,17.7,0.6,0.185,0.329,11.1,25.2,18.0,7.9,1.1,4.3,13.1,18.1,1.5,1.0,2.5,0.122,-0.5,-0.3,-0.7,0.3,0.0,2020
232,Danny Green,24.8,2.9,7.0,0.416,1.8,4.8,0.367,1.1,2.2,0.524,0.542,0.5,0.7,0.688,0.8,2.6,3.3,1.3,1.3,0.5,0.9,2.0,8.0,0.0,0.0,1010.0,0.0,0.0,0.0,0.0,0.0,0.0,0.0,0.0,0.0,0.0,0.0,0.0,0.0,68.0,68.0,1687.0,197.0,474.0,0.416,120.0,327.0,0.367,77.0,147.0,0.524,0.542,33.0,48.0,0.688,51.0,174.0,225.0,91.0,85.0,32.0,63.0,136.0,547.0,0.0,10.8,0.552,0.69,0.101,3.3,11.2,7.3,7.1,2.4,1.7,11.3,13.9,0.8,2.5,3.4,0.096,-1.1,1.5,0.5,1.1,0.0,2020
233,Draymond Green,28.4,2.9,7.3,0.389,0.8,3.0,0.279,2.0,4.3,0.465,0.446,1.5,1.9,0.759,0.5,5.7,6.2,6.2,1.4,0.8,2.3,2.6,8.0,0.0,0.0,1010.0,0.0,0.0,0.0,0.0,0.0,0.0,0.0,0.0,0.0,0.0,0.0,0.0,0.0,43.0,43.0,1222.0,123.0,316.0,0.389,36.0,129.0,0.279,87.0,187.0,0.465,0.446,63.0,83.0,0.759,23.0,243.0,266.0,266.0,59.0,33.0,98.0,110.0,345.0,2.0,12.5,0.489,0.408,0.263,2.0,22.3,11.8,31.2,2.3,2.4,21.8,15.7,-0.2,1.3,1.1,0.044,-2.1,1.9,-0.2,0.5,0.0,2020
234,Tony Snell,27.8,2.9,6.5,0.445,1.7,4.3,0.402,1.2,2.2,0.531,0.579,0.5,0.5,1.0,0.2,1.7,1.9,2.2,0.5,0.3,0.5,1.7,8.0,0.0,0.0,1010.0,0.0,0.0,0.0,0.0,0.0,0.0,0.0,0.0,0.0,0.0,0.0,0.0,0.0,59.0,57.0,1641.0,170.0,382.0,0.445,102.0,254.0,0.402,68.0,128.0,0.531,0.579,32.0,32.0,1.0,9.0,102.0,111.0,127.0,32.0,15.0,31.0,101.0,474.0,0.0,9.7,0.598,0.665,0.084,0.6,7.1,3.8,10.9,1.0,0.8,7.3,11.4,2.1,0.5,2.6,0.076,-1.2,-0.6,-1.8,0.1,0.0,2020
235,Sindarius Thornwell,17.5,3.0,5.5,0.545,1.0,2.0,0.5,2.0,3.5,0.571,0.636,1.0,2.0,0.5,0.0,2.0,2.0,2.0,0.5,0.5,1.0,1.0,8.0,0.0,0.0,1010.0,0.0,0.0,0.0,0.0,0.0,0.0,0.0,0.0,0.0,0.0,0.0,0.0,0.0,2.0,0.0,35.0,6.0,11.0,0.545,2.0,4.0,0.5,4.0,7.0,0.571,0.636,2.0,4.0,0.5,0.0,4.0,4.0,4.0,1.0,1.0,2.0,2.0,16.0,0.0,14.7,0.627,0.364,0.364,0.0,12.2,6.1,16.1,1.3,2.4,13.6,17.3,0.0,0.0,0.1,0.101,0.4,-1.2,-0.8,0.0,0.0,2020
236,Patrick Beverley,26.3,2.9,6.7,0.431,1.6,4.0,0.388,1.3,2.6,0.496,0.548,0.6,0.9,0.66,1.1,4.1,5.2,3.6,1.1,0.5,1.3,3.1,7.9,0.0,0.0,1010.0,0.0,0.0,0.0,0.0,0.0,0.0,0.0,0.0,0.0,0.0,0.0,0.0,0.0,51.0,50.0,1342.0,147.0,341.0,0.431,80.0,206.0,0.388,67.0,135.0,0.496,0.548,31.0,47.0,0.66,57.0,209.0,266.0,183.0,54.0,25.0,66.0,156.0,405.0,0.0,12.5,0.56,0.604,0.138,4.5,15.8,10.3,18.2,1.9,1.6,15.4,13.3,1.6,2.0,3.6,0.128,-0.3,2.5,2.2,1.4,0.0,2020
237,Chandler Hutchison,18.8,2.9,6.3,0.457,0.4,1.4,0.316,2.4,4.9,0.496,0.491,1.6,2.8,0.59,0.6,3.2,3.9,0.9,1.0,0.3,1.0,1.7,7.8,0.0,0.0,1010.0,0.0,0.0,0.0,0.0,0.0,0.0,0.0,0.0,0.0,0.0,0.0,0.0,0.0,28.0,10.0,527.0,80.0,175.0,0.457,12.0,38.0,0.316,68.0,137.0,0.496,0.491,46.0,78.0,0.59,18.0,90.0,108.0,26.0,27.0,7.0,27.0,47.0,218.0,0.0,12.4,0.521,0.217,0.446,3.6,19.8,11.3,7.4,2.5,1.3,11.4,19.1,0.0,0.7,0.7,0.06,-2.7,0.1,-2.6,-0.1,0.0,2020
238,Timothé Luwawu-Cabarrot,18.1,2.5,5.7,0.435,1.3,3.4,0.388,1.2,2.3,0.505,0.55,1.5,1.7,0.852,0.6,2.1,2.7,0.6,0.4,0.1,0.8,2.3,7.8,0.0,0.0,1010.0,0.0,0.0,0.0,0.0,0.0,0.0,0.0,0.0,0.0,0.0,0.0,0.0,0.0,47.0,2.0,853.0,117.0,269.0,0.435,62.0,160.0,0.388,55.0,109.0,0.505,0.55,69.0,81.0,0.852,29.0,98.0,127.0,29.0,18.0,7.0,37.0,106.0,365.0,0.0,11.0,0.599,0.595,0.301,3.6,11.6,7.7,4.9,1.0,0.7,10.8,16.8,0.9,0.7,1.7,0.095,-1.8,-0.5,-2.2,-0.1,0.0,2020
239,J.J. Barea,15.5,2.9,7.1,0.411,1.1,2.9,0.376,1.8,4.2,0.434,0.488,0.7,0.8,0.909,0.3,1.5,1.8,3.9,0.2,0.1,1.3,0.9,7.7,0.0,0.0,1010.0,0.0,0.0,0.0,0.0,0.0,0.0,0.0,0.0,0.0,0.0,0.0,0.0,0.0,29.0,6.0,450.0,85.0,207.0,0.411,32.0,85.0,0.376,53.0,122.0,0.434,0.488,20.0,22.0,0.909,10.0,43.0,53.0,112.0,5.0,2.0,38.0,27.0,222.0,0.0,14.6,0.512,0.411,0.106,2.4,9.9,6.2,37.1,0.5,0.4,14.9,24.2,0.5,0.2,0.7,0.072,1.6,-3.0,-1.4,0.1,0.0,2020
240,Jordan McLaughlin,19.7,2.9,5.9,0.489,1.0,2.5,0.382,1.9,3.4,0.569,0.57,0.9,1.3,0.667,0.2,1.4,1.6,4.2,1.1,0.1,1.0,1.0,7.6,0.0,0.0,1010.0,0.0,0.0,0.0,0.0,0.0,0.0,0.0,0.0,0.0,0.0,0.0,0.0,0.0,30.0,2.0,590.0,87.0,178.0,0.489,29.0,76.0,0.382,58.0,102.0,0.569,0.57,26.0,39.0,0.667,7.0,42.0,49.0,125.0,34.0,4.0,31.0,31.0,229.0,0.0,16.3,0.587,0.427,0.219,1.2,7.8,4.4,31.0,2.7,0.6,13.7,15.8,1.1,0.4,1.6,0.13,0.3,0.0,0.3,0.3,0.0,2020
241,De'Anthony Melton,19.5,2.7,6.7,0.401,0.7,2.3,0.286,2.0,4.4,0.464,0.451,1.6,2.0,0.769,0.7,3.0,3.7,2.9,1.3,0.3,1.4,1.8,7.6,0.0,0.0,1010.0,0.0,0.0,0.0,0.0,0.0,0.0,0.0,0.0,0.0,0.0,0.0,0.0,0.0,60.0,8.0,1167.0,161.0,401.0,0.401,40.0,140.0,0.286,121.0,261.0,0.464,0.451,93.0,121.0,0.769,43.0,177.0,220.0,175.0,77.0,20.0,84.0,109.0,455.0,0.0,13.5,0.501,0.349,0.302,4.0,15.7,9.9,20.1,3.1,1.5,15.6,19.2,0.1,1.7,1.7,0.072,-2.2,2.0,-0.2,0.5,0.0,2020
242,Omari Spellman,18.1,2.6,6.0,0.431,0.9,2.2,0.391,1.7,3.8,0.454,0.503,1.5,1.9,0.793,1.6,2.9,4.5,1.0,0.7,0.5,1.1,1.3,7.6,0.0,0.0,1010.0,0.0,0.0,0.0,0.0,0.0,0.0,0.0,0.0,0.0,0.0,0.0,0.0,0.0,49.0,3.0,886.0,127.0,295.0,0.431,43.0,110.0,0.391,84.0,185.0,0.454,0.503,73.0,92.0,0.793,77.0,142.0,219.0,47.0,33.0,24.0,54.0,63.0,370.0,0.0,14.4,0.551,0.373,0.312,9.1,18.0,13.4,8.1,1.8,2.4,13.9,18.8,0.5,0.7,1.2,0.066,-0.8,-1.0,-1.8,0.1,0.0,2020
243,Terence Davis,16.8,2.8,6.1,0.456,1.3,3.4,0.388,1.5,2.7,0.541,0.564,0.7,0.8,0.864,0.7,2.6,3.3,1.6,0.5,0.2,1.1,1.7,7.5,0.0,0.0,1010.0,0.0,0.0,0.0,0.0,0.0,0.0,0.0,0.0,0.0,0.0,0.0,0.0,0.0,72.0,4.0,1209.0,199.0,436.0,0.456,94.0,242.0,0.388,105.0,194.0,0.541,0.564,51.0,59.0,0.864,50.0,187.0,237.0,115.0,39.0,14.0,76.0,124.0,543.0,0.0,13.8,0.588,0.555,0.135,4.5,16.0,10.3,14.2,1.5,1.1,14.1,19.0,1.2,1.9,3.1,0.122,0.1,0.7,0.8,0.8,0.0,2020
244,Marc Gasol,26.4,2.7,6.3,0.427,1.3,3.4,0.385,1.4,3.0,0.473,0.529,0.8,1.1,0.735,0.7,5.5,6.3,3.3,0.8,0.9,1.3,2.8,7.5,0.0,0.0,1010.0,0.0,0.0,0.0,0.0,0.0,0.0,0.0,0.0,0.0,0.0,0.0,0.0,0.0,44.0,43.0,1161.0,119.0,279.0,0.427,57.0,148.0,0.385,62.0,131.0,0.473,0.529,36.0,49.0,0.735,31.0,244.0,275.0,147.0,34.0,38.0,59.0,124.0,331.0,0.0,11.8,0.551,0.53,0.176,2.9,21.7,12.5,17.3,1.4,3.2,16.4,13.2,0.8,2.2,3.0,0.124,-1.2,2.8,1.6,1.1,0.0,2020
245,Dwight Howard,18.9,2.9,4.0,0.729,0.0,0.1,0.6,2.9,3.9,0.732,0.735,1.6,3.1,0.514,2.5,4.9,7.3,0.7,0.4,1.1,1.2,3.2,7.5,0.0,0.0,1010.0,0.0,0.0,0.0,0.0,0.0,0.0,0.0,0.0,0.0,0.0,0.0,0.0,0.0,69.0,2.0,1306.0,202.0,277.0,0.729,3.0,5.0,0.6,199.0,272.0,0.732,0.735,110.0,214.0,0.514,172.0,335.0,507.0,45.0,31.0,79.0,84.0,222.0,517.0,0.0,18.7,0.696,0.018,0.773,14.6,27.8,21.2,4.8,1.1,5.4,18.5,14.7,2.8,2.6,5.4,0.197,-1.0,1.2,0.2,0.7,0.0,2020
246,Trey Burke,15.8,2.8,6.3,0.45,1.0,2.3,0.427,1.9,4.1,0.463,0.526,0.7,0.9,0.793,0.5,1.0,1.5,2.5,0.5,0.1,0.6,1.0,7.4,0.0,0.0,1010.0,0.0,0.0,0.0,0.0,0.0,0.0,0.0,0.0,0.0,0.0,0.0,0.0,0.0,33.0,1.0,520.0,94.0,209.0,0.45,32.0,75.0,0.427,62.0,134.0,0.463,0.526,23.0,29.0,0.793,16.0,34.0,50.0,83.0,16.0,2.0,21.0,33.0,243.0,0.0,15.6,0.548,0.359,0.139,3.4,7.0,5.2,23.7,1.5,0.3,8.7,20.0,1.0,0.4,1.3,0.123,0.8,-1.0,-0.2,0.2,0.0,2020
247,Bismack Biyombo,19.4,2.8,5.2,0.543,0.0,0.0,0.0,2.8,5.2,0.543,0.543,1.7,2.8,0.603,2.3,3.5,5.8,0.9,0.2,0.9,0.9,2.2,7.4,0.0,0.0,1010.0,0.0,0.0,0.0,0.0,0.0,0.0,0.0,0.0,0.0,0.0,0.0,0.0,0.0,53.0,29.0,1029.0,151.0,278.0,0.543,0.0,0.0,0.0,151.0,278.0,0.543,0.543,91.0,151.0,0.603,120.0,188.0,308.0,50.0,10.0,49.0,48.0,116.0,393.0,0.0,16.1,0.57,0.0,0.543,12.3,20.7,16.3,7.8,0.5,4.4,12.2,16.8,1.5,0.9,2.4,0.113,-1.8,-0.7,-2.5,-0.1,0.0,2020
248,Ky Bowman,22.6,3.0,7.1,0.417,0.7,2.4,0.308,2.2,4.8,0.472,0.469,0.8,0.9,0.829,0.5,2.2,2.7,2.9,1.0,0.2,1.6,2.3,7.4,0.0,0.0,1010.0,0.0,0.0,0.0,0.0,0.0,0.0,0.0,0.0,0.0,0.0,0.0,0.0,0.0,45.0,12.0,1015.0,134.0,321.0,0.417,33.0,107.0,0.308,101.0,214.0,0.472,0.469,34.0,41.0,0.829,24.0,97.0,121.0,131.0,44.0,10.0,70.0,102.0,335.0,0.0,9.1,0.494,0.333,0.128,2.5,10.7,6.5,19.4,2.1,0.9,17.1,17.2,-0.6,0.6,-0.1,-0.003,-4.0,-0.3,-4.3,-0.6,0.0,2020
249,Gorgui Dieng,17.4,2.6,5.8,0.456,0.9,2.4,0.355,1.8,3.4,0.528,0.53,1.2,1.6,0.772,1.4,4.2,5.6,1.2,0.8,0.9,1.0,2.0,7.4,0.0,0.0,1010.0,0.0,0.0,0.0,0.0,0.0,0.0,0.0,0.0,0.0,0.0,0.0,0.0,0.0,63.0,17.0,1096.0,166.0,364.0,0.456,54.0,152.0,0.355,112.0,212.0,0.528,0.53,78.0,101.0,0.772,91.0,263.0,354.0,73.0,51.0,59.0,60.0,124.0,464.0,0.0,17.1,0.568,0.418,0.277,8.5,25.8,17.0,9.7,2.2,4.5,12.8,17.6,1.3,1.7,2.9,0.129,-0.2,1.8,1.5,1.0,0.0,2020
250,Jaxson Hayes,16.9,2.7,4.0,0.672,0.0,0.1,0.25,2.7,4.0,0.678,0.674,1.9,3.0,0.647,1.5,2.5,4.0,0.9,0.4,0.9,0.8,2.5,7.4,0.0,0.0,1010.0,0.0,0.0,0.0,0.0,0.0,0.0,0.0,0.0,0.0,0.0,0.0,0.0,0.0,64.0,14.0,1080.0,174.0,259.0,0.672,1.0,4.0,0.25,173.0,255.0,0.678,0.674,123.0,190.0,0.647,97.0,162.0,259.0,56.0,26.0,55.0,53.0,161.0,472.0,0.0,17.6,0.689,0.015,0.734,9.5,16.0,12.7,7.2,1.1,4.3,13.4,15.0,2.8,1.1,3.9,0.171,-0.9,0.6,-0.3,0.5,0.0,2020
251,Tyus Jones,19.0,3.0,6.6,0.459,0.7,1.9,0.379,2.3,4.7,0.492,0.514,0.7,0.9,0.741,0.1,1.4,1.6,4.4,0.9,0.1,0.8,0.7,7.4,0.0,0.0,1010.0,0.0,0.0,0.0,0.0,0.0,0.0,0.0,0.0,0.0,0.0,0.0,0.0,0.0,65.0,6.0,1232.0,197.0,429.0,0.459,47.0,124.0,0.379,150.0,305.0,0.492,0.514,43.0,58.0,0.741,9.0,94.0,103.0,285.0,59.0,6.0,55.0,44.0,484.0,0.0,15.7,0.532,0.289,0.135,0.8,7.9,4.4,32.0,2.2,0.4,10.8,17.2,1.9,1.1,3.0,0.117,0.4,0.2,0.6,0.8,0.0,2020
252,Ian Mahinmi,21.3,2.7,5.5,0.495,0.1,0.7,0.192,2.6,4.8,0.538,0.507,1.8,3.0,0.619,2.1,3.7,5.7,1.3,0.8,1.2,1.2,3.0,7.4,0.0,0.0,1010.0,0.0,0.0,0.0,0.0,0.0,0.0,0.0,0.0,0.0,0.0,0.0,0.0,0.0,38.0,35.0,808.0,104.0,210.0,0.495,5.0,26.0,0.192,99.0,184.0,0.538,0.507,70.0,113.0,0.619,78.0,140.0,218.0,49.0,31.0,44.0,45.0,114.0,283.0,0.0,14.2,0.545,0.124,0.538,10.1,19.7,14.7,8.3,1.8,4.8,14.8,15.7,0.7,0.7,1.4,0.083,-2.8,0.0,-2.7,-0.2,0.0,2020
253,Wesley Matthews,24.4,2.5,6.3,0.396,1.6,4.4,0.364,0.9,1.9,0.472,0.524,0.8,1.0,0.765,0.3,2.1,2.5,1.4,0.6,0.1,0.6,1.5,7.4,0.0,0.0,1010.0,0.0,0.0,0.0,0.0,0.0,0.0,0.0,0.0,0.0,0.0,0.0,0.0,0.0,67.0,67.0,1635.0,167.0,422.0,0.396,108.0,297.0,0.364,59.0,125.0,0.472,0.524,52.0,68.0,0.765,22.0,144.0,166.0,92.0,38.0,9.0,43.0,103.0,494.0,0.0,8.1,0.547,0.704,0.161,1.4,8.2,5.0,7.1,1.1,0.5,8.7,12.5,0.8,2.4,3.2,0.093,-2.6,0.7,-1.8,0.1,0.0,2020
254,Nerlens Noel,18.5,3.0,4.4,0.684,0.0,0.0,0.333,3.0,4.4,0.688,0.686,1.3,1.7,0.755,1.5,3.4,4.9,0.9,1.0,1.5,1.1,2.7,7.4,0.0,0.0,1010.0,0.0,0.0,0.0,0.0,0.0,0.0,0.0,0.0,0.0,0.0,0.0,0.0,0.0,61.0,7.0,1127.0,184.0,269.0,0.684,1.0,3.0,0.333,183.0,266.0,0.688,0.686,80.0,106.0,0.755,91.0,209.0,300.0,57.0,59.0,91.0,66.0,166.0,449.0,0.0,20.4,0.711,0.011,0.394,9.2,19.9,14.7,7.6,2.5,6.9,17.3,14.9,2.6,2.3,4.9,0.209,-0.3,3.4,3.1,1.5,0.0,2020
255,Brandon Knight,18.5,2.4,6.7,0.353,1.8,5.2,0.344,0.6,1.4,0.389,0.488,0.8,1.4,0.588,0.2,1.5,1.6,2.8,0.4,0.1,1.5,1.6,7.3,0.0,0.0,1010.0,0.0,0.0,0.0,0.0,0.0,0.0,0.0,0.0,0.0,0.0,0.0,0.0,0.0,25.0,3.0,462.0,59.0,167.0,0.353,45.0,131.0,0.344,14.0,36.0,0.389,0.488,20.0,34.0,0.588,4.0,37.0,41.0,69.0,10.0,3.0,38.0,40.0,183.0,0.0,8.5,0.503,0.784,0.204,1.0,9.1,5.0,21.6,1.1,0.6,17.3,20.6,-0.2,0.1,-0.1,-0.01,-1.8,-2.6,-4.4,-0.3,0.0,2020
256,Kris Dunn,24.9,3.0,6.7,0.444,0.6,2.2,0.259,2.4,4.5,0.535,0.487,0.8,1.1,0.741,0.5,3.2,3.6,3.4,2.0,0.3,1.3,3.1,7.3,0.0,0.0,1010.0,0.0,0.0,0.0,0.0,0.0,0.0,0.0,0.0,0.0,0.0,0.0,0.0,0.0,51.0,32.0,1269.0,152.0,342.0,0.444,29.0,112.0,0.259,123.0,230.0,0.535,0.487,40.0,54.0,0.741,23.0,163.0,186.0,173.0,101.0,17.0,68.0,158.0,373.0,0.0,12.1,0.51,0.327,0.158,1.9,14.9,8.1,19.4,3.8,1.3,15.7,14.6,0.3,2.0,2.3,0.085,-3.8,3.1,-0.6,0.4,0.0,2020
257,Emmanuel Mudiay,15.7,2.8,6.1,0.462,0.6,1.6,0.345,2.2,4.4,0.504,0.508,1.2,1.5,0.759,0.3,2.0,2.3,2.1,0.4,0.2,1.4,1.3,7.3,0.0,0.0,1010.0,0.0,0.0,0.0,0.0,0.0,0.0,0.0,0.0,0.0,0.0,0.0,0.0,0.0,54.0,2.0,850.0,151.0,327.0,0.462,30.0,87.0,0.345,121.0,240.0,0.504,0.508,63.0,83.0,0.759,18.0,108.0,126.0,116.0,24.0,10.0,76.0,72.0,395.0,0.0,13.0,0.543,0.266,0.254,2.4,13.5,8.2,20.9,1.4,1.0,17.3,22.6,0.1,0.9,1.0,0.057,-1.8,-0.1,-1.9,0.0,0.0,2020
258,Willie Cauley-Stein,20.3,3.2,5.6,0.579,0.0,0.0,0.0,3.2,5.6,0.581,0.579,0.7,1.2,0.606,1.6,4.3,5.8,1.3,0.9,1.1,0.7,2.2,7.2,0.0,0.0,1010.0,0.0,0.0,0.0,0.0,0.0,0.0,0.0,0.0,0.0,0.0,0.0,0.0,0.0,54.0,39.0,1097.0,175.0,302.0,0.579,0.0,1.0,0.0,175.0,301.0,0.581,0.579,40.0,66.0,0.606,84.0,231.0,315.0,70.0,49.0,61.0,40.0,121.0,390.0,0.0,17.0,0.589,0.003,0.219,8.0,23.3,15.5,9.9,2.1,5.0,10.8,14.4,1.5,1.5,2.9,0.128,-1.2,1.7,0.5,0.7,0.0,2020
259,Michael Carter-Williams,18.5,2.5,5.8,0.427,0.5,1.7,0.293,2.0,4.1,0.481,0.469,1.8,2.1,0.832,1.0,2.2,3.3,2.4,1.1,0.5,1.2,1.9,7.2,0.0,0.0,1010.0,0.0,0.0,0.0,0.0,0.0,0.0,0.0,0.0,0.0,0.0,0.0,0.0,0.0,45.0,0.0,833.0,111.0,260.0,0.427,22.0,75.0,0.293,89.0,185.0,0.481,0.469,79.0,95.0,0.832,46.0,101.0,147.0,109.0,49.0,22.0,52.0,87.0,323.0,0.0,15.3,0.535,0.288,0.365,5.8,13.5,9.5,19.1,2.9,2.4,14.7,18.3,0.7,1.2,1.9,0.111,-1.5,1.6,0.1,0.5,0.0,2020
260,Mason Plumlee,17.3,2.9,4.7,0.615,0.0,0.1,0.0,2.9,4.6,0.625,0.615,1.4,2.5,0.535,1.6,3.6,5.2,2.5,0.5,0.6,1.3,2.3,7.2,0.0,0.0,1010.0,0.0,0.0,0.0,0.0,0.0,0.0,0.0,0.0,0.0,0.0,0.0,0.0,0.0,61.0,1.0,1057.0,177.0,288.0,0.615,0.0,5.0,0.0,177.0,283.0,0.625,0.615,83.0,155.0,0.535,98.0,219.0,317.0,154.0,33.0,38.0,82.0,143.0,437.0,0.0,18.8,0.613,0.017,0.538,10.4,23.2,16.8,20.9,1.5,3.3,18.7,18.0,2.0,1.4,3.4,0.153,0.3,1.7,2.0,1.1,0.0,2020
261,Jeremiah Martin,11.0,2.7,5.9,0.453,0.6,2.0,0.278,2.1,3.9,0.543,0.5,1.2,1.6,0.786,0.1,1.0,1.1,2.0,0.8,0.2,0.4,0.8,7.1,0.0,0.0,1010.0,0.0,0.0,0.0,0.0,0.0,0.0,0.0,0.0,0.0,0.0,0.0,0.0,0.0,9.0,0.0,99.0,24.0,53.0,0.453,5.0,18.0,0.278,19.0,35.0,0.543,0.5,11.0,14.0,0.786,1.0,9.0,10.0,18.0,7.0,2.0,4.0,7.0,64.0,0.0,21.8,0.541,0.34,0.264,1.1,9.2,5.2,30.8,3.3,1.7,6.3,26.7,0.2,0.1,0.4,0.176,1.5,1.7,3.2,0.1,0.0,2020
262,Rajon Rondo,20.5,2.9,6.8,0.418,0.9,2.6,0.328,2.0,4.2,0.473,0.48,0.6,0.9,0.659,0.5,2.5,3.0,5.0,0.8,0.0,1.9,1.2,7.1,0.0,0.0,1010.0,0.0,0.0,0.0,0.0,0.0,0.0,0.0,0.0,0.0,0.0,0.0,0.0,0.0,48.0,3.0,984.0,137.0,328.0,0.418,41.0,125.0,0.328,96.0,203.0,0.473,0.48,27.0,41.0,0.659,23.0,119.0,142.0,240.0,40.0,2.0,91.0,58.0,342.0,0.0,12.4,0.494,0.381,0.125,2.6,13.1,7.9,32.9,1.9,0.2,20.8,18.7,0.1,1.3,1.4,0.068,-1.2,-0.1,-1.4,0.2,0.0,2020
263,Tyler Johnson,18.2,2.5,6.4,0.388,1.0,3.1,0.319,1.5,3.4,0.45,0.464,1.1,1.3,0.84,0.5,1.5,1.9,1.9,0.4,0.2,0.7,1.5,7.0,0.0,0.0,1010.0,0.0,0.0,0.0,0.0,0.0,0.0,0.0,0.0,0.0,0.0,0.0,0.0,0.0,39.0,7.0,709.0,97.0,250.0,0.388,38.0,119.0,0.319,59.0,131.0,0.45,0.464,42.0,50.0,0.84,18.0,58.0,76.0,74.0,16.0,9.0,29.0,58.0,274.0,0.0,10.1,0.504,0.476,0.2,2.7,8.9,5.8,14.8,1.1,1.1,9.6,18.0,0.3,0.5,0.7,0.05,-2.0,-0.9,-2.9,-0.2,0.0,2020
264,Zach Collins,26.4,2.9,6.2,0.471,0.6,1.7,0.368,2.3,4.5,0.51,0.522,0.5,0.7,0.75,2.3,4.0,6.3,1.5,0.5,0.5,1.3,3.3,7.0,0.0,0.0,1010.0,0.0,0.0,0.0,0.0,0.0,0.0,0.0,0.0,0.0,0.0,0.0,0.0,0.0,11.0,11.0,290.0,32.0,68.0,0.471,7.0,19.0,0.368,25.0,49.0,0.51,0.522,6.0,8.0,0.75,25.0,44.0,69.0,16.0,5.0,5.0,14.0,36.0,77.0,0.0,9.9,0.538,0.279,0.118,9.1,15.7,12.4,7.2,0.8,1.5,16.4,12.5,0.2,0.1,0.3,0.052,-1.7,-1.4,-3.1,-0.1,0.0,2020
265,Rondae Hollis-Jefferson,18.7,2.6,5.5,0.471,0.1,0.4,0.13,2.5,5.1,0.497,0.476,1.8,2.4,0.734,1.8,2.9,4.7,1.8,0.8,0.4,1.0,1.9,7.0,0.0,0.0,1010.0,0.0,0.0,0.0,0.0,0.0,0.0,0.0,0.0,0.0,0.0,0.0,0.0,0.0,60.0,6.0,1122.0,155.0,329.0,0.471,3.0,23.0,0.13,152.0,306.0,0.497,0.476,105.0,143.0,0.734,110.0,173.0,283.0,106.0,46.0,23.0,59.0,115.0,418.0,0.0,15.1,0.533,0.07,0.435,10.6,15.9,13.3,13.6,2.0,2.0,13.1,17.2,1.4,2.0,3.4,0.146,-1.2,1.5,0.3,0.6,0.0,2020
266,Hamidou Diallo,19.5,2.9,6.4,0.446,0.3,1.2,0.281,2.5,5.2,0.485,0.473,0.8,1.4,0.603,1.0,2.7,3.6,0.8,0.8,0.2,1.1,2.2,6.9,0.0,0.0,1010.0,0.0,0.0,0.0,0.0,0.0,0.0,0.0,0.0,0.0,0.0,0.0,0.0,0.0,46.0,3.0,896.0,132.0,296.0,0.446,16.0,57.0,0.281,116.0,239.0,0.485,0.473,38.0,63.0,0.603,44.0,123.0,167.0,36.0,37.0,9.0,51.0,101.0,318.0,0.0,9.3,0.491,0.193,0.213,5.6,14.7,10.3,5.9,2.0,0.9,13.6,18.4,-0.7,1.1,0.4,0.022,-4.2,0.3,-3.9,-0.4,0.0,2020
267,Harry Giles,14.5,3.0,5.5,0.554,0.0,0.0,0.0,3.0,5.4,0.558,0.554,0.8,1.1,0.776,0.9,3.2,4.1,1.3,0.5,0.4,1.0,2.6,6.9,0.0,0.0,1010.0,0.0,0.0,0.0,0.0,0.0,0.0,0.0,0.0,0.0,0.0,0.0,0.0,0.0,46.0,17.0,667.0,139.0,251.0,0.554,0.0,2.0,0.0,139.0,249.0,0.558,0.554,38.0,49.0,0.776,43.0,145.0,188.0,60.0,22.0,18.0,44.0,119.0,316.0,0.0,16.4,0.58,0.008,0.195,7.1,25.1,15.9,14.2,1.6,2.6,13.9,20.6,0.8,0.8,1.6,0.112,-2.2,0.9,-1.3,0.1,0.0,2020
268,Frank Mason III,13.1,2.6,5.7,0.451,0.7,2.3,0.286,1.9,3.3,0.567,0.51,1.1,1.9,0.588,0.6,1.6,2.1,3.2,0.6,0.1,1.2,1.2,6.9,0.0,0.0,1010.0,0.0,0.0,0.0,0.0,0.0,0.0,0.0,0.0,0.0,0.0,0.0,0.0,0.0,9.0,0.0,118.0,23.0,51.0,0.451,6.0,21.0,0.286,17.0,30.0,0.567,0.51,10.0,17.0,0.588,5.0,14.0,19.0,29.0,5.0,1.0,11.0,11.0,62.0,0.0,16.9,0.53,0.412,0.333,4.5,11.1,8.0,35.0,1.9,0.7,15.8,24.3,0.1,0.2,0.4,0.143,-0.6,0.6,0.0,0.1,0.0,2020
269,P.J. Tucker,34.3,2.5,5.9,0.415,1.5,4.2,0.358,1.0,1.8,0.551,0.541,0.5,0.7,0.813,1.6,5.1,6.6,1.6,1.1,0.5,1.0,3.2,6.9,0.0,0.0,1010.0,0.0,0.0,0.0,0.0,0.0,0.0,0.0,0.0,0.0,0.0,0.0,0.0,0.0,72.0,72.0,2467.0,177.0,426.0,0.415,107.0,299.0,0.358,70.0,127.0,0.551,0.541,39.0,48.0,0.813,112.0,364.0,476.0,115.0,77.0,36.0,72.0,229.0,500.0,0.0,8.3,0.559,0.702,0.113,4.7,15.6,10.1,6.0,1.4,1.2,13.9,8.7,1.6,2.4,4.0,0.078,-2.4,0.6,-1.9,0.1,0.0,2020
270,Brad Wanamaker,19.3,2.3,5.1,0.448,0.5,1.4,0.363,1.8,3.7,0.481,0.499,1.8,1.9,0.926,0.3,1.7,2.0,2.5,0.9,0.2,1.1,1.9,6.9,0.0,0.0,1010.0,0.0,0.0,0.0,0.0,0.0,0.0,0.0,0.0,0.0,0.0,0.0,0.0,0.0,71.0,1.0,1369.0,162.0,362.0,0.448,37.0,102.0,0.363,125.0,260.0,0.481,0.499,126.0,136.0,0.926,22.0,122.0,144.0,179.0,61.0,14.0,76.0,133.0,487.0,0.0,12.8,0.577,0.282,0.376,1.7,9.4,5.6,17.8,2.2,0.9,15.3,15.5,1.8,1.8,3.5,0.124,-1.9,1.3,-0.6,0.5,0.0,2020
271,Delon Wright,21.5,2.6,5.6,0.462,0.6,1.7,0.37,2.0,3.9,0.504,0.519,1.1,1.4,0.77,1.0,2.9,3.8,3.3,1.2,0.3,1.0,1.3,6.9,0.0,0.0,1010.0,0.0,0.0,0.0,0.0,0.0,0.0,0.0,0.0,0.0,0.0,0.0,0.0,0.0,73.0,5.0,1570.0,190.0,411.0,0.462,47.0,127.0,0.37,143.0,284.0,0.504,0.519,77.0,100.0,0.77,70.0,210.0,280.0,244.0,85.0,22.0,73.0,93.0,504.0,0.0,15.4,0.554,0.309,0.243,4.7,13.8,9.4,21.0,2.6,1.2,13.8,14.4,2.6,1.8,4.4,0.134,0.0,1.9,1.9,1.5,0.0,2020
272,Luguentz Dort,22.8,2.4,6.1,0.394,0.8,2.8,0.297,1.6,3.3,0.479,0.463,1.2,1.5,0.792,0.7,1.6,2.3,0.8,0.9,0.1,0.6,2.7,6.8,0.0,0.0,1010.0,0.0,0.0,0.0,0.0,0.0,0.0,0.0,0.0,0.0,0.0,0.0,0.0,0.0,36.0,28.0,820.0,86.0,218.0,0.394,30.0,101.0,0.297,56.0,117.0,0.479,0.463,42.0,53.0,0.792,24.0,57.0,81.0,27.0,31.0,4.0,22.0,97.0,244.0,0.0,7.6,0.506,0.463,0.243,3.3,7.5,5.5,4.6,1.8,0.4,8.4,14.1,0.1,0.8,0.8,0.049,-4.1,0.4,-3.7,-0.4,0.0,2020
273,JaMychal Green,20.7,2.4,5.6,0.429,1.5,3.8,0.387,0.9,1.8,0.518,0.56,0.6,0.8,0.75,1.2,4.9,6.2,0.8,0.5,0.4,0.9,2.8,6.8,0.0,0.0,1010.0,0.0,0.0,0.0,0.0,0.0,0.0,0.0,0.0,0.0,0.0,0.0,0.0,0.0,63.0,1.0,1307.0,151.0,352.0,0.429,92.0,238.0,0.387,59.0,114.0,0.518,0.56,36.0,48.0,0.75,77.0,311.0,388.0,49.0,29.0,24.0,54.0,174.0,430.0,0.0,11.1,0.576,0.676,0.136,6.3,24.1,15.4,5.0,1.0,1.6,12.6,13.7,1.1,2.0,3.1,0.115,-1.2,0.7,-0.5,0.5,0.0,2020
274,Denzel Valentine,13.6,2.7,6.6,0.409,1.3,3.8,0.336,1.4,2.8,0.51,0.506,0.2,0.2,0.75,0.3,1.8,2.1,1.2,0.7,0.2,0.7,1.4,6.8,0.0,0.0,1010.0,0.0,0.0,0.0,0.0,0.0,0.0,0.0,0.0,0.0,0.0,0.0,0.0,0.0,36.0,5.0,488.0,97.0,237.0,0.409,46.0,137.0,0.336,51.0,100.0,0.51,0.506,6.0,8.0,0.75,9.0,65.0,74.0,43.0,26.0,6.0,26.0,51.0,246.0,0.0,13.0,0.511,0.578,0.034,1.9,15.5,8.4,14.2,2.6,1.2,9.8,23.3,-0.1,0.6,0.5,0.048,-0.8,0.2,-0.6,0.2,0.0,2020
275,Dragan Bender,17.9,2.6,5.8,0.446,0.9,2.7,0.349,1.6,3.1,0.531,0.527,0.6,0.9,0.714,1.0,3.6,4.6,1.8,0.3,0.6,1.3,2.6,6.7,0.0,0.0,1010.0,0.0,0.0,0.0,0.0,0.0,0.0,0.0,0.0,0.0,0.0,0.0,0.0,0.0,16.0,3.0,286.0,41.0,92.0,0.446,15.0,43.0,0.349,26.0,49.0,0.531,0.527,10.0,14.0,0.714,16.0,57.0,73.0,28.0,4.0,9.0,21.0,42.0,107.0,0.0,10.9,0.545,0.467,0.152,5.9,21.1,13.5,14.4,0.7,2.8,17.6,17.7,0.0,0.3,0.3,0.052,-3.1,0.2,-2.9,-0.1,0.0,2020
276,Damyean Dotson,17.4,2.5,6.0,0.414,1.2,3.4,0.362,1.3,2.6,0.48,0.516,0.5,0.7,0.667,0.2,1.7,1.9,1.2,0.5,0.1,0.4,0.9,6.7,0.0,0.0,1010.0,0.0,0.0,0.0,0.0,0.0,0.0,0.0,0.0,0.0,0.0,0.0,0.0,0.0,48.0,0.0,836.0,120.0,290.0,0.414,59.0,163.0,0.362,61.0,127.0,0.48,0.516,22.0,33.0,0.667,10.0,81.0,91.0,57.0,23.0,4.0,21.0,44.0,321.0,0.0,10.9,0.527,0.562,0.114,1.2,10.6,5.8,10.0,1.3,0.5,6.5,16.5,0.6,0.4,0.9,0.053,-0.9,-0.5,-1.4,0.1,0.0,2020
277,Kyle Korver,16.6,2.2,5.1,0.43,1.7,4.1,0.418,0.5,1.0,0.482,0.599,0.6,0.7,0.854,0.3,1.8,2.1,1.2,0.4,0.2,0.8,1.3,6.7,0.0,0.0,1010.0,0.0,0.0,0.0,0.0,0.0,0.0,0.0,0.0,0.0,0.0,0.0,0.0,0.0,58.0,1.0,960.0,126.0,293.0,0.43,99.0,237.0,0.418,27.0,56.0,0.482,0.599,35.0,41.0,0.854,15.0,107.0,122.0,68.0,26.0,12.0,48.0,78.0,386.0,0.0,11.3,0.62,0.809,0.14,1.6,10.4,6.3,9.2,1.2,1.1,13.4,15.4,0.9,1.5,2.5,0.124,-0.6,0.7,0.1,0.5,0.0,2020
278,James Ennis III,18.3,2.3,5.2,0.446,0.8,2.4,0.325,1.5,2.8,0.553,0.522,1.1,1.4,0.806,1.0,2.5,3.6,0.9,0.5,0.3,0.8,2.0,6.6,0.0,0.0,1010.0,0.0,0.0,0.0,0.0,0.0,0.0,0.0,0.0,0.0,0.0,0.0,0.0,0.0,69.0,18.0,1265.0,160.0,359.0,0.446,55.0,169.0,0.325,105.0,190.0,0.553,0.522,79.0,98.0,0.806,71.0,174.0,245.0,63.0,35.0,22.0,58.0,137.0,454.0,0.0,11.5,0.565,0.471,0.273,6.1,15.3,10.6,7.0,1.3,1.5,12.6,15.7,1.0,1.4,2.4,0.09,-2.2,-0.4,-2.6,-0.2,0.0,2020
279,Chris Boucher,13.2,2.3,4.8,0.472,0.6,1.9,0.322,1.7,2.9,0.569,0.535,1.5,1.9,0.784,1.7,2.7,4.5,0.4,0.4,1.0,0.5,1.8,6.6,0.0,0.0,1010.0,0.0,0.0,0.0,0.0,0.0,0.0,0.0,0.0,0.0,0.0,0.0,0.0,0.0,62.0,0.0,819.0,141.0,299.0,0.472,38.0,118.0,0.322,103.0,181.0,0.569,0.535,91.0,116.0,0.784,107.0,170.0,277.0,26.0,22.0,61.0,28.0,114.0,411.0,0.0,20.7,0.587,0.395,0.388,14.1,21.4,17.9,4.8,1.3,7.3,7.4,19.7,2.1,1.8,3.8,0.224,1.0,1.0,2.0,0.8,0.0,2020
280,Ersan İlyasova,15.7,2.3,5.0,0.466,0.8,2.2,0.365,1.5,2.8,0.545,0.546,1.1,1.4,0.828,1.0,3.8,4.8,0.8,0.4,0.3,0.5,1.5,6.6,0.0,0.0,1010.0,0.0,0.0,0.0,0.0,0.0,0.0,0.0,0.0,0.0,0.0,0.0,0.0,0.0,63.0,8.0,986.0,146.0,313.0,0.466,50.0,137.0,0.365,96.0,176.0,0.545,0.546,72.0,87.0,0.828,62.0,240.0,302.0,49.0,24.0,17.0,34.0,95.0,414.0,0.0,14.9,0.589,0.438,0.278,6.6,22.7,15.1,6.6,1.1,1.5,8.8,16.1,1.6,2.0,3.6,0.174,-0.3,0.8,0.4,0.6,0.0,2020
281,Boban Marjanović,9.6,2.8,4.8,0.573,0.1,0.4,0.235,2.7,4.4,0.603,0.583,1.0,1.3,0.754,1.5,3.0,4.5,0.5,0.2,0.2,0.7,1.3,6.6,0.0,0.0,1010.0,0.0,0.0,0.0,0.0,0.0,0.0,0.0,0.0,0.0,0.0,0.0,0.0,0.0,44.0,5.0,422.0,121.0,211.0,0.573,4.0,17.0,0.235,117.0,194.0,0.603,0.583,43.0,57.0,0.754,66.0,131.0,197.0,20.0,8.0,10.0,30.0,56.0,289.0,0.0,25.7,0.612,0.081,0.27,16.6,32.1,24.5,8.3,0.9,2.0,11.3,26.9,1.2,0.6,1.8,0.2,2.8,-1.6,1.2,0.3,0.0,2020
282,JaVale McGee,16.6,2.9,4.5,0.637,0.0,0.1,0.5,2.8,4.4,0.64,0.642,0.8,1.2,0.646,1.8,3.9,5.7,0.5,0.5,1.4,0.8,2.3,6.6,0.0,0.0,1010.0,0.0,0.0,0.0,0.0,0.0,0.0,0.0,0.0,0.0,0.0,0.0,0.0,0.0,68.0,68.0,1130.0,195.0,306.0,0.637,3.0,6.0,0.5,192.0,300.0,0.64,0.642,53.0,82.0,0.646,125.0,265.0,390.0,37.0,36.0,94.0,55.0,159.0,446.0,0.0,19.4,0.652,0.02,0.268,12.2,25.4,18.9,4.6,1.5,7.5,13.9,14.8,2.2,2.4,4.7,0.198,-0.6,2.1,1.5,1.0,0.0,2020
283,Nicolò Melli,17.4,2.3,5.4,0.421,1.2,3.4,0.335,1.1,2.0,0.573,0.528,0.9,1.2,0.74,0.6,2.4,3.0,1.4,0.6,0.4,0.8,2.1,6.6,0.0,0.0,1010.0,0.0,0.0,0.0,0.0,0.0,0.0,0.0,0.0,0.0,0.0,0.0,0.0,0.0,60.0,8.0,1042.0,136.0,323.0,0.421,69.0,206.0,0.335,67.0,117.0,0.573,0.528,54.0,73.0,0.74,38.0,142.0,180.0,82.0,34.0,23.0,46.0,124.0,395.0,0.0,11.4,0.556,0.638,0.226,3.9,14.5,9.2,10.5,1.5,1.8,11.5,15.7,0.9,0.9,1.8,0.082,-1.5,0.2,-1.3,0.2,0.0,2020
284,Keita Bates-Diop,16.9,2.3,5.3,0.427,0.8,2.3,0.33,1.5,3.0,0.504,0.5,1.2,1.7,0.72,0.6,2.3,2.9,0.7,0.4,0.5,0.4,1.0,6.5,0.0,0.0,1010.0,0.0,0.0,0.0,0.0,0.0,0.0,0.0,0.0,0.0,0.0,0.0,0.0,0.0,44.0,0.0,744.0,100.0,234.0,0.427,34.0,103.0,0.33,66.0,131.0,0.504,0.5,54.0,75.0,0.72,25.0,102.0,127.0,30.0,19.0,24.0,17.0,43.0,288.0,0.0,12.4,0.539,0.44,0.321,3.5,15.1,9.1,5.8,1.2,2.7,6.0,15.8,0.6,0.6,1.2,0.078,-1.0,-0.4,-1.4,0.1,0.0,2020
285,T.J. McConnell,18.7,3.0,5.8,0.516,0.1,0.2,0.294,2.9,5.5,0.525,0.522,0.5,0.6,0.833,0.5,2.1,2.7,5.0,0.8,0.2,1.4,1.0,6.5,0.0,0.0,1010.0,0.0,0.0,0.0,0.0,0.0,0.0,0.0,0.0,0.0,0.0,0.0,0.0,0.0,71.0,3.0,1326.0,212.0,411.0,0.516,5.0,17.0,0.294,207.0,394.0,0.525,0.522,35.0,42.0,0.833,38.0,151.0,189.0,355.0,56.0,11.0,100.0,73.0,464.0,0.0,16.5,0.54,0.041,0.102,3.2,12.4,7.8,37.6,2.0,0.7,18.9,17.5,1.7,1.7,3.3,0.121,0.1,0.4,0.5,0.8,0.0,2020
286,Allonzo Trier,12.1,2.1,4.4,0.481,0.8,2.2,0.358,1.3,2.2,0.604,0.571,1.4,1.8,0.791,0.3,1.0,1.2,1.2,0.1,0.2,0.9,1.2,6.5,0.0,0.0,1010.0,0.0,0.0,0.0,0.0,0.0,0.0,0.0,0.0,0.0,0.0,0.0,0.0,0.0,24.0,1.0,291.0,51.0,106.0,0.481,19.0,53.0,0.358,32.0,53.0,0.604,0.571,34.0,43.0,0.791,6.0,23.0,29.0,28.0,3.0,4.0,22.0,29.0,155.0,0.0,14.5,0.62,0.5,0.406,2.1,8.7,5.3,14.8,0.5,1.3,15.0,21.4,0.5,0.1,0.5,0.087,1.0,-1.4,-0.4,0.1,0.0,2020
287,Sekou Doumbouya,19.8,2.4,6.2,0.39,0.7,2.6,0.286,1.7,3.6,0.464,0.449,0.8,1.2,0.674,0.5,2.6,3.1,0.5,0.5,0.2,0.9,2.1,6.4,0.0,0.0,1010.0,0.0,0.0,0.0,0.0,0.0,0.0,0.0,0.0,0.0,0.0,0.0,0.0,0.0,38.0,19.0,754.0,92.0,236.0,0.39,28.0,98.0,0.286,64.0,138.0,0.464,0.449,31.0,46.0,0.674,20.0,98.0,118.0,19.0,20.0,8.0,35.0,80.0,243.0,0.0,6.2,0.474,0.415,0.195,3.0,14.9,8.9,3.6,1.3,0.9,12.0,16.9,-0.8,0.5,-0.3,-0.02,-5.2,-1.4,-6.7,-0.9,0.0,2020
288,Cory Joseph,24.4,2.4,5.7,0.415,0.8,2.2,0.352,1.6,3.5,0.455,0.483,0.8,1.0,0.857,0.6,2.0,2.6,3.5,0.7,0.3,1.1,1.8,6.4,0.0,0.0,1010.0,0.0,0.0,0.0,0.0,0.0,0.0,0.0,0.0,0.0,0.0,0.0,0.0,0.0,72.0,26.0,1759.0,171.0,412.0,0.415,56.0,159.0,0.352,115.0,253.0,0.455,0.483,60.0,70.0,0.857,44.0,144.0,188.0,251.0,53.0,21.0,80.0,133.0,458.0,0.0,10.1,0.517,0.386,0.17,2.7,9.4,6.0,19.1,1.5,1.1,15.3,12.9,1.2,1.1,2.3,0.062,-2.1,0.1,-2.0,0.0,0.0,2020
289,Kevin Knox,17.9,2.2,6.2,0.359,1.0,3.1,0.327,1.2,3.1,0.391,0.44,1.0,1.6,0.653,0.4,2.4,2.8,0.9,0.4,0.4,0.7,1.6,6.4,0.0,0.0,1010.0,0.0,0.0,0.0,0.0,0.0,0.0,0.0,0.0,0.0,0.0,0.0,0.0,0.0,65.0,4.0,1166.0,144.0,401.0,0.359,65.0,199.0,0.327,79.0,202.0,0.391,0.44,66.0,101.0,0.653,28.0,156.0,184.0,61.0,23.0,28.0,45.0,106.0,419.0,0.0,8.3,0.47,0.496,0.252,2.5,14.7,8.4,7.4,1.0,2.3,9.2,17.8,-0.5,0.7,0.2,0.007,-3.1,-1.1,-4.2,-0.7,0.0,2020
290,Trey Lyles,20.2,2.4,5.4,0.446,1.0,2.7,0.387,1.4,2.8,0.503,0.541,0.5,0.7,0.733,1.1,4.6,5.7,1.1,0.4,0.4,0.6,1.6,6.4,0.0,0.0,1010.0,0.0,0.0,0.0,0.0,0.0,0.0,0.0,0.0,0.0,0.0,0.0,0.0,0.0,63.0,53.0,1271.0,153.0,343.0,0.446,65.0,168.0,0.387,88.0,175.0,0.503,0.541,33.0,45.0,0.733,71.0,290.0,361.0,69.0,28.0,28.0,39.0,98.0,404.0,0.0,12.6,0.557,0.49,0.131,6.0,24.6,15.3,7.2,1.1,1.9,9.7,13.6,1.2,1.0,2.2,0.083,-0.5,-0.7,-1.2,0.3,0.0,2020
291,Kelan Martin,16.0,2.3,5.8,0.392,0.8,3.1,0.26,1.5,2.7,0.541,0.461,1.0,1.0,0.968,0.4,2.7,3.1,0.7,0.2,0.3,0.6,1.6,6.4,0.0,0.0,1010.0,0.0,0.0,0.0,0.0,0.0,0.0,0.0,0.0,0.0,0.0,0.0,0.0,0.0,31.0,4.0,495.0,71.0,181.0,0.392,25.0,96.0,0.26,46.0,85.0,0.541,0.461,30.0,31.0,0.968,12.0,84.0,96.0,23.0,7.0,9.0,20.0,51.0,197.0,0.0,9.2,0.506,0.53,0.171,2.5,18.6,10.2,6.8,0.7,1.5,9.3,17.8,-0.1,0.3,0.2,0.023,-3.3,-1.0,-4.3,-0.3,0.0,2020
292,C.J. Miles,16.1,1.9,5.9,0.322,1.1,3.5,0.314,0.8,2.4,0.333,0.415,1.5,2.0,0.75,0.4,0.8,1.2,1.2,1.0,0.4,0.4,1.4,6.4,0.0,0.0,1010.0,0.0,0.0,0.0,0.0,0.0,0.0,0.0,0.0,0.0,0.0,0.0,0.0,0.0,10.0,0.0,161.0,19.0,59.0,0.322,11.0,35.0,0.314,8.0,24.0,0.333,0.415,15.0,20.0,0.75,4.0,8.0,12.0,12.0,10.0,4.0,4.0,14.0,64.0,0.0,11.1,0.472,0.593,0.339,2.6,5.7,4.1,10.0,2.9,2.2,5.6,18.6,0.0,0.1,0.1,0.035,-1.7,0.0,-1.7,0.0,0.0,2020
293,Lonnie Walker IV,16.2,2.5,5.9,0.426,0.7,1.7,0.406,1.8,4.2,0.434,0.483,0.7,1.0,0.721,0.4,1.9,2.3,1.1,0.5,0.2,0.7,1.3,6.4,0.0,0.0,1010.0,0.0,0.0,0.0,0.0,0.0,0.0,0.0,0.0,0.0,0.0,0.0,0.0,0.0,61.0,12.0,988.0,152.0,357.0,0.426,41.0,101.0,0.406,111.0,256.0,0.434,0.483,44.0,61.0,0.721,23.0,116.0,139.0,68.0,32.0,14.0,44.0,78.0,389.0,0.0,10.5,0.507,0.283,0.171,2.5,12.7,7.6,9.6,1.5,1.2,10.3,18.7,-0.2,0.6,0.3,0.016,-2.5,-1.0,-3.5,-0.4,0.0,2020
294,Marco Belinelli,15.5,2.2,5.5,0.392,1.2,3.1,0.376,1.0,2.4,0.412,0.498,0.8,1.0,0.828,0.1,1.6,1.7,1.2,0.2,0.0,0.3,0.8,6.3,0.0,0.0,1010.0,0.0,0.0,0.0,0.0,0.0,0.0,0.0,0.0,0.0,0.0,0.0,0.0,0.0,57.0,0.0,883.0,123.0,314.0,0.392,67.0,178.0,0.376,56.0,136.0,0.412,0.498,48.0,58.0,0.828,7.0,92.0,99.0,69.0,12.0,1.0,19.0,45.0,361.0,0.0,10.8,0.532,0.567,0.185,0.9,11.2,6.0,10.7,0.6,0.1,5.3,17.5,0.7,0.2,0.8,0.046,-0.7,-2.0,-2.7,-0.2,0.0,2020
295,Frank Jackson,13.5,2.3,5.6,0.405,0.8,2.4,0.326,1.5,3.2,0.465,0.476,0.9,1.3,0.747,0.4,1.0,1.4,1.0,0.3,0.1,0.8,1.3,6.3,0.0,0.0,1010.0,0.0,0.0,0.0,0.0,0.0,0.0,0.0,0.0,0.0,0.0,0.0,0.0,0.0,59.0,2.0,797.0,134.0,331.0,0.405,47.0,144.0,0.326,87.0,187.0,0.465,0.476,56.0,75.0,0.747,22.0,61.0,83.0,61.0,17.0,4.0,49.0,77.0,371.0,0.0,9.1,0.51,0.435,0.227,2.9,8.1,5.5,10.8,1.0,0.4,11.9,21.2,-0.2,0.3,0.2,0.01,-3.3,-2.2,-5.5,-0.7,0.0,2020
296,Abdel Nader,15.8,2.2,4.8,0.468,0.9,2.3,0.375,1.4,2.5,0.556,0.559,0.9,1.2,0.773,0.3,1.6,1.8,0.7,0.4,0.4,0.8,1.4,6.3,0.0,0.0,1010.0,0.0,0.0,0.0,0.0,0.0,0.0,0.0,0.0,0.0,0.0,0.0,0.0,0.0,55.0,6.0,867.0,123.0,263.0,0.468,48.0,128.0,0.375,75.0,135.0,0.556,0.559,51.0,66.0,0.773,14.0,86.0,100.0,38.0,23.0,20.0,43.0,78.0,345.0,0.0,11.3,0.591,0.487,0.251,1.8,10.6,6.4,6.4,1.3,2.0,12.8,17.0,0.5,0.9,1.3,0.074,-1.2,0.2,-1.0,0.2,0.0,2020
297,Frank Ntilikina,20.8,2.3,5.8,0.393,0.8,2.4,0.321,1.5,3.4,0.444,0.459,0.9,1.0,0.864,0.4,1.7,2.1,3.0,0.9,0.3,1.2,2.5,6.3,0.0,0.0,1010.0,0.0,0.0,0.0,0.0,0.0,0.0,0.0,0.0,0.0,0.0,0.0,0.0,0.0,57.0,26.0,1187.0,131.0,333.0,0.393,44.0,137.0,0.321,87.0,196.0,0.444,0.459,51.0,59.0,0.864,23.0,98.0,121.0,172.0,54.0,16.0,71.0,142.0,357.0,0.0,9.8,0.497,0.411,0.177,2.0,9.1,5.4,20.2,2.2,1.3,16.5,15.4,0.1,0.8,0.9,0.037,-3.6,0.4,-3.2,-0.4,0.0,2020
298,Royce O'Neale,28.9,2.2,5.1,0.433,1.3,3.4,0.377,0.9,1.7,0.545,0.559,0.6,0.8,0.764,0.4,5.1,5.5,2.5,0.8,0.5,0.9,2.8,6.3,0.0,0.0,1010.0,0.0,0.0,0.0,0.0,0.0,0.0,0.0,0.0,0.0,0.0,0.0,0.0,0.0,71.0,62.0,2049.0,158.0,365.0,0.433,92.0,244.0,0.377,66.0,121.0,0.545,0.559,42.0,55.0,0.764,27.0,362.0,389.0,180.0,59.0,32.0,61.0,202.0,450.0,0.0,9.5,0.578,0.668,0.151,1.5,18.8,10.4,11.6,1.4,1.3,13.5,9.6,1.8,2.5,4.3,0.101,-1.3,2.2,0.9,1.5,0.0,2020
299,Caleb Martin,17.6,2.1,4.7,0.44,1.1,2.1,0.541,0.9,2.6,0.362,0.56,0.9,1.2,0.81,0.6,1.6,2.1,1.3,0.7,0.4,0.8,1.8,6.2,0.0,0.0,1010.0,0.0,0.0,0.0,0.0,0.0,0.0,0.0,0.0,0.0,0.0,0.0,0.0,0.0,18.0,1.0,317.0,37.0,84.0,0.44,20.0,37.0,0.541,17.0,47.0,0.362,0.56,17.0,21.0,0.81,10.0,28.0,38.0,23.0,12.0,7.0,15.0,32.0,111.0,0.0,12.0,0.595,0.44,0.25,3.3,10.0,6.5,11.1,1.9,2.0,13.9,15.0,0.3,0.2,0.5,0.081,-1.6,0.6,-1.0,0.1,0.0,2020
300,Taj Gibson,16.5,2.7,4.6,0.584,0.1,0.2,0.286,2.6,4.4,0.599,0.591,0.7,0.9,0.732,1.8,2.5,4.3,0.8,0.4,0.5,0.8,2.0,6.1,0.0,0.0,1010.0,0.0,0.0,0.0,0.0,0.0,0.0,0.0,0.0,0.0,0.0,0.0,0.0,0.0,62.0,56.0,1025.0,167.0,286.0,0.584,4.0,14.0,0.286,163.0,272.0,0.599,0.591,41.0,56.0,0.732,111.0,156.0,267.0,52.0,27.0,30.0,47.0,122.0,379.0,0.0,16.1,0.61,0.049,0.196,11.2,16.7,13.9,7.6,1.3,2.8,13.1,14.8,1.8,0.8,2.6,0.12,-0.8,-0.3,-1.1,0.2,0.0,2020
301,Brandon Goodwin,12.6,2.2,5.6,0.4,0.8,2.6,0.299,1.5,3.0,0.485,0.468,0.8,0.9,0.933,0.3,1.8,2.1,1.5,0.4,0.1,0.9,1.3,6.1,0.0,0.0,1010.0,0.0,0.0,0.0,0.0,0.0,0.0,0.0,0.0,0.0,0.0,0.0,0.0,0.0,34.0,1.0,430.0,76.0,190.0,0.4,26.0,87.0,0.299,50.0,103.0,0.485,0.468,28.0,30.0,0.933,11.0,61.0,72.0,51.0,12.0,4.0,29.0,43.0,206.0,0.0,11.6,0.507,0.458,0.158,2.7,15.5,9.0,18.0,1.3,0.8,12.5,22.4,-0.1,0.2,0.1,0.013,-1.6,-1.3,-2.9,-0.1,0.0,2020
302,Willy Hernangómez,12.1,2.4,4.5,0.532,0.2,0.7,0.227,2.2,3.8,0.59,0.55,1.2,1.9,0.627,1.4,2.9,4.3,0.9,0.3,0.2,1.0,1.0,6.1,0.0,0.0,1010.0,0.0,0.0,0.0,0.0,0.0,0.0,0.0,0.0,0.0,0.0,0.0,0.0,0.0,31.0,0.0,375.0,74.0,139.0,0.532,5.0,22.0,0.227,69.0,117.0,0.59,0.55,37.0,59.0,0.627,43.0,91.0,134.0,29.0,10.0,7.0,30.0,32.0,190.0,0.0,19.2,0.576,0.158,0.424,12.1,27.5,19.5,13.5,1.3,1.7,15.4,22.9,0.4,0.4,0.8,0.107,0.6,-0.5,0.1,0.2,0.0,2020
303,Meyers Leonard,20.3,2.3,4.6,0.509,1.0,2.5,0.414,1.3,2.1,0.623,0.622,0.4,0.5,0.643,0.6,4.5,5.1,1.1,0.3,0.3,0.8,2.1,6.1,0.0,0.0,1010.0,0.0,0.0,0.0,0.0,0.0,0.0,0.0,0.0,0.0,0.0,0.0,0.0,0.0,51.0,49.0,1034.0,119.0,234.0,0.509,53.0,128.0,0.414,66.0,106.0,0.623,0.622,18.0,28.0,0.643,30.0,230.0,260.0,55.0,14.0,15.0,39.0,107.0,309.0,0.0,10.6,0.627,0.547,0.12,3.4,24.0,14.1,7.6,0.7,1.4,13.7,12.2,0.9,1.2,2.1,0.096,-1.3,0.4,-0.9,0.3,0.0,2020
304,Juancho Hernangómez,17.4,2.1,5.1,0.405,0.9,2.7,0.341,1.2,2.5,0.475,0.494,0.9,1.5,0.62,0.9,3.2,4.1,0.8,0.4,0.2,0.7,1.3,6.0,0.0,0.0,1010.0,0.0,0.0,0.0,0.0,0.0,0.0,0.0,0.0,0.0,0.0,0.0,0.0,0.0,48.0,14.0,833.0,100.0,247.0,0.405,44.0,129.0,0.341,56.0,118.0,0.475,0.494,44.0,71.0,0.62,43.0,154.0,197.0,40.0,19.0,9.0,32.0,64.0,288.0,0.0,10.4,0.518,0.522,0.287,5.6,20.5,12.8,6.6,1.1,1.0,10.3,15.7,0.2,0.7,0.9,0.052,-2.2,-1.1,-3.4,-0.3,0.0,2020
305,Devontae Cacok,9.0,3.0,6.0,0.5,0.0,0.0,0.0,3.0,6.0,0.5,0.5,0.0,0.0,0.0,2.0,3.0,5.0,1.0,0.0,0.0,0.0,0.0,6.0,0.0,0.0,1010.0,0.0,0.0,0.0,0.0,0.0,0.0,0.0,0.0,0.0,0.0,0.0,0.0,0.0,1.0,0.0,9.0,3.0,6.0,0.5,0.0,0.0,0.0,3.0,6.0,0.5,0.5,0.0,0.0,0.0,2.0,3.0,5.0,1.0,0.0,0.0,0.0,0.0,6.0,0.0,28.6,0.5,0.0,0.0,24.6,36.1,30.4,20.3,0.0,0.0,0.0,28.1,0.0,0.0,0.0,0.226,4.8,-4.6,0.2,0.0,0.0,2020
306,Dusty Hannahs,6.5,2.0,4.5,0.444,1.0,1.5,0.667,1.0,3.0,0.333,0.556,1.0,1.0,1.0,0.0,0.5,0.5,0.0,0.0,0.0,0.0,0.5,6.0,0.0,0.0,1010.0,0.0,0.0,0.0,0.0,0.0,0.0,0.0,0.0,0.0,0.0,0.0,0.0,0.0,2.0,0.0,13.0,4.0,9.0,0.444,2.0,3.0,0.667,2.0,6.0,0.333,0.556,2.0,2.0,1.0,0.0,1.0,1.0,0.0,0.0,0.0,0.0,1.0,12.0,0.0,21.3,0.607,0.333,0.222,0.0,8.0,4.1,0.0,0.0,0.0,0.0,31.6,0.0,0.0,0.0,0.146,5.1,-2.1,3.1,0.0,0.0,2020
307,Luke Kornet,15.5,2.3,5.2,0.439,0.9,3.0,0.287,1.4,2.2,0.646,0.521,0.6,0.8,0.714,0.6,1.7,2.3,0.9,0.3,0.7,0.4,1.5,6.0,0.0,0.0,1010.0,0.0,0.0,0.0,0.0,0.0,0.0,0.0,0.0,0.0,0.0,0.0,0.0,0.0,36.0,14.0,559.0,82.0,187.0,0.439,31.0,108.0,0.287,51.0,79.0,0.646,0.521,20.0,28.0,0.714,22.0,62.0,84.0,32.0,11.0,26.0,14.0,54.0,215.0,0.0,12.7,0.539,0.578,0.15,4.1,12.9,8.3,8.5,0.9,4.4,6.6,16.3,0.5,0.6,1.1,0.091,-0.9,-0.2,-1.2,0.1,0.0,2020
308,Eric Mika,19.0,2.0,3.0,0.667,0.0,0.0,0.0,2.0,3.0,0.667,0.667,2.0,2.0,1.0,2.0,5.0,7.0,0.0,0.0,0.0,0.0,5.0,6.0,0.0,0.0,1010.0,0.0,0.0,0.0,0.0,0.0,0.0,0.0,0.0,0.0,0.0,0.0,0.0,0.0,1.0,0.0,19.0,2.0,3.0,0.667,0.0,0.0,0.0,2.0,3.0,0.667,0.667,2.0,2.0,1.0,2.0,5.0,7.0,0.0,0.0,0.0,0.0,5.0,6.0,0.0,13.9,0.773,0.0,0.667,11.6,30.4,20.7,0.0,0.0,0.0,0.0,8.9,0.1,0.0,0.1,0.218,-1.9,-1.5,-3.4,0.0,0.0,2020
309,Mike Scott,17.8,2.2,5.1,0.426,1.2,3.2,0.369,1.0,2.0,0.519,0.54,0.4,0.5,0.811,1.0,2.7,3.6,0.8,0.3,0.1,0.4,1.4,6.0,0.0,0.0,1010.0,0.0,0.0,0.0,0.0,0.0,0.0,0.0,0.0,0.0,0.0,0.0,0.0,0.0,68.0,11.0,1207.0,149.0,350.0,0.426,80.0,217.0,0.369,69.0,133.0,0.519,0.54,30.0,37.0,0.811,65.0,183.0,248.0,56.0,21.0,5.0,26.0,96.0,408.0,0.0,11.2,0.557,0.62,0.106,5.9,16.8,11.3,6.4,0.8,0.4,6.6,14.0,1.4,1.1,2.5,0.1,-0.7,-1.1,-1.8,0.1,0.0,2020
310,Marvin Williams,19.5,2.1,4.6,0.446,1.0,2.7,0.359,1.1,1.9,0.568,0.551,0.8,1.0,0.86,0.5,2.6,3.2,1.0,0.6,0.5,0.6,1.8,5.9,0.0,0.0,1010.0,0.0,0.0,0.0,0.0,0.0,0.0,0.0,0.0,0.0,0.0,0.0,0.0,0.0,58.0,1.0,1129.0,119.0,267.0,0.446,56.0,156.0,0.359,63.0,111.0,0.568,0.551,49.0,57.0,0.86,30.0,153.0,183.0,60.0,36.0,30.0,33.0,103.0,343.0,0.0,11.2,0.587,0.584,0.213,2.8,14.3,8.5,7.6,1.6,2.4,10.2,12.5,1.1,1.3,2.4,0.102,-1.6,1.0,-0.6,0.4,0.0,2020
311,Wilson Chandler,21.0,2.1,5.2,0.404,1.1,3.5,0.306,1.1,1.8,0.597,0.505,0.6,0.7,0.87,0.3,3.8,4.1,1.1,0.5,0.3,1.0,2.3,5.9,0.0,0.0,1010.0,0.0,0.0,0.0,0.0,0.0,0.0,0.0,0.0,0.0,0.0,0.0,0.0,0.0,35.0,3.0,734.0,74.0,183.0,0.404,37.0,121.0,0.306,37.0,62.0,0.597,0.505,20.0,23.0,0.87,11.0,134.0,145.0,39.0,16.0,12.0,34.0,79.0,205.0,0.0,7.4,0.531,0.661,0.126,1.6,18.5,10.2,7.3,1.0,1.4,15.0,12.9,-0.1,0.9,0.7,0.046,-3.7,1.0,-2.7,-0.1,0.0,2020
312,Georges Niang,14.0,2.1,4.9,0.438,1.4,3.4,0.4,0.8,1.5,0.526,0.578,0.3,0.4,0.833,0.2,1.7,1.9,0.7,0.3,0.1,0.5,1.1,5.9,0.0,0.0,1010.0,0.0,0.0,0.0,0.0,0.0,0.0,0.0,0.0,0.0,0.0,0.0,0.0,0.0,66.0,1.0,923.0,141.0,322.0,0.438,90.0,225.0,0.4,51.0,97.0,0.526,0.578,20.0,24.0,0.833,15.0,112.0,127.0,44.0,18.0,5.0,30.0,75.0,392.0,0.0,11.7,0.589,0.699,0.075,1.9,12.9,7.6,7.0,0.9,0.4,8.3,17.2,1.0,0.8,1.8,0.092,0.4,-0.5,-0.1,0.4,0.0,2020
313,Dewayne Dedmon,17.6,2.3,5.8,0.4,0.5,2.4,0.206,1.8,3.4,0.541,0.443,0.7,0.8,0.833,1.4,4.3,5.7,0.5,0.6,0.9,1.3,3.0,5.8,0.0,0.0,1010.0,0.0,0.0,0.0,0.0,0.0,0.0,0.0,0.0,0.0,0.0,0.0,0.0,0.0,44.0,18.0,774.0,102.0,255.0,0.4,22.0,107.0,0.206,80.0,148.0,0.541,0.443,30.0,36.0,0.833,60.0,189.0,249.0,22.0,25.0,41.0,57.0,133.0,256.0,0.0,9.4,0.473,0.42,0.141,8.5,27.6,17.8,4.0,1.5,4.8,17.4,18.1,-1.0,1.0,0.1,0.005,-5.8,0.0,-5.8,-0.7,0.0,2020
314,Maurice Harkless,23.0,2.3,4.6,0.502,0.5,1.6,0.347,1.7,3.0,0.584,0.562,0.6,1.1,0.591,0.9,3.0,3.9,1.1,0.9,0.5,0.9,2.4,5.8,0.0,0.0,1010.0,0.0,0.0,0.0,0.0,0.0,0.0,0.0,0.0,0.0,0.0,0.0,0.0,0.0,62.0,48.0,1427.0,142.0,283.0,0.502,34.0,98.0,0.347,108.0,185.0,0.584,0.562,39.0,66.0,0.591,55.0,185.0,240.0,68.0,58.0,33.0,53.0,148.0,357.0,0.0,9.8,0.572,0.346,0.233,4.1,13.3,8.8,6.4,1.9,2.1,14.5,10.7,0.8,1.9,2.7,0.09,-2.6,1.9,-0.7,0.5,0.0,2020
315,Kyle Anderson,19.9,2.3,4.9,0.474,0.4,1.3,0.282,2.0,3.7,0.541,0.511,0.8,1.2,0.667,0.9,3.4,4.3,2.4,0.8,0.6,1.0,1.7,5.8,0.0,0.0,1010.0,0.0,0.0,0.0,0.0,0.0,0.0,0.0,0.0,0.0,0.0,0.0,0.0,0.0,67.0,28.0,1330.0,157.0,331.0,0.474,24.0,85.0,0.282,133.0,246.0,0.541,0.511,52.0,78.0,0.667,58.0,227.0,285.0,162.0,54.0,37.0,66.0,111.0,390.0,0.0,12.5,0.534,0.257,0.236,4.7,17.6,11.3,15.9,1.9,2.4,15.3,13.5,0.9,1.7,2.5,0.091,-1.5,2.0,0.5,0.9,0.0,2020
316,DeAndre' Bembry,21.3,2.4,5.3,0.456,0.3,1.5,0.231,2.1,3.8,0.546,0.489,0.6,1.1,0.542,0.8,2.7,3.5,1.9,1.3,0.4,1.4,2.0,5.8,0.0,0.0,1010.0,0.0,0.0,0.0,0.0,0.0,0.0,0.0,0.0,0.0,0.0,0.0,0.0,0.0,43.0,4.0,915.0,104.0,228.0,0.456,15.0,65.0,0.231,89.0,163.0,0.546,0.489,26.0,48.0,0.542,34.0,118.0,152.0,81.0,55.0,19.0,60.0,84.0,249.0,0.0,9.6,0.5,0.285,0.211,3.9,14.1,8.9,12.3,2.8,1.7,19.4,14.0,-0.5,0.8,0.2,0.012,-3.5,1.1,-2.5,-0.1,0.0,2020
317,PJ Dozier,14.2,2.2,5.4,0.414,0.6,1.7,0.347,1.7,3.7,0.444,0.468,0.7,1.0,0.724,0.3,1.6,1.9,2.2,0.5,0.2,0.9,1.6,5.8,0.0,0.0,1010.0,0.0,0.0,0.0,0.0,0.0,0.0,0.0,0.0,0.0,0.0,0.0,0.0,0.0,29.0,0.0,412.0,65.0,157.0,0.414,17.0,49.0,0.347,48.0,108.0,0.444,0.468,21.0,29.0,0.724,10.0,45.0,55.0,63.0,14.0,6.0,27.0,45.0,168.0,0.0,11.6,0.495,0.312,0.185,2.7,12.2,7.5,21.6,1.7,1.3,13.7,20.8,0.0,0.4,0.4,0.044,-2.5,-1.2,-3.8,-0.2,0.0,2020
318,Wes Iwundu,18.3,1.9,4.5,0.416,0.5,1.6,0.341,1.3,2.9,0.457,0.476,1.5,1.9,0.804,0.5,2.1,2.5,1.2,0.5,0.3,0.5,1.5,5.8,0.0,0.0,1010.0,0.0,0.0,0.0,0.0,0.0,0.0,0.0,0.0,0.0,0.0,0.0,0.0,0.0,52.0,21.0,953.0,97.0,233.0,0.416,28.0,82.0,0.341,69.0,151.0,0.457,0.476,78.0,97.0,0.804,24.0,107.0,131.0,60.0,25.0,13.0,26.0,80.0,300.0,0.0,10.3,0.544,0.352,0.416,2.6,12.5,7.4,8.8,1.3,1.2,8.6,13.7,0.8,0.8,1.7,0.084,-2.7,0.0,-2.6,-0.2,0.0,2020
319,Skal Labissière,17.2,2.5,4.5,0.551,0.1,0.4,0.231,2.4,4.1,0.582,0.561,0.8,1.0,0.758,2.0,3.2,5.1,1.3,0.2,0.9,0.9,2.7,5.8,0.0,0.0,1010.0,0.0,0.0,0.0,0.0,0.0,0.0,0.0,0.0,0.0,0.0,0.0,0.0,0.0,33.0,1.0,567.0,81.0,147.0,0.551,3.0,13.0,0.231,78.0,134.0,0.582,0.561,25.0,33.0,0.758,65.0,104.0,169.0,42.0,7.0,31.0,30.0,89.0,190.0,0.0,15.4,0.588,0.088,0.224,12.1,19.0,15.6,10.1,0.6,4.7,15.7,14.3,1.0,0.4,1.4,0.119,-1.5,0.2,-1.3,0.1,0.0,2020
320,Anžejs Pasečņiks,16.2,2.3,4.3,0.526,0.0,0.1,0.0,2.3,4.2,0.54,0.526,1.3,2.1,0.586,1.6,2.4,4.0,0.7,0.3,0.4,0.9,2.8,5.8,0.0,0.0,1010.0,0.0,0.0,0.0,0.0,0.0,0.0,0.0,0.0,0.0,0.0,0.0,0.0,0.0,27.0,0.0,437.0,61.0,116.0,0.526,0.0,3.0,0.0,61.0,113.0,0.54,0.526,34.0,58.0,0.586,42.0,65.0,107.0,18.0,9.0,12.0,24.0,75.0,156.0,0.0,11.3,0.551,0.026,0.5,10.1,16.9,13.4,5.7,1.0,2.4,14.5,15.8,0.3,0.2,0.5,0.054,-4.1,-1.5,-5.6,-0.4,0.0,2020
321,Nickeil Alexander-Walker,12.6,2.1,5.7,0.368,1.0,2.8,0.346,1.1,2.8,0.391,0.455,0.5,0.8,0.676,0.2,1.6,1.8,1.9,0.4,0.2,1.1,1.2,5.7,0.0,0.0,1010.0,0.0,0.0,0.0,0.0,0.0,0.0,0.0,0.0,0.0,0.0,0.0,0.0,0.0,47.0,1.0,591.0,98.0,266.0,0.368,46.0,133.0,0.346,52.0,133.0,0.391,0.455,25.0,37.0,0.676,9.0,75.0,84.0,89.0,17.0,8.0,54.0,57.0,267.0,0.0,8.9,0.473,0.5,0.139,1.6,13.5,7.5,21.1,1.3,1.1,16.1,23.3,-0.7,0.4,-0.2,-0.02,-3.2,-1.4,-4.6,-0.4,0.0,2020
322,Dwayne Bacon,17.6,2.2,6.3,0.348,0.5,1.7,0.284,1.7,4.5,0.373,0.387,0.9,1.4,0.66,0.4,2.2,2.6,1.3,0.6,0.1,0.9,1.3,5.7,0.0,0.0,1010.0,0.0,0.0,0.0,0.0,0.0,0.0,0.0,0.0,0.0,0.0,0.0,0.0,0.0,39.0,11.0,687.0,85.0,244.0,0.348,19.0,67.0,0.284,66.0,177.0,0.373,0.387,35.0,53.0,0.66,15.0,85.0,100.0,52.0,23.0,2.0,37.0,52.0,224.0,0.0,6.1,0.419,0.275,0.217,2.3,14.0,7.9,11.7,1.7,0.3,12.2,19.5,-1.2,0.4,-0.8,-0.053,-5.9,-0.9,-6.8,-0.8,0.0,2020
323,Bol Bol,12.4,2.0,4.0,0.5,0.6,1.3,0.444,1.4,2.7,0.526,0.571,1.1,1.4,0.8,0.7,2.0,2.7,0.9,0.3,0.9,1.4,1.6,5.7,0.0,0.0,1010.0,0.0,0.0,0.0,0.0,0.0,0.0,0.0,0.0,0.0,0.0,0.0,0.0,0.0,7.0,0.0,87.0,14.0,28.0,0.5,4.0,9.0,0.444,10.0,19.0,0.526,0.571,8.0,10.0,0.8,5.0,14.0,19.0,6.0,2.0,6.0,10.0,11.0,40.0,0.0,14.4,0.617,0.321,0.357,6.4,18.0,12.2,9.8,1.1,6.4,23.6,21.2,0.0,0.1,0.1,0.063,-2.3,-0.7,-3.0,0.0,0.0,2020
324,Talen Horton-Tucker,13.5,2.3,5.0,0.467,0.7,2.2,0.308,1.7,2.8,0.588,0.533,0.3,0.7,0.5,0.3,0.8,1.2,1.0,1.3,0.2,1.0,1.7,5.7,0.0,0.0,1010.0,0.0,0.0,0.0,0.0,0.0,0.0,0.0,0.0,0.0,0.0,0.0,0.0,0.0,6.0,1.0,81.0,14.0,30.0,0.467,4.0,13.0,0.308,10.0,17.0,0.588,0.533,2.0,4.0,0.5,2.0,5.0,7.0,6.0,8.0,1.0,6.0,10.0,34.0,0.0,12.3,0.535,0.433,0.133,2.7,6.7,4.7,10.5,4.7,1.1,15.9,19.7,0.0,0.2,0.1,0.07,-4.0,2.0,-2.1,0.0,0.0,2020
325,Darius Bazley,18.5,2.0,5.2,0.394,0.8,2.3,0.348,1.2,2.9,0.432,0.472,0.7,1.0,0.694,0.5,3.5,4.0,0.7,0.4,0.7,0.7,0.9,5.6,0.0,0.0,1010.0,0.0,0.0,0.0,0.0,0.0,0.0,0.0,0.0,0.0,0.0,0.0,0.0,0.0,61.0,9.0,1130.0,125.0,317.0,0.394,49.0,141.0,0.348,76.0,176.0,0.432,0.472,43.0,62.0,0.694,30.0,216.0,246.0,41.0,23.0,41.0,45.0,55.0,342.0,0.0,9.6,0.497,0.445,0.196,3.0,20.5,12.0,5.1,1.0,3.1,11.6,15.1,-0.5,1.5,1.0,0.041,-2.1,0.5,-1.6,0.1,0.0,2020
326,Damian Jones,16.1,2.2,3.2,0.68,0.0,0.2,0.222,2.2,3.1,0.704,0.685,1.1,1.5,0.738,1.3,2.4,3.7,0.6,0.5,0.7,0.5,2.7,5.6,0.0,0.0,1010.0,0.0,0.0,0.0,0.0,0.0,0.0,0.0,0.0,0.0,0.0,0.0,0.0,0.0,55.0,27.0,887.0,121.0,178.0,0.68,2.0,9.0,0.222,119.0,169.0,0.704,0.685,62.0,84.0,0.738,74.0,132.0,206.0,35.0,26.0,40.0,28.0,149.0,306.0,0.0,15.6,0.712,0.051,0.472,8.9,16.2,12.5,5.6,1.4,3.8,11.5,11.4,2.2,0.6,2.8,0.152,-1.6,0.1,-1.5,0.1,0.0,2020
327,Jalen McDaniels,18.3,2.1,4.4,0.471,0.6,1.5,0.375,1.5,2.9,0.522,0.536,0.9,1.1,0.824,0.9,3.1,4.1,0.8,0.5,0.2,0.7,2.3,5.6,0.0,0.0,1010.0,0.0,0.0,0.0,0.0,0.0,0.0,0.0,0.0,0.0,0.0,0.0,0.0,0.0,16.0,0.0,293.0,33.0,70.0,0.471,9.0,24.0,0.375,24.0,46.0,0.522,0.536,14.0,17.0,0.824,15.0,50.0,65.0,13.0,8.0,3.0,11.0,36.0,89.0,0.0,10.7,0.574,0.343,0.243,5.4,19.4,12.1,6.8,1.4,0.9,12.4,13.3,0.2,0.2,0.5,0.078,-3.4,0.1,-3.3,-0.1,0.0,2020
328,Jakob Poeltl,17.7,2.5,4.0,0.624,0.0,0.0,0.0,2.5,4.0,0.624,0.624,0.6,1.3,0.465,2.0,3.7,5.7,1.8,0.6,1.4,0.8,1.9,5.6,0.0,0.0,1010.0,0.0,0.0,0.0,0.0,0.0,0.0,0.0,0.0,0.0,0.0,0.0,0.0,0.0,66.0,18.0,1171.0,166.0,266.0,0.624,0.0,0.0,0.0,166.0,266.0,0.624,0.624,40.0,86.0,0.465,131.0,244.0,375.0,116.0,37.0,95.0,54.0,126.0,372.0,0.0,19.1,0.612,0.0,0.323,12.1,22.5,17.3,13.6,1.5,7.1,15.1,13.2,2.4,1.6,4.0,0.163,0.5,2.0,2.5,1.3,0.0,2020
329,John Henson,15.0,2.4,4.3,0.556,0.2,0.9,0.222,2.2,3.4,0.644,0.579,0.6,1.2,0.5,1.2,2.9,4.1,1.4,0.6,1.1,0.9,2.0,5.5,0.0,0.0,1010.0,0.0,0.0,0.0,0.0,0.0,0.0,0.0,0.0,0.0,0.0,0.0,0.0,0.0,40.0,8.0,600.0,95.0,171.0,0.556,8.0,36.0,0.222,87.0,135.0,0.644,0.579,23.0,46.0,0.5,46.0,116.0,162.0,54.0,24.0,42.0,36.0,78.0,221.0,0.0,17.0,0.578,0.211,0.269,8.5,21.8,15.1,13.4,2.0,6.0,15.8,16.3,0.6,0.8,1.4,0.109,-1.2,2.1,0.9,0.4,0.0,2020
330,Solomon Hill,18.4,1.9,4.7,0.396,1.1,2.9,0.368,0.8,1.8,0.439,0.509,0.7,0.9,0.741,0.5,2.3,2.8,1.8,0.7,0.2,0.9,1.4,5.5,0.0,0.0,1010.0,0.0,0.0,0.0,0.0,0.0,0.0,0.0,0.0,0.0,0.0,0.0,0.0,0.0,59.0,4.0,1088.0,110.0,278.0,0.396,63.0,171.0,0.368,47.0,107.0,0.439,0.509,40.0,54.0,0.741,29.0,136.0,165.0,104.0,43.0,12.0,51.0,85.0,323.0,0.0,9.8,0.535,0.615,0.194,2.9,13.0,8.1,12.4,1.9,1.0,14.5,13.6,0.4,1.1,1.4,0.064,-2.0,0.3,-1.7,0.1,0.0,2020
331,Alex Caruso,18.4,1.9,4.5,0.412,0.6,1.9,0.333,1.3,2.7,0.468,0.481,1.1,1.5,0.734,0.3,1.7,1.9,1.9,1.1,0.3,0.8,1.5,5.5,0.0,0.0,1010.0,0.0,0.0,0.0,0.0,0.0,0.0,0.0,0.0,0.0,0.0,0.0,0.0,0.0,64.0,2.0,1175.0,120.0,291.0,0.412,40.0,120.0,0.333,80.0,171.0,0.468,0.481,69.0,94.0,0.734,17.0,106.0,123.0,124.0,70.0,18.0,53.0,98.0,349.0,0.0,10.8,0.525,0.412,0.323,1.6,9.8,5.7,13.6,2.8,1.4,13.8,13.8,0.5,1.8,2.3,0.095,-2.6,2.4,-0.2,0.5,0.0,2020
332,Justin Jackson,16.1,2.1,5.2,0.396,0.7,2.5,0.294,1.3,2.7,0.489,0.466,0.6,0.8,0.84,0.4,2.0,2.4,0.8,0.2,0.2,0.2,1.1,5.5,0.0,0.0,1010.0,0.0,0.0,0.0,0.0,0.0,0.0,0.0,0.0,0.0,0.0,0.0,0.0,0.0,65.0,3.0,1045.0,135.0,341.0,0.396,48.0,163.0,0.294,87.0,178.0,0.489,0.466,42.0,50.0,0.84,27.0,127.0,154.0,52.0,15.0,10.0,14.0,69.0,360.0,0.0,9.5,0.496,0.478,0.147,2.7,12.6,7.7,6.8,0.7,0.8,3.7,15.4,0.6,0.6,1.2,0.054,-2.1,-1.3,-3.4,-0.4,0.0,2020
333,Dennis Smith Jr.,15.8,2.1,6.2,0.341,0.5,1.6,0.296,1.6,4.6,0.357,0.379,0.8,1.6,0.509,0.6,1.7,2.3,2.9,0.8,0.2,1.7,1.9,5.5,0.0,0.0,1010.0,0.0,0.0,0.0,0.0,0.0,0.0,0.0,0.0,0.0,0.0,0.0,0.0,0.0,34.0,3.0,537.0,72.0,211.0,0.341,16.0,54.0,0.296,56.0,157.0,0.357,0.379,27.0,53.0,0.509,21.0,57.0,78.0,98.0,28.0,8.0,58.0,65.0,187.0,0.0,7.4,0.399,0.256,0.251,4.1,11.7,7.7,26.4,2.5,1.4,19.8,23.1,-1.4,0.5,-0.9,-0.079,-5.2,-0.9,-6.1,-0.6,0.0,2020
334,Mo Bamba,14.2,2.1,4.6,0.462,0.6,1.7,0.346,1.5,2.9,0.531,0.526,0.5,0.7,0.674,1.6,3.3,4.9,0.7,0.4,1.4,0.7,1.9,5.4,0.0,0.0,1010.0,0.0,0.0,0.0,0.0,0.0,0.0,0.0,0.0,0.0,0.0,0.0,0.0,0.0,62.0,0.0,878.0,132.0,286.0,0.462,37.0,107.0,0.346,95.0,179.0,0.531,0.526,31.0,46.0,0.674,100.0,202.0,302.0,42.0,23.0,86.0,42.0,116.0,332.0,0.0,17.5,0.542,0.374,0.161,11.9,25.6,18.5,7.2,1.3,8.8,12.1,17.1,0.8,1.7,2.5,0.135,-1.2,1.6,0.4,0.5,0.0,2020
335,Pat Connaughton,18.6,2.0,4.5,0.455,0.8,2.5,0.331,1.2,2.0,0.607,0.547,0.5,0.6,0.775,0.9,3.3,4.2,1.6,0.4,0.5,0.8,1.0,5.4,0.0,0.0,1010.0,0.0,0.0,0.0,0.0,0.0,0.0,0.0,0.0,0.0,0.0,0.0,0.0,0.0,67.0,4.0,1243.0,137.0,301.0,0.455,55.0,166.0,0.331,82.0,135.0,0.607,0.547,31.0,40.0,0.775,60.0,224.0,284.0,107.0,25.0,31.0,52.0,70.0,360.0,0.0,11.5,0.565,0.551,0.133,5.1,16.8,11.3,10.9,0.9,2.2,14.0,12.3,1.1,2.3,3.4,0.13,-0.9,1.5,0.6,0.8,0.0,2020
336,Torrey Craig,18.5,2.1,4.6,0.461,0.8,2.4,0.326,1.4,2.3,0.603,0.545,0.4,0.6,0.611,1.1,2.2,3.3,0.8,0.4,0.6,0.4,2.3,5.4,0.0,0.0,1010.0,0.0,0.0,0.0,0.0,0.0,0.0,0.0,0.0,0.0,0.0,0.0,0.0,0.0,58.0,27.0,1072.0,124.0,269.0,0.461,45.0,138.0,0.326,79.0,131.0,0.603,0.545,22.0,36.0,0.611,63.0,126.0,189.0,47.0,23.0,36.0,25.0,135.0,315.0,0.0,10.8,0.553,0.513,0.134,6.6,13.2,9.9,5.9,1.1,3.1,8.1,12.6,1.1,0.9,2.0,0.091,-2.0,-0.3,-2.3,-0.1,0.0,2020
337,Robin Lopez,14.5,2.2,4.5,0.492,0.5,1.6,0.333,1.7,2.9,0.577,0.55,0.4,0.8,0.528,0.8,1.6,2.4,0.7,0.2,0.7,1.0,1.5,5.4,0.0,0.0,1010.0,0.0,0.0,0.0,0.0,0.0,0.0,0.0,0.0,0.0,0.0,0.0,0.0,0.0,66.0,5.0,958.0,147.0,299.0,0.492,35.0,105.0,0.333,112.0,194.0,0.577,0.55,28.0,53.0,0.528,56.0,105.0,161.0,45.0,10.0,45.0,63.0,96.0,357.0,0.0,10.2,0.554,0.351,0.177,6.2,10.2,8.3,6.3,0.5,4.1,16.4,16.6,-0.1,1.6,1.5,0.077,-3.0,0.4,-2.6,-0.2,0.0,2020
338,Garrison Mathews,12.6,1.3,3.1,0.429,1.1,2.6,0.413,0.3,0.6,0.5,0.598,1.7,1.9,0.912,0.3,1.0,1.3,0.6,0.4,0.1,0.4,1.8,5.4,0.0,0.0,1010.0,0.0,0.0,0.0,0.0,0.0,0.0,0.0,0.0,0.0,0.0,0.0,0.0,0.0,18.0,0.0,227.0,24.0,56.0,0.429,19.0,46.0,0.413,5.0,10.0,0.5,0.598,31.0,34.0,0.912,6.0,18.0,24.0,10.0,8.0,1.0,8.0,32.0,98.0,0.0,13.1,0.691,0.821,0.607,2.8,9.0,5.8,5.8,1.6,0.4,10.1,14.5,0.6,0.1,0.6,0.131,-0.6,-0.5,-1.1,0.1,0.0,2020
339,Luka Šamanić,16.0,1.7,5.3,0.313,1.0,2.7,0.375,0.7,2.7,0.25,0.406,1.0,1.3,0.75,0.3,3.0,3.3,2.0,0.0,0.7,0.7,2.0,5.3,0.0,0.0,1010.0,0.0,0.0,0.0,0.0,0.0,0.0,0.0,0.0,0.0,0.0,0.0,0.0,0.0,3.0,1.0,48.0,5.0,16.0,0.313,3.0,8.0,0.375,2.0,8.0,0.25,0.406,3.0,4.0,0.75,1.0,9.0,10.0,6.0,0.0,2.0,2.0,6.0,16.0,0.0,8.8,0.45,0.5,0.25,2.2,20.2,11.2,16.3,0.0,3.7,10.1,17.8,0.0,0.0,0.0,0.011,-2.4,-1.7,-4.1,0.0,0.0,2020
340,Juan Toscano-Anderson,20.9,2.2,4.8,0.46,0.6,1.8,0.348,1.6,3.1,0.525,0.524,0.2,0.4,0.6,0.7,3.3,4.0,2.0,1.0,0.4,1.2,2.3,5.3,0.0,0.0,1010.0,0.0,0.0,0.0,0.0,0.0,0.0,0.0,0.0,0.0,0.0,0.0,0.0,0.0,13.0,6.0,272.0,29.0,63.0,0.46,8.0,23.0,0.348,21.0,40.0,0.525,0.524,3.0,5.0,0.6,9.0,43.0,52.0,26.0,13.0,5.0,16.0,30.0,69.0,0.0,9.4,0.529,0.365,0.079,3.5,17.8,10.4,13.8,2.3,1.7,19.7,12.7,-0.1,0.2,0.2,0.03,-4.1,0.5,-3.6,-0.1,0.0,2020
341,David Nwaba,13.4,1.9,3.6,0.521,0.6,1.4,0.429,1.3,2.2,0.581,0.606,0.9,1.4,0.667,0.4,1.9,2.3,0.4,0.6,0.6,0.4,1.6,5.2,0.0,0.0,1010.0,0.0,0.0,0.0,0.0,0.0,0.0,0.0,0.0,0.0,0.0,0.0,0.0,0.0,20.0,0.0,268.0,37.0,71.0,0.521,12.0,28.0,0.429,25.0,43.0,0.581,0.606,18.0,27.0,0.667,8.0,37.0,45.0,8.0,11.0,12.0,8.0,32.0,104.0,0.0,14.0,0.627,0.394,0.38,3.2,14.0,8.7,4.3,1.9,3.7,8.8,14.2,0.4,0.4,0.8,0.138,-1.0,2.0,1.1,0.2,0.0,2020
342,Robert Williams,13.4,2.2,3.0,0.727,0.0,0.0,0.0,2.2,3.0,0.727,0.727,0.8,1.2,0.647,1.4,3.0,4.4,0.9,0.8,1.2,0.7,1.8,5.2,0.0,0.0,1010.0,0.0,0.0,0.0,0.0,0.0,0.0,0.0,0.0,0.0,0.0,0.0,0.0,0.0,29.0,1.0,388.0,64.0,88.0,0.727,0.0,0.0,0.0,64.0,88.0,0.727,0.727,22.0,34.0,0.647,40.0,88.0,128.0,27.0,22.0,35.0,21.0,51.0,150.0,0.0,23.1,0.728,0.0,0.386,11.2,24.0,17.7,10.1,2.7,8.4,16.9,13.6,1.1,1.0,2.0,0.253,0.8,4.3,5.1,0.7,0.0,2020
343,Jerome Robinson,15.5,1.8,4.9,0.371,0.8,2.4,0.32,1.0,2.5,0.42,0.45,0.6,0.9,0.702,0.2,1.8,2.0,1.4,0.4,0.3,0.8,1.8,5.1,0.0,0.0,1010.0,0.0,0.0,0.0,0.0,0.0,0.0,0.0,0.0,0.0,0.0,0.0,0.0,0.0,63.0,6.0,979.0,115.0,310.0,0.371,49.0,153.0,0.32,66.0,157.0,0.42,0.45,40.0,57.0,0.702,13.0,116.0,129.0,87.0,28.0,17.0,49.0,112.0,319.0,0.0,7.4,0.476,0.494,0.184,1.4,12.8,7.0,11.9,1.3,1.5,12.8,16.4,-0.6,0.8,0.2,0.009,-3.8,-0.2,-3.9,-0.5,0.0,2020
344,Chris Chiozza,14.3,2.0,5.0,0.393,1.0,2.6,0.375,1.0,2.4,0.412,0.489,0.2,0.2,1.0,0.3,1.6,1.9,3.0,0.8,0.1,1.1,1.3,5.1,0.0,0.0,1010.0,0.0,0.0,0.0,0.0,0.0,0.0,0.0,0.0,0.0,0.0,0.0,0.0,0.0,28.0,2.0,401.0,55.0,140.0,0.393,27.0,72.0,0.375,28.0,68.0,0.412,0.489,5.0,5.0,1.0,9.0,44.0,53.0,83.0,21.0,4.0,32.0,37.0,142.0,0.0,12.0,0.499,0.514,0.036,2.4,11.6,6.9,29.4,2.5,0.9,18.4,18.1,0.0,0.4,0.5,0.055,-1.6,0.5,-1.2,0.1,0.0,2020
345,Sterling Brown,14.8,1.8,4.9,0.371,0.8,2.6,0.324,1.0,2.3,0.425,0.457,0.6,0.8,0.8,0.6,2.9,3.5,1.0,0.6,0.1,0.8,1.0,5.1,0.0,0.0,1010.0,0.0,0.0,0.0,0.0,0.0,0.0,0.0,0.0,0.0,0.0,0.0,0.0,0.0,52.0,1.0,767.0,95.0,256.0,0.371,44.0,136.0,0.324,51.0,120.0,0.425,0.457,32.0,40.0,0.8,31.0,152.0,183.0,51.0,29.0,7.0,42.0,54.0,266.0,0.0,9.5,0.486,0.531,0.156,4.3,18.5,11.8,8.6,1.7,0.8,13.3,17.0,-0.4,1.5,1.1,0.07,-3.0,1.0,-2.0,0.0,0.0,2020
346,Quinn Cook,11.5,2.1,4.9,0.425,0.7,1.9,0.365,1.4,2.9,0.465,0.498,0.3,0.3,0.786,0.3,0.9,1.2,1.1,0.3,0.0,0.8,0.6,5.1,0.0,0.0,1010.0,0.0,0.0,0.0,0.0,0.0,0.0,0.0,0.0,0.0,0.0,0.0,0.0,0.0,44.0,1.0,508.0,91.0,214.0,0.425,31.0,85.0,0.365,60.0,129.0,0.465,0.498,11.0,14.0,0.786,11.0,40.0,51.0,49.0,12.0,2.0,33.0,27.0,224.0,0.0,10.0,0.509,0.397,0.065,2.4,8.5,5.5,13.8,1.1,0.4,13.0,21.0,-0.2,0.5,0.3,0.03,-2.3,-1.4,-3.8,-0.2,0.0,2020
347,Wayne Ellington,15.5,1.7,4.8,0.351,1.4,4.0,0.35,0.3,0.9,0.355,0.494,0.3,0.4,0.846,0.1,1.7,1.8,1.2,0.4,0.1,0.5,1.1,5.1,0.0,0.0,1010.0,0.0,0.0,0.0,0.0,0.0,0.0,0.0,0.0,0.0,0.0,0.0,0.0,0.0,36.0,1.0,558.0,61.0,174.0,0.351,50.0,143.0,0.35,11.0,31.0,0.355,0.494,11.0,13.0,0.846,4.0,61.0,65.0,44.0,13.0,4.0,18.0,41.0,183.0,0.0,8.5,0.509,0.822,0.075,0.7,12.0,6.2,11.0,1.1,0.7,9.1,15.0,0.2,0.2,0.4,0.035,-1.9,-1.0,-2.9,-0.1,0.0,2020
348,Daniel Gafford,14.2,2.2,3.1,0.701,0.0,0.0,0.0,2.2,3.1,0.701,0.701,0.7,1.4,0.533,1.2,1.3,2.5,0.5,0.3,1.3,0.7,2.3,5.1,0.0,0.0,1010.0,0.0,0.0,0.0,0.0,0.0,0.0,0.0,0.0,0.0,0.0,0.0,0.0,0.0,43.0,7.0,609.0,94.0,134.0,0.701,0.0,0.0,0.0,94.0,134.0,0.701,0.701,32.0,60.0,0.533,52.0,54.0,106.0,21.0,13.0,56.0,29.0,98.0,220.0,0.0,16.2,0.686,0.0,0.448,9.0,10.3,9.6,5.2,1.0,8.7,15.3,13.3,1.1,0.8,1.9,0.146,-2.8,1.5,-1.3,0.1,0.0,2020
349,Raul Neto,12.4,1.9,4.1,0.455,0.6,1.6,0.386,1.2,2.5,0.5,0.532,0.7,0.9,0.83,0.2,0.9,1.1,1.8,0.4,0.1,0.9,0.9,5.1,0.0,0.0,1010.0,0.0,0.0,0.0,0.0,0.0,0.0,0.0,0.0,0.0,0.0,0.0,0.0,0.0,54.0,3.0,668.0,101.0,222.0,0.455,34.0,88.0,0.386,67.0,134.0,0.5,0.532,39.0,47.0,0.83,11.0,50.0,61.0,95.0,24.0,6.0,47.0,50.0,275.0,0.0,12.7,0.567,0.396,0.212,1.8,8.3,5.0,20.3,1.7,0.8,16.2,18.7,0.5,0.6,1.2,0.083,-1.2,-0.6,-1.8,0.0,0.0,2020
350,Kadeem Allen,11.7,1.9,4.4,0.432,0.5,1.6,0.313,1.4,2.8,0.5,0.489,0.7,1.1,0.636,0.2,0.7,0.9,2.1,0.5,0.2,0.8,0.7,5.0,0.0,0.0,1010.0,0.0,0.0,0.0,0.0,0.0,0.0,0.0,0.0,0.0,0.0,0.0,0.0,0.0,10.0,0.0,117.0,19.0,44.0,0.432,5.0,16.0,0.313,14.0,28.0,0.5,0.489,7.0,11.0,0.636,2.0,7.0,9.0,21.0,5.0,2.0,8.0,7.0,50.0,0.0,14.0,0.512,0.364,0.25,1.8,6.6,4.1,27.0,2.1,1.6,14.1,20.6,0.1,0.1,0.1,0.053,-0.3,-0.7,-0.9,0.0,0.0,2020
351,Isaac Bonga,18.9,1.8,3.5,0.504,0.4,1.1,0.352,1.4,2.5,0.571,0.558,1.0,1.3,0.812,1.1,2.3,3.4,1.2,0.7,0.3,0.9,2.4,5.0,0.0,0.0,1010.0,0.0,0.0,0.0,0.0,0.0,0.0,0.0,0.0,0.0,0.0,0.0,0.0,0.0,66.0,49.0,1250.0,118.0,234.0,0.504,25.0,71.0,0.352,93.0,163.0,0.571,0.558,69.0,85.0,0.812,71.0,151.0,222.0,76.0,45.0,22.0,58.0,156.0,330.0,0.0,10.2,0.608,0.303,0.363,6.0,13.8,9.7,7.9,1.7,1.5,17.6,11.0,1.2,0.6,1.8,0.068,-2.7,-0.1,-2.8,-0.3,0.0,2020
352,Vince Carter,14.6,1.8,5.1,0.352,1.0,3.4,0.302,0.8,1.7,0.451,0.452,0.4,0.5,0.793,0.3,1.8,2.1,0.8,0.4,0.4,0.6,1.5,5.0,0.0,0.0,1010.0,0.0,0.0,0.0,0.0,0.0,0.0,0.0,0.0,0.0,0.0,0.0,0.0,0.0,60.0,0.0,876.0,107.0,304.0,0.352,61.0,202.0,0.302,46.0,102.0,0.451,0.452,23.0,29.0,0.793,18.0,106.0,124.0,48.0,23.0,25.0,33.0,90.0,298.0,0.0,7.5,0.47,0.664,0.095,2.2,13.2,7.6,7.7,1.2,2.4,9.4,16.6,-0.6,0.4,-0.2,-0.011,-3.1,-1.2,-4.3,-0.5,0.0,2020
353,Jamal Crawford,6.0,2.0,4.0,0.5,1.0,2.0,0.5,1.0,2.0,0.5,0.625,0.0,0.0,0.0,0.0,0.0,0.0,3.0,0.0,0.0,0.0,1.0,5.0,0.0,0.0,1010.0,0.0,0.0,0.0,0.0,0.0,0.0,0.0,0.0,0.0,0.0,0.0,0.0,0.0,1.0,0.0,6.0,2.0,4.0,0.5,1.0,2.0,0.5,1.0,2.0,0.5,0.625,0.0,0.0,0.0,0.0,0.0,0.0,3.0,0.0,0.0,0.0,1.0,5.0,0.0,33.2,0.625,0.5,0.0,0.0,0.0,0.0,100.0,0.0,0.0,0.0,27.9,0.1,0.0,0.1,0.492,12.4,2.6,15.0,0.0,0.0,2020
354,Cody Martin,18.8,1.9,4.3,0.43,0.4,1.6,0.234,1.5,2.7,0.546,0.473,0.9,1.4,0.646,0.8,2.5,3.3,2.0,0.8,0.2,0.9,1.6,5.0,0.0,0.0,1010.0,0.0,0.0,0.0,0.0,0.0,0.0,0.0,0.0,0.0,0.0,0.0,0.0,0.0,48.0,3.0,903.0,89.0,207.0,0.43,18.0,77.0,0.234,71.0,130.0,0.546,0.473,42.0,65.0,0.646,38.0,120.0,158.0,95.0,39.0,9.0,44.0,78.0,238.0,0.0,10.5,0.505,0.372,0.314,4.4,15.1,9.6,15.7,2.2,0.9,15.7,13.6,0.2,0.8,1.0,0.052,-3.1,1.0,-2.1,0.0,0.0,2020
355,Tony Bradley,11.4,2.2,3.3,0.667,0.1,0.1,1.0,2.1,3.2,0.661,0.675,0.5,0.8,0.652,1.9,2.7,4.6,0.4,0.2,0.6,0.5,2.0,4.9,0.0,0.0,1010.0,0.0,0.0,0.0,0.0,0.0,0.0,0.0,0.0,0.0,0.0,0.0,0.0,0.0,58.0,3.0,663.0,126.0,189.0,0.667,3.0,3.0,1.0,123.0,186.0,0.661,0.675,30.0,46.0,0.652,111.0,156.0,267.0,23.0,14.0,33.0,30.0,115.0,285.0,0.0,21.7,0.681,0.016,0.243,19.1,25.0,22.2,5.4,1.0,4.1,12.5,15.8,2.2,1.1,3.3,0.236,1.0,0.3,1.3,0.6,0.0,2020
356,Jevon Carter,16.3,1.7,4.2,0.416,1.1,2.5,0.425,0.7,1.7,0.402,0.543,0.4,0.5,0.852,0.5,1.5,2.0,1.4,0.8,0.3,0.6,1.5,4.9,0.0,0.0,1010.0,0.0,0.0,0.0,0.0,0.0,0.0,0.0,0.0,0.0,0.0,0.0,0.0,0.0,58.0,2.0,945.0,101.0,243.0,0.416,62.0,146.0,0.425,39.0,97.0,0.402,0.543,23.0,27.0,0.852,30.0,88.0,118.0,84.0,47.0,17.0,32.0,86.0,287.0,0.0,11.3,0.563,0.601,0.111,3.5,10.5,6.9,11.9,2.4,1.6,11.2,12.9,0.8,1.0,1.8,0.093,-0.7,1.3,0.6,0.6,0.0,2020
357,Chris Clemons,8.8,1.7,4.3,0.401,1.1,3.2,0.346,0.6,1.1,0.571,0.532,0.3,0.3,0.909,0.1,0.8,0.9,0.8,0.3,0.2,0.6,0.8,4.9,0.0,0.0,1010.0,0.0,0.0,0.0,0.0,0.0,0.0,0.0,0.0,0.0,0.0,0.0,0.0,0.0,33.0,0.0,291.0,57.0,142.0,0.401,37.0,107.0,0.346,20.0,35.0,0.571,0.532,10.0,11.0,0.909,4.0,26.0,30.0,27.0,9.0,6.0,19.0,26.0,161.0,0.0,13.1,0.548,0.754,0.077,1.4,9.4,5.4,14.3,1.4,1.8,11.5,23.6,0.1,0.2,0.4,0.058,0.3,-1.3,-1.0,0.1,0.0,2020
358,Drew Eubanks,12.4,2.0,3.0,0.642,0.0,0.0,1.0,1.9,3.0,0.636,0.649,0.9,1.2,0.769,1.3,2.6,3.9,0.7,0.2,0.8,1.0,1.7,4.9,0.0,0.0,1010.0,0.0,0.0,0.0,0.0,0.0,0.0,0.0,0.0,0.0,0.0,0.0,0.0,0.0,22.0,3.0,272.0,43.0,67.0,0.642,1.0,1.0,1.0,42.0,66.0,0.636,0.649,20.0,26.0,0.769,28.0,57.0,85.0,15.0,5.0,17.0,21.0,37.0,107.0,0.0,17.3,0.682,0.015,0.388,11.1,22.6,16.8,7.7,0.9,5.5,21.1,15.8,0.5,0.3,0.8,0.134,-1.4,-0.4,-1.8,0.0,0.0,2020
359,Shaquille Harrison,11.3,1.8,3.8,0.467,0.4,1.0,0.381,1.4,2.9,0.496,0.515,0.9,1.2,0.78,0.5,1.5,2.0,1.1,0.8,0.4,0.4,1.3,4.9,0.0,0.0,1010.0,0.0,0.0,0.0,0.0,0.0,0.0,0.0,0.0,0.0,0.0,0.0,0.0,0.0,43.0,10.0,484.0,77.0,165.0,0.467,16.0,42.0,0.381,61.0,123.0,0.496,0.515,39.0,50.0,0.78,22.0,64.0,86.0,49.0,34.0,19.0,19.0,55.0,209.0,0.0,17.8,0.559,0.255,0.303,4.8,15.3,9.8,15.3,3.4,3.7,9.2,18.1,0.7,0.8,1.5,0.153,0.4,2.4,2.8,0.6,0.0,2020
360,Patrick Patterson,13.2,1.6,3.9,0.408,1.1,2.9,0.39,0.5,1.0,0.459,0.552,0.6,0.7,0.814,0.6,2.0,2.6,0.7,0.1,0.1,0.4,0.9,4.9,0.0,0.0,1010.0,0.0,0.0,0.0,0.0,0.0,0.0,0.0,0.0,0.0,0.0,0.0,0.0,0.0,59.0,18.0,776.0,95.0,233.0,0.408,67.0,172.0,0.39,28.0,61.0,0.459,0.552,35.0,43.0,0.814,35.0,116.0,151.0,41.0,7.0,3.0,21.0,54.0,292.0,0.0,11.5,0.58,0.738,0.185,4.8,15.1,10.1,7.2,0.4,0.3,7.7,14.7,1.1,0.8,1.9,0.118,0.8,-0.5,0.3,0.5,0.0,2020
361,Edmond Sumner,14.4,2.0,4.6,0.43,0.5,1.7,0.264,1.5,2.9,0.528,0.479,0.5,0.9,0.552,0.4,1.1,1.5,1.8,0.5,0.3,0.7,1.4,4.9,0.0,0.0,1010.0,0.0,0.0,0.0,0.0,0.0,0.0,0.0,0.0,0.0,0.0,0.0,0.0,0.0,31.0,3.0,447.0,61.0,142.0,0.43,14.0,53.0,0.264,47.0,89.0,0.528,0.479,16.0,29.0,0.552,11.0,35.0,46.0,55.0,15.0,9.0,22.0,44.0,152.0,0.0,10.1,0.491,0.373,0.204,2.7,8.5,5.6,16.7,1.6,1.8,12.4,17.3,-0.1,0.5,0.4,0.047,-3.1,0.2,-2.9,-0.1,0.0,2020
362,Matt Thomas,10.7,1.8,3.7,0.487,1.1,2.4,0.475,0.6,1.2,0.51,0.643,0.2,0.3,0.75,0.2,1.3,1.5,0.5,0.2,0.0,0.4,0.9,4.9,0.0,0.0,1010.0,0.0,0.0,0.0,0.0,0.0,0.0,0.0,0.0,0.0,0.0,0.0,0.0,0.0,41.0,1.0,440.0,73.0,150.0,0.487,47.0,99.0,0.475,26.0,51.0,0.51,0.643,9.0,12.0,0.75,9.0,52.0,61.0,22.0,10.0,1.0,16.0,38.0,202.0,0.0,13.3,0.65,0.66,0.08,2.2,12.2,7.3,7.5,1.1,0.2,9.3,16.6,0.7,0.6,1.2,0.133,1.0,0.1,1.1,0.3,0.0,2020
363,Mario Hezonja,16.4,1.7,4.1,0.422,0.5,1.5,0.308,1.3,2.6,0.486,0.477,0.9,1.1,0.814,0.6,2.9,3.5,0.9,0.7,0.2,0.8,2.0,4.8,0.0,0.0,1010.0,0.0,0.0,0.0,0.0,0.0,0.0,0.0,0.0,0.0,0.0,0.0,0.0,0.0,53.0,4.0,871.0,92.0,218.0,0.422,24.0,78.0,0.308,68.0,140.0,0.486,0.477,48.0,59.0,0.814,30.0,154.0,184.0,50.0,36.0,9.0,42.0,107.0,256.0,0.0,9.5,0.525,0.358,0.271,3.6,18.3,11.0,7.5,2.0,0.9,14.7,13.9,0.1,0.6,0.8,0.043,-3.1,0.2,-2.9,-0.2,0.0,2020
364,Džanan Musa,12.2,1.6,4.3,0.372,0.5,2.0,0.244,1.1,2.4,0.479,0.427,1.1,1.5,0.75,0.5,1.6,2.2,1.1,0.4,0.0,0.9,0.8,4.8,0.0,0.0,1010.0,0.0,0.0,0.0,0.0,0.0,0.0,0.0,0.0,0.0,0.0,0.0,0.0,0.0,40.0,0.0,487.0,64.0,172.0,0.372,19.0,78.0,0.244,45.0,94.0,0.479,0.427,45.0,60.0,0.75,21.0,65.0,86.0,43.0,15.0,1.0,36.0,30.0,192.0,0.0,9.4,0.484,0.453,0.349,4.6,13.5,9.1,12.6,1.5,0.2,15.4,20.1,-0.3,0.5,0.2,0.016,-3.5,-0.9,-4.4,-0.3,0.0,2020
365,Mike Muscala,12.2,1.6,4.0,0.407,1.1,3.0,0.378,0.5,1.0,0.5,0.55,0.4,0.5,0.818,0.3,2.0,2.3,0.9,0.2,0.3,0.4,1.2,4.8,0.0,0.0,1010.0,0.0,0.0,0.0,0.0,0.0,0.0,0.0,0.0,0.0,0.0,0.0,0.0,0.0,47.0,2.0,572.0,77.0,189.0,0.407,54.0,143.0,0.378,23.0,46.0,0.5,0.55,18.0,22.0,0.818,16.0,92.0,108.0,40.0,9.0,12.0,17.0,58.0,226.0,0.0,12.5,0.569,0.757,0.116,3.2,17.3,10.4,10.1,0.8,1.8,7.9,16.6,0.7,0.6,1.3,0.107,0.1,-0.2,-0.1,0.3,0.0,2020
366,Justin Wright-Foreman,11.3,1.8,5.0,0.35,0.5,2.5,0.2,1.3,2.5,0.5,0.4,0.8,1.0,0.75,0.0,1.3,1.3,1.8,0.5,0.0,0.8,1.3,4.8,0.0,0.0,1010.0,0.0,0.0,0.0,0.0,0.0,0.0,0.0,0.0,0.0,0.0,0.0,0.0,0.0,4.0,0.0,45.0,7.0,20.0,0.35,2.0,10.0,0.2,5.0,10.0,0.5,0.4,3.0,4.0,0.75,0.0,5.0,5.0,7.0,2.0,0.0,3.0,5.0,19.0,0.0,8.8,0.437,0.5,0.2,0.0,11.8,6.1,23.0,2.2,0.0,12.1,24.1,-0.1,0.1,0.0,-0.008,-7.0,-2.0,-9.0,-0.1,0.0,2020
367,Cheick Diallo,10.2,2.0,3.0,0.648,0.0,0.1,0.333,1.9,3.0,0.655,0.651,0.7,0.8,0.872,0.6,2.1,2.8,0.5,0.2,0.3,0.7,1.2,4.7,0.0,0.0,1010.0,0.0,0.0,0.0,0.0,0.0,0.0,0.0,0.0,0.0,0.0,0.0,0.0,0.0,47.0,2.0,479.0,92.0,142.0,0.648,1.0,3.0,0.333,91.0,139.0,0.655,0.651,34.0,39.0,0.872,30.0,101.0,131.0,22.0,11.0,12.0,32.0,55.0,219.0,0.0,16.5,0.688,0.021,0.275,6.9,23.7,15.2,6.9,1.1,2.2,16.7,17.0,0.8,0.5,1.3,0.132,-1.1,-0.2,-1.3,0.1,0.0,2020
368,Isaiah Hartenstein,11.6,1.9,2.9,0.657,0.0,0.2,0.0,1.9,2.7,0.71,0.657,0.8,1.2,0.679,1.3,2.7,3.9,0.8,0.4,0.5,0.7,1.8,4.7,0.0,0.0,1010.0,0.0,0.0,0.0,0.0,0.0,0.0,0.0,0.0,0.0,0.0,0.0,0.0,0.0,23.0,2.0,266.0,44.0,67.0,0.657,0.0,5.0,0.0,44.0,62.0,0.71,0.657,19.0,28.0,0.679,29.0,61.0,90.0,18.0,9.0,12.0,16.0,41.0,107.0,0.0,18.6,0.674,0.075,0.418,11.3,24.3,17.7,10.0,1.6,3.9,16.8,14.8,0.7,0.4,1.1,0.19,-1.0,1.3,0.3,0.2,0.0,2020
369,Thon Maker,12.9,1.6,3.2,0.482,0.4,1.1,0.344,1.2,2.2,0.55,0.539,1.2,1.8,0.664,0.9,1.9,2.8,0.7,0.4,0.7,0.8,1.7,4.7,0.0,0.0,1010.0,0.0,0.0,0.0,0.0,0.0,0.0,0.0,0.0,0.0,0.0,0.0,0.0,0.0,60.0,14.0,776.0,93.0,193.0,0.482,22.0,64.0,0.344,71.0,129.0,0.55,0.539,73.0,110.0,0.664,54.0,113.0,167.0,43.0,25.0,39.0,45.0,102.0,281.0,0.0,13.7,0.582,0.332,0.57,7.8,16.7,12.2,8.0,1.6,4.2,15.7,16.1,0.7,0.8,1.5,0.096,-2.1,0.7,-1.4,0.1,0.0,2020
370,Matisse Thybulle,19.8,1.7,4.1,0.423,0.9,2.4,0.357,0.9,1.7,0.519,0.528,0.4,0.6,0.61,0.7,1.0,1.6,1.2,1.4,0.7,0.8,2.2,4.7,0.0,0.0,1010.0,0.0,0.0,0.0,0.0,0.0,0.0,0.0,0.0,0.0,0.0,0.0,0.0,0.0,65.0,14.0,1287.0,112.0,265.0,0.423,56.0,157.0,0.357,56.0,108.0,0.519,0.528,25.0,41.0,0.61,44.0,63.0,107.0,79.0,94.0,47.0,51.0,141.0,305.0,0.0,10.0,0.539,0.592,0.155,3.8,5.4,4.6,8.0,3.5,3.1,15.3,11.2,0.3,2.0,2.3,0.086,-2.8,3.1,0.3,0.8,0.0,2020
371,Allen Crabbe,17.6,1.7,4.8,0.356,1.0,3.2,0.303,0.7,1.6,0.466,0.458,0.3,0.4,0.714,0.3,1.8,2.1,0.9,0.4,0.1,0.5,1.3,4.6,0.0,0.0,1010.0,0.0,0.0,0.0,0.0,0.0,0.0,0.0,0.0,0.0,0.0,0.0,0.0,0.0,37.0,1.0,653.0,63.0,177.0,0.356,36.0,119.0,0.303,27.0,58.0,0.466,0.458,10.0,14.0,0.714,11.0,66.0,77.0,33.0,15.0,4.0,17.0,47.0,172.0,0.0,6.0,0.47,0.672,0.079,1.8,11.0,6.3,6.8,1.1,0.5,8.5,12.7,-0.2,0.2,-0.1,-0.007,-3.7,-1.5,-5.3,-0.5,0.0,2020
372,Andre Iguodala,19.9,1.8,4.2,0.432,0.7,2.2,0.298,1.1,2.0,0.585,0.511,0.3,0.7,0.4,0.8,2.9,3.7,2.4,0.7,1.0,1.2,1.7,4.6,0.0,0.0,1010.0,0.0,0.0,0.0,0.0,0.0,0.0,0.0,0.0,0.0,0.0,0.0,0.0,0.0,21.0,0.0,418.0,38.0,88.0,0.432,14.0,47.0,0.298,24.0,41.0,0.585,0.511,6.0,15.0,0.4,17.0,61.0,78.0,51.0,14.0,21.0,26.0,35.0,96.0,0.0,10.5,0.507,0.534,0.17,4.7,15.7,10.4,16.9,1.6,5.0,21.6,12.7,0.0,0.6,0.6,0.065,-1.9,1.4,-0.5,0.2,0.0,2020
373,Rodions Kurucs,14.6,1.7,3.8,0.446,0.7,1.9,0.367,1.0,1.9,0.529,0.54,0.5,0.8,0.632,0.5,2.4,2.9,1.1,0.5,0.1,1.0,1.9,4.6,0.0,0.0,1010.0,0.0,0.0,0.0,0.0,0.0,0.0,0.0,0.0,0.0,0.0,0.0,0.0,0.0,47.0,9.0,684.0,79.0,177.0,0.446,33.0,90.0,0.367,46.0,87.0,0.529,0.54,24.0,38.0,0.632,25.0,112.0,137.0,51.0,25.0,5.0,46.0,90.0,215.0,0.0,8.9,0.555,0.508,0.215,3.9,16.6,10.4,10.4,1.7,0.6,19.2,14.7,-0.1,0.8,0.8,0.055,-3.6,0.9,-2.8,-0.1,0.0,2020
374,Patrick McCaw,24.5,1.8,4.4,0.414,0.6,1.9,0.324,1.2,2.5,0.484,0.485,0.4,0.5,0.722,0.5,1.8,2.3,2.1,1.1,0.1,0.8,1.6,4.6,0.0,0.0,1010.0,0.0,0.0,0.0,0.0,0.0,0.0,0.0,0.0,0.0,0.0,0.0,0.0,0.0,37.0,12.0,908.0,67.0,162.0,0.414,23.0,71.0,0.324,44.0,91.0,0.484,0.485,13.0,18.0,0.722,19.0,67.0,86.0,79.0,39.0,4.0,29.0,60.0,170.0,0.0,7.3,0.5,0.438,0.111,2.3,7.6,5.0,11.5,2.0,0.4,14.6,9.4,0.2,1.2,1.4,0.075,-3.6,1.8,-1.8,0.0,0.0,2020
375,Alfonzo McKinnie,14.8,1.8,4.3,0.427,0.4,1.6,0.215,1.5,2.7,0.557,0.468,0.6,0.8,0.71,0.9,1.9,2.8,0.4,0.6,0.2,0.7,1.8,4.6,0.0,0.0,1010.0,0.0,0.0,0.0,0.0,0.0,0.0,0.0,0.0,0.0,0.0,0.0,0.0,0.0,40.0,1.0,593.0,73.0,171.0,0.427,14.0,65.0,0.215,59.0,106.0,0.557,0.468,22.0,31.0,0.71,37.0,76.0,113.0,14.0,23.0,8.0,26.0,72.0,182.0,0.0,8.7,0.493,0.38,0.181,6.9,14.4,10.6,3.3,1.9,1.2,12.3,15.2,-0.2,0.3,0.2,0.014,-4.4,-0.9,-5.3,-0.5,0.0,2020
376,JaKarr Sampson,13.9,2.0,3.4,0.591,0.1,0.4,0.154,1.9,3.0,0.647,0.6,0.5,0.8,0.667,0.6,2.0,2.6,0.6,0.5,0.4,0.4,1.9,4.6,0.0,0.0,1010.0,0.0,0.0,0.0,0.0,0.0,0.0,0.0,0.0,0.0,0.0,0.0,0.0,0.0,34.0,12.0,471.0,68.0,115.0,0.591,2.0,13.0,0.154,66.0,102.0,0.647,0.6,18.0,27.0,0.667,20.0,68.0,88.0,21.0,16.0,12.0,15.0,64.0,156.0,0.0,12.6,0.615,0.113,0.235,4.7,15.7,10.2,6.1,1.6,2.2,10.6,13.2,0.6,0.7,1.2,0.124,-2.8,1.4,-1.4,0.1,0.0,2020
377,Dante Exum,13.9,1.6,3.4,0.471,0.4,1.2,0.349,1.2,2.2,0.539,0.534,0.9,1.2,0.744,0.3,1.6,1.9,1.1,0.4,0.2,0.9,1.1,4.5,0.0,0.0,1010.0,0.0,0.0,0.0,0.0,0.0,0.0,0.0,0.0,0.0,0.0,0.0,0.0,0.0,35.0,1.0,485.0,56.0,119.0,0.471,15.0,43.0,0.349,41.0,76.0,0.539,0.534,32.0,43.0,0.744,12.0,55.0,67.0,40.0,13.0,8.0,31.0,38.0,159.0,0.0,10.3,0.576,0.361,0.361,2.7,12.6,7.7,11.5,1.3,1.4,18.4,15.0,0.2,0.2,0.4,0.043,-2.5,-0.4,-2.9,-0.1,0.0,2020
378,Ryan Arcidiacono,16.0,1.6,3.8,0.409,0.9,2.4,0.391,0.6,1.4,0.439,0.532,0.5,0.7,0.711,0.3,1.6,1.9,1.7,0.5,0.1,0.6,1.7,4.5,0.0,0.0,1010.0,0.0,0.0,0.0,0.0,0.0,0.0,0.0,0.0,0.0,0.0,0.0,0.0,0.0,58.0,4.0,930.0,90.0,220.0,0.409,54.0,138.0,0.391,36.0,82.0,0.439,0.532,27.0,38.0,0.711,20.0,90.0,110.0,96.0,27.0,3.0,37.0,96.0,261.0,0.0,9.0,0.551,0.627,0.173,2.3,11.2,6.5,14.3,1.4,0.3,13.5,12.5,0.7,0.7,1.4,0.071,-2.7,-0.1,-2.8,-0.2,0.0,2020
379,Jerian Grant,13.3,1.7,4.5,0.37,0.3,1.3,0.25,1.3,3.2,0.421,0.407,0.8,1.2,0.714,0.3,0.7,1.0,1.5,0.2,0.2,0.5,1.8,4.5,0.0,0.0,1010.0,0.0,0.0,0.0,0.0,0.0,0.0,0.0,0.0,0.0,0.0,0.0,0.0,0.0,6.0,0.0,80.0,10.0,27.0,0.37,2.0,8.0,0.25,8.0,19.0,0.421,0.407,5.0,7.0,0.714,2.0,4.0,6.0,9.0,1.0,1.0,3.0,11.0,27.0,0.0,6.6,0.449,0.296,0.259,2.6,5.7,4.1,15.3,0.6,1.1,9.1,17.2,0.0,0.0,0.0,-0.018,-4.5,-2.0,-6.5,-0.1,0.0,2020
380,Courtney Lee,14.4,1.7,3.4,0.488,0.9,2.0,0.447,0.8,1.5,0.543,0.616,0.3,0.3,0.857,0.3,1.0,1.3,0.5,0.8,0.3,0.5,1.4,4.5,0.0,0.0,1010.0,0.0,0.0,0.0,0.0,0.0,0.0,0.0,0.0,0.0,0.0,0.0,0.0,0.0,24.0,9.0,345.0,40.0,82.0,0.488,21.0,47.0,0.447,19.0,35.0,0.543,0.616,6.0,7.0,0.857,7.0,25.0,32.0,12.0,18.0,6.0,11.0,33.0,107.0,0.0,10.8,0.629,0.573,0.085,2.2,7.5,4.9,4.7,2.5,1.5,11.4,11.9,0.3,0.3,0.7,0.092,-2.1,1.5,-0.6,0.1,0.0,2020
381,Treveon Graham,16.9,1.6,4.4,0.36,0.6,2.2,0.275,1.0,2.2,0.443,0.428,0.7,1.0,0.643,0.9,1.8,2.7,0.8,0.4,0.1,0.5,1.9,4.4,0.0,0.0,1010.0,0.0,0.0,0.0,0.0,0.0,0.0,0.0,0.0,0.0,0.0,0.0,0.0,0.0,55.0,20.0,929.0,87.0,242.0,0.36,33.0,120.0,0.275,54.0,122.0,0.443,0.428,36.0,56.0,0.643,51.0,99.0,150.0,45.0,24.0,6.0,29.0,102.0,243.0,0.0,6.6,0.456,0.496,0.231,5.7,11.7,8.6,6.6,1.2,0.5,9.8,13.1,-0.2,0.4,0.2,0.009,-4.5,-1.1,-5.6,-0.8,0.0,2020
382,Jacob Evans,14.4,1.6,4.6,0.336,0.4,1.3,0.333,1.1,3.3,0.337,0.384,0.9,1.0,0.862,0.3,1.1,1.4,1.1,0.4,0.4,0.9,1.4,4.4,0.0,0.0,1010.0,0.0,0.0,0.0,0.0,0.0,0.0,0.0,0.0,0.0,0.0,0.0,0.0,0.0,29.0,1.0,418.0,45.0,134.0,0.336,13.0,39.0,0.333,32.0,95.0,0.337,0.384,25.0,29.0,0.862,9.0,32.0,41.0,31.0,11.0,12.0,25.0,41.0,128.0,0.0,5.5,0.436,0.291,0.216,2.3,8.6,5.3,10.8,1.3,2.6,14.6,17.5,-0.7,0.2,-0.5,-0.056,-5.8,-1.3,-7.1,-0.5,0.0,2020
383,Khem Birch,19.2,1.5,3.0,0.51,0.0,0.0,0.0,1.5,3.0,0.514,0.51,1.4,2.1,0.653,1.9,2.7,4.6,1.0,0.4,0.5,0.6,1.9,4.4,0.0,0.0,1010.0,0.0,0.0,0.0,0.0,0.0,0.0,0.0,0.0,0.0,0.0,0.0,0.0,0.0,48.0,24.0,922.0,73.0,143.0,0.51,0.0,1.0,0.0,73.0,142.0,0.514,0.51,66.0,101.0,0.653,91.0,129.0,220.0,50.0,20.0,23.0,31.0,91.0,212.0,0.0,11.7,0.566,0.007,0.706,10.3,15.6,12.9,7.3,1.1,2.3,14.2,10.2,1.2,0.9,2.2,0.112,-2.5,0.2,-2.4,-0.1,0.0,2020
384,Nic Claxton,12.5,1.8,3.2,0.563,0.1,0.5,0.143,1.7,2.7,0.634,0.573,0.7,1.4,0.524,1.3,1.7,2.9,1.1,0.1,0.5,0.6,0.9,4.4,0.0,0.0,1010.0,0.0,0.0,0.0,0.0,0.0,0.0,0.0,0.0,0.0,0.0,0.0,0.0,0.0,15.0,0.0,187.0,27.0,48.0,0.563,1.0,7.0,0.143,26.0,41.0,0.634,0.573,11.0,21.0,0.524,19.0,25.0,44.0,16.0,1.0,8.0,9.0,14.0,66.0,0.0,14.8,0.577,0.146,0.438,10.7,13.6,12.2,12.4,0.3,3.6,13.6,14.8,0.3,0.2,0.5,0.121,-0.7,0.1,-0.7,0.1,0.0,2020
385,Yogi Ferrell,10.6,1.6,3.8,0.42,0.5,1.6,0.304,1.1,2.2,0.505,0.484,0.7,0.8,0.857,0.1,0.9,1.0,1.4,0.4,0.1,0.6,0.8,4.4,0.0,0.0,1010.0,0.0,0.0,0.0,0.0,0.0,0.0,0.0,0.0,0.0,0.0,0.0,0.0,0.0,50.0,0.0,530.0,79.0,188.0,0.42,24.0,79.0,0.304,55.0,109.0,0.505,0.484,36.0,42.0,0.857,6.0,43.0,49.0,69.0,18.0,4.0,28.0,38.0,218.0,0.0,12.2,0.528,0.42,0.223,1.2,9.4,5.2,18.8,1.6,0.7,11.9,19.2,0.3,0.3,0.7,0.06,-1.5,-0.3,-1.8,0.0,0.0,2020
386,Ante Žižić,10.0,1.9,3.3,0.569,0.0,0.0,0.0,1.9,3.3,0.569,0.569,0.6,0.9,0.737,0.8,2.2,3.0,0.3,0.3,0.2,0.5,1.2,4.4,0.0,0.0,1010.0,0.0,0.0,0.0,0.0,0.0,0.0,0.0,0.0,0.0,0.0,0.0,0.0,0.0,22.0,0.0,221.0,41.0,72.0,0.569,0.0,0.0,0.0,41.0,72.0,0.569,0.569,14.0,19.0,0.737,18.0,48.0,66.0,6.0,7.0,5.0,10.0,27.0,96.0,0.0,16.4,0.597,0.0,0.264,9.0,24.4,16.6,4.2,1.5,1.9,11.1,17.5,0.3,0.2,0.5,0.106,-1.7,-1.5,-3.2,-0.1,0.0,2020
387,Donta Hall,14.8,1.7,2.4,0.682,0.0,0.0,0.0,1.7,2.4,0.682,0.682,1.0,2.0,0.5,1.6,2.7,4.2,0.4,0.3,0.7,0.6,2.6,4.3,0.0,0.0,1010.0,0.0,0.0,0.0,0.0,0.0,0.0,0.0,0.0,0.0,0.0,0.0,0.0,0.0,9.0,0.0,133.0,15.0,22.0,0.682,0.0,0.0,0.0,15.0,22.0,0.682,0.682,9.0,18.0,0.5,14.0,24.0,38.0,4.0,3.0,6.0,5.0,23.0,39.0,0.0,13.6,0.652,0.0,0.818,11.4,19.2,15.4,4.2,1.1,3.8,14.3,11.1,0.2,0.2,0.4,0.137,-3.5,-0.4,-3.9,-0.1,0.0,2020
388,Al-Farouq Aminu,21.1,1.4,4.8,0.291,0.5,2.0,0.25,0.9,2.8,0.32,0.343,1.1,1.6,0.655,1.3,3.5,4.8,1.2,1.0,0.4,0.9,1.5,4.3,0.0,0.0,1010.0,0.0,0.0,0.0,0.0,0.0,0.0,0.0,0.0,0.0,0.0,0.0,0.0,0.0,18.0,2.0,380.0,25.0,86.0,0.291,9.0,36.0,0.25,16.0,50.0,0.32,0.343,19.0,29.0,0.655,24.0,63.0,87.0,21.0,18.0,8.0,17.0,27.0,78.0,0.0,7.6,0.395,0.419,0.337,6.6,18.4,12.3,7.4,2.3,1.9,14.7,13.2,-0.4,0.5,0.1,0.014,-4.4,1.4,-3.0,-0.1,0.0,2020
389,Troy Daniels,11.3,1.5,4.0,0.387,1.0,2.8,0.348,0.6,1.1,0.481,0.511,0.2,0.3,0.625,0.3,0.9,1.1,0.4,0.2,0.1,0.3,0.8,4.3,0.0,0.0,1010.0,0.0,0.0,0.0,0.0,0.0,0.0,0.0,0.0,0.0,0.0,0.0,0.0,0.0,47.0,0.0,532.0,72.0,186.0,0.387,46.0,132.0,0.348,26.0,54.0,0.481,0.511,10.0,16.0,0.625,12.0,40.0,52.0,17.0,11.0,3.0,12.0,37.0,200.0,0.0,8.4,0.518,0.71,0.086,2.5,8.2,5.4,4.3,1.0,0.5,5.9,16.3,0.1,0.5,0.6,0.056,-1.7,-1.2,-2.9,-0.1,0.0,2020
390,Bruno Fernando,12.7,1.8,3.6,0.518,0.1,0.7,0.135,1.8,2.9,0.605,0.53,0.5,0.9,0.569,1.2,2.3,3.5,0.9,0.3,0.3,0.8,1.9,4.3,0.0,0.0,1010.0,0.0,0.0,0.0,0.0,0.0,0.0,0.0,0.0,0.0,0.0,0.0,0.0,0.0,56.0,13.0,713.0,103.0,199.0,0.518,5.0,37.0,0.135,98.0,162.0,0.605,0.53,29.0,51.0,0.569,67.0,131.0,198.0,49.0,18.0,17.0,42.0,107.0,240.0,0.0,11.9,0.542,0.186,0.256,10.0,20.0,15.0,9.9,1.2,2.0,15.9,15.3,0.4,0.4,0.8,0.055,-3.2,-0.9,-4.1,-0.4,0.0,2020
391,Ryan Broekhoff,10.6,1.3,3.5,0.373,1.2,3.0,0.392,0.1,0.5,0.25,0.542,0.4,0.5,0.875,0.3,2.2,2.5,0.6,0.3,0.2,0.4,0.9,4.2,0.0,0.0,1010.0,0.0,0.0,0.0,0.0,0.0,0.0,0.0,0.0,0.0,0.0,0.0,0.0,0.0,17.0,1.0,180.0,22.0,59.0,0.373,20.0,51.0,0.392,2.0,8.0,0.25,0.542,7.0,8.0,0.875,5.0,38.0,43.0,11.0,5.0,4.0,6.0,15.0,71.0,0.0,13.1,0.568,0.864,0.136,3.0,21.9,12.5,8.3,1.3,1.9,8.8,16.3,0.2,0.2,0.4,0.109,0.5,0.3,0.8,0.1,0.0,2020
392,Iman Shumpert,18.5,1.6,4.9,0.328,0.6,2.5,0.242,1.0,2.4,0.419,0.391,0.3,0.5,0.571,0.7,1.9,2.6,0.9,0.9,0.2,0.8,1.6,4.2,0.0,0.0,1010.0,0.0,0.0,0.0,0.0,0.0,0.0,0.0,0.0,0.0,0.0,0.0,0.0,0.0,13.0,0.0,241.0,21.0,64.0,0.328,8.0,33.0,0.242,13.0,31.0,0.419,0.391,4.0,7.0,0.571,9.0,25.0,34.0,12.0,12.0,2.0,10.0,21.0,54.0,0.0,5.3,0.403,0.516,0.109,3.9,10.5,7.3,6.7,2.4,0.7,13.0,13.4,-0.3,0.3,0.0,-0.005,-6.2,0.7,-5.5,-0.2,0.0,2020
393,Alen Smailagić,9.9,1.4,2.9,0.5,0.2,0.9,0.231,1.2,1.9,0.63,0.538,1.1,1.4,0.842,0.7,1.2,1.9,0.9,0.2,0.3,0.8,1.0,4.2,0.0,0.0,1010.0,0.0,0.0,0.0,0.0,0.0,0.0,0.0,0.0,0.0,0.0,0.0,0.0,0.0,14.0,0.0,139.0,20.0,40.0,0.5,3.0,13.0,0.231,17.0,27.0,0.63,0.538,16.0,19.0,0.842,10.0,17.0,27.0,13.0,3.0,4.0,11.0,14.0,59.0,0.0,14.5,0.61,0.325,0.475,7.5,13.7,10.5,14.3,1.0,2.6,18.5,18.2,0.2,0.1,0.2,0.081,-1.5,-0.7,-2.2,0.0,0.0,2020
394,Elie Okobo,13.1,1.3,3.3,0.398,0.5,1.3,0.352,0.9,2.0,0.427,0.467,0.9,1.3,0.704,0.3,1.3,1.6,2.1,0.4,0.1,0.7,1.0,4.0,0.0,0.0,1010.0,0.0,0.0,0.0,0.0,0.0,0.0,0.0,0.0,0.0,0.0,0.0,0.0,0.0,55.0,3.0,719.0,72.0,181.0,0.398,25.0,71.0,0.352,47.0,110.0,0.427,0.467,50.0,71.0,0.704,16.0,74.0,90.0,115.0,24.0,4.0,38.0,54.0,219.0,0.0,10.6,0.516,0.392,0.392,2.4,11.6,6.9,21.2,1.6,0.5,15.2,14.8,0.5,0.5,1.0,0.067,-1.9,0.0,-1.9,0.0,0.0,2020
395,Cristiano Felício,17.5,1.5,2.5,0.63,0.0,0.1,0.0,1.5,2.4,0.654,0.63,0.8,1.0,0.783,2.5,2.1,4.6,0.7,0.5,0.1,0.8,1.5,3.9,0.0,0.0,1010.0,0.0,0.0,0.0,0.0,0.0,0.0,0.0,0.0,0.0,0.0,0.0,0.0,0.0,22.0,0.0,386.0,34.0,54.0,0.63,0.0,2.0,0.0,34.0,52.0,0.654,0.63,18.0,23.0,0.783,55.0,47.0,102.0,16.0,10.0,2.0,18.0,34.0,86.0,0.0,12.8,0.671,0.037,0.426,15.0,14.1,14.6,5.7,1.2,0.5,21.9,9.1,0.7,0.3,1.0,0.126,-1.4,-1.7,-3.1,-0.1,0.0,2020
396,Terrance Ferguson,22.4,1.4,3.9,0.355,0.9,3.0,0.292,0.5,0.9,0.558,0.466,0.3,0.4,0.75,0.4,0.9,1.3,0.9,0.5,0.3,0.6,2.8,3.9,0.0,0.0,1010.0,0.0,0.0,0.0,0.0,0.0,0.0,0.0,0.0,0.0,0.0,0.0,0.0,0.0,56.0,38.0,1257.0,78.0,220.0,0.355,49.0,168.0,0.292,29.0,52.0,0.558,0.466,15.0,20.0,0.75,23.0,51.0,74.0,51.0,27.0,17.0,31.0,155.0,220.0,0.0,3.7,0.481,0.764,0.091,2.1,4.4,3.3,5.3,1.0,1.2,11.9,9.1,-0.3,0.9,0.6,0.021,-4.8,0.3,-4.5,-0.8,0.0,2020
397,Marko Gudurić,11.0,1.4,3.6,0.395,0.6,1.9,0.301,0.8,1.7,0.5,0.475,0.5,0.6,0.923,0.3,1.3,1.7,1.0,0.3,0.2,0.8,0.8,3.9,0.0,0.0,1010.0,0.0,0.0,0.0,0.0,0.0,0.0,0.0,0.0,0.0,0.0,0.0,0.0,0.0,44.0,0.0,484.0,62.0,157.0,0.395,25.0,83.0,0.301,37.0,74.0,0.5,0.475,24.0,26.0,0.923,14.0,59.0,73.0,45.0,12.0,8.0,36.0,34.0,173.0,0.0,8.8,0.514,0.529,0.166,3.1,12.6,7.9,12.3,1.2,1.4,17.6,17.6,-0.3,0.4,0.1,0.014,-2.7,-0.7,-3.4,-0.2,0.0,2020
398,Gary Payton II,14.9,1.7,4.0,0.414,0.4,1.6,0.283,1.2,2.4,0.5,0.47,0.1,0.3,0.5,0.9,1.9,2.8,1.7,1.1,0.2,0.7,1.9,3.9,0.0,0.0,1010.0,0.0,0.0,0.0,0.0,0.0,0.0,0.0,0.0,0.0,0.0,0.0,0.0,0.0,29.0,17.0,432.0,48.0,116.0,0.414,13.0,46.0,0.283,35.0,70.0,0.5,0.47,4.0,8.0,0.5,26.0,54.0,80.0,48.0,33.0,7.0,20.0,54.0,113.0,0.0,11.3,0.473,0.397,0.069,6.3,14.2,10.1,14.8,3.6,1.4,14.3,13.4,0.0,0.4,0.5,0.051,-3.1,1.5,-1.6,0.0,0.0,2020
399,DaQuan Jeffries,10.8,1.5,3.1,0.5,0.4,1.4,0.278,1.2,1.7,0.682,0.563,0.4,0.5,0.833,0.2,1.2,1.4,0.5,0.3,0.1,0.2,1.5,3.8,0.0,0.0,1010.0,0.0,0.0,0.0,0.0,0.0,0.0,0.0,0.0,0.0,0.0,0.0,0.0,0.0,13.0,0.0,141.0,20.0,40.0,0.5,5.0,18.0,0.278,15.0,22.0,0.682,0.563,5.0,6.0,0.833,3.0,15.0,18.0,7.0,4.0,1.0,2.0,19.0,50.0,0.0,11.2,0.586,0.45,0.15,2.3,12.3,7.2,7.1,1.4,0.7,4.5,13.7,0.2,0.1,0.3,0.1,-2.8,-1.1,-3.8,-0.1,0.0,2020
400,Jaylen Nowell,10.1,1.3,3.5,0.358,0.2,1.7,0.115,1.1,1.8,0.593,0.387,1.1,1.1,0.941,0.2,0.7,0.9,1.3,0.2,0.1,0.2,0.7,3.8,0.0,0.0,1010.0,0.0,0.0,0.0,0.0,0.0,0.0,0.0,0.0,0.0,0.0,0.0,0.0,0.0,15.0,0.0,151.0,19.0,53.0,0.358,3.0,26.0,0.115,16.0,27.0,0.593,0.387,16.0,17.0,0.941,3.0,10.0,13.0,19.0,3.0,1.0,3.0,11.0,57.0,0.0,10.5,0.471,0.491,0.321,2.0,7.3,4.5,17.8,0.9,0.6,4.7,17.3,0.1,0.0,0.2,0.051,-2.9,-0.8,-3.8,-0.1,0.0,2020
401,Noah Vonleh,10.5,1.4,2.6,0.565,0.1,0.4,0.2,1.4,2.1,0.636,0.582,0.7,0.9,0.781,1.0,2.4,3.4,0.8,0.3,0.2,0.6,1.1,3.7,0.0,0.0,1010.0,0.0,0.0,0.0,0.0,0.0,0.0,0.0,0.0,0.0,0.0,0.0,0.0,0.0,36.0,1.0,377.0,52.0,92.0,0.565,3.0,15.0,0.2,49.0,77.0,0.636,0.582,25.0,32.0,0.781,37.0,87.0,124.0,28.0,11.0,6.0,21.0,40.0,132.0,0.0,15.5,0.622,0.163,0.348,10.1,25.3,17.4,10.7,1.4,1.3,16.5,13.9,0.6,0.4,1.0,0.127,-1.2,0.3,-1.0,0.1,0.0,2020
402,Gary Clark,13.5,1.3,3.2,0.406,0.9,2.6,0.351,0.4,0.5,0.682,0.553,0.2,0.2,0.9,0.9,1.7,2.6,0.4,0.1,0.5,0.2,1.1,3.7,0.0,0.0,1010.0,0.0,0.0,0.0,0.0,0.0,0.0,0.0,0.0,0.0,0.0,0.0,0.0,0.0,42.0,5.0,567.0,54.0,133.0,0.406,39.0,111.0,0.351,15.0,22.0,0.682,0.553,9.0,10.0,0.9,37.0,73.0,110.0,17.0,6.0,22.0,10.0,46.0,156.0,0.0,10.7,0.568,0.835,0.075,6.8,14.0,10.3,4.1,0.5,3.4,6.8,11.0,0.7,0.5,1.2,0.1,-0.9,-0.9,-1.9,0.0,0.0,2020
403,DeMarre Carroll,12.1,1.0,2.8,0.379,0.3,1.4,0.242,0.7,1.4,0.515,0.439,1.2,1.8,0.69,0.5,1.8,2.3,1.0,0.3,0.2,0.7,1.3,3.6,0.0,0.0,1010.0,0.0,0.0,0.0,0.0,0.0,0.0,0.0,0.0,0.0,0.0,0.0,0.0,0.0,24.0,0.0,290.0,25.0,66.0,0.379,8.0,33.0,0.242,17.0,33.0,0.515,0.439,29.0,42.0,0.69,12.0,43.0,55.0,25.0,8.0,5.0,17.0,32.0,87.0,0.0,9.1,0.515,0.5,0.636,4.4,15.8,10.1,11.2,1.3,1.5,16.8,14.8,0.0,0.2,0.3,0.045,-3.1,-0.7,-3.9,-0.1,0.0,2020
404,Anthony Tolliver,15.9,1.2,3.3,0.357,0.9,2.6,0.338,0.3,0.7,0.432,0.492,0.4,0.5,0.724,0.6,2.2,2.8,0.8,0.3,0.2,0.6,1.3,3.6,0.0,0.0,1010.0,0.0,0.0,0.0,0.0,0.0,0.0,0.0,0.0,0.0,0.0,0.0,0.0,0.0,55.0,13.0,872.0,65.0,182.0,0.357,49.0,145.0,0.338,16.0,37.0,0.432,0.492,21.0,29.0,0.724,34.0,120.0,154.0,42.0,19.0,11.0,34.0,74.0,200.0,0.0,7.0,0.513,0.797,0.159,4.1,14.3,9.3,6.0,1.0,1.1,14.9,11.1,0.0,0.4,0.5,0.026,-2.7,-0.5,-3.2,-0.3,0.0,2020
405,Nicolas Batum,23.0,1.3,3.7,0.346,0.6,2.2,0.286,0.6,1.5,0.438,0.432,0.4,0.5,0.9,1.1,3.4,4.5,3.0,0.8,0.4,1.0,1.9,3.6,0.0,0.0,1010.0,0.0,0.0,0.0,0.0,0.0,0.0,0.0,0.0,0.0,0.0,0.0,0.0,0.0,22.0,3.0,505.0,28.0,81.0,0.346,14.0,49.0,0.286,14.0,32.0,0.438,0.432,9.0,10.0,0.9,25.0,75.0,100.0,66.0,17.0,8.0,22.0,41.0,79.0,0.0,9.2,0.463,0.605,0.123,5.2,16.8,10.8,18.3,1.7,1.5,20.5,9.4,0.2,0.4,0.6,0.055,-2.8,0.9,-1.9,0.0,0.0,2020
406,Tim Frazier,13.1,1.3,3.5,0.362,0.4,1.1,0.333,0.9,2.4,0.375,0.415,0.7,0.9,0.792,0.3,0.9,1.2,3.4,0.5,0.1,1.3,1.6,3.6,0.0,0.0,1010.0,0.0,0.0,0.0,0.0,0.0,0.0,0.0,0.0,0.0,0.0,0.0,0.0,0.0,27.0,11.0,355.0,34.0,94.0,0.362,10.0,30.0,0.333,24.0,64.0,0.375,0.415,19.0,24.0,0.792,9.0,24.0,33.0,93.0,14.0,4.0,36.0,42.0,97.0,0.0,9.8,0.464,0.319,0.255,2.8,7.8,5.3,36.5,1.9,0.9,25.6,17.3,-0.1,0.2,0.1,0.016,-3.0,-1.6,-4.6,-0.2,0.0,2020
407,Nassir Little,11.9,1.4,3.1,0.43,0.3,1.2,0.237,1.1,1.9,0.554,0.477,0.6,0.9,0.636,0.6,1.6,2.3,0.5,0.3,0.3,0.3,1.5,3.6,0.0,0.0,1010.0,0.0,0.0,0.0,0.0,0.0,0.0,0.0,0.0,0.0,0.0,0.0,0.0,0.0,48.0,5.0,573.0,65.0,151.0,0.43,14.0,59.0,0.237,51.0,92.0,0.554,0.477,28.0,44.0,0.636,31.0,77.0,108.0,22.0,13.0,14.0,15.0,72.0,172.0,0.0,9.6,0.505,0.391,0.291,5.7,13.9,9.9,5.0,1.1,2.1,8.1,13.7,0.3,0.3,0.6,0.047,-2.9,-0.6,-3.5,-0.2,0.0,2020
408,Theo Pinson,11.1,1.4,4.7,0.29,0.5,2.4,0.188,0.9,2.3,0.4,0.339,0.5,0.5,0.938,0.3,1.3,1.6,1.7,0.5,0.1,1.0,1.1,3.6,0.0,0.0,1010.0,0.0,0.0,0.0,0.0,0.0,0.0,0.0,0.0,0.0,0.0,0.0,0.0,0.0,33.0,0.0,365.0,45.0,155.0,0.29,15.0,80.0,0.188,30.0,75.0,0.4,0.339,15.0,16.0,0.938,10.0,44.0,54.0,56.0,17.0,4.0,33.0,35.0,120.0,0.0,5.2,0.37,0.516,0.103,2.9,12.2,7.7,21.7,2.2,0.9,16.9,22.3,-1.0,0.4,-0.6,-0.078,-6.8,-0.2,-7.0,-0.5,0.0,2020
409,Tremont Waters,10.8,1.3,4.5,0.286,0.4,2.2,0.167,0.9,2.3,0.4,0.327,0.7,0.7,1.0,0.0,1.1,1.1,1.5,0.9,0.2,1.4,1.2,3.6,0.0,0.0,1010.0,0.0,0.0,0.0,0.0,0.0,0.0,0.0,0.0,0.0,0.0,0.0,0.0,0.0,11.0,1.0,119.0,14.0,49.0,0.286,4.0,24.0,0.167,10.0,25.0,0.4,0.327,8.0,8.0,1.0,0.0,12.0,12.0,16.0,10.0,2.0,15.0,13.0,40.0,0.0,4.3,0.381,0.49,0.163,0.0,10.7,5.4,18.3,4.1,1.6,22.2,24.2,-0.5,0.2,-0.3,-0.103,-8.5,1.0,-7.5,-0.2,0.0,2020
410,D.J. Wilson,9.8,1.4,3.6,0.394,0.5,2.0,0.247,0.9,1.6,0.576,0.462,0.3,0.5,0.611,0.3,2.2,2.5,0.7,0.1,0.1,0.5,0.9,3.6,0.0,0.0,1010.0,0.0,0.0,0.0,0.0,0.0,0.0,0.0,0.0,0.0,0.0,0.0,0.0,0.0,37.0,1.0,363.0,52.0,132.0,0.394,18.0,73.0,0.247,34.0,59.0,0.576,0.462,11.0,18.0,0.611,12.0,80.0,92.0,25.0,3.0,5.0,19.0,33.0,133.0,0.0,8.2,0.475,0.553,0.136,3.5,20.5,12.5,9.1,0.4,1.2,12.0,18.1,-0.3,0.6,0.3,0.046,-4.1,0.0,-4.0,-0.2,0.0,2020
411,Mfiondu Kabengele,5.3,1.2,2.7,0.438,0.8,1.7,0.45,0.4,1.0,0.417,0.578,0.4,0.4,1.0,0.1,0.8,0.9,0.2,0.2,0.2,0.2,0.8,3.5,0.0,0.0,1010.0,0.0,0.0,0.0,0.0,0.0,0.0,0.0,0.0,0.0,0.0,0.0,0.0,0.0,12.0,0.0,64.0,14.0,32.0,0.438,9.0,20.0,0.45,5.0,12.0,0.417,0.578,5.0,5.0,1.0,1.0,10.0,11.0,2.0,2.0,2.0,2.0,9.0,42.0,0.0,18.2,0.614,0.625,0.156,1.7,15.8,8.9,4.9,1.5,2.8,5.5,23.7,0.1,0.1,0.2,0.173,2.3,-0.1,2.2,0.1,0.0,2020
412,Kyle O'Quinn,10.8,1.4,2.9,0.494,0.2,0.9,0.259,1.2,2.0,0.603,0.535,0.4,0.7,0.55,1.2,2.8,4.0,1.8,0.2,0.8,0.7,1.3,3.5,0.0,0.0,1010.0,0.0,0.0,0.0,0.0,0.0,0.0,0.0,0.0,0.0,0.0,0.0,0.0,0.0,29.0,2.0,313.0,42.0,85.0,0.494,7.0,27.0,0.259,35.0,58.0,0.603,0.535,11.0,20.0,0.55,34.0,82.0,116.0,51.0,7.0,24.0,20.0,37.0,102.0,0.0,18.6,0.544,0.318,0.235,12.0,29.0,20.5,22.7,1.1,6.5,17.6,15.7,0.5,0.6,1.1,0.165,0.3,2.7,3.0,0.4,0.0,2020
413,Miye Oni,10.9,1.2,3.2,0.375,0.7,1.9,0.368,0.5,1.3,0.385,0.484,0.4,0.5,0.8,0.5,1.2,1.7,0.4,0.4,0.2,0.4,0.9,3.5,0.0,0.0,1010.0,0.0,0.0,0.0,0.0,0.0,0.0,0.0,0.0,0.0,0.0,0.0,0.0,0.0,10.0,1.0,109.0,12.0,32.0,0.375,7.0,19.0,0.368,5.0,13.0,0.385,0.484,4.0,5.0,0.8,5.0,12.0,17.0,4.0,4.0,2.0,4.0,9.0,35.0,0.0,9.7,0.512,0.594,0.156,5.2,11.7,8.6,5.1,1.8,1.5,10.5,15.3,0.0,0.1,0.1,0.063,-3.1,-1.1,-4.3,-0.1,0.0,2020
414,Kenrich Williams,21.3,1.3,3.8,0.347,0.6,2.5,0.258,0.7,1.3,0.52,0.432,0.2,0.7,0.346,1.3,3.5,4.8,1.5,0.7,0.5,0.6,2.3,3.5,0.0,0.0,1010.0,0.0,0.0,0.0,0.0,0.0,0.0,0.0,0.0,0.0,0.0,0.0,0.0,0.0,39.0,18.0,832.0,51.0,147.0,0.347,25.0,97.0,0.258,26.0,50.0,0.52,0.432,9.0,26.0,0.346,51.0,135.0,186.0,57.0,27.0,21.0,22.0,88.0,136.0,0.0,7.5,0.429,0.66,0.177,6.5,17.3,11.9,8.4,1.5,2.1,12.2,8.9,0.1,0.8,0.9,0.05,-3.4,0.9,-2.4,-0.1,0.0,2020
415,Javonte Green,9.8,1.3,2.6,0.5,0.2,0.7,0.273,1.1,1.9,0.581,0.536,0.6,0.9,0.667,0.5,1.4,1.9,0.5,0.5,0.2,0.5,0.9,3.4,0.0,0.0,1010.0,0.0,0.0,0.0,0.0,0.0,0.0,0.0,0.0,0.0,0.0,0.0,0.0,0.0,48.0,2.0,468.0,63.0,126.0,0.5,9.0,33.0,0.273,54.0,93.0,0.581,0.536,28.0,42.0,0.667,24.0,69.0,93.0,26.0,24.0,8.0,23.0,43.0,163.0,0.0,13.1,0.564,0.262,0.333,5.6,15.6,10.6,7.7,2.5,1.6,13.7,15.3,0.4,0.8,1.1,0.113,-2.1,1.4,-0.7,0.2,0.0,2020
416,Kevon Looney,13.1,1.5,4.0,0.367,0.1,0.7,0.071,1.4,3.3,0.431,0.373,0.5,0.6,0.75,1.4,1.9,3.3,1.0,0.6,0.3,0.6,1.7,3.4,0.0,0.0,1010.0,0.0,0.0,0.0,0.0,0.0,0.0,0.0,0.0,0.0,0.0,0.0,0.0,0.0,20.0,4.0,262.0,29.0,79.0,0.367,1.0,14.0,0.071,28.0,65.0,0.431,0.373,9.0,12.0,0.75,28.0,38.0,66.0,20.0,12.0,6.0,12.0,34.0,68.0,0.0,9.4,0.403,0.177,0.152,11.2,16.3,13.6,11.1,2.2,2.1,12.5,15.7,-0.2,0.2,0.0,0.006,-4.8,-0.8,-5.6,-0.2,0.0,2020
417,Semi Ojeleye,14.7,1.2,2.8,0.408,0.7,1.8,0.378,0.5,1.0,0.464,0.531,0.4,0.5,0.875,0.4,1.7,2.1,0.5,0.3,0.1,0.3,1.2,3.4,0.0,0.0,1010.0,0.0,0.0,0.0,0.0,0.0,0.0,0.0,0.0,0.0,0.0,0.0,0.0,0.0,69.0,6.0,1011.0,80.0,196.0,0.408,48.0,127.0,0.378,32.0,69.0,0.464,0.531,28.0,32.0,0.875,26.0,119.0,145.0,37.0,21.0,5.0,19.0,80.0,236.0,0.0,7.7,0.562,0.648,0.163,2.8,12.5,7.7,4.7,1.0,0.5,8.3,9.7,0.8,1.0,1.9,0.088,-2.1,0.4,-1.7,0.1,0.0,2020
418,Lance Thomas,14.0,1.1,3.3,0.348,0.6,1.9,0.308,0.6,1.4,0.4,0.435,0.6,0.6,1.0,0.3,1.6,1.9,0.9,0.0,0.0,0.9,1.6,3.4,0.0,0.0,1010.0,0.0,0.0,0.0,0.0,0.0,0.0,0.0,0.0,0.0,0.0,0.0,0.0,0.0,7.0,4.0,98.0,8.0,23.0,0.348,4.0,13.0,0.308,4.0,10.0,0.4,0.435,4.0,4.0,1.0,2.0,11.0,13.0,6.0,0.0,0.0,6.0,11.0,24.0,0.0,3.0,0.485,0.565,0.174,2.2,11.4,6.9,8.2,0.0,0.0,19.5,13.1,-0.1,0.1,0.0,-0.015,-5.7,-2.5,-8.2,-0.2,0.0,2020
419,Grant Williams,15.1,1.3,3.1,0.412,0.3,1.4,0.25,0.9,1.7,0.548,0.469,0.6,0.8,0.722,0.9,1.7,2.6,1.0,0.4,0.5,0.7,2.4,3.4,0.0,0.0,1010.0,0.0,0.0,0.0,0.0,0.0,0.0,0.0,0.0,0.0,0.0,0.0,0.0,0.0,69.0,5.0,1043.0,87.0,211.0,0.412,24.0,96.0,0.25,63.0,115.0,0.548,0.469,39.0,54.0,0.722,59.0,119.0,178.0,68.0,30.0,36.0,50.0,163.0,237.0,0.0,7.9,0.505,0.455,0.256,6.1,12.1,9.1,8.5,1.4,3.2,17.6,11.6,0.1,1.4,1.6,0.071,-4.1,1.4,-2.7,-0.2,0.0,2020
420,Carsen Edwards,9.5,1.1,3.5,0.328,0.6,2.1,0.316,0.5,1.4,0.346,0.422,0.4,0.5,0.684,0.2,1.1,1.3,0.6,0.3,0.1,0.4,0.9,3.3,0.0,0.0,1010.0,0.0,0.0,0.0,0.0,0.0,0.0,0.0,0.0,0.0,0.0,0.0,0.0,0.0,37.0,0.0,351.0,42.0,128.0,0.328,24.0,76.0,0.316,18.0,52.0,0.346,0.422,13.0,19.0,0.684,6.0,41.0,47.0,24.0,12.0,4.0,15.0,34.0,121.0,0.0,6.9,0.444,0.594,0.148,1.9,12.4,7.2,9.3,1.7,1.1,9.9,18.4,-0.3,0.4,0.1,0.014,-4.4,-0.2,-4.6,-0.2,0.0,2020
421,Tacko Fall,4.7,1.6,2.0,0.786,0.0,0.0,0.0,1.6,2.0,0.786,0.786,0.1,0.4,0.333,0.1,2.0,2.1,0.1,0.1,0.6,0.4,1.0,3.3,0.0,0.0,1010.0,0.0,0.0,0.0,0.0,0.0,0.0,0.0,0.0,0.0,0.0,0.0,0.0,0.0,7.0,0.0,33.0,11.0,14.0,0.786,0.0,0.0,0.0,11.0,14.0,0.786,0.786,1.0,3.0,0.333,1.0,14.0,15.0,1.0,1.0,4.0,3.0,7.0,23.0,0.0,28.4,0.751,0.0,0.214,3.3,44.9,24.3,5.8,1.5,11.2,16.4,23.7,0.1,0.1,0.2,0.223,0.4,6.0,6.5,0.1,0.0,2020
422,Ty Jerome,10.6,1.2,3.6,0.336,0.5,1.6,0.28,0.8,2.0,0.381,0.398,0.4,0.5,0.75,0.2,1.3,1.5,1.4,0.5,0.1,0.6,0.9,3.3,0.0,0.0,1010.0,0.0,0.0,0.0,0.0,0.0,0.0,0.0,0.0,0.0,0.0,0.0,0.0,0.0,31.0,0.0,328.0,38.0,113.0,0.336,14.0,50.0,0.28,24.0,63.0,0.381,0.398,12.0,16.0,0.75,7.0,39.0,46.0,44.0,15.0,3.0,18.0,29.0,102.0,0.0,7.9,0.425,0.442,0.142,2.3,13.4,7.8,18.2,2.2,0.8,13.0,17.9,-0.3,0.3,0.0,-0.003,-3.9,0.1,-3.7,-0.1,0.0,2020
423,Rodney McGruder,15.6,1.3,3.2,0.398,0.4,1.6,0.27,0.9,1.6,0.522,0.464,0.3,0.6,0.559,0.5,2.2,2.7,0.6,0.5,0.1,0.4,1.3,3.3,0.0,0.0,1010.0,0.0,0.0,0.0,0.0,0.0,0.0,0.0,0.0,0.0,0.0,0.0,0.0,0.0,56.0,4.0,871.0,72.0,181.0,0.398,24.0,89.0,0.27,48.0,92.0,0.522,0.464,19.0,34.0,0.559,29.0,122.0,151.0,36.0,26.0,8.0,24.0,74.0,187.0,0.0,6.7,0.477,0.492,0.188,3.6,14.2,9.0,5.3,1.4,0.8,10.9,10.6,-0.1,1.1,1.0,0.055,-3.7,0.8,-3.0,-0.2,0.0,2020
424,Evan Turner,13.2,1.3,3.5,0.373,0.0,0.3,0.0,1.3,3.3,0.403,0.373,0.6,0.7,0.857,0.4,1.6,2.0,2.0,0.5,0.4,1.4,1.1,3.3,0.0,0.0,1010.0,0.0,0.0,0.0,0.0,0.0,0.0,0.0,0.0,0.0,0.0,0.0,0.0,0.0,19.0,0.0,251.0,25.0,67.0,0.373,0.0,5.0,0.0,25.0,62.0,0.403,0.373,12.0,14.0,0.857,8.0,30.0,38.0,38.0,9.0,8.0,26.0,20.0,62.0,0.0,6.8,0.424,0.075,0.209,3.4,13.0,8.2,20.6,1.7,2.7,26.2,16.4,-0.5,0.1,-0.3,-0.064,-4.9,-0.7,-5.5,-0.2,0.0,2020
425,Jordan Bell,8.8,1.2,2.3,0.522,0.1,0.4,0.333,1.1,1.9,0.564,0.552,0.7,1.1,0.613,1.0,1.8,2.8,0.6,0.1,0.3,0.7,0.7,3.2,0.0,0.0,1010.0,0.0,0.0,0.0,0.0,0.0,0.0,0.0,0.0,0.0,0.0,0.0,0.0,0.0,29.0,0.0,256.0,35.0,67.0,0.522,4.0,12.0,0.333,31.0,55.0,0.564,0.552,19.0,31.0,0.613,30.0,51.0,81.0,16.0,3.0,10.0,21.0,19.0,93.0,0.0,13.9,0.577,0.179,0.463,12.0,21.8,16.7,8.9,0.5,3.2,20.7,16.4,0.2,0.2,0.4,0.07,-1.4,-1.1,-2.5,0.0,0.0,2020
426,Goga Bitadze,8.7,1.3,2.8,0.467,0.1,0.8,0.19,1.1,2.0,0.574,0.493,0.4,0.6,0.727,0.5,1.5,2.0,0.4,0.2,0.7,0.5,1.2,3.2,0.0,0.0,1010.0,0.0,0.0,0.0,0.0,0.0,0.0,0.0,0.0,0.0,0.0,0.0,0.0,0.0,54.0,2.0,471.0,70.0,150.0,0.467,8.0,42.0,0.19,62.0,108.0,0.574,0.493,24.0,33.0,0.727,25.0,81.0,106.0,23.0,10.0,37.0,28.0,65.0,172.0,0.0,12.1,0.523,0.28,0.22,5.9,18.7,12.3,6.7,1.0,6.9,14.5,17.9,-0.1,0.8,0.7,0.067,-4.1,1.8,-2.3,0.0,0.0,2020
427,Amir Coffey,8.8,1.3,3.0,0.426,0.3,1.1,0.316,0.9,1.9,0.486,0.481,0.3,0.6,0.545,0.2,0.7,0.9,0.8,0.3,0.1,0.4,1.1,3.2,0.0,0.0,1010.0,0.0,0.0,0.0,0.0,0.0,0.0,0.0,0.0,0.0,0.0,0.0,0.0,0.0,18.0,1.0,159.0,23.0,54.0,0.426,6.0,19.0,0.316,17.0,35.0,0.486,0.481,6.0,11.0,0.545,4.0,12.0,16.0,14.0,5.0,2.0,8.0,20.0,58.0,0.0,8.5,0.493,0.352,0.204,2.7,7.6,5.2,12.3,1.5,1.1,12.0,17.6,0.0,0.2,0.1,0.041,-4.3,0.1,-4.1,-0.1,0.0,2020
428,Chimezie Metu,5.8,1.3,2.3,0.571,0.0,0.1,0.0,1.3,2.2,0.6,0.571,0.6,0.7,0.769,0.7,1.2,1.8,0.6,0.2,0.3,0.6,0.4,3.2,0.0,0.0,1010.0,0.0,0.0,0.0,0.0,0.0,0.0,0.0,0.0,0.0,0.0,0.0,0.0,0.0,18.0,0.0,105.0,24.0,42.0,0.571,0.0,2.0,0.0,24.0,40.0,0.6,0.571,10.0,13.0,0.769,12.0,21.0,33.0,10.0,3.0,6.0,10.0,7.0,58.0,0.0,22.2,0.608,0.048,0.31,12.3,21.6,16.9,14.9,1.4,5.0,17.3,23.7,0.2,0.1,0.3,0.13,1.7,-0.1,1.7,0.1,0.0,2020
429,Paul Watson,8.7,1.0,2.6,0.385,0.4,1.2,0.333,0.6,1.4,0.429,0.462,0.7,0.9,0.778,0.2,1.5,1.7,0.8,0.4,0.1,0.3,0.5,3.1,0.0,0.0,1010.0,0.0,0.0,0.0,0.0,0.0,0.0,0.0,0.0,0.0,0.0,0.0,0.0,0.0,10.0,0.0,87.0,10.0,26.0,0.385,4.0,12.0,0.333,6.0,14.0,0.429,0.462,7.0,9.0,0.778,2.0,15.0,17.0,8.0,4.0,1.0,3.0,5.0,31.0,0.0,12.6,0.517,0.462,0.346,2.5,17.9,10.3,12.4,2.2,1.1,9.1,16.1,0.0,0.1,0.2,0.097,-1.1,0.9,-0.2,0.0,0.0,2020
430,Matthew Dellavedova,14.4,1.1,3.1,0.354,0.4,1.6,0.231,0.7,1.5,0.488,0.414,0.6,0.6,0.865,0.3,1.0,1.3,3.2,0.4,0.0,1.0,1.4,3.1,0.0,0.0,1010.0,0.0,0.0,0.0,0.0,0.0,0.0,0.0,0.0,0.0,0.0,0.0,0.0,0.0,57.0,4.0,821.0,62.0,175.0,0.354,21.0,91.0,0.231,41.0,84.0,0.488,0.414,32.0,37.0,0.865,18.0,57.0,75.0,180.0,20.0,2.0,59.0,78.0,177.0,0.0,8.1,0.463,0.52,0.211,2.4,7.8,5.1,29.0,1.2,0.2,23.6,13.0,0.1,0.1,0.2,0.011,-3.6,-1.6,-5.2,-0.7,0.0,2020
431,Rayjon Tucker,8.1,1.0,2.2,0.465,0.2,0.9,0.176,0.9,1.3,0.654,0.5,1.0,1.2,0.826,0.2,0.9,1.0,0.3,0.1,0.1,0.4,0.5,3.1,0.0,0.0,1010.0,0.0,0.0,0.0,0.0,0.0,0.0,0.0,0.0,0.0,0.0,0.0,0.0,0.0,20.0,0.0,161.0,20.0,43.0,0.465,3.0,17.0,0.176,17.0,26.0,0.654,0.5,19.0,23.0,0.826,3.0,17.0,20.0,5.0,1.0,1.0,8.0,10.0,62.0,0.0,9.7,0.584,0.395,0.535,2.1,11.2,6.8,4.4,0.3,0.5,13.1,16.6,0.1,0.1,0.2,0.063,-3.8,-2.2,-6.1,-0.2,0.0,2020
432,Bruno Caboclo,8.1,1.3,3.0,0.427,0.2,1.1,0.182,1.1,1.9,0.571,0.461,0.3,0.3,0.889,0.8,1.2,2.0,0.4,0.5,0.6,0.4,1.0,3.0,0.0,0.0,1010.0,0.0,0.0,0.0,0.0,0.0,0.0,0.0,0.0,0.0,0.0,0.0,0.0,0.0,30.0,0.0,244.0,38.0,89.0,0.427,6.0,33.0,0.182,32.0,56.0,0.571,0.461,8.0,9.0,0.889,23.0,37.0,60.0,12.0,15.0,17.0,13.0,31.0,90.0,0.0,14.1,0.484,0.371,0.101,10.0,15.8,12.9,6.8,2.9,6.1,12.3,18.0,0.0,0.4,0.4,0.076,-3.0,0.9,-2.1,0.0,0.0,2020
433,Zylan Cheatham,12.8,1.5,2.3,0.667,0.0,0.3,0.0,1.5,2.0,0.75,0.667,0.0,0.0,0.0,0.8,1.5,2.3,0.8,0.3,0.3,1.0,2.5,3.0,0.0,0.0,1010.0,0.0,0.0,0.0,0.0,0.0,0.0,0.0,0.0,0.0,0.0,0.0,0.0,0.0,4.0,0.0,51.0,6.0,9.0,0.667,0.0,1.0,0.0,6.0,8.0,0.75,0.667,0.0,0.0,0.0,3.0,6.0,9.0,3.0,1.0,1.0,4.0,10.0,12.0,0.0,6.7,0.667,0.111,0.0,6.2,12.5,9.4,7.7,0.9,1.6,30.8,10.4,0.0,0.0,0.0,0.034,-6.6,-0.5,-7.2,-0.1,0.0,2020
434,Udonis Haslem,11.0,1.0,2.8,0.364,0.3,0.8,0.333,0.8,2.0,0.375,0.409,0.8,1.0,0.75,0.3,3.8,4.0,0.3,0.0,0.0,0.3,1.5,3.0,0.0,0.0,1010.0,0.0,0.0,0.0,0.0,0.0,0.0,0.0,0.0,0.0,0.0,0.0,0.0,0.0,4.0,1.0,44.0,4.0,11.0,0.364,1.0,3.0,0.333,3.0,8.0,0.375,0.409,3.0,4.0,0.75,1.0,15.0,16.0,1.0,0.0,0.0,1.0,6.0,12.0,0.0,6.5,0.47,0.273,0.364,2.6,36.7,20.3,3.2,0.0,0.0,7.3,13.8,0.0,0.1,0.0,0.041,-5.8,-1.6,-7.4,-0.1,0.0,2020
435,B.J. Johnson,8.3,0.9,3.2,0.281,0.3,0.9,0.333,0.6,2.3,0.261,0.328,0.9,1.0,0.9,0.3,1.2,1.5,0.3,0.3,0.0,0.6,0.3,3.0,0.0,0.0,1010.0,0.0,0.0,0.0,0.0,0.0,0.0,0.0,0.0,0.0,0.0,0.0,0.0,0.0,10.0,0.0,83.0,9.0,32.0,0.281,3.0,9.0,0.333,6.0,23.0,0.261,0.328,9.0,10.0,0.9,3.0,12.0,15.0,3.0,3.0,0.0,6.0,3.0,30.0,0.0,5.4,0.412,0.281,0.313,3.8,16.1,9.7,5.1,1.8,0.0,14.2,22.1,-0.2,0.1,-0.1,-0.074,-5.8,-3.2,-9.0,-0.1,0.0,2020
436,T.J. Leaf,7.9,1.3,3.1,0.419,0.2,0.6,0.278,1.1,2.4,0.456,0.448,0.3,0.6,0.438,0.8,1.7,2.5,0.3,0.4,0.1,0.3,0.8,3.0,0.0,0.0,1010.0,0.0,0.0,0.0,0.0,0.0,0.0,0.0,0.0,0.0,0.0,0.0,0.0,0.0,28.0,1.0,222.0,36.0,86.0,0.419,5.0,18.0,0.278,31.0,68.0,0.456,0.448,7.0,16.0,0.438,23.0,48.0,71.0,9.0,10.0,4.0,8.0,22.0,84.0,0.0,12.9,0.451,0.209,0.186,11.5,23.5,17.5,5.7,2.2,1.6,7.9,20.0,-0.1,0.4,0.3,0.061,-2.5,0.1,-2.4,0.0,0.0,2020
437,Admiral Schofield,11.2,1.1,2.8,0.38,0.6,1.8,0.311,0.5,0.9,0.516,0.484,0.3,0.5,0.667,0.2,1.2,1.4,0.5,0.2,0.1,0.2,1.5,3.0,0.0,0.0,1010.0,0.0,0.0,0.0,0.0,0.0,0.0,0.0,0.0,0.0,0.0,0.0,0.0,0.0,33.0,2.0,368.0,35.0,92.0,0.38,19.0,61.0,0.311,16.0,31.0,0.516,0.484,10.0,15.0,0.667,7.0,40.0,47.0,15.0,8.0,4.0,7.0,50.0,99.0,0.0,6.1,0.502,0.663,0.163,2.0,12.4,7.0,5.3,1.0,0.9,6.6,11.9,0.1,0.1,0.1,0.017,-4.3,-1.2,-5.5,-0.3,0.0,2020
438,Chris Silva,7.9,1.1,1.8,0.615,0.0,0.1,0.0,1.1,1.7,0.64,0.615,0.8,1.3,0.673,1.4,1.5,2.9,0.5,0.2,0.5,0.7,1.9,3.0,0.0,0.0,1010.0,0.0,0.0,0.0,0.0,0.0,0.0,0.0,0.0,0.0,0.0,0.0,0.0,0.0,44.0,0.0,346.0,48.0,78.0,0.615,0.0,3.0,0.0,48.0,75.0,0.64,0.615,37.0,55.0,0.673,60.0,66.0,126.0,23.0,9.0,21.0,32.0,85.0,133.0,0.0,17.3,0.651,0.038,0.705,20.2,20.6,20.4,9.9,1.3,6.0,23.8,17.1,0.7,0.5,1.3,0.178,-3.1,0.8,-2.3,0.0,0.0,2020
439,Johnathan Williams,12.0,1.3,2.3,0.559,0.0,0.1,0.0,1.3,2.1,0.594,0.559,0.5,0.9,0.538,1.6,2.7,4.3,0.5,0.1,0.5,0.3,1.1,3.0,0.0,0.0,1010.0,0.0,0.0,0.0,0.0,0.0,0.0,0.0,0.0,0.0,0.0,0.0,0.0,0.0,15.0,6.0,180.0,19.0,34.0,0.559,0.0,2.0,0.0,19.0,32.0,0.594,0.559,7.0,13.0,0.538,24.0,40.0,64.0,8.0,1.0,8.0,5.0,16.0,45.0,0.0,14.0,0.566,0.059,0.382,14.0,25.3,19.4,5.9,0.3,3.9,11.2,10.3,0.3,0.1,0.4,0.109,-0.8,-1.3,-2.0,0.0,0.0,2020
440,Jaylen Hoard,7.9,1.2,2.5,0.469,0.0,0.2,0.0,1.2,2.2,0.517,0.469,0.6,1.0,0.615,1.1,1.4,2.5,0.3,0.4,0.0,0.3,0.9,2.9,0.0,0.0,1010.0,0.0,0.0,0.0,0.0,0.0,0.0,0.0,0.0,0.0,0.0,0.0,0.0,0.0,13.0,0.0,103.0,15.0,32.0,0.469,0.0,3.0,0.0,15.0,29.0,0.517,0.469,8.0,13.0,0.615,14.0,18.0,32.0,4.0,5.0,0.0,4.0,12.0,38.0,0.0,14.9,0.504,0.094,0.406,14.4,18.1,16.2,5.3,2.3,0.0,9.6,17.2,0.1,0.1,0.2,0.093,-0.8,-1.3,-2.1,0.0,0.0,2020
441,Adam Mokoka,10.2,1.1,2.5,0.429,0.5,1.4,0.4,0.5,1.2,0.462,0.536,0.2,0.4,0.5,0.6,0.3,0.9,0.4,0.4,0.0,0.2,1.5,2.9,0.0,0.0,1010.0,0.0,0.0,0.0,0.0,0.0,0.0,0.0,0.0,0.0,0.0,0.0,0.0,0.0,11.0,0.0,112.0,12.0,28.0,0.429,6.0,15.0,0.4,6.0,13.0,0.462,0.536,2.0,4.0,0.5,7.0,3.0,10.0,4.0,4.0,0.0,2.0,17.0,32.0,0.0,8.2,0.538,0.536,0.143,6.6,3.1,4.9,5.0,1.7,0.0,6.3,12.1,0.1,0.1,0.2,0.073,-2.9,-1.2,-4.1,-0.1,0.0,2020
442,Andre Roberson,12.4,1.1,4.1,0.276,0.4,2.0,0.214,0.7,2.1,0.333,0.328,0.1,0.3,0.5,1.0,2.9,3.9,0.6,0.1,0.4,0.3,1.9,2.9,0.0,0.0,1010.0,0.0,0.0,0.0,0.0,0.0,0.0,0.0,0.0,0.0,0.0,0.0,0.0,0.0,7.0,0.0,87.0,8.0,29.0,0.276,3.0,14.0,0.214,5.0,15.0,0.333,0.328,1.0,2.0,0.5,7.0,20.0,27.0,4.0,1.0,3.0,2.0,13.0,20.0,0.0,5.4,0.335,0.483,0.069,9.2,24.7,17.1,6.3,0.6,3.0,6.3,16.1,-0.1,0.1,0.0,-0.017,-5.2,-0.2,-5.4,-0.1,0.0,2020
443,Tyrone Wallace,11.4,1.0,3.1,0.318,0.1,1.1,0.067,0.9,2.1,0.448,0.33,0.8,1.2,0.647,0.2,1.4,1.6,0.9,0.5,0.1,0.7,1.4,2.9,0.0,0.0,1010.0,0.0,0.0,0.0,0.0,0.0,0.0,0.0,0.0,0.0,0.0,0.0,0.0,0.0,14.0,0.0,160.0,14.0,44.0,0.318,1.0,15.0,0.067,13.0,29.0,0.448,0.33,11.0,17.0,0.647,3.0,19.0,22.0,13.0,7.0,1.0,10.0,19.0,40.0,0.0,3.9,0.389,0.341,0.386,2.0,13.0,7.4,10.9,2.0,0.5,16.3,16.0,-0.3,0.1,-0.2,-0.075,-7.8,-1.0,-8.7,-0.3,0.0,2020
444,Justin Anderson,10.7,1.0,3.8,0.263,0.6,2.9,0.207,0.4,0.9,0.444,0.342,0.2,0.4,0.5,0.1,2.0,2.1,0.8,0.0,0.6,0.4,1.3,2.8,0.0,0.0,1010.0,0.0,0.0,0.0,0.0,0.0,0.0,0.0,0.0,0.0,0.0,0.0,0.0,0.0,10.0,1.0,107.0,10.0,38.0,0.263,6.0,29.0,0.207,4.0,9.0,0.444,0.342,2.0,4.0,0.5,1.0,20.0,21.0,8.0,0.0,6.0,4.0,13.0,28.0,0.0,3.2,0.352,0.763,0.105,1.0,18.9,10.2,10.1,0.0,4.7,9.1,17.1,-0.2,0.1,-0.1,-0.054,-6.8,-1.0,-7.7,-0.2,0.0,2020
445,Thanasis Antetokounmpo,6.5,1.2,2.4,0.5,0.0,0.5,0.0,1.2,1.9,0.632,0.5,0.4,0.9,0.412,0.6,0.6,1.2,0.8,0.4,0.1,0.6,0.9,2.8,0.0,0.0,1010.0,0.0,0.0,0.0,0.0,0.0,0.0,0.0,0.0,0.0,0.0,0.0,0.0,0.0,20.0,2.0,129.0,24.0,48.0,0.5,0.0,10.0,0.0,24.0,38.0,0.632,0.5,7.0,17.0,0.412,12.0,12.0,24.0,15.0,7.0,2.0,12.0,18.0,55.0,0.0,12.2,0.496,0.208,0.354,9.8,8.7,9.2,16.3,2.5,1.4,17.8,21.6,-0.1,0.2,0.2,0.07,-4.6,1.4,-3.2,0.0,0.0,2020
446,John Konchar,9.5,1.3,1.9,0.649,0.3,0.5,0.5,1.0,1.4,0.704,0.716,0.1,0.1,0.5,0.9,1.5,2.5,1.2,0.4,0.2,0.4,0.4,2.8,0.0,0.0,1010.0,0.0,0.0,0.0,0.0,0.0,0.0,0.0,0.0,0.0,0.0,0.0,0.0,0.0,19.0,0.0,181.0,24.0,37.0,0.649,5.0,10.0,0.5,19.0,27.0,0.704,0.716,1.0,2.0,0.5,18.0,29.0,47.0,22.0,7.0,3.0,7.0,7.0,54.0,0.0,18.0,0.713,0.27,0.054,10.7,16.6,13.7,16.2,1.8,1.5,15.6,10.3,0.5,0.2,0.7,0.182,2.5,2.0,4.5,0.3,0.0,2020
447,Naz Mitrou-Long,9.4,1.2,3.4,0.353,0.4,2.4,0.167,0.8,1.0,0.8,0.412,0.0,0.0,0.0,0.0,1.4,1.4,1.6,0.2,0.2,0.6,0.4,2.8,0.0,0.0,1010.0,0.0,0.0,0.0,0.0,0.0,0.0,0.0,0.0,0.0,0.0,0.0,0.0,0.0,5.0,0.0,47.0,6.0,17.0,0.353,2.0,12.0,0.167,4.0,5.0,0.8,0.412,0.0,0.0,0.0,0.0,7.0,7.0,8.0,1.0,1.0,3.0,2.0,14.0,0.0,7.8,0.412,0.706,0.0,0.0,16.2,8.2,22.8,1.0,1.9,15.0,18.7,-0.1,0.1,0.0,-0.022,-3.5,2.1,-1.4,0.0,0.0,2020
448,Joakim Noah,10.0,0.8,1.6,0.5,0.0,0.0,0.0,0.8,1.6,0.5,0.5,1.2,1.6,0.75,1.0,2.2,3.2,1.4,0.2,0.2,1.2,1.8,2.8,0.0,0.0,1010.0,0.0,0.0,0.0,0.0,0.0,0.0,0.0,0.0,0.0,0.0,0.0,0.0,0.0,5.0,0.0,50.0,4.0,8.0,0.5,0.0,0.0,0.0,4.0,8.0,0.5,0.5,6.0,8.0,0.75,5.0,11.0,16.0,7.0,1.0,1.0,6.0,9.0,14.0,0.0,11.1,0.608,0.0,1.0,10.7,22.3,16.6,17.9,0.9,1.8,34.2,14.7,0.0,0.1,0.1,0.096,-4.1,2.5,-1.6,0.0,0.0,2020
449,Chandler Parsons,10.8,1.0,3.6,0.278,0.8,2.8,0.286,0.2,0.8,0.25,0.389,0.0,0.0,0.0,0.2,1.2,1.4,0.6,0.8,0.2,0.6,0.6,2.8,0.0,0.0,1010.0,0.0,0.0,0.0,0.0,0.0,0.0,0.0,0.0,0.0,0.0,0.0,0.0,0.0,5.0,0.0,54.0,5.0,18.0,0.278,4.0,14.0,0.286,1.0,4.0,0.25,0.389,0.0,0.0,0.0,1.0,6.0,7.0,3.0,4.0,1.0,3.0,3.0,14.0,0.0,5.6,0.389,0.778,0.0,2.0,12.1,7.0,7.5,3.5,1.6,14.3,16.1,-0.1,0.0,-0.1,-0.065,-4.4,-1.6,-6.0,-0.1,0.0,2020
450,Marial Shayok,7.0,0.8,3.0,0.25,0.5,1.5,0.333,0.3,1.5,0.167,0.333,0.8,1.0,0.75,0.3,1.5,1.8,0.3,0.0,0.3,0.8,1.0,2.8,0.0,0.0,1010.0,0.0,0.0,0.0,0.0,0.0,0.0,0.0,0.0,0.0,0.0,0.0,0.0,0.0,4.0,0.0,28.0,3.0,12.0,0.25,2.0,6.0,0.333,1.0,6.0,0.167,0.333,3.0,4.0,0.75,1.0,6.0,7.0,1.0,0.0,1.0,3.0,4.0,11.0,0.0,1.4,0.4,0.5,0.333,3.9,23.7,13.8,4.8,0.0,3.0,17.9,25.8,-0.1,0.0,-0.1,-0.13,-9.3,-3.7,-13.0,-0.1,0.0,2020
451,J.R. Smith,13.2,1.2,3.7,0.318,0.2,1.8,0.091,1.0,1.8,0.545,0.341,0.3,0.3,1.0,0.0,0.8,0.8,0.5,0.2,0.0,0.7,0.8,2.8,0.0,0.0,1010.0,0.0,0.0,0.0,0.0,0.0,0.0,0.0,0.0,0.0,0.0,0.0,0.0,0.0,6.0,0.0,79.0,7.0,22.0,0.318,1.0,11.0,0.091,6.0,11.0,0.545,0.341,2.0,2.0,1.0,0.0,5.0,5.0,3.0,1.0,0.0,4.0,5.0,17.0,0.0,0.0,0.372,0.5,0.091,0.0,6.9,3.5,4.8,0.6,0.0,14.9,14.3,-0.2,0.1,-0.1,-0.077,-7.8,-2.0,-9.8,-0.2,0.0,2020
452,Jarrod Uthoff,7.6,1.0,2.6,0.389,0.4,1.3,0.333,0.6,1.3,0.444,0.472,0.3,0.3,1.0,0.3,0.6,0.9,0.0,0.1,0.0,0.0,0.3,2.7,0.0,0.0,1010.0,0.0,0.0,0.0,0.0,0.0,0.0,0.0,0.0,0.0,0.0,0.0,0.0,0.0,7.0,0.0,53.0,7.0,18.0,0.389,3.0,9.0,0.333,4.0,9.0,0.444,0.472,2.0,2.0,1.0,2.0,4.0,6.0,0.0,1.0,0.0,0.0,2.0,19.0,0.0,8.8,0.503,0.5,0.111,4.0,8.6,6.1,0.0,0.9,0.0,0.0,14.8,0.0,0.0,0.0,0.018,-2.2,-2.4,-4.6,0.0,0.0,2020
453,Jarrell Brantley,10.7,1.1,3.1,0.357,0.3,1.4,0.231,0.8,1.7,0.467,0.411,0.1,0.2,0.5,0.2,2.0,2.2,1.2,0.3,0.6,0.8,0.8,2.7,0.0,0.0,1010.0,0.0,0.0,0.0,0.0,0.0,0.0,0.0,0.0,0.0,0.0,0.0,0.0,0.0,9.0,0.0,96.0,10.0,28.0,0.357,3.0,13.0,0.231,7.0,15.0,0.467,0.411,1.0,2.0,0.5,2.0,18.0,20.0,11.0,3.0,5.0,7.0,7.0,24.0,0.0,8.0,0.416,0.464,0.071,2.4,19.9,11.5,15.8,1.5,4.3,19.5,16.3,-0.2,0.1,0.0,-0.006,-5.3,0.7,-4.6,-0.1,0.0,2020
454,Deonte Burton,9.1,1.1,3.2,0.344,0.3,1.4,0.189,0.8,1.8,0.458,0.384,0.2,0.4,0.571,0.2,1.3,1.5,0.4,0.2,0.3,0.5,0.9,2.7,0.0,0.0,1010.0,0.0,0.0,0.0,0.0,0.0,0.0,0.0,0.0,0.0,0.0,0.0,0.0,0.0,39.0,0.0,356.0,43.0,125.0,0.344,10.0,53.0,0.189,33.0,72.0,0.458,0.384,8.0,14.0,0.571,7.0,50.0,57.0,17.0,7.0,10.0,19.0,34.0,104.0,0.0,4.3,0.396,0.424,0.112,2.2,15.1,8.8,6.8,1.0,2.4,12.7,18.5,-0.9,0.4,-0.5,-0.067,-6.3,-0.5,-6.8,-0.4,0.0,2020
455,Ryan Anderson,7.0,1.0,3.5,0.286,0.5,2.5,0.2,0.5,1.0,0.5,0.357,0.0,0.0,0.0,0.0,3.5,3.5,1.0,0.5,0.0,0.5,0.5,2.5,0.0,0.0,1010.0,0.0,0.0,0.0,0.0,0.0,0.0,0.0,0.0,0.0,0.0,0.0,0.0,0.0,2.0,0.0,14.0,2.0,7.0,0.286,1.0,5.0,0.2,1.0,2.0,0.5,0.357,0.0,0.0,0.0,0.0,7.0,7.0,2.0,1.0,0.0,1.0,1.0,5.0,0.0,9.4,0.357,0.714,0.0,0.0,52.9,26.2,20.4,3.3,0.0,12.5,23.7,0.0,0.0,0.0,-0.037,-3.3,0.5,-2.8,0.0,0.0,2020
456,Justin James,6.4,1.0,2.3,0.417,0.3,0.8,0.31,0.7,1.5,0.473,0.47,0.3,0.6,0.476,0.2,0.7,0.9,0.5,0.2,0.3,0.2,0.5,2.5,0.0,0.0,1010.0,0.0,0.0,0.0,0.0,0.0,0.0,0.0,0.0,0.0,0.0,0.0,0.0,0.0,36.0,0.0,232.0,35.0,84.0,0.417,9.0,29.0,0.31,26.0,55.0,0.473,0.47,10.0,21.0,0.476,6.0,26.0,32.0,18.0,6.0,9.0,8.0,17.0,89.0,0.0,11.0,0.477,0.345,0.25,2.8,12.9,7.8,11.2,1.3,3.7,7.9,18.9,-0.1,0.2,0.1,0.028,-1.4,0.0,-1.4,0.0,0.0,2020
457,Romeo Langford,11.6,0.9,2.5,0.35,0.2,0.8,0.185,0.7,1.7,0.434,0.381,0.6,0.8,0.72,0.5,0.8,1.3,0.4,0.3,0.3,0.3,1.0,2.5,0.0,0.0,1010.0,0.0,0.0,0.0,0.0,0.0,0.0,0.0,0.0,0.0,0.0,0.0,0.0,0.0,32.0,2.0,370.0,28.0,80.0,0.35,5.0,27.0,0.185,23.0,53.0,0.434,0.381,18.0,25.0,0.72,15.0,26.0,41.0,13.0,8.0,8.0,11.0,33.0,79.0,0.0,5.4,0.434,0.338,0.313,4.4,7.4,5.9,4.5,1.0,2.0,10.8,11.8,-0.2,0.4,0.2,0.025,-4.7,-0.3,-4.9,-0.3,0.0,2020
458,Max Strus,3.0,1.0,1.5,0.667,0.0,0.5,0.0,1.0,1.0,1.0,0.667,0.5,0.5,1.0,0.5,0.0,0.5,0.0,0.0,0.0,0.0,0.5,2.5,0.0,0.0,1010.0,0.0,0.0,0.0,0.0,0.0,0.0,0.0,0.0,0.0,0.0,0.0,0.0,0.0,2.0,0.0,6.0,2.0,3.0,0.667,0.0,1.0,0.0,2.0,2.0,1.0,0.667,1.0,1.0,1.0,1.0,0.0,1.0,0.0,0.0,0.0,0.0,1.0,5.0,0.0,30.7,0.727,0.333,0.333,17.5,0.0,9.2,0.0,0.0,0.0,0.0,24.4,0.0,0.0,0.0,0.316,5.7,-1.7,3.9,0.0,0.0,2020
459,Michael Kidd-Gilchrist,11.2,0.9,2.6,0.333,0.2,0.8,0.25,0.7,1.8,0.37,0.371,0.4,0.6,0.786,0.6,2.1,2.7,0.6,0.1,0.2,0.6,1.5,2.4,0.0,0.0,1010.0,0.0,0.0,0.0,0.0,0.0,0.0,0.0,0.0,0.0,0.0,0.0,0.0,0.0,25.0,0.0,281.0,22.0,66.0,0.333,5.0,20.0,0.25,17.0,46.0,0.37,0.371,11.0,14.0,0.786,14.0,53.0,67.0,14.0,2.0,6.0,16.0,37.0,60.0,0.0,4.2,0.416,0.303,0.212,5.3,20.4,12.8,7.1,0.3,1.9,18.1,13.7,-0.4,0.2,-0.2,-0.03,-6.3,-1.1,-7.4,-0.4,0.0,2020
460,Caleb Swanigan,10.7,1.0,1.7,0.596,0.0,0.1,0.0,1.0,1.7,0.622,0.596,0.3,0.6,0.529,1.0,2.7,3.7,1.1,0.1,0.3,1.4,2.3,2.4,0.0,0.0,1010.0,0.0,0.0,0.0,0.0,0.0,0.0,0.0,0.0,0.0,0.0,0.0,0.0,0.0,27.0,1.0,288.0,28.0,47.0,0.596,0.0,2.0,0.0,28.0,45.0,0.622,0.596,9.0,17.0,0.529,27.0,73.0,100.0,31.0,3.0,7.0,37.0,62.0,65.0,0.0,7.6,0.597,0.043,0.362,9.9,26.4,18.3,13.9,0.5,2.2,40.4,13.5,-0.2,0.2,0.0,0.004,-6.3,0.2,-6.0,-0.3,0.0,2020
461,Stanley Johnson,6.0,0.9,2.4,0.373,0.3,1.0,0.292,0.6,1.4,0.429,0.432,0.4,0.6,0.563,0.3,1.2,1.5,0.8,0.2,0.2,0.6,0.6,2.4,0.0,0.0,1010.0,0.0,0.0,0.0,0.0,0.0,0.0,0.0,0.0,0.0,0.0,0.0,0.0,0.0,25.0,0.0,150.0,22.0,59.0,0.373,7.0,24.0,0.292,15.0,35.0,0.429,0.432,9.0,16.0,0.563,7.0,30.0,37.0,20.0,6.0,4.0,15.0,16.0,60.0,0.0,9.9,0.454,0.407,0.271,5.0,20.6,13.0,19.4,1.9,2.6,18.5,23.1,-0.3,0.3,0.0,0.014,-3.9,1.4,-2.5,0.0,0.0,2020
462,Terance Mann,8.8,0.9,1.9,0.468,0.2,0.5,0.35,0.7,1.4,0.508,0.513,0.4,0.7,0.667,0.2,1.1,1.3,1.3,0.3,0.1,0.4,1.1,2.4,0.0,0.0,1010.0,0.0,0.0,0.0,0.0,0.0,0.0,0.0,0.0,0.0,0.0,0.0,0.0,0.0,41.0,6.0,362.0,37.0,79.0,0.468,7.0,20.0,0.35,30.0,59.0,0.508,0.513,18.0,27.0,0.667,10.0,45.0,55.0,53.0,11.0,5.0,18.0,46.0,99.0,0.0,10.6,0.545,0.253,0.342,2.9,12.6,7.9,19.3,1.4,1.2,16.5,12.6,0.4,0.4,0.8,0.106,-2.7,1.2,-1.5,0.0,0.0,2020
463,Norvel Pelle,9.7,1.0,2.0,0.521,0.0,0.0,0.0,1.0,2.0,0.532,0.521,0.3,0.6,0.5,0.8,2.2,3.0,0.3,0.1,1.3,0.8,2.3,2.4,0.0,0.0,1010.0,0.0,0.0,0.0,0.0,0.0,0.0,0.0,0.0,0.0,0.0,0.0,0.0,0.0,24.0,0.0,232.0,25.0,48.0,0.521,0.0,1.0,0.0,25.0,47.0,0.532,0.521,7.0,14.0,0.5,20.0,52.0,72.0,8.0,3.0,31.0,18.0,55.0,57.0,0.0,10.5,0.526,0.021,0.292,9.5,24.8,17.1,4.6,0.6,11.4,24.9,13.4,-0.2,0.5,0.3,0.069,-7.8,2.6,-5.2,-0.2,0.0,2020
464,Gabe Vincent,9.2,0.9,4.1,0.216,0.7,3.0,0.222,0.2,1.1,0.2,0.297,0.0,0.0,0.0,0.0,0.6,0.6,0.7,0.6,0.0,0.1,0.7,2.4,0.0,0.0,1010.0,0.0,0.0,0.0,0.0,0.0,0.0,0.0,0.0,0.0,0.0,0.0,0.0,0.0,9.0,0.0,83.0,8.0,37.0,0.216,6.0,27.0,0.222,2.0,10.0,0.2,0.297,0.0,0.0,0.0,0.0,5.0,5.0,6.0,5.0,0.0,1.0,6.0,22.0,0.0,1.2,0.297,0.73,0.0,0.0,6.5,3.4,10.1,2.9,0.0,2.6,20.2,-0.3,0.1,-0.2,-0.117,-8.5,-1.9,-10.4,-0.2,0.0,2020
465,Dewan Hernandez,4.7,0.8,2.3,0.357,0.2,0.3,0.5,0.7,2.0,0.333,0.393,0.5,0.8,0.6,0.8,1.5,2.3,0.5,0.2,0.0,0.5,1.0,2.3,0.0,0.0,1010.0,0.0,0.0,0.0,0.0,0.0,0.0,0.0,0.0,0.0,0.0,0.0,0.0,0.0,6.0,0.0,28.0,5.0,14.0,0.357,1.0,2.0,0.5,4.0,12.0,0.333,0.393,3.0,5.0,0.6,5.0,9.0,14.0,3.0,1.0,0.0,3.0,6.0,14.0,0.0,12.9,0.432,0.143,0.357,19.3,33.2,26.4,16.4,1.7,0.0,15.6,29.3,0.0,0.1,0.0,0.043,-6.6,-3.0,-9.6,-0.1,0.0,2020
466,Shamorie Ponds,2.8,0.8,1.3,0.6,0.3,0.5,0.5,0.5,0.8,0.667,0.7,0.5,0.5,1.0,0.0,0.3,0.3,0.5,0.0,0.3,0.0,0.5,2.3,0.0,0.0,1010.0,0.0,0.0,0.0,0.0,0.0,0.0,0.0,0.0,0.0,0.0,0.0,0.0,0.0,4.0,0.0,11.0,3.0,5.0,0.6,1.0,2.0,0.5,2.0,3.0,0.667,0.7,2.0,2.0,1.0,0.0,1.0,1.0,2.0,0.0,1.0,0.0,2.0,9.0,0.0,33.1,0.765,0.4,0.4,0.0,9.4,4.8,32.4,0.0,8.9,0.0,22.8,0.1,0.0,0.1,0.45,8.4,5.3,13.7,0.0,0.0,2020
467,Johnathan Motley,3.2,0.8,1.2,0.733,0.1,0.1,1.0,0.8,1.1,0.714,0.767,0.4,0.5,0.714,0.2,0.5,0.8,0.6,0.2,0.0,0.4,0.5,2.2,0.0,0.0,1010.0,0.0,0.0,0.0,0.0,0.0,0.0,0.0,0.0,0.0,0.0,0.0,0.0,0.0,13.0,0.0,41.0,11.0,15.0,0.733,1.0,1.0,1.0,10.0,14.0,0.714,0.767,5.0,7.0,0.714,3.0,7.0,10.0,8.0,3.0,0.0,5.0,6.0,28.0,0.0,28.5,0.774,0.067,0.467,7.8,17.3,12.7,32.9,3.5,0.0,21.7,23.5,0.2,0.1,0.3,0.299,4.8,3.3,8.1,0.1,0.0,2020
468,Thabo Sefolosha,10.6,0.9,2.2,0.407,0.4,1.3,0.278,0.5,0.9,0.595,0.489,0.1,0.2,0.375,0.5,1.8,2.3,0.6,0.6,0.3,0.4,1.0,2.2,0.0,0.0,1010.0,0.0,0.0,0.0,0.0,0.0,0.0,0.0,0.0,0.0,0.0,0.0,0.0,0.0,41.0,0.0,436.0,37.0,91.0,0.407,15.0,54.0,0.278,22.0,37.0,0.595,0.489,3.0,8.0,0.375,21.0,72.0,93.0,25.0,24.0,12.0,15.0,43.0,92.0,0.0,9.4,0.487,0.593,0.088,5.0,17.5,11.2,7.5,2.5,2.4,13.7,10.4,0.0,0.6,0.7,0.072,-2.9,1.7,-1.2,0.1,0.0,2020
469,Wenyen Gabriel,7.8,0.7,1.6,0.438,0.2,0.7,0.3,0.5,0.9,0.536,0.5,0.5,0.7,0.682,0.7,1.0,1.7,0.3,0.4,0.2,0.5,1.3,2.1,0.0,0.0,1010.0,0.0,0.0,0.0,0.0,0.0,0.0,0.0,0.0,0.0,0.0,0.0,0.0,0.0,30.0,1.0,235.0,21.0,48.0,0.438,6.0,20.0,0.3,15.0,28.0,0.536,0.5,15.0,22.0,0.682,21.0,31.0,52.0,8.0,11.0,7.0,16.0,39.0,63.0,0.0,9.6,0.546,0.417,0.458,9.5,13.9,11.7,4.4,2.2,2.6,21.7,13.4,0.0,0.2,0.2,0.048,-3.7,-0.1,-3.8,-0.1,0.0,2020
470,Melvin Frazier,6.6,0.8,1.8,0.441,0.4,0.8,0.5,0.4,0.9,0.389,0.559,0.1,0.2,0.5,0.1,0.4,0.5,0.2,0.5,0.1,0.3,0.6,2.1,0.0,0.0,1010.0,0.0,0.0,0.0,0.0,0.0,0.0,0.0,0.0,0.0,0.0,0.0,0.0,0.0,19.0,0.0,126.0,15.0,34.0,0.441,8.0,16.0,0.5,7.0,18.0,0.389,0.559,2.0,4.0,0.5,2.0,8.0,10.0,3.0,9.0,2.0,5.0,11.0,40.0,0.0,9.8,0.559,0.471,0.118,1.7,7.1,4.3,3.4,3.5,1.4,12.3,14.0,0.0,0.2,0.2,0.057,-3.5,1.2,-2.3,0.0,0.0,2020
471,Michael Frazier,11.2,0.5,2.2,0.241,0.3,1.8,0.174,0.2,0.5,0.5,0.31,0.7,1.1,0.643,0.1,0.7,0.8,0.2,0.2,0.0,0.4,1.7,2.1,0.0,0.0,1010.0,0.0,0.0,0.0,0.0,0.0,0.0,0.0,0.0,0.0,0.0,0.0,0.0,0.0,13.0,0.0,145.0,7.0,29.0,0.241,4.0,23.0,0.174,3.0,6.0,0.5,0.31,9.0,14.0,0.643,1.0,9.0,10.0,2.0,2.0,0.0,5.0,22.0,27.0,0.0,-0.9,0.384,0.793,0.483,0.7,6.6,3.6,1.7,0.6,0.0,12.5,11.5,-0.2,0.1,-0.2,-0.06,-8.9,-2.1,-11.0,-0.3,0.0,2020
472,Khyri Thomas,7.6,0.6,2.1,0.294,0.6,1.8,0.357,0.0,0.4,0.0,0.441,0.3,0.5,0.5,0.1,0.0,0.1,0.4,0.4,0.0,0.4,1.1,2.1,0.0,0.0,1010.0,0.0,0.0,0.0,0.0,0.0,0.0,0.0,0.0,0.0,0.0,0.0,0.0,0.0,8.0,0.0,61.0,5.0,17.0,0.294,5.0,14.0,0.357,0.0,3.0,0.0,0.441,2.0,4.0,0.5,1.0,0.0,1.0,3.0,3.0,0.0,3.0,9.0,17.0,0.0,3.1,0.453,0.824,0.235,1.8,0.0,0.9,6.7,2.4,0.0,13.8,15.6,-0.1,0.0,0.0,-0.038,-6.2,-1.7,-7.9,-0.1,0.0,2020
473,Zach Norvell,8.2,0.6,2.4,0.25,0.6,1.6,0.375,0.0,0.8,0.0,0.375,0.2,0.2,1.0,0.0,1.2,1.2,0.6,0.4,0.0,0.6,0.8,2.0,0.0,0.0,1010.0,0.0,0.0,0.0,0.0,0.0,0.0,0.0,0.0,0.0,0.0,0.0,0.0,0.0,5.0,0.0,41.0,3.0,12.0,0.25,3.0,8.0,0.375,0.0,4.0,0.0,0.375,1.0,1.0,1.0,0.0,6.0,6.0,3.0,2.0,0.0,3.0,4.0,10.0,0.0,2.6,0.402,0.667,0.083,0.0,16.3,7.9,10.2,2.3,0.0,19.4,16.1,-0.1,0.0,-0.1,-0.084,-7.1,-1.2,-8.4,-0.1,0.0,2020
474,Derrick Walton,9.5,0.7,1.5,0.462,0.4,0.9,0.417,0.3,0.6,0.533,0.59,0.3,0.3,0.778,0.1,0.5,0.6,1.0,0.3,0.0,0.2,0.8,2.0,0.0,0.0,1010.0,0.0,0.0,0.0,0.0,0.0,0.0,0.0,0.0,0.0,0.0,0.0,0.0,0.0,26.0,1.0,248.0,18.0,39.0,0.462,10.0,24.0,0.417,8.0,15.0,0.533,0.59,7.0,9.0,0.778,2.0,14.0,16.0,27.0,7.0,0.0,5.0,21.0,53.0,0.0,8.7,0.617,0.615,0.231,0.9,5.8,3.4,13.9,1.4,0.0,10.4,8.1,0.4,0.2,0.6,0.111,-2.2,1.3,-1.0,0.1,0.0,2020
475,Charlie Brown Jr.,4.0,0.6,1.9,0.316,0.3,0.9,0.333,0.3,1.0,0.3,0.395,0.5,0.5,1.0,0.2,0.2,0.4,0.2,0.2,0.2,0.3,0.3,2.0,0.0,0.0,1010.0,0.0,0.0,0.0,0.0,0.0,0.0,0.0,0.0,0.0,0.0,0.0,0.0,0.0,10.0,0.0,40.0,6.0,19.0,0.316,3.0,9.0,0.333,3.0,10.0,0.3,0.395,5.0,5.0,1.0,2.0,2.0,4.0,2.0,2.0,2.0,3.0,3.0,20.0,0.0,11.0,0.472,0.474,0.263,5.3,5.5,5.4,7.3,2.3,4.2,12.4,25.1,0.0,0.0,0.0,-0.028,-1.2,-1.4,-2.5,0.0,0.0,2020
476,Alize Johnson,6.9,0.7,1.7,0.414,0.2,0.5,0.375,0.5,1.2,0.429,0.466,0.4,0.6,0.7,0.9,1.9,2.8,0.4,0.2,0.1,0.4,0.7,2.0,0.0,0.0,1010.0,0.0,0.0,0.0,0.0,0.0,0.0,0.0,0.0,0.0,0.0,0.0,0.0,0.0,17.0,1.0,118.0,12.0,29.0,0.414,3.0,8.0,0.375,9.0,21.0,0.429,0.466,7.0,10.0,0.7,16.0,32.0,48.0,7.0,3.0,2.0,7.0,12.0,34.0,0.0,13.3,0.509,0.276,0.345,15.0,29.4,22.3,7.7,1.2,1.5,17.3,15.0,0.1,0.2,0.3,0.111,-1.8,0.2,-1.6,0.0,0.0,2020
477,Louis King,6.2,0.8,2.1,0.381,0.4,1.1,0.364,0.4,1.0,0.4,0.476,0.0,0.3,0.0,0.1,0.9,1.0,0.5,0.2,0.0,0.2,1.0,2.0,0.0,0.0,1010.0,0.0,0.0,0.0,0.0,0.0,0.0,0.0,0.0,0.0,0.0,0.0,0.0,0.0,10.0,0.0,62.0,8.0,21.0,0.381,4.0,11.0,0.364,4.0,10.0,0.4,0.476,0.0,3.0,0.0,1.0,9.0,10.0,5.0,2.0,0.0,2.0,10.0,20.0,0.0,6.2,0.448,0.524,0.143,1.8,16.7,9.2,11.8,1.6,0.0,8.2,17.1,-0.1,0.0,0.0,-0.007,-5.1,-1.1,-6.2,-0.1,0.0,2020
478,Jalen Lecque,6.4,0.8,2.0,0.4,0.0,0.8,0.0,0.8,1.2,0.667,0.4,0.4,0.4,1.0,0.0,0.4,0.4,0.4,0.0,0.0,0.4,0.6,2.0,0.0,0.0,1010.0,0.0,0.0,0.0,0.0,0.0,0.0,0.0,0.0,0.0,0.0,0.0,0.0,0.0,5.0,0.0,32.0,4.0,10.0,0.4,0.0,4.0,0.0,4.0,6.0,0.667,0.4,2.0,2.0,1.0,0.0,2.0,2.0,2.0,0.0,0.0,2.0,3.0,10.0,0.0,2.7,0.46,0.4,0.2,0.0,7.0,3.5,8.6,0.0,0.0,15.5,17.1,0.0,0.0,0.0,-0.065,-6.6,-2.9,-9.5,-0.1,0.0,2020
479,Malik Newman,4.0,0.0,2.0,0.0,0.0,1.0,0.0,0.0,1.0,0.0,0.0,2.0,2.0,1.0,0.0,0.0,0.0,0.0,0.0,0.0,1.0,0.0,2.0,0.0,0.0,1010.0,0.0,0.0,0.0,0.0,0.0,0.0,0.0,0.0,0.0,0.0,0.0,0.0,0.0,1.0,0.0,4.0,0.0,2.0,0.0,0.0,1.0,0.0,0.0,1.0,0.0,0.0,2.0,2.0,1.0,0.0,0.0,0.0,0.0,0.0,0.0,1.0,0.0,2.0,0.0,-11.4,0.347,0.5,1.0,0.0,0.0,0.0,0.0,0.0,0.0,25.8,41.5,0.0,0.0,0.0,-0.502,-14.5,-11.2,-25.7,0.0,0.0,2020
480,Josh Reaves,7.0,0.8,2.3,0.333,0.0,0.5,0.0,0.8,1.8,0.429,0.333,0.5,0.5,1.0,0.3,0.5,0.8,0.8,0.0,0.0,0.0,1.3,2.0,0.0,0.0,1010.0,0.0,0.0,0.0,0.0,0.0,0.0,0.0,0.0,0.0,0.0,0.0,0.0,0.0,4.0,0.0,28.0,3.0,9.0,0.333,0.0,2.0,0.0,3.0,7.0,0.429,0.333,2.0,2.0,1.0,1.0,2.0,3.0,3.0,0.0,0.0,0.0,5.0,8.0,0.0,5.8,0.405,0.222,0.222,3.8,7.4,5.6,14.2,0.0,0.0,0.0,15.1,0.0,0.0,0.0,0.031,-5.3,-4.0,-9.4,-0.1,0.0,2020
481,Yuta Watanabe,5.8,0.8,1.9,0.441,0.2,0.4,0.375,0.7,1.4,0.462,0.485,0.2,0.4,0.375,0.4,0.7,1.1,0.3,0.3,0.1,0.1,0.5,2.0,0.0,0.0,1010.0,0.0,0.0,0.0,0.0,0.0,0.0,0.0,0.0,0.0,0.0,0.0,0.0,0.0,18.0,0.0,105.0,15.0,34.0,0.441,3.0,8.0,0.375,12.0,26.0,0.462,0.485,3.0,8.0,0.375,7.0,13.0,20.0,5.0,5.0,1.0,2.0,9.0,36.0,0.0,11.2,0.48,0.235,0.235,7.2,12.8,10.0,6.4,2.2,0.8,5.1,15.7,0.0,0.1,0.1,0.065,-2.4,0.7,-1.7,0.0,0.0,2020
482,Ignas Brazdeikis,5.9,0.7,2.4,0.273,0.1,1.0,0.111,0.6,1.4,0.385,0.295,0.4,0.6,0.8,0.2,0.3,0.6,0.4,0.0,0.1,0.2,0.3,1.9,0.0,0.0,1010.0,0.0,0.0,0.0,0.0,0.0,0.0,0.0,0.0,0.0,0.0,0.0,0.0,0.0,9.0,0.0,53.0,6.0,22.0,0.273,1.0,9.0,0.111,5.0,13.0,0.385,0.295,4.0,5.0,0.8,2.0,3.0,5.0,4.0,0.0,1.0,2.0,3.0,17.0,0.0,3.2,0.351,0.409,0.227,3.9,6.2,5.0,10.6,0.0,1.8,7.6,21.0,-0.1,0.0,-0.1,-0.108,-5.1,-3.9,-9.0,-0.1,0.0,2020
483,Oshae Brissett,7.1,0.7,1.9,0.361,0.2,0.8,0.2,0.5,1.1,0.476,0.403,0.4,0.5,0.8,0.5,0.9,1.4,0.4,0.2,0.1,0.4,0.9,1.9,0.0,0.0,1010.0,0.0,0.0,0.0,0.0,0.0,0.0,0.0,0.0,0.0,0.0,0.0,0.0,0.0,19.0,0.0,135.0,13.0,36.0,0.361,3.0,15.0,0.2,10.0,21.0,0.476,0.403,8.0,10.0,0.8,9.0,17.0,26.0,7.0,4.0,1.0,7.0,18.0,37.0,0.0,6.7,0.458,0.417,0.278,7.2,13.0,10.2,7.0,1.4,0.7,14.8,15.0,-0.1,0.2,0.1,0.043,-5.8,0.4,-5.3,-0.1,0.0,2020
484,Vic Law,7.8,0.8,2.3,0.333,0.1,0.9,0.143,0.6,1.4,0.455,0.361,0.3,0.8,0.333,0.3,1.1,1.4,0.4,0.3,0.0,0.3,0.8,1.9,0.0,0.0,1010.0,0.0,0.0,0.0,0.0,0.0,0.0,0.0,0.0,0.0,0.0,0.0,0.0,0.0,8.0,0.0,62.0,6.0,18.0,0.333,1.0,7.0,0.143,5.0,11.0,0.455,0.361,2.0,6.0,0.333,2.0,9.0,11.0,3.0,2.0,0.0,2.0,6.0,15.0,0.0,3.7,0.363,0.389,0.333,3.4,16.2,9.6,6.7,1.6,0.0,8.8,15.8,-0.1,0.1,-0.1,-0.052,-7.0,-2.6,-9.6,-0.1,0.0,2020
485,Vincent Poirier,5.9,0.8,1.6,0.472,0.0,0.1,0.5,0.7,1.5,0.471,0.486,0.3,0.3,0.857,0.6,1.4,2.0,0.4,0.1,0.4,0.4,1.1,1.9,0.0,0.0,1010.0,0.0,0.0,0.0,0.0,0.0,0.0,0.0,0.0,0.0,0.0,0.0,0.0,0.0,22.0,0.0,130.0,17.0,36.0,0.472,1.0,2.0,0.5,16.0,34.0,0.471,0.486,6.0,7.0,0.857,13.0,30.0,43.0,8.0,2.0,9.0,8.0,25.0,41.0,0.0,12.7,0.525,0.056,0.194,10.8,24.4,17.7,8.5,0.7,6.4,17.0,15.4,0.1,0.2,0.3,0.113,-4.8,1.0,-3.8,-0.1,0.0,2020
486,Tyler Cook,4.2,0.6,0.9,0.667,0.0,0.0,0.0,0.6,0.9,0.667,0.667,0.5,0.6,0.875,0.5,0.6,1.1,0.1,0.2,0.0,0.2,0.4,1.8,0.0,0.0,1010.0,0.0,0.0,0.0,0.0,0.0,0.0,0.0,0.0,0.0,0.0,0.0,0.0,0.0,13.0,0.0,54.0,8.0,12.0,0.667,0.0,0.0,0.0,8.0,12.0,0.667,0.667,7.0,8.0,0.875,6.0,8.0,14.0,1.0,3.0,0.0,3.0,5.0,23.0,0.0,19.4,0.741,0.0,0.667,12.3,16.6,14.4,2.9,2.7,0.0,16.2,14.7,0.2,0.0,0.2,0.182,0.3,-0.5,-0.2,0.0,0.0,2020
487,Ed Davis,10.8,0.8,1.6,0.478,0.0,0.0,0.0,0.8,1.6,0.478,0.478,0.3,0.5,0.5,1.3,2.5,3.8,0.4,0.4,0.3,0.5,2.2,1.8,0.0,0.0,1010.0,0.0,0.0,0.0,0.0,0.0,0.0,0.0,0.0,0.0,0.0,0.0,0.0,0.0,28.0,1.0,303.0,22.0,46.0,0.478,0.0,0.0,0.0,22.0,46.0,0.478,0.478,7.0,14.0,0.5,35.0,70.0,105.0,12.0,11.0,9.0,13.0,61.0,51.0,0.0,9.5,0.489,0.0,0.304,13.2,24.6,19.1,5.2,1.8,2.5,20.0,9.4,0.2,0.5,0.6,0.102,-4.6,1.5,-3.2,-0.1,0.0,2020
488,Devon Hall,7.4,0.5,2.7,0.2,0.4,1.5,0.235,0.2,1.2,0.154,0.267,0.4,0.7,0.5,0.2,0.5,0.6,1.2,0.4,0.1,0.5,0.5,1.8,0.0,0.0,1010.0,0.0,0.0,0.0,0.0,0.0,0.0,0.0,0.0,0.0,0.0,0.0,0.0,0.0,11.0,0.0,81.0,6.0,30.0,0.2,4.0,17.0,0.235,2.0,13.0,0.154,0.267,4.0,8.0,0.5,2.0,5.0,7.0,13.0,4.0,1.0,5.0,6.0,20.0,0.0,3.1,0.298,0.567,0.267,2.8,6.6,4.8,21.3,2.4,1.1,13.0,20.9,-0.3,0.1,-0.2,-0.116,-6.0,-0.7,-6.7,-0.1,0.0,2020
489,Justin Patton,4.8,0.8,2.0,0.4,0.2,0.8,0.25,0.6,1.2,0.5,0.45,0.0,0.0,0.0,0.2,0.8,1.0,0.4,0.0,0.0,0.4,0.8,1.8,0.0,0.0,1010.0,0.0,0.0,0.0,0.0,0.0,0.0,0.0,0.0,0.0,0.0,0.0,0.0,0.0,5.0,0.0,24.0,4.0,10.0,0.4,1.0,4.0,0.25,3.0,6.0,0.5,0.45,0.0,0.0,0.0,1.0,4.0,5.0,2.0,0.0,0.0,2.0,4.0,9.0,0.0,4.7,0.45,0.4,0.0,4.7,17.9,11.5,12.6,0.0,0.0,16.7,22.0,-0.1,0.0,0.0,-0.063,-6.8,-3.3,-10.1,0.0,0.0,2020
490,Kevin Hervey,5.2,0.7,2.7,0.259,0.3,2.0,0.15,0.4,0.7,0.571,0.315,0.0,0.0,0.0,0.1,1.1,1.2,0.5,0.1,0.1,0.0,0.4,1.7,0.0,0.0,1010.0,0.0,0.0,0.0,0.0,0.0,0.0,0.0,0.0,0.0,0.0,0.0,0.0,0.0,10.0,0.0,52.0,7.0,27.0,0.259,3.0,20.0,0.15,4.0,7.0,0.571,0.315,0.0,0.0,0.0,1.0,11.0,12.0,5.0,1.0,1.0,0.0,4.0,17.0,0.0,5.0,0.315,0.741,0.0,2.2,22.7,12.7,13.9,0.9,1.7,0.0,22.8,-0.2,0.1,-0.1,-0.085,-4.0,-1.1,-5.1,0.0,0.0,2020
491,Luc Mbah a Moute,8.3,0.7,1.7,0.4,0.0,0.7,0.0,0.7,1.0,0.667,0.4,0.3,0.7,0.5,0.3,0.3,0.7,0.0,0.7,0.0,0.3,0.0,1.7,0.0,0.0,1010.0,0.0,0.0,0.0,0.0,0.0,0.0,0.0,0.0,0.0,0.0,0.0,0.0,0.0,3.0,0.0,25.0,2.0,5.0,0.4,0.0,2.0,0.0,2.0,3.0,0.667,0.4,1.0,2.0,0.5,1.0,1.0,2.0,0.0,2.0,0.0,1.0,0.0,5.0,0.0,6.4,0.425,0.4,0.4,4.2,4.2,4.2,0.0,3.7,0.0,14.5,11.4,0.0,0.0,0.0,-0.008,-5.2,-2.2,-7.4,0.0,0.0,2020
492,Juwan Morgan,6.4,0.7,1.2,0.577,0.1,0.4,0.375,0.6,0.9,0.667,0.635,0.1,0.2,0.75,0.5,0.9,1.4,0.3,0.0,0.1,0.3,0.9,1.7,0.0,0.0,1010.0,0.0,0.0,0.0,0.0,0.0,0.0,0.0,0.0,0.0,0.0,0.0,0.0,0.0,21.0,0.0,134.0,15.0,26.0,0.577,3.0,8.0,0.375,12.0,18.0,0.667,0.635,3.0,4.0,0.75,10.0,19.0,29.0,6.0,1.0,2.0,6.0,19.0,36.0,0.0,10.1,0.648,0.308,0.154,8.5,15.1,11.9,6.2,0.4,1.2,17.8,11.0,0.2,0.1,0.3,0.106,-2.9,-0.3,-3.2,0.0,0.0,2020
493,Chasson Randle,13.3,0.0,1.3,0.0,0.0,0.7,0.0,0.0,0.7,0.0,0.0,1.7,2.0,0.833,0.0,0.7,0.7,1.7,0.7,0.0,0.0,1.0,1.7,0.0,0.0,1010.0,0.0,0.0,0.0,0.0,0.0,0.0,0.0,0.0,0.0,0.0,0.0,0.0,0.0,3.0,0.0,40.0,0.0,4.0,0.0,0.0,2.0,0.0,0.0,2.0,0.0,0.0,5.0,6.0,0.833,0.0,2.0,2.0,5.0,2.0,0.0,0.0,3.0,5.0,0.0,6.7,0.377,0.5,1.5,0.0,5.6,2.7,15.7,2.4,0.0,0.0,7.1,0.0,0.0,0.0,0.045,-6.0,0.2,-5.9,0.0,0.0,2020
494,Dean Wade,5.9,0.8,1.1,0.692,0.2,0.3,0.5,0.6,0.8,0.778,0.769,0.0,0.1,0.0,0.3,1.3,1.6,0.2,0.2,0.3,0.3,0.7,1.7,0.0,0.0,1010.0,0.0,0.0,0.0,0.0,0.0,0.0,0.0,0.0,0.0,0.0,0.0,0.0,0.0,12.0,0.0,71.0,9.0,13.0,0.692,2.0,4.0,0.5,7.0,9.0,0.778,0.769,0.0,1.0,0.0,3.0,16.0,19.0,2.0,2.0,4.0,3.0,8.0,20.0,0.0,13.9,0.744,0.308,0.077,4.6,25.3,14.9,4.0,1.4,4.8,18.2,9.9,0.1,0.1,0.2,0.105,-1.7,0.5,-1.3,0.0,0.0,2020
495,Jared Dudley,8.1,0.5,1.3,0.4,0.4,0.9,0.429,0.1,0.4,0.333,0.55,0.0,0.0,1.0,0.1,1.0,1.2,0.6,0.3,0.1,0.2,0.9,1.5,0.0,0.0,1010.0,0.0,0.0,0.0,0.0,0.0,0.0,0.0,0.0,0.0,0.0,0.0,0.0,0.0,45.0,1.0,364.0,24.0,60.0,0.4,18.0,42.0,0.429,6.0,18.0,0.333,0.55,2.0,2.0,1.0,6.0,46.0,52.0,28.0,15.0,3.0,8.0,41.0,68.0,0.0,7.8,0.558,0.7,0.033,1.8,13.7,7.8,9.5,2.0,0.7,11.6,8.0,0.3,0.5,0.8,0.102,-2.7,2.0,-0.7,0.1,0.0,2020
496,Josh Magette,4.8,0.6,1.9,0.333,0.1,0.5,0.25,0.5,1.4,0.364,0.367,0.1,0.3,0.5,0.1,0.6,0.8,0.6,0.4,0.1,0.6,0.5,1.5,0.0,0.0,1010.0,0.0,0.0,0.0,0.0,0.0,0.0,0.0,0.0,0.0,0.0,0.0,0.0,0.0,8.0,0.0,38.0,5.0,15.0,0.333,1.0,4.0,0.25,4.0,11.0,0.364,0.367,1.0,2.0,0.5,1.0,5.0,6.0,5.0,3.0,1.0,5.0,4.0,12.0,0.0,5.1,0.378,0.267,0.133,2.7,14.6,8.5,19.2,3.8,2.4,23.9,23.7,-0.2,0.1,-0.1,-0.127,-7.9,1.6,-6.2,0.0,0.0,2020
497,Jonah Bolden,6.7,0.6,1.6,0.364,0.0,0.6,0.0,0.6,1.0,0.571,0.364,0.3,0.6,0.5,0.4,0.9,1.3,0.0,0.4,0.3,0.3,1.4,1.4,0.0,0.0,1010.0,0.0,0.0,0.0,0.0,0.0,0.0,0.0,0.0,0.0,0.0,0.0,0.0,0.0,7.0,0.0,47.0,4.0,11.0,0.364,0.0,4.0,0.0,4.0,7.0,0.571,0.364,2.0,4.0,0.5,3.0,6.0,9.0,0.0,3.0,2.0,2.0,10.0,10.0,0.0,4.9,0.392,0.364,0.364,7.0,14.3,10.6,0.0,3.0,3.7,13.6,13.4,-0.1,0.1,0.0,-0.006,-8.8,-0.4,-9.2,-0.1,0.0,2020
498,Kostas Antetokounmpo,4.0,0.6,0.6,1.0,0.0,0.0,0.0,0.6,0.6,1.0,1.0,0.2,0.4,0.5,0.4,0.2,0.6,0.4,0.0,0.0,0.2,0.4,1.4,0.0,0.0,1010.0,0.0,0.0,0.0,0.0,0.0,0.0,0.0,0.0,0.0,0.0,0.0,0.0,0.0,5.0,0.0,20.0,3.0,3.0,1.0,0.0,0.0,0.0,3.0,3.0,1.0,1.0,1.0,2.0,0.5,2.0,1.0,3.0,2.0,0.0,0.0,1.0,2.0,7.0,0.0,16.3,0.902,0.0,0.667,11.1,5.4,8.2,13.7,0.0,0.0,20.5,10.3,0.1,0.0,0.1,0.193,0.2,-0.9,-0.7,0.0,0.0,2020
499,KZ Okpala,5.2,0.6,1.0,0.6,0.0,0.2,0.0,0.6,0.8,0.75,0.6,0.2,0.4,0.5,0.2,0.8,1.0,0.2,0.4,0.2,0.2,0.4,1.4,0.0,0.0,1010.0,0.0,0.0,0.0,0.0,0.0,0.0,0.0,0.0,0.0,0.0,0.0,0.0,0.0,5.0,0.0,26.0,3.0,5.0,0.6,0.0,1.0,0.0,3.0,4.0,0.75,0.6,1.0,2.0,0.5,1.0,4.0,5.0,1.0,2.0,1.0,1.0,2.0,7.0,0.0,13.7,0.595,0.2,0.4,4.5,16.6,10.8,5.5,3.8,3.8,14.5,11.7,0.0,0.0,0.1,0.118,-1.3,3.7,2.4,0.0,0.0,2020
500,Justin Robinson,5.4,0.6,1.3,0.417,0.3,0.6,0.6,0.2,0.8,0.286,0.542,0.0,0.0,0.0,0.1,0.4,0.6,0.8,0.0,0.1,0.3,0.2,1.4,0.0,0.0,1010.0,0.0,0.0,0.0,0.0,0.0,0.0,0.0,0.0,0.0,0.0,0.0,0.0,0.0,9.0,0.0,49.0,5.0,12.0,0.417,3.0,5.0,0.6,2.0,7.0,0.286,0.542,0.0,0.0,0.0,1.0,4.0,5.0,7.0,0.0,1.0,3.0,2.0,13.0,0.0,8.2,0.542,0.417,0.0,2.1,9.3,5.6,18.8,0.0,1.8,20.0,12.7,0.0,0.0,0.0,0.007,-2.6,-3.1,-5.7,0.0,0.0,2020
501,Nigel Williams-Goss,5.0,0.5,1.6,0.313,0.2,0.7,0.286,0.3,0.9,0.333,0.375,0.2,0.2,1.0,0.2,0.4,0.6,0.6,0.3,0.1,0.3,0.6,1.4,0.0,0.0,1010.0,0.0,0.0,0.0,0.0,0.0,0.0,0.0,0.0,0.0,0.0,0.0,0.0,0.0,10.0,0.0,50.0,5.0,16.0,0.313,2.0,7.0,0.286,3.0,9.0,0.333,0.375,2.0,2.0,1.0,2.0,4.0,6.0,6.0,3.0,1.0,3.0,6.0,14.0,0.0,8.1,0.415,0.438,0.125,4.6,8.5,6.6,16.4,2.9,1.7,15.1,17.4,-0.1,0.1,0.0,0.017,-5.2,1.3,-3.9,0.0,0.0,2020
502,Tyson Chandler,8.4,0.5,0.7,0.778,0.0,0.0,0.0,0.5,0.7,0.778,0.778,0.2,0.5,0.462,1.0,1.6,2.5,0.2,0.2,0.3,0.3,1.2,1.3,0.0,0.0,1010.0,0.0,0.0,0.0,0.0,0.0,0.0,0.0,0.0,0.0,0.0,0.0,0.0,0.0,26.0,5.0,219.0,14.0,18.0,0.778,0.0,0.0,0.0,14.0,18.0,0.778,0.778,6.0,13.0,0.462,25.0,41.0,66.0,6.0,6.0,8.0,8.0,32.0,34.0,0.0,10.8,0.717,0.0,0.722,11.8,19.8,15.8,3.5,1.3,3.1,25.2,6.0,0.3,0.3,0.6,0.131,-2.6,1.1,-1.5,0.0,0.0,2020
503,Kyle Guy,3.3,0.7,1.7,0.4,0.0,1.0,0.0,0.7,0.7,1.0,0.4,0.0,0.0,0.0,0.0,0.3,0.3,0.3,0.0,0.0,0.0,0.3,1.3,0.0,0.0,1010.0,0.0,0.0,0.0,0.0,0.0,0.0,0.0,0.0,0.0,0.0,0.0,0.0,0.0,3.0,0.0,10.0,2.0,5.0,0.4,0.0,3.0,0.0,2.0,2.0,1.0,0.4,0.0,0.0,0.0,0.0,1.0,1.0,1.0,0.0,0.0,0.0,1.0,4.0,0.0,6.6,0.4,0.6,0.0,0.0,11.5,5.6,15.6,0.0,0.0,0.0,21.7,0.0,0.0,0.0,-0.045,-7.5,-4.8,-12.3,0.0,0.0,2020
504,Malcolm Miller,5.8,0.4,1.0,0.414,0.3,0.8,0.364,0.1,0.3,0.571,0.552,0.1,0.3,0.375,0.1,0.5,0.6,0.4,0.2,0.1,0.1,0.6,1.3,0.0,0.0,1010.0,0.0,0.0,0.0,0.0,0.0,0.0,0.0,0.0,0.0,0.0,0.0,0.0,0.0,28.0,1.0,162.0,12.0,29.0,0.414,8.0,22.0,0.364,4.0,7.0,0.571,0.552,3.0,8.0,0.375,2.0,14.0,16.0,11.0,5.0,2.0,4.0,18.0,35.0,0.0,6.7,0.538,0.759,0.276,1.3,8.9,5.2,8.9,1.5,1.2,11.0,9.6,0.1,0.2,0.3,0.082,-3.5,1.2,-2.3,0.0,0.0,2020
505,Tariq Owens,5.0,0.3,1.7,0.2,0.0,0.7,0.0,0.3,1.0,0.333,0.2,0.7,0.7,1.0,0.7,0.3,1.0,0.0,0.3,0.0,0.0,0.3,1.3,0.0,0.0,1010.0,0.0,0.0,0.0,0.0,0.0,0.0,0.0,0.0,0.0,0.0,0.0,0.0,0.0,3.0,0.0,15.0,1.0,5.0,0.2,0.0,2.0,0.0,1.0,3.0,0.333,0.2,2.0,2.0,1.0,2.0,1.0,3.0,0.0,1.0,0.0,0.0,1.0,4.0,0.0,8.4,0.34,0.4,0.4,14.6,7.5,11.1,0.0,3.2,0.0,0.0,16.7,0.0,0.0,0.0,0.021,-3.1,-2.7,-5.8,0.0,0.0,2020
506,Jordan Bone,5.3,0.5,2.0,0.25,0.2,1.0,0.2,0.3,1.0,0.3,0.3,0.0,0.0,0.0,0.0,0.4,0.4,0.8,0.1,0.0,0.2,0.6,1.2,0.0,0.0,1010.0,0.0,0.0,0.0,0.0,0.0,0.0,0.0,0.0,0.0,0.0,0.0,0.0,0.0,10.0,0.0,53.0,5.0,20.0,0.25,2.0,10.0,0.2,3.0,10.0,0.3,0.3,0.0,0.0,0.0,0.0,4.0,4.0,8.0,1.0,0.0,2.0,6.0,12.0,0.0,0.8,0.3,0.5,0.0,0.0,8.7,4.3,21.0,0.9,0.0,9.1,18.1,-0.1,0.0,-0.1,-0.117,-9.1,-2.8,-11.9,-0.1,0.0,2020
507,Moses Brown,3.7,0.4,1.1,0.4,0.0,0.0,0.0,0.4,1.1,0.4,0.4,0.3,0.9,0.375,0.3,1.2,1.6,0.1,0.1,0.1,0.3,0.8,1.2,0.0,0.0,1010.0,0.0,0.0,0.0,0.0,0.0,0.0,0.0,0.0,0.0,0.0,0.0,0.0,0.0,9.0,0.0,33.0,4.0,10.0,0.4,0.0,0.0,0.0,4.0,10.0,0.4,0.4,3.0,8.0,0.375,3.0,11.0,14.0,1.0,1.0,1.0,3.0,7.0,11.0,0.0,6.7,0.407,0.0,0.8,9.6,34.5,22.2,4.0,1.4,2.6,18.2,21.2,-0.1,0.0,0.0,-0.065,-8.2,-1.8,-10.0,-0.1,0.0,2020
508,Vlatko Čančar,3.2,0.4,1.1,0.4,0.1,0.4,0.167,0.4,0.6,0.556,0.433,0.3,0.3,1.0,0.4,0.4,0.7,0.2,0.1,0.1,0.2,0.5,1.2,0.0,0.0,1010.0,0.0,0.0,0.0,0.0,0.0,0.0,0.0,0.0,0.0,0.0,0.0,0.0,0.0,14.0,0.0,45.0,6.0,15.0,0.4,1.0,6.0,0.167,5.0,9.0,0.556,0.433,4.0,4.0,1.0,5.0,5.0,10.0,3.0,1.0,1.0,3.0,7.0,17.0,0.0,11.4,0.507,0.4,0.267,12.5,12.4,12.4,9.1,1.1,2.1,15.2,19.1,0.0,0.0,0.1,0.062,-3.6,-1.2,-4.8,0.0,0.0,2020
509,Zhaire Smith,4.6,0.4,1.6,0.273,0.0,0.4,0.0,0.4,1.1,0.375,0.273,0.3,0.6,0.5,0.0,0.3,0.3,0.3,0.4,0.0,0.3,0.6,1.1,0.0,0.0,1010.0,0.0,0.0,0.0,0.0,0.0,0.0,0.0,0.0,0.0,0.0,0.0,0.0,0.0,7.0,0.0,32.0,3.0,11.0,0.273,0.0,3.0,0.0,3.0,8.0,0.375,0.273,2.0,4.0,0.5,0.0,2.0,2.0,2.0,3.0,0.0,2.0,4.0,8.0,0.0,1.1,0.313,0.273,0.364,0.0,6.9,3.5,8.2,4.5,0.0,13.6,19.9,-0.1,0.1,-0.1,-0.12,-10.2,0.4,-9.8,-0.1,0.0,2020
510,Jarred Vanderbilt,4.2,0.5,0.7,0.625,0.0,0.1,0.0,0.5,0.6,0.714,0.625,0.2,0.2,1.0,0.3,0.5,0.8,0.2,0.3,0.1,0.6,0.5,1.1,0.0,0.0,1010.0,0.0,0.0,0.0,0.0,0.0,0.0,0.0,0.0,0.0,0.0,0.0,0.0,0.0,11.0,0.0,46.0,5.0,8.0,0.625,0.0,1.0,0.0,5.0,7.0,0.714,0.625,2.0,2.0,1.0,3.0,6.0,9.0,2.0,3.0,1.0,7.0,6.0,12.0,0.0,7.6,0.676,0.125,0.25,7.3,14.5,10.9,5.9,3.2,2.0,44.1,14.9,-0.1,0.1,0.0,-0.026,-6.8,0.5,-6.3,-0.1,0.0,2020
511,Quinndary Weatherspoon,7.1,0.5,1.5,0.294,0.1,0.5,0.2,0.4,1.1,0.333,0.324,0.1,0.2,0.5,0.1,0.5,0.6,1.0,0.3,0.1,0.5,0.7,1.1,0.0,0.0,1010.0,0.0,0.0,0.0,0.0,0.0,0.0,0.0,0.0,0.0,0.0,0.0,0.0,0.0,11.0,0.0,78.0,5.0,17.0,0.294,1.0,5.0,0.2,4.0,12.0,0.333,0.324,1.0,2.0,0.5,1.0,6.0,7.0,11.0,3.0,1.0,5.0,8.0,12.0,0.0,3.2,0.336,0.294,0.118,1.4,8.3,4.8,17.5,1.8,1.1,21.9,12.7,-0.2,0.0,-0.1,-0.071,-6.4,-1.0,-7.4,-0.1,0.0,2020
512,Kyle Alexander,6.5,0.5,1.0,0.5,0.0,0.0,0.0,0.5,1.0,0.5,0.5,0.0,0.0,0.0,1.0,0.5,1.5,0.0,0.0,0.0,0.5,0.5,1.0,0.0,0.0,1010.0,0.0,0.0,0.0,0.0,0.0,0.0,0.0,0.0,0.0,0.0,0.0,0.0,0.0,2.0,0.0,13.0,1.0,2.0,0.5,0.0,0.0,0.0,1.0,2.0,0.5,0.5,0.0,0.0,0.0,2.0,1.0,3.0,0.0,0.0,0.0,1.0,1.0,2.0,0.0,4.7,0.5,0.0,0.0,17.9,8.3,12.9,0.0,0.0,0.0,33.3,10.2,0.0,0.0,0.0,-0.003,-6.4,-3.7,-10.1,0.0,0.0,2020
513,Brian Bowen,5.2,0.5,1.7,0.3,0.0,0.3,0.0,0.5,1.3,0.375,0.3,0.0,0.0,0.0,0.2,1.0,1.2,0.0,0.0,0.2,0.2,0.5,1.0,0.0,0.0,1010.0,0.0,0.0,0.0,0.0,0.0,0.0,0.0,0.0,0.0,0.0,0.0,0.0,0.0,6.0,1.0,31.0,3.0,10.0,0.3,0.0,2.0,0.0,3.0,8.0,0.375,0.3,0.0,0.0,0.0,1.0,6.0,7.0,0.0,0.0,1.0,1.0,3.0,6.0,0.0,0.1,0.3,0.2,0.0,3.6,21.0,12.4,0.0,0.0,2.8,9.1,15.6,-0.1,0.0,-0.1,-0.107,-9.1,-1.8,-10.9,-0.1,0.0,2020
514,Corey Brewer,6.6,0.4,0.8,0.5,0.0,0.2,0.0,0.4,0.6,0.667,0.5,0.2,0.6,0.333,0.4,1.2,1.6,0.4,0.8,0.0,0.4,1.4,1.0,0.0,0.0,1010.0,0.0,0.0,0.0,0.0,0.0,0.0,0.0,0.0,0.0,0.0,0.0,0.0,0.0,5.0,0.0,33.0,2.0,4.0,0.5,0.0,1.0,0.0,2.0,3.0,0.667,0.5,1.0,3.0,0.333,2.0,6.0,8.0,2.0,4.0,0.0,2.0,7.0,5.0,0.0,8.7,0.47,0.25,0.75,6.7,21.0,13.6,7.7,5.9,0.0,27.3,9.6,0.0,0.1,0.0,0.064,-6.0,2.8,-3.2,0.0,0.0,2020
515,Antonius Cleveland,4.2,0.4,1.3,0.286,0.0,0.3,0.0,0.4,1.0,0.364,0.286,0.3,0.5,0.6,0.2,0.5,0.6,0.1,0.1,0.3,0.2,0.7,1.0,0.0,0.0,1010.0,0.0,0.0,0.0,0.0,0.0,0.0,0.0,0.0,0.0,0.0,0.0,0.0,0.0,11.0,0.0,46.0,4.0,14.0,0.286,0.0,3.0,0.0,4.0,11.0,0.364,0.286,3.0,5.0,0.6,2.0,5.0,7.0,1.0,1.0,3.0,2.0,8.0,11.0,0.0,2.5,0.34,0.214,0.357,4.6,11.3,8.0,2.8,1.1,5.6,11.0,16.9,-0.1,0.0,-0.1,-0.076,-9.0,-1.0,-10.1,-0.1,0.0,2020
516,Josh Gray,11.5,0.5,1.0,0.5,0.0,0.0,0.0,0.5,1.0,0.5,0.5,0.0,0.0,0.0,0.5,0.5,1.0,1.0,0.0,0.0,2.5,0.5,1.0,0.0,0.0,1010.0,0.0,0.0,0.0,0.0,0.0,0.0,0.0,0.0,0.0,0.0,0.0,0.0,0.0,2.0,0.0,23.0,1.0,2.0,0.5,0.0,0.0,0.0,1.0,2.0,0.5,0.5,0.0,0.0,0.0,1.0,1.0,2.0,2.0,0.0,0.0,5.0,1.0,2.0,0.0,-5.0,0.5,0.0,0.0,4.6,4.6,4.6,10.4,0.0,0.0,71.4,12.5,-0.1,0.0,-0.1,-0.226,-11.4,-4.7,-16.0,-0.1,0.0,2020
517,Tyler Zeller,2.0,0.5,2.0,0.25,0.0,0.0,0.0,0.5,2.0,0.25,0.25,0.0,0.0,0.0,1.5,0.5,2.0,0.0,0.0,0.0,0.0,0.0,1.0,0.0,0.0,1010.0,0.0,0.0,0.0,0.0,0.0,0.0,0.0,0.0,0.0,0.0,0.0,0.0,0.0,2.0,0.0,4.0,1.0,4.0,0.25,0.0,0.0,0.0,1.0,4.0,0.25,0.25,0.0,0.0,0.0,3.0,1.0,4.0,0.0,0.0,0.0,0.0,0.0,2.0,0.0,22.4,0.25,0.0,0.0,80.9,26.9,53.9,0.0,0.0,0.0,0.0,43.2,0.0,0.0,0.0,-0.075,-0.3,-22.1,-22.4,0.0,0.0,2020
518,Amile Jefferson,4.1,0.3,0.8,0.357,0.0,0.0,0.0,0.3,0.8,0.357,0.357,0.3,0.8,0.357,0.6,0.7,1.3,0.2,0.1,0.2,0.2,0.4,0.8,0.0,0.0,1010.0,0.0,0.0,0.0,0.0,0.0,0.0,0.0,0.0,0.0,0.0,0.0,0.0,0.0,18.0,0.0,74.0,5.0,14.0,0.357,0.0,0.0,0.0,5.0,14.0,0.357,0.357,5.0,14.0,0.357,10.0,13.0,23.0,4.0,1.0,3.0,3.0,7.0,15.0,0.0,8.9,0.372,0.0,1.0,14.1,19.5,16.7,7.2,0.7,3.7,13.0,13.5,0.0,0.1,0.0,0.023,-4.8,-1.0,-5.8,-0.1,0.0,2020
519,Daryl Macon,3.5,0.3,0.8,0.333,0.3,0.5,0.5,0.0,0.3,0.0,0.5,0.0,0.0,0.0,0.0,0.0,0.0,0.3,0.0,0.0,0.5,0.3,0.8,0.0,0.0,1010.0,0.0,0.0,0.0,0.0,0.0,0.0,0.0,0.0,0.0,0.0,0.0,0.0,0.0,4.0,0.0,14.0,1.0,3.0,0.333,1.0,2.0,0.5,0.0,1.0,0.0,0.5,0.0,0.0,0.0,0.0,0.0,0.0,1.0,0.0,0.0,2.0,1.0,3.0,0.0,-3.1,0.5,0.667,0.0,0.0,0.0,0.0,9.7,0.0,0.0,40.0,15.7,0.0,0.0,0.0,-0.161,-7.3,-4.8,-12.0,0.0,0.0,2020
520,Jared Harper,2.7,0.3,1.3,0.25,0.0,0.7,0.0,0.3,0.7,0.5,0.25,0.0,0.0,0.0,0.0,0.0,0.0,0.0,0.0,0.0,0.0,0.0,0.7,0.0,0.0,1010.0,0.0,0.0,0.0,0.0,0.0,0.0,0.0,0.0,0.0,0.0,0.0,0.0,0.0,3.0,0.0,8.0,1.0,4.0,0.25,0.0,2.0,0.0,1.0,2.0,0.5,0.25,0.0,0.0,0.0,0.0,0.0,0.0,0.0,0.0,0.0,0.0,0.0,2.0,0.0,-5.3,0.25,0.5,0.0,0.0,0.0,0.0,0.0,0.0,0.0,0.0,21.3,0.0,0.0,0.0,-0.249,-10.1,-5.6,-15.7,0.0,0.0,2020
521,Joe Chealey,8.3,0.0,1.8,0.0,0.0,1.0,0.0,0.0,0.8,0.0,0.0,0.5,0.5,1.0,0.0,0.0,0.0,0.3,1.0,0.0,0.5,0.5,0.5,0.0,0.0,1010.0,0.0,0.0,0.0,0.0,0.0,0.0,0.0,0.0,0.0,0.0,0.0,0.0,0.0,4.0,0.0,33.0,0.0,7.0,0.0,0.0,4.0,0.0,0.0,3.0,0.0,0.0,2.0,2.0,1.0,0.0,0.0,0.0,1.0,4.0,0.0,2.0,2.0,2.0,0.0,-2.9,0.127,0.571,0.286,0.0,0.0,0.0,3.9,6.1,0.0,20.2,13.2,-0.2,0.0,-0.1,-0.188,-14.3,1.7,-12.5,-0.1,0.0,2020
522,Matt Mooney,4.8,0.3,1.0,0.25,0.0,0.5,0.0,0.3,0.5,0.5,0.25,0.0,0.0,0.0,0.0,0.8,0.8,0.3,0.5,0.3,0.0,0.3,0.5,0.0,0.0,1010.0,0.0,0.0,0.0,0.0,0.0,0.0,0.0,0.0,0.0,0.0,0.0,0.0,0.0,4.0,0.0,19.0,1.0,4.0,0.25,0.0,2.0,0.0,1.0,2.0,0.5,0.25,0.0,0.0,0.0,0.0,3.0,3.0,1.0,2.0,1.0,0.0,1.0,2.0,0.0,8.1,0.25,0.5,0.0,0.0,17.7,8.8,6.7,5.1,4.5,0.0,9.0,0.0,0.0,0.0,0.007,-5.3,5.0,-0.4,0.0,0.0,2020
523,Henry Ellenson,3.0,0.2,1.4,0.143,0.0,0.8,0.0,0.2,0.6,0.333,0.143,0.0,0.0,0.0,0.4,0.8,1.2,0.2,0.0,0.0,0.0,0.2,0.4,0.0,0.0,1010.0,0.0,0.0,0.0,0.0,0.0,0.0,0.0,0.0,0.0,0.0,0.0,0.0,0.0,5.0,0.0,15.0,1.0,7.0,0.143,0.0,4.0,0.0,1.0,3.0,0.333,0.143,0.0,0.0,0.0,2.0,4.0,6.0,1.0,0.0,0.0,0.0,1.0,2.0,0.0,-1.3,0.143,0.571,0.0,14.1,27.0,20.7,8.7,0.0,0.0,0.0,19.5,-0.1,0.0,-0.1,-0.183,-7.5,-3.4,-10.9,0.0,0.0,2020
524,Marques Bolden,3.0,0.0,0.0,0.0,0.0,0.0,0.0,0.0,0.0,0.0,0.0,0.0,0.0,0.0,0.0,2.0,2.0,0.0,1.0,0.0,0.0,1.0,0.0,0.0,0.0,1010.0,0.0,0.0,0.0,0.0,0.0,0.0,0.0,0.0,0.0,0.0,0.0,0.0,0.0,1.0,0.0,3.0,0.0,0.0,0.0,0.0,0.0,0.0,0.0,0.0,0.0,0.0,0.0,0.0,0.0,0.0,2.0,2.0,0.0,1.0,0.0,0.0,1.0,0.0,0.0,19.8,0.0,0.0,0.0,0.0,74.7,37.0,0.0,16.2,0.0,0.0,0.0,0.0,0.0,0.0,0.282,-5.8,11.3,5.4,0.0,0.0,2020
525,William Howard,6.5,0.0,2.0,0.0,0.0,2.0,0.0,0.0,0.0,0.0,0.0,0.0,0.0,0.0,0.0,1.0,1.0,0.5,0.0,0.0,0.5,0.5,0.0,0.0,0.0,1010.0,0.0,0.0,0.0,0.0,0.0,0.0,0.0,0.0,0.0,0.0,0.0,0.0,0.0,2.0,0.0,13.0,0.0,4.0,0.0,0.0,4.0,0.0,0.0,0.0,0.0,0.0,0.0,0.0,0.0,0.0,2.0,2.0,1.0,0.0,0.0,1.0,1.0,0.0,0.0,-12.7,0.0,1.0,0.0,0.0,16.3,8.1,9.1,0.0,0.0,20.0,15.9,-0.1,0.0,-0.1,-0.357,-14.2,-5.4,-19.6,-0.1,0.0,2020
526,Stanton Kidd,3.8,0.0,0.8,0.0,0.0,0.3,0.0,0.0,0.5,0.0,0.0,0.0,0.0,0.0,0.0,0.8,0.8,0.3,0.0,0.0,0.5,0.8,0.0,0.0,0.0,1010.0,0.0,0.0,0.0,0.0,0.0,0.0,0.0,0.0,0.0,0.0,0.0,0.0,0.0,4.0,0.0,15.0,0.0,3.0,0.0,0.0,1.0,0.0,0.0,2.0,0.0,0.0,0.0,0.0,0.0,0.0,3.0,3.0,1.0,0.0,0.0,2.0,3.0,0.0,0.0,-13.7,0.0,0.333,0.0,0.0,21.3,11.0,8.0,0.0,0.0,40.0,14.6,-0.1,0.0,-0.1,-0.327,-16.2,-1.4,-17.6,-0.1,0.0,2020
527,J.P. Macura,1.0,0.0,0.0,0.0,0.0,0.0,0.0,0.0,0.0,0.0,0.0,0.0,0.0,0.0,0.0,0.0,0.0,0.0,0.0,0.0,0.0,0.0,0.0,0.0,0.0,1010.0,0.0,0.0,0.0,0.0,0.0,0.0,0.0,0.0,0.0,0.0,0.0,0.0,0.0,1.0,0.0,1.0,0.0,0.0,0.0,0.0,0.0,0.0,0.0,0.0,0.0,0.0,0.0,0.0,0.0,0.0,0.0,0.0,0.0,0.0,0.0,0.0,0.0,0.0,0.0,0.0,0.0,0.0,0.0,0.0,0.0,0.0,0.0,0.0,0.0,0.0,0.0,0.0,0.0,0.0,-0.022,-5.2,-1.2,-6.4,0.0,0.0,2020
528,Isaiah Roby,3.7,0.0,0.3,0.0,0.0,0.0,0.0,0.0,0.3,0.0,0.0,0.0,0.0,0.0,0.0,0.7,0.7,0.0,0.0,0.0,0.3,0.3,0.0,0.0,0.0,1010.0,0.0,0.0,0.0,0.0,0.0,0.0,0.0,0.0,0.0,0.0,0.0,0.0,0.0,3.0,0.0,11.0,0.0,1.0,0.0,0.0,0.0,0.0,0.0,1.0,0.0,0.0,0.0,0.0,0.0,0.0,2.0,2.0,0.0,0.0,0.0,1.0,1.0,0.0,0.0,-7.7,0.0,0.0,0.0,0.0,19.5,10.0,0.0,0.0,0.0,50.0,8.0,-0.1,0.0,0.0,-0.188,-12.0,-3.4,-15.4,0.0,0.0,2020
