,Player,MPPG,FGPG,FGAPG,FG%PG,3PPG,3PAPG,3P%PG,2PPG,2PAPG,2P%PG,eFG%PG,FTPG,FTAPG,FT%PG,ORBPG,DRBPG,TRBPG,ASTPG,STLPG,BLKPG,TOVPG,PFPG,PTSPG,First,Pts Won,Pts Max,Share,G_x,MP_x,PTS_x,TRB_x,AST_x,STL_x,BLK_x,FG%_x,3P%_x,FT%_x,WS_x,WS/48_x,G_y,GS,MP_y,FG,FGA,FG%_y,3P,3PA,3P%_y,2P,2PA,2P%,eFG%,FT,FTA,FT%_y,ORB,DRB,TRB_y,AST_y,STL_y,BLK_y,TOV,PF,PTS_y,Trp-Dbl,PER,TS%,3PAr,FTr,ORB%,DRB%,TRB%,AST%,STL%,BLK%,TOV%,USG%,OWS,DWS,WS_y,WS/48_y,OBPM,DBPM,BPM,VORP,First Pts Share,Year
0,Stephen Curry,34.2,10.4,21.7,0.482,5.3,12.7,0.421,5.1,9.0,0.569,0.605,5.7,6.3,0.916,0.5,5.0,5.5,5.8,1.2,0.1,3.4,1.9,32.0,5.0,453.0,1010.0,0.449,63.0,34.2,32.0,5.5,5.8,1.2,0.1,0.482,0.421,0.916,9.0,0.201,63.0,63.0,2152.0,658.0,1365.0,0.482,337.0,801.0,0.421,321.0,564.0,0.569,0.605,362.0,395.0,0.916,29.0,316.0,345.0,363.0,77.0,8.0,213.0,119.0,2015.0,0.0,26.3,0.655,0.587,0.289,1.5,15.4,8.5,30.5,1.7,0.3,12.2,34.8,6.5,2.5,9.0,0.201,8.3,0.4,8.7,5.8,0.0049504950495049506,2021
1,Bradley Beal,35.8,11.2,23.0,0.485,2.2,6.2,0.349,9.0,16.8,0.535,0.532,6.8,7.7,0.889,1.2,3.5,4.7,4.4,1.2,0.4,3.1,2.3,31.3,0.0,0.0,1010.0,0.0,0.0,0.0,0.0,0.0,0.0,0.0,0.0,0.0,0.0,0.0,0.0,0.0,60.0,60.0,2147.0,670.0,1382.0,0.485,130.0,373.0,0.349,540.0,1009.0,0.535,0.532,408.0,459.0,0.889,72.0,211.0,283.0,265.0,69.0,22.0,187.0,140.0,1878.0,0.0,22.7,0.593,0.27,0.332,3.6,10.4,7.0,21.3,1.5,0.9,10.6,34.1,4.2,1.7,5.9,0.132,4.8,-1.4,3.4,2.9,0.0,2021
2,Damian Lillard,35.8,9.0,19.9,0.451,4.1,10.5,0.391,4.9,9.4,0.519,0.554,6.7,7.2,0.928,0.5,3.7,4.2,7.5,0.9,0.3,3.0,1.5,28.8,0.0,38.0,1010.0,0.038,67.0,35.8,28.8,4.2,7.5,0.9,0.3,0.451,0.391,0.928,10.4,0.209,67.0,67.0,2398.0,602.0,1334.0,0.451,275.0,704.0,0.391,327.0,630.0,0.519,0.554,449.0,484.0,0.928,32.0,251.0,283.0,505.0,62.0,17.0,203.0,102.0,1928.0,0.0,25.6,0.623,0.528,0.363,1.4,11.5,6.3,34.6,1.3,0.6,11.6,31.4,9.6,0.8,10.4,0.209,7.5,-1.3,6.3,5.0,0.0,2021
3,Joel Embiid,31.1,9.0,17.6,0.513,1.1,3.0,0.377,7.9,14.6,0.541,0.545,9.2,10.7,0.859,2.2,8.4,10.6,2.8,1.0,1.4,3.1,2.4,28.5,1.0,586.0,1010.0,0.58,51.0,31.1,28.5,10.6,2.8,1.0,1.4,0.513,0.377,0.859,8.8,0.266,51.0,51.0,1585.0,461.0,899.0,0.513,58.0,154.0,0.377,403.0,745.0,0.541,0.545,471.0,548.0,0.859,113.0,426.0,539.0,145.0,50.0,69.0,159.0,123.0,1451.0,0.0,30.3,0.636,0.171,0.61,8.0,29.1,18.7,16.2,1.5,3.9,12.2,35.3,5.6,3.2,8.8,0.266,6.3,1.2,7.5,3.8,0.0009900990099009901,2021
4,Giannis Antetokounmpo,33.0,10.3,18.0,0.569,1.1,3.6,0.303,9.2,14.4,0.636,0.6,6.5,9.5,0.685,1.6,9.4,11.0,5.9,1.2,1.2,3.4,2.8,28.1,1.0,348.0,1010.0,0.345,61.0,33.0,28.1,11.0,5.9,1.2,1.2,0.569,0.303,0.685,10.2,0.244,61.0,61.0,2013.0,626.0,1100.0,0.569,67.0,221.0,0.303,559.0,879.0,0.636,0.6,398.0,581.0,0.685,97.0,574.0,671.0,357.0,72.0,73.0,207.0,168.0,1717.0,7.0,29.2,0.633,0.201,0.528,5.3,28.9,17.5,28.7,1.7,3.2,13.2,32.5,6.9,3.3,10.2,0.244,6.2,2.8,9.0,5.6,0.0009900990099009901,2021
5,Luka Dončić,34.3,9.8,20.5,0.479,2.9,8.3,0.35,6.9,12.2,0.567,0.55,5.2,7.1,0.73,0.8,7.2,8.0,8.6,1.0,0.5,4.3,2.3,27.7,0.0,42.0,1010.0,0.042,66.0,34.3,27.7,8.0,8.6,1.0,0.5,0.479,0.35,0.73,7.7,0.163,66.0,66.0,2262.0,647.0,1351.0,0.479,192.0,548.0,0.35,455.0,803.0,0.567,0.55,344.0,471.0,0.73,54.0,473.0,527.0,567.0,64.0,36.0,281.0,152.0,1830.0,11.0,25.3,0.587,0.406,0.349,2.7,22.9,12.8,44.1,1.4,1.5,15.3,36.0,5.1,2.6,7.7,0.163,6.1,0.7,6.8,5.1,0.0,2021
6,Zach LaVine,35.1,9.8,19.4,0.507,3.4,8.2,0.419,6.4,11.1,0.571,0.596,4.4,5.1,0.849,0.6,4.4,5.0,4.9,0.8,0.5,3.5,2.4,27.4,0.0,0.0,1010.0,0.0,0.0,0.0,0.0,0.0,0.0,0.0,0.0,0.0,0.0,0.0,0.0,0.0,58.0,58.0,2034.0,569.0,1123.0,0.507,200.0,477.0,0.419,369.0,646.0,0.571,0.596,253.0,298.0,0.849,36.0,253.0,289.0,282.0,46.0,27.0,203.0,138.0,1591.0,0.0,21.5,0.634,0.425,0.265,2.0,13.6,7.9,23.4,1.1,1.2,13.9,31.0,4.0,1.8,5.9,0.138,4.9,-0.8,4.0,3.1,0.0,2021
7,Zion Williamson,33.2,10.4,17.0,0.611,0.2,0.6,0.294,10.2,16.4,0.622,0.616,6.0,8.7,0.698,2.7,4.5,7.2,3.7,0.9,0.6,2.7,2.2,27.0,0.0,0.0,1010.0,0.0,0.0,0.0,0.0,0.0,0.0,0.0,0.0,0.0,0.0,0.0,0.0,0.0,61.0,61.0,2026.0,634.0,1037.0,0.611,10.0,34.0,0.294,624.0,1003.0,0.622,0.616,369.0,529.0,0.698,167.0,274.0,441.0,226.0,57.0,39.0,167.0,135.0,1647.0,0.0,27.1,0.649,0.033,0.51,8.9,14.7,11.8,19.7,1.3,1.8,11.6,29.8,7.1,1.6,8.7,0.205,6.1,-0.3,5.8,4.0,0.0,2021
8,Kevin Durant,33.1,9.3,17.2,0.537,2.4,5.4,0.45,6.8,11.8,0.577,0.608,6.0,6.8,0.882,0.4,6.7,7.1,5.6,0.7,1.3,3.4,2.0,26.9,0.0,0.0,1010.0,0.0,0.0,0.0,0.0,0.0,0.0,0.0,0.0,0.0,0.0,0.0,0.0,0.0,35.0,32.0,1157.0,324.0,603.0,0.537,85.0,189.0,0.45,239.0,414.0,0.577,0.608,210.0,238.0,0.882,13.0,234.0,247.0,195.0,25.0,45.0,120.0,70.0,943.0,0.0,26.4,0.666,0.313,0.395,1.3,21.3,11.8,27.5,1.0,3.4,14.5,31.2,3.7,1.2,5.0,0.206,6.4,0.8,7.2,2.7,0.0,2021
9,Kyrie Irving,34.9,10.2,20.1,0.506,2.8,7.0,0.402,7.4,13.1,0.561,0.576,3.7,4.0,0.922,1.0,3.8,4.8,6.0,1.4,0.7,2.4,2.6,26.9,0.0,0.0,1010.0,0.0,0.0,0.0,0.0,0.0,0.0,0.0,0.0,0.0,0.0,0.0,0.0,0.0,54.0,54.0,1886.0,549.0,1086.0,0.506,152.0,378.0,0.402,397.0,708.0,0.561,0.576,201.0,218.0,0.922,52.0,205.0,257.0,324.0,76.0,37.0,130.0,140.0,1451.0,0.0,24.4,0.614,0.348,0.201,3.2,11.4,7.5,28.6,1.9,1.7,9.9,30.4,5.8,1.6,7.4,0.189,5.7,-0.2,5.5,3.6,0.0,2021
10,Nikola Jokić,34.6,10.2,18.0,0.566,1.3,3.3,0.388,8.9,14.7,0.606,0.602,4.8,5.5,0.868,2.8,8.0,10.8,8.3,1.3,0.7,3.1,2.7,26.4,91.0,971.0,1010.0,0.961,72.0,34.6,26.4,10.8,8.3,1.3,0.7,0.566,0.388,0.868,15.6,0.301,72.0,72.0,2488.0,732.0,1293.0,0.566,92.0,237.0,0.388,640.0,1056.0,0.606,0.602,342.0,394.0,0.868,205.0,575.0,780.0,599.0,95.0,48.0,222.0,192.0,1898.0,16.0,31.3,0.647,0.183,0.305,9.4,26.1,17.8,40.4,1.9,1.9,13.1,29.6,12.2,3.4,15.6,0.301,9.1,3.0,12.1,8.8,0.0900990099009901,2021
11,Donovan Mitchell,33.4,9.0,20.6,0.438,3.4,8.7,0.386,5.7,11.9,0.476,0.52,5.0,6.0,0.845,0.9,3.5,4.4,5.2,1.0,0.3,2.8,2.2,26.4,0.0,0.0,1010.0,0.0,0.0,0.0,0.0,0.0,0.0,0.0,0.0,0.0,0.0,0.0,0.0,0.0,53.0,53.0,1771.0,478.0,1091.0,0.438,178.0,461.0,0.386,300.0,630.0,0.476,0.52,267.0,316.0,0.845,50.0,185.0,235.0,277.0,52.0,15.0,147.0,117.0,1401.0,0.0,21.3,0.569,0.423,0.29,3.1,10.6,7.0,26.7,1.4,0.7,10.7,33.5,3.9,2.2,6.2,0.167,4.6,-0.2,4.3,2.8,0.0,2021
12,Jayson Tatum,35.8,9.5,20.6,0.459,2.9,7.6,0.386,6.5,13.0,0.502,0.53,4.6,5.3,0.868,0.8,6.6,7.4,4.3,1.2,0.5,2.7,1.9,26.4,0.0,0.0,1010.0,0.0,0.0,0.0,0.0,0.0,0.0,0.0,0.0,0.0,0.0,0.0,0.0,0.0,64.0,64.0,2290.0,605.0,1318.0,0.459,187.0,485.0,0.386,418.0,833.0,0.502,0.53,295.0,340.0,0.868,50.0,422.0,472.0,276.0,75.0,31.0,171.0,122.0,1692.0,1.0,21.3,0.576,0.368,0.258,2.4,20.7,11.5,20.3,1.6,1.3,10.4,30.8,4.1,2.5,6.5,0.137,4.2,-0.3,3.9,3.4,0.0,2021
13,Devin Booker,33.9,9.3,19.2,0.484,1.9,5.5,0.34,7.4,13.7,0.543,0.533,5.1,5.9,0.867,0.5,3.7,4.2,4.3,0.8,0.2,3.1,2.7,25.6,0.0,0.0,1010.0,0.0,0.0,0.0,0.0,0.0,0.0,0.0,0.0,0.0,0.0,0.0,0.0,0.0,67.0,67.0,2270.0,623.0,1287.0,0.484,126.0,371.0,0.34,497.0,916.0,0.543,0.533,340.0,392.0,0.867,34.0,247.0,281.0,289.0,53.0,16.0,207.0,181.0,1712.0,0.0,19.2,0.587,0.288,0.305,1.7,12.1,7.0,20.6,1.2,0.6,12.4,32.7,2.9,2.0,4.9,0.104,1.7,-1.4,0.3,1.3,0.0,2021
14,Trae Young,33.7,7.7,17.7,0.438,2.2,6.3,0.343,5.6,11.3,0.491,0.499,7.7,8.7,0.886,0.6,3.3,3.9,9.4,0.8,0.2,4.1,1.8,25.3,0.0,0.0,1010.0,0.0,0.0,0.0,0.0,0.0,0.0,0.0,0.0,0.0,0.0,0.0,0.0,0.0,63.0,63.0,2125.0,487.0,1112.0,0.438,136.0,397.0,0.343,351.0,715.0,0.491,0.499,484.0,546.0,0.886,38.0,207.0,245.0,594.0,53.0,12.0,261.0,111.0,1594.0,0.0,23.0,0.589,0.357,0.491,2.0,10.5,6.3,45.5,1.2,0.5,16.2,33.0,5.9,1.3,7.2,0.163,5.3,-1.7,3.7,3.0,0.0,2021
15,De'Aaron Fox,35.1,9.1,19.1,0.477,1.8,5.5,0.322,7.3,13.6,0.539,0.523,5.2,7.2,0.719,0.6,2.9,3.5,7.2,1.5,0.5,3.0,2.9,25.2,0.0,0.0,1010.0,0.0,0.0,0.0,0.0,0.0,0.0,0.0,0.0,0.0,0.0,0.0,0.0,0.0,58.0,58.0,2036.0,529.0,1110.0,0.477,103.0,320.0,0.322,426.0,790.0,0.539,0.523,300.0,417.0,0.719,33.0,170.0,203.0,417.0,87.0,27.0,174.0,170.0,1461.0,0.0,20.7,0.565,0.288,0.376,1.8,9.4,5.5,32.7,2.1,1.1,11.9,31.0,3.4,0.8,4.2,0.098,3.1,-1.3,1.8,2.0,0.0,2021
16,LeBron James,33.4,9.4,18.3,0.513,2.3,6.3,0.365,7.1,12.0,0.591,0.576,4.0,5.7,0.698,0.6,7.0,7.7,7.8,1.1,0.6,3.7,1.6,25.0,0.0,1.0,1010.0,0.001,45.0,33.4,25.0,7.7,7.8,1.1,0.6,0.513,0.365,0.698,5.6,0.179,45.0,45.0,1504.0,422.0,823.0,0.513,104.0,285.0,0.365,318.0,538.0,0.591,0.576,178.0,255.0,0.698,29.0,317.0,346.0,350.0,48.0,25.0,168.0,70.0,1126.0,5.0,24.2,0.602,0.346,0.31,2.2,23.6,12.9,41.8,1.6,1.5,15.2,31.9,3.0,2.6,5.6,0.179,5.9,2.3,8.1,3.8,0.0,2021
17,Kawhi Leonard,34.1,8.9,17.5,0.512,1.9,4.9,0.398,7.0,12.6,0.557,0.568,5.0,5.7,0.885,1.1,5.4,6.5,5.2,1.6,0.4,2.0,1.6,24.8,0.0,1.0,1010.0,0.001,52.0,34.1,24.8,6.5,5.2,1.6,0.4,0.512,0.398,0.885,8.8,0.238,52.0,52.0,1773.0,465.0,908.0,0.512,101.0,254.0,0.398,364.0,654.0,0.557,0.568,261.0,295.0,0.885,55.0,282.0,337.0,269.0,81.0,21.0,105.0,82.0,1292.0,0.0,26.0,0.622,0.28,0.325,3.6,17.4,10.7,24.9,2.3,1.1,9.2,28.6,6.4,2.4,8.8,0.238,6.0,1.3,7.3,4.2,0.0,2021
18,Karl-Anthony Towns,33.8,8.5,17.5,0.486,2.4,6.3,0.387,6.1,11.2,0.541,0.555,5.3,6.2,0.859,2.7,7.9,10.6,4.5,0.8,1.1,3.2,3.7,24.8,0.0,0.0,1010.0,0.0,0.0,0.0,0.0,0.0,0.0,0.0,0.0,0.0,0.0,0.0,0.0,0.0,50.0,50.0,1689.0,425.0,875.0,0.486,122.0,315.0,0.387,303.0,560.0,0.541,0.555,267.0,311.0,0.859,133.0,396.0,529.0,225.0,39.0,57.0,160.0,186.0,1239.0,0.0,23.1,0.612,0.36,0.355,8.2,26.4,17.0,22.6,1.1,2.9,13.7,29.1,3.8,1.6,5.4,0.153,4.3,0.2,4.5,2.8,0.0,2021
19,Jaylen Brown,34.5,9.3,19.2,0.484,2.8,7.1,0.397,6.5,12.1,0.536,0.558,3.3,4.3,0.764,1.2,4.8,6.0,3.4,1.2,0.6,2.7,2.9,24.7,0.0,0.0,1010.0,0.0,0.0,0.0,0.0,0.0,0.0,0.0,0.0,0.0,0.0,0.0,0.0,0.0,58.0,58.0,1999.0,538.0,1111.0,0.484,163.0,411.0,0.397,375.0,700.0,0.536,0.558,191.0,250.0,0.764,71.0,276.0,347.0,195.0,72.0,32.0,158.0,168.0,1430.0,0.0,19.9,0.586,0.37,0.225,3.9,15.5,9.7,16.5,1.8,1.5,11.5,29.7,2.8,2.0,4.8,0.115,3.2,-0.7,2.5,2.3,0.0,2021
20,James Harden,36.6,7.8,16.7,0.466,2.8,7.6,0.362,5.0,9.1,0.553,0.548,6.3,7.3,0.861,0.8,7.1,7.9,10.8,1.2,0.8,4.0,2.3,24.6,0.0,1.0,1010.0,0.001,44.0,36.6,24.6,7.9,10.8,1.2,0.8,0.466,0.362,0.861,7.0,0.208,44.0,43.0,1609.0,342.0,734.0,0.466,121.0,334.0,0.362,221.0,400.0,0.553,0.548,278.0,323.0,0.861,35.0,313.0,348.0,475.0,53.0,33.0,177.0,99.0,1083.0,12.0,24.5,0.618,0.455,0.44,2.5,20.6,11.9,44.4,1.6,1.8,16.8,28.4,5.3,1.7,7.0,0.208,6.2,1.0,7.2,3.7,0.0,2021
21,Collin Sexton,35.3,8.8,18.4,0.475,1.6,4.4,0.371,7.1,14.0,0.508,0.519,5.2,6.4,0.815,1.0,2.2,3.1,4.4,1.0,0.2,2.8,2.6,24.3,0.0,0.0,1010.0,0.0,0.0,0.0,0.0,0.0,0.0,0.0,0.0,0.0,0.0,0.0,0.0,0.0,60.0,60.0,2115.0,525.0,1105.0,0.475,98.0,264.0,0.371,427.0,841.0,0.508,0.519,312.0,383.0,0.815,58.0,129.0,187.0,262.0,62.0,10.0,167.0,157.0,1460.0,0.0,18.0,0.573,0.239,0.347,3.0,7.0,4.9,22.6,1.4,0.4,11.6,29.7,2.6,0.9,3.5,0.08,1.8,-1.9,-0.2,1.0,0.0,2021
22,Julius Randle,37.6,8.5,18.6,0.456,2.3,5.5,0.411,6.2,13.1,0.474,0.516,4.9,6.0,0.811,1.2,9.0,10.2,6.0,0.9,0.3,3.4,3.2,24.1,0.0,20.0,1010.0,0.02,71.0,37.6,24.1,10.2,6.0,0.9,0.3,0.456,0.411,0.811,7.8,0.14,71.0,71.0,2667.0,602.0,1321.0,0.456,160.0,389.0,0.411,442.0,932.0,0.474,0.516,348.0,429.0,0.811,84.0,639.0,723.0,427.0,64.0,18.0,241.0,225.0,1712.0,6.0,19.7,0.567,0.294,0.325,3.5,25.7,14.7,27.2,1.2,0.6,13.8,29.3,3.4,4.3,7.8,0.14,2.9,0.9,3.8,3.9,0.0,2021
23,Brandon Ingram,34.3,8.4,18.0,0.466,2.3,6.1,0.381,6.1,11.9,0.51,0.531,4.6,5.2,0.878,0.6,4.3,4.9,4.9,0.7,0.6,2.5,2.0,23.8,0.0,0.0,1010.0,0.0,0.0,0.0,0.0,0.0,0.0,0.0,0.0,0.0,0.0,0.0,0.0,0.0,61.0,61.0,2093.0,513.0,1101.0,0.466,143.0,375.0,0.381,370.0,726.0,0.51,0.531,281.0,320.0,0.878,34.0,265.0,299.0,296.0,42.0,36.0,154.0,124.0,1450.0,0.0,19.2,0.584,0.341,0.291,1.8,13.7,7.8,22.4,1.0,1.6,11.0,28.0,3.9,1.3,5.3,0.12,3.3,-1.1,2.2,2.2,0.0,2021
24,Shai Gilgeous-Alexander,33.7,8.2,16.1,0.508,2.0,4.9,0.418,6.2,11.3,0.547,0.571,5.3,6.5,0.808,0.5,4.2,4.7,5.9,0.8,0.7,3.0,2.0,23.7,0.0,0.0,1010.0,0.0,0.0,0.0,0.0,0.0,0.0,0.0,0.0,0.0,0.0,0.0,0.0,0.0,35.0,35.0,1180.0,287.0,565.0,0.508,71.0,170.0,0.418,216.0,395.0,0.547,0.571,185.0,229.0,0.808,19.0,147.0,166.0,207.0,27.0,23.0,106.0,70.0,830.0,0.0,21.6,0.623,0.301,0.405,1.7,13.1,7.3,31.2,1.1,1.7,13.7,27.8,2.7,0.8,3.5,0.143,3.9,0.2,4.1,1.8,0.0,2021
25,Nikola Vučević,33.5,9.5,19.9,0.477,2.5,6.3,0.4,7.0,13.7,0.513,0.54,1.9,2.2,0.84,2.1,9.6,11.7,3.8,0.9,0.7,1.8,2.0,23.4,0.0,0.0,1010.0,0.0,0.0,0.0,0.0,0.0,0.0,0.0,0.0,0.0,0.0,0.0,0.0,0.0,70.0,70.0,2348.0,666.0,1396.0,0.477,176.0,440.0,0.4,490.0,956.0,0.513,0.54,131.0,156.0,0.84,146.0,671.0,817.0,269.0,65.0,48.0,126.0,137.0,1639.0,2.0,22.9,0.56,0.315,0.112,6.5,30.9,18.5,21.3,1.3,1.8,7.9,29.3,3.3,3.0,6.3,0.129,4.9,0.4,5.3,4.4,0.0,2021
26,Paul George,33.7,8.2,17.6,0.467,3.2,7.7,0.411,5.1,9.9,0.51,0.557,3.7,4.2,0.868,0.8,5.8,6.6,5.2,1.1,0.4,3.3,2.4,23.3,0.0,0.0,1010.0,0.0,0.0,0.0,0.0,0.0,0.0,0.0,0.0,0.0,0.0,0.0,0.0,0.0,54.0,54.0,1821.0,445.0,953.0,0.467,171.0,416.0,0.411,274.0,537.0,0.51,0.557,198.0,228.0,0.868,45.0,314.0,359.0,280.0,62.0,24.0,179.0,132.0,1259.0,0.0,20.5,0.598,0.437,0.239,2.9,18.9,11.1,24.6,1.7,1.2,14.5,30.0,3.0,2.3,5.3,0.139,3.9,0.3,4.2,2.9,0.0,2021
27,CJ McCollum,34.0,8.6,18.8,0.458,3.6,8.9,0.402,5.0,9.9,0.509,0.554,2.3,2.8,0.812,0.6,3.3,3.9,4.7,0.9,0.4,1.4,1.9,23.1,0.0,0.0,1010.0,0.0,0.0,0.0,0.0,0.0,0.0,0.0,0.0,0.0,0.0,0.0,0.0,0.0,47.0,47.0,1600.0,405.0,884.0,0.458,169.0,420.0,0.402,236.0,464.0,0.509,0.554,108.0,133.0,0.812,30.0,155.0,185.0,223.0,44.0,21.0,65.0,87.0,1087.0,0.0,20.8,0.577,0.475,0.15,2.0,10.6,6.2,23.0,1.3,1.2,6.5,27.1,4.1,0.6,4.7,0.141,5.0,-1.1,3.9,2.4,0.0,2021
28,Jerami Grant,33.9,7.4,17.3,0.429,2.1,6.1,0.35,5.3,11.2,0.473,0.491,5.4,6.4,0.845,0.6,4.0,4.6,2.8,0.6,1.1,2.0,2.3,22.3,0.0,0.0,1010.0,0.0,0.0,0.0,0.0,0.0,0.0,0.0,0.0,0.0,0.0,0.0,0.0,0.0,54.0,54.0,1829.0,400.0,932.0,0.429,115.0,329.0,0.35,285.0,603.0,0.473,0.491,290.0,343.0,0.845,35.0,215.0,250.0,152.0,35.0,58.0,109.0,125.0,1205.0,0.0,16.9,0.556,0.353,0.368,2.1,13.2,7.6,14.3,0.9,2.8,9.1,28.5,1.6,1.6,3.2,0.083,1.9,-0.8,1.1,1.4,0.0,2021
29,Russell Westbrook,36.4,8.4,19.0,0.439,1.3,4.2,0.315,7.0,14.8,0.475,0.474,4.2,6.4,0.656,1.7,9.9,11.5,11.7,1.4,0.4,4.8,2.9,22.2,0.0,5.0,1010.0,0.005,65.0,36.4,22.2,11.5,11.7,1.4,0.4,0.439,0.315,0.656,3.7,0.075,65.0,65.0,2369.0,544.0,1238.0,0.439,86.0,273.0,0.315,458.0,965.0,0.475,0.474,271.0,413.0,0.656,109.0,641.0,750.0,763.0,89.0,23.0,312.0,190.0,1445.0,38.0,19.5,0.509,0.221,0.334,4.9,28.6,16.8,48.6,1.7,0.8,18.0,30.2,0.5,3.2,3.7,0.075,2.6,1.1,3.7,3.4,0.0,2021
30,Anthony Davis,32.3,8.4,17.0,0.491,0.7,2.8,0.26,7.6,14.3,0.536,0.512,4.4,5.9,0.738,1.7,6.2,7.9,3.1,1.3,1.6,2.1,1.7,21.8,0.0,0.0,1010.0,0.0,0.0,0.0,0.0,0.0,0.0,0.0,0.0,0.0,0.0,0.0,0.0,0.0,36.0,36.0,1162.0,301.0,613.0,0.491,26.0,100.0,0.26,275.0,513.0,0.536,0.512,158.0,214.0,0.738,62.0,224.0,286.0,110.0,45.0,59.0,74.0,60.0,786.0,0.0,22.1,0.556,0.163,0.349,6.0,21.5,13.8,16.4,1.9,4.5,9.5,29.2,1.3,2.4,3.7,0.152,2.6,2.2,4.8,2.0,0.0,2021
31,DeMar DeRozan,33.7,7.5,15.1,0.495,0.3,1.2,0.257,7.1,13.9,0.515,0.505,6.3,7.2,0.88,0.7,3.6,4.2,6.9,0.9,0.2,2.0,2.1,21.6,0.0,0.0,1010.0,0.0,0.0,0.0,0.0,0.0,0.0,0.0,0.0,0.0,0.0,0.0,0.0,0.0,61.0,61.0,2056.0,455.0,920.0,0.495,19.0,74.0,0.257,436.0,846.0,0.515,0.505,387.0,440.0,0.88,40.0,219.0,259.0,422.0,56.0,15.0,119.0,128.0,1316.0,0.0,22.0,0.591,0.08,0.478,2.0,11.6,6.7,32.0,1.3,0.6,9.7,26.1,5.9,1.5,7.4,0.172,3.2,-0.1,3.1,2.6,0.0,2021
32,Jimmy Butler,33.6,7.0,14.2,0.497,0.5,2.0,0.245,6.6,12.2,0.538,0.514,6.9,8.0,0.863,1.8,5.1,6.9,7.1,2.1,0.3,2.1,1.4,21.5,0.0,0.0,1010.0,0.0,0.0,0.0,0.0,0.0,0.0,0.0,0.0,0.0,0.0,0.0,0.0,0.0,52.0,52.0,1745.0,366.0,736.0,0.497,25.0,102.0,0.245,341.0,634.0,0.538,0.514,359.0,416.0,0.863,94.0,265.0,359.0,369.0,108.0,18.0,109.0,71.0,1116.0,4.0,26.5,0.607,0.139,0.565,6.3,17.1,11.8,35.1,3.1,1.1,10.6,26.6,6.6,2.7,9.3,0.255,5.4,2.3,7.7,4.3,0.0,2021
33,Pascal Siakam,35.8,7.8,17.2,0.455,1.3,4.4,0.297,6.5,12.8,0.509,0.493,4.4,5.4,0.827,1.7,5.5,7.2,4.5,1.1,0.7,2.3,3.1,21.4,0.0,0.0,1010.0,0.0,0.0,0.0,0.0,0.0,0.0,0.0,0.0,0.0,0.0,0.0,0.0,0.0,56.0,56.0,2006.0,437.0,961.0,0.455,73.0,246.0,0.297,364.0,715.0,0.509,0.493,249.0,301.0,0.827,95.0,310.0,405.0,250.0,64.0,37.0,130.0,174.0,1196.0,1.0,17.7,0.547,0.256,0.313,5.0,17.6,11.1,20.5,1.5,1.8,10.6,26.3,2.3,2.0,4.2,0.101,1.0,-0.3,0.8,1.4,0.0,2021
34,Malcolm Brogdon,34.5,7.9,17.5,0.453,2.6,6.7,0.388,5.3,10.8,0.493,0.527,2.7,3.2,0.864,1.0,4.2,5.3,5.9,0.9,0.3,2.1,2.0,21.2,0.0,0.0,1010.0,0.0,0.0,0.0,0.0,0.0,0.0,0.0,0.0,0.0,0.0,0.0,0.0,0.0,56.0,56.0,1930.0,444.0,980.0,0.453,145.0,374.0,0.388,299.0,606.0,0.493,0.527,153.0,177.0,0.864,58.0,236.0,294.0,329.0,49.0,15.0,115.0,110.0,1186.0,0.0,17.9,0.561,0.382,0.181,3.3,13.2,8.3,25.7,1.2,0.6,9.8,25.9,2.9,1.3,4.2,0.105,3.0,-0.9,2.1,2.0,0.0,2021
35,Jamal Murray,35.5,7.9,16.5,0.477,2.7,6.6,0.408,5.2,9.9,0.523,0.559,2.8,3.2,0.869,0.8,3.3,4.0,4.8,1.3,0.3,2.3,2.0,21.2,0.0,0.0,1010.0,0.0,0.0,0.0,0.0,0.0,0.0,0.0,0.0,0.0,0.0,0.0,0.0,0.0,48.0,48.0,1704.0,378.0,792.0,0.477,129.0,316.0,0.408,249.0,476.0,0.523,0.559,133.0,153.0,0.869,37.0,157.0,194.0,231.0,64.0,13.0,108.0,95.0,1018.0,0.0,18.3,0.592,0.399,0.193,2.5,10.4,6.5,20.3,1.9,0.7,11.2,24.8,3.1,1.5,4.6,0.129,2.7,-0.7,2.0,1.7,0.0,2021
36,Christian Wood,32.3,8.0,15.6,0.514,1.9,5.0,0.374,6.1,10.6,0.581,0.574,3.0,4.8,0.631,1.9,7.8,9.6,1.7,0.8,1.2,2.0,2.1,21.0,0.0,0.0,1010.0,0.0,0.0,0.0,0.0,0.0,0.0,0.0,0.0,0.0,0.0,0.0,0.0,0.0,41.0,41.0,1326.0,329.0,640.0,0.514,77.0,206.0,0.374,252.0,434.0,0.581,0.574,125.0,198.0,0.631,76.0,319.0,395.0,71.0,34.0,48.0,80.0,88.0,860.0,0.0,20.0,0.591,0.322,0.309,5.9,26.8,15.9,9.4,1.2,3.2,9.9,25.9,1.4,1.4,2.8,0.1,1.7,-0.3,1.4,1.1,0.0,2021
37,John Wall,32.2,7.3,18.2,0.404,2.0,6.2,0.317,5.4,11.9,0.449,0.458,4.0,5.3,0.749,0.4,2.8,3.2,6.9,1.1,0.8,3.5,1.2,20.6,0.0,0.0,1010.0,0.0,0.0,0.0,0.0,0.0,0.0,0.0,0.0,0.0,0.0,0.0,0.0,0.0,40.0,40.0,1288.0,293.0,726.0,0.404,79.0,249.0,0.317,214.0,477.0,0.449,0.458,158.0,211.0,0.749,17.0,112.0,129.0,275.0,42.0,31.0,141.0,46.0,823.0,1.0,15.4,0.503,0.343,0.291,1.3,9.7,5.3,36.2,1.5,2.1,14.7,31.7,-1.0,0.8,-0.2,-0.007,1.2,-1.9,-0.7,0.4,0.0,2021
38,Khris Middleton,33.4,7.5,15.8,0.476,2.2,5.4,0.414,5.3,10.4,0.508,0.546,3.1,3.5,0.898,0.8,5.2,6.0,5.4,1.1,0.1,2.6,2.4,20.4,0.0,0.0,1010.0,0.0,0.0,0.0,0.0,0.0,0.0,0.0,0.0,0.0,0.0,0.0,0.0,0.0,68.0,68.0,2269.0,511.0,1074.0,0.476,151.0,365.0,0.414,360.0,709.0,0.508,0.546,212.0,236.0,0.898,54.0,352.0,406.0,370.0,74.0,9.0,178.0,160.0,1385.0,0.0,18.2,0.588,0.34,0.22,2.6,15.7,9.4,23.2,1.5,0.4,13.1,25.0,4.1,2.2,6.4,0.135,1.7,-0.3,1.3,1.9,0.0,2021
39,Terry Rozier,34.5,7.4,16.4,0.45,3.2,8.3,0.389,4.2,8.2,0.512,0.548,2.4,2.9,0.817,0.7,3.7,4.4,4.2,1.3,0.4,1.9,1.7,20.4,0.0,0.0,1010.0,0.0,0.0,0.0,0.0,0.0,0.0,0.0,0.0,0.0,0.0,0.0,0.0,0.0,69.0,69.0,2383.0,510.0,1134.0,0.45,222.0,571.0,0.389,288.0,563.0,0.512,0.548,165.0,202.0,0.817,47.0,255.0,302.0,293.0,87.0,26.0,128.0,119.0,1407.0,0.0,17.1,0.575,0.504,0.178,2.1,11.8,6.9,20.0,1.8,1.1,9.5,24.4,3.3,2.0,5.2,0.105,2.2,-0.5,1.6,2.2,0.0,2021
40,Domantas Sabonis,36.0,7.8,14.6,0.535,0.8,2.6,0.321,7.0,12.0,0.582,0.564,3.9,5.3,0.732,2.4,9.5,12.0,6.7,1.2,0.5,3.4,3.3,20.3,0.0,0.0,1010.0,0.0,0.0,0.0,0.0,0.0,0.0,0.0,0.0,0.0,0.0,0.0,0.0,0.0,62.0,62.0,2231.0,484.0,904.0,0.535,52.0,162.0,0.321,432.0,742.0,0.582,0.564,240.0,328.0,0.732,150.0,592.0,742.0,415.0,76.0,33.0,213.0,203.0,1260.0,9.0,20.6,0.601,0.179,0.363,7.3,28.6,18.0,27.5,1.6,1.2,16.9,24.1,4.0,3.0,6.9,0.149,2.3,1.6,3.8,3.3,0.0,2021
41,Caris LeVert,31.6,7.6,17.3,0.441,1.8,5.5,0.326,5.9,11.8,0.495,0.493,3.1,3.8,0.811,0.7,3.9,4.6,5.2,1.4,0.6,2.2,2.2,20.2,0.0,0.0,1010.0,0.0,0.0,0.0,0.0,0.0,0.0,0.0,0.0,0.0,0.0,0.0,0.0,0.0,47.0,39.0,1486.0,359.0,814.0,0.441,84.0,258.0,0.326,275.0,556.0,0.495,0.493,146.0,180.0,0.811,33.0,181.0,214.0,245.0,66.0,30.0,102.0,105.0,948.0,0.0,17.8,0.531,0.317,0.221,2.5,13.1,7.8,25.4,2.1,1.7,10.2,28.7,0.9,1.5,2.4,0.077,0.9,-0.5,0.4,0.9,0.0,2021
42,Kristaps Porziņģis,30.9,7.6,15.9,0.476,2.3,6.0,0.376,5.3,9.9,0.536,0.547,2.7,3.2,0.855,1.9,7.0,8.9,1.6,0.5,1.3,1.2,2.7,20.1,0.0,0.0,1010.0,0.0,0.0,0.0,0.0,0.0,0.0,0.0,0.0,0.0,0.0,0.0,0.0,0.0,43.0,43.0,1327.0,325.0,683.0,0.476,97.0,258.0,0.376,228.0,425.0,0.536,0.547,118.0,138.0,0.855,82.0,299.0,381.0,68.0,20.0,58.0,51.0,115.0,865.0,0.0,21.3,0.582,0.378,0.202,6.9,24.6,15.8,8.4,0.7,4.1,6.4,26.5,2.6,1.7,4.3,0.154,3.0,-0.8,2.2,1.4,0.0,2021
43,Victor Oladipo,32.7,7.1,17.5,0.408,2.4,7.2,0.326,4.8,10.2,0.466,0.476,3.2,4.2,0.754,0.4,4.5,4.8,4.6,1.4,0.4,2.5,2.5,19.8,0.0,0.0,1010.0,0.0,0.0,0.0,0.0,0.0,0.0,0.0,0.0,0.0,0.0,0.0,0.0,0.0,33.0,33.0,1080.0,235.0,576.0,0.408,78.0,239.0,0.326,157.0,337.0,0.466,0.476,104.0,138.0,0.754,12.0,148.0,160.0,151.0,46.0,14.0,83.0,81.0,652.0,0.0,14.3,0.512,0.415,0.24,1.2,15.1,8.0,22.8,2.0,1.2,11.5,28.5,-0.6,1.0,0.4,0.017,-0.9,-0.8,-1.7,0.1,0.0,2021
44,Malik Beasley,32.8,7.1,16.2,0.44,3.5,8.7,0.399,3.7,7.5,0.487,0.547,1.8,2.2,0.85,0.8,3.6,4.4,2.4,0.8,0.2,1.6,1.7,19.6,0.0,0.0,1010.0,0.0,0.0,0.0,0.0,0.0,0.0,0.0,0.0,0.0,0.0,0.0,0.0,0.0,37.0,36.0,1214.0,264.0,600.0,0.44,128.0,321.0,0.399,136.0,279.0,0.487,0.547,68.0,80.0,0.85,28.0,134.0,162.0,88.0,30.0,7.0,60.0,62.0,724.0,0.0,14.6,0.57,0.535,0.133,2.4,12.4,7.2,11.6,1.2,0.5,8.6,24.0,0.9,0.4,1.3,0.053,1.6,-1.8,-0.2,0.6,0.0,2021
45,Gordon Hayward,34.0,7.1,15.0,0.473,1.9,4.7,0.415,5.1,10.3,0.499,0.537,3.5,4.2,0.843,0.8,5.0,5.9,4.1,1.2,0.3,2.1,1.7,19.6,0.0,0.0,1010.0,0.0,0.0,0.0,0.0,0.0,0.0,0.0,0.0,0.0,0.0,0.0,0.0,0.0,44.0,44.0,1496.0,311.0,658.0,0.473,85.0,205.0,0.415,226.0,453.0,0.499,0.537,156.0,185.0,0.843,37.0,221.0,258.0,181.0,52.0,14.0,91.0,74.0,863.0,0.0,17.6,0.584,0.312,0.281,2.6,16.3,9.3,19.5,1.7,0.9,11.0,23.9,2.2,1.4,3.5,0.114,1.6,-0.1,1.6,1.4,0.0,2021
46,Fred VanVleet,36.5,6.5,16.7,0.389,3.3,9.2,0.366,3.2,7.6,0.416,0.489,3.3,3.7,0.885,0.6,3.6,4.2,6.3,1.7,0.7,1.8,2.3,19.6,0.0,0.0,1010.0,0.0,0.0,0.0,0.0,0.0,0.0,0.0,0.0,0.0,0.0,0.0,0.0,0.0,52.0,52.0,1899.0,338.0,870.0,0.389,174.0,476.0,0.366,164.0,394.0,0.416,0.489,169.0,191.0,0.885,32.0,188.0,220.0,328.0,87.0,37.0,95.0,119.0,1019.0,0.0,16.8,0.534,0.547,0.22,1.8,11.3,6.4,26.7,2.2,2.0,9.1,23.9,2.4,1.8,4.3,0.108,2.2,0.2,2.5,2.2,0.0,2021
47,Tobias Harris,32.5,7.6,14.9,0.512,1.3,3.4,0.394,6.3,11.5,0.546,0.556,2.9,3.3,0.892,1.0,5.8,6.8,3.5,0.9,0.8,1.7,1.9,19.5,0.0,0.0,1010.0,0.0,0.0,0.0,0.0,0.0,0.0,0.0,0.0,0.0,0.0,0.0,0.0,0.0,62.0,62.0,2014.0,473.0,924.0,0.512,82.0,208.0,0.394,391.0,716.0,0.546,0.556,182.0,204.0,0.892,62.0,357.0,419.0,220.0,55.0,51.0,107.0,119.0,1210.0,0.0,20.0,0.597,0.225,0.221,3.5,19.2,11.4,17.6,1.3,2.3,9.5,23.9,4.1,3.1,7.1,0.17,2.9,0.8,3.7,2.9,0.0,2021
48,Anthony Edwards,32.1,7.0,16.8,0.417,2.4,7.2,0.329,4.6,9.6,0.483,0.488,2.9,3.8,0.776,0.8,3.8,4.7,2.9,1.1,0.5,2.2,1.8,19.3,0.0,0.0,1010.0,0.0,0.0,0.0,0.0,0.0,0.0,0.0,0.0,0.0,0.0,0.0,0.0,0.0,72.0,55.0,2314.0,505.0,1211.0,0.417,171.0,520.0,0.329,334.0,691.0,0.483,0.488,211.0,272.0,0.776,59.0,277.0,336.0,211.0,82.0,36.0,160.0,129.0,1392.0,0.0,13.9,0.523,0.429,0.225,2.7,13.5,7.9,14.6,1.7,1.3,10.7,27.0,-0.6,1.4,0.8,0.017,-0.4,-1.7,-2.1,-0.1,0.0,2021
49,Kemba Walker,31.8,6.6,15.7,0.42,3.0,8.2,0.36,3.7,7.5,0.486,0.514,3.1,3.5,0.899,0.4,3.6,4.0,4.9,1.1,0.3,2.0,1.4,19.3,0.0,0.0,1010.0,0.0,0.0,0.0,0.0,0.0,0.0,0.0,0.0,0.0,0.0,0.0,0.0,0.0,43.0,43.0,1369.0,284.0,676.0,0.42,127.0,353.0,0.36,157.0,323.0,0.486,0.514,134.0,149.0,0.899,16.0,154.0,170.0,212.0,48.0,12.0,88.0,61.0,829.0,0.0,17.7,0.559,0.522,0.22,1.3,12.6,6.9,23.8,1.7,0.8,10.6,26.1,2.1,1.1,3.3,0.115,2.8,-0.7,2.1,1.4,0.0,2021
50,Ja Morant,32.6,6.8,15.2,0.449,1.2,3.8,0.303,5.7,11.4,0.499,0.487,4.3,5.9,0.728,0.9,3.1,4.0,7.4,0.9,0.2,3.2,1.4,19.1,0.0,0.0,1010.0,0.0,0.0,0.0,0.0,0.0,0.0,0.0,0.0,0.0,0.0,0.0,0.0,0.0,63.0,63.0,2053.0,430.0,957.0,0.449,73.0,241.0,0.303,357.0,716.0,0.499,0.487,271.0,372.0,0.728,59.0,193.0,252.0,465.0,57.0,13.0,203.0,87.0,1204.0,1.0,16.7,0.537,0.252,0.389,3.0,10.1,6.5,33.5,1.3,0.6,15.3,27.2,1.6,1.6,3.2,0.074,1.3,-1.6,-0.4,0.8,0.0,2021
51,Michael Porter Jr.,31.3,7.3,13.4,0.542,2.8,6.3,0.445,4.5,7.1,0.628,0.646,1.7,2.2,0.791,1.5,5.8,7.3,1.1,0.7,0.9,1.3,2.1,19.0,0.0,0.0,1010.0,0.0,0.0,0.0,0.0,0.0,0.0,0.0,0.0,0.0,0.0,0.0,0.0,0.0,61.0,54.0,1912.0,443.0,817.0,0.542,170.0,382.0,0.445,273.0,435.0,0.628,0.646,106.0,134.0,0.791,91.0,354.0,445.0,70.0,40.0,54.0,77.0,126.0,1162.0,0.0,20.6,0.663,0.468,0.164,5.4,20.9,13.2,5.6,1.0,2.8,8.1,21.7,4.8,2.1,6.9,0.173,4.0,-0.9,3.1,2.5,0.0,2021
52,D'Angelo Russell,28.5,6.7,15.5,0.431,2.9,7.4,0.387,3.8,8.1,0.471,0.523,2.7,3.5,0.765,0.4,2.3,2.6,5.8,1.1,0.4,2.7,1.6,19.0,0.0,0.0,1010.0,0.0,0.0,0.0,0.0,0.0,0.0,0.0,0.0,0.0,0.0,0.0,0.0,0.0,42.0,26.0,1196.0,281.0,652.0,0.431,120.0,310.0,0.387,161.0,342.0,0.471,0.523,114.0,149.0,0.765,16.0,95.0,111.0,244.0,45.0,18.0,112.0,68.0,796.0,0.0,17.6,0.555,0.475,0.229,1.4,8.9,5.0,33.6,1.8,1.3,13.5,29.1,1.0,0.6,1.6,0.063,3.3,-1.7,1.6,1.1,0.0,2021
53,Bam Adebayo,33.5,7.1,12.5,0.57,0.0,0.1,0.25,7.1,12.4,0.573,0.571,4.4,5.5,0.799,2.2,6.7,9.0,5.4,1.2,1.0,2.6,2.3,18.7,0.0,0.0,1010.0,0.0,0.0,0.0,0.0,0.0,0.0,0.0,0.0,0.0,0.0,0.0,0.0,0.0,64.0,64.0,2143.0,456.0,800.0,0.57,2.0,8.0,0.25,454.0,792.0,0.573,0.571,283.0,354.0,0.799,142.0,431.0,573.0,346.0,75.0,66.0,169.0,145.0,1197.0,2.0,22.7,0.626,0.01,0.443,7.7,22.6,15.3,26.9,1.7,3.2,15.0,23.7,5.6,3.2,8.8,0.197,2.9,2.0,4.9,3.7,0.0,2021
54,Norman Powell,32.0,6.3,13.3,0.477,2.5,6.0,0.411,3.9,7.3,0.532,0.57,3.4,3.9,0.871,0.6,2.5,3.1,1.9,1.2,0.3,1.7,2.3,18.6,0.0,0.0,1010.0,0.0,0.0,0.0,0.0,0.0,0.0,0.0,0.0,0.0,0.0,0.0,0.0,0.0,69.0,58.0,2205.0,438.0,918.0,0.477,171.0,416.0,0.411,267.0,502.0,0.532,0.57,236.0,271.0,0.871,42.0,173.0,215.0,129.0,82.0,18.0,119.0,160.0,1283.0,0.0,16.2,0.618,0.453,0.295,2.0,8.8,5.3,9.2,1.8,0.8,10.3,22.6,3.4,1.3,4.7,0.103,1.1,-0.7,0.4,1.3,0.0,2021
55,Andrew Wiggins,33.3,7.1,14.9,0.477,2.0,5.2,0.38,5.1,9.7,0.529,0.543,2.4,3.4,0.714,1.2,3.7,4.9,2.4,0.9,1.0,1.8,2.2,18.6,0.0,0.0,1010.0,0.0,0.0,0.0,0.0,0.0,0.0,0.0,0.0,0.0,0.0,0.0,0.0,0.0,71.0,71.0,2364.0,505.0,1058.0,0.477,140.0,368.0,0.38,365.0,690.0,0.529,0.543,170.0,238.0,0.714,82.0,265.0,347.0,167.0,67.0,70.0,126.0,159.0,1320.0,0.0,15.0,0.568,0.348,0.225,3.7,11.8,7.8,10.9,1.3,2.6,9.8,23.3,1.2,2.7,3.9,0.08,0.0,-0.4,-0.4,1.0,0.0,2021
56,Jordan Clarkson,26.7,6.7,15.8,0.425,3.1,8.8,0.347,3.7,7.0,0.523,0.522,1.9,2.1,0.896,0.7,3.3,4.0,2.5,0.9,0.1,1.7,1.6,18.4,0.0,0.0,1010.0,0.0,0.0,0.0,0.0,0.0,0.0,0.0,0.0,0.0,0.0,0.0,0.0,0.0,68.0,1.0,1818.0,457.0,1075.0,0.425,208.0,599.0,0.347,249.0,476.0,0.523,0.522,129.0,144.0,0.896,47.0,227.0,274.0,168.0,61.0,10.0,115.0,110.0,1251.0,0.0,17.1,0.549,0.557,0.134,2.9,12.7,8.0,15.3,1.6,0.4,9.2,29.7,1.7,2.5,4.2,0.111,1.8,-0.4,1.4,1.6,0.0,2021
57,Eric Gordon,29.2,5.9,13.6,0.433,2.6,7.8,0.329,3.3,5.8,0.573,0.527,3.5,4.2,0.825,0.3,1.9,2.1,2.6,0.5,0.5,1.9,1.6,17.8,0.0,0.0,1010.0,0.0,0.0,0.0,0.0,0.0,0.0,0.0,0.0,0.0,0.0,0.0,0.0,0.0,27.0,13.0,789.0,159.0,367.0,0.433,69.0,210.0,0.329,90.0,157.0,0.573,0.527,94.0,114.0,0.825,8.0,50.0,58.0,71.0,14.0,13.0,51.0,44.0,481.0,0.0,14.4,0.577,0.572,0.311,1.0,7.1,3.9,14.6,0.8,1.5,10.9,25.2,0.6,0.2,0.8,0.048,0.7,-1.7,-1.0,0.2,0.0,2021
58,Jrue Holiday,32.3,7.0,13.9,0.503,1.9,4.8,0.392,5.1,9.2,0.561,0.57,1.8,2.3,0.787,1.2,3.3,4.5,6.1,1.6,0.6,2.2,1.7,17.7,0.0,0.0,1010.0,0.0,0.0,0.0,0.0,0.0,0.0,0.0,0.0,0.0,0.0,0.0,0.0,0.0,59.0,56.0,1907.0,414.0,823.0,0.503,111.0,283.0,0.392,303.0,540.0,0.561,0.57,107.0,136.0,0.787,73.0,195.0,268.0,357.0,96.0,37.0,127.0,98.0,1046.0,0.0,20.0,0.592,0.344,0.165,4.2,10.4,7.4,26.3,2.4,1.7,12.6,22.2,4.3,2.2,6.6,0.165,2.8,0.6,3.4,2.6,0.0,2021
59,RJ Barrett,34.9,6.5,14.7,0.441,1.7,4.3,0.401,4.8,10.4,0.457,0.499,2.9,3.8,0.746,0.9,4.8,5.8,3.0,0.7,0.3,1.9,2.6,17.6,0.0,0.0,1010.0,0.0,0.0,0.0,0.0,0.0,0.0,0.0,0.0,0.0,0.0,0.0,0.0,0.0,72.0,72.0,2511.0,467.0,1060.0,0.441,124.0,309.0,0.401,343.0,751.0,0.457,0.499,206.0,276.0,0.746,68.0,346.0,414.0,217.0,53.0,20.0,139.0,188.0,1264.0,0.0,13.4,0.535,0.292,0.26,3.0,14.8,8.9,13.8,1.1,0.8,10.5,23.4,0.9,3.1,4.1,0.078,-0.9,-0.3,-1.2,0.5,0.0,2021
60,John Collins,29.3,6.8,12.2,0.556,1.3,3.3,0.399,5.5,8.9,0.615,0.61,2.7,3.2,0.833,1.9,5.5,7.4,1.2,0.5,1.0,1.3,3.1,17.6,0.0,0.0,1010.0,0.0,0.0,0.0,0.0,0.0,0.0,0.0,0.0,0.0,0.0,0.0,0.0,0.0,63.0,63.0,1848.0,429.0,771.0,0.556,83.0,208.0,0.399,346.0,563.0,0.615,0.61,170.0,204.0,0.833,118.0,349.0,467.0,78.0,34.0,63.0,84.0,193.0,1111.0,0.0,20.6,0.645,0.27,0.265,7.1,20.3,13.8,6.9,0.9,3.0,8.9,22.2,4.8,1.9,6.7,0.174,2.5,-0.2,2.3,2.0,0.0,2021
61,Darius Garland,33.1,6.7,14.9,0.451,1.9,4.9,0.395,4.8,9.9,0.479,0.517,2.1,2.4,0.848,0.4,2.0,2.4,6.1,1.2,0.1,3.0,2.0,17.4,0.0,0.0,1010.0,0.0,0.0,0.0,0.0,0.0,0.0,0.0,0.0,0.0,0.0,0.0,0.0,0.0,54.0,50.0,1790.0,362.0,802.0,0.451,105.0,266.0,0.395,257.0,536.0,0.479,0.517,112.0,132.0,0.848,23.0,106.0,129.0,329.0,66.0,6.0,164.0,110.0,941.0,0.0,14.2,0.547,0.332,0.165,1.4,6.8,4.0,30.9,1.8,0.3,16.0,24.9,0.3,0.9,1.2,0.033,0.0,-2.1,-2.1,-0.1,0.0,2021
62,Dillon Brooks,29.8,6.4,15.4,0.419,1.9,5.6,0.344,4.5,9.8,0.461,0.481,2.4,2.9,0.815,0.8,2.1,2.9,2.3,1.2,0.4,1.8,3.5,17.2,0.0,0.0,1010.0,0.0,0.0,0.0,0.0,0.0,0.0,0.0,0.0,0.0,0.0,0.0,0.0,0.0,67.0,67.0,1997.0,432.0,1031.0,0.419,128.0,372.0,0.344,304.0,659.0,0.461,0.481,159.0,195.0,0.815,53.0,143.0,196.0,157.0,78.0,26.0,119.0,237.0,1151.0,0.0,12.1,0.515,0.361,0.189,2.8,7.7,5.2,11.7,1.9,1.2,9.6,26.1,-0.5,1.8,1.4,0.033,-2.6,-1.1,-3.7,-0.9,0.0,2021
63,Kyle Lowry,34.8,5.7,13.0,0.436,2.8,7.2,0.396,2.8,5.8,0.487,0.546,3.0,3.5,0.875,0.8,4.6,5.4,7.3,1.0,0.3,2.7,3.1,17.2,0.0,0.0,1010.0,0.0,0.0,0.0,0.0,0.0,0.0,0.0,0.0,0.0,0.0,0.0,0.0,0.0,46.0,46.0,1601.0,260.0,596.0,0.436,131.0,331.0,0.396,129.0,265.0,0.487,0.546,140.0,160.0,0.875,35.0,212.0,247.0,338.0,45.0,14.0,126.0,143.0,791.0,2.0,16.5,0.593,0.555,0.268,2.3,15.1,8.5,31.8,1.4,0.9,15.9,21.4,2.9,1.3,4.1,0.124,2.0,-0.4,1.6,1.5,0.0,2021
64,Evan Fournier,30.0,5.9,12.9,0.457,2.8,6.7,0.413,3.1,6.1,0.504,0.565,2.6,3.3,0.788,0.2,2.8,3.0,3.4,1.1,0.5,1.7,2.3,17.1,0.0,0.0,1010.0,0.0,0.0,0.0,0.0,0.0,0.0,0.0,0.0,0.0,0.0,0.0,0.0,0.0,42.0,36.0,1259.0,247.0,541.0,0.457,117.0,283.0,0.413,130.0,258.0,0.504,0.565,108.0,137.0,0.788,10.0,118.0,128.0,144.0,47.0,19.0,73.0,96.0,719.0,0.0,16.7,0.598,0.523,0.253,0.8,10.2,5.4,18.6,1.8,1.4,10.8,23.1,1.8,1.0,2.8,0.107,1.5,-0.4,1.1,1.0,0.0,2021
65,Jonas Valančiūnas,28.3,7.1,12.0,0.592,0.3,0.9,0.368,6.8,11.1,0.611,0.606,2.5,3.3,0.773,4.1,8.4,12.5,1.8,0.6,0.9,1.6,2.9,17.1,0.0,0.0,1010.0,0.0,0.0,0.0,0.0,0.0,0.0,0.0,0.0,0.0,0.0,0.0,0.0,0.0,62.0,61.0,1755.0,440.0,743.0,0.592,21.0,57.0,0.368,419.0,686.0,0.611,0.606,157.0,203.0,0.773,253.0,523.0,776.0,112.0,35.0,57.0,100.0,179.0,1058.0,0.0,24.4,0.636,0.077,0.273,15.1,31.9,23.4,10.0,1.0,2.9,10.7,22.4,5.1,2.6,7.8,0.213,3.2,-0.3,3.0,2.2,0.0,2021
66,Bojan Bogdanović,30.8,5.6,12.8,0.439,2.5,6.4,0.39,3.1,6.4,0.487,0.536,3.2,3.7,0.879,0.6,3.3,3.9,1.9,0.6,0.1,1.8,1.6,17.0,0.0,0.0,1010.0,0.0,0.0,0.0,0.0,0.0,0.0,0.0,0.0,0.0,0.0,0.0,0.0,0.0,72.0,72.0,2216.0,406.0,925.0,0.439,180.0,461.0,0.39,226.0,464.0,0.487,0.536,233.0,265.0,0.879,40.0,241.0,281.0,136.0,45.0,4.0,128.0,115.0,1225.0,0.0,14.0,0.588,0.498,0.286,2.0,11.1,6.7,9.1,1.0,0.1,10.9,22.8,2.7,2.5,5.2,0.113,0.2,-0.7,-0.4,0.9,0.0,2021
67,Tim Hardaway Jr.,28.4,5.8,13.0,0.447,3.0,7.6,0.391,2.9,5.5,0.524,0.56,2.0,2.5,0.816,0.3,3.0,3.3,1.8,0.4,0.2,0.9,1.6,16.6,0.0,0.0,1010.0,0.0,0.0,0.0,0.0,0.0,0.0,0.0,0.0,0.0,0.0,0.0,0.0,0.0,70.0,31.0,1985.0,407.0,911.0,0.447,207.0,529.0,0.391,200.0,382.0,0.524,0.56,142.0,174.0,0.816,20.0,209.0,229.0,126.0,31.0,11.0,64.0,111.0,1163.0,0.0,15.7,0.589,0.581,0.191,1.1,11.5,6.4,9.8,0.8,0.5,6.1,23.4,3.2,1.2,4.3,0.105,2.0,-1.7,0.4,1.2,0.0,2021
68,Buddy Hield,34.3,5.7,14.0,0.406,4.0,10.2,0.391,1.7,3.8,0.446,0.548,1.2,1.5,0.846,0.4,4.3,4.7,3.6,0.9,0.4,1.8,2.5,16.6,0.0,0.0,1010.0,0.0,0.0,0.0,0.0,0.0,0.0,0.0,0.0,0.0,0.0,0.0,0.0,0.0,71.0,71.0,2433.0,403.0,992.0,0.406,282.0,721.0,0.391,121.0,271.0,0.446,0.548,88.0,104.0,0.846,29.0,305.0,334.0,257.0,63.0,30.0,130.0,175.0,1176.0,0.0,12.8,0.567,0.727,0.105,1.3,14.1,7.6,14.7,1.2,1.0,11.1,20.7,1.5,0.7,2.2,0.044,1.0,-1.6,-0.6,0.9,0.0,2021
69,Kevin Porter Jr.,32.1,6.0,14.1,0.425,1.9,6.2,0.311,4.1,7.9,0.515,0.493,2.7,3.6,0.734,0.8,3.0,3.8,6.3,0.7,0.3,3.5,2.3,16.6,0.0,0.0,1010.0,0.0,0.0,0.0,0.0,0.0,0.0,0.0,0.0,0.0,0.0,0.0,0.0,0.0,26.0,23.0,835.0,156.0,367.0,0.425,50.0,161.0,0.311,106.0,206.0,0.515,0.493,69.0,94.0,0.734,20.0,79.0,99.0,164.0,19.0,8.0,91.0,61.0,431.0,0.0,12.5,0.528,0.439,0.256,2.4,10.5,6.3,31.2,1.1,0.9,18.2,25.4,-0.3,0.3,0.0,0.0,-1.1,-2.4,-3.5,-0.3,0.0,2021
70,Bogdan Bogdanović,29.7,6.1,12.8,0.473,3.3,7.6,0.438,2.8,5.3,0.522,0.602,0.9,1.0,0.909,0.5,3.2,3.6,3.3,1.1,0.3,1.2,2.3,16.4,0.0,0.0,1010.0,0.0,0.0,0.0,0.0,0.0,0.0,0.0,0.0,0.0,0.0,0.0,0.0,0.0,44.0,27.0,1305.0,267.0,565.0,0.473,146.0,333.0,0.438,121.0,232.0,0.522,0.602,40.0,44.0,0.909,20.0,140.0,160.0,147.0,49.0,13.0,54.0,99.0,720.0,0.0,17.6,0.616,0.589,0.078,1.7,11.5,6.7,17.6,1.8,0.9,8.5,21.3,2.8,1.1,3.9,0.142,3.3,0.3,3.6,1.8,0.0,2021
71,Chris Paul,31.4,6.3,12.6,0.499,1.5,3.7,0.395,4.8,8.9,0.543,0.557,2.4,2.6,0.934,0.4,4.1,4.5,8.9,1.4,0.3,2.2,2.4,16.4,2.0,139.0,1010.0,0.138,70.0,31.4,16.4,4.5,8.9,1.4,0.3,0.499,0.395,0.934,9.2,0.201,70.0,70.0,2199.0,439.0,879.0,0.499,102.0,258.0,0.395,337.0,621.0,0.543,0.557,169.0,181.0,0.934,25.0,287.0,312.0,622.0,99.0,19.0,156.0,166.0,1149.0,1.0,21.4,0.599,0.294,0.206,1.3,14.5,8.0,40.9,2.2,0.8,14.0,22.6,6.5,2.7,9.2,0.201,3.5,1.1,4.6,3.6,0.0019801980198019802,2021
72,Khyri Thomas,30.6,6.4,13.2,0.485,1.8,5.4,0.333,4.6,7.8,0.59,0.553,1.8,1.8,1.0,1.4,2.2,3.6,5.0,1.8,1.2,1.2,1.6,16.4,0.0,0.0,1010.0,0.0,0.0,0.0,0.0,0.0,0.0,0.0,0.0,0.0,0.0,0.0,0.0,0.0,5.0,2.0,153.0,32.0,66.0,0.485,9.0,27.0,0.333,23.0,39.0,0.59,0.553,9.0,9.0,1.0,7.0,11.0,18.0,25.0,9.0,6.0,6.0,8.0,82.0,0.0,21.3,0.586,0.409,0.136,4.7,8.0,6.3,26.9,2.8,3.5,7.9,21.1,0.4,0.1,0.5,0.164,2.5,-0.1,2.4,0.2,0.0,2021
73,Mike Conley,29.4,5.6,12.5,0.444,2.7,6.6,0.412,2.9,6.0,0.479,0.552,2.4,2.8,0.852,0.7,2.8,3.5,6.0,1.4,0.2,1.9,1.9,16.2,0.0,0.0,1010.0,0.0,0.0,0.0,0.0,0.0,0.0,0.0,0.0,0.0,0.0,0.0,0.0,0.0,51.0,51.0,1498.0,284.0,640.0,0.444,138.0,335.0,0.412,146.0,305.0,0.479,0.552,121.0,142.0,0.852,36.0,141.0,177.0,305.0,70.0,9.0,99.0,98.0,827.0,0.0,19.2,0.589,0.523,0.222,2.7,9.6,6.3,30.6,2.3,0.5,12.4,23.1,4.0,2.1,6.1,0.197,3.6,1.3,4.9,2.6,0.0,2021
74,Harrison Barnes,36.2,5.5,11.1,0.497,1.7,4.4,0.391,3.8,6.7,0.567,0.575,3.4,4.1,0.83,1.1,5.5,6.6,3.5,0.7,0.2,1.6,1.3,16.1,0.0,0.0,1010.0,0.0,0.0,0.0,0.0,0.0,0.0,0.0,0.0,0.0,0.0,0.0,0.0,0.0,58.0,58.0,2102.0,319.0,642.0,0.497,100.0,256.0,0.391,219.0,386.0,0.567,0.575,195.0,235.0,0.83,64.0,321.0,385.0,201.0,43.0,11.0,93.0,75.0,933.0,0.0,15.4,0.626,0.399,0.366,3.3,17.2,10.2,13.0,1.0,0.4,11.1,17.2,4.0,0.5,4.5,0.103,1.5,-1.3,0.2,1.1,0.0,2021
75,Elijah Bryant,32.0,6.0,13.0,0.462,1.0,5.0,0.2,5.0,8.0,0.625,0.5,3.0,3.0,1.0,2.0,4.0,6.0,3.0,0.0,1.0,4.0,4.0,16.0,0.0,0.0,1010.0,0.0,0.0,0.0,0.0,0.0,0.0,0.0,0.0,0.0,0.0,0.0,0.0,0.0,1.0,0.0,32.0,6.0,13.0,0.462,1.0,5.0,0.2,5.0,8.0,0.625,0.5,3.0,3.0,1.0,2.0,4.0,6.0,3.0,0.0,1.0,4.0,4.0,16.0,0.0,10.6,0.559,0.385,0.231,6.8,12.7,9.9,12.6,0.0,2.8,21.8,24.0,0.0,0.0,0.0,0.008,-3.9,-3.4,-7.3,0.0,0.0,2021
76,OG Anunoby,33.3,5.8,12.1,0.48,2.4,6.1,0.398,3.4,6.0,0.562,0.58,1.9,2.4,0.784,1.3,4.3,5.5,2.2,1.5,0.7,1.7,2.7,15.9,0.0,0.0,1010.0,0.0,0.0,0.0,0.0,0.0,0.0,0.0,0.0,0.0,0.0,0.0,0.0,0.0,43.0,43.0,1433.0,249.0,519.0,0.48,104.0,261.0,0.398,145.0,258.0,0.562,0.58,80.0,102.0,0.784,54.0,183.0,237.0,94.0,66.0,32.0,75.0,114.0,682.0,0.0,15.4,0.605,0.503,0.197,4.0,14.6,9.1,10.1,2.2,2.2,11.7,19.3,1.5,1.6,3.1,0.104,0.8,0.4,1.2,1.2,0.0,2021
77,LaMelo Ball,28.8,5.7,13.2,0.436,1.8,5.1,0.352,3.9,8.1,0.489,0.504,2.5,3.2,0.758,1.2,4.7,5.9,6.1,1.6,0.4,2.8,2.7,15.7,0.0,0.0,1010.0,0.0,0.0,0.0,0.0,0.0,0.0,0.0,0.0,0.0,0.0,0.0,0.0,0.0,51.0,31.0,1469.0,293.0,672.0,0.436,92.0,261.0,0.352,201.0,411.0,0.489,0.504,125.0,165.0,0.758,63.0,239.0,302.0,313.0,81.0,18.0,145.0,136.0,803.0,1.0,17.5,0.539,0.388,0.246,4.6,17.9,11.1,33.9,2.7,1.2,16.3,26.1,1.0,1.9,2.8,0.093,1.1,0.7,1.8,1.4,0.0,2021
78,Dejounte Murray,31.9,6.6,14.5,0.453,0.9,3.0,0.317,5.6,11.6,0.488,0.485,1.6,2.0,0.791,0.9,6.2,7.1,5.4,1.5,0.1,1.7,2.0,15.7,0.0,0.0,1010.0,0.0,0.0,0.0,0.0,0.0,0.0,0.0,0.0,0.0,0.0,0.0,0.0,0.0,67.0,67.0,2139.0,441.0,974.0,0.453,63.0,199.0,0.317,378.0,775.0,0.488,0.485,106.0,134.0,0.791,58.0,415.0,473.0,363.0,101.0,7.0,117.0,135.0,1051.0,4.0,16.5,0.509,0.204,0.138,2.8,21.1,11.8,25.9,2.3,0.3,10.2,23.4,0.7,2.6,3.3,0.074,-0.2,1.0,0.8,1.5,0.0,2021
79,Terrence Ross,29.3,5.5,13.4,0.412,1.9,5.7,0.337,3.6,7.7,0.469,0.485,2.6,3.0,0.87,0.3,3.1,3.4,2.3,1.0,0.5,1.6,1.9,15.6,0.0,0.0,1010.0,0.0,0.0,0.0,0.0,0.0,0.0,0.0,0.0,0.0,0.0,0.0,0.0,0.0,46.0,2.0,1347.0,254.0,616.0,0.412,89.0,264.0,0.337,165.0,352.0,0.469,0.485,120.0,138.0,0.87,15.0,143.0,158.0,108.0,47.0,21.0,74.0,88.0,717.0,0.0,13.2,0.53,0.429,0.224,1.1,11.4,6.1,13.2,1.7,1.4,9.9,24.1,-0.1,1.0,0.9,0.03,-1.4,-0.8,-2.3,-0.1,0.0,2021
80,T.J. Warren,29.3,6.8,12.8,0.529,0.0,1.8,0.0,6.8,11.0,0.614,0.529,2.0,2.5,0.8,0.5,3.0,3.5,1.3,0.5,0.0,1.0,4.0,15.5,0.0,0.0,1010.0,0.0,0.0,0.0,0.0,0.0,0.0,0.0,0.0,0.0,0.0,0.0,0.0,0.0,4.0,4.0,117.0,27.0,51.0,0.529,0.0,7.0,0.0,27.0,44.0,0.614,0.529,8.0,10.0,0.8,2.0,12.0,14.0,5.0,2.0,0.0,4.0,16.0,62.0,0.0,11.6,0.56,0.137,0.196,1.9,11.1,6.5,6.5,0.8,0.0,6.7,21.6,0.1,0.1,0.1,0.045,-3.6,-1.9,-5.5,-0.1,0.0,2021
81,Kelly Oubre Jr.,30.7,5.8,13.2,0.439,1.6,5.2,0.316,4.1,8.0,0.519,0.501,2.2,3.2,0.695,1.5,4.5,6.0,1.3,1.0,0.8,1.3,2.2,15.4,0.0,0.0,1010.0,0.0,0.0,0.0,0.0,0.0,0.0,0.0,0.0,0.0,0.0,0.0,0.0,0.0,55.0,50.0,1687.0,318.0,724.0,0.439,90.0,285.0,0.316,228.0,439.0,0.519,0.501,123.0,177.0,0.695,82.0,247.0,329.0,73.0,57.0,42.0,70.0,121.0,849.0,0.0,13.3,0.529,0.394,0.244,5.2,15.4,10.4,6.5,1.6,2.2,8.0,22.1,0.0,2.2,2.2,0.062,-1.4,-0.5,-1.9,0.0,0.0,2021
82,Dennis Schröder,32.1,5.4,12.5,0.437,1.2,3.5,0.335,4.3,9.0,0.476,0.484,3.4,4.0,0.848,0.5,3.0,3.5,5.8,1.1,0.2,2.7,2.6,15.4,0.0,0.0,1010.0,0.0,0.0,0.0,0.0,0.0,0.0,0.0,0.0,0.0,0.0,0.0,0.0,0.0,61.0,61.0,1956.0,332.0,760.0,0.437,71.0,212.0,0.335,261.0,548.0,0.476,0.484,206.0,243.0,0.848,30.0,181.0,211.0,351.0,70.0,13.0,163.0,159.0,941.0,0.0,13.8,0.543,0.279,0.32,1.7,10.3,6.1,26.9,1.7,0.6,15.8,22.9,1.0,2.7,3.8,0.093,-1.3,0.2,-1.1,0.4,0.0,2021
83,Derrick White,29.6,5.2,12.6,0.411,2.3,6.8,0.346,2.8,5.8,0.486,0.503,2.7,3.2,0.851,0.4,2.6,3.0,3.5,0.7,1.0,1.3,2.5,15.4,0.0,0.0,1010.0,0.0,0.0,0.0,0.0,0.0,0.0,0.0,0.0,0.0,0.0,0.0,0.0,0.0,36.0,32.0,1064.0,186.0,453.0,0.411,84.0,243.0,0.346,102.0,210.0,0.486,0.503,97.0,114.0,0.851,13.0,94.0,107.0,127.0,26.0,36.0,45.0,91.0,553.0,0.0,15.0,0.55,0.536,0.252,1.3,9.6,5.4,17.4,1.2,2.9,8.2,22.4,1.0,0.9,1.9,0.085,1.3,0.0,1.3,0.9,0.0,2021
84,Gary Trent Jr.,31.1,5.5,13.5,0.408,2.8,7.4,0.385,2.7,6.1,0.435,0.513,1.4,1.8,0.783,0.5,2.2,2.6,1.4,1.0,0.2,0.7,1.6,15.3,0.0,0.0,1010.0,0.0,0.0,0.0,0.0,0.0,0.0,0.0,0.0,0.0,0.0,0.0,0.0,0.0,58.0,38.0,1802.0,320.0,785.0,0.408,165.0,429.0,0.385,155.0,356.0,0.435,0.513,83.0,106.0,0.783,27.0,125.0,152.0,80.0,56.0,10.0,43.0,92.0,888.0,0.0,12.1,0.534,0.546,0.135,1.6,7.7,4.6,6.6,1.5,0.5,4.9,20.9,1.0,0.7,1.7,0.045,-0.5,-1.7,-2.3,-0.1,0.0,2021
85,Clint Capela,30.1,6.6,11.0,0.594,0.0,0.0,0.0,6.6,11.0,0.594,0.594,2.1,3.6,0.573,4.7,9.6,14.3,0.8,0.7,2.0,1.2,2.3,15.2,0.0,0.0,1010.0,0.0,0.0,0.0,0.0,0.0,0.0,0.0,0.0,0.0,0.0,0.0,0.0,0.0,63.0,63.0,1898.0,413.0,695.0,0.594,0.0,0.0,0.0,413.0,695.0,0.594,0.594,130.0,227.0,0.573,297.0,606.0,903.0,49.0,44.0,129.0,73.0,145.0,956.0,1.0,24.3,0.601,0.0,0.327,17.5,34.3,26.1,4.1,1.1,6.0,8.4,19.9,4.9,3.3,8.2,0.207,2.7,0.0,2.7,2.2,0.0,2021
86,Tyler Herro,30.3,5.7,12.9,0.439,2.0,5.5,0.36,3.7,7.4,0.498,0.516,1.7,2.2,0.803,0.5,4.5,5.0,3.4,0.6,0.3,1.9,1.3,15.1,0.0,0.0,1010.0,0.0,0.0,0.0,0.0,0.0,0.0,0.0,0.0,0.0,0.0,0.0,0.0,0.0,54.0,15.0,1635.0,307.0,699.0,0.439,107.0,297.0,0.36,200.0,402.0,0.498,0.516,94.0,117.0,0.803,25.0,243.0,268.0,184.0,35.0,17.0,101.0,71.0,815.0,0.0,13.3,0.543,0.425,0.167,1.8,16.7,9.4,18.0,1.1,1.1,11.9,23.5,0.1,1.6,1.7,0.049,-0.3,-1.0,-1.3,0.3,0.0,2021
87,Coby White,31.2,5.4,13.1,0.416,2.4,6.6,0.359,3.1,6.5,0.473,0.506,1.9,2.1,0.901,0.4,3.7,4.1,4.8,0.6,0.2,2.3,2.6,15.1,0.0,0.0,1010.0,0.0,0.0,0.0,0.0,0.0,0.0,0.0,0.0,0.0,0.0,0.0,0.0,0.0,69.0,54.0,2156.0,375.0,902.0,0.416,163.0,454.0,0.359,212.0,448.0,0.473,0.506,128.0,142.0,0.901,28.0,256.0,284.0,328.0,38.0,15.0,156.0,179.0,1041.0,0.0,12.0,0.54,0.503,0.157,1.5,13.0,7.3,21.8,0.9,0.6,13.9,22.5,0.7,1.7,2.4,0.052,-1.2,-1.2,-2.4,-0.2,0.0,2021
88,De'Andre Hunter,29.5,5.2,10.8,0.484,1.3,4.1,0.326,3.9,6.7,0.582,0.546,3.2,3.7,0.859,0.7,4.0,4.8,1.9,0.8,0.5,1.3,2.6,15.0,0.0,0.0,1010.0,0.0,0.0,0.0,0.0,0.0,0.0,0.0,0.0,0.0,0.0,0.0,0.0,0.0,23.0,19.0,678.0,120.0,248.0,0.484,31.0,95.0,0.326,89.0,153.0,0.582,0.546,73.0,85.0,0.859,17.0,93.0,110.0,44.0,19.0,12.0,29.0,59.0,344.0,0.0,15.7,0.603,0.383,0.343,2.8,14.7,8.9,9.7,1.4,1.6,9.2,20.2,1.2,0.6,1.7,0.123,0.6,0.6,1.2,0.5,0.0,2021
89,Andre Drummond,27.0,6.1,12.4,0.493,0.0,0.2,0.0,6.1,12.3,0.5,0.493,2.7,4.5,0.6,3.6,8.4,12.0,2.0,1.4,1.1,2.7,3.2,14.9,0.0,0.0,1010.0,0.0,0.0,0.0,0.0,0.0,0.0,0.0,0.0,0.0,0.0,0.0,0.0,0.0,46.0,46.0,1242.0,282.0,572.0,0.493,0.0,8.0,0.0,282.0,564.0,0.5,0.493,123.0,205.0,0.6,166.0,385.0,551.0,94.0,63.0,49.0,124.0,149.0,687.0,0.0,19.4,0.519,0.014,0.358,14.8,35.2,24.9,13.2,2.5,3.5,15.8,27.6,-0.6,2.5,2.0,0.077,-1.7,0.5,-1.2,0.3,0.0,2021
90,Devonte' Graham,30.2,4.6,12.2,0.377,3.3,8.7,0.375,1.3,3.5,0.38,0.51,2.4,2.9,0.842,0.4,2.3,2.7,5.4,0.9,0.1,1.5,1.4,14.8,0.0,0.0,1010.0,0.0,0.0,0.0,0.0,0.0,0.0,0.0,0.0,0.0,0.0,0.0,0.0,0.0,55.0,44.0,1659.0,252.0,669.0,0.377,179.0,477.0,0.375,73.0,192.0,0.38,0.51,133.0,158.0,0.842,22.0,126.0,148.0,295.0,48.0,6.0,84.0,77.0,816.0,0.0,14.6,0.552,0.713,0.236,1.4,8.4,4.8,26.3,1.4,0.4,10.2,21.4,2.5,0.9,3.4,0.099,1.8,-1.1,0.7,1.1,0.0,2021
91,Derrick Rose,25.6,5.7,12.2,0.47,1.0,2.6,0.388,4.7,9.6,0.492,0.511,2.2,2.5,0.866,0.4,2.2,2.6,4.2,1.0,0.4,1.6,1.1,14.7,1.0,10.0,1010.0,0.01,50.0,25.6,14.7,2.6,4.2,1.0,0.4,0.47,0.388,0.866,3.1,0.118,50.0,3.0,1279.0,287.0,611.0,0.47,50.0,129.0,0.388,237.0,482.0,0.492,0.511,110.0,127.0,0.866,20.0,110.0,130.0,209.0,49.0,19.0,78.0,56.0,734.0,0.0,18.3,0.55,0.211,0.208,1.7,9.3,5.5,28.0,1.9,1.4,10.5,25.8,1.6,1.6,3.1,0.118,1.6,0.3,1.9,1.3,0.0009900990099009901,2021
92,Lonzo Ball,31.8,5.3,12.7,0.414,3.1,8.3,0.378,2.1,4.5,0.482,0.537,0.9,1.2,0.781,0.6,4.2,4.8,5.7,1.5,0.6,2.2,1.9,14.6,0.0,0.0,1010.0,0.0,0.0,0.0,0.0,0.0,0.0,0.0,0.0,0.0,0.0,0.0,0.0,0.0,55.0,55.0,1747.0,290.0,700.0,0.414,172.0,455.0,0.378,118.0,245.0,0.482,0.537,50.0,64.0,0.781,33.0,230.0,263.0,316.0,82.0,31.0,123.0,103.0,802.0,1.0,15.2,0.551,0.65,0.091,2.1,14.3,8.2,25.4,2.3,1.7,14.5,20.5,1.5,1.7,3.2,0.089,1.4,0.3,1.7,1.6,0.0,2021
93,Kendrick Nunn,29.5,5.7,11.8,0.485,2.2,5.7,0.381,3.5,6.0,0.583,0.578,1.0,1.1,0.933,0.4,2.8,3.2,2.6,0.9,0.3,1.4,1.9,14.6,0.0,0.0,1010.0,0.0,0.0,0.0,0.0,0.0,0.0,0.0,0.0,0.0,0.0,0.0,0.0,0.0,56.0,44.0,1650.0,319.0,658.0,0.485,122.0,320.0,0.381,197.0,338.0,0.583,0.578,56.0,60.0,0.933,21.0,158.0,179.0,148.0,52.0,14.0,80.0,108.0,816.0,0.0,14.2,0.596,0.486,0.091,1.5,10.8,6.2,14.5,1.6,0.9,10.5,20.9,1.4,1.5,2.9,0.084,-0.1,-0.4,-0.5,0.6,0.0,2021
94,Deandre Ayton,30.7,6.2,10.0,0.626,0.1,0.3,0.2,6.2,9.7,0.639,0.629,1.9,2.5,0.769,3.3,7.2,10.5,1.4,0.6,1.2,1.5,2.8,14.4,0.0,0.0,1010.0,0.0,0.0,0.0,0.0,0.0,0.0,0.0,0.0,0.0,0.0,0.0,0.0,0.0,69.0,69.0,2115.0,430.0,687.0,0.626,4.0,20.0,0.2,426.0,667.0,0.639,0.629,133.0,173.0,0.769,228.0,499.0,727.0,99.0,41.0,81.0,103.0,196.0,997.0,0.0,20.3,0.653,0.029,0.252,12.4,26.3,19.5,6.8,1.0,3.4,11.9,18.2,5.3,3.1,8.4,0.191,1.1,0.1,1.2,1.7,0.0,2021
95,Jaren Jackson Jr.,23.5,4.8,11.4,0.424,1.5,5.5,0.283,3.3,5.9,0.554,0.492,3.2,3.8,0.833,1.5,4.1,5.6,1.1,1.1,1.6,1.4,3.8,14.4,0.0,0.0,1010.0,0.0,0.0,0.0,0.0,0.0,0.0,0.0,0.0,0.0,0.0,0.0,0.0,0.0,11.0,4.0,258.0,53.0,125.0,0.424,17.0,60.0,0.283,36.0,65.0,0.554,0.492,35.0,42.0,0.833,17.0,45.0,62.0,12.0,12.0,18.0,15.0,42.0,158.0,0.0,18.0,0.551,0.48,0.336,6.9,18.7,12.7,6.8,2.2,6.3,9.5,25.9,0.2,0.5,0.7,0.123,-0.7,0.7,0.1,0.1,0.0,2021
96,Thomas Bryant,27.1,5.9,9.1,0.648,0.9,2.1,0.429,5.0,7.0,0.714,0.698,1.6,2.4,0.667,1.8,4.3,6.1,1.5,0.4,0.8,1.1,3.1,14.3,0.0,0.0,1010.0,0.0,0.0,0.0,0.0,0.0,0.0,0.0,0.0,0.0,0.0,0.0,0.0,0.0,10.0,10.0,271.0,59.0,91.0,0.648,9.0,21.0,0.429,50.0,70.0,0.714,0.698,16.0,24.0,0.667,18.0,43.0,61.0,15.0,4.0,8.0,11.0,31.0,143.0,0.0,18.7,0.704,0.231,0.264,7.1,16.8,11.9,8.2,0.7,2.5,9.8,17.2,0.7,0.2,1.0,0.171,1.4,-0.6,0.9,0.2,0.0,2021
97,Rudy Gobert,30.8,5.5,8.2,0.675,0.0,0.1,0.0,5.5,8.1,0.68,0.675,3.3,5.3,0.623,3.4,10.1,13.5,1.3,0.6,2.7,1.7,2.3,14.3,0.0,8.0,1010.0,0.008,71.0,30.8,14.3,13.5,1.3,0.6,2.7,0.675,0.0,0.623,11.3,0.248,71.0,71.0,2187.0,391.0,579.0,0.675,0.0,4.0,0.0,391.0,575.0,0.68,0.675,233.0,374.0,0.623,240.0,720.0,960.0,89.0,40.0,190.0,118.0,163.0,1015.0,0.0,23.5,0.683,0.007,0.646,12.2,33.5,23.3,6.0,0.9,7.0,13.7,17.0,6.1,5.2,11.3,0.248,2.1,2.8,4.9,3.8,0.0,2021
98,Ben Simmons,32.4,5.6,10.1,0.557,0.1,0.2,0.3,5.6,9.9,0.562,0.56,3.0,4.9,0.613,1.6,5.6,7.2,6.9,1.6,0.6,3.0,2.9,14.3,0.0,3.0,1010.0,0.003,58.0,32.4,14.3,7.2,6.9,1.6,0.6,0.557,0.3,0.613,6.0,0.153,58.0,58.0,1877.0,325.0,583.0,0.557,3.0,10.0,0.3,322.0,573.0,0.562,0.56,176.0,287.0,0.613,93.0,324.0,417.0,401.0,93.0,35.0,173.0,171.0,829.0,4.0,18.3,0.584,0.017,0.492,5.6,18.7,12.2,31.3,2.4,1.7,19.6,20.2,2.7,3.3,6.0,0.153,0.7,2.2,2.9,2.3,0.0,2021
99,Richaun Holmes,29.2,6.0,9.4,0.637,0.0,0.2,0.182,6.0,9.2,0.645,0.638,2.2,2.8,0.794,2.4,5.9,8.3,1.7,0.6,1.6,1.2,3.5,14.2,0.0,0.0,1010.0,0.0,0.0,0.0,0.0,0.0,0.0,0.0,0.0,0.0,0.0,0.0,0.0,0.0,61.0,61.0,1782.0,366.0,575.0,0.637,2.0,11.0,0.182,364.0,564.0,0.645,0.638,135.0,170.0,0.794,144.0,360.0,504.0,101.0,39.0,96.0,75.0,213.0,869.0,0.0,20.2,0.669,0.019,0.296,8.8,22.7,15.7,8.3,1.1,4.6,10.3,17.5,4.7,1.4,6.1,0.165,0.6,0.0,0.6,1.2,0.0,2021
100,Al Horford,27.9,5.8,12.9,0.45,2.0,5.4,0.368,3.8,7.4,0.51,0.528,0.6,0.8,0.818,1.0,5.7,6.7,3.4,0.9,0.9,1.0,1.7,14.2,0.0,0.0,1010.0,0.0,0.0,0.0,0.0,0.0,0.0,0.0,0.0,0.0,0.0,0.0,0.0,0.0,28.0,28.0,782.0,162.0,360.0,0.45,56.0,152.0,0.368,106.0,208.0,0.51,0.528,18.0,22.0,0.818,29.0,159.0,188.0,94.0,25.0,26.0,29.0,48.0,398.0,0.0,17.4,0.538,0.422,0.061,3.8,21.4,12.5,20.1,1.5,2.9,7.3,21.6,0.8,0.9,1.6,0.101,2.0,1.4,3.4,1.1,0.0,2021
101,Marvin Bagley III,25.9,5.7,11.4,0.504,0.9,2.5,0.343,4.9,8.9,0.55,0.542,1.8,3.1,0.575,2.5,4.9,7.4,1.0,0.5,0.5,1.4,2.3,14.1,0.0,0.0,1010.0,0.0,0.0,0.0,0.0,0.0,0.0,0.0,0.0,0.0,0.0,0.0,0.0,0.0,43.0,42.0,1112.0,247.0,490.0,0.504,37.0,108.0,0.343,210.0,382.0,0.55,0.542,77.0,134.0,0.575,106.0,212.0,318.0,43.0,21.0,21.0,59.0,100.0,608.0,0.0,16.3,0.554,0.22,0.273,10.4,21.5,15.9,5.8,0.9,1.6,9.7,23.5,0.9,0.5,1.4,0.059,-0.4,-2.7,-3.1,-0.3,0.0,2021
102,Joe Harris,31.0,5.2,10.2,0.505,3.1,6.4,0.475,2.1,3.8,0.555,0.654,0.7,0.9,0.778,0.6,3.0,3.6,1.9,0.7,0.2,0.9,2.0,14.1,0.0,0.0,1010.0,0.0,0.0,0.0,0.0,0.0,0.0,0.0,0.0,0.0,0.0,0.0,0.0,0.0,69.0,65.0,2141.0,357.0,707.0,0.505,211.0,444.0,0.475,146.0,263.0,0.555,0.654,49.0,63.0,0.778,43.0,205.0,248.0,130.0,46.0,14.0,62.0,141.0,974.0,0.0,14.1,0.663,0.628,0.089,2.3,10.1,6.4,8.4,1.0,0.6,7.8,16.2,4.1,1.1,5.2,0.117,1.6,-1.2,0.4,1.3,0.0,2021
103,Luguentz Dort,29.7,4.8,12.3,0.387,2.2,6.3,0.343,2.6,6.0,0.432,0.475,2.3,3.2,0.744,0.7,2.9,3.6,1.7,0.9,0.4,1.5,2.6,14.0,0.0,0.0,1010.0,0.0,0.0,0.0,0.0,0.0,0.0,0.0,0.0,0.0,0.0,0.0,0.0,0.0,52.0,52.0,1543.0,247.0,639.0,0.387,113.0,329.0,0.343,134.0,310.0,0.432,0.475,122.0,164.0,0.744,38.0,151.0,189.0,88.0,45.0,19.0,79.0,134.0,729.0,0.0,10.1,0.513,0.515,0.257,2.5,10.3,6.4,8.8,1.4,1.1,10.0,21.7,-0.6,1.0,0.3,0.011,-2.6,-0.9,-3.5,-0.6,0.0,2021
104,Rui Hachimura,31.5,5.4,11.4,0.478,0.8,2.4,0.328,4.6,9.0,0.519,0.513,2.2,2.8,0.77,0.9,4.6,5.5,1.4,0.8,0.1,1.2,2.1,13.8,0.0,0.0,1010.0,0.0,0.0,0.0,0.0,0.0,0.0,0.0,0.0,0.0,0.0,0.0,0.0,0.0,57.0,57.0,1797.0,310.0,648.0,0.478,45.0,137.0,0.328,265.0,511.0,0.519,0.513,124.0,161.0,0.77,49.0,263.0,312.0,82.0,44.0,7.0,68.0,120.0,789.0,0.0,11.4,0.549,0.211,0.248,2.9,15.5,9.2,6.3,1.1,0.3,8.6,18.1,0.7,1.4,2.1,0.056,-2.2,-1.0,-3.1,-0.5,0.0,2021
105,Darius Bazley,31.2,5.0,12.5,0.396,1.5,5.2,0.29,3.5,7.3,0.47,0.456,2.3,3.2,0.702,0.9,6.3,7.2,1.8,0.5,0.5,2.2,1.1,13.7,0.0,0.0,1010.0,0.0,0.0,0.0,0.0,0.0,0.0,0.0,0.0,0.0,0.0,0.0,0.0,0.0,55.0,55.0,1714.0,273.0,690.0,0.396,83.0,286.0,0.29,190.0,404.0,0.47,0.456,125.0,178.0,0.702,51.0,345.0,396.0,99.0,29.0,25.0,122.0,60.0,754.0,0.0,9.7,0.491,0.414,0.258,3.1,21.2,12.0,8.9,0.8,1.3,13.7,22.1,-2.3,1.4,-0.9,-0.026,-3.1,-1.3,-4.4,-1.0,0.0,2021
106,Chris Boucher,24.2,4.8,9.3,0.514,1.5,3.9,0.383,3.3,5.4,0.609,0.595,2.5,3.2,0.788,2.0,4.8,6.7,1.1,0.6,1.9,0.8,2.8,13.6,0.0,0.0,1010.0,0.0,0.0,0.0,0.0,0.0,0.0,0.0,0.0,0.0,0.0,0.0,0.0,0.0,60.0,14.0,1453.0,288.0,560.0,0.514,90.0,235.0,0.383,198.0,325.0,0.609,0.595,152.0,193.0,0.788,117.0,287.0,404.0,63.0,35.0,111.0,46.0,166.0,818.0,0.0,21.9,0.634,0.42,0.345,8.5,22.5,15.3,6.9,1.2,7.6,6.7,20.5,4.0,2.1,6.1,0.201,2.7,0.6,3.3,2.0,0.0,2021
107,Lauri Markkanen,25.8,4.9,10.2,0.48,2.3,5.8,0.402,2.6,4.4,0.582,0.594,1.5,1.8,0.826,0.7,4.6,5.3,0.9,0.5,0.3,1.0,1.5,13.6,0.0,0.0,1010.0,0.0,0.0,0.0,0.0,0.0,0.0,0.0,0.0,0.0,0.0,0.0,0.0,0.0,51.0,26.0,1317.0,250.0,521.0,0.48,119.0,296.0,0.402,131.0,225.0,0.582,0.594,76.0,92.0,0.826,35.0,233.0,268.0,45.0,26.0,15.0,52.0,75.0,695.0,0.0,15.2,0.619,0.568,0.177,3.0,19.4,11.3,5.0,1.0,1.0,8.5,20.2,1.7,1.3,3.0,0.109,1.0,-0.9,0.1,0.7,0.0,2021
108,Doug McDermott,24.5,5.4,10.1,0.532,1.7,4.3,0.388,3.7,5.7,0.641,0.616,1.2,1.5,0.816,0.9,2.4,3.3,1.3,0.3,0.1,0.8,1.8,13.6,0.0,0.0,1010.0,0.0,0.0,0.0,0.0,0.0,0.0,0.0,0.0,0.0,0.0,0.0,0.0,0.0,66.0,29.0,1619.0,354.0,665.0,0.532,111.0,286.0,0.388,243.0,379.0,0.641,0.616,80.0,98.0,0.816,60.0,161.0,221.0,85.0,20.0,6.0,53.0,117.0,899.0,0.0,15.6,0.635,0.43,0.147,4.0,10.7,7.4,7.8,0.6,0.3,7.0,20.0,3.1,0.7,3.8,0.112,1.4,-2.0,-0.6,0.6,0.0,2021
109,Kelly Olynyk,28.5,4.8,10.0,0.484,1.8,5.3,0.342,3.0,4.7,0.641,0.574,2.1,2.5,0.829,1.2,5.7,7.0,2.9,1.1,0.6,1.8,3.0,13.5,0.0,0.0,1010.0,0.0,0.0,0.0,0.0,0.0,0.0,0.0,0.0,0.0,0.0,0.0,0.0,0.0,70.0,62.0,1997.0,337.0,697.0,0.484,126.0,368.0,0.342,211.0,329.0,0.641,0.574,145.0,175.0,0.829,87.0,402.0,489.0,203.0,79.0,42.0,126.0,207.0,945.0,0.0,16.4,0.61,0.528,0.251,4.8,22.5,13.6,16.0,1.9,2.1,14.0,19.7,2.5,2.6,5.1,0.121,0.3,0.9,1.2,1.6,0.0,2021
110,LaMarcus Aldridge,25.9,5.4,11.4,0.473,1.2,3.1,0.388,4.2,8.3,0.505,0.525,1.6,1.8,0.872,0.7,3.8,4.5,1.9,0.4,1.1,1.0,1.8,13.5,0.0,0.0,1010.0,0.0,0.0,0.0,0.0,0.0,0.0,0.0,0.0,0.0,0.0,0.0,0.0,0.0,26.0,23.0,674.0,140.0,296.0,0.473,31.0,80.0,0.388,109.0,216.0,0.505,0.525,41.0,47.0,0.872,19.0,99.0,118.0,49.0,11.0,29.0,27.0,47.0,352.0,0.0,15.7,0.556,0.27,0.159,3.0,15.8,9.4,11.0,0.8,3.7,7.9,22.2,0.5,0.6,1.1,0.08,-0.2,-0.2,-0.3,0.3,0.0,2021
111,Mikal Bridges,32.6,5.0,9.3,0.543,1.9,4.4,0.425,3.2,4.9,0.647,0.643,1.5,1.8,0.84,1.1,3.2,4.3,2.1,1.1,0.9,0.8,1.6,13.5,0.0,0.0,1010.0,0.0,0.0,0.0,0.0,0.0,0.0,0.0,0.0,0.0,0.0,0.0,0.0,0.0,72.0,72.0,2348.0,363.0,669.0,0.543,134.0,315.0,0.425,229.0,354.0,0.647,0.643,110.0,131.0,0.84,76.0,233.0,309.0,152.0,76.0,63.0,57.0,116.0,970.0,0.0,16.4,0.667,0.471,0.196,3.7,11.1,7.5,8.8,1.6,2.4,7.3,14.9,5.4,2.6,8.0,0.164,2.4,0.9,3.3,3.1,0.0,2021
112,Montrezl Harrell,22.9,5.4,8.7,0.622,0.0,0.1,0.0,5.4,8.6,0.632,0.622,2.6,3.7,0.707,2.3,3.9,6.2,1.1,0.7,0.7,1.1,1.9,13.5,0.0,0.0,1010.0,0.0,0.0,0.0,0.0,0.0,0.0,0.0,0.0,0.0,0.0,0.0,0.0,0.0,69.0,1.0,1580.0,375.0,603.0,0.622,0.0,10.0,0.0,375.0,593.0,0.632,0.622,181.0,256.0,0.707,158.0,270.0,428.0,73.0,46.0,49.0,74.0,128.0,931.0,0.0,22.7,0.65,0.017,0.425,11.3,19.1,15.2,7.7,1.4,2.8,9.4,21.7,4.5,2.7,7.3,0.221,2.3,0.7,3.0,2.0,0.0,2021
113,Carmelo Anthony,24.5,4.7,11.3,0.421,1.9,4.7,0.409,2.8,6.6,0.429,0.506,2.0,2.2,0.89,0.5,2.6,3.1,1.5,0.7,0.6,0.9,2.1,13.4,0.0,0.0,1010.0,0.0,0.0,0.0,0.0,0.0,0.0,0.0,0.0,0.0,0.0,0.0,0.0,0.0,69.0,3.0,1690.0,327.0,777.0,0.421,133.0,325.0,0.409,194.0,452.0,0.429,0.506,137.0,154.0,0.89,32.0,182.0,214.0,104.0,46.0,38.0,61.0,144.0,924.0,0.0,14.6,0.547,0.418,0.198,2.0,11.8,6.8,9.2,1.3,2.0,6.7,23.1,1.7,0.8,2.6,0.073,0.2,-1.3,-1.1,0.4,0.0,2021
114,Goran Dragić,26.7,4.8,11.1,0.432,1.8,4.9,0.373,3.0,6.2,0.479,0.514,2.0,2.4,0.828,0.5,2.9,3.4,4.4,0.7,0.2,2.4,2.3,13.4,0.0,0.0,1010.0,0.0,0.0,0.0,0.0,0.0,0.0,0.0,0.0,0.0,0.0,0.0,0.0,0.0,50.0,11.0,1337.0,240.0,555.0,0.432,91.0,244.0,0.373,149.0,311.0,0.479,0.514,101.0,122.0,0.828,25.0,144.0,169.0,219.0,33.0,8.0,118.0,113.0,672.0,0.0,13.0,0.552,0.44,0.22,2.2,12.1,7.2,25.9,1.2,0.6,16.2,24.5,0.2,1.2,1.3,0.048,-1.1,-1.3,-2.3,-0.1,0.0,2021
115,Josh Jackson,25.2,4.8,11.4,0.419,1.2,4.1,0.3,3.5,7.3,0.487,0.473,2.6,3.5,0.729,0.9,3.2,4.1,2.3,0.9,0.8,2.3,2.9,13.4,0.0,0.0,1010.0,0.0,0.0,0.0,0.0,0.0,0.0,0.0,0.0,0.0,0.0,0.0,0.0,0.0,62.0,25.0,1560.0,296.0,707.0,0.419,77.0,257.0,0.3,219.0,450.0,0.487,0.473,159.0,218.0,0.729,57.0,197.0,254.0,143.0,53.0,47.0,142.0,178.0,828.0,0.0,12.0,0.516,0.364,0.308,4.0,14.2,9.1,15.1,1.7,2.6,15.0,26.5,-1.6,1.7,0.1,0.004,-2.5,-0.5,-3.0,-0.4,0.0,2021
116,Marcus Morris,26.4,4.8,10.2,0.473,2.5,5.2,0.473,2.4,5.1,0.472,0.592,1.3,1.6,0.82,0.6,3.5,4.1,1.0,0.6,0.3,1.0,2.1,13.4,0.0,0.0,1010.0,0.0,0.0,0.0,0.0,0.0,0.0,0.0,0.0,0.0,0.0,0.0,0.0,0.0,57.0,29.0,1502.0,276.0,584.0,0.473,140.0,296.0,0.473,136.0,288.0,0.472,0.592,73.0,89.0,0.82,35.0,199.0,234.0,58.0,34.0,15.0,57.0,117.0,765.0,0.0,14.5,0.614,0.507,0.152,2.7,14.5,8.8,5.6,1.1,0.9,8.4,20.1,2.1,1.5,3.6,0.115,0.9,-0.8,0.0,0.8,0.0,2021
117,Danilo Gallinari,24.0,4.0,9.3,0.434,2.0,5.0,0.406,2.0,4.3,0.466,0.542,3.2,3.4,0.925,0.3,3.8,4.1,1.5,0.6,0.2,0.8,2.1,13.3,0.0,0.0,1010.0,0.0,0.0,0.0,0.0,0.0,0.0,0.0,0.0,0.0,0.0,0.0,0.0,0.0,51.0,4.0,1222.0,206.0,475.0,0.434,103.0,254.0,0.406,103.0,221.0,0.466,0.542,161.0,174.0,0.925,17.0,194.0,211.0,76.0,30.0,10.0,43.0,105.0,676.0,0.0,16.3,0.613,0.535,0.366,1.6,17.0,9.5,9.2,1.2,0.7,7.2,21.2,2.7,1.0,3.7,0.146,1.7,-0.6,1.1,1.0,0.0,2021
118,Duncan Robinson,31.4,4.4,10.0,0.439,3.5,8.5,0.408,0.9,1.4,0.625,0.614,0.9,1.0,0.827,0.1,3.4,3.5,1.8,0.6,0.3,1.1,2.5,13.1,0.0,0.0,1010.0,0.0,0.0,0.0,0.0,0.0,0.0,0.0,0.0,0.0,0.0,0.0,0.0,0.0,72.0,72.0,2262.0,315.0,717.0,0.439,250.0,613.0,0.408,65.0,104.0,0.625,0.614,62.0,75.0,0.827,7.0,243.0,250.0,127.0,43.0,20.0,81.0,181.0,942.0,0.0,11.0,0.628,0.855,0.105,0.4,12.1,6.3,8.3,0.9,0.9,9.7,16.6,1.9,1.8,3.7,0.079,-0.2,-0.8,-1.0,0.6,0.0,2021
119,Marcus Smart,32.9,4.2,10.6,0.398,1.9,5.9,0.33,2.3,4.8,0.482,0.489,2.7,3.4,0.79,0.8,2.7,3.5,5.7,1.5,0.5,2.0,2.6,13.1,0.0,0.0,1010.0,0.0,0.0,0.0,0.0,0.0,0.0,0.0,0.0,0.0,0.0,0.0,0.0,0.0,48.0,45.0,1581.0,203.0,510.0,0.398,93.0,282.0,0.33,110.0,228.0,0.482,0.489,128.0,162.0,0.79,36.0,131.0,167.0,273.0,72.0,23.0,96.0,126.0,627.0,0.0,13.8,0.539,0.553,0.318,2.5,9.3,5.9,23.6,2.2,1.4,14.2,18.4,1.8,1.5,3.3,0.1,-0.4,0.2,-0.3,0.7,0.0,2021
120,Tyrese Haliburton,30.1,5.0,10.7,0.472,2.1,5.1,0.409,2.9,5.6,0.529,0.569,0.8,1.0,0.857,0.7,2.3,3.0,5.3,1.3,0.5,1.6,1.4,13.0,0.0,0.0,1010.0,0.0,0.0,0.0,0.0,0.0,0.0,0.0,0.0,0.0,0.0,0.0,0.0,0.0,58.0,20.0,1746.0,292.0,619.0,0.472,121.0,296.0,0.409,171.0,323.0,0.529,0.569,48.0,56.0,0.857,39.0,134.0,173.0,309.0,77.0,28.0,92.0,83.0,753.0,0.0,16.2,0.585,0.478,0.09,2.4,8.6,5.5,24.6,2.1,1.4,12.5,18.1,2.8,0.7,3.5,0.096,1.9,-0.5,1.4,1.5,0.0,2021
121,Shake Milton,23.2,4.8,10.6,0.45,1.1,3.2,0.35,3.6,7.4,0.494,0.503,2.3,2.8,0.83,0.5,1.8,2.3,3.1,0.6,0.3,1.6,2.1,13.0,0.0,0.0,1010.0,0.0,0.0,0.0,0.0,0.0,0.0,0.0,0.0,0.0,0.0,0.0,0.0,0.0,63.0,4.0,1461.0,300.0,667.0,0.45,71.0,203.0,0.35,229.0,464.0,0.494,0.503,146.0,176.0,0.83,33.0,115.0,148.0,193.0,39.0,18.0,103.0,130.0,817.0,0.0,14.6,0.549,0.304,0.264,2.5,8.5,5.6,20.3,1.3,1.1,12.2,24.9,1.1,1.6,2.8,0.091,-0.7,-1.0,-1.6,0.1,0.0,2021
122,Cole Anthony,27.1,4.7,11.7,0.397,1.2,3.7,0.337,3.4,8.1,0.424,0.449,2.3,2.8,0.832,0.8,3.9,4.7,4.1,0.6,0.4,2.3,2.1,12.9,0.0,0.0,1010.0,0.0,0.0,0.0,0.0,0.0,0.0,0.0,0.0,0.0,0.0,0.0,0.0,0.0,47.0,34.0,1273.0,219.0,552.0,0.397,58.0,172.0,0.337,161.0,380.0,0.424,0.449,109.0,131.0,0.832,38.0,183.0,221.0,192.0,30.0,18.0,106.0,98.0,605.0,0.0,12.1,0.496,0.312,0.237,3.0,15.4,9.0,24.2,1.1,1.3,14.8,24.3,-0.9,0.9,0.0,-0.001,-1.9,-1.4,-3.3,-0.4,0.0,2021
123,Markelle Fultz,26.9,5.1,13.0,0.394,0.5,2.0,0.25,4.6,11.0,0.42,0.413,2.1,2.4,0.895,0.6,2.5,3.1,5.4,1.0,0.3,2.3,2.3,12.9,0.0,0.0,1010.0,0.0,0.0,0.0,0.0,0.0,0.0,0.0,0.0,0.0,0.0,0.0,0.0,0.0,8.0,8.0,215.0,41.0,104.0,0.394,4.0,16.0,0.25,37.0,88.0,0.42,0.413,17.0,19.0,0.895,5.0,20.0,25.0,43.0,8.0,2.0,18.0,18.0,103.0,0.0,12.0,0.458,0.154,0.183,2.3,10.0,6.0,33.1,1.8,0.8,13.8,26.2,-0.3,0.1,-0.1,-0.024,-3.6,-0.9,-4.4,-0.1,0.0,2021
124,Kyle Kuzma,28.7,4.9,11.1,0.443,2.0,5.6,0.361,2.9,5.5,0.525,0.533,1.0,1.4,0.691,1.6,4.5,6.1,1.9,0.5,0.6,1.7,1.8,12.9,0.0,0.0,1010.0,0.0,0.0,0.0,0.0,0.0,0.0,0.0,0.0,0.0,0.0,0.0,0.0,0.0,68.0,32.0,1954.0,335.0,757.0,0.443,137.0,380.0,0.361,198.0,377.0,0.525,0.533,67.0,97.0,0.691,108.0,309.0,417.0,127.0,35.0,41.0,113.0,121.0,874.0,0.0,12.7,0.546,0.502,0.128,6.3,17.7,12.0,9.8,0.9,1.9,12.4,20.3,0.4,2.9,3.3,0.08,-0.4,-0.1,-0.4,0.8,0.0,2021
125,P.J. Washington,30.5,4.7,10.7,0.44,1.8,4.5,0.386,3.0,6.2,0.48,0.522,1.7,2.3,0.745,1.5,5.1,6.5,2.5,1.1,1.2,2.0,2.7,12.9,0.0,0.0,1010.0,0.0,0.0,0.0,0.0,0.0,0.0,0.0,0.0,0.0,0.0,0.0,0.0,0.0,64.0,61.0,1954.0,302.0,686.0,0.44,112.0,290.0,0.386,190.0,396.0,0.48,0.522,108.0,145.0,0.745,93.0,325.0,418.0,161.0,69.0,79.0,128.0,171.0,824.0,0.0,13.4,0.549,0.423,0.211,5.1,18.3,11.6,12.2,1.7,4.0,14.6,19.4,0.3,2.4,2.7,0.066,-1.5,0.6,-0.9,0.6,0.0,2021
126,Jarrett Allen,29.6,4.7,7.7,0.618,0.1,0.3,0.316,4.6,7.3,0.631,0.624,3.2,4.6,0.703,3.1,6.9,10.0,1.7,0.5,1.4,1.6,1.5,12.8,0.0,0.0,1010.0,0.0,0.0,0.0,0.0,0.0,0.0,0.0,0.0,0.0,0.0,0.0,0.0,0.0,63.0,45.0,1864.0,298.0,482.0,0.618,6.0,19.0,0.316,292.0,463.0,0.631,0.624,204.0,290.0,0.703,196.0,435.0,631.0,106.0,32.0,90.0,100.0,96.0,806.0,0.0,20.1,0.661,0.039,0.602,11.6,26.3,18.9,8.7,0.8,4.3,14.1,16.6,4.3,2.1,6.4,0.166,1.3,-0.2,1.1,1.4,0.0,2021
127,Keldon Johnson,28.5,4.9,10.2,0.479,0.9,2.6,0.331,4.0,7.6,0.531,0.522,2.1,2.8,0.74,1.3,4.6,6.0,1.8,0.6,0.3,1.1,2.1,12.8,0.0,0.0,1010.0,0.0,0.0,0.0,0.0,0.0,0.0,0.0,0.0,0.0,0.0,0.0,0.0,0.0,69.0,67.0,1968.0,338.0,705.0,0.479,60.0,181.0,0.331,278.0,524.0,0.531,0.522,145.0,196.0,0.74,93.0,319.0,412.0,121.0,40.0,24.0,78.0,142.0,881.0,0.0,13.8,0.557,0.257,0.278,4.9,17.6,11.1,8.9,1.0,1.0,9.0,19.2,1.6,1.7,3.3,0.079,-0.9,-0.7,-1.6,0.2,0.0,2021
128,Will Barton,31.0,4.6,10.9,0.426,1.8,4.6,0.381,2.9,6.3,0.459,0.507,1.7,2.2,0.785,0.7,3.3,4.0,3.2,0.9,0.4,1.7,1.7,12.7,0.0,0.0,1010.0,0.0,0.0,0.0,0.0,0.0,0.0,0.0,0.0,0.0,0.0,0.0,0.0,0.0,56.0,52.0,1736.0,259.0,608.0,0.426,98.0,257.0,0.381,161.0,351.0,0.459,0.507,95.0,121.0,0.785,39.0,187.0,226.0,181.0,50.0,23.0,96.0,95.0,711.0,0.0,11.8,0.538,0.423,0.199,2.6,12.2,7.4,14.1,1.4,1.3,12.7,19.0,0.7,1.5,2.2,0.061,-1.0,-0.8,-1.9,0.1,0.0,2021
129,Miles Bridges,29.3,4.7,9.4,0.503,1.8,4.4,0.4,3.0,5.0,0.593,0.596,1.5,1.7,0.867,1.2,4.8,6.0,2.2,0.7,0.8,1.6,2.2,12.7,0.0,0.0,1010.0,0.0,0.0,0.0,0.0,0.0,0.0,0.0,0.0,0.0,0.0,0.0,0.0,0.0,66.0,19.0,1932.0,313.0,622.0,0.503,116.0,290.0,0.4,197.0,332.0,0.593,0.596,98.0,113.0,0.867,81.0,316.0,397.0,147.0,44.0,52.0,106.0,143.0,840.0,0.0,14.7,0.625,0.466,0.182,4.5,18.0,11.1,11.4,1.1,2.7,13.6,17.3,2.4,1.9,4.2,0.105,0.2,0.1,0.2,1.1,0.0,2021
130,Alec Burks,25.6,4.3,10.2,0.42,2.1,5.0,0.415,2.2,5.2,0.425,0.522,2.1,2.4,0.856,0.4,4.2,4.6,2.2,0.6,0.3,1.0,2.1,12.7,0.0,0.0,1010.0,0.0,0.0,0.0,0.0,0.0,0.0,0.0,0.0,0.0,0.0,0.0,0.0,0.0,49.0,5.0,1255.0,210.0,500.0,0.42,102.0,246.0,0.415,108.0,254.0,0.425,0.522,101.0,118.0,0.856,21.0,206.0,227.0,107.0,31.0,14.0,49.0,102.0,623.0,0.0,14.8,0.564,0.492,0.236,1.8,17.6,9.8,13.2,1.2,1.1,8.2,21.3,1.5,1.8,3.3,0.126,0.9,0.6,1.5,1.1,0.0,2021
131,Jalen Brunson,25.0,4.8,9.2,0.523,1.2,2.9,0.405,3.6,6.3,0.578,0.588,1.8,2.2,0.795,0.4,3.0,3.4,3.5,0.5,0.0,1.2,1.6,12.6,0.0,0.0,1010.0,0.0,0.0,0.0,0.0,0.0,0.0,0.0,0.0,0.0,0.0,0.0,0.0,0.0,68.0,12.0,1697.0,328.0,627.0,0.523,81.0,200.0,0.405,247.0,427.0,0.578,0.588,120.0,151.0,0.795,27.0,204.0,231.0,239.0,35.0,1.0,80.0,109.0,857.0,0.0,17.1,0.618,0.319,0.241,1.8,13.1,7.5,21.3,1.0,0.1,10.3,20.2,3.9,1.1,5.1,0.143,1.5,-0.6,0.9,1.2,0.0,2021
132,Myles Turner,31.0,4.4,9.2,0.477,1.5,4.4,0.335,2.9,4.8,0.606,0.557,2.4,3.0,0.782,1.3,5.2,6.5,1.0,0.9,3.4,1.4,3.5,12.6,0.0,0.0,1010.0,0.0,0.0,0.0,0.0,0.0,0.0,0.0,0.0,0.0,0.0,0.0,0.0,0.0,47.0,47.0,1455.0,206.0,432.0,0.477,69.0,206.0,0.335,137.0,226.0,0.606,0.557,111.0,142.0,0.782,63.0,243.0,306.0,48.0,40.0,159.0,67.0,165.0,592.0,0.0,15.3,0.599,0.477,0.329,4.7,18.0,11.4,4.4,1.3,8.8,11.9,16.4,1.1,2.2,3.3,0.11,-1.6,2.0,0.4,0.9,0.0,2021
133,Seth Curry,28.7,4.5,9.7,0.467,2.2,4.9,0.45,2.3,4.8,0.485,0.582,1.2,1.4,0.896,0.2,2.2,2.4,2.7,0.8,0.1,1.1,1.7,12.5,0.0,0.0,1010.0,0.0,0.0,0.0,0.0,0.0,0.0,0.0,0.0,0.0,0.0,0.0,0.0,0.0,57.0,57.0,1638.0,258.0,552.0,0.467,126.0,280.0,0.45,132.0,272.0,0.485,0.582,69.0,77.0,0.896,10.0,126.0,136.0,155.0,44.0,8.0,65.0,96.0,711.0,0.0,12.9,0.607,0.507,0.139,0.7,8.3,4.6,13.6,1.3,0.4,10.0,17.1,2.3,1.7,4.0,0.118,0.1,-0.4,-0.3,0.7,0.0,2021
134,Aaron Gordon,27.7,4.6,10.0,0.463,1.2,3.5,0.335,3.4,6.5,0.533,0.522,1.9,3.0,0.651,1.5,4.1,5.7,3.2,0.7,0.7,1.9,1.8,12.4,0.0,0.0,1010.0,0.0,0.0,0.0,0.0,0.0,0.0,0.0,0.0,0.0,0.0,0.0,0.0,0.0,50.0,50.0,1384.0,231.0,499.0,0.463,59.0,176.0,0.335,172.0,323.0,0.533,0.522,97.0,149.0,0.651,77.0,207.0,284.0,161.0,33.0,34.0,97.0,89.0,618.0,1.0,14.5,0.547,0.353,0.299,6.0,16.4,11.1,17.8,1.2,2.3,14.7,20.7,0.7,1.2,1.9,0.066,0.2,-0.1,0.1,0.7,0.0,2021
135,Kyle Anderson,27.3,4.5,9.5,0.468,1.4,3.8,0.36,3.1,5.8,0.539,0.54,2.1,2.7,0.783,0.8,5.0,5.7,3.6,1.2,0.8,1.2,1.7,12.4,0.0,0.0,1010.0,0.0,0.0,0.0,0.0,0.0,0.0,0.0,0.0,0.0,0.0,0.0,0.0,0.0,69.0,69.0,1887.0,308.0,658.0,0.468,94.0,261.0,0.36,214.0,397.0,0.539,0.54,144.0,184.0,0.783,52.0,344.0,396.0,250.0,84.0,57.0,86.0,120.0,854.0,0.0,17.2,0.578,0.397,0.28,2.9,19.5,11.1,18.3,2.1,2.7,10.4,18.5,2.9,2.7,5.6,0.143,1.4,1.9,3.3,2.5,0.0,2021
136,Brook Lopez,27.2,4.6,9.1,0.503,1.4,4.0,0.338,3.2,5.1,0.632,0.577,1.7,2.0,0.845,1.5,3.5,5.0,0.7,0.6,1.5,0.9,2.1,12.3,0.0,0.0,1010.0,0.0,0.0,0.0,0.0,0.0,0.0,0.0,0.0,0.0,0.0,0.0,0.0,0.0,70.0,70.0,1902.0,322.0,640.0,0.503,95.0,281.0,0.338,227.0,359.0,0.632,0.577,120.0,142.0,0.845,104.0,243.0,347.0,50.0,40.0,103.0,64.0,149.0,859.0,0.0,15.4,0.611,0.439,0.222,6.0,13.0,9.6,3.5,1.0,4.8,8.3,16.9,3.1,2.2,5.3,0.133,0.0,0.0,0.0,0.9,0.0,2021
137,Saddiq Bey,27.3,4.0,9.9,0.404,2.5,6.6,0.38,1.5,3.3,0.45,0.53,1.8,2.1,0.844,0.6,3.9,4.5,1.4,0.7,0.2,0.9,1.6,12.2,0.0,0.0,1010.0,0.0,0.0,0.0,0.0,0.0,0.0,0.0,0.0,0.0,0.0,0.0,0.0,0.0,70.0,53.0,1909.0,279.0,691.0,0.404,175.0,460.0,0.38,104.0,231.0,0.45,0.53,124.0,147.0,0.844,43.0,275.0,318.0,95.0,52.0,14.0,60.0,110.0,857.0,0.0,12.6,0.567,0.666,0.213,2.5,16.2,9.3,7.6,1.3,0.6,7.4,18.7,1.6,1.7,3.3,0.082,0.3,-0.8,-0.5,0.7,0.0,2021
138,Eric Bledsoe,29.7,4.3,10.3,0.421,1.7,5.0,0.341,2.6,5.3,0.496,0.503,1.9,2.7,0.687,0.4,3.0,3.4,3.8,0.8,0.3,1.6,1.6,12.2,0.0,0.0,1010.0,0.0,0.0,0.0,0.0,0.0,0.0,0.0,0.0,0.0,0.0,0.0,0.0,0.0,71.0,70.0,2111.0,307.0,730.0,0.421,121.0,355.0,0.341,186.0,375.0,0.496,0.503,134.0,195.0,0.687,29.0,215.0,244.0,268.0,55.0,24.0,114.0,112.0,869.0,0.0,11.5,0.533,0.486,0.267,1.5,11.1,6.3,17.3,1.2,1.1,12.3,18.5,1.1,1.3,2.3,0.053,-1.2,-0.9,-2.0,0.0,0.0,2021
139,Kevin Love,24.9,4.1,10.1,0.409,2.3,6.2,0.365,1.8,3.8,0.479,0.522,1.7,2.0,0.824,0.7,6.8,7.4,2.5,0.6,0.1,1.5,1.0,12.2,0.0,0.0,1010.0,0.0,0.0,0.0,0.0,0.0,0.0,0.0,0.0,0.0,0.0,0.0,0.0,0.0,25.0,25.0,622.0,103.0,252.0,0.409,57.0,156.0,0.365,46.0,96.0,0.479,0.522,42.0,51.0,0.824,17.0,169.0,186.0,63.0,16.0,2.0,38.0,26.0,305.0,0.0,15.1,0.556,0.619,0.202,3.0,31.2,16.7,16.0,1.3,0.3,12.2,21.9,0.3,0.6,0.9,0.073,0.9,-0.9,-0.1,0.3,0.0,2021
140,Joe Ingles,27.9,4.1,8.4,0.489,2.7,6.1,0.451,1.4,2.3,0.59,0.652,1.1,1.3,0.844,0.4,3.2,3.6,4.7,0.7,0.2,1.7,1.8,12.1,0.0,0.0,1010.0,0.0,0.0,0.0,0.0,0.0,0.0,0.0,0.0,0.0,0.0,0.0,0.0,0.0,67.0,30.0,1867.0,275.0,562.0,0.489,183.0,406.0,0.451,92.0,156.0,0.59,0.652,76.0,90.0,0.844,27.0,217.0,244.0,318.0,45.0,12.0,117.0,120.0,809.0,0.0,15.9,0.672,0.722,0.16,1.6,11.8,6.9,24.0,1.2,0.5,16.3,16.6,4.7,2.3,7.0,0.18,2.6,0.9,3.5,2.6,0.0,2021
141,Josh Richardson,30.3,4.5,10.5,0.427,1.5,4.5,0.33,3.0,5.9,0.501,0.498,1.7,1.8,0.917,0.9,2.4,3.3,2.6,1.0,0.4,1.3,2.2,12.1,0.0,0.0,1010.0,0.0,0.0,0.0,0.0,0.0,0.0,0.0,0.0,0.0,0.0,0.0,0.0,0.0,59.0,56.0,1790.0,264.0,618.0,0.427,88.0,267.0,0.33,176.0,351.0,0.501,0.498,99.0,108.0,0.917,51.0,144.0,195.0,153.0,61.0,24.0,79.0,130.0,715.0,0.0,11.9,0.537,0.432,0.175,3.2,8.8,6.0,12.1,1.7,1.2,10.6,18.4,1.0,1.4,2.4,0.066,-1.5,-0.2,-1.7,0.1,0.0,2021
142,Thaddeus Young,24.3,5.4,9.7,0.559,0.2,0.7,0.267,5.3,9.1,0.58,0.568,1.0,1.7,0.628,2.5,3.8,6.2,4.3,1.1,0.6,2.0,2.2,12.1,0.0,0.0,1010.0,0.0,0.0,0.0,0.0,0.0,0.0,0.0,0.0,0.0,0.0,0.0,0.0,0.0,68.0,23.0,1652.0,370.0,662.0,0.559,12.0,45.0,0.267,358.0,617.0,0.58,0.568,71.0,113.0,0.628,168.0,255.0,423.0,291.0,74.0,40.0,137.0,152.0,823.0,0.0,20.3,0.578,0.068,0.171,11.4,16.9,14.2,27.1,2.2,2.1,16.1,22.3,2.8,2.2,5.1,0.147,1.9,1.4,3.3,2.2,0.0,2021
143,Jordan Poole,19.4,4.0,9.3,0.432,1.9,5.4,0.351,2.1,3.9,0.545,0.535,2.1,2.3,0.882,0.3,1.5,1.8,1.9,0.5,0.2,1.0,1.7,12.0,0.0,0.0,1010.0,0.0,0.0,0.0,0.0,0.0,0.0,0.0,0.0,0.0,0.0,0.0,0.0,0.0,51.0,7.0,988.0,205.0,474.0,0.432,97.0,276.0,0.351,108.0,198.0,0.545,0.535,105.0,119.0,0.882,15.0,77.0,92.0,99.0,26.0,9.0,51.0,86.0,612.0,0.0,15.1,0.581,0.582,0.251,1.6,8.2,5.0,15.4,1.2,0.8,8.8,25.0,1.1,0.9,1.9,0.094,0.7,-1.2,-0.5,0.4,0.0,2021
144,Kevin Huerter,30.8,4.6,10.6,0.432,2.0,5.6,0.363,2.6,5.0,0.51,0.528,0.7,0.9,0.781,0.6,2.8,3.3,3.5,1.2,0.3,1.1,2.4,11.9,0.0,0.0,1010.0,0.0,0.0,0.0,0.0,0.0,0.0,0.0,0.0,0.0,0.0,0.0,0.0,0.0,69.0,49.0,2126.0,316.0,731.0,0.432,140.0,386.0,0.363,176.0,345.0,0.51,0.528,50.0,64.0,0.781,38.0,193.0,231.0,241.0,82.0,18.0,79.0,165.0,822.0,0.0,12.2,0.541,0.528,0.088,2.0,9.7,6.0,16.3,1.9,0.7,9.4,17.2,1.9,1.7,3.6,0.08,-0.6,0.4,-0.3,1.0,0.0,2021
145,Malik Monk,20.9,4.1,9.5,0.434,2.0,5.0,0.401,2.1,4.5,0.471,0.54,1.4,1.7,0.819,0.3,2.1,2.4,2.1,0.5,0.1,1.3,1.1,11.7,0.0,0.0,1010.0,0.0,0.0,0.0,0.0,0.0,0.0,0.0,0.0,0.0,0.0,0.0,0.0,0.0,42.0,0.0,878.0,173.0,399.0,0.434,85.0,212.0,0.401,88.0,187.0,0.471,0.54,59.0,72.0,0.819,14.0,87.0,101.0,87.0,19.0,4.0,55.0,47.0,490.0,0.0,13.6,0.569,0.531,0.18,1.7,10.9,6.2,15.7,1.1,0.5,11.3,23.8,0.5,0.5,1.0,0.054,0.2,-2.0,-1.8,0.0,0.0,2021
146,Hamidou Diallo,23.6,4.3,9.0,0.477,0.5,1.6,0.341,3.8,7.5,0.505,0.506,2.5,3.8,0.64,1.1,4.1,5.2,1.9,0.8,0.5,1.5,2.6,11.6,0.0,0.0,1010.0,0.0,0.0,0.0,0.0,0.0,0.0,0.0,0.0,0.0,0.0,0.0,0.0,0.0,52.0,9.0,1226.0,224.0,470.0,0.477,28.0,82.0,0.341,196.0,388.0,0.505,0.506,128.0,200.0,0.64,59.0,213.0,272.0,101.0,41.0,24.0,76.0,134.0,604.0,0.0,14.3,0.541,0.174,0.426,5.1,18.8,11.9,13.3,1.6,1.7,12.0,22.2,0.3,1.3,1.6,0.063,-2.2,0.1,-2.1,0.0,0.0,2021
147,Dāvis Bertāns,25.7,3.4,8.4,0.404,3.0,7.5,0.395,0.4,0.9,0.48,0.581,1.8,2.0,0.87,0.3,2.6,2.9,0.9,0.6,0.2,0.6,2.4,11.5,0.0,0.0,1010.0,0.0,0.0,0.0,0.0,0.0,0.0,0.0,0.0,0.0,0.0,0.0,0.0,0.0,57.0,7.0,1464.0,193.0,478.0,0.404,169.0,428.0,0.395,24.0,50.0,0.48,0.581,100.0,115.0,0.87,18.0,150.0,168.0,49.0,33.0,13.0,33.0,136.0,655.0,0.0,11.4,0.62,0.895,0.241,1.3,10.8,6.1,4.4,1.0,0.7,5.9,15.9,2.1,1.0,3.1,0.101,0.3,-1.1,-0.8,0.4,0.0,2021
148,Jusuf Nurkić,23.8,4.6,9.0,0.514,0.3,0.8,0.4,4.3,8.2,0.525,0.532,1.9,3.1,0.619,2.3,6.6,9.0,3.4,1.0,1.1,2.0,2.8,11.5,0.0,0.0,1010.0,0.0,0.0,0.0,0.0,0.0,0.0,0.0,0.0,0.0,0.0,0.0,0.0,0.0,37.0,37.0,880.0,171.0,333.0,0.514,12.0,30.0,0.4,159.0,303.0,0.525,0.532,70.0,113.0,0.619,86.0,246.0,332.0,125.0,38.0,39.0,73.0,103.0,424.0,0.0,20.5,0.554,0.09,0.339,10.2,30.7,20.2,21.4,2.1,4.0,16.0,22.3,1.2,1.2,2.4,0.133,0.7,1.8,2.5,1.0,0.0,2021
149,James Wiseman,21.4,4.9,9.4,0.519,0.3,1.0,0.316,4.6,8.5,0.542,0.535,1.4,2.2,0.628,1.4,4.4,5.8,0.7,0.3,0.9,1.5,3.1,11.5,0.0,0.0,1010.0,0.0,0.0,0.0,0.0,0.0,0.0,0.0,0.0,0.0,0.0,0.0,0.0,0.0,39.0,27.0,836.0,191.0,368.0,0.519,12.0,38.0,0.316,179.0,330.0,0.542,0.535,54.0,86.0,0.628,55.0,171.0,226.0,26.0,11.0,36.0,60.0,121.0,448.0,0.0,13.1,0.552,0.103,0.234,7.1,21.5,14.4,4.9,0.6,3.8,12.9,23.8,-0.4,1.2,0.7,0.042,-4.0,-1.0,-5.0,-0.6,0.0,2021
150,Rudy Gay,21.6,4.2,10.0,0.42,1.7,4.4,0.381,2.5,5.6,0.451,0.505,1.3,1.6,0.804,0.7,4.1,4.8,1.4,0.7,0.6,1.0,1.8,11.4,0.0,0.0,1010.0,0.0,0.0,0.0,0.0,0.0,0.0,0.0,0.0,0.0,0.0,0.0,0.0,0.0,63.0,1.0,1358.0,264.0,628.0,0.42,106.0,278.0,0.381,158.0,350.0,0.451,0.505,82.0,102.0,0.804,42.0,261.0,303.0,88.0,45.0,40.0,65.0,115.0,716.0,0.0,14.7,0.532,0.443,0.162,3.2,20.9,11.9,9.7,1.6,2.5,8.8,23.6,0.0,1.7,1.7,0.059,-0.1,0.0,-0.1,0.6,0.0,2021
151,Bobby Portis,20.8,4.7,9.1,0.523,1.1,2.4,0.471,3.6,6.7,0.542,0.585,0.8,1.1,0.74,1.9,5.2,7.1,1.1,0.8,0.4,0.8,1.7,11.4,0.0,0.0,1010.0,0.0,0.0,0.0,0.0,0.0,0.0,0.0,0.0,0.0,0.0,0.0,0.0,0.0,66.0,7.0,1372.0,313.0,598.0,0.523,74.0,157.0,0.471,239.0,441.0,0.542,0.585,54.0,73.0,0.74,124.0,342.0,466.0,71.0,52.0,26.0,56.0,115.0,754.0,0.0,19.9,0.598,0.263,0.122,9.9,25.3,17.9,7.4,1.8,1.7,8.2,20.9,2.8,2.0,4.8,0.167,1.8,-0.4,1.5,1.2,0.0,2021
152,Immanuel Quickley,19.4,3.6,9.1,0.395,1.8,4.7,0.389,1.7,4.3,0.401,0.497,2.4,2.7,0.891,0.4,1.8,2.1,2.0,0.5,0.2,0.9,1.8,11.4,0.0,0.0,1010.0,0.0,0.0,0.0,0.0,0.0,0.0,0.0,0.0,0.0,0.0,0.0,0.0,0.0,64.0,3.0,1243.0,229.0,580.0,0.395,118.0,303.0,0.389,111.0,277.0,0.401,0.497,155.0,174.0,0.891,25.0,112.0,137.0,127.0,30.0,12.0,58.0,114.0,731.0,0.0,15.8,0.557,0.522,0.3,2.2,9.7,6.0,16.2,1.2,0.9,8.1,25.6,1.8,1.4,3.2,0.125,1.4,-0.5,0.9,0.9,0.0,2021
153,Lou Williams,21.6,4.0,9.8,0.41,1.0,2.6,0.399,3.0,7.2,0.414,0.464,2.3,2.6,0.867,0.3,1.8,2.1,3.4,0.7,0.1,1.6,0.9,11.3,0.0,0.0,1010.0,0.0,0.0,0.0,0.0,0.0,0.0,0.0,0.0,0.0,0.0,0.0,0.0,0.0,66.0,4.0,1423.0,265.0,646.0,0.41,69.0,173.0,0.399,196.0,473.0,0.414,0.464,150.0,173.0,0.867,21.0,117.0,138.0,225.0,47.0,6.0,108.0,62.0,749.0,0.0,14.0,0.519,0.268,0.268,1.7,8.9,5.4,23.4,1.6,0.4,13.0,25.7,0.5,1.2,1.7,0.056,-1.0,-1.5,-2.5,-0.2,0.0,2021
154,Jae'Sean Tate,29.2,4.5,8.9,0.506,0.9,2.8,0.308,3.7,6.1,0.595,0.554,1.5,2.1,0.694,1.9,3.5,5.3,2.5,1.2,0.5,1.4,3.2,11.3,0.0,0.0,1010.0,0.0,0.0,0.0,0.0,0.0,0.0,0.0,0.0,0.0,0.0,0.0,0.0,0.0,70.0,58.0,2043.0,316.0,625.0,0.506,60.0,195.0,0.308,256.0,430.0,0.595,0.554,102.0,147.0,0.694,132.0,242.0,374.0,178.0,85.0,36.0,98.0,222.0,794.0,0.0,13.8,0.576,0.312,0.235,6.6,13.2,9.8,13.2,2.0,1.6,12.4,16.4,2.2,1.6,3.8,0.088,-1.6,0.3,-1.4,0.3,0.0,2021
155,Wendell Carter Jr.,25.5,4.3,8.5,0.503,0.3,0.9,0.294,4.0,7.5,0.53,0.52,2.4,3.3,0.732,2.4,5.8,8.2,1.9,0.6,0.8,1.4,2.7,11.2,0.0,0.0,1010.0,0.0,0.0,0.0,0.0,0.0,0.0,0.0,0.0,0.0,0.0,0.0,0.0,0.0,54.0,44.0,1375.0,230.0,457.0,0.503,15.0,51.0,0.294,215.0,406.0,0.53,0.52,131.0,179.0,0.732,132.0,311.0,443.0,104.0,35.0,42.0,78.0,146.0,606.0,0.0,16.7,0.566,0.112,0.392,10.2,24.6,17.4,11.2,1.2,2.7,12.7,19.3,1.7,1.7,3.4,0.118,-1.1,-0.2,-1.3,0.2,0.0,2021
156,Armoni Brooks,26.0,3.9,9.6,0.406,3.0,7.9,0.382,0.9,1.8,0.514,0.563,0.4,0.6,0.583,0.5,2.9,3.4,1.5,0.6,0.3,1.1,1.7,11.2,0.0,0.0,1010.0,0.0,0.0,0.0,0.0,0.0,0.0,0.0,0.0,0.0,0.0,0.0,0.0,0.0,20.0,5.0,520.0,78.0,192.0,0.406,60.0,157.0,0.382,18.0,35.0,0.514,0.563,7.0,12.0,0.583,10.0,58.0,68.0,30.0,12.0,5.0,22.0,34.0,223.0,0.0,10.4,0.565,0.818,0.063,2.0,12.4,7.0,8.7,1.1,0.9,10.0,17.9,0.1,0.2,0.3,0.03,-1.1,-2.1,-3.2,-0.2,0.0,2021
157,Enes Freedom,24.4,4.7,7.8,0.604,0.0,0.1,0.25,4.7,7.7,0.607,0.605,1.8,2.3,0.774,3.9,7.1,11.0,1.2,0.5,0.7,1.1,2.3,11.2,0.0,0.0,1010.0,0.0,0.0,0.0,0.0,0.0,0.0,0.0,0.0,0.0,0.0,0.0,0.0,0.0,72.0,35.0,1758.0,339.0,561.0,0.604,1.0,4.0,0.25,338.0,557.0,0.607,0.605,127.0,164.0,0.774,284.0,511.0,795.0,84.0,33.0,48.0,78.0,168.0,806.0,0.0,22.4,0.636,0.007,0.292,16.8,31.9,24.2,7.2,0.9,2.4,11.0,17.4,5.7,1.7,7.5,0.204,2.1,-1.4,0.6,1.2,0.0,2021
158,Cam Reddish,28.8,3.7,10.1,0.365,1.3,4.8,0.262,2.4,5.3,0.46,0.428,2.6,3.2,0.817,0.8,3.2,4.0,1.3,1.3,0.3,1.3,2.6,11.2,0.0,0.0,1010.0,0.0,0.0,0.0,0.0,0.0,0.0,0.0,0.0,0.0,0.0,0.0,0.0,0.0,26.0,21.0,750.0,96.0,263.0,0.365,33.0,126.0,0.262,63.0,137.0,0.46,0.428,67.0,82.0,0.817,22.0,82.0,104.0,35.0,33.0,9.0,34.0,68.0,292.0,0.0,9.3,0.488,0.479,0.312,3.3,11.7,7.6,6.5,2.2,1.1,10.2,19.3,-0.3,0.7,0.4,0.026,-3.3,0.1,-3.2,-0.2,0.0,2021
159,Naz Reid,19.2,4.3,8.3,0.523,0.9,2.5,0.351,3.5,5.8,0.597,0.576,1.6,2.4,0.693,1.2,3.4,4.6,1.0,0.5,1.1,1.0,2.6,11.2,0.0,0.0,1010.0,0.0,0.0,0.0,0.0,0.0,0.0,0.0,0.0,0.0,0.0,0.0,0.0,0.0,70.0,15.0,1347.0,304.0,581.0,0.523,61.0,174.0,0.351,243.0,407.0,0.597,0.576,115.0,166.0,0.693,82.0,240.0,322.0,72.0,34.0,76.0,69.0,179.0,784.0,0.0,18.2,0.599,0.299,0.286,6.4,20.0,12.9,8.7,1.2,4.9,9.5,22.5,1.9,1.3,3.2,0.113,-0.1,-0.2,-0.2,0.6,0.0,2021
160,Lonnie Walker IV,25.4,4.3,10.2,0.42,1.7,4.7,0.355,2.6,5.5,0.477,0.502,1.0,1.2,0.814,0.2,2.4,2.6,1.7,0.5,0.3,1.1,1.7,11.2,0.0,0.0,1010.0,0.0,0.0,0.0,0.0,0.0,0.0,0.0,0.0,0.0,0.0,0.0,0.0,0.0,60.0,38.0,1522.0,256.0,609.0,0.42,100.0,282.0,0.355,156.0,327.0,0.477,0.502,57.0,70.0,0.814,14.0,141.0,155.0,101.0,29.0,15.0,65.0,101.0,669.0,0.0,9.8,0.523,0.463,0.115,1.0,10.1,5.4,9.6,0.9,0.8,9.2,20.1,-0.5,0.9,0.4,0.012,-2.3,-1.4,-3.7,-0.7,0.0,2021
161,Serge Ibaka,23.3,4.5,8.9,0.51,1.0,2.8,0.339,3.6,6.1,0.588,0.563,1.0,1.3,0.811,1.8,4.9,6.7,1.8,0.2,1.1,1.1,1.9,11.1,0.0,0.0,1010.0,0.0,0.0,0.0,0.0,0.0,0.0,0.0,0.0,0.0,0.0,0.0,0.0,0.0,41.0,39.0,955.0,186.0,365.0,0.51,39.0,115.0,0.339,147.0,250.0,0.588,0.563,43.0,53.0,0.811,73.0,202.0,275.0,74.0,9.0,47.0,44.0,76.0,454.0,0.0,18.2,0.585,0.315,0.145,8.9,23.1,16.2,11.5,0.5,4.4,10.2,20.1,1.7,1.3,3.0,0.15,1.2,0.2,1.4,0.8,0.0,2021
162,Blake Griffin,25.8,3.8,8.9,0.423,1.5,4.5,0.341,2.3,4.5,0.505,0.509,1.9,2.5,0.744,0.8,4.1,4.9,3.0,0.7,0.3,1.3,2.4,11.0,0.0,0.0,1010.0,0.0,0.0,0.0,0.0,0.0,0.0,0.0,0.0,0.0,0.0,0.0,0.0,0.0,46.0,30.0,1186.0,174.0,411.0,0.423,70.0,205.0,0.341,104.0,206.0,0.505,0.509,87.0,117.0,0.744,35.0,190.0,225.0,140.0,32.0,15.0,62.0,111.0,505.0,0.0,12.9,0.546,0.499,0.285,3.4,17.4,10.5,17.0,1.3,1.1,11.8,19.3,0.9,1.1,2.0,0.081,-0.8,0.0,-0.8,0.3,0.0,2021
163,Nickeil Alexander-Walker,21.9,4.2,10.0,0.419,1.7,4.8,0.347,2.5,5.2,0.485,0.502,1.0,1.4,0.727,0.3,2.8,3.1,2.2,1.0,0.5,1.5,1.9,11.0,0.0,0.0,1010.0,0.0,0.0,0.0,0.0,0.0,0.0,0.0,0.0,0.0,0.0,0.0,0.0,0.0,46.0,13.0,1007.0,192.0,458.0,0.419,76.0,219.0,0.347,116.0,239.0,0.485,0.502,48.0,66.0,0.727,13.0,131.0,144.0,102.0,47.0,22.0,69.0,88.0,508.0,0.0,12.5,0.522,0.478,0.144,1.4,14.1,7.8,14.7,2.2,2.1,12.4,23.2,-0.3,1.0,0.7,0.035,-1.4,0.1,-1.3,0.2,0.0,2021
164,Jeff Green,27.0,3.8,7.8,0.492,1.5,3.7,0.412,2.3,4.1,0.564,0.59,1.8,2.4,0.776,0.5,3.4,3.9,1.6,0.5,0.4,0.8,1.8,11.0,0.0,0.0,1010.0,0.0,0.0,0.0,0.0,0.0,0.0,0.0,0.0,0.0,0.0,0.0,0.0,0.0,68.0,38.0,1835.0,261.0,530.0,0.492,103.0,250.0,0.412,158.0,280.0,0.564,0.59,125.0,161.0,0.776,34.0,229.0,263.0,108.0,36.0,27.0,54.0,122.0,750.0,0.0,13.0,0.624,0.472,0.304,2.2,13.1,7.9,7.8,0.9,1.3,8.2,15.6,2.9,1.2,4.1,0.107,0.0,-0.9,-0.8,0.5,0.0,2021
165,Dwayne Bacon,25.7,4.1,10.1,0.402,0.8,2.9,0.285,3.2,7.2,0.449,0.443,2.0,2.4,0.824,0.4,2.7,3.1,1.3,0.6,0.1,0.6,1.4,10.9,0.0,0.0,1010.0,0.0,0.0,0.0,0.0,0.0,0.0,0.0,0.0,0.0,0.0,0.0,0.0,0.0,72.0,50.0,1853.0,292.0,726.0,0.402,59.0,207.0,0.285,233.0,519.0,0.449,0.443,145.0,176.0,0.824,31.0,193.0,224.0,93.0,45.0,5.0,46.0,103.0,788.0,0.0,9.9,0.49,0.285,0.242,1.7,11.2,6.3,7.9,1.2,0.2,5.4,19.8,-0.3,0.9,0.5,0.013,-3.7,-1.4,-5.1,-1.5,0.0,2021
166,Oshae Brissett,24.7,3.5,7.2,0.483,1.6,3.7,0.423,1.9,3.5,0.548,0.593,2.4,3.1,0.769,1.4,4.1,5.5,0.9,0.9,1.0,0.5,1.5,10.9,0.0,0.0,1010.0,0.0,0.0,0.0,0.0,0.0,0.0,0.0,0.0,0.0,0.0,0.0,0.0,0.0,21.0,16.0,519.0,73.0,151.0,0.483,33.0,78.0,0.423,40.0,73.0,0.548,0.593,50.0,65.0,0.769,29.0,86.0,115.0,18.0,19.0,20.0,10.0,32.0,229.0,0.0,17.2,0.638,0.517,0.43,6.1,17.9,12.0,4.6,1.7,3.1,5.3,15.6,1.2,0.6,1.8,0.165,1.1,-0.5,0.6,0.3,0.0,2021
167,Reggie Bullock,30.0,3.8,8.6,0.442,2.5,6.1,0.41,1.3,2.5,0.521,0.587,0.8,0.8,0.909,0.2,3.2,3.4,1.5,0.8,0.2,0.7,2.2,10.9,0.0,0.0,1010.0,0.0,0.0,0.0,0.0,0.0,0.0,0.0,0.0,0.0,0.0,0.0,0.0,0.0,65.0,64.0,1949.0,248.0,561.0,0.442,163.0,398.0,0.41,85.0,163.0,0.521,0.587,50.0,55.0,0.909,16.0,207.0,223.0,99.0,52.0,11.0,45.0,146.0,709.0,0.0,11.1,0.606,0.709,0.098,0.9,11.4,6.2,7.4,1.3,0.5,7.1,14.4,2.3,2.3,4.6,0.114,-0.9,0.8,-0.1,0.9,0.0,2021
168,Patty Mills,24.8,3.7,9.0,0.412,2.4,6.3,0.375,1.3,2.7,0.5,0.544,1.0,1.1,0.91,0.3,1.4,1.7,2.4,0.6,0.0,1.0,1.2,10.8,0.0,0.0,1010.0,0.0,0.0,0.0,0.0,0.0,0.0,0.0,0.0,0.0,0.0,0.0,0.0,0.0,68.0,1.0,1685.0,252.0,611.0,0.412,161.0,429.0,0.375,91.0,182.0,0.5,0.544,71.0,78.0,0.91,18.0,98.0,116.0,162.0,42.0,3.0,66.0,81.0,736.0,0.0,11.8,0.57,0.702,0.128,1.1,6.3,3.7,13.5,1.2,0.2,9.3,18.4,1.3,0.8,2.2,0.062,0.0,-1.2,-1.2,0.4,0.0,2021
169,Cameron Oliver,21.8,4.8,8.3,0.576,1.0,3.3,0.308,3.8,5.0,0.75,0.636,0.3,1.0,0.25,1.3,4.0,5.3,1.3,0.5,1.0,0.8,2.8,10.8,0.0,0.0,1010.0,0.0,0.0,0.0,0.0,0.0,0.0,0.0,0.0,0.0,0.0,0.0,0.0,0.0,4.0,0.0,87.0,19.0,33.0,0.576,4.0,13.0,0.308,15.0,20.0,0.75,0.636,1.0,4.0,0.25,5.0,16.0,21.0,5.0,2.0,4.0,3.0,11.0,43.0,0.0,17.2,0.619,0.394,0.121,5.9,20.5,12.9,9.6,1.1,4.1,7.9,18.5,0.1,0.1,0.2,0.114,-1.0,-1.0,-2.0,0.0,0.0,2021
170,Reggie Jackson,23.0,3.9,8.7,0.45,1.8,4.2,0.433,2.1,4.5,0.465,0.554,1.0,1.2,0.817,0.4,2.5,2.9,3.1,0.6,0.1,1.1,1.9,10.7,0.0,0.0,1010.0,0.0,0.0,0.0,0.0,0.0,0.0,0.0,0.0,0.0,0.0,0.0,0.0,0.0,67.0,43.0,1544.0,263.0,585.0,0.45,122.0,282.0,0.433,141.0,303.0,0.465,0.554,67.0,82.0,0.817,24.0,168.0,192.0,205.0,41.0,7.0,74.0,127.0,715.0,0.0,14.2,0.576,0.482,0.14,1.8,11.9,7.0,19.0,1.3,0.4,10.6,19.9,2.3,1.4,3.7,0.115,0.6,-0.2,0.4,0.9,0.0,2021
171,Ty Jerome,23.9,3.9,8.7,0.446,2.2,5.1,0.423,1.7,3.6,0.479,0.57,0.8,1.0,0.765,0.3,2.5,2.8,3.6,0.6,0.2,1.4,1.8,10.7,0.0,0.0,1010.0,0.0,0.0,0.0,0.0,0.0,0.0,0.0,0.0,0.0,0.0,0.0,0.0,0.0,33.0,1.0,788.0,128.0,287.0,0.446,71.0,168.0,0.423,57.0,119.0,0.479,0.57,26.0,34.0,0.765,10.0,81.0,91.0,120.0,20.0,6.0,47.0,61.0,353.0,0.0,13.4,0.585,0.585,0.118,1.3,10.8,6.0,23.7,1.2,0.7,13.5,18.8,0.9,0.4,1.3,0.079,0.1,-0.8,-0.7,0.3,0.0,2021
172,Grayson Allen,25.2,3.5,8.3,0.418,2.1,5.5,0.391,1.3,2.8,0.471,0.547,1.6,1.8,0.868,0.4,2.8,3.2,2.2,0.9,0.2,1.0,1.4,10.6,0.0,0.0,1010.0,0.0,0.0,0.0,0.0,0.0,0.0,0.0,0.0,0.0,0.0,0.0,0.0,0.0,50.0,38.0,1259.0,173.0,414.0,0.418,107.0,274.0,0.391,66.0,140.0,0.471,0.547,79.0,91.0,0.868,19.0,141.0,160.0,108.0,46.0,8.0,48.0,71.0,532.0,0.0,12.8,0.586,0.662,0.22,1.6,12.0,6.7,11.5,1.7,0.6,9.6,16.8,1.5,1.2,2.7,0.101,-0.2,0.1,-0.2,0.6,0.0,2021
173,Justin Holiday,30.3,3.6,8.7,0.413,2.4,6.3,0.382,1.2,2.4,0.494,0.551,0.9,1.2,0.788,0.4,3.1,3.6,1.7,1.0,0.6,0.8,1.9,10.5,0.0,0.0,1010.0,0.0,0.0,0.0,0.0,0.0,0.0,0.0,0.0,0.0,0.0,0.0,0.0,0.0,72.0,52.0,2183.0,258.0,625.0,0.413,173.0,453.0,0.382,85.0,172.0,0.494,0.551,67.0,85.0,0.788,32.0,224.0,256.0,119.0,74.0,41.0,54.0,135.0,756.0,0.0,10.4,0.571,0.725,0.136,1.6,11.1,6.4,7.0,1.6,1.5,7.5,14.0,1.4,1.8,3.1,0.069,-0.9,-0.1,-1.0,0.6,0.0,2021
174,Donte DiVincenzo,27.5,3.8,9.1,0.42,2.0,5.2,0.379,1.8,3.9,0.475,0.528,0.8,1.1,0.718,1.2,4.5,5.8,3.1,1.1,0.2,1.4,1.7,10.4,0.0,0.0,1010.0,0.0,0.0,0.0,0.0,0.0,0.0,0.0,0.0,0.0,0.0,0.0,0.0,0.0,66.0,66.0,1814.0,253.0,603.0,0.42,131.0,346.0,0.379,122.0,257.0,0.475,0.528,51.0,71.0,0.718,81.0,299.0,380.0,203.0,72.0,15.0,91.0,112.0,688.0,0.0,13.0,0.542,0.574,0.118,4.9,16.7,11.0,14.2,1.9,0.7,12.5,16.7,1.5,2.1,3.6,0.095,-0.2,0.4,0.2,1.0,0.0,2021
175,Cedi Osman,25.6,3.7,9.9,0.374,1.7,5.5,0.306,2.0,4.4,0.458,0.458,1.3,1.6,0.8,0.6,2.8,3.4,2.9,0.9,0.2,1.4,2.0,10.4,0.0,0.0,1010.0,0.0,0.0,0.0,0.0,0.0,0.0,0.0,0.0,0.0,0.0,0.0,0.0,0.0,59.0,26.0,1510.0,219.0,586.0,0.374,99.0,324.0,0.306,120.0,262.0,0.458,0.458,76.0,95.0,0.8,38.0,163.0,201.0,174.0,53.0,9.0,80.0,119.0,613.0,0.0,10.3,0.488,0.553,0.162,2.8,12.4,7.5,17.7,1.7,0.5,11.3,20.4,-0.5,1.0,0.5,0.014,-2.3,-0.9,-3.2,-0.5,0.0,2021
176,Mason Plumlee,26.8,4.2,6.8,0.614,0.0,0.1,0.0,4.2,6.7,0.626,0.614,2.0,3.0,0.669,2.6,6.7,9.3,3.6,0.8,0.9,1.9,3.3,10.4,0.0,0.0,1010.0,0.0,0.0,0.0,0.0,0.0,0.0,0.0,0.0,0.0,0.0,0.0,0.0,0.0,56.0,56.0,1499.0,234.0,381.0,0.614,0.0,7.0,0.0,234.0,374.0,0.626,0.614,113.0,169.0,0.669,145.0,374.0,519.0,202.0,43.0,50.0,105.0,186.0,581.0,2.0,18.7,0.638,0.018,0.444,10.6,28.1,19.3,21.0,1.4,2.9,18.7,16.3,3.0,2.1,5.1,0.164,0.2,2.0,2.2,1.6,0.0,2021
177,Brandon Clarke,24.0,4.3,8.4,0.517,0.3,1.3,0.26,4.0,7.1,0.565,0.537,1.3,1.9,0.69,1.6,3.9,5.6,1.6,1.0,0.9,0.6,1.4,10.3,0.0,0.0,1010.0,0.0,0.0,0.0,0.0,0.0,0.0,0.0,0.0,0.0,0.0,0.0,0.0,0.0,59.0,16.0,1415.0,256.0,495.0,0.517,20.0,77.0,0.26,236.0,418.0,0.565,0.537,78.0,113.0,0.69,97.0,231.0,328.0,95.0,60.0,51.0,33.0,84.0,610.0,0.0,17.3,0.56,0.156,0.228,7.2,17.5,12.3,9.5,2.0,3.2,5.7,17.2,2.2,2.0,4.2,0.142,0.4,1.2,1.5,1.3,0.0,2021
178,Delon Wright,27.7,3.8,8.2,0.463,1.0,2.7,0.372,2.8,5.5,0.509,0.525,1.6,2.0,0.802,1.0,3.2,4.3,4.4,1.6,0.5,1.3,1.2,10.2,0.0,0.0,1010.0,0.0,0.0,0.0,0.0,0.0,0.0,0.0,0.0,0.0,0.0,0.0,0.0,0.0,63.0,39.0,1748.0,240.0,518.0,0.463,64.0,172.0,0.372,176.0,346.0,0.509,0.525,101.0,126.0,0.802,65.0,204.0,269.0,278.0,101.0,30.0,83.0,75.0,645.0,0.0,16.3,0.562,0.332,0.243,4.1,13.1,8.6,23.0,2.8,1.5,12.6,16.3,2.5,1.8,4.3,0.117,0.6,1.5,2.2,1.8,0.0,2021
179,Monte Morris,25.4,4.0,8.2,0.481,1.1,2.9,0.381,2.9,5.4,0.534,0.547,1.2,1.6,0.795,0.2,1.8,2.0,3.2,0.7,0.3,0.7,1.0,10.2,0.0,0.0,1010.0,0.0,0.0,0.0,0.0,0.0,0.0,0.0,0.0,0.0,0.0,0.0,0.0,0.0,47.0,13.0,1196.0,186.0,387.0,0.481,51.0,134.0,0.381,135.0,253.0,0.534,0.547,58.0,73.0,0.795,11.0,85.0,96.0,150.0,34.0,13.0,34.0,48.0,481.0,0.0,14.0,0.574,0.346,0.189,1.0,8.0,4.6,17.1,1.4,1.1,7.5,16.5,2.0,0.8,2.9,0.115,0.1,-0.5,-0.3,0.5,0.0,2021
180,Jae Crowder,27.5,3.3,8.2,0.404,2.5,6.3,0.389,0.9,1.9,0.455,0.555,1.0,1.3,0.76,0.5,4.2,4.7,2.1,0.8,0.5,0.9,2.1,10.1,0.0,0.0,1010.0,0.0,0.0,0.0,0.0,0.0,0.0,0.0,0.0,0.0,0.0,0.0,0.0,0.0,60.0,42.0,1648.0,199.0,492.0,0.404,148.0,380.0,0.389,51.0,112.0,0.455,0.555,57.0,75.0,0.76,32.0,250.0,282.0,127.0,48.0,27.0,55.0,125.0,603.0,0.0,11.8,0.574,0.772,0.152,2.2,16.9,9.7,10.0,1.4,1.5,9.5,15.7,1.4,1.9,3.3,0.097,0.3,0.8,1.1,1.3,0.0,2021
181,Jeremy Lamb,21.3,3.3,7.7,0.435,1.4,3.6,0.406,1.9,4.1,0.459,0.529,2.0,2.1,0.947,0.7,2.9,3.6,1.5,0.9,0.6,0.6,2.0,10.1,0.0,0.0,1010.0,0.0,0.0,0.0,0.0,0.0,0.0,0.0,0.0,0.0,0.0,0.0,0.0,0.0,36.0,8.0,765.0,120.0,276.0,0.435,52.0,128.0,0.406,68.0,148.0,0.459,0.529,71.0,75.0,0.947,25.0,106.0,131.0,53.0,34.0,23.0,22.0,72.0,363.0,0.0,15.8,0.587,0.464,0.272,3.6,14.9,9.3,9.4,2.1,2.4,6.6,18.4,1.2,0.9,2.1,0.132,0.7,0.7,1.4,0.7,0.0,2021
182,Théo Maledon,27.4,3.5,9.4,0.368,1.6,4.8,0.335,1.9,4.6,0.402,0.454,1.6,2.1,0.748,0.4,2.9,3.2,3.5,0.9,0.2,2.2,1.9,10.1,0.0,0.0,1010.0,0.0,0.0,0.0,0.0,0.0,0.0,0.0,0.0,0.0,0.0,0.0,0.0,0.0,65.0,49.0,1778.0,226.0,614.0,0.368,105.0,313.0,0.335,121.0,301.0,0.402,0.454,101.0,135.0,0.748,25.0,186.0,211.0,227.0,56.0,11.0,141.0,126.0,658.0,0.0,8.2,0.489,0.51,0.22,1.4,11.0,6.2,18.8,1.5,0.5,17.3,19.4,-1.9,1.1,-0.8,-0.021,-4.0,-1.0,-5.0,-1.3,0.0,2021
183,Elfrid Payton,23.6,4.3,9.9,0.432,0.4,1.6,0.286,3.8,8.3,0.46,0.455,1.2,1.7,0.682,1.0,2.4,3.4,3.2,0.7,0.1,1.6,1.8,10.1,0.0,0.0,1010.0,0.0,0.0,0.0,0.0,0.0,0.0,0.0,0.0,0.0,0.0,0.0,0.0,0.0,63.0,63.0,1484.0,269.0,622.0,0.432,28.0,98.0,0.286,241.0,524.0,0.46,0.455,73.0,107.0,0.682,64.0,152.0,216.0,203.0,47.0,9.0,103.0,116.0,639.0,0.0,11.7,0.478,0.158,0.172,4.7,11.0,7.9,21.6,1.6,0.6,13.3,23.2,-0.9,1.9,1.0,0.032,-2.9,-0.1,-3.0,-0.4,0.0,2021
184,Bryn Forbes,19.3,3.6,7.6,0.473,2.2,4.9,0.452,1.4,2.7,0.511,0.618,0.7,0.9,0.77,0.2,1.4,1.6,0.6,0.3,0.0,0.6,1.1,10.0,0.0,0.0,1010.0,0.0,0.0,0.0,0.0,0.0,0.0,0.0,0.0,0.0,0.0,0.0,0.0,0.0,70.0,10.0,1354.0,250.0,529.0,0.473,154.0,341.0,0.452,96.0,188.0,0.511,0.618,47.0,61.0,0.77,11.0,101.0,112.0,45.0,24.0,1.0,44.0,77.0,701.0,0.0,12.8,0.631,0.645,0.115,0.9,7.6,4.3,4.5,0.8,0.1,7.3,18.5,2.0,0.7,2.7,0.096,0.4,-1.7,-1.3,0.2,0.0,2021
185,Gary Harris,27.7,3.5,8.8,0.4,1.2,3.6,0.34,2.3,5.2,0.441,0.47,1.6,2.0,0.821,0.5,1.5,2.0,2.0,0.7,0.3,0.9,1.8,9.9,0.0,0.0,1010.0,0.0,0.0,0.0,0.0,0.0,0.0,0.0,0.0,0.0,0.0,0.0,0.0,0.0,39.0,38.0,1080.0,138.0,345.0,0.4,48.0,141.0,0.34,90.0,204.0,0.441,0.47,64.0,78.0,0.821,21.0,58.0,79.0,78.0,28.0,11.0,37.0,71.0,388.0,0.0,9.1,0.511,0.409,0.226,2.1,5.9,4.0,10.3,1.3,1.0,8.9,16.7,0.2,0.6,0.7,0.033,-2.8,-1.3,-4.2,-0.6,0.0,2021
186,Dorian Finney-Smith,32.0,3.7,7.8,0.472,2.0,5.0,0.394,1.7,2.7,0.616,0.6,0.5,0.7,0.756,1.6,3.8,5.4,1.7,0.9,0.4,0.8,2.3,9.8,0.0,0.0,1010.0,0.0,0.0,0.0,0.0,0.0,0.0,0.0,0.0,0.0,0.0,0.0,0.0,0.0,60.0,60.0,1921.0,220.0,466.0,0.472,119.0,302.0,0.394,101.0,164.0,0.616,0.6,31.0,41.0,0.756,98.0,228.0,326.0,102.0,52.0,25.0,48.0,138.0,590.0,0.0,12.0,0.609,0.648,0.088,5.7,13.0,9.3,7.2,1.3,1.2,9.0,12.2,2.8,1.6,4.4,0.11,0.2,0.0,0.1,1.0,0.0,2021
187,Frank Jackson,18.5,3.4,7.3,0.457,1.5,3.8,0.407,1.8,3.6,0.51,0.561,1.5,1.9,0.813,0.4,1.8,2.2,0.9,0.4,0.0,0.9,1.3,9.8,0.0,0.0,1010.0,0.0,0.0,0.0,0.0,0.0,0.0,0.0,0.0,0.0,0.0,0.0,0.0,0.0,40.0,6.0,738.0,134.0,293.0,0.457,61.0,150.0,0.407,73.0,143.0,0.51,0.561,61.0,75.0,0.813,15.0,71.0,86.0,36.0,15.0,1.0,34.0,53.0,390.0,0.0,13.2,0.598,0.512,0.256,2.2,10.8,6.5,7.9,1.0,0.1,9.4,21.3,0.7,0.4,1.2,0.076,-0.1,-1.6,-1.7,0.1,0.0,2021
188,Otto Porter Jr.,21.6,3.5,8.1,0.432,1.4,3.7,0.375,2.1,4.4,0.48,0.518,1.3,1.5,0.857,1.0,4.4,5.4,2.0,0.6,0.1,0.9,1.5,9.7,0.0,0.0,1010.0,0.0,0.0,0.0,0.0,0.0,0.0,0.0,0.0,0.0,0.0,0.0,0.0,0.0,28.0,6.0,606.0,98.0,227.0,0.432,39.0,104.0,0.375,59.0,123.0,0.48,0.518,36.0,42.0,0.857,28.0,124.0,152.0,55.0,16.0,4.0,25.0,41.0,271.0,0.0,14.5,0.552,0.458,0.185,5.2,22.4,13.8,12.9,1.3,0.6,9.2,19.3,0.6,0.7,1.3,0.101,0.0,0.0,0.0,0.3,0.0,2021
189,Kentavious Caldwell-Pope,28.4,3.3,7.6,0.431,1.8,4.4,0.41,1.5,3.2,0.46,0.549,1.4,1.7,0.866,0.4,2.3,2.7,1.9,0.9,0.4,1.0,1.7,9.7,0.0,0.0,1010.0,0.0,0.0,0.0,0.0,0.0,0.0,0.0,0.0,0.0,0.0,0.0,0.0,0.0,67.0,67.0,1902.0,218.0,506.0,0.431,120.0,293.0,0.41,98.0,213.0,0.46,0.549,97.0,112.0,0.866,27.0,152.0,179.0,127.0,62.0,26.0,66.0,114.0,653.0,0.0,10.7,0.588,0.579,0.221,1.6,8.9,5.3,9.2,1.6,1.2,10.6,14.2,1.6,2.6,4.2,0.107,-1.6,1.0,-0.5,0.7,0.0,2021
190,Mike Muscala,18.4,3.4,7.6,0.446,1.9,5.3,0.37,1.5,2.4,0.614,0.573,0.9,1.0,0.917,0.5,3.2,3.8,0.8,0.2,0.3,0.6,1.5,9.7,0.0,0.0,1010.0,0.0,0.0,0.0,0.0,0.0,0.0,0.0,0.0,0.0,0.0,0.0,0.0,0.0,35.0,0.0,645.0,119.0,267.0,0.446,68.0,184.0,0.37,51.0,83.0,0.614,0.573,33.0,36.0,0.917,19.0,113.0,132.0,28.0,8.0,11.0,21.0,54.0,339.0,0.0,14.7,0.599,0.689,0.135,3.0,18.4,10.6,7.0,0.6,1.5,6.9,20.0,0.9,0.4,1.3,0.096,0.9,-1.0,-0.1,0.3,0.0,2021
191,Daniel Theis,24.6,3.9,7.2,0.541,0.8,2.3,0.322,3.1,4.8,0.646,0.593,1.1,1.7,0.673,1.4,4.0,5.5,1.7,0.6,0.9,1.0,2.6,9.6,0.0,0.0,1010.0,0.0,0.0,0.0,0.0,0.0,0.0,0.0,0.0,0.0,0.0,0.0,0.0,0.0,65.0,51.0,1601.0,252.0,466.0,0.541,49.0,152.0,0.322,203.0,314.0,0.646,0.593,74.0,110.0,0.673,93.0,263.0,356.0,108.0,41.0,57.0,66.0,167.0,627.0,0.0,15.0,0.609,0.326,0.236,6.5,18.3,12.4,9.5,1.2,3.3,11.4,15.6,2.4,1.8,4.3,0.128,-0.7,0.7,0.0,0.8,0.0,2021
192,Wayne Ellington,22.0,3.2,7.3,0.441,2.5,6.0,0.422,0.7,1.4,0.524,0.612,0.6,0.8,0.8,0.3,1.6,1.8,1.5,0.4,0.2,0.7,1.3,9.6,0.0,0.0,1010.0,0.0,0.0,0.0,0.0,0.0,0.0,0.0,0.0,0.0,0.0,0.0,0.0,0.0,46.0,31.0,1012.0,149.0,338.0,0.441,116.0,275.0,0.422,33.0,63.0,0.524,0.612,28.0,35.0,0.8,12.0,73.0,85.0,67.0,18.0,9.0,33.0,59.0,442.0,0.0,12.2,0.625,0.814,0.104,1.3,8.1,4.7,10.2,0.9,0.8,8.5,16.7,1.3,0.5,1.9,0.088,1.1,-1.3,-0.2,0.5,0.0,2021
193,Cameron Johnson,24.0,3.4,8.1,0.42,2.0,5.6,0.349,1.4,2.5,0.581,0.541,0.8,1.0,0.847,0.6,2.8,3.3,1.4,0.6,0.3,0.7,1.4,9.6,0.0,0.0,1010.0,0.0,0.0,0.0,0.0,0.0,0.0,0.0,0.0,0.0,0.0,0.0,0.0,0.0,60.0,11.0,1437.0,203.0,483.0,0.42,117.0,335.0,0.349,86.0,148.0,0.581,0.541,50.0,59.0,0.847,33.0,166.0,199.0,86.0,37.0,16.0,40.0,85.0,573.0,0.0,11.8,0.563,0.694,0.122,2.6,12.9,7.9,8.0,1.3,1.0,7.3,17.0,1.2,1.4,2.6,0.086,0.0,-0.2,-0.2,0.7,0.0,2021
194,Isaac Okoro,32.4,3.5,8.3,0.42,0.9,3.2,0.29,2.6,5.1,0.501,0.476,1.7,2.3,0.726,1.0,2.1,3.1,1.9,0.9,0.4,1.3,2.8,9.6,0.0,0.0,1010.0,0.0,0.0,0.0,0.0,0.0,0.0,0.0,0.0,0.0,0.0,0.0,0.0,0.0,67.0,67.0,2173.0,235.0,559.0,0.42,62.0,214.0,0.29,173.0,345.0,0.501,0.476,114.0,157.0,0.726,68.0,138.0,206.0,128.0,62.0,24.0,86.0,185.0,646.0,0.0,7.9,0.514,0.383,0.281,3.4,7.3,5.3,8.6,1.4,1.0,12.0,14.3,-0.1,1.0,0.9,0.02,-4.2,-0.9,-5.1,-1.7,0.0,2021
195,Taurean Prince,22.1,3.2,8.0,0.401,1.5,3.8,0.4,1.7,4.2,0.401,0.495,1.6,1.9,0.855,0.5,3.0,3.5,1.9,0.7,0.6,1.1,1.8,9.5,0.0,0.0,1010.0,0.0,0.0,0.0,0.0,0.0,0.0,0.0,0.0,0.0,0.0,0.0,0.0,0.0,41.0,10.0,905.0,131.0,327.0,0.401,62.0,155.0,0.4,69.0,172.0,0.401,0.495,65.0,76.0,0.855,19.0,123.0,142.0,76.0,28.0,23.0,47.0,75.0,389.0,0.0,12.1,0.54,0.474,0.232,2.3,15.3,8.8,12.8,1.5,2.3,11.5,19.6,0.2,0.8,1.0,0.052,-1.2,-0.6,-1.8,0.0,0.0,2021
196,Danny Green,28.0,3.2,7.9,0.412,2.5,6.3,0.405,0.7,1.6,0.438,0.573,0.4,0.6,0.775,0.8,3.0,3.8,1.7,1.3,0.8,1.0,1.8,9.5,0.0,0.0,1010.0,0.0,0.0,0.0,0.0,0.0,0.0,0.0,0.0,0.0,0.0,0.0,0.0,0.0,69.0,69.0,1934.0,224.0,544.0,0.412,175.0,432.0,0.405,49.0,112.0,0.438,0.573,31.0,40.0,0.775,55.0,205.0,260.0,118.0,92.0,56.0,67.0,125.0,654.0,0.0,12.1,0.582,0.794,0.074,3.2,11.5,7.4,8.3,2.3,2.6,10.7,14.0,1.6,3.1,4.6,0.115,0.4,1.5,1.9,1.9,0.0,2021
197,Eric Paschall,17.4,3.7,7.5,0.497,0.5,1.4,0.333,3.3,6.1,0.533,0.527,1.7,2.4,0.713,0.7,2.5,3.2,1.3,0.3,0.2,1.1,1.7,9.5,0.0,0.0,1010.0,0.0,0.0,0.0,0.0,0.0,0.0,0.0,0.0,0.0,0.0,0.0,0.0,0.0,40.0,2.0,695.0,148.0,298.0,0.497,18.0,54.0,0.333,130.0,244.0,0.533,0.527,67.0,94.0,0.713,28.0,100.0,128.0,51.0,12.0,7.0,43.0,68.0,381.0,0.0,13.4,0.561,0.181,0.315,4.3,15.1,9.8,11.4,0.8,0.9,11.2,23.5,0.2,0.7,0.9,0.062,-1.8,-0.9,-2.7,-0.1,0.0,2021
198,Trevor Ariza,28.0,3.3,8.0,0.411,1.7,4.8,0.35,1.6,3.3,0.5,0.515,1.1,1.5,0.773,0.9,3.9,4.8,1.8,1.0,0.6,0.7,1.8,9.4,0.0,0.0,1010.0,0.0,0.0,0.0,0.0,0.0,0.0,0.0,0.0,0.0,0.0,0.0,0.0,0.0,30.0,27.0,841.0,99.0,241.0,0.411,50.0,143.0,0.35,49.0,98.0,0.5,0.515,34.0,44.0,0.773,27.0,117.0,144.0,55.0,31.0,18.0,21.0,55.0,282.0,0.0,11.9,0.542,0.593,0.183,3.7,15.6,9.8,9.4,1.8,2.2,7.5,15.1,0.5,1.0,1.6,0.091,-1.2,0.1,-1.1,0.2,0.0,2021
199,Cody Zeller,20.9,3.8,6.8,0.559,0.1,0.6,0.143,3.7,6.2,0.598,0.565,1.8,2.5,0.714,2.5,4.4,6.8,1.8,0.6,0.4,1.1,2.5,9.4,0.0,0.0,1010.0,0.0,0.0,0.0,0.0,0.0,0.0,0.0,0.0,0.0,0.0,0.0,0.0,0.0,48.0,21.0,1005.0,181.0,324.0,0.559,4.0,28.0,0.143,177.0,296.0,0.598,0.565,85.0,119.0,0.714,119.0,209.0,328.0,86.0,27.0,17.0,51.0,121.0,451.0,0.0,18.2,0.599,0.086,0.367,12.6,22.9,17.7,13.2,1.3,1.7,11.9,18.3,2.1,1.1,3.3,0.156,-0.2,-0.2,-0.5,0.4,0.0,2021
200,KJ Martin,23.7,3.6,7.1,0.509,0.8,2.1,0.365,2.8,4.9,0.572,0.564,1.3,1.9,0.714,1.6,3.8,5.4,1.1,0.7,0.9,0.8,2.0,9.3,0.0,0.0,1010.0,0.0,0.0,0.0,0.0,0.0,0.0,0.0,0.0,0.0,0.0,0.0,0.0,0.0,45.0,8.0,1068.0,162.0,318.0,0.509,35.0,96.0,0.365,127.0,222.0,0.572,0.564,60.0,84.0,0.714,73.0,169.0,242.0,48.0,30.0,41.0,38.0,89.0,419.0,0.0,14.6,0.59,0.302,0.264,7.0,17.6,12.1,6.8,1.3,3.4,9.7,15.6,1.3,0.9,2.2,0.099,-1.4,-0.4,-1.8,0.0,0.0,2021
201,Larry Nance Jr.,31.2,3.7,7.8,0.471,1.2,3.3,0.36,2.5,4.5,0.551,0.546,0.9,1.4,0.612,1.5,5.2,6.7,3.1,1.7,0.5,1.6,2.1,9.3,0.0,0.0,1010.0,0.0,0.0,0.0,0.0,0.0,0.0,0.0,0.0,0.0,0.0,0.0,0.0,0.0,35.0,27.0,1091.0,128.0,272.0,0.471,41.0,114.0,0.36,87.0,158.0,0.551,0.546,30.0,49.0,0.612,54.0,181.0,235.0,107.0,61.0,17.0,55.0,72.0,327.0,0.0,13.2,0.557,0.419,0.18,5.4,19.0,12.1,14.4,2.8,1.4,15.8,13.9,0.5,1.3,1.8,0.08,-1.4,1.8,0.4,0.7,0.0,2021
202,Landry Shamet,23.0,3.0,7.5,0.408,2.1,5.5,0.387,0.9,2.0,0.463,0.549,1.1,1.3,0.846,0.2,1.7,1.8,1.6,0.5,0.2,0.8,1.5,9.3,0.0,0.0,1010.0,0.0,0.0,0.0,0.0,0.0,0.0,0.0,0.0,0.0,0.0,0.0,0.0,0.0,61.0,12.0,1403.0,186.0,456.0,0.408,129.0,333.0,0.387,57.0,123.0,0.463,0.549,66.0,78.0,0.846,11.0,101.0,112.0,99.0,31.0,10.0,48.0,93.0,567.0,0.0,10.3,0.578,0.73,0.171,0.9,7.6,4.4,9.3,1.1,0.6,8.9,16.7,1.2,0.6,1.8,0.063,-0.9,-1.5,-2.4,-0.2,0.0,2021
203,Desmond Bane,22.3,3.4,7.3,0.469,1.7,4.0,0.432,1.7,3.4,0.513,0.586,0.6,0.7,0.816,0.5,2.6,3.1,1.7,0.6,0.2,0.9,1.8,9.2,0.0,0.0,1010.0,0.0,0.0,0.0,0.0,0.0,0.0,0.0,0.0,0.0,0.0,0.0,0.0,0.0,68.0,17.0,1519.0,234.0,499.0,0.469,117.0,271.0,0.432,117.0,228.0,0.513,0.586,40.0,49.0,0.816,31.0,179.0,210.0,118.0,41.0,16.0,59.0,125.0,625.0,0.0,12.2,0.6,0.543,0.098,2.1,12.6,7.3,10.6,1.3,0.9,10.2,16.1,1.6,1.3,2.9,0.093,-0.6,-0.2,-0.8,0.5,0.0,2021
204,Josh Hart,28.7,3.2,7.3,0.439,1.3,4.1,0.326,1.9,3.2,0.583,0.531,1.5,1.9,0.775,1.1,6.9,8.0,2.3,0.8,0.3,1.0,2.4,9.2,0.0,0.0,1010.0,0.0,0.0,0.0,0.0,0.0,0.0,0.0,0.0,0.0,0.0,0.0,0.0,0.0,47.0,4.0,1349.0,151.0,344.0,0.439,63.0,193.0,0.326,88.0,151.0,0.583,0.531,69.0,89.0,0.775,53.0,324.0,377.0,109.0,38.0,12.0,49.0,111.0,434.0,0.0,12.2,0.566,0.561,0.259,4.3,26.1,15.2,10.6,1.4,0.8,11.3,13.5,1.4,1.3,2.7,0.097,-1.1,0.3,-0.8,0.4,0.0,2021
205,David Nwaba,22.6,3.5,7.3,0.486,0.6,2.1,0.27,3.0,5.2,0.574,0.525,1.6,2.3,0.691,1.3,2.6,3.9,1.0,1.0,0.7,0.6,2.0,9.2,0.0,0.0,1010.0,0.0,0.0,0.0,0.0,0.0,0.0,0.0,0.0,0.0,0.0,0.0,0.0,0.0,30.0,9.0,679.0,106.0,218.0,0.486,17.0,63.0,0.27,89.0,155.0,0.574,0.525,47.0,68.0,0.691,40.0,78.0,118.0,31.0,30.0,21.0,17.0,60.0,276.0,0.0,14.4,0.557,0.289,0.312,6.0,12.8,9.3,6.9,2.1,2.8,6.4,16.6,0.7,0.6,1.3,0.094,-1.4,0.6,-0.8,0.2,0.0,2021
206,Patrick Williams,27.9,3.6,7.4,0.483,0.8,1.9,0.391,2.8,5.5,0.515,0.534,1.3,1.8,0.728,0.9,3.7,4.6,1.4,0.9,0.6,1.4,1.8,9.2,0.0,0.0,1010.0,0.0,0.0,0.0,0.0,0.0,0.0,0.0,0.0,0.0,0.0,0.0,0.0,0.0,71.0,71.0,1983.0,255.0,528.0,0.483,54.0,138.0,0.391,201.0,390.0,0.515,0.534,91.0,125.0,0.728,66.0,261.0,327.0,99.0,64.0,46.0,98.0,126.0,655.0,0.0,10.5,0.562,0.261,0.237,3.7,14.4,9.1,6.7,1.6,2.0,14.4,14.9,0.3,2.2,2.5,0.06,-2.8,0.4,-2.4,-0.2,0.0,2021
207,Furkan Korkmaz,19.3,3.1,7.7,0.401,1.8,4.9,0.375,1.3,2.8,0.445,0.52,1.1,1.5,0.732,0.3,1.7,2.1,1.5,0.9,0.2,0.8,1.2,9.1,0.0,0.0,1010.0,0.0,0.0,0.0,0.0,0.0,0.0,0.0,0.0,0.0,0.0,0.0,0.0,0.0,55.0,11.0,1062.0,170.0,424.0,0.401,101.0,269.0,0.375,69.0,155.0,0.445,0.52,60.0,82.0,0.732,17.0,96.0,113.0,82.0,49.0,9.0,46.0,64.0,501.0,0.0,12.8,0.544,0.634,0.193,1.8,9.8,5.9,11.1,2.2,0.8,9.1,20.5,0.6,1.5,2.0,0.092,-0.3,0.2,-0.1,0.5,0.0,2021
208,De'Anthony Melton,20.1,3.3,7.6,0.438,1.7,4.1,0.412,1.6,3.5,0.467,0.548,0.8,1.0,0.804,0.6,2.5,3.1,2.5,1.2,0.6,1.3,1.6,9.1,0.0,0.0,1010.0,0.0,0.0,0.0,0.0,0.0,0.0,0.0,0.0,0.0,0.0,0.0,0.0,0.0,52.0,1.0,1045.0,172.0,393.0,0.438,87.0,211.0,0.412,85.0,182.0,0.467,0.548,41.0,51.0,0.804,30.0,131.0,161.0,132.0,60.0,31.0,66.0,85.0,472.0,0.0,15.2,0.568,0.537,0.13,3.0,13.4,8.2,17.5,2.7,2.7,13.7,19.5,0.7,1.5,2.2,0.103,0.6,1.7,2.3,1.1,0.0,2021
209,Talen Horton-Tucker,20.1,3.4,7.5,0.458,0.6,2.0,0.282,2.9,5.5,0.522,0.496,1.5,2.0,0.775,0.4,2.2,2.6,2.8,1.0,0.3,1.6,2.0,9.0,0.0,0.0,1010.0,0.0,0.0,0.0,0.0,0.0,0.0,0.0,0.0,0.0,0.0,0.0,0.0,0.0,65.0,4.0,1304.0,224.0,489.0,0.458,37.0,131.0,0.282,187.0,358.0,0.522,0.496,100.0,129.0,0.775,25.0,144.0,169.0,181.0,63.0,21.0,105.0,127.0,585.0,0.0,12.9,0.536,0.268,0.264,2.2,12.3,7.3,20.8,2.4,1.4,16.1,21.7,-0.1,2.2,2.1,0.078,-2.6,1.5,-1.2,0.3,0.0,2021
210,Robin Lopez,19.1,3.8,6.0,0.633,0.1,0.3,0.278,3.7,5.7,0.649,0.639,1.4,1.9,0.723,2.0,1.8,3.8,0.8,0.2,0.6,1.1,1.5,9.0,0.0,0.0,1010.0,0.0,0.0,0.0,0.0,0.0,0.0,0.0,0.0,0.0,0.0,0.0,0.0,0.0,71.0,9.0,1354.0,269.0,425.0,0.633,5.0,18.0,0.278,264.0,407.0,0.649,0.639,99.0,137.0,0.723,141.0,131.0,272.0,55.0,15.0,44.0,75.0,109.0,642.0,0.0,16.7,0.661,0.042,0.322,11.1,10.2,10.6,5.9,0.5,2.7,13.4,17.1,2.8,0.9,3.7,0.131,0.2,-1.2,-1.0,0.4,0.0,2021
211,Paul Millsap,20.8,3.4,7.2,0.476,0.9,2.6,0.343,2.5,4.6,0.55,0.537,1.3,1.8,0.724,1.4,3.3,4.7,1.8,0.9,0.6,0.9,2.0,9.0,0.0,0.0,1010.0,0.0,0.0,0.0,0.0,0.0,0.0,0.0,0.0,0.0,0.0,0.0,0.0,0.0,56.0,36.0,1162.0,191.0,401.0,0.476,49.0,143.0,0.343,142.0,258.0,0.55,0.537,71.0,98.0,0.724,76.0,186.0,262.0,98.0,51.0,36.0,51.0,111.0,502.0,0.0,16.4,0.565,0.357,0.244,7.4,18.1,12.8,11.6,2.2,3.0,10.3,18.6,1.7,1.6,3.2,0.133,0.3,0.7,1.0,0.9,0.0,2021
212,Jaylen Nowell,18.1,3.4,8.0,0.424,1.2,3.6,0.333,2.2,4.4,0.497,0.499,1.1,1.3,0.818,0.5,1.8,2.3,1.5,0.5,0.3,0.7,1.7,9.0,0.0,0.0,1010.0,0.0,0.0,0.0,0.0,0.0,0.0,0.0,0.0,0.0,0.0,0.0,0.0,0.0,42.0,0.0,759.0,142.0,335.0,0.424,50.0,150.0,0.333,92.0,185.0,0.497,0.499,45.0,55.0,0.818,19.0,76.0,95.0,62.0,22.0,12.0,28.0,72.0,379.0,0.0,12.3,0.528,0.448,0.164,2.6,11.3,6.8,12.5,1.4,1.4,7.2,21.4,0.3,0.4,0.7,0.044,-1.5,-1.4,-2.8,-0.2,0.0,2021
213,Ivica Zubac,22.3,3.6,5.5,0.652,0.0,0.1,0.25,3.6,5.4,0.656,0.654,1.9,2.4,0.789,2.6,4.6,7.2,1.3,0.3,0.9,1.1,2.6,9.0,0.0,0.0,1010.0,0.0,0.0,0.0,0.0,0.0,0.0,0.0,0.0,0.0,0.0,0.0,0.0,0.0,72.0,33.0,1609.0,257.0,394.0,0.652,1.0,4.0,0.25,256.0,390.0,0.656,0.654,135.0,171.0,0.789,189.0,330.0,519.0,90.0,24.0,62.0,81.0,187.0,650.0,0.0,19.1,0.693,0.01,0.434,13.6,22.4,18.1,7.9,0.7,3.4,14.7,15.1,4.8,2.1,6.9,0.206,0.6,0.4,1.0,1.2,0.0,2021
214,DeMarcus Cousins,17.4,3.2,7.4,0.426,1.1,3.3,0.348,2.0,4.1,0.488,0.503,1.4,2.0,0.728,1.3,5.1,6.4,1.9,0.8,0.6,1.6,2.6,8.9,0.0,0.0,1010.0,0.0,0.0,0.0,0.0,0.0,0.0,0.0,0.0,0.0,0.0,0.0,0.0,0.0,41.0,11.0,713.0,130.0,305.0,0.426,47.0,135.0,0.348,83.0,170.0,0.488,0.503,59.0,81.0,0.728,53.0,210.0,263.0,76.0,34.0,24.0,64.0,107.0,366.0,0.0,16.4,0.537,0.443,0.266,8.0,32.7,20.0,16.3,2.3,3.0,15.8,24.5,0.0,1.2,1.2,0.079,-1.2,1.6,0.4,0.4,0.0,2021
215,Bruce Brown,22.3,3.6,6.5,0.556,0.3,0.9,0.288,3.4,5.6,0.599,0.576,1.3,1.8,0.735,1.7,3.7,5.4,1.6,0.9,0.4,0.8,2.2,8.8,0.0,0.0,1010.0,0.0,0.0,0.0,0.0,0.0,0.0,0.0,0.0,0.0,0.0,0.0,0.0,0.0,65.0,37.0,1451.0,235.0,423.0,0.556,17.0,59.0,0.288,218.0,364.0,0.599,0.576,86.0,117.0,0.735,111.0,238.0,349.0,104.0,58.0,28.0,54.0,145.0,573.0,0.0,16.1,0.604,0.139,0.277,8.9,17.2,13.3,9.8,1.9,1.7,10.2,15.9,2.8,1.5,4.4,0.144,-0.4,0.2,-0.1,0.7,0.0,2021
216,Michael Carter-Williams,25.8,3.4,8.7,0.389,0.5,2.0,0.246,2.9,6.7,0.431,0.417,1.6,2.6,0.613,1.3,3.2,4.5,4.2,0.8,0.5,2.2,2.6,8.8,0.0,0.0,1010.0,0.0,0.0,0.0,0.0,0.0,0.0,0.0,0.0,0.0,0.0,0.0,0.0,0.0,31.0,25.0,800.0,105.0,270.0,0.389,15.0,61.0,0.246,90.0,209.0,0.431,0.417,49.0,80.0,0.613,39.0,100.0,139.0,129.0,25.0,17.0,69.0,81.0,274.0,0.0,9.5,0.449,0.226,0.296,4.9,13.4,9.0,24.3,1.5,1.9,18.4,20.2,-1.1,0.6,-0.5,-0.028,-4.6,-0.2,-4.8,-0.6,0.0,2021
217,Danuel House Jr.,25.9,3.1,7.6,0.404,1.5,4.3,0.346,1.6,3.2,0.483,0.504,1.1,1.8,0.651,0.5,3.2,3.7,1.9,0.6,0.4,1.0,1.9,8.8,0.0,0.0,1010.0,0.0,0.0,0.0,0.0,0.0,0.0,0.0,0.0,0.0,0.0,0.0,0.0,0.0,36.0,23.0,932.0,110.0,272.0,0.404,54.0,156.0,0.346,56.0,116.0,0.483,0.504,41.0,63.0,0.651,18.0,114.0,132.0,69.0,20.0,16.0,36.0,67.0,315.0,0.0,9.1,0.525,0.574,0.232,2.0,13.6,7.5,10.6,1.0,1.5,10.7,15.3,0.0,0.5,0.5,0.026,-2.8,-0.7,-3.5,-0.3,0.0,2021
218,Jay Scrubb,21.0,3.5,9.0,0.389,0.5,2.3,0.222,3.0,6.8,0.444,0.417,1.3,1.3,1.0,0.5,3.0,3.5,0.3,1.0,0.0,1.8,1.3,8.8,0.0,0.0,1010.0,0.0,0.0,0.0,0.0,0.0,0.0,0.0,0.0,0.0,0.0,0.0,0.0,0.0,4.0,1.0,84.0,14.0,36.0,0.389,2.0,9.0,0.222,12.0,27.0,0.444,0.417,5.0,5.0,1.0,2.0,12.0,14.0,1.0,4.0,0.0,7.0,5.0,35.0,0.0,6.3,0.458,0.25,0.139,2.8,15.6,9.4,1.7,2.4,0.0,15.5,23.8,-0.2,0.1,-0.1,-0.072,-8.1,-2.8,-10.9,-0.2,0.0,2021
219,George Hill,22.4,3.2,6.6,0.482,1.0,2.7,0.388,2.1,3.9,0.547,0.561,1.3,1.7,0.8,0.5,1.5,2.0,2.4,0.8,0.2,1.0,1.0,8.7,0.0,0.0,1010.0,0.0,0.0,0.0,0.0,0.0,0.0,0.0,0.0,0.0,0.0,0.0,0.0,0.0,30.0,17.0,672.0,95.0,197.0,0.482,31.0,80.0,0.388,64.0,117.0,0.547,0.561,40.0,50.0,0.8,16.0,45.0,61.0,73.0,23.0,5.0,31.0,31.0,261.0,0.0,13.1,0.596,0.406,0.254,2.6,7.2,4.9,16.0,1.6,0.7,12.4,15.9,0.9,0.6,1.4,0.1,-1.0,-0.2,-1.2,0.1,0.0,2021
220,Terence Davis,17.6,3.2,7.5,0.428,1.6,4.4,0.367,1.6,3.1,0.513,0.535,0.7,0.9,0.818,0.3,2.2,2.5,1.4,0.7,0.2,1.0,1.6,8.7,0.0,0.0,1010.0,0.0,0.0,0.0,0.0,0.0,0.0,0.0,0.0,0.0,0.0,0.0,0.0,0.0,61.0,4.0,1074.0,195.0,456.0,0.428,98.0,267.0,0.367,97.0,189.0,0.513,0.535,45.0,55.0,0.818,20.0,134.0,154.0,83.0,44.0,14.0,63.0,97.0,533.0,0.0,12.7,0.555,0.586,0.121,2.0,14.1,7.9,11.4,2.0,1.2,11.6,21.8,0.1,0.8,0.8,0.038,-0.9,-0.9,-1.7,0.1,0.0,2021
221,Raul Neto,21.9,3.3,7.0,0.468,1.0,2.6,0.39,2.3,4.4,0.512,0.539,1.2,1.3,0.882,0.4,2.0,2.4,2.3,1.1,0.1,0.8,1.7,8.7,0.0,0.0,1010.0,0.0,0.0,0.0,0.0,0.0,0.0,0.0,0.0,0.0,0.0,0.0,0.0,0.0,64.0,22.0,1403.0,209.0,447.0,0.468,64.0,164.0,0.39,145.0,283.0,0.512,0.539,75.0,85.0,0.882,28.0,128.0,156.0,146.0,73.0,6.0,53.0,109.0,557.0,0.0,13.0,0.575,0.367,0.19,2.1,9.6,5.9,14.0,2.4,0.4,9.9,15.8,1.5,1.3,2.8,0.097,-1.4,0.9,-0.6,0.5,0.0,2021
222,Isaiah Roby,23.4,3.4,7.0,0.483,0.5,1.8,0.294,2.9,5.2,0.547,0.52,1.4,1.9,0.744,1.5,4.1,5.6,1.8,0.9,0.6,1.9,2.7,8.7,0.0,0.0,1010.0,0.0,0.0,0.0,0.0,0.0,0.0,0.0,0.0,0.0,0.0,0.0,0.0,0.0,61.0,34.0,1425.0,207.0,429.0,0.483,32.0,109.0,0.294,175.0,320.0,0.547,0.52,87.0,117.0,0.744,89.0,252.0,341.0,107.0,52.0,37.0,113.0,162.0,533.0,0.0,11.9,0.555,0.254,0.273,6.4,18.6,12.4,11.4,1.7,2.3,19.0,17.7,-0.3,1.5,1.3,0.043,-3.7,0.4,-3.3,-0.5,0.0,2021
223,Dario Šarić,17.4,3.1,6.8,0.447,0.9,2.7,0.348,2.1,4.1,0.512,0.516,1.7,2.0,0.848,0.9,2.9,3.8,1.3,0.6,0.1,1.1,1.9,8.7,0.0,0.0,1010.0,0.0,0.0,0.0,0.0,0.0,0.0,0.0,0.0,0.0,0.0,0.0,0.0,0.0,50.0,4.0,871.0,153.0,342.0,0.447,47.0,135.0,0.348,106.0,207.0,0.512,0.516,84.0,99.0,0.848,46.0,144.0,190.0,65.0,30.0,4.0,57.0,95.0,437.0,0.0,14.3,0.567,0.395,0.289,6.1,18.4,12.4,10.4,1.7,0.4,12.9,22.6,0.7,1.0,1.7,0.093,-1.4,-0.6,-2.0,0.0,0.0,2021
224,Moses Brown,21.4,3.4,6.2,0.545,0.0,0.0,0.0,3.4,6.2,0.545,0.545,1.8,2.9,0.619,3.6,5.3,8.9,0.2,0.7,1.1,1.0,2.2,8.6,0.0,0.0,1010.0,0.0,0.0,0.0,0.0,0.0,0.0,0.0,0.0,0.0,0.0,0.0,0.0,0.0,43.0,32.0,920.0,146.0,268.0,0.545,0.0,0.0,0.0,146.0,268.0,0.545,0.545,78.0,126.0,0.619,154.0,229.0,383.0,10.0,31.0,47.0,43.0,93.0,370.0,0.0,18.8,0.572,0.0,0.47,17.2,26.2,21.6,1.7,1.6,4.5,11.7,16.9,1.3,1.3,2.6,0.138,-1.3,-1.2,-2.4,-0.1,0.0,2021
225,T.J. McConnell,26.0,4.0,7.1,0.559,0.2,0.7,0.313,3.8,6.4,0.586,0.574,0.5,0.7,0.688,0.8,2.9,3.7,6.6,1.9,0.3,2.0,1.6,8.6,0.0,0.0,1010.0,0.0,0.0,0.0,0.0,0.0,0.0,0.0,0.0,0.0,0.0,0.0,0.0,0.0,69.0,3.0,1796.0,274.0,490.0,0.559,15.0,48.0,0.313,259.0,442.0,0.586,0.574,33.0,48.0,0.688,55.0,201.0,256.0,456.0,128.0,23.0,135.0,113.0,596.0,1.0,16.9,0.583,0.098,0.098,3.3,12.1,7.7,34.3,3.4,1.0,20.9,15.3,2.6,2.2,4.8,0.128,-0.2,1.7,1.4,1.5,0.0,2021
226,Jakob Poeltl,26.7,3.8,6.2,0.616,0.0,0.0,0.0,3.8,6.2,0.616,0.616,0.9,1.8,0.508,3.2,4.8,7.9,1.9,0.7,1.8,1.2,2.5,8.6,0.0,0.0,1010.0,0.0,0.0,0.0,0.0,0.0,0.0,0.0,0.0,0.0,0.0,0.0,0.0,0.0,69.0,51.0,1845.0,265.0,430.0,0.616,0.0,0.0,0.0,265.0,430.0,0.616,0.616,63.0,124.0,0.508,219.0,328.0,547.0,134.0,47.0,123.0,83.0,172.0,593.0,0.0,17.5,0.612,0.0,0.288,12.4,19.3,15.8,10.1,1.2,5.7,14.6,13.4,3.2,2.5,5.7,0.148,-0.5,1.2,0.8,1.3,0.0,2021
227,Ricky Rubio,26.1,2.8,7.3,0.388,1.0,3.1,0.308,1.9,4.2,0.447,0.454,1.9,2.2,0.867,0.4,2.9,3.3,6.4,1.4,0.1,1.6,2.0,8.6,0.0,0.0,1010.0,0.0,0.0,0.0,0.0,0.0,0.0,0.0,0.0,0.0,0.0,0.0,0.0,0.0,68.0,51.0,1772.0,193.0,498.0,0.388,66.0,214.0,0.308,127.0,284.0,0.447,0.454,130.0,150.0,0.867,28.0,195.0,223.0,433.0,98.0,4.0,111.0,139.0,582.0,0.0,13.5,0.516,0.43,0.301,1.6,12.4,6.8,33.3,2.6,0.2,16.4,16.0,1.9,1.3,3.1,0.085,-1.9,0.0,-1.9,0.0,0.0,2021
228,Svi Mykhailiuk,20.1,3.2,7.7,0.411,1.6,4.8,0.334,1.6,2.9,0.536,0.515,0.6,0.8,0.76,0.4,2.1,2.5,1.7,0.8,0.2,1.3,1.0,8.5,0.0,0.0,1010.0,0.0,0.0,0.0,0.0,0.0,0.0,0.0,0.0,0.0,0.0,0.0,0.0,0.0,66.0,14.0,1324.0,208.0,506.0,0.411,105.0,314.0,0.334,103.0,192.0,0.536,0.515,38.0,50.0,0.76,24.0,139.0,163.0,110.0,51.0,12.0,88.0,63.0,559.0,0.0,10.4,0.529,0.621,0.099,1.9,11.4,6.6,12.9,1.9,0.8,14.3,20.0,-0.8,1.1,0.3,0.01,-1.9,-0.7,-2.6,-0.2,0.0,2021
229,Robert Covington,32.0,2.9,7.3,0.401,1.9,5.1,0.379,1.0,2.2,0.451,0.533,0.7,0.9,0.806,0.9,5.8,6.7,1.7,1.4,1.2,0.9,2.8,8.5,0.0,0.0,1010.0,0.0,0.0,0.0,0.0,0.0,0.0,0.0,0.0,0.0,0.0,0.0,0.0,0.0,70.0,70.0,2243.0,204.0,509.0,0.401,135.0,356.0,0.379,69.0,153.0,0.451,0.533,50.0,62.0,0.806,61.0,405.0,466.0,117.0,101.0,84.0,64.0,195.0,593.0,0.0,11.2,0.553,0.699,0.122,2.8,19.8,11.1,6.8,2.2,3.4,10.7,11.5,1.4,2.4,3.7,0.08,-1.3,1.5,0.2,1.2,0.0,2021
230,Gabriel Deck,21.2,3.2,6.7,0.478,0.2,1.5,0.133,3.0,5.2,0.577,0.493,1.8,2.2,0.818,1.6,2.4,4.0,2.4,0.8,0.0,0.6,0.9,8.4,0.0,0.0,1010.0,0.0,0.0,0.0,0.0,0.0,0.0,0.0,0.0,0.0,0.0,0.0,0.0,0.0,10.0,0.0,212.0,32.0,67.0,0.478,2.0,15.0,0.133,30.0,52.0,0.577,0.493,18.0,22.0,0.818,16.0,24.0,40.0,24.0,8.0,0.0,6.0,9.0,84.0,0.0,16.1,0.548,0.224,0.328,7.8,11.9,9.8,17.3,1.8,0.0,7.3,16.6,0.4,0.1,0.5,0.12,0.0,-0.4,-0.4,0.1,0.0,2021
231,James Ennis III,24.0,2.8,5.9,0.473,1.1,2.5,0.433,1.7,3.4,0.504,0.566,1.7,2.1,0.805,1.0,3.0,4.0,1.5,0.8,0.2,0.9,2.0,8.4,0.0,0.0,1010.0,0.0,0.0,0.0,0.0,0.0,0.0,0.0,0.0,0.0,0.0,0.0,0.0,0.0,41.0,37.0,986.0,115.0,243.0,0.473,45.0,104.0,0.433,70.0,139.0,0.504,0.566,70.0,87.0,0.805,43.0,123.0,166.0,62.0,32.0,7.0,36.0,84.0,345.0,0.0,12.5,0.613,0.428,0.358,4.4,13.4,8.7,9.3,1.6,0.6,11.3,13.9,1.3,0.7,2.0,0.097,-1.9,-0.3,-2.2,-0.1,0.0,2021
232,Cameron Payne,18.0,3.2,6.6,0.484,1.2,2.8,0.44,2.0,3.8,0.515,0.576,0.8,0.9,0.893,0.3,2.1,2.4,3.6,0.6,0.3,1.0,1.6,8.4,0.0,0.0,1010.0,0.0,0.0,0.0,0.0,0.0,0.0,0.0,0.0,0.0,0.0,0.0,0.0,0.0,60.0,1.0,1079.0,191.0,395.0,0.484,73.0,166.0,0.44,118.0,229.0,0.515,0.576,50.0,56.0,0.893,16.0,128.0,144.0,217.0,36.0,16.0,60.0,97.0,505.0,0.0,17.4,0.602,0.42,0.142,1.7,13.2,7.6,28.1,1.6,1.3,12.5,19.8,2.4,1.2,3.6,0.158,2.1,1.0,3.1,1.4,0.0,2021
233,Luke Kennard,19.6,3.1,6.6,0.476,1.6,3.6,0.446,1.5,3.0,0.511,0.597,0.4,0.5,0.839,0.2,2.3,2.6,1.7,0.4,0.1,0.8,1.4,8.3,0.0,0.0,1010.0,0.0,0.0,0.0,0.0,0.0,0.0,0.0,0.0,0.0,0.0,0.0,0.0,0.0,63.0,17.0,1232.0,197.0,414.0,0.476,100.0,224.0,0.446,97.0,190.0,0.511,0.597,26.0,31.0,0.839,15.0,146.0,161.0,104.0,23.0,9.0,48.0,91.0,520.0,0.0,12.7,0.608,0.541,0.075,1.4,13.0,7.3,11.9,0.9,0.7,10.1,17.1,1.6,1.1,2.7,0.105,0.3,-0.5,-0.2,0.6,0.0,2021
234,Mitchell Robinson,27.5,3.7,5.7,0.653,0.0,0.0,0.0,3.7,5.7,0.653,0.653,0.8,1.7,0.491,3.6,4.5,8.1,0.5,1.1,1.5,0.8,2.8,8.3,0.0,0.0,1010.0,0.0,0.0,0.0,0.0,0.0,0.0,0.0,0.0,0.0,0.0,0.0,0.0,0.0,31.0,29.0,853.0,115.0,176.0,0.653,0.0,0.0,0.0,115.0,176.0,0.653,0.653,26.0,53.0,0.491,113.0,139.0,252.0,17.0,35.0,45.0,26.0,86.0,256.0,0.0,17.7,0.642,0.0,0.301,14.5,17.5,16.0,2.9,2.1,5.0,11.5,11.8,1.8,1.7,3.4,0.192,-0.3,1.5,1.2,0.7,0.0,2021
235,Cory Joseph,23.0,3.2,6.8,0.469,0.7,2.1,0.341,2.5,4.7,0.527,0.522,1.1,1.4,0.818,0.6,2.0,2.5,3.4,1.0,0.3,1.3,2.2,8.2,0.0,0.0,1010.0,0.0,0.0,0.0,0.0,0.0,0.0,0.0,0.0,0.0,0.0,0.0,0.0,0.0,63.0,13.0,1446.0,200.0,426.0,0.469,45.0,132.0,0.341,155.0,294.0,0.527,0.522,72.0,88.0,0.818,35.0,124.0,159.0,213.0,61.0,18.0,79.0,139.0,517.0,0.0,12.5,0.556,0.31,0.207,2.7,9.7,6.1,21.4,2.0,1.1,14.5,16.3,1.3,0.8,2.1,0.069,-1.8,0.0,-1.8,0.1,0.0,2021
236,Sterling Brown,24.1,2.9,6.6,0.448,1.8,4.2,0.423,1.2,2.4,0.492,0.584,0.5,0.6,0.806,0.7,3.6,4.4,1.4,0.7,0.2,0.8,1.9,8.2,0.0,0.0,1010.0,0.0,0.0,0.0,0.0,0.0,0.0,0.0,0.0,0.0,0.0,0.0,0.0,0.0,51.0,14.0,1229.0,150.0,335.0,0.448,91.0,215.0,0.423,59.0,120.0,0.492,0.584,25.0,31.0,0.806,38.0,186.0,224.0,72.0,38.0,12.0,41.0,97.0,416.0,0.0,11.1,0.597,0.642,0.093,3.2,16.8,9.7,8.4,1.5,0.9,10.5,13.5,1.0,0.8,1.8,0.071,-1.6,0.0,-1.6,0.1,0.0,2021
237,Aleksej Pokusevski,24.2,3.1,9.1,0.341,1.3,4.6,0.28,1.8,4.5,0.403,0.412,0.7,0.9,0.738,0.7,4.0,4.7,2.2,0.4,0.9,2.2,1.3,8.2,0.0,0.0,1010.0,0.0,0.0,0.0,0.0,0.0,0.0,0.0,0.0,0.0,0.0,0.0,0.0,0.0,45.0,28.0,1090.0,139.0,408.0,0.341,58.0,207.0,0.28,81.0,201.0,0.403,0.412,31.0,42.0,0.738,30.0,182.0,212.0,97.0,20.0,42.0,99.0,58.0,367.0,0.0,6.1,0.43,0.507,0.103,2.8,17.6,10.1,13.1,0.9,3.4,18.8,20.5,-2.9,1.0,-1.9,-0.084,-5.1,-1.0,-6.1,-1.1,0.0,2021
238,Nicolas Batum,27.4,2.9,6.1,0.464,1.6,4.1,0.404,1.2,2.1,0.579,0.597,0.7,0.9,0.828,0.7,4.0,4.7,2.2,1.0,0.6,0.8,1.5,8.1,0.0,0.0,1010.0,0.0,0.0,0.0,0.0,0.0,0.0,0.0,0.0,0.0,0.0,0.0,0.0,0.0,67.0,38.0,1835.0,191.0,412.0,0.464,110.0,272.0,0.404,81.0,140.0,0.579,0.597,48.0,58.0,0.828,50.0,266.0,316.0,148.0,69.0,37.0,53.0,102.0,540.0,0.0,12.9,0.617,0.66,0.141,3.2,15.9,9.7,10.5,1.9,1.8,10.8,11.8,2.7,2.3,5.0,0.132,0.6,1.5,2.1,1.9,0.0,2021
239,JaMychal Green,19.3,3.0,6.4,0.463,1.4,3.4,0.399,1.6,3.0,0.534,0.568,0.8,1.0,0.807,1.5,3.3,4.8,0.9,0.4,0.4,0.9,2.5,8.1,0.0,0.0,1010.0,0.0,0.0,0.0,0.0,0.0,0.0,0.0,0.0,0.0,0.0,0.0,0.0,0.0,58.0,5.0,1120.0,173.0,374.0,0.463,79.0,198.0,0.399,94.0,176.0,0.534,0.568,46.0,57.0,0.807,85.0,192.0,277.0,53.0,26.0,22.0,53.0,144.0,471.0,0.0,13.6,0.59,0.529,0.152,8.6,19.4,14.0,6.4,1.1,1.9,11.7,17.6,1.4,1.2,2.6,0.11,-0.5,-1.0,-1.5,0.1,0.0,2021
240,Hassan Whiteside,15.2,3.5,6.2,0.563,0.0,0.0,0.0,3.5,6.2,0.565,0.563,1.1,2.2,0.519,1.7,4.3,6.0,0.6,0.3,1.3,1.1,2.0,8.1,0.0,0.0,1010.0,0.0,0.0,0.0,0.0,0.0,0.0,0.0,0.0,0.0,0.0,0.0,0.0,0.0,36.0,4.0,546.0,126.0,224.0,0.563,0.0,1.0,0.0,126.0,223.0,0.565,0.563,41.0,79.0,0.519,61.0,154.0,215.0,20.0,9.0,46.0,40.0,73.0,293.0,0.0,19.2,0.566,0.004,0.353,12.2,31.8,21.9,5.6,0.8,7.1,13.4,23.5,0.3,0.6,0.9,0.081,-1.8,-0.4,-2.2,0.0,0.0,2021
241,Mo Bamba,15.8,3.1,6.5,0.472,0.8,2.6,0.322,2.3,4.0,0.568,0.535,1.0,1.4,0.682,1.7,4.1,5.8,0.8,0.3,1.3,0.8,1.9,8.0,0.0,0.0,1010.0,0.0,0.0,0.0,0.0,0.0,0.0,0.0,0.0,0.0,0.0,0.0,0.0,0.0,46.0,5.0,725.0,142.0,301.0,0.472,38.0,118.0,0.322,104.0,183.0,0.568,0.535,45.0,66.0,0.682,76.0,189.0,265.0,35.0,14.0,58.0,36.0,87.0,367.0,0.0,19.3,0.556,0.392,0.219,10.5,28.0,19.0,8.1,0.9,7.3,9.8,21.8,0.7,1.1,1.8,0.117,0.2,0.0,0.1,0.4,0.0,2021
242,Tyrese Maxey,15.3,3.2,7.0,0.462,0.5,1.7,0.301,2.7,5.3,0.512,0.498,1.0,1.1,0.871,0.2,1.5,1.7,2.0,0.4,0.2,0.7,1.3,8.0,0.0,0.0,1010.0,0.0,0.0,0.0,0.0,0.0,0.0,0.0,0.0,0.0,0.0,0.0,0.0,0.0,61.0,8.0,935.0,198.0,429.0,0.462,31.0,103.0,0.301,167.0,326.0,0.512,0.498,61.0,70.0,0.871,11.0,93.0,104.0,120.0,26.0,13.0,41.0,79.0,488.0,0.0,14.5,0.531,0.24,0.163,1.3,10.8,6.1,19.9,1.3,1.2,8.2,23.0,0.8,1.1,1.9,0.099,-1.0,-0.5,-1.5,0.1,0.0,2021
243,Kenrich Williams,21.6,3.3,6.2,0.533,0.8,1.8,0.444,2.5,4.5,0.568,0.596,0.5,1.0,0.571,1.3,2.9,4.1,2.3,0.8,0.3,1.2,2.2,8.0,0.0,0.0,1010.0,0.0,0.0,0.0,0.0,0.0,0.0,0.0,0.0,0.0,0.0,0.0,0.0,0.0,66.0,13.0,1426.0,219.0,411.0,0.533,52.0,117.0,0.444,167.0,294.0,0.568,0.596,36.0,63.0,0.571,84.0,189.0,273.0,152.0,55.0,17.0,76.0,143.0,526.0,0.0,14.0,0.599,0.285,0.153,6.1,14.0,10.0,16.4,1.8,1.1,14.8,15.3,1.6,1.2,2.8,0.096,-1.2,0.5,-0.7,0.4,0.0,2021
244,Robert Williams,18.9,3.6,5.0,0.721,0.0,0.0,0.0,3.6,4.9,0.727,0.721,0.9,1.4,0.616,2.6,4.3,6.9,1.8,0.8,1.8,1.0,2.0,8.0,0.0,0.0,1010.0,0.0,0.0,0.0,0.0,0.0,0.0,0.0,0.0,0.0,0.0,0.0,0.0,0.0,52.0,13.0,985.0,186.0,258.0,0.721,0.0,2.0,0.0,186.0,256.0,0.727,0.721,45.0,73.0,0.616,133.0,225.0,358.0,94.0,43.0,91.0,52.0,105.0,417.0,0.0,25.7,0.719,0.008,0.283,14.9,25.6,20.2,14.2,2.1,8.6,15.2,15.0,3.4,1.9,5.3,0.258,2.9,3.1,6.0,2.0,0.0,2021
245,Austin Rivers,23.5,2.9,6.8,0.424,1.5,4.1,0.369,1.4,2.7,0.51,0.537,0.6,0.9,0.71,0.2,2.1,2.3,2.3,0.8,0.1,1.0,1.8,7.9,0.0,0.0,1010.0,0.0,0.0,0.0,0.0,0.0,0.0,0.0,0.0,0.0,0.0,0.0,0.0,0.0,36.0,7.0,845.0,104.0,245.0,0.424,55.0,149.0,0.369,49.0,96.0,0.51,0.537,22.0,31.0,0.71,8.0,74.0,82.0,81.0,30.0,2.0,36.0,64.0,285.0,0.0,9.9,0.551,0.608,0.127,1.1,9.6,5.4,13.2,1.8,0.2,12.2,15.4,0.4,0.9,1.3,0.072,-2.2,0.3,-1.9,0.0,0.0,2021
246,Isaiah Stewart,21.4,3.3,6.0,0.553,0.3,0.9,0.333,3.0,5.1,0.592,0.578,0.9,1.4,0.696,2.3,4.3,6.7,0.9,0.6,1.3,1.0,2.7,7.9,0.0,0.0,1010.0,0.0,0.0,0.0,0.0,0.0,0.0,0.0,0.0,0.0,0.0,0.0,0.0,0.0,68.0,14.0,1455.0,226.0,409.0,0.553,21.0,63.0,0.333,205.0,346.0,0.592,0.578,64.0,92.0,0.696,159.0,294.0,453.0,59.0,39.0,86.0,67.0,184.0,537.0,0.0,16.4,0.597,0.154,0.225,12.0,22.7,17.3,6.3,1.3,5.2,13.0,15.5,1.9,2.1,4.0,0.132,-1.6,0.5,-1.1,0.3,0.0,2021
247,Willy Hernangómez,18.0,3.2,5.7,0.563,0.0,0.2,0.1,3.2,5.5,0.581,0.565,1.3,2.0,0.667,2.5,4.6,7.1,1.1,0.5,0.5,0.7,1.4,7.8,0.0,0.0,1010.0,0.0,0.0,0.0,0.0,0.0,0.0,0.0,0.0,0.0,0.0,0.0,0.0,0.0,47.0,12.0,846.0,151.0,268.0,0.563,1.0,10.0,0.1,150.0,258.0,0.581,0.565,62.0,93.0,0.667,117.0,217.0,334.0,50.0,22.0,23.0,34.0,68.0,365.0,0.0,19.6,0.591,0.037,0.347,15.0,27.8,21.4,8.5,1.2,2.6,9.9,17.0,1.9,1.0,2.9,0.163,1.0,-1.0,0.0,0.4,0.0,2021
248,Chuma Okeke,25.2,3.0,7.2,0.417,1.1,3.1,0.348,1.9,4.1,0.47,0.492,0.7,0.9,0.75,0.9,3.1,4.0,2.2,1.1,0.5,0.8,1.1,7.8,0.0,0.0,1010.0,0.0,0.0,0.0,0.0,0.0,0.0,0.0,0.0,0.0,0.0,0.0,0.0,0.0,45.0,19.0,1133.0,135.0,324.0,0.417,49.0,141.0,0.348,86.0,183.0,0.47,0.492,30.0,40.0,0.75,42.0,139.0,181.0,101.0,48.0,22.0,38.0,48.0,349.0,0.0,11.8,0.511,0.435,0.123,3.7,13.2,8.3,13.2,2.1,1.8,10.0,14.5,0.3,1.0,1.3,0.056,-1.9,0.5,-1.5,0.1,0.0,2021
249,Anfernee Simons,17.3,2.6,6.3,0.419,1.9,4.4,0.426,0.8,1.9,0.403,0.569,0.7,0.9,0.807,0.2,2.0,2.2,1.4,0.3,0.1,0.7,1.5,7.8,0.0,0.0,1010.0,0.0,0.0,0.0,0.0,0.0,0.0,0.0,0.0,0.0,0.0,0.0,0.0,0.0,64.0,0.0,1104.0,168.0,401.0,0.419,120.0,282.0,0.426,48.0,119.0,0.403,0.569,46.0,57.0,0.807,14.0,126.0,140.0,89.0,18.0,8.0,43.0,96.0,502.0,0.0,12.3,0.589,0.703,0.142,1.3,12.5,6.8,11.4,0.8,0.6,9.2,18.3,1.5,0.3,1.8,0.078,0.6,-1.6,-1.0,0.3,0.0,2021
250,D.J. Augustin,19.8,2.4,6.0,0.394,1.5,3.8,0.382,0.9,2.2,0.413,0.515,1.5,1.6,0.904,0.4,1.3,1.6,3.3,0.5,0.0,1.1,1.0,7.7,0.0,0.0,1010.0,0.0,0.0,0.0,0.0,0.0,0.0,0.0,0.0,0.0,0.0,0.0,0.0,0.0,57.0,12.0,1129.0,135.0,343.0,0.394,83.0,217.0,0.382,52.0,126.0,0.413,0.515,85.0,94.0,0.904,20.0,74.0,94.0,188.0,28.0,1.0,65.0,56.0,438.0,0.0,12.1,0.57,0.633,0.274,1.9,7.0,4.4,22.2,1.2,0.1,14.5,16.8,1.5,0.5,2.1,0.088,-0.6,-1.5,-2.1,0.0,0.0,2021
251,Ben McLemore,17.1,2.5,6.9,0.37,1.8,5.3,0.346,0.7,1.6,0.447,0.503,0.7,1.0,0.736,0.3,1.6,1.9,0.7,0.4,0.2,0.8,1.7,7.7,0.0,0.0,1010.0,0.0,0.0,0.0,0.0,0.0,0.0,0.0,0.0,0.0,0.0,0.0,0.0,0.0,53.0,5.0,905.0,135.0,365.0,0.37,97.0,280.0,0.346,38.0,85.0,0.447,0.503,39.0,53.0,0.736,15.0,85.0,100.0,39.0,23.0,9.0,42.0,88.0,406.0,0.0,8.5,0.523,0.767,0.145,1.7,10.5,6.0,6.4,1.2,0.9,9.8,20.4,-0.5,0.7,0.2,0.013,-2.7,-1.2,-3.9,-0.4,0.0,2021
252,PJ Dozier,21.8,3.0,7.1,0.417,0.9,3.0,0.315,2.0,4.1,0.49,0.483,0.8,1.3,0.636,0.7,2.9,3.6,1.8,0.6,0.4,0.9,1.7,7.7,0.0,0.0,1010.0,0.0,0.0,0.0,0.0,0.0,0.0,0.0,0.0,0.0,0.0,0.0,0.0,0.0,50.0,6.0,1088.0,148.0,355.0,0.417,47.0,149.0,0.315,101.0,206.0,0.49,0.483,42.0,66.0,0.636,35.0,147.0,182.0,92.0,31.0,22.0,46.0,86.0,385.0,0.0,10.4,0.501,0.42,0.186,3.7,15.3,9.5,11.2,1.4,2.0,10.7,17.2,0.1,1.1,1.1,0.051,-2.3,-0.4,-2.6,-0.2,0.0,2021
253,Mike James,18.2,2.6,7.1,0.37,0.8,2.4,0.355,1.8,4.7,0.377,0.429,1.6,2.1,0.778,0.2,2.2,2.5,4.2,0.5,0.1,1.5,0.8,7.7,0.0,0.0,1010.0,0.0,0.0,0.0,0.0,0.0,0.0,0.0,0.0,0.0,0.0,0.0,0.0,0.0,13.0,1.0,236.0,34.0,92.0,0.37,11.0,31.0,0.355,23.0,61.0,0.377,0.429,21.0,27.0,0.778,3.0,29.0,32.0,54.0,6.0,1.0,20.0,10.0,100.0,0.0,11.9,0.481,0.337,0.293,1.5,12.9,7.5,30.6,1.2,0.4,16.1,22.9,0.0,0.1,0.1,0.028,-2.1,-2.3,-4.4,-0.1,0.0,2021
254,Naji Marshall,21.9,2.6,6.5,0.392,0.9,2.6,0.349,1.7,3.9,0.421,0.462,1.7,2.3,0.707,0.5,4.2,4.6,2.8,0.8,0.3,1.2,1.8,7.7,0.0,0.0,1010.0,0.0,0.0,0.0,0.0,0.0,0.0,0.0,0.0,0.0,0.0,0.0,0.0,0.0,32.0,10.0,700.0,82.0,209.0,0.392,29.0,83.0,0.349,53.0,126.0,0.421,0.462,53.0,75.0,0.707,15.0,133.0,148.0,88.0,26.0,10.0,38.0,58.0,246.0,0.0,11.4,0.508,0.397,0.359,2.3,20.6,11.5,16.5,1.8,1.4,13.6,16.8,0.2,0.7,0.9,0.061,-2.1,0.8,-1.3,0.1,0.0,2021
255,Payton Pritchard,19.2,2.8,6.3,0.44,1.5,3.8,0.411,1.2,2.6,0.482,0.562,0.6,0.7,0.889,0.5,1.9,2.4,1.8,0.6,0.1,0.8,1.6,7.7,0.0,0.0,1010.0,0.0,0.0,0.0,0.0,0.0,0.0,0.0,0.0,0.0,0.0,0.0,0.0,0.0,66.0,4.0,1268.0,184.0,418.0,0.44,102.0,248.0,0.411,82.0,170.0,0.482,0.562,40.0,45.0,0.889,33.0,125.0,158.0,120.0,37.0,9.0,53.0,104.0,510.0,0.0,12.4,0.582,0.593,0.108,2.9,11.1,6.9,13.3,1.4,0.7,10.8,16.7,1.6,0.9,2.5,0.095,-0.3,-0.4,-0.7,0.4,0.0,2021
256,Tomáš Satoranský,22.5,2.9,5.7,0.514,0.7,2.0,0.356,2.2,3.6,0.602,0.578,1.2,1.4,0.848,0.5,1.9,2.4,4.7,0.7,0.2,1.7,1.5,7.7,0.0,0.0,1010.0,0.0,0.0,0.0,0.0,0.0,0.0,0.0,0.0,0.0,0.0,0.0,0.0,0.0,58.0,18.0,1307.0,169.0,329.0,0.514,42.0,118.0,0.356,127.0,211.0,0.602,0.578,67.0,79.0,0.848,30.0,112.0,142.0,271.0,40.0,14.0,96.0,89.0,447.0,0.0,13.8,0.614,0.359,0.24,2.6,9.4,6.0,27.9,1.5,0.9,20.9,15.2,1.9,1.1,3.1,0.113,-0.6,0.1,-0.5,0.5,0.0,2021
257,Isaiah Thomas,16.0,3.0,9.0,0.333,1.0,4.0,0.25,2.0,5.0,0.4,0.389,0.7,0.7,1.0,0.3,1.0,1.3,1.7,0.3,0.0,2.0,1.0,7.7,0.0,0.0,1010.0,0.0,0.0,0.0,0.0,0.0,0.0,0.0,0.0,0.0,0.0,0.0,0.0,0.0,3.0,0.0,48.0,9.0,27.0,0.333,3.0,12.0,0.25,6.0,15.0,0.4,0.389,2.0,2.0,1.0,1.0,3.0,4.0,5.0,1.0,0.0,6.0,3.0,23.0,0.0,2.4,0.412,0.444,0.074,2.3,6.8,4.5,15.1,1.0,0.0,17.7,29.7,-0.2,0.0,-0.2,-0.179,-7.8,-5.2,-13.1,-0.1,0.0,2021
258,Steven Adams,27.7,3.3,5.3,0.614,0.0,0.1,0.0,3.3,5.3,0.62,0.614,1.0,2.3,0.444,3.7,5.2,8.9,1.9,0.9,0.7,1.3,1.9,7.6,0.0,0.0,1010.0,0.0,0.0,0.0,0.0,0.0,0.0,0.0,0.0,0.0,0.0,0.0,0.0,0.0,58.0,58.0,1605.0,189.0,308.0,0.614,0.0,3.0,0.0,189.0,305.0,0.62,0.614,60.0,135.0,0.444,213.0,301.0,514.0,111.0,54.0,38.0,78.0,113.0,438.0,1.0,15.1,0.596,0.01,0.438,14.4,20.4,17.4,9.1,1.6,2.2,17.5,11.7,2.3,1.7,4.0,0.119,-0.4,0.1,-0.3,0.7,0.0,2021
259,Garrett Temple,27.3,2.8,6.8,0.415,1.2,3.6,0.335,1.6,3.2,0.503,0.503,0.7,0.9,0.8,0.5,2.3,2.9,2.2,0.8,0.5,1.0,2.3,7.6,0.0,0.0,1010.0,0.0,0.0,0.0,0.0,0.0,0.0,0.0,0.0,0.0,0.0,0.0,0.0,0.0,56.0,25.0,1528.0,158.0,381.0,0.415,67.0,200.0,0.335,91.0,181.0,0.503,0.503,40.0,50.0,0.8,29.0,131.0,160.0,124.0,43.0,30.0,58.0,126.0,423.0,0.0,8.2,0.525,0.525,0.131,2.1,9.4,5.8,10.5,1.4,1.7,12.6,13.1,0.2,1.4,1.6,0.05,-3.3,0.3,-3.0,-0.4,0.0,2021
260,Tristan Thompson,23.8,3.1,6.0,0.518,0.0,0.1,0.0,3.1,6.0,0.523,0.518,1.3,2.2,0.592,3.1,5.0,8.1,1.2,0.4,0.6,1.1,2.2,7.6,0.0,0.0,1010.0,0.0,0.0,0.0,0.0,0.0,0.0,0.0,0.0,0.0,0.0,0.0,0.0,0.0,54.0,43.0,1287.0,169.0,326.0,0.518,0.0,3.0,0.0,169.0,323.0,0.523,0.518,71.0,120.0,0.592,169.0,270.0,439.0,67.0,24.0,33.0,62.0,119.0,409.0,0.0,14.2,0.54,0.009,0.368,14.5,23.5,19.0,7.2,0.9,2.4,14.1,14.8,1.5,1.4,2.9,0.107,-1.5,-1.0,-2.5,-0.2,0.0,2021
261,Patrick Beverley,22.5,2.5,5.9,0.423,1.5,3.8,0.397,1.0,2.1,0.468,0.55,1.0,1.2,0.8,0.8,2.4,3.2,2.1,0.8,0.8,0.9,2.9,7.5,0.0,0.0,1010.0,0.0,0.0,0.0,0.0,0.0,0.0,0.0,0.0,0.0,0.0,0.0,0.0,0.0,37.0,34.0,832.0,93.0,220.0,0.423,56.0,141.0,0.397,37.0,79.0,0.468,0.55,36.0,45.0,0.8,29.0,90.0,119.0,76.0,29.0,28.0,34.0,108.0,278.0,0.0,12.0,0.58,0.641,0.205,4.0,11.8,8.0,12.0,1.7,3.0,12.4,14.6,1.0,1.0,2.1,0.119,-0.7,1.4,0.7,0.6,0.0,2021
262,Henry Ellenson,19.0,2.5,7.0,0.357,1.0,4.5,0.222,1.5,2.5,0.6,0.429,1.5,2.0,0.75,1.5,4.5,6.0,2.5,0.0,0.0,0.0,3.5,7.5,0.0,0.0,1010.0,0.0,0.0,0.0,0.0,0.0,0.0,0.0,0.0,0.0,0.0,0.0,0.0,0.0,2.0,0.0,38.0,5.0,14.0,0.357,2.0,9.0,0.222,3.0,5.0,0.6,0.429,3.0,4.0,0.75,3.0,9.0,12.0,5.0,0.0,0.0,0.0,7.0,15.0,0.0,12.8,0.476,0.643,0.286,8.4,27.0,17.4,18.9,0.0,0.0,0.0,17.9,0.1,0.0,0.1,0.127,-1.7,-0.1,-1.8,0.0,0.0,2021
263,Malachi Flynn,19.7,2.7,7.2,0.374,1.1,3.6,0.321,1.6,3.7,0.424,0.453,1.0,1.2,0.804,0.2,2.3,2.5,2.9,0.8,0.1,0.9,1.4,7.5,0.0,0.0,1010.0,0.0,0.0,0.0,0.0,0.0,0.0,0.0,0.0,0.0,0.0,0.0,0.0,0.0,47.0,14.0,928.0,127.0,340.0,0.374,54.0,168.0,0.321,73.0,172.0,0.424,0.453,45.0,56.0,0.804,10.0,106.0,116.0,137.0,38.0,7.0,43.0,68.0,353.0,0.0,10.9,0.484,0.494,0.165,1.1,13.0,6.9,21.4,2.0,0.8,10.5,19.0,0.0,0.8,0.8,0.041,-2.5,-0.2,-2.6,-0.1,0.0,2021
264,Jaxson Hayes,16.1,2.9,4.7,0.625,0.1,0.2,0.429,2.8,4.4,0.635,0.636,1.6,2.0,0.775,1.5,2.8,4.3,0.6,0.4,0.6,0.7,1.7,7.5,0.0,0.0,1010.0,0.0,0.0,0.0,0.0,0.0,0.0,0.0,0.0,0.0,0.0,0.0,0.0,0.0,60.0,3.0,964.0,175.0,280.0,0.625,6.0,14.0,0.429,169.0,266.0,0.635,0.636,93.0,120.0,0.775,92.0,165.0,257.0,35.0,25.0,38.0,39.0,101.0,449.0,0.0,19.1,0.675,0.05,0.429,10.4,18.6,14.5,5.2,1.2,3.7,10.5,16.2,2.6,1.0,3.5,0.176,0.6,0.0,0.6,0.6,0.0,2021
265,DeAndre Jordan,21.9,3.3,4.4,0.763,0.0,0.0,0.0,3.3,4.4,0.766,0.763,0.8,1.6,0.5,2.1,5.4,7.5,1.6,0.3,1.1,1.5,2.0,7.5,0.0,0.0,1010.0,0.0,0.0,0.0,0.0,0.0,0.0,0.0,0.0,0.0,0.0,0.0,0.0,0.0,57.0,43.0,1246.0,190.0,249.0,0.763,0.0,1.0,0.0,190.0,248.0,0.766,0.763,46.0,92.0,0.5,117.0,310.0,427.0,93.0,17.0,65.0,85.0,116.0,426.0,0.0,17.1,0.736,0.004,0.369,10.9,26.1,18.9,10.1,0.7,4.6,22.7,13.1,2.4,1.5,3.9,0.152,0.1,1.0,1.0,0.9,0.0,2021
266,Edmond Sumner,16.2,2.8,5.3,0.525,0.7,1.7,0.398,2.1,3.7,0.582,0.587,1.3,1.6,0.819,0.3,1.4,1.8,0.9,0.6,0.2,1.0,1.7,7.5,0.0,0.0,1010.0,0.0,0.0,0.0,0.0,0.0,0.0,0.0,0.0,0.0,0.0,0.0,0.0,0.0,53.0,24.0,861.0,148.0,282.0,0.525,35.0,88.0,0.398,113.0,194.0,0.582,0.587,68.0,83.0,0.819,18.0,76.0,94.0,49.0,33.0,10.0,51.0,88.0,399.0,0.0,12.7,0.626,0.312,0.294,2.3,9.5,5.9,7.9,1.8,0.9,13.8,18.3,0.7,0.7,1.4,0.077,-2.3,-0.5,-2.8,-0.2,0.0,2021
267,JJ Redick,16.4,2.4,6.1,0.397,1.5,4.0,0.371,0.9,2.0,0.449,0.521,1.1,1.2,0.942,0.1,1.4,1.5,1.2,0.3,0.1,0.8,1.1,7.4,0.0,0.0,1010.0,0.0,0.0,0.0,0.0,0.0,0.0,0.0,0.0,0.0,0.0,0.0,0.0,0.0,44.0,0.0,723.0,106.0,267.0,0.397,66.0,178.0,0.371,40.0,89.0,0.449,0.521,49.0,52.0,0.942,4.0,60.0,64.0,51.0,11.0,3.0,36.0,50.0,327.0,0.0,9.9,0.564,0.667,0.195,0.6,9.0,4.8,9.7,0.7,0.4,11.0,19.2,0.4,0.3,0.7,0.045,-1.4,-2.1,-3.5,-0.3,0.0,2021
268,Jalen Harris,13.2,2.8,5.5,0.5,1.3,2.8,0.472,1.5,2.8,0.528,0.618,0.5,0.7,0.778,0.2,1.2,1.4,1.3,0.6,0.0,1.1,1.2,7.4,0.0,0.0,1010.0,0.0,0.0,0.0,0.0,0.0,0.0,0.0,0.0,0.0,0.0,0.0,0.0,0.0,13.0,2.0,172.0,36.0,72.0,0.5,17.0,36.0,0.472,19.0,36.0,0.528,0.618,7.0,9.0,0.778,3.0,15.0,18.0,17.0,8.0,0.0,14.0,15.0,96.0,0.0,15.2,0.632,0.5,0.125,1.9,9.9,5.8,16.0,2.3,0.0,15.6,22.6,0.1,0.1,0.3,0.079,0.5,-0.3,0.3,0.1,0.0,2021
269,Jalen McDaniels,19.2,2.8,6.0,0.468,0.7,2.2,0.333,2.1,3.8,0.547,0.53,1.0,1.4,0.703,1.0,2.6,3.6,1.1,0.6,0.4,1.0,2.0,7.4,0.0,0.0,1010.0,0.0,0.0,0.0,0.0,0.0,0.0,0.0,0.0,0.0,0.0,0.0,0.0,0.0,47.0,18.0,904.0,133.0,284.0,0.468,35.0,105.0,0.333,98.0,179.0,0.547,0.53,45.0,64.0,0.703,45.0,124.0,169.0,53.0,28.0,19.0,45.0,95.0,346.0,0.0,11.4,0.554,0.37,0.225,5.3,15.1,10.1,8.6,1.5,2.1,12.6,17.0,0.3,0.9,1.2,0.062,-2.8,-0.4,-3.2,-0.3,0.0,2021
270,JaVale McGee,14.7,3.1,6.1,0.511,0.1,0.5,0.208,3.0,5.6,0.539,0.52,1.0,1.5,0.657,1.7,3.5,5.2,0.8,0.4,1.2,1.3,2.6,7.3,0.0,0.0,1010.0,0.0,0.0,0.0,0.0,0.0,0.0,0.0,0.0,0.0,0.0,0.0,0.0,0.0,46.0,2.0,678.0,144.0,282.0,0.511,5.0,24.0,0.208,139.0,258.0,0.539,0.52,44.0,67.0,0.657,77.0,162.0,239.0,39.0,19.0,54.0,60.0,121.0,337.0,0.0,17.0,0.541,0.085,0.238,12.6,27.3,19.8,9.7,1.4,7.3,16.2,23.9,-0.1,1.1,1.0,0.068,-3.3,0.8,-2.5,-0.1,0.0,2021
271,Louis King,14.2,2.8,5.7,0.5,0.7,1.8,0.364,2.2,3.8,0.565,0.559,1.0,1.0,1.0,0.8,2.2,3.0,1.5,1.2,0.5,0.7,1.5,7.3,0.0,0.0,1010.0,0.0,0.0,0.0,0.0,0.0,0.0,0.0,0.0,0.0,0.0,0.0,0.0,0.0,6.0,1.0,85.0,17.0,34.0,0.5,4.0,11.0,0.364,13.0,23.0,0.565,0.559,6.0,6.0,1.0,5.0,13.0,18.0,9.0,7.0,3.0,4.0,9.0,44.0,0.0,21.2,0.6,0.324,0.176,6.4,17.2,11.8,15.4,4.0,3.0,9.8,20.6,0.2,0.1,0.3,0.16,2.3,2.5,4.9,0.1,0.0,2021
272,Khem Birch,22.8,2.8,5.7,0.497,0.2,0.8,0.25,2.6,4.9,0.537,0.514,1.4,1.9,0.705,2.6,3.2,5.8,1.3,0.7,0.7,0.7,1.7,7.2,0.0,0.0,1010.0,0.0,0.0,0.0,0.0,0.0,0.0,0.0,0.0,0.0,0.0,0.0,0.0,0.0,67.0,22.0,1529.0,189.0,380.0,0.497,13.0,52.0,0.25,176.0,328.0,0.537,0.514,91.0,129.0,0.705,174.0,213.0,387.0,89.0,48.0,50.0,44.0,113.0,482.0,0.0,15.1,0.552,0.137,0.339,11.6,15.3,13.4,8.5,1.5,3.1,9.2,13.6,2.3,1.4,3.8,0.118,-1.0,0.1,-1.0,0.4,0.0,2021
273,James Johnson,20.5,2.9,6.4,0.446,0.6,2.4,0.258,2.3,4.1,0.556,0.494,0.9,1.5,0.592,0.6,2.8,3.5,1.9,0.8,0.8,1.1,2.4,7.2,0.0,0.0,1010.0,0.0,0.0,0.0,0.0,0.0,0.0,0.0,0.0,0.0,0.0,0.0,0.0,0.0,51.0,12.0,1043.0,146.0,327.0,0.446,31.0,120.0,0.258,115.0,207.0,0.556,0.494,45.0,76.0,0.592,32.0,145.0,177.0,98.0,42.0,42.0,55.0,120.0,368.0,0.0,11.4,0.51,0.367,0.232,3.4,15.1,9.3,12.9,2.0,3.8,13.2,17.1,-0.1,1.3,1.2,0.055,-2.7,1.5,-1.2,0.2,0.0,2021
274,Justin Jackson,17.0,2.6,6.5,0.403,1.1,3.4,0.308,1.6,3.1,0.51,0.484,0.9,1.1,0.838,0.5,1.8,2.3,1.5,0.4,0.1,0.9,0.9,7.2,0.0,0.0,1010.0,0.0,0.0,0.0,0.0,0.0,0.0,0.0,0.0,0.0,0.0,0.0,0.0,0.0,34.0,3.0,577.0,89.0,221.0,0.403,36.0,117.0,0.308,53.0,104.0,0.51,0.484,31.0,37.0,0.838,16.0,61.0,77.0,52.0,15.0,2.0,32.0,32.0,245.0,0.0,10.4,0.516,0.529,0.167,2.9,11.1,6.9,13.9,1.2,0.3,11.9,19.8,-0.1,0.3,0.2,0.018,-2.3,-1.2,-3.5,-0.2,0.0,2021
275,Kent Bazemore,19.9,2.6,5.9,0.449,1.1,2.7,0.408,1.5,3.1,0.486,0.545,0.8,1.2,0.692,0.4,3.0,3.4,1.6,1.0,0.5,1.2,2.4,7.2,0.0,0.0,1010.0,0.0,0.0,0.0,0.0,0.0,0.0,0.0,0.0,0.0,0.0,0.0,0.0,0.0,67.0,18.0,1333.0,176.0,392.0,0.449,75.0,184.0,0.408,101.0,208.0,0.486,0.545,54.0,78.0,0.692,26.0,203.0,229.0,108.0,69.0,33.0,82.0,158.0,481.0,0.0,10.6,0.564,0.469,0.199,2.1,16.0,9.1,11.1,2.4,2.2,16.1,16.3,-0.2,2.1,1.8,0.065,-2.9,1.7,-1.2,0.2,0.0,2021
276,Juancho Hernangómez,17.3,2.5,5.8,0.435,1.1,3.2,0.327,1.4,2.5,0.573,0.527,1.2,1.9,0.619,0.9,3.1,3.9,0.7,0.4,0.1,0.5,1.0,7.2,0.0,0.0,1010.0,0.0,0.0,0.0,0.0,0.0,0.0,0.0,0.0,0.0,0.0,0.0,0.0,0.0,52.0,6.0,900.0,130.0,299.0,0.435,55.0,168.0,0.327,75.0,131.0,0.573,0.527,60.0,97.0,0.619,45.0,160.0,205.0,35.0,19.0,7.0,27.0,52.0,375.0,0.0,12.1,0.549,0.562,0.324,5.2,20.0,12.3,5.6,1.0,0.7,7.3,17.2,0.6,0.5,1.1,0.06,-1.1,-1.8,-2.9,-0.2,0.0,2021
277,Aaron Holiday,17.8,2.6,6.6,0.39,1.0,2.8,0.368,1.6,3.8,0.406,0.467,1.0,1.3,0.819,0.2,1.1,1.3,1.9,0.7,0.2,1.0,1.4,7.2,0.0,0.0,1010.0,0.0,0.0,0.0,0.0,0.0,0.0,0.0,0.0,0.0,0.0,0.0,0.0,0.0,66.0,8.0,1176.0,170.0,436.0,0.39,67.0,182.0,0.368,103.0,254.0,0.406,0.467,68.0,83.0,0.819,15.0,74.0,89.0,123.0,46.0,13.0,66.0,94.0,475.0,0.0,9.2,0.503,0.417,0.19,1.4,6.8,4.1,14.0,1.8,0.9,12.3,19.5,-0.6,0.8,0.2,0.009,-3.3,-0.9,-4.2,-0.7,0.0,2021
278,Tony Bradley,16.3,3.1,4.7,0.665,0.0,0.1,0.0,3.1,4.6,0.675,0.665,0.9,1.3,0.691,2.0,3.7,5.7,0.9,0.4,0.7,0.8,1.5,7.1,0.0,0.0,1010.0,0.0,0.0,0.0,0.0,0.0,0.0,0.0,0.0,0.0,0.0,0.0,0.0,0.0,42.0,8.0,684.0,131.0,197.0,0.665,0.0,3.0,0.0,131.0,194.0,0.675,0.665,38.0,55.0,0.691,85.0,154.0,239.0,37.0,15.0,30.0,33.0,61.0,300.0,0.0,20.7,0.678,0.015,0.279,13.3,24.0,18.6,8.5,1.0,3.9,13.0,15.8,1.8,1.0,2.7,0.192,1.2,0.1,1.3,0.6,0.0,2021
279,Dewayne Dedmon,13.1,2.9,4.1,0.708,0.1,0.3,0.2,2.8,3.8,0.75,0.715,1.3,1.7,0.741,1.8,3.6,5.4,0.8,0.6,0.4,0.8,2.3,7.1,0.0,0.0,1010.0,0.0,0.0,0.0,0.0,0.0,0.0,0.0,0.0,0.0,0.0,0.0,0.0,0.0,16.0,0.0,210.0,46.0,65.0,0.708,1.0,5.0,0.2,45.0,60.0,0.75,0.715,20.0,27.0,0.741,28.0,58.0,86.0,12.0,9.0,6.0,13.0,36.0,113.0,0.0,24.5,0.735,0.077,0.415,15.5,31.0,23.4,9.6,2.1,3.0,14.5,19.3,0.7,0.4,1.1,0.256,1.2,0.5,1.7,0.2,0.0,2021
280,Maxi Kleber,26.8,2.3,5.5,0.422,1.7,4.2,0.41,0.6,1.3,0.46,0.58,0.7,0.7,0.919,0.9,4.3,5.2,1.4,0.5,0.7,0.6,2.1,7.1,0.0,0.0,1010.0,0.0,0.0,0.0,0.0,0.0,0.0,0.0,0.0,0.0,0.0,0.0,0.0,0.0,50.0,40.0,1341.0,116.0,275.0,0.422,87.0,212.0,0.41,29.0,63.0,0.46,0.58,34.0,37.0,0.919,47.0,213.0,260.0,68.0,24.0,35.0,30.0,105.0,353.0,0.0,10.6,0.606,0.771,0.135,3.9,17.4,10.7,6.6,0.9,2.4,9.3,10.6,1.6,1.3,2.9,0.103,-0.5,0.5,0.0,0.7,0.0,2021
281,Ignas Brazdeikis,19.2,2.7,6.4,0.422,0.8,2.2,0.393,1.8,4.2,0.436,0.488,0.8,1.1,0.714,0.8,2.6,3.5,1.3,0.3,0.2,0.9,1.7,7.0,0.0,0.0,1010.0,0.0,0.0,0.0,0.0,0.0,0.0,0.0,0.0,0.0,0.0,0.0,0.0,0.0,13.0,0.0,249.0,35.0,83.0,0.422,11.0,28.0,0.393,24.0,55.0,0.436,0.488,10.0,14.0,0.714,11.0,34.0,45.0,17.0,4.0,3.0,12.0,22.0,91.0,0.0,9.5,0.51,0.337,0.169,4.5,14.7,9.4,10.5,0.8,1.1,11.9,17.6,-0.1,0.1,0.1,0.016,-3.2,-2.1,-5.3,-0.2,0.0,2021
282,Daniel Gafford,14.6,2.9,4.2,0.684,0.0,0.0,0.0,2.9,4.2,0.684,0.684,1.3,2.0,0.667,1.7,2.5,4.3,0.5,0.5,1.4,0.8,1.8,7.0,0.0,0.0,1010.0,0.0,0.0,0.0,0.0,0.0,0.0,0.0,0.0,0.0,0.0,0.0,0.0,0.0,54.0,11.0,791.0,154.0,225.0,0.684,0.0,0.0,0.0,154.0,225.0,0.684,0.684,72.0,108.0,0.667,94.0,137.0,231.0,29.0,26.0,75.0,41.0,98.0,380.0,0.0,22.2,0.697,0.0,0.48,12.9,18.6,15.8,5.3,1.5,8.1,13.1,16.7,2.1,1.3,3.5,0.209,0.6,1.6,2.2,0.8,0.0,2021
283,Draymond Green,31.5,2.7,6.0,0.447,0.5,2.0,0.27,2.2,4.0,0.535,0.492,1.1,1.4,0.795,0.9,6.3,7.1,8.9,1.7,0.8,3.0,3.1,7.0,0.0,0.0,1010.0,0.0,0.0,0.0,0.0,0.0,0.0,0.0,0.0,0.0,0.0,0.0,0.0,0.0,63.0,63.0,1982.0,170.0,380.0,0.447,34.0,126.0,0.27,136.0,254.0,0.535,0.492,70.0,88.0,0.795,55.0,394.0,449.0,558.0,105.0,52.0,188.0,194.0,444.0,6.0,13.3,0.53,0.332,0.232,3.0,20.9,12.1,36.4,2.5,2.3,31.0,13.1,1.2,3.4,4.6,0.112,-1.6,3.3,1.7,1.9,0.0,2021
284,Dwight Howard,17.3,2.6,4.4,0.587,0.1,0.3,0.25,2.5,4.1,0.611,0.596,1.8,3.0,0.576,2.8,5.7,8.4,0.9,0.4,0.9,1.6,2.9,7.0,0.0,0.0,1010.0,0.0,0.0,0.0,0.0,0.0,0.0,0.0,0.0,0.0,0.0,0.0,0.0,0.0,69.0,6.0,1196.0,178.0,303.0,0.587,5.0,20.0,0.25,173.0,283.0,0.611,0.596,121.0,210.0,0.576,190.0,390.0,580.0,61.0,30.0,62.0,112.0,200.0,482.0,0.0,17.8,0.61,0.066,0.693,17.8,35.3,26.7,7.2,1.2,4.7,22.1,18.2,1.3,2.6,4.0,0.159,-2.1,0.6,-1.5,0.1,0.0,2021
285,Terance Mann,18.9,2.7,5.2,0.509,0.6,1.4,0.418,2.1,3.9,0.541,0.563,1.2,1.4,0.83,0.8,2.8,3.6,1.6,0.4,0.2,0.6,1.9,7.0,0.0,0.0,1010.0,0.0,0.0,0.0,0.0,0.0,0.0,0.0,0.0,0.0,0.0,0.0,0.0,0.0,67.0,10.0,1263.0,178.0,350.0,0.509,38.0,91.0,0.418,140.0,259.0,0.541,0.563,78.0,94.0,0.83,56.0,186.0,242.0,104.0,29.0,13.0,40.0,126.0,472.0,0.0,13.8,0.603,0.26,0.269,5.1,16.1,10.8,11.3,1.1,0.9,9.3,15.1,2.4,1.3,3.7,0.141,-0.5,0.3,-0.2,0.6,0.0,2021
286,Royce O'Neale,31.6,2.5,5.5,0.444,1.5,3.9,0.385,1.0,1.6,0.586,0.58,0.5,0.6,0.848,1.2,5.6,6.8,2.5,0.8,0.5,1.2,2.6,7.0,0.0,0.0,1010.0,0.0,0.0,0.0,0.0,0.0,0.0,0.0,0.0,0.0,0.0,0.0,0.0,0.0,71.0,71.0,2241.0,175.0,394.0,0.444,107.0,278.0,0.385,68.0,116.0,0.586,0.58,39.0,46.0,0.848,88.0,397.0,485.0,181.0,57.0,32.0,83.0,182.0,496.0,0.0,9.9,0.599,0.706,0.117,4.4,18.0,11.5,10.4,1.2,1.2,16.7,9.6,2.3,3.3,5.6,0.121,-1.2,2.1,1.0,1.7,0.0,2021
287,R.J. Hampton,17.4,2.7,6.1,0.435,0.5,1.7,0.31,2.1,4.4,0.482,0.478,1.1,1.6,0.671,0.6,2.9,3.5,1.7,0.4,0.2,1.0,1.2,6.9,0.0,0.0,1010.0,0.0,0.0,0.0,0.0,0.0,0.0,0.0,0.0,0.0,0.0,0.0,0.0,0.0,51.0,1.0,888.0,136.0,313.0,0.435,27.0,87.0,0.31,109.0,226.0,0.482,0.478,55.0,82.0,0.671,29.0,150.0,179.0,87.0,21.0,10.0,53.0,61.0,354.0,0.0,11.1,0.507,0.278,0.262,3.4,18.4,10.7,15.2,1.2,1.0,13.2,19.6,-0.3,0.7,0.4,0.021,-2.6,-1.2,-3.8,-0.4,0.0,2021
288,Moritz Wagner,16.0,2.3,5.1,0.454,0.7,2.0,0.341,1.6,3.1,0.529,0.522,1.6,1.9,0.816,0.6,2.6,3.2,1.1,0.6,0.4,1.0,2.4,6.9,0.0,0.0,1010.0,0.0,0.0,0.0,0.0,0.0,0.0,0.0,0.0,0.0,0.0,0.0,0.0,0.0,45.0,24.0,722.0,104.0,229.0,0.454,31.0,91.0,0.341,73.0,138.0,0.529,0.522,71.0,87.0,0.816,27.0,119.0,146.0,50.0,26.0,18.0,43.0,108.0,310.0,0.0,12.5,0.58,0.397,0.38,3.9,17.7,10.7,9.7,1.7,2.2,13.9,18.1,0.5,0.8,1.2,0.082,-2.7,0.2,-2.6,-0.1,0.0,2021
289,Georges Niang,16.0,2.5,5.6,0.437,1.7,4.1,0.425,0.7,1.6,0.469,0.59,0.3,0.3,0.957,0.4,2.1,2.4,0.8,0.3,0.1,0.7,1.6,6.9,0.0,0.0,1010.0,0.0,0.0,0.0,0.0,0.0,0.0,0.0,0.0,0.0,0.0,0.0,0.0,0.0,72.0,10.0,1154.0,177.0,405.0,0.437,124.0,292.0,0.425,53.0,113.0,0.469,0.59,22.0,23.0,0.957,28.0,148.0,176.0,59.0,25.0,8.0,51.0,116.0,500.0,0.0,11.4,0.602,0.721,0.057,2.7,13.0,8.1,7.3,1.1,0.6,10.9,17.4,1.2,1.4,2.6,0.108,-0.4,0.1,-0.3,0.5,0.0,2021
290,Gorgui Dieng,14.5,2.2,4.3,0.521,0.8,1.8,0.429,1.4,2.4,0.591,0.613,1.5,1.8,0.866,1.1,2.6,3.7,1.3,0.7,0.4,0.8,1.5,6.8,0.0,0.0,1010.0,0.0,0.0,0.0,0.0,0.0,0.0,0.0,0.0,0.0,0.0,0.0,0.0,0.0,38.0,1.0,552.0,85.0,163.0,0.521,30.0,70.0,0.429,55.0,93.0,0.591,0.613,58.0,67.0,0.866,40.0,100.0,140.0,48.0,26.0,16.0,32.0,56.0,258.0,0.0,19.2,0.67,0.429,0.411,7.6,19.5,13.5,12.0,2.3,2.6,14.3,17.4,1.3,0.8,2.1,0.185,1.8,1.5,3.4,0.7,0.0,2021
291,Pat Connaughton,22.8,2.4,5.6,0.434,1.5,3.9,0.371,1.0,1.7,0.583,0.565,0.4,0.6,0.775,0.9,3.9,4.8,1.2,0.7,0.3,0.5,1.4,6.8,0.0,0.0,1010.0,0.0,0.0,0.0,0.0,0.0,0.0,0.0,0.0,0.0,0.0,0.0,0.0,0.0,69.0,4.0,1575.0,168.0,387.0,0.434,101.0,272.0,0.371,67.0,115.0,0.583,0.565,31.0,40.0,0.775,63.0,269.0,332.0,81.0,49.0,23.0,33.0,99.0,468.0,0.0,11.3,0.578,0.703,0.103,4.4,17.3,11.1,6.3,1.5,1.3,7.5,11.6,1.8,1.7,3.5,0.108,-0.5,0.5,0.0,0.8,0.0,2021
292,Killian Hayes,25.8,2.7,7.7,0.353,0.8,2.8,0.278,2.0,5.0,0.395,0.403,0.5,0.7,0.824,0.2,2.4,2.7,5.3,1.0,0.4,3.2,2.2,6.8,0.0,0.0,1010.0,0.0,0.0,0.0,0.0,0.0,0.0,0.0,0.0,0.0,0.0,0.0,0.0,0.0,26.0,18.0,670.0,71.0,201.0,0.353,20.0,72.0,0.278,51.0,129.0,0.395,0.403,14.0,17.0,0.824,6.0,63.0,69.0,138.0,27.0,10.0,83.0,57.0,176.0,0.0,5.3,0.422,0.358,0.085,1.0,10.6,5.7,29.7,2.0,1.3,28.5,19.0,-1.8,0.6,-1.1,-0.081,-6.3,-0.9,-7.2,-0.9,0.0,2021
293,Derrick Jones Jr.,22.7,2.5,5.2,0.484,0.7,2.3,0.316,1.8,2.9,0.619,0.554,1.0,1.6,0.648,1.3,2.2,3.5,0.8,0.6,0.9,0.6,2.2,6.8,0.0,0.0,1010.0,0.0,0.0,0.0,0.0,0.0,0.0,0.0,0.0,0.0,0.0,0.0,0.0,0.0,58.0,43.0,1318.0,147.0,304.0,0.484,43.0,136.0,0.316,104.0,168.0,0.619,0.554,59.0,91.0,0.648,77.0,128.0,205.0,47.0,37.0,54.0,32.0,127.0,396.0,0.0,11.9,0.576,0.447,0.299,6.1,10.7,8.3,4.8,1.4,3.7,8.5,12.3,1.6,0.8,2.4,0.089,-1.4,0.0,-1.4,0.2,0.0,2021
294,Jaden McDaniels,24.0,2.6,5.8,0.447,1.1,3.1,0.364,1.5,2.7,0.544,0.545,0.4,0.7,0.6,0.8,2.9,3.7,1.1,0.6,1.0,0.7,2.7,6.8,0.0,0.0,1010.0,0.0,0.0,0.0,0.0,0.0,0.0,0.0,0.0,0.0,0.0,0.0,0.0,0.0,63.0,27.0,1511.0,164.0,367.0,0.447,72.0,198.0,0.364,92.0,169.0,0.544,0.545,27.0,45.0,0.6,52.0,180.0,232.0,71.0,35.0,60.0,47.0,172.0,427.0,0.0,8.9,0.552,0.54,0.123,3.6,13.4,8.3,6.4,1.1,3.4,10.8,12.0,0.5,0.9,1.4,0.046,-3.3,-0.2,-3.5,-0.6,0.0,2021
295,Justise Winslow,19.5,2.8,8.1,0.352,0.4,2.1,0.185,2.5,6.0,0.41,0.376,0.8,1.3,0.571,0.7,3.8,4.5,1.9,0.6,0.5,1.4,1.8,6.8,0.0,0.0,1010.0,0.0,0.0,0.0,0.0,0.0,0.0,0.0,0.0,0.0,0.0,0.0,0.0,0.0,26.0,1.0,507.0,74.0,210.0,0.352,10.0,54.0,0.185,64.0,156.0,0.41,0.376,20.0,35.0,0.571,18.0,100.0,118.0,50.0,15.0,12.0,37.0,47.0,178.0,0.0,6.2,0.395,0.257,0.167,3.7,21.1,12.3,13.3,1.4,2.1,14.1,21.9,-1.3,0.6,-0.7,-0.066,-6.2,0.2,-6.0,-0.5,0.0,2021
296,Dennis Smith Jr.,18.3,2.5,6.3,0.4,0.8,2.5,0.328,1.7,3.8,0.448,0.466,0.8,1.1,0.731,0.5,1.9,2.4,3.3,1.0,0.6,1.1,1.6,6.7,0.0,0.0,1010.0,0.0,0.0,0.0,0.0,0.0,0.0,0.0,0.0,0.0,0.0,0.0,0.0,0.0,23.0,9.0,420.0,58.0,145.0,0.4,19.0,58.0,0.328,39.0,87.0,0.448,0.466,19.0,26.0,0.731,12.0,43.0,55.0,77.0,23.0,14.0,26.0,37.0,154.0,1.0,13.6,0.492,0.4,0.179,3.1,11.5,7.3,27.8,2.7,2.9,14.3,19.0,0.1,0.5,0.6,0.07,-1.1,1.5,0.4,0.3,0.0,2021
297,Jeff Teague,17.3,2.2,5.2,0.433,0.7,1.5,0.439,1.6,3.7,0.431,0.496,1.6,1.9,0.848,0.3,1.3,1.6,2.4,0.6,0.2,1.2,1.0,6.7,0.0,0.0,1010.0,0.0,0.0,0.0,0.0,0.0,0.0,0.0,0.0,0.0,0.0,0.0,0.0,0.0,55.0,7.0,950.0,123.0,284.0,0.433,36.0,82.0,0.439,87.0,202.0,0.431,0.496,89.0,105.0,0.848,15.0,73.0,88.0,132.0,34.0,12.0,64.0,56.0,371.0,0.0,12.3,0.562,0.289,0.37,1.7,8.3,5.1,18.3,1.7,1.2,16.2,17.7,0.8,0.8,1.6,0.079,-1.7,-0.5,-2.2,-0.1,0.0,2021
298,Spencer Dinwiddie,21.3,2.0,5.3,0.375,0.7,2.3,0.286,1.3,3.0,0.444,0.438,2.0,2.0,1.0,0.0,4.3,4.3,3.0,0.7,0.3,1.7,1.3,6.7,0.0,0.0,1010.0,0.0,0.0,0.0,0.0,0.0,0.0,0.0,0.0,0.0,0.0,0.0,0.0,0.0,3.0,3.0,64.0,6.0,16.0,0.375,2.0,7.0,0.286,4.0,9.0,0.444,0.438,6.0,6.0,1.0,0.0,13.0,13.0,9.0,2.0,1.0,5.0,4.0,20.0,0.0,10.1,0.536,0.438,0.375,0.0,21.3,11.2,17.6,1.5,1.4,21.2,16.1,0.0,0.1,0.1,0.045,-2.4,2.6,0.2,0.0,0.0,2021
299,Damyean Dotson,19.7,2.6,6.4,0.406,1.0,3.5,0.289,1.6,2.9,0.545,0.485,0.5,0.8,0.667,0.1,1.9,2.0,2.0,0.3,0.1,0.9,0.9,6.7,0.0,0.0,1010.0,0.0,0.0,0.0,0.0,0.0,0.0,0.0,0.0,0.0,0.0,0.0,0.0,0.0,46.0,7.0,907.0,119.0,293.0,0.406,46.0,159.0,0.289,73.0,134.0,0.545,0.485,24.0,36.0,0.667,5.0,88.0,93.0,91.0,16.0,4.0,42.0,42.0,308.0,0.0,8.1,0.499,0.543,0.123,0.6,11.1,5.7,15.1,0.9,0.4,12.0,16.9,-0.4,0.3,0.0,-0.002,-3.4,-1.4,-4.8,-0.6,0.0,2021
300,Markieff Morris,19.7,2.5,6.2,0.405,1.1,3.4,0.311,1.4,2.8,0.521,0.491,0.6,0.8,0.72,0.8,3.6,4.4,1.2,0.4,0.3,0.9,1.7,6.7,0.0,0.0,1010.0,0.0,0.0,0.0,0.0,0.0,0.0,0.0,0.0,0.0,0.0,0.0,0.0,0.0,61.0,27.0,1200.0,153.0,378.0,0.405,65.0,209.0,0.311,88.0,169.0,0.521,0.491,36.0,50.0,0.72,48.0,218.0,266.0,73.0,22.0,19.0,54.0,105.0,407.0,0.0,9.3,0.509,0.553,0.132,4.5,20.3,12.5,8.6,0.9,1.4,11.9,16.4,-0.2,1.8,1.6,0.062,-2.9,0.3,-2.6,-0.2,0.0,2021
301,Abdel Nader,14.8,2.4,4.8,0.491,0.8,1.8,0.419,1.6,3.0,0.534,0.569,1.2,1.5,0.757,0.3,2.3,2.6,0.8,0.4,0.4,0.8,1.4,6.7,0.0,0.0,1010.0,0.0,0.0,0.0,0.0,0.0,0.0,0.0,0.0,0.0,0.0,0.0,0.0,0.0,24.0,0.0,355.0,57.0,116.0,0.491,18.0,43.0,0.419,39.0,73.0,0.534,0.569,28.0,37.0,0.757,7.0,55.0,62.0,19.0,10.0,9.0,19.0,34.0,160.0,0.0,13.4,0.605,0.371,0.319,2.3,17.3,9.9,7.3,1.4,2.3,12.6,19.0,0.3,0.4,0.7,0.095,-1.0,1.0,0.0,0.2,0.0,2021
302,Ish Smith,21.0,2.9,6.8,0.434,0.4,1.1,0.367,2.5,5.6,0.448,0.465,0.4,0.8,0.576,0.5,2.9,3.4,3.9,0.7,0.3,0.9,1.4,6.7,0.0,0.0,1010.0,0.0,0.0,0.0,0.0,0.0,0.0,0.0,0.0,0.0,0.0,0.0,0.0,0.0,44.0,1.0,924.0,129.0,297.0,0.434,18.0,49.0,0.367,111.0,248.0,0.448,0.465,19.0,33.0,0.576,22.0,128.0,150.0,172.0,32.0,13.0,41.0,62.0,295.0,0.0,11.6,0.473,0.165,0.111,2.5,14.6,8.6,24.7,1.6,1.2,11.6,15.8,0.2,0.9,1.1,0.056,-2.1,0.5,-1.5,0.1,0.0,2021
303,Alex Len,15.3,2.7,4.3,0.615,0.1,0.4,0.32,2.5,4.0,0.644,0.629,1.1,1.8,0.629,1.2,2.8,4.1,0.8,0.3,1.0,0.9,2.0,6.6,0.0,0.0,1010.0,0.0,0.0,0.0,0.0,0.0,0.0,0.0,0.0,0.0,0.0,0.0,0.0,0.0,64.0,42.0,979.0,171.0,278.0,0.615,8.0,25.0,0.32,163.0,253.0,0.644,0.629,73.0,116.0,0.629,78.0,182.0,260.0,49.0,20.0,64.0,55.0,127.0,423.0,0.0,16.4,0.643,0.09,0.417,8.5,19.7,14.1,7.0,0.9,5.6,14.3,16.3,1.5,1.3,2.7,0.133,-1.2,1.0,-0.1,0.5,0.0,2021
304,Trey Burke,14.7,2.4,5.7,0.428,0.9,2.6,0.354,1.5,3.0,0.492,0.51,0.8,0.9,0.895,0.2,0.7,0.9,1.3,0.6,0.1,0.5,1.0,6.6,0.0,0.0,1010.0,0.0,0.0,0.0,0.0,0.0,0.0,0.0,0.0,0.0,0.0,0.0,0.0,0.0,62.0,1.0,911.0,151.0,353.0,0.428,58.0,164.0,0.354,93.0,189.0,0.492,0.51,51.0,57.0,0.895,10.0,44.0,54.0,81.0,36.0,7.0,33.0,64.0,411.0,0.0,12.6,0.544,0.465,0.161,1.2,5.3,3.3,12.9,1.9,0.7,8.0,20.0,0.7,0.7,1.4,0.071,-1.4,-0.4,-1.8,0.0,0.0,2021
305,Nic Claxton,18.6,2.8,4.5,0.621,0.0,0.2,0.2,2.8,4.4,0.636,0.624,1.0,2.0,0.484,1.3,3.8,5.2,0.9,0.7,1.3,0.6,2.1,6.6,0.0,0.0,1010.0,0.0,0.0,0.0,0.0,0.0,0.0,0.0,0.0,0.0,0.0,0.0,0.0,0.0,32.0,1.0,594.0,90.0,145.0,0.621,1.0,5.0,0.2,89.0,140.0,0.636,0.624,31.0,64.0,0.484,43.0,123.0,166.0,28.0,23.0,40.0,18.0,68.0,212.0,0.0,16.9,0.612,0.034,0.441,8.4,21.8,15.4,6.4,1.9,5.9,9.4,14.0,1.0,0.9,1.9,0.153,-1.0,1.4,0.4,0.4,0.0,2021
306,Frank Kaminsky,15.2,2.6,5.5,0.471,0.7,1.8,0.365,1.9,3.7,0.523,0.531,0.8,1.3,0.617,0.8,3.2,4.0,1.7,0.3,0.4,0.5,1.5,6.6,0.0,0.0,1010.0,0.0,0.0,0.0,0.0,0.0,0.0,0.0,0.0,0.0,0.0,0.0,0.0,0.0,47.0,13.0,715.0,121.0,257.0,0.471,31.0,85.0,0.365,90.0,172.0,0.523,0.531,37.0,60.0,0.617,36.0,152.0,188.0,79.0,14.0,17.0,22.0,70.0,310.0,0.0,15.8,0.547,0.331,0.233,5.8,23.7,14.9,15.3,1.0,2.1,7.2,19.0,1.1,0.9,2.0,0.133,0.4,0.8,1.3,0.6,0.0,2021
307,Xavier Tillman Sr.,18.4,2.8,5.1,0.559,0.4,1.1,0.338,2.5,4.0,0.62,0.595,0.6,0.9,0.642,1.3,3.1,4.3,1.3,0.7,0.6,0.8,2.0,6.6,0.0,0.0,1010.0,0.0,0.0,0.0,0.0,0.0,0.0,0.0,0.0,0.0,0.0,0.0,0.0,0.0,59.0,12.0,1085.0,167.0,299.0,0.559,22.0,65.0,0.338,145.0,234.0,0.62,0.595,34.0,53.0,0.642,74.0,182.0,256.0,75.0,44.0,33.0,45.0,116.0,390.0,0.0,14.7,0.605,0.217,0.177,7.2,18.0,12.5,9.4,1.9,2.7,12.3,14.3,1.4,1.5,2.9,0.127,-1.3,1.1,-0.2,0.5,0.0,2021
308,Nemanja Bjelica,16.1,2.4,5.3,0.454,0.7,2.3,0.318,1.7,3.0,0.559,0.523,1.0,1.4,0.725,0.8,2.6,3.4,1.9,0.4,0.1,0.9,1.8,6.5,0.0,0.0,1010.0,0.0,0.0,0.0,0.0,0.0,0.0,0.0,0.0,0.0,0.0,0.0,0.0,0.0,37.0,3.0,595.0,89.0,196.0,0.454,27.0,85.0,0.318,62.0,111.0,0.559,0.523,37.0,51.0,0.725,29.0,98.0,127.0,69.0,15.0,5.0,33.0,68.0,242.0,0.0,12.9,0.554,0.434,0.26,5.4,18.5,11.9,16.2,1.2,0.8,13.1,18.4,0.5,0.3,0.9,0.071,-1.4,-0.8,-2.2,0.0,0.0,2021
309,Marquese Chriss,13.5,2.5,7.0,0.357,0.5,2.5,0.2,2.0,4.5,0.444,0.393,1.0,2.0,0.5,1.5,5.0,6.5,1.0,0.0,1.0,1.0,1.5,6.5,0.0,0.0,1010.0,0.0,0.0,0.0,0.0,0.0,0.0,0.0,0.0,0.0,0.0,0.0,0.0,0.0,2.0,0.0,27.0,5.0,14.0,0.357,1.0,5.0,0.2,4.0,9.0,0.444,0.393,2.0,4.0,0.5,3.0,10.0,13.0,2.0,0.0,2.0,2.0,3.0,13.0,0.0,11.8,0.412,0.357,0.286,12.0,38.9,25.6,11.0,0.0,6.5,11.3,28.1,-0.1,0.1,0.0,-0.03,-2.4,0.3,-2.1,0.0,0.0,2021
310,Damion Lee,18.9,2.2,4.8,0.467,1.4,3.4,0.397,0.9,1.4,0.638,0.608,0.7,0.8,0.909,0.4,2.8,3.2,1.3,0.7,0.1,0.5,1.6,6.5,0.0,0.0,1010.0,0.0,0.0,0.0,0.0,0.0,0.0,0.0,0.0,0.0,0.0,0.0,0.0,0.0,57.0,1.0,1079.0,128.0,274.0,0.467,77.0,194.0,0.397,51.0,80.0,0.638,0.608,40.0,44.0,0.909,22.0,158.0,180.0,73.0,38.0,8.0,30.0,89.0,373.0,0.0,11.8,0.636,0.708,0.161,2.2,15.4,8.9,9.1,1.7,0.7,9.3,12.8,1.4,1.3,2.7,0.119,-0.7,0.9,0.2,0.6,0.0,2021
311,Chasson Randle,20.4,2.2,5.8,0.388,1.1,3.2,0.338,1.2,2.6,0.449,0.481,0.9,1.2,0.792,0.2,1.8,2.0,1.8,0.5,0.1,1.1,1.6,6.5,0.0,0.0,1010.0,0.0,0.0,0.0,0.0,0.0,0.0,0.0,0.0,0.0,0.0,0.0,0.0,0.0,41.0,5.0,837.0,92.0,237.0,0.388,44.0,130.0,0.338,48.0,107.0,0.449,0.481,38.0,48.0,0.792,7.0,75.0,82.0,74.0,22.0,5.0,46.0,64.0,266.0,0.0,7.4,0.515,0.549,0.203,0.8,9.6,5.1,12.9,1.3,0.5,15.1,15.7,-0.4,0.4,0.0,-0.001,-4.8,-1.1,-5.9,-0.8,0.0,2021
312,Denzel Valentine,16.7,2.5,6.7,0.373,1.3,3.9,0.331,1.2,2.8,0.431,0.469,0.3,0.3,0.941,0.4,2.8,3.2,1.7,0.5,0.1,0.7,1.1,6.5,0.0,0.0,1010.0,0.0,0.0,0.0,0.0,0.0,0.0,0.0,0.0,0.0,0.0,0.0,0.0,0.0,62.0,3.0,1036.0,155.0,416.0,0.373,80.0,242.0,0.331,75.0,174.0,0.431,0.469,16.0,17.0,0.941,24.0,173.0,197.0,105.0,30.0,7.0,42.0,70.0,406.0,0.0,10.1,0.479,0.582,0.041,2.6,18.3,10.5,14.0,1.4,0.6,9.0,19.5,-0.4,1.1,0.7,0.032,-2.2,-0.4,-2.7,-0.2,0.0,2021
313,Avery Bradley,22.3,2.4,6.3,0.374,1.2,3.7,0.327,1.1,2.6,0.443,0.471,0.4,0.6,0.8,0.3,1.8,2.1,1.7,0.8,0.1,1.0,2.0,6.4,0.0,0.0,1010.0,0.0,0.0,0.0,0.0,0.0,0.0,0.0,0.0,0.0,0.0,0.0,0.0,0.0,27.0,6.0,602.0,64.0,171.0,0.374,33.0,101.0,0.327,31.0,70.0,0.443,0.471,12.0,15.0,0.8,8.0,49.0,57.0,46.0,21.0,3.0,28.0,55.0,173.0,0.0,6.3,0.487,0.591,0.088,1.4,9.1,5.2,10.8,1.7,0.5,13.6,14.9,-0.5,0.4,-0.1,-0.008,-4.9,-0.5,-5.4,-0.5,0.0,2021
314,Alex Caruso,21.0,2.3,5.3,0.436,0.9,2.4,0.401,1.3,2.9,0.464,0.526,0.8,1.3,0.645,0.5,2.4,2.9,2.8,1.1,0.3,1.3,1.9,6.4,0.0,0.0,1010.0,0.0,0.0,0.0,0.0,0.0,0.0,0.0,0.0,0.0,0.0,0.0,0.0,0.0,58.0,6.0,1216.0,133.0,305.0,0.436,55.0,137.0,0.401,78.0,168.0,0.464,0.526,49.0,76.0,0.645,31.0,139.0,170.0,160.0,64.0,15.0,76.0,108.0,370.0,0.0,11.1,0.547,0.449,0.249,2.9,12.8,7.9,18.1,2.6,1.1,18.3,14.8,0.3,2.1,2.4,0.095,-2.5,2.5,0.0,0.6,0.0,2021
315,Kira Lewis Jr.,16.7,2.4,6.2,0.386,0.7,2.2,0.333,1.7,4.0,0.415,0.445,0.8,0.9,0.843,0.2,1.1,1.3,2.3,0.7,0.2,0.6,1.6,6.4,0.0,0.0,1010.0,0.0,0.0,0.0,0.0,0.0,0.0,0.0,0.0,0.0,0.0,0.0,0.0,0.0,54.0,0.0,904.0,130.0,337.0,0.386,40.0,120.0,0.333,90.0,217.0,0.415,0.445,43.0,51.0,0.843,12.0,59.0,71.0,124.0,38.0,10.0,34.0,88.0,343.0,0.0,10.3,0.477,0.356,0.151,1.4,7.1,4.3,18.7,2.0,1.0,8.6,18.3,0.2,0.6,0.9,0.045,-3.2,-0.2,-3.4,-0.3,0.0,2021
316,Timothé Luwawu-Cabarrot,18.1,2.2,6.1,0.365,1.3,4.1,0.314,0.9,2.0,0.47,0.471,0.6,0.7,0.814,0.5,1.7,2.2,1.2,0.6,0.1,0.7,1.7,6.4,0.0,0.0,1010.0,0.0,0.0,0.0,0.0,0.0,0.0,0.0,0.0,0.0,0.0,0.0,0.0,0.0,58.0,7.0,1050.0,130.0,356.0,0.365,75.0,239.0,0.314,55.0,117.0,0.47,0.471,35.0,43.0,0.814,28.0,101.0,129.0,69.0,33.0,6.0,43.0,99.0,370.0,0.0,7.8,0.493,0.671,0.121,3.1,10.1,6.8,8.6,1.5,0.5,10.3,17.4,-0.3,0.7,0.3,0.015,-3.2,-1.2,-4.4,-0.6,0.0,2021
317,Deni Avdija,23.3,2.4,5.8,0.417,1.0,3.1,0.315,1.4,2.7,0.535,0.502,0.5,0.8,0.644,0.4,4.4,4.9,1.2,0.6,0.3,0.6,2.6,6.3,0.0,0.0,1010.0,0.0,0.0,0.0,0.0,0.0,0.0,0.0,0.0,0.0,0.0,0.0,0.0,0.0,54.0,32.0,1257.0,130.0,312.0,0.417,53.0,168.0,0.315,77.0,144.0,0.535,0.502,29.0,45.0,0.644,22.0,240.0,262.0,63.0,32.0,15.0,33.0,140.0,342.0,0.0,7.6,0.515,0.538,0.144,1.9,20.2,11.0,6.3,1.2,1.0,9.0,12.0,0.0,1.2,1.2,0.046,-3.6,0.4,-3.1,-0.4,0.0,2021
318,Tyus Jones,17.5,2.5,5.9,0.431,0.6,2.0,0.321,1.9,3.9,0.487,0.485,0.6,0.6,0.911,0.3,1.7,2.0,3.7,0.9,0.1,0.7,0.4,6.3,0.0,0.0,1010.0,0.0,0.0,0.0,0.0,0.0,0.0,0.0,0.0,0.0,0.0,0.0,0.0,0.0,70.0,9.0,1222.0,178.0,413.0,0.431,45.0,140.0,0.321,133.0,273.0,0.487,0.485,41.0,45.0,0.911,21.0,119.0,140.0,259.0,64.0,6.0,48.0,31.0,442.0,0.0,15.0,0.511,0.339,0.109,1.8,10.4,6.1,28.6,2.5,0.4,10.0,16.6,1.5,1.3,2.8,0.11,-0.1,0.9,0.8,0.9,0.0,2021
319,Frank Mason III,19.8,2.3,6.0,0.375,0.5,1.3,0.4,1.8,4.8,0.368,0.417,1.3,1.8,0.714,0.8,2.3,3.0,3.0,0.0,0.0,1.3,1.8,6.3,0.0,0.0,1010.0,0.0,0.0,0.0,0.0,0.0,0.0,0.0,0.0,0.0,0.0,0.0,0.0,0.0,4.0,1.0,79.0,9.0,24.0,0.375,2.0,5.0,0.4,7.0,19.0,0.368,0.417,5.0,7.0,0.714,3.0,9.0,12.0,12.0,0.0,0.0,5.0,7.0,25.0,0.0,7.5,0.462,0.208,0.292,3.8,12.2,7.9,22.3,0.0,0.0,15.6,17.5,0.0,0.0,0.0,-0.018,-5.2,-2.4,-7.7,-0.1,0.0,2021
320,Chimezie Metu,13.6,2.5,5.0,0.508,0.4,1.0,0.351,2.2,3.9,0.549,0.545,0.9,1.2,0.721,0.9,2.3,3.1,0.8,0.4,0.5,0.8,1.6,6.3,0.0,0.0,1010.0,0.0,0.0,0.0,0.0,0.0,0.0,0.0,0.0,0.0,0.0,0.0,0.0,0.0,36.0,6.0,488.0,91.0,179.0,0.508,13.0,37.0,0.351,78.0,142.0,0.549,0.545,31.0,43.0,0.721,31.0,81.0,112.0,28.0,14.0,18.0,29.0,59.0,226.0,0.0,14.5,0.571,0.207,0.24,7.0,18.7,12.7,8.2,1.4,3.1,12.8,20.0,0.3,0.3,0.6,0.061,-2.2,-1.3,-3.6,-0.2,0.0,2021
321,Aron Baynes,18.5,2.5,5.7,0.441,0.5,1.9,0.262,2.0,3.8,0.532,0.485,0.5,0.8,0.707,1.6,3.5,5.2,0.9,0.3,0.4,0.9,2.2,6.1,0.0,0.0,1010.0,0.0,0.0,0.0,0.0,0.0,0.0,0.0,0.0,0.0,0.0,0.0,0.0,0.0,53.0,31.0,980.0,134.0,304.0,0.441,27.0,103.0,0.262,107.0,201.0,0.532,0.485,29.0,41.0,0.707,87.0,186.0,273.0,47.0,17.0,23.0,46.0,119.0,324.0,0.0,10.5,0.503,0.339,0.135,9.4,21.7,15.3,7.0,0.8,2.3,12.5,16.2,0.1,0.9,1.0,0.049,-3.4,-1.1,-4.5,-0.6,0.0,2021
322,Facundo Campazzo,21.9,1.8,4.8,0.381,1.2,3.3,0.352,0.7,1.5,0.444,0.502,1.2,1.4,0.879,0.3,1.7,2.1,3.6,1.2,0.2,1.1,2.0,6.1,0.0,0.0,1010.0,0.0,0.0,0.0,0.0,0.0,0.0,0.0,0.0,0.0,0.0,0.0,0.0,0.0,65.0,19.0,1425.0,120.0,315.0,0.381,76.0,216.0,0.352,44.0,99.0,0.444,0.502,80.0,91.0,0.879,22.0,112.0,134.0,232.0,79.0,14.0,73.0,132.0,396.0,0.0,11.6,0.558,0.686,0.289,1.8,8.9,5.3,20.2,2.7,1.0,17.1,13.1,1.6,1.5,3.1,0.105,-1.7,1.2,-0.6,0.5,0.0,2021
323,Robert Franks,14.4,1.9,4.0,0.464,0.7,2.1,0.333,1.1,1.9,0.615,0.554,1.7,1.9,0.923,0.9,1.1,2.0,0.7,0.4,0.4,0.3,1.1,6.1,0.0,0.0,1010.0,0.0,0.0,0.0,0.0,0.0,0.0,0.0,0.0,0.0,0.0,0.0,0.0,0.0,7.0,0.0,101.0,13.0,28.0,0.464,5.0,15.0,0.333,8.0,13.0,0.615,0.554,12.0,13.0,0.923,6.0,8.0,14.0,5.0,3.0,3.0,2.0,8.0,43.0,0.0,16.5,0.638,0.536,0.464,6.0,8.5,7.2,7.4,1.4,2.7,5.6,15.3,0.3,0.1,0.3,0.158,0.7,-0.8,-0.2,0.0,0.0,2021
324,Jaylen Hoard,16.8,2.3,4.6,0.5,0.0,0.6,0.0,2.3,4.1,0.571,0.5,1.5,2.2,0.683,1.1,2.3,3.4,1.3,0.7,0.3,0.9,1.0,6.1,0.0,0.0,1010.0,0.0,0.0,0.0,0.0,0.0,0.0,0.0,0.0,0.0,0.0,0.0,0.0,0.0,19.0,0.0,320.0,44.0,88.0,0.5,0.0,11.0,0.0,44.0,77.0,0.571,0.5,28.0,41.0,0.683,21.0,44.0,65.0,24.0,13.0,5.0,17.0,19.0,116.0,0.0,13.4,0.547,0.125,0.466,6.7,14.5,10.6,11.2,1.9,1.4,13.8,16.3,0.2,0.3,0.5,0.07,-2.2,-0.3,-2.5,0.0,0.0,2021
325,Max Strus,13.0,2.2,4.8,0.455,1.3,3.8,0.338,0.9,1.0,0.897,0.588,0.4,0.6,0.667,0.1,0.9,1.1,0.6,0.3,0.1,0.2,1.1,6.1,0.0,0.0,1010.0,0.0,0.0,0.0,0.0,0.0,0.0,0.0,0.0,0.0,0.0,0.0,0.0,0.0,39.0,0.0,507.0,85.0,187.0,0.455,50.0,148.0,0.338,35.0,39.0,0.897,0.588,16.0,24.0,0.667,5.0,36.0,41.0,24.0,11.0,2.0,8.0,43.0,236.0,0.0,12.1,0.597,0.791,0.128,1.1,8.0,4.6,7.3,1.1,0.4,3.9,18.3,0.6,0.3,0.9,0.088,-0.5,-1.7,-2.2,0.0,0.0,2021
326,Dakota Mathias,15.4,2.4,6.0,0.396,1.0,3.3,0.308,1.4,2.8,0.5,0.479,0.3,0.8,0.333,0.1,0.8,0.9,1.6,0.1,0.4,0.1,0.9,6.0,0.0,0.0,1010.0,0.0,0.0,0.0,0.0,0.0,0.0,0.0,0.0,0.0,0.0,0.0,0.0,0.0,8.0,2.0,123.0,19.0,48.0,0.396,8.0,26.0,0.308,11.0,22.0,0.5,0.479,2.0,6.0,0.333,1.0,6.0,7.0,13.0,1.0,3.0,1.0,7.0,48.0,0.0,9.8,0.474,0.542,0.125,0.9,5.3,3.1,15.1,0.4,2.2,1.9,18.1,0.0,0.1,0.2,0.061,-1.5,-1.0,-2.6,0.0,0.0,2021
327,Dean Wade,19.2,2.1,4.9,0.431,1.2,3.4,0.366,0.9,1.6,0.571,0.556,0.5,0.6,0.769,0.6,2.8,3.4,1.2,0.6,0.3,0.5,1.2,6.0,0.0,0.0,1010.0,0.0,0.0,0.0,0.0,0.0,0.0,0.0,0.0,0.0,0.0,0.0,0.0,0.0,63.0,19.0,1212.0,134.0,311.0,0.431,78.0,213.0,0.366,56.0,98.0,0.571,0.556,30.0,39.0,0.769,38.0,177.0,215.0,74.0,35.0,21.0,30.0,78.0,376.0,0.0,11.3,0.573,0.685,0.125,3.4,16.8,9.9,8.9,1.4,1.5,8.4,12.9,1.1,0.9,2.0,0.08,-1.1,-0.1,-1.3,0.2,0.0,2021
328,Dwight Powell,16.7,2.1,3.3,0.619,0.1,0.4,0.238,2.0,3.0,0.665,0.631,1.7,2.1,0.782,1.4,2.7,4.0,1.1,0.6,0.5,0.7,2.3,5.9,0.0,0.0,1010.0,0.0,0.0,0.0,0.0,0.0,0.0,0.0,0.0,0.0,0.0,0.0,0.0,0.0,58.0,19.0,966.0,120.0,194.0,0.619,5.0,21.0,0.238,115.0,173.0,0.665,0.631,97.0,124.0,0.782,80.0,154.0,234.0,63.0,36.0,30.0,40.0,135.0,342.0,0.0,16.8,0.688,0.108,0.639,9.2,17.4,13.3,8.9,1.8,2.9,13.9,13.2,2.6,1.2,3.8,0.188,-0.7,1.3,0.6,0.6,0.0,2021
329,Drew Eubanks,14.0,2.1,3.8,0.566,0.0,0.0,1.0,2.1,3.8,0.562,0.571,1.4,2.0,0.726,1.4,3.1,4.5,0.8,0.3,0.9,0.8,1.6,5.8,0.0,0.0,1010.0,0.0,0.0,0.0,0.0,0.0,0.0,0.0,0.0,0.0,0.0,0.0,0.0,0.0,54.0,3.0,755.0,116.0,205.0,0.566,2.0,2.0,1.0,114.0,203.0,0.562,0.571,77.0,106.0,0.726,74.0,167.0,241.0,42.0,18.0,49.0,45.0,88.0,311.0,0.0,17.9,0.618,0.01,0.517,10.2,24.0,17.0,7.9,1.2,5.5,15.2,17.1,1.2,1.1,2.3,0.145,-1.0,1.0,0.0,0.4,0.0,2021
330,DeAndre' Bembry,19.1,2.3,4.5,0.513,0.3,1.0,0.264,2.0,3.4,0.589,0.544,0.9,1.3,0.682,0.6,2.2,2.9,2.1,1.0,0.4,1.4,1.7,5.7,0.0,0.0,1010.0,0.0,0.0,0.0,0.0,0.0,0.0,0.0,0.0,0.0,0.0,0.0,0.0,0.0,51.0,12.0,972.0,117.0,228.0,0.513,14.0,53.0,0.264,103.0,175.0,0.589,0.544,45.0,66.0,0.682,33.0,113.0,146.0,107.0,53.0,18.0,71.0,87.0,293.0,0.0,11.2,0.57,0.232,0.289,3.6,13.3,8.3,15.6,2.6,1.9,21.6,14.6,0.1,1.1,1.2,0.059,-3.2,1.4,-1.9,0.0,0.0,2021
331,Rodney McGruder,12.1,2.3,4.4,0.529,0.7,1.5,0.458,1.6,2.9,0.565,0.607,0.4,0.5,0.75,0.5,0.9,1.4,1.0,0.5,0.1,0.4,0.8,5.7,0.0,0.0,1010.0,0.0,0.0,0.0,0.0,0.0,0.0,0.0,0.0,0.0,0.0,0.0,0.0,0.0,16.0,2.0,194.0,37.0,70.0,0.529,11.0,24.0,0.458,26.0,46.0,0.565,0.607,6.0,8.0,0.75,8.0,14.0,22.0,16.0,8.0,1.0,7.0,12.0,91.0,0.0,16.1,0.619,0.343,0.114,4.5,8.1,6.3,13.6,2.0,0.4,8.7,18.1,0.3,0.2,0.5,0.121,0.7,0.0,0.7,0.1,0.0,2021
332,Jordan Nwora,9.1,2.1,4.5,0.459,0.9,2.1,0.452,1.1,2.4,0.466,0.563,0.6,0.8,0.76,0.3,1.7,2.0,0.2,0.5,0.2,0.8,0.7,5.7,0.0,0.0,1010.0,0.0,0.0,0.0,0.0,0.0,0.0,0.0,0.0,0.0,0.0,0.0,0.0,0.0,30.0,2.0,274.0,62.0,135.0,0.459,28.0,62.0,0.452,34.0,73.0,0.466,0.563,19.0,25.0,0.76,9.0,51.0,60.0,7.0,16.0,7.0,24.0,22.0,171.0,0.0,16.1,0.586,0.459,0.185,3.6,18.9,11.5,3.6,2.7,2.3,14.1,26.0,0.0,0.4,0.4,0.068,-0.7,-0.4,-1.1,0.1,0.0,2021
333,Juan Toscano-Anderson,20.9,2.3,3.9,0.579,0.7,1.7,0.402,1.6,2.2,0.718,0.667,0.4,0.6,0.71,0.5,3.9,4.4,2.8,0.8,0.5,1.2,2.1,5.7,0.0,0.0,1010.0,0.0,0.0,0.0,0.0,0.0,0.0,0.0,0.0,0.0,0.0,0.0,0.0,0.0,53.0,16.0,1107.0,121.0,209.0,0.579,37.0,92.0,0.402,84.0,117.0,0.718,0.667,22.0,31.0,0.71,29.0,205.0,234.0,150.0,41.0,26.0,61.0,111.0,301.0,0.0,12.6,0.676,0.44,0.148,2.8,19.5,11.3,18.1,1.7,2.1,21.5,11.0,1.4,1.6,3.0,0.13,-1.4,2.2,0.8,0.8,0.0,2021
334,Yogi Ferrell,13.6,2.0,5.7,0.351,0.9,2.8,0.321,1.1,2.9,0.379,0.43,0.7,0.9,0.778,0.5,1.4,1.9,2.2,0.7,0.3,0.3,1.1,5.6,0.0,0.0,1010.0,0.0,0.0,0.0,0.0,0.0,0.0,0.0,0.0,0.0,0.0,0.0,0.0,0.0,10.0,0.0,136.0,20.0,57.0,0.351,9.0,28.0,0.321,11.0,29.0,0.379,0.43,7.0,9.0,0.778,5.0,14.0,19.0,22.0,7.0,3.0,3.0,11.0,56.0,0.0,14.4,0.459,0.491,0.158,4.1,11.4,7.8,22.9,2.5,2.0,4.7,20.7,0.1,0.2,0.3,0.099,-0.5,0.8,0.2,0.1,0.0,2021
335,Freddie Gillespie,19.6,2.2,4.2,0.524,0.0,0.0,0.0,2.2,4.2,0.524,0.524,1.2,1.7,0.697,2.1,2.8,4.9,0.5,0.7,1.0,0.6,2.2,5.6,0.0,0.0,1010.0,0.0,0.0,0.0,0.0,0.0,0.0,0.0,0.0,0.0,0.0,0.0,0.0,0.0,20.0,2.0,392.0,44.0,84.0,0.524,0.0,0.0,0.0,44.0,84.0,0.524,0.524,23.0,33.0,0.697,42.0,55.0,97.0,9.0,13.0,20.0,12.0,43.0,111.0,0.0,13.4,0.563,0.0,0.393,11.4,16.0,13.6,3.2,1.6,5.1,10.9,12.2,0.5,0.5,0.9,0.116,-3.1,-0.1,-3.2,-0.1,0.0,2021
336,Donta Hall,13.8,1.9,2.7,0.714,0.0,0.0,0.0,1.9,2.7,0.714,0.714,1.8,2.6,0.676,1.8,2.9,4.8,0.8,0.4,0.8,0.6,1.4,5.6,0.0,0.0,1010.0,0.0,0.0,0.0,0.0,0.0,0.0,0.0,0.0,0.0,0.0,0.0,0.0,0.0,13.0,0.0,179.0,25.0,35.0,0.714,0.0,0.0,0.0,25.0,35.0,0.714,0.714,23.0,34.0,0.676,24.0,38.0,62.0,11.0,5.0,10.0,8.0,18.0,73.0,0.0,22.3,0.731,0.0,0.971,13.5,22.8,18.0,9.4,1.4,5.1,13.8,14.0,0.6,0.2,0.8,0.223,0.9,0.6,1.6,0.2,0.0,2021
337,Saben Lee,16.3,2.1,4.4,0.471,0.2,0.5,0.348,1.9,3.9,0.487,0.49,1.3,1.9,0.685,0.4,1.6,2.0,3.6,0.7,0.3,1.1,1.6,5.6,0.0,0.0,1010.0,0.0,0.0,0.0,0.0,0.0,0.0,0.0,0.0,0.0,0.0,0.0,0.0,0.0,48.0,7.0,781.0,99.0,210.0,0.471,8.0,23.0,0.348,91.0,187.0,0.487,0.49,61.0,89.0,0.685,20.0,77.0,97.0,174.0,32.0,13.0,55.0,76.0,267.0,0.0,13.8,0.536,0.11,0.424,2.8,11.1,6.9,33.2,2.0,1.5,18.1,17.0,0.7,0.8,1.5,0.091,-2.1,0.2,-2.0,0.0,0.0,2021
338,Mychal Mulder,12.8,2.0,4.4,0.449,1.4,3.6,0.397,0.6,0.9,0.667,0.609,0.2,0.4,0.636,0.1,0.9,1.0,0.4,0.2,0.2,0.3,0.9,5.6,0.0,0.0,1010.0,0.0,0.0,0.0,0.0,0.0,0.0,0.0,0.0,0.0,0.0,0.0,0.0,0.0,60.0,6.0,766.0,119.0,265.0,0.449,85.0,214.0,0.397,34.0,51.0,0.667,0.609,14.0,22.0,0.636,8.0,52.0,60.0,26.0,12.0,12.0,16.0,56.0,337.0,0.0,10.8,0.613,0.808,0.083,1.1,7.1,4.2,4.8,0.7,1.4,5.5,16.2,0.6,0.6,1.2,0.075,-0.6,-1.2,-1.8,0.0,0.0,2021
339,Torrey Craig,16.1,2.2,4.5,0.48,0.8,2.1,0.368,1.4,2.4,0.579,0.566,0.3,0.4,0.773,1.1,2.8,3.9,1.0,0.6,0.5,0.5,1.7,5.5,0.0,0.0,1010.0,0.0,0.0,0.0,0.0,0.0,0.0,0.0,0.0,0.0,0.0,0.0,0.0,0.0,50.0,8.0,803.0,109.0,227.0,0.48,39.0,106.0,0.368,70.0,121.0,0.579,0.566,17.0,22.0,0.773,57.0,140.0,197.0,49.0,28.0,26.0,25.0,83.0,274.0,0.0,14.2,0.579,0.467,0.097,8.1,19.1,13.7,7.9,1.7,2.9,9.6,14.3,1.1,1.1,2.2,0.133,-0.3,0.7,0.4,0.5,0.0,2021
340,Brad Wanamaker,17.3,1.9,4.9,0.385,0.3,1.4,0.188,1.6,3.5,0.463,0.411,1.5,1.7,0.891,0.3,1.4,1.7,2.9,0.7,0.2,1.2,1.5,5.5,0.0,0.0,1010.0,0.0,0.0,0.0,0.0,0.0,0.0,0.0,0.0,0.0,0.0,0.0,0.0,0.0,61.0,0.0,1053.0,115.0,299.0,0.385,16.0,85.0,0.188,99.0,214.0,0.463,0.411,90.0,101.0,0.891,18.0,87.0,105.0,174.0,43.0,11.0,71.0,94.0,336.0,0.0,9.5,0.489,0.284,0.338,1.8,8.8,5.3,22.5,1.9,1.0,17.1,16.9,-0.2,1.0,0.9,0.039,-4.4,0.3,-4.0,-0.5,0.0,2021
341,Jabari Parker,12.7,2.3,4.2,0.545,0.2,0.8,0.182,2.2,3.4,0.636,0.564,0.8,1.0,0.769,0.8,2.5,3.2,0.8,0.1,0.4,0.8,1.0,5.5,0.0,0.0,1010.0,0.0,0.0,0.0,0.0,0.0,0.0,0.0,0.0,0.0,0.0,0.0,0.0,0.0,13.0,0.0,165.0,30.0,55.0,0.545,2.0,11.0,0.182,28.0,44.0,0.636,0.564,10.0,13.0,0.769,10.0,32.0,42.0,11.0,1.0,5.0,10.0,13.0,72.0,0.0,14.7,0.593,0.2,0.236,6.7,21.8,14.2,9.9,0.3,2.8,14.1,18.5,0.2,0.1,0.3,0.089,-0.9,0.0,-0.9,0.0,0.0,2021
342,Anthony Lamb,17.3,1.9,4.9,0.39,1.0,3.0,0.324,1.0,2.0,0.489,0.487,0.8,0.9,0.857,1.1,1.8,2.9,1.0,0.3,0.2,0.8,1.4,5.5,0.0,0.0,1010.0,0.0,0.0,0.0,0.0,0.0,0.0,0.0,0.0,0.0,0.0,0.0,0.0,0.0,24.0,3.0,415.0,46.0,118.0,0.39,23.0,71.0,0.324,23.0,47.0,0.489,0.487,18.0,21.0,0.857,27.0,43.0,70.0,23.0,6.0,5.0,19.0,34.0,133.0,0.0,8.7,0.523,0.602,0.178,6.7,11.5,9.0,7.9,0.7,1.1,13.0,15.0,0.1,0.1,0.2,0.023,-3.4,-2.7,-6.1,-0.4,0.0,2021
343,Garrison Mathews,16.2,1.5,3.7,0.409,1.2,3.1,0.384,0.3,0.6,0.538,0.57,1.3,1.5,0.884,0.3,1.1,1.4,0.4,0.5,0.1,0.2,1.7,5.5,0.0,0.0,1010.0,0.0,0.0,0.0,0.0,0.0,0.0,0.0,0.0,0.0,0.0,0.0,0.0,0.0,64.0,24.0,1038.0,97.0,237.0,0.409,76.0,198.0,0.384,21.0,39.0,0.538,0.57,84.0,95.0,0.884,16.0,71.0,87.0,26.0,29.0,7.0,10.0,106.0,354.0,0.0,9.7,0.635,0.835,0.401,1.6,7.2,4.4,3.1,1.3,0.6,3.5,11.5,1.7,0.6,2.3,0.108,-1.7,-0.1,-1.8,0.1,0.0,2021
344,Devin Vassell,17.0,2.0,4.9,0.406,0.8,2.4,0.347,1.1,2.5,0.464,0.492,0.7,0.8,0.843,0.4,2.4,2.8,0.9,0.7,0.3,0.4,1.4,5.5,0.0,0.0,1010.0,0.0,0.0,0.0,0.0,0.0,0.0,0.0,0.0,0.0,0.0,0.0,0.0,0.0,62.0,7.0,1056.0,123.0,303.0,0.406,52.0,150.0,0.347,71.0,153.0,0.464,0.492,43.0,51.0,0.843,24.0,150.0,174.0,56.0,43.0,18.0,22.0,88.0,341.0,0.0,10.6,0.524,0.495,0.168,2.4,15.4,8.8,7.1,2.0,1.4,6.3,14.3,0.4,1.1,1.5,0.069,-2.2,0.7,-1.5,0.1,0.0,2021
345,Rajon Rondo,17.1,2.1,4.8,0.442,0.8,2.0,0.404,1.3,2.8,0.468,0.526,0.4,0.4,0.941,0.4,2.0,2.4,4.4,0.8,0.1,1.8,1.2,5.4,0.0,0.0,1010.0,0.0,0.0,0.0,0.0,0.0,0.0,0.0,0.0,0.0,0.0,0.0,0.0,0.0,45.0,3.0,770.0,95.0,215.0,0.442,36.0,89.0,0.404,59.0,126.0,0.468,0.526,16.0,17.0,0.941,18.0,92.0,110.0,199.0,37.0,4.0,79.0,53.0,242.0,0.0,13.2,0.544,0.414,0.079,2.7,12.9,7.9,35.3,2.4,0.5,26.2,17.2,0.5,0.8,1.3,0.081,-0.5,0.3,-0.2,0.4,0.0,2021
346,Derrick Favors,15.3,2.3,3.6,0.638,0.0,0.0,0.0,2.3,3.5,0.643,0.638,0.9,1.2,0.738,2.0,3.5,5.5,0.6,0.5,1.0,0.5,2.1,5.4,0.0,0.0,1010.0,0.0,0.0,0.0,0.0,0.0,0.0,0.0,0.0,0.0,0.0,0.0,0.0,0.0,68.0,0.0,1039.0,155.0,243.0,0.638,0.0,2.0,0.0,155.0,241.0,0.643,0.638,59.0,80.0,0.738,138.0,238.0,376.0,44.0,32.0,68.0,36.0,143.0,369.0,0.0,19.7,0.663,0.008,0.329,14.7,23.3,19.2,6.0,1.5,5.3,11.5,13.0,2.9,2.2,5.1,0.237,0.3,2.4,2.6,1.2,0.0,2021
347,Taj Gibson,20.8,2.2,3.5,0.627,0.1,0.3,0.2,2.1,3.2,0.671,0.636,0.9,1.2,0.727,2.2,3.4,5.6,0.8,0.7,1.1,0.5,2.2,5.4,0.0,0.0,1010.0,0.0,0.0,0.0,0.0,0.0,0.0,0.0,0.0,0.0,0.0,0.0,0.0,0.0,45.0,3.0,936.0,99.0,158.0,0.627,3.0,15.0,0.2,96.0,143.0,0.671,0.636,40.0,55.0,0.727,99.0,151.0,250.0,36.0,31.0,49.0,22.0,99.0,241.0,0.0,16.0,0.661,0.095,0.348,11.6,17.3,14.5,5.4,1.7,5.0,10.8,9.7,2.1,1.7,3.8,0.195,-0.7,2.1,1.3,0.8,0.0,2021
348,Tyler Johnson,17.5,1.8,4.7,0.393,1.2,3.4,0.364,0.6,1.3,0.471,0.525,0.5,0.5,0.857,0.2,1.8,2.0,1.2,0.4,0.0,0.4,1.1,5.4,0.0,0.0,1010.0,0.0,0.0,0.0,0.0,0.0,0.0,0.0,0.0,0.0,0.0,0.0,0.0,0.0,39.0,3.0,684.0,72.0,183.0,0.393,48.0,132.0,0.364,24.0,51.0,0.471,0.525,18.0,21.0,0.857,6.0,71.0,77.0,47.0,14.0,0.0,17.0,43.0,210.0,0.0,8.2,0.546,0.721,0.115,1.0,10.9,6.2,8.7,1.0,0.0,8.1,13.3,0.4,0.3,0.7,0.049,-2.4,-1.0,-3.4,-0.2,0.0,2021
349,Jahlil Okafor,12.9,2.3,3.8,0.618,0.1,0.3,0.222,2.3,3.4,0.656,0.627,0.6,0.9,0.708,0.9,1.6,2.4,0.5,0.2,0.2,0.8,1.4,5.4,0.0,0.0,1010.0,0.0,0.0,0.0,0.0,0.0,0.0,0.0,0.0,0.0,0.0,0.0,0.0,0.0,27.0,2.0,347.0,63.0,102.0,0.618,2.0,9.0,0.222,61.0,93.0,0.656,0.627,17.0,24.0,0.708,23.0,43.0,66.0,13.0,6.0,5.0,21.0,39.0,145.0,0.0,13.1,0.644,0.088,0.235,7.3,13.9,10.6,6.1,0.8,1.3,15.7,16.8,0.3,0.3,0.6,0.082,-2.5,-0.7,-3.2,-0.1,0.0,2021
350,Josh Okogie,20.3,1.7,4.3,0.402,0.5,1.8,0.269,1.2,2.5,0.5,0.459,1.4,1.8,0.769,1.1,1.6,2.6,1.1,0.9,0.5,0.7,2.1,5.4,0.0,0.0,1010.0,0.0,0.0,0.0,0.0,0.0,0.0,0.0,0.0,0.0,0.0,0.0,0.0,0.0,59.0,37.0,1197.0,102.0,254.0,0.402,29.0,108.0,0.269,73.0,146.0,0.5,0.459,83.0,108.0,0.769,63.0,93.0,156.0,63.0,54.0,28.0,43.0,123.0,316.0,0.0,9.1,0.524,0.425,0.425,5.5,8.7,7.1,7.0,2.1,2.0,12.5,12.1,0.5,0.8,1.3,0.051,-3.7,0.3,-3.3,-0.4,0.0,2021
351,Justin Patton,19.0,2.2,5.4,0.414,0.7,2.6,0.265,1.5,2.8,0.556,0.479,0.2,0.3,0.75,1.1,2.7,3.8,1.1,0.9,1.1,0.3,2.6,5.4,0.0,0.0,1010.0,0.0,0.0,0.0,0.0,0.0,0.0,0.0,0.0,0.0,0.0,0.0,0.0,0.0,13.0,6.0,247.0,29.0,70.0,0.414,9.0,34.0,0.265,20.0,36.0,0.556,0.479,3.0,4.0,0.75,14.0,35.0,49.0,14.0,12.0,14.0,4.0,34.0,70.0,0.0,11.6,0.488,0.486,0.057,5.8,15.8,10.6,8.1,2.3,5.1,5.3,13.0,0.1,0.3,0.4,0.076,-3.6,1.4,-2.2,0.0,0.0,2021
352,Jarred Vanderbilt,17.8,2.2,3.7,0.606,0.0,0.1,0.2,2.2,3.6,0.615,0.608,0.9,1.6,0.559,1.8,3.9,5.8,1.2,1.0,0.7,0.8,1.9,5.4,0.0,0.0,1010.0,0.0,0.0,0.0,0.0,0.0,0.0,0.0,0.0,0.0,0.0,0.0,0.0,0.0,64.0,30.0,1139.0,143.0,236.0,0.606,1.0,5.0,0.2,142.0,231.0,0.615,0.608,57.0,102.0,0.559,118.0,250.0,368.0,76.0,64.0,46.0,53.0,123.0,344.0,0.0,16.2,0.612,0.021,0.432,10.8,24.7,17.5,9.3,2.7,3.5,15.9,12.3,1.6,1.5,3.1,0.132,-1.4,1.4,-0.1,0.5,0.0,2021
353,Mason Jones,10.4,1.6,3.8,0.423,0.8,2.1,0.364,0.9,1.8,0.491,0.52,1.3,2.0,0.625,0.2,1.5,1.7,1.3,0.2,0.0,0.9,0.8,5.3,0.0,0.0,1010.0,0.0,0.0,0.0,0.0,0.0,0.0,0.0,0.0,0.0,0.0,0.0,0.0,0.0,32.0,1.0,334.0,52.0,123.0,0.423,24.0,66.0,0.364,28.0,57.0,0.491,0.52,40.0,64.0,0.625,7.0,48.0,55.0,42.0,7.0,1.0,29.0,24.0,168.0,0.0,12.1,0.556,0.537,0.52,2.2,16.0,8.8,18.9,1.0,0.3,16.1,23.0,0.0,0.2,0.2,0.028,-1.4,-1.2,-2.7,-0.1,0.0,2021
354,Willie Cauley-Stein,17.1,2.2,3.4,0.632,0.0,0.2,0.091,2.2,3.2,0.667,0.635,0.9,1.5,0.628,1.2,3.2,4.5,0.7,0.4,0.8,0.5,2.4,5.3,0.0,0.0,1010.0,0.0,0.0,0.0,0.0,0.0,0.0,0.0,0.0,0.0,0.0,0.0,0.0,0.0,53.0,16.0,906.0,115.0,182.0,0.632,1.0,11.0,0.091,114.0,171.0,0.667,0.635,49.0,78.0,0.628,66.0,170.0,236.0,35.0,21.0,43.0,29.0,129.0,280.0,0.0,14.3,0.647,0.06,0.429,8.1,20.5,14.3,5.3,1.1,4.4,11.8,12.0,1.6,1.2,2.8,0.147,-2.2,0.9,-1.3,0.2,0.0,2021
355,Jarrett Culver,14.7,2.0,4.9,0.411,0.4,1.6,0.245,1.6,3.4,0.487,0.449,0.9,1.4,0.604,1.0,2.1,3.1,0.7,0.5,0.3,0.8,1.7,5.3,0.0,0.0,1010.0,0.0,0.0,0.0,0.0,0.0,0.0,0.0,0.0,0.0,0.0,0.0,0.0,0.0,34.0,7.0,499.0,69.0,168.0,0.411,13.0,53.0,0.245,56.0,115.0,0.487,0.449,29.0,48.0,0.604,34.0,70.0,104.0,24.0,17.0,9.0,28.0,58.0,180.0,0.0,8.8,0.476,0.315,0.286,7.1,15.8,11.3,6.8,1.6,1.6,12.9,18.2,-0.4,0.3,-0.1,-0.006,-4.5,-1.1,-5.6,-0.5,0.0,2021
356,Glenn Robinson III,16.0,1.8,4.3,0.424,0.7,1.9,0.364,1.1,2.4,0.473,0.505,0.9,1.0,0.913,0.5,1.5,2.0,0.9,0.2,0.1,0.5,1.0,5.3,0.0,0.0,1010.0,0.0,0.0,0.0,0.0,0.0,0.0,0.0,0.0,0.0,0.0,0.0,0.0,0.0,23.0,2.0,369.0,42.0,99.0,0.424,16.0,44.0,0.364,26.0,55.0,0.473,0.505,21.0,23.0,0.913,11.0,34.0,45.0,20.0,4.0,3.0,11.0,23.0,121.0,0.0,9.0,0.554,0.444,0.232,3.3,10.4,6.8,7.0,0.5,0.7,9.2,14.0,0.3,0.0,0.3,0.033,-1.9,-2.2,-4.0,-0.2,0.0,2021
357,Tony Snell,21.1,1.9,3.6,0.515,1.3,2.3,0.569,0.6,1.3,0.419,0.696,0.2,0.2,1.0,0.4,2.0,2.4,1.3,0.3,0.2,0.4,1.6,5.3,0.0,0.0,1010.0,0.0,0.0,0.0,0.0,0.0,0.0,0.0,0.0,0.0,0.0,0.0,0.0,0.0,47.0,23.0,992.0,88.0,171.0,0.515,62.0,109.0,0.569,26.0,62.0,0.419,0.696,11.0,11.0,1.0,18.0,94.0,112.0,59.0,13.0,11.0,21.0,75.0,249.0,0.0,9.5,0.708,0.637,0.064,2.0,10.2,6.2,7.9,0.6,1.0,10.7,8.6,1.6,0.5,2.0,0.099,-0.4,-0.1,-0.5,0.4,0.0,2021
358,Maurice Harkless,20.9,1.9,4.5,0.418,0.6,2.3,0.274,1.2,2.2,0.568,0.488,0.9,1.2,0.767,0.4,2.1,2.4,1.2,0.8,0.5,0.6,2.3,5.2,0.0,0.0,1010.0,0.0,0.0,0.0,0.0,0.0,0.0,0.0,0.0,0.0,0.0,0.0,0.0,0.0,37.0,23.0,772.0,69.0,165.0,0.418,23.0,84.0,0.274,46.0,81.0,0.568,0.488,33.0,43.0,0.767,13.0,76.0,89.0,44.0,30.0,20.0,22.0,86.0,194.0,0.0,8.1,0.527,0.509,0.261,1.9,11.1,6.4,7.3,1.9,2.3,10.7,11.5,0.2,0.4,0.6,0.038,-3.8,0.1,-3.7,-0.3,0.0,2021
359,D.J. Wilson,12.4,1.9,4.8,0.405,0.9,2.5,0.345,1.1,2.3,0.469,0.494,0.5,0.7,0.68,0.6,2.6,3.2,0.7,0.3,0.5,0.6,1.3,5.2,0.0,0.0,1010.0,0.0,0.0,0.0,0.0,0.0,0.0,0.0,0.0,0.0,0.0,0.0,0.0,0.0,35.0,1.0,433.0,68.0,168.0,0.405,30.0,87.0,0.345,38.0,81.0,0.469,0.494,17.0,25.0,0.68,20.0,92.0,112.0,23.0,11.0,16.0,22.0,44.0,183.0,0.0,11.5,0.511,0.518,0.149,4.8,23.2,13.7,7.9,1.2,3.3,10.9,19.7,-0.2,0.5,0.3,0.032,-2.7,-0.6,-3.3,-0.1,0.0,2021
360,Alize Johnson,10.5,2.2,3.8,0.588,0.1,0.3,0.167,2.2,3.4,0.629,0.596,0.7,0.7,1.0,1.5,3.5,5.0,0.8,0.3,0.3,0.5,0.9,5.2,0.0,0.0,1010.0,0.0,0.0,0.0,0.0,0.0,0.0,0.0,0.0,0.0,0.0,0.0,0.0,0.0,18.0,0.0,189.0,40.0,68.0,0.588,1.0,6.0,0.167,39.0,62.0,0.629,0.596,13.0,13.0,1.0,27.0,63.0,90.0,14.0,5.0,5.0,9.0,16.0,94.0,0.0,23.5,0.638,0.088,0.191,16.6,35.0,26.3,10.9,1.3,2.3,10.9,19.1,0.6,0.3,0.9,0.227,2.7,0.0,2.7,0.2,0.0,2021
361,Patrick Patterson,15.3,1.9,4.3,0.436,1.1,2.9,0.357,0.8,1.4,0.604,0.558,0.3,0.4,0.765,0.5,1.5,2.0,0.8,0.4,0.2,0.3,1.2,5.2,0.0,0.0,1010.0,0.0,0.0,0.0,0.0,0.0,0.0,0.0,0.0,0.0,0.0,0.0,0.0,0.0,38.0,5.0,582.0,72.0,165.0,0.436,40.0,112.0,0.357,32.0,53.0,0.604,0.558,13.0,17.0,0.765,19.0,56.0,75.0,29.0,14.0,8.0,11.0,45.0,197.0,0.0,10.9,0.571,0.679,0.103,3.8,10.5,7.2,6.7,1.2,1.2,6.0,14.0,0.7,0.5,1.2,0.101,-0.4,-0.1,-0.6,0.2,0.0,2021
362,Dylan Windler,16.5,1.8,4.2,0.438,0.8,2.5,0.338,1.0,1.7,0.585,0.538,0.7,0.9,0.778,0.6,2.8,3.5,1.1,0.6,0.4,1.0,1.2,5.2,0.0,0.0,1010.0,0.0,0.0,0.0,0.0,0.0,0.0,0.0,0.0,0.0,0.0,0.0,0.0,0.0,31.0,0.0,513.0,57.0,130.0,0.438,26.0,77.0,0.338,31.0,53.0,0.585,0.538,21.0,27.0,0.778,20.0,87.0,107.0,33.0,19.0,12.0,32.0,37.0,161.0,0.0,10.8,0.567,0.592,0.208,4.3,19.5,11.7,9.4,1.8,2.1,18.4,14.8,0.0,0.5,0.5,0.045,-2.0,0.3,-1.7,0.0,0.0,2021
363,Isaiah Hartenstein,12.2,2.0,3.7,0.55,0.0,0.1,0.333,2.0,3.6,0.558,0.556,1.0,1.5,0.648,1.4,2.5,3.9,1.2,0.4,0.8,1.0,2.3,5.1,0.0,0.0,1010.0,0.0,0.0,0.0,0.0,0.0,0.0,0.0,0.0,0.0,0.0,0.0,0.0,0.0,46.0,2.0,559.0,94.0,171.0,0.55,2.0,6.0,0.333,92.0,165.0,0.558,0.556,46.0,71.0,0.648,65.0,116.0,181.0,55.0,19.0,39.0,44.0,104.0,236.0,0.0,17.9,0.583,0.035,0.415,13.0,23.7,18.2,15.3,1.7,6.5,17.9,19.2,0.7,0.9,1.6,0.134,-2.4,1.5,-0.9,0.2,0.0,2021
364,Goga Bitadze,12.5,1.8,4.3,0.428,0.4,1.8,0.253,1.4,2.6,0.548,0.479,1.0,1.4,0.738,1.3,2.0,3.3,0.8,0.2,1.3,0.4,2.1,5.1,0.0,0.0,1010.0,0.0,0.0,0.0,0.0,0.0,0.0,0.0,0.0,0.0,0.0,0.0,0.0,0.0,45.0,3.0,561.0,83.0,194.0,0.428,20.0,79.0,0.253,63.0,115.0,0.548,0.479,45.0,61.0,0.738,60.0,90.0,150.0,37.0,9.0,60.0,17.0,94.0,231.0,0.0,16.3,0.523,0.407,0.314,11.7,17.3,14.5,8.9,0.8,8.7,7.1,18.1,0.7,0.8,1.5,0.129,-2.0,1.0,-1.0,0.1,0.0,2021
365,Sekou Doumbouya,15.5,1.9,5.0,0.379,0.5,2.1,0.226,1.4,3.0,0.485,0.426,0.8,1.1,0.703,0.7,1.9,2.6,0.8,0.4,0.2,0.8,1.7,5.1,0.0,0.0,1010.0,0.0,0.0,0.0,0.0,0.0,0.0,0.0,0.0,0.0,0.0,0.0,0.0,0.0,56.0,11.0,869.0,107.0,282.0,0.379,26.0,115.0,0.226,81.0,167.0,0.485,0.426,45.0,64.0,0.703,39.0,104.0,143.0,47.0,24.0,9.0,44.0,94.0,285.0,0.0,6.9,0.459,0.408,0.227,4.9,13.5,9.2,8.0,1.4,0.9,12.4,17.8,-0.9,0.7,-0.2,-0.012,-5.4,-1.3,-6.7,-1.0,0.0,2021
366,Jake Layman,13.9,2.0,4.1,0.495,0.5,1.7,0.295,1.5,2.4,0.642,0.557,0.6,0.8,0.703,0.3,1.2,1.5,0.6,0.6,0.4,0.6,1.0,5.1,0.0,0.0,1010.0,0.0,0.0,0.0,0.0,0.0,0.0,0.0,0.0,0.0,0.0,0.0,0.0,0.0,45.0,11.0,627.0,91.0,184.0,0.495,23.0,78.0,0.295,68.0,106.0,0.642,0.557,26.0,37.0,0.703,13.0,54.0,67.0,28.0,29.0,19.0,26.0,44.0,231.0,0.0,11.4,0.577,0.424,0.201,2.2,9.7,5.8,6.4,2.2,2.6,11.5,15.1,0.2,0.5,0.7,0.051,-2.2,0.2,-2.1,0.0,0.0,2021
367,Nerlens Noel,24.2,2.1,3.5,0.614,0.0,0.0,0.0,2.1,3.4,0.623,0.614,0.8,1.1,0.714,2.2,4.2,6.4,0.7,1.1,2.2,1.0,2.8,5.1,0.0,0.0,1010.0,0.0,0.0,0.0,0.0,0.0,0.0,0.0,0.0,0.0,0.0,0.0,0.0,0.0,64.0,41.0,1547.0,137.0,223.0,0.614,0.0,3.0,0.0,137.0,220.0,0.623,0.614,50.0,70.0,0.714,142.0,266.0,408.0,46.0,70.0,141.0,65.0,176.0,324.0,0.0,14.8,0.638,0.013,0.314,10.1,18.4,14.3,4.1,2.3,8.7,20.4,9.2,1.6,3.6,5.2,0.162,-2.4,3.8,1.4,1.3,0.0,2021
368,Precious Achiuwa,12.1,2.0,3.7,0.544,0.0,0.0,0.0,2.0,3.7,0.546,0.544,0.9,1.8,0.509,1.2,2.2,3.4,0.5,0.3,0.5,0.7,1.5,5.0,0.0,0.0,1010.0,0.0,0.0,0.0,0.0,0.0,0.0,0.0,0.0,0.0,0.0,0.0,0.0,0.0,61.0,4.0,737.0,124.0,228.0,0.544,0.0,1.0,0.0,124.0,227.0,0.546,0.544,56.0,110.0,0.509,73.0,135.0,208.0,29.0,20.0,28.0,43.0,91.0,304.0,0.0,14.2,0.55,0.004,0.482,11.5,20.6,16.1,6.1,1.3,4.0,13.5,19.5,0.3,1.0,1.3,0.085,-3.6,-0.5,-4.1,-0.4,0.0,2021
369,Bismack Biyombo,20.4,2.2,3.7,0.587,0.0,0.0,0.0,2.2,3.7,0.589,0.587,0.7,1.6,0.448,2.1,3.2,5.3,1.2,0.3,1.1,1.1,2.1,5.0,0.0,0.0,1010.0,0.0,0.0,0.0,0.0,0.0,0.0,0.0,0.0,0.0,0.0,0.0,0.0,0.0,66.0,36.0,1349.0,142.0,242.0,0.587,0.0,1.0,0.0,142.0,241.0,0.589,0.587,47.0,105.0,0.448,137.0,210.0,347.0,81.0,17.0,74.0,71.0,141.0,331.0,0.0,11.7,0.574,0.004,0.434,10.8,17.1,13.9,8.3,0.6,5.4,19.8,11.5,0.9,1.4,2.3,0.081,-3.4,0.4,-3.0,-0.4,0.0,2021
370,Marc Gasol,19.1,1.7,3.7,0.454,1.0,2.3,0.41,0.7,1.4,0.528,0.582,0.7,1.0,0.72,0.7,3.4,4.1,2.1,0.5,1.1,1.0,2.2,5.0,0.0,0.0,1010.0,0.0,0.0,0.0,0.0,0.0,0.0,0.0,0.0,0.0,0.0,0.0,0.0,0.0,52.0,42.0,993.0,88.0,194.0,0.454,50.0,122.0,0.41,38.0,72.0,0.528,0.582,36.0,50.0,0.72,38.0,177.0,215.0,109.0,26.0,58.0,53.0,115.0,262.0,0.0,12.2,0.606,0.629,0.258,4.3,19.9,12.2,14.7,1.3,5.2,19.7,11.8,0.8,1.9,2.8,0.133,-1.4,3.7,2.3,1.1,0.0,2021
371,Trey Lyles,15.6,1.9,3.9,0.478,0.6,1.7,0.35,1.3,2.2,0.58,0.556,0.7,1.0,0.652,0.4,3.3,3.7,0.6,0.3,0.0,0.3,0.6,5.0,0.0,0.0,1010.0,0.0,0.0,0.0,0.0,0.0,0.0,0.0,0.0,0.0,0.0,0.0,0.0,0.0,23.0,9.0,358.0,43.0,90.0,0.478,14.0,40.0,0.35,29.0,50.0,0.58,0.556,15.0,23.0,0.652,9.0,77.0,86.0,14.0,6.0,1.0,6.0,13.0,115.0,0.0,11.4,0.574,0.444,0.256,2.6,23.3,12.8,5.3,0.8,0.2,5.7,12.9,0.3,0.3,0.6,0.085,-1.3,-0.5,-1.8,0.0,0.0,2021
372,Caleb Martin,15.4,1.8,4.8,0.375,0.6,2.4,0.248,1.2,2.5,0.496,0.436,0.8,1.2,0.641,0.6,2.1,2.7,1.3,0.7,0.2,0.6,1.2,5.0,0.0,0.0,1010.0,0.0,0.0,0.0,0.0,0.0,0.0,0.0,0.0,0.0,0.0,0.0,0.0,0.0,53.0,3.0,818.0,96.0,256.0,0.375,31.0,125.0,0.248,65.0,131.0,0.496,0.436,41.0,64.0,0.641,31.0,110.0,141.0,67.0,37.0,12.0,33.0,62.0,264.0,0.0,9.5,0.465,0.488,0.25,4.0,14.8,9.3,11.5,2.2,1.5,10.4,16.7,-0.4,0.9,0.5,0.03,-3.6,0.2,-3.4,-0.3,0.0,2021
373,Jordan McLaughlin,18.4,2.0,4.7,0.413,0.6,1.8,0.359,1.3,2.9,0.447,0.481,0.5,0.6,0.767,0.4,1.7,2.1,3.8,1.0,0.1,1.0,0.9,5.0,0.0,0.0,1010.0,0.0,0.0,0.0,0.0,0.0,0.0,0.0,0.0,0.0,0.0,0.0,0.0,0.0,51.0,2.0,938.0,100.0,242.0,0.413,33.0,92.0,0.359,67.0,150.0,0.447,0.481,23.0,30.0,0.767,21.0,87.0,108.0,193.0,51.0,6.0,51.0,44.0,256.0,0.0,12.0,0.502,0.38,0.124,2.3,10.4,6.2,28.0,2.6,0.6,16.7,13.7,0.6,0.6,1.2,0.062,-2.0,0.2,-1.7,0.1,0.0,2021
374,Tyler Cook,13.7,2.2,3.2,0.67,0.0,0.1,0.5,2.1,3.2,0.673,0.675,0.5,1.1,0.486,0.9,2.1,3.0,0.5,0.3,0.1,0.7,1.1,4.9,0.0,0.0,1010.0,0.0,0.0,0.0,0.0,0.0,0.0,0.0,0.0,0.0,0.0,0.0,0.0,0.0,32.0,1.0,438.0,69.0,103.0,0.67,1.0,2.0,0.5,68.0,101.0,0.673,0.675,17.0,35.0,0.486,28.0,67.0,95.0,17.0,8.0,2.0,21.0,35.0,156.0,0.0,12.8,0.659,0.019,0.34,7.0,17.2,12.1,5.9,0.9,0.4,15.1,13.9,0.5,0.3,0.8,0.09,-2.2,-0.9,-3.0,-0.1,0.0,2021
375,Brandon Goodwin,13.2,1.8,4.7,0.377,0.7,2.2,0.311,1.1,2.6,0.433,0.448,0.6,0.9,0.651,0.2,1.3,1.5,2.0,0.4,0.0,0.8,0.9,4.9,0.0,0.0,1010.0,0.0,0.0,0.0,0.0,0.0,0.0,0.0,0.0,0.0,0.0,0.0,0.0,0.0,47.0,5.0,620.0,84.0,223.0,0.377,32.0,103.0,0.311,52.0,120.0,0.433,0.448,28.0,43.0,0.651,8.0,61.0,69.0,95.0,17.0,0.0,36.0,41.0,228.0,0.0,9.2,0.471,0.462,0.193,1.4,10.6,6.1,21.6,1.3,0.0,13.0,19.5,-0.2,0.4,0.2,0.013,-2.5,-0.6,-3.1,-0.2,0.0,2021
376,E'Twaun Moore,14.4,2.0,4.5,0.455,0.4,1.3,0.314,1.6,3.2,0.512,0.5,0.4,0.5,0.857,0.5,1.1,1.7,1.5,0.6,0.2,0.9,1.2,4.9,0.0,0.0,1010.0,0.0,0.0,0.0,0.0,0.0,0.0,0.0,0.0,0.0,0.0,0.0,0.0,0.0,27.0,1.0,389.0,55.0,121.0,0.455,11.0,35.0,0.314,44.0,86.0,0.512,0.5,12.0,14.0,0.857,14.0,31.0,45.0,40.0,15.0,5.0,23.0,32.0,133.0,0.0,10.4,0.523,0.289,0.116,4.2,8.9,6.6,13.7,1.9,1.2,15.3,17.2,0.0,0.4,0.4,0.049,-3.1,0.2,-2.9,-0.1,0.0,2021
377,Jerome Robinson,17.9,1.6,5.6,0.295,0.6,2.5,0.262,1.0,3.1,0.321,0.353,0.9,1.2,0.8,0.2,2.0,2.2,1.5,0.7,0.4,1.1,1.8,4.9,0.0,0.0,1010.0,0.0,0.0,0.0,0.0,0.0,0.0,0.0,0.0,0.0,0.0,0.0,0.0,0.0,17.0,6.0,305.0,28.0,95.0,0.295,11.0,42.0,0.262,17.0,53.0,0.321,0.353,16.0,20.0,0.8,4.0,34.0,38.0,25.0,12.0,6.0,19.0,31.0,83.0,0.0,4.1,0.4,0.442,0.211,1.4,11.8,6.6,10.2,1.8,1.6,15.5,16.7,-0.7,0.3,-0.4,-0.057,-6.9,-0.1,-7.0,-0.4,0.0,2021
378,Langston Galloway,11.0,1.7,3.7,0.449,0.9,2.1,0.424,0.8,1.6,0.484,0.571,0.6,0.6,0.957,0.2,0.9,1.1,0.7,0.2,0.0,0.3,0.6,4.8,0.0,0.0,1010.0,0.0,0.0,0.0,0.0,0.0,0.0,0.0,0.0,0.0,0.0,0.0,0.0,0.0,40.0,0.0,438.0,66.0,147.0,0.449,36.0,85.0,0.424,30.0,62.0,0.484,0.571,22.0,23.0,0.957,7.0,35.0,42.0,26.0,8.0,0.0,13.0,25.0,190.0,0.0,12.1,0.605,0.578,0.156,1.8,8.9,5.4,8.0,0.9,0.0,7.6,17.3,0.6,0.3,0.9,0.096,-0.1,-0.8,-0.9,0.1,0.0,2021
379,Wesley Matthews,19.5,1.5,4.3,0.353,1.1,3.4,0.335,0.4,0.9,0.418,0.484,0.6,0.7,0.854,0.3,1.3,1.6,0.9,0.7,0.3,0.4,1.4,4.8,0.0,0.0,1010.0,0.0,0.0,0.0,0.0,0.0,0.0,0.0,0.0,0.0,0.0,0.0,0.0,0.0,58.0,10.0,1130.0,89.0,252.0,0.353,66.0,197.0,0.335,23.0,55.0,0.418,0.484,35.0,41.0,0.854,20.0,73.0,93.0,54.0,38.0,17.0,26.0,80.0,279.0,0.0,7.2,0.517,0.782,0.163,2.0,7.2,4.6,6.3,1.6,1.3,8.8,11.4,0.2,1.5,1.7,0.073,-3.1,1.4,-1.7,0.1,0.0,2021
380,Gabe Vincent,13.1,1.8,4.7,0.378,0.9,3.0,0.309,0.8,1.7,0.5,0.476,0.4,0.5,0.87,0.2,0.9,1.1,1.3,0.4,0.0,0.7,1.6,4.8,0.0,0.0,1010.0,0.0,0.0,0.0,0.0,0.0,0.0,0.0,0.0,0.0,0.0,0.0,0.0,0.0,50.0,7.0,655.0,88.0,233.0,0.378,46.0,149.0,0.309,42.0,84.0,0.5,0.476,20.0,23.0,0.87,10.0,46.0,56.0,67.0,21.0,2.0,34.0,79.0,242.0,0.0,7.6,0.498,0.639,0.099,1.8,7.9,4.9,15.1,1.6,0.3,12.3,19.1,-0.4,0.5,0.2,0.011,-4.5,-0.9,-5.4,-0.6,0.0,2021
381,Damian Jones,14.0,1.8,2.6,0.68,0.0,0.1,0.2,1.8,2.5,0.704,0.684,1.1,1.5,0.724,0.9,2.2,3.1,0.7,0.3,0.7,0.7,2.0,4.7,0.0,0.0,1010.0,0.0,0.0,0.0,0.0,0.0,0.0,0.0,0.0,0.0,0.0,0.0,0.0,0.0,39.0,10.0,547.0,70.0,103.0,0.68,1.0,5.0,0.2,69.0,98.0,0.704,0.684,42.0,58.0,0.724,36.0,85.0,121.0,29.0,11.0,29.0,26.0,77.0,183.0,0.0,14.6,0.712,0.049,0.563,7.3,17.4,12.3,7.0,1.0,4.6,16.8,12.3,1.0,0.5,1.6,0.138,-2.2,0.8,-1.4,0.1,0.0,2021
382,Troy Brown Jr.,15.4,1.8,4.2,0.431,0.6,2.1,0.314,1.2,2.2,0.541,0.507,0.4,0.6,0.714,0.6,2.5,3.1,0.9,0.3,0.2,0.6,1.4,4.7,0.0,0.0,1010.0,0.0,0.0,0.0,0.0,0.0,0.0,0.0,0.0,0.0,0.0,0.0,0.0,0.0,34.0,0.0,524.0,62.0,144.0,0.431,22.0,70.0,0.314,40.0,74.0,0.541,0.507,15.0,21.0,0.714,20.0,85.0,105.0,29.0,10.0,6.0,21.0,49.0,161.0,0.0,8.5,0.525,0.486,0.146,4.2,17.4,10.8,7.2,0.9,1.0,12.1,14.0,0.0,0.5,0.5,0.043,-3.3,-0.6,-4.0,-0.3,0.0,2021
383,Boban Marjanović,8.2,1.9,3.7,0.508,0.0,0.2,0.125,1.8,3.5,0.535,0.512,0.9,1.2,0.816,1.4,2.5,3.9,0.3,0.1,0.2,0.4,0.9,4.7,0.0,0.0,1010.0,0.0,0.0,0.0,0.0,0.0,0.0,0.0,0.0,0.0,0.0,0.0,0.0,0.0,33.0,3.0,271.0,62.0,122.0,0.508,1.0,8.0,0.125,61.0,114.0,0.535,0.512,31.0,38.0,0.816,47.0,81.0,128.0,10.0,2.0,6.0,12.0,29.0,156.0,0.0,22.6,0.562,0.066,0.311,19.3,32.7,26.0,5.9,0.4,2.1,8.0,24.6,0.7,0.3,1.0,0.183,1.9,-2.6,-0.8,0.1,0.0,2021
384,Aaron Nesmith,14.5,1.7,3.9,0.438,0.9,2.3,0.37,0.8,1.5,0.543,0.551,0.5,0.6,0.786,0.6,2.2,2.8,0.5,0.3,0.2,0.5,1.9,4.7,0.0,0.0,1010.0,0.0,0.0,0.0,0.0,0.0,0.0,0.0,0.0,0.0,0.0,0.0,0.0,0.0,46.0,1.0,669.0,78.0,178.0,0.438,40.0,108.0,0.37,38.0,70.0,0.543,0.551,22.0,28.0,0.786,28.0,99.0,127.0,23.0,15.0,9.0,23.0,87.0,218.0,0.0,9.4,0.573,0.607,0.157,4.6,16.6,10.6,4.6,1.1,1.3,10.8,13.7,0.5,0.6,1.1,0.076,-2.8,-0.4,-3.2,-0.2,0.0,2021
385,Grant Williams,18.1,1.7,3.9,0.437,0.8,2.0,0.372,1.0,1.9,0.508,0.534,0.5,0.8,0.588,0.8,2.1,2.8,1.0,0.5,0.4,0.9,2.6,4.7,0.0,0.0,1010.0,0.0,0.0,0.0,0.0,0.0,0.0,0.0,0.0,0.0,0.0,0.0,0.0,0.0,63.0,9.0,1138.0,108.0,247.0,0.437,48.0,129.0,0.372,60.0,118.0,0.508,0.534,30.0,51.0,0.588,48.0,130.0,178.0,64.0,32.0,24.0,56.0,161.0,294.0,0.0,7.5,0.546,0.522,0.206,4.7,12.8,8.7,7.4,1.4,2.0,17.2,12.3,0.1,1.0,1.1,0.046,-4.0,0.3,-3.7,-0.5,0.0,2021
386,Nassir Little,13.3,1.6,3.5,0.467,0.6,1.7,0.35,1.0,1.8,0.575,0.551,0.8,0.9,0.8,0.7,2.0,2.7,0.5,0.1,0.3,0.4,1.1,4.6,0.0,0.0,1010.0,0.0,0.0,0.0,0.0,0.0,0.0,0.0,0.0,0.0,0.0,0.0,0.0,0.0,48.0,2.0,640.0,78.0,167.0,0.467,28.0,80.0,0.35,50.0,87.0,0.575,0.551,36.0,45.0,0.8,32.0,96.0,128.0,23.0,5.0,13.0,18.0,51.0,220.0,0.0,11.6,0.589,0.479,0.269,5.2,16.5,10.7,4.9,0.4,1.8,8.8,13.8,0.9,0.2,1.1,0.082,-1.1,-1.6,-2.7,-0.1,0.0,2021
387,Semi Ojeleye,17.0,1.6,3.9,0.403,1.0,2.8,0.367,0.6,1.1,0.492,0.534,0.4,0.6,0.75,0.6,2.1,2.6,0.7,0.3,0.0,0.4,1.0,4.6,0.0,0.0,1010.0,0.0,0.0,0.0,0.0,0.0,0.0,0.0,0.0,0.0,0.0,0.0,0.0,0.0,56.0,15.0,950.0,89.0,221.0,0.403,58.0,158.0,0.367,31.0,63.0,0.492,0.534,24.0,32.0,0.75,31.0,116.0,147.0,37.0,17.0,0.0,21.0,56.0,260.0,0.0,8.3,0.553,0.715,0.145,3.6,13.7,8.6,5.1,0.9,0.0,8.2,11.6,0.7,0.6,1.2,0.063,-1.7,-0.7,-2.4,-0.1,0.0,2021
388,Onyeka Okongwu,12.0,1.9,3.0,0.644,0.0,0.1,0.0,1.9,2.9,0.658,0.644,0.7,1.1,0.632,1.2,2.0,3.3,0.4,0.5,0.7,0.6,2.0,4.6,0.0,0.0,1010.0,0.0,0.0,0.0,0.0,0.0,0.0,0.0,0.0,0.0,0.0,0.0,0.0,0.0,50.0,4.0,601.0,96.0,149.0,0.644,0.0,3.0,0.0,96.0,146.0,0.658,0.644,36.0,57.0,0.632,62.0,101.0,163.0,18.0,23.0,33.0,29.0,100.0,228.0,0.0,16.8,0.655,0.02,0.383,11.5,18.0,14.9,4.4,1.9,4.8,14.3,14.7,1.1,0.8,1.9,0.155,-2.2,0.8,-1.4,0.1,0.0,2021
389,JaKarr Sampson,10.9,1.9,3.9,0.496,0.1,0.5,0.2,1.8,3.4,0.541,0.509,0.7,1.0,0.655,0.9,1.7,2.7,0.1,0.1,0.5,0.5,1.8,4.6,0.0,0.0,1010.0,0.0,0.0,0.0,0.0,0.0,0.0,0.0,0.0,0.0,0.0,0.0,0.0,0.0,29.0,4.0,316.0,56.0,113.0,0.496,3.0,15.0,0.2,53.0,98.0,0.541,0.509,19.0,29.0,0.655,27.0,50.0,77.0,4.0,2.0,14.0,15.0,52.0,134.0,0.0,10.9,0.533,0.133,0.257,9.3,17.1,13.2,1.8,0.3,3.6,10.7,19.0,0.0,0.3,0.3,0.044,-5.2,-2.3,-7.5,-0.4,0.0,2021
390,Rodney Hood,17.1,1.7,4.7,0.362,0.6,2.1,0.301,1.1,2.7,0.408,0.427,0.4,0.5,0.857,0.4,1.5,1.9,1.0,0.4,0.1,0.7,1.3,4.5,0.0,0.0,1010.0,0.0,0.0,0.0,0.0,0.0,0.0,0.0,0.0,0.0,0.0,0.0,0.0,0.0,55.0,5.0,942.0,94.0,260.0,0.362,34.0,113.0,0.301,60.0,147.0,0.408,0.427,24.0,28.0,0.857,23.0,80.0,103.0,53.0,24.0,7.0,36.0,74.0,246.0,0.0,5.6,0.452,0.435,0.108,2.6,9.4,5.9,7.5,1.2,0.7,11.7,14.1,-0.7,0.3,-0.4,-0.019,-4.9,-1.4,-6.4,-1.0,0.0,2021
391,Solomon Hill,21.3,1.5,4.2,0.359,1.0,3.0,0.321,0.5,1.2,0.453,0.473,0.5,0.6,0.761,0.6,2.4,3.0,1.1,0.7,0.2,0.6,1.6,4.5,0.0,0.0,1010.0,0.0,0.0,0.0,0.0,0.0,0.0,0.0,0.0,0.0,0.0,0.0,0.0,0.0,71.0,16.0,1513.0,107.0,298.0,0.359,68.0,212.0,0.321,39.0,86.0,0.453,0.473,35.0,46.0,0.761,42.0,172.0,214.0,75.0,50.0,11.0,42.0,116.0,317.0,0.0,6.7,0.498,0.711,0.154,3.1,12.2,7.7,6.4,1.6,0.6,11.7,10.4,0.1,1.2,1.3,0.04,-3.0,0.5,-2.5,-0.2,0.0,2021
392,Kelan Martin,9.2,1.8,3.9,0.449,0.7,1.7,0.4,1.1,2.2,0.487,0.536,0.3,0.3,0.9,0.5,1.7,2.2,0.5,0.3,0.3,0.5,1.0,4.5,0.0,0.0,1010.0,0.0,0.0,0.0,0.0,0.0,0.0,0.0,0.0,0.0,0.0,0.0,0.0,0.0,35.0,0.0,322.0,62.0,138.0,0.449,24.0,60.0,0.4,38.0,78.0,0.487,0.536,9.0,10.0,0.9,18.0,60.0,78.0,17.0,10.0,10.0,16.0,35.0,157.0,0.0,13.9,0.551,0.435,0.072,6.1,20.1,13.1,7.5,1.5,2.5,10.1,20.9,0.1,0.4,0.4,0.066,-1.1,-1.3,-2.4,0.0,0.0,2021
393,Al-Farouq Aminu,18.9,1.7,4.3,0.384,0.3,1.6,0.216,1.3,2.7,0.484,0.424,0.8,1.0,0.818,1.0,3.8,4.8,1.3,0.8,0.4,1.2,1.3,4.4,0.0,0.0,1010.0,0.0,0.0,0.0,0.0,0.0,0.0,0.0,0.0,0.0,0.0,0.0,0.0,0.0,23.0,14.0,434.0,38.0,99.0,0.384,8.0,37.0,0.216,30.0,62.0,0.484,0.424,18.0,22.0,0.818,22.0,88.0,110.0,31.0,19.0,9.0,28.0,29.0,102.0,0.0,8.9,0.469,0.374,0.222,5.1,21.9,13.3,10.1,2.1,1.9,20.5,13.6,-0.4,0.5,0.1,0.01,-4.9,1.1,-3.8,-0.2,0.0,2021
394,Charlie Brown Jr.,16.9,1.4,4.8,0.302,0.6,2.3,0.238,0.9,2.4,0.364,0.36,1.0,1.1,0.9,0.3,1.6,1.9,1.0,0.4,0.2,0.7,2.1,4.4,0.0,0.0,1010.0,0.0,0.0,0.0,0.0,0.0,0.0,0.0,0.0,0.0,0.0,0.0,0.0,0.0,9.0,1.0,152.0,13.0,43.0,0.302,5.0,21.0,0.238,8.0,22.0,0.364,0.36,9.0,10.0,0.9,3.0,14.0,17.0,9.0,4.0,2.0,6.0,19.0,40.0,0.0,4.1,0.422,0.488,0.233,2.0,9.7,5.8,8.2,1.3,1.2,11.2,14.9,-0.2,0.1,-0.1,-0.032,-7.4,-1.3,-8.7,-0.3,0.0,2021
395,Andre Iguodala,21.3,1.5,3.9,0.383,1.0,2.9,0.33,0.6,1.0,0.53,0.504,0.4,0.6,0.658,0.6,2.9,3.5,2.3,0.9,0.6,1.1,1.4,4.4,0.0,0.0,1010.0,0.0,0.0,0.0,0.0,0.0,0.0,0.0,0.0,0.0,0.0,0.0,0.0,0.0,63.0,5.0,1339.0,95.0,248.0,0.383,60.0,182.0,0.33,35.0,66.0,0.53,0.504,25.0,38.0,0.658,38.0,183.0,221.0,142.0,57.0,35.0,67.0,90.0,275.0,0.0,9.2,0.519,0.734,0.153,3.3,15.4,9.4,14.3,2.1,2.7,20.2,11.2,-0.1,1.8,1.7,0.062,-2.2,1.8,-0.4,0.5,0.0,2021
396,Stanley Johnson,16.5,1.5,3.8,0.382,0.7,2.2,0.328,0.7,1.6,0.458,0.479,0.7,0.9,0.8,0.5,2.0,2.5,1.5,0.9,0.3,0.9,1.9,4.4,0.0,0.0,1010.0,0.0,0.0,0.0,0.0,0.0,0.0,0.0,0.0,0.0,0.0,0.0,0.0,0.0,61.0,13.0,1006.0,89.0,233.0,0.382,45.0,137.0,0.328,44.0,96.0,0.458,0.479,44.0,55.0,0.8,29.0,124.0,153.0,89.0,52.0,18.0,54.0,116.0,267.0,0.0,8.8,0.519,0.588,0.236,3.1,14.1,8.4,12.0,2.5,1.8,17.4,13.4,-0.1,1.1,1.0,0.048,-3.8,1.2,-2.5,-0.1,0.0,2021
397,Yuta Watanabe,14.5,1.6,3.6,0.439,0.7,1.8,0.4,0.9,1.8,0.478,0.539,0.5,0.6,0.828,0.7,2.5,3.2,0.8,0.5,0.4,0.4,1.1,4.4,0.0,0.0,1010.0,0.0,0.0,0.0,0.0,0.0,0.0,0.0,0.0,0.0,0.0,0.0,0.0,0.0,50.0,4.0,723.0,79.0,180.0,0.439,36.0,90.0,0.4,43.0,90.0,0.478,0.539,24.0,29.0,0.828,36.0,123.0,159.0,40.0,26.0,19.0,19.0,57.0,218.0,0.0,12.2,0.565,0.5,0.161,5.3,19.4,12.1,7.7,1.7,2.6,9.0,12.7,0.7,0.8,1.5,0.102,-1.1,0.5,-0.7,0.2,0.0,2021
398,Chandler Hutchison,13.8,1.6,4.1,0.379,0.3,0.9,0.364,1.2,3.2,0.383,0.417,0.8,1.0,0.84,0.2,2.9,3.1,0.7,0.5,0.2,0.8,1.3,4.3,0.0,0.0,1010.0,0.0,0.0,0.0,0.0,0.0,0.0,0.0,0.0,0.0,0.0,0.0,0.0,0.0,25.0,1.0,346.0,39.0,103.0,0.379,8.0,22.0,0.364,31.0,81.0,0.383,0.417,21.0,25.0,0.84,6.0,72.0,78.0,17.0,12.0,5.0,20.0,33.0,107.0,0.0,6.8,0.469,0.214,0.243,1.9,22.2,12.1,6.3,1.6,1.2,14.9,16.2,-0.5,0.4,-0.1,-0.007,-5.7,0.2,-5.6,-0.3,0.0,2021
399,Devin Cannady,9.3,1.4,3.5,0.393,0.8,2.0,0.375,0.6,1.5,0.417,0.5,0.8,0.9,0.857,0.0,0.6,0.6,0.1,0.6,0.1,0.3,1.1,4.3,0.0,0.0,1010.0,0.0,0.0,0.0,0.0,0.0,0.0,0.0,0.0,0.0,0.0,0.0,0.0,0.0,8.0,0.0,74.0,11.0,28.0,0.393,6.0,16.0,0.375,5.0,12.0,0.417,0.5,6.0,7.0,0.857,0.0,5.0,5.0,1.0,5.0,1.0,2.0,9.0,34.0,0.0,11.2,0.547,0.571,0.25,0.0,7.3,3.5,2.1,3.3,1.2,6.0,19.3,0.0,0.1,0.1,0.057,-4.0,1.0,-3.1,0.0,0.0,2021
400,John Konchar,13.4,1.6,3.2,0.5,0.5,1.3,0.375,1.1,1.9,0.585,0.576,0.6,0.7,0.833,0.8,2.2,3.0,1.1,0.7,0.2,0.4,0.9,4.3,0.0,0.0,1010.0,0.0,0.0,0.0,0.0,0.0,0.0,0.0,0.0,0.0,0.0,0.0,0.0,0.0,43.0,0.0,575.0,69.0,138.0,0.5,21.0,56.0,0.375,48.0,82.0,0.585,0.576,25.0,30.0,0.833,35.0,93.0,128.0,47.0,30.0,9.0,18.0,40.0,184.0,0.0,14.8,0.608,0.406,0.217,6.4,17.3,11.8,10.7,2.5,1.4,10.6,12.4,0.9,0.8,1.7,0.145,-0.2,1.4,1.2,0.5,0.0,2021
401,Mike Scott,16.7,1.5,4.1,0.36,1.0,3.0,0.342,0.5,1.1,0.411,0.486,0.2,0.2,0.667,0.2,2.1,2.4,0.8,0.5,0.3,0.4,1.4,4.2,0.0,0.0,1010.0,0.0,0.0,0.0,0.0,0.0,0.0,0.0,0.0,0.0,0.0,0.0,0.0,0.0,51.0,12.0,852.0,76.0,211.0,0.36,53.0,155.0,0.342,23.0,56.0,0.411,0.486,8.0,12.0,0.667,11.0,109.0,120.0,40.0,24.0,14.0,19.0,72.0,213.0,0.0,6.8,0.492,0.735,0.057,1.4,13.8,7.8,6.1,1.4,1.5,8.1,11.9,-0.1,1.1,1.0,0.058,-3.2,0.3,-2.8,-0.2,0.0,2021
402,DaQuan Jeffries,15.9,1.6,3.9,0.417,0.6,2.2,0.299,1.0,1.7,0.566,0.5,0.2,0.3,0.875,0.6,1.7,2.3,0.7,0.5,0.3,0.5,1.5,4.1,0.0,0.0,1010.0,0.0,0.0,0.0,0.0,0.0,0.0,0.0,0.0,0.0,0.0,0.0,0.0,0.0,31.0,5.0,493.0,50.0,120.0,0.417,20.0,67.0,0.299,30.0,53.0,0.566,0.5,7.0,8.0,0.875,19.0,52.0,71.0,22.0,15.0,10.0,14.0,48.0,127.0,0.0,7.9,0.514,0.558,0.067,4.1,11.8,7.8,6.1,1.4,1.8,10.2,11.9,0.0,0.2,0.3,0.027,-3.6,-1.1,-4.7,-0.3,0.0,2021
403,Jevon Carter,12.0,1.6,3.7,0.422,0.9,2.5,0.371,0.6,1.2,0.528,0.547,0.1,0.1,0.571,0.3,1.3,1.5,1.2,0.5,0.2,0.3,0.9,4.1,0.0,0.0,1010.0,0.0,0.0,0.0,0.0,0.0,0.0,0.0,0.0,0.0,0.0,0.0,0.0,0.0,60.0,1.0,717.0,94.0,223.0,0.422,56.0,151.0,0.371,38.0,72.0,0.528,0.547,4.0,7.0,0.571,16.0,76.0,92.0,71.0,29.0,9.0,16.0,56.0,248.0,0.0,12.2,0.548,0.677,0.031,2.6,11.8,7.3,13.0,2.0,1.1,6.6,15.0,0.7,0.8,1.6,0.104,-0.4,0.9,0.5,0.5,0.0,2021
404,Josh Hall,16.0,1.4,4.7,0.303,0.2,1.8,0.108,1.2,3.0,0.419,0.323,1.0,2.1,0.5,0.3,2.5,2.8,1.3,0.2,0.0,1.2,1.8,4.1,0.0,0.0,1010.0,0.0,0.0,0.0,0.0,0.0,0.0,0.0,0.0,0.0,0.0,0.0,0.0,0.0,21.0,1.0,336.0,30.0,99.0,0.303,4.0,37.0,0.108,26.0,62.0,0.419,0.323,22.0,44.0,0.5,6.0,53.0,59.0,28.0,4.0,1.0,25.0,37.0,86.0,0.0,1.0,0.363,0.374,0.444,1.8,16.6,9.1,11.6,0.6,0.3,17.4,18.1,-1.1,0.2,-0.9,-0.126,-9.7,-2.2,-11.9,-0.8,0.0,2021
405,Kevon Looney,19.0,1.8,3.2,0.548,0.1,0.3,0.235,1.7,3.0,0.578,0.558,0.5,0.8,0.646,1.9,3.4,5.3,2.0,0.3,0.4,0.6,2.2,4.1,0.0,0.0,1010.0,0.0,0.0,0.0,0.0,0.0,0.0,0.0,0.0,0.0,0.0,0.0,0.0,0.0,61.0,34.0,1161.0,108.0,197.0,0.548,4.0,17.0,0.235,104.0,180.0,0.578,0.558,31.0,48.0,0.646,117.0,205.0,322.0,119.0,21.0,22.0,37.0,136.0,251.0,0.0,11.9,0.575,0.086,0.244,10.9,18.6,14.8,13.4,0.8,1.7,14.5,9.4,2.0,1.4,3.4,0.139,-1.8,1.0,-0.9,0.3,0.0,2021
406,Nico Mannion,12.1,1.3,3.8,0.342,0.7,2.0,0.367,0.6,1.8,0.315,0.439,0.8,0.9,0.821,0.2,1.3,1.5,2.3,0.5,0.0,1.0,1.0,4.1,0.0,0.0,1010.0,0.0,0.0,0.0,0.0,0.0,0.0,0.0,0.0,0.0,0.0,0.0,0.0,0.0,30.0,1.0,364.0,39.0,114.0,0.342,22.0,60.0,0.367,17.0,54.0,0.315,0.439,23.0,28.0,0.821,6.0,40.0,46.0,70.0,16.0,1.0,31.0,29.0,123.0,0.0,9.3,0.487,0.526,0.246,1.8,11.5,6.7,25.6,2.1,0.2,19.7,18.5,-0.2,0.4,0.2,0.029,-3.4,-0.5,-3.9,-0.2,0.0,2021
407,Darius Miller,10.9,1.2,2.7,0.458,0.9,2.3,0.405,0.3,0.3,0.833,0.635,0.7,0.7,1.0,0.1,1.2,1.3,1.2,0.7,0.3,0.4,0.7,4.1,0.0,0.0,1010.0,0.0,0.0,0.0,0.0,0.0,0.0,0.0,0.0,0.0,0.0,0.0,0.0,0.0,18.0,0.0,197.0,22.0,48.0,0.458,17.0,42.0,0.405,5.0,6.0,0.833,0.635,12.0,12.0,1.0,2.0,22.0,24.0,21.0,13.0,5.0,8.0,13.0,73.0,0.0,15.9,0.685,0.875,0.25,1.0,11.8,6.3,15.4,3.1,2.3,13.1,13.2,0.4,0.2,0.6,0.156,0.8,2.7,3.6,0.3,0.0,2021
408,Lamar Stevens,12.5,1.6,3.4,0.456,0.1,0.6,0.16,1.5,2.8,0.523,0.471,0.9,1.3,0.725,0.6,1.8,2.4,0.6,0.4,0.3,0.6,1.3,4.1,0.0,0.0,1010.0,0.0,0.0,0.0,0.0,0.0,0.0,0.0,0.0,0.0,0.0,0.0,0.0,0.0,40.0,0.0,499.0,62.0,136.0,0.456,4.0,25.0,0.16,58.0,111.0,0.523,0.471,37.0,51.0,0.725,24.0,72.0,96.0,25.0,17.0,13.0,23.0,53.0,165.0,0.0,10.5,0.521,0.184,0.375,5.3,16.6,10.8,7.4,1.7,2.3,12.7,15.8,0.0,0.5,0.4,0.043,-4.2,0.0,-4.2,-0.3,0.0,2021
409,Obi Toppin,11.0,1.7,3.4,0.498,0.4,1.4,0.306,1.3,2.0,0.629,0.56,0.3,0.4,0.731,0.4,1.8,2.2,0.5,0.3,0.2,0.4,0.9,4.1,0.0,0.0,1010.0,0.0,0.0,0.0,0.0,0.0,0.0,0.0,0.0,0.0,0.0,0.0,0.0,0.0,62.0,0.0,683.0,104.0,209.0,0.498,26.0,85.0,0.306,78.0,124.0,0.629,0.56,19.0,26.0,0.731,26.0,112.0,138.0,29.0,17.0,15.0,23.0,55.0,253.0,0.0,12.7,0.574,0.407,0.124,4.2,17.6,11.0,6.4,1.2,2.1,9.4,15.9,0.5,1.0,1.5,0.109,-1.4,0.7,-0.7,0.2,0.0,2021
410,Paul Watson,11.0,1.4,3.0,0.463,1.1,2.4,0.469,0.3,0.7,0.444,0.646,0.2,0.3,0.625,0.1,1.5,1.7,0.6,0.2,0.1,0.3,1.3,4.1,0.0,0.0,1010.0,0.0,0.0,0.0,0.0,0.0,0.0,0.0,0.0,0.0,0.0,0.0,0.0,0.0,27.0,2.0,297.0,38.0,82.0,0.463,30.0,64.0,0.469,8.0,18.0,0.444,0.646,5.0,8.0,0.625,4.0,41.0,45.0,17.0,6.0,3.0,9.0,36.0,111.0,0.0,10.9,0.649,0.78,0.098,1.4,15.7,8.3,8.2,1.0,1.0,9.5,13.7,0.4,0.2,0.6,0.096,-0.8,-0.6,-1.3,0.1,0.0,2021
411,Jordan Bone,14.0,1.6,3.9,0.426,0.7,2.3,0.313,0.9,1.6,0.591,0.519,0.0,0.0,0.0,0.3,1.4,1.7,1.3,0.1,0.0,0.2,0.8,4.0,0.0,0.0,1010.0,0.0,0.0,0.0,0.0,0.0,0.0,0.0,0.0,0.0,0.0,0.0,0.0,0.0,14.0,0.0,196.0,23.0,54.0,0.426,10.0,32.0,0.313,13.0,22.0,0.591,0.519,0.0,0.0,0.0,4.0,20.0,24.0,18.0,2.0,0.0,3.0,11.0,56.0,0.0,8.9,0.519,0.593,0.0,2.0,11.0,6.4,13.6,0.5,0.0,5.3,12.6,0.1,0.1,0.2,0.045,-3.0,-1.2,-4.2,-0.1,0.0,2021
412,Chris Chiozza,10.5,1.4,4.0,0.352,0.6,1.9,0.31,0.8,2.1,0.391,0.426,0.6,0.8,0.765,0.1,1.0,1.1,3.0,0.3,0.3,0.7,0.9,4.0,0.0,0.0,1010.0,0.0,0.0,0.0,0.0,0.0,0.0,0.0,0.0,0.0,0.0,0.0,0.0,0.0,22.0,1.0,232.0,31.0,88.0,0.352,13.0,42.0,0.31,18.0,46.0,0.391,0.426,13.0,17.0,0.765,3.0,21.0,24.0,65.0,7.0,6.0,16.0,19.0,88.0,0.0,12.9,0.461,0.477,0.193,1.5,9.5,5.7,36.9,1.5,2.3,14.4,21.0,0.1,0.2,0.3,0.063,-0.1,-0.6,-0.7,0.1,0.0,2021
413,Carsen Edwards,8.9,1.5,3.6,0.423,0.6,2.0,0.286,0.9,1.5,0.604,0.505,0.4,0.4,0.846,0.1,0.7,0.8,0.5,0.2,0.0,0.2,0.8,4.0,0.0,0.0,1010.0,0.0,0.0,0.0,0.0,0.0,0.0,0.0,0.0,0.0,0.0,0.0,0.0,0.0,31.0,1.0,276.0,47.0,111.0,0.423,18.0,63.0,0.286,29.0,48.0,0.604,0.505,11.0,13.0,0.846,3.0,23.0,26.0,14.0,7.0,1.0,7.0,25.0,123.0,0.0,10.2,0.527,0.568,0.117,1.2,9.4,5.2,7.4,1.2,0.3,5.7,19.3,0.1,0.2,0.3,0.051,-3.2,-1.3,-4.5,-0.2,0.0,2021
414,Udonis Haslem,3.0,2.0,2.0,1.0,0.0,0.0,0.0,2.0,2.0,1.0,1.0,0.0,0.0,0.0,0.0,1.0,1.0,0.0,0.0,0.0,0.0,0.0,4.0,0.0,0.0,1010.0,0.0,0.0,0.0,0.0,0.0,0.0,0.0,0.0,0.0,0.0,0.0,0.0,0.0,1.0,0.0,3.0,2.0,2.0,1.0,0.0,0.0,0.0,2.0,2.0,1.0,1.0,0.0,0.0,0.0,0.0,1.0,1.0,0.0,0.0,0.0,0.0,0.0,4.0,0.0,54.6,1.0,0.0,0.0,0.0,37.5,19.1,0.0,0.0,0.0,0.0,30.1,0.0,0.0,0.0,0.475,24.1,7.0,31.1,0.0,0.0,2021
415,Cody Martin,16.3,1.6,3.6,0.441,0.3,1.1,0.276,1.3,2.5,0.515,0.484,0.5,0.8,0.581,1.0,2.1,3.1,1.7,0.7,0.2,0.8,1.0,4.0,0.0,0.0,1010.0,0.0,0.0,0.0,0.0,0.0,0.0,0.0,0.0,0.0,0.0,0.0,0.0,0.0,52.0,10.0,849.0,83.0,188.0,0.441,16.0,58.0,0.276,67.0,130.0,0.515,0.484,25.0,43.0,0.581,52.0,109.0,161.0,86.0,37.0,12.0,40.0,52.0,207.0,0.0,10.6,0.5,0.309,0.229,6.5,14.1,10.3,13.9,2.1,1.4,16.2,12.5,0.2,0.9,1.1,0.061,-2.7,0.7,-2.0,0.0,0.0,2021
416,Brodric Thomas,12.5,1.2,3.4,0.361,0.5,1.8,0.271,0.7,1.5,0.469,0.435,1.0,1.4,0.674,0.3,1.4,1.7,0.9,0.5,0.3,0.7,1.3,3.9,0.0,0.0,1010.0,0.0,0.0,0.0,0.0,0.0,0.0,0.0,0.0,0.0,0.0,0.0,0.0,0.0,32.0,1.0,399.0,39.0,108.0,0.361,16.0,59.0,0.271,23.0,49.0,0.469,0.435,31.0,46.0,0.674,8.0,45.0,53.0,30.0,15.0,10.0,22.0,40.0,125.0,0.0,8.0,0.487,0.546,0.426,2.2,12.9,7.4,10.7,1.8,2.2,14.6,16.4,-0.3,0.3,0.1,0.006,-4.7,0.3,-4.4,-0.2,0.0,2021
417,Justin James,8.6,1.4,3.1,0.468,0.4,1.1,0.368,1.1,2.0,0.521,0.532,0.6,1.0,0.583,0.3,0.6,0.8,0.6,0.2,0.1,0.4,0.6,3.9,0.0,0.0,1010.0,0.0,0.0,0.0,0.0,0.0,0.0,0.0,0.0,0.0,0.0,0.0,0.0,0.0,36.0,0.0,310.0,52.0,111.0,0.468,14.0,38.0,0.368,38.0,73.0,0.521,0.532,21.0,36.0,0.583,9.0,21.0,30.0,22.0,8.0,3.0,15.0,23.0,139.0,0.0,11.3,0.548,0.342,0.324,3.2,7.6,5.4,9.9,1.2,0.8,10.6,19.7,0.1,0.0,0.1,0.02,-2.0,-2.3,-4.3,-0.2,0.0,2021
418,Kevin Knox,11.0,1.3,3.4,0.392,0.8,2.1,0.393,0.5,1.3,0.389,0.514,0.4,0.5,0.8,0.2,1.2,1.5,0.5,0.3,0.1,0.4,0.9,3.9,0.0,0.0,1010.0,0.0,0.0,0.0,0.0,0.0,0.0,0.0,0.0,0.0,0.0,0.0,0.0,0.0,42.0,0.0,464.0,56.0,143.0,0.392,35.0,89.0,0.393,21.0,54.0,0.389,0.514,16.0,20.0,0.8,10.0,51.0,61.0,19.0,12.0,6.0,17.0,37.0,163.0,0.0,9.1,0.537,0.622,0.14,2.4,11.8,7.1,5.9,1.3,1.2,10.1,16.2,0.0,0.6,0.6,0.065,-1.7,0.4,-1.4,0.1,0.0,2021
419,Matisse Thybulle,20.0,1.6,3.7,0.42,0.7,2.2,0.301,0.9,1.5,0.59,0.508,0.1,0.3,0.444,0.5,1.4,1.9,1.0,1.6,1.1,0.5,2.0,3.9,0.0,0.0,1010.0,0.0,0.0,0.0,0.0,0.0,0.0,0.0,0.0,0.0,0.0,0.0,0.0,0.0,65.0,8.0,1298.0,102.0,243.0,0.42,43.0,143.0,0.301,59.0,100.0,0.59,0.508,8.0,18.0,0.444,30.0,94.0,124.0,63.0,105.0,71.0,32.0,127.0,255.0,0.0,10.1,0.508,0.588,0.074,2.6,7.8,5.3,6.3,3.9,4.9,11.3,9.4,0.1,2.7,2.8,0.102,-2.6,4.5,1.9,1.3,0.0,2021
420,Dante Exum,19.3,1.7,4.3,0.385,0.3,1.8,0.182,1.3,2.5,0.533,0.423,0.2,0.3,0.5,0.3,2.5,2.8,2.2,0.7,0.3,1.2,1.5,3.8,0.0,0.0,1010.0,0.0,0.0,0.0,0.0,0.0,0.0,0.0,0.0,0.0,0.0,0.0,0.0,0.0,6.0,3.0,116.0,10.0,26.0,0.385,2.0,11.0,0.182,8.0,15.0,0.533,0.423,1.0,2.0,0.5,2.0,15.0,17.0,13.0,4.0,2.0,7.0,9.0,23.0,0.0,5.9,0.428,0.423,0.077,1.9,14.8,8.2,15.8,1.7,1.5,20.7,12.7,-0.2,0.1,-0.1,-0.025,-5.4,1.6,-3.8,-0.1,0.0,2021
421,Ersan İlyasova,8.7,1.2,3.2,0.389,1.1,2.4,0.439,0.2,0.8,0.231,0.556,0.3,0.3,1.0,0.4,1.3,1.7,0.2,0.6,0.2,0.5,1.7,3.8,0.0,0.0,1010.0,0.0,0.0,0.0,0.0,0.0,0.0,0.0,0.0,0.0,0.0,0.0,0.0,0.0,17.0,1.0,148.0,21.0,54.0,0.389,18.0,41.0,0.439,3.0,13.0,0.231,0.556,5.0,5.0,1.0,7.0,22.0,29.0,4.0,10.0,3.0,8.0,29.0,65.0,0.0,12.1,0.578,0.759,0.093,5.3,15.1,10.4,3.8,3.3,1.6,12.5,18.7,0.1,0.3,0.4,0.122,-2.5,1.7,-0.9,0.0,0.0,2021
422,Nathan Knight,8.5,1.1,3.0,0.37,0.2,1.0,0.182,0.9,2.0,0.463,0.4,1.3,1.7,0.8,0.8,1.4,2.2,0.2,0.3,0.3,0.5,0.7,3.8,0.0,0.0,1010.0,0.0,0.0,0.0,0.0,0.0,0.0,0.0,0.0,0.0,0.0,0.0,0.0,0.0,33.0,0.0,279.0,37.0,100.0,0.37,6.0,33.0,0.182,31.0,67.0,0.463,0.4,44.0,55.0,0.8,27.0,45.0,72.0,8.0,9.0,10.0,15.0,22.0,124.0,0.0,13.9,0.499,0.33,0.55,10.8,17.3,14.1,4.0,1.6,3.2,10.8,21.7,0.1,0.3,0.4,0.07,-2.6,-1.0,-3.7,-0.1,0.0,2021
423,Thon Maker,9.5,1.3,2.3,0.556,0.0,0.3,0.0,1.3,2.0,0.625,0.556,1.3,1.4,0.909,1.0,1.3,2.3,0.5,0.3,0.5,0.4,0.9,3.8,0.0,0.0,1010.0,0.0,0.0,0.0,0.0,0.0,0.0,0.0,0.0,0.0,0.0,0.0,0.0,0.0,8.0,0.0,76.0,10.0,18.0,0.556,0.0,2.0,0.0,10.0,16.0,0.625,0.556,10.0,11.0,0.909,8.0,10.0,18.0,4.0,2.0,4.0,3.0,7.0,30.0,0.0,18.6,0.657,0.111,0.611,11.5,15.1,13.3,7.9,1.3,4.7,11.6,14.8,0.2,0.1,0.3,0.174,-0.3,1.1,0.7,0.1,0.0,2021
424,Skylar Mays,8.2,1.3,3.0,0.449,0.4,1.2,0.35,0.9,1.8,0.517,0.52,0.7,0.8,0.88,0.3,0.8,1.1,0.9,0.4,0.1,0.3,0.5,3.8,0.0,0.0,1010.0,0.0,0.0,0.0,0.0,0.0,0.0,0.0,0.0,0.0,0.0,0.0,0.0,0.0,33.0,0.0,269.0,44.0,98.0,0.449,14.0,40.0,0.35,30.0,58.0,0.517,0.52,22.0,25.0,0.88,10.0,25.0,35.0,30.0,14.0,2.0,9.0,15.0,124.0,0.0,16.8,0.569,0.408,0.255,4.2,10.0,7.1,16.4,2.6,0.7,7.6,19.1,0.5,0.3,0.8,0.14,1.2,0.7,1.9,0.3,0.0,2021
425,Tremont Waters,9.2,1.3,3.2,0.405,0.6,1.5,0.395,0.7,1.8,0.413,0.494,0.6,0.7,0.941,0.2,0.6,0.8,2.4,0.6,0.0,1.0,0.7,3.8,0.0,0.0,1010.0,0.0,0.0,0.0,0.0,0.0,0.0,0.0,0.0,0.0,0.0,0.0,0.0,0.0,26.0,3.0,238.0,34.0,84.0,0.405,15.0,38.0,0.395,19.0,46.0,0.413,0.494,16.0,17.0,0.941,5.0,16.0,21.0,62.0,15.0,1.0,27.0,17.0,99.0,0.0,14.6,0.541,0.452,0.202,2.3,7.5,4.9,36.4,3.1,0.4,22.8,21.4,0.2,0.2,0.4,0.08,0.4,-0.1,0.3,0.1,0.0,2021
426,P.J. Tucker,26.1,1.3,3.4,0.373,0.8,2.3,0.336,0.5,1.1,0.448,0.486,0.4,0.5,0.75,1.0,2.9,3.9,1.2,0.8,0.4,0.8,2.4,3.7,0.0,0.0,1010.0,0.0,0.0,0.0,0.0,0.0,0.0,0.0,0.0,0.0,0.0,0.0,0.0,0.0,52.0,33.0,1356.0,66.0,177.0,0.373,40.0,119.0,0.336,26.0,58.0,0.448,0.486,21.0,28.0,0.75,51.0,153.0,204.0,61.0,39.0,20.0,40.0,125.0,193.0,0.0,5.5,0.51,0.672,0.158,3.9,12.3,8.0,5.7,1.4,1.3,17.4,7.2,0.1,0.9,1.0,0.034,-4.6,0.5,-4.1,-0.7,0.0,2021
427,Isaiah Joe,9.3,1.2,3.2,0.361,1.0,2.6,0.368,0.2,0.7,0.333,0.508,0.4,0.6,0.75,0.1,0.7,0.9,0.5,0.3,0.1,0.3,0.8,3.7,0.0,0.0,1010.0,0.0,0.0,0.0,0.0,0.0,0.0,0.0,0.0,0.0,0.0,0.0,0.0,0.0,41.0,1.0,383.0,48.0,133.0,0.361,39.0,106.0,0.368,9.0,27.0,0.333,0.508,18.0,24.0,0.75,6.0,30.0,36.0,20.0,12.0,4.0,11.0,34.0,153.0,0.0,9.5,0.533,0.797,0.18,1.8,8.5,5.2,7.2,1.5,0.9,7.1,17.4,0.2,0.4,0.6,0.078,-2.0,-1.0,-3.0,-0.1,0.0,2021
428,Luka Šamanić,9.3,1.4,3.2,0.448,0.4,1.3,0.279,1.1,1.9,0.565,0.505,0.5,0.9,0.552,0.5,1.6,2.1,0.5,0.2,0.2,0.6,1.3,3.7,0.0,0.0,1010.0,0.0,0.0,0.0,0.0,0.0,0.0,0.0,0.0,0.0,0.0,0.0,0.0,0.0,33.0,4.0,308.0,47.0,105.0,0.448,12.0,43.0,0.279,35.0,62.0,0.565,0.505,16.0,29.0,0.552,16.0,52.0,68.0,15.0,8.0,8.0,20.0,43.0,122.0,0.0,9.8,0.518,0.41,0.276,5.4,18.3,11.7,6.9,1.3,2.2,14.5,19.5,-0.2,0.3,0.1,0.015,-4.2,-0.7,-4.9,-0.2,0.0,2021
429,Javonte Green,11.5,1.3,2.5,0.52,0.2,0.7,0.333,1.0,1.8,0.597,0.569,0.7,1.0,0.75,0.6,1.1,1.7,0.4,0.7,0.1,0.5,1.1,3.6,0.0,0.0,1010.0,0.0,0.0,0.0,0.0,0.0,0.0,0.0,0.0,0.0,0.0,0.0,0.0,0.0,41.0,2.0,473.0,53.0,102.0,0.52,10.0,30.0,0.333,43.0,72.0,0.597,0.569,30.0,40.0,0.75,26.0,45.0,71.0,17.0,28.0,6.0,19.0,45.0,146.0,0.0,12.1,0.61,0.294,0.392,6.1,10.6,8.3,4.8,2.9,1.1,13.7,12.6,0.5,0.6,1.1,0.107,-2.2,1.7,-0.5,0.2,0.0,2021
430,Luke Kornet,11.2,1.4,3.3,0.436,0.5,1.9,0.254,0.9,1.4,0.69,0.51,0.1,0.2,0.5,0.5,1.7,2.2,0.8,0.1,1.0,0.2,0.6,3.4,0.0,0.0,1010.0,0.0,0.0,0.0,0.0,0.0,0.0,0.0,0.0,0.0,0.0,0.0,0.0,0.0,31.0,2.0,348.0,44.0,101.0,0.436,15.0,59.0,0.254,29.0,42.0,0.69,0.51,3.0,6.0,0.5,14.0,53.0,67.0,24.0,4.0,32.0,7.0,20.0,106.0,0.0,13.3,0.511,0.584,0.059,4.4,17.0,10.7,9.5,0.6,8.5,6.3,13.7,0.2,0.5,0.7,0.095,-0.8,1.6,0.8,0.3,0.0,2021
431,Wenyen Gabriel,11.5,1.1,2.9,0.4,0.6,1.5,0.406,0.5,1.3,0.393,0.508,0.5,0.8,0.647,1.0,1.6,2.6,0.5,0.4,0.4,0.7,1.5,3.4,0.0,0.0,1010.0,0.0,0.0,0.0,0.0,0.0,0.0,0.0,0.0,0.0,0.0,0.0,0.0,0.0,21.0,0.0,241.0,24.0,60.0,0.4,13.0,32.0,0.406,11.0,28.0,0.393,0.508,11.0,17.0,0.647,20.0,34.0,54.0,11.0,9.0,8.0,15.0,32.0,72.0,0.0,9.8,0.533,0.533,0.283,9.0,15.3,12.2,5.9,1.8,3.1,18.2,14.4,0.0,0.3,0.3,0.052,-3.2,-0.1,-3.3,-0.1,0.0,2021
432,Paul Reed,6.8,1.6,3.0,0.538,0.0,0.2,0.0,1.6,2.8,0.583,0.538,0.2,0.3,0.5,1.2,1.2,2.3,0.5,0.4,0.5,0.5,1.1,3.4,0.0,0.0,1010.0,0.0,0.0,0.0,0.0,0.0,0.0,0.0,0.0,0.0,0.0,0.0,0.0,0.0,26.0,0.0,177.0,42.0,78.0,0.538,0.0,6.0,0.0,42.0,72.0,0.583,0.538,4.0,8.0,0.5,30.0,31.0,61.0,12.0,10.0,13.0,12.0,29.0,88.0,0.0,21.2,0.54,0.077,0.103,19.0,18.9,19.0,11.0,2.7,6.6,12.8,22.7,0.2,0.4,0.6,0.162,-1.8,0.8,-1.0,0.0,0.0,2021
433,Quinn Cook,6.8,1.3,3.0,0.426,0.5,1.1,0.423,0.8,1.8,0.429,0.507,0.3,0.3,0.875,0.1,0.7,0.7,0.8,0.2,0.0,0.3,0.4,3.3,0.0,0.0,1010.0,0.0,0.0,0.0,0.0,0.0,0.0,0.0,0.0,0.0,0.0,0.0,0.0,0.0,23.0,0.0,157.0,29.0,68.0,0.426,11.0,26.0,0.423,18.0,42.0,0.429,0.507,7.0,8.0,0.875,2.0,15.0,17.0,18.0,4.0,1.0,7.0,10.0,76.0,0.0,12.7,0.531,0.382,0.118,1.4,10.9,6.1,18.3,1.3,0.6,8.9,21.8,0.1,0.1,0.2,0.061,-1.0,-0.2,-1.2,0.0,0.0,2021
434,Meyers Leonard,9.7,1.0,2.3,0.429,1.0,2.3,0.429,0.0,0.0,0.0,0.643,0.3,0.7,0.5,0.0,2.3,2.3,0.7,0.0,0.0,0.7,1.7,3.3,0.0,0.0,1010.0,0.0,0.0,0.0,0.0,0.0,0.0,0.0,0.0,0.0,0.0,0.0,0.0,0.0,3.0,2.0,29.0,3.0,7.0,0.429,3.0,7.0,0.429,0.0,0.0,0.0,0.643,1.0,2.0,0.5,0.0,7.0,7.0,2.0,0.0,0.0,2.0,5.0,10.0,0.0,6.6,0.635,1.0,0.286,0.0,27.1,13.8,9.7,0.0,0.0,20.2,15.4,0.0,0.0,0.0,0.038,-3.3,-0.4,-3.7,0.0,0.0,2021
435,Amir Coffey,9.0,1.0,2.3,0.437,0.5,1.3,0.411,0.5,1.1,0.468,0.549,0.6,0.9,0.711,0.2,0.8,1.0,0.5,0.2,0.0,0.3,0.7,3.2,0.0,0.0,1010.0,0.0,0.0,0.0,0.0,0.0,0.0,0.0,0.0,0.0,0.0,0.0,0.0,0.0,44.0,1.0,394.0,45.0,103.0,0.437,23.0,56.0,0.411,22.0,47.0,0.468,0.549,27.0,38.0,0.711,10.0,34.0,44.0,22.0,10.0,0.0,15.0,30.0,140.0,0.0,10.1,0.585,0.544,0.369,2.9,9.4,6.3,7.4,1.3,0.0,11.1,15.1,0.4,0.3,0.7,0.085,-1.9,-0.1,-2.0,0.0,0.0,2021
436,Zeke Nnaji,9.5,1.2,2.5,0.481,0.6,1.4,0.407,0.6,1.1,0.578,0.596,0.3,0.4,0.8,0.3,1.2,1.5,0.2,0.2,0.1,0.2,0.7,3.2,0.0,0.0,1010.0,0.0,0.0,0.0,0.0,0.0,0.0,0.0,0.0,0.0,0.0,0.0,0.0,0.0,42.0,1.0,397.0,50.0,104.0,0.481,24.0,59.0,0.407,26.0,45.0,0.578,0.596,12.0,15.0,0.8,14.0,51.0,65.0,10.0,8.0,4.0,7.0,29.0,136.0,0.0,11.3,0.615,0.567,0.144,4.0,14.5,9.3,3.3,1.0,1.0,6.0,12.9,0.6,0.3,0.9,0.104,-0.6,-1.1,-1.7,0.0,0.0,2021
437,Killian Tillie,10.1,1.1,3.2,0.333,0.6,1.8,0.303,0.5,1.3,0.375,0.421,0.5,0.6,0.818,0.3,1.0,1.3,0.4,0.3,0.4,0.1,1.1,3.2,0.0,0.0,1010.0,0.0,0.0,0.0,0.0,0.0,0.0,0.0,0.0,0.0,0.0,0.0,0.0,0.0,18.0,1.0,182.0,19.0,57.0,0.333,10.0,33.0,0.303,9.0,24.0,0.375,0.421,9.0,11.0,0.818,6.0,18.0,24.0,8.0,5.0,8.0,2.0,20.0,57.0,0.0,8.5,0.461,0.579,0.193,3.5,10.6,7.0,5.6,1.3,4.0,3.1,14.8,0.0,0.2,0.2,0.055,-3.4,-0.3,-3.7,-0.1,0.0,2021
438,Matt Thomas,7.2,1.1,2.8,0.394,0.6,1.8,0.338,0.5,1.0,0.489,0.5,0.3,0.3,0.857,0.2,0.8,1.0,0.4,0.1,0.0,0.3,0.4,3.1,0.0,0.0,1010.0,0.0,0.0,0.0,0.0,0.0,0.0,0.0,0.0,0.0,0.0,0.0,0.0,0.0,45.0,0.0,326.0,50.0,127.0,0.394,27.0,80.0,0.338,23.0,47.0,0.489,0.5,12.0,14.0,0.857,7.0,37.0,44.0,19.0,4.0,0.0,14.0,18.0,139.0,0.0,9.1,0.522,0.63,0.11,2.3,12.2,7.3,8.6,0.6,0.0,9.5,19.5,0.0,0.2,0.2,0.031,-2.6,-2.0,-4.6,-0.2,0.0,2021
439,Gary Clark,16.8,1.0,3.4,0.303,0.8,2.8,0.287,0.2,0.6,0.375,0.42,0.2,0.3,0.8,0.8,2.1,2.9,0.8,0.3,0.2,0.4,0.9,3.1,0.0,0.0,1010.0,0.0,0.0,0.0,0.0,0.0,0.0,0.0,0.0,0.0,0.0,0.0,0.0,0.0,39.0,11.0,654.0,40.0,132.0,0.303,31.0,108.0,0.287,9.0,24.0,0.375,0.42,8.0,10.0,0.8,33.0,82.0,115.0,31.0,13.0,7.0,17.0,35.0,119.0,0.0,6.0,0.436,0.818,0.076,5.1,13.5,9.1,6.4,1.0,1.0,11.1,10.1,-0.3,0.4,0.1,0.008,-4.2,-0.7,-4.9,-0.5,0.0,2021
440,Ryan Arcidiacono,10.2,1.1,2.7,0.419,0.6,1.5,0.373,0.5,1.1,0.48,0.526,0.3,0.5,0.65,0.1,1.4,1.5,1.3,0.2,0.0,0.2,1.1,3.1,0.0,0.0,1010.0,0.0,0.0,0.0,0.0,0.0,0.0,0.0,0.0,0.0,0.0,0.0,0.0,0.0,44.0,0.0,450.0,49.0,117.0,0.419,25.0,67.0,0.373,24.0,50.0,0.48,0.526,13.0,20.0,0.65,5.0,62.0,67.0,56.0,9.0,0.0,10.0,47.0,136.0,0.0,9.8,0.541,0.573,0.171,1.2,15.1,8.3,16.3,1.0,0.0,7.4,13.1,0.5,0.4,0.9,0.093,-2.6,0.3,-2.3,0.0,0.0,2021
441,Mamadi Diakite,10.1,1.1,2.9,0.4,0.1,0.6,0.125,1.1,2.3,0.469,0.413,0.8,1.0,0.786,0.6,1.9,2.4,0.6,0.5,0.4,0.2,1.1,3.1,0.0,0.0,1010.0,0.0,0.0,0.0,0.0,0.0,0.0,0.0,0.0,0.0,0.0,0.0,0.0,0.0,14.0,1.0,141.0,16.0,40.0,0.4,1.0,8.0,0.125,15.0,32.0,0.469,0.413,11.0,14.0,0.786,8.0,26.0,34.0,8.0,7.0,6.0,3.0,16.0,44.0,0.0,12.3,0.477,0.2,0.35,6.2,18.7,12.7,7.0,2.3,3.8,6.1,14.6,0.1,0.2,0.3,0.102,-3.3,0.9,-2.4,0.0,0.0,2021
442,Anthony Gill,8.4,1.2,2.3,0.5,0.3,0.9,0.292,0.9,1.4,0.639,0.558,0.5,0.6,0.813,0.6,1.3,2.0,0.4,0.4,0.2,0.3,1.0,3.1,0.0,0.0,1010.0,0.0,0.0,0.0,0.0,0.0,0.0,0.0,0.0,0.0,0.0,0.0,0.0,0.0,26.0,4.0,218.0,30.0,60.0,0.5,7.0,24.0,0.292,23.0,36.0,0.639,0.558,13.0,16.0,0.813,16.0,35.0,51.0,11.0,10.0,4.0,8.0,27.0,80.0,0.0,13.7,0.597,0.4,0.267,7.8,17.0,12.4,6.7,2.1,1.5,10.7,14.2,0.3,0.3,0.6,0.123,-1.6,0.3,-1.3,0.0,0.0,2021
443,Romeo Langford,15.7,1.2,3.3,0.356,0.3,1.0,0.278,0.9,2.3,0.39,0.398,0.5,0.7,0.75,0.7,1.3,1.9,0.7,0.3,0.3,0.6,1.3,3.1,0.0,0.0,1010.0,0.0,0.0,0.0,0.0,0.0,0.0,0.0,0.0,0.0,0.0,0.0,0.0,0.0,18.0,4.0,283.0,21.0,59.0,0.356,5.0,18.0,0.278,16.0,41.0,0.39,0.398,9.0,12.0,0.75,12.0,23.0,35.0,13.0,6.0,5.0,10.0,24.0,56.0,0.0,5.1,0.436,0.305,0.203,4.7,9.1,6.9,5.9,1.0,1.7,13.5,11.3,-0.2,0.2,0.0,0.003,-4.9,0.2,-4.6,-0.2,0.0,2021
444,Alfonzo McKinnie,6.6,1.2,2.4,0.516,0.4,1.0,0.41,0.8,1.4,0.593,0.602,0.3,0.5,0.556,0.6,0.8,1.4,0.2,0.2,0.0,0.1,0.7,3.1,0.0,0.0,1010.0,0.0,0.0,0.0,0.0,0.0,0.0,0.0,0.0,0.0,0.0,0.0,0.0,0.0,39.0,0.0,258.0,48.0,93.0,0.516,16.0,39.0,0.41,32.0,54.0,0.593,0.602,10.0,18.0,0.556,22.0,32.0,54.0,6.0,7.0,0.0,5.0,26.0,122.0,0.0,15.5,0.604,0.419,0.194,9.6,13.9,11.8,3.6,1.3,0.0,4.7,17.8,0.5,0.3,0.8,0.156,0.3,-0.8,-0.4,0.1,0.0,2021
445,Jahmi'us Ramsey,7.2,1.2,2.9,0.395,0.4,1.5,0.263,0.8,1.5,0.526,0.461,0.4,0.4,1.0,0.2,0.6,0.8,0.5,0.3,0.1,0.2,0.6,3.1,0.0,0.0,1010.0,0.0,0.0,0.0,0.0,0.0,0.0,0.0,0.0,0.0,0.0,0.0,0.0,0.0,13.0,0.0,94.0,15.0,38.0,0.395,5.0,19.0,0.263,10.0,19.0,0.526,0.461,5.0,5.0,1.0,2.0,8.0,10.0,6.0,4.0,1.0,3.0,8.0,40.0,0.0,10.5,0.498,0.5,0.132,2.3,9.6,5.9,8.8,2.0,0.9,6.9,19.8,0.0,0.0,0.0,0.012,-3.1,-1.4,-4.5,-0.1,0.0,2021
446,Cameron Reynolds,8.0,1.2,3.6,0.333,0.6,2.4,0.25,0.6,1.2,0.5,0.417,0.0,0.0,0.0,0.4,0.6,1.0,0.4,0.0,0.0,0.0,0.4,3.0,0.0,0.0,1010.0,0.0,0.0,0.0,0.0,0.0,0.0,0.0,0.0,0.0,0.0,0.0,0.0,0.0,5.0,0.0,40.0,6.0,18.0,0.333,3.0,12.0,0.25,3.0,6.0,0.5,0.417,0.0,0.0,0.0,2.0,3.0,5.0,2.0,0.0,0.0,0.0,2.0,15.0,0.0,6.5,0.417,0.667,0.0,5.1,8.3,6.7,7.5,0.0,0.0,0.0,19.2,0.0,0.0,0.0,-0.039,-3.5,-4.6,-8.1,-0.1,0.0,2021
447,Nicolò Melli,12.6,1.0,3.1,0.326,0.5,1.9,0.271,0.5,1.2,0.411,0.408,0.4,0.6,0.76,0.6,2.1,2.7,1.0,0.3,0.1,0.3,1.3,3.0,0.0,0.0,1010.0,0.0,0.0,0.0,0.0,0.0,0.0,0.0,0.0,0.0,0.0,0.0,0.0,0.0,45.0,4.0,566.0,46.0,141.0,0.326,23.0,85.0,0.271,23.0,56.0,0.411,0.408,19.0,25.0,0.76,29.0,93.0,122.0,44.0,14.0,3.0,12.0,58.0,134.0,0.0,7.9,0.441,0.603,0.177,5.6,17.9,11.8,9.8,1.2,0.5,7.3,12.5,0.1,0.5,0.6,0.048,-3.5,0.0,-3.5,-0.2,0.0,2021
448,Sam Merrill,7.8,1.1,2.4,0.444,0.7,1.6,0.447,0.4,0.8,0.44,0.59,0.1,0.1,1.0,0.2,0.8,1.0,0.7,0.3,0.0,0.3,0.6,3.0,0.0,0.0,1010.0,0.0,0.0,0.0,0.0,0.0,0.0,0.0,0.0,0.0,0.0,0.0,0.0,0.0,30.0,2.0,233.0,32.0,72.0,0.444,21.0,47.0,0.447,11.0,25.0,0.44,0.59,4.0,4.0,1.0,6.0,24.0,30.0,21.0,8.0,1.0,10.0,17.0,89.0,0.0,11.9,0.603,0.653,0.056,2.8,10.4,6.8,11.4,1.6,0.4,11.9,15.0,0.3,0.2,0.5,0.102,-0.7,-0.3,-1.0,0.1,0.0,2021
449,Reggie Perry,8.1,1.2,3.0,0.41,0.2,0.8,0.19,1.1,2.2,0.491,0.436,0.4,0.5,0.769,1.0,1.8,2.8,0.5,0.2,0.2,0.6,1.5,3.0,0.0,0.0,1010.0,0.0,0.0,0.0,0.0,0.0,0.0,0.0,0.0,0.0,0.0,0.0,0.0,0.0,26.0,0.0,211.0,32.0,78.0,0.41,4.0,21.0,0.19,28.0,57.0,0.491,0.436,10.0,13.0,0.769,27.0,46.0,73.0,14.0,6.0,6.0,15.0,40.0,78.0,0.0,11.0,0.466,0.269,0.167,14.9,22.9,19.1,9.0,1.4,2.5,15.2,20.4,-0.1,0.2,0.2,0.04,-5.3,-1.4,-6.7,-0.2,0.0,2021
450,Thanasis Antetokounmpo,9.7,1.2,2.4,0.489,0.1,0.5,0.241,1.1,1.9,0.556,0.515,0.4,0.9,0.51,0.9,1.2,2.2,0.8,0.4,0.2,0.8,1.3,2.9,0.0,0.0,1010.0,0.0,0.0,0.0,0.0,0.0,0.0,0.0,0.0,0.0,0.0,0.0,0.0,0.0,57.0,3.0,551.0,67.0,137.0,0.489,7.0,29.0,0.241,60.0,108.0,0.556,0.515,25.0,49.0,0.51,54.0,70.0,124.0,46.0,22.0,10.0,43.0,74.0,166.0,0.0,10.3,0.523,0.212,0.358,10.7,12.9,11.8,10.3,1.9,1.6,21.3,15.3,0.0,0.6,0.7,0.057,-3.7,0.2,-3.5,-0.2,0.0,2021
451,Trent Forrest,10.1,1.1,2.4,0.451,0.2,0.9,0.192,0.9,1.5,0.6,0.486,0.6,0.6,1.0,0.4,1.1,1.5,1.5,0.3,0.1,0.7,0.7,2.9,0.0,0.0,1010.0,0.0,0.0,0.0,0.0,0.0,0.0,0.0,0.0,0.0,0.0,0.0,0.0,0.0,30.0,0.0,302.0,32.0,71.0,0.451,5.0,26.0,0.192,27.0,45.0,0.6,0.486,19.0,19.0,1.0,11.0,33.0,44.0,45.0,9.0,4.0,21.0,22.0,88.0,0.0,11.2,0.554,0.366,0.268,4.0,11.1,7.7,19.9,1.5,1.1,20.9,14.3,0.3,0.4,0.7,0.106,-2.5,1.2,-1.3,0.1,0.0,2021
452,Bruno Caboclo,6.0,1.3,2.8,0.471,0.0,0.8,0.0,1.3,2.0,0.667,0.471,0.2,0.3,0.5,0.5,1.8,2.3,0.2,0.0,0.3,0.7,1.0,2.8,0.0,0.0,1010.0,0.0,0.0,0.0,0.0,0.0,0.0,0.0,0.0,0.0,0.0,0.0,0.0,0.0,6.0,0.0,36.0,8.0,17.0,0.471,0.0,5.0,0.0,8.0,12.0,0.667,0.471,1.0,2.0,0.5,3.0,11.0,14.0,1.0,0.0,2.0,4.0,6.0,17.0,0.0,9.0,0.475,0.294,0.118,8.5,34.0,20.7,4.7,0.0,5.0,18.3,25.8,-0.1,0.0,-0.1,-0.088,-8.4,-1.7,-10.1,-0.1,0.0,2021
453,Matthew Dellavedova,17.2,1.1,4.3,0.25,0.3,1.9,0.16,0.8,2.4,0.323,0.286,0.3,0.3,1.0,0.5,1.4,1.8,4.5,0.3,0.1,0.5,1.6,2.8,0.0,0.0,1010.0,0.0,0.0,0.0,0.0,0.0,0.0,0.0,0.0,0.0,0.0,0.0,0.0,0.0,13.0,1.0,224.0,14.0,56.0,0.25,4.0,25.0,0.16,10.0,31.0,0.323,0.286,4.0,4.0,1.0,6.0,18.0,24.0,58.0,4.0,1.0,6.0,21.0,36.0,0.0,7.3,0.312,0.446,0.071,2.9,9.2,6.0,35.3,0.9,0.4,9.4,12.4,-0.1,0.1,0.0,0.005,-4.5,-1.9,-6.4,-0.3,0.0,2021
454,Harry Giles,9.2,1.1,2.6,0.433,0.2,0.6,0.348,0.9,1.9,0.459,0.474,0.4,0.7,0.593,0.8,2.7,3.5,0.8,0.2,0.3,0.5,1.4,2.8,0.0,0.0,1010.0,0.0,0.0,0.0,0.0,0.0,0.0,0.0,0.0,0.0,0.0,0.0,0.0,0.0,38.0,0.0,348.0,42.0,97.0,0.433,8.0,23.0,0.348,34.0,74.0,0.459,0.474,16.0,27.0,0.593,31.0,102.0,133.0,29.0,8.0,13.0,20.0,54.0,108.0,0.0,12.4,0.496,0.237,0.278,9.3,32.2,20.4,11.3,1.1,3.3,15.5,15.9,0.1,0.4,0.5,0.069,-3.2,0.2,-2.9,-0.1,0.0,2021
455,Kyle Guy,7.6,0.9,2.8,0.33,0.4,1.5,0.283,0.5,1.4,0.381,0.403,0.5,0.6,0.8,0.2,1.0,1.1,1.0,0.2,0.0,0.4,0.6,2.8,0.0,0.0,1010.0,0.0,0.0,0.0,0.0,0.0,0.0,0.0,0.0,0.0,0.0,0.0,0.0,0.0,31.0,0.0,235.0,29.0,88.0,0.33,13.0,46.0,0.283,16.0,42.0,0.381,0.403,16.0,20.0,0.8,5.0,30.0,35.0,32.0,6.0,0.0,11.0,20.0,87.0,0.0,8.5,0.449,0.523,0.227,2.3,14.4,8.3,17.9,1.2,0.0,10.2,19.7,-0.1,0.1,-0.1,-0.015,-3.7,-2.1,-5.8,-0.2,0.0,2021
456,Markus Howard,5.5,1.1,2.9,0.377,0.5,1.8,0.277,0.6,1.1,0.537,0.462,0.2,0.2,0.778,0.0,0.5,0.6,0.5,0.1,0.0,0.5,0.6,2.8,0.0,0.0,1010.0,0.0,0.0,0.0,0.0,0.0,0.0,0.0,0.0,0.0,0.0,0.0,0.0,0.0,37.0,1.0,205.0,40.0,106.0,0.377,18.0,65.0,0.277,22.0,41.0,0.537,0.462,7.0,9.0,0.778,1.0,20.0,21.0,18.0,4.0,1.0,18.0,23.0,105.0,0.0,6.4,0.477,0.613,0.085,0.6,11.0,5.8,12.6,1.0,0.5,14.1,27.2,-0.4,0.1,-0.3,-0.068,-5.5,-3.2,-8.7,-0.3,0.0,2021
457,Didi Louzada,18.7,1.0,4.3,0.231,0.7,2.7,0.25,0.3,1.7,0.2,0.308,0.0,0.0,0.0,0.3,0.7,1.0,1.0,0.7,0.0,1.0,1.7,2.7,0.0,0.0,1010.0,0.0,0.0,0.0,0.0,0.0,0.0,0.0,0.0,0.0,0.0,0.0,0.0,0.0,3.0,0.0,56.0,3.0,13.0,0.231,2.0,8.0,0.25,1.0,5.0,0.2,0.308,0.0,0.0,0.0,1.0,2.0,3.0,3.0,2.0,0.0,3.0,5.0,8.0,0.0,-0.9,0.308,0.615,0.0,1.9,3.9,2.9,6.5,1.7,0.0,18.8,12.0,-0.1,0.0,-0.1,-0.099,-7.8,-1.8,-9.6,-0.1,0.0,2021
458,Frank Ntilikina,9.8,0.9,2.4,0.367,0.7,1.5,0.479,0.2,0.9,0.194,0.513,0.2,0.5,0.444,0.2,0.8,0.9,0.6,0.5,0.1,0.3,1.4,2.7,0.0,0.0,1010.0,0.0,0.0,0.0,0.0,0.0,0.0,0.0,0.0,0.0,0.0,0.0,0.0,0.0,33.0,4.0,322.0,29.0,79.0,0.367,23.0,48.0,0.479,6.0,31.0,0.194,0.513,8.0,18.0,0.444,6.0,25.0,31.0,19.0,18.0,4.0,11.0,45.0,89.0,0.0,7.7,0.512,0.608,0.228,2.0,8.3,5.2,8.1,2.8,1.2,11.2,13.6,0.0,0.5,0.5,0.07,-4.2,2.5,-1.7,0.0,0.0,2021
459,Keita Bates-Diop,8.2,1.0,2.2,0.448,0.2,0.6,0.294,0.8,1.7,0.5,0.485,0.5,0.7,0.667,0.3,1.3,1.6,0.4,0.4,0.2,0.2,0.4,2.6,0.0,0.0,1010.0,0.0,0.0,0.0,0.0,0.0,0.0,0.0,0.0,0.0,0.0,0.0,0.0,0.0,30.0,0.0,245.0,30.0,67.0,0.448,5.0,17.0,0.294,25.0,50.0,0.5,0.485,14.0,21.0,0.667,9.0,40.0,49.0,12.0,11.0,5.0,7.0,11.0,79.0,0.0,12.0,0.518,0.254,0.313,3.8,17.7,10.6,6.6,2.2,1.7,8.4,14.8,0.1,0.3,0.3,0.068,-2.3,0.4,-1.9,0.0,0.0,2021
460,Amida Brimah,5.8,1.0,1.6,0.625,0.0,0.0,0.0,1.0,1.6,0.625,0.625,0.6,0.6,1.0,0.4,1.2,1.6,0.2,0.0,1.0,0.8,0.8,2.6,0.0,0.0,1010.0,0.0,0.0,0.0,0.0,0.0,0.0,0.0,0.0,0.0,0.0,0.0,0.0,0.0,5.0,0.0,29.0,5.0,8.0,0.625,0.0,0.0,0.0,5.0,8.0,0.625,0.625,3.0,3.0,1.0,2.0,6.0,8.0,1.0,0.0,5.0,4.0,4.0,13.0,0.0,16.6,0.697,0.0,0.375,7.5,22.3,15.0,4.8,0.0,14.0,30.0,19.6,0.0,0.1,0.0,0.073,-6.2,1.4,-4.8,0.0,0.0,2021
461,Josh Green,11.4,1.1,2.4,0.452,0.1,0.6,0.16,1.0,1.7,0.559,0.473,0.3,0.6,0.565,0.7,1.3,2.0,0.7,0.4,0.1,0.4,0.9,2.6,0.0,0.0,1010.0,0.0,0.0,0.0,0.0,0.0,0.0,0.0,0.0,0.0,0.0,0.0,0.0,0.0,39.0,5.0,445.0,42.0,93.0,0.452,4.0,25.0,0.16,38.0,68.0,0.559,0.473,13.0,23.0,0.565,28.0,50.0,78.0,28.0,16.0,3.0,17.0,35.0,101.0,0.0,8.8,0.49,0.269,0.247,7.0,12.3,9.7,8.3,1.8,0.6,14.2,11.9,0.1,0.4,0.5,0.05,-3.7,0.1,-3.6,-0.2,0.0,2021
462,Grant Riller,3.9,1.1,1.7,0.667,0.3,0.6,0.5,0.9,1.1,0.75,0.75,0.0,0.0,0.0,0.0,0.1,0.1,0.4,0.1,0.0,0.1,0.0,2.6,0.0,0.0,1010.0,0.0,0.0,0.0,0.0,0.0,0.0,0.0,0.0,0.0,0.0,0.0,0.0,0.0,7.0,0.0,27.0,8.0,12.0,0.667,2.0,4.0,0.5,6.0,8.0,0.75,0.75,0.0,0.0,0.0,0.0,1.0,1.0,3.0,1.0,0.0,1.0,0.0,18.0,0.0,23.6,0.75,0.333,0.0,0.0,4.1,2.0,20.9,1.8,0.0,7.7,20.7,0.1,0.0,0.1,0.177,4.6,0.5,5.1,0.0,0.0,2021
463,Anderson Varejão,7.2,0.8,3.2,0.25,0.0,0.2,0.0,0.8,3.0,0.267,0.25,1.0,1.8,0.556,1.4,2.6,4.0,0.6,0.0,0.4,0.2,0.6,2.6,0.0,0.0,1010.0,0.0,0.0,0.0,0.0,0.0,0.0,0.0,0.0,0.0,0.0,0.0,0.0,0.0,5.0,0.0,36.0,4.0,16.0,0.25,0.0,1.0,0.0,4.0,15.0,0.267,0.25,5.0,9.0,0.556,7.0,13.0,20.0,3.0,0.0,2.0,1.0,3.0,13.0,0.0,12.9,0.326,0.063,0.563,21.3,41.4,31.1,12.2,0.0,5.0,4.8,25.4,-0.1,0.0,0.0,-0.029,-3.7,-3.3,-7.1,0.0,0.0,2021
464,Jordan Bell,13.7,1.2,3.7,0.318,0.0,0.3,0.0,1.2,3.3,0.35,0.318,0.2,0.3,0.5,1.2,2.8,4.0,1.2,0.5,0.8,0.7,1.2,2.5,0.0,0.0,1010.0,0.0,0.0,0.0,0.0,0.0,0.0,0.0,0.0,0.0,0.0,0.0,0.0,0.0,6.0,1.0,82.0,7.0,22.0,0.318,0.0,2.0,0.0,7.0,20.0,0.35,0.318,1.0,2.0,0.5,7.0,17.0,24.0,7.0,3.0,5.0,4.0,7.0,15.0,0.0,8.0,0.328,0.091,0.091,9.1,21.9,15.5,10.6,1.7,5.2,14.9,13.6,-0.1,0.1,0.0,-0.008,-5.9,0.1,-5.8,-0.1,0.0,2021
465,Tacko Fall,7.2,1.1,1.5,0.724,0.0,0.0,0.0,1.1,1.5,0.724,0.724,0.3,0.8,0.333,0.8,1.9,2.7,0.2,0.1,1.1,0.3,1.2,2.5,0.0,0.0,1010.0,0.0,0.0,0.0,0.0,0.0,0.0,0.0,0.0,0.0,0.0,0.0,0.0,0.0,19.0,0.0,136.0,21.0,29.0,0.724,0.0,0.0,0.0,21.0,29.0,0.724,0.724,5.0,15.0,0.333,16.0,36.0,52.0,3.0,1.0,20.0,6.0,22.0,47.0,0.0,19.6,0.66,0.0,0.517,13.0,29.7,21.3,3.1,0.4,13.7,14.4,13.2,0.2,0.3,0.5,0.177,-1.7,2.9,1.2,0.1,0.0,2021
466,Rondae Hollis-Jefferson,9.7,0.8,1.6,0.5,0.0,0.1,0.0,0.8,1.5,0.529,0.5,0.8,1.5,0.563,1.0,1.4,2.4,1.2,0.2,0.4,0.2,1.4,2.5,0.0,0.0,1010.0,0.0,0.0,0.0,0.0,0.0,0.0,0.0,0.0,0.0,0.0,0.0,0.0,0.0,11.0,1.0,107.0,9.0,18.0,0.5,0.0,1.0,0.0,9.0,17.0,0.529,0.5,9.0,16.0,0.563,11.0,15.0,26.0,13.0,2.0,4.0,2.0,15.0,27.0,0.0,14.4,0.539,0.056,0.889,10.7,15.4,13.0,15.7,0.9,3.4,7.4,10.9,0.3,0.1,0.3,0.147,-1.1,1.2,0.1,0.1,0.0,2021
467,Tre Jones,7.3,1.0,2.1,0.474,0.1,0.1,0.6,0.9,2.0,0.466,0.494,0.5,0.5,0.895,0.2,0.4,0.6,1.1,0.2,0.0,0.4,0.4,2.5,0.0,0.0,1010.0,0.0,0.0,0.0,0.0,0.0,0.0,0.0,0.0,0.0,0.0,0.0,0.0,0.0,37.0,1.0,269.0,37.0,78.0,0.474,3.0,5.0,0.6,34.0,73.0,0.466,0.494,17.0,19.0,0.895,8.0,13.0,21.0,39.0,8.0,0.0,13.0,13.0,94.0,0.0,12.1,0.544,0.064,0.244,3.1,5.2,4.2,20.0,1.4,0.0,13.1,16.1,0.2,0.1,0.4,0.066,-2.2,-1.3,-3.5,-0.1,0.0,2021
468,KZ Okpala,12.1,1.0,2.6,0.375,0.3,1.4,0.24,0.6,1.2,0.522,0.438,0.2,0.4,0.533,0.6,1.3,1.8,0.5,0.3,0.3,0.4,1.6,2.5,0.0,0.0,1010.0,0.0,0.0,0.0,0.0,0.0,0.0,0.0,0.0,0.0,0.0,0.0,0.0,0.0,37.0,9.0,447.0,36.0,96.0,0.375,12.0,50.0,0.24,24.0,46.0,0.522,0.438,8.0,15.0,0.533,21.0,47.0,68.0,19.0,10.0,11.0,15.0,59.0,92.0,0.0,5.2,0.448,0.521,0.156,5.5,11.8,8.7,5.8,1.1,2.6,12.8,11.9,-0.3,0.4,0.1,0.015,-6.5,-0.6,-7.1,-0.6,0.0,2021
469,Gary Payton II,4.0,1.0,1.3,0.769,0.2,0.4,0.5,0.8,0.9,0.889,0.846,0.3,0.4,0.75,0.2,0.9,1.1,0.1,0.6,0.1,0.1,0.8,2.5,0.0,0.0,1010.0,0.0,0.0,0.0,0.0,0.0,0.0,0.0,0.0,0.0,0.0,0.0,0.0,0.0,10.0,0.0,40.0,10.0,13.0,0.769,2.0,4.0,0.5,8.0,9.0,0.889,0.846,3.0,4.0,0.75,2.0,9.0,11.0,1.0,6.0,1.0,1.0,8.0,25.0,0.0,29.2,0.847,0.308,0.308,5.4,23.6,14.6,4.1,7.0,2.2,6.3,16.8,0.2,0.1,0.3,0.331,1.0,8.2,9.2,0.1,0.0,2021
470,Mfiondu Kabengele,7.2,0.8,2.3,0.371,0.3,1.3,0.26,0.5,1.0,0.513,0.444,0.4,0.5,0.8,0.3,1.2,1.5,0.4,0.2,0.3,0.4,0.9,2.4,0.0,0.0,1010.0,0.0,0.0,0.0,0.0,0.0,0.0,0.0,0.0,0.0,0.0,0.0,0.0,0.0,39.0,0.0,280.0,33.0,89.0,0.371,13.0,50.0,0.26,20.0,39.0,0.513,0.444,16.0,20.0,0.8,12.0,48.0,60.0,17.0,8.0,13.0,15.0,36.0,95.0,0.0,9.5,0.486,0.562,0.225,4.7,19.4,12.0,8.7,1.4,4.1,13.3,17.7,-0.2,0.3,0.2,0.026,-4.3,0.1,-4.3,-0.2,0.0,2021
471,Wes Iwundu,13.1,0.8,2.5,0.333,0.1,1.0,0.122,0.7,1.5,0.475,0.358,0.6,0.8,0.839,0.4,1.8,2.2,0.4,0.4,0.1,0.5,1.2,2.4,0.0,0.0,1010.0,0.0,0.0,0.0,0.0,0.0,0.0,0.0,0.0,0.0,0.0,0.0,0.0,0.0,41.0,4.0,539.0,34.0,102.0,0.333,5.0,41.0,0.122,29.0,61.0,0.475,0.358,26.0,31.0,0.839,15.0,75.0,90.0,18.0,15.0,4.0,19.0,49.0,99.0,0.0,4.3,0.428,0.402,0.304,3.0,15.2,9.1,4.2,1.4,0.7,14.1,10.8,-0.5,0.4,0.0,-0.003,-6.1,-0.3,-6.3,-0.6,0.0,2021
472,Vernon Carey Jr.,6.1,0.9,1.9,0.5,0.1,0.4,0.143,0.9,1.5,0.586,0.514,0.5,0.6,0.818,0.3,1.1,1.4,0.1,0.1,0.3,0.3,0.7,2.4,0.0,0.0,1010.0,0.0,0.0,0.0,0.0,0.0,0.0,0.0,0.0,0.0,0.0,0.0,0.0,0.0,19.0,4.0,115.0,18.0,36.0,0.5,1.0,7.0,0.143,17.0,29.0,0.586,0.514,9.0,11.0,0.818,6.0,21.0,27.0,2.0,1.0,5.0,5.0,13.0,46.0,0.0,11.7,0.563,0.194,0.306,5.6,20.1,12.7,2.6,0.4,4.3,10.9,17.2,0.0,0.1,0.2,0.066,-4.4,-1.7,-6.1,-0.1,0.0,2021
473,Jeremiah Martin,8.3,1.0,3.7,0.273,0.3,1.3,0.25,0.7,2.3,0.286,0.318,0.1,0.6,0.2,0.2,0.6,0.8,0.4,0.6,0.2,0.7,0.1,2.4,0.0,0.0,1010.0,0.0,0.0,0.0,0.0,0.0,0.0,0.0,0.0,0.0,0.0,0.0,0.0,0.0,9.0,0.0,75.0,9.0,33.0,0.273,3.0,12.0,0.25,6.0,21.0,0.286,0.318,1.0,5.0,0.2,2.0,5.0,7.0,4.0,5.0,2.0,6.0,1.0,22.0,0.0,1.4,0.313,0.364,0.152,2.9,7.6,5.2,7.9,3.3,2.4,14.6,23.9,-0.4,0.1,-0.3,-0.207,-8.3,-1.1,-9.5,-0.1,0.0,2021
474,Rayjon Tucker,4.9,0.6,1.3,0.5,0.1,0.5,0.286,0.5,0.8,0.636,0.556,1.0,1.4,0.737,0.1,0.7,0.8,0.4,0.1,0.0,0.3,0.6,2.4,0.0,0.0,1010.0,0.0,0.0,0.0,0.0,0.0,0.0,0.0,0.0,0.0,0.0,0.0,0.0,0.0,14.0,0.0,68.0,9.0,18.0,0.5,2.0,7.0,0.286,7.0,11.0,0.636,0.556,14.0,19.0,0.737,1.0,10.0,11.0,6.0,2.0,0.0,4.0,8.0,34.0,0.0,15.1,0.645,0.389,1.056,1.6,15.9,8.9,12.2,1.4,0.0,13.2,19.2,0.1,0.1,0.2,0.166,-3.0,-0.4,-3.4,0.0,0.0,2021
475,Jarrell Brantley,4.9,0.9,1.9,0.481,0.4,1.0,0.429,0.5,0.9,0.542,0.596,0.1,0.1,1.0,0.3,0.6,1.0,0.5,0.3,0.1,0.3,0.6,2.3,0.0,0.0,1010.0,0.0,0.0,0.0,0.0,0.0,0.0,0.0,0.0,0.0,0.0,0.0,0.0,0.0,28.0,0.0,138.0,25.0,52.0,0.481,12.0,28.0,0.429,13.0,24.0,0.542,0.596,2.0,2.0,1.0,9.0,18.0,27.0,15.0,7.0,2.0,8.0,17.0,64.0,0.0,16.6,0.605,0.538,0.038,7.2,13.3,10.4,16.1,2.5,1.2,13.1,19.0,0.3,0.2,0.5,0.172,0.6,1.6,2.2,0.1,0.0,2021
476,CJ Elleby,6.4,0.8,2.2,0.379,0.2,1.1,0.206,0.6,1.1,0.563,0.432,0.4,0.5,0.733,0.4,0.7,1.1,0.3,0.2,0.1,0.2,0.9,2.3,0.0,0.0,1010.0,0.0,0.0,0.0,0.0,0.0,0.0,0.0,0.0,0.0,0.0,0.0,0.0,0.0,30.0,0.0,192.0,25.0,66.0,0.379,7.0,34.0,0.206,18.0,32.0,0.563,0.432,11.0,15.0,0.733,11.0,21.0,32.0,10.0,6.0,3.0,5.0,27.0,68.0,0.0,9.4,0.468,0.515,0.227,6.0,12.0,8.9,7.1,1.5,1.4,6.4,17.4,0.0,0.1,0.1,0.032,-4.0,-0.9,-4.9,-0.1,0.0,2021
477,Justin Robinson,9.8,0.8,2.3,0.333,0.4,1.6,0.286,0.3,0.8,0.429,0.429,0.3,0.6,0.6,0.1,0.7,0.8,1.0,0.3,0.0,0.2,1.1,2.3,0.0,0.0,1010.0,0.0,0.0,0.0,0.0,0.0,0.0,0.0,0.0,0.0,0.0,0.0,0.0,0.0,9.0,0.0,88.0,7.0,21.0,0.333,4.0,14.0,0.286,3.0,7.0,0.429,0.429,3.0,5.0,0.6,1.0,6.0,7.0,9.0,3.0,0.0,2.0,10.0,21.0,0.0,6.0,0.453,0.667,0.238,1.2,7.2,4.1,14.1,1.6,0.0,7.9,12.2,0.0,0.0,0.0,0.021,-5.8,-1.0,-6.8,-0.1,0.0,2021
478,Quinndary Weatherspoon,6.1,0.8,1.8,0.457,0.1,0.3,0.167,0.8,1.5,0.517,0.471,0.7,0.8,0.813,0.2,0.4,0.6,0.4,0.4,0.1,0.5,0.9,2.3,0.0,0.0,1010.0,0.0,0.0,0.0,0.0,0.0,0.0,0.0,0.0,0.0,0.0,0.0,0.0,0.0,20.0,0.0,121.0,16.0,35.0,0.457,1.0,6.0,0.167,15.0,29.0,0.517,0.471,13.0,16.0,0.813,3.0,8.0,11.0,8.0,8.0,2.0,10.0,18.0,46.0,0.0,9.6,0.547,0.171,0.457,2.6,7.2,4.8,9.1,3.2,1.4,19.2,18.7,-0.1,0.1,0.1,0.023,-5.8,0.7,-5.0,-0.1,0.0,2021
479,Bol Bol,5.0,0.8,1.8,0.431,0.3,0.8,0.375,0.5,1.1,0.471,0.509,0.3,0.5,0.667,0.0,0.8,0.8,0.2,0.1,0.3,0.4,0.4,2.2,0.0,0.0,1010.0,0.0,0.0,0.0,0.0,0.0,0.0,0.0,0.0,0.0,0.0,0.0,0.0,0.0,32.0,2.0,160.0,25.0,58.0,0.431,9.0,24.0,0.375,16.0,34.0,0.471,0.509,10.0,15.0,0.667,0.0,24.0,24.0,7.0,3.0,10.0,13.0,14.0,69.0,0.0,9.4,0.534,0.414,0.259,0.0,16.9,8.5,6.0,0.9,6.1,16.8,21.2,-0.2,0.2,0.0,-0.004,-3.8,-0.3,-4.1,-0.1,0.0,2021
480,Sean McDermott,8.8,0.7,1.8,0.394,0.3,1.2,0.227,0.4,0.6,0.727,0.47,0.4,0.4,1.0,0.3,0.7,1.1,0.2,0.1,0.2,0.2,0.4,2.2,0.0,0.0,1010.0,0.0,0.0,0.0,0.0,0.0,0.0,0.0,0.0,0.0,0.0,0.0,0.0,0.0,18.0,0.0,158.0,13.0,33.0,0.394,5.0,22.0,0.227,8.0,11.0,0.727,0.47,8.0,8.0,1.0,6.0,13.0,19.0,4.0,2.0,3.0,4.0,8.0,39.0,0.0,7.2,0.534,0.667,0.242,4.0,8.8,6.4,3.1,0.6,1.7,9.9,10.8,0.1,0.1,0.2,0.05,-3.1,-1.2,-4.3,-0.1,0.0,2021
481,Shaquille Harrison,9.8,0.8,2.3,0.333,0.1,0.5,0.188,0.7,1.8,0.371,0.353,0.5,0.6,0.818,0.2,1.2,1.4,0.7,0.5,0.1,0.3,1.0,2.1,0.0,0.0,1010.0,0.0,0.0,0.0,0.0,0.0,0.0,0.0,0.0,0.0,0.0,0.0,0.0,0.0,34.0,0.0,333.0,26.0,78.0,0.333,3.0,16.0,0.188,23.0,62.0,0.371,0.353,18.0,22.0,0.818,7.0,41.0,48.0,25.0,17.0,5.0,11.0,33.0,73.0,0.0,6.8,0.416,0.205,0.282,2.4,13.7,8.1,9.5,2.5,1.5,11.1,12.9,-0.2,0.4,0.2,0.03,-5.5,1.5,-4.1,-0.2,0.0,2021
482,Chris Silva,6.1,0.7,1.1,0.625,0.1,0.1,1.0,0.6,1.0,0.6,0.656,0.7,1.0,0.733,0.5,1.3,1.8,0.4,0.1,0.4,0.7,1.6,2.1,0.0,0.0,1010.0,0.0,0.0,0.0,0.0,0.0,0.0,0.0,0.0,0.0,0.0,0.0,0.0,0.0,15.0,0.0,92.0,10.0,16.0,0.625,1.0,1.0,1.0,9.0,15.0,0.6,0.656,11.0,15.0,0.733,7.0,20.0,27.0,6.0,1.0,6.0,10.0,24.0,32.0,0.0,11.5,0.708,0.063,0.938,8.9,24.4,16.8,9.3,0.5,6.6,30.7,15.9,0.1,0.1,0.2,0.101,-6.7,1.1,-5.5,-0.1,0.0,2021
483,Vlatko Čančar,6.9,0.8,1.8,0.458,0.2,0.8,0.273,0.6,1.0,0.615,0.521,0.2,0.3,0.769,0.3,1.0,1.2,0.3,0.3,0.0,0.3,0.4,2.1,0.0,0.0,1010.0,0.0,0.0,0.0,0.0,0.0,0.0,0.0,0.0,0.0,0.0,0.0,0.0,0.0,41.0,1.0,281.0,33.0,72.0,0.458,9.0,33.0,0.273,24.0,39.0,0.615,0.521,10.0,13.0,0.769,11.0,39.0,50.0,14.0,11.0,2.0,14.0,18.0,85.0,0.0,9.7,0.547,0.458,0.181,4.5,15.7,10.1,6.4,1.9,0.7,15.3,14.2,0.0,0.3,0.3,0.053,-2.6,0.0,-2.6,0.0,0.0,2021
484,Ed Davis,13.0,0.8,1.9,0.432,0.0,0.0,0.0,0.8,1.9,0.432,0.432,0.4,0.5,0.833,2.0,3.0,5.0,0.9,0.6,0.6,0.3,2.4,2.1,0.0,0.0,1010.0,0.0,0.0,0.0,0.0,0.0,0.0,0.0,0.0,0.0,0.0,0.0,0.0,0.0,23.0,7.0,299.0,19.0,44.0,0.432,0.0,0.0,0.0,19.0,44.0,0.432,0.432,10.0,12.0,0.833,46.0,69.0,115.0,21.0,13.0,13.0,7.0,56.0,48.0,0.0,13.1,0.487,0.0,0.273,16.1,26.0,20.8,9.0,2.1,3.8,12.4,7.9,0.5,0.4,0.8,0.135,-3.3,1.1,-2.2,0.0,0.0,2021
485,Devon Dotson,4.5,1.0,1.9,0.524,0.1,0.6,0.143,0.9,1.3,0.714,0.548,0.0,0.0,0.0,0.2,0.3,0.5,0.6,0.4,0.0,0.0,0.3,2.1,0.0,0.0,1010.0,0.0,0.0,0.0,0.0,0.0,0.0,0.0,0.0,0.0,0.0,0.0,0.0,0.0,11.0,0.0,50.0,11.0,21.0,0.524,1.0,7.0,0.143,10.0,14.0,0.714,0.548,0.0,0.0,0.0,2.0,3.0,5.0,7.0,4.0,0.0,0.0,3.0,23.0,0.0,19.3,0.548,0.333,0.0,4.5,6.6,5.5,21.4,3.9,0.0,0.0,18.2,0.1,0.1,0.2,0.177,-0.1,2.2,2.1,0.1,0.0,2021
486,Deividas Sirvydis,6.7,0.7,2.0,0.35,0.5,1.4,0.357,0.2,0.6,0.333,0.475,0.2,0.3,0.5,0.0,1.5,1.5,0.3,0.1,0.0,0.3,0.5,2.1,0.0,0.0,1010.0,0.0,0.0,0.0,0.0,0.0,0.0,0.0,0.0,0.0,0.0,0.0,0.0,0.0,20.0,0.0,133.0,14.0,40.0,0.35,10.0,28.0,0.357,4.0,12.0,0.333,0.475,3.0,6.0,0.5,0.0,29.0,29.0,5.0,2.0,0.0,5.0,9.0,41.0,0.0,5.7,0.481,0.7,0.15,0.0,24.5,12.1,5.4,0.7,0.0,10.5,15.7,-0.1,0.1,0.0,-0.01,-4.2,-1.2,-5.4,-0.1,0.0,2021
487,Sindarius Thornwell,10.3,0.7,2.2,0.326,0.3,1.1,0.304,0.4,1.1,0.348,0.402,0.2,0.4,0.5,0.1,0.7,0.9,1.0,0.6,0.1,0.3,0.7,2.0,0.0,0.0,1010.0,0.0,0.0,0.0,0.0,0.0,0.0,0.0,0.0,0.0,0.0,0.0,0.0,0.0,21.0,1.0,217.0,15.0,46.0,0.326,7.0,23.0,0.304,8.0,23.0,0.348,0.402,4.0,8.0,0.5,3.0,15.0,18.0,21.0,13.0,2.0,7.0,15.0,41.0,0.0,6.6,0.414,0.5,0.174,1.4,7.4,4.4,13.0,2.9,0.9,12.4,11.1,-0.2,0.2,0.0,0.009,-5.7,0.9,-4.7,-0.2,0.0,2021
488,Isaac Bonga,10.8,0.8,2.0,0.37,0.3,1.2,0.277,0.4,0.9,0.5,0.451,0.1,0.2,0.625,0.5,1.2,1.7,0.6,0.3,0.2,0.6,1.6,2.0,0.0,0.0,1010.0,0.0,0.0,0.0,0.0,0.0,0.0,0.0,0.0,0.0,0.0,0.0,0.0,0.0,40.0,8.0,432.0,30.0,81.0,0.37,13.0,47.0,0.277,17.0,34.0,0.5,0.451,5.0,8.0,0.625,18.0,48.0,66.0,23.0,11.0,9.0,22.0,63.0,78.0,0.0,4.0,0.461,0.58,0.099,4.4,11.7,8.1,6.5,1.2,1.7,20.7,10.2,-0.4,0.4,0.0,-0.001,-5.8,0.0,-5.8,-0.4,0.0,2021
489,Devontae Cacok,4.9,0.9,1.5,0.586,0.0,0.0,0.0,0.9,1.5,0.586,0.586,0.3,0.6,0.455,0.6,1.0,1.6,0.1,0.3,0.2,0.3,0.4,2.0,0.0,0.0,1010.0,0.0,0.0,0.0,0.0,0.0,0.0,0.0,0.0,0.0,0.0,0.0,0.0,0.0,20.0,1.0,98.0,17.0,29.0,0.586,0.0,0.0,0.0,17.0,29.0,0.586,0.586,5.0,11.0,0.455,12.0,20.0,32.0,1.0,5.0,4.0,5.0,8.0,39.0,0.0,17.2,0.576,0.0,0.379,13.8,22.8,18.4,1.5,2.5,3.7,12.9,17.2,0.1,0.2,0.3,0.142,-1.5,0.4,-1.0,0.0,0.0,2021
490,Nate Hinton,4.4,0.7,2.0,0.357,0.2,0.9,0.211,0.5,1.1,0.478,0.405,0.3,0.5,0.7,0.0,0.4,0.4,0.4,0.3,0.1,0.2,0.4,2.0,0.0,0.0,1010.0,0.0,0.0,0.0,0.0,0.0,0.0,0.0,0.0,0.0,0.0,0.0,0.0,0.0,21.0,0.0,93.0,15.0,42.0,0.357,4.0,19.0,0.211,11.0,23.0,0.478,0.405,7.0,10.0,0.7,1.0,8.0,9.0,8.0,7.0,2.0,5.0,8.0,41.0,0.0,10.4,0.442,0.452,0.238,1.2,9.4,5.3,12.4,3.7,2.0,9.7,24.4,-0.2,0.1,0.0,-0.015,-4.5,1.0,-3.4,0.0,0.0,2021
491,Jontay Porter,4.9,0.7,1.4,0.533,0.3,0.7,0.375,0.5,0.6,0.714,0.633,0.3,0.5,0.6,0.4,0.9,1.3,0.1,0.3,0.1,0.6,1.1,2.0,0.0,0.0,1010.0,0.0,0.0,0.0,0.0,0.0,0.0,0.0,0.0,0.0,0.0,0.0,0.0,0.0,11.0,0.0,54.0,8.0,15.0,0.533,3.0,8.0,0.375,5.0,7.0,0.714,0.633,3.0,5.0,0.6,4.0,10.0,14.0,1.0,3.0,1.0,7.0,12.0,22.0,0.0,9.2,0.64,0.533,0.333,7.8,19.9,13.7,2.5,2.7,1.7,28.9,18.9,-0.1,0.1,0.0,0.019,-6.8,0.3,-6.5,-0.1,0.0,2021
492,Jalen Smith,5.8,0.8,1.9,0.44,0.1,0.6,0.235,0.7,1.2,0.545,0.48,0.2,0.3,0.714,0.3,1.1,1.4,0.1,0.0,0.2,0.3,0.6,2.0,0.0,0.0,1010.0,0.0,0.0,0.0,0.0,0.0,0.0,0.0,0.0,0.0,0.0,0.0,0.0,0.0,27.0,1.0,156.0,22.0,50.0,0.44,4.0,17.0,0.235,18.0,33.0,0.545,0.48,5.0,7.0,0.714,7.0,30.0,37.0,4.0,1.0,5.0,7.0,16.0,53.0,0.0,8.4,0.499,0.34,0.14,5.2,21.4,13.4,3.4,0.3,2.9,11.7,17.1,-0.1,0.2,0.1,0.022,-4.8,-1.3,-6.1,-0.2,0.0,2021
493,Ray Spalding,9.5,1.0,2.0,0.5,0.0,0.5,0.0,1.0,1.5,0.667,0.5,0.0,1.0,0.0,1.0,1.0,2.0,0.0,0.0,1.0,1.5,1.5,2.0,0.0,0.0,1010.0,0.0,0.0,0.0,0.0,0.0,0.0,0.0,0.0,0.0,0.0,0.0,0.0,0.0,2.0,0.0,19.0,2.0,4.0,0.5,0.0,1.0,0.0,2.0,3.0,0.667,0.5,0.0,2.0,0.0,2.0,2.0,4.0,0.0,0.0,2.0,3.0,3.0,4.0,0.0,0.8,0.41,0.25,0.5,10.8,11.7,11.2,0.0,0.0,9.4,38.1,17.6,-0.1,0.0,-0.1,-0.184,-12.2,-2.1,-14.3,-0.1,0.0,2021
494,Miye Oni,9.6,0.6,1.8,0.354,0.6,1.6,0.341,0.1,0.2,0.455,0.505,0.1,0.1,0.833,0.4,1.1,1.6,0.5,0.2,0.1,0.3,1.1,1.9,0.0,0.0,1010.0,0.0,0.0,0.0,0.0,0.0,0.0,0.0,0.0,0.0,0.0,0.0,0.0,0.0,54.0,0.0,519.0,35.0,99.0,0.354,30.0,88.0,0.341,5.0,11.0,0.455,0.505,5.0,6.0,0.833,23.0,61.0,84.0,28.0,11.0,8.0,16.0,61.0,105.0,0.0,6.4,0.517,0.889,0.061,4.9,11.9,8.6,6.8,1.0,1.2,13.6,9.8,0.2,0.7,0.9,0.081,-3.0,1.3,-1.7,0.0,0.0,2021
495,Alen Smailagić,5.6,0.7,1.8,0.407,0.3,0.7,0.4,0.5,1.1,0.412,0.481,0.1,0.4,0.333,0.4,0.7,1.1,0.3,0.2,0.3,0.3,0.7,1.9,0.0,0.0,1010.0,0.0,0.0,0.0,0.0,0.0,0.0,0.0,0.0,0.0,0.0,0.0,0.0,0.0,15.0,1.0,84.0,11.0,27.0,0.407,4.0,10.0,0.4,7.0,17.0,0.412,0.481,2.0,6.0,0.333,6.0,10.0,16.0,4.0,3.0,5.0,5.0,11.0,28.0,0.0,8.9,0.472,0.37,0.222,7.7,12.5,10.1,6.5,1.7,5.2,14.4,17.6,-0.1,0.1,0.0,0.015,-4.9,-0.4,-5.3,-0.1,0.0,2021
496,Cassius Winston,4.5,0.6,1.5,0.424,0.4,0.8,0.471,0.3,0.7,0.375,0.545,0.2,0.3,0.833,0.0,0.4,0.4,0.5,0.1,0.0,0.2,0.4,1.9,0.0,0.0,1010.0,0.0,0.0,0.0,0.0,0.0,0.0,0.0,0.0,0.0,0.0,0.0,0.0,0.0,22.0,0.0,98.0,14.0,33.0,0.424,8.0,17.0,0.471,6.0,16.0,0.375,0.545,5.0,6.0,0.833,0.0,9.0,9.0,12.0,2.0,1.0,5.0,8.0,41.0,0.0,10.8,0.575,0.515,0.182,0.0,9.7,4.9,16.3,0.9,0.9,12.3,17.2,0.1,0.1,0.1,0.066,-2.1,-1.1,-3.2,0.0,0.0,2021
497,Daniel Oturu,5.4,0.7,1.7,0.423,0.0,0.2,0.2,0.7,1.6,0.447,0.433,0.3,0.4,0.75,0.7,0.9,1.6,0.3,0.1,0.2,0.3,0.8,1.8,0.0,0.0,1010.0,0.0,0.0,0.0,0.0,0.0,0.0,0.0,0.0,0.0,0.0,0.0,0.0,0.0,30.0,0.0,161.0,22.0,52.0,0.423,1.0,5.0,0.2,21.0,47.0,0.447,0.433,9.0,12.0,0.75,21.0,27.0,48.0,10.0,4.0,7.0,9.0,24.0,54.0,0.0,12.5,0.471,0.096,0.231,15.1,18.3,16.8,8.5,1.2,3.9,13.6,18.2,0.0,0.2,0.3,0.081,-4.1,-1.1,-5.2,-0.1,0.0,2021
498,Axel Toupane,7.6,0.5,1.4,0.364,0.1,0.3,0.5,0.4,1.1,0.333,0.409,0.6,0.9,0.714,0.0,0.8,0.8,0.5,0.3,0.4,0.0,0.8,1.8,0.0,0.0,1010.0,0.0,0.0,0.0,0.0,0.0,0.0,0.0,0.0,0.0,0.0,0.0,0.0,0.0,8.0,1.0,61.0,4.0,11.0,0.364,1.0,2.0,0.5,3.0,9.0,0.333,0.409,5.0,7.0,0.714,0.0,6.0,6.0,4.0,2.0,3.0,0.0,6.0,14.0,0.0,9.0,0.497,0.182,0.636,0.0,10.0,5.2,7.6,1.5,4.4,0.0,9.7,0.1,0.1,0.1,0.097,-4.1,1.1,-3.0,0.0,0.0,2021
499,Elijah Hughes,3.6,0.6,1.7,0.333,0.4,1.3,0.348,0.1,0.4,0.286,0.467,0.2,0.2,0.75,0.1,0.4,0.5,0.3,0.1,0.1,0.3,0.1,1.7,0.0,0.0,1010.0,0.0,0.0,0.0,0.0,0.0,0.0,0.0,0.0,0.0,0.0,0.0,0.0,0.0,18.0,0.0,64.0,10.0,30.0,0.333,8.0,23.0,0.348,2.0,7.0,0.286,0.467,3.0,4.0,0.75,1.0,8.0,9.0,6.0,1.0,1.0,6.0,1.0,31.0,0.0,8.4,0.488,0.767,0.133,1.7,12.7,7.5,13.4,0.8,1.3,15.9,25.4,-0.1,0.1,0.0,-0.013,-1.4,-1.3,-2.8,0.0,0.0,2021
500,T.J. Leaf,5.0,0.7,1.4,0.5,0.0,0.0,0.0,0.7,1.4,0.5,0.5,0.3,0.3,1.0,0.0,0.7,0.7,0.1,0.3,0.1,0.3,0.1,1.7,0.0,0.0,1010.0,0.0,0.0,0.0,0.0,0.0,0.0,0.0,0.0,0.0,0.0,0.0,0.0,0.0,7.0,0.0,35.0,5.0,10.0,0.5,0.0,0.0,0.0,5.0,10.0,0.5,0.5,2.0,2.0,1.0,0.0,5.0,5.0,1.0,2.0,1.0,2.0,1.0,12.0,0.0,11.2,0.551,0.0,0.2,0.0,15.7,7.6,4.0,2.8,2.6,15.5,15.8,0.0,0.0,0.0,0.022,-3.9,0.9,-3.0,0.0,0.0,2021
501,James Nunnally,5.3,0.6,1.4,0.385,0.4,1.3,0.333,0.1,0.1,1.0,0.538,0.1,0.2,0.5,0.2,0.8,1.0,0.3,0.0,0.0,0.2,0.1,1.7,0.0,0.0,1010.0,0.0,0.0,0.0,0.0,0.0,0.0,0.0,0.0,0.0,0.0,0.0,0.0,0.0,9.0,0.0,48.0,5.0,13.0,0.385,4.0,12.0,0.333,1.0,1.0,1.0,0.538,1.0,2.0,0.5,2.0,7.0,9.0,3.0,0.0,0.0,2.0,1.0,15.0,0.0,8.3,0.54,0.923,0.154,4.5,15.8,10.2,8.1,0.0,0.0,12.6,13.9,0.0,0.0,0.0,0.031,-0.9,-1.8,-2.7,0.0,0.0,2021
502,Tim Frazier,12.4,0.6,4.0,0.15,0.0,1.6,0.0,0.6,2.4,0.25,0.15,0.4,1.2,0.333,0.0,1.6,1.6,3.2,0.4,0.2,0.8,1.4,1.6,0.0,0.0,1010.0,0.0,0.0,0.0,0.0,0.0,0.0,0.0,0.0,0.0,0.0,0.0,0.0,0.0,5.0,0.0,62.0,3.0,20.0,0.15,0.0,8.0,0.0,3.0,12.0,0.25,0.15,2.0,6.0,0.333,0.0,8.0,8.0,16.0,2.0,1.0,4.0,7.0,8.0,0.0,-0.5,0.177,0.4,0.3,0.0,13.8,6.8,30.8,1.5,1.5,15.0,18.1,-0.3,0.1,-0.2,-0.169,-10.7,-1.2,-11.9,-0.2,0.0,2021
503,Rodions Kurucs,6.0,0.5,1.5,0.344,0.3,1.0,0.286,0.2,0.5,0.455,0.438,0.1,0.2,0.75,0.2,0.9,1.1,0.5,0.4,0.2,0.6,0.8,1.5,0.0,0.0,1010.0,0.0,0.0,0.0,0.0,0.0,0.0,0.0,0.0,0.0,0.0,0.0,0.0,0.0,21.0,0.0,125.0,11.0,32.0,0.344,6.0,21.0,0.286,5.0,11.0,0.455,0.438,3.0,4.0,0.75,5.0,18.0,23.0,10.0,9.0,4.0,13.0,16.0,31.0,0.0,6.3,0.459,0.656,0.125,4.3,15.4,9.8,10.3,3.4,2.9,27.8,15.9,-0.3,0.2,-0.1,-0.041,-6.4,1.8,-4.6,-0.1,0.0,2021
504,Norvel Pelle,6.5,0.6,1.2,0.533,0.0,0.0,0.0,0.6,1.2,0.533,0.533,0.3,0.5,0.667,0.5,1.0,1.5,0.2,0.1,0.7,0.2,1.1,1.5,0.0,0.0,1010.0,0.0,0.0,0.0,0.0,0.0,0.0,0.0,0.0,0.0,0.0,0.0,0.0,0.0,13.0,0.0,84.0,8.0,15.0,0.533,0.0,0.0,0.0,8.0,15.0,0.533,0.533,4.0,6.0,0.667,6.0,13.0,19.0,2.0,1.0,9.0,3.0,14.0,20.0,0.0,11.6,0.567,0.0,0.4,8.1,16.5,12.4,3.0,0.6,10.0,14.5,10.8,0.1,0.1,0.2,0.112,-4.5,1.9,-2.6,0.0,0.0,2021
505,Bruno Fernando,6.8,0.5,1.3,0.409,0.0,0.1,0.0,0.5,1.3,0.429,0.409,0.5,0.7,0.682,0.5,1.9,2.4,0.3,0.1,0.1,0.6,0.7,1.5,0.0,0.0,1010.0,0.0,0.0,0.0,0.0,0.0,0.0,0.0,0.0,0.0,0.0,0.0,0.0,0.0,33.0,0.0,226.0,18.0,44.0,0.409,0.0,2.0,0.0,18.0,42.0,0.429,0.409,15.0,22.0,0.682,16.0,62.0,78.0,10.0,4.0,3.0,21.0,23.0,51.0,0.0,6.2,0.475,0.045,0.5,7.9,29.4,18.9,5.8,0.9,1.2,28.1,14.4,-0.3,0.3,-0.1,-0.019,-6.1,-0.4,-6.5,-0.3,0.0,2021
506,Cassius Stanley,3.9,0.5,1.8,0.302,0.1,0.5,0.231,0.4,1.3,0.333,0.337,0.3,0.4,0.778,0.3,0.5,0.8,0.0,0.0,0.1,0.0,0.6,1.5,0.0,0.0,1010.0,0.0,0.0,0.0,0.0,0.0,0.0,0.0,0.0,0.0,0.0,0.0,0.0,0.0,24.0,0.0,93.0,13.0,43.0,0.302,3.0,13.0,0.231,10.0,30.0,0.333,0.337,7.0,9.0,0.778,8.0,12.0,20.0,1.0,1.0,2.0,1.0,14.0,36.0,0.0,5.5,0.383,0.302,0.209,9.4,13.9,11.7,1.4,0.5,1.7,2.1,22.0,-0.2,0.1,-0.1,-0.05,-7.2,-4.0,-11.2,-0.2,0.0,2021
507,Anthony Tolliver,9.0,0.4,1.5,0.235,0.4,1.3,0.286,0.0,0.3,0.0,0.353,0.5,0.5,0.833,0.3,0.6,0.9,0.2,0.3,0.2,0.3,0.6,1.5,0.0,0.0,1010.0,0.0,0.0,0.0,0.0,0.0,0.0,0.0,0.0,0.0,0.0,0.0,0.0,0.0,11.0,0.0,99.0,4.0,17.0,0.235,4.0,14.0,0.286,0.0,3.0,0.0,0.353,5.0,6.0,0.833,3.0,7.0,10.0,2.0,3.0,2.0,3.0,7.0,17.0,0.0,4.0,0.433,0.824,0.353,3.4,7.6,5.6,2.5,1.5,1.8,13.3,9.8,-0.1,0.1,0.1,0.025,-5.6,-1.5,-7.0,-0.1,0.0,2021
508,Robert Woodard II,3.5,0.6,1.5,0.4,0.1,0.5,0.167,0.5,1.1,0.5,0.425,0.2,0.6,0.375,0.3,0.9,1.2,0.2,0.0,0.2,0.1,0.3,1.5,0.0,0.0,1010.0,0.0,0.0,0.0,0.0,0.0,0.0,0.0,0.0,0.0,0.0,0.0,0.0,0.0,13.0,0.0,45.0,8.0,20.0,0.4,1.0,6.0,0.167,7.0,14.0,0.5,0.425,3.0,8.0,0.375,4.0,12.0,16.0,2.0,0.0,3.0,1.0,4.0,20.0,0.0,12.5,0.425,0.3,0.4,9.7,30.0,19.7,6.3,0.0,5.6,4.1,23.4,0.0,0.0,0.0,-0.011,-2.7,-2.6,-5.3,0.0,0.0,2021
509,Nate Darling,3.7,0.3,1.0,0.286,0.3,1.0,0.286,0.0,0.0,0.0,0.429,0.4,0.4,1.0,0.1,0.0,0.1,0.1,0.0,0.1,0.1,0.1,1.3,0.0,0.0,1010.0,0.0,0.0,0.0,0.0,0.0,0.0,0.0,0.0,0.0,0.0,0.0,0.0,0.0,7.0,0.0,26.0,2.0,7.0,0.286,2.0,7.0,0.286,0.0,0.0,0.0,0.429,3.0,3.0,1.0,1.0,0.0,1.0,1.0,0.0,1.0,1.0,1.0,9.0,0.0,8.2,0.541,1.0,0.429,4.1,0.0,2.1,5.1,0.0,3.8,10.7,15.4,0.0,0.0,0.0,0.038,-1.5,-2.5,-4.0,0.0,0.0,2021
510,Kris Dunn,11.3,0.3,3.0,0.083,0.0,0.5,0.0,0.3,2.5,0.1,0.083,0.8,1.0,0.75,0.0,1.5,1.5,0.5,0.5,0.5,0.8,2.5,1.3,0.0,0.0,1010.0,0.0,0.0,0.0,0.0,0.0,0.0,0.0,0.0,0.0,0.0,0.0,0.0,0.0,4.0,0.0,45.0,1.0,12.0,0.083,0.0,2.0,0.0,1.0,10.0,0.1,0.083,3.0,4.0,0.75,0.0,6.0,6.0,2.0,2.0,2.0,3.0,10.0,5.0,0.0,-5.7,0.182,0.167,0.333,0.0,14.3,7.3,5.4,2.2,3.9,17.9,16.2,-0.2,0.1,-0.2,-0.202,-13.7,-0.1,-13.7,-0.1,0.0,2021
511,Cristiano Felício,4.7,0.4,0.7,0.538,0.0,0.1,0.0,0.4,0.6,0.636,0.538,0.5,0.9,0.563,0.6,0.9,1.4,0.5,0.2,0.0,0.2,0.6,1.3,0.0,0.0,1010.0,0.0,0.0,0.0,0.0,0.0,0.0,0.0,0.0,0.0,0.0,0.0,0.0,0.0,18.0,0.0,84.0,7.0,13.0,0.538,0.0,2.0,0.0,7.0,11.0,0.636,0.538,9.0,16.0,0.563,10.0,16.0,26.0,9.0,4.0,0.0,4.0,10.0,23.0,0.0,14.7,0.574,0.154,1.231,13.3,20.9,17.2,13.6,2.3,0.0,16.6,12.4,0.2,0.1,0.3,0.151,-1.1,1.2,0.1,0.0,0.0,2021
512,Jalen Lecque,3.0,0.3,2.3,0.111,0.0,0.3,0.0,0.3,2.0,0.125,0.111,0.8,0.8,1.0,0.5,0.8,1.3,0.5,0.0,0.0,0.0,0.0,1.3,0.0,0.0,1010.0,0.0,0.0,0.0,0.0,0.0,0.0,0.0,0.0,0.0,0.0,0.0,0.0,0.0,4.0,0.0,12.0,1.0,9.0,0.111,0.0,1.0,0.0,1.0,8.0,0.125,0.111,3.0,3.0,1.0,2.0,3.0,5.0,2.0,0.0,0.0,0.0,0.0,5.0,0.0,4.7,0.242,0.111,0.333,18.2,27.0,22.6,20.6,0.0,0.0,0.0,36.6,-0.1,0.0,-0.1,-0.232,-6.6,-6.3,-13.0,0.0,0.0,2021
513,Marques Bolden,4.8,0.2,0.5,0.333,0.0,0.0,0.0,0.2,0.5,0.333,0.333,0.8,1.3,0.625,0.5,0.5,1.0,0.0,0.3,0.3,0.3,0.0,1.2,0.0,0.0,1010.0,0.0,0.0,0.0,0.0,0.0,0.0,0.0,0.0,0.0,0.0,0.0,0.0,0.0,6.0,0.0,29.0,1.0,3.0,0.333,0.0,0.0,0.0,1.0,3.0,0.333,0.333,5.0,8.0,0.625,3.0,3.0,6.0,0.0,2.0,2.0,2.0,0.0,7.0,0.0,13.3,0.537,0.0,2.667,11.3,11.9,11.6,0.0,3.4,6.1,23.5,12.8,0.0,0.0,0.0,0.063,-3.8,0.8,-3.0,0.0,0.0,2021
514,Juwan Morgan,5.1,0.5,1.0,0.467,0.1,0.4,0.308,0.3,0.6,0.588,0.533,0.1,0.2,0.429,0.3,0.7,1.0,0.3,0.1,0.0,0.1,0.7,1.2,0.0,0.0,1010.0,0.0,0.0,0.0,0.0,0.0,0.0,0.0,0.0,0.0,0.0,0.0,0.0,0.0,29.0,0.0,147.0,14.0,30.0,0.467,4.0,13.0,0.308,10.0,17.0,0.588,0.533,3.0,7.0,0.429,9.0,19.0,28.0,9.0,4.0,1.0,4.0,21.0,35.0,0.0,8.5,0.529,0.433,0.233,6.8,13.1,10.1,8.0,1.3,0.6,10.8,10.9,0.1,0.2,0.3,0.105,-3.5,1.2,-2.3,0.0,0.0,2021
515,Andre Roberson,12.6,0.4,2.8,0.143,0.2,1.6,0.125,0.2,1.2,0.167,0.179,0.2,0.4,0.5,1.4,1.6,3.0,0.8,0.6,0.2,0.4,0.8,1.2,0.0,0.0,1010.0,0.0,0.0,0.0,0.0,0.0,0.0,0.0,0.0,0.0,0.0,0.0,0.0,0.0,5.0,0.0,63.0,2.0,14.0,0.143,1.0,8.0,0.125,1.0,6.0,0.167,0.179,1.0,2.0,0.5,7.0,8.0,15.0,4.0,3.0,1.0,2.0,4.0,6.0,0.0,4.2,0.202,0.571,0.143,12.9,13.3,13.2,7.4,2.3,1.4,11.8,11.7,-0.1,0.1,-0.1,-0.043,-5.2,-0.9,-6.1,-0.1,0.0,2021
516,Udoka Azubuike,3.8,0.3,0.6,0.444,0.0,0.0,0.0,0.3,0.6,0.444,0.444,0.5,0.7,0.8,0.3,0.6,0.9,0.0,0.1,0.3,0.2,0.6,1.1,0.0,0.0,1010.0,0.0,0.0,0.0,0.0,0.0,0.0,0.0,0.0,0.0,0.0,0.0,0.0,0.0,15.0,0.0,57.0,4.0,9.0,0.444,0.0,0.0,0.0,4.0,9.0,0.444,0.444,8.0,10.0,0.8,4.0,9.0,13.0,0.0,1.0,4.0,3.0,9.0,16.0,0.0,10.3,0.597,0.0,1.111,7.8,16.0,12.1,0.0,0.9,5.7,18.3,12.4,0.0,0.1,0.1,0.119,-5.5,1.7,-3.8,0.0,0.0,2021
517,Karim Mané,8.8,0.3,1.3,0.231,0.1,0.2,0.5,0.2,1.1,0.182,0.269,0.4,0.5,0.8,0.1,1.3,1.4,0.4,0.0,0.2,0.3,1.0,1.1,0.0,0.0,1010.0,0.0,0.0,0.0,0.0,0.0,0.0,0.0,0.0,0.0,0.0,0.0,0.0,0.0,10.0,0.0,88.0,3.0,13.0,0.231,1.0,2.0,0.5,2.0,11.0,0.182,0.269,4.0,5.0,0.8,1.0,13.0,14.0,4.0,0.0,2.0,3.0,10.0,11.0,0.0,1.3,0.362,0.154,0.385,1.1,15.9,8.3,6.0,0.0,2.1,16.5,8.9,-0.1,0.0,-0.1,-0.045,-9.1,-0.8,-9.9,-0.2,0.0,2021
518,Adam Mokoka,4.0,0.5,1.4,0.368,0.1,0.7,0.1,0.4,0.6,0.667,0.395,0.0,0.1,0.0,0.1,0.3,0.4,0.4,0.1,0.1,0.4,0.4,1.1,0.0,0.0,1010.0,0.0,0.0,0.0,0.0,0.0,0.0,0.0,0.0,0.0,0.0,0.0,0.0,0.0,14.0,0.0,56.0,7.0,19.0,0.368,1.0,10.0,0.1,6.0,9.0,0.667,0.395,0.0,1.0,0.0,1.0,4.0,5.0,5.0,2.0,1.0,5.0,5.0,15.0,0.0,2.2,0.386,0.526,0.053,2.0,7.8,4.9,11.9,1.7,1.6,20.5,18.9,-0.2,0.1,-0.1,-0.112,-7.7,-1.6,-9.3,-0.1,0.0,2021
519,Tyler Bey,3.9,0.4,1.2,0.318,0.1,0.2,0.25,0.3,1.0,0.333,0.341,0.2,0.3,0.6,0.4,0.6,1.1,0.2,0.0,0.1,0.2,0.3,1.0,0.0,0.0,1010.0,0.0,0.0,0.0,0.0,0.0,0.0,0.0,0.0,0.0,0.0,0.0,0.0,0.0,18.0,0.0,71.0,7.0,22.0,0.318,1.0,4.0,0.25,6.0,18.0,0.333,0.341,3.0,5.0,0.6,8.0,11.0,19.0,3.0,0.0,1.0,3.0,6.0,18.0,0.0,5.9,0.372,0.182,0.227,12.5,16.9,14.7,5.6,0.0,1.3,11.0,16.9,-0.1,0.0,0.0,-0.033,-5.5,-3.9,-9.5,-0.1,0.0,2021
520,Malik Fitts,3.7,0.3,1.0,0.333,0.3,0.7,0.5,0.0,0.3,0.0,0.5,0.0,0.0,0.0,0.0,1.0,1.0,0.0,0.0,0.0,0.0,1.0,1.0,0.0,0.0,1010.0,0.0,0.0,0.0,0.0,0.0,0.0,0.0,0.0,0.0,0.0,0.0,0.0,0.0,3.0,0.0,11.0,1.0,3.0,0.333,1.0,2.0,0.5,0.0,1.0,0.0,0.5,0.0,0.0,0.0,0.0,3.0,3.0,0.0,0.0,0.0,0.0,3.0,3.0,0.0,2.9,0.5,0.667,0.0,0.0,29.8,15.3,0.0,0.0,0.0,0.0,12.1,0.0,0.0,0.0,0.049,-7.0,-2.1,-9.1,0.0,0.0,2021
521,Patrick McCaw,6.6,0.2,0.2,1.0,0.0,0.0,0.0,0.2,0.2,1.0,1.0,0.6,0.6,1.0,0.2,0.4,0.6,0.8,0.4,0.0,0.0,1.2,1.0,0.0,0.0,1010.0,0.0,0.0,0.0,0.0,0.0,0.0,0.0,0.0,0.0,0.0,0.0,0.0,0.0,5.0,0.0,33.0,1.0,1.0,1.0,0.0,0.0,0.0,1.0,1.0,1.0,1.0,3.0,3.0,1.0,1.0,2.0,3.0,4.0,2.0,0.0,0.0,6.0,5.0,0.0,12.0,1.078,0.0,3.0,3.2,6.9,5.0,15.2,2.9,0.0,0.0,3.0,0.1,0.0,0.1,0.209,-2.7,3.6,0.9,0.0,0.0,2021
522,Iman Shumpert,5.5,0.5,2.0,0.25,0.0,1.5,0.0,0.5,0.5,1.0,0.25,0.0,0.0,0.0,0.5,0.0,0.5,0.0,0.5,0.0,0.5,0.0,1.0,0.0,0.0,1010.0,0.0,0.0,0.0,0.0,0.0,0.0,0.0,0.0,0.0,0.0,0.0,0.0,0.0,2.0,0.0,11.0,1.0,4.0,0.25,0.0,3.0,0.0,1.0,1.0,1.0,0.25,0.0,0.0,0.0,1.0,0.0,1.0,0.0,1.0,0.0,1.0,0.0,2.0,0.0,-0.4,0.25,0.75,0.0,10.6,0.0,5.0,0.0,4.4,0.0,20.0,19.8,-0.1,0.0,0.0,-0.212,-10.4,-2.2,-12.6,0.0,0.0,2021
523,Tyrell Terry,5.1,0.5,1.5,0.313,0.0,0.6,0.0,0.5,0.8,0.556,0.313,0.1,0.3,0.333,0.0,0.5,0.5,0.5,0.5,0.0,0.2,0.2,1.0,0.0,0.0,1010.0,0.0,0.0,0.0,0.0,0.0,0.0,0.0,0.0,0.0,0.0,0.0,0.0,0.0,11.0,0.0,56.0,5.0,16.0,0.313,0.0,7.0,0.0,5.0,9.0,0.556,0.313,1.0,3.0,0.333,0.0,6.0,6.0,6.0,5.0,0.0,2.0,2.0,11.0,0.0,6.0,0.318,0.438,0.188,0.0,11.7,5.9,14.0,4.4,0.0,10.4,15.3,-0.1,0.1,-0.1,-0.049,-7.5,2.6,-5.0,0.0,0.0,2021
524,Kostas Antetokounmpo,3.7,0.2,0.7,0.3,0.0,0.0,0.0,0.2,0.7,0.3,0.3,0.4,0.9,0.462,0.3,1.0,1.3,0.1,0.1,0.3,0.7,0.5,0.8,0.0,0.0,1010.0,0.0,0.0,0.0,0.0,0.0,0.0,0.0,0.0,0.0,0.0,0.0,0.0,0.0,15.0,0.0,56.0,3.0,10.0,0.3,0.0,0.0,0.0,3.0,10.0,0.3,0.3,6.0,13.0,0.462,4.0,15.0,19.0,1.0,2.0,4.0,11.0,8.0,12.0,0.0,0.0,0.382,0.0,1.3,8.1,29.9,19.1,2.3,1.7,6.4,41.2,20.7,-0.3,0.1,-0.2,-0.174,-13.3,0.8,-12.6,-0.1,0.0,2021
525,Vincent Poirier,3.9,0.3,1.2,0.25,0.0,0.1,0.0,0.3,1.1,0.273,0.25,0.2,0.6,0.333,0.6,0.8,1.4,0.2,0.0,0.3,0.4,0.8,0.8,0.0,0.0,1010.0,0.0,0.0,0.0,0.0,0.0,0.0,0.0,0.0,0.0,0.0,0.0,0.0,0.0,10.0,0.0,39.0,3.0,12.0,0.25,0.0,1.0,0.0,3.0,11.0,0.273,0.25,2.0,6.0,0.333,6.0,8.0,14.0,2.0,0.0,3.0,4.0,8.0,8.0,0.0,1.6,0.273,0.083,0.5,17.2,22.2,19.8,6.6,0.0,6.9,21.5,20.6,-0.2,0.1,-0.1,-0.127,-12.3,-2.4,-14.8,-0.1,0.0,2021
526,Nick Richards,3.5,0.2,0.5,0.444,0.0,0.1,0.0,0.2,0.4,0.5,0.444,0.4,0.6,0.636,0.2,0.4,0.6,0.1,0.0,0.0,0.2,0.4,0.8,0.0,0.0,1010.0,0.0,0.0,0.0,0.0,0.0,0.0,0.0,0.0,0.0,0.0,0.0,0.0,0.0,18.0,0.0,63.0,4.0,9.0,0.444,0.0,1.0,0.0,4.0,8.0,0.5,0.444,7.0,11.0,0.636,4.0,7.0,11.0,2.0,0.0,0.0,3.0,7.0,15.0,0.0,5.5,0.542,0.111,1.222,6.8,12.2,9.5,4.2,0.0,0.0,17.8,11.5,0.0,0.0,0.0,0.026,-5.9,-2.1,-8.0,-0.1,0.0,2021
527,Keljin Blevins,4.4,0.3,1.2,0.25,0.1,0.5,0.25,0.2,0.7,0.25,0.3,0.0,0.0,0.0,0.2,0.4,0.6,0.2,0.1,0.0,0.3,0.5,0.7,0.0,0.0,1010.0,0.0,0.0,0.0,0.0,0.0,0.0,0.0,0.0,0.0,0.0,0.0,0.0,0.0,17.0,0.0,75.0,5.0,20.0,0.25,2.0,8.0,0.25,3.0,12.0,0.25,0.3,0.0,0.0,0.0,3.0,7.0,10.0,4.0,2.0,0.0,5.0,8.0,12.0,0.0,-0.9,0.3,0.4,0.0,4.2,10.3,7.1,6.7,1.3,0.0,20.0,14.3,-0.2,0.0,-0.2,-0.137,-8.3,-2.3,-10.7,-0.2,0.0,2021
528,Ty-Shon Alexander,3.1,0.2,0.8,0.25,0.1,0.6,0.222,0.1,0.2,0.333,0.333,0.1,0.1,0.5,0.1,0.5,0.7,0.4,0.0,0.1,0.2,0.1,0.6,0.0,0.0,1010.0,0.0,0.0,0.0,0.0,0.0,0.0,0.0,0.0,0.0,0.0,0.0,0.0,0.0,15.0,0.0,47.0,3.0,12.0,0.25,2.0,9.0,0.222,1.0,3.0,0.333,0.333,1.0,2.0,0.5,2.0,8.0,10.0,6.0,0.0,1.0,3.0,2.0,9.0,0.0,4.2,0.349,0.75,0.167,4.9,19.0,12.1,15.4,0.0,1.9,18.9,15.0,-0.1,0.0,0.0,-0.048,-4.8,-1.7,-6.5,-0.1,0.0,2021
529,Brian Bowen,2.5,0.2,0.7,0.25,0.0,0.2,0.0,0.2,0.5,0.333,0.25,0.2,0.2,1.0,0.0,0.5,0.5,0.0,0.0,0.0,0.0,0.2,0.5,0.0,0.0,1010.0,0.0,0.0,0.0,0.0,0.0,0.0,0.0,0.0,0.0,0.0,0.0,0.0,0.0,6.0,0.0,15.0,1.0,4.0,0.25,0.0,1.0,0.0,1.0,3.0,0.333,0.25,1.0,1.0,1.0,0.0,3.0,3.0,0.0,0.0,0.0,0.0,1.0,3.0,0.0,1.0,0.338,0.25,0.25,0.0,21.6,10.8,0.0,0.0,0.0,0.0,12.6,0.0,0.0,0.0,-0.063,-8.1,-2.9,-11.0,0.0,0.0,2021
530,Jared Dudley,6.8,0.2,0.8,0.222,0.2,0.5,0.333,0.0,0.3,0.0,0.333,0.0,0.0,0.0,0.3,1.4,1.8,0.4,0.1,0.1,0.2,0.6,0.5,0.0,0.0,1010.0,0.0,0.0,0.0,0.0,0.0,0.0,0.0,0.0,0.0,0.0,0.0,0.0,0.0,12.0,0.0,81.0,2.0,9.0,0.222,2.0,6.0,0.333,0.0,3.0,0.0,0.333,0.0,0.0,0.0,4.0,17.0,21.0,5.0,1.0,1.0,2.0,7.0,6.0,0.0,4.4,0.333,0.667,0.0,5.6,23.5,14.6,7.6,0.6,1.1,18.2,5.9,0.0,0.1,0.1,0.053,-4.4,0.9,-3.5,0.0,0.0,2021
531,Jared Harper,2.0,0.0,0.5,0.0,0.0,0.1,0.0,0.0,0.4,0.0,0.0,0.4,0.5,0.75,0.0,0.3,0.3,0.1,0.0,0.0,0.4,0.1,0.4,0.0,0.0,1010.0,0.0,0.0,0.0,0.0,0.0,0.0,0.0,0.0,0.0,0.0,0.0,0.0,0.0,8.0,0.0,16.0,0.0,4.0,0.0,0.0,1.0,0.0,0.0,3.0,0.0,0.0,3.0,4.0,0.75,0.0,2.0,2.0,1.0,0.0,0.0,3.0,1.0,3.0,0.0,-10.8,0.26,0.25,1.0,0.0,13.4,6.8,7.7,0.0,0.0,34.2,24.4,-0.1,0.0,-0.1,-0.365,-16.6,-5.5,-22.1,-0.1,0.0,2021
532,Jaylen Adams,2.6,0.1,1.1,0.125,0.0,0.3,0.0,0.1,0.9,0.167,0.125,0.0,0.0,0.0,0.0,0.4,0.4,0.3,0.0,0.0,0.0,0.1,0.3,0.0,0.0,1010.0,0.0,0.0,0.0,0.0,0.0,0.0,0.0,0.0,0.0,0.0,0.0,0.0,0.0,7.0,0.0,18.0,1.0,8.0,0.125,0.0,2.0,0.0,1.0,6.0,0.167,0.125,0.0,0.0,0.0,0.0,3.0,3.0,2.0,0.0,0.0,0.0,1.0,2.0,0.0,-6.5,0.125,0.25,0.0,0.0,16.9,8.8,12.7,0.0,0.0,0.0,18.6,-0.1,0.0,-0.1,-0.252,-15.1,-4.6,-19.8,-0.1,0.0,2021
533,Terrance Ferguson,3.8,0.1,0.5,0.143,0.0,0.4,0.0,0.1,0.2,0.5,0.143,0.0,0.0,0.0,0.0,0.1,0.1,0.2,0.1,0.0,0.3,0.5,0.2,0.0,0.0,1010.0,0.0,0.0,0.0,0.0,0.0,0.0,0.0,0.0,0.0,0.0,0.0,0.0,0.0,13.0,0.0,49.0,1.0,7.0,0.143,0.0,5.0,0.0,1.0,2.0,0.5,0.143,0.0,0.0,0.0,0.0,1.0,1.0,2.0,1.0,0.0,4.0,7.0,2.0,0.0,-7.1,0.143,0.714,0.0,0.0,2.2,1.1,4.9,1.0,0.0,36.4,9.7,-0.2,0.0,-0.2,-0.161,-12.1,-2.2,-14.3,-0.2,0.0,2021
534,Theo Pinson,2.0,0.1,0.5,0.111,0.0,0.5,0.0,0.1,0.1,1.0,0.111,0.0,0.0,0.0,0.0,0.3,0.3,0.1,0.0,0.0,0.1,0.2,0.1,0.0,0.0,1010.0,0.0,0.0,0.0,0.0,0.0,0.0,0.0,0.0,0.0,0.0,0.0,0.0,0.0,17.0,0.0,34.0,1.0,9.0,0.111,0.0,8.0,0.0,1.0,1.0,1.0,0.111,0.0,0.0,0.0,0.0,5.0,5.0,1.0,0.0,0.0,1.0,4.0,2.0,0.0,-8.1,0.111,0.889,0.0,0.0,15.8,8.0,3.7,0.0,0.0,10.0,13.1,-0.2,0.0,-0.1,-0.205,-13.2,-2.5,-15.7,-0.1,0.0,2021
535,Ashton Hagans,2.0,0.0,0.0,0.0,0.0,0.0,0.0,0.0,0.0,0.0,0.0,0.0,0.0,0.0,0.0,0.0,0.0,0.0,0.0,0.0,0.5,0.0,0.0,0.0,0.0,1010.0,0.0,0.0,0.0,0.0,0.0,0.0,0.0,0.0,0.0,0.0,0.0,0.0,0.0,2.0,0.0,4.0,0.0,0.0,0.0,0.0,0.0,0.0,0.0,0.0,0.0,0.0,0.0,0.0,0.0,0.0,0.0,0.0,0.0,0.0,0.0,1.0,0.0,0.0,0.0,-12.4,0.0,0.0,0.0,0.0,0.0,0.0,0.0,0.0,0.0,100.0,10.5,0.0,0.0,0.0,-0.353,-13.7,-7.4,-21.1,0.0,0.0,2021
536,Will Magnay,3.0,0.0,1.0,0.0,0.0,1.0,0.0,0.0,0.0,0.0,0.0,0.0,0.0,0.0,0.0,0.0,0.0,0.0,0.0,0.0,1.0,1.0,0.0,0.0,0.0,1010.0,0.0,0.0,0.0,0.0,0.0,0.0,0.0,0.0,0.0,0.0,0.0,0.0,0.0,1.0,0.0,3.0,0.0,1.0,0.0,0.0,1.0,0.0,0.0,0.0,0.0,0.0,0.0,0.0,0.0,0.0,0.0,0.0,0.0,0.0,0.0,1.0,1.0,0.0,0.0,-35.1,0.0,1.0,0.0,0.0,0.0,0.0,0.0,0.0,0.0,50.0,28.0,0.0,0.0,0.0,-0.787,-30.7,-8.6,-39.3,0.0,0.0,2021
537,Anžejs Pasečņiks,6.0,0.0,1.0,0.0,0.0,1.0,0.0,0.0,0.0,0.0,0.0,0.0,0.0,0.0,1.0,0.0,1.0,1.0,0.0,0.0,5.0,2.0,0.0,0.0,0.0,1010.0,0.0,0.0,0.0,0.0,0.0,0.0,0.0,0.0,0.0,0.0,0.0,0.0,0.0,1.0,0.0,6.0,0.0,1.0,0.0,0.0,1.0,0.0,0.0,0.0,0.0,0.0,0.0,0.0,0.0,1.0,0.0,1.0,1.0,0.0,0.0,5.0,2.0,0.0,0.0,-40.6,0.0,1.0,0.0,17.7,0.0,8.8,18.7,0.0,0.0,83.3,41.4,-0.1,0.0,-0.1,-1.113,-40.7,-5.9,-46.6,-0.1,0.0,2021
538,Noah Vonleh,2.8,0.0,0.8,0.0,0.0,0.5,0.0,0.0,0.3,0.0,0.0,0.0,0.0,0.0,0.0,0.3,0.3,0.3,0.0,0.0,0.5,0.5,0.0,0.0,0.0,1010.0,0.0,0.0,0.0,0.0,0.0,0.0,0.0,0.0,0.0,0.0,0.0,0.0,0.0,4.0,0.0,11.0,0.0,3.0,0.0,0.0,2.0,0.0,0.0,1.0,0.0,0.0,0.0,0.0,0.0,0.0,1.0,1.0,1.0,0.0,0.0,2.0,2.0,0.0,0.0,-19.0,0.0,0.667,0.0,0.0,9.6,5.0,10.2,0.0,0.0,40.0,19.8,-0.1,0.0,-0.1,-0.488,-21.3,-5.0,-26.3,-0.1,0.0,2021
539,Greg Whittington,3.0,0.0,0.8,0.0,0.0,0.5,0.0,0.0,0.3,0.0,0.0,0.0,0.0,0.0,0.0,0.0,0.0,0.0,0.0,0.0,0.0,0.0,0.0,0.0,0.0,1010.0,0.0,0.0,0.0,0.0,0.0,0.0,0.0,0.0,0.0,0.0,0.0,0.0,0.0,4.0,0.0,12.0,0.0,3.0,0.0,0.0,2.0,0.0,0.0,1.0,0.0,0.0,0.0,0.0,0.0,0.0,0.0,0.0,0.0,0.0,0.0,0.0,0.0,0.0,0.0,-10.2,0.0,0.667,0.0,0.0,0.0,0.0,0.0,0.0,0.0,0.0,10.9,-0.1,0.0,-0.1,-0.259,-11.4,-5.7,-17.2,0.0,0.0,2021
