,Player,MPPG,FGPG,FGAPG,FG%PG,3PPG,3PAPG,3P%PG,2PPG,2PAPG,2P%PG,eFG%PG,FTPG,FTAPG,FT%PG,ORBPG,DRBPG,TRBPG,ASTPG,STLPG,BLKPG,TOVPG,PFPG,PTSPG,First,Pts Won,Pts Max,Share,G_x,MP_x,PTS_x,TRB_x,AST_x,STL_x,BLK_x,FG%_x,3P%_x,FT%_x,WS_x,WS/48_x,G_y,GS,MP_y,FG,FGA,FG%_y,3P,3PA,3P%_y,2P,2PA,2P%,eFG%,FT,FTA,FT%_y,ORB,DRB,TRB_y,AST_y,STL_y,BLK_y,TOV,PF,PTS_y,Trp-Dbl,PER,TS%,3PAr,FTr,ORB%,DRB%,TRB%,AST%,STL%,BLK%,TOV%,USG%,OWS,DWS,WS_y,WS/48_y,OBPM,DBPM,BPM,VORP,First Pts Share,Year
0,Joel Embiid,33.8,9.8,19.6,0.499,1.4,3.7,0.371,8.4,15.9,0.529,0.534,9.6,11.8,0.814,2.1,9.6,11.7,4.2,1.1,1.5,3.1,2.7,30.6,26.0,706.0,1000.0,0.706,68.0,33.8,30.6,11.7,4.2,1.1,1.5,0.499,0.371,0.814,12.0,0.252,68.0,68.0,2297.0,666.0,1334.0,0.499,93.0,251.0,0.371,573.0,1083.0,0.529,0.534,654.0,803.0,0.814,146.0,650.0,796.0,284.0,77.0,99.0,214.0,181.0,2079.0,2.0,31.2,0.616,0.188,0.602,7.2,31.1,19.4,23.5,1.7,3.9,11.3,37.2,7.9,4.1,12.0,0.252,7.2,2.0,9.2,6.5,0.026,2022
1,LeBron James,37.2,11.4,21.8,0.524,2.9,8.0,0.359,8.6,13.8,0.62,0.59,4.5,6.0,0.756,1.1,7.1,8.2,6.2,1.3,1.1,3.5,2.2,30.3,0.0,1.0,1000.0,0.001,56.0,37.2,30.3,8.2,6.2,1.3,1.1,0.524,0.359,0.756,7.5,0.172,56.0,56.0,2084.0,640.0,1221.0,0.524,161.0,448.0,0.359,479.0,773.0,0.62,0.59,254.0,336.0,0.756,63.0,396.0,459.0,349.0,73.0,59.0,196.0,121.0,1695.0,6.0,26.2,0.619,0.367,0.275,3.3,20.4,11.8,30.6,1.7,2.5,12.5,32.3,5.2,2.3,7.5,0.172,6.9,0.8,7.7,5.1,0.0,2022
2,Giannis Antetokounmpo,32.9,10.3,18.6,0.553,1.1,3.6,0.293,9.2,15.0,0.616,0.582,8.3,11.4,0.722,2.0,9.6,11.6,5.8,1.1,1.4,3.3,3.2,29.9,9.0,595.0,1000.0,0.595,67.0,32.9,29.9,11.6,5.8,1.1,1.4,0.553,0.293,0.722,12.9,0.281,67.0,67.0,2204.0,689.0,1245.0,0.553,71.0,242.0,0.293,618.0,1003.0,0.616,0.582,553.0,766.0,0.722,134.0,644.0,778.0,388.0,72.0,91.0,219.0,212.0,2002.0,4.0,32.1,0.633,0.194,0.615,6.6,30.4,18.7,31.7,1.6,4.0,12.2,34.9,9.2,3.7,12.9,0.281,7.6,3.5,11.2,7.4,0.009,2022
3,Kevin Durant,37.2,10.5,20.3,0.518,2.1,5.5,0.383,8.4,14.8,0.568,0.57,6.8,7.4,0.91,0.5,6.9,7.4,6.4,0.9,0.9,3.5,2.1,29.9,0.0,1.0,1000.0,0.001,55.0,37.2,29.9,7.4,6.4,0.9,0.9,0.518,0.383,0.91,8.4,0.198,55.0,55.0,2047.0,578.0,1115.0,0.518,115.0,300.0,0.383,463.0,815.0,0.568,0.57,372.0,409.0,0.91,29.0,378.0,407.0,351.0,48.0,52.0,191.0,113.0,1643.0,4.0,25.6,0.634,0.269,0.367,1.6,19.6,10.8,29.1,1.1,2.3,12.9,31.2,6.4,2.0,8.4,0.198,6.4,0.7,7.2,4.8,0.0,2022
4,Luka Dončić,35.4,9.9,21.6,0.457,3.1,8.8,0.353,6.8,12.8,0.528,0.529,5.6,7.5,0.744,0.9,8.3,9.1,8.7,1.2,0.6,4.5,2.2,28.4,0.0,146.0,1000.0,0.146,65.0,35.4,28.4,9.1,8.7,1.2,0.6,0.457,0.353,0.744,7.6,0.159,65.0,65.0,2301.0,641.0,1403.0,0.457,201.0,569.0,0.353,440.0,834.0,0.528,0.529,364.0,489.0,0.744,56.0,537.0,593.0,568.0,75.0,36.0,292.0,145.0,1847.0,10.0,25.1,0.571,0.406,0.349,2.7,26.0,14.3,46.0,1.6,1.4,15.3,37.4,3.8,3.8,7.6,0.159,6.4,1.8,8.2,5.9,0.0,2022
5,Trae Young,34.9,9.4,20.3,0.46,3.1,8.0,0.382,6.3,12.3,0.512,0.536,6.6,7.3,0.904,0.7,3.1,3.7,9.7,0.9,0.1,4.0,1.7,28.4,0.0,0.0,1000.0,0.0,0.0,0.0,0.0,0.0,0.0,0.0,0.0,0.0,0.0,0.0,0.0,0.0,76.0,76.0,2652.0,711.0,1544.0,0.46,233.0,610.0,0.382,478.0,934.0,0.512,0.536,500.0,553.0,0.904,50.0,234.0,284.0,737.0,72.0,7.0,303.0,128.0,2155.0,0.0,25.4,0.603,0.395,0.358,2.1,9.6,5.9,46.7,1.3,0.2,14.5,34.4,9.0,1.0,10.0,0.181,7.1,-2.0,5.2,4.8,0.0,2022
6,DeMar DeRozan,36.1,10.2,20.2,0.504,0.7,1.9,0.352,9.5,18.3,0.52,0.521,6.8,7.8,0.877,0.7,4.4,5.2,4.9,0.9,0.3,2.4,2.3,27.9,0.0,1.0,1000.0,0.001,76.0,36.1,27.9,5.2,4.9,0.9,0.3,0.504,0.352,0.877,8.8,0.154,76.0,76.0,2743.0,774.0,1535.0,0.504,50.0,142.0,0.352,724.0,1393.0,0.52,0.521,520.0,593.0,0.877,56.0,336.0,392.0,374.0,68.0,24.0,181.0,178.0,2118.0,0.0,23.1,0.59,0.093,0.386,2.3,13.7,8.0,23.3,1.2,0.8,9.2,31.8,7.0,1.8,8.8,0.154,3.4,-0.9,2.5,3.1,0.0,2022
7,Kyrie Irving,37.6,10.0,21.2,0.469,3.4,8.2,0.418,6.5,13.0,0.501,0.55,4.1,4.4,0.915,0.6,3.8,4.4,5.8,1.4,0.6,2.5,2.8,27.4,0.0,0.0,1000.0,0.0,0.0,0.0,0.0,0.0,0.0,0.0,0.0,0.0,0.0,0.0,0.0,0.0,29.0,29.0,1091.0,289.0,616.0,0.469,100.0,239.0,0.418,189.0,377.0,0.501,0.55,118.0,129.0,0.915,16.0,111.0,127.0,167.0,41.0,17.0,73.0,81.0,796.0,0.0,21.4,0.592,0.388,0.209,1.6,10.8,6.3,25.2,1.8,1.4,9.8,29.4,2.4,0.9,3.3,0.147,4.2,-1.2,3.0,1.4,0.0,2022
8,Ja Morant,33.1,10.2,20.6,0.493,1.5,4.5,0.344,8.6,16.2,0.534,0.53,5.5,7.3,0.761,1.4,4.4,5.7,6.7,1.2,0.4,3.4,1.5,27.4,0.0,10.0,1000.0,0.01,57.0,33.1,27.4,5.7,6.7,1.2,0.4,0.493,0.344,0.761,6.7,0.171,57.0,57.0,1889.0,580.0,1177.0,0.493,88.0,256.0,0.344,492.0,921.0,0.534,0.53,316.0,415.0,0.761,77.0,248.0,325.0,384.0,66.0,22.0,196.0,86.0,1564.0,1.0,24.4,0.575,0.218,0.353,4.2,14.1,9.0,34.1,1.7,1.0,12.6,33.7,4.6,2.1,6.7,0.171,6.2,-0.1,6.1,3.9,0.0,2022
9,Nikola Jokić,33.5,10.3,17.7,0.583,1.3,3.9,0.337,9.0,13.8,0.652,0.62,5.1,6.3,0.81,2.8,11.0,13.8,7.9,1.5,0.9,3.8,2.6,27.1,65.0,875.0,1000.0,0.875,74.0,33.5,27.1,13.8,7.9,1.5,0.9,0.583,0.337,0.81,15.2,0.296,74.0,74.0,2476.0,764.0,1311.0,0.583,97.0,288.0,0.337,667.0,1023.0,0.652,0.62,379.0,468.0,0.81,206.0,813.0,1019.0,584.0,109.0,63.0,281.0,191.0,2004.0,19.0,32.8,0.661,0.22,0.357,9.6,35.5,23.0,42.6,2.2,2.3,15.6,31.9,10.8,4.5,15.2,0.296,9.2,4.5,13.7,9.8,0.065,2022
10,Jayson Tatum,35.9,9.3,20.6,0.453,3.0,8.6,0.353,6.3,12.0,0.524,0.526,5.3,6.2,0.853,1.1,6.9,8.0,4.4,1.0,0.6,2.9,2.3,26.9,0.0,43.0,1000.0,0.043,76.0,35.9,26.9,8.0,4.4,1.0,0.6,0.453,0.353,0.853,9.6,0.169,76.0,76.0,2731.0,708.0,1564.0,0.453,230.0,651.0,0.353,478.0,913.0,0.524,0.526,400.0,469.0,0.853,85.0,524.0,609.0,334.0,75.0,49.0,217.0,174.0,2046.0,0.0,21.8,0.578,0.416,0.3,3.5,20.2,12.1,21.1,1.4,1.6,10.9,32.1,5.0,4.6,9.6,0.169,4.3,0.6,5.0,4.8,0.0,2022
11,Devin Booker,34.5,9.7,20.9,0.466,2.7,7.0,0.383,7.0,13.9,0.508,0.53,4.6,5.3,0.868,0.7,4.4,5.0,4.8,1.1,0.4,2.4,2.6,26.8,0.0,216.0,1000.0,0.216,68.0,34.5,26.8,5.0,4.8,1.1,0.4,0.466,0.383,0.868,7.6,0.156,68.0,68.0,2345.0,662.0,1421.0,0.466,183.0,478.0,0.383,479.0,943.0,0.508,0.53,315.0,363.0,0.868,45.0,297.0,342.0,329.0,77.0,26.0,162.0,180.0,1822.0,0.0,21.3,0.576,0.336,0.255,2.1,13.2,7.8,22.4,1.6,1.0,9.3,32.0,4.3,3.3,7.6,0.156,3.9,0.2,4.1,3.6,0.0,2022
12,Donovan Mitchell,33.8,9.2,20.5,0.448,3.5,9.8,0.355,5.7,10.8,0.533,0.533,4.0,4.7,0.853,0.8,3.4,4.2,5.3,1.5,0.2,3.0,2.4,25.9,0.0,0.0,1000.0,0.0,0.0,0.0,0.0,0.0,0.0,0.0,0.0,0.0,0.0,0.0,0.0,0.0,67.0,67.0,2266.0,617.0,1376.0,0.448,232.0,654.0,0.355,385.0,722.0,0.533,0.533,267.0,313.0,0.853,55.0,227.0,282.0,358.0,99.0,12.0,200.0,164.0,1733.0,0.0,21.6,0.572,0.475,0.227,2.7,10.6,6.8,27.7,2.2,0.5,11.7,32.9,4.7,2.5,7.2,0.152,4.6,-0.3,4.3,3.6,0.0,2022
13,Stephen Curry,34.5,8.4,19.1,0.437,4.5,11.7,0.38,3.9,7.4,0.527,0.554,4.3,4.7,0.923,0.5,4.7,5.2,6.3,1.3,0.4,3.2,2.0,25.5,0.0,4.0,1000.0,0.004,64.0,34.5,25.5,5.2,6.3,1.3,0.4,0.437,0.38,0.923,8.0,0.173,64.0,64.0,2211.0,535.0,1224.0,0.437,285.0,750.0,0.38,250.0,474.0,0.527,0.554,275.0,298.0,0.923,34.0,301.0,335.0,404.0,85.0,23.0,206.0,130.0,1630.0,2.0,21.4,0.601,0.613,0.243,1.7,14.4,8.3,30.4,1.9,1.0,13.2,30.8,4.6,3.4,8.0,0.173,5.4,0.4,5.8,4.4,0.0,2022
14,Karl-Anthony Towns,33.5,8.7,16.4,0.529,2.0,4.9,0.41,6.6,11.5,0.58,0.591,5.2,6.3,0.822,2.6,7.2,9.8,3.6,1.0,1.1,3.1,3.6,24.6,0.0,0.0,1000.0,0.0,0.0,0.0,0.0,0.0,0.0,0.0,0.0,0.0,0.0,0.0,0.0,0.0,74.0,74.0,2476.0,642.0,1214.0,0.529,150.0,366.0,0.41,492.0,848.0,0.58,0.591,384.0,467.0,0.822,194.0,533.0,727.0,269.0,72.0,83.0,226.0,267.0,1818.0,1.0,24.1,0.64,0.301,0.385,8.2,23.6,15.7,18.0,1.4,3.2,13.7,27.8,7.1,3.2,10.3,0.199,4.5,0.5,5.0,4.4,0.0,2022
15,Shai Gilgeous-Alexander,34.7,8.5,18.8,0.453,1.6,5.3,0.3,6.9,13.5,0.514,0.496,5.9,7.2,0.81,0.7,4.3,5.0,5.9,1.3,0.8,2.8,2.5,24.5,0.0,0.0,1000.0,0.0,0.0,0.0,0.0,0.0,0.0,0.0,0.0,0.0,0.0,0.0,0.0,0.0,56.0,56.0,1942.0,477.0,1052.0,0.453,89.0,297.0,0.3,388.0,755.0,0.514,0.496,328.0,405.0,0.81,37.0,241.0,278.0,331.0,71.0,46.0,154.0,142.0,1371.0,1.0,20.9,0.557,0.282,0.385,1.9,13.0,7.4,31.1,1.8,2.2,11.1,30.8,2.8,1.8,4.6,0.113,2.9,0.5,3.4,2.7,0.0,2022
16,Zach LaVine,34.7,8.4,17.7,0.476,2.8,7.1,0.389,5.7,10.6,0.534,0.554,4.8,5.6,0.853,0.3,4.3,4.6,4.5,0.6,0.3,2.6,1.8,24.4,0.0,0.0,1000.0,0.0,0.0,0.0,0.0,0.0,0.0,0.0,0.0,0.0,0.0,0.0,0.0,0.0,67.0,67.0,2328.0,565.0,1186.0,0.476,185.0,475.0,0.389,380.0,711.0,0.534,0.554,320.0,375.0,0.853,22.0,286.0,308.0,303.0,41.0,23.0,171.0,120.0,1635.0,0.0,20.0,0.605,0.401,0.316,1.1,13.8,7.4,20.8,0.9,0.9,11.2,28.8,4.5,1.3,5.8,0.12,3.9,-1.5,2.4,2.6,0.0,2022
17,Paul George,34.7,8.6,20.5,0.421,2.9,8.3,0.354,5.7,12.2,0.467,0.493,4.1,4.8,0.858,0.4,6.5,6.9,5.7,2.2,0.4,4.1,2.4,24.3,0.0,0.0,1000.0,0.0,0.0,0.0,0.0,0.0,0.0,0.0,0.0,0.0,0.0,0.0,0.0,0.0,31.0,31.0,1077.0,268.0,636.0,0.421,91.0,257.0,0.354,177.0,379.0,0.467,0.493,127.0,148.0,0.858,12.0,201.0,213.0,176.0,67.0,13.0,126.0,74.0,754.0,0.0,18.6,0.538,0.404,0.233,1.2,19.2,10.5,28.1,3.0,1.0,15.2,33.7,-0.6,1.9,1.3,0.057,1.8,1.9,3.7,1.6,0.0,2022
18,Damian Lillard,36.4,7.7,19.0,0.402,3.2,9.8,0.324,4.5,9.2,0.485,0.486,5.5,6.2,0.878,0.4,3.7,4.1,7.3,0.6,0.4,2.9,1.3,24.0,0.0,0.0,1000.0,0.0,0.0,0.0,0.0,0.0,0.0,0.0,0.0,0.0,0.0,0.0,0.0,0.0,29.0,29.0,1056.0,222.0,552.0,0.402,92.0,284.0,0.324,130.0,268.0,0.485,0.486,159.0,181.0,0.878,13.0,107.0,120.0,212.0,17.0,11.0,83.0,37.0,695.0,0.0,18.5,0.55,0.514,0.328,1.3,11.6,6.2,34.0,0.8,1.0,11.6,29.3,1.7,0.1,1.7,0.079,4.0,-2.7,1.3,0.9,0.0,2022
19,Jaylen Brown,33.6,8.7,18.4,0.473,2.5,7.0,0.358,6.2,11.4,0.544,0.541,3.7,4.8,0.758,0.8,5.3,6.1,3.5,1.1,0.3,2.7,2.5,23.6,0.0,0.0,1000.0,0.0,0.0,0.0,0.0,0.0,0.0,0.0,0.0,0.0,0.0,0.0,0.0,0.0,66.0,66.0,2220.0,576.0,1217.0,0.473,166.0,464.0,0.358,410.0,753.0,0.544,0.541,241.0,318.0,0.758,53.0,351.0,404.0,231.0,70.0,18.0,178.0,163.0,1559.0,2.0,18.9,0.574,0.381,0.261,2.6,16.7,9.8,17.9,1.6,0.7,11.6,30.5,2.3,3.4,5.8,0.124,1.9,0.1,2.1,2.2,0.0,2022
20,Bradley Beal,36.0,8.7,19.3,0.451,1.6,5.3,0.3,7.1,14.0,0.508,0.492,4.2,5.1,0.833,1.0,3.8,4.7,6.6,0.9,0.4,3.4,2.4,23.2,0.0,0.0,1000.0,0.0,0.0,0.0,0.0,0.0,0.0,0.0,0.0,0.0,0.0,0.0,0.0,0.0,40.0,40.0,1439.0,348.0,771.0,0.451,63.0,210.0,0.3,285.0,561.0,0.508,0.492,169.0,203.0,0.833,38.0,151.0,189.0,265.0,36.0,15.0,135.0,95.0,928.0,0.0,17.5,0.539,0.272,0.263,3.0,11.4,7.3,30.8,1.2,0.9,13.6,30.8,0.6,0.7,1.4,0.046,2.0,-1.2,0.8,1.0,0.0,2022
21,Anthony Davis,35.1,9.3,17.4,0.532,0.3,1.8,0.186,8.9,15.6,0.571,0.542,4.4,6.1,0.713,2.7,7.2,9.9,3.1,1.2,2.3,2.1,2.4,23.2,0.0,0.0,1000.0,0.0,0.0,0.0,0.0,0.0,0.0,0.0,0.0,0.0,0.0,0.0,0.0,0.0,40.0,40.0,1404.0,370.0,695.0,0.532,13.0,70.0,0.186,357.0,625.0,0.571,0.542,174.0,244.0,0.713,106.0,288.0,394.0,122.0,49.0,90.0,82.0,97.0,927.0,0.0,23.9,0.578,0.101,0.351,8.1,22.0,15.1,14.7,1.7,5.7,9.3,27.1,2.6,2.0,4.5,0.155,2.6,1.2,3.8,2.0,0.0,2022
22,De'Aaron Fox,35.3,8.7,18.5,0.473,1.3,4.2,0.297,7.5,14.3,0.524,0.506,4.4,5.9,0.75,0.4,3.5,3.9,5.6,1.2,0.4,2.8,2.9,23.2,0.0,0.0,1000.0,0.0,0.0,0.0,0.0,0.0,0.0,0.0,0.0,0.0,0.0,0.0,0.0,0.0,59.0,59.0,2084.0,516.0,1092.0,0.473,74.0,249.0,0.297,442.0,843.0,0.524,0.506,261.0,348.0,0.75,25.0,206.0,231.0,330.0,68.0,25.0,168.0,172.0,1367.0,0.0,17.4,0.549,0.228,0.319,1.3,10.9,6.0,26.8,1.6,1.0,11.9,29.1,1.5,1.0,2.5,0.058,0.6,-1.2,-0.6,0.7,0.0,2022
23,Pascal Siakam,37.9,8.8,17.8,0.494,1.1,3.2,0.344,7.7,14.5,0.527,0.525,4.2,5.6,0.749,1.9,6.6,8.5,5.3,1.3,0.6,2.7,3.3,22.8,0.0,0.0,1000.0,0.0,0.0,0.0,0.0,0.0,0.0,0.0,0.0,0.0,0.0,0.0,0.0,0.0,68.0,68.0,2578.0,596.0,1207.0,0.494,75.0,218.0,0.344,521.0,989.0,0.527,0.525,284.0,379.0,0.749,128.0,452.0,580.0,360.0,85.0,42.0,181.0,225.0,1551.0,2.0,20.3,0.565,0.181,0.314,5.1,20.1,12.2,23.0,1.6,1.6,11.6,25.8,4.9,3.2,8.1,0.151,2.7,0.8,3.5,3.6,0.0,2022
24,Brandon Ingram,34.0,8.2,17.9,0.461,1.3,4.1,0.327,6.9,13.8,0.501,0.498,4.8,5.9,0.826,0.6,5.2,5.8,5.6,0.6,0.5,2.7,2.2,22.7,0.0,0.0,1000.0,0.0,0.0,0.0,0.0,0.0,0.0,0.0,0.0,0.0,0.0,0.0,0.0,0.0,55.0,55.0,1869.0,453.0,983.0,0.461,74.0,226.0,0.327,379.0,757.0,0.501,0.498,266.0,322.0,0.826,35.0,285.0,320.0,307.0,34.0,26.0,151.0,119.0,1246.0,0.0,18.7,0.554,0.23,0.328,2.0,17.3,9.5,27.8,0.9,1.3,11.8,29.3,2.5,1.3,3.9,0.099,2.6,-0.6,2.0,1.9,0.0,2022
25,CJ McCollum,34.6,8.6,18.8,0.46,2.9,7.6,0.388,5.7,11.2,0.509,0.539,1.9,2.7,0.682,0.9,3.5,4.3,5.1,1.1,0.4,2.0,2.0,22.1,0.0,0.0,1000.0,0.0,0.0,0.0,0.0,0.0,0.0,0.0,0.0,0.0,0.0,0.0,0.0,0.0,62.0,62.0,2145.0,536.0,1164.0,0.46,182.0,469.0,0.388,354.0,695.0,0.509,0.539,116.0,170.0,0.682,53.0,216.0,269.0,315.0,70.0,22.0,127.0,121.0,1370.0,0.0,18.3,0.553,0.403,0.146,2.6,11.5,6.9,26.1,1.6,1.0,9.3,27.5,2.6,1.0,3.6,0.081,3.2,-1.3,1.9,2.1,0.0,2022
26,James Harden,37.2,6.3,15.3,0.41,2.3,6.9,0.33,4.0,8.4,0.476,0.485,7.2,8.2,0.877,0.8,6.8,7.7,10.3,1.3,0.6,4.4,2.4,22.0,0.0,0.0,1000.0,0.0,0.0,0.0,0.0,0.0,0.0,0.0,0.0,0.0,0.0,0.0,0.0,0.0,65.0,65.0,2419.0,407.0,992.0,0.41,148.0,448.0,0.33,259.0,544.0,0.476,0.485,470.0,536.0,0.877,55.0,445.0,500.0,667.0,82.0,36.0,284.0,153.0,1432.0,11.0,20.9,0.583,0.452,0.54,2.6,19.7,11.3,40.3,1.7,1.3,18.8,27.2,4.9,2.7,7.6,0.152,3.7,0.3,4.0,3.7,0.0,2022
27,Darius Garland,35.7,8.0,17.3,0.462,2.6,6.7,0.383,5.4,10.6,0.512,0.536,3.2,3.5,0.892,0.6,2.7,3.3,8.6,1.3,0.1,3.6,1.7,21.7,0.0,0.0,1000.0,0.0,0.0,0.0,0.0,0.0,0.0,0.0,0.0,0.0,0.0,0.0,0.0,0.0,68.0,68.0,2430.0,542.0,1173.0,0.462,174.0,454.0,0.383,368.0,719.0,0.512,0.536,215.0,241.0,0.892,39.0,185.0,224.0,583.0,89.0,7.0,248.0,115.0,1473.0,1.0,19.0,0.576,0.387,0.205,1.8,8.2,5.1,39.9,1.8,0.3,16.2,27.8,3.8,2.5,6.3,0.125,3.4,-0.8,2.6,2.8,0.0,2022
28,Jimmy Butler,33.9,7.0,14.5,0.48,0.5,2.0,0.233,6.5,12.5,0.52,0.496,6.9,8.0,0.87,1.8,4.1,5.9,5.5,1.6,0.5,2.1,1.5,21.4,0.0,0.0,1000.0,0.0,0.0,0.0,0.0,0.0,0.0,0.0,0.0,0.0,0.0,0.0,0.0,0.0,57.0,57.0,1931.0,398.0,829.0,0.48,27.0,116.0,0.233,371.0,713.0,0.52,0.496,396.0,455.0,0.87,102.0,234.0,336.0,312.0,94.0,27.0,121.0,88.0,1219.0,4.0,23.6,0.592,0.14,0.549,6.1,13.5,9.9,26.4,2.4,1.5,10.5,26.5,6.2,2.9,9.2,0.228,4.5,1.9,6.3,4.0,0.0,2022
29,Anthony Edwards,34.3,7.6,17.3,0.441,3.0,8.4,0.357,4.6,8.9,0.519,0.527,3.1,3.9,0.786,0.9,3.9,4.8,3.8,1.5,0.6,2.6,2.3,21.3,0.0,0.0,1000.0,0.0,0.0,0.0,0.0,0.0,0.0,0.0,0.0,0.0,0.0,0.0,0.0,0.0,72.0,72.0,2466.0,549.0,1245.0,0.441,215.0,602.0,0.357,334.0,643.0,0.519,0.527,220.0,280.0,0.786,62.0,281.0,343.0,275.0,105.0,46.0,190.0,164.0,1533.0,0.0,16.5,0.56,0.484,0.225,2.6,12.5,7.5,17.4,2.0,1.8,12.2,26.4,1.8,2.4,4.3,0.084,1.6,-0.4,1.2,2.0,0.0,2022
30,Dejounte Murray,34.8,8.4,18.3,0.462,1.4,4.3,0.327,7.0,13.9,0.504,0.5,2.9,3.6,0.794,1.2,7.1,8.3,9.2,2.0,0.3,2.6,2.0,21.1,0.0,0.0,1000.0,0.0,0.0,0.0,0.0,0.0,0.0,0.0,0.0,0.0,0.0,0.0,0.0,0.0,68.0,68.0,2366.0,573.0,1241.0,0.462,96.0,294.0,0.327,477.0,947.0,0.504,0.5,196.0,247.0,0.794,80.0,483.0,563.0,627.0,138.0,23.0,180.0,138.0,1438.0,13.0,22.3,0.533,0.237,0.199,3.5,21.6,12.5,40.6,2.8,0.8,11.8,27.3,3.9,3.4,7.3,0.149,3.7,1.7,5.4,4.4,0.0,2022
31,Tyler Herro,32.6,7.6,17.0,0.447,2.7,6.7,0.399,4.9,10.3,0.477,0.525,2.9,3.3,0.868,0.5,4.5,5.0,4.0,0.7,0.1,2.6,1.4,20.7,0.0,0.0,1000.0,0.0,0.0,0.0,0.0,0.0,0.0,0.0,0.0,0.0,0.0,0.0,0.0,0.0,66.0,10.0,2151.0,501.0,1122.0,0.447,175.0,439.0,0.399,326.0,683.0,0.477,0.525,190.0,219.0,0.868,32.0,297.0,329.0,263.0,44.0,8.0,174.0,95.0,1367.0,0.0,16.2,0.561,0.391,0.195,1.7,15.4,8.7,20.9,1.0,0.4,12.5,28.8,1.3,2.4,3.8,0.084,1.6,-0.9,0.7,1.5,0.0,2022
32,Klay Thompson,29.4,7.7,17.9,0.429,3.6,9.3,0.385,4.1,8.7,0.477,0.529,1.4,1.6,0.902,0.5,3.4,3.9,2.8,0.5,0.5,1.3,1.7,20.4,0.0,0.0,1000.0,0.0,0.0,0.0,0.0,0.0,0.0,0.0,0.0,0.0,0.0,0.0,0.0,0.0,32.0,32.0,941.0,246.0,573.0,0.429,114.0,296.0,0.385,132.0,277.0,0.477,0.529,46.0,51.0,0.902,15.0,110.0,125.0,88.0,16.0,17.0,43.0,54.0,652.0,0.0,16.7,0.547,0.517,0.089,1.8,12.4,7.3,16.1,0.8,1.7,6.7,29.6,0.6,1.2,1.8,0.091,2.6,-1.6,1.1,0.7,0.0,2022
33,Fred VanVleet,37.9,6.8,16.9,0.403,3.7,9.9,0.377,3.1,7.0,0.44,0.513,3.0,3.4,0.874,0.7,3.8,4.4,6.7,1.7,0.5,2.6,2.5,20.3,0.0,0.0,1000.0,0.0,0.0,0.0,0.0,0.0,0.0,0.0,0.0,0.0,0.0,0.0,0.0,0.0,65.0,65.0,2462.0,442.0,1097.0,0.403,242.0,642.0,0.377,200.0,455.0,0.44,0.513,194.0,222.0,0.874,44.0,245.0,289.0,434.0,111.0,35.0,170.0,162.0,1320.0,1.0,17.3,0.552,0.585,0.202,1.8,11.4,6.4,26.7,2.3,1.4,12.5,23.7,3.9,2.8,6.7,0.131,3.1,0.5,3.6,3.5,0.0,2022
34,Kristaps Porziņģis,29.0,6.9,15.0,0.459,1.5,4.9,0.31,5.4,10.1,0.532,0.51,4.9,5.6,0.867,2.0,6.1,8.1,2.3,0.7,1.6,1.6,2.7,20.2,0.0,0.0,1000.0,0.0,0.0,0.0,0.0,0.0,0.0,0.0,0.0,0.0,0.0,0.0,0.0,0.0,51.0,51.0,1481.0,352.0,767.0,0.459,78.0,252.0,0.31,274.0,515.0,0.532,0.51,248.0,286.0,0.867,102.0,309.0,411.0,119.0,37.0,84.0,81.0,137.0,1030.0,0.0,23.7,0.577,0.329,0.373,7.7,23.1,15.4,13.7,1.3,5.0,8.3,29.5,3.2,2.4,5.6,0.18,3.3,0.6,3.9,2.2,0.0,2022
35,Miles Bridges,35.5,7.5,15.2,0.491,1.9,5.8,0.331,5.5,9.4,0.59,0.554,3.3,4.2,0.802,1.1,5.9,7.0,3.8,0.9,0.8,1.9,2.4,20.2,0.0,0.0,1000.0,0.0,0.0,0.0,0.0,0.0,0.0,0.0,0.0,0.0,0.0,0.0,0.0,0.0,80.0,80.0,2837.0,596.0,1214.0,0.491,154.0,465.0,0.331,442.0,749.0,0.59,0.554,267.0,333.0,0.802,90.0,469.0,559.0,300.0,74.0,67.0,150.0,193.0,1613.0,0.0,17.9,0.593,0.383,0.274,3.3,17.8,10.4,15.7,1.3,2.2,9.9,22.6,5.0,2.3,7.2,0.123,1.8,-0.3,1.5,2.5,0.0,2022
36,LaMelo Ball,32.3,7.2,16.7,0.429,2.9,7.5,0.389,4.2,9.2,0.462,0.517,2.8,3.2,0.872,1.4,5.2,6.7,7.6,1.6,0.4,3.3,3.2,20.1,0.0,0.0,1000.0,0.0,0.0,0.0,0.0,0.0,0.0,0.0,0.0,0.0,0.0,0.0,0.0,0.0,75.0,75.0,2422.0,538.0,1254.0,0.429,220.0,565.0,0.389,318.0,689.0,0.462,0.517,212.0,243.0,0.872,108.0,393.0,501.0,571.0,119.0,30.0,245.0,237.0,1508.0,5.0,19.7,0.554,0.451,0.194,4.7,17.4,11.0,35.7,2.4,1.2,15.3,28.2,3.4,2.5,5.8,0.116,3.3,0.1,3.4,3.3,0.0,2022
37,Khris Middleton,32.4,6.8,15.5,0.443,2.5,6.6,0.373,4.4,8.9,0.494,0.522,3.9,4.4,0.89,0.6,4.8,5.4,5.4,1.2,0.3,2.9,2.4,20.1,0.0,0.0,1000.0,0.0,0.0,0.0,0.0,0.0,0.0,0.0,0.0,0.0,0.0,0.0,0.0,0.0,66.0,66.0,2141.0,452.0,1021.0,0.443,162.0,434.0,0.373,290.0,587.0,0.494,0.522,259.0,291.0,0.89,41.0,315.0,356.0,358.0,76.0,18.0,190.0,160.0,1325.0,0.0,18.1,0.577,0.425,0.285,2.1,15.3,8.8,25.5,1.7,0.8,14.2,26.7,3.2,2.2,5.3,0.119,1.9,-0.3,1.6,1.9,0.0,2022
38,Julius Randle,35.3,7.1,17.3,0.411,1.7,5.4,0.308,5.4,11.9,0.458,0.459,4.2,5.6,0.756,1.7,8.2,9.9,5.1,0.7,0.5,3.4,2.8,20.1,0.0,0.0,1000.0,0.0,0.0,0.0,0.0,0.0,0.0,0.0,0.0,0.0,0.0,0.0,0.0,0.0,72.0,72.0,2544.0,512.0,1246.0,0.411,120.0,390.0,0.308,392.0,856.0,0.458,0.459,303.0,401.0,0.756,125.0,591.0,716.0,370.0,53.0,39.0,245.0,205.0,1447.0,1.0,15.7,0.509,0.313,0.322,5.2,25.5,15.1,25.1,1.0,1.5,14.7,28.7,-0.3,3.4,3.1,0.059,0.4,0.2,0.5,1.6,0.0,2022
39,RJ Barrett,34.5,7.0,17.1,0.408,2.0,5.8,0.342,5.0,11.3,0.442,0.466,4.1,5.8,0.714,0.9,4.9,5.8,3.0,0.6,0.2,2.2,2.0,20.0,0.0,0.0,1000.0,0.0,0.0,0.0,0.0,0.0,0.0,0.0,0.0,0.0,0.0,0.0,0.0,0.0,70.0,70.0,2417.0,487.0,1194.0,0.408,138.0,404.0,0.342,349.0,790.0,0.442,0.466,290.0,406.0,0.714,66.0,342.0,408.0,208.0,43.0,16.0,151.0,142.0,1402.0,0.0,13.7,0.511,0.338,0.34,2.9,15.5,9.1,14.9,0.9,0.7,9.9,27.6,0.1,2.2,2.3,0.046,-0.3,-1.3,-1.6,0.2,0.0,2022
40,Terry Rozier,33.7,7.1,16.0,0.444,3.0,8.1,0.374,4.1,7.9,0.516,0.539,2.1,2.4,0.852,0.8,3.5,4.3,4.5,1.3,0.3,1.3,1.6,19.3,0.0,0.0,1000.0,0.0,0.0,0.0,0.0,0.0,0.0,0.0,0.0,0.0,0.0,0.0,0.0,0.0,73.0,73.0,2458.0,518.0,1167.0,0.444,222.0,593.0,0.374,296.0,574.0,0.516,0.539,150.0,176.0,0.852,56.0,259.0,315.0,326.0,93.0,25.0,96.0,119.0,1408.0,1.0,17.6,0.566,0.508,0.151,2.4,11.3,6.8,19.7,1.8,1.0,7.2,23.2,4.3,1.6,5.9,0.115,2.4,-0.7,1.7,2.3,0.0,2022
41,Jerami Grant,31.9,6.3,14.9,0.426,1.9,5.4,0.358,4.4,9.5,0.465,0.491,4.6,5.5,0.838,0.6,3.5,4.1,2.4,0.9,1.0,1.8,2.3,19.2,0.0,0.0,1000.0,0.0,0.0,0.0,0.0,0.0,0.0,0.0,0.0,0.0,0.0,0.0,0.0,0.0,47.0,47.0,1500.0,298.0,699.0,0.426,91.0,254.0,0.358,207.0,445.0,0.465,0.491,217.0,259.0,0.838,28.0,163.0,191.0,111.0,44.0,49.0,85.0,107.0,904.0,0.0,16.1,0.556,0.363,0.371,1.9,12.4,6.9,12.5,1.4,2.9,9.5,25.7,1.2,1.1,2.3,0.075,1.4,-0.2,1.2,1.2,0.0,2022
42,Bam Adebayo,32.6,7.3,13.0,0.557,0.0,0.1,0.0,7.3,12.9,0.562,0.557,4.6,6.1,0.753,2.4,7.6,10.1,3.4,1.4,0.8,2.6,3.1,19.1,0.0,0.0,1000.0,0.0,0.0,0.0,0.0,0.0,0.0,0.0,0.0,0.0,0.0,0.0,0.0,0.0,56.0,56.0,1825.0,406.0,729.0,0.557,0.0,6.0,0.0,406.0,723.0,0.562,0.557,256.0,340.0,0.753,137.0,427.0,564.0,190.0,80.0,44.0,148.0,171.0,1068.0,0.0,21.8,0.608,0.008,0.466,8.7,26.1,17.5,17.5,2.2,2.6,14.4,25.0,3.6,3.5,7.2,0.188,1.7,2.1,3.8,2.7,0.0,2022
43,Malcolm Brogdon,33.5,6.8,15.1,0.448,1.6,5.2,0.312,5.1,9.9,0.518,0.501,4.0,4.6,0.856,0.9,4.2,5.1,5.9,0.8,0.4,2.1,2.0,19.1,0.0,0.0,1000.0,0.0,0.0,0.0,0.0,0.0,0.0,0.0,0.0,0.0,0.0,0.0,0.0,0.0,36.0,36.0,1206.0,243.0,543.0,0.448,58.0,186.0,0.312,185.0,357.0,0.518,0.501,143.0,167.0,0.856,33.0,152.0,185.0,212.0,30.0,14.0,77.0,71.0,687.0,1.0,18.0,0.557,0.343,0.308,3.0,14.3,8.6,26.9,1.2,1.0,11.1,24.6,2.2,0.4,2.7,0.106,2.8,-0.5,2.3,1.3,0.0,2022
44,Norman Powell,32.4,6.2,13.4,0.461,2.4,5.6,0.419,3.8,7.8,0.491,0.549,4.2,5.2,0.811,0.4,2.8,3.2,2.1,0.9,0.5,1.5,2.4,19.0,0.0,0.0,1000.0,0.0,0.0,0.0,0.0,0.0,0.0,0.0,0.0,0.0,0.0,0.0,0.0,0.0,45.0,41.0,1458.0,279.0,605.0,0.461,106.0,253.0,0.419,173.0,352.0,0.491,0.549,189.0,233.0,0.811,20.0,125.0,145.0,96.0,42.0,21.0,69.0,106.0,853.0,0.0,16.3,0.603,0.418,0.385,1.5,9.7,5.4,10.8,1.4,1.4,8.9,23.1,2.4,0.4,2.8,0.093,1.2,-1.5,-0.3,0.6,0.0,2022
45,Domantas Sabonis,34.5,7.1,12.5,0.573,0.6,2.0,0.312,6.5,10.5,0.623,0.598,4.0,5.4,0.741,3.2,8.9,12.1,5.2,1.0,0.4,3.1,3.3,18.9,0.0,0.0,1000.0,0.0,0.0,0.0,0.0,0.0,0.0,0.0,0.0,0.0,0.0,0.0,0.0,0.0,62.0,61.0,2136.0,443.0,773.0,0.573,39.0,125.0,0.312,404.0,648.0,0.623,0.598,246.0,332.0,0.741,201.0,551.0,752.0,323.0,59.0,27.0,195.0,203.0,1171.0,5.0,21.9,0.637,0.162,0.429,10.3,29.0,19.5,23.6,1.3,1.1,17.5,22.3,5.3,1.8,7.1,0.159,3.2,0.9,4.1,3.2,0.0,2022
46,Jordan Poole,30.0,6.2,13.9,0.448,2.8,7.6,0.364,3.5,6.3,0.55,0.548,3.2,3.5,0.925,0.4,3.0,3.4,4.0,0.8,0.3,2.5,2.7,18.5,0.0,0.0,1000.0,0.0,0.0,0.0,0.0,0.0,0.0,0.0,0.0,0.0,0.0,0.0,0.0,0.0,76.0,51.0,2283.0,474.0,1058.0,0.448,211.0,580.0,0.364,263.0,478.0,0.55,0.548,246.0,266.0,0.925,34.0,226.0,260.0,304.0,60.0,23.0,187.0,206.0,1405.0,0.0,16.1,0.598,0.548,0.251,1.7,10.5,6.2,21.0,1.3,1.0,13.7,26.0,3.1,2.9,6.0,0.126,1.3,-0.3,1.0,1.7,0.0,2022
47,Russell Westbrook,34.3,7.0,15.8,0.444,1.0,3.4,0.298,6.0,12.4,0.485,0.476,3.4,5.1,0.667,1.4,6.0,7.4,7.1,1.0,0.3,3.8,3.0,18.5,0.0,0.0,1000.0,0.0,0.0,0.0,0.0,0.0,0.0,0.0,0.0,0.0,0.0,0.0,0.0,0.0,78.0,78.0,2678.0,548.0,1233.0,0.444,79.0,265.0,0.298,469.0,968.0,0.485,0.476,266.0,399.0,0.667,110.0,470.0,580.0,550.0,75.0,20.0,295.0,235.0,1441.0,10.0,15.0,0.512,0.215,0.324,4.4,18.8,11.6,31.6,1.3,0.7,17.3,27.3,-0.6,2.3,1.7,0.03,-0.7,-0.9,-1.6,0.2,0.0,2022
48,Dillon Brooks,27.7,7.1,16.4,0.432,1.4,4.7,0.309,5.7,11.8,0.48,0.475,2.8,3.3,0.849,0.9,2.3,3.2,2.8,1.1,0.3,1.6,3.3,18.4,0.0,0.0,1000.0,0.0,0.0,0.0,0.0,0.0,0.0,0.0,0.0,0.0,0.0,0.0,0.0,0.0,32.0,31.0,885.0,227.0,526.0,0.432,46.0,149.0,0.309,181.0,377.0,0.48,0.475,90.0,106.0,0.849,29.0,73.0,102.0,88.0,36.0,8.0,50.0,105.0,590.0,0.0,15.5,0.515,0.283,0.202,3.4,8.8,6.0,15.4,1.9,0.8,8.0,28.8,0.7,0.9,1.6,0.087,-1.0,-0.8,-1.8,0.0,0.0,2022
49,Jrue Holiday,33.0,7.1,14.2,0.501,2.0,4.8,0.411,5.2,9.4,0.547,0.57,2.0,2.7,0.761,1.0,3.5,4.5,6.8,1.6,0.4,2.7,2.0,18.3,0.0,0.0,1000.0,0.0,0.0,0.0,0.0,0.0,0.0,0.0,0.0,0.0,0.0,0.0,0.0,0.0,67.0,64.0,2208.0,478.0,954.0,0.501,132.0,321.0,0.411,346.0,633.0,0.547,0.57,137.0,180.0,0.761,69.0,232.0,301.0,457.0,108.0,29.0,183.0,133.0,1225.0,0.0,19.8,0.593,0.336,0.189,3.4,10.9,7.2,31.8,2.4,1.3,15.0,23.5,4.5,2.4,6.9,0.15,2.9,0.3,3.2,2.9,0.0,2022
50,Gary Trent Jr.,35.0,6.4,15.5,0.414,3.0,7.8,0.383,3.4,7.7,0.445,0.511,2.5,2.9,0.853,0.4,2.4,2.7,2.0,1.7,0.3,1.0,2.1,18.3,0.0,0.0,1000.0,0.0,0.0,0.0,0.0,0.0,0.0,0.0,0.0,0.0,0.0,0.0,0.0,0.0,70.0,69.0,2448.0,450.0,1086.0,0.414,209.0,545.0,0.383,241.0,541.0,0.445,0.511,174.0,204.0,0.853,26.0,165.0,191.0,141.0,122.0,19.0,73.0,144.0,1283.0,0.0,14.7,0.546,0.502,0.188,1.1,7.7,4.2,8.8,2.5,0.8,5.8,21.8,3.1,2.5,5.6,0.11,-0.1,0.3,0.2,1.3,0.0,2022
51,Desmond Bane,29.8,6.7,14.5,0.461,3.0,6.9,0.436,3.7,7.6,0.484,0.565,1.8,2.0,0.903,0.6,3.8,4.4,2.7,1.2,0.4,1.5,2.6,18.2,0.0,0.0,1000.0,0.0,0.0,0.0,0.0,0.0,0.0,0.0,0.0,0.0,0.0,0.0,0.0,0.0,76.0,76.0,2266.0,508.0,1101.0,0.461,228.0,523.0,0.436,280.0,578.0,0.484,0.565,140.0,155.0,0.903,46.0,288.0,334.0,208.0,92.0,29.0,111.0,196.0,1384.0,0.0,17.6,0.592,0.475,0.141,2.1,13.6,7.7,13.5,1.9,1.1,8.7,23.1,4.5,2.7,7.2,0.153,2.5,0.3,2.7,2.7,0.0,2022
52,Bojan Bogdanović,30.9,6.1,13.4,0.455,2.6,6.8,0.387,3.5,6.7,0.524,0.552,3.2,3.8,0.858,0.8,3.4,4.3,1.7,0.5,0.0,1.7,1.7,18.1,0.0,0.0,1000.0,0.0,0.0,0.0,0.0,0.0,0.0,0.0,0.0,0.0,0.0,0.0,0.0,0.0,69.0,69.0,2131.0,422.0,928.0,0.455,181.0,468.0,0.387,241.0,460.0,0.524,0.552,223.0,260.0,0.858,58.0,238.0,296.0,120.0,34.0,1.0,118.0,116.0,1248.0,0.0,15.7,0.599,0.504,0.28,3.1,11.8,7.6,8.7,0.8,0.0,10.2,23.7,3.6,1.6,5.2,0.118,1.6,-1.6,0.0,1.1,0.0,2022
53,D'Angelo Russell,32.0,6.2,15.0,0.411,2.7,8.0,0.34,3.5,7.0,0.492,0.502,3.0,3.7,0.825,0.4,2.9,3.3,7.1,1.0,0.3,2.5,2.0,18.1,0.0,0.0,1000.0,0.0,0.0,0.0,0.0,0.0,0.0,0.0,0.0,0.0,0.0,0.0,0.0,0.0,65.0,65.0,2077.0,401.0,975.0,0.411,176.0,518.0,0.34,225.0,457.0,0.492,0.502,198.0,240.0,0.825,25.0,191.0,216.0,460.0,62.0,22.0,165.0,130.0,1176.0,0.0,16.3,0.544,0.531,0.246,1.3,10.1,5.6,33.1,1.4,1.0,13.2,25.1,2.9,1.5,4.4,0.101,2.2,-1.5,0.8,1.4,0.0,2022
54,Christian Wood,30.8,6.5,12.9,0.501,1.9,4.9,0.39,4.5,8.0,0.57,0.576,3.0,4.9,0.623,1.6,8.5,10.1,2.3,0.8,1.0,1.9,2.5,17.9,0.0,0.0,1000.0,0.0,0.0,0.0,0.0,0.0,0.0,0.0,0.0,0.0,0.0,0.0,0.0,0.0,68.0,67.0,2094.0,440.0,878.0,0.501,131.0,336.0,0.39,309.0,542.0,0.57,0.576,207.0,332.0,0.623,110.0,576.0,686.0,155.0,54.0,65.0,126.0,171.0,1218.0,0.0,19.1,0.595,0.383,0.378,5.7,30.4,18.0,12.2,1.2,2.8,11.0,23.3,2.9,2.0,4.9,0.112,2.1,-0.4,1.6,1.9,0.0,2022
55,Jonas Valančiūnas,30.3,6.9,12.7,0.544,0.8,2.1,0.361,6.1,10.5,0.581,0.574,3.2,3.9,0.82,3.1,8.3,11.4,2.6,0.6,0.8,2.4,3.3,17.8,0.0,0.0,1000.0,0.0,0.0,0.0,0.0,0.0,0.0,0.0,0.0,0.0,0.0,0.0,0.0,0.0,74.0,74.0,2240.0,510.0,938.0,0.544,57.0,158.0,0.361,453.0,780.0,0.581,0.574,237.0,289.0,0.82,226.0,617.0,843.0,190.0,41.0,60.0,179.0,247.0,1314.0,0.0,21.2,0.617,0.168,0.308,10.9,31.2,20.8,14.0,0.9,2.6,14.4,23.8,4.6,2.7,7.3,0.156,2.0,-0.1,1.9,2.2,0.0,2022
56,Nikola Vučević,33.1,7.5,15.8,0.473,1.4,4.5,0.314,6.1,11.3,0.537,0.518,1.3,1.7,0.76,1.9,9.1,11.0,3.2,1.0,1.0,1.9,2.5,17.6,0.0,0.0,1000.0,0.0,0.0,0.0,0.0,0.0,0.0,0.0,0.0,0.0,0.0,0.0,0.0,0.0,73.0,73.0,2418.0,546.0,1154.0,0.473,104.0,331.0,0.314,442.0,823.0,0.537,0.518,92.0,121.0,0.76,142.0,662.0,804.0,236.0,70.0,71.0,136.0,181.0,1288.0,0.0,18.2,0.533,0.287,0.105,6.6,30.7,18.7,15.2,1.4,2.5,10.1,24.5,1.4,3.2,4.5,0.09,0.8,0.1,0.9,1.8,0.0,2022
57,Tyrese Maxey,35.3,6.4,13.3,0.485,1.8,4.1,0.427,4.7,9.1,0.512,0.552,2.8,3.3,0.866,0.3,2.9,3.2,4.3,0.7,0.4,1.2,2.1,17.5,0.0,0.0,1000.0,0.0,0.0,0.0,0.0,0.0,0.0,0.0,0.0,0.0,0.0,0.0,0.0,0.0,75.0,74.0,2650.0,483.0,995.0,0.485,132.0,309.0,0.427,351.0,686.0,0.512,0.552,213.0,246.0,0.866,26.0,214.0,240.0,321.0,55.0,32.0,88.0,156.0,1311.0,0.0,16.2,0.594,0.311,0.247,1.1,8.9,5.1,19.1,1.0,1.1,7.4,20.2,5.4,1.9,7.3,0.132,1.3,-0.7,0.6,1.8,0.0,2022
58,Cade Cunningham,32.6,6.7,16.1,0.416,1.8,5.7,0.314,4.9,10.4,0.472,0.471,2.2,2.6,0.845,0.9,4.6,5.5,5.6,1.2,0.7,3.7,3.1,17.4,0.0,0.0,1000.0,0.0,0.0,0.0,0.0,0.0,0.0,0.0,0.0,0.0,0.0,0.0,0.0,0.0,64.0,64.0,2088.0,429.0,1031.0,0.416,114.0,363.0,0.314,315.0,668.0,0.472,0.471,142.0,168.0,0.845,58.0,296.0,354.0,356.0,78.0,43.0,234.0,200.0,1114.0,2.0,13.1,0.504,0.352,0.163,2.9,16.2,9.2,29.1,1.8,1.9,17.5,27.5,-2.4,1.9,-0.5,-0.011,-1.1,-0.5,-1.6,0.2,0.0,2022
59,Jalen Green,31.9,6.1,14.2,0.426,2.3,6.8,0.343,3.7,7.4,0.502,0.508,2.8,3.5,0.797,0.5,2.9,3.4,2.6,0.7,0.3,2.0,1.5,17.3,0.0,0.0,1000.0,0.0,0.0,0.0,0.0,0.0,0.0,0.0,0.0,0.0,0.0,0.0,0.0,0.0,67.0,67.0,2138.0,406.0,954.0,0.426,157.0,458.0,0.343,249.0,496.0,0.502,0.508,188.0,236.0,0.797,33.0,193.0,226.0,176.0,44.0,18.0,135.0,103.0,1157.0,0.0,12.5,0.547,0.48,0.247,1.7,10.0,5.8,13.1,1.0,0.8,11.3,23.7,0.5,0.2,0.7,0.015,-0.5,-2.4,-2.9,-0.5,0.0,2022
60,Anfernee Simons,29.5,6.2,14.0,0.443,3.1,7.8,0.405,3.1,6.2,0.49,0.555,1.8,2.0,0.888,0.5,2.2,2.6,3.9,0.5,0.1,2.0,1.9,17.3,0.0,0.0,1000.0,0.0,0.0,0.0,0.0,0.0,0.0,0.0,0.0,0.0,0.0,0.0,0.0,0.0,57.0,30.0,1681.0,353.0,797.0,0.443,179.0,442.0,0.405,174.0,355.0,0.49,0.555,103.0,116.0,0.888,26.0,125.0,151.0,221.0,30.0,6.0,115.0,110.0,988.0,0.0,15.3,0.583,0.555,0.146,1.6,8.5,4.9,22.2,0.9,0.4,11.9,24.8,2.0,-0.1,1.9,0.055,1.9,-2.7,-0.7,0.5,0.0,2022
61,Deandre Ayton,29.5,7.6,12.0,0.634,0.1,0.3,0.368,7.5,11.7,0.642,0.639,1.8,2.4,0.746,2.6,7.7,10.2,1.4,0.7,0.7,1.6,2.4,17.2,0.0,0.0,1000.0,0.0,0.0,0.0,0.0,0.0,0.0,0.0,0.0,0.0,0.0,0.0,0.0,0.0,58.0,58.0,1713.0,442.0,697.0,0.634,7.0,19.0,0.368,435.0,678.0,0.642,0.639,106.0,142.0,0.746,149.0,444.0,593.0,84.0,40.0,40.0,91.0,142.0,997.0,0.0,21.9,0.656,0.027,0.204,9.6,27.1,18.6,7.6,1.1,2.1,10.7,21.4,4.1,3.1,7.3,0.203,2.2,0.6,2.8,2.1,0.0,2022
62,Luguentz Dort,32.6,5.7,14.2,0.404,2.5,7.7,0.332,3.2,6.6,0.487,0.493,3.2,3.7,0.843,0.7,3.4,4.2,1.7,0.9,0.4,1.7,2.9,17.2,0.0,0.0,1000.0,0.0,0.0,0.0,0.0,0.0,0.0,0.0,0.0,0.0,0.0,0.0,0.0,0.0,51.0,51.0,1665.0,293.0,726.0,0.404,130.0,391.0,0.332,163.0,335.0,0.487,0.493,161.0,191.0,0.843,38.0,174.0,212.0,88.0,46.0,18.0,88.0,149.0,877.0,0.0,12.3,0.541,0.539,0.263,2.3,10.9,6.5,8.6,1.3,1.0,9.8,23.3,0.2,1.1,1.4,0.04,-1.5,-0.7,-2.3,-0.1,0.0,2022
63,Tobias Harris,34.8,6.8,14.0,0.482,1.4,3.8,0.367,5.4,10.2,0.525,0.532,2.3,2.8,0.842,1.1,5.7,6.8,3.5,0.6,0.6,1.6,2.2,17.2,0.0,0.0,1000.0,0.0,0.0,0.0,0.0,0.0,0.0,0.0,0.0,0.0,0.0,0.0,0.0,0.0,73.0,73.0,2543.0,493.0,1022.0,0.482,101.0,275.0,0.367,392.0,747.0,0.525,0.532,170.0,202.0,0.842,77.0,419.0,496.0,252.0,47.0,43.0,116.0,164.0,1257.0,1.0,15.9,0.566,0.269,0.198,3.4,18.1,10.9,15.9,0.9,1.5,9.5,21.7,3.0,2.6,5.6,0.105,0.6,-0.6,0.0,1.3,0.0,2022
64,Andrew Wiggins,31.9,6.5,14.0,0.466,2.2,5.5,0.393,4.4,8.5,0.513,0.543,2.0,3.2,0.634,1.2,3.3,4.5,2.2,1.0,0.7,1.5,2.2,17.2,0.0,0.0,1000.0,0.0,0.0,0.0,0.0,0.0,0.0,0.0,0.0,0.0,0.0,0.0,0.0,0.0,73.0,73.0,2330.0,475.0,1019.0,0.466,157.0,399.0,0.393,318.0,620.0,0.513,0.543,149.0,235.0,0.634,85.0,240.0,325.0,161.0,76.0,51.0,111.0,158.0,1256.0,0.0,15.0,0.56,0.392,0.231,4.1,10.9,7.6,10.8,1.6,2.1,9.0,23.1,1.8,3.4,5.1,0.105,0.3,0.1,0.4,1.4,0.0,2022
65,OG Anunoby,36.0,6.4,14.5,0.443,2.4,6.6,0.363,4.0,7.9,0.511,0.526,1.9,2.5,0.754,1.5,4.0,5.5,2.6,1.5,0.5,1.7,2.7,17.1,0.0,0.0,1000.0,0.0,0.0,0.0,0.0,0.0,0.0,0.0,0.0,0.0,0.0,0.0,0.0,0.0,48.0,48.0,1728.0,309.0,697.0,0.443,115.0,317.0,0.363,194.0,380.0,0.511,0.526,89.0,118.0,0.754,74.0,190.0,264.0,125.0,71.0,25.0,80.0,131.0,822.0,0.0,14.8,0.549,0.455,0.169,4.4,12.6,8.3,11.0,2.1,1.4,9.7,20.5,1.8,1.9,3.7,0.104,0.4,0.1,0.5,1.1,0.0,2022
66,Kyle Kuzma,33.4,6.4,14.2,0.452,1.9,5.7,0.341,4.5,8.5,0.526,0.52,2.4,3.3,0.712,1.1,7.4,8.5,3.5,0.6,0.9,2.6,1.9,17.1,0.0,0.0,1000.0,0.0,0.0,0.0,0.0,0.0,0.0,0.0,0.0,0.0,0.0,0.0,0.0,0.0,66.0,66.0,2204.0,423.0,936.0,0.452,128.0,375.0,0.341,295.0,561.0,0.526,0.52,156.0,219.0,0.712,70.0,491.0,561.0,233.0,42.0,57.0,169.0,128.0,1130.0,1.0,15.2,0.547,0.401,0.234,3.6,24.3,14.1,16.3,0.9,2.2,14.1,24.2,0.0,2.0,2.0,0.044,0.2,-0.4,-0.2,1.0,0.0,2022
67,Caris LeVert,30.7,6.5,14.7,0.444,1.4,4.4,0.32,5.1,10.3,0.497,0.492,2.5,3.3,0.756,0.7,2.9,3.7,4.3,0.9,0.4,1.9,2.3,17.0,0.0,0.0,1000.0,0.0,0.0,0.0,0.0,0.0,0.0,0.0,0.0,0.0,0.0,0.0,0.0,0.0,58.0,49.0,1781.0,379.0,854.0,0.444,82.0,256.0,0.32,297.0,598.0,0.497,0.492,146.0,193.0,0.756,43.0,171.0,214.0,248.0,51.0,23.0,108.0,131.0,986.0,0.0,15.1,0.525,0.3,0.226,2.7,10.7,6.7,22.0,1.4,1.1,10.3,25.4,1.2,1.0,2.2,0.059,0.0,-1.2,-1.2,0.4,0.0,2022
68,Keldon Johnson,31.9,6.3,13.5,0.466,2.1,5.3,0.398,4.2,8.2,0.51,0.545,2.4,3.1,0.756,1.1,5.0,6.1,2.1,0.8,0.2,1.2,2.0,17.0,0.0,0.0,1000.0,0.0,0.0,0.0,0.0,0.0,0.0,0.0,0.0,0.0,0.0,0.0,0.0,0.0,75.0,74.0,2392.0,471.0,1011.0,0.466,159.0,399.0,0.398,312.0,612.0,0.51,0.545,177.0,234.0,0.756,80.0,377.0,457.0,158.0,58.0,14.0,92.0,148.0,1278.0,0.0,15.2,0.574,0.395,0.231,3.5,16.7,10.0,9.5,1.2,0.5,7.6,21.3,2.9,2.0,4.9,0.098,0.7,-1.2,-0.5,0.9,0.0,2022
69,Reggie Jackson,31.2,6.4,16.3,0.392,2.2,6.8,0.326,4.2,9.5,0.439,0.46,1.8,2.2,0.847,0.5,3.1,3.6,4.8,0.7,0.2,2.3,2.1,16.8,0.0,0.0,1000.0,0.0,0.0,0.0,0.0,0.0,0.0,0.0,0.0,0.0,0.0,0.0,0.0,0.0,75.0,75.0,2337.0,479.0,1222.0,0.392,167.0,512.0,0.326,312.0,710.0,0.439,0.46,138.0,163.0,0.847,39.0,232.0,271.0,359.0,55.0,15.0,173.0,159.0,1263.0,0.0,12.1,0.488,0.419,0.133,1.8,10.2,6.1,24.6,1.2,0.5,11.8,27.6,-1.7,2.0,0.4,0.008,-1.4,-1.6,-3.0,-0.6,0.0,2022
70,Harrison Barnes,33.5,5.1,10.8,0.469,1.8,4.7,0.394,3.2,6.2,0.525,0.554,4.4,5.4,0.826,1.1,4.5,5.6,2.4,0.7,0.2,1.5,1.2,16.4,0.0,0.0,1000.0,0.0,0.0,0.0,0.0,0.0,0.0,0.0,0.0,0.0,0.0,0.0,0.0,0.0,77.0,77.0,2580.0,391.0,834.0,0.469,142.0,360.0,0.394,249.0,474.0,0.525,0.554,341.0,413.0,0.826,82.0,350.0,432.0,186.0,53.0,14.0,118.0,94.0,1265.0,0.0,15.7,0.623,0.432,0.495,3.4,14.9,9.1,10.5,1.0,0.5,10.4,18.8,5.0,1.0,6.0,0.112,1.5,-1.3,0.2,1.4,0.0,2022
71,Cole Anthony,31.7,5.5,14.0,0.391,2.0,6.0,0.338,3.5,8.0,0.432,0.464,3.3,3.9,0.854,0.5,4.9,5.4,5.7,0.7,0.3,2.6,2.6,16.3,0.0,0.0,1000.0,0.0,0.0,0.0,0.0,0.0,0.0,0.0,0.0,0.0,0.0,0.0,0.0,0.0,65.0,65.0,2059.0,357.0,912.0,0.391,132.0,391.0,0.338,225.0,521.0,0.432,0.464,216.0,253.0,0.854,32.0,316.0,348.0,369.0,46.0,17.0,170.0,171.0,1062.0,0.0,13.5,0.519,0.429,0.277,1.6,16.2,8.9,28.9,1.1,0.8,14.2,25.1,-0.1,1.7,1.6,0.038,-0.6,-0.6,-1.2,0.4,0.0,2022
72,Jalen Brunson,31.9,6.4,12.8,0.502,1.2,3.2,0.373,5.2,9.6,0.545,0.549,2.3,2.7,0.84,0.5,3.4,3.9,4.8,0.8,0.0,1.6,1.9,16.3,0.0,0.0,1000.0,0.0,0.0,0.0,0.0,0.0,0.0,0.0,0.0,0.0,0.0,0.0,0.0,0.0,79.0,61.0,2524.0,506.0,1008.0,0.502,94.0,252.0,0.373,412.0,756.0,0.545,0.549,179.0,213.0,0.84,43.0,266.0,309.0,377.0,66.0,3.0,124.0,151.0,1285.0,0.0,17.1,0.583,0.25,0.211,1.9,11.7,6.8,24.3,1.3,0.1,10.1,21.9,4.9,2.7,7.5,0.143,0.9,0.0,0.9,1.9,0.0,2022
73,Jaren Jackson Jr.,27.3,5.5,13.3,0.415,1.6,5.1,0.319,3.9,8.1,0.476,0.477,3.6,4.4,0.823,1.5,4.3,5.8,1.1,0.9,2.3,1.7,3.5,16.3,0.0,0.0,1000.0,0.0,0.0,0.0,0.0,0.0,0.0,0.0,0.0,0.0,0.0,0.0,0.0,0.0,78.0,78.0,2126.0,430.0,1036.0,0.415,128.0,401.0,0.319,302.0,635.0,0.476,0.477,284.0,345.0,0.823,119.0,335.0,454.0,86.0,73.0,177.0,130.0,272.0,1272.0,0.0,17.0,0.535,0.387,0.333,5.7,16.9,11.2,5.8,1.6,7.4,9.9,25.4,1.7,3.7,5.4,0.121,-0.9,0.8,-0.1,1.0,0.0,2022
74,John Collins,30.8,6.3,11.9,0.526,1.2,3.3,0.364,5.1,8.7,0.588,0.576,2.5,3.1,0.793,1.7,6.1,7.8,1.8,0.6,1.0,1.1,3.0,16.2,0.0,0.0,1000.0,0.0,0.0,0.0,0.0,0.0,0.0,0.0,0.0,0.0,0.0,0.0,0.0,0.0,54.0,53.0,1663.0,339.0,644.0,0.526,64.0,176.0,0.364,275.0,468.0,0.588,0.576,134.0,169.0,0.793,93.0,329.0,422.0,98.0,33.0,56.0,60.0,164.0,876.0,0.0,18.7,0.61,0.273,0.262,6.2,21.5,13.9,8.9,1.0,3.0,7.7,20.5,3.6,1.4,5.1,0.146,1.5,0.0,1.5,1.5,0.0,2022
75,Jarrett Allen,32.3,6.6,9.7,0.677,0.0,0.2,0.1,6.6,9.6,0.688,0.678,2.9,4.2,0.708,3.4,7.3,10.8,1.6,0.8,1.3,1.7,1.7,16.1,0.0,0.0,1000.0,0.0,0.0,0.0,0.0,0.0,0.0,0.0,0.0,0.0,0.0,0.0,0.0,0.0,56.0,56.0,1810.0,369.0,545.0,0.677,1.0,10.0,0.1,368.0,535.0,0.688,0.678,165.0,233.0,0.708,192.0,410.0,602.0,92.0,44.0,75.0,94.0,97.0,904.0,0.0,23.0,0.698,0.018,0.428,12.0,24.5,18.4,8.2,1.2,3.7,12.7,18.1,5.4,3.0,8.5,0.224,2.7,1.2,3.9,2.7,0.0,2022
76,Saddiq Bey,33.0,5.5,13.9,0.396,2.6,7.4,0.346,2.9,6.4,0.454,0.489,2.6,3.1,0.827,1.3,4.1,5.4,2.8,0.9,0.2,1.2,1.6,16.1,0.0,0.0,1000.0,0.0,0.0,0.0,0.0,0.0,0.0,0.0,0.0,0.0,0.0,0.0,0.0,0.0,82.0,82.0,2704.0,450.0,1136.0,0.396,211.0,610.0,0.346,239.0,526.0,0.454,0.489,210.0,254.0,0.827,107.0,334.0,441.0,233.0,73.0,16.0,96.0,128.0,1321.0,0.0,14.0,0.529,0.537,0.224,4.1,14.1,8.8,13.8,1.3,0.5,7.1,21.3,2.4,1.6,4.0,0.071,0.9,-1.2,-0.3,1.2,0.0,2022
77,Jordan Clarkson,27.1,5.9,14.1,0.419,2.4,7.6,0.318,3.5,6.5,0.535,0.504,1.8,2.2,0.828,0.8,2.6,3.5,2.5,0.8,0.2,1.6,1.9,16.0,0.0,0.0,1000.0,0.0,0.0,0.0,0.0,0.0,0.0,0.0,0.0,0.0,0.0,0.0,0.0,0.0,79.0,1.0,2141.0,466.0,1113.0,0.419,190.0,597.0,0.318,276.0,516.0,0.535,0.504,144.0,174.0,0.828,67.0,206.0,273.0,194.0,66.0,16.0,129.0,149.0,1266.0,0.0,14.9,0.532,0.536,0.156,3.5,10.2,7.0,14.5,1.5,0.7,9.8,26.8,1.5,2.0,3.5,0.079,0.5,-1.2,-0.6,0.7,0.0,2022
78,Collin Sexton,28.7,6.2,13.7,0.45,1.0,4.1,0.244,5.2,9.6,0.538,0.487,2.6,3.5,0.744,1.2,2.1,3.3,2.1,0.9,0.0,2.8,2.3,16.0,0.0,0.0,1000.0,0.0,0.0,0.0,0.0,0.0,0.0,0.0,0.0,0.0,0.0,0.0,0.0,0.0,11.0,11.0,316.0,68.0,151.0,0.45,11.0,45.0,0.244,57.0,106.0,0.538,0.487,29.0,39.0,0.744,13.0,23.0,36.0,23.0,10.0,0.0,31.0,25.0,176.0,0.0,11.2,0.523,0.298,0.258,4.6,7.9,6.3,11.9,1.6,0.0,15.6,27.9,-0.4,0.3,-0.1,-0.009,-3.5,-0.7,-4.1,-0.2,0.0,2022
79,Gordon Hayward,31.9,5.8,12.6,0.459,1.8,4.5,0.391,4.0,8.1,0.496,0.528,2.6,3.0,0.846,0.8,3.8,4.6,3.6,1.0,0.4,1.7,1.7,15.9,0.0,0.0,1000.0,0.0,0.0,0.0,0.0,0.0,0.0,0.0,0.0,0.0,0.0,0.0,0.0,0.0,49.0,48.0,1564.0,283.0,617.0,0.459,86.0,220.0,0.391,197.0,397.0,0.496,0.528,126.0,149.0,0.846,38.0,186.0,224.0,177.0,47.0,22.0,81.0,85.0,778.0,0.0,15.1,0.57,0.357,0.241,2.5,12.8,7.6,16.1,1.4,1.3,10.6,20.7,1.9,1.0,2.8,0.087,0.1,-0.8,-0.7,0.5,0.0,2022
80,Buddy Hield,30.9,5.5,13.6,0.406,3.2,8.8,0.366,2.3,4.7,0.482,0.526,1.4,1.6,0.874,0.8,3.5,4.4,2.8,0.9,0.3,1.9,2.3,15.6,0.0,0.0,1000.0,0.0,0.0,0.0,0.0,0.0,0.0,0.0,0.0,0.0,0.0,0.0,0.0,0.0,81.0,32.0,2499.0,446.0,1098.0,0.406,262.0,716.0,0.366,184.0,382.0,0.482,0.526,111.0,127.0,0.874,66.0,287.0,353.0,229.0,73.0,25.0,153.0,184.0,1265.0,0.0,12.9,0.548,0.652,0.116,2.9,12.8,7.8,13.8,1.4,0.9,11.7,22.4,0.8,1.1,1.9,0.036,0.5,-1.7,-1.2,0.5,0.0,2022
81,Rudy Gobert,32.1,5.5,7.7,0.713,0.0,0.1,0.0,5.5,7.6,0.718,0.713,4.6,6.7,0.69,3.7,11.0,14.7,1.1,0.7,2.1,1.8,2.7,15.6,0.0,0.0,1000.0,0.0,0.0,0.0,0.0,0.0,0.0,0.0,0.0,0.0,0.0,0.0,0.0,0.0,66.0,66.0,2120.0,362.0,508.0,0.713,0.0,4.0,0.0,362.0,504.0,0.718,0.713,303.0,439.0,0.69,241.0,727.0,968.0,72.0,45.0,137.0,119.0,176.0,1027.0,0.0,24.7,0.732,0.008,0.864,12.9,36.3,25.0,5.1,1.0,5.7,14.5,16.9,7.3,4.3,11.7,0.264,2.9,1.7,4.6,3.6,0.0,2022
82,Kevin Porter Jr.,31.3,5.5,13.2,0.415,2.5,6.8,0.375,3.0,6.5,0.456,0.511,2.0,3.2,0.642,0.7,3.7,4.4,6.2,1.1,0.4,3.1,2.6,15.6,0.0,0.0,1000.0,0.0,0.0,0.0,0.0,0.0,0.0,0.0,0.0,0.0,0.0,0.0,0.0,0.0,61.0,61.0,1907.0,335.0,808.0,0.415,155.0,413.0,0.375,180.0,395.0,0.456,0.511,124.0,193.0,0.642,43.0,224.0,267.0,376.0,69.0,22.0,192.0,156.0,949.0,1.0,13.5,0.531,0.511,0.239,2.5,13.0,7.7,30.7,1.7,1.0,17.7,24.1,0.0,0.8,0.8,0.021,-0.1,-1.6,-1.6,0.2,0.0,2022
83,Marcus Morris,29.0,5.6,12.8,0.434,1.9,5.1,0.367,3.7,7.7,0.478,0.507,2.4,2.7,0.872,0.5,3.9,4.4,2.1,0.5,0.3,1.3,2.1,15.4,0.0,0.0,1000.0,0.0,0.0,0.0,0.0,0.0,0.0,0.0,0.0,0.0,0.0,0.0,0.0,0.0,54.0,54.0,1564.0,300.0,691.0,0.434,101.0,275.0,0.367,199.0,416.0,0.478,0.507,129.0,148.0,0.872,26.0,213.0,239.0,113.0,28.0,18.0,69.0,115.0,830.0,0.0,13.7,0.549,0.398,0.214,1.8,14.0,8.1,11.3,0.9,1.0,8.4,23.2,0.9,1.5,2.4,0.074,-0.3,-1.0,-1.4,0.3,0.0,2022
84,Tyrese Haliburton,35.0,5.6,11.8,0.473,2.1,5.1,0.414,3.5,6.8,0.517,0.562,2.1,2.5,0.842,0.8,3.2,4.0,8.2,1.7,0.6,2.6,1.6,15.3,0.0,0.0,1000.0,0.0,0.0,0.0,0.0,0.0,0.0,0.0,0.0,0.0,0.0,0.0,0.0,0.0,77.0,77.0,2695.0,430.0,909.0,0.473,161.0,389.0,0.414,269.0,520.0,0.517,0.562,160.0,190.0,0.842,61.0,250.0,311.0,628.0,134.0,49.0,199.0,121.0,1181.0,0.0,18.2,0.595,0.428,0.209,2.5,10.3,6.3,34.1,2.4,1.6,16.7,19.0,5.2,1.8,7.0,0.125,2.7,-0.1,2.6,3.1,0.0,2022
85,Scottie Barnes,35.4,6.2,12.6,0.492,0.8,2.6,0.301,5.4,10.0,0.543,0.524,2.1,2.9,0.735,2.6,4.9,7.5,3.5,1.1,0.7,1.8,2.6,15.3,0.0,0.0,1000.0,0.0,0.0,0.0,0.0,0.0,0.0,0.0,0.0,0.0,0.0,0.0,0.0,0.0,74.0,74.0,2617.0,459.0,932.0,0.492,58.0,193.0,0.301,401.0,739.0,0.543,0.524,158.0,215.0,0.735,195.0,362.0,557.0,256.0,80.0,55.0,136.0,192.0,1134.0,0.0,16.3,0.552,0.207,0.231,7.7,15.8,11.5,14.7,1.5,2.1,11.7,19.0,3.7,2.9,6.6,0.122,0.5,0.4,0.9,1.9,0.0,2022
86,Franz Wagner,30.7,5.8,12.3,0.468,1.2,3.4,0.354,4.6,8.9,0.511,0.517,2.4,2.8,0.863,1.1,3.4,4.5,2.9,0.9,0.4,1.5,2.1,15.2,0.0,0.0,1000.0,0.0,0.0,0.0,0.0,0.0,0.0,0.0,0.0,0.0,0.0,0.0,0.0,0.0,79.0,79.0,2429.0,456.0,975.0,0.468,96.0,271.0,0.354,360.0,704.0,0.511,0.517,189.0,219.0,0.863,84.0,272.0,356.0,231.0,68.0,34.0,119.0,164.0,1197.0,0.0,14.7,0.559,0.278,0.225,3.6,11.9,7.7,15.7,1.4,1.3,10.0,21.2,2.1,1.9,4.0,0.079,-0.4,-0.3,-0.7,0.8,0.0,2022
87,Bogdan Bogdanović,29.3,5.4,12.6,0.431,2.7,7.3,0.368,2.7,5.3,0.516,0.537,1.5,1.8,0.843,0.5,3.5,4.0,3.1,1.1,0.2,1.1,2.1,15.1,0.0,0.0,1000.0,0.0,0.0,0.0,0.0,0.0,0.0,0.0,0.0,0.0,0.0,0.0,0.0,0.0,63.0,27.0,1848.0,342.0,794.0,0.431,169.0,459.0,0.368,173.0,335.0,0.516,0.537,97.0,115.0,0.843,29.0,221.0,250.0,194.0,68.0,14.0,70.0,132.0,950.0,0.0,15.4,0.562,0.578,0.145,1.7,13.0,7.4,15.5,1.8,0.7,7.7,21.6,2.5,1.2,3.7,0.095,1.5,-0.2,1.3,1.5,0.0,2022
88,Wendell Carter Jr.,29.9,5.8,11.0,0.525,1.1,3.5,0.327,4.7,7.6,0.615,0.576,2.3,3.3,0.691,2.2,8.2,10.5,2.8,0.6,0.7,1.9,2.7,15.0,0.0,0.0,1000.0,0.0,0.0,0.0,0.0,0.0,0.0,0.0,0.0,0.0,0.0,0.0,0.0,0.0,62.0,61.0,1852.0,359.0,684.0,0.525,70.0,214.0,0.327,289.0,470.0,0.615,0.576,143.0,207.0,0.691,139.0,509.0,648.0,171.0,36.0,43.0,117.0,169.0,931.0,0.0,18.4,0.601,0.313,0.303,7.9,29.1,18.5,15.4,0.9,2.1,13.1,20.9,2.6,2.4,5.0,0.129,1.0,0.6,1.6,1.7,0.0,2022
89,Seth Curry,33.4,5.6,11.5,0.487,2.5,5.8,0.422,3.2,5.7,0.553,0.594,1.3,1.5,0.872,0.3,2.8,3.1,3.6,0.8,0.2,1.7,2.3,15.0,0.0,0.0,1000.0,0.0,0.0,0.0,0.0,0.0,0.0,0.0,0.0,0.0,0.0,0.0,0.0,0.0,64.0,64.0,2135.0,360.0,739.0,0.487,158.0,374.0,0.422,202.0,365.0,0.553,0.594,82.0,94.0,0.872,21.0,179.0,200.0,230.0,53.0,14.0,109.0,148.0,960.0,0.0,13.7,0.615,0.506,0.127,1.1,9.1,5.2,16.3,1.2,0.6,12.3,18.5,2.7,1.5,4.2,0.095,0.3,-0.9,-0.6,0.8,0.0,2022
90,Aaron Gordon,31.7,5.8,11.1,0.52,1.2,3.5,0.335,4.6,7.7,0.605,0.573,2.3,3.1,0.743,1.7,4.2,5.9,2.5,0.6,0.6,1.8,2.0,15.0,0.0,0.0,1000.0,0.0,0.0,0.0,0.0,0.0,0.0,0.0,0.0,0.0,0.0,0.0,0.0,0.0,75.0,75.0,2376.0,434.0,834.0,0.52,87.0,260.0,0.335,347.0,574.0,0.605,0.573,171.0,230.0,0.743,125.0,314.0,439.0,188.0,44.0,44.0,133.0,148.0,1126.0,0.0,15.3,0.602,0.312,0.276,6.1,14.3,10.3,11.6,0.9,1.7,12.5,19.7,3.2,2.0,5.2,0.105,0.5,-1.1,-0.6,0.9,0.0,2022
91,Evan Mobley,33.8,6.1,12.0,0.508,0.3,1.3,0.25,5.8,10.7,0.541,0.522,2.4,3.7,0.663,2.1,6.2,8.3,2.5,0.8,1.7,1.9,2.1,15.0,0.0,0.0,1000.0,0.0,0.0,0.0,0.0,0.0,0.0,0.0,0.0,0.0,0.0,0.0,0.0,0.0,69.0,69.0,2331.0,422.0,830.0,0.508,23.0,92.0,0.25,399.0,738.0,0.541,0.522,167.0,252.0,0.663,143.0,427.0,570.0,174.0,56.0,115.0,133.0,147.0,1034.0,0.0,16.1,0.549,0.111,0.304,6.9,19.8,13.5,11.6,1.2,4.4,12.4,20.4,1.5,3.7,5.2,0.107,-0.9,1.5,0.6,1.5,0.0,2022
92,Jusuf Nurkić,28.2,5.7,10.7,0.535,0.3,1.0,0.268,5.5,9.7,0.563,0.548,3.3,4.8,0.69,3.0,8.1,11.1,2.8,1.1,0.6,2.6,3.4,15.0,0.0,0.0,1000.0,0.0,0.0,0.0,0.0,0.0,0.0,0.0,0.0,0.0,0.0,0.0,0.0,0.0,56.0,56.0,1579.0,321.0,600.0,0.535,15.0,56.0,0.268,306.0,544.0,0.563,0.548,185.0,268.0,0.69,167.0,452.0,619.0,157.0,62.0,34.0,143.0,189.0,842.0,0.0,20.0,0.586,0.093,0.447,11.2,32.6,21.5,16.6,1.9,2.1,16.6,23.6,2.0,1.7,3.6,0.11,0.1,0.2,0.3,0.9,0.0,2022
93,Kelly Oubre Jr.,26.3,5.4,12.3,0.44,2.5,7.3,0.345,2.9,5.0,0.578,0.542,1.7,2.5,0.667,1.0,2.9,4.0,1.1,1.0,0.4,0.9,2.5,15.0,0.0,0.0,1000.0,0.0,0.0,0.0,0.0,0.0,0.0,0.0,0.0,0.0,0.0,0.0,0.0,0.0,76.0,13.0,1999.0,410.0,932.0,0.44,191.0,553.0,0.345,219.0,379.0,0.578,0.542,126.0,189.0,0.667,79.0,223.0,302.0,84.0,77.0,31.0,67.0,189.0,1137.0,0.0,14.9,0.56,0.593,0.203,4.1,12.0,8.0,6.2,1.8,1.5,6.2,23.0,1.8,1.4,3.3,0.079,0.2,-1.6,-1.4,0.3,0.0,2022
94,Josh Hart,33.2,5.3,10.5,0.504,1.4,3.9,0.343,4.0,6.6,0.601,0.569,3.0,3.9,0.758,1.1,6.0,7.2,4.1,1.1,0.2,2.1,2.8,14.9,0.0,0.0,1000.0,0.0,0.0,0.0,0.0,0.0,0.0,0.0,0.0,0.0,0.0,0.0,0.0,0.0,54.0,53.0,1791.0,287.0,569.0,0.504,73.0,213.0,0.343,214.0,356.0,0.601,0.569,160.0,211.0,0.758,62.0,326.0,388.0,224.0,61.0,13.0,114.0,150.0,807.0,0.0,16.1,0.61,0.374,0.371,3.7,20.7,12.0,18.9,1.7,0.7,14.7,18.6,2.8,1.5,4.4,0.117,0.5,0.5,0.9,1.3,0.0,2022
95,Lauri Markkanen,30.8,5.1,11.5,0.445,2.2,6.2,0.358,2.9,5.3,0.548,0.542,2.3,2.6,0.868,1.0,4.7,5.7,1.3,0.7,0.5,0.9,2.1,14.8,0.0,0.0,1000.0,0.0,0.0,0.0,0.0,0.0,0.0,0.0,0.0,0.0,0.0,0.0,0.0,0.0,61.0,61.0,1878.0,313.0,703.0,0.445,136.0,380.0,0.358,177.0,323.0,0.548,0.542,138.0,159.0,0.868,59.0,286.0,345.0,81.0,45.0,30.0,54.0,130.0,900.0,0.0,14.7,0.582,0.541,0.226,3.5,16.5,10.2,6.6,1.2,1.4,6.5,19.5,2.7,2.3,5.0,0.127,0.4,-0.1,0.4,1.1,0.0,2022
96,Will Barton,32.1,5.5,12.6,0.438,2.2,6.1,0.365,3.3,6.6,0.504,0.525,1.4,1.8,0.803,0.6,4.2,4.8,3.9,0.8,0.4,1.8,1.6,14.7,0.0,0.0,1000.0,0.0,0.0,0.0,0.0,0.0,0.0,0.0,0.0,0.0,0.0,0.0,0.0,0.0,71.0,71.0,2277.0,392.0,896.0,0.438,157.0,430.0,0.365,235.0,466.0,0.504,0.525,102.0,127.0,0.803,44.0,296.0,340.0,276.0,55.0,31.0,127.0,114.0,1043.0,0.0,13.4,0.548,0.48,0.142,2.2,14.1,8.3,17.6,1.2,1.2,11.8,20.8,1.2,1.9,3.2,0.067,0.4,-0.9,-0.5,0.9,0.0,2022
97,Jaylen Hoard,34.3,6.3,12.9,0.489,1.3,3.6,0.36,5.0,9.3,0.538,0.539,0.9,2.0,0.429,4.3,7.7,12.0,2.4,0.9,0.7,1.1,2.0,14.7,0.0,0.0,1000.0,0.0,0.0,0.0,0.0,0.0,0.0,0.0,0.0,0.0,0.0,0.0,0.0,0.0,7.0,5.0,240.0,44.0,90.0,0.489,9.0,25.0,0.36,35.0,65.0,0.538,0.539,6.0,14.0,0.429,30.0,54.0,84.0,17.0,6.0,5.0,8.0,14.0,103.0,0.0,18.0,0.536,0.278,0.156,12.7,23.5,18.0,11.6,1.2,1.9,7.7,18.7,0.3,0.3,0.6,0.118,1.2,-2.1,-0.9,0.1,0.0,2022
98,Chris Paul,32.9,5.6,11.3,0.493,1.0,3.1,0.317,4.6,8.3,0.559,0.536,2.6,3.1,0.837,0.3,4.0,4.4,10.8,1.9,0.3,2.4,2.1,14.7,0.0,2.0,1000.0,0.002,65.0,32.9,14.7,4.4,10.8,1.9,0.3,0.493,0.317,0.837,9.4,0.21,65.0,65.0,2139.0,363.0,736.0,0.493,63.0,199.0,0.317,300.0,537.0,0.559,0.536,169.0,202.0,0.837,22.0,261.0,283.0,702.0,121.0,20.0,153.0,134.0,958.0,2.0,20.8,0.581,0.27,0.274,1.1,12.8,7.1,44.5,2.7,0.8,15.6,19.7,5.8,3.6,9.4,0.21,3.1,2.3,5.4,4.0,0.0,2022
99,Bobby Portis,28.2,5.8,12.1,0.479,1.8,4.7,0.393,3.9,7.4,0.533,0.555,1.2,1.6,0.752,2.5,6.6,9.1,1.2,0.7,0.7,1.3,2.4,14.6,0.0,0.0,1000.0,0.0,0.0,0.0,0.0,0.0,0.0,0.0,0.0,0.0,0.0,0.0,0.0,0.0,72.0,59.0,2028.0,417.0,871.0,0.479,133.0,338.0,0.393,284.0,533.0,0.533,0.555,85.0,113.0,0.752,180.0,477.0,657.0,86.0,53.0,51.0,90.0,174.0,1052.0,0.0,17.7,0.571,0.388,0.13,9.6,24.4,17.2,6.4,1.3,2.4,8.9,21.3,2.9,2.6,5.5,0.131,1.2,-1.0,0.2,1.1,0.0,2022
100,Mikal Bridges,34.8,5.6,10.5,0.534,1.4,3.8,0.369,4.2,6.7,0.628,0.601,1.6,1.9,0.834,0.9,3.3,4.2,2.3,1.2,0.4,0.8,1.8,14.2,0.0,0.0,1000.0,0.0,0.0,0.0,0.0,0.0,0.0,0.0,0.0,0.0,0.0,0.0,0.0,0.0,82.0,82.0,2854.0,458.0,858.0,0.534,115.0,312.0,0.369,343.0,546.0,0.628,0.601,131.0,157.0,0.834,74.0,273.0,347.0,185.0,96.0,36.0,68.0,150.0,1162.0,0.0,14.4,0.627,0.364,0.183,2.9,10.0,6.5,8.7,1.6,1.1,6.8,15.0,5.2,3.7,8.9,0.15,0.5,1.1,1.6,2.6,0.0,2022
101,Tim Hardaway Jr.,29.6,5.0,12.6,0.394,2.4,7.2,0.336,2.5,5.4,0.473,0.491,1.9,2.5,0.757,0.3,3.4,3.7,2.2,0.9,0.1,0.8,1.8,14.2,0.0,0.0,1000.0,0.0,0.0,0.0,0.0,0.0,0.0,0.0,0.0,0.0,0.0,0.0,0.0,0.0,42.0,20.0,1245.0,209.0,530.0,0.394,102.0,304.0,0.336,107.0,226.0,0.473,0.491,78.0,103.0,0.757,13.0,143.0,156.0,92.0,38.0,6.0,34.0,74.0,598.0,0.0,12.7,0.52,0.574,0.194,1.2,12.8,7.0,11.4,1.5,0.4,5.6,22.0,0.5,1.5,2.0,0.077,-0.4,0.2,-0.2,0.6,0.0,2022
102,Evan Fournier,29.5,5.0,12.1,0.417,3.0,7.7,0.389,2.0,4.3,0.465,0.541,1.0,1.4,0.708,0.4,2.2,2.6,2.1,1.0,0.3,1.3,2.3,14.1,0.0,0.0,1000.0,0.0,0.0,0.0,0.0,0.0,0.0,0.0,0.0,0.0,0.0,0.0,0.0,0.0,80.0,80.0,2358.0,402.0,965.0,0.417,241.0,619.0,0.389,161.0,346.0,0.465,0.541,80.0,113.0,0.708,34.0,176.0,210.0,171.0,79.0,20.0,105.0,180.0,1125.0,0.0,12.3,0.554,0.641,0.117,1.5,8.2,4.8,11.9,1.7,0.8,9.4,20.8,1.5,2.2,3.7,0.075,-0.4,-0.3,-0.7,0.7,0.0,2022
103,Malik Monk,28.1,5.1,10.9,0.473,2.3,5.8,0.391,2.9,5.1,0.568,0.578,1.2,1.5,0.795,0.5,2.9,3.4,2.9,0.8,0.4,1.6,1.8,13.8,0.0,0.0,1000.0,0.0,0.0,0.0,0.0,0.0,0.0,0.0,0.0,0.0,0.0,0.0,0.0,0.0,76.0,37.0,2139.0,391.0,826.0,0.473,173.0,442.0,0.391,218.0,384.0,0.568,0.578,93.0,117.0,0.795,37.0,219.0,256.0,218.0,61.0,29.0,122.0,138.0,1048.0,0.0,14.4,0.597,0.535,0.142,1.9,11.0,6.4,15.2,1.4,1.2,12.2,20.1,2.3,1.4,3.6,0.081,0.5,-1.0,-0.5,0.8,0.0,2022
104,Spencer Dinwiddie,29.6,4.6,11.0,0.416,1.7,4.9,0.339,2.9,6.0,0.479,0.493,2.9,3.8,0.774,0.7,3.5,4.2,5.2,0.7,0.2,1.6,2.2,13.7,0.0,0.0,1000.0,0.0,0.0,0.0,0.0,0.0,0.0,0.0,0.0,0.0,0.0,0.0,0.0,0.0,67.0,51.0,1980.0,306.0,735.0,0.416,112.0,330.0,0.339,194.0,405.0,0.479,0.493,195.0,252.0,0.774,45.0,234.0,279.0,346.0,44.0,13.0,104.0,150.0,919.0,1.0,15.1,0.543,0.449,0.343,2.6,13.0,7.8,25.7,1.1,0.6,10.9,21.4,2.7,1.4,4.1,0.098,0.8,-0.4,0.3,1.1,0.0,2022
105,Mike Conley,28.6,4.8,11.0,0.435,2.3,5.8,0.408,2.4,5.2,0.464,0.542,1.8,2.3,0.796,0.7,2.4,3.0,5.3,1.3,0.3,1.7,2.0,13.7,0.0,0.0,1000.0,0.0,0.0,0.0,0.0,0.0,0.0,0.0,0.0,0.0,0.0,0.0,0.0,0.0,72.0,72.0,2058.0,344.0,791.0,0.435,169.0,414.0,0.408,175.0,377.0,0.464,0.542,129.0,162.0,0.796,47.0,170.0,217.0,385.0,96.0,21.0,123.0,142.0,986.0,0.0,17.2,0.572,0.523,0.205,2.6,8.8,5.8,27.7,2.3,0.9,12.5,20.9,4.4,2.3,6.7,0.157,2.4,0.7,3.1,2.7,0.0,2022
106,Kevin Love,22.5,4.4,10.3,0.43,2.5,6.4,0.392,1.9,3.8,0.493,0.553,2.2,2.7,0.838,1.2,6.1,7.2,2.2,0.4,0.2,1.3,1.4,13.6,0.0,0.0,1000.0,0.0,0.0,0.0,0.0,0.0,0.0,0.0,0.0,0.0,0.0,0.0,0.0,0.0,74.0,4.0,1665.0,327.0,761.0,0.43,187.0,477.0,0.392,140.0,284.0,0.493,0.553,166.0,198.0,0.838,87.0,449.0,536.0,160.0,26.0,18.0,98.0,101.0,1007.0,0.0,19.6,0.594,0.627,0.26,5.9,29.2,17.8,15.3,0.8,1.0,10.4,25.1,3.2,2.5,5.7,0.164,4.4,0.1,4.5,2.7,0.0,2022
107,Dennis Schröder,28.7,4.9,11.3,0.431,1.3,3.9,0.344,3.5,7.4,0.477,0.49,2.5,2.9,0.853,0.5,2.8,3.3,4.6,0.8,0.1,2.2,2.4,13.5,0.0,0.0,1000.0,0.0,0.0,0.0,0.0,0.0,0.0,0.0,0.0,0.0,0.0,0.0,0.0,0.0,64.0,29.0,1837.0,312.0,724.0,0.431,86.0,250.0,0.344,226.0,474.0,0.477,0.49,157.0,184.0,0.853,34.0,180.0,214.0,296.0,53.0,8.0,143.0,154.0,867.0,0.0,13.0,0.539,0.345,0.254,2.0,10.5,6.3,24.2,1.4,0.4,15.1,22.6,1.0,1.9,2.9,0.076,-1.5,-0.4,-1.9,0.0,0.0,2022
108,Jakob Poeltl,29.0,6.0,9.8,0.618,0.0,0.0,1.0,6.0,9.7,0.618,0.619,1.4,2.8,0.495,3.9,5.5,9.3,2.8,0.7,1.7,1.6,3.1,13.5,0.0,0.0,1000.0,0.0,0.0,0.0,0.0,0.0,0.0,0.0,0.0,0.0,0.0,0.0,0.0,0.0,68.0,67.0,1970.0,410.0,663.0,0.618,1.0,1.0,1.0,409.0,662.0,0.618,0.619,94.0,190.0,0.495,262.0,372.0,634.0,189.0,45.0,118.0,109.0,212.0,915.0,0.0,20.8,0.613,0.002,0.287,13.9,20.0,16.9,14.0,1.1,5.0,12.7,18.3,4.4,2.5,6.9,0.168,0.9,0.7,1.6,1.7,0.0,2022
109,Eric Gordon,29.3,4.7,9.9,0.475,2.2,5.3,0.412,2.5,4.6,0.548,0.585,1.8,2.4,0.778,0.3,1.7,2.0,2.7,0.5,0.3,1.9,1.1,13.4,0.0,0.0,1000.0,0.0,0.0,0.0,0.0,0.0,0.0,0.0,0.0,0.0,0.0,0.0,0.0,0.0,57.0,46.0,1670.0,268.0,564.0,0.475,124.0,301.0,0.412,144.0,263.0,0.548,0.585,105.0,135.0,0.778,15.0,98.0,113.0,154.0,28.0,18.0,107.0,63.0,765.0,0.0,12.1,0.614,0.534,0.239,1.0,6.5,3.7,14.1,0.8,1.0,14.6,18.6,1.5,-0.1,1.4,0.04,-0.1,-2.2,-2.3,-0.1,0.0,2022
110,De'Andre Hunter,29.8,4.8,10.8,0.442,1.4,3.7,0.379,3.4,7.2,0.474,0.506,2.4,3.1,0.765,0.5,2.8,3.3,1.3,0.7,0.4,1.3,2.9,13.4,0.0,0.0,1000.0,0.0,0.0,0.0,0.0,0.0,0.0,0.0,0.0,0.0,0.0,0.0,0.0,0.0,53.0,52.0,1577.0,254.0,575.0,0.442,74.0,195.0,0.379,180.0,380.0,0.474,0.506,127.0,166.0,0.765,26.0,150.0,176.0,68.0,36.0,21.0,69.0,155.0,709.0,0.0,10.6,0.547,0.339,0.289,1.8,10.4,6.1,6.1,1.1,1.2,9.6,19.9,0.4,0.7,1.1,0.034,-2.4,-1.5,-3.9,-0.8,0.0,2022
111,Kyle Lowry,33.9,4.4,10.0,0.44,2.3,6.1,0.377,2.1,3.9,0.539,0.555,2.3,2.8,0.851,0.5,4.0,4.5,7.5,1.1,0.3,2.7,2.8,13.4,0.0,0.0,1000.0,0.0,0.0,0.0,0.0,0.0,0.0,0.0,0.0,0.0,0.0,0.0,0.0,0.0,63.0,63.0,2133.0,276.0,627.0,0.44,144.0,382.0,0.377,132.0,245.0,0.539,0.555,148.0,174.0,0.851,33.0,249.0,282.0,474.0,67.0,17.0,168.0,177.0,844.0,2.0,15.0,0.6,0.609,0.278,1.8,13.0,7.5,32.3,1.6,0.8,19.3,18.2,3.7,2.7,6.4,0.143,1.1,0.8,2.0,2.1,0.0,2022
112,Carmelo Anthony,26.0,4.6,10.5,0.441,2.2,5.8,0.375,2.5,4.7,0.521,0.544,1.9,2.3,0.83,0.9,3.3,4.2,1.0,0.7,0.8,0.9,2.4,13.3,0.0,0.0,1000.0,0.0,0.0,0.0,0.0,0.0,0.0,0.0,0.0,0.0,0.0,0.0,0.0,0.0,69.0,3.0,1793.0,319.0,723.0,0.441,149.0,397.0,0.375,170.0,326.0,0.521,0.544,132.0,159.0,0.83,62.0,226.0,288.0,68.0,47.0,52.0,59.0,166.0,919.0,0.0,14.8,0.579,0.549,0.22,3.7,13.5,8.6,5.6,1.3,2.6,6.9,20.4,2.2,1.4,3.6,0.097,0.4,-0.8,-0.5,0.7,0.0,2022
113,Derrick White,29.3,4.5,10.7,0.421,1.5,4.9,0.312,3.0,5.7,0.515,0.493,2.7,3.1,0.864,0.5,3.0,3.5,4.9,0.9,0.8,1.6,2.3,13.2,0.0,0.0,1000.0,0.0,0.0,0.0,0.0,0.0,0.0,0.0,0.0,0.0,0.0,0.0,0.0,0.0,75.0,52.0,2199.0,337.0,800.0,0.421,115.0,369.0,0.312,222.0,431.0,0.515,0.493,203.0,235.0,0.864,38.0,223.0,261.0,366.0,64.0,58.0,119.0,172.0,992.0,0.0,14.8,0.549,0.461,0.294,1.8,10.7,6.3,22.9,1.4,2.3,11.6,19.9,2.8,2.3,5.1,0.111,0.4,0.6,0.9,1.6,0.0,2022
114,Kentavious Caldwell-Pope,30.2,4.7,10.8,0.435,2.1,5.3,0.39,2.6,5.5,0.48,0.531,1.8,2.0,0.89,0.5,2.9,3.4,1.9,1.1,0.3,1.3,1.8,13.2,0.0,0.0,1000.0,0.0,0.0,0.0,0.0,0.0,0.0,0.0,0.0,0.0,0.0,0.0,0.0,0.0,77.0,77.0,2329.0,361.0,829.0,0.435,159.0,408.0,0.39,202.0,421.0,0.48,0.531,137.0,154.0,0.89,41.0,220.0,261.0,145.0,83.0,26.0,97.0,139.0,1018.0,0.0,12.6,0.568,0.492,0.186,2.0,10.3,6.2,9.1,1.8,0.9,9.8,19.0,1.4,1.4,2.8,0.058,-0.9,-0.6,-1.5,0.3,0.0,2022
115,Montrezl Harrell,23.1,5.0,7.8,0.645,0.1,0.2,0.235,5.0,7.6,0.658,0.649,3.0,4.2,0.716,2.1,4.0,6.1,2.0,0.4,0.6,1.0,1.9,13.1,0.0,0.0,1000.0,0.0,0.0,0.0,0.0,0.0,0.0,0.0,0.0,0.0,0.0,0.0,0.0,0.0,71.0,3.0,1641.0,358.0,555.0,0.645,4.0,17.0,0.235,354.0,538.0,0.658,0.649,212.0,296.0,0.716,149.0,282.0,431.0,145.0,29.0,43.0,72.0,137.0,932.0,0.0,23.2,0.68,0.031,0.533,10.0,18.7,14.4,13.9,0.9,2.3,9.5,20.2,6.1,1.2,7.3,0.213,3.7,0.1,3.9,2.4,0.0,2022
116,Chris Duarte,28.0,4.9,11.3,0.432,1.7,4.6,0.369,3.2,6.7,0.475,0.507,1.6,2.0,0.804,0.7,3.4,4.1,2.1,1.0,0.2,1.6,1.7,13.1,0.0,0.0,1000.0,0.0,0.0,0.0,0.0,0.0,0.0,0.0,0.0,0.0,0.0,0.0,0.0,0.0,55.0,39.0,1541.0,268.0,621.0,0.432,94.0,255.0,0.369,174.0,366.0,0.475,0.507,90.0,112.0,0.804,41.0,185.0,226.0,114.0,56.0,10.0,90.0,95.0,720.0,0.0,12.3,0.537,0.411,0.18,2.9,13.6,8.2,10.9,1.8,0.6,11.8,21.1,0.2,0.7,0.9,0.029,-1.2,-1.1,-2.3,-0.1,0.0,2022
117,Ricky Rubio,28.5,4.4,12.1,0.363,1.7,5.1,0.339,2.6,7.0,0.38,0.434,2.6,3.0,0.854,0.4,3.7,4.1,6.6,1.4,0.2,2.6,2.2,13.1,0.0,0.0,1000.0,0.0,0.0,0.0,0.0,0.0,0.0,0.0,0.0,0.0,0.0,0.0,0.0,0.0,34.0,8.0,970.0,149.0,411.0,0.363,59.0,174.0,0.339,90.0,237.0,0.38,0.434,88.0,103.0,0.854,15.0,126.0,141.0,225.0,49.0,7.0,90.0,75.0,445.0,0.0,14.0,0.488,0.423,0.251,1.7,14.1,8.0,34.6,2.5,0.6,16.5,24.9,-0.1,1.4,1.3,0.064,-1.0,1.2,0.2,0.5,0.0,2022
118,Lonzo Ball,34.6,4.6,10.9,0.423,3.1,7.4,0.423,1.5,3.5,0.423,0.567,0.6,0.8,0.75,1.0,4.4,5.4,5.1,1.8,0.9,2.3,2.4,13.0,0.0,0.0,1000.0,0.0,0.0,0.0,0.0,0.0,0.0,0.0,0.0,0.0,0.0,0.0,0.0,0.0,35.0,35.0,1212.0,162.0,383.0,0.423,110.0,260.0,0.423,52.0,123.0,0.423,0.567,21.0,28.0,0.75,35.0,155.0,190.0,178.0,64.0,31.0,82.0,85.0,455.0,1.0,14.5,0.575,0.679,0.073,3.3,14.3,8.8,20.0,2.6,2.2,17.2,17.4,0.8,1.4,2.2,0.088,0.9,1.6,2.5,1.4,0.0,2022
119,LaMarcus Aldridge,22.3,5.4,9.7,0.55,0.3,1.0,0.304,5.1,8.8,0.578,0.566,1.9,2.2,0.873,1.6,3.9,5.5,0.9,0.3,1.0,0.9,1.7,12.9,0.0,0.0,1000.0,0.0,0.0,0.0,0.0,0.0,0.0,0.0,0.0,0.0,0.0,0.0,0.0,0.0,47.0,12.0,1050.0,252.0,458.0,0.55,14.0,46.0,0.304,238.0,412.0,0.578,0.566,89.0,102.0,0.873,73.0,185.0,258.0,42.0,14.0,47.0,44.0,78.0,607.0,0.0,19.6,0.604,0.1,0.223,7.8,18.7,13.4,6.3,0.6,4.0,8.0,22.4,2.1,1.0,3.1,0.141,1.3,-0.6,0.7,0.7,0.0,2022
120,Myles Turner,29.4,4.8,9.4,0.509,1.5,4.4,0.333,3.3,5.0,0.662,0.587,1.9,2.5,0.752,1.5,5.5,7.1,1.0,0.7,2.8,1.3,2.8,12.9,0.0,0.0,1000.0,0.0,0.0,0.0,0.0,0.0,0.0,0.0,0.0,0.0,0.0,0.0,0.0,0.0,42.0,42.0,1235.0,200.0,393.0,0.509,61.0,183.0,0.333,139.0,210.0,0.662,0.587,79.0,105.0,0.752,65.0,232.0,297.0,44.0,28.0,118.0,54.0,119.0,540.0,0.0,17.4,0.615,0.466,0.267,5.8,21.3,13.4,5.1,1.1,8.3,10.9,17.1,1.7,1.4,3.1,0.12,0.1,1.4,1.4,1.1,0.0,2022
121,Brandon Williams,26.7,4.4,11.8,0.372,1.3,4.4,0.292,3.1,7.3,0.42,0.427,2.8,4.0,0.701,0.8,2.3,3.1,3.9,1.0,0.4,2.4,2.2,12.9,0.0,0.0,1000.0,0.0,0.0,0.0,0.0,0.0,0.0,0.0,0.0,0.0,0.0,0.0,0.0,0.0,24.0,16.0,640.0,105.0,282.0,0.372,31.0,106.0,0.292,74.0,176.0,0.42,0.427,68.0,97.0,0.701,19.0,55.0,74.0,94.0,24.0,10.0,58.0,52.0,309.0,0.0,11.0,0.476,0.376,0.344,3.1,9.8,6.4,23.1,1.8,1.5,15.2,25.9,-0.7,0.2,-0.5,-0.037,-2.6,-3.1,-5.7,-0.6,0.0,2022
122,Coby White,27.5,4.6,10.6,0.433,2.2,5.8,0.385,2.3,4.8,0.491,0.539,1.3,1.5,0.857,0.3,2.7,3.0,2.9,0.5,0.2,1.1,2.2,12.7,0.0,0.0,1000.0,0.0,0.0,0.0,0.0,0.0,0.0,0.0,0.0,0.0,0.0,0.0,0.0,0.0,61.0,17.0,1675.0,279.0,644.0,0.433,136.0,353.0,0.385,143.0,291.0,0.491,0.539,78.0,91.0,0.857,17.0,165.0,182.0,176.0,29.0,11.0,70.0,137.0,772.0,0.0,12.6,0.564,0.548,0.141,1.1,11.0,6.1,15.0,0.8,0.6,9.3,19.8,1.6,0.8,2.4,0.067,-0.4,-1.7,-2.1,0.0,0.0,2022
123,Monte Morris,29.9,5.0,10.3,0.484,1.7,4.2,0.395,3.3,6.1,0.545,0.564,1.0,1.1,0.869,0.4,2.7,3.0,4.4,0.7,0.2,1.0,1.2,12.6,0.0,0.0,1000.0,0.0,0.0,0.0,0.0,0.0,0.0,0.0,0.0,0.0,0.0,0.0,0.0,0.0,75.0,74.0,2239.0,374.0,773.0,0.484,124.0,314.0,0.395,250.0,459.0,0.545,0.564,73.0,84.0,0.869,27.0,199.0,226.0,333.0,56.0,14.0,78.0,92.0,945.0,0.0,14.7,0.583,0.406,0.109,1.4,9.6,5.6,21.4,1.2,0.6,8.8,17.4,3.9,1.5,5.4,0.116,0.8,-0.8,0.0,1.1,0.0,2022
124,Josh Giddey,31.5,5.2,12.4,0.419,1.0,3.9,0.263,4.2,8.5,0.492,0.461,1.0,1.5,0.709,1.8,6.0,7.8,6.4,0.9,0.4,3.2,1.6,12.5,0.0,0.0,1000.0,0.0,0.0,0.0,0.0,0.0,0.0,0.0,0.0,0.0,0.0,0.0,0.0,0.0,54.0,54.0,1700.0,281.0,670.0,0.419,56.0,213.0,0.263,225.0,457.0,0.492,0.461,56.0,79.0,0.709,98.0,323.0,421.0,345.0,51.0,20.0,171.0,88.0,674.0,4.0,13.3,0.478,0.318,0.118,5.8,19.8,12.7,32.3,1.5,1.1,19.5,22.2,-1.3,1.7,0.4,0.01,-1.2,0.3,-0.9,0.5,0.0,2022
125,Cameron Johnson,26.2,4.2,9.2,0.46,2.5,5.9,0.425,1.7,3.3,0.523,0.596,1.5,1.7,0.86,0.6,3.5,4.1,1.5,0.9,0.2,0.7,1.7,12.5,0.0,0.0,1000.0,0.0,0.0,0.0,0.0,0.0,0.0,0.0,0.0,0.0,0.0,0.0,0.0,0.0,66.0,16.0,1730.0,279.0,607.0,0.46,166.0,391.0,0.425,113.0,216.0,0.523,0.596,98.0,114.0,0.86,42.0,231.0,273.0,99.0,57.0,16.0,47.0,113.0,822.0,0.0,15.2,0.625,0.644,0.188,2.7,14.0,8.5,7.7,1.6,0.8,6.7,17.5,3.2,2.4,5.6,0.156,2.0,0.7,2.7,2.1,0.0,2022
126,Brook Lopez,22.9,4.7,10.1,0.466,1.5,4.1,0.358,3.2,6.0,0.538,0.538,1.5,1.8,0.87,1.5,2.6,4.1,0.5,0.6,1.2,0.9,2.6,12.4,0.0,0.0,1000.0,0.0,0.0,0.0,0.0,0.0,0.0,0.0,0.0,0.0,0.0,0.0,0.0,0.0,13.0,11.0,298.0,61.0,131.0,0.466,19.0,53.0,0.358,42.0,78.0,0.538,0.538,20.0,23.0,0.87,19.0,34.0,53.0,6.0,8.0,15.0,12.0,34.0,161.0,0.0,16.0,0.57,0.405,0.176,6.9,11.9,9.4,3.0,1.3,4.8,7.8,21.9,0.3,0.3,0.7,0.108,-0.7,-0.7,-1.3,0.1,0.0,2022
127,Victor Oladipo,21.6,4.4,9.1,0.479,1.9,4.5,0.417,2.5,4.6,0.541,0.582,1.8,2.4,0.737,0.4,2.5,2.9,3.5,0.6,0.1,2.0,1.6,12.4,0.0,0.0,1000.0,0.0,0.0,0.0,0.0,0.0,0.0,0.0,0.0,0.0,0.0,0.0,0.0,0.0,8.0,1.0,173.0,35.0,73.0,0.479,15.0,36.0,0.417,20.0,37.0,0.541,0.582,14.0,19.0,0.737,3.0,20.0,23.0,28.0,5.0,1.0,16.0,13.0,99.0,0.0,16.8,0.608,0.493,0.26,2.0,12.9,7.5,26.3,1.4,0.6,16.4,25.1,0.2,0.2,0.4,0.124,1.8,-0.5,1.3,0.1,0.0,2022
128,Devin Vassell,27.3,4.6,10.8,0.427,1.9,5.4,0.361,2.7,5.4,0.492,0.516,1.2,1.4,0.838,0.6,3.7,4.3,1.9,1.1,0.6,0.8,2.0,12.3,0.0,0.0,1000.0,0.0,0.0,0.0,0.0,0.0,0.0,0.0,0.0,0.0,0.0,0.0,0.0,0.0,71.0,32.0,1937.0,326.0,764.0,0.427,137.0,380.0,0.361,189.0,384.0,0.492,0.516,83.0,99.0,0.838,44.0,262.0,306.0,136.0,76.0,41.0,58.0,143.0,872.0,0.0,13.3,0.54,0.497,0.13,2.4,14.3,8.3,9.7,1.9,1.8,6.7,18.9,1.3,2.0,3.3,0.082,-0.5,0.0,-0.5,0.7,0.0,2022
129,Malik Beasley,25.0,4.2,10.8,0.391,3.0,8.1,0.377,1.2,2.7,0.432,0.532,0.6,0.8,0.817,0.3,2.5,2.9,1.5,0.5,0.2,0.5,1.1,12.1,0.0,0.0,1000.0,0.0,0.0,0.0,0.0,0.0,0.0,0.0,0.0,0.0,0.0,0.0,0.0,0.0,79.0,18.0,1976.0,332.0,850.0,0.391,240.0,637.0,0.377,92.0,213.0,0.432,0.532,49.0,60.0,0.817,26.0,201.0,227.0,116.0,43.0,12.0,43.0,88.0,953.0,0.0,11.9,0.544,0.749,0.071,1.4,11.2,6.2,8.5,1.0,0.6,4.7,19.4,1.7,1.2,2.9,0.069,0.7,-1.5,-0.7,0.7,0.0,2022
130,Kevin Huerter,29.6,4.7,10.3,0.454,2.2,5.6,0.389,2.5,4.7,0.53,0.559,0.6,0.7,0.808,0.4,3.0,3.4,2.7,0.7,0.4,1.2,2.5,12.1,0.0,0.0,1000.0,0.0,0.0,0.0,0.0,0.0,0.0,0.0,0.0,0.0,0.0,0.0,0.0,0.0,74.0,60.0,2188.0,345.0,760.0,0.454,160.0,411.0,0.389,185.0,349.0,0.53,0.559,42.0,52.0,0.808,32.0,222.0,254.0,203.0,55.0,26.0,91.0,185.0,892.0,0.0,11.9,0.57,0.541,0.068,1.6,11.0,6.4,13.2,1.2,1.1,10.4,17.5,1.8,1.0,2.8,0.062,-0.5,-0.7,-1.2,0.4,0.0,2022
131,Marcus Smart,32.3,4.2,10.1,0.418,1.7,5.1,0.331,2.5,5.0,0.506,0.501,2.0,2.5,0.793,0.6,3.2,3.8,5.9,1.7,0.3,2.2,2.3,12.1,0.0,0.0,1000.0,0.0,0.0,0.0,0.0,0.0,0.0,0.0,0.0,0.0,0.0,0.0,0.0,0.0,71.0,71.0,2296.0,300.0,718.0,0.418,119.0,360.0,0.331,181.0,358.0,0.506,0.501,142.0,179.0,0.793,42.0,228.0,270.0,417.0,119.0,18.0,159.0,160.0,861.0,0.0,13.6,0.54,0.501,0.249,2.0,10.5,6.4,25.6,2.6,0.7,16.6,18.3,1.9,3.7,5.6,0.116,-1.2,1.7,0.5,1.5,0.0,2022
132,Lonnie Walker IV,23.0,4.4,10.9,0.407,1.6,5.0,0.314,2.9,5.9,0.487,0.48,1.7,2.1,0.784,0.3,2.3,2.6,2.2,0.6,0.3,1.0,1.4,12.1,0.0,0.0,1000.0,0.0,0.0,0.0,0.0,0.0,0.0,0.0,0.0,0.0,0.0,0.0,0.0,0.0,70.0,6.0,1612.0,311.0,764.0,0.407,111.0,353.0,0.314,200.0,411.0,0.487,0.48,116.0,148.0,0.784,18.0,163.0,181.0,152.0,44.0,19.0,71.0,98.0,849.0,0.0,12.3,0.512,0.462,0.194,1.2,10.7,5.9,13.4,1.3,1.0,7.9,23.6,0.1,1.1,1.2,0.037,-1.2,-1.3,-2.5,-0.2,0.0,2022
133,Derrick Rose,24.5,4.7,10.5,0.445,1.4,3.5,0.402,3.3,7.0,0.467,0.513,1.2,1.2,0.968,0.8,2.2,3.0,4.0,0.8,0.5,1.5,0.6,12.0,0.0,0.0,1000.0,0.0,0.0,0.0,0.0,0.0,0.0,0.0,0.0,0.0,0.0,0.0,0.0,0.0,26.0,4.0,636.0,122.0,274.0,0.445,37.0,92.0,0.402,85.0,182.0,0.467,0.513,30.0,31.0,0.968,21.0,57.0,78.0,103.0,22.0,12.0,39.0,15.0,311.0,0.0,16.9,0.541,0.336,0.113,3.5,9.8,6.6,27.5,1.7,1.9,11.9,22.5,0.8,0.7,1.4,0.108,2.3,0.0,2.3,0.7,0.0,2022
134,Devonte' Graham,28.4,3.9,10.7,0.363,2.5,7.4,0.341,1.4,3.3,0.413,0.481,1.6,1.8,0.843,0.5,1.8,2.3,4.2,0.9,0.2,1.4,1.3,11.9,0.0,0.0,1000.0,0.0,0.0,0.0,0.0,0.0,0.0,0.0,0.0,0.0,0.0,0.0,0.0,0.0,76.0,63.0,2162.0,296.0,815.0,0.363,192.0,563.0,0.341,104.0,252.0,0.413,0.481,118.0,140.0,0.843,37.0,140.0,177.0,316.0,71.0,12.0,105.0,95.0,902.0,0.0,12.1,0.514,0.691,0.172,1.9,7.3,4.5,21.0,1.6,0.5,10.7,19.5,1.6,1.2,2.8,0.062,0.2,-1.2,-1.0,0.5,0.0,2022
135,Luke Kennard,27.4,4.1,9.1,0.449,2.7,6.0,0.449,1.4,3.1,0.449,0.598,1.0,1.1,0.896,0.3,3.0,3.3,2.1,0.6,0.1,0.9,1.4,11.9,0.0,0.0,1000.0,0.0,0.0,0.0,0.0,0.0,0.0,0.0,0.0,0.0,0.0,0.0,0.0,0.0,70.0,13.0,1919.0,287.0,639.0,0.449,190.0,423.0,0.449,97.0,216.0,0.449,0.598,69.0,77.0,0.896,20.0,209.0,229.0,146.0,42.0,6.0,60.0,101.0,833.0,0.0,13.3,0.619,0.662,0.121,1.1,11.2,6.3,11.2,1.1,0.3,8.2,16.8,2.8,1.7,4.5,0.113,0.8,-0.3,0.5,1.2,0.0,2022
136,Jalen Suggs,27.2,4.1,11.4,0.361,0.9,4.1,0.214,3.3,7.3,0.443,0.4,2.6,3.4,0.773,0.5,3.0,3.6,4.4,1.2,0.4,3.0,3.0,11.8,0.0,0.0,1000.0,0.0,0.0,0.0,0.0,0.0,0.0,0.0,0.0,0.0,0.0,0.0,0.0,0.0,48.0,45.0,1307.0,198.0,548.0,0.361,42.0,196.0,0.214,156.0,352.0,0.443,0.4,126.0,163.0,0.773,26.0,145.0,171.0,209.0,59.0,19.0,143.0,142.0,564.0,0.0,8.6,0.455,0.358,0.297,2.1,11.7,6.9,24.9,2.2,1.3,18.7,25.3,-3.0,1.3,-1.6,-0.06,-5.3,-0.2,-5.6,-1.2,0.0,2022
137,Jae'Sean Tate,26.4,4.7,9.3,0.498,0.8,2.6,0.312,3.8,6.8,0.569,0.541,1.7,2.4,0.707,1.7,3.7,5.4,2.8,0.9,0.5,1.8,3.7,11.8,0.0,0.0,1000.0,0.0,0.0,0.0,0.0,0.0,0.0,0.0,0.0,0.0,0.0,0.0,0.0,0.0,78.0,77.0,2056.0,363.0,729.0,0.498,63.0,202.0,0.312,300.0,527.0,0.569,0.541,130.0,184.0,0.707,135.0,285.0,420.0,222.0,72.0,41.0,139.0,286.0,919.0,0.0,14.3,0.567,0.277,0.252,7.2,15.3,11.2,16.9,1.7,1.8,14.6,19.6,1.9,1.1,3.0,0.071,-1.3,-0.5,-1.8,0.1,0.0,2022
138,Alec Burks,28.6,3.5,9.0,0.391,1.9,4.8,0.404,1.6,4.2,0.378,0.499,2.7,3.3,0.822,0.6,4.3,4.9,3.0,1.0,0.3,1.1,2.7,11.7,0.0,0.0,1000.0,0.0,0.0,0.0,0.0,0.0,0.0,0.0,0.0,0.0,0.0,0.0,0.0,0.0,81.0,44.0,2318.0,285.0,728.0,0.391,157.0,389.0,0.404,128.0,339.0,0.378,0.499,217.0,264.0,0.822,47.0,350.0,397.0,239.0,85.0,26.0,91.0,215.0,944.0,0.0,13.7,0.559,0.534,0.363,2.1,16.6,9.2,15.7,1.8,1.1,9.7,17.7,3.2,2.9,6.1,0.126,-0.4,1.2,0.8,1.7,0.0,2022
139,Danilo Gallinari,25.3,3.9,9.0,0.434,1.7,4.5,0.381,2.2,4.6,0.485,0.528,2.1,2.4,0.904,0.5,4.1,4.7,1.5,0.4,0.2,0.6,1.4,11.7,0.0,0.0,1000.0,0.0,0.0,0.0,0.0,0.0,0.0,0.0,0.0,0.0,0.0,0.0,0.0,0.0,66.0,18.0,1672.0,259.0,597.0,0.434,112.0,294.0,0.381,147.0,303.0,0.485,0.528,141.0,156.0,0.904,35.0,273.0,308.0,101.0,28.0,12.0,38.0,93.0,771.0,0.0,14.3,0.579,0.492,0.261,2.3,17.8,10.1,8.5,0.8,0.6,5.4,18.4,2.8,0.8,3.6,0.105,1.0,-1.2,-0.2,0.8,0.0,2022
140,Kemba Walker,25.6,4.0,10.0,0.403,2.0,5.4,0.367,2.1,4.6,0.444,0.501,1.6,1.9,0.845,0.4,2.6,3.0,3.5,0.7,0.2,1.3,1.0,11.6,0.0,0.0,1000.0,0.0,0.0,0.0,0.0,0.0,0.0,0.0,0.0,0.0,0.0,0.0,0.0,0.0,37.0,37.0,948.0,149.0,370.0,0.403,73.0,199.0,0.367,76.0,171.0,0.444,0.501,60.0,71.0,0.845,14.0,97.0,111.0,131.0,26.0,7.0,48.0,37.0,431.0,1.0,13.9,0.537,0.538,0.192,1.6,11.2,6.3,22.2,1.4,0.7,10.7,20.8,1.0,0.9,1.8,0.093,0.7,-0.2,0.4,0.6,0.0,2022
141,Davion Mitchell,27.7,4.7,11.2,0.418,1.3,4.3,0.316,3.3,7.0,0.48,0.477,0.7,1.1,0.659,0.4,1.8,2.2,4.2,0.7,0.3,1.5,1.9,11.5,0.0,0.0,1000.0,0.0,0.0,0.0,0.0,0.0,0.0,0.0,0.0,0.0,0.0,0.0,0.0,0.0,75.0,19.0,2076.0,352.0,843.0,0.418,101.0,320.0,0.316,251.0,523.0,0.48,0.477,56.0,85.0,0.659,33.0,133.0,166.0,313.0,55.0,24.0,114.0,141.0,861.0,0.0,10.8,0.489,0.38,0.101,1.7,7.0,4.4,22.5,1.3,1.0,11.5,20.6,-0.5,0.6,0.1,0.003,-2.1,-1.7,-3.8,-0.9,0.0,2022
142,Cameron Oliver,21.5,5.0,7.5,0.667,0.5,1.5,0.333,4.5,6.0,0.75,0.7,1.0,1.5,0.667,1.0,2.0,3.0,1.5,0.5,0.5,0.0,2.5,11.5,0.0,0.0,1000.0,0.0,0.0,0.0,0.0,0.0,0.0,0.0,0.0,0.0,0.0,0.0,0.0,0.0,2.0,0.0,43.0,10.0,15.0,0.667,1.0,3.0,0.333,9.0,12.0,0.75,0.7,2.0,3.0,0.667,2.0,4.0,6.0,3.0,1.0,1.0,0.0,5.0,23.0,0.0,21.4,0.705,0.2,0.2,5.1,10.1,7.6,11.1,1.1,2.1,0.0,16.6,0.2,0.0,0.2,0.219,2.3,-0.5,1.7,0.0,0.0,2022
143,Patty Mills,29.0,4.0,9.8,0.408,2.8,7.0,0.4,1.2,2.8,0.429,0.551,0.6,0.7,0.814,0.2,1.7,1.9,2.3,0.6,0.2,0.9,1.4,11.4,0.0,0.0,1000.0,0.0,0.0,0.0,0.0,0.0,0.0,0.0,0.0,0.0,0.0,0.0,0.0,0.0,81.0,48.0,2346.0,324.0,794.0,0.408,227.0,568.0,0.4,97.0,226.0,0.429,0.551,48.0,59.0,0.814,18.0,138.0,156.0,183.0,51.0,17.0,73.0,112.0,923.0,0.0,10.4,0.563,0.715,0.074,0.9,6.2,3.6,10.6,1.1,0.6,8.2,16.4,1.9,0.9,2.8,0.058,-0.3,-1.4,-1.7,0.2,0.0,2022
144,Marvin Bagley III,24.0,4.7,9.3,0.504,0.5,2.0,0.237,4.2,7.3,0.579,0.53,1.4,2.1,0.663,2.2,4.9,7.0,0.8,0.5,0.4,0.8,1.9,11.3,0.0,0.0,1000.0,0.0,0.0,0.0,0.0,0.0,0.0,0.0,0.0,0.0,0.0,0.0,0.0,0.0,48.0,25.0,1153.0,225.0,446.0,0.504,23.0,97.0,0.237,202.0,349.0,0.579,0.53,67.0,101.0,0.663,105.0,233.0,338.0,36.0,22.0,18.0,39.0,93.0,540.0,0.0,15.7,0.551,0.217,0.226,9.7,22.7,16.0,5.2,0.9,1.4,7.4,19.8,1.2,0.9,2.0,0.084,-0.5,-1.8,-2.3,-0.1,0.0,2022
145,Rui Hachimura,22.5,4.5,9.1,0.491,1.3,2.9,0.447,3.1,6.1,0.512,0.563,1.1,1.6,0.697,0.6,3.2,3.8,1.1,0.5,0.2,0.8,1.3,11.3,0.0,0.0,1000.0,0.0,0.0,0.0,0.0,0.0,0.0,0.0,0.0,0.0,0.0,0.0,0.0,0.0,42.0,13.0,943.0,187.0,381.0,0.491,55.0,123.0,0.447,132.0,258.0,0.512,0.563,46.0,66.0,0.697,25.0,135.0,160.0,48.0,23.0,9.0,33.0,53.0,475.0,0.0,14.9,0.579,0.323,0.173,3.0,15.6,9.4,7.9,1.2,0.8,7.4,20.9,0.9,0.6,1.4,0.073,0.2,-1.7,-1.4,0.1,0.0,2022
146,Joe Harris,30.2,4.0,8.9,0.452,2.9,6.3,0.466,1.1,2.6,0.417,0.617,0.4,0.4,0.833,0.4,3.6,4.0,1.0,0.5,0.1,1.1,2.2,11.3,0.0,0.0,1000.0,0.0,0.0,0.0,0.0,0.0,0.0,0.0,0.0,0.0,0.0,0.0,0.0,0.0,14.0,14.0,423.0,56.0,124.0,0.452,41.0,88.0,0.466,15.0,36.0,0.417,0.617,5.0,6.0,0.833,5.0,51.0,56.0,14.0,7.0,2.0,16.0,31.0,158.0,0.0,9.6,0.624,0.71,0.048,1.3,12.8,7.2,4.5,0.8,0.4,11.2,14.5,0.3,0.2,0.5,0.06,-0.9,-0.5,-1.4,0.1,0.0,2022
147,Doug McDermott,24.0,4.2,9.1,0.462,2.1,5.0,0.422,2.1,4.1,0.512,0.578,0.8,1.0,0.784,0.4,1.9,2.3,1.3,0.3,0.1,0.8,1.5,11.3,0.0,0.0,1000.0,0.0,0.0,0.0,0.0,0.0,0.0,0.0,0.0,0.0,0.0,0.0,0.0,0.0,51.0,51.0,1223.0,215.0,465.0,0.462,108.0,256.0,0.422,107.0,209.0,0.512,0.578,40.0,51.0,0.784,18.0,97.0,115.0,64.0,13.0,6.0,43.0,79.0,578.0,0.0,11.4,0.593,0.551,0.11,1.5,8.4,4.9,7.3,0.5,0.4,8.1,18.3,1.1,0.5,1.6,0.062,-0.4,-2.1,-2.5,-0.1,0.0,2022
148,Immanuel Quickley,23.1,3.6,9.3,0.392,1.8,5.1,0.346,1.9,4.2,0.448,0.487,2.3,2.6,0.881,0.4,2.8,3.2,3.5,0.7,0.0,1.3,2.1,11.3,0.0,0.0,1000.0,0.0,0.0,0.0,0.0,0.0,0.0,0.0,0.0,0.0,0.0,0.0,0.0,0.0,78.0,3.0,1802.0,284.0,724.0,0.392,137.0,396.0,0.346,147.0,328.0,0.448,0.487,177.0,201.0,0.881,31.0,216.0,247.0,275.0,54.0,3.0,99.0,167.0,882.0,2.0,14.6,0.543,0.547,0.278,1.8,13.1,7.4,24.5,1.5,0.2,10.9,22.2,2.5,1.8,4.2,0.113,0.2,0.0,0.2,1.0,0.0,2022
149,Grayson Allen,27.3,3.9,8.6,0.448,2.4,5.9,0.409,1.5,2.7,0.533,0.588,1.0,1.1,0.865,0.5,2.9,3.4,1.5,0.7,0.3,0.7,1.5,11.1,0.0,0.0,1000.0,0.0,0.0,0.0,0.0,0.0,0.0,0.0,0.0,0.0,0.0,0.0,0.0,0.0,66.0,61.0,1805.0,255.0,569.0,0.448,159.0,389.0,0.409,96.0,180.0,0.533,0.588,64.0,74.0,0.865,32.0,190.0,222.0,100.0,46.0,18.0,43.0,96.0,733.0,0.0,12.7,0.609,0.684,0.13,1.9,10.9,6.5,7.6,1.2,1.0,6.7,15.2,2.8,1.4,4.2,0.11,0.6,-0.2,0.4,1.1,0.0,2022
150,Clint Capela,27.6,5.0,8.2,0.613,0.0,0.0,0.0,5.0,8.1,0.614,0.613,1.1,2.3,0.473,3.8,8.1,11.9,1.2,0.7,1.3,0.6,2.2,11.1,0.0,0.0,1000.0,0.0,0.0,0.0,0.0,0.0,0.0,0.0,0.0,0.0,0.0,0.0,0.0,0.0,74.0,73.0,2042.0,370.0,604.0,0.613,0.0,1.0,0.0,370.0,603.0,0.614,0.613,80.0,169.0,0.473,279.0,598.0,877.0,92.0,55.0,93.0,44.0,166.0,820.0,0.0,21.4,0.604,0.002,0.28,15.0,31.9,23.5,6.6,1.3,4.1,6.1,15.5,5.6,2.7,8.3,0.195,2.1,-0.1,2.0,2.1,0.0,2022
151,Gary Harris,28.4,3.9,9.1,0.434,1.9,5.0,0.384,2.0,4.1,0.494,0.539,1.4,1.6,0.874,0.6,1.4,2.0,1.8,1.0,0.1,1.0,1.8,11.1,0.0,0.0,1000.0,0.0,0.0,0.0,0.0,0.0,0.0,0.0,0.0,0.0,0.0,0.0,0.0,0.0,61.0,30.0,1730.0,240.0,553.0,0.434,116.0,302.0,0.384,124.0,251.0,0.494,0.539,83.0,95.0,0.874,36.0,86.0,122.0,108.0,59.0,9.0,61.0,112.0,679.0,0.0,10.9,0.571,0.546,0.172,2.2,5.3,3.7,9.5,1.6,0.5,9.3,16.4,1.1,1.0,2.2,0.06,-2.0,-0.4,-2.4,-0.2,0.0,2022
152,Hamidou Diallo,21.9,4.5,9.1,0.496,0.4,1.6,0.247,4.1,7.5,0.55,0.518,1.6,2.4,0.65,1.2,3.6,4.8,1.3,1.2,0.3,1.0,2.5,11.0,0.0,0.0,1000.0,0.0,0.0,0.0,0.0,0.0,0.0,0.0,0.0,0.0,0.0,0.0,0.0,0.0,58.0,29.0,1269.0,261.0,526.0,0.496,23.0,93.0,0.247,238.0,433.0,0.55,0.518,91.0,140.0,0.65,69.0,208.0,277.0,73.0,71.0,17.0,58.0,143.0,636.0,0.0,15.7,0.541,0.177,0.266,5.6,18.7,11.8,9.8,2.7,1.2,9.0,21.8,0.6,1.5,2.1,0.079,-1.2,0.7,-0.5,0.5,0.0,2022
153,Dorian Finney-Smith,33.1,4.1,8.7,0.471,2.2,5.4,0.395,1.9,3.2,0.599,0.595,0.7,1.0,0.675,1.5,3.2,4.7,1.9,1.1,0.5,1.0,2.3,11.0,0.0,0.0,1000.0,0.0,0.0,0.0,0.0,0.0,0.0,0.0,0.0,0.0,0.0,0.0,0.0,0.0,80.0,80.0,2644.0,326.0,692.0,0.471,172.0,435.0,0.395,154.0,257.0,0.599,0.595,56.0,83.0,0.675,122.0,253.0,375.0,150.0,88.0,39.0,80.0,183.0,880.0,0.0,12.5,0.604,0.629,0.12,5.1,10.7,7.9,8.2,1.7,1.3,9.9,13.8,3.4,3.2,6.6,0.121,0.1,0.7,0.8,1.9,0.0,2022
154,Zavier Simpson,43.5,4.8,13.0,0.365,0.3,2.0,0.125,4.5,11.0,0.409,0.375,1.3,1.3,1.0,0.5,4.8,5.3,7.5,1.3,1.0,2.5,3.8,11.0,0.0,0.0,1000.0,0.0,0.0,0.0,0.0,0.0,0.0,0.0,0.0,0.0,0.0,0.0,0.0,0.0,4.0,4.0,174.0,19.0,52.0,0.365,1.0,8.0,0.125,18.0,44.0,0.409,0.375,5.0,5.0,1.0,2.0,19.0,21.0,30.0,5.0,4.0,10.0,15.0,44.0,0.0,7.7,0.406,0.154,0.096,1.2,11.4,6.2,25.2,1.4,2.1,15.6,15.9,-0.2,0.1,-0.1,-0.018,-6.0,-1.9,-7.9,-0.3,0.0,2022
155,Duncan Robinson,25.9,3.7,9.2,0.399,2.9,7.9,0.372,0.7,1.3,0.569,0.559,0.6,0.8,0.836,0.3,2.3,2.6,1.6,0.5,0.2,0.8,2.5,10.9,0.0,0.0,1000.0,0.0,0.0,0.0,0.0,0.0,0.0,0.0,0.0,0.0,0.0,0.0,0.0,0.0,79.0,68.0,2043.0,290.0,726.0,0.399,232.0,624.0,0.372,58.0,102.0,0.569,0.559,51.0,61.0,0.836,24.0,179.0,203.0,129.0,42.0,14.0,60.0,201.0,863.0,0.0,10.6,0.573,0.86,0.084,1.4,9.8,5.6,9.3,1.0,0.7,7.4,17.7,1.9,2.0,3.9,0.092,-0.3,-0.3,-0.6,0.7,0.0,2022
156,Darius Bazley,27.9,4.0,9.4,0.422,1.2,3.9,0.297,2.8,5.5,0.511,0.484,1.7,2.5,0.688,1.0,5.3,6.3,1.4,0.8,1.0,1.3,1.0,10.8,0.0,0.0,1000.0,0.0,0.0,0.0,0.0,0.0,0.0,0.0,0.0,0.0,0.0,0.0,0.0,0.0,69.0,53.0,1924.0,274.0,649.0,0.422,80.0,269.0,0.297,194.0,380.0,0.511,0.484,117.0,170.0,0.688,71.0,365.0,436.0,97.0,58.0,70.0,90.0,68.0,745.0,0.0,12.6,0.515,0.414,0.262,3.7,19.8,11.6,7.7,1.5,3.4,11.1,18.3,-0.5,2.2,1.8,0.044,-2.1,0.3,-1.8,0.1,0.0,2022
157,Markelle Fultz,20.0,4.6,9.7,0.474,0.2,0.9,0.235,4.4,8.8,0.5,0.486,1.4,1.7,0.806,0.2,2.5,2.7,5.5,1.1,0.3,2.2,1.2,10.8,0.0,0.0,1000.0,0.0,0.0,0.0,0.0,0.0,0.0,0.0,0.0,0.0,0.0,0.0,0.0,0.0,18.0,3.0,360.0,83.0,175.0,0.474,4.0,17.0,0.235,79.0,158.0,0.5,0.486,25.0,31.0,0.806,4.0,45.0,49.0,99.0,20.0,5.0,40.0,22.0,195.0,0.0,17.7,0.517,0.097,0.177,1.2,13.2,7.2,48.9,2.7,1.3,17.5,27.5,0.0,0.4,0.4,0.053,-0.1,0.4,0.2,0.2,0.0,2022
158,Terance Mann,28.6,4.1,8.5,0.484,0.9,2.6,0.365,3.2,6.0,0.535,0.539,1.6,2.0,0.78,1.3,4.0,5.2,2.6,0.7,0.3,1.0,2.2,10.8,0.0,0.0,1000.0,0.0,0.0,0.0,0.0,0.0,0.0,0.0,0.0,0.0,0.0,0.0,0.0,0.0,81.0,33.0,2317.0,334.0,690.0,0.484,76.0,208.0,0.365,258.0,482.0,0.535,0.539,128.0,164.0,0.78,104.0,321.0,425.0,209.0,55.0,21.0,84.0,178.0,872.0,0.0,13.4,0.572,0.301,0.238,4.9,14.3,9.7,13.1,1.2,0.8,9.9,16.0,3.1,2.4,5.5,0.113,-0.8,0.2,-0.6,0.8,0.0,2022
159,De'Anthony Melton,22.7,3.8,9.5,0.404,1.9,5.1,0.374,1.9,4.4,0.44,0.504,1.2,1.6,0.75,0.9,3.6,4.5,2.7,1.4,0.5,1.5,1.8,10.8,0.0,0.0,1000.0,0.0,0.0,0.0,0.0,0.0,0.0,0.0,0.0,0.0,0.0,0.0,0.0,0.0,73.0,15.0,1657.0,281.0,695.0,0.404,139.0,372.0,0.374,142.0,323.0,0.44,0.504,90.0,120.0,0.75,64.0,264.0,328.0,194.0,104.0,39.0,112.0,128.0,791.0,0.0,15.2,0.529,0.535,0.173,4.0,17.1,10.4,16.0,3.0,2.1,13.0,21.3,0.9,2.8,3.7,0.107,0.3,1.6,1.9,1.6,0.0,2022
160,Cameron Payne,22.0,4.1,10.1,0.409,1.2,3.6,0.336,2.9,6.5,0.449,0.469,1.3,1.5,0.843,0.4,2.6,3.0,4.9,0.7,0.3,1.8,2.1,10.8,0.0,0.0,1000.0,0.0,0.0,0.0,0.0,0.0,0.0,0.0,0.0,0.0,0.0,0.0,0.0,0.0,58.0,12.0,1278.0,240.0,587.0,0.409,71.0,211.0,0.336,169.0,376.0,0.449,0.469,75.0,89.0,0.843,24.0,151.0,175.0,282.0,40.0,17.0,103.0,119.0,626.0,0.0,13.8,0.5,0.359,0.152,2.1,12.3,7.3,30.7,1.5,1.2,14.1,24.6,0.2,1.8,1.9,0.073,-0.4,0.4,0.0,0.7,0.0,2022
161,Melvin Frazier,40.0,4.3,16.0,0.271,0.3,7.0,0.048,4.0,9.0,0.444,0.281,1.7,2.3,0.714,1.7,2.7,4.3,0.3,0.3,0.0,1.0,2.7,10.7,0.0,0.0,1000.0,0.0,0.0,0.0,0.0,0.0,0.0,0.0,0.0,0.0,0.0,0.0,0.0,0.0,3.0,0.0,120.0,13.0,48.0,0.271,1.0,21.0,0.048,12.0,27.0,0.444,0.281,5.0,7.0,0.714,5.0,8.0,13.0,1.0,1.0,0.0,3.0,8.0,32.0,0.0,-0.4,0.313,0.438,0.146,4.2,7.0,5.6,1.2,0.4,0.0,5.5,19.5,-0.4,0.0,-0.4,-0.16,-9.7,-6.7,-16.4,-0.4,0.0,2022
162,Cedi Osman,22.2,3.7,8.7,0.432,1.9,5.4,0.357,1.8,3.2,0.559,0.544,1.3,2.0,0.664,0.4,1.8,2.2,2.0,0.8,0.2,1.0,1.9,10.7,0.0,0.0,1000.0,0.0,0.0,0.0,0.0,0.0,0.0,0.0,0.0,0.0,0.0,0.0,0.0,0.0,66.0,3.0,1462.0,247.0,572.0,0.432,128.0,359.0,0.357,119.0,213.0,0.559,0.544,87.0,131.0,0.664,25.0,121.0,146.0,135.0,52.0,10.0,67.0,127.0,709.0,0.0,13.3,0.563,0.628,0.229,1.9,9.0,5.5,14.1,1.8,0.6,9.6,21.1,1.3,1.6,2.9,0.094,-0.3,0.5,0.2,0.8,0.0,2022
163,Nickeil Alexander-Walker,22.6,3.9,10.5,0.372,1.6,5.2,0.311,2.3,5.3,0.433,0.449,1.2,1.7,0.743,0.6,2.3,2.9,2.4,0.7,0.4,1.4,1.6,10.6,0.0,0.0,1000.0,0.0,0.0,0.0,0.0,0.0,0.0,0.0,0.0,0.0,0.0,0.0,0.0,0.0,65.0,21.0,1466.0,253.0,680.0,0.372,105.0,338.0,0.311,148.0,342.0,0.433,0.449,81.0,109.0,0.743,37.0,150.0,187.0,156.0,46.0,23.0,93.0,103.0,692.0,0.0,10.5,0.475,0.497,0.16,2.7,11.5,7.1,16.1,1.5,1.5,11.3,24.1,-1.1,1.1,0.1,0.003,-1.8,-1.1,-2.9,-0.3,0.0,2022
164,Mo Bamba,25.7,4.2,8.7,0.48,1.5,4.0,0.381,2.7,4.7,0.563,0.566,0.8,1.0,0.781,2.1,6.0,8.1,1.2,0.5,1.7,1.1,2.6,10.6,0.0,0.0,1000.0,0.0,0.0,0.0,0.0,0.0,0.0,0.0,0.0,0.0,0.0,0.0,0.0,0.0,71.0,69.0,1824.0,296.0,617.0,0.48,107.0,281.0,0.381,189.0,336.0,0.563,0.566,57.0,73.0,0.781,148.0,424.0,572.0,85.0,38.0,118.0,77.0,182.0,756.0,0.0,16.5,0.582,0.455,0.118,8.5,24.6,16.5,7.4,1.0,5.9,10.6,17.2,1.8,2.7,4.5,0.118,-0.2,0.9,0.7,1.2,0.0,2022
165,Frank Jackson,22.0,3.7,9.1,0.402,1.6,5.3,0.308,2.0,3.8,0.529,0.491,1.6,2.0,0.827,0.4,1.3,1.6,1.0,0.5,0.2,0.7,1.7,10.6,0.0,0.0,1000.0,0.0,0.0,0.0,0.0,0.0,0.0,0.0,0.0,0.0,0.0,0.0,0.0,0.0,53.0,7.0,1164.0,194.0,483.0,0.402,86.0,279.0,0.308,108.0,204.0,0.529,0.491,86.0,104.0,0.827,19.0,68.0,87.0,55.0,27.0,9.0,38.0,89.0,560.0,0.0,10.6,0.53,0.578,0.215,1.7,6.7,4.0,7.6,1.1,0.7,6.7,20.9,0.3,0.4,0.7,0.031,-1.8,-1.7,-3.5,-0.4,0.0,2022
166,Frank Kaminsky,20.1,4.0,7.3,0.545,0.6,1.7,0.333,3.4,5.7,0.608,0.583,2.0,2.2,0.9,1.2,3.3,4.6,1.4,0.9,0.8,0.6,1.6,10.6,0.0,0.0,1000.0,0.0,0.0,0.0,0.0,0.0,0.0,0.0,0.0,0.0,0.0,0.0,0.0,0.0,9.0,0.0,181.0,36.0,66.0,0.545,5.0,15.0,0.333,31.0,51.0,0.608,0.583,18.0,20.0,0.9,11.0,30.0,41.0,13.0,8.0,7.0,5.0,14.0,95.0,0.0,21.3,0.635,0.227,0.303,6.7,17.3,12.1,10.1,2.1,3.4,6.3,19.0,0.5,0.3,0.9,0.228,2.4,2.5,4.9,0.3,0.0,2022
167,Max Strus,23.3,3.7,8.3,0.441,2.7,6.5,0.41,1.0,1.8,0.557,0.602,0.6,0.8,0.792,0.4,2.6,3.0,1.4,0.4,0.2,0.8,1.7,10.6,0.0,0.0,1000.0,0.0,0.0,0.0,0.0,0.0,0.0,0.0,0.0,0.0,0.0,0.0,0.0,0.0,68.0,16.0,1587.0,249.0,564.0,0.441,181.0,442.0,0.41,68.0,122.0,0.557,0.602,42.0,53.0,0.792,24.0,178.0,202.0,92.0,28.0,16.0,57.0,116.0,721.0,0.0,12.7,0.614,0.784,0.094,1.7,12.5,7.2,8.8,0.9,1.1,8.8,18.1,2.0,1.7,3.6,0.11,1.4,-0.4,0.9,1.2,0.0,2022
168,Trey Lyles,20.5,3.5,7.5,0.466,0.9,2.8,0.321,2.6,4.7,0.552,0.526,2.6,3.2,0.802,1.2,3.9,5.1,1.2,0.4,0.4,1.0,1.6,10.5,0.0,0.0,1000.0,0.0,0.0,0.0,0.0,0.0,0.0,0.0,0.0,0.0,0.0,0.0,0.0,0.0,75.0,23.0,1537.0,262.0,562.0,0.466,67.0,209.0,0.321,195.0,353.0,0.552,0.526,195.0,243.0,0.802,89.0,290.0,379.0,88.0,29.0,32.0,73.0,123.0,786.0,0.0,16.4,0.588,0.372,0.432,6.0,21.2,13.4,9.0,0.9,1.9,9.8,20.7,2.4,1.2,3.5,0.111,0.5,-0.8,-0.3,0.7,0.0,2022
169,Brandon Clarke,19.5,4.5,7.0,0.644,0.1,0.3,0.227,4.4,6.6,0.666,0.65,1.3,2.0,0.654,2.1,3.2,5.3,1.3,0.6,1.1,0.5,1.9,10.4,0.0,0.0,1000.0,0.0,0.0,0.0,0.0,0.0,0.0,0.0,0.0,0.0,0.0,0.0,0.0,0.0,64.0,1.0,1246.0,288.0,447.0,0.644,5.0,22.0,0.227,283.0,425.0,0.666,0.65,85.0,130.0,0.654,135.0,207.0,342.0,86.0,39.0,68.0,34.0,122.0,666.0,0.0,23.7,0.66,0.049,0.291,11.1,17.8,14.4,10.3,1.5,4.9,6.3,17.7,4.4,1.9,6.3,0.241,3.1,1.1,4.2,2.0,0.0,2022
170,Terence Davis,17.9,3.8,8.9,0.423,1.6,5.0,0.329,2.1,3.9,0.542,0.515,1.2,1.5,0.818,0.4,2.8,3.1,1.3,0.8,0.4,1.1,2.3,10.4,0.0,0.0,1000.0,0.0,0.0,0.0,0.0,0.0,0.0,0.0,0.0,0.0,0.0,0.0,0.0,0.0,30.0,11.0,536.0,113.0,267.0,0.423,49.0,149.0,0.329,64.0,118.0,0.542,0.515,36.0,44.0,0.818,11.0,83.0,94.0,40.0,25.0,11.0,33.0,70.0,311.0,0.0,14.6,0.543,0.558,0.165,2.2,17.0,9.5,11.9,2.2,1.8,10.3,25.6,0.0,0.5,0.5,0.044,-0.6,-0.4,-0.9,0.2,0.0,2022
171,Richaun Holmes,23.9,4.4,6.7,0.66,0.0,0.1,0.4,4.4,6.6,0.664,0.663,1.6,2.0,0.778,2.1,5.0,7.0,1.1,0.4,0.9,1.2,2.8,10.4,0.0,0.0,1000.0,0.0,0.0,0.0,0.0,0.0,0.0,0.0,0.0,0.0,0.0,0.0,0.0,0.0,45.0,37.0,1074.0,198.0,300.0,0.66,2.0,5.0,0.4,196.0,295.0,0.664,0.663,70.0,90.0,0.778,93.0,224.0,317.0,48.0,17.0,41.0,56.0,128.0,468.0,0.0,17.8,0.689,0.017,0.3,9.3,22.9,16.1,6.8,0.8,3.3,14.2,15.8,2.4,0.9,3.2,0.145,-0.4,-0.1,-0.5,0.4,0.0,2022
172,Tre Mann,22.8,3.9,9.8,0.393,1.6,4.5,0.36,2.2,5.3,0.421,0.476,1.1,1.4,0.793,0.4,2.4,2.9,1.5,0.8,0.2,1.2,1.7,10.4,0.0,0.0,1000.0,0.0,0.0,0.0,0.0,0.0,0.0,0.0,0.0,0.0,0.0,0.0,0.0,0.0,60.0,26.0,1367.0,231.0,588.0,0.393,98.0,272.0,0.36,133.0,316.0,0.421,0.476,65.0,82.0,0.793,25.0,146.0,171.0,91.0,47.0,12.0,71.0,102.0,625.0,0.0,10.2,0.501,0.463,0.139,1.9,11.2,6.4,10.7,1.7,0.8,10.2,22.0,-1.0,1.0,0.1,0.002,-3.3,-1.1,-4.4,-0.8,0.0,2022
173,Jeff Green,24.7,3.7,7.1,0.524,0.7,2.2,0.315,3.0,4.8,0.62,0.574,2.2,2.6,0.833,0.5,2.5,3.1,1.3,0.4,0.4,0.9,2.0,10.3,0.0,0.0,1000.0,0.0,0.0,0.0,0.0,0.0,0.0,0.0,0.0,0.0,0.0,0.0,0.0,0.0,75.0,63.0,1849.0,277.0,529.0,0.524,53.0,168.0,0.315,224.0,361.0,0.62,0.574,165.0,198.0,0.833,41.0,190.0,231.0,96.0,28.0,27.0,71.0,151.0,772.0,0.0,12.5,0.627,0.318,0.374,2.6,11.1,7.0,7.3,0.7,1.3,10.3,16.3,2.7,1.2,3.9,0.101,-1.2,-1.3,-2.5,-0.2,0.0,2022
174,P.J. Washington,27.2,3.8,8.2,0.47,1.7,4.6,0.365,2.2,3.6,0.606,0.573,0.9,1.2,0.716,1.3,3.9,5.2,2.3,0.9,0.9,1.3,2.3,10.3,0.0,0.0,1000.0,0.0,0.0,0.0,0.0,0.0,0.0,0.0,0.0,0.0,0.0,0.0,0.0,0.0,65.0,28.0,1768.0,250.0,532.0,0.47,110.0,301.0,0.365,140.0,231.0,0.606,0.573,58.0,81.0,0.716,82.0,255.0,337.0,147.0,57.0,61.0,82.0,152.0,668.0,0.0,13.6,0.588,0.566,0.152,4.8,15.5,10.1,11.2,1.5,3.3,12.6,15.6,1.8,1.6,3.4,0.091,-0.2,0.2,-0.1,0.9,0.0,2022
175,Ivica Zubac,24.4,4.1,6.5,0.626,0.0,0.0,0.0,4.1,6.5,0.626,0.626,2.2,3.0,0.727,2.9,5.6,8.5,1.6,0.5,1.0,1.5,2.7,10.3,0.0,0.0,1000.0,0.0,0.0,0.0,0.0,0.0,0.0,0.0,0.0,0.0,0.0,0.0,0.0,0.0,76.0,76.0,1852.0,310.0,495.0,0.626,0.0,0.0,0.0,310.0,495.0,0.626,0.626,165.0,227.0,0.727,217.0,427.0,644.0,120.0,36.0,77.0,114.0,203.0,785.0,0.0,19.2,0.66,0.0,0.459,12.8,23.7,18.4,9.8,1.0,3.5,16.1,16.8,4.3,2.9,7.2,0.187,-0.1,0.8,0.7,1.3,0.0,2022
176,Josh Richardson,24.6,3.6,8.2,0.438,1.6,3.8,0.415,2.0,4.4,0.458,0.534,1.5,1.7,0.889,0.6,2.2,2.8,1.8,0.9,0.4,1.0,1.8,10.2,0.0,0.0,1000.0,0.0,0.0,0.0,0.0,0.0,0.0,0.0,0.0,0.0,0.0,0.0,0.0,0.0,65.0,7.0,1600.0,234.0,534.0,0.438,102.0,246.0,0.415,132.0,288.0,0.458,0.534,96.0,108.0,0.889,42.0,143.0,185.0,115.0,56.0,29.0,66.0,116.0,666.0,0.0,12.8,0.573,0.461,0.202,2.8,9.4,6.2,10.1,1.7,1.6,10.2,17.6,1.6,2.0,3.5,0.106,-0.6,0.7,0.1,0.9,0.0,2022
177,Al Horford,29.1,3.9,8.2,0.467,1.3,3.8,0.336,2.6,4.4,0.582,0.546,1.2,1.4,0.842,1.6,6.1,7.7,3.4,0.7,1.3,0.9,1.9,10.2,0.0,0.0,1000.0,0.0,0.0,0.0,0.0,0.0,0.0,0.0,0.0,0.0,0.0,0.0,0.0,0.0,69.0,69.0,2005.0,266.0,569.0,0.467,89.0,265.0,0.336,177.0,304.0,0.582,0.546,80.0,95.0,0.842,108.0,422.0,530.0,232.0,49.0,92.0,65.0,130.0,701.0,0.0,16.7,0.574,0.466,0.167,6.0,22.2,14.3,16.4,1.2,4.2,9.6,14.8,3.7,3.8,7.6,0.181,1.4,2.9,4.3,3.2,0.0,2022
178,Ben McLemore,20.1,3.4,8.4,0.401,2.4,6.5,0.362,1.0,1.9,0.533,0.541,1.1,1.4,0.818,0.2,1.4,1.6,0.9,0.6,0.2,0.9,1.6,10.2,0.0,0.0,1000.0,0.0,0.0,0.0,0.0,0.0,0.0,0.0,0.0,0.0,0.0,0.0,0.0,0.0,64.0,6.0,1285.0,216.0,539.0,0.401,151.0,417.0,0.362,65.0,122.0,0.533,0.541,72.0,88.0,0.818,12.0,91.0,103.0,59.0,38.0,10.0,55.0,103.0,655.0,0.0,11.7,0.567,0.774,0.163,1.0,8.1,4.4,7.3,1.4,0.8,8.7,21.3,0.7,0.2,0.8,0.031,-0.7,-2.5,-3.2,-0.4,0.0,2022
179,Cam Reddish,20.7,3.4,8.3,0.404,1.3,3.8,0.359,2.0,4.6,0.442,0.485,2.1,2.3,0.902,0.5,1.6,2.1,1.0,1.0,0.3,1.2,1.2,10.1,0.0,0.0,1000.0,0.0,0.0,0.0,0.0,0.0,0.0,0.0,0.0,0.0,0.0,0.0,0.0,0.0,49.0,7.0,1012.0,165.0,408.0,0.404,66.0,184.0,0.359,99.0,224.0,0.442,0.485,101.0,112.0,0.902,25.0,80.0,105.0,48.0,47.0,15.0,57.0,60.0,497.0,0.0,12.8,0.543,0.451,0.275,2.7,8.6,5.7,7.0,2.3,1.4,11.1,22.2,0.2,0.8,1.0,0.046,-1.0,-0.3,-1.3,0.2,0.0,2022
180,Justin Holiday,27.8,3.5,8.9,0.394,2.4,6.5,0.367,1.1,2.4,0.467,0.528,0.7,0.8,0.806,0.4,2.2,2.6,1.7,0.8,0.4,0.9,2.1,10.1,0.0,0.0,1000.0,0.0,0.0,0.0,0.0,0.0,0.0,0.0,0.0,0.0,0.0,0.0,0.0,0.0,74.0,65.0,2057.0,261.0,662.0,0.394,177.0,482.0,0.367,84.0,180.0,0.467,0.528,50.0,62.0,0.806,29.0,161.0,190.0,128.0,57.0,33.0,70.0,154.0,749.0,0.0,9.5,0.543,0.728,0.094,1.5,8.8,5.1,8.6,1.3,1.4,9.2,15.8,0.8,0.6,1.4,0.033,-1.4,-0.8,-2.2,-0.1,0.0,2022
181,Bones Hyland,19.0,3.3,8.3,0.403,1.9,5.2,0.366,1.4,3.1,0.465,0.518,1.6,1.8,0.856,0.2,2.5,2.7,2.8,0.6,0.3,1.2,2.2,10.1,0.0,0.0,1000.0,0.0,0.0,0.0,0.0,0.0,0.0,0.0,0.0,0.0,0.0,0.0,0.0,0.0,69.0,4.0,1310.0,230.0,571.0,0.403,131.0,358.0,0.366,99.0,213.0,0.465,0.518,107.0,125.0,0.856,14.0,174.0,188.0,191.0,41.0,20.0,86.0,153.0,698.0,0.0,14.4,0.558,0.627,0.219,1.2,14.4,8.0,21.2,1.5,1.4,12.1,23.8,1.1,1.3,2.4,0.088,0.3,-0.7,-0.4,0.5,0.0,2022
182,Isaiah Roby,21.1,3.7,7.2,0.514,1.0,2.2,0.444,2.7,5.0,0.545,0.582,1.7,2.6,0.672,1.7,3.2,4.8,1.6,0.8,0.8,1.0,2.4,10.1,0.0,0.0,1000.0,0.0,0.0,0.0,0.0,0.0,0.0,0.0,0.0,0.0,0.0,0.0,0.0,0.0,45.0,28.0,948.0,166.0,323.0,0.514,44.0,99.0,0.444,122.0,224.0,0.545,0.582,78.0,116.0,0.672,75.0,142.0,217.0,71.0,36.0,34.0,43.0,109.0,454.0,0.0,18.3,0.607,0.307,0.359,8.0,15.6,11.8,12.1,1.8,3.3,10.3,19.0,1.8,1.1,2.9,0.147,0.4,0.2,0.6,0.6,0.0,2022
183,Devin Cannady,29.0,3.0,8.8,0.341,3.0,7.4,0.405,0.0,1.4,0.0,0.511,1.0,1.4,0.714,0.2,1.0,1.2,2.0,1.0,0.6,1.0,1.8,10.0,0.0,0.0,1000.0,0.0,0.0,0.0,0.0,0.0,0.0,0.0,0.0,0.0,0.0,0.0,0.0,0.0,5.0,0.0,145.0,15.0,44.0,0.341,15.0,37.0,0.405,0.0,7.0,0.0,0.511,5.0,7.0,0.714,1.0,5.0,6.0,10.0,5.0,3.0,5.0,9.0,50.0,0.0,8.6,0.531,0.841,0.159,0.7,3.7,2.2,10.0,1.7,1.9,9.6,15.5,0.0,0.1,0.1,0.033,-2.8,-0.4,-3.2,0.0,0.0,2022
184,Talen Horton-Tucker,25.2,3.7,9.0,0.416,0.8,3.0,0.269,2.9,5.9,0.492,0.462,1.7,2.1,0.8,0.6,2.6,3.2,2.7,1.0,0.5,1.4,2.5,10.0,0.0,0.0,1000.0,0.0,0.0,0.0,0.0,0.0,0.0,0.0,0.0,0.0,0.0,0.0,0.0,0.0,60.0,19.0,1511.0,224.0,538.0,0.416,49.0,182.0,0.269,175.0,356.0,0.492,0.462,100.0,125.0,0.8,37.0,156.0,193.0,159.0,59.0,29.0,82.0,148.0,597.0,0.0,11.0,0.503,0.338,0.232,2.6,11.1,6.9,14.9,1.9,1.7,12.1,19.2,-0.2,1.2,1.1,0.033,-3.2,-0.2,-3.3,-0.5,0.0,2022
185,Garrison Mathews,26.3,2.8,7.1,0.399,2.1,5.9,0.36,0.7,1.2,0.6,0.55,2.2,2.8,0.794,0.5,2.4,2.9,1.0,0.9,0.4,0.6,2.6,10.0,0.0,0.0,1000.0,0.0,0.0,0.0,0.0,0.0,0.0,0.0,0.0,0.0,0.0,0.0,0.0,0.0,65.0,33.0,1712.0,184.0,461.0,0.399,139.0,386.0,0.36,45.0,75.0,0.6,0.55,143.0,180.0,0.794,32.0,158.0,190.0,64.0,57.0,24.0,41.0,168.0,650.0,0.0,11.0,0.602,0.837,0.39,2.0,10.2,6.1,5.3,1.6,1.3,7.1,14.4,2.2,0.5,2.8,0.078,-1.3,-1.0,-2.3,-0.1,0.0,2022
186,Terrence Ross,23.0,3.5,8.8,0.397,1.2,4.2,0.292,2.3,4.6,0.493,0.467,1.8,2.1,0.862,0.3,2.2,2.6,1.8,0.4,0.2,1.2,1.1,10.0,0.0,0.0,1000.0,0.0,0.0,0.0,0.0,0.0,0.0,0.0,0.0,0.0,0.0,0.0,0.0,0.0,63.0,0.0,1448.0,220.0,554.0,0.397,77.0,264.0,0.292,143.0,290.0,0.493,0.467,112.0,130.0,0.862,20.0,141.0,161.0,116.0,28.0,12.0,75.0,68.0,629.0,0.0,10.0,0.515,0.477,0.235,1.5,10.3,5.9,12.5,0.9,0.8,10.9,20.5,-0.5,0.9,0.3,0.011,-2.5,-1.1,-3.7,-0.6,0.0,2022
187,Robert Williams,29.6,4.4,6.0,0.736,0.0,0.0,0.0,4.4,6.0,0.738,0.736,1.1,1.5,0.722,3.9,5.7,9.6,2.0,0.9,2.2,1.0,2.2,10.0,0.0,0.0,1000.0,0.0,0.0,0.0,0.0,0.0,0.0,0.0,0.0,0.0,0.0,0.0,0.0,0.0,61.0,61.0,1804.0,271.0,368.0,0.736,0.0,1.0,0.0,271.0,367.0,0.738,0.736,65.0,90.0,0.722,238.0,350.0,588.0,121.0,56.0,134.0,63.0,137.0,607.0,1.0,22.1,0.745,0.003,0.245,14.6,20.5,17.6,9.7,1.5,6.8,13.4,11.5,6.0,3.9,9.9,0.262,2.4,3.1,5.5,3.4,0.0,2022
188,Eric Bledsoe,25.2,3.6,8.7,0.421,0.9,3.0,0.313,2.7,5.6,0.479,0.475,1.6,2.2,0.761,0.5,2.9,3.4,4.2,1.3,0.4,2.1,1.6,9.9,0.0,0.0,1000.0,0.0,0.0,0.0,0.0,0.0,0.0,0.0,0.0,0.0,0.0,0.0,0.0,0.0,54.0,29.0,1361.0,197.0,468.0,0.421,51.0,163.0,0.313,146.0,305.0,0.479,0.475,89.0,117.0,0.761,28.0,154.0,182.0,225.0,69.0,19.0,116.0,85.0,534.0,0.0,12.5,0.514,0.348,0.25,2.2,11.6,7.1,24.1,2.5,1.2,18.3,20.5,-0.5,1.8,1.3,0.047,-2.1,1.3,-0.8,0.4,0.0,2022
189,Pat Connaughton,26.0,3.5,7.6,0.458,2.2,5.7,0.395,1.2,1.9,0.643,0.605,0.7,0.8,0.833,0.7,3.5,4.2,1.3,0.9,0.2,0.5,1.3,9.9,0.0,0.0,1000.0,0.0,0.0,0.0,0.0,0.0,0.0,0.0,0.0,0.0,0.0,0.0,0.0,0.0,65.0,19.0,1691.0,227.0,496.0,0.458,146.0,370.0,0.395,81.0,126.0,0.643,0.605,45.0,54.0,0.833,45.0,228.0,273.0,82.0,59.0,15.0,35.0,86.0,645.0,0.0,13.4,0.62,0.746,0.109,2.9,14.0,8.6,6.6,1.7,0.9,6.3,14.0,2.8,1.6,4.4,0.125,0.8,0.3,1.2,1.4,0.0,2022
190,Michael Porter Jr.,29.4,4.1,11.4,0.359,1.1,5.3,0.208,3.0,6.1,0.491,0.408,0.6,1.0,0.556,1.0,5.6,6.6,1.9,1.1,0.2,1.3,1.8,9.9,0.0,0.0,1000.0,0.0,0.0,0.0,0.0,0.0,0.0,0.0,0.0,0.0,0.0,0.0,0.0,0.0,9.0,9.0,265.0,37.0,103.0,0.359,10.0,48.0,0.208,27.0,55.0,0.491,0.408,5.0,9.0,0.556,9.0,50.0,59.0,17.0,10.0,2.0,12.0,16.0,89.0,0.0,7.5,0.416,0.466,0.087,3.9,20.4,12.4,8.9,1.9,0.7,10.1,19.7,-0.5,0.3,-0.2,-0.032,-3.9,0.5,-3.5,-0.1,0.0,2022
191,Duane Washington Jr.,20.2,3.6,8.9,0.405,1.7,4.5,0.377,1.9,4.4,0.434,0.5,1.0,1.3,0.754,0.1,1.6,1.7,1.8,0.5,0.1,1.2,1.4,9.9,0.0,0.0,1000.0,0.0,0.0,0.0,0.0,0.0,0.0,0.0,0.0,0.0,0.0,0.0,0.0,0.0,48.0,7.0,968.0,173.0,427.0,0.405,81.0,215.0,0.377,92.0,212.0,0.434,0.5,46.0,61.0,0.754,4.0,79.0,83.0,85.0,26.0,3.0,57.0,66.0,473.0,0.0,10.2,0.521,0.504,0.143,0.5,9.3,4.8,13.0,1.3,0.3,11.2,22.6,-0.2,0.2,0.0,-0.002,-1.9,-2.8,-4.7,-0.7,0.0,2022
192,Nassir Little,25.9,3.5,7.5,0.46,1.2,3.7,0.331,2.2,3.8,0.584,0.541,1.6,2.2,0.734,1.4,4.2,5.6,1.3,0.6,0.9,1.0,2.0,9.8,0.0,0.0,1000.0,0.0,0.0,0.0,0.0,0.0,0.0,0.0,0.0,0.0,0.0,0.0,0.0,0.0,42.0,23.0,1088.0,145.0,315.0,0.46,51.0,154.0,0.331,94.0,161.0,0.584,0.541,69.0,94.0,0.734,58.0,178.0,236.0,54.0,25.0,36.0,40.0,82.0,410.0,0.0,13.5,0.575,0.489,0.298,5.7,18.7,11.9,7.4,1.1,3.3,10.1,15.8,1.2,0.6,1.7,0.076,-0.9,-0.6,-1.4,0.2,0.0,2022
193,Alperen Şengün,20.7,3.5,7.3,0.474,0.4,1.6,0.248,3.1,5.7,0.539,0.502,2.3,3.2,0.711,1.9,3.5,5.5,2.6,0.8,0.9,2.0,3.0,9.6,0.0,0.0,1000.0,0.0,0.0,0.0,0.0,0.0,0.0,0.0,0.0,0.0,0.0,0.0,0.0,0.0,72.0,13.0,1489.0,249.0,525.0,0.474,29.0,117.0,0.248,220.0,408.0,0.539,0.502,165.0,232.0,0.711,138.0,255.0,393.0,185.0,59.0,68.0,145.0,214.0,692.0,0.0,16.0,0.552,0.223,0.442,10.1,18.9,14.5,19.1,1.9,4.1,18.8,22.0,0.8,1.3,2.1,0.068,-1.6,0.6,-1.0,0.4,0.0,2022
194,Terry Taylor,21.6,4.1,6.7,0.614,0.4,1.2,0.316,3.7,5.5,0.676,0.641,1.1,1.5,0.706,2.9,2.3,5.2,1.2,0.4,0.2,0.7,1.8,9.6,0.0,0.0,1000.0,0.0,0.0,0.0,0.0,0.0,0.0,0.0,0.0,0.0,0.0,0.0,0.0,0.0,33.0,7.0,714.0,135.0,220.0,0.614,12.0,38.0,0.316,123.0,182.0,0.676,0.641,36.0,51.0,0.706,95.0,77.0,172.0,41.0,14.0,8.0,23.0,61.0,318.0,0.0,19.0,0.656,0.173,0.232,14.6,12.2,13.4,8.6,1.0,1.0,8.7,15.9,2.2,0.2,2.4,0.16,2.1,-2.8,-0.6,0.2,0.0,2022
195,Herbert Jones,29.9,3.5,7.4,0.476,0.7,2.2,0.337,2.8,5.2,0.533,0.525,1.8,2.1,0.84,1.3,2.5,3.8,2.1,1.7,0.8,1.3,3.1,9.5,0.0,0.0,1000.0,0.0,0.0,0.0,0.0,0.0,0.0,0.0,0.0,0.0,0.0,0.0,0.0,0.0,78.0,69.0,2335.0,274.0,576.0,0.476,57.0,169.0,0.337,217.0,407.0,0.533,0.525,137.0,163.0,0.84,98.0,198.0,296.0,167.0,130.0,60.0,100.0,238.0,742.0,0.0,12.3,0.573,0.293,0.283,4.5,9.6,7.0,10.0,2.7,2.5,13.4,13.7,2.1,2.5,4.6,0.096,-2.0,1.5,-0.5,0.9,0.0,2022
196,Chris Boucher,21.1,3.4,7.2,0.464,0.9,2.9,0.297,2.5,4.4,0.575,0.523,1.9,2.4,0.777,2.2,3.9,6.2,0.3,0.6,0.9,0.5,2.2,9.4,0.0,0.0,1000.0,0.0,0.0,0.0,0.0,0.0,0.0,0.0,0.0,0.0,0.0,0.0,0.0,0.0,80.0,9.0,1690.0,268.0,577.0,0.464,68.0,229.0,0.297,200.0,348.0,0.575,0.523,150.0,193.0,0.777,179.0,315.0,494.0,25.0,49.0,75.0,42.0,174.0,754.0,0.0,17.9,0.57,0.397,0.334,10.9,21.3,15.8,2.2,1.4,4.3,6.0,17.8,3.5,2.4,6.0,0.169,0.5,-0.4,0.1,0.9,0.0,2022
197,Jae Crowder,28.1,3.2,8.1,0.399,1.9,5.4,0.348,1.3,2.7,0.503,0.516,1.1,1.3,0.789,0.4,4.8,5.3,1.9,1.4,0.4,0.8,2.6,9.4,0.0,0.0,1000.0,0.0,0.0,0.0,0.0,0.0,0.0,0.0,0.0,0.0,0.0,0.0,0.0,0.0,67.0,67.0,1886.0,217.0,544.0,0.399,127.0,365.0,0.348,90.0,179.0,0.503,0.516,71.0,90.0,0.789,30.0,324.0,354.0,124.0,95.0,30.0,55.0,173.0,632.0,0.0,11.3,0.541,0.671,0.165,1.8,18.0,10.1,8.3,2.4,1.4,8.6,14.6,0.9,3.4,4.3,0.11,-1.3,2.4,1.1,1.5,0.0,2022
198,Daniel Gafford,20.1,4.0,5.7,0.693,0.0,0.0,0.0,4.0,5.7,0.695,0.693,1.5,2.1,0.699,2.2,3.5,5.7,0.9,0.4,1.4,0.9,2.4,9.4,0.0,0.0,1000.0,0.0,0.0,0.0,0.0,0.0,0.0,0.0,0.0,0.0,0.0,0.0,0.0,0.0,72.0,53.0,1444.0,285.0,411.0,0.693,0.0,1.0,0.0,285.0,410.0,0.695,0.693,107.0,153.0,0.699,155.0,252.0,407.0,68.0,30.0,99.0,65.0,170.0,677.0,0.0,21.8,0.708,0.002,0.372,12.1,19.0,15.6,7.3,1.0,5.8,12.0,16.7,4.4,1.6,6.0,0.198,1.1,0.5,1.6,1.3,0.0,2022
199,Jaxson Hayes,20.0,3.5,5.7,0.616,0.3,0.8,0.351,3.2,4.9,0.66,0.641,2.1,2.7,0.766,1.6,2.9,4.5,0.6,0.5,0.8,0.8,2.2,9.3,0.0,0.0,1000.0,0.0,0.0,0.0,0.0,0.0,0.0,0.0,0.0,0.0,0.0,0.0,0.0,0.0,70.0,28.0,1398.0,245.0,398.0,0.616,20.0,57.0,0.351,225.0,341.0,0.66,0.641,144.0,188.0,0.766,115.0,200.0,315.0,43.0,33.0,55.0,54.0,155.0,654.0,0.0,18.5,0.68,0.143,0.472,8.9,16.2,12.5,4.7,1.2,3.8,10.1,16.4,3.7,1.3,5.1,0.174,0.6,-0.3,0.2,0.8,0.0,2022
200,Jonathan Kuminga,16.9,3.4,6.6,0.513,0.7,2.1,0.336,2.7,4.4,0.598,0.567,1.9,2.7,0.684,0.8,2.6,3.3,0.9,0.4,0.3,1.1,2.1,9.3,0.0,0.0,1000.0,0.0,0.0,0.0,0.0,0.0,0.0,0.0,0.0,0.0,0.0,0.0,0.0,0.0,70.0,12.0,1185.0,236.0,460.0,0.513,50.0,149.0,0.336,186.0,311.0,0.598,0.567,130.0,190.0,0.684,54.0,180.0,234.0,64.0,31.0,22.0,74.0,146.0,652.0,0.0,15.2,0.6,0.324,0.413,5.1,16.1,10.8,8.4,1.3,1.8,12.0,22.7,1.3,1.8,3.0,0.123,-1.3,-0.2,-1.5,0.1,0.0,2022
201,Jalen Smith,18.1,3.5,6.9,0.503,0.8,2.4,0.328,2.7,4.5,0.596,0.56,1.5,2.0,0.765,2.0,4.0,6.0,0.5,0.3,0.8,0.8,1.9,9.2,0.0,0.0,1000.0,0.0,0.0,0.0,0.0,0.0,0.0,0.0,0.0,0.0,0.0,0.0,0.0,0.0,51.0,8.0,925.0,176.0,350.0,0.503,40.0,122.0,0.328,136.0,228.0,0.596,0.56,78.0,102.0,0.765,101.0,206.0,307.0,24.0,15.0,41.0,42.0,96.0,470.0,0.0,18.4,0.595,0.349,0.291,12.0,24.5,18.2,3.9,0.8,3.9,9.6,20.3,1.7,1.1,2.8,0.145,0.9,-1.4,-0.5,0.3,0.0,2022
202,Reggie Perry,18.7,4.0,7.9,0.506,0.3,1.6,0.188,3.7,6.3,0.587,0.525,0.9,1.5,0.6,1.5,3.2,4.7,1.2,0.9,0.6,1.1,3.3,9.2,0.0,0.0,1000.0,0.0,0.0,0.0,0.0,0.0,0.0,0.0,0.0,0.0,0.0,0.0,0.0,0.0,10.0,1.0,187.0,40.0,79.0,0.506,3.0,16.0,0.188,37.0,63.0,0.587,0.525,9.0,15.0,0.6,15.0,32.0,47.0,12.0,9.0,6.0,11.0,33.0,92.0,0.0,15.6,0.537,0.203,0.19,8.5,19.5,13.8,11.1,2.4,3.2,11.4,22.4,0.1,0.2,0.2,0.058,-3.1,-1.0,-4.1,-0.1,0.0,2022
203,Patrick Beverley,25.4,3.1,7.5,0.406,1.4,4.2,0.343,1.6,3.3,0.485,0.501,1.7,2.3,0.722,1.1,3.1,4.1,4.6,1.2,0.9,1.3,3.0,9.2,0.0,0.0,1000.0,0.0,0.0,0.0,0.0,0.0,0.0,0.0,0.0,0.0,0.0,0.0,0.0,0.0,58.0,54.0,1476.0,177.0,436.0,0.406,83.0,242.0,0.343,94.0,194.0,0.485,0.501,96.0,133.0,0.722,62.0,178.0,240.0,268.0,67.0,52.0,73.0,174.0,533.0,0.0,14.8,0.539,0.555,0.305,4.4,13.2,8.7,24.5,2.2,3.4,12.9,16.1,2.3,1.7,4.1,0.132,0.6,2.1,2.7,1.7,0.0,2022
204,Caleb Martin,22.9,3.5,6.8,0.507,1.1,2.6,0.413,2.4,4.3,0.565,0.585,1.2,1.6,0.763,1.2,2.7,3.8,1.1,1.0,0.5,0.9,1.7,9.2,0.0,0.0,1000.0,0.0,0.0,0.0,0.0,0.0,0.0,0.0,0.0,0.0,0.0,0.0,0.0,0.0,60.0,12.0,1372.0,208.0,410.0,0.507,64.0,155.0,0.413,144.0,255.0,0.565,0.585,71.0,93.0,0.763,70.0,160.0,230.0,64.0,58.0,30.0,52.0,104.0,551.0,0.0,14.8,0.611,0.378,0.227,5.9,13.0,9.5,7.0,2.1,2.3,10.3,16.3,1.9,2.1,4.0,0.139,0.1,0.9,1.1,1.1,0.0,2022
205,Jaden McDaniels,25.8,3.6,7.9,0.46,1.1,3.6,0.317,2.5,4.3,0.579,0.532,0.8,1.0,0.803,1.1,3.1,4.2,1.1,0.7,0.8,1.1,3.2,9.2,0.0,0.0,1000.0,0.0,0.0,0.0,0.0,0.0,0.0,0.0,0.0,0.0,0.0,0.0,0.0,0.0,70.0,31.0,1803.0,255.0,554.0,0.46,80.0,252.0,0.317,175.0,302.0,0.579,0.532,57.0,71.0,0.803,76.0,217.0,293.0,79.0,52.0,54.0,75.0,224.0,647.0,0.0,10.3,0.553,0.455,0.128,4.4,13.2,8.7,6.1,1.4,2.9,11.4,15.3,0.7,1.7,2.4,0.065,-2.9,-0.1,-2.9,-0.4,0.0,2022
206,JaVale McGee,15.8,3.9,6.2,0.629,0.0,0.1,0.222,3.9,6.1,0.637,0.631,1.4,2.0,0.699,2.2,4.5,6.7,0.6,0.3,1.1,1.3,2.4,9.2,0.0,0.0,1000.0,0.0,0.0,0.0,0.0,0.0,0.0,0.0,0.0,0.0,0.0,0.0,0.0,0.0,74.0,17.0,1172.0,288.0,458.0,0.629,2.0,9.0,0.222,286.0,449.0,0.637,0.631,102.0,146.0,0.699,163.0,333.0,496.0,42.0,22.0,81.0,98.0,181.0,680.0,0.0,22.6,0.651,0.02,0.319,15.3,29.7,22.7,5.4,0.9,6.1,15.8,22.8,2.4,2.6,4.9,0.201,-0.1,0.9,0.8,0.8,0.0,2022
207,Georges Niang,22.8,3.2,7.4,0.437,2.1,5.1,0.403,1.2,2.3,0.511,0.575,0.7,0.8,0.881,0.3,2.3,2.7,1.3,0.4,0.2,0.8,2.5,9.2,0.0,0.0,1000.0,0.0,0.0,0.0,0.0,0.0,0.0,0.0,0.0,0.0,0.0,0.0,0.0,0.0,76.0,7.0,1736.0,246.0,563.0,0.437,156.0,387.0,0.403,90.0,176.0,0.511,0.575,52.0,59.0,0.881,25.0,178.0,203.0,102.0,30.0,13.0,59.0,190.0,700.0,0.0,10.7,0.594,0.687,0.105,1.6,11.3,6.5,8.7,0.9,0.7,9.1,16.8,1.5,1.3,2.8,0.077,-0.8,-1.1,-1.9,0.0,0.0,2022
208,Precious Achiuwa,23.6,3.6,8.3,0.439,0.8,2.1,0.359,2.9,6.1,0.468,0.486,1.1,1.8,0.595,2.0,4.5,6.5,1.1,0.5,0.6,1.2,2.1,9.1,0.0,0.0,1000.0,0.0,0.0,0.0,0.0,0.0,0.0,0.0,0.0,0.0,0.0,0.0,0.0,0.0,73.0,28.0,1725.0,265.0,603.0,0.439,56.0,156.0,0.359,209.0,447.0,0.468,0.486,78.0,131.0,0.595,146.0,327.0,473.0,82.0,37.0,41.0,84.0,151.0,664.0,0.0,12.7,0.503,0.259,0.217,8.7,21.7,14.9,6.9,1.1,2.3,11.3,18.5,0.4,2.1,2.5,0.07,-2.0,-0.6,-2.6,-0.2,0.0,2022
209,Oshae Brissett,23.3,3.1,7.6,0.411,1.2,3.5,0.35,1.9,4.0,0.465,0.493,1.7,2.4,0.695,1.6,3.7,5.3,1.1,0.7,0.4,0.8,1.7,9.1,0.0,0.0,1000.0,0.0,0.0,0.0,0.0,0.0,0.0,0.0,0.0,0.0,0.0,0.0,0.0,0.0,67.0,25.0,1564.0,208.0,506.0,0.411,83.0,237.0,0.35,125.0,269.0,0.465,0.493,114.0,164.0,0.695,108.0,250.0,358.0,72.0,44.0,29.0,54.0,116.0,613.0,0.0,12.9,0.53,0.468,0.324,7.6,18.1,12.8,6.4,1.4,1.6,8.5,17.3,1.4,0.9,2.2,0.069,-0.5,-1.7,-2.2,-0.1,0.0,2022
210,Willy Hernangómez,16.8,3.4,6.5,0.52,0.1,0.2,0.333,3.3,6.3,0.527,0.526,2.2,2.8,0.773,2.9,3.9,6.8,1.3,0.4,0.4,1.0,1.9,9.1,0.0,0.0,1000.0,0.0,0.0,0.0,0.0,0.0,0.0,0.0,0.0,0.0,0.0,0.0,0.0,0.0,50.0,8.0,839.0,170.0,327.0,0.52,4.0,12.0,0.333,166.0,315.0,0.527,0.526,109.0,141.0,0.773,143.0,195.0,338.0,63.0,21.0,19.0,51.0,97.0,453.0,0.0,22.2,0.582,0.037,0.431,18.5,26.3,22.3,11.9,1.2,2.2,11.6,22.5,2.2,0.9,3.2,0.18,1.8,-1.5,0.2,0.5,0.0,2022
211,Kelly Olynyk,19.1,3.2,7.2,0.448,1.0,3.0,0.336,2.2,4.2,0.527,0.517,1.7,2.2,0.775,1.4,3.1,4.4,2.8,0.8,0.5,1.5,2.5,9.1,0.0,0.0,1000.0,0.0,0.0,0.0,0.0,0.0,0.0,0.0,0.0,0.0,0.0,0.0,0.0,0.0,40.0,1.0,764.0,128.0,286.0,0.448,40.0,119.0,0.336,88.0,167.0,0.527,0.517,69.0,89.0,0.775,54.0,123.0,177.0,111.0,31.0,19.0,58.0,100.0,365.0,0.0,16.7,0.561,0.416,0.311,7.3,18.3,12.5,23.3,2.0,2.2,15.1,21.5,0.8,0.8,1.6,0.104,0.5,1.0,1.6,0.7,0.0,2022
212,Donte DiVincenzo,24.0,2.8,8.0,0.351,1.8,5.2,0.339,1.0,2.8,0.373,0.461,1.7,2.0,0.843,1.0,3.1,4.0,2.8,1.1,0.2,1.7,1.6,9.0,0.0,0.0,1000.0,0.0,0.0,0.0,0.0,0.0,0.0,0.0,0.0,0.0,0.0,0.0,0.0,0.0,42.0,1.0,1006.0,118.0,336.0,0.351,74.0,218.0,0.339,44.0,118.0,0.373,0.461,70.0,83.0,0.843,40.0,130.0,170.0,118.0,48.0,8.0,72.0,69.0,380.0,0.0,11.3,0.51,0.649,0.247,4.3,14.0,9.1,16.1,2.3,0.7,16.2,18.9,-0.1,0.9,0.7,0.035,-1.8,-0.5,-2.3,-0.1,0.0,2022
213,DeMarcus Cousins,15.0,3.1,6.8,0.46,0.8,2.5,0.303,2.3,4.2,0.554,0.517,2.0,2.6,0.76,1.5,4.1,5.6,1.5,0.7,0.4,1.8,2.9,9.0,0.0,0.0,1000.0,0.0,0.0,0.0,0.0,0.0,0.0,0.0,0.0,0.0,0.0,0.0,0.0,0.0,48.0,7.0,718.0,149.0,324.0,0.46,37.0,122.0,0.303,112.0,202.0,0.554,0.517,95.0,125.0,0.76,74.0,196.0,270.0,71.0,35.0,21.0,85.0,139.0,430.0,0.0,18.2,0.567,0.377,0.386,11.7,29.1,20.6,15.2,2.4,2.7,18.3,28.1,0.3,1.3,1.6,0.104,-1.8,0.2,-1.6,0.1,0.0,2022
214,Bruce Brown,24.6,3.6,7.0,0.506,0.5,1.3,0.404,3.0,5.7,0.529,0.543,1.3,1.8,0.758,1.4,3.4,4.8,2.1,1.1,0.7,0.8,2.4,9.0,0.0,0.0,1000.0,0.0,0.0,0.0,0.0,0.0,0.0,0.0,0.0,0.0,0.0,0.0,0.0,0.0,72.0,45.0,1774.0,256.0,506.0,0.506,38.0,94.0,0.404,218.0,412.0,0.529,0.543,97.0,128.0,0.758,100.0,245.0,345.0,148.0,77.0,52.0,56.0,176.0,647.0,0.0,15.0,0.575,0.186,0.253,6.3,14.7,10.6,11.5,2.1,2.6,9.1,15.0,2.8,2.0,4.8,0.13,-0.4,1.1,0.7,1.2,0.0,2022
215,Amir Coffey,22.7,3.1,6.8,0.453,1.4,3.7,0.378,1.7,3.1,0.542,0.556,1.5,1.7,0.863,0.4,2.5,2.9,1.8,0.6,0.2,0.7,1.3,9.0,0.0,0.0,1000.0,0.0,0.0,0.0,0.0,0.0,0.0,0.0,0.0,0.0,0.0,0.0,0.0,0.0,69.0,30.0,1567.0,211.0,466.0,0.453,96.0,254.0,0.378,115.0,212.0,0.542,0.556,101.0,117.0,0.863,26.0,171.0,197.0,124.0,38.0,15.0,45.0,87.0,619.0,0.0,13.0,0.598,0.545,0.251,1.8,11.2,6.7,11.4,1.2,0.8,8.0,15.8,2.3,1.5,3.8,0.116,-0.3,0.0,-0.3,0.7,0.0,2022
216,Obi Toppin,17.1,3.5,6.6,0.531,0.7,2.3,0.308,2.8,4.2,0.655,0.586,1.3,1.7,0.758,1.0,2.8,3.7,1.1,0.3,0.5,0.8,1.4,9.0,0.0,0.0,1000.0,0.0,0.0,0.0,0.0,0.0,0.0,0.0,0.0,0.0,0.0,0.0,0.0,0.0,72.0,10.0,1230.0,251.0,473.0,0.531,52.0,169.0,0.308,199.0,304.0,0.655,0.586,94.0,124.0,0.758,69.0,199.0,268.0,77.0,25.0,33.0,56.0,102.0,648.0,0.0,18.3,0.614,0.357,0.262,5.9,17.7,11.7,10.9,1.0,2.6,9.6,20.8,2.5,1.5,3.9,0.153,1.7,0.3,2.0,1.2,0.0,2022
217,Moritz Wagner,15.2,3.1,6.3,0.497,1.0,3.2,0.328,2.1,3.1,0.672,0.581,1.7,2.0,0.806,0.7,3.0,3.7,1.4,0.3,0.2,0.9,2.0,9.0,0.0,0.0,1000.0,0.0,0.0,0.0,0.0,0.0,0.0,0.0,0.0,0.0,0.0,0.0,0.0,0.0,63.0,3.0,960.0,197.0,396.0,0.497,66.0,201.0,0.328,131.0,195.0,0.672,0.581,104.0,129.0,0.806,42.0,190.0,232.0,87.0,20.0,13.0,56.0,123.0,564.0,0.0,18.1,0.623,0.508,0.326,4.6,21.0,12.8,15.4,1.0,1.2,11.0,22.9,1.8,1.0,2.8,0.138,1.5,0.1,1.6,0.9,0.0,2022
218,Patrick Williams,24.8,3.2,6.0,0.529,0.9,1.7,0.517,2.3,4.3,0.534,0.603,1.8,2.4,0.732,1.0,3.1,4.1,0.9,0.5,0.5,0.9,1.6,9.0,0.0,0.0,1000.0,0.0,0.0,0.0,0.0,0.0,0.0,0.0,0.0,0.0,0.0,0.0,0.0,0.0,17.0,9.0,422.0,54.0,102.0,0.529,15.0,29.0,0.517,39.0,73.0,0.534,0.603,30.0,41.0,0.732,17.0,52.0,69.0,15.0,9.0,9.0,16.0,28.0,153.0,0.0,12.7,0.637,0.284,0.402,4.6,13.8,9.2,4.8,1.0,1.8,11.8,14.2,0.6,0.3,0.9,0.099,-0.9,-0.7,-1.5,0.0,0.0,2022
219,Chimezie Metu,21.3,3.4,7.5,0.452,1.0,3.1,0.306,2.4,4.4,0.555,0.516,1.2,1.5,0.78,0.6,5.0,5.6,1.0,0.9,0.5,1.0,1.6,8.9,0.0,0.0,1000.0,0.0,0.0,0.0,0.0,0.0,0.0,0.0,0.0,0.0,0.0,0.0,0.0,0.0,60.0,20.0,1279.0,203.0,449.0,0.452,57.0,186.0,0.306,146.0,263.0,0.555,0.516,71.0,91.0,0.78,34.0,301.0,335.0,60.0,51.0,32.0,61.0,93.0,534.0,0.0,13.4,0.546,0.414,0.203,2.9,25.9,14.3,6.9,1.9,2.2,11.1,18.5,0.1,1.4,1.5,0.056,-1.6,0.1,-1.5,0.2,0.0,2022
220,Bryn Forbes,17.1,3.1,7.2,0.429,1.6,3.9,0.414,1.5,3.3,0.447,0.542,1.1,1.2,0.908,0.1,1.1,1.2,1.0,0.3,0.1,0.7,1.3,8.8,0.0,0.0,1000.0,0.0,0.0,0.0,0.0,0.0,0.0,0.0,0.0,0.0,0.0,0.0,0.0,0.0,75.0,2.0,1286.0,231.0,539.0,0.429,122.0,295.0,0.414,109.0,244.0,0.447,0.542,79.0,87.0,0.908,10.0,83.0,93.0,75.0,25.0,5.0,56.0,95.0,663.0,0.0,11.5,0.574,0.547,0.161,0.9,6.9,3.9,8.3,0.9,0.3,8.8,21.2,0.8,0.6,1.4,0.054,-0.7,-2.2,-2.9,-0.3,0.0,2022
221,Ayo Dosunmu,27.4,3.6,6.9,0.52,0.9,2.4,0.376,2.7,4.5,0.596,0.585,0.7,1.0,0.679,0.4,2.4,2.8,3.3,0.8,0.4,1.4,2.4,8.8,0.0,0.0,1000.0,0.0,0.0,0.0,0.0,0.0,0.0,0.0,0.0,0.0,0.0,0.0,0.0,0.0,77.0,40.0,2110.0,278.0,535.0,0.52,70.0,186.0,0.376,208.0,349.0,0.596,0.585,53.0,78.0,0.679,27.0,187.0,214.0,256.0,60.0,29.0,108.0,182.0,679.0,0.0,11.2,0.596,0.348,0.146,1.4,9.9,5.7,16.5,1.4,1.2,15.9,14.1,1.7,1.3,3.0,0.069,-1.9,-0.1,-2.0,0.0,0.0,2022
222,KJ Martin,21.0,3.5,6.6,0.533,0.8,2.1,0.357,2.8,4.5,0.617,0.591,1.0,1.6,0.634,1.0,2.7,3.8,1.3,0.4,0.5,0.8,1.4,8.8,0.0,0.0,1000.0,0.0,0.0,0.0,0.0,0.0,0.0,0.0,0.0,0.0,0.0,0.0,0.0,0.0,79.0,2.0,1656.0,279.0,523.0,0.533,60.0,168.0,0.357,219.0,355.0,0.617,0.591,78.0,123.0,0.634,80.0,217.0,297.0,101.0,34.0,40.0,60.0,113.0,696.0,0.0,14.3,0.603,0.321,0.235,5.3,14.5,9.9,9.4,1.0,2.2,9.4,16.3,2.3,0.6,2.9,0.084,0.0,-1.2,-1.2,0.4,0.0,2022
223,Isaac Okoro,29.6,3.1,6.4,0.48,0.8,2.3,0.35,2.3,4.1,0.555,0.544,1.8,2.3,0.768,1.1,1.9,3.0,1.8,0.8,0.3,0.9,2.4,8.8,0.0,0.0,1000.0,0.0,0.0,0.0,0.0,0.0,0.0,0.0,0.0,0.0,0.0,0.0,0.0,0.0,67.0,61.0,1981.0,207.0,431.0,0.48,55.0,157.0,0.35,152.0,274.0,0.555,0.544,119.0,155.0,0.768,72.0,129.0,201.0,121.0,56.0,22.0,58.0,164.0,588.0,0.0,10.4,0.589,0.364,0.36,4.1,7.1,5.6,8.5,1.4,1.0,10.4,12.4,2.4,1.9,4.2,0.103,-2.4,0.7,-1.7,0.1,0.0,2022
224,Nic Claxton,20.7,3.8,5.6,0.674,0.0,0.0,0.0,3.8,5.6,0.674,0.674,1.1,2.0,0.581,1.9,3.7,5.6,0.9,0.5,1.1,0.8,2.3,8.7,0.0,0.0,1000.0,0.0,0.0,0.0,0.0,0.0,0.0,0.0,0.0,0.0,0.0,0.0,0.0,0.0,47.0,19.0,974.0,178.0,264.0,0.674,0.0,0.0,0.0,178.0,264.0,0.674,0.674,54.0,93.0,0.581,91.0,173.0,264.0,43.0,24.0,51.0,38.0,110.0,410.0,0.0,18.6,0.672,0.0,0.352,10.4,18.9,14.8,6.4,1.2,4.7,11.1,15.1,2.3,1.2,3.5,0.171,0.3,0.2,0.5,0.6,0.0,2022
225,Tyus Jones,21.2,3.4,7.6,0.451,1.1,2.8,0.39,2.3,4.8,0.487,0.524,0.7,0.9,0.818,0.2,2.2,2.4,4.4,0.9,0.0,0.6,0.4,8.7,0.0,0.0,1000.0,0.0,0.0,0.0,0.0,0.0,0.0,0.0,0.0,0.0,0.0,0.0,0.0,0.0,73.0,23.0,1549.0,249.0,552.0,0.451,80.0,205.0,0.39,169.0,347.0,0.487,0.524,54.0,66.0,0.818,17.0,159.0,176.0,324.0,66.0,2.0,46.0,32.0,632.0,0.0,16.5,0.544,0.371,0.12,1.1,11.0,5.9,28.2,2.0,0.1,7.3,16.6,3.4,1.6,5.1,0.158,1.2,0.5,1.7,1.4,0.0,2022
226,Dwight Powell,21.9,3.3,4.9,0.671,0.2,0.5,0.351,3.1,4.4,0.703,0.687,2.0,2.6,0.783,2.1,2.8,4.9,1.2,0.5,0.5,0.8,2.7,8.7,0.0,0.0,1000.0,0.0,0.0,0.0,0.0,0.0,0.0,0.0,0.0,0.0,0.0,0.0,0.0,0.0,82.0,71.0,1798.0,269.0,401.0,0.671,13.0,37.0,0.351,256.0,364.0,0.703,0.687,166.0,212.0,0.783,173.0,231.0,404.0,97.0,37.0,39.0,64.0,220.0,717.0,0.0,18.1,0.725,0.092,0.529,10.7,14.3,12.5,8.1,1.0,2.0,11.5,14.0,6.0,2.2,8.2,0.219,0.4,0.5,0.9,1.3,0.0,2022
227,Gabe Vincent,23.4,3.1,7.5,0.417,1.8,4.8,0.368,1.4,2.8,0.5,0.533,0.6,0.8,0.815,0.3,1.5,1.9,3.1,0.9,0.2,1.4,2.3,8.7,0.0,0.0,1000.0,0.0,0.0,0.0,0.0,0.0,0.0,0.0,0.0,0.0,0.0,0.0,0.0,0.0,68.0,27.0,1589.0,214.0,513.0,0.417,119.0,323.0,0.368,95.0,190.0,0.5,0.533,44.0,54.0,0.815,22.0,104.0,126.0,210.0,62.0,12.0,98.0,158.0,591.0,0.0,10.6,0.551,0.63,0.105,1.6,7.3,4.5,19.4,2.0,0.8,15.4,17.8,0.7,1.9,2.5,0.076,-1.9,0.5,-1.4,0.2,0.0,2022
228,Reggie Bullock,28.0,3.0,7.4,0.401,2.1,5.8,0.36,0.9,1.6,0.55,0.542,0.6,0.7,0.833,0.5,3.1,3.5,1.2,0.6,0.2,0.6,1.6,8.6,0.0,0.0,1000.0,0.0,0.0,0.0,0.0,0.0,0.0,0.0,0.0,0.0,0.0,0.0,0.0,0.0,68.0,37.0,1902.0,201.0,501.0,0.401,141.0,392.0,0.36,60.0,109.0,0.55,0.542,40.0,48.0,0.833,33.0,208.0,241.0,83.0,41.0,14.0,40.0,111.0,583.0,0.0,9.2,0.558,0.782,0.096,1.9,12.2,7.0,6.1,1.1,0.7,7.1,13.3,1.2,2.0,3.2,0.08,-1.4,0.0,-1.4,0.3,0.0,2022
229,Chuma Okeke,25.0,3.1,8.2,0.376,1.7,5.3,0.318,1.4,2.9,0.48,0.478,0.8,0.9,0.846,0.7,4.3,5.0,1.7,1.4,0.6,0.8,1.4,8.6,0.0,0.0,1000.0,0.0,0.0,0.0,0.0,0.0,0.0,0.0,0.0,0.0,0.0,0.0,0.0,0.0,70.0,20.0,1749.0,216.0,575.0,0.376,118.0,371.0,0.318,98.0,204.0,0.48,0.478,55.0,65.0,0.846,47.0,300.0,347.0,118.0,97.0,42.0,57.0,95.0,605.0,0.0,12.0,0.501,0.645,0.113,2.8,18.2,10.5,10.1,2.7,2.2,8.6,16.4,-0.3,2.5,2.2,0.06,-1.6,1.5,-0.1,0.8,0.0,2022
230,Robert Covington,27.3,2.9,7.0,0.42,1.8,4.8,0.378,1.1,2.2,0.509,0.548,0.8,1.0,0.841,0.8,4.7,5.5,1.3,1.5,1.3,1.1,2.7,8.5,0.0,0.0,1000.0,0.0,0.0,0.0,0.0,0.0,0.0,0.0,0.0,0.0,0.0,0.0,0.0,0.0,71.0,42.0,1940.0,209.0,498.0,0.42,128.0,339.0,0.378,81.0,159.0,0.509,0.548,58.0,69.0,0.841,59.0,332.0,391.0,92.0,103.0,91.0,75.0,190.0,604.0,0.0,12.4,0.572,0.681,0.139,3.3,18.9,11.0,6.8,2.6,4.4,12.4,13.5,0.8,2.4,3.2,0.08,-1.6,1.7,0.2,1.1,0.0,2022
231,T.J. McConnell,24.1,3.7,7.7,0.481,0.4,1.2,0.303,3.3,6.5,0.514,0.505,0.7,0.9,0.826,0.7,2.6,3.3,4.9,1.1,0.4,1.1,2.0,8.5,0.0,0.0,1000.0,0.0,0.0,0.0,0.0,0.0,0.0,0.0,0.0,0.0,0.0,0.0,0.0,0.0,27.0,8.0,652.0,100.0,208.0,0.481,10.0,33.0,0.303,90.0,175.0,0.514,0.505,19.0,23.0,0.826,20.0,70.0,90.0,131.0,29.0,10.0,29.0,53.0,229.0,0.0,15.1,0.525,0.159,0.111,3.4,12.2,7.7,28.7,2.2,1.3,11.7,16.2,1.0,0.4,1.3,0.098,-0.4,1.4,0.9,0.5,0.0,2022
232,Jaylen Nowell,15.7,3.2,6.7,0.475,1.0,2.6,0.394,2.1,4.1,0.526,0.551,1.2,1.5,0.783,0.4,1.6,2.0,2.1,0.4,0.2,0.6,1.2,8.5,0.0,0.0,1000.0,0.0,0.0,0.0,0.0,0.0,0.0,0.0,0.0,0.0,0.0,0.0,0.0,0.0,62.0,1.0,975.0,196.0,413.0,0.475,63.0,160.0,0.394,133.0,253.0,0.526,0.551,72.0,92.0,0.783,22.0,101.0,123.0,130.0,27.0,10.0,36.0,73.0,527.0,0.0,16.8,0.581,0.387,0.223,2.4,11.4,6.8,20.2,1.3,1.0,7.4,21.0,2.1,0.7,2.8,0.138,1.5,-0.7,0.8,0.7,0.0,2022
233,Mitchell Robinson,25.7,3.6,4.8,0.761,0.0,0.0,0.0,3.6,4.8,0.761,0.761,1.2,2.5,0.486,4.1,4.5,8.6,0.5,0.8,1.8,0.8,2.7,8.5,0.0,0.0,1000.0,0.0,0.0,0.0,0.0,0.0,0.0,0.0,0.0,0.0,0.0,0.0,0.0,0.0,72.0,62.0,1848.0,261.0,343.0,0.761,0.0,0.0,0.0,261.0,343.0,0.761,0.761,88.0,181.0,0.486,295.0,322.0,617.0,38.0,58.0,133.0,60.0,195.0,610.0,0.0,20.7,0.722,0.0,0.528,16.8,19.1,17.9,3.2,1.6,7.1,12.4,11.4,5.3,3.2,8.5,0.221,1.0,1.2,2.2,2.0,0.0,2022
234,Cam Thomas,17.6,3.3,7.5,0.433,0.7,2.6,0.27,2.6,4.9,0.52,0.48,1.3,1.6,0.829,0.2,2.2,2.4,1.2,0.5,0.1,0.8,1.0,8.5,0.0,0.0,1000.0,0.0,0.0,0.0,0.0,0.0,0.0,0.0,0.0,0.0,0.0,0.0,0.0,0.0,67.0,2.0,1176.0,218.0,503.0,0.433,47.0,174.0,0.27,171.0,329.0,0.52,0.48,87.0,105.0,0.829,16.0,145.0,161.0,78.0,33.0,8.0,55.0,66.0,570.0,0.0,11.7,0.519,0.346,0.209,1.5,13.1,7.5,9.7,1.4,0.6,9.1,22.1,0.0,0.8,0.8,0.033,-2.0,-1.4,-3.4,-0.4,0.0,2022
235,Isaiah Thomas,15.1,3.0,7.6,0.401,1.3,3.8,0.337,1.8,3.8,0.464,0.485,1.0,1.2,0.846,0.2,1.1,1.3,1.5,0.3,0.2,0.7,1.5,8.4,0.0,0.0,1000.0,0.0,0.0,0.0,0.0,0.0,0.0,0.0,0.0,0.0,0.0,0.0,0.0,0.0,22.0,1.0,333.0,67.0,167.0,0.401,28.0,83.0,0.337,39.0,84.0,0.464,0.485,22.0,26.0,0.846,4.0,25.0,29.0,34.0,7.0,5.0,15.0,34.0,184.0,0.0,12.0,0.516,0.497,0.156,1.3,8.1,4.6,15.7,1.0,1.4,7.8,24.8,0.0,0.1,0.2,0.026,-1.9,-2.6,-4.5,-0.2,0.0,2022
236,Deni Avdija,24.2,3.0,7.1,0.432,1.0,3.2,0.317,2.0,3.9,0.525,0.503,1.3,1.7,0.757,0.6,4.5,5.2,2.0,0.7,0.5,1.1,2.3,8.4,0.0,0.0,1000.0,0.0,0.0,0.0,0.0,0.0,0.0,0.0,0.0,0.0,0.0,0.0,0.0,0.0,82.0,8.0,1984.0,250.0,579.0,0.432,82.0,259.0,0.317,168.0,320.0,0.525,0.503,103.0,136.0,0.757,52.0,373.0,425.0,167.0,59.0,44.0,87.0,190.0,685.0,0.0,11.6,0.536,0.447,0.235,3.0,20.5,11.9,11.8,1.5,1.9,12.0,16.3,0.6,1.8,2.4,0.058,-2.1,0.4,-1.7,0.1,0.0,2022
237,Lance Stephenson,17.7,3.2,7.0,0.455,0.6,2.0,0.3,2.6,5.1,0.515,0.497,1.4,1.7,0.788,0.3,2.5,2.8,3.6,0.5,0.1,1.6,2.1,8.3,0.0,0.0,1000.0,0.0,0.0,0.0,0.0,0.0,0.0,0.0,0.0,0.0,0.0,0.0,0.0,0.0,46.0,1.0,814.0,147.0,323.0,0.455,27.0,90.0,0.3,120.0,233.0,0.515,0.497,63.0,80.0,0.788,12.0,115.0,127.0,165.0,24.0,4.0,72.0,96.0,384.0,0.0,13.6,0.536,0.279,0.248,1.6,16.0,8.7,30.2,1.4,0.4,16.7,22.6,0.4,0.4,0.8,0.048,-1.6,-1.6,-3.2,-0.2,0.0,2022
238,Nicolas Batum,24.8,3.0,6.6,0.463,1.8,4.6,0.4,1.2,2.0,0.607,0.602,0.4,0.6,0.658,0.5,3.8,4.3,1.7,1.0,0.7,0.7,1.4,8.3,0.0,0.0,1000.0,0.0,0.0,0.0,0.0,0.0,0.0,0.0,0.0,0.0,0.0,0.0,0.0,0.0,59.0,54.0,1463.0,179.0,387.0,0.463,108.0,270.0,0.4,71.0,117.0,0.607,0.602,25.0,38.0,0.658,29.0,225.0,254.0,100.0,58.0,42.0,40.0,80.0,491.0,0.0,13.5,0.608,0.698,0.098,2.2,15.8,9.2,9.7,1.9,2.4,9.0,13.3,1.6,2.1,3.7,0.123,0.5,1.9,2.3,1.6,0.0,2022
239,Isaiah Hartenstein,17.9,3.4,5.4,0.626,0.2,0.4,0.467,3.2,4.9,0.64,0.645,1.3,1.9,0.689,1.7,3.2,4.9,2.4,0.7,1.1,1.2,2.5,8.3,0.0,0.0,1000.0,0.0,0.0,0.0,0.0,0.0,0.0,0.0,0.0,0.0,0.0,0.0,0.0,0.0,68.0,0.0,1216.0,229.0,366.0,0.626,14.0,30.0,0.467,215.0,336.0,0.64,0.645,91.0,132.0,0.689,117.0,215.0,332.0,160.0,50.0,77.0,84.0,167.0,563.0,0.0,22.0,0.664,0.082,0.361,10.5,18.2,14.5,20.5,2.0,5.4,16.5,18.4,3.3,2.2,5.5,0.215,1.4,3.1,4.5,2.0,0.0,2022
240,Isaiah Jackson,15.0,3.2,5.7,0.563,0.1,0.4,0.313,3.1,5.3,0.584,0.575,1.7,2.4,0.682,1.7,2.5,4.1,0.3,0.7,1.4,1.1,2.6,8.3,0.0,0.0,1000.0,0.0,0.0,0.0,0.0,0.0,0.0,0.0,0.0,0.0,0.0,0.0,0.0,0.0,36.0,15.0,541.0,116.0,206.0,0.563,5.0,16.0,0.313,111.0,190.0,0.584,0.575,60.0,88.0,0.682,60.0,89.0,149.0,10.0,25.0,52.0,40.0,92.0,297.0,0.0,20.5,0.607,0.078,0.427,12.2,18.7,15.4,2.9,2.3,8.4,14.0,22.5,0.7,0.7,1.4,0.126,-1.6,0.0,-1.6,0.0,0.0,2022
241,Naz Reid,15.8,3.0,6.2,0.489,0.7,2.2,0.343,2.3,4.0,0.568,0.549,1.5,1.9,0.765,1.3,2.6,3.9,0.9,0.5,0.9,1.1,2.2,8.3,0.0,0.0,1000.0,0.0,0.0,0.0,0.0,0.0,0.0,0.0,0.0,0.0,0.0,0.0,0.0,0.0,77.0,6.0,1215.0,233.0,476.0,0.489,57.0,166.0,0.343,176.0,310.0,0.568,0.549,114.0,149.0,0.765,102.0,199.0,301.0,71.0,40.0,71.0,82.0,172.0,637.0,0.0,17.2,0.588,0.349,0.313,8.8,18.0,13.3,8.7,1.6,5.6,13.2,21.4,1.5,1.6,3.2,0.125,-0.5,0.5,0.0,0.6,0.0,2022
242,Landry Shamet,20.8,2.8,7.0,0.394,1.8,4.8,0.368,1.0,2.2,0.45,0.521,1.0,1.2,0.84,0.2,1.6,1.8,1.6,0.4,0.1,0.6,1.3,8.3,0.0,0.0,1000.0,0.0,0.0,0.0,0.0,0.0,0.0,0.0,0.0,0.0,0.0,0.0,0.0,0.0,69.0,14.0,1437.0,191.0,485.0,0.394,123.0,334.0,0.368,68.0,151.0,0.45,0.521,68.0,81.0,0.84,16.0,110.0,126.0,108.0,28.0,9.0,41.0,92.0,573.0,0.0,10.2,0.55,0.689,0.167,1.2,8.0,4.7,9.7,0.9,0.6,7.3,16.8,1.1,1.5,2.6,0.085,-0.9,-0.4,-1.2,0.3,0.0,2022
243,Isaiah Stewart,25.6,3.5,6.9,0.51,0.2,0.6,0.326,3.3,6.3,0.529,0.526,1.0,1.5,0.718,3.2,5.5,8.7,1.2,0.3,1.1,1.2,3.0,8.3,0.0,0.0,1000.0,0.0,0.0,0.0,0.0,0.0,0.0,0.0,0.0,0.0,0.0,0.0,0.0,0.0,71.0,71.0,1816.0,250.0,490.0,0.51,15.0,46.0,0.326,235.0,444.0,0.529,0.526,74.0,103.0,0.718,226.0,391.0,617.0,82.0,22.0,78.0,85.0,211.0,589.0,0.0,14.0,0.55,0.094,0.21,12.8,24.5,18.4,6.9,0.6,3.9,13.7,14.6,1.6,1.8,3.4,0.091,-2.5,-0.8,-3.3,-0.6,0.0,2022
244,Aaron Wiggins,24.2,3.1,6.7,0.463,0.8,2.8,0.304,2.3,4.0,0.573,0.525,1.2,1.7,0.729,1.0,2.5,3.6,1.4,0.6,0.2,1.1,1.9,8.3,0.0,0.0,1000.0,0.0,0.0,0.0,0.0,0.0,0.0,0.0,0.0,0.0,0.0,0.0,0.0,0.0,50.0,35.0,1209.0,156.0,337.0,0.463,42.0,138.0,0.304,114.0,199.0,0.573,0.525,62.0,85.0,0.729,51.0,127.0,178.0,68.0,30.0,10.0,54.0,93.0,416.0,0.0,10.3,0.556,0.409,0.252,4.3,11.0,7.6,8.5,1.2,0.8,12.6,15.3,0.5,0.8,1.2,0.048,-3.4,-0.9,-4.3,-0.7,0.0,2022
245,Daniel Theis,20.8,3.2,6.2,0.519,0.7,2.3,0.308,2.5,3.9,0.641,0.576,1.0,1.5,0.681,1.3,3.6,4.9,0.9,0.4,0.7,1.0,2.4,8.2,0.0,0.0,1000.0,0.0,0.0,0.0,0.0,0.0,0.0,0.0,0.0,0.0,0.0,0.0,0.0,0.0,47.0,27.0,977.0,151.0,291.0,0.519,33.0,107.0,0.308,118.0,184.0,0.641,0.576,49.0,72.0,0.681,59.0,169.0,228.0,41.0,20.0,31.0,46.0,111.0,384.0,0.0,13.2,0.595,0.368,0.247,6.6,18.8,12.7,6.3,1.0,2.9,12.5,16.2,0.9,1.0,1.9,0.093,-1.9,-0.2,-2.1,0.0,0.0,2022
246,Corey Kispert,23.4,3.0,6.7,0.455,1.5,4.2,0.35,1.6,2.5,0.629,0.564,0.7,0.8,0.871,0.7,2.0,2.7,1.1,0.5,0.3,0.6,1.2,8.2,0.0,0.0,1000.0,0.0,0.0,0.0,0.0,0.0,0.0,0.0,0.0,0.0,0.0,0.0,0.0,0.0,77.0,36.0,1801.0,234.0,514.0,0.455,112.0,320.0,0.35,122.0,194.0,0.629,0.564,54.0,62.0,0.871,53.0,156.0,209.0,85.0,35.0,22.0,50.0,93.0,634.0,0.0,10.9,0.586,0.623,0.121,3.3,9.4,6.4,6.7,1.0,1.0,8.5,14.6,1.6,0.7,2.3,0.061,-0.8,-1.5,-2.3,-0.1,0.0,2022
247,Shake Milton,21.4,3.1,7.3,0.429,0.8,2.4,0.323,2.4,4.9,0.481,0.483,1.1,1.3,0.836,0.5,2.0,2.6,2.5,0.5,0.3,0.8,1.8,8.2,0.0,0.0,1000.0,0.0,0.0,0.0,0.0,0.0,0.0,0.0,0.0,0.0,0.0,0.0,0.0,0.0,55.0,6.0,1179.0,173.0,403.0,0.429,43.0,133.0,0.323,130.0,270.0,0.481,0.483,61.0,73.0,0.836,30.0,112.0,142.0,139.0,28.0,17.0,44.0,99.0,450.0,0.0,11.9,0.517,0.33,0.181,2.9,10.4,6.7,17.6,1.2,1.3,9.2,18.3,0.7,1.0,1.7,0.069,-1.6,-0.6,-2.2,-0.1,0.0,2022
248,Onyeka Okongwu,20.7,3.3,4.7,0.69,0.0,0.0,0.0,3.3,4.7,0.69,0.69,1.7,2.3,0.727,2.4,3.5,5.9,1.1,0.6,1.3,0.9,3.1,8.2,0.0,0.0,1000.0,0.0,0.0,0.0,0.0,0.0,0.0,0.0,0.0,0.0,0.0,0.0,0.0,0.0,48.0,6.0,992.0,156.0,226.0,0.69,0.0,0.0,0.0,156.0,226.0,0.69,0.69,80.0,110.0,0.727,115.0,168.0,283.0,53.0,31.0,60.0,44.0,149.0,392.0,0.0,19.8,0.714,0.0,0.487,12.8,18.4,15.6,7.6,1.5,5.4,13.8,14.0,3.1,1.1,4.2,0.202,0.0,0.8,0.8,0.7,0.0,2022
249,Otto Porter Jr.,22.2,3.1,6.6,0.464,1.3,3.4,0.37,1.8,3.2,0.565,0.56,0.8,1.0,0.803,1.4,4.4,5.7,1.5,1.1,0.5,0.6,1.3,8.2,0.0,0.0,1000.0,0.0,0.0,0.0,0.0,0.0,0.0,0.0,0.0,0.0,0.0,0.0,0.0,0.0,63.0,15.0,1396.0,193.0,416.0,0.464,80.0,216.0,0.37,113.0,200.0,0.565,0.56,49.0,61.0,0.803,86.0,276.0,362.0,94.0,68.0,29.0,37.0,83.0,515.0,0.0,15.9,0.581,0.519,0.147,6.9,21.0,14.2,9.6,2.4,2.0,7.7,15.0,2.2,2.7,4.9,0.168,1.0,2.1,3.1,1.8,0.0,2022
250,Hassan Whiteside,17.9,3.3,5.1,0.652,0.0,0.0,0.0,3.3,5.1,0.652,0.652,1.6,2.6,0.623,2.6,5.0,7.6,0.4,0.3,1.6,0.8,2.8,8.2,0.0,0.0,1000.0,0.0,0.0,0.0,0.0,0.0,0.0,0.0,0.0,0.0,0.0,0.0,0.0,0.0,65.0,8.0,1162.0,215.0,330.0,0.652,0.0,0.0,0.0,215.0,330.0,0.652,0.652,104.0,167.0,0.623,166.0,328.0,494.0,26.0,22.0,103.0,53.0,179.0,534.0,0.0,22.9,0.662,0.0,0.506,16.2,29.9,23.3,3.4,0.9,7.8,11.6,17.1,3.4,2.3,5.8,0.238,0.6,1.4,2.1,1.2,0.0,2022
251,Rudy Gay,18.9,2.9,6.9,0.414,1.3,3.7,0.345,1.6,3.2,0.494,0.507,1.1,1.4,0.785,1.0,3.4,4.4,1.0,0.5,0.3,0.9,1.7,8.1,0.0,0.0,1000.0,0.0,0.0,0.0,0.0,0.0,0.0,0.0,0.0,0.0,0.0,0.0,0.0,0.0,55.0,1.0,1038.0,157.0,379.0,0.414,70.0,203.0,0.345,87.0,176.0,0.494,0.507,62.0,79.0,0.785,55.0,187.0,242.0,56.0,25.0,19.0,47.0,95.0,446.0,0.0,13.0,0.539,0.536,0.208,6.0,19.1,12.8,7.8,1.2,1.6,10.2,19.3,0.8,1.3,2.1,0.097,-0.7,-0.3,-1.0,0.3,0.0,2022
252,Damian Jones,18.2,3.1,4.8,0.658,0.2,0.5,0.345,2.9,4.2,0.696,0.677,1.7,2.3,0.718,1.3,3.1,4.4,1.2,0.5,0.8,1.1,2.3,8.1,0.0,0.0,1000.0,0.0,0.0,0.0,0.0,0.0,0.0,0.0,0.0,0.0,0.0,0.0,0.0,0.0,56.0,15.0,1017.0,175.0,266.0,0.658,10.0,29.0,0.345,165.0,237.0,0.696,0.677,94.0,131.0,0.718,75.0,171.0,246.0,69.0,26.0,47.0,59.0,130.0,454.0,0.0,18.3,0.701,0.109,0.492,7.9,18.5,13.2,10.2,1.2,4.0,15.4,16.2,2.4,0.9,3.3,0.156,-0.2,0.5,0.3,0.6,0.0,2022
253,Ziaire Williams,21.7,3.1,6.8,0.45,1.2,3.9,0.314,1.9,2.9,0.632,0.54,0.7,0.9,0.782,0.4,1.7,2.1,1.0,0.6,0.2,0.7,1.8,8.1,0.0,0.0,1000.0,0.0,0.0,0.0,0.0,0.0,0.0,0.0,0.0,0.0,0.0,0.0,0.0,0.0,62.0,31.0,1346.0,191.0,424.0,0.45,76.0,242.0,0.314,115.0,182.0,0.632,0.54,43.0,55.0,0.782,26.0,103.0,129.0,65.0,35.0,12.0,41.0,113.0,501.0,0.0,9.7,0.559,0.571,0.13,2.0,8.2,5.0,6.3,1.2,0.8,8.4,14.9,1.1,1.1,2.2,0.08,-2.4,-0.6,-3.0,-0.3,0.0,2022
254,Cory Joseph,24.6,2.7,6.2,0.445,1.0,2.4,0.414,1.7,3.7,0.465,0.526,1.5,1.7,0.885,0.4,2.2,2.7,3.6,0.6,0.3,1.3,2.3,8.0,0.0,0.0,1000.0,0.0,0.0,0.0,0.0,0.0,0.0,0.0,0.0,0.0,0.0,0.0,0.0,0.0,65.0,39.0,1600.0,178.0,400.0,0.445,65.0,157.0,0.414,113.0,243.0,0.465,0.526,100.0,113.0,0.885,29.0,145.0,174.0,237.0,42.0,17.0,85.0,147.0,521.0,0.0,11.4,0.579,0.393,0.283,1.9,10.3,5.9,21.8,1.3,1.0,15.9,14.3,1.7,0.8,2.5,0.075,-2.0,-0.1,-2.1,0.0,0.0,2022
255,Mike Muscala,13.8,2.6,5.8,0.456,1.6,3.8,0.429,1.0,2.0,0.506,0.597,1.1,1.3,0.842,0.5,2.5,3.0,0.5,0.4,0.6,0.3,1.3,8.0,0.0,0.0,1000.0,0.0,0.0,0.0,0.0,0.0,0.0,0.0,0.0,0.0,0.0,0.0,0.0,0.0,43.0,0.0,592.0,113.0,248.0,0.456,70.0,163.0,0.429,43.0,85.0,0.506,0.597,48.0,57.0,0.842,21.0,108.0,129.0,22.0,18.0,26.0,14.0,58.0,344.0,0.0,19.7,0.63,0.657,0.23,3.6,19.1,11.2,6.2,1.5,4.1,4.9,20.9,1.4,0.7,2.1,0.17,3.8,1.2,5.0,1.1,0.0,2022
256,Malik Newman,8.0,3.0,5.0,0.6,0.0,1.0,0.0,3.0,4.0,0.75,0.6,2.0,2.0,1.0,0.0,1.0,1.0,1.0,0.0,0.0,1.0,0.0,8.0,0.0,0.0,1000.0,0.0,0.0,0.0,0.0,0.0,0.0,0.0,0.0,0.0,0.0,0.0,0.0,0.0,1.0,0.0,8.0,3.0,5.0,0.6,0.0,1.0,0.0,3.0,4.0,0.75,0.6,2.0,2.0,1.0,0.0,1.0,1.0,1.0,0.0,0.0,1.0,0.0,8.0,0.0,28.6,0.68,0.2,0.4,0.0,13.5,6.9,27.8,0.0,0.0,14.5,38.1,0.0,0.0,0.0,0.179,6.3,0.1,6.4,0.0,0.0,2022
257,Lindy Waters III,18.6,2.8,7.0,0.406,2.1,5.8,0.363,0.7,1.2,0.621,0.557,0.2,0.2,0.8,0.2,2.7,2.9,1.0,0.8,0.3,0.4,1.2,8.0,0.0,0.0,1000.0,0.0,0.0,0.0,0.0,0.0,0.0,0.0,0.0,0.0,0.0,0.0,0.0,0.0,25.0,1.0,465.0,71.0,175.0,0.406,53.0,146.0,0.363,18.0,29.0,0.621,0.557,4.0,5.0,0.8,6.0,67.0,73.0,24.0,19.0,8.0,11.0,31.0,199.0,0.0,13.0,0.562,0.834,0.029,1.3,15.0,8.1,8.1,2.0,1.6,5.8,17.5,0.3,0.5,0.8,0.081,-0.8,-0.8,-1.6,0.1,0.0,2022
258,Andre Drummond,19.7,3.4,5.9,0.57,0.0,0.0,0.0,3.4,5.9,0.574,0.57,1.2,2.2,0.524,3.1,6.2,9.3,1.8,1.1,0.9,1.6,2.6,7.9,0.0,0.0,1000.0,0.0,0.0,0.0,0.0,0.0,0.0,0.0,0.0,0.0,0.0,0.0,0.0,0.0,73.0,36.0,1437.0,247.0,433.0,0.57,0.0,3.0,0.0,247.0,430.0,0.574,0.57,86.0,164.0,0.524,229.0,451.0,680.0,131.0,78.0,68.0,115.0,192.0,580.0,0.0,21.0,0.574,0.007,0.379,18.0,34.1,26.2,13.7,2.7,4.2,18.5,19.0,2.0,3.1,5.1,0.17,-0.1,1.4,1.3,1.2,0.0,2022
259,Josh Christopher,18.0,3.0,6.8,0.448,0.8,2.6,0.296,2.3,4.2,0.54,0.504,1.1,1.5,0.735,0.7,1.8,2.5,2.0,0.9,0.2,1.5,1.3,7.9,0.0,0.0,1000.0,0.0,0.0,0.0,0.0,0.0,0.0,0.0,0.0,0.0,0.0,0.0,0.0,0.0,74.0,2.0,1334.0,224.0,500.0,0.448,56.0,189.0,0.296,168.0,311.0,0.54,0.504,83.0,113.0,0.735,52.0,134.0,186.0,150.0,65.0,13.0,114.0,97.0,587.0,0.0,12.2,0.534,0.378,0.226,4.3,11.1,7.7,17.3,2.3,0.9,17.2,21.1,-0.4,0.7,0.3,0.01,-2.2,-1.3,-3.5,-0.5,0.0,2022
260,Jordan Nwora,19.1,3.0,7.5,0.403,1.3,3.7,0.348,1.7,3.8,0.455,0.488,0.6,0.7,0.837,0.6,3.0,3.6,1.0,0.4,0.3,0.9,1.3,7.9,0.0,0.0,1000.0,0.0,0.0,0.0,0.0,0.0,0.0,0.0,0.0,0.0,0.0,0.0,0.0,0.0,62.0,13.0,1185.0,186.0,462.0,0.403,79.0,227.0,0.348,107.0,235.0,0.455,0.488,36.0,43.0,0.837,37.0,184.0,221.0,59.0,25.0,17.0,57.0,78.0,487.0,0.0,9.9,0.506,0.491,0.093,3.4,16.1,9.9,7.0,1.0,1.4,10.6,19.4,-0.4,1.1,0.6,0.025,-2.7,-1.5,-4.1,-0.6,0.0,2022
261,Zach Collins,17.9,2.7,5.5,0.49,0.5,1.5,0.341,2.2,4.1,0.544,0.535,1.9,2.3,0.8,1.6,3.8,5.5,2.2,0.5,0.8,1.6,2.4,7.8,0.0,0.0,1000.0,0.0,0.0,0.0,0.0,0.0,0.0,0.0,0.0,0.0,0.0,0.0,0.0,0.0,28.0,4.0,502.0,76.0,155.0,0.49,14.0,41.0,0.341,62.0,114.0,0.544,0.535,52.0,65.0,0.8,46.0,107.0,153.0,61.0,13.0,23.0,45.0,67.0,218.0,0.0,16.4,0.594,0.265,0.419,9.5,22.5,16.0,16.3,1.2,3.8,19.7,19.2,0.6,0.7,1.2,0.118,-1.2,1.0,-0.2,0.2,0.0,2022
262,Grant Williams,24.4,2.7,5.6,0.475,1.4,3.4,0.411,1.3,2.3,0.569,0.597,1.1,1.2,0.905,0.8,2.7,3.6,1.0,0.5,0.7,0.8,2.4,7.8,0.0,0.0,1000.0,0.0,0.0,0.0,0.0,0.0,0.0,0.0,0.0,0.0,0.0,0.0,0.0,0.0,77.0,21.0,1875.0,205.0,432.0,0.475,106.0,258.0,0.411,99.0,174.0,0.569,0.597,86.0,95.0,0.905,64.0,210.0,274.0,78.0,38.0,57.0,62.0,186.0,602.0,0.0,11.2,0.635,0.597,0.22,3.8,11.8,7.9,5.7,1.0,2.8,11.6,12.6,2.4,2.6,5.1,0.13,-1.4,1.1,-0.4,0.8,0.0,2022
263,Drew Eubanks,17.5,3.1,5.2,0.596,0.1,0.3,0.217,3.0,4.9,0.621,0.602,1.4,1.8,0.762,1.8,3.5,5.4,1.2,0.4,0.6,1.1,1.7,7.7,0.0,0.0,1000.0,0.0,0.0,0.0,0.0,0.0,0.0,0.0,0.0,0.0,0.0,0.0,0.0,0.0,71.0,31.0,1245.0,221.0,371.0,0.596,5.0,23.0,0.217,216.0,348.0,0.621,0.602,99.0,130.0,0.762,130.0,252.0,382.0,85.0,31.0,40.0,81.0,122.0,546.0,0.0,18.0,0.638,0.062,0.35,11.0,22.2,16.5,10.1,1.2,2.8,15.9,17.5,2.2,1.1,3.4,0.13,-0.5,-0.9,-1.4,0.2,0.0,2022
264,Cody Martin,26.3,2.9,6.0,0.482,0.9,2.2,0.384,2.0,3.7,0.542,0.554,1.1,1.5,0.701,1.2,2.9,4.0,2.5,1.2,0.5,0.9,1.6,7.7,0.0,0.0,1000.0,0.0,0.0,0.0,0.0,0.0,0.0,0.0,0.0,0.0,0.0,0.0,0.0,0.0,71.0,11.0,1866.0,204.0,423.0,0.482,61.0,159.0,0.384,143.0,264.0,0.542,0.554,75.0,107.0,0.701,82.0,203.0,285.0,179.0,88.0,32.0,61.0,116.0,544.0,0.0,12.7,0.579,0.376,0.253,4.6,11.7,8.1,12.4,2.3,1.6,11.5,12.1,2.4,1.5,3.9,0.101,-1.2,0.7,-0.5,0.7,0.0,2022
265,Kyle Anderson,21.5,3.0,6.8,0.446,0.5,1.6,0.33,2.5,5.2,0.481,0.484,1.0,1.5,0.638,1.0,4.3,5.3,2.7,1.1,0.7,1.0,1.6,7.6,0.0,0.0,1000.0,0.0,0.0,0.0,0.0,0.0,0.0,0.0,0.0,0.0,0.0,0.0,0.0,0.0,69.0,11.0,1484.0,209.0,469.0,0.446,36.0,109.0,0.33,173.0,360.0,0.481,0.484,67.0,105.0,0.638,69.0,299.0,368.0,183.0,77.0,45.0,71.0,108.0,521.0,0.0,14.4,0.506,0.232,0.224,4.8,21.6,13.0,16.2,2.5,2.7,12.1,16.2,1.0,2.5,3.5,0.113,-0.9,2.1,1.2,1.2,0.0,2022
266,Kris Dunn,24.0,3.1,7.3,0.431,0.1,0.8,0.091,3.1,6.5,0.473,0.436,1.2,1.3,0.944,0.6,2.9,3.5,5.6,1.6,0.2,2.3,2.7,7.6,0.0,0.0,1000.0,0.0,0.0,0.0,0.0,0.0,0.0,0.0,0.0,0.0,0.0,0.0,0.0,0.0,14.0,3.0,336.0,44.0,102.0,0.431,1.0,11.0,0.091,43.0,91.0,0.473,0.436,17.0,18.0,0.944,9.0,40.0,49.0,79.0,23.0,3.0,32.0,38.0,106.0,0.0,12.5,0.482,0.108,0.176,2.8,13.6,8.0,35.1,3.3,0.9,22.5,18.3,-0.1,0.3,0.2,0.024,-4.6,-0.8,-5.4,-0.3,0.0,2022
267,R.J. Hampton,21.9,2.7,7.1,0.383,1.0,2.9,0.35,1.7,4.3,0.405,0.453,1.2,1.8,0.641,0.4,2.7,3.0,2.5,0.7,0.2,1.4,1.6,7.6,0.0,0.0,1000.0,0.0,0.0,0.0,0.0,0.0,0.0,0.0,0.0,0.0,0.0,0.0,0.0,0.0,64.0,14.0,1402.0,175.0,457.0,0.383,64.0,183.0,0.35,111.0,274.0,0.405,0.453,75.0,117.0,0.641,23.0,171.0,194.0,158.0,42.0,13.0,87.0,101.0,489.0,0.0,8.5,0.481,0.4,0.256,1.7,12.9,7.3,16.9,1.4,0.8,14.6,18.4,-1.3,1.1,-0.2,-0.005,-4.0,-0.1,-4.1,-0.7,0.0,2022
268,Furkan Korkmaz,21.1,2.7,7.0,0.387,1.1,4.0,0.289,1.6,3.0,0.515,0.469,1.0,1.3,0.81,0.3,2.3,2.6,1.9,0.5,0.1,0.7,0.9,7.6,0.0,0.0,1000.0,0.0,0.0,0.0,0.0,0.0,0.0,0.0,0.0,0.0,0.0,0.0,0.0,0.0,67.0,19.0,1414.0,182.0,470.0,0.387,77.0,266.0,0.289,105.0,204.0,0.515,0.469,68.0,84.0,0.81,22.0,153.0,175.0,127.0,33.0,9.0,48.0,58.0,509.0,0.0,10.2,0.502,0.566,0.179,1.8,11.9,6.9,13.1,1.2,0.6,8.6,17.6,0.1,1.1,1.2,0.041,-2.0,-1.1,-3.1,-0.4,0.0,2022
269,Markieff Morris,17.5,3.2,6.7,0.474,0.8,2.3,0.333,2.4,4.4,0.547,0.531,0.5,0.5,0.889,1.0,1.6,2.6,1.4,0.4,0.1,1.2,1.9,7.6,0.0,0.0,1000.0,0.0,0.0,0.0,0.0,0.0,0.0,0.0,0.0,0.0,0.0,0.0,0.0,0.0,17.0,1.0,298.0,54.0,114.0,0.474,13.0,39.0,0.333,41.0,75.0,0.547,0.531,8.0,9.0,0.889,17.0,28.0,45.0,23.0,6.0,1.0,20.0,33.0,129.0,0.0,10.9,0.547,0.342,0.079,6.6,10.5,8.6,12.1,1.0,0.4,14.5,20.6,0.0,0.3,0.3,0.054,-1.5,-0.4,-1.9,0.0,0.0,2022
270,Aleksej Pokusevski,20.2,3.0,7.5,0.408,0.9,3.2,0.289,2.1,4.2,0.498,0.47,0.6,0.8,0.7,1.2,4.0,5.2,2.1,0.6,0.6,1.5,1.4,7.6,0.0,0.0,1000.0,0.0,0.0,0.0,0.0,0.0,0.0,0.0,0.0,0.0,0.0,0.0,0.0,0.0,61.0,12.0,1233.0,186.0,456.0,0.408,57.0,197.0,0.289,129.0,259.0,0.498,0.47,35.0,50.0,0.7,73.0,245.0,318.0,131.0,39.0,38.0,94.0,88.0,464.0,1.0,12.0,0.485,0.432,0.11,6.0,20.8,13.3,16.5,1.5,2.9,16.4,20.0,-1.1,1.5,0.4,0.014,-2.7,0.1,-2.6,-0.2,0.0,2022
271,P.J. Tucker,27.9,2.9,6.0,0.484,1.1,2.7,0.415,1.8,3.3,0.54,0.577,0.6,0.9,0.738,1.4,4.0,5.5,2.1,0.8,0.2,0.9,2.3,7.6,0.0,0.0,1000.0,0.0,0.0,0.0,0.0,0.0,0.0,0.0,0.0,0.0,0.0,0.0,0.0,0.0,71.0,70.0,1981.0,207.0,428.0,0.484,80.0,193.0,0.415,127.0,235.0,0.54,0.577,45.0,61.0,0.738,100.0,287.0,387.0,149.0,58.0,15.0,66.0,161.0,539.0,0.0,11.3,0.593,0.451,0.143,5.8,16.2,11.1,10.6,1.5,0.8,12.7,11.7,2.4,2.6,5.0,0.121,-0.8,1.4,0.6,1.3,0.0,2022
272,Trendon Watford,18.1,3.0,5.6,0.532,0.2,0.8,0.237,2.8,4.8,0.581,0.549,1.5,2.0,0.755,1.2,3.0,4.1,1.7,0.5,0.6,0.9,2.4,7.6,0.0,0.0,1000.0,0.0,0.0,0.0,0.0,0.0,0.0,0.0,0.0,0.0,0.0,0.0,0.0,0.0,48.0,10.0,869.0,142.0,267.0,0.532,9.0,38.0,0.237,133.0,229.0,0.581,0.549,71.0,94.0,0.755,57.0,142.0,199.0,81.0,25.0,28.0,44.0,116.0,364.0,0.0,15.8,0.59,0.142,0.352,7.0,18.6,12.6,14.6,1.4,3.2,12.5,17.6,1.4,0.5,1.9,0.104,-1.4,-0.4,-1.7,0.1,0.0,2022
273,Goran Dragić,23.7,2.7,7.2,0.377,0.8,3.0,0.254,2.0,4.2,0.466,0.43,1.3,1.6,0.818,0.6,2.5,3.1,4.1,0.9,0.2,1.6,2.1,7.5,0.0,0.0,1000.0,0.0,0.0,0.0,0.0,0.0,0.0,0.0,0.0,0.0,0.0,0.0,0.0,0.0,21.0,8.0,498.0,57.0,151.0,0.377,16.0,63.0,0.254,41.0,88.0,0.466,0.43,27.0,33.0,0.818,13.0,52.0,65.0,86.0,19.0,4.0,34.0,45.0,157.0,0.0,10.0,0.474,0.417,0.219,2.9,11.3,7.1,22.9,1.9,0.7,17.0,17.2,-0.1,0.4,0.4,0.034,-2.8,-0.5,-3.3,-0.2,0.0,2022
274,Draymond Green,28.9,2.9,5.6,0.525,0.3,1.2,0.296,2.6,4.4,0.586,0.556,1.3,2.0,0.659,1.0,6.3,7.3,7.0,1.3,1.1,3.0,3.0,7.5,0.0,0.0,1000.0,0.0,0.0,0.0,0.0,0.0,0.0,0.0,0.0,0.0,0.0,0.0,0.0,0.0,46.0,44.0,1329.0,135.0,257.0,0.525,16.0,54.0,0.296,119.0,203.0,0.586,0.556,60.0,91.0,0.659,45.0,291.0,336.0,320.0,61.0,50.0,139.0,136.0,346.0,1.0,14.3,0.582,0.21,0.354,3.8,23.2,13.8,32.5,2.2,3.6,31.9,14.3,0.8,2.8,3.6,0.131,-1.4,4.6,3.2,1.8,0.0,2022
275,Raul Neto,19.6,2.9,6.3,0.463,0.5,1.7,0.292,2.4,4.6,0.526,0.502,1.2,1.5,0.769,0.2,1.7,1.9,3.1,0.8,0.0,1.1,1.5,7.5,0.0,0.0,1000.0,0.0,0.0,0.0,0.0,0.0,0.0,0.0,0.0,0.0,0.0,0.0,0.0,0.0,70.0,19.0,1372.0,204.0,441.0,0.463,35.0,120.0,0.292,169.0,321.0,0.526,0.502,83.0,108.0,0.769,13.0,121.0,134.0,217.0,55.0,3.0,79.0,104.0,526.0,0.0,12.4,0.538,0.272,0.245,1.1,9.6,5.4,22.9,2.0,0.2,13.9,18.4,0.7,0.8,1.5,0.053,-2.5,-0.5,-2.9,-0.4,0.0,2022
276,Jeremiah Robinson-Earl,22.2,2.7,6.6,0.414,1.2,3.4,0.352,1.6,3.2,0.478,0.503,0.8,1.1,0.741,1.5,4.1,5.6,1.0,0.6,0.3,0.8,1.5,7.5,0.0,0.0,1000.0,0.0,0.0,0.0,0.0,0.0,0.0,0.0,0.0,0.0,0.0,0.0,0.0,0.0,49.0,36.0,1087.0,134.0,324.0,0.414,58.0,165.0,0.352,76.0,159.0,0.478,0.503,40.0,54.0,0.741,75.0,199.0,274.0,49.0,29.0,15.0,39.0,75.0,366.0,0.0,11.7,0.526,0.509,0.167,7.0,19.1,13.0,6.7,1.3,1.3,10.1,15.4,0.4,1.0,1.5,0.065,-1.9,-0.4,-2.2,-0.1,0.0,2022
277,D.J. Wilson,13.5,2.8,3.8,0.733,0.0,0.5,0.0,2.8,3.3,0.846,0.733,2.0,2.5,0.8,0.3,3.8,4.0,1.3,1.3,0.3,0.5,1.5,7.5,0.0,0.0,1000.0,0.0,0.0,0.0,0.0,0.0,0.0,0.0,0.0,0.0,0.0,0.0,0.0,0.0,4.0,1.0,54.0,11.0,15.0,0.733,0.0,2.0,0.0,11.0,13.0,0.846,0.733,8.0,10.0,0.8,1.0,15.0,16.0,5.0,5.0,1.0,2.0,6.0,30.0,0.0,27.9,0.773,0.133,0.667,1.9,31.8,16.1,14.6,4.6,1.8,9.3,17.0,0.2,0.1,0.4,0.328,1.8,3.2,5.0,0.1,0.0,2022
278,Thomas Bryant,16.3,2.9,5.5,0.52,0.4,1.6,0.286,2.4,3.9,0.613,0.561,1.3,1.5,0.875,1.0,3.0,4.0,0.9,0.2,0.8,0.7,1.6,7.4,0.0,0.0,1000.0,0.0,0.0,0.0,0.0,0.0,0.0,0.0,0.0,0.0,0.0,0.0,0.0,0.0,27.0,9.0,439.0,77.0,148.0,0.52,12.0,42.0,0.286,65.0,106.0,0.613,0.561,35.0,40.0,0.875,26.0,82.0,108.0,23.0,6.0,21.0,19.0,43.0,201.0,0.0,16.6,0.607,0.284,0.27,6.7,20.4,13.6,7.9,0.7,4.1,10.3,18.7,0.7,0.4,1.1,0.118,-0.4,-0.7,-1.0,0.1,0.0,2022
279,Alex Caruso,28.0,2.5,6.2,0.398,1.0,3.1,0.333,1.5,3.2,0.462,0.48,1.4,1.8,0.795,0.8,2.8,3.6,4.0,1.7,0.4,1.4,2.6,7.4,0.0,0.0,1000.0,0.0,0.0,0.0,0.0,0.0,0.0,0.0,0.0,0.0,0.0,0.0,0.0,0.0,41.0,18.0,1147.0,102.0,256.0,0.398,42.0,126.0,0.333,60.0,130.0,0.462,0.48,58.0,73.0,0.795,33.0,115.0,148.0,165.0,71.0,15.0,57.0,106.0,304.0,0.0,11.7,0.528,0.492,0.285,3.3,11.2,7.3,18.5,3.0,1.1,16.5,13.3,0.7,1.2,2.0,0.082,-2.2,2.3,0.2,0.6,0.0,2022
280,Jared Harper,8.6,2.8,5.2,0.538,1.0,2.4,0.417,1.8,2.8,0.643,0.635,0.8,0.8,1.0,0.4,0.0,0.4,2.8,0.8,0.2,0.4,1.0,7.4,0.0,0.0,1000.0,0.0,0.0,0.0,0.0,0.0,0.0,0.0,0.0,0.0,0.0,0.0,0.0,0.0,5.0,0.0,43.0,14.0,26.0,0.538,5.0,12.0,0.417,9.0,14.0,0.643,0.635,4.0,4.0,1.0,2.0,0.0,2.0,14.0,4.0,1.0,2.0,5.0,37.0,0.0,36.9,0.666,0.462,0.154,5.0,0.0,2.6,64.1,4.6,2.2,6.7,29.7,0.3,0.1,0.4,0.422,14.2,3.1,17.3,0.2,0.0,2022
281,Damion Lee,19.9,2.7,6.1,0.441,1.0,3.0,0.337,1.7,3.1,0.541,0.523,1.0,1.2,0.88,0.4,2.8,3.2,1.0,0.6,0.1,0.6,1.5,7.4,0.0,0.0,1000.0,0.0,0.0,0.0,0.0,0.0,0.0,0.0,0.0,0.0,0.0,0.0,0.0,0.0,63.0,5.0,1256.0,169.0,383.0,0.441,63.0,187.0,0.337,106.0,196.0,0.541,0.523,66.0,75.0,0.88,27.0,176.0,203.0,63.0,39.0,6.0,38.0,95.0,467.0,0.0,10.9,0.561,0.488,0.196,2.4,14.9,8.8,7.1,1.5,0.5,8.4,15.8,0.9,1.8,2.7,0.102,-2.4,0.4,-2.0,0.0,0.0,2022
282,Royce O'Neale,31.2,2.6,5.8,0.457,1.5,4.0,0.389,1.1,1.8,0.609,0.591,0.6,0.7,0.804,0.8,3.9,4.8,2.5,1.1,0.4,1.0,2.4,7.4,0.0,0.0,1000.0,0.0,0.0,0.0,0.0,0.0,0.0,0.0,0.0,0.0,0.0,0.0,0.0,0.0,77.0,77.0,2406.0,203.0,444.0,0.457,119.0,306.0,0.389,84.0,138.0,0.609,0.591,45.0,56.0,0.804,64.0,304.0,368.0,191.0,86.0,32.0,79.0,183.0,570.0,0.0,10.3,0.608,0.689,0.126,3.0,13.4,8.4,10.5,1.8,1.2,14.4,9.9,2.7,2.8,5.5,0.109,-0.8,1.7,0.8,1.7,0.0,2022
283,Kenrich Williams,21.9,3.0,6.5,0.461,0.8,2.5,0.339,2.1,4.0,0.536,0.525,0.6,1.1,0.545,1.5,3.0,4.5,2.2,0.9,0.2,0.9,1.7,7.4,0.0,0.0,1000.0,0.0,0.0,0.0,0.0,0.0,0.0,0.0,0.0,0.0,0.0,0.0,0.0,0.0,49.0,0.0,1072.0,146.0,317.0,0.461,41.0,121.0,0.339,105.0,196.0,0.536,0.525,30.0,55.0,0.545,75.0,145.0,220.0,108.0,44.0,10.0,46.0,81.0,363.0,0.0,13.3,0.532,0.382,0.174,7.1,14.1,10.5,15.3,2.0,0.9,11.9,15.6,0.8,1.0,1.8,0.081,-1.3,1.1,-0.3,0.5,0.0,2022
284,Jeremy Lamb,16.7,2.4,6.2,0.383,1.0,3.0,0.324,1.4,3.2,0.441,0.463,1.6,1.9,0.84,0.5,2.3,2.8,1.4,0.6,0.4,0.7,1.1,7.3,0.0,0.0,1000.0,0.0,0.0,0.0,0.0,0.0,0.0,0.0,0.0,0.0,0.0,0.0,0.0,0.0,56.0,0.0,935.0,133.0,347.0,0.383,55.0,170.0,0.324,78.0,177.0,0.441,0.463,89.0,106.0,0.84,26.0,128.0,154.0,81.0,31.0,22.0,37.0,59.0,410.0,0.0,13.3,0.521,0.49,0.305,3.0,15.3,9.1,12.3,1.6,2.0,8.6,19.7,0.6,0.6,1.2,0.063,-0.4,-0.5,-0.8,0.3,0.0,2022
285,Wes Iwundu,27.3,2.7,6.0,0.444,1.0,1.7,0.6,1.7,4.3,0.385,0.528,1.0,1.3,0.75,1.0,3.3,4.3,0.0,0.3,0.0,0.3,2.7,7.3,0.0,0.0,1000.0,0.0,0.0,0.0,0.0,0.0,0.0,0.0,0.0,0.0,0.0,0.0,0.0,0.0,3.0,1.0,82.0,8.0,18.0,0.444,3.0,5.0,0.6,5.0,13.0,0.385,0.528,3.0,4.0,0.75,3.0,10.0,13.0,0.0,1.0,0.0,1.0,8.0,22.0,0.0,7.1,0.557,0.278,0.222,4.0,13.3,8.7,0.0,0.6,0.0,4.8,11.1,0.1,0.0,0.1,0.046,-4.1,-2.7,-6.8,-0.1,0.0,2022
286,Taurean Prince,17.1,2.6,5.7,0.454,1.2,3.3,0.376,1.3,2.3,0.565,0.564,0.9,1.2,0.756,0.4,2.1,2.5,1.0,0.7,0.3,0.8,1.7,7.3,0.0,0.0,1000.0,0.0,0.0,0.0,0.0,0.0,0.0,0.0,0.0,0.0,0.0,0.0,0.0,0.0,69.0,8.0,1177.0,177.0,390.0,0.454,86.0,229.0,0.376,91.0,161.0,0.565,0.564,62.0,82.0,0.756,26.0,148.0,174.0,68.0,47.0,23.0,53.0,116.0,502.0,0.0,12.4,0.589,0.587,0.21,2.3,13.8,7.9,8.1,1.9,1.9,11.1,17.0,1.0,1.2,2.2,0.09,-1.0,0.0,-0.9,0.3,0.0,2022
287,Austin Reaves,23.2,2.4,5.2,0.459,0.9,2.7,0.317,1.5,2.5,0.616,0.542,1.6,1.9,0.839,0.7,2.4,3.2,1.8,0.5,0.3,0.7,1.4,7.3,0.0,0.0,1000.0,0.0,0.0,0.0,0.0,0.0,0.0,0.0,0.0,0.0,0.0,0.0,0.0,0.0,61.0,19.0,1418.0,146.0,318.0,0.459,53.0,167.0,0.317,93.0,151.0,0.616,0.542,99.0,118.0,0.839,45.0,148.0,193.0,110.0,29.0,20.0,40.0,87.0,444.0,1.0,11.5,0.6,0.525,0.371,3.4,11.2,7.3,10.3,1.0,1.3,9.8,12.4,2.1,0.8,2.9,0.097,-1.3,-0.6,-1.9,0.0,0.0,2022
288,Keon Johnson,18.8,2.6,7.4,0.353,0.9,2.7,0.34,1.7,4.6,0.36,0.415,1.1,1.4,0.804,0.6,1.5,2.2,2.1,0.8,0.3,1.2,1.9,7.2,0.0,0.0,1000.0,0.0,0.0,0.0,0.0,0.0,0.0,0.0,0.0,0.0,0.0,0.0,0.0,0.0,37.0,12.0,697.0,96.0,272.0,0.353,34.0,100.0,0.34,62.0,172.0,0.36,0.415,41.0,51.0,0.804,24.0,57.0,81.0,76.0,28.0,12.0,46.0,69.0,267.0,0.0,8.7,0.453,0.368,0.188,3.7,9.1,6.3,16.3,2.0,1.7,13.5,21.2,-0.8,0.4,-0.5,-0.031,-4.0,-2.0,-5.9,-0.7,0.0,2022
289,Braxton Key,17.9,3.0,6.5,0.458,0.5,1.9,0.286,2.5,4.6,0.529,0.5,0.6,1.2,0.538,1.2,3.4,4.5,1.0,0.9,1.0,1.0,2.4,7.2,0.0,0.0,1000.0,0.0,0.0,0.0,0.0,0.0,0.0,0.0,0.0,0.0,0.0,0.0,0.0,0.0,11.0,0.0,197.0,33.0,72.0,0.458,6.0,21.0,0.286,27.0,51.0,0.529,0.5,7.0,13.0,0.538,13.0,37.0,50.0,11.0,10.0,11.0,11.0,26.0,79.0,0.0,13.7,0.508,0.292,0.181,6.8,21.4,13.7,8.9,2.5,5.0,12.4,19.4,-0.1,0.3,0.2,0.052,-3.8,0.6,-3.3,-0.1,0.0,2022
290,Javonte Green,23.4,2.7,5.0,0.542,0.6,1.6,0.356,2.2,3.4,0.625,0.597,1.2,1.5,0.833,1.4,2.8,4.2,0.9,1.0,0.5,0.5,2.0,7.2,0.0,0.0,1000.0,0.0,0.0,0.0,0.0,0.0,0.0,0.0,0.0,0.0,0.0,0.0,0.0,0.0,65.0,45.0,1519.0,176.0,325.0,0.542,36.0,101.0,0.356,140.0,224.0,0.625,0.597,80.0,96.0,0.833,91.0,185.0,276.0,60.0,67.0,32.0,30.0,132.0,468.0,0.0,14.0,0.637,0.311,0.295,6.8,13.6,10.2,5.3,2.2,1.8,7.6,11.5,2.9,1.5,4.4,0.139,-0.6,0.7,0.1,0.8,0.0,2022
291,Joe Ingles,24.9,2.6,6.3,0.404,1.7,5.0,0.347,0.8,1.3,0.617,0.54,0.4,0.5,0.773,0.3,2.6,2.9,3.5,0.5,0.1,1.0,1.8,7.2,0.0,0.0,1000.0,0.0,0.0,0.0,0.0,0.0,0.0,0.0,0.0,0.0,0.0,0.0,0.0,0.0,45.0,15.0,1122.0,115.0,285.0,0.404,78.0,225.0,0.347,37.0,60.0,0.617,0.54,17.0,22.0,0.773,12.0,119.0,131.0,158.0,23.0,5.0,46.0,82.0,325.0,0.0,10.0,0.551,0.789,0.077,1.2,11.2,6.4,19.0,1.0,0.4,13.5,13.2,1.3,0.9,2.2,0.094,-0.7,0.5,-0.3,0.5,0.0,2022
292,Ty Jerome,16.7,2.6,6.8,0.378,1.1,3.9,0.29,1.5,3.0,0.493,0.46,0.8,1.0,0.809,0.4,1.2,1.6,2.3,0.6,0.1,0.8,1.5,7.1,0.0,0.0,1000.0,0.0,0.0,0.0,0.0,0.0,0.0,0.0,0.0,0.0,0.0,0.0,0.0,0.0,48.0,4.0,801.0,124.0,328.0,0.378,54.0,186.0,0.29,70.0,142.0,0.493,0.46,38.0,47.0,0.809,19.0,59.0,78.0,109.0,30.0,5.0,37.0,73.0,340.0,0.0,11.3,0.488,0.567,0.143,2.4,7.7,5.0,21.3,1.8,0.6,9.6,20.8,0.0,0.5,0.5,0.032,-2.2,-0.2,-2.3,-0.1,0.0,2022
293,Robin Lopez,17.0,3.1,5.5,0.553,0.1,0.2,0.333,3.0,5.4,0.56,0.558,0.9,1.5,0.593,1.9,1.6,3.5,1.5,0.1,0.5,1.2,1.9,7.1,0.0,0.0,1000.0,0.0,0.0,0.0,0.0,0.0,0.0,0.0,0.0,0.0,0.0,0.0,0.0,0.0,36.0,9.0,612.0,110.0,199.0,0.553,2.0,6.0,0.333,108.0,193.0,0.56,0.558,32.0,54.0,0.593,68.0,58.0,126.0,54.0,2.0,18.0,44.0,67.0,254.0,0.0,13.7,0.57,0.03,0.271,11.7,10.0,10.9,14.4,0.2,2.7,16.5,18.9,0.5,0.3,0.8,0.064,-2.4,-1.4,-3.8,-0.3,0.0,2022
294,Théo Maledon,17.8,2.3,6.2,0.375,0.9,2.9,0.293,1.5,3.3,0.449,0.445,1.5,2.0,0.79,0.4,2.2,2.6,2.2,0.6,0.2,1.3,1.3,7.1,0.0,0.0,1000.0,0.0,0.0,0.0,0.0,0.0,0.0,0.0,0.0,0.0,0.0,0.0,0.0,0.0,51.0,7.0,908.0,119.0,317.0,0.375,44.0,150.0,0.293,75.0,167.0,0.449,0.445,79.0,100.0,0.79,20.0,111.0,131.0,111.0,31.0,11.0,65.0,67.0,361.0,0.0,10.6,0.5,0.473,0.315,2.2,12.8,7.4,18.5,1.7,1.1,15.3,20.3,-0.5,0.8,0.3,0.015,-3.7,-0.7,-4.4,-0.6,0.0,2022
295,Gary Payton II,17.6,3.0,4.8,0.616,0.6,1.7,0.358,2.4,3.2,0.754,0.679,0.5,0.8,0.603,1.0,2.5,3.5,0.9,1.4,0.3,0.6,1.8,7.1,0.0,0.0,1000.0,0.0,0.0,0.0,0.0,0.0,0.0,0.0,0.0,0.0,0.0,0.0,0.0,0.0,71.0,16.0,1248.0,212.0,344.0,0.616,43.0,120.0,0.358,169.0,224.0,0.754,0.679,35.0,58.0,0.603,72.0,175.0,247.0,64.0,96.0,22.0,40.0,131.0,502.0,0.0,17.8,0.679,0.349,0.169,6.5,14.9,10.8,7.6,3.8,1.7,9.8,14.3,2.5,2.6,5.2,0.199,0.3,3.4,3.7,1.8,0.0,2022
296,Larry Nance Jr.,22.6,2.8,5.4,0.522,0.5,1.5,0.329,2.3,3.8,0.599,0.569,0.9,1.2,0.702,1.6,3.8,5.4,1.8,0.9,0.4,0.8,1.8,7.0,0.0,0.0,1000.0,0.0,0.0,0.0,0.0,0.0,0.0,0.0,0.0,0.0,0.0,0.0,0.0,0.0,46.0,11.0,1040.0,129.0,247.0,0.522,23.0,70.0,0.329,106.0,177.0,0.599,0.569,40.0,57.0,0.702,72.0,176.0,248.0,81.0,43.0,20.0,37.0,84.0,321.0,0.0,14.4,0.59,0.283,0.231,7.4,19.3,13.1,11.4,2.0,1.9,12.0,12.8,1.5,0.8,2.3,0.104,-0.4,0.3,-0.1,0.5,0.0,2022
297,Goga Bitadze,14.6,2.6,5.0,0.52,0.5,1.6,0.288,2.2,3.4,0.628,0.565,1.3,1.9,0.681,1.6,2.0,3.5,1.1,0.4,0.8,0.9,2.1,7.0,0.0,0.0,1000.0,0.0,0.0,0.0,0.0,0.0,0.0,0.0,0.0,0.0,0.0,0.0,0.0,0.0,50.0,16.0,729.0,131.0,252.0,0.52,23.0,80.0,0.288,108.0,172.0,0.628,0.565,64.0,94.0,0.681,79.0,98.0,177.0,55.0,21.0,42.0,46.0,107.0,349.0,0.0,18.0,0.595,0.317,0.373,11.9,15.3,13.5,11.2,1.4,5.0,13.6,19.9,1.3,0.6,1.9,0.122,-0.2,-0.6,-0.8,0.2,0.0,2022
298,Sekou Doumbouya,8.0,2.5,4.0,0.625,0.5,1.0,0.5,2.0,3.0,0.667,0.688,1.5,2.0,0.75,1.0,2.0,3.0,0.0,1.5,1.0,1.0,0.5,7.0,0.0,0.0,1000.0,0.0,0.0,0.0,0.0,0.0,0.0,0.0,0.0,0.0,0.0,0.0,0.0,0.0,2.0,0.0,16.0,5.0,8.0,0.625,1.0,2.0,0.5,4.0,6.0,0.667,0.688,3.0,4.0,0.75,2.0,4.0,6.0,0.0,3.0,2.0,2.0,1.0,14.0,0.0,40.7,0.717,0.25,0.5,13.5,26.8,20.2,0.0,9.0,11.1,17.0,31.6,0.0,0.1,0.1,0.3,8.8,10.0,18.8,0.1,0.0,2022
299,Maxi Kleber,24.6,2.4,6.0,0.398,1.4,4.3,0.325,1.0,1.7,0.586,0.516,0.8,1.1,0.708,1.2,4.7,5.9,1.2,0.5,1.0,0.8,2.3,7.0,0.0,0.0,1000.0,0.0,0.0,0.0,0.0,0.0,0.0,0.0,0.0,0.0,0.0,0.0,0.0,0.0,59.0,21.0,1450.0,141.0,354.0,0.398,83.0,255.0,0.325,58.0,99.0,0.586,0.516,46.0,65.0,0.708,70.0,280.0,350.0,68.0,30.0,58.0,47.0,137.0,411.0,0.0,11.0,0.537,0.72,0.184,5.4,21.5,13.4,6.5,1.0,3.6,10.9,13.3,0.7,2.3,3.0,0.098,-1.6,1.2,-0.4,0.6,0.0,2022
300,Olivier Sarr,19.1,2.6,4.6,0.574,0.6,1.3,0.448,2.0,3.3,0.625,0.639,1.1,1.3,0.828,1.5,2.7,4.2,0.9,0.3,0.7,1.0,2.4,7.0,0.0,0.0,1000.0,0.0,0.0,0.0,0.0,0.0,0.0,0.0,0.0,0.0,0.0,0.0,0.0,0.0,22.0,2.0,421.0,58.0,101.0,0.574,13.0,29.0,0.448,45.0,72.0,0.625,0.639,24.0,29.0,0.828,34.0,59.0,93.0,19.0,6.0,15.0,22.0,52.0,153.0,0.0,14.0,0.672,0.287,0.287,8.2,14.6,11.4,6.9,0.7,3.3,16.2,13.9,0.7,0.3,1.0,0.116,-2.7,-1.3,-4.0,-0.2,0.0,2022
301,Steven Adams,26.3,2.8,5.1,0.547,0.0,0.0,0.0,2.8,5.0,0.548,0.547,1.4,2.6,0.543,4.6,5.4,10.0,3.4,0.9,0.8,1.5,2.0,6.9,0.0,0.0,1000.0,0.0,0.0,0.0,0.0,0.0,0.0,0.0,0.0,0.0,0.0,0.0,0.0,0.0,76.0,75.0,1999.0,210.0,384.0,0.547,0.0,1.0,0.0,210.0,383.0,0.548,0.547,108.0,199.0,0.543,349.0,411.0,760.0,256.0,65.0,60.0,115.0,153.0,528.0,0.0,17.6,0.56,0.003,0.518,17.9,22.0,19.9,16.1,1.6,2.7,19.6,12.0,3.8,3.0,6.8,0.163,1.0,1.0,2.0,2.0,0.0,2022
302,Killian Hayes,25.0,2.7,7.0,0.383,0.7,2.5,0.263,2.0,4.4,0.452,0.431,0.9,1.1,0.77,0.5,2.6,3.2,4.2,1.2,0.5,1.7,2.8,6.9,0.0,0.0,1000.0,0.0,0.0,0.0,0.0,0.0,0.0,0.0,0.0,0.0,0.0,0.0,0.0,0.0,66.0,40.0,1647.0,176.0,459.0,0.383,44.0,167.0,0.263,132.0,292.0,0.452,0.431,57.0,74.0,0.77,36.0,174.0,210.0,277.0,78.0,35.0,111.0,183.0,453.0,0.0,9.3,0.461,0.364,0.161,2.2,12.0,6.9,24.6,2.3,1.9,18.4,15.7,-1.0,1.5,0.5,0.014,-4.3,0.8,-3.5,-0.6,0.0,2022
303,Jarred Vanderbilt,25.4,2.9,4.9,0.587,0.0,0.2,0.143,2.8,4.7,0.605,0.59,1.2,1.8,0.656,2.9,5.5,8.4,1.3,1.3,0.6,1.0,2.4,6.9,0.0,0.0,1000.0,0.0,0.0,0.0,0.0,0.0,0.0,0.0,0.0,0.0,0.0,0.0,0.0,0.0,74.0,67.0,1880.0,212.0,361.0,0.587,2.0,14.0,0.143,210.0,347.0,0.605,0.59,86.0,131.0,0.656,215.0,409.0,624.0,94.0,99.0,46.0,73.0,181.0,512.0,0.0,15.3,0.612,0.039,0.363,12.0,23.9,17.8,6.7,2.5,2.4,14.8,10.9,3.1,2.9,6.0,0.153,-0.8,1.0,0.2,1.1,0.0,2022
304,Serge Ibaka,16.2,2.7,5.5,0.5,0.7,1.8,0.374,2.1,3.6,0.563,0.563,0.6,0.8,0.727,1.1,3.5,4.6,0.9,0.2,0.6,0.8,1.9,6.8,0.0,0.0,1000.0,0.0,0.0,0.0,0.0,0.0,0.0,0.0,0.0,0.0,0.0,0.0,0.0,0.0,54.0,12.0,877.0,148.0,296.0,0.5,37.0,99.0,0.374,111.0,197.0,0.563,0.563,32.0,44.0,0.727,62.0,188.0,250.0,49.0,11.0,33.0,43.0,102.0,365.0,0.0,14.4,0.579,0.334,0.149,7.7,22.2,15.1,8.4,0.6,3.3,12.0,17.8,0.8,1.1,2.0,0.108,-1.3,-0.2,-1.5,0.1,0.0,2022
305,Mason Jones,12.8,1.8,3.8,0.467,0.3,1.0,0.25,1.5,2.8,0.545,0.5,3.0,3.8,0.8,0.3,2.3,2.5,1.0,0.5,0.0,0.3,2.0,6.8,0.0,0.0,1000.0,0.0,0.0,0.0,0.0,0.0,0.0,0.0,0.0,0.0,0.0,0.0,0.0,0.0,4.0,0.0,51.0,7.0,15.0,0.467,1.0,4.0,0.25,6.0,11.0,0.545,0.5,12.0,15.0,0.8,1.0,9.0,10.0,4.0,2.0,0.0,1.0,8.0,27.0,0.0,17.8,0.625,0.267,1.0,2.1,18.9,10.5,10.9,1.9,0.0,4.4,19.0,0.2,0.0,0.2,0.201,-1.2,0.3,-0.9,0.0,0.0,2022
306,Brandon Boston Jr.,14.9,2.5,6.4,0.385,0.7,2.2,0.306,1.8,4.2,0.425,0.437,1.2,1.4,0.819,0.3,1.8,2.2,1.0,0.5,0.3,0.6,0.8,6.7,0.0,0.0,1000.0,0.0,0.0,0.0,0.0,0.0,0.0,0.0,0.0,0.0,0.0,0.0,0.0,0.0,51.0,0.0,760.0,125.0,325.0,0.385,34.0,111.0,0.306,91.0,214.0,0.425,0.437,59.0,72.0,0.819,17.0,94.0,111.0,51.0,26.0,13.0,31.0,43.0,343.0,0.0,11.2,0.481,0.342,0.222,2.4,12.7,7.7,10.1,1.7,1.5,8.0,22.4,-0.5,0.9,0.4,0.026,-3.0,-0.4,-3.3,-0.3,0.0,2022
307,Wayne Ellington,18.8,2.3,5.5,0.414,1.9,4.9,0.389,0.4,0.6,0.615,0.586,0.2,0.3,0.818,0.2,1.6,1.8,0.7,0.5,0.1,0.4,1.0,6.7,0.0,0.0,1000.0,0.0,0.0,0.0,0.0,0.0,0.0,0.0,0.0,0.0,0.0,0.0,0.0,0.0,43.0,9.0,810.0,98.0,237.0,0.414,82.0,211.0,0.389,16.0,26.0,0.615,0.586,9.0,11.0,0.818,10.0,67.0,77.0,30.0,23.0,5.0,19.0,42.0,287.0,0.0,9.9,0.593,0.89,0.046,1.3,8.9,5.1,5.0,1.4,0.5,7.3,13.8,0.6,0.4,1.0,0.062,-0.7,-0.6,-1.4,0.1,0.0,2022
308,Stanley Johnson,22.8,2.4,5.2,0.466,0.7,2.2,0.314,1.8,3.0,0.575,0.532,1.1,1.5,0.716,0.7,2.5,3.2,1.7,0.9,0.3,0.7,2.3,6.7,0.0,0.0,1000.0,0.0,0.0,0.0,0.0,0.0,0.0,0.0,0.0,0.0,0.0,0.0,0.0,0.0,48.0,27.0,1094.0,117.0,251.0,0.466,33.0,105.0,0.314,84.0,146.0,0.575,0.532,53.0,74.0,0.716,34.0,121.0,155.0,80.0,43.0,14.0,35.0,109.0,320.0,0.0,10.5,0.564,0.418,0.295,3.4,11.9,7.6,9.8,1.9,1.1,11.0,12.5,0.9,0.9,1.8,0.079,-2.8,0.1,-2.7,-0.2,0.0,2022
309,Georgios Kalaitzakis,16.5,2.4,5.2,0.463,0.8,2.0,0.385,1.6,3.2,0.512,0.537,1.1,2.3,0.467,0.5,1.2,1.6,0.9,0.8,0.2,1.5,1.5,6.6,0.0,0.0,1000.0,0.0,0.0,0.0,0.0,0.0,0.0,0.0,0.0,0.0,0.0,0.0,0.0,0.0,13.0,4.0,214.0,31.0,67.0,0.463,10.0,26.0,0.385,21.0,41.0,0.512,0.537,14.0,30.0,0.467,6.0,15.0,21.0,12.0,11.0,2.0,20.0,19.0,86.0,0.0,8.6,0.536,0.388,0.448,3.0,7.3,5.1,8.8,2.5,0.9,20.0,20.2,-0.3,0.2,-0.1,-0.024,-5.1,-1.9,-7.0,-0.3,0.0,2022
310,Torrey Craig,20.5,2.6,5.7,0.454,1.0,3.0,0.329,1.6,2.7,0.594,0.541,0.5,0.7,0.75,1.1,2.9,4.0,1.2,0.6,0.5,0.9,1.9,6.6,0.0,0.0,1000.0,0.0,0.0,0.0,0.0,0.0,0.0,0.0,0.0,0.0,0.0,0.0,0.0,0.0,78.0,16.0,1596.0,200.0,441.0,0.454,77.0,234.0,0.329,123.0,207.0,0.594,0.541,39.0,52.0,0.75,86.0,224.0,310.0,91.0,46.0,36.0,67.0,151.0,516.0,0.0,11.0,0.556,0.531,0.118,5.9,15.4,10.7,7.6,1.4,2.0,12.6,14.3,0.9,1.4,2.3,0.07,-1.7,-0.1,-1.8,0.1,0.0,2022
311,Zeke Nnaji,17.0,2.3,4.5,0.516,0.9,2.0,0.463,1.4,2.6,0.557,0.616,1.0,1.6,0.631,1.4,2.2,3.6,0.4,0.4,0.3,0.6,1.9,6.6,0.0,0.0,1000.0,0.0,0.0,0.0,0.0,0.0,0.0,0.0,0.0,0.0,0.0,0.0,0.0,0.0,41.0,1.0,698.0,96.0,186.0,0.516,37.0,80.0,0.463,59.0,106.0,0.557,0.616,41.0,65.0,0.631,56.0,91.0,147.0,17.0,16.0,13.0,23.0,79.0,270.0,0.0,13.5,0.629,0.43,0.349,9.3,14.1,11.8,3.4,1.1,1.7,9.7,14.9,1.2,0.6,1.8,0.123,-0.7,-1.6,-2.2,0.0,0.0,2022
312,B.J. Johnson,16.3,2.8,6.3,0.44,1.0,2.5,0.4,1.8,3.8,0.467,0.52,0.0,0.0,0.0,1.5,2.3,3.8,0.0,0.0,0.3,0.0,1.0,6.5,0.0,0.0,1000.0,0.0,0.0,0.0,0.0,0.0,0.0,0.0,0.0,0.0,0.0,0.0,0.0,0.0,4.0,0.0,65.0,11.0,25.0,0.44,4.0,10.0,0.4,7.0,15.0,0.467,0.52,0.0,0.0,0.0,6.0,9.0,15.0,0.0,0.0,1.0,0.0,4.0,26.0,0.0,12.1,0.52,0.4,0.0,9.7,14.7,12.2,0.0,0.0,1.4,0.0,16.7,0.1,0.0,0.1,0.065,-0.7,-3.9,-4.7,0.0,0.0,2022
313,Mason Plumlee,24.6,2.8,4.4,0.641,0.0,0.0,0.0,2.8,4.4,0.645,0.641,0.9,2.3,0.392,2.4,5.3,7.7,3.1,0.8,0.7,1.4,3.1,6.5,0.0,0.0,1000.0,0.0,0.0,0.0,0.0,0.0,0.0,0.0,0.0,0.0,0.0,0.0,0.0,0.0,73.0,73.0,1793.0,205.0,320.0,0.641,0.0,2.0,0.0,205.0,318.0,0.645,0.641,67.0,171.0,0.392,176.0,389.0,565.0,226.0,61.0,52.0,100.0,224.0,477.0,0.0,14.7,0.603,0.006,0.534,10.2,23.3,16.7,16.4,1.6,2.7,20.2,11.7,2.7,2.0,4.7,0.127,-1.5,1.5,0.0,0.9,0.0,2022
314,Josh Jackson,16.3,2.4,5.9,0.4,0.6,2.5,0.254,1.7,3.3,0.512,0.455,1.1,1.5,0.714,0.4,2.4,2.8,1.1,0.5,0.4,0.9,1.7,6.4,0.0,0.0,1000.0,0.0,0.0,0.0,0.0,0.0,0.0,0.0,0.0,0.0,0.0,0.0,0.0,0.0,51.0,3.0,830.0,120.0,300.0,0.4,33.0,130.0,0.254,87.0,170.0,0.512,0.455,55.0,77.0,0.714,21.0,120.0,141.0,54.0,26.0,22.0,47.0,88.0,328.0,0.0,9.5,0.491,0.433,0.257,2.6,16.4,9.2,10.0,1.5,2.4,12.3,19.7,-0.7,0.7,0.0,0.001,-4.1,-0.4,-4.5,-0.5,0.0,2022
315,Justin Anderson,19.8,2.3,5.9,0.379,0.9,3.7,0.254,1.3,2.3,0.583,0.458,0.9,1.2,0.789,0.3,2.6,2.9,2.1,0.5,0.4,0.5,1.4,6.4,0.0,0.0,1000.0,0.0,0.0,0.0,0.0,0.0,0.0,0.0,0.0,0.0,0.0,0.0,0.0,0.0,16.0,6.0,316.0,36.0,95.0,0.379,15.0,59.0,0.254,21.0,36.0,0.583,0.458,15.0,19.0,0.789,4.0,42.0,46.0,33.0,8.0,6.0,8.0,22.0,102.0,0.0,10.4,0.493,0.621,0.2,1.4,15.0,8.1,14.2,1.2,1.7,7.2,15.1,0.2,0.2,0.4,0.054,-1.9,-1.3,-3.2,-0.1,0.0,2022
316,Avery Bradley,22.7,2.4,5.6,0.423,1.3,3.4,0.39,1.1,2.3,0.471,0.54,0.3,0.3,0.889,0.5,1.7,2.2,0.8,0.9,0.1,0.6,1.9,6.4,0.0,0.0,1000.0,0.0,0.0,0.0,0.0,0.0,0.0,0.0,0.0,0.0,0.0,0.0,0.0,0.0,62.0,45.0,1406.0,148.0,350.0,0.423,82.0,210.0,0.39,66.0,140.0,0.471,0.54,16.0,18.0,0.889,31.0,105.0,136.0,47.0,53.0,9.0,38.0,118.0,394.0,0.0,7.8,0.55,0.6,0.051,2.4,8.0,5.2,4.5,1.8,0.6,9.6,12.1,0.3,0.9,1.2,0.04,-3.5,-0.1,-3.6,-0.6,0.0,2022
317,JaMychal Green,16.2,2.4,4.9,0.486,0.5,1.9,0.266,1.9,3.0,0.621,0.537,1.2,1.4,0.871,1.2,3.0,4.2,0.9,0.6,0.4,0.9,2.4,6.4,0.0,0.0,1000.0,0.0,0.0,0.0,0.0,0.0,0.0,0.0,0.0,0.0,0.0,0.0,0.0,0.0,67.0,8.0,1085.0,159.0,327.0,0.486,33.0,124.0,0.266,126.0,203.0,0.621,0.537,81.0,93.0,0.871,81.0,200.0,281.0,59.0,43.0,26.0,57.0,158.0,432.0,0.0,14.1,0.587,0.379,0.284,8.6,19.9,14.5,7.6,1.9,2.2,13.4,17.2,1.2,1.4,2.7,0.118,-2.0,0.1,-1.8,0.0,0.0,2022
318,Blake Griffin,17.1,2.4,5.6,0.425,0.7,2.6,0.262,1.7,3.0,0.565,0.486,1.0,1.4,0.724,1.1,3.0,4.1,1.9,0.5,0.3,0.6,1.7,6.4,0.0,0.0,1000.0,0.0,0.0,0.0,0.0,0.0,0.0,0.0,0.0,0.0,0.0,0.0,0.0,0.0,56.0,24.0,958.0,133.0,313.0,0.425,38.0,145.0,0.262,95.0,168.0,0.565,0.486,55.0,76.0,0.724,60.0,168.0,228.0,105.0,27.0,14.0,31.0,95.0,359.0,0.0,13.7,0.518,0.463,0.243,7.0,18.6,13.0,15.0,1.4,1.3,8.2,16.9,1.2,0.9,2.1,0.106,-0.6,0.1,-0.5,0.3,0.0,2022
319,Brandon Knight,13.0,2.0,5.0,0.4,0.8,3.4,0.235,1.2,1.6,0.75,0.48,1.6,1.6,1.0,0.0,1.6,1.6,1.6,0.2,0.0,0.8,1.0,6.4,0.0,0.0,1000.0,0.0,0.0,0.0,0.0,0.0,0.0,0.0,0.0,0.0,0.0,0.0,0.0,0.0,5.0,0.0,65.0,10.0,25.0,0.4,4.0,17.0,0.235,6.0,8.0,0.75,0.48,8.0,8.0,1.0,0.0,8.0,8.0,8.0,1.0,0.0,4.0,5.0,32.0,0.0,13.0,0.561,0.68,0.32,0.0,13.7,6.8,18.6,0.8,0.0,12.3,22.5,0.1,0.1,0.1,0.091,-2.7,-1.9,-4.6,0.0,0.0,2022
320,Isaiah Livers,20.2,2.2,4.7,0.456,1.4,3.4,0.422,0.7,1.4,0.538,0.606,0.6,0.7,0.857,0.8,2.2,3.0,1.1,0.7,0.4,0.8,1.9,6.4,0.0,0.0,1000.0,0.0,0.0,0.0,0.0,0.0,0.0,0.0,0.0,0.0,0.0,0.0,0.0,0.0,19.0,5.0,383.0,41.0,90.0,0.456,27.0,64.0,0.422,14.0,26.0,0.538,0.606,12.0,14.0,0.857,15.0,42.0,57.0,21.0,13.0,7.0,15.0,37.0,121.0,0.0,11.1,0.629,0.711,0.156,4.0,12.5,8.0,8.0,1.7,1.6,13.5,12.4,0.4,0.3,0.7,0.085,-1.3,-0.2,-1.5,0.0,0.0,2022
321,Ish Smith,17.3,2.8,6.6,0.43,0.4,1.0,0.373,2.5,5.6,0.441,0.459,0.2,0.4,0.625,0.4,1.8,2.2,3.8,0.7,0.4,1.2,1.2,6.3,0.0,0.0,1000.0,0.0,0.0,0.0,0.0,0.0,0.0,0.0,0.0,0.0,0.0,0.0,0.0,0.0,65.0,1.0,1126.0,185.0,430.0,0.43,25.0,67.0,0.373,160.0,363.0,0.441,0.459,15.0,24.0,0.625,25.0,115.0,140.0,244.0,47.0,23.0,78.0,78.0,410.0,0.0,12.5,0.465,0.156,0.056,2.4,11.1,6.8,31.5,2.0,1.8,15.0,20.1,-0.3,0.9,0.5,0.023,-2.2,-0.6,-2.9,-0.2,0.0,2022
322,Aaron Holiday,16.2,2.4,5.4,0.447,0.6,1.6,0.379,1.8,3.7,0.477,0.504,0.9,1.1,0.868,0.4,1.6,1.9,2.4,0.7,0.1,1.1,1.5,6.3,0.0,0.0,1000.0,0.0,0.0,0.0,0.0,0.0,0.0,0.0,0.0,0.0,0.0,0.0,0.0,0.0,63.0,15.0,1021.0,151.0,338.0,0.447,39.0,103.0,0.379,112.0,235.0,0.477,0.504,59.0,68.0,0.868,24.0,98.0,122.0,153.0,42.0,9.0,67.0,92.0,400.0,0.0,12.6,0.544,0.305,0.201,2.6,10.3,6.5,20.7,2.0,0.7,15.4,18.7,0.5,0.9,1.5,0.068,-1.9,0.3,-1.7,0.1,0.0,2022
323,Dewayne Dedmon,15.9,2.4,4.3,0.566,0.3,0.7,0.404,2.2,3.6,0.597,0.598,1.1,1.5,0.75,1.6,4.2,5.8,0.7,0.4,0.6,1.0,2.6,6.3,0.0,0.0,1000.0,0.0,0.0,0.0,0.0,0.0,0.0,0.0,0.0,0.0,0.0,0.0,0.0,0.0,67.0,15.0,1065.0,164.0,290.0,0.566,19.0,47.0,0.404,145.0,243.0,0.597,0.598,75.0,100.0,0.75,105.0,281.0,386.0,47.0,24.0,42.0,70.0,174.0,422.0,0.0,15.9,0.632,0.162,0.345,11.4,29.4,20.6,6.7,1.1,4.2,17.3,16.9,1.5,2.0,3.5,0.157,-2.2,1.1,-1.0,0.3,0.0,2022
324,Hassani Gravett,21.4,2.3,4.8,0.474,1.4,3.3,0.423,0.9,1.5,0.583,0.618,0.4,0.5,0.75,0.1,2.5,2.6,2.5,0.6,0.1,1.1,1.6,6.3,0.0,0.0,1000.0,0.0,0.0,0.0,0.0,0.0,0.0,0.0,0.0,0.0,0.0,0.0,0.0,0.0,8.0,3.0,171.0,18.0,38.0,0.474,11.0,26.0,0.423,7.0,12.0,0.583,0.618,3.0,4.0,0.75,1.0,20.0,21.0,20.0,5.0,1.0,9.0,13.0,50.0,0.0,10.1,0.629,0.684,0.105,0.6,12.4,6.5,17.0,1.4,0.5,18.5,12.3,0.1,0.1,0.3,0.071,-2.4,0.2,-2.3,0.0,0.0,2022
325,Derrick Walton,36.0,2.0,8.7,0.231,1.0,4.3,0.231,1.0,4.3,0.231,0.288,1.3,1.3,1.0,0.7,2.7,3.3,7.0,2.3,1.3,3.7,2.7,6.3,0.0,0.0,1000.0,0.0,0.0,0.0,0.0,0.0,0.0,0.0,0.0,0.0,0.0,0.0,0.0,0.0,3.0,3.0,108.0,6.0,26.0,0.231,3.0,13.0,0.231,3.0,13.0,0.231,0.288,4.0,4.0,1.0,2.0,8.0,10.0,21.0,7.0,4.0,11.0,8.0,19.0,0.0,5.9,0.342,0.5,0.154,1.9,8.4,5.0,26.4,3.2,3.3,28.4,15.4,-0.3,0.1,-0.2,-0.071,-5.3,1.0,-4.3,-0.1,0.0,2022
326,Lou Williams,14.3,2.2,5.7,0.391,0.7,1.8,0.363,1.6,3.9,0.404,0.448,1.2,1.4,0.859,0.3,1.3,1.6,1.9,0.5,0.1,0.8,0.9,6.3,0.0,0.0,1000.0,0.0,0.0,0.0,0.0,0.0,0.0,0.0,0.0,0.0,0.0,0.0,0.0,0.0,56.0,0.0,799.0,125.0,320.0,0.391,37.0,102.0,0.363,88.0,218.0,0.404,0.448,67.0,78.0,0.859,16.0,71.0,87.0,105.0,28.0,3.0,43.0,48.0,354.0,0.0,12.1,0.5,0.319,0.244,2.2,9.7,6.0,18.6,1.7,0.3,10.8,21.7,0.2,0.4,0.6,0.034,-2.0,-1.4,-3.4,-0.3,0.0,2022
327,Chaundee Brown Jr.,20.8,2.0,6.4,0.313,1.2,3.6,0.333,0.8,2.8,0.286,0.406,1.0,1.2,0.833,0.2,3.0,3.2,0.8,0.4,0.0,0.2,1.4,6.2,0.0,0.0,1000.0,0.0,0.0,0.0,0.0,0.0,0.0,0.0,0.0,0.0,0.0,0.0,0.0,0.0,5.0,2.0,104.0,10.0,32.0,0.313,6.0,18.0,0.333,4.0,14.0,0.286,0.406,5.0,6.0,0.833,1.0,15.0,16.0,4.0,2.0,0.0,1.0,7.0,31.0,0.0,6.4,0.447,0.563,0.188,1.1,15.7,8.4,5.1,0.9,0.0,2.8,14.9,0.0,0.0,0.0,0.002,-4.3,-2.4,-6.6,-0.1,0.0,2022
328,Thaddeus Young,16.3,2.7,5.2,0.518,0.3,0.9,0.354,2.4,4.3,0.554,0.55,0.4,0.9,0.469,1.5,2.5,4.0,2.0,1.0,0.3,1.0,1.6,6.2,0.0,0.0,1000.0,0.0,0.0,0.0,0.0,0.0,0.0,0.0,0.0,0.0,0.0,0.0,0.0,0.0,52.0,1.0,845.0,141.0,272.0,0.518,17.0,48.0,0.354,124.0,224.0,0.554,0.55,23.0,49.0,0.469,80.0,128.0,208.0,104.0,54.0,18.0,52.0,81.0,322.0,0.0,17.0,0.548,0.176,0.18,9.8,16.8,13.1,17.7,3.1,2.0,15.0,17.4,0.9,1.3,2.2,0.126,0.1,2.1,2.2,0.9,0.0,2022
329,George Hill,23.2,2.2,5.1,0.429,0.8,2.5,0.306,1.4,2.6,0.546,0.504,1.1,1.1,0.919,0.7,2.2,2.9,2.2,0.8,0.1,0.8,1.3,6.2,0.0,0.0,1000.0,0.0,0.0,0.0,0.0,0.0,0.0,0.0,0.0,0.0,0.0,0.0,0.0,0.0,54.0,17.0,1253.0,118.0,275.0,0.429,41.0,134.0,0.306,77.0,141.0,0.546,0.504,57.0,62.0,0.919,38.0,117.0,155.0,120.0,42.0,6.0,41.0,70.0,334.0,0.0,10.2,0.552,0.487,0.225,3.3,9.7,6.6,12.4,1.6,0.5,11.9,11.7,1.3,1.0,2.3,0.087,-2.2,0.6,-1.6,0.1,0.0,2022
330,Dwight Howard,16.2,2.2,3.7,0.612,0.1,0.3,0.533,2.1,3.4,0.618,0.63,1.6,2.4,0.658,2.0,4.0,5.9,0.6,0.6,0.6,0.8,1.9,6.2,0.0,0.0,1000.0,0.0,0.0,0.0,0.0,0.0,0.0,0.0,0.0,0.0,0.0,0.0,0.0,0.0,60.0,27.0,971.0,134.0,219.0,0.612,8.0,15.0,0.533,126.0,204.0,0.618,0.63,96.0,146.0,0.658,118.0,238.0,356.0,35.0,34.0,36.0,47.0,115.0,372.0,0.0,18.2,0.657,0.068,0.667,13.1,26.3,19.7,5.0,1.7,3.3,14.2,14.6,2.2,1.3,3.5,0.174,-0.2,0.0,-0.2,0.4,0.0,2022
331,Vit Krejci,23.0,2.3,5.6,0.407,1.1,3.3,0.327,1.2,2.3,0.522,0.503,0.6,0.7,0.864,0.6,2.8,3.4,1.9,0.6,0.3,1.0,2.2,6.2,0.0,0.0,1000.0,0.0,0.0,0.0,0.0,0.0,0.0,0.0,0.0,0.0,0.0,0.0,0.0,0.0,30.0,8.0,690.0,68.0,167.0,0.407,32.0,98.0,0.327,36.0,69.0,0.522,0.503,19.0,22.0,0.864,18.0,83.0,101.0,57.0,19.0,8.0,29.0,65.0,187.0,0.0,8.5,0.529,0.587,0.132,2.6,12.6,7.5,11.9,1.3,1.1,14.1,12.9,0.1,0.5,0.6,0.042,-4.3,-1.0,-5.3,-0.6,0.0,2022
332,Jalen McDaniels,16.3,2.2,4.6,0.484,0.7,2.0,0.38,1.5,2.7,0.562,0.565,1.0,1.3,0.736,0.7,2.4,3.1,1.1,0.5,0.4,0.7,1.7,6.2,0.0,0.0,1000.0,0.0,0.0,0.0,0.0,0.0,0.0,0.0,0.0,0.0,0.0,0.0,0.0,0.0,55.0,2.0,895.0,123.0,254.0,0.484,41.0,108.0,0.38,82.0,146.0,0.562,0.565,53.0,72.0,0.736,37.0,133.0,170.0,58.0,26.0,22.0,36.0,93.0,340.0,0.0,12.7,0.595,0.425,0.283,4.3,16.0,10.1,8.7,1.4,2.3,11.2,15.3,1.0,0.7,1.7,0.093,-1.9,-0.4,-2.3,-0.1,0.0,2022
333,Payton Pritchard,14.1,2.3,5.3,0.429,1.4,3.5,0.412,0.8,1.8,0.461,0.564,0.3,0.3,1.0,0.5,1.4,1.9,2.0,0.4,0.1,0.6,0.9,6.2,0.0,0.0,1000.0,0.0,0.0,0.0,0.0,0.0,0.0,0.0,0.0,0.0,0.0,0.0,0.0,0.0,71.0,2.0,1001.0,160.0,373.0,0.429,101.0,245.0,0.412,59.0,128.0,0.461,0.564,21.0,21.0,1.0,32.0,102.0,134.0,139.0,25.0,6.0,41.0,61.0,442.0,0.0,15.0,0.578,0.657,0.056,3.5,10.8,7.2,20.4,1.2,0.5,9.7,18.6,1.8,1.2,3.1,0.148,1.7,0.1,1.8,1.0,0.0,2022
334,Day'Ron Sharpe,12.2,2.7,4.7,0.577,0.1,0.2,0.286,2.6,4.4,0.592,0.584,0.8,1.3,0.585,2.5,2.5,5.0,0.5,0.3,0.5,0.9,1.9,6.2,0.0,0.0,1000.0,0.0,0.0,0.0,0.0,0.0,0.0,0.0,0.0,0.0,0.0,0.0,0.0,0.0,32.0,8.0,391.0,86.0,149.0,0.577,2.0,7.0,0.286,84.0,142.0,0.592,0.584,24.0,41.0,0.585,81.0,79.0,160.0,17.0,10.0,15.0,30.0,60.0,198.0,0.0,20.7,0.593,0.047,0.275,23.2,21.4,22.3,6.7,1.2,3.4,15.2,21.7,0.8,0.5,1.2,0.152,-0.3,-2.5,-2.8,-0.1,0.0,2022
335,Jose Alvarado,15.4,2.4,5.4,0.446,0.6,2.0,0.291,1.8,3.4,0.538,0.5,0.7,1.0,0.679,0.5,1.4,1.9,2.8,1.3,0.1,0.7,1.4,6.1,0.0,0.0,1000.0,0.0,0.0,0.0,0.0,0.0,0.0,0.0,0.0,0.0,0.0,0.0,0.0,0.0,54.0,1.0,834.0,131.0,294.0,0.446,32.0,110.0,0.291,99.0,184.0,0.538,0.5,36.0,53.0,0.679,25.0,75.0,100.0,152.0,71.0,7.0,40.0,73.0,330.0,0.0,16.4,0.52,0.374,0.18,3.2,10.2,6.6,26.9,4.2,0.8,11.2,18.4,1.0,1.1,2.1,0.121,-0.5,2.4,1.9,0.8,0.0,2022
336,Nemanja Bjelica,16.1,2.3,4.8,0.468,0.8,2.1,0.362,1.5,2.7,0.549,0.547,0.8,1.1,0.728,0.9,3.3,4.1,2.2,0.6,0.4,1.2,1.8,6.1,0.0,0.0,1000.0,0.0,0.0,0.0,0.0,0.0,0.0,0.0,0.0,0.0,0.0,0.0,0.0,0.0,71.0,0.0,1143.0,160.0,342.0,0.468,54.0,149.0,0.362,106.0,193.0,0.549,0.547,59.0,81.0,0.728,62.0,232.0,294.0,159.0,41.0,26.0,87.0,128.0,433.0,0.0,14.2,0.573,0.436,0.237,6.1,21.5,14.1,19.8,1.8,2.2,18.7,17.8,1.0,2.1,3.0,0.128,-0.9,2.3,1.4,1.0,0.0,2022
337,Lamar Stevens,16.1,2.5,5.1,0.489,0.3,1.0,0.277,2.2,4.0,0.543,0.517,0.8,1.2,0.707,0.7,1.9,2.6,0.7,0.5,0.3,0.7,1.7,6.1,0.0,0.0,1000.0,0.0,0.0,0.0,0.0,0.0,0.0,0.0,0.0,0.0,0.0,0.0,0.0,0.0,63.0,13.0,1015.0,156.0,319.0,0.489,18.0,65.0,0.277,138.0,254.0,0.543,0.517,53.0,75.0,0.707,47.0,117.0,164.0,44.0,31.0,18.0,41.0,106.0,383.0,0.0,11.3,0.544,0.204,0.235,5.2,12.5,8.9,6.5,1.5,1.6,10.4,17.1,0.4,1.2,1.6,0.078,-3.2,0.3,-2.9,-0.2,0.0,2022
338,Tristan Thompson,15.7,2.5,4.7,0.528,0.0,0.1,0.333,2.5,4.6,0.53,0.53,1.1,2.0,0.526,2.1,2.9,5.1,0.6,0.4,0.4,0.8,1.7,6.0,0.0,0.0,1000.0,0.0,0.0,0.0,0.0,0.0,0.0,0.0,0.0,0.0,0.0,0.0,0.0,0.0,57.0,6.0,897.0,141.0,267.0,0.528,1.0,3.0,0.333,140.0,264.0,0.53,0.53,61.0,116.0,0.526,120.0,168.0,288.0,34.0,23.0,21.0,45.0,98.0,344.0,0.0,14.9,0.541,0.011,0.434,14.7,20.8,17.7,5.5,1.2,2.0,12.4,17.5,0.9,0.8,1.6,0.087,-1.6,-1.5,-3.1,-0.3,0.0,2022
339,Quentin Grimes,17.1,2.1,5.1,0.404,1.6,4.1,0.381,0.5,1.0,0.5,0.557,0.3,0.4,0.684,0.5,1.5,2.0,1.0,0.7,0.2,0.6,1.6,6.0,0.0,0.0,1000.0,0.0,0.0,0.0,0.0,0.0,0.0,0.0,0.0,0.0,0.0,0.0,0.0,0.0,46.0,6.0,786.0,95.0,235.0,0.404,72.0,189.0,0.381,23.0,46.0,0.5,0.557,13.0,19.0,0.684,24.0,70.0,94.0,44.0,31.0,11.0,28.0,72.0,275.0,0.0,10.7,0.565,0.804,0.081,3.2,9.8,6.4,8.5,2.0,1.4,10.3,15.1,0.6,0.9,1.4,0.087,-1.2,0.9,-0.3,0.3,0.0,2022
340,Tre Jones,16.6,2.4,4.9,0.49,0.1,0.7,0.196,2.3,4.2,0.542,0.504,1.0,1.3,0.78,0.4,1.8,2.2,3.4,0.6,0.1,0.7,1.1,6.0,0.0,0.0,1000.0,0.0,0.0,0.0,0.0,0.0,0.0,0.0,0.0,0.0,0.0,0.0,0.0,0.0,69.0,11.0,1148.0,166.0,339.0,0.49,10.0,51.0,0.196,156.0,288.0,0.542,0.504,71.0,91.0,0.78,29.0,126.0,155.0,233.0,42.0,7.0,46.0,78.0,413.0,0.0,15.0,0.545,0.15,0.268,2.6,11.6,7.1,27.0,1.8,0.5,10.8,15.6,1.9,0.9,2.9,0.121,-0.9,0.4,-0.5,0.4,0.0,2022
341,Alex Len,15.9,2.4,4.5,0.534,0.2,0.5,0.286,2.3,4.0,0.568,0.551,1.1,1.6,0.651,1.3,2.8,4.1,1.2,0.3,0.6,1.1,2.6,6.0,0.0,0.0,1000.0,0.0,0.0,0.0,0.0,0.0,0.0,0.0,0.0,0.0,0.0,0.0,0.0,0.0,39.0,10.0,620.0,94.0,176.0,0.534,6.0,21.0,0.286,88.0,155.0,0.568,0.551,41.0,63.0,0.651,52.0,109.0,161.0,45.0,13.0,25.0,43.0,100.0,235.0,0.0,13.1,0.577,0.119,0.358,9.0,19.3,14.1,10.6,1.0,3.5,17.4,17.1,0.4,0.5,0.9,0.07,-3.2,0.3,-2.9,-0.1,0.0,2022
342,Kevon Looney,21.1,2.5,4.4,0.571,0.0,0.0,0.0,2.5,4.4,0.573,0.571,0.9,1.5,0.6,2.5,4.7,7.3,2.0,0.6,0.6,0.8,2.6,6.0,0.0,0.0,1000.0,0.0,0.0,0.0,0.0,0.0,0.0,0.0,0.0,0.0,0.0,0.0,0.0,0.0,82.0,80.0,1732.0,208.0,364.0,0.571,0.0,1.0,0.0,208.0,363.0,0.573,0.571,75.0,125.0,0.6,208.0,388.0,596.0,165.0,50.0,52.0,67.0,215.0,491.0,0.0,15.7,0.586,0.003,0.343,13.5,23.8,18.8,13.2,1.4,2.9,13.8,12.2,3.5,3.2,6.8,0.187,-0.9,1.7,0.9,1.3,0.0,2022
343,Austin Rivers,22.1,2.2,5.2,0.417,1.2,3.4,0.342,1.0,1.8,0.563,0.53,0.5,0.7,0.727,0.3,1.4,1.7,1.3,0.8,0.1,0.8,1.8,6.0,0.0,0.0,1000.0,0.0,0.0,0.0,0.0,0.0,0.0,0.0,0.0,0.0,0.0,0.0,0.0,0.0,67.0,18.0,1480.0,146.0,350.0,0.417,79.0,231.0,0.342,67.0,119.0,0.563,0.53,32.0,44.0,0.727,19.0,95.0,114.0,90.0,51.0,6.0,54.0,121.0,403.0,0.0,7.2,0.546,0.66,0.126,1.5,6.9,4.3,8.0,1.7,0.4,12.8,12.6,0.1,1.1,1.2,0.037,-3.5,-0.3,-3.8,-0.7,0.0,2022
344,Danuel House Jr.,17.3,1.9,4.7,0.404,1.0,2.8,0.376,0.9,1.9,0.444,0.515,1.0,1.4,0.759,0.4,2.2,2.6,1.0,0.5,0.4,0.8,1.2,5.9,0.0,0.0,1000.0,0.0,0.0,0.0,0.0,0.0,0.0,0.0,0.0,0.0,0.0,0.0,0.0,0.0,42.0,7.0,727.0,80.0,198.0,0.404,44.0,117.0,0.376,36.0,81.0,0.444,0.515,44.0,58.0,0.759,18.0,93.0,111.0,44.0,21.0,17.0,33.0,51.0,248.0,0.0,10.6,0.555,0.591,0.293,2.8,13.8,8.4,8.4,1.4,2.1,12.9,15.2,0.4,0.7,1.0,0.068,-1.3,0.2,-1.1,0.2,0.0,2022
345,Kessler Edwards,20.6,2.3,5.6,0.412,1.0,2.8,0.353,1.3,2.7,0.473,0.502,0.3,0.4,0.842,0.9,2.7,3.6,0.6,0.6,0.5,0.9,1.8,5.9,0.0,0.0,1000.0,0.0,0.0,0.0,0.0,0.0,0.0,0.0,0.0,0.0,0.0,0.0,0.0,0.0,48.0,23.0,987.0,110.0,267.0,0.412,48.0,136.0,0.353,62.0,131.0,0.473,0.502,16.0,19.0,0.842,44.0,128.0,172.0,31.0,29.0,24.0,42.0,85.0,284.0,0.0,8.3,0.516,0.509,0.071,5.0,13.8,9.5,4.1,1.4,2.2,13.2,13.8,-0.2,0.9,0.6,0.031,-3.1,-0.8,-3.8,-0.5,0.0,2022
346,Danny Green,21.8,2.0,5.2,0.394,1.7,4.4,0.38,0.4,0.8,0.469,0.555,0.2,0.2,0.786,0.5,2.0,2.5,1.0,1.0,0.6,0.7,1.7,5.9,0.0,0.0,1000.0,0.0,0.0,0.0,0.0,0.0,0.0,0.0,0.0,0.0,0.0,0.0,0.0,0.0,62.0,28.0,1353.0,126.0,320.0,0.394,103.0,271.0,0.38,23.0,49.0,0.469,0.555,11.0,14.0,0.786,32.0,125.0,157.0,64.0,60.0,37.0,45.0,105.0,366.0,0.0,9.5,0.561,0.847,0.044,2.7,10.1,6.5,6.5,2.2,2.5,12.1,12.3,0.3,1.6,1.9,0.067,-1.4,0.8,-0.5,0.5,0.0,2022
347,Kira Lewis Jr.,14.2,2.5,6.1,0.404,0.5,2.4,0.224,1.9,3.7,0.523,0.449,0.4,0.5,0.833,0.4,1.3,1.6,2.0,0.5,0.0,1.1,0.7,5.9,0.0,0.0,1000.0,0.0,0.0,0.0,0.0,0.0,0.0,0.0,0.0,0.0,0.0,0.0,0.0,0.0,24.0,0.0,341.0,59.0,146.0,0.404,13.0,58.0,0.224,46.0,88.0,0.523,0.449,10.0,12.0,0.833,9.0,30.0,39.0,49.0,11.0,1.0,26.0,17.0,141.0,0.0,9.8,0.466,0.397,0.082,2.9,10.0,6.3,21.7,1.6,0.3,14.7,22.3,-0.3,0.2,-0.1,-0.017,-2.8,-1.2,-4.0,-0.2,0.0,2022
348,Bismack Biyombo,14.1,2.4,4.0,0.593,0.0,0.0,0.0,2.4,4.0,0.593,0.593,1.1,2.0,0.535,1.8,2.9,4.6,0.6,0.3,0.7,0.7,1.9,5.8,0.0,0.0,1000.0,0.0,0.0,0.0,0.0,0.0,0.0,0.0,0.0,0.0,0.0,0.0,0.0,0.0,36.0,3.0,506.0,86.0,145.0,0.593,0.0,0.0,0.0,86.0,145.0,0.593,0.593,38.0,71.0,0.535,63.0,104.0,167.0,23.0,12.0,26.0,25.0,70.0,210.0,0.0,17.3,0.596,0.0,0.49,13.7,21.5,17.7,6.2,1.1,4.6,12.4,17.1,0.9,0.9,1.8,0.17,-1.7,0.4,-1.3,0.1,0.0,2022
349,Carsen Edwards,19.8,2.3,7.5,0.3,1.0,4.0,0.25,1.3,3.5,0.357,0.367,0.3,0.3,1.0,0.5,1.0,1.5,3.5,0.5,0.0,1.3,1.0,5.8,0.0,0.0,1000.0,0.0,0.0,0.0,0.0,0.0,0.0,0.0,0.0,0.0,0.0,0.0,0.0,0.0,4.0,0.0,79.0,9.0,30.0,0.3,4.0,16.0,0.25,5.0,14.0,0.357,0.367,1.0,1.0,1.0,2.0,4.0,6.0,14.0,2.0,0.0,5.0,4.0,23.0,0.0,5.5,0.378,0.533,0.033,2.6,5.8,4.1,26.2,1.2,0.0,14.1,19.2,-0.1,0.0,-0.1,-0.075,-6.0,-3.4,-9.3,-0.1,0.0,2022
350,CJ Elleby,20.2,2.1,5.3,0.393,0.6,2.2,0.294,1.4,3.1,0.462,0.453,1.0,1.4,0.714,1.1,2.8,3.9,1.5,0.6,0.3,1.0,2.0,5.8,0.0,0.0,1000.0,0.0,0.0,0.0,0.0,0.0,0.0,0.0,0.0,0.0,0.0,0.0,0.0,0.0,58.0,28.0,1174.0,121.0,308.0,0.393,37.0,126.0,0.294,84.0,182.0,0.462,0.453,60.0,84.0,0.714,66.0,161.0,227.0,87.0,35.0,19.0,56.0,116.0,339.0,0.0,9.2,0.491,0.409,0.273,6.0,15.6,10.6,10.6,1.5,1.6,14.0,14.8,-0.1,0.5,0.4,0.016,-3.8,-1.5,-5.3,-1.0,0.0,2022
351,Luka Garza,12.2,2.1,4.6,0.449,0.5,1.5,0.327,1.6,3.1,0.51,0.503,1.2,1.9,0.623,1.8,1.3,3.1,0.6,0.3,0.2,0.6,1.7,5.8,0.0,0.0,1000.0,0.0,0.0,0.0,0.0,0.0,0.0,0.0,0.0,0.0,0.0,0.0,0.0,0.0,32.0,5.0,389.0,66.0,147.0,0.449,16.0,49.0,0.327,50.0,98.0,0.51,0.503,38.0,61.0,0.623,58.0,42.0,100.0,20.0,9.0,6.0,18.0,55.0,186.0,0.0,15.6,0.535,0.333,0.415,15.3,12.3,13.9,8.3,1.1,1.4,9.4,21.1,0.5,0.2,0.8,0.093,-0.5,-2.0,-2.5,-0.1,0.0,2022
352,Xavier Moon,13.7,2.5,5.1,0.49,0.5,1.4,0.357,2.0,3.7,0.541,0.539,0.3,0.5,0.6,0.2,1.2,1.4,2.4,0.7,0.3,0.6,0.9,5.8,0.0,0.0,1000.0,0.0,0.0,0.0,0.0,0.0,0.0,0.0,0.0,0.0,0.0,0.0,0.0,0.0,10.0,0.0,137.0,25.0,51.0,0.49,5.0,14.0,0.357,20.0,37.0,0.541,0.539,3.0,5.0,0.6,2.0,12.0,14.0,24.0,7.0,3.0,6.0,9.0,58.0,0.0,16.2,0.545,0.275,0.098,1.6,9.0,5.4,27.0,2.5,1.9,10.1,19.0,0.2,0.2,0.3,0.121,-1.1,1.0,-0.1,0.1,0.0,2022
353,Eric Paschall,12.7,2.0,4.1,0.485,0.7,1.9,0.37,1.3,2.2,0.583,0.57,1.1,1.5,0.767,0.5,1.3,1.8,0.6,0.2,0.1,0.5,0.9,5.8,0.0,0.0,1000.0,0.0,0.0,0.0,0.0,0.0,0.0,0.0,0.0,0.0,0.0,0.0,0.0,0.0,58.0,3.0,737.0,114.0,235.0,0.485,40.0,108.0,0.37,74.0,127.0,0.583,0.57,66.0,86.0,0.767,30.0,76.0,106.0,36.0,9.0,5.0,27.0,51.0,334.0,0.0,13.9,0.612,0.46,0.366,4.6,10.9,7.9,7.1,0.6,0.6,9.0,17.7,1.4,0.5,2.0,0.127,0.5,-1.0,-0.5,0.3,0.0,2022
354,Joshua Primo,19.3,2.0,5.4,0.374,0.8,2.7,0.307,1.2,2.7,0.444,0.452,0.9,1.2,0.746,0.6,1.6,2.3,1.6,0.4,0.5,1.1,1.6,5.8,0.0,0.0,1000.0,0.0,0.0,0.0,0.0,0.0,0.0,0.0,0.0,0.0,0.0,0.0,0.0,0.0,50.0,16.0,965.0,101.0,270.0,0.374,42.0,137.0,0.307,59.0,133.0,0.444,0.452,44.0,59.0,0.746,32.0,81.0,113.0,81.0,20.0,23.0,57.0,79.0,288.0,0.0,7.1,0.487,0.507,0.219,3.5,8.9,6.1,10.6,1.0,2.0,16.1,15.4,-0.6,0.6,0.0,0.001,-3.8,-1.1,-5.0,-0.7,0.0,2022
355,Cassius Stanley,17.2,2.1,5.1,0.413,0.4,1.9,0.235,1.7,3.2,0.517,0.457,1.1,1.1,1.0,0.6,1.6,2.1,0.4,0.6,0.2,0.7,1.9,5.8,0.0,0.0,1000.0,0.0,0.0,0.0,0.0,0.0,0.0,0.0,0.0,0.0,0.0,0.0,0.0,0.0,9.0,1.0,155.0,19.0,46.0,0.413,4.0,17.0,0.235,15.0,29.0,0.517,0.457,10.0,10.0,1.0,5.0,14.0,19.0,4.0,5.0,2.0,6.0,17.0,52.0,0.0,8.0,0.516,0.37,0.217,3.3,10.3,6.6,3.9,1.6,1.2,10.6,15.6,0.0,0.1,0.1,0.021,-4.9,-1.0,-5.8,-0.2,0.0,2022
356,Justise Winslow,16.1,2.3,5.4,0.428,0.3,1.4,0.227,2.0,4.0,0.497,0.457,0.8,1.4,0.591,1.0,3.2,4.2,1.8,0.7,0.5,1.0,1.4,5.7,0.0,0.0,1000.0,0.0,0.0,0.0,0.0,0.0,0.0,0.0,0.0,0.0,0.0,0.0,0.0,0.0,48.0,11.0,775.0,110.0,257.0,0.428,15.0,66.0,0.227,95.0,191.0,0.497,0.457,39.0,66.0,0.591,50.0,152.0,202.0,84.0,35.0,25.0,49.0,67.0,274.0,0.0,13.1,0.479,0.257,0.257,7.0,20.9,14.0,16.1,2.2,2.9,14.6,18.9,-0.3,1.1,0.8,0.048,-2.7,1.0,-1.7,0.1,0.0,2022
357,Kelan Martin,15.0,2.3,5.7,0.409,0.7,2.5,0.293,1.6,3.2,0.5,0.474,0.3,0.4,0.692,0.6,1.3,1.8,0.7,0.4,0.3,0.5,1.2,5.7,0.0,0.0,1000.0,0.0,0.0,0.0,0.0,0.0,0.0,0.0,0.0,0.0,0.0,0.0,0.0,0.0,30.0,1.0,450.0,70.0,171.0,0.409,22.0,75.0,0.293,48.0,96.0,0.5,0.474,9.0,13.0,0.692,17.0,38.0,55.0,21.0,13.0,9.0,14.0,36.0,171.0,0.0,9.4,0.484,0.439,0.076,4.1,9.6,6.8,6.7,1.4,1.7,7.3,18.1,-0.1,0.2,0.0,0.005,-2.6,-1.0,-3.6,-0.2,0.0,2022
358,Keita Bates-Diop,16.2,2.3,4.5,0.517,0.3,0.9,0.309,2.0,3.5,0.572,0.549,0.8,1.0,0.754,1.1,2.9,3.9,0.7,0.5,0.2,0.8,1.0,5.7,0.0,0.0,1000.0,0.0,0.0,0.0,0.0,0.0,0.0,0.0,0.0,0.0,0.0,0.0,0.0,0.0,59.0,14.0,957.0,136.0,263.0,0.517,17.0,55.0,0.309,119.0,208.0,0.572,0.549,46.0,61.0,0.754,62.0,169.0,231.0,41.0,27.0,14.0,45.0,61.0,335.0,0.0,12.4,0.578,0.209,0.232,6.8,18.7,12.7,5.7,1.4,1.2,13.4,14.8,0.6,1.0,1.6,0.08,-2.1,-0.5,-2.6,-0.1,0.0,2022
359,Naji Marshall,13.4,2.0,4.9,0.405,0.4,1.9,0.2,1.6,3.0,0.537,0.444,1.3,1.7,0.796,0.7,1.9,2.6,1.1,0.6,0.1,0.8,1.3,5.7,0.0,0.0,1000.0,0.0,0.0,0.0,0.0,0.0,0.0,0.0,0.0,0.0,0.0,0.0,0.0,0.0,55.0,4.0,735.0,109.0,269.0,0.405,21.0,105.0,0.2,88.0,164.0,0.537,0.444,74.0,93.0,0.796,38.0,104.0,142.0,62.0,33.0,8.0,46.0,69.0,313.0,0.0,12.3,0.505,0.39,0.346,5.6,16.0,10.7,12.3,2.2,1.0,12.9,20.8,0.0,0.7,0.8,0.05,-2.7,-0.5,-3.2,-0.2,0.0,2022
360,Matisse Thybulle,25.5,2.3,4.5,0.5,0.7,2.2,0.313,1.6,2.4,0.673,0.575,0.5,0.7,0.791,0.6,1.7,2.3,1.1,1.7,1.1,0.6,2.4,5.7,0.0,0.0,1000.0,0.0,0.0,0.0,0.0,0.0,0.0,0.0,0.0,0.0,0.0,0.0,0.0,0.0,66.0,50.0,1685.0,150.0,300.0,0.5,45.0,144.0,0.313,105.0,156.0,0.673,0.575,34.0,43.0,0.791,42.0,109.0,151.0,75.0,115.0,71.0,39.0,158.0,379.0,0.0,11.2,0.594,0.48,0.143,2.8,7.1,5.0,6.1,3.4,3.8,10.9,9.5,1.2,2.5,3.7,0.107,-2.2,3.3,1.1,1.3,0.0,2022
361,Dāvis Bertāns,14.4,1.8,4.9,0.36,1.4,4.1,0.335,0.4,0.8,0.489,0.5,0.6,0.7,0.9,0.2,1.9,2.1,0.6,0.3,0.2,0.3,1.5,5.6,0.0,0.0,1000.0,0.0,0.0,0.0,0.0,0.0,0.0,0.0,0.0,0.0,0.0,0.0,0.0,0.0,56.0,0.0,807.0,99.0,275.0,0.36,77.0,230.0,0.335,22.0,45.0,0.489,0.5,36.0,40.0,0.9,12.0,105.0,117.0,31.0,17.0,12.0,19.0,85.0,311.0,0.0,9.4,0.531,0.836,0.145,1.7,14.3,8.0,5.5,1.0,1.3,6.1,17.3,0.2,0.7,0.9,0.053,-1.7,-0.9,-2.6,-0.1,0.0,2022
362,Derrick Jones Jr.,17.6,2.1,3.8,0.538,0.4,1.2,0.328,1.7,2.6,0.634,0.59,1.1,1.4,0.8,1.2,2.1,3.3,0.6,0.5,0.6,0.6,2.1,5.6,0.0,0.0,1000.0,0.0,0.0,0.0,0.0,0.0,0.0,0.0,0.0,0.0,0.0,0.0,0.0,0.0,51.0,8.0,899.0,105.0,195.0,0.538,20.0,61.0,0.328,85.0,134.0,0.634,0.59,56.0,70.0,0.8,60.0,109.0,169.0,30.0,25.0,33.0,30.0,105.0,286.0,0.0,13.0,0.633,0.313,0.359,7.6,13.6,10.6,4.4,1.4,3.2,11.7,12.5,1.4,0.8,2.2,0.119,-1.5,0.5,-0.9,0.2,0.0,2022
363,Saben Lee,16.3,1.9,4.8,0.39,0.4,1.6,0.233,1.5,3.2,0.47,0.429,1.5,1.9,0.789,0.5,1.9,2.4,2.9,1.0,0.3,1.0,1.2,5.6,0.0,0.0,1000.0,0.0,0.0,0.0,0.0,0.0,0.0,0.0,0.0,0.0,0.0,0.0,0.0,0.0,37.0,0.0,604.0,69.0,177.0,0.39,14.0,60.0,0.233,55.0,117.0,0.47,0.429,56.0,71.0,0.789,18.0,69.0,87.0,107.0,36.0,12.0,36.0,44.0,208.0,0.0,13.8,0.499,0.339,0.401,3.1,13.0,7.8,26.2,2.9,1.8,14.7,17.3,0.3,0.7,0.9,0.073,-1.9,1.5,-0.4,0.2,0.0,2022
364,Dennis Smith Jr.,17.2,2.1,5.1,0.418,0.2,0.7,0.222,2.0,4.4,0.451,0.434,1.1,1.7,0.656,0.5,1.8,2.4,3.6,1.2,0.3,1.4,1.4,5.6,0.0,0.0,1000.0,0.0,0.0,0.0,0.0,0.0,0.0,0.0,0.0,0.0,0.0,0.0,0.0,0.0,37.0,4.0,638.0,79.0,189.0,0.418,6.0,27.0,0.222,73.0,162.0,0.451,0.434,42.0,64.0,0.656,20.0,68.0,88.0,132.0,45.0,12.0,51.0,52.0,206.0,0.0,13.2,0.474,0.143,0.339,3.3,12.2,7.6,30.5,3.4,1.9,19.0,18.2,-0.1,0.5,0.4,0.031,-2.8,1.2,-1.7,0.1,0.0,2022
365,Keifer Sykes,17.7,2.2,5.9,0.363,0.8,2.8,0.3,1.3,3.1,0.42,0.434,0.5,0.5,0.882,0.3,1.2,1.4,1.9,0.4,0.1,1.0,1.6,5.6,0.0,0.0,1000.0,0.0,0.0,0.0,0.0,0.0,0.0,0.0,0.0,0.0,0.0,0.0,0.0,0.0,32.0,11.0,566.0,69.0,190.0,0.363,27.0,90.0,0.3,42.0,100.0,0.42,0.434,15.0,17.0,0.882,8.0,37.0,45.0,62.0,12.0,4.0,33.0,51.0,180.0,0.0,5.9,0.456,0.474,0.089,1.5,7.4,4.4,14.9,1.0,0.6,14.3,17.4,-0.5,0.1,-0.5,-0.04,-4.4,-2.4,-6.9,-0.7,0.0,2022
366,James Johnson,19.2,2.3,5.0,0.469,0.4,1.4,0.271,2.0,3.6,0.545,0.507,0.5,0.9,0.527,0.8,2.6,3.5,2.1,0.5,0.5,0.8,2.6,5.5,0.0,0.0,1000.0,0.0,0.0,0.0,0.0,0.0,0.0,0.0,0.0,0.0,0.0,0.0,0.0,0.0,62.0,10.0,1191.0,144.0,307.0,0.469,23.0,85.0,0.271,121.0,222.0,0.545,0.507,29.0,55.0,0.527,51.0,164.0,215.0,130.0,30.0,34.0,48.0,162.0,340.0,0.0,10.3,0.513,0.277,0.179,4.8,14.6,9.8,14.5,1.2,2.6,12.7,13.7,0.6,1.1,1.7,0.068,-2.7,0.6,-2.2,-0.1,0.0,2022
367,Greg Monroe,13.9,2.3,4.1,0.561,0.0,0.0,0.0,2.3,4.1,0.561,0.561,0.9,1.6,0.522,2.1,2.4,4.6,1.6,0.6,0.7,0.9,1.7,5.4,0.0,0.0,1000.0,0.0,0.0,0.0,0.0,0.0,0.0,0.0,0.0,0.0,0.0,0.0,0.0,0.0,14.0,0.0,195.0,32.0,57.0,0.561,0.0,0.0,0.0,32.0,57.0,0.561,0.561,12.0,23.0,0.522,30.0,34.0,64.0,22.0,8.0,10.0,12.0,24.0,76.0,0.0,19.5,0.566,0.0,0.404,16.9,18.8,17.7,16.2,2.0,4.8,15.2,17.3,0.4,0.3,0.7,0.169,-0.3,0.7,0.4,0.1,0.0,2022
368,Wenyen Gabriel,13.8,2.1,4.2,0.491,0.3,1.1,0.286,1.8,3.2,0.561,0.527,1.0,1.6,0.595,1.5,2.2,3.7,0.5,0.2,0.4,0.6,2.6,5.4,0.0,0.0,1000.0,0.0,0.0,0.0,0.0,0.0,0.0,0.0,0.0,0.0,0.0,0.0,0.0,0.0,26.0,5.0,358.0,54.0,110.0,0.491,8.0,28.0,0.286,46.0,82.0,0.561,0.527,25.0,42.0,0.595,39.0,58.0,97.0,14.0,5.0,11.0,16.0,68.0,141.0,0.0,12.5,0.549,0.255,0.382,11.8,17.2,14.5,5.6,0.7,2.7,11.1,17.4,0.4,0.3,0.7,0.09,-3.7,-2.1,-5.9,-0.4,0.0,2022
369,PJ Dozier,18.9,2.0,5.5,0.364,0.8,2.7,0.313,1.2,2.8,0.412,0.439,0.6,0.7,0.769,0.8,2.7,3.5,1.6,0.6,0.3,0.7,1.8,5.4,0.0,0.0,1000.0,0.0,0.0,0.0,0.0,0.0,0.0,0.0,0.0,0.0,0.0,0.0,0.0,0.0,18.0,0.0,340.0,36.0,99.0,0.364,15.0,48.0,0.313,21.0,51.0,0.412,0.439,10.0,13.0,0.769,14.0,49.0,63.0,29.0,11.0,6.0,13.0,33.0,97.0,0.0,8.7,0.463,0.485,0.131,4.8,15.6,10.3,11.3,1.6,1.6,11.0,15.2,-0.1,0.4,0.3,0.038,-3.0,1.0,-2.0,0.0,0.0,2022
370,Rodney McGruder,14.8,1.9,4.4,0.436,1.1,2.9,0.397,0.8,1.5,0.506,0.564,0.4,0.5,0.731,0.6,1.6,2.2,0.9,0.4,0.1,0.5,1.1,5.4,0.0,0.0,1000.0,0.0,0.0,0.0,0.0,0.0,0.0,0.0,0.0,0.0,0.0,0.0,0.0,0.0,51.0,2.0,754.0,98.0,225.0,0.436,58.0,146.0,0.397,40.0,79.0,0.506,0.564,19.0,26.0,0.731,31.0,80.0,111.0,48.0,21.0,7.0,24.0,58.0,273.0,0.0,11.6,0.577,0.649,0.116,4.2,12.1,8.0,9.6,1.4,0.8,9.2,14.8,0.7,0.4,1.2,0.075,-0.7,-0.7,-1.4,0.1,0.0,2022
371,Trey Murphy III,13.9,1.8,4.5,0.394,1.1,3.0,0.382,0.6,1.5,0.418,0.522,0.7,0.8,0.882,0.8,1.6,2.4,0.6,0.4,0.1,0.3,1.0,5.4,0.0,0.0,1000.0,0.0,0.0,0.0,0.0,0.0,0.0,0.0,0.0,0.0,0.0,0.0,0.0,0.0,62.0,1.0,864.0,109.0,277.0,0.394,71.0,186.0,0.382,38.0,91.0,0.418,0.522,45.0,51.0,0.882,47.0,100.0,147.0,38.0,23.0,7.0,16.0,60.0,334.0,0.0,12.5,0.558,0.671,0.184,5.9,13.1,9.4,6.2,1.3,0.8,5.1,15.7,1.3,0.6,1.9,0.104,0.2,-1.4,-1.2,0.2,0.0,2022
372,Armoni Brooks,15.6,1.8,5.4,0.339,1.4,4.6,0.297,0.4,0.7,0.6,0.467,0.3,0.4,0.857,0.4,1.5,1.9,1.1,0.5,0.2,0.5,1.4,5.3,0.0,0.0,1000.0,0.0,0.0,0.0,0.0,0.0,0.0,0.0,0.0,0.0,0.0,0.0,0.0,0.0,54.0,11.0,844.0,98.0,289.0,0.339,74.0,249.0,0.297,24.0,40.0,0.6,0.467,18.0,21.0,0.857,20.0,83.0,103.0,62.0,28.0,11.0,27.0,74.0,288.0,0.0,8.4,0.483,0.862,0.073,2.5,10.9,6.7,10.4,1.6,1.2,8.3,16.4,-0.1,0.4,0.2,0.014,-2.6,-1.3,-3.9,-0.4,0.0,2022
373,D.J. Augustin,16.1,1.7,4.0,0.423,1.2,3.0,0.415,0.5,1.1,0.448,0.577,0.7,0.8,0.884,0.2,1.0,1.2,1.9,0.3,0.0,1.0,0.7,5.3,0.0,0.0,1000.0,0.0,0.0,0.0,0.0,0.0,0.0,0.0,0.0,0.0,0.0,0.0,0.0,0.0,55.0,2.0,883.0,94.0,222.0,0.423,68.0,164.0,0.415,26.0,58.0,0.448,0.577,38.0,43.0,0.884,11.0,57.0,68.0,107.0,17.0,1.0,56.0,39.0,294.0,0.0,9.7,0.61,0.739,0.194,1.4,7.0,4.2,16.8,0.9,0.1,18.9,14.3,0.7,0.1,0.8,0.043,-1.2,-2.4,-3.6,-0.4,0.0,2022
374,Derrick Favors,16.7,2.4,4.7,0.516,0.1,0.4,0.125,2.4,4.3,0.554,0.522,0.4,0.6,0.64,1.5,3.2,4.7,0.6,0.4,0.3,0.2,1.6,5.3,0.0,0.0,1000.0,0.0,0.0,0.0,0.0,0.0,0.0,0.0,0.0,0.0,0.0,0.0,0.0,0.0,39.0,18.0,653.0,94.0,182.0,0.516,2.0,16.0,0.125,92.0,166.0,0.554,0.522,16.0,25.0,0.64,58.0,126.0,184.0,25.0,17.0,12.0,9.0,62.0,206.0,0.0,13.6,0.534,0.088,0.137,9.0,20.2,14.5,5.9,1.3,1.7,4.5,13.4,0.8,0.7,1.4,0.105,-2.3,0.3,-2.1,0.0,0.0,2022
375,Dean Wade,19.2,1.9,4.3,0.456,1.0,2.8,0.359,0.9,1.5,0.64,0.574,0.4,0.6,0.667,0.6,2.3,2.9,1.0,0.6,0.1,0.3,1.7,5.3,0.0,0.0,1000.0,0.0,0.0,0.0,0.0,0.0,0.0,0.0,0.0,0.0,0.0,0.0,0.0,0.0,51.0,28.0,980.0,99.0,217.0,0.456,51.0,142.0,0.359,48.0,75.0,0.64,0.574,20.0,30.0,0.667,31.0,119.0,150.0,52.0,29.0,7.0,16.0,88.0,269.0,0.0,10.1,0.584,0.654,0.138,3.6,13.1,8.5,7.3,1.5,0.6,6.5,11.1,1.1,1.1,2.3,0.111,-1.9,1.3,-0.6,0.4,0.0,2022
376,Omer Yurtseven,12.6,2.3,4.4,0.526,0.0,0.2,0.091,2.3,4.2,0.547,0.528,0.7,1.1,0.623,1.5,3.7,5.3,0.9,0.3,0.4,0.7,1.5,5.3,0.0,0.0,1000.0,0.0,0.0,0.0,0.0,0.0,0.0,0.0,0.0,0.0,0.0,0.0,0.0,0.0,56.0,12.0,706.0,130.0,247.0,0.526,1.0,11.0,0.091,129.0,236.0,0.547,0.528,38.0,61.0,0.623,85.0,209.0,294.0,49.0,17.0,20.0,41.0,84.0,299.0,0.0,17.4,0.546,0.045,0.247,13.9,33.0,23.6,11.0,1.2,3.0,13.0,19.9,0.8,1.4,2.1,0.145,-1.4,0.4,-1.0,0.2,0.0,2022
377,Garrett Temple,18.6,1.9,5.0,0.376,1.0,3.1,0.319,0.9,1.9,0.473,0.476,0.5,0.7,0.683,0.5,1.9,2.4,1.3,0.7,0.4,0.7,1.4,5.2,0.0,0.0,1000.0,0.0,0.0,0.0,0.0,0.0,0.0,0.0,0.0,0.0,0.0,0.0,0.0,0.0,59.0,16.0,1098.0,111.0,295.0,0.376,59.0,185.0,0.319,52.0,110.0,0.473,0.476,28.0,41.0,0.683,29.0,114.0,143.0,74.0,43.0,23.0,42.0,81.0,309.0,0.0,8.6,0.494,0.627,0.139,2.9,11.8,7.2,9.2,1.9,2.0,11.8,13.9,-0.1,1.0,0.8,0.037,-2.8,0.3,-2.5,-0.1,0.0,2022
378,Cody Zeller,13.1,1.9,3.3,0.567,0.0,0.1,0.0,1.9,3.2,0.593,0.567,1.4,1.8,0.776,1.9,2.8,4.6,0.8,0.3,0.2,0.7,2.1,5.2,0.0,0.0,1000.0,0.0,0.0,0.0,0.0,0.0,0.0,0.0,0.0,0.0,0.0,0.0,0.0,0.0,27.0,0.0,355.0,51.0,90.0,0.567,0.0,4.0,0.0,51.0,86.0,0.593,0.567,38.0,49.0,0.776,50.0,75.0,125.0,22.0,8.0,6.0,19.0,56.0,140.0,0.0,17.2,0.627,0.044,0.544,14.9,24.1,19.3,9.4,1.1,1.7,14.6,15.9,0.9,0.2,1.1,0.143,-1.2,-1.0,-2.1,0.0,0.0,2022
379,DeAndre' Bembry,18.3,2.2,3.9,0.561,0.3,0.6,0.417,1.9,3.3,0.589,0.595,0.4,0.6,0.6,0.8,2.2,2.9,1.2,0.9,0.4,0.6,2.0,5.1,0.0,0.0,1000.0,0.0,0.0,0.0,0.0,0.0,0.0,0.0,0.0,0.0,0.0,0.0,0.0,0.0,56.0,20.0,1026.0,124.0,221.0,0.561,15.0,36.0,0.417,109.0,185.0,0.589,0.595,21.0,35.0,0.6,42.0,121.0,163.0,66.0,49.0,25.0,31.0,113.0,284.0,0.0,11.9,0.601,0.163,0.158,4.6,12.5,8.6,8.6,2.3,2.2,11.6,11.2,1.1,1.1,2.2,0.104,-2.2,1.5,-0.7,0.3,0.0,2022
380,Trey Burke,10.5,2.0,5.1,0.391,0.6,2.0,0.317,1.4,3.2,0.436,0.451,0.5,0.5,0.87,0.1,0.7,0.8,1.4,0.3,0.0,0.6,0.9,5.1,0.0,0.0,1000.0,0.0,0.0,0.0,0.0,0.0,0.0,0.0,0.0,0.0,0.0,0.0,0.0,0.0,42.0,0.0,441.0,84.0,215.0,0.391,26.0,82.0,0.317,58.0,133.0,0.436,0.451,20.0,23.0,0.87,4.0,29.0,33.0,57.0,12.0,0.0,26.0,39.0,214.0,0.0,10.0,0.475,0.381,0.107,1.0,7.3,4.2,20.7,1.4,0.0,10.4,25.6,-0.4,0.4,0.0,0.003,-3.6,-1.4,-5.0,-0.3,0.0,2022
381,Facundo Campazzo,18.2,1.6,4.6,0.361,0.9,3.0,0.301,0.8,1.6,0.476,0.459,0.9,1.2,0.769,0.4,1.4,1.8,3.4,1.0,0.4,1.0,1.9,5.1,0.0,0.0,1000.0,0.0,0.0,0.0,0.0,0.0,0.0,0.0,0.0,0.0,0.0,0.0,0.0,0.0,65.0,4.0,1184.0,107.0,296.0,0.361,58.0,193.0,0.301,49.0,103.0,0.476,0.459,60.0,78.0,0.769,23.0,94.0,117.0,220.0,63.0,23.0,67.0,124.0,332.0,0.0,11.1,0.503,0.652,0.264,2.2,8.6,5.5,24.1,2.6,1.8,16.9,14.7,0.6,1.3,2.0,0.081,-2.1,1.3,-0.8,0.4,0.0,2022
382,Wesley Matthews,20.4,1.8,4.5,0.395,1.1,3.2,0.338,0.7,1.3,0.54,0.516,0.4,0.6,0.786,0.6,1.3,1.9,0.7,0.5,0.2,0.4,1.8,5.1,0.0,0.0,1000.0,0.0,0.0,0.0,0.0,0.0,0.0,0.0,0.0,0.0,0.0,0.0,0.0,0.0,49.0,14.0,1002.0,87.0,220.0,0.395,53.0,157.0,0.338,34.0,63.0,0.54,0.516,22.0,28.0,0.786,30.0,62.0,92.0,36.0,23.0,8.0,18.0,87.0,249.0,0.0,6.9,0.536,0.714,0.127,3.2,6.4,4.9,4.6,1.1,0.8,7.2,10.7,0.6,0.6,1.2,0.056,-3.0,-0.3,-3.3,-0.3,0.0,2022
383,David Nwaba,13.2,1.8,3.8,0.483,0.3,1.1,0.306,1.5,2.8,0.551,0.526,1.0,1.5,0.716,0.9,2.4,3.3,0.8,0.6,0.4,0.5,1.2,5.1,0.0,0.0,1000.0,0.0,0.0,0.0,0.0,0.0,0.0,0.0,0.0,0.0,0.0,0.0,0.0,0.0,46.0,4.0,609.0,85.0,176.0,0.483,15.0,49.0,0.306,70.0,127.0,0.551,0.526,48.0,67.0,0.716,41.0,110.0,151.0,35.0,28.0,20.0,21.0,55.0,233.0,0.0,15.3,0.567,0.278,0.381,7.4,20.0,13.6,8.5,2.2,2.9,9.3,15.8,0.8,0.5,1.3,0.105,-0.6,0.0,-0.6,0.2,0.0,2022
384,Ignas Brazdeikis,12.8,1.9,4.5,0.431,0.6,2.1,0.31,1.3,2.4,0.535,0.503,0.5,0.8,0.656,0.5,1.2,1.7,0.9,0.2,0.1,0.4,1.1,5.0,0.0,0.0,1000.0,0.0,0.0,0.0,0.0,0.0,0.0,0.0,0.0,0.0,0.0,0.0,0.0,0.0,42.0,1.0,536.0,81.0,188.0,0.431,27.0,87.0,0.31,54.0,101.0,0.535,0.503,21.0,32.0,0.656,23.0,49.0,72.0,37.0,10.0,3.0,17.0,48.0,210.0,0.0,10.2,0.52,0.463,0.17,4.5,9.7,7.1,10.7,0.9,0.5,7.8,17.7,0.2,0.3,0.5,0.041,-2.7,-1.6,-4.3,-0.3,0.0,2022
385,Jock Landale,10.9,1.9,3.8,0.495,0.5,1.6,0.326,1.3,2.1,0.626,0.566,0.6,0.8,0.829,1.2,1.4,2.6,0.8,0.2,0.3,0.6,1.0,4.9,0.0,0.0,1000.0,0.0,0.0,0.0,0.0,0.0,0.0,0.0,0.0,0.0,0.0,0.0,0.0,0.0,54.0,1.0,589.0,101.0,204.0,0.495,29.0,89.0,0.326,72.0,115.0,0.626,0.566,34.0,41.0,0.829,63.0,75.0,138.0,45.0,10.0,14.0,31.0,53.0,265.0,0.0,16.0,0.597,0.436,0.201,11.1,13.5,12.3,10.6,0.8,2.0,12.3,18.1,1.0,0.4,1.5,0.121,0.7,-1.1,-0.4,0.2,0.0,2022
386,Rajon Rondo,17.9,1.7,4.5,0.386,0.8,2.3,0.352,0.9,2.3,0.42,0.474,0.5,0.7,0.731,0.4,2.4,2.8,4.4,0.8,0.2,1.7,1.4,4.8,0.0,0.0,1000.0,0.0,0.0,0.0,0.0,0.0,0.0,0.0,0.0,0.0,0.0,0.0,0.0,0.0,39.0,1.0,698.0,68.0,176.0,0.386,31.0,88.0,0.352,37.0,88.0,0.42,0.474,19.0,26.0,0.731,15.0,93.0,108.0,170.0,30.0,6.0,68.0,56.0,186.0,0.0,10.9,0.496,0.5,0.148,2.4,14.4,8.5,33.1,2.1,0.8,26.6,16.0,-0.1,0.8,0.7,0.048,-2.4,0.7,-1.7,0.1,0.0,2022
387,Brandon Goodwin,13.9,1.8,4.3,0.416,0.5,1.5,0.345,1.3,2.8,0.455,0.477,0.7,1.1,0.632,0.4,1.5,1.9,2.5,0.7,0.0,1.0,1.1,4.8,0.0,0.0,1000.0,0.0,0.0,0.0,0.0,0.0,0.0,0.0,0.0,0.0,0.0,0.0,0.0,0.0,36.0,5.0,502.0,64.0,154.0,0.416,19.0,55.0,0.345,45.0,99.0,0.455,0.477,24.0,38.0,0.632,14.0,53.0,67.0,91.0,25.0,1.0,36.0,39.0,171.0,0.0,11.8,0.501,0.357,0.247,3.1,11.4,7.4,26.0,2.5,0.2,17.4,18.2,0.1,0.7,0.7,0.069,-2.6,1.1,-1.6,0.1,0.0,2022
388,Josh Green,15.5,1.9,3.8,0.508,0.4,1.2,0.359,1.5,2.7,0.573,0.563,0.5,0.7,0.689,0.8,1.6,2.4,1.2,0.7,0.2,0.7,1.7,4.8,0.0,0.0,1000.0,0.0,0.0,0.0,0.0,0.0,0.0,0.0,0.0,0.0,0.0,0.0,0.0,0.0,67.0,3.0,1039.0,130.0,256.0,0.508,28.0,78.0,0.359,102.0,178.0,0.573,0.563,31.0,45.0,0.689,52.0,109.0,161.0,79.0,45.0,14.0,44.0,115.0,319.0,0.0,11.9,0.578,0.305,0.176,5.6,11.7,8.6,11.0,2.2,1.2,13.8,13.9,1.0,1.4,2.4,0.111,-2.4,1.4,-1.0,0.3,0.0,2022
389,John Konchar,17.9,1.9,3.6,0.515,0.7,1.8,0.413,1.2,1.9,0.61,0.615,0.4,0.7,0.551,1.2,3.4,4.6,1.5,0.6,0.3,0.4,1.3,4.8,0.0,0.0,1000.0,0.0,0.0,0.0,0.0,0.0,0.0,0.0,0.0,0.0,0.0,0.0,0.0,0.0,72.0,7.0,1292.0,135.0,262.0,0.515,52.0,126.0,0.413,83.0,136.0,0.61,0.615,27.0,49.0,0.551,87.0,242.0,329.0,109.0,45.0,22.0,29.0,90.0,349.0,1.0,14.0,0.615,0.481,0.187,6.9,20.1,13.3,10.6,1.7,1.5,9.3,9.9,2.4,1.8,4.2,0.155,0.2,1.3,1.5,1.2,0.0,2022
390,Xavier Tillman Sr.,13.2,1.8,4.1,0.454,0.2,0.9,0.204,1.7,3.2,0.527,0.477,0.9,1.3,0.648,1.2,1.8,3.0,1.2,0.9,0.3,0.6,1.2,4.8,0.0,0.0,1000.0,0.0,0.0,0.0,0.0,0.0,0.0,0.0,0.0,0.0,0.0,0.0,0.0,0.0,53.0,2.0,701.0,98.0,216.0,0.454,10.0,49.0,0.204,88.0,167.0,0.527,0.477,46.0,71.0,0.648,66.0,95.0,161.0,62.0,49.0,15.0,34.0,63.0,252.0,0.0,15.1,0.51,0.227,0.329,9.6,14.5,12.0,11.6,3.3,1.9,12.1,16.4,0.6,1.2,1.8,0.121,-1.1,1.8,0.7,0.5,0.0,2022
391,Udoka Azubuike,11.5,2.2,2.9,0.755,0.0,0.0,0.0,2.2,2.9,0.755,0.755,0.4,0.6,0.545,1.1,3.1,4.2,0.0,0.1,0.6,0.7,1.5,4.7,0.0,0.0,1000.0,0.0,0.0,0.0,0.0,0.0,0.0,0.0,0.0,0.0,0.0,0.0,0.0,0.0,17.0,6.0,195.0,37.0,49.0,0.755,0.0,0.0,0.0,37.0,49.0,0.755,0.755,6.0,11.0,0.545,18.0,53.0,71.0,0.0,1.0,11.0,12.0,25.0,80.0,0.0,17.6,0.743,0.0,0.224,10.5,28.8,19.9,0.0,0.3,5.0,18.2,14.7,0.3,0.3,0.6,0.157,-1.8,0.4,-1.4,0.0,0.0,2022
392,Greg Brown III,13.3,1.7,4.0,0.426,0.4,1.3,0.311,1.3,2.7,0.481,0.476,0.9,1.4,0.677,0.8,2.0,2.8,0.7,0.5,0.5,0.8,1.9,4.7,0.0,0.0,1000.0,0.0,0.0,0.0,0.0,0.0,0.0,0.0,0.0,0.0,0.0,0.0,0.0,0.0,48.0,6.0,640.0,81.0,190.0,0.426,19.0,61.0,0.311,62.0,129.0,0.481,0.476,44.0,65.0,0.677,38.0,97.0,135.0,35.0,26.0,24.0,36.0,90.0,225.0,0.0,11.0,0.515,0.321,0.342,6.3,17.3,11.6,8.1,2.0,3.7,14.1,17.2,-0.1,0.5,0.4,0.029,-4.0,-0.7,-4.7,-0.4,0.0,2022
393,David Duke Jr.,15.5,1.8,4.9,0.361,0.4,1.7,0.243,1.4,3.2,0.423,0.403,0.8,1.0,0.81,1.4,1.7,3.0,0.8,0.6,0.3,0.4,1.6,4.7,0.0,0.0,1000.0,0.0,0.0,0.0,0.0,0.0,0.0,0.0,0.0,0.0,0.0,0.0,0.0,0.0,22.0,7.0,341.0,39.0,108.0,0.361,9.0,37.0,0.243,30.0,71.0,0.423,0.403,17.0,21.0,0.81,30.0,37.0,67.0,17.0,14.0,7.0,9.0,36.0,104.0,0.0,10.0,0.444,0.343,0.194,9.8,11.5,10.7,6.6,2.0,1.8,7.1,15.9,0.0,0.3,0.3,0.048,-3.0,-0.9,-3.9,-0.2,0.0,2022
394,Cameron McGriff,15.3,1.7,4.7,0.357,0.7,2.0,0.333,1.0,2.7,0.375,0.429,0.7,0.7,1.0,2.0,3.0,5.0,1.0,0.0,0.3,0.0,2.3,4.7,0.0,0.0,1000.0,0.0,0.0,0.0,0.0,0.0,0.0,0.0,0.0,0.0,0.0,0.0,0.0,0.0,3.0,0.0,46.0,5.0,14.0,0.357,2.0,6.0,0.333,3.0,8.0,0.375,0.429,2.0,2.0,1.0,6.0,9.0,15.0,3.0,0.0,1.0,0.0,7.0,14.0,0.0,12.5,0.47,0.429,0.143,13.8,22.3,17.9,9.4,0.0,2.1,0.0,14.0,0.1,0.0,0.1,0.097,-1.0,-3.0,-4.0,0.0,0.0,2022
395,James Bouknight,9.8,1.6,4.5,0.348,0.5,1.6,0.347,1.0,3.0,0.348,0.408,0.9,1.0,0.871,0.7,1.0,1.7,0.8,0.2,0.0,0.5,0.9,4.6,0.0,0.0,1000.0,0.0,0.0,0.0,0.0,0.0,0.0,0.0,0.0,0.0,0.0,0.0,0.0,0.0,31.0,0.0,304.0,49.0,141.0,0.348,17.0,49.0,0.347,32.0,92.0,0.348,0.408,27.0,31.0,0.871,22.0,30.0,52.0,26.0,7.0,1.0,15.0,29.0,142.0,0.0,10.1,0.459,0.348,0.22,7.6,10.6,9.1,11.9,1.1,0.3,8.8,23.7,-0.1,0.1,0.0,0.001,-3.4,-3.7,-7.1,-0.4,0.0,2022
396,Maurice Harkless,18.4,1.8,3.9,0.459,0.7,2.1,0.307,1.1,1.7,0.65,0.544,0.4,0.6,0.714,0.3,2.1,2.4,0.5,0.6,0.5,0.7,1.6,4.6,0.0,0.0,1000.0,0.0,0.0,0.0,0.0,0.0,0.0,0.0,0.0,0.0,0.0,0.0,0.0,0.0,47.0,24.0,863.0,83.0,181.0,0.459,31.0,101.0,0.307,52.0,80.0,0.65,0.544,20.0,28.0,0.714,12.0,100.0,112.0,23.0,29.0,24.0,31.0,77.0,217.0,0.0,7.7,0.561,0.558,0.155,1.5,12.7,7.1,3.6,1.6,2.4,13.8,11.2,-0.1,0.6,0.5,0.026,-3.7,0.4,-3.3,-0.3,0.0,2022
397,Svi Mykhailiuk,12.8,1.6,4.2,0.389,0.7,2.4,0.306,0.9,1.8,0.5,0.476,0.6,0.7,0.865,0.4,1.3,1.6,0.8,0.5,0.1,0.6,1.0,4.6,0.0,0.0,1000.0,0.0,0.0,0.0,0.0,0.0,0.0,0.0,0.0,0.0,0.0,0.0,0.0,0.0,56.0,5.0,716.0,91.0,234.0,0.389,41.0,134.0,0.306,50.0,100.0,0.5,0.476,32.0,37.0,0.865,20.0,72.0,92.0,45.0,26.0,4.0,32.0,54.0,255.0,0.0,9.6,0.509,0.573,0.158,2.9,11.5,7.0,8.8,1.8,0.5,11.3,16.9,0.1,0.7,0.8,0.052,-2.7,-0.2,-2.9,-0.2,0.0,2022
398,Romeo Langford,16.1,1.7,4.0,0.435,0.6,1.8,0.341,1.1,2.2,0.509,0.51,0.5,0.9,0.548,0.6,1.6,2.3,0.4,0.5,0.3,0.3,1.0,4.5,0.0,0.0,1000.0,0.0,0.0,0.0,0.0,0.0,0.0,0.0,0.0,0.0,0.0,0.0,0.0,0.0,48.0,5.0,771.0,83.0,191.0,0.435,29.0,85.0,0.341,54.0,106.0,0.509,0.51,23.0,42.0,0.548,30.0,78.0,108.0,21.0,22.0,16.0,16.0,47.0,218.0,0.0,9.2,0.52,0.445,0.22,4.3,10.7,7.6,3.7,1.4,1.9,7.1,12.9,0.3,1.0,1.3,0.082,-2.3,1.0,-1.4,0.1,0.0,2022
399,Khem Birch,18.0,1.8,3.6,0.485,0.0,0.3,0.0,1.8,3.4,0.522,0.485,1.0,1.3,0.746,2.2,2.1,4.3,1.0,0.5,0.5,0.5,1.9,4.5,0.0,0.0,1000.0,0.0,0.0,0.0,0.0,0.0,0.0,0.0,0.0,0.0,0.0,0.0,0.0,0.0,55.0,28.0,991.0,97.0,200.0,0.485,0.0,14.0,0.0,97.0,186.0,0.522,0.485,53.0,71.0,0.746,122.0,117.0,239.0,56.0,30.0,26.0,29.0,104.0,247.0,0.0,13.2,0.534,0.07,0.355,12.7,13.5,13.1,7.6,1.5,2.6,11.1,11.2,1.5,1.1,2.6,0.126,-1.7,0.4,-1.3,0.2,0.0,2022
400,Marquese Chriss,10.2,1.8,3.9,0.463,0.2,0.7,0.32,1.6,3.2,0.495,0.493,0.6,1.0,0.667,1.0,2.1,3.0,0.5,0.4,0.4,0.5,1.9,4.5,0.0,0.0,1000.0,0.0,0.0,0.0,0.0,0.0,0.0,0.0,0.0,0.0,0.0,0.0,0.0,0.0,34.0,0.0,346.0,62.0,134.0,0.463,8.0,25.0,0.32,54.0,109.0,0.495,0.493,22.0,33.0,0.667,33.0,70.0,103.0,17.0,13.0,12.0,17.0,64.0,154.0,0.0,14.8,0.518,0.187,0.246,10.6,22.5,16.5,7.7,1.9,3.1,10.3,21.5,0.2,0.6,0.8,0.108,-3.8,0.0,-3.8,-0.2,0.0,2022
401,Louis King,10.4,1.5,4.7,0.319,0.8,2.7,0.296,0.7,2.0,0.35,0.404,0.7,1.0,0.7,0.0,1.2,1.2,0.9,0.2,0.1,0.0,1.4,4.5,0.0,0.0,1000.0,0.0,0.0,0.0,0.0,0.0,0.0,0.0,0.0,0.0,0.0,0.0,0.0,0.0,10.0,0.0,104.0,15.0,47.0,0.319,8.0,27.0,0.296,7.0,20.0,0.35,0.404,7.0,10.0,0.7,0.0,12.0,12.0,9.0,2.0,1.0,0.0,14.0,45.0,0.0,8.1,0.438,0.574,0.213,0.0,12.7,6.3,12.5,0.9,0.8,0.0,21.2,0.0,0.0,0.0,0.0,-3.0,-1.6,-4.6,-0.1,0.0,2022
402,Taj Gibson,18.2,1.7,3.2,0.518,0.3,0.7,0.395,1.4,2.5,0.555,0.563,0.8,1.0,0.808,1.7,2.7,4.4,0.6,0.4,0.8,0.5,2.6,4.4,0.0,0.0,1000.0,0.0,0.0,0.0,0.0,0.0,0.0,0.0,0.0,0.0,0.0,0.0,0.0,0.0,52.0,4.0,946.0,86.0,166.0,0.518,15.0,38.0,0.395,71.0,128.0,0.555,0.563,42.0,52.0,0.808,88.0,141.0,229.0,32.0,22.0,40.0,27.0,137.0,229.0,0.0,12.0,0.606,0.229,0.313,9.8,16.3,13.0,4.9,1.2,4.2,12.5,10.0,1.4,1.2,2.7,0.135,-3.0,1.0,-2.0,0.0,0.0,2022
403,Timothé Luwawu-Cabarrot,13.2,1.4,3.6,0.398,0.8,2.3,0.361,0.6,1.2,0.469,0.516,0.7,0.8,0.854,0.3,1.3,1.6,0.8,0.3,0.1,0.4,1.5,4.4,0.0,0.0,1000.0,0.0,0.0,0.0,0.0,0.0,0.0,0.0,0.0,0.0,0.0,0.0,0.0,0.0,52.0,18.0,685.0,74.0,186.0,0.398,44.0,122.0,0.361,30.0,64.0,0.469,0.516,35.0,41.0,0.854,17.0,65.0,82.0,40.0,18.0,6.0,20.0,76.0,227.0,0.0,9.3,0.556,0.656,0.22,2.7,10.3,6.6,7.7,1.3,0.8,8.9,14.3,0.6,0.3,0.9,0.061,-2.3,-1.0,-3.3,-0.2,0.0,2022
404,Moses Moody,11.7,1.5,3.5,0.437,0.8,2.1,0.364,0.8,1.4,0.548,0.546,0.5,0.7,0.778,0.3,1.2,1.5,0.4,0.1,0.2,0.3,0.8,4.4,0.0,0.0,1000.0,0.0,0.0,0.0,0.0,0.0,0.0,0.0,0.0,0.0,0.0,0.0,0.0,0.0,52.0,11.0,607.0,80.0,183.0,0.437,40.0,110.0,0.364,40.0,73.0,0.548,0.546,28.0,36.0,0.778,17.0,63.0,80.0,23.0,7.0,10.0,13.0,43.0,228.0,0.0,10.5,0.573,0.601,0.197,3.2,11.0,7.2,5.3,0.6,1.6,6.1,15.2,0.6,0.7,1.3,0.101,-1.4,-1.1,-2.5,-0.1,0.0,2022
405,Jabari Parker,9.3,1.5,3.2,0.474,0.7,1.3,0.5,0.8,1.8,0.455,0.579,0.8,0.8,1.0,0.4,1.9,2.3,0.5,0.3,0.1,0.7,1.1,4.4,0.0,0.0,1000.0,0.0,0.0,0.0,0.0,0.0,0.0,0.0,0.0,0.0,0.0,0.0,0.0,0.0,12.0,0.0,112.0,18.0,38.0,0.474,8.0,16.0,0.5,10.0,22.0,0.455,0.579,9.0,9.0,1.0,5.0,23.0,28.0,6.0,4.0,1.0,8.0,13.0,53.0,0.0,14.8,0.632,0.421,0.237,5.0,21.7,13.5,7.9,1.8,0.8,16.0,19.6,0.1,0.2,0.3,0.141,-0.3,1.1,0.7,0.1,0.0,2022
406,Davon Reed,13.9,1.7,3.4,0.503,0.8,1.8,0.43,0.9,1.6,0.587,0.618,0.2,0.3,0.667,0.3,2.0,2.3,1.1,0.5,0.2,0.3,1.3,4.4,0.0,0.0,1000.0,0.0,0.0,0.0,0.0,0.0,0.0,0.0,0.0,0.0,0.0,0.0,0.0,0.0,48.0,5.0,668.0,81.0,161.0,0.503,37.0,86.0,0.43,44.0,75.0,0.587,0.618,10.0,15.0,0.667,14.0,94.0,108.0,53.0,24.0,9.0,16.0,63.0,209.0,0.0,12.2,0.624,0.534,0.093,2.4,15.2,9.0,10.7,1.8,1.2,8.7,12.1,0.9,0.7,1.6,0.117,-0.6,0.3,-0.3,0.3,0.0,2022
407,Delon Wright,18.9,1.6,3.5,0.454,0.6,1.5,0.379,1.0,2.0,0.51,0.535,0.7,0.8,0.857,0.6,2.2,2.9,2.4,1.2,0.2,0.6,0.7,4.4,0.0,0.0,1000.0,0.0,0.0,0.0,0.0,0.0,0.0,0.0,0.0,0.0,0.0,0.0,0.0,0.0,77.0,8.0,1452.0,122.0,269.0,0.454,44.0,116.0,0.379,78.0,153.0,0.51,0.535,54.0,63.0,0.857,50.0,170.0,220.0,188.0,93.0,19.0,45.0,56.0,342.0,0.0,13.8,0.576,0.431,0.234,3.8,12.7,8.3,16.6,3.1,1.2,13.2,10.3,2.2,1.5,3.6,0.121,-0.2,2.4,2.2,1.6,0.0,2022
408,Moses Brown,8.6,1.6,2.7,0.593,0.0,0.0,0.0,1.6,2.7,0.593,0.593,1.1,1.8,0.597,1.0,2.4,3.4,0.0,0.2,0.4,0.5,1.3,4.3,0.0,0.0,1000.0,0.0,0.0,0.0,0.0,0.0,0.0,0.0,0.0,0.0,0.0,0.0,0.0,0.0,40.0,6.0,345.0,64.0,108.0,0.593,0.0,0.0,0.0,64.0,108.0,0.593,0.593,43.0,72.0,0.597,39.0,96.0,135.0,1.0,7.0,16.0,20.0,53.0,171.0,0.0,18.5,0.612,0.0,0.667,12.7,30.5,21.7,0.4,1.0,4.2,12.5,20.7,0.5,0.7,1.2,0.16,-2.4,-0.9,-3.3,-0.1,0.0,2022
409,DeAndre Jordan,13.0,1.9,3.0,0.643,0.0,0.0,0.0,1.9,3.0,0.643,0.643,0.5,0.8,0.55,1.7,3.8,5.5,0.4,0.3,0.7,0.8,1.5,4.3,0.0,0.0,1000.0,0.0,0.0,0.0,0.0,0.0,0.0,0.0,0.0,0.0,0.0,0.0,0.0,0.0,48.0,20.0,622.0,92.0,143.0,0.643,0.0,0.0,0.0,92.0,143.0,0.643,0.643,22.0,40.0,0.55,83.0,181.0,264.0,21.0,12.0,35.0,37.0,71.0,206.0,0.0,17.2,0.641,0.0,0.28,14.7,31.4,23.1,4.9,0.9,5.0,18.7,13.9,0.9,1.0,1.9,0.145,-1.5,0.1,-1.4,0.1,0.0,2022
410,Troy Brown Jr.,16.0,1.6,3.9,0.419,0.7,2.0,0.353,0.9,1.9,0.488,0.51,0.3,0.4,0.769,0.6,2.5,3.1,1.0,0.5,0.1,0.4,0.9,4.3,0.0,0.0,1000.0,0.0,0.0,0.0,0.0,0.0,0.0,0.0,0.0,0.0,0.0,0.0,0.0,0.0,66.0,7.0,1055.0,108.0,258.0,0.419,47.0,133.0,0.353,61.0,125.0,0.488,0.51,20.0,26.0,0.769,39.0,164.0,203.0,66.0,36.0,5.0,26.0,62.0,283.0,0.0,10.1,0.525,0.516,0.101,4.2,17.4,10.8,8.2,1.7,0.4,8.8,12.3,0.5,0.9,1.4,0.065,-1.7,-0.2,-1.8,0.1,0.0,2022
411,Mamadi Diakite,14.5,1.9,3.6,0.532,0.0,0.4,0.0,1.9,3.2,0.595,0.532,0.5,0.8,0.545,1.3,3.2,4.5,0.2,0.4,0.7,0.5,2.5,4.3,0.0,0.0,1000.0,0.0,0.0,0.0,0.0,0.0,0.0,0.0,0.0,0.0,0.0,0.0,0.0,0.0,13.0,3.0,188.0,25.0,47.0,0.532,0.0,5.0,0.0,25.0,42.0,0.595,0.532,6.0,11.0,0.545,17.0,42.0,59.0,2.0,5.0,9.0,7.0,33.0,56.0,0.0,11.6,0.54,0.106,0.234,9.2,23.3,16.1,1.6,1.3,4.5,11.9,13.5,0.1,0.3,0.3,0.08,-5.9,0.9,-5.0,-0.1,0.0,2022
412,Malachi Flynn,12.2,1.6,4.2,0.393,0.7,2.0,0.333,1.0,2.1,0.452,0.475,0.3,0.5,0.625,0.2,1.2,1.4,1.6,0.5,0.1,0.3,1.0,4.3,0.0,0.0,1000.0,0.0,0.0,0.0,0.0,0.0,0.0,0.0,0.0,0.0,0.0,0.0,0.0,0.0,44.0,5.0,537.0,72.0,183.0,0.393,30.0,90.0,0.333,42.0,93.0,0.452,0.475,15.0,24.0,0.625,10.0,53.0,63.0,70.0,20.0,4.0,13.0,45.0,189.0,0.0,11.7,0.488,0.492,0.131,1.9,11.3,6.4,18.5,1.9,0.7,6.3,16.5,0.5,0.5,1.0,0.092,-1.8,0.4,-1.5,0.1,0.0,2022
413,Boban Marjanović,5.6,1.8,3.0,0.6,0.0,0.2,0.25,1.8,2.9,0.621,0.607,0.6,1.0,0.591,0.3,1.3,1.7,0.1,0.0,0.1,0.7,1.0,4.3,0.0,0.0,1000.0,0.0,0.0,0.0,0.0,0.0,0.0,0.0,0.0,0.0,0.0,0.0,0.0,0.0,23.0,0.0,128.0,42.0,70.0,0.6,1.0,4.0,0.25,41.0,66.0,0.621,0.607,13.0,22.0,0.591,8.0,31.0,39.0,3.0,0.0,3.0,15.0,24.0,98.0,0.0,18.5,0.615,0.057,0.314,6.9,27.0,16.9,4.8,0.0,2.1,15.8,33.3,-0.1,0.2,0.1,0.045,-3.2,-1.2,-4.4,-0.1,0.0,2022
414,Trevelin Queen,7.4,1.5,3.3,0.455,0.9,2.4,0.375,0.6,0.9,0.667,0.591,0.4,0.4,1.0,0.7,0.9,1.6,0.4,0.5,0.1,0.7,0.6,4.3,0.0,0.0,1000.0,0.0,0.0,0.0,0.0,0.0,0.0,0.0,0.0,0.0,0.0,0.0,0.0,0.0,10.0,0.0,74.0,15.0,33.0,0.455,9.0,24.0,0.375,6.0,9.0,0.667,0.591,4.0,4.0,1.0,7.0,9.0,16.0,4.0,5.0,1.0,7.0,6.0,43.0,0.0,18.2,0.619,0.727,0.121,10.3,13.4,11.9,8.8,3.2,1.2,16.8,23.9,0.1,0.1,0.1,0.08,2.7,-0.8,1.9,0.1,0.0,2022
415,Yuta Watanabe,11.7,1.5,3.6,0.406,0.7,2.1,0.342,0.8,1.6,0.492,0.504,0.6,1.1,0.6,0.5,1.9,2.4,0.6,0.3,0.4,0.5,1.0,4.3,0.0,0.0,1000.0,0.0,0.0,0.0,0.0,0.0,0.0,0.0,0.0,0.0,0.0,0.0,0.0,0.0,38.0,4.0,445.0,56.0,138.0,0.406,27.0,79.0,0.342,29.0,59.0,0.492,0.504,24.0,40.0,0.6,18.0,74.0,92.0,21.0,11.0,16.0,19.0,38.0,163.0,0.0,11.5,0.524,0.572,0.29,4.2,19.0,11.2,6.6,1.2,3.5,10.9,16.8,0.1,0.6,0.7,0.075,-1.9,0.0,-2.0,0.0,0.0,2022
416,Rayjon Tucker,14.2,1.2,1.8,0.667,0.8,1.0,0.8,0.4,0.8,0.5,0.889,1.0,1.4,0.714,0.6,1.0,1.6,2.0,0.8,0.0,0.2,1.0,4.2,0.0,0.0,1000.0,0.0,0.0,0.0,0.0,0.0,0.0,0.0,0.0,0.0,0.0,0.0,0.0,0.0,5.0,0.0,71.0,6.0,9.0,0.667,4.0,5.0,0.8,2.0,4.0,0.5,0.889,5.0,7.0,0.714,3.0,5.0,8.0,10.0,4.0,0.0,1.0,5.0,21.0,0.0,17.7,0.869,0.556,0.778,4.7,7.5,6.1,18.1,2.7,0.0,7.6,7.9,0.3,0.1,0.4,0.243,2.3,1.2,3.5,0.1,0.0,2022
417,Jevon Carter,13.7,1.5,3.8,0.387,1.0,2.6,0.388,0.5,1.3,0.386,0.518,0.2,0.3,0.833,0.2,1.5,1.7,1.5,0.4,0.2,0.5,1.0,4.2,0.0,0.0,1000.0,0.0,0.0,0.0,0.0,0.0,0.0,0.0,0.0,0.0,0.0,0.0,0.0,0.0,66.0,3.0,905.0,98.0,253.0,0.387,66.0,170.0,0.388,32.0,83.0,0.386,0.518,15.0,18.0,0.833,14.0,96.0,110.0,96.0,24.0,14.0,34.0,67.0,277.0,0.0,9.6,0.531,0.672,0.071,1.7,11.2,6.6,14.0,1.3,1.4,11.5,14.0,0.5,0.7,1.2,0.062,-1.8,-0.4,-2.2,-0.1,0.0,2022
418,Sam Merrill,9.7,1.3,4.0,0.333,1.2,3.8,0.304,0.2,0.2,1.0,0.479,0.3,0.7,0.5,0.2,1.0,1.2,0.7,0.0,0.0,0.3,0.5,4.2,0.0,0.0,1000.0,0.0,0.0,0.0,0.0,0.0,0.0,0.0,0.0,0.0,0.0,0.0,0.0,0.0,6.0,0.0,58.0,8.0,24.0,0.333,7.0,23.0,0.304,1.0,1.0,1.0,0.479,2.0,4.0,0.5,1.0,6.0,7.0,4.0,0.0,0.0,2.0,3.0,25.0,0.0,7.5,0.485,0.958,0.167,1.8,11.1,6.3,9.0,0.0,0.0,7.2,19.6,0.0,0.0,0.0,0.029,-2.2,-3.4,-5.6,-0.1,0.0,2022
419,Lindell Wigginton,10.5,1.4,3.2,0.426,0.5,1.4,0.346,0.9,1.8,0.486,0.5,1.0,1.8,0.543,0.2,1.2,1.3,1.2,0.3,0.1,0.6,0.9,4.2,0.0,0.0,1000.0,0.0,0.0,0.0,0.0,0.0,0.0,0.0,0.0,0.0,0.0,0.0,0.0,0.0,19.0,0.0,199.0,26.0,61.0,0.426,9.0,26.0,0.346,17.0,35.0,0.486,0.5,19.0,35.0,0.543,3.0,22.0,25.0,23.0,5.0,1.0,12.0,17.0,80.0,0.0,10.2,0.524,0.426,0.574,1.6,11.5,6.7,15.7,1.2,0.5,13.6,19.0,0.0,0.1,0.2,0.044,-3.2,-1.9,-5.0,-0.2,0.0,2022
420,James Ennis III,8.0,1.6,3.4,0.458,0.4,1.1,0.375,1.1,2.3,0.5,0.521,0.6,0.7,0.8,0.7,1.0,1.7,0.4,0.3,0.3,0.3,0.7,4.1,0.0,0.0,1000.0,0.0,0.0,0.0,0.0,0.0,0.0,0.0,0.0,0.0,0.0,0.0,0.0,0.0,7.0,0.0,56.0,11.0,24.0,0.458,3.0,8.0,0.375,8.0,16.0,0.5,0.521,4.0,5.0,0.8,5.0,7.0,12.0,3.0,2.0,2.0,2.0,5.0,29.0,0.0,17.7,0.553,0.333,0.208,9.9,13.1,11.6,7.4,1.7,3.1,7.1,22.0,0.1,0.1,0.1,0.114,-0.1,-1.0,-1.1,0.0,0.0,2022
421,Mychal Mulder,14.1,1.4,4.5,0.312,1.0,3.2,0.315,0.4,1.4,0.304,0.422,0.2,0.2,1.0,0.1,1.3,1.4,0.3,0.2,0.1,0.5,0.8,4.1,0.0,0.0,1000.0,0.0,0.0,0.0,0.0,0.0,0.0,0.0,0.0,0.0,0.0,0.0,0.0,0.0,17.0,3.0,239.0,24.0,77.0,0.312,17.0,54.0,0.315,7.0,23.0,0.304,0.422,4.0,4.0,1.0,2.0,22.0,24.0,5.0,4.0,2.0,8.0,13.0,69.0,0.0,3.7,0.438,0.701,0.052,0.9,9.8,5.3,3.0,0.8,0.8,9.2,15.8,-0.4,0.1,-0.2,-0.05,-5.9,-1.8,-7.7,-0.3,0.0,2022
422,Santi Aldama,11.3,1.7,4.1,0.402,0.2,1.5,0.125,1.5,2.6,0.56,0.424,0.6,1.0,0.625,1.0,1.7,2.7,0.7,0.2,0.3,0.5,1.1,4.1,0.0,0.0,1000.0,0.0,0.0,0.0,0.0,0.0,0.0,0.0,0.0,0.0,0.0,0.0,0.0,0.0,32.0,0.0,360.0,53.0,132.0,0.402,6.0,48.0,0.125,47.0,84.0,0.56,0.424,20.0,32.0,0.625,33.0,54.0,87.0,21.0,6.0,10.0,16.0,36.0,132.0,0.0,10.2,0.452,0.364,0.242,9.4,16.1,12.6,7.7,0.8,2.5,9.9,18.4,-0.1,0.4,0.3,0.044,-4.2,-1.5,-5.7,-0.3,0.0,2022
423,Vlatko Čančar,11.7,1.5,2.7,0.561,0.5,0.8,0.583,1.1,1.9,0.552,0.646,0.6,0.9,0.643,0.5,1.5,2.1,1.1,0.1,0.2,0.6,1.2,4.1,0.0,0.0,1000.0,0.0,0.0,0.0,0.0,0.0,0.0,0.0,0.0,0.0,0.0,0.0,0.0,0.0,15.0,1.0,176.0,23.0,41.0,0.561,7.0,12.0,0.583,16.0,29.0,0.552,0.646,9.0,14.0,0.643,8.0,23.0,31.0,17.0,2.0,3.0,9.0,18.0,62.0,0.0,12.7,0.657,0.293,0.341,5.2,14.1,9.8,13.2,0.6,1.5,16.0,14.0,0.3,0.1,0.4,0.114,-0.9,-0.9,-1.7,0.0,0.0,2022
424,Anthony Gill,10.5,1.4,2.5,0.569,0.3,0.6,0.538,1.1,1.9,0.578,0.633,1.0,1.2,0.808,0.8,1.2,1.9,0.6,0.1,0.3,0.4,1.3,4.1,0.0,0.0,1000.0,0.0,0.0,0.0,0.0,0.0,0.0,0.0,0.0,0.0,0.0,0.0,0.0,0.0,44.0,0.0,463.0,62.0,109.0,0.569,14.0,26.0,0.538,48.0,83.0,0.578,0.633,42.0,52.0,0.808,33.0,52.0,85.0,27.0,5.0,11.0,18.0,58.0,180.0,0.0,14.7,0.682,0.239,0.477,8.0,12.2,10.2,8.3,0.5,2.0,12.0,14.4,1.1,0.2,1.4,0.14,-0.6,-1.3,-1.9,0.0,0.0,2022
425,Markus Howard,5.7,1.3,3.3,0.386,0.9,2.3,0.4,0.4,1.0,0.355,0.525,0.6,0.7,0.87,0.1,0.3,0.4,0.2,0.3,0.0,0.2,0.5,4.1,0.0,0.0,1000.0,0.0,0.0,0.0,0.0,0.0,0.0,0.0,0.0,0.0,0.0,0.0,0.0,0.0,31.0,0.0,176.0,39.0,101.0,0.386,28.0,70.0,0.4,11.0,31.0,0.355,0.525,20.0,23.0,0.87,2.0,10.0,12.0,7.0,9.0,0.0,7.0,17.0,126.0,0.0,16.1,0.567,0.693,0.228,1.3,6.1,3.8,6.2,2.5,0.0,5.9,29.4,0.1,0.2,0.3,0.082,0.8,-2.0,-1.2,0.0,0.0,2022
426,Frank Ntilikina,11.8,1.5,3.8,0.399,0.7,1.9,0.342,0.9,1.9,0.455,0.484,0.4,0.4,0.96,0.2,1.2,1.4,1.2,0.5,0.1,0.5,1.1,4.1,0.0,0.0,1000.0,0.0,0.0,0.0,0.0,0.0,0.0,0.0,0.0,0.0,0.0,0.0,0.0,0.0,58.0,5.0,685.0,89.0,223.0,0.399,38.0,111.0,0.342,51.0,112.0,0.455,0.484,24.0,25.0,0.96,12.0,67.0,79.0,69.0,27.0,7.0,31.0,61.0,240.0,0.0,10.4,0.513,0.498,0.112,1.9,10.9,6.4,14.7,2.0,0.9,11.7,17.4,0.1,0.9,0.9,0.065,-2.8,0.9,-1.9,0.0,0.0,2022
427,Juan Toscano-Anderson,13.6,1.6,3.2,0.489,0.4,1.2,0.322,1.2,2.0,0.588,0.549,0.5,1.0,0.571,0.4,2.0,2.4,1.7,0.7,0.2,0.9,1.6,4.1,0.0,0.0,1000.0,0.0,0.0,0.0,0.0,0.0,0.0,0.0,0.0,0.0,0.0,0.0,0.0,0.0,73.0,6.0,994.0,115.0,235.0,0.489,28.0,87.0,0.322,87.0,148.0,0.588,0.549,40.0,70.0,0.571,28.0,148.0,176.0,127.0,48.0,17.0,68.0,115.0,298.0,0.0,11.0,0.561,0.37,0.298,3.2,15.8,9.7,17.6,2.4,1.6,20.4,14.7,0.3,1.8,2.0,0.098,-3.3,2.4,-0.8,0.3,0.0,2022
428,Mac McClung,12.5,1.5,3.0,0.5,0.5,1.5,0.333,1.0,1.5,0.667,0.583,0.5,0.5,1.0,0.0,1.5,1.5,0.5,0.5,0.5,1.5,2.5,4.0,0.0,0.0,1000.0,0.0,0.0,0.0,0.0,0.0,0.0,0.0,0.0,0.0,0.0,0.0,0.0,0.0,2.0,0.0,25.0,3.0,6.0,0.5,1.0,3.0,0.333,2.0,3.0,0.667,0.583,1.0,1.0,1.0,0.0,3.0,3.0,1.0,1.0,1.0,3.0,5.0,8.0,0.0,5.2,0.621,0.5,0.167,0.0,12.9,6.5,5.2,1.9,3.6,31.8,16.3,0.0,0.0,0.0,-0.043,-8.4,-1.2,-9.6,0.0,0.0,2022
429,Trevor Ariza,19.3,1.4,4.1,0.333,0.8,3.1,0.27,0.5,1.0,0.52,0.434,0.4,0.8,0.556,0.4,3.0,3.4,1.1,0.5,0.3,0.5,0.8,4.0,0.0,0.0,1000.0,0.0,0.0,0.0,0.0,0.0,0.0,0.0,0.0,0.0,0.0,0.0,0.0,0.0,24.0,11.0,462.0,33.0,99.0,0.333,20.0,74.0,0.27,13.0,25.0,0.52,0.434,10.0,18.0,0.556,10.0,72.0,82.0,27.0,13.0,6.0,11.0,20.0,96.0,0.0,7.0,0.449,0.747,0.182,2.3,16.7,9.5,7.5,1.3,1.2,9.3,11.0,-0.2,0.4,0.2,0.02,-3.3,-0.2,-3.4,-0.2,0.0,2022
430,Scotty Hopson,18.0,2.0,4.0,0.5,0.0,1.0,0.0,2.0,3.0,0.667,0.5,0.0,0.0,0.0,0.0,1.0,1.0,1.0,0.0,0.0,2.0,1.0,4.0,0.0,0.0,1000.0,0.0,0.0,0.0,0.0,0.0,0.0,0.0,0.0,0.0,0.0,0.0,0.0,0.0,1.0,0.0,18.0,2.0,4.0,0.5,0.0,1.0,0.0,2.0,3.0,0.667,0.5,0.0,0.0,0.0,0.0,1.0,1.0,1.0,0.0,0.0,2.0,1.0,4.0,0.0,0.1,0.5,0.25,0.0,0.0,5.8,2.9,8.1,0.0,0.0,33.3,14.4,-0.1,0.0,0.0,-0.132,-8.7,-2.9,-11.6,0.0,0.0,2022
431,Andre Iguodala,19.5,1.5,3.9,0.38,0.5,2.4,0.23,0.9,1.5,0.617,0.45,0.5,0.6,0.75,0.7,2.5,3.2,3.7,0.9,0.7,0.9,1.1,4.0,0.0,0.0,1000.0,0.0,0.0,0.0,0.0,0.0,0.0,0.0,0.0,0.0,0.0,0.0,0.0,0.0,31.0,0.0,603.0,46.0,121.0,0.38,17.0,74.0,0.23,29.0,47.0,0.617,0.45,15.0,20.0,0.75,21.0,79.0,100.0,114.0,27.0,22.0,28.0,34.0,124.0,0.0,12.3,0.478,0.612,0.165,3.9,13.9,9.1,24.7,2.2,3.5,17.7,11.4,0.5,1.1,1.6,0.125,-0.9,3.7,2.7,0.7,0.0,2022
432,Micah Potter,10.3,1.7,3.7,0.455,0.0,0.7,0.0,1.7,3.0,0.556,0.455,0.7,0.7,1.0,1.3,1.7,3.0,0.0,0.3,0.3,0.3,1.3,4.0,0.0,0.0,1000.0,0.0,0.0,0.0,0.0,0.0,0.0,0.0,0.0,0.0,0.0,0.0,0.0,0.0,3.0,0.0,31.0,5.0,11.0,0.455,0.0,2.0,0.0,5.0,9.0,0.556,0.455,2.0,2.0,1.0,4.0,5.0,9.0,0.0,1.0,1.0,1.0,4.0,12.0,0.0,13.6,0.505,0.182,0.182,13.3,18.4,15.7,0.0,1.6,2.9,7.8,17.8,0.0,0.0,0.0,0.073,-4.0,-3.0,-7.1,0.0,0.0,2022
433,Matt Thomas,11.5,1.4,3.4,0.41,0.9,2.3,0.385,0.5,1.1,0.465,0.541,0.4,0.5,0.8,0.1,1.2,1.3,0.5,0.2,0.1,0.2,0.5,4.0,0.0,0.0,1000.0,0.0,0.0,0.0,0.0,0.0,0.0,0.0,0.0,0.0,0.0,0.0,0.0,0.0,40.0,0.0,459.0,55.0,134.0,0.41,35.0,91.0,0.385,20.0,43.0,0.465,0.541,16.0,20.0,0.8,3.0,47.0,50.0,20.0,8.0,3.0,8.0,18.0,161.0,0.0,9.9,0.564,0.679,0.149,0.7,11.5,6.1,5.8,0.9,0.6,5.3,14.5,0.3,0.2,0.6,0.058,-1.2,-1.5,-2.6,-0.1,0.0,2022
434,Gabe York,10.5,1.0,3.5,0.286,0.5,3.0,0.167,0.5,0.5,1.0,0.357,1.5,2.5,0.6,0.0,1.0,1.0,2.0,1.0,0.5,0.5,2.0,4.0,0.0,0.0,1000.0,0.0,0.0,0.0,0.0,0.0,0.0,0.0,0.0,0.0,0.0,0.0,0.0,0.0,2.0,0.0,21.0,2.0,7.0,0.286,1.0,6.0,0.167,1.0,1.0,1.0,0.357,3.0,5.0,0.6,0.0,2.0,2.0,4.0,2.0,1.0,1.0,4.0,8.0,0.0,12.7,0.435,0.857,0.714,0.0,10.8,5.3,25.1,4.7,4.1,9.8,20.8,0.0,0.0,0.0,0.059,-3.7,2.2,-1.5,0.0,0.0,2022
435,Didi Louzada,14.3,1.3,3.7,0.364,1.0,2.6,0.391,0.3,1.1,0.3,0.5,0.2,0.2,1.0,0.6,1.3,1.9,0.6,0.2,0.2,0.6,1.4,3.9,0.0,0.0,1000.0,0.0,0.0,0.0,0.0,0.0,0.0,0.0,0.0,0.0,0.0,0.0,0.0,0.0,9.0,1.0,129.0,12.0,33.0,0.364,9.0,23.0,0.391,3.0,10.0,0.3,0.5,2.0,2.0,1.0,5.0,12.0,17.0,5.0,2.0,2.0,5.0,13.0,35.0,0.0,6.4,0.517,0.697,0.061,4.1,10.6,7.2,5.3,0.8,1.5,12.9,13.0,0.0,0.0,0.0,-0.005,-4.1,-3.4,-7.5,-0.2,0.0,2022
436,Kyle Guy,9.8,1.4,3.4,0.4,0.7,2.1,0.35,0.6,1.3,0.48,0.508,0.4,0.6,0.667,0.2,0.7,0.9,0.9,0.4,0.1,0.7,0.6,3.9,0.0,0.0,1000.0,0.0,0.0,0.0,0.0,0.0,0.0,0.0,0.0,0.0,0.0,0.0,0.0,0.0,19.0,0.0,186.0,26.0,65.0,0.4,14.0,40.0,0.35,12.0,25.0,0.48,0.508,8.0,12.0,0.667,4.0,13.0,17.0,17.0,7.0,1.0,13.0,12.0,74.0,0.0,9.5,0.526,0.615,0.185,2.5,7.8,5.2,13.5,1.9,0.6,15.6,19.9,-0.1,0.2,0.1,0.035,-3.1,-0.3,-3.4,-0.1,0.0,2022
437,Malcolm Hill,11.2,1.3,2.7,0.462,0.7,1.9,0.361,0.6,0.8,0.688,0.587,0.6,0.7,0.786,0.6,1.3,1.8,0.4,0.4,0.2,0.2,1.3,3.8,0.0,0.0,1000.0,0.0,0.0,0.0,0.0,0.0,0.0,0.0,0.0,0.0,0.0,0.0,0.0,0.0,19.0,0.0,212.0,24.0,52.0,0.462,13.0,36.0,0.361,11.0,16.0,0.688,0.587,11.0,14.0,0.786,11.0,24.0,35.0,8.0,7.0,3.0,3.0,24.0,72.0,0.0,12.7,0.619,0.692,0.269,5.8,12.6,9.2,5.0,1.6,1.2,4.9,12.7,0.4,0.2,0.6,0.126,-1.1,-0.5,-1.6,0.0,0.0,2022
438,Jared Butler,8.6,1.5,3.6,0.404,0.7,2.1,0.318,0.8,1.5,0.524,0.497,0.3,0.4,0.688,0.1,1.0,1.1,1.5,0.4,0.2,0.8,1.1,3.8,0.0,0.0,1000.0,0.0,0.0,0.0,0.0,0.0,0.0,0.0,0.0,0.0,0.0,0.0,0.0,0.0,42.0,1.0,360.0,61.0,151.0,0.404,28.0,88.0,0.318,33.0,63.0,0.524,0.497,11.0,16.0,0.688,5.0,40.0,45.0,63.0,17.0,8.0,33.0,47.0,161.0,0.0,12.1,0.509,0.583,0.106,1.6,11.8,6.8,26.0,2.3,2.0,17.3,23.1,0.0,0.5,0.4,0.057,-2.3,0.7,-1.6,0.0,0.0,2022
439,Sandro Mamukelashvili,9.9,1.4,2.8,0.496,0.5,1.3,0.423,0.9,1.5,0.556,0.591,0.4,0.5,0.818,0.9,1.1,2.0,0.5,0.2,0.2,0.4,0.7,3.8,0.0,0.0,1000.0,0.0,0.0,0.0,0.0,0.0,0.0,0.0,0.0,0.0,0.0,0.0,0.0,0.0,41.0,3.0,407.0,57.0,115.0,0.496,22.0,52.0,0.423,35.0,63.0,0.556,0.591,18.0,22.0,0.818,35.0,47.0,82.0,22.0,9.0,9.0,15.0,28.0,154.0,0.0,14.7,0.618,0.452,0.191,9.3,12.0,10.7,7.4,1.1,2.1,10.7,14.6,0.8,0.3,1.1,0.135,0.6,-1.0,-0.3,0.2,0.0,2022
440,Jordan McLaughlin,14.5,1.4,3.2,0.44,0.4,1.4,0.318,1.0,1.9,0.53,0.508,0.5,0.6,0.75,0.4,1.2,1.5,2.9,0.9,0.2,0.6,0.9,3.8,0.0,0.0,1000.0,0.0,0.0,0.0,0.0,0.0,0.0,0.0,0.0,0.0,0.0,0.0,0.0,0.0,62.0,3.0,902.0,88.0,200.0,0.44,27.0,85.0,0.318,61.0,115.0,0.53,0.508,30.0,40.0,0.75,22.0,72.0,94.0,180.0,57.0,10.0,38.0,54.0,233.0,0.0,13.4,0.535,0.425,0.2,2.6,8.8,5.6,26.1,3.0,1.1,14.9,11.8,1.3,1.0,2.3,0.123,-1.2,1.6,0.4,0.6,0.0,2022
441,Aaron Nesmith,11.0,1.4,3.5,0.396,0.6,2.2,0.27,0.8,1.3,0.612,0.481,0.4,0.5,0.808,0.3,1.4,1.7,0.4,0.4,0.1,0.6,1.3,3.8,0.0,0.0,1000.0,0.0,0.0,0.0,0.0,0.0,0.0,0.0,0.0,0.0,0.0,0.0,0.0,0.0,52.0,3.0,574.0,72.0,182.0,0.396,31.0,115.0,0.27,41.0,67.0,0.612,0.481,21.0,26.0,0.808,15.0,74.0,89.0,22.0,20.0,5.0,31.0,70.0,196.0,0.0,7.3,0.507,0.632,0.143,2.9,13.6,8.4,5.4,1.7,0.8,13.8,17.2,-0.4,0.9,0.4,0.038,-4.9,0.7,-4.3,-0.3,0.0,2022
442,Jamorko Pickett,13.5,1.4,3.8,0.36,1.0,3.0,0.333,0.4,0.8,0.455,0.49,0.1,0.2,0.5,0.5,2.0,2.5,0.5,0.0,0.5,0.4,0.9,3.8,0.0,0.0,1000.0,0.0,0.0,0.0,0.0,0.0,0.0,0.0,0.0,0.0,0.0,0.0,0.0,0.0,13.0,0.0,176.0,18.0,50.0,0.36,13.0,39.0,0.333,5.0,11.0,0.455,0.49,1.0,2.0,0.5,6.0,26.0,32.0,7.0,0.0,7.0,5.0,12.0,50.0,0.0,7.6,0.491,0.78,0.04,3.5,16.8,9.8,5.8,0.0,3.6,8.9,13.6,0.0,0.1,0.1,0.015,-2.8,-2.1,-5.0,-0.1,0.0,2022
443,Admiral Schofield,12.3,1.4,3.4,0.419,0.7,2.1,0.329,0.7,1.3,0.56,0.519,0.3,0.4,0.8,0.4,1.9,2.3,0.7,0.1,0.1,0.6,1.5,3.8,0.0,0.0,1000.0,0.0,0.0,0.0,0.0,0.0,0.0,0.0,0.0,0.0,0.0,0.0,0.0,0.0,38.0,1.0,469.0,54.0,129.0,0.419,26.0,79.0,0.329,28.0,50.0,0.56,0.519,12.0,15.0,0.8,17.0,72.0,89.0,25.0,4.0,5.0,21.0,58.0,146.0,0.0,7.5,0.538,0.612,0.116,3.8,16.3,10.0,7.9,0.4,1.0,13.4,14.5,-0.1,0.3,0.3,0.027,-4.2,-1.2,-5.4,-0.4,0.0,2022
444,Cheick Diallo,10.3,1.0,2.7,0.375,0.0,0.0,0.0,1.0,2.7,0.375,0.375,1.7,2.0,0.833,1.3,2.7,4.0,0.0,0.3,0.0,0.3,2.0,3.7,0.0,0.0,1000.0,0.0,0.0,0.0,0.0,0.0,0.0,0.0,0.0,0.0,0.0,0.0,0.0,0.0,3.0,0.0,31.0,3.0,8.0,0.375,0.0,0.0,0.0,3.0,8.0,0.375,0.375,5.0,6.0,0.833,4.0,8.0,12.0,0.0,1.0,0.0,1.0,6.0,11.0,0.0,12.3,0.517,0.0,0.75,13.3,29.4,20.9,0.0,1.6,0.0,8.6,16.1,0.0,0.0,0.1,0.108,-4.2,-3.3,-7.5,0.0,0.0,2022
445,Enes Freedom,11.7,1.5,2.8,0.526,0.1,0.1,0.4,1.4,2.6,0.533,0.536,0.7,0.8,0.857,1.7,2.8,4.6,0.2,0.1,0.4,0.6,1.2,3.7,0.0,0.0,1000.0,0.0,0.0,0.0,0.0,0.0,0.0,0.0,0.0,0.0,0.0,0.0,0.0,0.0,35.0,1.0,411.0,51.0,97.0,0.526,2.0,5.0,0.4,49.0,92.0,0.533,0.536,24.0,28.0,0.857,61.0,99.0,160.0,8.0,5.0,14.0,20.0,42.0,128.0,0.0,15.0,0.585,0.052,0.289,16.5,25.4,21.0,2.7,0.6,3.1,15.5,13.9,0.6,0.7,1.4,0.16,-1.2,-0.2,-1.4,0.1,0.0,2022
446,Nathan Knight,7.2,1.2,2.4,0.511,0.1,0.4,0.308,1.1,2.0,0.547,0.534,1.2,1.6,0.733,0.9,1.4,2.3,0.6,0.2,0.2,0.5,1.1,3.7,0.0,0.0,1000.0,0.0,0.0,0.0,0.0,0.0,0.0,0.0,0.0,0.0,0.0,0.0,0.0,0.0,37.0,2.0,267.0,45.0,88.0,0.511,4.0,13.0,0.308,41.0,75.0,0.547,0.534,44.0,60.0,0.733,32.0,53.0,85.0,22.0,7.0,8.0,18.0,42.0,138.0,0.0,18.7,0.603,0.148,0.682,12.5,21.8,17.1,11.9,1.2,2.9,13.6,20.7,0.6,0.3,1.0,0.171,-0.7,0.1,-0.6,0.1,0.0,2022
447,KZ Okpala,11.6,1.4,3.3,0.435,0.4,1.2,0.346,1.0,2.0,0.488,0.5,0.4,0.5,0.727,0.5,1.4,2.0,0.7,0.2,0.3,0.2,1.2,3.7,0.0,0.0,1000.0,0.0,0.0,0.0,0.0,0.0,0.0,0.0,0.0,0.0,0.0,0.0,0.0,0.0,21.0,0.0,244.0,30.0,69.0,0.435,9.0,26.0,0.346,21.0,43.0,0.488,0.5,8.0,11.0,0.727,11.0,30.0,41.0,14.0,4.0,7.0,5.0,25.0,77.0,0.0,10.4,0.521,0.377,0.159,5.2,13.7,9.5,8.3,0.8,3.0,6.3,14.4,0.2,0.3,0.5,0.097,-3.2,0.4,-2.8,-0.1,0.0,2022
448,Brad Wanamaker,13.9,1.2,3.3,0.364,0.2,0.7,0.235,1.0,2.6,0.4,0.39,1.0,1.1,0.92,0.3,1.4,1.7,2.4,0.3,0.3,1.0,2.0,3.6,0.0,0.0,1000.0,0.0,0.0,0.0,0.0,0.0,0.0,0.0,0.0,0.0,0.0,0.0,0.0,0.0,23.0,2.0,320.0,28.0,77.0,0.364,4.0,17.0,0.235,24.0,60.0,0.4,0.39,23.0,25.0,0.92,6.0,33.0,39.0,55.0,7.0,6.0,23.0,45.0,83.0,0.0,7.5,0.472,0.221,0.325,2.1,11.6,6.8,22.4,1.1,1.6,20.7,14.9,-0.1,0.1,0.0,0.004,-5.3,-0.5,-5.8,-0.3,0.0,2022
449,Tomáš Satoranský,16.5,1.3,3.5,0.377,0.2,1.0,0.208,1.1,2.5,0.442,0.406,0.8,1.0,0.796,0.5,1.8,2.3,3.3,0.5,0.1,0.8,1.3,3.6,0.0,0.0,1000.0,0.0,0.0,0.0,0.0,0.0,0.0,0.0,0.0,0.0,0.0,0.0,0.0,0.0,55.0,13.0,906.0,72.0,191.0,0.377,11.0,53.0,0.208,61.0,138.0,0.442,0.406,43.0,54.0,0.796,27.0,99.0,126.0,184.0,29.0,5.0,46.0,71.0,198.0,0.0,10.2,0.461,0.277,0.283,3.3,12.1,7.7,27.0,1.6,0.5,17.6,12.6,0.5,0.6,1.0,0.056,-3.3,-0.3,-3.7,-0.4,0.0,2022
450,Thanasis Antetokounmpo,9.9,1.5,2.7,0.547,0.0,0.3,0.143,1.4,2.4,0.596,0.555,0.6,1.0,0.63,0.8,1.3,2.1,0.5,0.3,0.3,0.5,1.4,3.6,0.0,0.0,1000.0,0.0,0.0,0.0,0.0,0.0,0.0,0.0,0.0,0.0,0.0,0.0,0.0,0.0,48.0,6.0,473.0,70.0,128.0,0.547,2.0,14.0,0.143,68.0,114.0,0.596,0.555,29.0,46.0,0.63,40.0,61.0,101.0,22.0,16.0,12.0,26.0,68.0,171.0,0.0,12.5,0.577,0.109,0.359,9.2,13.4,11.3,6.5,1.6,2.4,14.9,15.7,0.4,0.5,0.9,0.095,-3.5,-0.1,-3.5,-0.2,0.0,2022
451,Isaiah Joe,11.1,1.1,3.2,0.35,0.8,2.5,0.333,0.3,0.8,0.405,0.477,0.5,0.6,0.935,0.1,0.9,1.0,0.6,0.3,0.1,0.3,0.9,3.6,0.0,0.0,1000.0,0.0,0.0,0.0,0.0,0.0,0.0,0.0,0.0,0.0,0.0,0.0,0.0,0.0,55.0,1.0,609.0,62.0,177.0,0.35,45.0,135.0,0.333,17.0,42.0,0.405,0.477,29.0,31.0,0.935,6.0,50.0,56.0,35.0,14.0,3.0,19.0,47.0,198.0,0.0,7.7,0.519,0.763,0.175,1.1,9.0,5.1,8.1,1.1,0.4,9.1,15.5,0.0,0.4,0.4,0.035,-3.1,-1.5,-4.6,-0.4,0.0,2022
452,Tony Snell,15.5,1.3,3.2,0.404,0.8,2.4,0.352,0.5,0.8,0.558,0.535,0.1,0.1,1.0,0.3,1.6,1.9,0.5,0.3,0.2,0.4,1.3,3.5,0.0,0.0,1000.0,0.0,0.0,0.0,0.0,0.0,0.0,0.0,0.0,0.0,0.0,0.0,0.0,0.0,53.0,12.0,823.0,69.0,171.0,0.404,45.0,128.0,0.352,24.0,43.0,0.558,0.535,4.0,4.0,1.0,16.0,87.0,103.0,28.0,16.0,9.0,19.0,70.0,187.0,0.0,6.3,0.541,0.749,0.023,2.1,12.0,6.9,4.7,1.0,1.1,9.9,10.1,0.2,0.2,0.4,0.023,-3.4,-0.8,-4.2,-0.5,0.0,2022
453,Elijah Hughes,12.1,1.3,4.0,0.326,0.7,2.6,0.263,0.6,1.4,0.449,0.413,0.2,0.3,0.778,0.2,1.4,1.6,0.6,0.4,0.2,0.5,1.1,3.5,0.0,0.0,1000.0,0.0,0.0,0.0,0.0,0.0,0.0,0.0,0.0,0.0,0.0,0.0,0.0,0.0,36.0,4.0,434.0,47.0,144.0,0.326,25.0,95.0,0.263,22.0,49.0,0.449,0.413,7.0,9.0,0.778,6.0,52.0,58.0,22.0,14.0,8.0,17.0,39.0,126.0,0.0,5.4,0.426,0.66,0.063,1.5,13.4,7.3,7.2,1.6,1.8,10.3,16.5,-0.6,0.3,-0.4,-0.043,-5.2,-1.7,-6.9,-0.5,0.0,2022
454,Paul Millsap,11.4,1.4,3.5,0.391,0.2,1.1,0.229,1.1,2.4,0.463,0.426,0.5,0.7,0.708,1.2,2.2,3.5,0.9,0.3,0.4,0.6,2.0,3.5,0.0,0.0,1000.0,0.0,0.0,0.0,0.0,0.0,0.0,0.0,0.0,0.0,0.0,0.0,0.0,0.0,33.0,1.0,376.0,45.0,115.0,0.391,8.0,35.0,0.229,37.0,80.0,0.463,0.426,17.0,24.0,0.708,41.0,73.0,114.0,29.0,10.0,13.0,19.0,67.0,115.0,0.0,10.8,0.458,0.304,0.209,12.3,20.7,16.6,10.4,1.3,3.1,13.1,16.7,0.0,0.5,0.5,0.061,-3.7,0.2,-3.5,-0.1,0.0,2022
455,Jarrett Culver,9.1,1.4,3.6,0.378,0.3,1.3,0.255,1.1,2.4,0.443,0.422,0.4,0.9,0.471,0.4,0.9,1.3,0.9,0.5,0.1,0.5,1.1,3.5,0.0,0.0,1000.0,0.0,0.0,0.0,0.0,0.0,0.0,0.0,0.0,0.0,0.0,0.0,0.0,0.0,37.0,0.0,338.0,51.0,135.0,0.378,12.0,47.0,0.255,39.0,88.0,0.443,0.422,16.0,34.0,0.471,13.0,35.0,48.0,33.0,20.0,5.0,20.0,42.0,130.0,0.0,8.7,0.433,0.348,0.252,3.9,11.1,7.4,13.0,2.8,1.3,11.8,20.6,-0.4,0.5,0.1,0.012,-5.7,0.3,-5.4,-0.3,0.0,2022
456,Gorgui Dieng,8.4,1.2,2.5,0.473,0.7,1.5,0.426,0.5,1.0,0.545,0.603,0.4,0.6,0.731,0.7,2.0,2.8,0.8,0.3,0.3,0.5,1.2,3.5,0.0,0.0,1000.0,0.0,0.0,0.0,0.0,0.0,0.0,0.0,0.0,0.0,0.0,0.0,0.0,0.0,44.0,3.0,371.0,53.0,112.0,0.473,29.0,68.0,0.426,24.0,44.0,0.545,0.603,19.0,26.0,0.731,32.0,89.0,121.0,34.0,11.0,13.0,20.0,52.0,154.0,0.0,17.3,0.624,0.607,0.232,9.5,26.1,17.8,12.7,1.5,3.1,13.9,16.9,0.8,0.4,1.2,0.155,1.4,0.8,2.1,0.4,0.0,2022
457,Alfonzo McKinnie,12.1,1.4,3.6,0.393,0.5,1.6,0.333,0.9,2.0,0.441,0.467,0.1,0.5,0.25,0.8,1.2,1.9,0.3,0.1,0.2,0.4,1.5,3.5,0.0,0.0,1000.0,0.0,0.0,0.0,0.0,0.0,0.0,0.0,0.0,0.0,0.0,0.0,0.0,0.0,17.0,3.0,206.0,24.0,61.0,0.393,9.0,27.0,0.333,15.0,34.0,0.441,0.467,2.0,8.0,0.25,13.0,20.0,33.0,5.0,2.0,3.0,7.0,26.0,59.0,0.0,5.6,0.457,0.443,0.131,7.1,10.9,9.0,3.2,0.5,1.3,9.8,15.3,-0.2,0.1,-0.1,-0.015,-5.6,-3.4,-9.0,-0.4,0.0,2022
458,Kent Bazemore,14.0,1.2,3.6,0.324,0.7,2.1,0.363,0.4,1.5,0.271,0.428,0.3,0.4,0.765,0.3,1.4,1.8,0.9,0.6,0.2,0.5,1.8,3.4,0.0,0.0,1000.0,0.0,0.0,0.0,0.0,0.0,0.0,0.0,0.0,0.0,0.0,0.0,0.0,0.0,39.0,14.0,545.0,45.0,139.0,0.324,29.0,80.0,0.363,16.0,59.0,0.271,0.428,13.0,17.0,0.765,13.0,56.0,69.0,34.0,25.0,9.0,21.0,70.0,132.0,0.0,6.0,0.451,0.576,0.122,2.6,11.0,6.8,8.1,2.2,1.5,12.5,13.2,-0.4,0.5,0.1,0.006,-5.1,0.8,-4.3,-0.3,0.0,2022
459,Tyler Cook,10.0,1.2,1.9,0.605,0.0,0.0,0.0,1.2,1.9,0.605,0.605,1.1,1.6,0.656,0.8,1.9,2.7,0.2,0.2,0.2,0.4,1.4,3.4,0.0,0.0,1000.0,0.0,0.0,0.0,0.0,0.0,0.0,0.0,0.0,0.0,0.0,0.0,0.0,0.0,20.0,2.0,200.0,23.0,38.0,0.605,0.0,0.0,0.0,23.0,38.0,0.605,0.605,21.0,32.0,0.656,16.0,37.0,53.0,3.0,4.0,4.0,7.0,28.0,67.0,0.0,13.0,0.643,0.0,0.842,9.1,20.7,14.9,2.0,1.0,1.7,11.8,13.0,0.4,0.2,0.5,0.127,-3.0,-1.1,-4.1,-0.1,0.0,2022
460,Nerlens Noel,22.5,1.3,2.4,0.533,0.0,0.1,0.0,1.3,2.3,0.561,0.533,0.8,1.2,0.7,1.9,3.7,5.6,0.9,1.2,1.2,0.8,2.7,3.4,0.0,0.0,1000.0,0.0,0.0,0.0,0.0,0.0,0.0,0.0,0.0,0.0,0.0,0.0,0.0,0.0,25.0,11.0,562.0,32.0,60.0,0.533,0.0,3.0,0.0,32.0,57.0,0.561,0.533,21.0,30.0,0.7,48.0,93.0,141.0,23.0,30.0,31.0,20.0,67.0,85.0,0.0,11.8,0.581,0.05,0.5,9.0,18.1,13.5,5.7,2.7,5.4,21.5,7.3,0.4,1.0,1.5,0.128,-3.1,3.3,0.3,0.3,0.0,2022
461,Paul Watson,17.3,1.3,3.9,0.343,0.7,2.9,0.231,0.7,1.0,0.667,0.429,0.1,0.2,0.5,0.3,2.7,3.0,0.9,0.3,0.3,0.4,1.1,3.4,0.0,0.0,1000.0,0.0,0.0,0.0,0.0,0.0,0.0,0.0,0.0,0.0,0.0,0.0,0.0,0.0,9.0,3.0,156.0,12.0,35.0,0.343,6.0,26.0,0.231,6.0,9.0,0.667,0.429,1.0,2.0,0.5,3.0,24.0,27.0,8.0,3.0,3.0,4.0,10.0,31.0,0.0,5.7,0.432,0.743,0.057,1.9,16.1,8.9,7.2,0.9,1.8,10.0,11.0,-0.1,0.1,0.0,0.001,-4.8,-0.6,-5.4,-0.1,0.0,2022
462,Juancho Hernangómez,11.1,1.1,2.7,0.415,0.6,1.7,0.348,0.5,0.9,0.541,0.528,0.5,0.9,0.559,0.7,1.8,2.5,0.5,0.4,0.3,0.4,0.6,3.3,0.0,0.0,1000.0,0.0,0.0,0.0,0.0,0.0,0.0,0.0,0.0,0.0,0.0,0.0,0.0,0.0,40.0,9.0,445.0,44.0,106.0,0.415,24.0,69.0,0.348,20.0,37.0,0.541,0.528,19.0,34.0,0.559,28.0,72.0,100.0,20.0,14.0,10.0,16.0,25.0,131.0,0.0,11.5,0.542,0.651,0.321,7.0,17.1,12.2,6.0,1.6,2.0,11.7,13.4,0.3,0.6,0.9,0.095,-0.7,0.1,-0.6,0.2,0.0,2022
463,Semi Ojeleye,13.5,1.0,3.3,0.303,0.5,1.7,0.3,0.5,1.6,0.306,0.379,0.8,1.0,0.793,0.9,1.6,2.5,0.3,0.2,0.2,0.3,1.0,3.3,0.0,0.0,1000.0,0.0,0.0,0.0,0.0,0.0,0.0,0.0,0.0,0.0,0.0,0.0,0.0,0.0,30.0,0.0,406.0,30.0,99.0,0.303,15.0,50.0,0.3,15.0,49.0,0.306,0.379,23.0,29.0,0.793,27.0,47.0,74.0,9.0,7.0,6.0,9.0,30.0,98.0,0.0,6.7,0.438,0.505,0.293,7.2,12.0,9.7,2.9,0.8,1.4,7.5,12.8,-0.1,0.3,0.2,0.029,-4.1,-1.6,-5.7,-0.4,0.0,2022
464,Tremont Waters,16.7,1.3,4.7,0.286,0.7,3.0,0.222,0.7,1.7,0.4,0.357,0.0,0.0,0.0,0.0,1.3,1.3,2.3,1.7,0.0,1.3,1.3,3.3,0.0,0.0,1000.0,0.0,0.0,0.0,0.0,0.0,0.0,0.0,0.0,0.0,0.0,0.0,0.0,0.0,3.0,0.0,50.0,4.0,14.0,0.286,2.0,9.0,0.222,2.0,5.0,0.4,0.357,0.0,0.0,0.0,0.0,4.0,4.0,7.0,5.0,0.0,4.0,4.0,10.0,0.0,5.4,0.357,0.643,0.0,0.0,9.2,4.3,18.2,5.0,0.0,22.2,15.5,-0.1,0.1,0.0,-0.042,-7.8,0.1,-7.7,-0.1,0.0,2022
465,Tim Frazier,17.3,1.2,3.8,0.311,0.5,1.4,0.353,0.7,2.3,0.286,0.378,0.4,0.8,0.556,0.4,1.2,1.6,2.8,0.3,0.1,1.3,2.3,3.3,0.0,0.0,1000.0,0.0,0.0,0.0,0.0,0.0,0.0,0.0,0.0,0.0,0.0,0.0,0.0,0.0,12.0,3.0,208.0,14.0,45.0,0.311,6.0,17.0,0.353,8.0,28.0,0.286,0.378,5.0,9.0,0.556,5.0,14.0,19.0,34.0,3.0,1.0,15.0,27.0,39.0,0.0,3.3,0.398,0.378,0.2,2.5,7.1,4.8,22.5,0.7,0.4,23.5,13.3,-0.3,0.1,-0.2,-0.046,-6.8,-1.8,-8.6,-0.3,0.0,2022
466,Sterling Brown,12.8,1.2,3.2,0.381,0.6,1.9,0.304,0.6,1.3,0.492,0.471,0.3,0.3,0.933,0.5,2.5,3.0,0.7,0.3,0.1,0.5,1.1,3.3,0.0,0.0,1000.0,0.0,0.0,0.0,0.0,0.0,0.0,0.0,0.0,0.0,0.0,0.0,0.0,0.0,49.0,3.0,628.0,59.0,155.0,0.381,28.0,92.0,0.304,31.0,63.0,0.492,0.471,14.0,15.0,0.933,26.0,123.0,149.0,34.0,14.0,7.0,23.0,56.0,160.0,0.0,8.4,0.495,0.594,0.097,4.6,21.8,13.2,7.5,1.1,1.0,12.5,13.2,-0.1,0.9,0.8,0.061,-3.4,0.5,-2.9,-0.1,0.0,2022
467,Trent Forrest,12.8,1.3,2.6,0.49,0.1,0.5,0.185,1.2,2.1,0.555,0.506,0.6,0.8,0.792,0.4,1.3,1.7,1.8,0.5,0.1,0.8,0.7,3.3,0.0,0.0,1000.0,0.0,0.0,0.0,0.0,0.0,0.0,0.0,0.0,0.0,0.0,0.0,0.0,0.0,60.0,6.0,765.0,76.0,155.0,0.49,5.0,27.0,0.185,71.0,128.0,0.555,0.506,38.0,48.0,0.792,23.0,76.0,99.0,106.0,30.0,6.0,48.0,43.0,195.0,0.0,10.9,0.554,0.174,0.31,3.4,10.5,7.1,18.6,1.9,0.7,21.4,12.8,0.5,0.8,1.3,0.084,-2.3,1.2,-1.0,0.2,0.0,2022
468,Gabriel Lundberg,11.0,1.3,4.8,0.263,0.8,2.0,0.375,0.5,2.8,0.182,0.342,0.0,0.0,0.0,0.5,1.3,1.8,2.8,0.8,0.0,0.8,1.8,3.3,0.0,0.0,1000.0,0.0,0.0,0.0,0.0,0.0,0.0,0.0,0.0,0.0,0.0,0.0,0.0,0.0,4.0,0.0,44.0,5.0,19.0,0.263,3.0,8.0,0.375,2.0,11.0,0.182,0.342,0.0,0.0,0.0,2.0,5.0,7.0,11.0,3.0,0.0,3.0,7.0,13.0,0.0,7.7,0.342,0.421,0.0,5.0,11.9,8.5,31.5,3.3,0.0,13.6,21.5,-0.1,0.1,0.0,-0.005,-5.3,0.5,-4.8,0.0,0.0,2022
469,Killian Tillie,12.8,1.2,3.5,0.339,0.8,2.4,0.314,0.4,1.1,0.39,0.445,0.1,0.2,0.625,0.6,1.1,1.7,0.6,0.6,0.4,0.4,1.6,3.3,0.0,0.0,1000.0,0.0,0.0,0.0,0.0,0.0,0.0,0.0,0.0,0.0,0.0,0.0,0.0,0.0,36.0,3.0,461.0,43.0,127.0,0.339,27.0,86.0,0.314,16.0,41.0,0.39,0.445,5.0,8.0,0.625,21.0,39.0,60.0,22.0,23.0,15.0,13.0,58.0,118.0,0.0,7.6,0.452,0.677,0.063,4.7,9.1,6.8,5.9,2.4,2.9,9.1,12.8,-0.1,0.6,0.6,0.058,-3.8,1.1,-2.7,-0.1,0.0,2022
470,Dalano Banton,10.9,1.3,3.2,0.411,0.2,0.8,0.255,1.1,2.4,0.464,0.443,0.4,0.7,0.591,0.6,1.3,1.9,1.5,0.4,0.2,0.8,1.1,3.2,0.0,0.0,1000.0,0.0,0.0,0.0,0.0,0.0,0.0,0.0,0.0,0.0,0.0,0.0,0.0,0.0,64.0,1.0,696.0,83.0,202.0,0.411,13.0,51.0,0.255,70.0,151.0,0.464,0.443,26.0,44.0,0.591,38.0,86.0,124.0,99.0,28.0,10.0,53.0,68.0,205.0,0.0,10.0,0.463,0.252,0.218,5.6,14.1,9.7,19.8,2.0,1.4,19.3,16.9,-0.4,0.8,0.4,0.03,-3.5,0.4,-3.1,-0.2,0.0,2022
471,Daishen Nix,10.9,1.1,2.8,0.403,0.3,1.1,0.269,0.8,1.7,0.488,0.455,0.7,1.3,0.533,0.3,1.1,1.4,1.7,0.6,0.0,1.1,0.9,3.2,0.0,0.0,1000.0,0.0,0.0,0.0,0.0,0.0,0.0,0.0,0.0,0.0,0.0,0.0,0.0,0.0,24.0,0.0,261.0,27.0,67.0,0.403,7.0,26.0,0.269,20.0,41.0,0.488,0.455,16.0,30.0,0.533,7.0,26.0,33.0,40.0,15.0,0.0,26.0,21.0,77.0,0.0,8.1,0.48,0.388,0.448,2.9,11.0,6.9,21.5,2.7,0.0,24.5,17.3,-0.3,0.1,-0.2,-0.033,-5.4,-1.0,-6.4,-0.3,0.0,2022
472,Jahmi'us Ramsey,7.1,1.3,3.1,0.414,0.3,0.9,0.278,1.0,2.1,0.475,0.457,0.4,0.7,0.5,0.2,0.5,0.7,0.4,0.1,0.1,0.3,0.5,3.2,0.0,0.0,1000.0,0.0,0.0,0.0,0.0,0.0,0.0,0.0,0.0,0.0,0.0,0.0,0.0,0.0,19.0,0.0,134.0,24.0,58.0,0.414,5.0,18.0,0.278,19.0,40.0,0.475,0.457,7.0,14.0,0.5,4.0,9.0,13.0,7.0,1.0,1.0,5.0,10.0,60.0,0.0,7.9,0.468,0.31,0.241,3.2,7.4,5.3,7.9,0.4,0.6,7.2,22.2,-0.1,0.0,-0.1,-0.047,-3.5,-3.4,-6.9,-0.2,0.0,2022
473,Justin Robinson,12.2,1.1,3.7,0.301,0.7,2.4,0.295,0.4,1.3,0.313,0.398,0.2,0.3,0.5,0.2,0.7,0.8,1.3,0.4,0.0,0.7,1.1,3.1,0.0,0.0,1000.0,0.0,0.0,0.0,0.0,0.0,0.0,0.0,0.0,0.0,0.0,0.0,0.0,0.0,25.0,0.0,304.0,28.0,93.0,0.301,18.0,61.0,0.295,10.0,32.0,0.313,0.398,4.0,8.0,0.5,4.0,17.0,21.0,32.0,9.0,1.0,17.0,27.0,78.0,0.0,3.6,0.404,0.656,0.086,1.4,6.0,3.7,14.0,1.4,0.3,15.0,16.0,-0.5,0.2,-0.3,-0.055,-6.4,-1.3,-7.6,-0.4,0.0,2022
474,Kevin Knox,7.4,1.0,2.8,0.365,0.5,1.8,0.278,0.5,1.0,0.516,0.453,0.5,0.7,0.727,0.5,1.0,1.5,0.3,0.1,0.1,0.2,0.6,3.1,0.0,0.0,1000.0,0.0,0.0,0.0,0.0,0.0,0.0,0.0,0.0,0.0,0.0,0.0,0.0,0.0,30.0,0.0,222.0,31.0,85.0,0.365,15.0,54.0,0.278,16.0,31.0,0.516,0.453,16.0,22.0,0.727,14.0,30.0,44.0,10.0,4.0,2.0,7.0,19.0,93.0,0.0,10.9,0.491,0.635,0.259,6.8,14.8,10.7,6.5,0.9,0.8,6.9,20.0,0.1,0.2,0.2,0.047,-1.9,-2.2,-4.1,-0.1,0.0,2022
475,Rodney Hood,13.6,1.1,3.0,0.369,0.6,1.8,0.33,0.5,1.3,0.424,0.465,0.3,0.4,0.895,0.3,1.2,1.5,0.7,0.3,0.1,0.2,0.6,3.1,0.0,0.0,1000.0,0.0,0.0,0.0,0.0,0.0,0.0,0.0,0.0,0.0,0.0,0.0,0.0,0.0,52.0,0.0,709.0,58.0,157.0,0.369,30.0,91.0,0.33,28.0,66.0,0.424,0.465,17.0,19.0,0.895,15.0,62.0,77.0,38.0,15.0,6.0,11.0,31.0,163.0,0.0,7.2,0.493,0.58,0.121,2.3,9.1,5.8,6.9,1.0,0.8,6.2,10.7,0.2,0.5,0.7,0.048,-3.0,-0.3,-3.3,-0.2,0.0,2022
476,Keljin Blevins,11.3,1.1,3.6,0.306,0.7,2.3,0.292,0.4,1.3,0.333,0.401,0.2,0.4,0.545,0.5,0.9,1.5,0.6,0.4,0.0,0.5,0.9,3.1,0.0,0.0,1000.0,0.0,0.0,0.0,0.0,0.0,0.0,0.0,0.0,0.0,0.0,0.0,0.0,0.0,31.0,1.0,349.0,34.0,111.0,0.306,21.0,72.0,0.292,13.0,39.0,0.333,0.401,6.0,11.0,0.545,16.0,29.0,45.0,19.0,13.0,1.0,17.0,29.0,95.0,0.0,4.8,0.41,0.649,0.099,4.9,9.5,7.1,7.7,1.8,0.3,12.8,16.5,-0.6,0.1,-0.5,-0.066,-5.6,-2.9,-8.5,-0.6,0.0,2022
477,Devontae Cacok,8.1,1.4,2.1,0.677,0.0,0.0,0.0,1.4,2.1,0.677,0.677,0.3,0.5,0.571,0.5,2.3,2.8,0.4,0.5,0.5,0.2,1.1,3.1,0.0,0.0,1000.0,0.0,0.0,0.0,0.0,0.0,0.0,0.0,0.0,0.0,0.0,0.0,0.0,0.0,15.0,0.0,121.0,21.0,31.0,0.677,0.0,0.0,0.0,21.0,31.0,0.677,0.677,4.0,7.0,0.571,8.0,34.0,42.0,6.0,8.0,7.0,3.0,16.0,46.0,0.0,20.2,0.675,0.0,0.226,6.9,29.7,18.2,6.9,3.2,4.9,8.1,12.9,0.3,0.3,0.5,0.206,0.7,3.5,4.2,0.2,0.0,2022
478,Paul Reed,7.9,1.4,2.5,0.563,0.1,0.2,0.25,1.4,2.3,0.591,0.573,0.2,0.4,0.429,1.2,1.3,2.4,0.4,0.9,0.4,0.3,1.5,3.1,0.0,0.0,1000.0,0.0,0.0,0.0,0.0,0.0,0.0,0.0,0.0,0.0,0.0,0.0,0.0,0.0,38.0,2.0,302.0,54.0,96.0,0.563,2.0,8.0,0.25,52.0,88.0,0.591,0.573,6.0,14.0,0.429,44.0,48.0,92.0,16.0,33.0,14.0,10.0,57.0,116.0,0.0,21.4,0.568,0.083,0.146,16.6,17.4,17.0,8.3,5.5,4.2,8.9,16.7,0.6,0.7,1.3,0.212,-0.8,2.9,2.1,0.3,0.0,2022
479,Javonte Smart,11.8,1.1,3.5,0.317,0.5,1.6,0.296,0.6,1.9,0.333,0.383,0.3,0.4,0.833,0.3,1.1,1.4,0.9,0.4,0.2,0.6,0.7,3.0,0.0,0.0,1000.0,0.0,0.0,0.0,0.0,0.0,0.0,0.0,0.0,0.0,0.0,0.0,0.0,0.0,17.0,1.0,200.0,19.0,60.0,0.317,8.0,27.0,0.296,11.0,33.0,0.333,0.383,5.0,6.0,0.833,5.0,19.0,24.0,16.0,6.0,3.0,11.0,12.0,51.0,0.0,5.1,0.407,0.45,0.1,2.7,10.0,6.5,10.4,1.5,1.5,14.9,15.9,-0.3,0.2,-0.2,-0.038,-5.9,-0.8,-6.6,-0.2,0.0,2022
480,Paris Bass,3.5,1.0,3.0,0.333,0.0,1.0,0.0,1.0,2.0,0.5,0.333,1.0,1.0,1.0,1.0,1.0,2.0,0.0,0.5,0.0,1.0,1.0,3.0,0.0,0.0,1000.0,0.0,0.0,0.0,0.0,0.0,0.0,0.0,0.0,0.0,0.0,0.0,0.0,0.0,2.0,0.0,7.0,2.0,6.0,0.333,0.0,2.0,0.0,2.0,4.0,0.5,0.333,2.0,2.0,1.0,2.0,2.0,4.0,0.0,1.0,0.0,2.0,2.0,6.0,0.0,13.9,0.436,0.333,0.333,31.5,29.9,30.6,0.0,6.9,0.0,22.5,54.6,0.0,0.0,0.0,-0.17,-11.2,-1.2,-12.4,0.0,0.0,2022
481,Charles Bassey,7.3,1.3,2.0,0.638,0.0,0.2,0.0,1.3,1.9,0.698,0.638,0.4,0.5,0.75,1.0,1.7,2.7,0.3,0.2,0.7,0.3,1.4,3.0,0.0,0.0,1000.0,0.0,0.0,0.0,0.0,0.0,0.0,0.0,0.0,0.0,0.0,0.0,0.0,0.0,23.0,0.0,168.0,30.0,47.0,0.638,0.0,4.0,0.0,30.0,43.0,0.698,0.638,9.0,12.0,0.75,22.0,40.0,62.0,7.0,5.0,17.0,8.0,32.0,69.0,0.0,21.5,0.66,0.085,0.255,14.9,26.1,20.6,6.5,1.5,9.1,13.3,16.1,0.4,0.3,0.8,0.22,-0.4,2.1,1.7,0.2,0.0,2022
482,Tony Bradley,10.0,1.3,2.2,0.585,0.0,0.0,0.0,1.3,2.2,0.585,0.585,0.3,0.5,0.655,1.2,2.2,3.4,0.5,0.2,0.6,0.6,1.1,3.0,0.0,0.0,1000.0,0.0,0.0,0.0,0.0,0.0,0.0,0.0,0.0,0.0,0.0,0.0,0.0,0.0,55.0,7.0,549.0,72.0,123.0,0.585,0.0,0.0,0.0,72.0,123.0,0.585,0.585,19.0,29.0,0.655,67.0,119.0,186.0,27.0,10.0,33.0,34.0,62.0,163.0,0.0,14.9,0.6,0.0,0.236,13.8,24.3,19.1,6.7,0.9,5.2,20.0,13.6,0.6,0.7,1.3,0.112,-2.0,0.2,-1.8,0.0,0.0,2022
483,Daniel Oturu,9.0,1.0,2.0,0.5,0.0,0.3,0.0,1.0,1.7,0.6,0.5,1.0,1.7,0.6,0.3,1.3,1.7,0.0,0.0,0.7,0.0,0.3,3.0,0.0,0.0,1000.0,0.0,0.0,0.0,0.0,0.0,0.0,0.0,0.0,0.0,0.0,0.0,0.0,0.0,3.0,0.0,27.0,3.0,6.0,0.5,0.0,1.0,0.0,3.0,5.0,0.6,0.5,3.0,5.0,0.6,1.0,4.0,5.0,0.0,0.0,2.0,0.0,1.0,9.0,0.0,13.4,0.549,0.167,0.833,3.8,17.0,10.0,0.0,0.0,7.2,0.0,13.0,0.0,0.0,0.1,0.121,-2.7,-2.5,-5.2,0.0,0.0,2022
484,Elfrid Payton,11.0,1.3,3.5,0.383,0.1,0.4,0.222,1.3,3.1,0.401,0.394,0.2,0.6,0.375,0.4,1.3,1.8,2.0,0.5,0.1,0.9,0.8,3.0,0.0,0.0,1000.0,0.0,0.0,0.0,0.0,0.0,0.0,0.0,0.0,0.0,0.0,0.0,0.0,0.0,50.0,1.0,549.0,67.0,175.0,0.383,4.0,18.0,0.222,63.0,157.0,0.401,0.394,12.0,32.0,0.375,21.0,67.0,88.0,99.0,25.0,6.0,47.0,38.0,150.0,0.0,7.9,0.397,0.103,0.183,4.2,12.8,8.6,23.0,2.2,1.0,19.9,18.5,-1.0,0.8,-0.2,-0.014,-4.6,1.2,-3.5,-0.2,0.0,2022
485,Neemias Queta,8.0,1.1,2.5,0.447,0.0,0.0,0.0,1.1,2.5,0.447,0.447,0.7,1.1,0.647,0.9,1.1,2.1,0.4,0.1,0.5,0.4,1.2,3.0,0.0,0.0,1000.0,0.0,0.0,0.0,0.0,0.0,0.0,0.0,0.0,0.0,0.0,0.0,0.0,0.0,15.0,0.0,120.0,17.0,38.0,0.447,0.0,0.0,0.0,17.0,38.0,0.447,0.447,11.0,17.0,0.647,14.0,17.0,31.0,6.0,1.0,8.0,6.0,18.0,45.0,0.0,12.7,0.495,0.0,0.447,12.6,15.6,14.1,7.2,0.4,5.8,11.7,18.4,0.0,0.1,0.1,0.051,-4.1,-1.0,-5.1,-0.1,0.0,2022
486,Nick Richards,7.3,1.2,1.8,0.667,0.0,0.0,0.0,1.2,1.8,0.667,0.667,0.6,0.9,0.698,0.7,1.0,1.7,0.3,0.2,0.4,0.5,1.0,3.0,0.0,0.0,1000.0,0.0,0.0,0.0,0.0,0.0,0.0,0.0,0.0,0.0,0.0,0.0,0.0,0.0,50.0,5.0,367.0,60.0,90.0,0.667,0.0,0.0,0.0,60.0,90.0,0.667,0.667,30.0,43.0,0.698,34.0,52.0,86.0,13.0,9.0,21.0,24.0,51.0,150.0,0.0,15.9,0.689,0.0,0.478,9.7,15.2,12.4,4.9,1.2,5.4,18.1,15.4,0.6,0.3,1.0,0.125,-2.6,-0.2,-2.8,-0.1,0.0,2022
487,Matt Ryan,5.0,1.0,5.0,0.2,1.0,5.0,0.2,0.0,0.0,0.0,0.3,0.0,0.0,0.0,0.0,0.0,0.0,0.0,1.0,0.0,0.0,0.0,3.0,0.0,0.0,1000.0,0.0,0.0,0.0,0.0,0.0,0.0,0.0,0.0,0.0,0.0,0.0,0.0,0.0,1.0,0.0,5.0,1.0,5.0,0.2,1.0,5.0,0.2,0.0,0.0,0.0,0.3,0.0,0.0,0.0,0.0,0.0,0.0,0.0,1.0,0.0,0.0,0.0,3.0,0.0,3.5,0.3,1.0,0.0,0.0,0.0,0.0,0.0,9.9,0.0,0.0,44.0,0.0,0.0,0.0,-0.25,-9.9,-3.8,-13.7,0.0,0.0,2022
488,Tre Scott,5.5,1.5,3.0,0.5,0.0,0.5,0.0,1.5,2.5,0.6,0.5,0.0,0.0,0.0,0.5,0.5,1.0,0.0,0.5,0.5,0.0,1.0,3.0,0.0,0.0,1000.0,0.0,0.0,0.0,0.0,0.0,0.0,0.0,0.0,0.0,0.0,0.0,0.0,0.0,2.0,0.0,11.0,3.0,6.0,0.5,0.0,1.0,0.0,3.0,5.0,0.6,0.5,0.0,0.0,0.0,1.0,1.0,2.0,0.0,1.0,1.0,0.0,2.0,6.0,0.0,20.4,0.5,0.167,0.0,10.3,9.8,10.1,0.0,4.5,8.1,0.0,24.1,0.0,0.0,0.0,0.138,-4.8,1.8,-3.0,0.0,0.0,2022
489,Bruno Fernando,5.1,1.2,1.8,0.655,0.0,0.1,0.5,1.2,1.8,0.66,0.664,0.5,0.8,0.625,0.6,1.2,1.8,0.2,0.0,0.4,0.5,0.8,2.9,0.0,0.0,1000.0,0.0,0.0,0.0,0.0,0.0,0.0,0.0,0.0,0.0,0.0,0.0,0.0,0.0,30.0,0.0,152.0,36.0,55.0,0.655,1.0,2.0,0.5,35.0,53.0,0.66,0.664,15.0,24.0,0.625,18.0,37.0,55.0,7.0,1.0,11.0,14.0,24.0,88.0,0.0,21.2,0.671,0.036,0.436,13.0,26.6,19.8,7.5,0.3,6.5,17.6,22.4,0.2,0.2,0.4,0.14,-0.4,0.2,-0.1,0.1,0.0,2022
490,Vernon Carey Jr.,6.3,1.0,1.9,0.538,0.0,0.0,0.0,1.0,1.9,0.538,0.538,0.9,1.9,0.462,1.1,0.6,1.7,0.0,0.3,0.1,0.4,0.6,2.9,0.0,0.0,1000.0,0.0,0.0,0.0,0.0,0.0,0.0,0.0,0.0,0.0,0.0,0.0,0.0,0.0,7.0,1.0,44.0,7.0,13.0,0.538,0.0,0.0,0.0,7.0,13.0,0.538,0.538,6.0,13.0,0.462,8.0,4.0,12.0,0.0,2.0,1.0,3.0,4.0,20.0,0.0,15.8,0.534,0.0,1.0,19.9,9.8,14.8,0.0,2.2,1.9,13.8,21.6,0.0,0.0,0.1,0.068,-3.0,-4.5,-7.5,-0.1,0.0,2022
491,Skylar Mays,7.9,1.1,2.3,0.5,0.3,0.9,0.32,0.9,1.4,0.615,0.563,0.3,0.3,0.889,0.2,0.7,0.9,0.6,0.3,0.0,0.4,0.3,2.9,0.0,0.0,1000.0,0.0,0.0,0.0,0.0,0.0,0.0,0.0,0.0,0.0,0.0,0.0,0.0,0.0,28.0,5.0,220.0,32.0,64.0,0.5,8.0,25.0,0.32,24.0,39.0,0.615,0.563,8.0,9.0,0.889,5.0,20.0,25.0,17.0,7.0,0.0,10.0,9.0,80.0,0.0,11.7,0.589,0.391,0.141,2.5,9.9,6.2,10.8,1.6,0.0,12.8,15.5,0.2,0.1,0.3,0.061,-1.2,-0.8,-2.0,0.0,0.0,2022
492,Denzel Valentine,9.3,1.0,2.8,0.379,0.8,2.0,0.404,0.3,0.8,0.316,0.523,0.0,0.0,0.0,0.4,1.4,1.8,0.5,0.3,0.0,0.5,0.8,2.9,0.0,0.0,1000.0,0.0,0.0,0.0,0.0,0.0,0.0,0.0,0.0,0.0,0.0,0.0,0.0,0.0,24.0,0.0,222.0,25.0,66.0,0.379,19.0,47.0,0.404,6.0,19.0,0.316,0.523,0.0,0.0,0.0,9.0,33.0,42.0,11.0,8.0,0.0,12.0,20.0,69.0,0.0,8.1,0.523,0.712,0.0,4.6,16.1,10.4,7.0,1.8,0.0,15.4,15.5,-0.1,0.3,0.2,0.039,-3.1,0.4,-2.7,0.0,0.0,2022
493,Tyler Johnson,15.2,1.0,3.3,0.3,0.8,2.2,0.385,0.2,1.2,0.143,0.425,0.0,0.0,0.0,0.5,1.5,2.0,1.2,0.5,0.5,0.3,1.2,2.8,0.0,0.0,1000.0,0.0,0.0,0.0,0.0,0.0,0.0,0.0,0.0,0.0,0.0,0.0,0.0,0.0,6.0,0.0,91.0,6.0,20.0,0.3,5.0,13.0,0.385,1.0,7.0,0.143,0.425,0.0,0.0,0.0,3.0,9.0,12.0,7.0,3.0,3.0,2.0,7.0,17.0,0.0,7.1,0.425,0.65,0.0,3.5,10.7,7.1,9.5,1.6,2.8,9.1,10.5,0.0,0.1,0.1,0.033,-3.9,0.8,-3.0,0.0,0.0,2022
494,Aleem Ford,14.8,1.2,4.0,0.3,0.4,3.0,0.133,0.8,1.0,0.8,0.35,0.0,0.0,0.0,0.4,2.6,3.0,0.4,0.2,0.0,0.8,1.4,2.8,0.0,0.0,1000.0,0.0,0.0,0.0,0.0,0.0,0.0,0.0,0.0,0.0,0.0,0.0,0.0,0.0,5.0,0.0,74.0,6.0,20.0,0.3,2.0,15.0,0.133,4.0,5.0,0.8,0.35,0.0,0.0,0.0,2.0,13.0,15.0,2.0,1.0,0.0,4.0,7.0,14.0,0.0,0.5,0.35,0.75,0.0,2.8,18.6,10.7,3.8,0.7,0.0,16.7,14.0,-0.2,0.1,-0.2,-0.103,-9.1,-2.2,-11.4,-0.2,0.0,2022
495,Tyrone Wallace,12.5,1.2,3.3,0.35,0.3,1.3,0.25,0.8,2.0,0.417,0.4,0.2,0.8,0.2,0.0,1.3,1.3,0.2,0.5,0.2,0.3,1.2,2.8,0.0,0.0,1000.0,0.0,0.0,0.0,0.0,0.0,0.0,0.0,0.0,0.0,0.0,0.0,0.0,0.0,6.0,0.0,75.0,7.0,20.0,0.35,2.0,8.0,0.25,5.0,12.0,0.417,0.4,1.0,5.0,0.2,0.0,8.0,8.0,1.0,3.0,1.0,2.0,7.0,17.0,0.0,2.5,0.383,0.4,0.25,0.0,12.1,5.9,1.8,2.0,1.3,8.3,13.9,-0.2,0.1,-0.1,-0.057,-7.7,-0.6,-8.2,-0.1,0.0,2022
496,Gary Clark,9.9,0.9,2.3,0.375,0.7,1.8,0.4,0.1,0.5,0.278,0.534,0.2,0.3,0.7,0.6,1.8,2.4,0.5,0.3,0.2,0.3,0.5,2.7,0.0,0.0,1000.0,0.0,0.0,0.0,0.0,0.0,0.0,0.0,0.0,0.0,0.0,0.0,0.0,0.0,38.0,1.0,378.0,33.0,88.0,0.375,28.0,70.0,0.4,5.0,18.0,0.278,0.534,7.0,10.0,0.7,23.0,67.0,90.0,18.0,13.0,7.0,10.0,20.0,101.0,0.0,11.4,0.547,0.795,0.114,6.6,20.1,13.2,6.4,1.7,1.8,9.8,11.6,0.3,0.4,0.7,0.092,0.1,0.0,0.1,0.2,0.0,2022
497,Josh Okogie,10.5,0.9,2.1,0.404,0.3,1.0,0.298,0.6,1.2,0.491,0.471,0.7,1.0,0.686,0.6,0.8,1.4,0.5,0.5,0.2,0.5,1.1,2.7,0.0,0.0,1000.0,0.0,0.0,0.0,0.0,0.0,0.0,0.0,0.0,0.0,0.0,0.0,0.0,0.0,49.0,6.0,516.0,42.0,104.0,0.404,14.0,47.0,0.298,28.0,57.0,0.491,0.471,35.0,51.0,0.686,29.0,41.0,70.0,25.0,26.0,12.0,23.0,53.0,133.0,0.0,9.0,0.526,0.452,0.49,5.9,8.7,7.3,6.2,2.4,2.2,15.4,12.1,0.1,0.5,0.7,0.062,-3.7,0.9,-2.7,-0.1,0.0,2022
498,Jay Scrubb,6.7,1.0,2.6,0.391,0.3,1.2,0.286,0.7,1.4,0.48,0.457,0.4,0.6,0.7,0.1,0.8,0.9,0.4,0.2,0.2,0.4,0.5,2.7,0.0,0.0,1000.0,0.0,0.0,0.0,0.0,0.0,0.0,0.0,0.0,0.0,0.0,0.0,0.0,0.0,18.0,0.0,121.0,18.0,46.0,0.391,6.0,21.0,0.286,12.0,25.0,0.48,0.457,7.0,10.0,0.7,2.0,14.0,16.0,8.0,4.0,3.0,7.0,9.0,49.0,0.0,9.3,0.486,0.457,0.217,1.8,11.9,7.0,9.7,1.6,2.1,12.2,20.8,-0.1,0.1,0.0,0.002,-4.4,-0.4,-4.8,-0.1,0.0,2022
499,Quinndary Weatherspoon,6.6,1.1,1.9,0.571,0.1,0.5,0.2,1.0,1.5,0.688,0.595,0.5,0.5,1.0,0.2,1.1,1.3,0.5,0.1,0.1,0.3,1.4,2.7,0.0,0.0,1000.0,0.0,0.0,0.0,0.0,0.0,0.0,0.0,0.0,0.0,0.0,0.0,0.0,0.0,11.0,0.0,73.0,12.0,21.0,0.571,1.0,5.0,0.2,11.0,16.0,0.688,0.595,5.0,5.0,1.0,2.0,12.0,14.0,5.0,1.0,1.0,3.0,15.0,30.0,0.0,12.0,0.647,0.238,0.238,3.1,17.4,10.5,10.1,0.7,1.3,11.5,15.7,0.1,0.1,0.2,0.148,-4.5,0.1,-4.4,0.0,0.0,2022
500,Chris Silva,9.1,0.8,1.5,0.533,0.0,0.0,0.0,0.8,1.5,0.533,0.533,1.0,1.2,0.833,1.3,2.3,3.6,0.7,0.0,0.1,0.8,2.0,2.6,0.0,0.0,1000.0,0.0,0.0,0.0,0.0,0.0,0.0,0.0,0.0,0.0,0.0,0.0,0.0,0.0,10.0,0.0,91.0,8.0,15.0,0.533,0.0,0.0,0.0,8.0,15.0,0.533,0.533,10.0,12.0,0.833,13.0,23.0,36.0,7.0,0.0,1.0,8.0,20.0,26.0,0.0,11.6,0.641,0.0,0.8,16.5,28.2,22.4,10.6,0.0,1.2,28.3,13.8,0.1,0.1,0.3,0.137,-5.0,0.1,-4.9,-0.1,0.0,2022
501,Gabriel Deck,8.0,1.1,2.0,0.571,0.3,0.6,0.5,0.9,1.4,0.6,0.643,0.0,0.0,0.0,0.1,0.7,0.9,0.7,0.1,0.0,0.3,0.3,2.6,0.0,0.0,1000.0,0.0,0.0,0.0,0.0,0.0,0.0,0.0,0.0,0.0,0.0,0.0,0.0,0.0,7.0,0.0,56.0,8.0,14.0,0.571,2.0,4.0,0.5,6.0,10.0,0.6,0.643,0.0,0.0,0.0,1.0,5.0,6.0,5.0,1.0,0.0,2.0,2.0,18.0,0.0,11.5,0.643,0.286,0.0,1.8,9.3,5.5,13.7,0.9,0.0,12.5,12.3,0.1,0.0,0.1,0.08,-1.2,-1.3,-2.5,0.0,0.0,2022
502,Devon Dotson,7.7,1.0,2.1,0.478,0.2,0.8,0.222,0.8,1.3,0.643,0.522,0.5,0.8,0.556,0.1,0.7,0.8,1.4,0.1,0.0,0.5,1.0,2.6,0.0,0.0,1000.0,0.0,0.0,0.0,0.0,0.0,0.0,0.0,0.0,0.0,0.0,0.0,0.0,0.0,11.0,0.0,85.0,11.0,23.0,0.478,2.0,9.0,0.222,9.0,14.0,0.643,0.522,5.0,9.0,0.556,1.0,8.0,9.0,15.0,1.0,0.0,5.0,11.0,29.0,0.0,9.8,0.538,0.391,0.391,1.3,10.5,6.0,23.9,0.6,0.0,15.6,16.6,0.1,0.0,0.1,0.048,-3.4,-1.5,-4.9,-0.1,0.0,2022
503,Juwan Morgan,15.5,1.0,1.5,0.667,0.5,1.0,0.5,0.5,0.5,1.0,0.833,0.0,0.0,0.0,1.0,1.0,2.0,0.5,0.0,0.0,0.0,1.5,2.5,0.0,0.0,1000.0,0.0,0.0,0.0,0.0,0.0,0.0,0.0,0.0,0.0,0.0,0.0,0.0,0.0,2.0,0.0,31.0,2.0,3.0,0.667,1.0,2.0,0.5,1.0,1.0,1.0,0.833,0.0,0.0,0.0,2.0,2.0,4.0,1.0,0.0,0.0,0.0,3.0,5.0,0.0,8.3,0.833,0.667,0.0,6.6,7.4,7.0,4.2,0.0,0.0,0.0,4.1,0.1,0.0,0.1,0.124,-3.3,-3.9,-7.1,0.0,0.0,2022
504,Udonis Haslem,6.4,1.1,2.4,0.452,0.1,0.3,0.25,1.0,2.1,0.481,0.468,0.2,0.2,1.0,0.3,1.6,1.9,0.3,0.1,0.1,0.4,1.2,2.5,0.0,0.0,1000.0,0.0,0.0,0.0,0.0,0.0,0.0,0.0,0.0,0.0,0.0,0.0,0.0,0.0,13.0,0.0,83.0,14.0,31.0,0.452,1.0,4.0,0.25,13.0,27.0,0.481,0.468,3.0,3.0,1.0,4.0,21.0,25.0,4.0,1.0,1.0,5.0,15.0,32.0,0.0,8.6,0.495,0.129,0.097,5.6,28.2,17.1,7.4,0.6,1.3,13.4,20.0,-0.1,0.1,0.1,0.033,-6.4,-0.7,-7.1,-0.1,0.0,2022
505,Sam Hauser,6.1,0.9,1.9,0.46,0.7,1.7,0.432,0.2,0.2,0.667,0.65,0.0,0.0,0.0,0.2,0.9,1.1,0.4,0.0,0.1,0.1,0.3,2.5,0.0,0.0,1000.0,0.0,0.0,0.0,0.0,0.0,0.0,0.0,0.0,0.0,0.0,0.0,0.0,0.0,26.0,0.0,158.0,23.0,50.0,0.46,19.0,44.0,0.432,4.0,6.0,0.667,0.65,0.0,0.0,0.0,5.0,24.0,29.0,10.0,1.0,2.0,2.0,7.0,65.0,0.0,14.8,0.65,0.88,0.0,3.5,16.0,9.9,9.1,0.3,1.2,3.8,14.5,0.4,0.2,0.6,0.171,2.7,-0.3,2.3,0.2,0.0,2022
506,Theo Pinson,7.8,0.7,2.1,0.359,0.5,1.6,0.333,0.2,0.5,0.444,0.487,0.5,0.5,1.0,0.1,1.0,1.1,0.9,0.3,0.1,0.3,0.6,2.5,0.0,0.0,1000.0,0.0,0.0,0.0,0.0,0.0,0.0,0.0,0.0,0.0,0.0,0.0,0.0,0.0,19.0,0.0,148.0,14.0,39.0,0.359,10.0,30.0,0.333,4.0,9.0,0.444,0.487,10.0,10.0,1.0,2.0,19.0,21.0,17.0,5.0,2.0,5.0,12.0,48.0,0.0,11.9,0.553,0.769,0.256,1.5,14.3,7.9,15.9,1.7,1.2,10.3,14.7,0.2,0.2,0.4,0.122,-1.5,1.0,-0.5,0.1,0.0,2022
507,Bol Bol,5.8,1.1,1.9,0.556,0.1,0.3,0.25,1.0,1.6,0.609,0.574,0.1,0.4,0.4,0.3,1.1,1.4,0.4,0.1,0.1,0.3,0.3,2.4,0.0,0.0,1000.0,0.0,0.0,0.0,0.0,0.0,0.0,0.0,0.0,0.0,0.0,0.0,0.0,0.0,14.0,0.0,81.0,15.0,27.0,0.556,1.0,4.0,0.25,14.0,23.0,0.609,0.574,2.0,5.0,0.4,4.0,16.0,20.0,5.0,1.0,2.0,4.0,4.0,33.0,0.0,13.5,0.565,0.148,0.185,5.7,21.4,13.8,9.1,0.6,2.2,12.0,18.0,0.0,0.1,0.1,0.065,-0.5,-0.4,-1.0,0.0,0.0,2022
508,Jalen Johnson,5.5,1.0,1.9,0.537,0.1,0.6,0.231,0.9,1.3,0.679,0.573,0.2,0.3,0.714,0.1,1.1,1.2,0.1,0.1,0.1,0.4,0.4,2.4,0.0,0.0,1000.0,0.0,0.0,0.0,0.0,0.0,0.0,0.0,0.0,0.0,0.0,0.0,0.0,0.0,22.0,0.0,120.0,22.0,41.0,0.537,3.0,13.0,0.231,19.0,28.0,0.679,0.573,5.0,7.0,0.714,2.0,24.0,26.0,3.0,3.0,2.0,9.0,9.0,52.0,0.0,11.3,0.59,0.317,0.171,1.8,21.8,11.9,3.7,1.2,1.5,17.0,19.3,-0.1,0.1,0.0,0.013,-3.9,-1.1,-4.9,-0.1,0.0,2022
509,Jake Layman,6.8,0.9,2.1,0.411,0.2,1.0,0.229,0.6,1.1,0.579,0.466,0.4,0.5,0.722,0.2,0.9,1.1,0.3,0.2,0.1,0.3,0.4,2.4,0.0,0.0,1000.0,0.0,0.0,0.0,0.0,0.0,0.0,0.0,0.0,0.0,0.0,0.0,0.0,0.0,34.0,1.0,231.0,30.0,73.0,0.411,8.0,35.0,0.229,22.0,38.0,0.579,0.466,13.0,18.0,0.722,6.0,30.0,36.0,9.0,7.0,5.0,10.0,12.0,81.0,0.0,9.0,0.5,0.479,0.247,2.7,14.3,8.4,5.3,1.4,2.1,11.0,16.4,-0.1,0.2,0.1,0.024,-3.3,-0.6,-3.9,-0.1,0.0,2022
510,Abdel Nader,10.4,0.9,2.5,0.343,0.3,1.0,0.286,0.6,1.5,0.381,0.4,0.4,0.7,0.6,0.3,1.6,1.9,0.5,0.6,0.3,0.8,1.4,2.4,0.0,0.0,1000.0,0.0,0.0,0.0,0.0,0.0,0.0,0.0,0.0,0.0,0.0,0.0,0.0,0.0,14.0,0.0,145.0,12.0,35.0,0.343,4.0,14.0,0.286,8.0,21.0,0.381,0.4,6.0,10.0,0.6,4.0,23.0,27.0,7.0,8.0,4.0,11.0,20.0,34.0,0.0,4.9,0.431,0.4,0.286,3.0,16.6,10.0,5.9,2.7,2.5,21.8,15.0,-0.3,0.3,0.0,-0.009,-7.1,2.2,-4.9,-0.1,0.0,2022
511,Ish Wainright,8.0,0.9,2.3,0.394,0.4,1.3,0.322,0.5,1.0,0.489,0.486,0.2,0.3,0.583,0.6,0.6,1.2,0.3,0.4,0.1,0.3,1.1,2.4,0.0,0.0,1000.0,0.0,0.0,0.0,0.0,0.0,0.0,0.0,0.0,0.0,0.0,0.0,0.0,0.0,45.0,0.0,359.0,41.0,104.0,0.394,19.0,59.0,0.322,22.0,45.0,0.489,0.486,7.0,12.0,0.583,27.0,27.0,54.0,15.0,20.0,6.0,13.0,49.0,108.0,0.0,9.4,0.494,0.567,0.115,8.3,7.9,8.1,5.3,2.7,1.5,10.6,14.7,0.0,0.6,0.6,0.079,-3.0,1.0,-2.0,0.0,0.0,2022
512,Nik Stauskas,4.9,0.6,1.8,0.357,0.5,1.3,0.4,0.1,0.5,0.25,0.5,0.5,0.8,0.667,0.1,0.3,0.4,0.3,0.0,0.0,0.1,0.1,2.3,0.0,0.0,1000.0,0.0,0.0,0.0,0.0,0.0,0.0,0.0,0.0,0.0,0.0,0.0,0.0,0.0,8.0,0.0,39.0,5.0,14.0,0.357,4.0,10.0,0.4,1.0,4.0,0.25,0.5,4.0,6.0,0.667,1.0,2.0,3.0,2.0,0.0,0.0,1.0,1.0,18.0,0.0,10.5,0.541,0.714,0.429,3.0,5.7,4.4,7.3,0.0,0.0,5.7,20.0,0.0,0.0,0.1,0.078,-0.9,-2.7,-3.6,0.0,0.0,2022
513,Justin Champagnie,7.8,0.9,1.9,0.463,0.3,0.8,0.357,0.6,1.1,0.538,0.537,0.3,0.3,1.0,1.0,1.0,2.0,0.3,0.2,0.1,0.2,0.9,2.3,0.0,0.0,1000.0,0.0,0.0,0.0,0.0,0.0,0.0,0.0,0.0,0.0,0.0,0.0,0.0,0.0,36.0,0.0,281.0,31.0,67.0,0.463,10.0,28.0,0.357,21.0,39.0,0.538,0.537,9.0,9.0,1.0,37.0,35.0,72.0,11.0,8.0,4.0,8.0,32.0,81.0,0.0,13.6,0.571,0.418,0.134,13.5,14.3,13.9,5.4,1.4,1.4,10.1,12.0,0.5,0.3,0.8,0.138,-1.3,-0.7,-2.0,0.0,0.0,2022
514,Freddie Gillespie,13.2,1.0,2.4,0.409,0.0,0.1,0.0,1.0,2.3,0.429,0.409,0.3,0.8,0.429,1.4,2.6,4.0,0.6,0.3,1.0,0.6,2.0,2.3,0.0,0.0,1000.0,0.0,0.0,0.0,0.0,0.0,0.0,0.0,0.0,0.0,0.0,0.0,0.0,0.0,9.0,2.0,119.0,9.0,22.0,0.409,0.0,1.0,0.0,9.0,21.0,0.429,0.409,3.0,7.0,0.429,13.0,23.0,36.0,5.0,3.0,9.0,5.0,18.0,21.0,0.0,9.5,0.419,0.045,0.318,11.5,20.5,16.0,5.9,1.2,6.9,16.6,10.9,-0.1,0.2,0.1,0.049,-5.6,1.0,-4.6,-0.1,0.0,2022
515,Haywood Highsmith,8.6,0.8,2.4,0.348,0.5,1.5,0.321,0.4,0.9,0.389,0.446,0.1,0.3,0.4,0.5,0.8,1.4,0.3,0.1,0.2,0.2,0.7,2.3,0.0,0.0,1000.0,0.0,0.0,0.0,0.0,0.0,0.0,0.0,0.0,0.0,0.0,0.0,0.0,0.0,19.0,1.0,163.0,16.0,46.0,0.348,9.0,28.0,0.321,7.0,18.0,0.389,0.446,2.0,5.0,0.4,10.0,16.0,26.0,6.0,2.0,3.0,3.0,13.0,43.0,0.0,7.0,0.446,0.609,0.109,7.1,10.9,9.0,5.1,0.6,1.9,5.9,14.0,0.0,0.2,0.1,0.041,-3.3,-1.3,-4.6,-0.1,0.0,2022
516,Miles McBride,9.3,0.8,2.7,0.296,0.4,1.7,0.25,0.4,1.0,0.375,0.375,0.2,0.3,0.667,0.1,1.0,1.1,1.0,0.4,0.0,0.1,1.1,2.2,0.0,0.0,1000.0,0.0,0.0,0.0,0.0,0.0,0.0,0.0,0.0,0.0,0.0,0.0,0.0,0.0,40.0,2.0,372.0,32.0,108.0,0.296,17.0,68.0,0.25,15.0,40.0,0.375,0.375,8.0,12.0,0.667,4.0,38.0,42.0,41.0,14.0,1.0,5.0,45.0,89.0,0.0,6.1,0.393,0.63,0.111,1.1,11.2,6.1,15.9,1.9,0.3,4.2,13.9,-0.1,0.4,0.2,0.032,-5.5,1.0,-4.5,-0.2,0.0,2022
517,Jericho Sims,13.5,1.0,1.3,0.722,0.0,0.0,0.0,1.0,1.3,0.722,0.722,0.3,0.7,0.414,1.5,2.6,4.1,0.5,0.3,0.5,0.5,1.6,2.2,0.0,0.0,1000.0,0.0,0.0,0.0,0.0,0.0,0.0,0.0,0.0,0.0,0.0,0.0,0.0,0.0,41.0,5.0,555.0,39.0,54.0,0.722,0.0,0.0,0.0,39.0,54.0,0.722,0.722,12.0,29.0,0.414,61.0,108.0,169.0,21.0,11.0,22.0,20.0,66.0,90.0,0.0,11.6,0.674,0.0,0.537,11.6,21.3,16.4,5.3,1.0,3.9,23.1,6.9,0.7,0.8,1.5,0.128,-2.8,1.1,-1.7,0.0,0.0,2022
518,Dylan Windler,9.2,0.7,2.0,0.378,0.4,1.4,0.3,0.3,0.6,0.571,0.485,0.3,0.4,0.833,0.4,1.4,1.8,0.7,0.3,0.1,0.3,0.9,2.2,0.0,0.0,1000.0,0.0,0.0,0.0,0.0,0.0,0.0,0.0,0.0,0.0,0.0,0.0,0.0,0.0,50.0,0.0,459.0,37.0,98.0,0.378,21.0,70.0,0.3,16.0,28.0,0.571,0.485,15.0,18.0,0.833,21.0,68.0,89.0,34.0,14.0,3.0,16.0,47.0,110.0,0.0,8.8,0.519,0.714,0.184,5.2,16.0,10.7,10.0,1.5,0.6,13.1,11.8,0.2,0.6,0.8,0.084,-3.0,1.2,-1.7,0.0,0.0,2022
519,Jeff Dowtin,12.0,0.9,2.9,0.308,0.1,1.0,0.111,0.8,1.9,0.412,0.327,0.2,0.2,1.0,0.9,1.1,2.0,1.1,0.6,0.1,0.6,0.6,2.1,0.0,0.0,1000.0,0.0,0.0,0.0,0.0,0.0,0.0,0.0,0.0,0.0,0.0,0.0,0.0,0.0,9.0,0.0,108.0,8.0,26.0,0.308,1.0,9.0,0.111,7.0,17.0,0.412,0.327,2.0,2.0,1.0,8.0,10.0,18.0,10.0,5.0,1.0,5.0,5.0,19.0,0.0,6.8,0.353,0.346,0.077,7.9,9.8,8.9,12.7,2.2,0.9,15.7,12.8,-0.1,0.1,0.0,-0.01,-5.7,0.1,-5.6,-0.1,0.0,2022
520,Justin Jackson,5.3,0.7,2.1,0.333,0.4,1.3,0.333,0.3,0.9,0.333,0.433,0.3,0.3,1.0,0.1,0.9,1.0,0.3,0.0,0.0,0.1,0.4,2.1,0.0,0.0,1000.0,0.0,0.0,0.0,0.0,0.0,0.0,0.0,0.0,0.0,0.0,0.0,0.0,0.0,7.0,0.0,37.0,5.0,15.0,0.333,3.0,9.0,0.333,2.0,6.0,0.333,0.433,2.0,2.0,1.0,1.0,6.0,7.0,2.0,0.0,0.0,1.0,3.0,15.0,0.0,7.7,0.472,0.6,0.133,3.0,16.9,10.1,7.1,0.0,0.0,5.9,19.7,0.0,0.0,0.0,0.032,-2.2,-1.1,-3.3,0.0,0.0,2022
521,Joe Wieskamp,7.1,0.7,1.9,0.357,0.5,1.5,0.326,0.2,0.4,0.462,0.482,0.2,0.4,0.538,0.1,0.3,0.5,0.3,0.1,0.1,0.1,0.5,2.1,0.0,0.0,1000.0,0.0,0.0,0.0,0.0,0.0,0.0,0.0,0.0,0.0,0.0,0.0,0.0,0.0,29.0,0.0,205.0,20.0,56.0,0.357,14.0,43.0,0.326,6.0,13.0,0.462,0.482,7.0,13.0,0.538,4.0,10.0,14.0,9.0,4.0,3.0,2.0,14.0,61.0,0.0,7.1,0.494,0.768,0.232,2.0,5.2,3.6,5.5,0.9,1.2,3.1,13.1,0.1,0.1,0.1,0.035,-2.9,-1.1,-3.9,-0.1,0.0,2022
522,Langston Galloway,15.3,0.9,3.7,0.231,0.3,2.3,0.125,0.6,1.4,0.4,0.269,0.0,0.0,0.0,0.4,2.1,2.6,1.7,0.1,0.0,0.9,1.0,2.0,0.0,0.0,1000.0,0.0,0.0,0.0,0.0,0.0,0.0,0.0,0.0,0.0,0.0,0.0,0.0,0.0,7.0,0.0,107.0,6.0,26.0,0.231,2.0,16.0,0.125,4.0,10.0,0.4,0.269,0.0,0.0,0.0,3.0,15.0,18.0,12.0,1.0,0.0,6.0,7.0,14.0,0.0,0.7,0.269,0.615,0.0,3.1,14.7,9.0,13.7,0.4,0.0,18.8,12.8,-0.3,0.1,-0.2,-0.1,-8.0,-1.8,-9.8,-0.2,0.0,2022
523,Luke Kornet,6.9,0.9,1.8,0.481,0.0,0.3,0.0,0.9,1.5,0.591,0.481,0.3,0.4,0.667,0.9,1.1,1.9,0.6,0.2,0.2,0.0,0.6,2.0,0.0,0.0,1000.0,0.0,0.0,0.0,0.0,0.0,0.0,0.0,0.0,0.0,0.0,0.0,0.0,0.0,15.0,0.0,103.0,13.0,27.0,0.481,0.0,5.0,0.0,13.0,22.0,0.591,0.481,4.0,6.0,0.667,13.0,16.0,29.0,9.0,3.0,3.0,0.0,9.0,30.0,0.0,16.6,0.506,0.185,0.222,14.0,16.4,15.2,12.4,1.4,2.6,0.0,12.7,0.2,0.2,0.4,0.194,-0.9,0.4,-0.5,0.0,0.0,2022
524,Ahmad Caver,1.0,1.0,1.0,1.0,0.0,0.0,0.0,1.0,1.0,1.0,1.0,0.0,0.0,0.0,0.0,0.0,0.0,0.0,0.0,0.0,0.0,0.0,2.0,0.0,0.0,1000.0,0.0,0.0,0.0,0.0,0.0,0.0,0.0,0.0,0.0,0.0,0.0,0.0,0.0,1.0,0.0,1.0,1.0,1.0,1.0,0.0,0.0,0.0,1.0,1.0,1.0,1.0,0.0,0.0,0.0,0.0,0.0,0.0,0.0,0.0,0.0,0.0,0.0,2.0,0.0,76.2,1.0,0.0,0.0,0.0,0.0,0.0,0.0,0.0,0.0,0.0,42.8,0.0,0.0,0.0,1.204,31.0,5.9,36.9,0.0,0.0,2022
525,Chris Chiozza,10.9,0.7,2.4,0.296,0.5,1.6,0.321,0.2,0.8,0.25,0.401,0.1,0.1,0.667,0.3,0.8,1.1,1.9,0.4,0.0,0.9,0.9,2.0,0.0,0.0,1000.0,0.0,0.0,0.0,0.0,0.0,0.0,0.0,0.0,0.0,0.0,0.0,0.0,0.0,34.0,1.0,372.0,24.0,81.0,0.296,17.0,53.0,0.321,7.0,28.0,0.25,0.401,2.0,3.0,0.667,9.0,27.0,36.0,65.0,13.0,0.0,32.0,32.0,67.0,0.0,4.4,0.407,0.654,0.037,2.7,7.7,5.3,22.5,1.7,0.0,28.0,13.4,-0.5,0.5,0.0,-0.004,-5.7,-0.2,-6.0,-0.4,0.0,2022
526,Damyean Dotson,10.5,1.0,2.0,0.5,0.0,0.5,0.0,1.0,1.5,0.667,0.5,0.0,0.0,0.0,0.0,1.0,1.0,0.5,0.0,0.0,0.0,0.0,2.0,0.0,0.0,1000.0,0.0,0.0,0.0,0.0,0.0,0.0,0.0,0.0,0.0,0.0,0.0,0.0,0.0,2.0,0.0,21.0,2.0,4.0,0.5,0.0,1.0,0.0,2.0,3.0,0.667,0.5,0.0,0.0,0.0,0.0,2.0,2.0,1.0,0.0,0.0,0.0,0.0,4.0,0.0,6.4,0.5,0.25,0.0,0.0,10.4,5.1,6.9,0.0,0.0,0.0,8.3,0.0,0.0,0.0,0.045,-3.7,-1.2,-4.9,0.0,0.0,2022
527,Usman Garuba,10.0,0.8,1.8,0.432,0.2,0.8,0.25,0.6,1.0,0.583,0.489,0.2,0.3,0.714,0.9,2.6,3.5,0.7,0.4,0.5,0.3,1.2,2.0,0.0,0.0,1000.0,0.0,0.0,0.0,0.0,0.0,0.0,0.0,0.0,0.0,0.0,0.0,0.0,0.0,24.0,2.0,240.0,19.0,44.0,0.432,5.0,20.0,0.25,14.0,24.0,0.583,0.489,5.0,7.0,0.714,21.0,62.0,83.0,17.0,10.0,11.0,6.0,28.0,48.0,0.0,12.9,0.51,0.455,0.159,9.6,28.7,19.1,9.6,2.0,4.1,11.3,9.4,0.2,0.3,0.5,0.105,-1.8,0.9,-0.9,0.1,0.0,2022
528,Shaquille Harrison,11.5,1.0,3.0,0.333,0.0,1.0,0.0,1.0,2.0,0.5,0.333,0.0,0.0,0.0,0.5,1.5,2.0,1.5,0.5,0.5,1.0,1.5,2.0,0.0,0.0,1000.0,0.0,0.0,0.0,0.0,0.0,0.0,0.0,0.0,0.0,0.0,0.0,0.0,0.0,2.0,0.0,23.0,2.0,6.0,0.333,0.0,2.0,0.0,2.0,4.0,0.5,0.333,0.0,0.0,0.0,1.0,3.0,4.0,3.0,1.0,1.0,2.0,3.0,4.0,0.0,4.6,0.333,0.333,0.0,4.9,13.8,9.5,16.6,2.1,3.9,25.0,15.0,-0.1,0.0,0.0,-0.067,-9.0,0.6,-8.3,0.0,0.0,2022
529,Joe Johnson,2.0,1.0,1.0,1.0,0.0,0.0,0.0,1.0,1.0,1.0,1.0,0.0,0.0,0.0,0.0,0.0,0.0,0.0,0.0,0.0,0.0,0.0,2.0,0.0,0.0,1000.0,0.0,0.0,0.0,0.0,0.0,0.0,0.0,0.0,0.0,0.0,0.0,0.0,0.0,1.0,0.0,2.0,1.0,1.0,1.0,0.0,0.0,0.0,1.0,1.0,1.0,1.0,0.0,0.0,0.0,0.0,0.0,0.0,0.0,0.0,0.0,0.0,0.0,2.0,0.0,38.7,1.0,0.0,0.0,0.0,0.0,0.0,0.0,0.0,0.0,0.0,22.0,0.0,0.0,0.0,0.335,12.1,2.8,15.0,0.0,0.0,2022
530,Jemerrio Jones,7.5,1.0,1.5,0.667,0.0,0.0,0.0,1.0,1.5,0.667,0.667,0.0,0.0,0.0,1.0,0.5,1.5,0.0,0.5,0.0,0.0,1.0,2.0,0.0,0.0,1000.0,0.0,0.0,0.0,0.0,0.0,0.0,0.0,0.0,0.0,0.0,0.0,0.0,0.0,2.0,0.0,15.0,2.0,3.0,0.667,0.0,0.0,0.0,2.0,3.0,0.667,0.667,0.0,0.0,0.0,2.0,1.0,3.0,0.0,1.0,0.0,0.0,2.0,4.0,0.0,14.8,0.667,0.0,0.0,14.4,7.1,10.8,0.0,3.2,0.0,0.0,8.6,0.0,0.0,0.1,0.17,-1.1,0.1,-1.0,0.0,0.0,2022
531,Norvel Pelle,6.3,1.0,1.7,0.6,0.0,0.0,0.0,1.0,1.7,0.6,0.6,0.0,0.0,0.0,1.0,1.0,2.0,0.0,0.0,0.3,0.7,0.3,2.0,0.0,0.0,1000.0,0.0,0.0,0.0,0.0,0.0,0.0,0.0,0.0,0.0,0.0,0.0,0.0,0.0,3.0,0.0,19.0,3.0,5.0,0.6,0.0,0.0,0.0,3.0,5.0,0.6,0.6,0.0,0.0,0.0,3.0,3.0,6.0,0.0,0.0,1.0,2.0,1.0,6.0,0.0,12.2,0.6,0.0,0.0,17.9,16.7,17.3,0.0,0.0,4.6,28.6,16.0,0.0,0.0,0.0,0.038,-3.0,-4.1,-7.1,0.0,0.0,2022
532,Craig Sword,6.3,1.0,1.3,0.75,0.0,0.3,0.0,1.0,1.0,1.0,0.75,0.0,0.0,0.0,0.0,0.0,0.0,0.3,1.3,0.0,0.3,2.3,2.0,0.0,0.0,1000.0,0.0,0.0,0.0,0.0,0.0,0.0,0.0,0.0,0.0,0.0,0.0,0.0,0.0,3.0,0.0,19.0,3.0,4.0,0.75,0.0,1.0,0.0,3.0,3.0,1.0,0.75,0.0,0.0,0.0,0.0,0.0,0.0,1.0,4.0,0.0,1.0,7.0,6.0,0.0,14.2,0.75,0.25,0.0,0.0,0.0,0.0,7.7,10.4,0.0,20.0,11.7,0.0,0.0,0.1,0.158,-8.6,10.0,1.4,0.0,0.0,2022
533,JT Thor,7.9,0.7,1.7,0.436,0.2,0.8,0.259,0.5,0.8,0.607,0.5,0.4,0.6,0.6,0.3,1.0,1.3,0.6,0.2,0.3,0.3,0.8,2.0,0.0,0.0,1000.0,0.0,0.0,0.0,0.0,0.0,0.0,0.0,0.0,0.0,0.0,0.0,0.0,0.0,33.0,0.0,262.0,24.0,55.0,0.436,7.0,27.0,0.259,17.0,28.0,0.607,0.5,12.0,20.0,0.6,11.0,32.0,43.0,19.0,8.0,11.0,10.0,26.0,67.0,0.0,9.7,0.525,0.491,0.364,4.4,13.1,8.7,9.2,1.5,4.0,13.6,12.0,0.1,0.2,0.3,0.058,-3.1,0.1,-3.0,-0.1,0.0,2022
534,Cassius Winston,5.6,0.6,1.6,0.364,0.3,0.9,0.333,0.3,0.7,0.4,0.455,0.6,0.6,1.0,0.0,0.1,0.1,1.0,0.0,0.0,0.4,1.3,2.0,0.0,0.0,1000.0,0.0,0.0,0.0,0.0,0.0,0.0,0.0,0.0,0.0,0.0,0.0,0.0,0.0,7.0,0.0,39.0,4.0,11.0,0.364,2.0,6.0,0.333,2.0,5.0,0.4,0.455,4.0,4.0,1.0,0.0,1.0,1.0,7.0,0.0,0.0,3.0,9.0,14.0,0.0,6.0,0.549,0.545,0.364,0.0,2.8,1.4,24.4,0.0,0.0,19.0,18.0,0.0,0.0,0.0,0.015,-5.9,-3.5,-9.3,-0.1,0.0,2022
535,Marko Simonovic,3.9,0.4,1.7,0.267,0.1,0.6,0.2,0.3,1.1,0.3,0.3,0.9,1.2,0.727,0.6,0.6,1.1,0.0,0.1,0.1,0.2,0.7,1.9,0.0,0.0,1000.0,0.0,0.0,0.0,0.0,0.0,0.0,0.0,0.0,0.0,0.0,0.0,0.0,0.0,9.0,0.0,35.0,4.0,15.0,0.267,1.0,5.0,0.2,3.0,10.0,0.3,0.3,8.0,11.0,0.727,5.0,5.0,10.0,0.0,1.0,1.0,2.0,6.0,17.0,0.0,10.2,0.428,0.333,0.733,16.2,16.0,16.1,0.0,1.4,2.5,9.2,27.5,0.0,0.0,0.0,-0.011,-6.1,-5.0,-11.1,-0.1,0.0,2022
536,Alize Johnson,7.3,0.7,1.7,0.436,0.0,0.2,0.0,0.7,1.5,0.486,0.436,0.3,0.5,0.583,1.2,1.4,2.7,0.4,0.2,0.0,0.5,0.8,1.8,0.0,0.0,1000.0,0.0,0.0,0.0,0.0,0.0,0.0,0.0,0.0,0.0,0.0,0.0,0.0,0.0,23.0,0.0,167.0,17.0,39.0,0.436,0.0,4.0,0.0,17.0,35.0,0.486,0.436,7.0,12.0,0.583,28.0,33.0,61.0,9.0,5.0,0.0,12.0,18.0,41.0,0.0,10.7,0.463,0.103,0.308,18.8,22.1,20.4,7.1,1.5,0.0,21.3,14.8,0.0,0.1,0.1,0.041,-3.6,-1.8,-5.5,-0.1,0.0,2022
537,Eugene Omoruyi,4.5,0.5,1.3,0.4,0.3,0.5,0.5,0.3,0.8,0.333,0.5,0.5,1.0,0.5,0.5,1.3,1.8,0.5,0.0,0.0,0.0,0.5,1.8,0.0,0.0,1000.0,0.0,0.0,0.0,0.0,0.0,0.0,0.0,0.0,0.0,0.0,0.0,0.0,0.0,4.0,0.0,18.0,2.0,5.0,0.4,1.0,2.0,0.5,1.0,3.0,0.333,0.5,2.0,4.0,0.5,2.0,5.0,7.0,2.0,0.0,0.0,0.0,2.0,7.0,0.0,17.0,0.518,0.4,0.8,12.3,30.9,21.6,15.8,0.0,0.0,0.0,16.9,0.1,0.0,0.1,0.201,3.3,0.7,4.0,0.0,0.0,2022
538,Brodric Thomas,5.0,0.7,1.5,0.444,0.2,0.8,0.222,0.5,0.8,0.667,0.5,0.3,0.4,0.6,0.2,0.7,0.8,0.9,0.1,0.1,0.5,0.6,1.8,0.0,0.0,1000.0,0.0,0.0,0.0,0.0,0.0,0.0,0.0,0.0,0.0,0.0,0.0,0.0,0.0,12.0,0.0,60.0,8.0,18.0,0.444,2.0,9.0,0.222,6.0,9.0,0.667,0.5,3.0,5.0,0.6,2.0,8.0,10.0,11.0,1.0,1.0,6.0,7.0,21.0,0.0,10.0,0.52,0.5,0.278,3.7,14.1,9.0,26.0,0.8,1.5,22.9,19.2,0.0,0.1,0.1,0.052,-3.6,0.8,-2.8,0.0,0.0,2022
539,Willie Cauley-Stein,9.2,0.8,1.8,0.457,0.1,0.1,0.5,0.8,1.7,0.455,0.471,0.1,0.1,0.5,0.7,1.4,2.0,0.5,0.3,0.2,0.4,1.0,1.7,0.0,0.0,1000.0,0.0,0.0,0.0,0.0,0.0,0.0,0.0,0.0,0.0,0.0,0.0,0.0,0.0,20.0,2.0,183.0,16.0,35.0,0.457,1.0,2.0,0.5,15.0,33.0,0.455,0.471,1.0,2.0,0.5,13.0,27.0,40.0,10.0,6.0,3.0,7.0,19.0,34.0,0.0,8.3,0.474,0.057,0.057,7.9,16.4,12.2,7.5,1.7,1.5,16.3,10.6,0.0,0.3,0.2,0.066,-4.1,1.1,-3.0,0.0,0.0,2022
540,Wayne Selden,6.3,0.3,1.3,0.25,0.3,0.7,0.5,0.0,0.7,0.0,0.375,0.7,1.3,0.5,0.0,0.3,0.3,0.3,0.0,0.0,0.0,0.3,1.7,0.0,0.0,1000.0,0.0,0.0,0.0,0.0,0.0,0.0,0.0,0.0,0.0,0.0,0.0,0.0,0.0,3.0,0.0,19.0,1.0,4.0,0.25,1.0,2.0,0.5,0.0,2.0,0.0,0.375,2.0,4.0,0.5,0.0,1.0,1.0,1.0,0.0,0.0,0.0,1.0,5.0,0.0,4.3,0.434,0.5,1.0,0.0,5.8,2.8,7.2,0.0,0.0,0.0,13.3,0.0,0.0,0.0,0.016,-4.3,-1.6,-5.9,0.0,0.0,2022
541,Isaiah Todd,6.2,0.6,2.2,0.269,0.3,1.3,0.25,0.3,0.8,0.3,0.346,0.2,0.5,0.333,0.3,0.8,1.0,0.3,0.3,0.2,0.3,0.3,1.7,0.0,0.0,1000.0,0.0,0.0,0.0,0.0,0.0,0.0,0.0,0.0,0.0,0.0,0.0,0.0,0.0,12.0,0.0,74.0,7.0,26.0,0.269,4.0,16.0,0.25,3.0,10.0,0.3,0.346,2.0,6.0,0.333,3.0,9.0,12.0,4.0,4.0,2.0,4.0,4.0,20.0,0.0,4.7,0.349,0.615,0.231,4.6,13.3,9.0,7.3,2.7,2.3,12.3,19.6,-0.2,0.1,-0.2,-0.104,-5.7,-1.2,-6.9,-0.1,0.0,2022
542,Ryan Arcidiacono,7.6,0.6,1.2,0.5,0.4,0.9,0.444,0.2,0.3,0.667,0.667,0.0,0.0,0.0,0.0,0.8,0.8,0.4,0.1,0.0,0.3,0.5,1.6,0.0,0.0,1000.0,0.0,0.0,0.0,0.0,0.0,0.0,0.0,0.0,0.0,0.0,0.0,0.0,0.0,10.0,0.0,76.0,6.0,12.0,0.5,4.0,9.0,0.444,2.0,3.0,0.667,0.667,0.0,0.0,0.0,0.0,8.0,8.0,4.0,1.0,0.0,3.0,5.0,16.0,0.0,6.1,0.667,0.75,0.0,0.0,11.5,5.7,7.5,0.7,0.0,20.0,8.6,0.0,0.1,0.1,0.052,-4.6,0.0,-4.6,-0.1,0.0,2022
543,Kevin Pangos,6.9,0.6,1.9,0.326,0.3,1.1,0.231,0.4,0.8,0.45,0.391,0.1,0.2,0.75,0.1,0.4,0.5,1.3,0.1,0.0,0.3,0.5,1.6,0.0,0.0,1000.0,0.0,0.0,0.0,0.0,0.0,0.0,0.0,0.0,0.0,0.0,0.0,0.0,0.0,24.0,3.0,166.0,15.0,46.0,0.326,6.0,26.0,0.231,9.0,20.0,0.45,0.391,3.0,4.0,0.75,2.0,9.0,11.0,30.0,3.0,0.0,7.0,11.0,39.0,0.0,6.5,0.408,0.565,0.087,1.4,5.9,3.7,24.6,0.9,0.0,12.8,14.6,-0.1,0.1,0.1,0.016,-4.7,-1.4,-6.1,-0.2,0.0,2022
544,Rob Edwards,5.5,0.5,2.0,0.25,0.5,2.0,0.25,0.0,0.0,0.0,0.375,0.0,0.0,0.0,0.0,1.5,1.5,0.0,0.0,0.0,0.5,0.0,1.5,0.0,0.0,1000.0,0.0,0.0,0.0,0.0,0.0,0.0,0.0,0.0,0.0,0.0,0.0,0.0,0.0,2.0,0.0,11.0,1.0,4.0,0.25,1.0,4.0,0.25,0.0,0.0,0.0,0.375,0.0,0.0,0.0,0.0,3.0,3.0,0.0,0.0,0.0,1.0,0.0,3.0,0.0,-0.8,0.375,1.0,0.0,0.0,28.5,14.0,0.0,0.0,0.0,20.0,19.6,-0.1,0.0,0.0,-0.181,-8.3,-2.9,-11.2,0.0,0.0,2022
545,Emmanuel Mudiay,5.5,0.0,1.0,0.0,0.0,0.0,0.0,0.0,1.0,0.0,0.0,1.5,2.0,0.75,0.0,0.0,0.0,2.0,0.5,0.0,0.5,0.5,1.5,0.0,0.0,1000.0,0.0,0.0,0.0,0.0,0.0,0.0,0.0,0.0,0.0,0.0,0.0,0.0,0.0,2.0,0.0,11.0,0.0,2.0,0.0,0.0,0.0,0.0,0.0,2.0,0.0,0.0,3.0,4.0,0.75,0.0,0.0,0.0,4.0,1.0,0.0,1.0,1.0,3.0,0.0,12.3,0.399,0.0,2.0,0.0,0.0,0.0,43.4,4.4,0.0,21.0,18.6,0.0,0.0,0.0,0.023,-2.7,1.5,-1.2,0.0,0.0,2022
546,Malik Fitts,4.2,0.5,1.3,0.421,0.3,0.7,0.5,0.2,0.6,0.333,0.553,0.0,0.0,0.0,0.1,1.0,1.1,0.3,0.0,0.0,0.1,0.3,1.4,0.0,0.0,1000.0,0.0,0.0,0.0,0.0,0.0,0.0,0.0,0.0,0.0,0.0,0.0,0.0,0.0,15.0,0.0,63.0,8.0,19.0,0.421,5.0,10.0,0.5,3.0,9.0,0.333,0.553,0.0,0.0,0.0,2.0,15.0,17.0,5.0,0.0,0.0,2.0,4.0,21.0,0.0,10.7,0.553,0.526,0.0,3.5,25.2,14.7,12.7,0.0,0.0,9.5,14.6,0.1,0.1,0.1,0.097,-0.6,-0.5,-1.1,0.0,0.0,2022
547,Charlie Brown Jr.,8.0,0.5,1.8,0.256,0.0,0.5,0.083,0.4,1.2,0.333,0.269,0.4,0.5,0.9,0.6,0.8,1.5,0.3,0.5,0.2,0.2,0.8,1.4,0.0,0.0,1000.0,0.0,0.0,0.0,0.0,0.0,0.0,0.0,0.0,0.0,0.0,0.0,0.0,0.0,22.0,2.0,177.0,10.0,39.0,0.256,1.0,12.0,0.083,9.0,27.0,0.333,0.269,9.0,10.0,0.9,14.0,18.0,32.0,6.0,10.0,4.0,5.0,18.0,30.0,0.0,6.5,0.346,0.308,0.256,9.0,11.2,10.1,4.5,2.8,2.0,10.3,12.3,-0.2,0.2,0.0,0.012,-5.2,0.4,-4.8,-0.1,0.0,2022
548,Leandro Bolmaro,6.9,0.5,1.5,0.315,0.1,0.5,0.278,0.3,1.0,0.333,0.361,0.3,0.4,0.846,0.5,0.8,1.2,0.6,0.2,0.0,0.4,0.7,1.4,0.0,0.0,1000.0,0.0,0.0,0.0,0.0,0.0,0.0,0.0,0.0,0.0,0.0,0.0,0.0,0.0,35.0,2.0,241.0,17.0,54.0,0.315,5.0,18.0,0.278,12.0,36.0,0.333,0.361,11.0,13.0,0.846,16.0,27.0,43.0,21.0,6.0,0.0,13.0,26.0,50.0,0.0,5.4,0.419,0.333,0.241,6.9,12.3,9.6,11.0,1.2,0.0,17.9,12.6,-0.1,0.2,0.0,0.004,-5.1,-0.7,-5.8,-0.2,0.0,2022
549,Moses Wright,3.5,0.3,1.0,0.25,0.0,0.3,0.0,0.3,0.8,0.333,0.25,0.8,0.8,1.0,0.3,0.5,0.8,0.5,0.0,0.3,0.0,0.0,1.3,0.0,0.0,1000.0,0.0,0.0,0.0,0.0,0.0,0.0,0.0,0.0,0.0,0.0,0.0,0.0,0.0,4.0,0.0,14.0,1.0,4.0,0.25,0.0,1.0,0.0,1.0,3.0,0.333,0.25,3.0,3.0,1.0,1.0,2.0,3.0,2.0,0.0,1.0,0.0,0.0,5.0,0.0,18.3,0.47,0.25,0.75,7.9,15.9,11.9,16.8,0.0,6.5,0.0,17.1,0.0,0.0,0.1,0.18,1.1,0.4,1.4,0.0,0.0,2022
550,Darren Collison,12.3,0.7,2.3,0.286,0.0,1.0,0.0,0.7,1.3,0.5,0.286,0.0,0.0,0.0,0.0,1.3,1.3,0.7,0.3,0.0,0.3,1.7,1.3,0.0,0.0,1000.0,0.0,0.0,0.0,0.0,0.0,0.0,0.0,0.0,0.0,0.0,0.0,0.0,0.0,3.0,0.0,37.0,2.0,7.0,0.286,0.0,3.0,0.0,2.0,4.0,0.5,0.286,0.0,0.0,0.0,0.0,4.0,4.0,2.0,1.0,0.0,1.0,5.0,4.0,0.0,-0.2,0.286,0.429,0.0,0.0,11.6,5.8,6.8,1.3,0.0,12.5,9.3,-0.1,0.0,-0.1,-0.07,-10.0,-0.9,-10.9,-0.1,0.0,2022
551,Jordan Schakel,7.5,0.3,2.8,0.091,0.3,1.5,0.167,0.0,1.3,0.0,0.136,0.5,0.5,1.0,0.5,1.5,2.0,0.0,0.3,0.0,0.3,0.0,1.3,0.0,0.0,1000.0,0.0,0.0,0.0,0.0,0.0,0.0,0.0,0.0,0.0,0.0,0.0,0.0,0.0,4.0,0.0,30.0,1.0,11.0,0.091,1.0,6.0,0.167,0.0,5.0,0.0,0.136,2.0,2.0,1.0,2.0,6.0,8.0,0.0,1.0,0.0,1.0,0.0,5.0,0.0,-1.2,0.21,0.545,0.182,7.5,21.8,14.8,0.0,1.6,0.0,7.8,19.1,-0.2,0.0,-0.1,-0.204,-8.6,-4.3,-13.0,-0.1,0.0,2022
552,Myles Powell,4.7,0.5,1.5,0.294,0.1,0.5,0.167,0.4,1.0,0.364,0.324,0.2,0.2,1.0,0.1,0.5,0.5,0.3,0.1,0.0,0.3,0.7,1.2,0.0,0.0,1000.0,0.0,0.0,0.0,0.0,0.0,0.0,0.0,0.0,0.0,0.0,0.0,0.0,0.0,11.0,0.0,52.0,5.0,17.0,0.294,1.0,6.0,0.167,4.0,11.0,0.364,0.324,2.0,2.0,1.0,1.0,5.0,6.0,3.0,1.0,0.0,3.0,8.0,13.0,0.0,0.2,0.364,0.353,0.118,2.2,10.6,6.4,8.0,1.0,0.0,14.4,18.0,-0.2,0.0,-0.1,-0.109,-10.5,-2.2,-12.7,-0.1,0.0,2022
553,Petr Cornelie,2.9,0.4,1.2,0.333,0.1,0.6,0.125,0.3,0.5,0.571,0.367,0.2,0.3,0.75,0.5,0.5,1.1,0.2,0.1,0.1,0.3,0.5,1.1,0.0,0.0,1000.0,0.0,0.0,0.0,0.0,0.0,0.0,0.0,0.0,0.0,0.0,0.0,0.0,0.0,13.0,0.0,38.0,5.0,15.0,0.333,1.0,8.0,0.125,4.0,7.0,0.571,0.367,3.0,4.0,0.75,7.0,7.0,14.0,3.0,1.0,1.0,4.0,7.0,14.0,0.0,9.6,0.418,0.533,0.267,21.3,19.9,20.6,10.8,1.3,2.4,19.3,24.0,-0.1,0.0,0.0,-0.015,-6.1,-2.7,-8.8,-0.1,0.0,2022
554,Tacko Fall,5.4,0.5,1.1,0.417,0.0,0.0,0.0,0.5,1.1,0.417,0.417,0.2,0.6,0.286,0.6,1.5,2.1,0.2,0.0,0.5,0.3,0.3,1.1,0.0,0.0,1000.0,0.0,0.0,0.0,0.0,0.0,0.0,0.0,0.0,0.0,0.0,0.0,0.0,0.0,11.0,1.0,59.0,5.0,12.0,0.417,0.0,0.0,0.0,5.0,12.0,0.417,0.417,2.0,7.0,0.286,7.0,16.0,23.0,2.0,0.0,6.0,3.0,3.0,12.0,0.0,11.3,0.398,0.0,0.583,13.4,29.4,21.6,4.6,0.0,9.1,16.6,13.6,-0.1,0.1,0.1,0.043,-4.1,0.8,-3.4,0.0,0.0,2022
555,Marcus Garrett,10.7,0.4,1.8,0.238,0.1,0.3,0.25,0.3,1.4,0.235,0.262,0.2,0.4,0.4,0.8,1.2,1.9,0.6,0.4,0.3,0.2,1.3,1.1,0.0,0.0,1000.0,0.0,0.0,0.0,0.0,0.0,0.0,0.0,0.0,0.0,0.0,0.0,0.0,0.0,12.0,0.0,128.0,5.0,21.0,0.238,1.0,4.0,0.25,4.0,17.0,0.235,0.262,2.0,5.0,0.4,9.0,14.0,23.0,7.0,5.0,3.0,2.0,16.0,13.0,0.0,4.7,0.28,0.19,0.238,8.1,12.2,10.2,7.0,2.0,2.5,7.9,8.8,-0.1,0.2,0.1,0.032,-6.4,1.0,-5.4,-0.1,0.0,2022
556,RJ Nembhard Jr.,4.5,0.4,1.3,0.333,0.0,0.1,0.0,0.4,1.1,0.375,0.333,0.2,0.3,0.75,0.2,0.3,0.5,0.9,0.1,0.0,0.2,0.1,1.1,0.0,0.0,1000.0,0.0,0.0,0.0,0.0,0.0,0.0,0.0,0.0,0.0,0.0,0.0,0.0,0.0,14.0,0.0,63.0,6.0,18.0,0.333,0.0,2.0,0.0,6.0,16.0,0.375,0.333,3.0,4.0,0.75,3.0,4.0,7.0,12.0,1.0,0.0,3.0,2.0,15.0,0.0,8.0,0.38,0.111,0.222,5.4,6.9,6.1,26.1,0.8,0.0,13.2,16.0,0.0,0.0,0.0,0.01,-4.4,-1.5,-6.0,-0.1,0.0,2022
557,Yves Pons,5.9,0.4,1.3,0.313,0.3,0.8,0.333,0.2,0.6,0.286,0.406,0.0,0.2,0.0,0.4,0.6,1.0,0.1,0.1,0.3,0.1,0.5,1.1,0.0,0.0,1000.0,0.0,0.0,0.0,0.0,0.0,0.0,0.0,0.0,0.0,0.0,0.0,0.0,0.0,12.0,0.0,71.0,5.0,16.0,0.313,3.0,9.0,0.333,2.0,7.0,0.286,0.406,0.0,2.0,0.0,5.0,7.0,12.0,1.0,1.0,4.0,1.0,6.0,13.0,0.0,5.9,0.385,0.563,0.125,7.2,10.6,8.8,1.7,0.7,5.0,5.6,10.3,0.0,0.1,0.0,0.03,-4.9,-1.7,-6.6,-0.1,0.0,2022
558,Shaq Buchanan,5.0,0.5,2.0,0.25,0.0,1.0,0.0,0.5,1.0,0.5,0.25,0.0,0.0,0.0,0.5,0.5,1.0,1.0,0.5,0.0,1.0,0.5,1.0,0.0,0.0,1000.0,0.0,0.0,0.0,0.0,0.0,0.0,0.0,0.0,0.0,0.0,0.0,0.0,0.0,2.0,0.0,10.0,1.0,4.0,0.25,0.0,2.0,0.0,1.0,2.0,0.5,0.25,0.0,0.0,0.0,1.0,1.0,2.0,2.0,1.0,0.0,2.0,1.0,2.0,0.0,0.6,0.25,0.5,0.0,10.2,10.7,10.5,24.9,4.8,0.0,33.3,24.6,-0.1,0.0,0.0,-0.23,-11.0,0.3,-10.7,0.0,0.0,2022
559,Kai Jones,3.0,0.4,0.7,0.643,0.0,0.1,0.5,0.4,0.6,0.667,0.679,0.1,0.4,0.375,0.1,0.4,0.5,0.2,0.0,0.1,0.3,0.4,1.0,0.0,0.0,1000.0,0.0,0.0,0.0,0.0,0.0,0.0,0.0,0.0,0.0,0.0,0.0,0.0,0.0,21.0,0.0,63.0,9.0,14.0,0.643,1.0,2.0,0.5,8.0,12.0,0.667,0.679,3.0,8.0,0.375,3.0,8.0,11.0,4.0,1.0,2.0,6.0,8.0,22.0,0.0,9.2,0.628,0.143,0.571,5.0,13.7,9.2,8.6,0.8,3.0,25.5,15.9,0.0,0.0,0.0,0.009,-5.2,-1.4,-6.6,-0.1,0.0,2022
560,Dakota Mathias,2.7,0.3,1.0,0.333,0.3,1.0,0.333,0.0,0.0,0.0,0.5,0.0,0.0,0.0,0.0,0.3,0.3,0.2,0.2,0.0,0.0,0.2,1.0,0.0,0.0,1000.0,0.0,0.0,0.0,0.0,0.0,0.0,0.0,0.0,0.0,0.0,0.0,0.0,0.0,6.0,0.0,16.0,2.0,6.0,0.333,2.0,6.0,0.333,0.0,0.0,0.0,0.5,0.0,0.0,0.0,0.0,2.0,2.0,1.0,1.0,0.0,0.0,1.0,6.0,0.0,11.0,0.5,1.0,0.0,0.0,13.4,6.5,8.0,3.0,0.0,0.0,15.4,0.0,0.0,0.0,0.114,-1.4,1.7,0.3,0.0,0.0,2022
561,Deividas Sirvydis,9.0,0.3,3.3,0.1,0.3,2.3,0.143,0.0,1.0,0.0,0.15,0.0,0.0,0.0,0.0,2.0,2.0,0.3,1.0,0.3,0.0,1.3,1.0,0.0,0.0,1000.0,0.0,0.0,0.0,0.0,0.0,0.0,0.0,0.0,0.0,0.0,0.0,0.0,0.0,3.0,0.0,27.0,1.0,10.0,0.1,1.0,7.0,0.143,0.0,3.0,0.0,0.15,0.0,0.0,0.0,0.0,6.0,6.0,1.0,3.0,1.0,0.0,4.0,3.0,0.0,0.1,0.15,0.7,0.0,0.0,25.3,12.0,4.9,5.4,3.3,0.0,15.9,-0.1,0.1,-0.1,-0.139,-10.8,2.2,-8.7,0.0,0.0,2022
562,Jaden Springer,3.0,0.5,0.5,1.0,0.0,0.0,0.0,0.5,0.5,1.0,1.0,0.0,0.0,0.0,0.5,0.5,1.0,0.0,0.0,1.0,0.5,0.0,1.0,0.0,0.0,1000.0,0.0,0.0,0.0,0.0,0.0,0.0,0.0,0.0,0.0,0.0,0.0,0.0,0.0,2.0,0.0,6.0,1.0,1.0,1.0,0.0,0.0,0.0,1.0,1.0,1.0,1.0,0.0,0.0,0.0,1.0,1.0,2.0,0.0,0.0,2.0,1.0,0.0,2.0,0.0,26.4,1.0,0.0,0.0,18.9,18.3,18.6,0.0,0.0,30.0,50.0,15.0,0.0,0.0,0.0,0.138,8.3,8.7,17.1,0.0,0.0,2022
563,Tyrell Terry,1.5,0.5,0.5,1.0,0.0,0.0,0.0,0.5,0.5,1.0,1.0,0.0,0.0,0.0,0.0,0.0,0.0,0.0,0.0,0.0,0.0,0.5,1.0,0.0,0.0,1000.0,0.0,0.0,0.0,0.0,0.0,0.0,0.0,0.0,0.0,0.0,0.0,0.0,0.0,2.0,0.0,3.0,1.0,1.0,1.0,0.0,0.0,0.0,1.0,1.0,1.0,1.0,0.0,0.0,0.0,0.0,0.0,0.0,0.0,0.0,0.0,0.0,1.0,2.0,0.0,20.0,1.0,0.0,0.0,0.0,0.0,0.0,0.0,0.0,0.0,0.0,13.7,0.0,0.0,0.0,0.222,-3.4,2.5,-1.0,0.0,0.0,2022
564,McKinley Wright IV,3.8,0.4,0.6,0.667,0.2,0.4,0.5,0.2,0.2,1.0,0.833,0.0,0.0,0.0,0.0,0.0,0.0,0.6,0.0,0.0,0.2,0.2,1.0,0.0,0.0,1000.0,0.0,0.0,0.0,0.0,0.0,0.0,0.0,0.0,0.0,0.0,0.0,0.0,0.0,5.0,0.0,19.0,2.0,3.0,0.667,1.0,2.0,0.5,1.0,1.0,1.0,0.833,0.0,0.0,0.0,0.0,0.0,0.0,3.0,0.0,0.0,1.0,1.0,5.0,0.0,9.5,0.833,0.667,0.0,0.0,0.0,0.0,20.9,0.0,0.0,25.0,8.8,0.0,0.0,0.0,0.092,-1.4,-2.8,-4.2,0.0,0.0,2022
565,Ed Davis,6.5,0.4,0.5,0.688,0.0,0.0,0.0,0.4,0.5,0.688,0.688,0.2,0.5,0.429,0.5,1.6,2.1,0.2,0.1,0.3,0.2,1.1,0.9,0.0,0.0,1000.0,0.0,0.0,0.0,0.0,0.0,0.0,0.0,0.0,0.0,0.0,0.0,0.0,0.0,31.0,3.0,201.0,11.0,16.0,0.688,0.0,0.0,0.0,11.0,16.0,0.688,0.688,6.0,14.0,0.429,14.0,50.0,64.0,7.0,3.0,9.0,5.0,33.0,28.0,0.0,9.3,0.632,0.0,0.875,7.9,26.9,17.6,4.5,0.7,4.0,18.4,6.0,0.2,0.3,0.5,0.126,-4.2,2.5,-1.8,0.0,0.0,2022
566,Carlik Jones,4.6,0.2,1.8,0.111,0.0,0.2,0.0,0.2,1.6,0.125,0.111,0.4,0.4,1.0,0.2,0.4,0.6,1.0,0.2,0.0,0.6,0.0,0.8,0.0,0.0,1000.0,0.0,0.0,0.0,0.0,0.0,0.0,0.0,0.0,0.0,0.0,0.0,0.0,0.0,5.0,0.0,23.0,1.0,9.0,0.111,0.0,1.0,0.0,1.0,8.0,0.125,0.111,2.0,2.0,1.0,1.0,2.0,3.0,5.0,1.0,0.0,3.0,0.0,4.0,0.0,-1.8,0.202,0.111,0.222,4.8,9.7,7.3,26.7,2.2,0.0,23.3,25.1,-0.2,0.0,-0.1,-0.285,-11.3,-4.2,-15.5,-0.1,0.0,2022
567,Isaac Bonga,4.6,0.2,0.9,0.231,0.1,0.3,0.25,0.1,0.6,0.222,0.269,0.3,0.5,0.625,0.3,0.2,0.5,0.3,0.5,0.1,0.1,0.7,0.8,0.0,0.0,1000.0,0.0,0.0,0.0,0.0,0.0,0.0,0.0,0.0,0.0,0.0,0.0,0.0,0.0,15.0,0.0,69.0,3.0,13.0,0.231,1.0,4.0,0.25,2.0,9.0,0.222,0.269,5.0,8.0,0.625,4.0,3.0,7.0,4.0,8.0,2.0,2.0,10.0,12.0,0.0,8.7,0.363,0.308,0.615,6.0,5.0,5.5,7.3,5.8,2.8,10.8,11.5,-0.1,0.1,0.1,0.06,-5.4,5.0,-0.4,0.0,0.0,2022
568,Jarron Cumberland,4.0,0.3,0.7,0.5,0.0,0.3,0.0,0.3,0.3,1.0,0.5,0.0,0.0,0.0,0.3,0.7,1.0,0.3,0.0,0.0,0.0,0.7,0.7,0.0,0.0,1000.0,0.0,0.0,0.0,0.0,0.0,0.0,0.0,0.0,0.0,0.0,0.0,0.0,0.0,3.0,0.0,12.0,1.0,2.0,0.5,0.0,1.0,0.0,1.0,1.0,1.0,0.5,0.0,0.0,0.0,1.0,2.0,3.0,1.0,0.0,0.0,0.0,2.0,2.0,0.0,8.4,0.5,0.5,0.0,8.8,19.0,13.7,11.6,0.0,0.0,0.0,7.2,0.0,0.0,0.0,0.079,-4.4,-2.2,-6.6,0.0,0.0,2022
569,Chandler Hutchison,3.7,0.2,0.3,0.5,0.0,0.0,0.0,0.2,0.3,0.5,0.5,0.3,0.3,1.0,0.0,0.8,0.8,0.3,0.0,0.0,0.7,0.2,0.7,0.0,0.0,1000.0,0.0,0.0,0.0,0.0,0.0,0.0,0.0,0.0,0.0,0.0,0.0,0.0,0.0,6.0,0.0,22.0,1.0,2.0,0.5,0.0,0.0,0.0,1.0,2.0,0.5,0.5,2.0,2.0,1.0,0.0,5.0,5.0,2.0,0.0,0.0,4.0,1.0,4.0,0.0,1.0,0.694,0.0,1.0,0.0,23.8,12.2,10.5,0.0,0.0,58.1,13.5,-0.1,0.0,0.0,-0.086,-8.0,-0.5,-8.5,0.0,0.0,2022
570,DaQuan Jeffries,3.0,0.3,0.7,0.5,0.0,0.3,0.0,0.3,0.3,1.0,0.5,0.0,0.0,0.0,0.0,0.7,0.7,0.3,0.0,0.0,0.0,0.3,0.7,0.0,0.0,1000.0,0.0,0.0,0.0,0.0,0.0,0.0,0.0,0.0,0.0,0.0,0.0,0.0,0.0,3.0,0.0,9.0,1.0,2.0,0.5,0.0,1.0,0.0,1.0,1.0,1.0,0.5,0.0,0.0,0.0,0.0,2.0,2.0,1.0,0.0,0.0,0.0,1.0,2.0,0.0,8.4,0.5,0.5,0.0,0.0,23.8,11.6,14.0,0.0,0.0,0.0,9.1,0.0,0.0,0.0,0.099,-5.8,0.9,-4.9,0.0,0.0,2022
571,Jaylen Morris,5.3,0.0,2.0,0.0,0.0,0.7,0.0,0.0,1.3,0.0,0.0,0.7,1.3,0.5,0.0,0.7,0.7,0.7,0.0,0.0,0.3,0.7,0.7,0.0,0.0,1000.0,0.0,0.0,0.0,0.0,0.0,0.0,0.0,0.0,0.0,0.0,0.0,0.0,0.0,3.0,0.0,16.0,0.0,6.0,0.0,0.0,2.0,0.0,0.0,4.0,0.0,0.0,2.0,4.0,0.5,0.0,2.0,2.0,2.0,0.0,0.0,1.0,2.0,2.0,0.0,-11.4,0.129,0.333,0.667,0.0,13.2,6.6,14.0,0.0,0.0,11.4,23.1,-0.1,0.0,-0.1,-0.376,-15.8,-5.7,-21.5,-0.1,0.0,2022
572,Xavier Sneed,4.3,0.2,1.1,0.2,0.1,0.9,0.125,0.1,0.2,0.5,0.25,0.0,0.0,0.0,0.2,0.4,0.7,0.1,0.0,0.0,0.0,0.2,0.6,0.0,0.0,1000.0,0.0,0.0,0.0,0.0,0.0,0.0,0.0,0.0,0.0,0.0,0.0,0.0,0.0,9.0,0.0,39.0,2.0,10.0,0.2,1.0,8.0,0.125,1.0,2.0,0.5,0.25,0.0,0.0,0.0,2.0,4.0,6.0,1.0,0.0,0.0,0.0,2.0,5.0,0.0,0.4,0.25,0.8,0.0,5.5,10.9,8.3,3.3,0.0,0.0,0.0,11.0,-0.1,0.0,0.0,-0.056,-6.9,-3.7,-10.6,-0.1,0.0,2022
573,Solomon Hill,10.7,0.2,1.5,0.15,0.2,1.0,0.154,0.1,0.5,0.143,0.2,0.0,0.0,0.0,0.5,1.3,1.8,0.9,0.3,0.2,0.1,1.2,0.6,0.0,0.0,1000.0,0.0,0.0,0.0,0.0,0.0,0.0,0.0,0.0,0.0,0.0,0.0,0.0,0.0,13.0,1.0,139.0,3.0,20.0,0.15,2.0,13.0,0.154,1.0,7.0,0.143,0.2,0.0,0.0,0.0,6.0,17.0,23.0,12.0,4.0,2.0,1.0,16.0,8.0,0.0,3.3,0.2,0.65,0.0,4.8,13.3,9.1,10.3,1.4,1.3,4.8,6.6,-0.1,0.1,0.0,-0.006,-5.2,1.2,-4.0,-0.1,0.0,2022
574,Robert Woodard II,3.5,0.2,1.3,0.125,0.1,0.3,0.25,0.1,1.0,0.083,0.156,0.2,0.2,1.0,0.4,0.5,0.9,0.3,0.1,0.1,0.1,0.3,0.6,0.0,0.0,1000.0,0.0,0.0,0.0,0.0,0.0,0.0,0.0,0.0,0.0,0.0,0.0,0.0,0.0,12.0,0.0,42.0,2.0,16.0,0.125,1.0,4.0,0.25,1.0,12.0,0.083,0.156,2.0,2.0,1.0,5.0,6.0,11.0,3.0,1.0,1.0,1.0,3.0,7.0,0.0,2.1,0.207,0.25,0.125,12.8,15.7,14.3,9.0,1.1,2.1,5.6,18.3,-0.2,0.0,-0.1,-0.147,-6.8,-3.6,-10.4,-0.1,0.0,2022
575,Sharife Cooper,3.0,0.2,1.1,0.214,0.1,0.5,0.167,0.2,0.6,0.25,0.25,0.0,0.0,0.0,0.0,0.4,0.4,0.4,0.0,0.0,0.4,0.1,0.5,0.0,0.0,1000.0,0.0,0.0,0.0,0.0,0.0,0.0,0.0,0.0,0.0,0.0,0.0,0.0,0.0,13.0,0.0,39.0,3.0,14.0,0.214,1.0,6.0,0.167,2.0,8.0,0.25,0.25,0.0,0.0,0.0,0.0,5.0,5.0,5.0,0.0,0.0,5.0,1.0,7.0,0.0,-5.4,0.25,0.429,0.0,0.0,14.0,7.0,16.3,0.0,0.0,26.3,21.3,-0.2,0.0,-0.2,-0.297,-11.3,-5.0,-16.3,-0.1,0.0,2022
576,Scottie Lewis,3.5,0.0,0.0,0.0,0.0,0.0,0.0,0.0,0.0,0.0,0.0,0.5,1.0,0.5,0.0,0.0,0.0,0.5,0.5,0.0,0.0,0.0,0.5,0.0,0.0,1000.0,0.0,0.0,0.0,0.0,0.0,0.0,0.0,0.0,0.0,0.0,0.0,0.0,0.0,2.0,0.0,7.0,0.0,0.0,0.0,0.0,0.0,0.0,0.0,0.0,0.0,0.0,1.0,2.0,0.5,0.0,0.0,0.0,1.0,1.0,0.0,0.0,0.0,1.0,0.0,14.6,0.568,0.0,0.0,0.0,0.0,0.0,16.2,6.9,0.0,0.0,5.3,0.0,0.0,0.0,0.164,0.0,5.9,6.0,0.0,0.0,2022
577,Joel Ayayi,2.9,0.1,0.9,0.167,0.0,0.1,0.0,0.1,0.7,0.2,0.167,0.0,0.0,0.0,0.1,0.3,0.4,0.6,0.0,0.0,0.0,0.0,0.3,0.0,0.0,1000.0,0.0,0.0,0.0,0.0,0.0,0.0,0.0,0.0,0.0,0.0,0.0,0.0,0.0,7.0,0.0,20.0,1.0,6.0,0.167,0.0,1.0,0.0,1.0,5.0,0.2,0.167,0.0,0.0,0.0,1.0,2.0,3.0,4.0,0.0,0.0,0.0,0.0,2.0,0.0,3.4,0.167,0.167,0.0,5.6,10.9,8.3,25.4,0.0,0.0,0.0,13.3,0.0,0.0,0.0,-0.098,-4.3,-1.7,-6.0,0.0,0.0,2022
578,Aaron Henry,2.8,0.2,0.8,0.2,0.0,0.2,0.0,0.2,0.7,0.25,0.2,0.0,0.0,0.0,0.0,0.2,0.2,0.0,0.0,0.3,0.3,0.3,0.3,0.0,0.0,1000.0,0.0,0.0,0.0,0.0,0.0,0.0,0.0,0.0,0.0,0.0,0.0,0.0,0.0,6.0,0.0,17.0,1.0,5.0,0.2,0.0,1.0,0.0,1.0,4.0,0.25,0.2,0.0,0.0,0.0,0.0,1.0,1.0,0.0,0.0,2.0,2.0,2.0,2.0,0.0,-7.4,0.2,0.2,0.0,0.0,6.5,3.3,0.0,0.0,10.6,28.6,18.5,-0.1,0.0,-0.1,-0.306,-14.0,-2.4,-16.5,-0.1,0.0,2022
579,George King,4.8,0.0,1.3,0.0,0.0,1.0,0.0,0.0,0.3,0.0,0.0,0.3,0.5,0.5,0.0,1.3,1.3,0.0,0.0,0.0,0.3,1.0,0.3,0.0,0.0,1000.0,0.0,0.0,0.0,0.0,0.0,0.0,0.0,0.0,0.0,0.0,0.0,0.0,0.0,4.0,0.0,19.0,0.0,5.0,0.0,0.0,4.0,0.0,0.0,1.0,0.0,0.0,1.0,2.0,0.5,0.0,5.0,5.0,0.0,0.0,0.0,1.0,4.0,1.0,0.0,-12.3,0.085,0.8,0.4,0.0,29.3,14.6,0.0,0.0,0.0,14.5,16.3,-0.1,0.0,-0.1,-0.296,-16.5,-3.5,-20.1,-0.1,0.0,2022
580,Miye Oni,2.8,0.1,0.6,0.222,0.1,0.5,0.125,0.1,0.1,1.0,0.278,0.0,0.1,0.0,0.1,0.4,0.4,0.3,0.0,0.0,0.1,0.4,0.3,0.0,0.0,1000.0,0.0,0.0,0.0,0.0,0.0,0.0,0.0,0.0,0.0,0.0,0.0,0.0,0.0,16.0,0.0,44.0,2.0,9.0,0.222,1.0,8.0,0.125,1.0,1.0,1.0,0.278,0.0,1.0,0.0,1.0,6.0,7.0,5.0,0.0,0.0,1.0,7.0,5.0,0.0,0.4,0.265,0.889,0.111,2.6,14.4,8.7,14.2,0.0,0.0,9.6,10.3,-0.1,0.0,0.0,-0.032,-7.6,-0.3,-7.9,-0.1,0.0,2022
581,Cat Barber,4.3,0.0,1.3,0.0,0.0,0.0,0.0,0.0,1.3,0.0,0.0,0.0,1.3,0.0,0.3,0.7,1.0,1.0,0.0,0.0,0.3,0.3,0.0,0.0,0.0,1000.0,0.0,0.0,0.0,0.0,0.0,0.0,0.0,0.0,0.0,0.0,0.0,0.0,0.0,3.0,0.0,13.0,0.0,4.0,0.0,0.0,0.0,0.0,0.0,4.0,0.0,0.0,0.0,4.0,0.0,1.0,2.0,3.0,3.0,0.0,0.0,1.0,1.0,0.0,0.0,-11.2,0.0,0.0,1.0,8.5,16.7,12.6,26.7,0.0,0.0,14.8,22.7,-0.1,0.0,-0.1,-0.45,-15.8,-7.6,-23.5,-0.1,0.0,2022
582,Jordan Bell,2.0,0.0,0.0,0.0,0.0,0.0,0.0,0.0,0.0,0.0,0.0,0.0,0.0,0.0,1.0,0.0,1.0,0.0,1.0,0.0,0.0,2.0,0.0,0.0,0.0,1000.0,0.0,0.0,0.0,0.0,0.0,0.0,0.0,0.0,0.0,0.0,0.0,0.0,0.0,1.0,0.0,2.0,0.0,0.0,0.0,0.0,0.0,0.0,0.0,0.0,0.0,0.0,0.0,0.0,0.0,1.0,0.0,1.0,0.0,1.0,0.0,0.0,2.0,0.0,0.0,29.9,0.0,0.0,0.0,56.6,0.0,28.1,0.0,24.4,0.0,0.0,0.0,0.0,0.0,0.0,0.6,-8.1,10.8,2.7,0.0,0.0,2022
583,Zylan Cheatham,5.0,0.0,3.0,0.0,0.0,2.0,0.0,0.0,1.0,0.0,0.0,0.0,0.0,0.0,0.0,0.0,0.0,0.0,0.0,0.0,0.0,0.0,0.0,0.0,0.0,1000.0,0.0,0.0,0.0,0.0,0.0,0.0,0.0,0.0,0.0,0.0,0.0,0.0,0.0,1.0,0.0,5.0,0.0,3.0,0.0,0.0,2.0,0.0,0.0,1.0,0.0,0.0,0.0,0.0,0.0,0.0,0.0,0.0,0.0,0.0,0.0,0.0,0.0,0.0,0.0,-23.8,0.0,0.667,0.0,0.0,0.0,0.0,0.0,0.0,0.0,0.0,26.1,-0.1,0.0,-0.1,-0.61,-19.3,-11.3,-30.6,0.0,0.0,2022
584,Sam Dekker,1.0,0.0,0.0,0.0,0.0,0.0,0.0,0.0,0.0,0.0,0.0,0.0,0.0,0.0,0.0,0.0,0.0,0.0,0.0,0.0,0.0,0.0,0.0,0.0,0.0,1000.0,0.0,0.0,0.0,0.0,0.0,0.0,0.0,0.0,0.0,0.0,0.0,0.0,0.0,1.0,0.0,1.0,0.0,0.0,0.0,0.0,0.0,0.0,0.0,0.0,0.0,0.0,0.0,0.0,0.0,0.0,0.0,0.0,0.0,0.0,0.0,0.0,0.0,0.0,0.0,0.0,0.0,0.0,0.0,0.0,0.0,0.0,0.0,0.0,0.0,0.0,0.0,0.0,0.0,0.0,0.003,-6.2,-3.4,-9.6,0.0,0.0,2022
585,Javin DeLaurier,3.0,0.0,0.0,0.0,0.0,0.0,0.0,0.0,0.0,0.0,0.0,0.0,0.0,0.0,0.0,1.0,1.0,0.0,1.0,0.0,0.0,1.0,0.0,0.0,0.0,1000.0,0.0,0.0,0.0,0.0,0.0,0.0,0.0,0.0,0.0,0.0,0.0,0.0,0.0,1.0,0.0,3.0,0.0,0.0,0.0,0.0,0.0,0.0,0.0,0.0,0.0,0.0,0.0,0.0,0.0,0.0,1.0,1.0,0.0,1.0,0.0,0.0,1.0,0.0,0.0,15.6,0.0,0.0,0.0,0.0,34.6,17.7,0.0,16.0,0.0,0.0,0.0,0.0,0.0,0.0,0.26,-4.8,11.8,7.0,0.0,0.0,2022
586,Jaime Echenique,3.0,0.0,0.0,0.0,0.0,0.0,0.0,0.0,0.0,0.0,0.0,0.0,0.0,0.0,0.0,0.0,0.0,0.0,0.0,0.0,0.0,0.0,0.0,0.0,0.0,1000.0,0.0,0.0,0.0,0.0,0.0,0.0,0.0,0.0,0.0,0.0,0.0,0.0,0.0,1.0,0.0,3.0,0.0,0.0,0.0,0.0,0.0,0.0,0.0,0.0,0.0,0.0,0.0,0.0,0.0,0.0,0.0,0.0,0.0,0.0,0.0,0.0,0.0,0.0,0.0,0.0,0.0,0.0,0.0,0.0,0.0,0.0,0.0,0.0,0.0,0.0,0.0,0.0,0.0,0.0,-0.012,-5.5,-3.0,-8.5,0.0,0.0,2022
587,Jordan Goodwin,3.0,0.0,1.5,0.0,0.0,0.5,0.0,0.0,1.0,0.0,0.0,0.0,0.0,0.0,0.0,0.5,0.5,0.0,0.0,0.0,0.0,0.5,0.0,0.0,0.0,1000.0,0.0,0.0,0.0,0.0,0.0,0.0,0.0,0.0,0.0,0.0,0.0,0.0,0.0,2.0,0.0,6.0,0.0,3.0,0.0,0.0,1.0,0.0,0.0,2.0,0.0,0.0,0.0,0.0,0.0,0.0,1.0,1.0,0.0,0.0,0.0,0.0,1.0,0.0,0.0,-20.4,0.0,0.333,0.0,0.0,18.2,9.2,0.0,0.0,0.0,0.0,22.2,-0.1,0.0,-0.1,-0.533,-24.7,-9.4,-34.1,0.0,0.0,2022
588,Tyler Hall,2.0,0.0,0.0,0.0,0.0,0.0,0.0,0.0,0.0,0.0,0.0,0.0,0.0,0.0,0.0,0.0,0.0,0.0,0.0,0.0,0.0,0.0,0.0,0.0,0.0,1000.0,0.0,0.0,0.0,0.0,0.0,0.0,0.0,0.0,0.0,0.0,0.0,0.0,0.0,1.0,0.0,2.0,0.0,0.0,0.0,0.0,0.0,0.0,0.0,0.0,0.0,0.0,0.0,0.0,0.0,0.0,0.0,0.0,0.0,0.0,0.0,0.0,0.0,0.0,0.0,0.0,0.0,0.0,0.0,0.0,0.0,0.0,0.0,0.0,0.0,0.0,0.0,0.0,0.0,0.0,0.007,-8.1,-0.5,-8.5,0.0,0.0,2022
589,Nate Hinton,1.0,0.0,0.5,0.0,0.0,0.0,0.0,0.0,0.5,0.0,0.0,0.0,0.0,0.0,0.0,0.0,0.0,0.0,0.0,0.0,0.5,0.0,0.0,0.0,0.0,1000.0,0.0,0.0,0.0,0.0,0.0,0.0,0.0,0.0,0.0,0.0,0.0,0.0,0.0,2.0,0.0,2.0,0.0,1.0,0.0,0.0,0.0,0.0,0.0,1.0,0.0,0.0,0.0,0.0,0.0,0.0,0.0,0.0,0.0,0.0,0.0,1.0,0.0,0.0,0.0,-45.2,0.0,0.0,0.0,0.0,0.0,0.0,0.0,0.0,0.0,50.0,42.8,-0.1,0.0,-0.1,-1.231,-28.1,-14.5,-42.6,0.0,0.0,2022
590,Jay Huff,5.0,0.0,0.8,0.0,0.0,0.5,0.0,0.0,0.3,0.0,0.0,0.0,0.0,0.0,0.3,0.8,1.0,0.3,0.3,0.3,0.3,0.3,0.0,0.0,0.0,1000.0,0.0,0.0,0.0,0.0,0.0,0.0,0.0,0.0,0.0,0.0,0.0,0.0,0.0,4.0,0.0,20.0,0.0,3.0,0.0,0.0,2.0,0.0,0.0,1.0,0.0,0.0,0.0,0.0,0.0,1.0,3.0,4.0,1.0,1.0,1.0,1.0,1.0,0.0,0.0,0.6,0.0,0.667,0.0,5.4,16.1,10.8,5.9,2.4,4.5,25.0,8.6,-0.1,0.0,0.0,-0.117,-8.3,0.9,-7.4,0.0,0.0,2022
591,Feron Hunt,4.0,0.0,1.0,0.0,0.0,0.0,0.0,0.0,1.0,0.0,0.0,0.0,0.0,0.0,0.5,0.0,0.5,0.5,0.5,0.0,0.5,0.5,0.0,0.0,0.0,1000.0,0.0,0.0,0.0,0.0,0.0,0.0,0.0,0.0,0.0,0.0,0.0,0.0,0.0,2.0,0.0,8.0,0.0,2.0,0.0,0.0,0.0,0.0,0.0,2.0,0.0,0.0,0.0,0.0,0.0,1.0,0.0,1.0,1.0,1.0,0.0,1.0,1.0,0.0,0.0,-3.0,0.0,0.0,0.0,13.2,0.0,6.7,16.0,6.3,0.0,33.3,16.4,-0.1,0.0,0.0,-0.234,-12.3,1.0,-11.3,0.0,0.0,2022
592,DeJon Jarreau,1.0,0.0,0.0,0.0,0.0,0.0,0.0,0.0,0.0,0.0,0.0,0.0,0.0,0.0,0.0,0.0,0.0,0.0,0.0,0.0,0.0,0.0,0.0,0.0,0.0,1000.0,0.0,0.0,0.0,0.0,0.0,0.0,0.0,0.0,0.0,0.0,0.0,0.0,0.0,1.0,0.0,1.0,0.0,0.0,0.0,0.0,0.0,0.0,0.0,0.0,0.0,0.0,0.0,0.0,0.0,0.0,0.0,0.0,0.0,0.0,0.0,0.0,0.0,0.0,0.0,0.0,0.0,0.0,0.0,0.0,0.0,0.0,0.0,0.0,0.0,0.0,0.0,0.0,0.0,0.0,-0.022,-6.5,-1.5,-8.0,0.0,0.0,2022
593,David Johnson,1.0,0.0,0.5,0.0,0.0,0.5,0.0,0.0,0.0,0.0,0.0,0.0,0.0,0.0,0.0,0.0,0.0,0.0,0.0,0.0,0.0,0.0,0.0,0.0,0.0,1000.0,0.0,0.0,0.0,0.0,0.0,0.0,0.0,0.0,0.0,0.0,0.0,0.0,0.0,2.0,0.0,2.0,0.0,1.0,0.0,0.0,1.0,0.0,0.0,0.0,0.0,0.0,0.0,0.0,0.0,0.0,0.0,0.0,0.0,0.0,0.0,0.0,0.0,0.0,0.0,-20.0,0.0,1.0,0.0,0.0,0.0,0.0,0.0,0.0,0.0,0.0,21.4,0.0,0.0,0.0,-0.495,-19.0,-8.7,-27.7,0.0,0.0,2022
594,Arnoldas Kulboka,2.5,0.0,0.5,0.0,0.0,0.5,0.0,0.0,0.0,0.0,0.0,0.0,0.0,0.0,0.0,0.0,0.0,0.0,0.0,0.0,0.0,0.5,0.0,0.0,0.0,1000.0,0.0,0.0,0.0,0.0,0.0,0.0,0.0,0.0,0.0,0.0,0.0,0.0,0.0,2.0,0.0,5.0,0.0,1.0,0.0,0.0,1.0,0.0,0.0,0.0,0.0,0.0,0.0,0.0,0.0,0.0,0.0,0.0,0.0,0.0,0.0,0.0,1.0,0.0,0.0,-10.7,0.0,1.0,0.0,0.0,0.0,0.0,0.0,0.0,0.0,0.0,8.5,0.0,0.0,0.0,-0.217,-14.7,-7.1,-21.8,0.0,0.0,2022
595,Anthony Lamb,4.0,0.0,1.0,0.0,0.0,1.0,0.0,0.0,0.0,0.0,0.0,0.0,0.0,0.0,0.0,0.5,0.5,1.0,0.0,0.0,0.0,0.0,0.0,0.0,0.0,1000.0,0.0,0.0,0.0,0.0,0.0,0.0,0.0,0.0,0.0,0.0,0.0,0.0,0.0,2.0,0.0,8.0,0.0,2.0,0.0,0.0,2.0,0.0,0.0,0.0,0.0,0.0,0.0,0.0,0.0,0.0,1.0,1.0,2.0,0.0,0.0,0.0,0.0,0.0,0.0,-0.5,0.0,1.0,0.0,0.0,13.2,6.6,27.9,0.0,0.0,0.0,10.6,0.0,0.0,0.0,-0.138,-6.2,-1.8,-8.0,0.0,0.0,2022
596,JaQuori McLaughlin,2.8,0.0,0.5,0.0,0.0,0.3,0.0,0.0,0.3,0.0,0.0,0.0,0.0,0.0,0.0,0.0,0.0,0.5,0.0,0.0,0.0,0.3,0.0,0.0,0.0,1000.0,0.0,0.0,0.0,0.0,0.0,0.0,0.0,0.0,0.0,0.0,0.0,0.0,0.0,4.0,0.0,11.0,0.0,2.0,0.0,0.0,1.0,0.0,0.0,1.0,0.0,0.0,0.0,0.0,0.0,0.0,0.0,0.0,2.0,0.0,0.0,0.0,1.0,0.0,0.0,-2.9,0.0,0.5,0.0,0.0,0.0,0.0,22.3,0.0,0.0,0.0,8.2,0.0,0.0,0.0,-0.101,-9.4,-4.2,-13.6,0.0,0.0,2022
597,C.J. Miles,2.0,0.0,0.0,0.0,0.0,0.0,0.0,0.0,0.0,0.0,0.0,0.0,0.0,0.0,0.0,0.0,0.0,0.0,0.0,0.0,0.0,1.0,0.0,0.0,0.0,1000.0,0.0,0.0,0.0,0.0,0.0,0.0,0.0,0.0,0.0,0.0,0.0,0.0,0.0,1.0,0.0,2.0,0.0,0.0,0.0,0.0,0.0,0.0,0.0,0.0,0.0,0.0,0.0,0.0,0.0,0.0,0.0,0.0,0.0,0.0,0.0,0.0,1.0,0.0,0.0,-7.8,0.0,0.0,0.0,0.0,0.0,0.0,0.0,0.0,0.0,0.0,0.0,0.0,0.0,0.0,0.03,-16.3,0.0,-16.3,0.0,0.0,2022
598,Matt Mooney,2.0,0.0,1.0,0.0,0.0,1.0,0.0,0.0,0.0,0.0,0.0,0.0,0.0,0.0,0.0,0.0,0.0,0.0,1.0,0.0,1.0,0.0,0.0,0.0,0.0,1000.0,0.0,0.0,0.0,0.0,0.0,0.0,0.0,0.0,0.0,0.0,0.0,0.0,0.0,1.0,0.0,2.0,0.0,1.0,0.0,0.0,1.0,0.0,0.0,0.0,0.0,0.0,0.0,0.0,0.0,0.0,0.0,0.0,0.0,1.0,0.0,1.0,0.0,0.0,0.0,-20.0,0.0,1.0,0.0,0.0,0.0,0.0,0.0,25.0,0.0,50.0,43.8,-0.1,0.0,0.0,-0.915,-33.9,11.5,-22.3,0.0,0.0,2022
599,Ade Murkey,1.0,0.0,0.0,0.0,0.0,0.0,0.0,0.0,0.0,0.0,0.0,0.0,0.0,0.0,0.0,0.0,0.0,0.0,0.0,0.0,0.0,0.0,0.0,0.0,0.0,1000.0,0.0,0.0,0.0,0.0,0.0,0.0,0.0,0.0,0.0,0.0,0.0,0.0,0.0,1.0,0.0,1.0,0.0,0.0,0.0,0.0,0.0,0.0,0.0,0.0,0.0,0.0,0.0,0.0,0.0,0.0,0.0,0.0,0.0,0.0,0.0,0.0,0.0,0.0,0.0,0.0,0.0,0.0,0.0,0.0,0.0,0.0,0.0,0.0,0.0,0.0,0.0,0.0,0.0,0.0,-0.017,-7.4,-2.3,-9.7,0.0,0.0,2022
600,Jaysean Paige,7.0,0.0,3.0,0.0,0.0,2.0,0.0,0.0,1.0,0.0,0.0,0.0,0.0,0.0,0.0,1.0,1.0,1.0,0.0,0.0,1.0,2.0,0.0,0.0,0.0,1000.0,0.0,0.0,0.0,0.0,0.0,0.0,0.0,0.0,0.0,0.0,0.0,0.0,0.0,1.0,0.0,7.0,0.0,3.0,0.0,0.0,2.0,0.0,0.0,1.0,0.0,0.0,0.0,0.0,0.0,0.0,1.0,1.0,1.0,0.0,0.0,1.0,2.0,0.0,0.0,-22.2,0.0,0.667,0.0,0.0,16.3,7.7,18.1,0.0,0.0,25.0,24.5,-0.1,0.0,-0.1,-0.574,-25.0,-6.5,-31.5,0.0,0.0,2022
601,Trayvon Palmer,17.0,0.0,1.0,0.0,0.0,0.0,0.0,0.0,1.0,0.0,0.0,0.0,0.0,0.0,0.0,2.0,2.0,0.0,0.0,0.0,1.0,2.0,0.0,0.0,0.0,1000.0,0.0,0.0,0.0,0.0,0.0,0.0,0.0,0.0,0.0,0.0,0.0,0.0,0.0,1.0,0.0,17.0,0.0,1.0,0.0,0.0,0.0,0.0,0.0,1.0,0.0,0.0,0.0,0.0,0.0,0.0,2.0,2.0,0.0,0.0,0.0,1.0,2.0,0.0,0.0,-5.7,0.0,0.0,0.0,0.0,13.4,6.4,0.0,0.0,0.0,50.0,5.0,-0.1,0.0,0.0,-0.133,-13.1,-1.8,-15.0,-0.1,0.0,2022
602,Emanuel Terry,6.0,0.0,1.7,0.0,0.0,0.0,0.0,0.0,1.7,0.0,0.0,0.0,0.0,0.0,2.7,2.3,5.0,0.7,0.3,0.0,1.7,1.3,0.0,0.0,0.0,1000.0,0.0,0.0,0.0,0.0,0.0,0.0,0.0,0.0,0.0,0.0,0.0,0.0,0.0,3.0,0.0,18.0,0.0,5.0,0.0,0.0,0.0,0.0,0.0,5.0,0.0,0.0,0.0,0.0,0.0,8.0,7.0,15.0,2.0,1.0,0.0,5.0,4.0,0.0,0.0,-0.1,0.0,0.0,0.0,48.9,40.6,44.7,12.2,2.7,0.0,50.0,23.9,-0.1,0.0,-0.1,-0.256,-13.0,-5.3,-18.3,-0.1,0.0,2022
603,Jon Teske,2.7,0.0,0.3,0.0,0.0,0.0,0.0,0.0,0.3,0.0,0.0,0.0,0.7,0.0,0.0,0.7,0.7,0.3,0.3,0.0,0.0,0.3,0.0,0.0,0.0,1000.0,0.0,0.0,0.0,0.0,0.0,0.0,0.0,0.0,0.0,0.0,0.0,0.0,0.0,3.0,0.0,8.0,0.0,1.0,0.0,0.0,0.0,0.0,0.0,1.0,0.0,0.0,0.0,2.0,0.0,0.0,2.0,2.0,1.0,1.0,0.0,0.0,1.0,0.0,0.0,1.5,0.0,0.0,2.0,0.0,26.8,13.1,13.8,6.0,0.0,0.0,9.6,0.0,0.0,0.0,-0.08,-8.5,3.7,-4.8,0.0,0.0,2022
604,M.J. Walker,4.0,0.0,2.0,0.0,0.0,1.0,0.0,0.0,1.0,0.0,0.0,0.0,0.0,0.0,0.0,0.5,0.5,0.5,1.0,0.0,0.0,0.5,0.0,0.0,0.0,1000.0,0.0,0.0,0.0,0.0,0.0,0.0,0.0,0.0,0.0,0.0,0.0,0.0,0.0,2.0,0.0,8.0,0.0,4.0,0.0,0.0,2.0,0.0,0.0,2.0,0.0,0.0,0.0,0.0,0.0,0.0,1.0,1.0,1.0,2.0,0.0,0.0,1.0,0.0,0.0,-3.3,0.0,0.5,0.0,0.0,13.1,6.7,13.8,12.0,0.0,0.0,21.5,-0.1,0.0,0.0,-0.276,-15.8,6.2,-9.6,0.0,0.0,2022
