,Player,MPPG,FGPG,FGAPG,FG%PG,3PPG,3PAPG,3P%PG,2PPG,2PAPG,2P%PG,eFG%PG,FTPG,FTAPG,FT%PG,ORBPG,DRBPG,TRBPG,ASTPG,STLPG,BLKPG,TOVPG,PFPG,PTSPG,First,Pts Won,Pts Max,Share,G_x,MP_x,PTS_x,TRB_x,AST_x,STL_x,BLK_x,FG%_x,3P%_x,FT%_x,WS_x,WS/48_x,G_y,GS,MP_y,FG,FGA,FG%_y,3P,3PA,3P%_y,2P,2PA,2P%,eFG%,FT,FTA,FT%_y,ORB,DRB,TRB_y,AST_y,STL_y,BLK_y,TOV,PF,PTS_y,Trp-Dbl,PER,TS%,3PAr,FTr,ORB%,DRB%,TRB%,AST%,STL%,BLK%,TOV%,USG%,OWS,DWS,WS_y,WS/48_y,OBPM,DBPM,BPM,VORP,First Pts Share,Year
0,Joel Embiid,34.6,11.0,20.1,0.548,1.0,3.0,0.33,10.0,17.1,0.587,0.573,10.0,11.7,0.857,1.7,8.4,10.2,4.2,1.0,1.7,3.4,3.1,33.1,73.0,915.0,1000.0,0.915,66.0,34.6,33.1,10.2,4.2,1.0,1.7,0.548,0.33,0.857,12.3,0.259,66.0,66.0,2284.0,728.0,1328.0,0.548,66.0,200.0,0.33,662.0,1128.0,0.587,0.573,661.0,771.0,0.857,113.0,557.0,670.0,274.0,66.0,112.0,226.0,205.0,2183.0,1.0,31.4,0.655,0.151,0.581,5.9,28.3,17.3,22.9,1.4,4.6,11.9,37.0,8.4,3.9,12.3,0.259,6.8,2.3,9.2,6.4,0.073,2023
1,Luka Dončić,36.2,10.9,22.0,0.496,2.8,8.2,0.342,8.1,13.8,0.588,0.56,7.8,10.5,0.742,0.8,7.8,8.6,8.0,1.4,0.5,3.6,2.5,32.4,0.0,10.0,1000.0,0.01,66.0,36.2,32.4,8.6,8.0,1.4,0.5,0.496,0.342,0.742,10.2,0.204,66.0,66.0,2391.0,719.0,1449.0,0.496,185.0,541.0,0.342,534.0,908.0,0.588,0.56,515.0,694.0,0.742,54.0,515.0,569.0,529.0,90.0,33.0,236.0,166.0,2138.0,10.0,28.7,0.609,0.373,0.479,2.6,25.4,13.8,42.3,1.9,1.2,11.9,37.6,7.3,2.9,10.2,0.204,7.6,1.4,8.9,6.6,0.0,2023
2,Damian Lillard,36.3,9.6,20.7,0.463,4.2,11.3,0.371,5.4,9.4,0.574,0.564,8.8,9.6,0.914,0.8,4.0,4.8,7.3,0.9,0.3,3.3,1.9,32.2,0.0,0.0,1000.0,0.0,0.0,0.0,0.0,0.0,0.0,0.0,0.0,0.0,0.0,0.0,0.0,0.0,58.0,58.0,2107.0,556.0,1202.0,0.463,244.0,658.0,0.371,312.0,544.0,0.574,0.564,510.0,558.0,0.914,44.0,233.0,277.0,425.0,50.0,18.0,191.0,109.0,1866.0,2.0,26.7,0.645,0.547,0.464,2.4,12.8,7.6,35.0,1.2,0.8,11.7,33.8,8.2,0.8,9.0,0.205,8.3,-1.2,7.1,4.9,0.0,2023
3,Shai Gilgeous-Alexander,35.5,10.4,20.3,0.51,0.9,2.5,0.345,9.5,17.8,0.533,0.531,9.8,10.9,0.905,0.9,4.0,4.8,5.5,1.6,1.0,2.8,2.8,31.4,0.0,46.0,1000.0,0.046,68.0,35.5,31.4,4.8,5.5,1.6,1.0,0.51,0.345,0.905,11.4,0.226,68.0,68.0,2416.0,704.0,1381.0,0.51,58.0,168.0,0.345,646.0,1213.0,0.533,0.531,669.0,739.0,0.905,59.0,270.0,329.0,371.0,112.0,65.0,192.0,192.0,2135.0,0.0,27.2,0.626,0.122,0.535,2.6,12.2,7.3,25.7,2.2,2.5,10.1,32.8,8.4,3.0,11.4,0.226,5.7,1.5,7.3,5.6,0.0,2023
4,Giannis Antetokounmpo,32.1,11.2,20.3,0.553,0.7,2.7,0.275,10.5,17.6,0.596,0.572,7.9,12.3,0.645,2.2,9.6,11.8,5.7,0.8,0.8,3.9,3.1,31.1,12.0,606.0,1000.0,0.606,63.0,32.1,31.1,11.8,5.7,0.8,0.8,0.553,0.275,0.645,8.6,0.204,63.0,63.0,2024.0,707.0,1278.0,0.553,47.0,171.0,0.275,660.0,1107.0,0.596,0.572,498.0,772.0,0.645,137.0,605.0,742.0,359.0,52.0,51.0,246.0,197.0,1959.0,6.0,29.0,0.605,0.134,0.604,7.3,30.0,19.1,33.2,1.2,2.1,13.2,38.8,4.9,3.7,8.6,0.204,5.8,2.7,8.5,5.4,0.012,2023
5,Jayson Tatum,36.9,9.8,21.1,0.466,3.2,9.3,0.35,6.6,11.8,0.558,0.543,7.2,8.4,0.854,1.1,7.7,8.8,4.6,1.1,0.7,2.9,2.2,30.1,0.0,280.0,1000.0,0.28,74.0,36.9,30.1,8.8,4.6,1.1,0.7,0.466,0.35,0.854,10.5,0.185,74.0,74.0,2732.0,727.0,1559.0,0.466,240.0,686.0,0.35,487.0,873.0,0.558,0.543,531.0,622.0,0.854,78.0,571.0,649.0,342.0,78.0,51.0,213.0,160.0,2225.0,1.0,23.7,0.607,0.44,0.399,3.2,22.5,13.0,20.9,1.4,1.6,10.4,32.7,6.2,4.3,10.5,0.185,4.8,0.7,5.5,5.1,0.0,2023
6,Stephen Curry,34.7,10.0,20.2,0.493,4.9,11.4,0.427,5.1,8.8,0.579,0.614,4.6,5.0,0.915,0.7,5.4,6.1,6.3,0.9,0.4,3.2,2.1,29.4,0.0,5.0,1000.0,0.005,56.0,34.7,29.4,6.1,6.3,0.9,0.4,0.493,0.427,0.915,7.8,0.192,56.0,56.0,1941.0,559.0,1133.0,0.493,273.0,639.0,0.427,286.0,494.0,0.579,0.614,257.0,281.0,0.915,39.0,302.0,341.0,352.0,52.0,20.0,179.0,117.0,1648.0,1.0,24.1,0.656,0.564,0.248,2.3,16.8,9.7,30.0,1.3,0.9,12.5,31.0,5.8,2.0,7.8,0.192,7.5,0.1,7.5,4.7,0.0,2023
7,Kevin Durant,35.6,10.3,18.3,0.56,2.0,4.9,0.404,8.3,13.4,0.617,0.614,6.5,7.1,0.919,0.4,6.3,6.7,5.0,0.7,1.4,3.3,2.1,29.1,0.0,0.0,1000.0,0.0,0.0,0.0,0.0,0.0,0.0,0.0,0.0,0.0,0.0,0.0,0.0,0.0,47.0,47.0,1672.0,483.0,862.0,0.56,93.0,230.0,0.404,390.0,632.0,0.617,0.614,307.0,334.0,0.919,17.0,296.0,313.0,235.0,34.0,67.0,156.0,99.0,1366.0,1.0,25.9,0.677,0.267,0.387,1.2,19.5,10.5,24.5,1.0,3.4,13.4,30.7,4.7,2.1,6.8,0.194,6.0,1.2,7.1,3.9,0.0,2023
8,LeBron James,35.5,11.1,22.2,0.5,2.2,6.9,0.321,8.9,15.3,0.58,0.549,4.6,5.9,0.768,1.2,7.1,8.3,6.8,0.9,0.6,3.2,1.6,28.9,0.0,0.0,1000.0,0.0,0.0,0.0,0.0,0.0,0.0,0.0,0.0,0.0,0.0,0.0,0.0,0.0,55.0,54.0,1954.0,609.0,1219.0,0.5,121.0,377.0,0.321,488.0,842.0,0.58,0.549,251.0,327.0,0.768,65.0,392.0,457.0,375.0,50.0,32.0,178.0,88.0,1590.0,2.0,23.9,0.583,0.309,0.268,3.7,20.8,12.5,33.5,1.2,1.4,11.6,33.3,3.2,2.4,5.6,0.138,5.5,0.6,6.1,4.0,0.0,2023
9,Donovan Mitchell,35.8,10.0,20.6,0.484,3.6,9.3,0.386,6.4,11.3,0.566,0.572,4.7,5.4,0.867,0.9,3.3,4.3,4.4,1.5,0.4,2.6,2.5,28.3,0.0,30.0,1000.0,0.03,68.0,35.8,28.3,4.3,4.4,1.5,0.4,0.484,0.386,0.867,8.9,0.176,68.0,68.0,2432.0,679.0,1402.0,0.484,245.0,635.0,0.386,434.0,767.0,0.566,0.572,319.0,368.0,0.867,63.0,226.0,289.0,301.0,99.0,27.0,180.0,168.0,1922.0,0.0,22.9,0.614,0.453,0.262,3.1,10.9,7.0,21.4,2.0,1.0,10.3,32.1,5.4,3.5,8.9,0.176,5.6,0.6,6.3,5.0,0.0,2023
10,Devin Booker,34.6,9.9,20.1,0.494,2.1,6.0,0.351,7.8,14.2,0.554,0.546,5.8,6.8,0.855,0.9,3.7,4.5,5.5,1.0,0.3,2.7,3.0,27.8,0.0,0.0,1000.0,0.0,0.0,0.0,0.0,0.0,0.0,0.0,0.0,0.0,0.0,0.0,0.0,0.0,53.0,53.0,1835.0,527.0,1067.0,0.494,111.0,316.0,0.351,416.0,751.0,0.554,0.546,306.0,358.0,0.855,46.0,194.0,240.0,293.0,51.0,18.0,145.0,159.0,1471.0,0.0,22.0,0.601,0.296,0.336,2.7,12.0,7.2,27.3,1.4,0.9,10.6,31.8,4.2,1.9,6.0,0.157,4.5,-0.3,4.2,2.9,0.0,2023
11,Kyrie Irving,37.4,9.9,20.1,0.494,3.1,8.3,0.379,6.8,11.8,0.574,0.572,4.1,4.6,0.905,1.0,4.1,5.1,5.5,1.1,0.8,2.1,2.8,27.1,0.0,0.0,1000.0,0.0,0.0,0.0,0.0,0.0,0.0,0.0,0.0,0.0,0.0,0.0,0.0,0.0,60.0,60.0,2241.0,594.0,1203.0,0.494,188.0,496.0,0.379,406.0,707.0,0.574,0.572,247.0,273.0,0.905,59.0,245.0,304.0,331.0,66.0,45.0,128.0,165.0,1623.0,0.0,22.4,0.613,0.412,0.227,3.0,12.3,7.7,25.4,1.4,1.7,8.8,28.9,5.4,2.0,7.4,0.159,4.8,-0.7,4.1,3.5,0.0,2023
12,Jaylen Brown,35.9,10.1,20.6,0.491,2.4,7.3,0.335,7.7,13.4,0.576,0.55,3.9,5.1,0.765,1.2,5.7,6.9,3.5,1.1,0.4,2.9,2.6,26.6,0.0,0.0,1000.0,0.0,0.0,0.0,0.0,0.0,0.0,0.0,0.0,0.0,0.0,0.0,0.0,0.0,67.0,67.0,2405.0,679.0,1383.0,0.491,163.0,487.0,0.335,516.0,896.0,0.576,0.55,263.0,344.0,0.765,78.0,381.0,459.0,232.0,75.0,26.0,197.0,172.0,1784.0,0.0,19.1,0.581,0.352,0.249,3.6,17.0,10.4,16.5,1.5,0.9,11.4,31.4,1.6,3.4,5.0,0.1,1.5,-0.2,1.3,2.0,0.0,2023
13,Ja Morant,31.9,9.3,19.9,0.466,1.5,4.9,0.307,7.8,15.0,0.519,0.504,6.1,8.1,0.748,1.0,4.9,5.9,8.1,1.1,0.3,3.4,1.6,26.2,0.0,1.0,1000.0,0.001,61.0,31.9,26.2,5.9,8.1,1.1,0.3,0.466,0.307,0.748,6.0,0.148,61.0,59.0,1948.0,566.0,1214.0,0.466,92.0,300.0,0.307,474.0,914.0,0.519,0.504,372.0,497.0,0.748,61.0,296.0,357.0,493.0,66.0,16.0,206.0,100.0,1596.0,7.0,23.3,0.557,0.247,0.409,3.3,16.1,9.7,41.1,1.6,0.7,12.6,34.9,3.4,2.6,6.0,0.148,5.2,0.5,5.7,3.8,0.0,2023
14,Trae Young,34.8,8.2,19.0,0.429,2.1,6.3,0.335,6.1,12.7,0.476,0.485,7.8,8.8,0.886,0.8,2.2,3.0,10.2,1.1,0.1,4.1,1.4,26.2,0.0,0.0,1000.0,0.0,0.0,0.0,0.0,0.0,0.0,0.0,0.0,0.0,0.0,0.0,0.0,0.0,73.0,73.0,2541.0,597.0,1390.0,0.429,154.0,460.0,0.335,443.0,930.0,0.476,0.485,566.0,639.0,0.886,56.0,161.0,217.0,741.0,80.0,9.0,300.0,104.0,1914.0,0.0,22.0,0.573,0.331,0.46,2.4,7.0,4.7,42.5,1.5,0.3,15.2,32.6,5.3,1.4,6.7,0.126,5.3,-2.0,3.3,3.4,0.0,2023
15,Zion Williamson,33.0,9.8,16.2,0.608,0.2,0.7,0.368,9.6,15.5,0.618,0.615,6.1,8.6,0.714,2.0,5.0,7.0,4.6,1.1,0.6,3.4,2.2,26.0,0.0,0.0,1000.0,0.0,0.0,0.0,0.0,0.0,0.0,0.0,0.0,0.0,0.0,0.0,0.0,0.0,29.0,29.0,956.0,285.0,469.0,0.608,7.0,19.0,0.368,278.0,450.0,0.618,0.615,177.0,248.0,0.714,58.0,144.0,202.0,133.0,32.0,16.0,99.0,65.0,754.0,0.0,25.2,0.652,0.041,0.529,6.9,17.0,12.0,24.4,1.6,1.6,14.6,30.4,2.3,1.2,3.6,0.18,4.8,1.0,5.8,1.9,0.0,2023
16,Anthony Davis,34.0,9.7,17.2,0.563,0.3,1.3,0.257,9.3,15.9,0.589,0.573,6.2,7.9,0.784,3.5,9.1,12.5,2.6,1.1,2.0,2.2,2.6,25.9,0.0,0.0,1000.0,0.0,0.0,0.0,0.0,0.0,0.0,0.0,0.0,0.0,0.0,0.0,0.0,0.0,56.0,54.0,1904.0,542.0,962.0,0.563,19.0,74.0,0.257,523.0,888.0,0.589,0.573,348.0,444.0,0.784,195.0,507.0,702.0,148.0,59.0,114.0,122.0,146.0,1451.0,0.0,27.8,0.627,0.077,0.462,11.3,27.6,19.7,13.0,1.5,5.1,9.5,28.4,5.5,3.4,9.0,0.226,4.6,1.7,6.3,4.0,0.0,2023
17,Lauri Markkanen,34.4,8.7,17.3,0.499,3.0,7.7,0.391,5.6,9.6,0.585,0.586,5.3,6.0,0.875,2.0,6.7,8.6,1.9,0.6,0.6,1.9,2.1,25.6,0.0,0.0,1000.0,0.0,0.0,0.0,0.0,0.0,0.0,0.0,0.0,0.0,0.0,0.0,0.0,0.0,66.0,66.0,2273.0,571.0,1145.0,0.499,200.0,511.0,0.391,371.0,634.0,0.585,0.586,349.0,399.0,0.875,130.0,440.0,570.0,123.0,42.0,38.0,127.0,137.0,1691.0,0.0,22.1,0.64,0.446,0.348,6.3,20.7,13.6,8.6,0.9,1.4,8.8,26.6,6.3,1.9,8.2,0.173,4.9,-1.0,3.8,3.3,0.0,2023
18,Julius Randle,35.5,8.5,18.6,0.459,2.8,8.3,0.343,5.7,10.3,0.553,0.536,5.2,6.9,0.757,1.8,8.1,10.0,4.1,0.6,0.3,2.8,3.0,25.1,0.0,0.0,1000.0,0.0,0.0,0.0,0.0,0.0,0.0,0.0,0.0,0.0,0.0,0.0,0.0,0.0,77.0,77.0,2737.0,658.0,1432.0,0.459,218.0,636.0,0.343,440.0,796.0,0.553,0.536,402.0,531.0,0.757,141.0,626.0,767.0,316.0,49.0,21.0,216.0,233.0,1936.0,0.0,20.3,0.581,0.444,0.371,5.6,25.2,15.4,18.5,0.9,0.7,11.5,29.5,5.0,3.1,8.1,0.142,3.9,-0.2,3.7,3.9,0.0,2023
19,De'Aaron Fox,33.4,9.3,18.2,0.512,1.6,5.0,0.324,7.7,13.2,0.584,0.557,4.7,6.0,0.78,0.5,3.6,4.2,6.1,1.1,0.3,2.5,2.4,25.0,0.0,2.0,1000.0,0.002,73.0,33.4,25.0,4.2,6.1,1.1,0.3,0.512,0.324,0.78,7.4,0.146,73.0,73.0,2435.0,682.0,1331.0,0.512,119.0,367.0,0.324,563.0,964.0,0.584,0.557,343.0,440.0,0.78,40.0,266.0,306.0,447.0,83.0,23.0,181.0,172.0,1826.0,0.0,21.8,0.599,0.276,0.331,1.9,12.4,7.2,29.6,1.6,0.8,10.6,30.1,5.5,1.8,7.4,0.146,3.4,-0.9,2.5,2.7,0.0,2023
20,Zach LaVine,35.9,8.7,18.0,0.485,2.6,7.1,0.375,6.1,11.0,0.556,0.558,4.7,5.6,0.848,0.5,3.9,4.5,4.2,0.9,0.2,2.5,2.1,24.8,0.0,0.0,1000.0,0.0,0.0,0.0,0.0,0.0,0.0,0.0,0.0,0.0,0.0,0.0,0.0,0.0,77.0,77.0,2768.0,673.0,1388.0,0.485,204.0,544.0,0.375,469.0,844.0,0.556,0.558,363.0,428.0,0.848,42.0,303.0,345.0,327.0,69.0,18.0,194.0,159.0,1913.0,0.0,19.0,0.607,0.392,0.308,1.7,12.2,7.1,18.7,1.2,0.6,11.0,28.3,4.2,2.9,7.1,0.123,2.7,-0.7,1.9,2.7,0.0,2023
21,Brandon Ingram,34.2,9.0,18.6,0.484,1.4,3.6,0.39,7.6,14.9,0.507,0.522,5.3,6.0,0.882,0.5,5.0,5.5,5.8,0.7,0.4,3.3,2.6,24.7,0.0,0.0,1000.0,0.0,0.0,0.0,0.0,0.0,0.0,0.0,0.0,0.0,0.0,0.0,0.0,0.0,45.0,45.0,1538.0,404.0,835.0,0.484,64.0,164.0,0.39,340.0,671.0,0.507,0.522,240.0,272.0,0.882,23.0,223.0,246.0,262.0,32.0,19.0,148.0,116.0,1112.0,2.0,19.2,0.582,0.196,0.326,1.7,16.4,9.1,28.1,1.0,1.2,13.4,30.8,1.8,1.7,3.5,0.108,2.2,-0.4,1.7,1.5,0.0,2023
22,Anthony Edwards,36.0,8.9,19.5,0.459,2.7,7.3,0.369,6.3,12.2,0.513,0.528,4.0,5.3,0.756,0.6,5.2,5.8,4.4,1.6,0.7,3.3,2.4,24.6,0.0,0.0,1000.0,0.0,0.0,0.0,0.0,0.0,0.0,0.0,0.0,0.0,0.0,0.0,0.0,0.0,79.0,79.0,2842.0,707.0,1541.0,0.459,213.0,578.0,0.369,494.0,963.0,0.513,0.528,319.0,422.0,0.756,47.0,411.0,458.0,350.0,125.0,58.0,259.0,186.0,1946.0,0.0,17.4,0.564,0.375,0.274,1.9,15.9,9.0,19.3,2.1,1.8,13.0,29.9,0.2,3.6,3.8,0.064,1.0,0.0,1.0,2.1,0.0,2023
23,DeMar DeRozan,36.2,8.9,17.6,0.504,0.6,1.9,0.324,8.3,15.7,0.526,0.522,6.2,7.1,0.872,0.5,4.2,4.6,5.1,1.1,0.5,2.1,2.5,24.5,0.0,0.0,1000.0,0.0,0.0,0.0,0.0,0.0,0.0,0.0,0.0,0.0,0.0,0.0,0.0,0.0,74.0,74.0,2682.0,657.0,1303.0,0.504,46.0,142.0,0.324,611.0,1161.0,0.526,0.522,456.0,523.0,0.872,34.0,309.0,343.0,377.0,83.0,36.0,153.0,186.0,1816.0,0.0,20.6,0.592,0.109,0.401,1.5,12.8,7.2,22.3,1.5,1.3,9.1,27.8,5.4,3.2,8.5,0.153,1.7,0.3,2.0,2.6,0.0,2023
24,Nikola Jokić,33.7,9.4,14.8,0.632,0.8,2.2,0.383,8.5,12.7,0.675,0.66,4.9,6.0,0.822,2.4,9.4,11.8,9.8,1.3,0.7,3.6,2.5,24.5,15.0,674.0,1000.0,0.674,69.0,33.7,24.5,11.8,9.8,1.3,0.7,0.632,0.383,0.822,14.9,0.308,69.0,69.0,2323.0,646.0,1022.0,0.632,57.0,149.0,0.383,589.0,873.0,0.675,0.66,341.0,415.0,0.822,167.0,650.0,817.0,678.0,87.0,47.0,247.0,174.0,1690.0,29.0,31.5,0.701,0.146,0.406,8.5,31.3,20.2,46.6,1.8,1.8,17.0,27.2,11.2,3.8,14.9,0.308,8.5,4.5,13.0,8.8,0.015,2023
25,Pascal Siakam,37.4,8.9,18.5,0.48,1.3,4.0,0.324,7.6,14.5,0.523,0.515,5.2,6.7,0.774,1.8,6.0,7.8,5.8,0.9,0.5,2.4,3.2,24.2,0.0,0.0,1000.0,0.0,0.0,0.0,0.0,0.0,0.0,0.0,0.0,0.0,0.0,0.0,0.0,0.0,71.0,71.0,2652.0,630.0,1313.0,0.48,93.0,287.0,0.324,537.0,1026.0,0.523,0.515,367.0,474.0,0.774,131.0,425.0,556.0,415.0,65.0,36.0,169.0,228.0,1720.0,2.0,20.3,0.565,0.219,0.361,5.2,19.6,11.9,24.9,1.2,1.3,10.0,27.2,5.2,2.6,7.8,0.141,3.3,-0.1,3.1,3.4,0.0,2023
26,Jalen Brunson,35.0,8.6,17.6,0.491,2.0,4.7,0.416,6.7,12.8,0.519,0.547,4.8,5.8,0.829,0.6,3.0,3.5,6.2,0.9,0.2,2.1,2.2,24.0,0.0,1.0,1000.0,0.001,68.0,35.0,24.0,3.5,6.2,0.9,0.2,0.491,0.416,0.829,8.7,0.175,68.0,68.0,2379.0,587.0,1195.0,0.491,134.0,322.0,0.416,453.0,873.0,0.519,0.547,325.0,392.0,0.829,40.0,201.0,241.0,421.0,61.0,15.0,142.0,152.0,1633.0,0.0,21.2,0.597,0.269,0.328,1.8,9.3,5.6,28.7,1.3,0.6,9.4,27.2,6.9,1.8,8.7,0.175,4.4,-0.5,3.9,3.5,0.0,2023
27,Paul George,34.6,8.2,17.9,0.457,2.8,7.6,0.371,5.4,10.3,0.521,0.536,4.6,5.3,0.871,0.8,5.3,6.1,5.1,1.5,0.4,3.1,2.8,23.8,0.0,0.0,1000.0,0.0,0.0,0.0,0.0,0.0,0.0,0.0,0.0,0.0,0.0,0.0,0.0,0.0,56.0,56.0,1939.0,459.0,1004.0,0.457,158.0,426.0,0.371,301.0,578.0,0.521,0.536,256.0,294.0,0.871,45.0,297.0,342.0,288.0,83.0,20.0,176.0,159.0,1332.0,1.0,19.6,0.588,0.424,0.293,2.6,17.0,9.9,24.2,2.1,0.9,13.4,29.5,2.3,2.3,4.6,0.114,2.4,0.3,2.8,2.3,0.0,2023
28,Kawhi Leonard,33.6,8.6,16.8,0.512,2.0,4.8,0.416,6.6,11.9,0.551,0.572,4.7,5.4,0.871,1.1,5.4,6.5,3.9,1.4,0.5,1.7,1.6,23.8,0.0,0.0,1000.0,0.0,0.0,0.0,0.0,0.0,0.0,0.0,0.0,0.0,0.0,0.0,0.0,0.0,52.0,50.0,1748.0,446.0,871.0,0.512,104.0,250.0,0.416,342.0,621.0,0.551,0.572,243.0,279.0,0.871,57.0,281.0,338.0,204.0,72.0,28.0,88.0,84.0,1239.0,0.0,23.9,0.623,0.287,0.32,3.7,17.8,10.8,19.6,2.0,1.4,8.1,27.0,4.9,2.2,7.1,0.194,5.1,0.9,6.1,3.5,0.0,2023
29,LaMelo Ball,35.2,8.2,20.0,0.411,4.0,10.6,0.376,4.2,9.4,0.45,0.51,2.8,3.4,0.836,1.2,5.3,6.4,8.4,1.3,0.3,3.6,3.3,23.3,0.0,0.0,1000.0,0.0,0.0,0.0,0.0,0.0,0.0,0.0,0.0,0.0,0.0,0.0,0.0,0.0,36.0,36.0,1268.0,296.0,721.0,0.411,144.0,383.0,0.376,152.0,338.0,0.45,0.51,102.0,122.0,0.836,42.0,189.0,231.0,304.0,46.0,11.0,129.0,118.0,838.0,3.0,17.9,0.541,0.531,0.169,3.5,16.2,9.7,38.7,1.7,0.8,14.3,30.0,0.6,1.2,1.8,0.068,3.2,-0.8,2.4,1.4,0.0,2023
30,Bradley Beal,33.5,8.9,17.6,0.506,1.6,4.4,0.365,7.3,13.2,0.552,0.551,3.8,4.6,0.842,0.8,3.1,3.9,5.4,0.9,0.7,2.9,2.1,23.2,0.0,0.0,1000.0,0.0,0.0,0.0,0.0,0.0,0.0,0.0,0.0,0.0,0.0,0.0,0.0,0.0,50.0,50.0,1673.0,444.0,878.0,0.506,80.0,219.0,0.365,364.0,659.0,0.552,0.551,192.0,228.0,0.842,41.0,155.0,196.0,271.0,45.0,33.0,145.0,107.0,1160.0,0.0,19.7,0.593,0.249,0.26,2.8,9.9,6.5,26.6,1.3,1.7,12.9,29.2,2.2,1.2,3.4,0.099,2.9,-1.2,1.8,1.6,0.0,2023
31,Kristaps Porziņģis,32.6,7.8,15.7,0.498,2.1,5.5,0.385,5.7,10.2,0.559,0.565,5.4,6.4,0.851,1.8,6.6,8.4,2.7,0.9,1.5,2.1,3.0,23.2,0.0,0.0,1000.0,0.0,0.0,0.0,0.0,0.0,0.0,0.0,0.0,0.0,0.0,0.0,0.0,0.0,65.0,65.0,2120.0,507.0,1018.0,0.498,137.0,356.0,0.385,370.0,662.0,0.559,0.565,354.0,416.0,0.851,114.0,432.0,546.0,174.0,58.0,100.0,137.0,196.0,1505.0,0.0,23.1,0.627,0.35,0.409,6.2,21.8,14.3,12.9,1.3,4.0,10.2,27.4,5.0,2.7,7.7,0.174,3.8,0.5,4.3,3.4,0.0,2023
32,Jimmy Butler,33.4,7.5,13.9,0.539,0.6,1.6,0.35,6.9,12.3,0.564,0.56,7.4,8.7,0.85,2.2,3.7,5.9,5.3,1.8,0.3,1.6,1.3,22.9,0.0,3.0,1000.0,0.003,64.0,33.4,22.9,5.9,5.3,1.8,0.3,0.539,0.35,0.85,12.3,0.277,64.0,64.0,2138.0,479.0,888.0,0.539,36.0,103.0,0.35,443.0,785.0,0.564,0.56,472.0,555.0,0.85,141.0,234.0,375.0,340.0,117.0,21.0,101.0,80.0,1466.0,0.0,27.6,0.647,0.116,0.625,7.5,13.3,10.3,27.1,2.7,1.0,8.2,25.6,9.4,2.9,12.3,0.277,6.7,2.0,8.7,5.8,0.0,2023
33,Jalen Green,34.2,7.4,17.9,0.416,2.5,7.3,0.338,5.0,10.6,0.471,0.485,4.8,6.1,0.786,0.6,3.2,3.7,3.7,0.8,0.2,2.6,1.7,22.1,0.0,0.0,1000.0,0.0,0.0,0.0,0.0,0.0,0.0,0.0,0.0,0.0,0.0,0.0,0.0,0.0,76.0,76.0,2602.0,566.0,1359.0,0.416,187.0,554.0,0.338,379.0,805.0,0.471,0.485,364.0,463.0,0.786,43.0,241.0,284.0,281.0,59.0,18.0,200.0,131.0,1683.0,0.0,14.5,0.538,0.408,0.341,1.8,10.3,6.0,17.3,1.1,0.7,11.3,28.1,1.4,0.5,1.8,0.034,0.5,-2.6,-2.1,0.0,0.0,2023
34,Keldon Johnson,32.7,8.0,17.7,0.452,2.1,6.5,0.329,5.9,11.2,0.523,0.512,3.9,5.2,0.749,0.9,4.2,5.0,2.9,0.7,0.2,2.1,2.0,22.0,0.0,0.0,1000.0,0.0,0.0,0.0,0.0,0.0,0.0,0.0,0.0,0.0,0.0,0.0,0.0,0.0,63.0,63.0,2063.0,503.0,1113.0,0.452,134.0,407.0,0.329,369.0,706.0,0.523,0.512,245.0,327.0,0.749,56.0,262.0,318.0,183.0,46.0,11.0,134.0,125.0,1385.0,0.0,15.3,0.551,0.366,0.294,2.9,14.4,8.4,13.7,1.1,0.4,9.6,27.9,0.7,0.5,1.3,0.03,0.7,-2.5,-1.8,0.1,0.0,2023
35,Klay Thompson,33.0,7.9,18.1,0.436,4.4,10.6,0.412,3.6,7.6,0.47,0.556,1.7,1.9,0.879,0.6,3.6,4.1,2.4,0.7,0.4,1.8,1.9,21.9,0.0,0.0,1000.0,0.0,0.0,0.0,0.0,0.0,0.0,0.0,0.0,0.0,0.0,0.0,0.0,0.0,69.0,69.0,2279.0,546.0,1252.0,0.436,301.0,731.0,0.412,245.0,521.0,0.47,0.556,116.0,132.0,0.879,39.0,247.0,286.0,163.0,49.0,29.0,123.0,130.0,1509.0,0.0,14.7,0.576,0.584,0.105,1.9,11.7,6.9,11.0,1.0,1.1,8.6,26.4,1.2,1.9,3.1,0.066,1.5,-1.7,-0.3,1.0,0.0,2023
36,Bojan Bogdanović,32.1,7.3,14.9,0.488,2.5,6.0,0.411,4.8,9.0,0.539,0.57,4.5,5.1,0.884,0.6,3.2,3.8,2.6,0.6,0.1,2.3,1.9,21.6,0.0,0.0,1000.0,0.0,0.0,0.0,0.0,0.0,0.0,0.0,0.0,0.0,0.0,0.0,0.0,0.0,59.0,59.0,1893.0,430.0,882.0,0.488,145.0,353.0,0.411,285.0,529.0,0.539,0.57,268.0,303.0,0.884,36.0,187.0,223.0,152.0,34.0,8.0,135.0,113.0,1273.0,0.0,17.4,0.627,0.4,0.344,2.0,11.3,6.5,13.6,0.9,0.4,11.7,25.9,3.1,0.4,3.5,0.09,2.6,-1.8,0.8,1.4,0.0,2023
37,Darius Garland,35.5,7.6,16.4,0.462,2.4,6.0,0.41,5.1,10.4,0.492,0.537,4.0,4.7,0.863,0.4,2.3,2.7,7.8,1.2,0.1,2.9,2.1,21.6,0.0,0.0,1000.0,0.0,0.0,0.0,0.0,0.0,0.0,0.0,0.0,0.0,0.0,0.0,0.0,0.0,69.0,69.0,2447.0,522.0,1129.0,0.462,169.0,412.0,0.41,353.0,717.0,0.492,0.537,277.0,321.0,0.863,28.0,157.0,185.0,538.0,85.0,9.0,199.0,148.0,1490.0,0.0,18.8,0.587,0.365,0.284,1.3,7.6,4.5,34.1,1.7,0.3,13.5,26.9,4.5,3.0,7.6,0.148,3.2,-0.7,2.4,2.7,0.0,2023
38,Desmond Bane,31.7,7.8,16.2,0.479,2.9,7.0,0.408,4.9,9.2,0.534,0.568,3.1,3.5,0.883,0.7,4.3,5.0,4.4,1.0,0.4,2.2,2.6,21.5,0.0,0.0,1000.0,0.0,0.0,0.0,0.0,0.0,0.0,0.0,0.0,0.0,0.0,0.0,0.0,0.0,58.0,58.0,1841.0,450.0,939.0,0.479,166.0,407.0,0.408,284.0,532.0,0.534,0.568,181.0,205.0,0.883,43.0,248.0,291.0,254.0,56.0,22.0,126.0,150.0,1247.0,0.0,19.1,0.606,0.433,0.218,2.5,14.3,8.4,20.8,1.4,1.1,10.9,26.1,3.5,2.3,5.8,0.151,3.3,0.1,3.5,2.5,0.0,2023
39,Kyle Kuzma,35.0,8.0,17.8,0.448,2.5,7.5,0.333,5.5,10.3,0.533,0.518,2.7,3.7,0.73,0.9,6.4,7.2,3.7,0.6,0.5,3.0,2.3,21.2,0.0,0.0,1000.0,0.0,0.0,0.0,0.0,0.0,0.0,0.0,0.0,0.0,0.0,0.0,0.0,0.0,64.0,64.0,2239.0,512.0,1142.0,0.448,160.0,481.0,0.333,352.0,661.0,0.533,0.518,173.0,237.0,0.73,55.0,408.0,463.0,239.0,36.0,29.0,190.0,145.0,1357.0,1.0,14.3,0.544,0.421,0.208,2.8,19.5,11.5,16.5,0.8,1.1,13.2,27.9,-1.0,1.9,0.9,0.019,-0.2,-1.5,-1.7,0.2,0.0,2023
40,Terry Rozier,35.3,7.8,18.9,0.415,2.6,8.0,0.327,5.2,10.8,0.48,0.484,2.8,3.5,0.809,0.8,3.3,4.1,5.1,1.2,0.3,2.1,1.9,21.1,0.0,0.0,1000.0,0.0,0.0,0.0,0.0,0.0,0.0,0.0,0.0,0.0,0.0,0.0,0.0,0.0,63.0,63.0,2221.0,493.0,1188.0,0.415,165.0,505.0,0.327,328.0,683.0,0.48,0.484,178.0,220.0,0.809,51.0,208.0,259.0,319.0,74.0,16.0,134.0,119.0,1329.0,0.0,14.7,0.517,0.425,0.185,2.4,10.2,6.2,22.7,1.6,0.6,9.4,26.9,0.1,1.6,1.7,0.037,0.6,-1.1,-0.6,0.8,0.0,2023
41,Anfernee Simons,35.0,7.5,16.9,0.447,3.4,9.1,0.377,4.1,7.8,0.528,0.548,2.6,2.9,0.894,0.3,2.3,2.6,4.1,0.7,0.2,2.1,2.3,21.1,0.0,0.0,1000.0,0.0,0.0,0.0,0.0,0.0,0.0,0.0,0.0,0.0,0.0,0.0,0.0,0.0,62.0,62.0,2171.0,467.0,1045.0,0.447,212.0,562.0,0.377,255.0,483.0,0.528,0.548,160.0,179.0,0.894,18.0,143.0,161.0,253.0,42.0,14.0,128.0,142.0,1306.0,0.0,14.8,0.581,0.538,0.171,0.9,7.6,4.3,18.6,0.9,0.6,10.2,25.1,2.1,0.3,2.5,0.054,1.3,-2.5,-1.1,0.5,0.0,2023
42,James Harden,36.8,6.4,14.5,0.441,2.8,7.2,0.385,3.6,7.3,0.495,0.536,5.4,6.2,0.867,0.7,5.4,6.1,10.7,1.2,0.5,3.4,1.9,21.0,0.0,0.0,1000.0,0.0,0.0,0.0,0.0,0.0,0.0,0.0,0.0,0.0,0.0,0.0,0.0,0.0,58.0,58.0,2135.0,371.0,842.0,0.441,161.0,418.0,0.385,210.0,424.0,0.495,0.536,313.0,361.0,0.867,40.0,314.0,354.0,618.0,71.0,31.0,195.0,112.0,1216.0,5.0,21.6,0.607,0.496,0.429,2.3,17.1,9.8,43.3,1.6,1.4,16.3,25.0,5.8,2.6,8.4,0.188,5.1,0.3,5.4,4.0,0.0,2023
43,CJ McCollum,35.3,7.8,17.9,0.437,2.8,7.2,0.389,5.0,10.7,0.469,0.515,2.4,3.2,0.769,0.7,3.6,4.4,5.7,0.9,0.5,2.4,2.0,20.9,0.0,0.0,1000.0,0.0,0.0,0.0,0.0,0.0,0.0,0.0,0.0,0.0,0.0,0.0,0.0,0.0,75.0,75.0,2649.0,587.0,1344.0,0.437,211.0,543.0,0.389,376.0,801.0,0.469,0.515,183.0,238.0,0.769,55.0,273.0,328.0,429.0,70.0,38.0,183.0,153.0,1568.0,0.0,15.6,0.541,0.404,0.177,2.4,11.7,7.0,25.1,1.3,1.4,11.2,26.4,1.5,2.8,4.3,0.078,1.5,-0.7,0.8,1.9,0.0,2023
44,Jordan Clarkson,32.6,7.5,16.9,0.444,2.5,7.5,0.338,5.0,9.4,0.53,0.519,3.3,4.0,0.816,1.2,2.9,4.0,4.4,0.5,0.2,3.0,2.0,20.8,0.0,0.0,1000.0,0.0,0.0,0.0,0.0,0.0,0.0,0.0,0.0,0.0,0.0,0.0,0.0,0.0,61.0,61.0,1988.0,458.0,1031.0,0.444,155.0,459.0,0.338,303.0,572.0,0.53,0.519,200.0,245.0,0.816,72.0,174.0,246.0,270.0,33.0,13.0,186.0,120.0,1271.0,0.0,14.7,0.558,0.445,0.238,4.0,9.3,6.7,20.9,0.8,0.6,14.0,27.8,0.9,0.8,1.7,0.042,1.0,-2.4,-1.4,0.3,0.0,2023
45,Karl-Anthony Towns,33.0,7.3,14.8,0.495,2.1,5.7,0.366,5.2,9.1,0.576,0.565,4.1,4.7,0.874,1.7,6.5,8.1,4.8,0.7,0.6,3.0,3.8,20.8,0.0,0.0,1000.0,0.0,0.0,0.0,0.0,0.0,0.0,0.0,0.0,0.0,0.0,0.0,0.0,0.0,29.0,29.0,957.0,212.0,428.0,0.495,60.0,164.0,0.366,152.0,264.0,0.576,0.565,118.0,135.0,0.874,48.0,188.0,236.0,140.0,20.0,17.0,86.0,111.0,602.0,0.0,18.8,0.618,0.383,0.315,5.7,21.6,13.8,22.0,1.0,1.5,15.0,25.6,1.5,1.1,2.7,0.133,2.1,0.9,3.0,1.2,0.0,2023
46,Tyrese Haliburton,33.6,7.4,15.0,0.49,2.9,7.2,0.4,4.5,7.8,0.572,0.586,3.1,3.6,0.871,0.6,3.1,3.7,10.4,1.6,0.4,2.5,1.2,20.7,0.0,0.0,1000.0,0.0,0.0,0.0,0.0,0.0,0.0,0.0,0.0,0.0,0.0,0.0,0.0,0.0,56.0,56.0,1883.0,412.0,841.0,0.49,161.0,402.0,0.4,251.0,439.0,0.572,0.586,175.0,201.0,0.871,33.0,172.0,205.0,585.0,91.0,25.0,141.0,69.0,1160.0,0.0,23.6,0.624,0.478,0.239,1.9,10.1,6.0,47.6,2.3,1.1,13.2,23.8,6.4,1.2,7.6,0.195,7.0,0.2,7.2,4.4,0.0,2023
47,Jerami Grant,35.7,6.9,14.5,0.475,2.3,5.7,0.401,4.6,8.8,0.523,0.554,4.4,5.4,0.813,0.8,3.7,4.5,2.4,0.8,0.8,1.8,2.4,20.5,0.0,0.0,1000.0,0.0,0.0,0.0,0.0,0.0,0.0,0.0,0.0,0.0,0.0,0.0,0.0,0.0,63.0,63.0,2246.0,434.0,913.0,0.475,144.0,359.0,0.401,290.0,554.0,0.523,0.554,278.0,342.0,0.813,53.0,230.0,283.0,150.0,51.0,53.0,116.0,152.0,1290.0,0.0,16.0,0.606,0.393,0.375,2.7,11.9,7.2,10.3,1.1,2.1,9.8,22.8,3.1,1.0,4.1,0.087,1.2,-1.4,-0.2,1.0,0.0,2023
48,Dejounte Murray,36.4,8.3,17.8,0.464,1.8,5.2,0.344,6.5,12.6,0.514,0.514,2.1,2.6,0.832,0.7,4.5,5.3,6.1,1.5,0.3,2.2,1.4,20.5,0.0,0.0,1000.0,0.0,0.0,0.0,0.0,0.0,0.0,0.0,0.0,0.0,0.0,0.0,0.0,0.0,74.0,74.0,2693.0,612.0,1319.0,0.464,133.0,387.0,0.344,479.0,932.0,0.514,0.514,158.0,190.0,0.832,53.0,336.0,389.0,448.0,112.0,19.0,160.0,106.0,1515.0,1.0,17.0,0.54,0.293,0.144,2.1,13.8,7.9,24.0,2.0,0.6,10.2,24.4,2.4,2.3,4.7,0.084,1.1,0.0,1.0,2.1,0.0,2023
49,Bam Adebayo,34.6,8.0,14.9,0.54,0.0,0.2,0.083,8.0,14.7,0.545,0.541,4.3,5.4,0.806,2.5,6.7,9.2,3.2,1.2,0.8,2.5,2.8,20.4,0.0,0.0,1000.0,0.0,0.0,0.0,0.0,0.0,0.0,0.0,0.0,0.0,0.0,0.0,0.0,0.0,75.0,75.0,2598.0,602.0,1114.0,0.54,1.0,12.0,0.083,601.0,1102.0,0.545,0.541,324.0,402.0,0.806,184.0,504.0,688.0,240.0,88.0,61.0,187.0,208.0,1529.0,0.0,20.1,0.592,0.011,0.361,8.0,23.6,15.5,15.9,1.7,2.4,12.7,25.2,3.6,3.8,7.4,0.137,0.8,0.8,1.5,2.3,0.0,2023
50,Jordan Poole,30.0,6.7,15.6,0.43,2.6,7.8,0.336,4.1,7.8,0.524,0.514,4.4,5.1,0.87,0.4,2.4,2.7,4.5,0.8,0.3,3.1,2.6,20.4,0.0,0.0,1000.0,0.0,0.0,0.0,0.0,0.0,0.0,0.0,0.0,0.0,0.0,0.0,0.0,0.0,82.0,43.0,2458.0,550.0,1278.0,0.43,214.0,637.0,0.336,336.0,641.0,0.524,0.514,361.0,415.0,0.87,32.0,193.0,225.0,369.0,63.0,21.0,252.0,214.0,1675.0,0.0,14.6,0.573,0.498,0.325,1.5,8.5,5.0,22.5,1.2,0.8,14.7,29.2,1.4,1.9,3.2,0.063,-0.1,-1.8,-1.9,0.1,0.0,2023
51,Tyrese Maxey,33.6,7.3,15.2,0.481,2.7,6.2,0.434,4.7,9.1,0.513,0.568,3.0,3.6,0.845,0.4,2.6,2.9,3.5,0.8,0.1,1.3,2.2,20.3,0.0,0.0,1000.0,0.0,0.0,0.0,0.0,0.0,0.0,0.0,0.0,0.0,0.0,0.0,0.0,0.0,60.0,41.0,2016.0,439.0,913.0,0.481,160.0,369.0,0.434,279.0,544.0,0.513,0.568,180.0,213.0,0.845,23.0,153.0,176.0,212.0,49.0,8.0,80.0,132.0,1218.0,0.0,17.0,0.605,0.404,0.233,1.4,8.8,5.2,16.9,1.2,0.4,7.4,24.1,3.7,1.6,5.4,0.128,1.9,-1.2,0.6,1.3,0.0,2023
52,Kelly Oubre Jr.,32.3,7.4,17.1,0.431,2.3,7.1,0.319,5.1,10.0,0.51,0.497,3.3,4.3,0.76,1.4,3.8,5.2,1.1,1.4,0.4,1.3,2.9,20.3,0.0,0.0,1000.0,0.0,0.0,0.0,0.0,0.0,0.0,0.0,0.0,0.0,0.0,0.0,0.0,0.0,48.0,40.0,1548.0,353.0,819.0,0.431,108.0,339.0,0.319,245.0,480.0,0.51,0.497,158.0,208.0,0.76,65.0,184.0,249.0,54.0,68.0,18.0,64.0,141.0,972.0,0.0,14.8,0.534,0.414,0.254,4.4,12.9,8.6,5.6,2.1,1.0,6.6,26.5,0.1,1.5,1.7,0.051,-0.4,-0.7,-1.1,0.3,0.0,2023
53,Mikal Bridges,35.7,7.1,15.3,0.468,2.0,5.3,0.382,5.1,9.9,0.514,0.535,3.8,4.3,0.895,1.0,3.4,4.4,3.3,1.1,0.7,1.5,1.9,20.1,0.0,0.0,1000.0,0.0,0.0,0.0,0.0,0.0,0.0,0.0,0.0,0.0,0.0,0.0,0.0,0.0,83.0,83.0,2963.0,593.0,1267.0,0.468,169.0,442.0,0.382,424.0,825.0,0.514,0.535,316.0,353.0,0.895,79.0,285.0,364.0,273.0,91.0,61.0,127.0,159.0,1671.0,0.0,16.8,0.587,0.349,0.279,2.9,10.8,6.8,13.7,1.5,1.8,8.2,22.6,4.4,3.1,7.5,0.121,1.5,0.2,1.7,2.8,0.0,2023
54,Tyler Herro,34.9,7.3,16.6,0.439,3.0,8.0,0.378,4.2,8.5,0.497,0.531,2.5,2.7,0.934,0.4,5.0,5.4,4.2,0.8,0.2,2.4,1.5,20.1,0.0,0.0,1000.0,0.0,0.0,0.0,0.0,0.0,0.0,0.0,0.0,0.0,0.0,0.0,0.0,0.0,67.0,67.0,2337.0,487.0,1109.0,0.439,203.0,537.0,0.378,284.0,572.0,0.497,0.531,170.0,182.0,0.934,27.0,333.0,360.0,280.0,51.0,16.0,158.0,101.0,1347.0,1.0,15.3,0.566,0.484,0.164,1.3,17.3,9.0,19.9,1.1,0.7,11.7,25.6,1.1,2.4,3.5,0.072,1.5,-0.8,0.6,1.6,0.0,2023
55,Paolo Banchero,33.8,6.7,15.6,0.427,1.2,4.0,0.298,5.5,11.6,0.471,0.465,5.5,7.4,0.738,1.2,5.7,6.9,3.7,0.8,0.5,2.8,2.2,20.0,0.0,0.0,1000.0,0.0,0.0,0.0,0.0,0.0,0.0,0.0,0.0,0.0,0.0,0.0,0.0,0.0,72.0,72.0,2430.0,479.0,1122.0,0.427,85.0,285.0,0.298,394.0,837.0,0.471,0.465,394.0,534.0,0.738,84.0,413.0,497.0,269.0,60.0,39.0,200.0,160.0,1437.0,0.0,14.9,0.529,0.254,0.476,3.9,19.3,11.6,17.2,1.2,1.5,12.8,27.5,-0.3,2.6,2.4,0.047,-0.7,-0.7,-1.5,0.3,0.0,2023
56,Louis King,29.0,8.0,13.0,0.615,4.0,8.0,0.5,4.0,5.0,0.8,0.769,0.0,1.0,0.0,2.0,2.0,4.0,2.0,1.0,0.0,2.0,4.0,20.0,0.0,0.0,1000.0,0.0,0.0,0.0,0.0,0.0,0.0,0.0,0.0,0.0,0.0,0.0,0.0,0.0,1.0,0.0,29.0,8.0,13.0,0.615,4.0,8.0,0.5,4.0,5.0,0.8,0.769,0.0,1.0,0.0,2.0,2.0,4.0,2.0,1.0,0.0,2.0,4.0,20.0,0.0,21.3,0.744,0.615,0.077,8.3,8.0,8.1,12.2,1.7,0.0,13.0,23.8,0.1,0.0,0.1,0.157,3.3,-1.0,2.3,0.0,0.0,2023
57,Jamal Murray,32.8,7.3,16.0,0.454,2.6,6.6,0.398,4.6,9.4,0.494,0.537,2.8,3.3,0.833,0.7,3.2,4.0,6.2,1.0,0.2,2.2,1.6,20.0,0.0,0.0,1000.0,0.0,0.0,0.0,0.0,0.0,0.0,0.0,0.0,0.0,0.0,0.0,0.0,0.0,65.0,65.0,2133.0,473.0,1041.0,0.454,172.0,432.0,0.398,301.0,609.0,0.494,0.537,180.0,216.0,0.833,48.0,209.0,257.0,400.0,66.0,16.0,145.0,103.0,1298.0,1.0,18.0,0.571,0.415,0.207,2.7,11.0,6.9,27.5,1.5,0.7,11.3,26.1,3.3,1.9,5.1,0.116,2.6,-1.3,1.3,1.8,0.0,2023
58,Cade Cunningham,33.3,7.8,18.7,0.415,1.4,5.1,0.279,6.3,13.6,0.466,0.453,3.0,3.6,0.837,1.0,5.2,6.2,6.0,0.8,0.6,3.3,2.8,19.9,0.0,0.0,1000.0,0.0,0.0,0.0,0.0,0.0,0.0,0.0,0.0,0.0,0.0,0.0,0.0,0.0,12.0,12.0,400.0,93.0,224.0,0.415,17.0,61.0,0.279,76.0,163.0,0.466,0.453,36.0,43.0,0.837,12.0,62.0,74.0,72.0,10.0,7.0,39.0,34.0,239.0,0.0,14.0,0.492,0.272,0.192,3.2,17.7,10.3,30.7,1.2,1.5,13.8,30.0,-0.4,0.2,-0.1,-0.018,-0.1,-0.6,-0.7,0.1,0.0,2023
59,RJ Barrett,33.9,7.0,16.1,0.434,1.7,5.3,0.31,5.3,10.8,0.495,0.485,4.0,5.4,0.74,0.8,4.2,5.0,2.8,0.4,0.2,2.2,2.5,19.6,0.0,0.0,1000.0,0.0,0.0,0.0,0.0,0.0,0.0,0.0,0.0,0.0,0.0,0.0,0.0,0.0,73.0,73.0,2475.0,510.0,1176.0,0.434,121.0,390.0,0.31,389.0,786.0,0.495,0.485,290.0,392.0,0.74,60.0,308.0,368.0,201.0,31.0,15.0,164.0,179.0,1431.0,0.0,12.9,0.531,0.332,0.333,2.7,13.7,8.2,12.4,0.6,0.6,10.8,26.2,0.5,1.8,2.2,0.043,-1.2,-1.9,-3.1,-0.7,0.0,2023
60,Jrue Holiday,32.6,7.3,15.3,0.479,2.4,6.1,0.384,5.0,9.1,0.542,0.556,2.3,2.6,0.859,1.2,3.9,5.1,7.4,1.2,0.4,2.9,1.7,19.3,0.0,0.0,1000.0,0.0,0.0,0.0,0.0,0.0,0.0,0.0,0.0,0.0,0.0,0.0,0.0,0.0,67.0,65.0,2183.0,490.0,1023.0,0.479,158.0,411.0,0.384,332.0,612.0,0.542,0.556,152.0,177.0,0.859,79.0,262.0,341.0,495.0,79.0,25.0,197.0,116.0,1290.0,0.0,19.2,0.586,0.402,0.173,3.9,12.0,8.1,34.4,1.7,0.9,15.2,25.0,3.9,2.8,6.7,0.148,3.0,0.1,3.1,2.8,0.0,2023
61,Fred VanVleet,36.7,6.3,16.1,0.393,3.0,8.8,0.342,3.3,7.3,0.455,0.486,3.7,4.1,0.898,0.4,3.6,4.1,7.2,1.8,0.6,2.0,2.8,19.3,0.0,0.0,1000.0,0.0,0.0,0.0,0.0,0.0,0.0,0.0,0.0,0.0,0.0,0.0,0.0,0.0,69.0,69.0,2535.0,437.0,1112.0,0.393,207.0,606.0,0.342,230.0,506.0,0.455,0.486,254.0,283.0,0.898,30.0,250.0,280.0,495.0,123.0,38.0,140.0,193.0,1335.0,1.0,17.0,0.54,0.545,0.254,1.2,12.0,6.3,28.1,2.4,1.5,10.2,23.2,3.7,2.8,6.5,0.123,2.0,0.5,2.5,2.9,0.0,2023
62,Kevin Porter Jr.,34.3,6.6,15.0,0.442,2.4,6.5,0.366,4.2,8.5,0.501,0.522,3.5,4.5,0.784,1.3,4.0,5.3,5.7,1.4,0.3,3.2,2.6,19.2,0.0,0.0,1000.0,0.0,0.0,0.0,0.0,0.0,0.0,0.0,0.0,0.0,0.0,0.0,0.0,0.0,59.0,59.0,2024.0,391.0,884.0,0.442,141.0,385.0,0.366,250.0,499.0,0.501,0.522,207.0,264.0,0.784,76.0,238.0,314.0,338.0,82.0,17.0,188.0,156.0,1130.0,1.0,16.2,0.565,0.436,0.299,4.1,13.1,8.5,25.7,2.0,0.8,15.8,24.3,1.9,1.0,2.9,0.068,1.4,-0.8,0.6,1.3,0.0,2023
63,Domantas Sabonis,34.6,7.3,11.9,0.615,0.4,1.1,0.373,6.9,10.8,0.639,0.632,4.1,5.5,0.742,3.2,9.1,12.3,7.3,0.8,0.5,2.9,3.5,19.1,0.0,27.0,1000.0,0.027,79.0,34.6,19.1,12.3,7.3,0.8,0.5,0.615,0.373,0.742,12.6,0.221,79.0,79.0,2736.0,577.0,938.0,0.615,31.0,83.0,0.373,546.0,855.0,0.639,0.632,325.0,438.0,0.742,251.0,722.0,973.0,573.0,65.0,39.0,230.0,279.0,1510.0,14.0,23.5,0.668,0.088,0.467,10.6,30.0,20.3,30.4,1.1,1.2,16.9,21.3,9.6,3.0,12.6,0.221,4.1,1.8,5.8,5.4,0.0,2023
64,Jaren Jackson Jr.,28.4,6.6,13.0,0.506,1.6,4.5,0.355,5.0,8.6,0.585,0.567,3.8,4.9,0.788,1.7,5.0,6.8,1.0,1.0,3.0,1.7,3.6,18.6,0.0,0.0,1000.0,0.0,0.0,0.0,0.0,0.0,0.0,0.0,0.0,0.0,0.0,0.0,0.0,0.0,63.0,63.0,1787.0,416.0,822.0,0.506,100.0,282.0,0.355,316.0,540.0,0.585,0.567,241.0,306.0,0.788,108.0,318.0,426.0,60.0,65.0,189.0,107.0,227.0,1173.0,0.0,21.6,0.613,0.343,0.372,6.4,18.8,12.6,5.0,1.7,9.6,10.1,24.7,2.8,3.8,6.6,0.177,0.7,2.0,2.8,2.2,0.0,2023
65,Franz Wagner,32.6,6.8,14.0,0.485,1.6,4.5,0.361,5.2,9.5,0.544,0.543,3.4,4.0,0.842,0.9,3.2,4.1,3.5,1.0,0.2,2.1,2.3,18.6,0.0,0.0,1000.0,0.0,0.0,0.0,0.0,0.0,0.0,0.0,0.0,0.0,0.0,0.0,0.0,0.0,80.0,80.0,2609.0,542.0,1118.0,0.485,130.0,360.0,0.361,412.0,758.0,0.544,0.543,271.0,322.0,0.842,70.0,259.0,329.0,283.0,77.0,17.0,167.0,183.0,1485.0,0.0,15.9,0.589,0.322,0.288,3.0,11.2,7.1,17.2,1.4,0.6,11.7,23.5,3.1,2.3,5.4,0.099,0.4,-0.5,-0.1,1.3,0.0,2023
66,Devin Vassell,31.0,6.9,15.7,0.439,2.7,7.0,0.387,4.2,8.7,0.48,0.525,2.1,2.6,0.78,0.2,3.7,3.9,3.6,1.1,0.4,1.5,1.5,18.5,0.0,0.0,1000.0,0.0,0.0,0.0,0.0,0.0,0.0,0.0,0.0,0.0,0.0,0.0,0.0,0.0,38.0,32.0,1178.0,261.0,595.0,0.439,103.0,266.0,0.387,158.0,329.0,0.48,0.525,78.0,100.0,0.78,8.0,140.0,148.0,136.0,43.0,17.0,57.0,57.0,703.0,0.0,15.5,0.55,0.447,0.168,0.7,13.5,6.9,17.3,1.7,1.2,8.2,24.4,0.7,0.5,1.2,0.051,1.3,-0.9,0.4,0.7,0.0,2023
67,Deandre Ayton,30.4,7.8,13.2,0.589,0.1,0.4,0.292,7.7,12.9,0.597,0.592,2.3,3.0,0.76,2.6,7.4,10.0,1.7,0.6,0.8,1.8,2.8,18.0,0.0,0.0,1000.0,0.0,0.0,0.0,0.0,0.0,0.0,0.0,0.0,0.0,0.0,0.0,0.0,0.0,67.0,67.0,2035.0,522.0,887.0,0.589,7.0,24.0,0.292,515.0,863.0,0.597,0.592,152.0,200.0,0.76,172.0,495.0,667.0,115.0,37.0,53.0,120.0,190.0,1203.0,0.0,19.9,0.617,0.027,0.225,9.2,27.5,18.1,9.2,0.9,2.3,11.0,22.9,3.3,3.0,6.2,0.147,0.9,0.0,0.9,1.5,0.0,2023
68,Myles Turner,29.4,6.5,11.8,0.548,1.5,4.0,0.373,5.0,7.8,0.638,0.612,3.5,4.5,0.783,1.4,6.1,7.5,1.4,0.6,2.3,1.7,3.5,18.0,0.0,0.0,1000.0,0.0,0.0,0.0,0.0,0.0,0.0,0.0,0.0,0.0,0.0,0.0,0.0,0.0,62.0,62.0,1825.0,402.0,733.0,0.548,93.0,249.0,0.373,309.0,484.0,0.638,0.612,216.0,276.0,0.783,88.0,378.0,466.0,89.0,36.0,140.0,103.0,215.0,1113.0,0.0,20.0,0.651,0.34,0.377,5.4,22.9,14.2,7.5,0.9,6.6,10.8,22.0,3.4,2.0,5.4,0.142,1.4,0.7,2.1,1.9,0.0,2023
69,D'Angelo Russell,32.5,6.3,13.4,0.469,2.7,6.9,0.396,3.5,6.5,0.548,0.572,2.5,3.0,0.829,0.5,2.5,3.0,6.2,1.0,0.4,2.6,2.0,17.8,0.0,0.0,1000.0,0.0,0.0,0.0,0.0,0.0,0.0,0.0,0.0,0.0,0.0,0.0,0.0,0.0,71.0,71.0,2304.0,445.0,948.0,0.469,194.0,490.0,0.396,251.0,458.0,0.548,0.572,179.0,216.0,0.829,35.0,180.0,215.0,437.0,70.0,29.0,186.0,140.0,1263.0,0.0,16.3,0.605,0.517,0.228,1.7,8.5,5.2,27.4,1.4,1.1,15.1,22.7,3.1,1.9,5.1,0.106,2.1,-0.7,1.5,2.0,0.0,2023
70,Nikola Vučević,33.5,7.3,14.0,0.52,1.5,4.2,0.349,5.8,9.8,0.594,0.573,1.6,1.9,0.835,1.9,9.1,11.0,3.2,0.7,0.7,1.7,2.2,17.6,0.0,0.0,1000.0,0.0,0.0,0.0,0.0,0.0,0.0,0.0,0.0,0.0,0.0,0.0,0.0,0.0,82.0,82.0,2746.0,597.0,1148.0,0.52,121.0,347.0,0.349,476.0,801.0,0.594,0.573,132.0,158.0,0.835,159.0,744.0,903.0,265.0,60.0,57.0,139.0,179.0,1447.0,1.0,19.1,0.594,0.302,0.138,6.7,30.2,18.6,14.6,1.1,2.0,10.2,21.9,3.9,4.4,8.3,0.145,1.9,0.7,2.7,3.2,0.0,2023
71,Michael Porter Jr.,29.0,6.4,13.2,0.487,3.0,7.3,0.414,3.4,5.9,0.579,0.602,1.5,1.9,0.8,1.0,4.5,5.5,1.0,0.6,0.5,1.1,1.9,17.4,0.0,0.0,1000.0,0.0,0.0,0.0,0.0,0.0,0.0,0.0,0.0,0.0,0.0,0.0,0.0,0.0,62.0,62.0,1798.0,398.0,817.0,0.487,188.0,454.0,0.414,210.0,363.0,0.579,0.602,96.0,120.0,0.8,64.0,277.0,341.0,65.0,37.0,29.0,68.0,119.0,1080.0,0.0,16.8,0.621,0.556,0.147,4.2,17.2,10.9,5.3,1.0,1.4,7.3,22.7,2.6,1.8,4.3,0.116,2.0,-1.8,0.2,1.0,0.0,2023
72,Gary Trent Jr.,32.1,6.1,14.2,0.433,2.5,6.8,0.369,3.6,7.3,0.493,0.522,2.6,3.1,0.839,0.5,2.2,2.6,1.6,1.6,0.2,0.8,1.5,17.4,0.0,0.0,1000.0,0.0,0.0,0.0,0.0,0.0,0.0,0.0,0.0,0.0,0.0,0.0,0.0,0.0,66.0,44.0,2118.0,405.0,935.0,0.433,166.0,450.0,0.369,239.0,485.0,0.493,0.522,172.0,205.0,0.839,30.0,143.0,173.0,106.0,104.0,14.0,55.0,102.0,1148.0,0.0,15.0,0.56,0.481,0.219,1.5,8.2,4.6,7.4,2.4,0.6,5.1,21.7,2.5,2.0,4.5,0.102,0.2,0.0,0.2,1.2,0.0,2023
73,Spencer Dinwiddie,34.5,5.8,13.3,0.438,2.3,6.2,0.369,3.5,7.1,0.498,0.524,3.4,4.2,0.812,0.4,3.1,3.4,6.5,0.8,0.3,1.8,2.4,17.3,0.0,0.0,1000.0,0.0,0.0,0.0,0.0,0.0,0.0,0.0,0.0,0.0,0.0,0.0,0.0,0.0,79.0,79.0,2725.0,460.0,1050.0,0.438,181.0,490.0,0.369,279.0,560.0,0.498,0.524,268.0,330.0,0.812,28.0,242.0,270.0,515.0,67.0,24.0,145.0,187.0,1369.0,0.0,16.0,0.573,0.467,0.314,1.2,10.2,5.7,28.1,1.2,0.8,10.8,22.1,4.5,1.8,6.3,0.111,1.6,-0.9,0.7,1.8,0.0,2023
74,Andrew Wiggins,32.2,6.8,14.3,0.473,2.4,6.1,0.396,4.4,8.2,0.53,0.557,1.2,1.9,0.611,1.6,3.4,5.0,2.3,1.2,0.8,1.3,2.9,17.1,0.0,0.0,1000.0,0.0,0.0,0.0,0.0,0.0,0.0,0.0,0.0,0.0,0.0,0.0,0.0,0.0,37.0,37.0,1190.0,250.0,529.0,0.473,89.0,225.0,0.396,161.0,304.0,0.53,0.557,44.0,72.0,0.611,61.0,125.0,186.0,85.0,45.0,28.0,48.0,107.0,633.0,0.0,14.7,0.564,0.425,0.136,5.7,11.3,8.6,10.5,1.8,2.1,7.9,21.5,1.0,1.3,2.3,0.091,-0.1,-0.4,-0.5,0.5,0.0,2023
75,Norman Powell,26.1,5.7,11.8,0.479,1.9,4.8,0.397,3.8,7.1,0.534,0.559,3.8,4.6,0.812,0.4,2.5,2.9,1.8,0.8,0.3,1.7,2.1,17.0,0.0,0.0,1000.0,0.0,0.0,0.0,0.0,0.0,0.0,0.0,0.0,0.0,0.0,0.0,0.0,0.0,60.0,8.0,1567.0,340.0,710.0,0.479,114.0,287.0,0.397,226.0,423.0,0.534,0.559,225.0,277.0,0.812,24.0,151.0,175.0,109.0,50.0,18.0,101.0,125.0,1019.0,0.0,17.1,0.612,0.404,0.39,1.7,10.7,6.3,11.0,1.6,1.0,10.8,26.0,2.1,1.4,3.5,0.107,0.9,-0.7,0.3,0.9,0.0,2023
76,OG Anunoby,35.6,6.3,13.2,0.476,2.1,5.5,0.387,4.2,7.7,0.539,0.556,2.1,2.5,0.838,1.4,3.5,5.0,2.0,1.9,0.7,2.0,3.0,16.8,0.0,0.0,1000.0,0.0,0.0,0.0,0.0,0.0,0.0,0.0,0.0,0.0,0.0,0.0,0.0,0.0,67.0,67.0,2386.0,421.0,885.0,0.476,142.0,367.0,0.387,279.0,518.0,0.539,0.556,140.0,167.0,0.838,95.0,237.0,332.0,131.0,128.0,50.0,132.0,200.0,1124.0,0.0,14.6,0.586,0.415,0.189,4.2,12.1,7.9,8.0,2.7,2.0,12.1,19.5,1.8,2.9,4.7,0.094,-0.3,0.7,0.4,1.5,0.0,2023
77,Buddy Hield,31.0,5.9,13.0,0.458,3.6,8.5,0.425,2.3,4.5,0.518,0.596,1.3,1.6,0.822,0.8,4.2,5.0,2.8,1.2,0.3,1.7,2.0,16.8,0.0,0.0,1000.0,0.0,0.0,0.0,0.0,0.0,0.0,0.0,0.0,0.0,0.0,0.0,0.0,0.0,80.0,73.0,2482.0,475.0,1038.0,0.458,288.0,677.0,0.425,187.0,361.0,0.518,0.596,106.0,129.0,0.822,67.0,333.0,400.0,225.0,92.0,26.0,139.0,156.0,1344.0,0.0,15.4,0.614,0.652,0.124,3.0,14.9,8.9,13.3,1.8,0.9,11.3,20.8,2.7,1.6,4.4,0.085,2.5,-0.6,1.9,2.4,0.0,2023
78,Bennedict Mathurin,28.5,5.3,12.2,0.434,1.3,4.0,0.323,4.0,8.2,0.488,0.487,4.8,5.8,0.828,1.1,3.0,4.1,1.5,0.6,0.2,1.9,2.1,16.7,0.0,0.0,1000.0,0.0,0.0,0.0,0.0,0.0,0.0,0.0,0.0,0.0,0.0,0.0,0.0,0.0,78.0,17.0,2222.0,413.0,951.0,0.434,100.0,310.0,0.323,313.0,641.0,0.488,0.487,376.0,454.0,0.828,87.0,231.0,318.0,116.0,48.0,13.0,152.0,162.0,1302.0,0.0,13.1,0.566,0.326,0.477,4.4,11.5,7.9,7.6,1.0,0.5,11.7,24.6,1.0,0.8,1.8,0.038,-1.2,-2.5,-3.7,-1.0,0.0,2023
79,Josh Giddey,31.1,7.1,14.7,0.482,1.0,3.1,0.325,6.1,11.6,0.524,0.516,1.4,1.9,0.731,1.9,5.9,7.9,6.2,0.8,0.4,2.8,1.9,16.6,0.0,0.0,1000.0,0.0,0.0,0.0,0.0,0.0,0.0,0.0,0.0,0.0,0.0,0.0,0.0,0.0,76.0,76.0,2367.0,539.0,1118.0,0.482,76.0,234.0,0.325,463.0,884.0,0.524,0.516,106.0,145.0,0.731,148.0,451.0,599.0,469.0,57.0,31.0,211.0,143.0,1260.0,4.0,17.1,0.533,0.209,0.13,6.6,20.9,13.6,29.9,1.1,1.2,15.1,24.6,1.3,2.7,4.0,0.081,1.5,-0.3,1.2,1.9,0.0,2023
80,Christian Wood,25.9,5.9,11.5,0.515,1.6,4.2,0.376,4.3,7.3,0.594,0.583,3.2,4.2,0.772,1.3,6.0,7.3,1.8,0.4,1.1,1.8,2.5,16.6,0.0,0.0,1000.0,0.0,0.0,0.0,0.0,0.0,0.0,0.0,0.0,0.0,0.0,0.0,0.0,0.0,67.0,17.0,1738.0,396.0,769.0,0.515,105.0,279.0,0.376,291.0,490.0,0.594,0.583,217.0,281.0,0.772,87.0,404.0,491.0,121.0,30.0,72.0,121.0,169.0,1114.0,0.0,20.6,0.624,0.363,0.365,5.8,27.4,16.4,11.7,0.9,3.7,11.9,26.4,2.7,2.1,4.8,0.132,1.9,-0.3,1.7,1.6,0.0,2023
81,Aaron Gordon,30.2,6.3,11.2,0.564,0.9,2.5,0.347,5.4,8.6,0.628,0.603,2.8,4.6,0.608,2.4,4.1,6.6,3.0,0.8,0.8,1.4,1.9,16.3,0.0,0.0,1000.0,0.0,0.0,0.0,0.0,0.0,0.0,0.0,0.0,0.0,0.0,0.0,0.0,0.0,68.0,68.0,2055.0,429.0,761.0,0.564,60.0,173.0,0.347,369.0,588.0,0.628,0.603,191.0,314.0,0.608,164.0,282.0,446.0,203.0,54.0,51.0,98.0,129.0,1109.0,0.0,19.5,0.617,0.227,0.413,9.4,15.4,12.5,14.2,1.3,2.2,9.8,21.1,4.6,2.2,6.8,0.158,2.4,-0.3,2.1,2.1,0.0,2023
82,Jaden Ivey,31.1,5.5,13.3,0.416,1.6,4.7,0.343,3.9,8.6,0.457,0.477,3.6,4.8,0.747,1.0,2.9,3.9,5.2,0.8,0.2,3.2,3.3,16.3,0.0,0.0,1000.0,0.0,0.0,0.0,0.0,0.0,0.0,0.0,0.0,0.0,0.0,0.0,0.0,0.0,74.0,73.0,2304.0,409.0,983.0,0.416,120.0,350.0,0.343,289.0,633.0,0.457,0.477,266.0,356.0,0.747,73.0,215.0,288.0,387.0,61.0,17.0,237.0,242.0,1204.0,0.0,12.1,0.528,0.356,0.362,3.4,10.7,6.9,26.2,1.3,0.7,17.2,25.4,-0.9,0.8,0.0,-0.001,-1.4,-1.9,-3.3,-0.7,0.0,2023
83,Evan Mobley,34.4,6.6,12.0,0.554,0.3,1.3,0.216,6.4,10.7,0.595,0.566,2.6,3.8,0.674,2.4,6.6,9.0,2.8,0.8,1.5,1.8,2.8,16.2,0.0,0.0,1000.0,0.0,0.0,0.0,0.0,0.0,0.0,0.0,0.0,0.0,0.0,0.0,0.0,0.0,79.0,79.0,2715.0,525.0,947.0,0.554,22.0,102.0,0.216,503.0,845.0,0.595,0.566,205.0,304.0,0.674,187.0,524.0,711.0,224.0,60.0,119.0,146.0,218.0,1277.0,0.0,17.9,0.591,0.108,0.321,8.1,22.7,15.4,12.4,1.1,4.0,11.9,20.2,3.7,4.8,8.5,0.151,0.0,1.6,1.7,2.5,0.0,2023
84,RaiQuan Gray,35.0,6.0,12.0,0.5,2.0,5.0,0.4,4.0,7.0,0.571,0.583,2.0,2.0,1.0,3.0,6.0,9.0,7.0,0.0,1.0,4.0,5.0,16.0,0.0,0.0,1000.0,0.0,0.0,0.0,0.0,0.0,0.0,0.0,0.0,0.0,0.0,0.0,0.0,0.0,1.0,0.0,35.0,6.0,12.0,0.5,2.0,5.0,0.4,4.0,7.0,0.571,0.583,2.0,2.0,1.0,3.0,6.0,9.0,7.0,0.0,1.0,4.0,5.0,16.0,0.0,15.5,0.621,0.417,0.167,9.9,18.8,14.4,29.0,0.0,2.4,23.7,21.4,0.0,0.0,0.1,0.106,-0.6,-1.4,-2.0,0.0,0.0,2023
85,Brook Lopez,30.4,6.1,11.5,0.531,1.7,4.7,0.374,4.4,6.9,0.637,0.606,1.9,2.4,0.784,2.0,4.7,6.7,1.3,0.5,2.5,1.4,2.6,15.9,0.0,0.0,1000.0,0.0,0.0,0.0,0.0,0.0,0.0,0.0,0.0,0.0,0.0,0.0,0.0,0.0,78.0,78.0,2373.0,477.0,899.0,0.531,136.0,364.0,0.374,341.0,535.0,0.637,0.606,149.0,190.0,0.784,157.0,363.0,520.0,99.0,37.0,193.0,107.0,203.0,1239.0,0.0,18.4,0.63,0.405,0.211,7.2,15.3,11.4,6.1,0.7,6.7,9.8,19.3,4.1,3.9,8.0,0.161,0.8,1.3,2.1,2.5,0.0,2023
86,Russell Westbrook,29.1,5.9,13.6,0.436,1.2,3.9,0.311,4.7,9.7,0.487,0.481,2.8,4.3,0.656,1.2,4.6,5.8,7.5,1.0,0.5,3.5,2.2,15.9,0.0,0.0,1000.0,0.0,0.0,0.0,0.0,0.0,0.0,0.0,0.0,0.0,0.0,0.0,0.0,0.0,73.0,24.0,2126.0,432.0,991.0,0.436,89.0,286.0,0.311,343.0,705.0,0.487,0.481,206.0,314.0,0.656,89.0,334.0,423.0,551.0,76.0,33.0,255.0,162.0,1159.0,4.0,16.1,0.513,0.289,0.317,4.7,16.5,10.8,38.6,1.7,1.3,18.4,27.7,-0.6,2.6,1.9,0.044,0.3,-0.1,0.2,1.2,0.0,2023
87,P.J. Washington,32.6,5.9,13.4,0.444,2.0,5.9,0.348,3.9,7.5,0.518,0.52,1.7,2.4,0.73,1.0,3.9,4.9,2.4,0.9,1.1,1.5,2.6,15.7,0.0,0.0,1000.0,0.0,0.0,0.0,0.0,0.0,0.0,0.0,0.0,0.0,0.0,0.0,0.0,0.0,73.0,73.0,2380.0,434.0,978.0,0.444,149.0,428.0,0.348,285.0,550.0,0.518,0.52,127.0,174.0,0.73,73.0,285.0,358.0,175.0,66.0,79.0,110.0,193.0,1144.0,0.0,12.9,0.542,0.438,0.178,3.2,13.0,8.0,11.0,1.3,2.9,9.4,20.6,0.4,2.2,2.6,0.052,-1.0,-0.3,-1.3,0.4,0.0,2023
88,Cameron Johnson,28.5,5.3,11.3,0.47,2.5,6.1,0.404,2.9,5.2,0.548,0.579,2.4,2.9,0.842,0.8,3.6,4.4,1.9,1.2,0.3,0.9,2.0,15.5,0.0,0.0,1000.0,0.0,0.0,0.0,0.0,0.0,0.0,0.0,0.0,0.0,0.0,0.0,0.0,0.0,42.0,41.0,1199.0,223.0,474.0,0.47,103.0,255.0,0.404,120.0,219.0,0.548,0.579,101.0,120.0,0.842,34.0,151.0,185.0,78.0,50.0,14.0,37.0,83.0,650.0,0.0,17.1,0.617,0.538,0.253,3.2,14.0,8.6,9.6,2.0,1.0,6.6,20.6,2.1,1.4,3.5,0.142,2.0,0.6,2.6,1.4,0.0,2023
89,De'Andre Hunter,31.7,5.7,12.3,0.461,1.5,4.3,0.35,4.2,8.0,0.521,0.522,2.6,3.1,0.826,0.7,3.6,4.2,1.4,0.5,0.3,1.2,3.0,15.4,0.0,0.0,1000.0,0.0,0.0,0.0,0.0,0.0,0.0,0.0,0.0,0.0,0.0,0.0,0.0,0.0,67.0,67.0,2126.0,379.0,822.0,0.461,100.0,286.0,0.35,279.0,536.0,0.521,0.522,171.0,207.0,0.826,46.0,238.0,284.0,94.0,35.0,17.0,82.0,199.0,1029.0,0.0,11.5,0.563,0.348,0.252,2.3,12.4,7.3,6.0,0.8,0.7,8.2,19.7,1.4,1.2,2.5,0.057,-1.9,-1.4,-3.3,-0.7,0.0,2023
90,Scottie Barnes,34.8,6.0,13.2,0.456,0.8,2.9,0.281,5.2,10.3,0.505,0.487,2.5,3.2,0.772,2.3,4.3,6.6,4.8,1.1,0.8,2.0,2.2,15.3,0.0,0.0,1000.0,0.0,0.0,0.0,0.0,0.0,0.0,0.0,0.0,0.0,0.0,0.0,0.0,0.0,77.0,76.0,2678.0,463.0,1016.0,0.456,63.0,224.0,0.281,400.0,792.0,0.505,0.487,190.0,246.0,0.772,179.0,333.0,512.0,371.0,83.0,61.0,154.0,170.0,1179.0,1.0,15.5,0.524,0.22,0.242,7.1,15.2,10.8,20.0,1.5,2.2,12.0,20.3,2.3,2.7,5.0,0.09,0.5,-0.1,0.4,1.6,0.0,2023
91,Skylar Mays,31.5,5.7,11.3,0.5,2.0,4.3,0.462,3.7,7.0,0.524,0.588,2.0,2.2,0.923,0.3,2.8,3.2,8.3,1.0,0.2,1.7,1.8,15.3,0.0,0.0,1000.0,0.0,0.0,0.0,0.0,0.0,0.0,0.0,0.0,0.0,0.0,0.0,0.0,0.0,6.0,6.0,189.0,34.0,68.0,0.5,12.0,26.0,0.462,22.0,42.0,0.524,0.588,12.0,13.0,0.923,2.0,17.0,19.0,50.0,6.0,1.0,10.0,11.0,92.0,0.0,19.4,0.624,0.382,0.191,1.2,10.4,5.8,40.0,1.5,0.5,11.9,19.3,0.6,0.1,0.7,0.171,2.1,-2.1,0.0,0.1,0.0,2023
92,Wendell Carter Jr.,29.6,5.6,10.8,0.525,1.4,3.9,0.356,4.2,6.8,0.624,0.591,2.5,3.4,0.738,2.1,6.6,8.7,2.3,0.5,0.6,1.9,2.8,15.2,0.0,0.0,1000.0,0.0,0.0,0.0,0.0,0.0,0.0,0.0,0.0,0.0,0.0,0.0,0.0,0.0,57.0,54.0,1690.0,322.0,613.0,0.525,80.0,225.0,0.356,242.0,388.0,0.624,0.591,144.0,195.0,0.738,120.0,377.0,497.0,132.0,30.0,33.0,106.0,159.0,868.0,0.0,17.3,0.621,0.367,0.318,8.0,25.3,16.6,12.0,0.9,1.9,13.2,20.5,2.6,2.0,4.6,0.13,0.9,0.1,1.0,1.3,0.0,2023
93,Kevin Huerter,29.4,5.6,11.5,0.485,2.7,6.8,0.402,2.9,4.7,0.604,0.603,1.3,1.7,0.725,0.6,2.8,3.3,2.9,1.1,0.3,1.3,2.4,15.2,0.0,0.0,1000.0,0.0,0.0,0.0,0.0,0.0,0.0,0.0,0.0,0.0,0.0,0.0,0.0,0.0,75.0,75.0,2203.0,420.0,866.0,0.485,205.0,510.0,0.402,215.0,356.0,0.604,0.603,95.0,131.0,0.725,42.0,209.0,251.0,221.0,80.0,24.0,97.0,181.0,1140.0,0.0,15.2,0.617,0.589,0.151,2.2,10.8,6.5,14.1,1.7,1.0,9.5,19.9,3.3,1.7,4.9,0.107,1.4,-0.3,1.0,1.7,0.0,2023
94,Khris Middleton,24.3,5.4,12.3,0.436,1.5,4.9,0.315,3.8,7.4,0.516,0.499,2.8,3.1,0.902,0.8,3.4,4.2,4.9,0.7,0.2,2.2,2.1,15.1,0.0,0.0,1000.0,0.0,0.0,0.0,0.0,0.0,0.0,0.0,0.0,0.0,0.0,0.0,0.0,0.0,33.0,19.0,801.0,177.0,406.0,0.436,51.0,162.0,0.315,126.0,244.0,0.516,0.499,92.0,102.0,0.902,28.0,112.0,140.0,163.0,23.0,5.0,71.0,68.0,497.0,0.0,17.4,0.551,0.399,0.251,3.8,14.0,9.1,30.7,1.4,0.5,13.6,27.4,1.0,1.0,1.9,0.117,1.0,-0.3,0.8,0.6,0.0,2023
95,Harrison Barnes,32.5,4.6,9.6,0.473,1.6,4.3,0.374,3.0,5.3,0.553,0.556,4.3,5.0,0.847,1.1,3.4,4.5,1.6,0.7,0.1,1.0,1.3,15.0,0.0,0.0,1000.0,0.0,0.0,0.0,0.0,0.0,0.0,0.0,0.0,0.0,0.0,0.0,0.0,0.0,82.0,82.0,2662.0,374.0,791.0,0.473,132.0,353.0,0.374,242.0,438.0,0.553,0.556,350.0,413.0,0.847,87.0,279.0,366.0,128.0,57.0,10.0,86.0,103.0,1230.0,0.0,14.1,0.632,0.446,0.522,3.8,11.9,7.9,6.3,1.0,0.3,8.1,17.1,5.1,1.4,6.5,0.118,0.5,-1.5,-1.0,0.7,0.0,2023
96,Malcolm Brogdon,26.0,5.3,10.9,0.484,2.0,4.4,0.444,3.3,6.5,0.51,0.574,2.4,2.7,0.87,0.6,3.6,4.2,3.7,0.7,0.3,1.5,1.6,14.9,0.0,0.0,1000.0,0.0,0.0,0.0,0.0,0.0,0.0,0.0,0.0,0.0,0.0,0.0,0.0,0.0,67.0,0.0,1744.0,354.0,732.0,0.484,132.0,297.0,0.444,222.0,435.0,0.51,0.574,160.0,184.0,0.87,42.0,238.0,280.0,248.0,45.0,18.0,98.0,109.0,1000.0,0.0,18.2,0.615,0.406,0.251,2.7,14.7,8.8,21.5,1.3,0.9,10.8,22.8,3.6,2.2,5.8,0.161,2.3,0.6,2.8,2.1,0.0,2023
97,Immanuel Quickley,28.9,5.2,11.6,0.448,2.1,5.6,0.37,3.1,6.0,0.521,0.537,2.5,3.1,0.819,0.7,3.4,4.2,3.4,1.0,0.2,1.2,2.0,14.9,0.0,0.0,1000.0,0.0,0.0,0.0,0.0,0.0,0.0,0.0,0.0,0.0,0.0,0.0,0.0,0.0,81.0,21.0,2344.0,419.0,936.0,0.448,168.0,454.0,0.37,251.0,482.0,0.521,0.537,203.0,248.0,0.819,58.0,279.0,337.0,279.0,80.0,14.0,100.0,166.0,1209.0,0.0,16.3,0.578,0.485,0.265,2.7,13.1,7.9,17.4,1.7,0.6,8.7,20.9,4.4,2.3,6.7,0.137,1.3,0.4,1.7,2.1,0.0,2023
98,Alperen Şengün,28.9,5.9,10.7,0.553,0.3,0.8,0.333,5.6,9.9,0.57,0.565,2.7,3.8,0.715,3.2,5.8,9.0,3.9,0.9,0.9,2.6,3.4,14.8,0.0,0.0,1000.0,0.0,0.0,0.0,0.0,0.0,0.0,0.0,0.0,0.0,0.0,0.0,0.0,0.0,75.0,72.0,2171.0,442.0,799.0,0.553,19.0,57.0,0.333,423.0,742.0,0.57,0.565,206.0,288.0,0.715,242.0,436.0,678.0,291.0,70.0,70.0,193.0,258.0,1109.0,2.0,19.7,0.599,0.071,0.36,12.1,22.3,17.1,21.0,1.6,3.2,17.3,21.4,3.4,1.8,5.2,0.115,1.1,0.4,1.4,1.9,0.0,2023
99,Tobias Harris,32.9,5.7,11.4,0.501,1.7,4.4,0.389,4.0,7.0,0.57,0.575,1.5,1.7,0.876,0.9,4.8,5.7,2.5,0.9,0.5,1.2,2.0,14.7,0.0,0.0,1000.0,0.0,0.0,0.0,0.0,0.0,0.0,0.0,0.0,0.0,0.0,0.0,0.0,0.0,74.0,74.0,2436.0,423.0,845.0,0.501,126.0,324.0,0.389,297.0,521.0,0.57,0.575,113.0,129.0,0.876,67.0,357.0,424.0,186.0,68.0,40.0,89.0,149.0,1085.0,0.0,14.8,0.602,0.383,0.153,3.3,17.0,10.3,11.4,1.4,1.5,9.0,18.2,3.1,2.8,5.9,0.116,0.6,0.1,0.7,1.7,0.0,2023
100,Gordon Hayward,31.5,5.5,11.6,0.475,1.0,3.2,0.325,4.5,8.4,0.532,0.52,2.6,3.2,0.811,0.7,3.6,4.3,4.1,0.8,0.2,2.0,1.4,14.7,0.0,0.0,1000.0,0.0,0.0,0.0,0.0,0.0,0.0,0.0,0.0,0.0,0.0,0.0,0.0,0.0,50.0,50.0,1577.0,276.0,581.0,0.475,52.0,160.0,0.325,224.0,421.0,0.532,0.52,129.0,159.0,0.811,33.0,182.0,215.0,206.0,42.0,12.0,99.0,70.0,733.0,0.0,13.5,0.563,0.275,0.274,2.2,12.6,7.3,19.3,1.3,0.7,13.2,20.0,0.8,1.1,2.0,0.059,-1.1,-0.3,-1.4,0.2,0.0,2023
101,Trey Murphy III,31.0,4.9,10.1,0.484,2.6,6.3,0.406,2.3,3.8,0.611,0.61,2.2,2.4,0.905,0.7,2.8,3.6,1.4,1.1,0.5,0.8,2.0,14.5,0.0,0.0,1000.0,0.0,0.0,0.0,0.0,0.0,0.0,0.0,0.0,0.0,0.0,0.0,0.0,0.0,79.0,65.0,2448.0,387.0,800.0,0.484,202.0,497.0,0.406,185.0,303.0,0.611,0.61,172.0,190.0,0.905,59.0,222.0,281.0,112.0,89.0,43.0,61.0,155.0,1148.0,0.0,15.2,0.65,0.621,0.238,2.7,10.3,6.5,6.4,1.8,1.7,6.5,16.6,4.8,2.8,7.6,0.15,1.4,0.4,1.8,2.3,0.0,2023
102,Tim Hardaway Jr.,30.3,4.8,11.9,0.401,3.0,7.7,0.385,1.8,4.2,0.431,0.527,1.8,2.3,0.77,0.3,3.2,3.5,1.8,0.7,0.2,0.8,1.7,14.4,0.0,0.0,1000.0,0.0,0.0,0.0,0.0,0.0,0.0,0.0,0.0,0.0,0.0,0.0,0.0,0.0,71.0,45.0,2152.0,340.0,847.0,0.401,212.0,550.0,0.385,128.0,297.0,0.431,0.527,127.0,165.0,0.77,21.0,230.0,251.0,129.0,49.0,12.0,60.0,120.0,1019.0,0.0,12.1,0.554,0.649,0.195,1.1,12.6,6.8,9.0,1.1,0.5,6.1,20.6,1.0,1.3,2.3,0.051,-0.3,-1.5,-1.8,0.1,0.0,2023
103,Jarrett Allen,32.6,5.9,9.2,0.644,0.0,0.1,0.1,5.9,9.1,0.653,0.645,2.4,3.3,0.733,3.3,6.5,9.8,1.7,0.8,1.2,1.4,2.3,14.3,0.0,0.0,1000.0,0.0,0.0,0.0,0.0,0.0,0.0,0.0,0.0,0.0,0.0,0.0,0.0,0.0,68.0,68.0,2220.0,403.0,626.0,0.644,1.0,10.0,0.1,402.0,616.0,0.653,0.645,162.0,221.0,0.733,221.0,445.0,666.0,113.0,54.0,84.0,93.0,153.0,969.0,0.0,19.9,0.67,0.016,0.353,11.7,23.6,17.7,7.5,1.2,3.5,11.4,16.4,5.5,4.0,9.5,0.205,1.3,1.0,2.4,2.4,0.0,2023
104,Dillon Brooks,30.3,5.4,13.6,0.396,2.0,6.0,0.326,3.4,7.6,0.451,0.468,1.6,2.1,0.779,0.6,2.7,3.3,2.6,0.9,0.2,1.4,3.3,14.3,0.0,0.0,1000.0,0.0,0.0,0.0,0.0,0.0,0.0,0.0,0.0,0.0,0.0,0.0,0.0,0.0,73.0,73.0,2214.0,392.0,991.0,0.396,143.0,439.0,0.326,249.0,552.0,0.451,0.468,120.0,154.0,0.779,45.0,199.0,244.0,189.0,65.0,16.0,104.0,240.0,1047.0,0.0,9.4,0.494,0.443,0.155,2.2,9.5,5.8,11.7,1.4,0.7,8.9,21.8,-0.8,2.4,1.6,0.034,-3.4,-0.5,-3.9,-1.1,0.0,2023
105,Collin Sexton,23.9,4.9,9.8,0.506,1.0,2.5,0.393,3.9,7.2,0.546,0.558,3.4,4.1,0.819,0.8,1.4,2.2,2.9,0.6,0.1,1.8,2.3,14.3,0.0,0.0,1000.0,0.0,0.0,0.0,0.0,0.0,0.0,0.0,0.0,0.0,0.0,0.0,0.0,0.0,48.0,15.0,1145.0,237.0,468.0,0.506,48.0,122.0,0.393,189.0,346.0,0.546,0.558,163.0,199.0,0.819,37.0,68.0,105.0,138.0,27.0,6.0,85.0,112.0,685.0,0.0,15.9,0.616,0.261,0.425,3.5,6.3,5.0,17.9,1.1,0.4,13.3,23.4,2.0,0.5,2.5,0.105,0.1,-1.5,-1.3,0.2,0.0,2023
106,Bobby Portis,26.0,5.7,11.5,0.496,1.4,3.7,0.37,4.3,7.8,0.555,0.555,1.4,1.8,0.768,2.2,7.4,9.6,1.5,0.4,0.2,1.2,1.6,14.1,0.0,0.0,1000.0,0.0,0.0,0.0,0.0,0.0,0.0,0.0,0.0,0.0,0.0,0.0,0.0,0.0,70.0,22.0,1818.0,398.0,803.0,0.496,95.0,257.0,0.37,303.0,546.0,0.555,0.555,96.0,125.0,0.768,154.0,518.0,672.0,105.0,29.0,16.0,81.0,115.0,987.0,0.0,17.8,0.575,0.32,0.156,9.2,28.6,19.3,8.7,0.8,0.7,8.6,21.7,2.5,2.8,5.3,0.139,1.2,-0.6,0.7,1.2,0.0,2023
107,Jonas Valančiūnas,24.9,5.6,10.3,0.547,0.5,1.4,0.349,5.2,8.9,0.577,0.57,2.3,2.8,0.826,2.8,7.3,10.2,1.8,0.3,0.7,2.0,3.1,14.1,0.0,0.0,1000.0,0.0,0.0,0.0,0.0,0.0,0.0,0.0,0.0,0.0,0.0,0.0,0.0,0.0,79.0,79.0,1968.0,446.0,816.0,0.547,38.0,109.0,0.349,408.0,707.0,0.577,0.57,185.0,224.0,0.826,225.0,579.0,804.0,140.0,20.0,52.0,159.0,245.0,1115.0,0.0,19.3,0.61,0.134,0.275,13.0,33.3,23.1,11.1,0.5,2.5,14.8,23.4,2.8,3.0,5.8,0.142,0.0,-0.4,-0.4,0.8,0.0,2023
108,Jalen Williams,30.3,5.5,10.6,0.521,1.0,2.7,0.356,4.5,7.9,0.579,0.567,2.1,2.5,0.812,1.1,3.4,4.5,3.3,1.4,0.5,1.6,2.5,14.1,0.0,0.0,1000.0,0.0,0.0,0.0,0.0,0.0,0.0,0.0,0.0,0.0,0.0,0.0,0.0,0.0,75.0,62.0,2276.0,414.0,794.0,0.521,73.0,205.0,0.356,341.0,589.0,0.579,0.567,155.0,191.0,0.812,84.0,253.0,337.0,248.0,103.0,35.0,123.0,191.0,1056.0,0.0,15.6,0.601,0.258,0.241,3.9,12.2,7.9,15.4,2.1,1.4,12.3,18.4,3.0,2.6,5.6,0.119,-0.4,0.7,0.3,1.3,0.0,2023
109,Bogdan Bogdanović,27.9,5.1,11.3,0.447,2.7,6.7,0.406,2.4,4.6,0.506,0.566,1.2,1.4,0.831,0.4,2.6,3.1,2.8,0.8,0.3,1.2,1.6,14.0,0.0,0.0,1000.0,0.0,0.0,0.0,0.0,0.0,0.0,0.0,0.0,0.0,0.0,0.0,0.0,0.0,54.0,9.0,1508.0,273.0,611.0,0.447,146.0,360.0,0.406,127.0,251.0,0.506,0.566,64.0,77.0,0.831,23.0,142.0,165.0,150.0,43.0,18.0,65.0,86.0,756.0,0.0,14.2,0.586,0.589,0.126,1.6,10.4,6.0,13.4,1.4,1.0,9.2,19.8,1.8,1.0,2.8,0.088,1.1,-0.7,0.5,0.9,0.0,2023
110,Markelle Fultz,29.6,5.8,11.3,0.514,0.5,1.5,0.31,5.4,9.9,0.544,0.534,1.9,2.4,0.783,1.2,2.8,3.9,5.7,1.5,0.4,2.3,2.2,14.0,0.0,0.0,1000.0,0.0,0.0,0.0,0.0,0.0,0.0,0.0,0.0,0.0,0.0,0.0,0.0,0.0,60.0,60.0,1778.0,349.0,679.0,0.514,27.0,87.0,0.31,322.0,592.0,0.544,0.534,112.0,143.0,0.783,69.0,165.0,234.0,341.0,87.0,26.0,139.0,131.0,837.0,0.0,16.6,0.564,0.128,0.211,4.4,10.5,7.4,29.8,2.4,1.4,15.8,21.3,1.7,2.0,3.7,0.1,-0.1,0.7,0.5,1.2,0.0,2023
111,Chris Paul,32.0,5.0,11.3,0.44,1.7,4.4,0.375,3.3,6.9,0.482,0.513,2.3,2.7,0.831,0.5,3.8,4.3,8.9,1.5,0.4,1.9,2.1,13.9,0.0,0.0,1000.0,0.0,0.0,0.0,0.0,0.0,0.0,0.0,0.0,0.0,0.0,0.0,0.0,0.0,59.0,59.0,1889.0,294.0,668.0,0.44,98.0,261.0,0.375,196.0,407.0,0.482,0.513,133.0,160.0,0.831,27.0,224.0,251.0,524.0,91.0,22.0,114.0,126.0,819.0,0.0,17.7,0.555,0.391,0.24,1.6,13.4,7.4,38.7,2.4,1.0,13.4,19.2,3.7,2.5,6.2,0.156,2.0,1.2,3.2,2.5,0.0,2023
112,Saddiq Bey,27.6,4.6,10.9,0.422,2.0,5.4,0.361,2.6,5.4,0.483,0.513,2.7,3.1,0.861,1.3,3.4,4.7,1.5,0.9,0.2,0.9,1.6,13.8,0.0,0.0,1000.0,0.0,0.0,0.0,0.0,0.0,0.0,0.0,0.0,0.0,0.0,0.0,0.0,0.0,77.0,37.0,2129.0,353.0,836.0,0.422,151.0,418.0,0.361,202.0,418.0,0.483,0.513,205.0,238.0,0.861,98.0,264.0,362.0,118.0,70.0,13.0,71.0,123.0,1062.0,0.0,14.6,0.564,0.5,0.285,5.0,14.0,9.4,8.1,1.6,0.5,7.0,20.2,2.6,1.2,3.9,0.087,0.9,-1.2,-0.3,0.9,0.0,2023
113,Luguentz Dort,30.7,4.6,11.8,0.388,1.8,5.5,0.33,2.8,6.3,0.44,0.466,2.7,3.5,0.772,1.7,2.9,4.6,2.1,1.0,0.3,1.2,3.3,13.7,0.0,0.0,1000.0,0.0,0.0,0.0,0.0,0.0,0.0,0.0,0.0,0.0,0.0,0.0,0.0,0.0,74.0,73.0,2272.0,339.0,873.0,0.388,135.0,409.0,0.33,204.0,464.0,0.44,0.466,200.0,259.0,0.772,128.0,216.0,344.0,154.0,75.0,23.0,92.0,243.0,1013.0,0.0,11.3,0.513,0.468,0.297,5.9,10.4,8.1,9.2,1.6,0.9,8.5,19.8,0.9,2.1,2.9,0.062,-2.0,-1.0,-3.0,-0.6,0.0,2023
114,Malik Monk,22.3,4.6,10.3,0.448,1.9,5.2,0.359,2.8,5.2,0.538,0.538,2.4,2.7,0.889,0.4,2.2,2.6,3.9,0.6,0.3,1.9,1.6,13.5,0.0,0.0,1000.0,0.0,0.0,0.0,0.0,0.0,0.0,0.0,0.0,0.0,0.0,0.0,0.0,0.0,77.0,0.0,1719.0,357.0,796.0,0.448,143.0,398.0,0.359,214.0,398.0,0.538,0.538,184.0,207.0,0.889,32.0,171.0,203.0,298.0,49.0,20.0,146.0,125.0,1041.0,0.0,16.6,0.587,0.5,0.26,2.1,11.3,6.7,25.0,1.4,1.0,14.1,25.8,2.1,1.2,3.2,0.091,1.6,-1.4,0.3,1.0,0.0,2023
115,Rudy Gobert,30.7,5.1,7.8,0.659,0.0,0.0,0.0,5.1,7.8,0.663,0.659,3.1,4.9,0.644,3.3,8.3,11.6,1.2,0.8,1.4,1.7,3.0,13.4,0.0,0.0,1000.0,0.0,0.0,0.0,0.0,0.0,0.0,0.0,0.0,0.0,0.0,0.0,0.0,0.0,70.0,70.0,2148.0,360.0,546.0,0.659,0.0,3.0,0.0,360.0,543.0,0.663,0.659,219.0,340.0,0.644,231.0,583.0,814.0,87.0,56.0,95.0,122.0,210.0,939.0,0.0,18.9,0.675,0.005,0.623,12.2,29.8,21.2,5.6,1.2,3.9,14.9,16.3,4.3,3.5,7.8,0.174,0.0,0.7,0.7,1.4,0.0,2023
116,Jusuf Nurkić,26.8,5.0,9.7,0.519,0.8,2.3,0.361,4.2,7.4,0.567,0.561,2.4,3.7,0.661,2.2,6.9,9.1,2.9,0.8,0.8,2.3,3.6,13.3,0.0,0.0,1000.0,0.0,0.0,0.0,0.0,0.0,0.0,0.0,0.0,0.0,0.0,0.0,0.0,0.0,52.0,52.0,1391.0,262.0,505.0,0.519,43.0,119.0,0.361,219.0,386.0,0.567,0.561,127.0,192.0,0.661,114.0,357.0,471.0,149.0,43.0,44.0,119.0,185.0,694.0,0.0,17.3,0.589,0.236,0.38,9.3,29.7,19.5,16.4,1.5,2.8,16.8,22.1,1.2,1.5,2.7,0.092,-0.6,0.7,0.1,0.7,0.0,2023
117,Kris Dunn,25.8,5.3,9.8,0.537,0.8,1.6,0.472,4.5,8.2,0.55,0.576,1.9,2.4,0.774,0.4,4.1,4.5,5.6,1.1,0.5,1.6,2.6,13.2,0.0,0.0,1000.0,0.0,0.0,0.0,0.0,0.0,0.0,0.0,0.0,0.0,0.0,0.0,0.0,0.0,22.0,3.0,568.0,116.0,216.0,0.537,17.0,36.0,0.472,99.0,180.0,0.55,0.576,41.0,53.0,0.774,9.0,91.0,100.0,124.0,25.0,10.0,35.0,58.0,290.0,0.0,19.1,0.606,0.167,0.245,1.7,17.1,9.5,32.3,2.1,1.5,12.8,20.2,1.3,0.6,1.9,0.162,0.7,1.7,2.4,0.6,0.0,2023
118,John Collins,30.0,5.1,10.0,0.508,1.0,3.4,0.292,4.1,6.6,0.619,0.557,2.0,2.5,0.803,1.1,5.4,6.5,1.2,0.6,1.0,1.1,3.1,13.1,0.0,0.0,1000.0,0.0,0.0,0.0,0.0,0.0,0.0,0.0,0.0,0.0,0.0,0.0,0.0,0.0,71.0,71.0,2130.0,359.0,707.0,0.508,70.0,240.0,0.292,289.0,467.0,0.619,0.557,143.0,178.0,0.803,77.0,385.0,462.0,85.0,42.0,73.0,79.0,220.0,931.0,0.0,13.6,0.593,0.339,0.252,3.9,20.0,11.9,5.3,0.9,2.9,9.1,17.1,2.1,2.1,4.2,0.095,-1.4,0.2,-1.3,0.4,0.0,2023
119,Cole Anthony,25.9,4.6,10.2,0.454,1.3,3.4,0.364,3.4,6.7,0.5,0.516,2.5,2.8,0.894,0.8,4.0,4.8,3.9,0.6,0.5,1.5,2.6,13.0,0.0,0.0,1000.0,0.0,0.0,0.0,0.0,0.0,0.0,0.0,0.0,0.0,0.0,0.0,0.0,0.0,60.0,4.0,1552.0,277.0,610.0,0.454,75.0,206.0,0.364,202.0,404.0,0.5,0.516,152.0,170.0,0.894,47.0,241.0,288.0,235.0,37.0,31.0,91.0,158.0,781.0,0.0,16.0,0.57,0.338,0.279,3.4,17.6,10.5,22.9,1.2,1.9,11.7,21.5,2.1,1.7,3.7,0.116,0.7,0.5,1.3,1.3,0.0,2023
120,Austin Reaves,28.8,4.0,7.7,0.529,1.3,3.4,0.398,2.7,4.3,0.631,0.616,3.6,4.1,0.864,0.5,2.5,3.0,3.4,0.5,0.3,1.5,1.7,13.0,0.0,0.0,1000.0,0.0,0.0,0.0,0.0,0.0,0.0,0.0,0.0,0.0,0.0,0.0,0.0,0.0,64.0,22.0,1843.0,259.0,490.0,0.529,86.0,216.0,0.398,173.0,274.0,0.631,0.616,229.0,265.0,0.864,33.0,160.0,193.0,215.0,33.0,19.0,99.0,108.0,833.0,0.0,14.9,0.687,0.441,0.541,2.0,9.0,5.6,15.7,0.8,0.9,14.0,16.2,4.1,1.4,5.4,0.142,0.6,0.1,0.7,1.2,0.0,2023
121,Tre Jones,29.2,5.0,10.9,0.459,0.7,2.3,0.285,4.4,8.6,0.506,0.489,2.2,2.5,0.86,0.8,2.8,3.6,6.6,1.3,0.1,1.6,1.4,12.9,0.0,0.0,1000.0,0.0,0.0,0.0,0.0,0.0,0.0,0.0,0.0,0.0,0.0,0.0,0.0,0.0,68.0,65.0,1984.0,341.0,743.0,0.459,45.0,158.0,0.285,296.0,585.0,0.506,0.489,148.0,172.0,0.86,56.0,189.0,245.0,448.0,89.0,9.0,110.0,98.0,875.0,2.0,16.0,0.534,0.213,0.231,3.0,10.8,6.7,31.5,2.1,0.4,11.8,19.3,2.6,0.8,3.4,0.082,-0.2,-0.8,-1.0,0.5,0.0,2023
122,Alec Burks,22.0,3.9,9.0,0.436,1.9,4.7,0.414,2.0,4.3,0.459,0.544,3.0,3.7,0.814,0.4,2.7,3.1,2.2,0.7,0.2,1.1,1.9,12.8,0.0,0.0,1000.0,0.0,0.0,0.0,0.0,0.0,0.0,0.0,0.0,0.0,0.0,0.0,0.0,0.0,51.0,8.0,1122.0,200.0,459.0,0.436,99.0,239.0,0.414,101.0,220.0,0.459,0.544,153.0,188.0,0.814,19.0,139.0,158.0,114.0,38.0,8.0,58.0,98.0,652.0,0.0,16.5,0.602,0.521,0.41,1.8,14.2,7.8,15.9,1.6,0.6,9.7,22.8,1.9,0.6,2.5,0.109,1.8,-0.5,1.2,0.9,0.0,2023
123,Jabari Smith Jr.,31.0,4.6,11.3,0.408,1.5,4.9,0.307,3.1,6.3,0.487,0.475,2.1,2.6,0.786,1.5,5.7,7.2,1.3,0.5,0.9,1.3,2.9,12.8,0.0,0.0,1000.0,0.0,0.0,0.0,0.0,0.0,0.0,0.0,0.0,0.0,0.0,0.0,0.0,0.0,79.0,79.0,2451.0,364.0,892.0,0.408,120.0,391.0,0.307,244.0,501.0,0.487,0.475,162.0,206.0,0.786,122.0,447.0,569.0,101.0,43.0,74.0,104.0,227.0,1010.0,0.0,11.2,0.514,0.438,0.231,5.4,20.3,12.7,5.9,0.9,3.0,9.6,18.4,0.5,1.4,1.9,0.037,-2.3,-1.3,-3.7,-1.1,0.0,2023
124,Malik Beasley,25.8,4.6,11.6,0.395,2.9,8.1,0.357,1.7,3.4,0.484,0.52,0.6,0.8,0.769,0.4,3.1,3.5,1.5,0.8,0.1,1.1,1.3,12.7,0.0,0.0,1000.0,0.0,0.0,0.0,0.0,0.0,0.0,0.0,0.0,0.0,0.0,0.0,0.0,0.0,81.0,27.0,2093.0,370.0,937.0,0.395,235.0,658.0,0.357,135.0,279.0,0.484,0.52,50.0,65.0,0.769,35.0,248.0,283.0,124.0,65.0,9.0,90.0,107.0,1025.0,0.0,10.9,0.531,0.702,0.069,1.8,12.5,7.3,8.4,1.5,0.4,8.5,21.1,-0.2,1.6,1.4,0.032,-0.9,-1.0,-2.0,0.0,0.0,2023
125,KJ Martin,28.0,5.0,8.8,0.569,0.8,2.6,0.315,4.2,6.1,0.679,0.617,1.8,2.7,0.68,1.5,4.0,5.5,1.5,0.5,0.4,1.1,1.8,12.7,0.0,0.0,1000.0,0.0,0.0,0.0,0.0,0.0,0.0,0.0,0.0,0.0,0.0,0.0,0.0,0.0,82.0,49.0,2292.0,410.0,720.0,0.569,68.0,216.0,0.315,342.0,504.0,0.679,0.617,151.0,222.0,0.68,126.0,326.0,452.0,123.0,41.0,30.0,91.0,147.0,1039.0,0.0,15.4,0.635,0.3,0.308,6.0,15.8,10.8,8.1,0.9,1.3,10.0,16.4,4.2,0.7,4.9,0.103,0.6,-1.3,-0.7,0.7,0.0,2023
126,Nic Claxton,29.9,5.4,7.7,0.705,0.0,0.0,0.0,5.4,7.7,0.708,0.705,1.8,3.2,0.541,2.4,6.8,9.2,1.9,0.9,2.5,1.3,2.8,12.6,0.0,0.0,1000.0,0.0,0.0,0.0,0.0,0.0,0.0,0.0,0.0,0.0,0.0,0.0,0.0,0.0,76.0,76.0,2271.0,414.0,587.0,0.705,0.0,2.0,0.0,414.0,585.0,0.708,0.705,133.0,246.0,0.541,184.0,518.0,702.0,144.0,65.0,189.0,96.0,212.0,961.0,0.0,20.8,0.691,0.003,0.419,9.3,25.1,17.4,9.3,1.4,7.1,12.1,15.4,5.2,4.0,9.2,0.195,0.9,2.2,3.1,2.9,0.0,2023
127,Dennis Schröder,30.1,4.1,9.8,0.415,1.1,3.4,0.329,3.0,6.4,0.461,0.472,3.3,3.8,0.857,0.3,2.2,2.5,4.5,0.8,0.2,1.7,2.2,12.6,0.0,0.0,1000.0,0.0,0.0,0.0,0.0,0.0,0.0,0.0,0.0,0.0,0.0,0.0,0.0,0.0,66.0,50.0,1986.0,270.0,650.0,0.415,74.0,225.0,0.329,196.0,425.0,0.461,0.472,216.0,252.0,0.857,21.0,144.0,165.0,298.0,50.0,10.0,112.0,145.0,830.0,0.0,11.5,0.545,0.346,0.388,1.2,7.5,4.4,20.1,1.2,0.4,12.8,18.6,1.3,1.5,2.8,0.068,-2.4,-0.5,-2.9,-0.4,0.0,2023
128,Jakob Poeltl,26.5,5.4,8.6,0.629,0.0,0.0,0.0,5.4,8.6,0.63,0.629,1.7,2.8,0.592,3.3,5.8,9.1,2.7,0.9,1.2,1.7,2.7,12.5,0.0,0.0,1000.0,0.0,0.0,0.0,0.0,0.0,0.0,0.0,0.0,0.0,0.0,0.0,0.0,0.0,72.0,71.0,1906.0,389.0,618.0,0.629,0.0,1.0,0.0,389.0,617.0,0.63,0.629,119.0,201.0,0.592,236.0,417.0,653.0,197.0,66.0,86.0,125.0,195.0,897.0,0.0,21.0,0.635,0.002,0.325,13.0,25.5,19.0,15.2,1.7,4.0,15.0,18.2,3.7,2.2,6.0,0.15,1.1,0.8,1.9,1.9,0.0,2023
129,Mac McClung,20.5,4.5,10.0,0.45,2.0,5.5,0.364,2.5,4.5,0.556,0.55,1.5,2.5,0.6,1.5,3.5,5.0,4.5,0.0,0.0,1.5,1.5,12.5,0.0,0.0,1000.0,0.0,0.0,0.0,0.0,0.0,0.0,0.0,0.0,0.0,0.0,0.0,0.0,0.0,2.0,0.0,41.0,9.0,20.0,0.45,4.0,11.0,0.364,5.0,9.0,0.556,0.55,3.0,5.0,0.6,3.0,7.0,10.0,9.0,0.0,0.0,3.0,3.0,25.0,0.0,19.2,0.563,0.55,0.25,8.8,19.8,14.4,35.3,0.0,0.0,11.9,27.5,0.1,0.0,0.1,0.14,2.2,-1.7,0.5,0.0,0.0,2023
130,Kelly Olynyk,28.6,4.1,8.2,0.499,1.4,3.5,0.394,2.7,4.7,0.576,0.583,2.9,3.4,0.853,1.2,5.0,6.2,3.7,0.9,0.5,2.5,3.4,12.5,0.0,0.0,1000.0,0.0,0.0,0.0,0.0,0.0,0.0,0.0,0.0,0.0,0.0,0.0,0.0,0.0,68.0,68.0,1942.0,278.0,557.0,0.499,93.0,236.0,0.394,185.0,321.0,0.576,0.583,198.0,232.0,0.853,82.0,338.0,420.0,252.0,60.0,37.0,168.0,232.0,847.0,0.0,14.4,0.643,0.424,0.417,4.6,18.6,11.7,17.6,1.5,1.6,20.3,17.8,2.4,1.9,4.3,0.106,-0.4,0.9,0.4,1.2,0.0,2023
131,Eric Gordon,28.5,4.2,9.5,0.446,1.9,5.2,0.371,2.3,4.3,0.535,0.547,2.1,2.5,0.821,0.2,1.7,1.9,2.7,0.6,0.4,1.5,1.1,12.4,0.0,0.0,1000.0,0.0,0.0,0.0,0.0,0.0,0.0,0.0,0.0,0.0,0.0,0.0,0.0,0.0,69.0,58.0,1965.0,291.0,653.0,0.446,132.0,356.0,0.371,159.0,297.0,0.535,0.547,142.0,173.0,0.821,16.0,118.0,134.0,183.0,43.0,25.0,104.0,78.0,856.0,0.0,11.8,0.587,0.545,0.265,0.9,6.7,3.8,13.4,1.1,1.2,12.5,17.8,1.8,0.5,2.3,0.056,-0.5,-1.4,-1.9,0.1,0.0,2023
132,Derrick White,28.3,4.3,9.2,0.462,1.8,4.8,0.381,2.5,4.5,0.548,0.56,2.0,2.3,0.875,0.6,2.9,3.6,3.9,0.7,0.9,1.2,2.2,12.4,0.0,0.0,1000.0,0.0,0.0,0.0,0.0,0.0,0.0,0.0,0.0,0.0,0.0,0.0,0.0,0.0,82.0,70.0,2319.0,350.0,758.0,0.462,149.0,391.0,0.381,201.0,367.0,0.548,0.56,168.0,192.0,0.875,52.0,241.0,293.0,321.0,54.0,76.0,95.0,177.0,1017.0,0.0,15.4,0.604,0.516,0.253,2.5,11.2,6.9,19.4,1.1,2.8,10.1,17.7,4.4,3.1,7.4,0.154,1.1,1.3,2.4,2.6,0.0,2023
133,Keegan Murray,29.8,4.4,9.8,0.453,2.6,6.3,0.411,1.9,3.5,0.527,0.584,0.8,1.0,0.765,1.1,3.5,4.6,1.2,0.8,0.5,0.8,2.0,12.2,0.0,0.0,1000.0,0.0,0.0,0.0,0.0,0.0,0.0,0.0,0.0,0.0,0.0,0.0,0.0,0.0,80.0,78.0,2382.0,354.0,782.0,0.453,206.0,501.0,0.411,148.0,281.0,0.527,0.584,62.0,81.0,0.765,89.0,282.0,371.0,98.0,61.0,42.0,60.0,162.0,976.0,0.0,12.3,0.597,0.641,0.104,4.3,13.4,8.9,5.5,1.2,1.5,6.8,15.8,2.6,1.7,4.3,0.087,0.4,-1.0,-0.6,0.8,0.0,2023
134,Caris LeVert,30.2,4.3,10.0,0.431,1.7,4.4,0.392,2.6,5.6,0.462,0.517,1.8,2.4,0.722,0.7,3.1,3.8,3.9,1.0,0.3,1.6,2.3,12.1,0.0,0.0,1000.0,0.0,0.0,0.0,0.0,0.0,0.0,0.0,0.0,0.0,0.0,0.0,0.0,0.0,74.0,30.0,2237.0,320.0,742.0,0.431,127.0,324.0,0.392,193.0,418.0,0.462,0.517,130.0,180.0,0.722,53.0,229.0,282.0,287.0,72.0,24.0,116.0,170.0,897.0,0.0,12.4,0.546,0.437,0.243,2.8,12.1,7.4,18.0,1.6,1.0,12.4,18.7,1.4,3.1,4.4,0.095,-1.0,0.8,-0.2,1.0,0.0,2023
135,Jaden McDaniels,30.6,4.7,9.1,0.517,1.4,3.4,0.398,3.3,5.7,0.588,0.591,1.3,1.8,0.736,1.2,2.7,3.9,1.9,0.9,1.0,1.4,3.4,12.1,0.0,0.0,1000.0,0.0,0.0,0.0,0.0,0.0,0.0,0.0,0.0,0.0,0.0,0.0,0.0,0.0,79.0,79.0,2416.0,370.0,716.0,0.517,107.0,269.0,0.398,263.0,447.0,0.588,0.591,106.0,144.0,0.736,92.0,215.0,307.0,148.0,74.0,76.0,112.0,272.0,953.0,0.0,12.0,0.611,0.376,0.201,4.3,9.8,7.1,8.4,1.5,2.7,12.6,15.8,2.0,2.4,4.4,0.087,-1.7,0.5,-1.2,0.5,0.0,2023
136,Marvin Bagley III,23.6,4.8,9.1,0.529,0.5,1.6,0.288,4.4,7.5,0.579,0.554,1.9,2.6,0.75,2.2,4.2,6.4,0.9,0.5,0.7,1.1,1.9,12.0,0.0,0.0,1000.0,0.0,0.0,0.0,0.0,0.0,0.0,0.0,0.0,0.0,0.0,0.0,0.0,0.0,42.0,25.0,990.0,202.0,382.0,0.529,19.0,66.0,0.288,183.0,316.0,0.579,0.554,81.0,108.0,0.75,94.0,175.0,269.0,36.0,19.0,30.0,46.0,81.0,504.0,0.0,17.2,0.587,0.173,0.283,10.2,20.2,15.1,5.9,0.9,2.7,9.7,20.4,1.3,0.7,2.0,0.095,0.3,-1.2,-0.9,0.3,0.0,2023
137,Clint Capela,26.6,5.4,8.2,0.653,0.0,0.0,0.0,5.4,8.2,0.654,0.653,1.2,2.0,0.603,4.0,7.1,11.0,0.9,0.7,1.2,0.8,2.1,12.0,0.0,0.0,1000.0,0.0,0.0,0.0,0.0,0.0,0.0,0.0,0.0,0.0,0.0,0.0,0.0,0.0,65.0,63.0,1730.0,350.0,536.0,0.653,0.0,1.0,0.0,350.0,535.0,0.654,0.653,79.0,131.0,0.603,258.0,459.0,717.0,58.0,45.0,79.0,54.0,139.0,779.0,0.0,22.1,0.656,0.002,0.244,16.1,29.4,22.7,4.7,1.2,3.9,8.3,15.7,4.9,2.4,7.2,0.201,2.3,-0.1,2.2,1.8,0.0,2023
138,Mike Conley,30.3,3.9,9.1,0.428,2.0,5.2,0.385,1.9,3.9,0.486,0.539,2.1,2.5,0.834,0.5,2.2,2.7,6.7,1.1,0.2,1.5,2.1,11.9,0.0,0.0,1000.0,0.0,0.0,0.0,0.0,0.0,0.0,0.0,0.0,0.0,0.0,0.0,0.0,0.0,67.0,66.0,2029.0,261.0,610.0,0.428,135.0,351.0,0.385,126.0,259.0,0.486,0.539,141.0,169.0,0.834,33.0,149.0,182.0,450.0,73.0,14.0,103.0,139.0,798.0,0.0,14.7,0.583,0.575,0.277,1.8,7.9,4.9,29.4,1.7,0.6,13.1,16.3,4.1,1.4,5.5,0.13,1.0,-0.1,0.9,1.5,0.0,2023
139,Bones Hyland,19.4,4.1,10.2,0.399,2.1,5.6,0.371,2.0,4.6,0.434,0.502,1.5,1.8,0.843,0.4,2.1,2.4,3.1,0.7,0.3,1.5,1.7,11.8,0.0,0.0,1000.0,0.0,0.0,0.0,0.0,0.0,0.0,0.0,0.0,0.0,0.0,0.0,0.0,0.0,56.0,1.0,1085.0,228.0,571.0,0.399,117.0,315.0,0.371,111.0,256.0,0.434,0.502,86.0,102.0,0.843,20.0,115.0,135.0,172.0,39.0,15.0,82.0,96.0,659.0,0.0,14.9,0.535,0.552,0.179,2.1,11.8,7.1,23.4,1.8,1.2,11.7,28.0,0.3,1.1,1.4,0.062,0.4,-1.2,-0.8,0.3,0.0,2023
140,Lonnie Walker IV,23.2,4.2,9.4,0.448,1.6,4.4,0.365,2.6,5.0,0.522,0.534,1.6,1.9,0.858,0.3,1.7,1.9,1.1,0.5,0.3,0.8,1.3,11.7,0.0,0.0,1000.0,0.0,0.0,0.0,0.0,0.0,0.0,0.0,0.0,0.0,0.0,0.0,0.0,0.0,56.0,32.0,1297.0,236.0,527.0,0.448,91.0,249.0,0.365,145.0,278.0,0.522,0.534,91.0,106.0,0.858,14.0,95.0,109.0,64.0,30.0,17.0,46.0,71.0,654.0,0.0,12.2,0.57,0.472,0.201,1.2,7.6,4.5,7.0,1.1,1.1,7.4,20.2,0.8,1.0,1.8,0.066,-0.9,-0.5,-1.4,0.2,0.0,2023
141,Zach Collins,22.9,4.5,8.7,0.518,0.9,2.3,0.374,3.6,6.4,0.571,0.568,1.7,2.3,0.761,1.8,4.5,6.4,2.9,0.6,0.8,2.0,3.2,11.6,0.0,0.0,1000.0,0.0,0.0,0.0,0.0,0.0,0.0,0.0,0.0,0.0,0.0,0.0,0.0,0.0,63.0,26.0,1441.0,284.0,548.0,0.518,55.0,147.0,0.374,229.0,401.0,0.571,0.568,108.0,142.0,0.761,116.0,286.0,402.0,180.0,37.0,49.0,129.0,199.0,731.0,0.0,16.4,0.599,0.268,0.259,8.5,22.5,15.2,18.0,1.2,2.8,17.4,21.2,1.2,1.0,2.2,0.074,-0.5,0.3,-0.2,0.6,0.0,2023
142,Bruce Brown,28.5,4.5,9.3,0.483,1.1,3.2,0.358,3.3,6.1,0.548,0.545,1.5,1.9,0.758,0.8,3.3,4.1,3.4,1.1,0.6,1.5,2.4,11.5,0.0,0.0,1000.0,0.0,0.0,0.0,0.0,0.0,0.0,0.0,0.0,0.0,0.0,0.0,0.0,0.0,80.0,31.0,2280.0,358.0,741.0,0.483,91.0,254.0,0.358,267.0,487.0,0.548,0.545,116.0,153.0,0.758,63.0,265.0,328.0,268.0,87.0,51.0,123.0,190.0,923.0,1.0,13.3,0.571,0.343,0.206,3.3,13.0,8.3,15.7,1.9,2.0,13.2,17.8,1.7,2.6,4.3,0.09,-1.1,0.6,-0.5,0.9,0.0,2023
143,Naz Reid,18.4,4.6,8.5,0.537,1.1,3.2,0.346,3.5,5.3,0.653,0.602,1.3,1.9,0.677,1.1,3.8,4.9,1.1,0.6,0.8,1.4,2.6,11.5,0.0,0.0,1000.0,0.0,0.0,0.0,0.0,0.0,0.0,0.0,0.0,0.0,0.0,0.0,0.0,0.0,68.0,11.0,1251.0,310.0,577.0,0.537,75.0,217.0,0.346,235.0,360.0,0.653,0.602,86.0,127.0,0.677,73.0,260.0,333.0,77.0,42.0,53.0,92.0,176.0,781.0,0.0,18.5,0.617,0.376,0.22,6.6,22.8,14.9,9.6,1.6,3.7,12.7,24.8,1.1,1.9,3.0,0.114,0.3,0.8,1.0,1.0,0.0,2023
144,Marcus Smart,32.1,4.1,9.9,0.415,1.9,5.6,0.336,2.2,4.3,0.519,0.511,1.4,1.9,0.746,0.8,2.4,3.1,6.3,1.5,0.4,2.3,2.8,11.5,0.0,0.0,1000.0,0.0,0.0,0.0,0.0,0.0,0.0,0.0,0.0,0.0,0.0,0.0,0.0,0.0,61.0,61.0,1957.0,250.0,602.0,0.415,115.0,342.0,0.336,135.0,260.0,0.519,0.511,88.0,118.0,0.746,46.0,145.0,191.0,382.0,93.0,23.0,143.0,172.0,703.0,0.0,12.1,0.538,0.568,0.196,2.6,8.0,5.3,26.4,2.3,1.0,17.9,17.8,1.0,2.7,3.7,0.092,-1.8,0.8,-1.0,0.5,0.0,2023
145,Max Strus,28.4,4.1,9.9,0.41,2.5,7.0,0.35,1.6,2.8,0.559,0.535,1.0,1.1,0.876,0.6,2.6,3.2,2.1,0.5,0.2,0.9,2.1,11.5,0.0,0.0,1000.0,0.0,0.0,0.0,0.0,0.0,0.0,0.0,0.0,0.0,0.0,0.0,0.0,0.0,80.0,33.0,2272.0,324.0,790.0,0.41,197.0,563.0,0.35,127.0,227.0,0.559,0.535,78.0,89.0,0.876,49.0,209.0,258.0,171.0,42.0,12.0,70.0,166.0,923.0,0.0,10.8,0.557,0.713,0.113,2.4,11.2,6.7,11.2,0.9,0.5,7.8,17.6,1.5,1.9,3.4,0.071,-0.8,-0.9,-1.7,0.2,0.0,2023
146,John Wall,22.2,4.1,9.9,0.408,1.0,3.2,0.303,3.1,6.7,0.459,0.457,2.3,3.3,0.681,0.4,2.3,2.7,5.2,0.8,0.4,2.4,1.7,11.4,0.0,0.0,1000.0,0.0,0.0,0.0,0.0,0.0,0.0,0.0,0.0,0.0,0.0,0.0,0.0,0.0,34.0,3.0,755.0,138.0,338.0,0.408,33.0,109.0,0.303,105.0,229.0,0.459,0.457,77.0,113.0,0.681,14.0,78.0,92.0,178.0,27.0,12.0,80.0,59.0,386.0,0.0,13.6,0.498,0.322,0.334,2.1,11.4,6.8,35.3,1.8,1.4,17.1,27.0,-0.4,0.7,0.3,0.02,-0.8,-0.4,-1.2,0.1,0.0,2023
147,Quentin Grimes,29.9,4.0,8.5,0.468,2.2,5.7,0.386,1.8,2.7,0.641,0.599,1.1,1.4,0.796,0.7,2.5,3.2,2.1,0.7,0.4,1.0,2.5,11.3,0.0,0.0,1000.0,0.0,0.0,0.0,0.0,0.0,0.0,0.0,0.0,0.0,0.0,0.0,0.0,0.0,71.0,66.0,2121.0,282.0,602.0,0.468,157.0,407.0,0.386,125.0,195.0,0.641,0.599,78.0,98.0,0.796,49.0,180.0,229.0,150.0,47.0,26.0,69.0,177.0,799.0,0.0,11.7,0.619,0.676,0.163,2.5,9.4,5.9,9.7,1.1,1.2,9.7,14.4,3.2,1.6,4.8,0.108,-0.3,0.1,-0.1,1.0,0.0,2023
148,Isaiah Stewart,28.3,3.9,8.8,0.442,1.3,4.1,0.327,2.6,4.7,0.542,0.518,2.2,3.0,0.738,2.3,5.8,8.1,1.4,0.4,0.7,1.4,2.7,11.3,0.0,0.0,1000.0,0.0,0.0,0.0,0.0,0.0,0.0,0.0,0.0,0.0,0.0,0.0,0.0,0.0,50.0,47.0,1414.0,195.0,441.0,0.442,67.0,205.0,0.327,128.0,236.0,0.542,0.518,110.0,149.0,0.738,115.0,288.0,403.0,70.0,20.0,34.0,68.0,133.0,567.0,0.0,13.1,0.56,0.465,0.338,8.7,23.3,15.8,7.3,0.7,2.1,11.8,17.3,1.1,0.9,2.0,0.068,-1.0,-1.1,-2.1,0.0,0.0,2023
149,Rui Hachimura,23.3,4.5,9.3,0.486,0.8,2.5,0.319,3.7,6.7,0.55,0.53,1.4,1.9,0.739,0.8,3.7,4.5,0.9,0.3,0.4,0.8,1.1,11.2,0.0,0.0,1000.0,0.0,0.0,0.0,0.0,0.0,0.0,0.0,0.0,0.0,0.0,0.0,0.0,0.0,63.0,9.0,1466.0,284.0,584.0,0.486,51.0,160.0,0.319,233.0,424.0,0.55,0.53,88.0,119.0,0.739,53.0,230.0,283.0,58.0,19.0,26.0,53.0,72.0,707.0,0.0,13.2,0.556,0.274,0.204,4.1,16.5,10.5,5.8,0.6,1.5,7.7,20.2,0.6,1.3,1.8,0.06,-1.3,-1.0,-2.2,-0.1,0.0,2023
150,Kyle Lowry,31.2,3.6,8.8,0.404,1.9,5.6,0.345,1.6,3.2,0.509,0.514,2.1,2.5,0.859,0.8,3.3,4.1,5.1,1.0,0.4,1.9,2.6,11.2,0.0,0.0,1000.0,0.0,0.0,0.0,0.0,0.0,0.0,0.0,0.0,0.0,0.0,0.0,0.0,0.0,55.0,44.0,1718.0,196.0,485.0,0.404,107.0,310.0,0.345,89.0,175.0,0.509,0.514,116.0,135.0,0.859,43.0,182.0,225.0,281.0,57.0,21.0,103.0,143.0,615.0,1.0,12.6,0.565,0.639,0.278,2.8,12.9,7.7,23.4,1.7,1.2,15.9,16.7,1.5,1.9,3.4,0.096,-0.7,0.8,0.2,0.9,0.0,2023
151,Marcus Morris,28.1,4.2,9.9,0.426,1.7,4.7,0.364,2.5,5.2,0.484,0.513,1.0,1.3,0.782,0.4,3.5,4.0,1.8,0.6,0.3,0.9,2.1,11.2,0.0,0.0,1000.0,0.0,0.0,0.0,0.0,0.0,0.0,0.0,0.0,0.0,0.0,0.0,0.0,0.0,65.0,65.0,1825.0,274.0,643.0,0.426,112.0,308.0,0.364,162.0,335.0,0.484,0.513,68.0,87.0,0.782,29.0,229.0,258.0,114.0,42.0,21.0,56.0,136.0,728.0,0.0,10.5,0.534,0.479,0.135,1.8,13.9,7.9,8.9,1.1,1.0,7.6,17.6,0.4,1.6,2.0,0.053,-1.8,-0.2,-1.9,0.0,0.0,2023
152,Corey Kispert,28.3,3.9,7.9,0.497,2.2,5.2,0.424,1.7,2.7,0.637,0.637,1.0,1.2,0.852,0.4,2.4,2.8,1.2,0.4,0.1,0.7,1.3,11.1,0.0,0.0,1000.0,0.0,0.0,0.0,0.0,0.0,0.0,0.0,0.0,0.0,0.0,0.0,0.0,0.0,74.0,45.0,2093.0,291.0,585.0,0.497,163.0,384.0,0.424,128.0,201.0,0.637,0.637,75.0,88.0,0.852,33.0,174.0,207.0,87.0,32.0,9.0,55.0,97.0,820.0,0.0,11.5,0.657,0.656,0.15,1.8,8.9,5.5,5.7,0.7,0.4,8.1,14.1,2.9,0.9,3.8,0.088,-0.1,-1.4,-1.5,0.2,0.0,2023
153,Jeremy Sochan,26.0,4.5,9.9,0.453,0.6,2.4,0.246,3.9,7.5,0.519,0.483,1.4,2.1,0.698,1.7,3.6,5.3,2.5,0.8,0.4,1.7,2.5,11.0,0.0,0.0,1000.0,0.0,0.0,0.0,0.0,0.0,0.0,0.0,0.0,0.0,0.0,0.0,0.0,0.0,56.0,53.0,1458.0,250.0,552.0,0.453,33.0,134.0,0.246,217.0,418.0,0.519,0.483,81.0,116.0,0.698,95.0,200.0,295.0,142.0,43.0,23.0,97.0,138.0,614.0,0.0,11.4,0.509,0.243,0.21,6.9,15.6,11.0,13.6,1.4,1.3,13.9,19.8,-0.5,0.7,0.2,0.005,-2.8,-1.2,-4.0,-0.7,0.0,2023
154,Mason Plumlee,26.0,4.2,6.1,0.68,0.0,0.0,0.0,4.2,6.1,0.68,0.68,2.5,4.0,0.636,2.9,6.0,8.9,3.1,0.6,0.6,1.5,2.7,10.8,0.0,0.0,1000.0,0.0,0.0,0.0,0.0,0.0,0.0,0.0,0.0,0.0,0.0,0.0,0.0,0.0,79.0,60.0,2054.0,329.0,484.0,0.68,0.0,0.0,0.0,329.0,484.0,0.68,0.68,199.0,313.0,0.636,229.0,471.0,700.0,245.0,46.0,47.0,117.0,217.0,857.0,0.0,19.6,0.689,0.0,0.647,11.8,25.1,18.4,17.3,1.1,2.0,15.8,15.2,5.5,2.4,7.9,0.185,1.2,1.0,2.2,2.2,0.0,2023
155,Kentavious Caldwell-Pope,31.3,3.8,8.3,0.462,1.8,4.2,0.423,2.1,4.1,0.502,0.569,1.4,1.6,0.824,0.5,2.3,2.7,2.4,1.5,0.5,1.1,1.9,10.8,0.0,0.0,1000.0,0.0,0.0,0.0,0.0,0.0,0.0,0.0,0.0,0.0,0.0,0.0,0.0,0.0,76.0,76.0,2381.0,292.0,632.0,0.462,135.0,319.0,0.423,157.0,313.0,0.502,0.569,103.0,125.0,0.824,35.0,173.0,208.0,183.0,112.0,35.0,86.0,145.0,822.0,0.0,11.5,0.598,0.505,0.198,1.7,8.1,5.0,9.8,2.3,1.3,11.1,14.1,2.0,2.5,4.5,0.091,-1.6,0.6,-1.0,0.6,0.0,2023
156,Jaylen Nowell,19.3,4.3,9.6,0.448,1.0,3.6,0.289,3.3,6.0,0.542,0.502,1.2,1.5,0.778,0.6,2.1,2.6,2.0,0.6,0.1,1.0,1.6,10.8,0.0,0.0,1000.0,0.0,0.0,0.0,0.0,0.0,0.0,0.0,0.0,0.0,0.0,0.0,0.0,0.0,65.0,2.0,1252.0,280.0,625.0,0.448,67.0,232.0,0.289,213.0,393.0,0.542,0.502,77.0,99.0,0.778,36.0,134.0,170.0,132.0,42.0,5.0,65.0,101.0,704.0,0.0,13.7,0.527,0.371,0.158,3.3,11.7,7.6,15.9,1.6,0.3,8.9,25.0,0.0,1.2,1.2,0.046,-1.5,-1.0,-2.5,-0.2,0.0,2023
157,Ivica Zubac,28.6,4.3,6.8,0.634,0.0,0.0,0.0,4.3,6.7,0.637,0.634,2.2,3.1,0.697,3.1,6.8,9.9,1.0,0.4,1.3,1.5,2.9,10.8,0.0,0.0,1000.0,0.0,0.0,0.0,0.0,0.0,0.0,0.0,0.0,0.0,0.0,0.0,0.0,0.0,76.0,76.0,2170.0,326.0,514.0,0.634,0.0,2.0,0.0,326.0,512.0,0.637,0.634,166.0,238.0,0.697,236.0,520.0,756.0,77.0,29.0,98.0,117.0,219.0,818.0,0.0,16.7,0.661,0.004,0.463,12.3,26.5,19.5,5.1,0.7,4.0,15.9,14.8,3.8,2.9,6.7,0.149,-1.1,0.2,-0.9,0.6,0.0,2023
158,Talen Horton-Tucker,20.2,4.0,9.4,0.419,0.9,3.1,0.286,3.1,6.3,0.485,0.467,1.9,2.6,0.75,0.6,2.6,3.2,3.8,0.6,0.4,1.9,1.7,10.7,0.0,0.0,1000.0,0.0,0.0,0.0,0.0,0.0,0.0,0.0,0.0,0.0,0.0,0.0,0.0,0.0,65.0,20.0,1313.0,257.0,613.0,0.419,58.0,203.0,0.286,199.0,410.0,0.485,0.467,126.0,168.0,0.75,41.0,169.0,210.0,246.0,41.0,29.0,126.0,108.0,698.0,0.0,13.7,0.508,0.331,0.274,3.4,13.7,8.6,27.4,1.5,1.9,15.5,25.9,-0.3,1.1,0.8,0.029,-1.1,-0.5,-1.6,0.2,0.0,2023
159,Victor Oladipo,26.3,3.8,9.6,0.397,1.7,5.0,0.33,2.1,4.5,0.471,0.484,1.4,1.9,0.747,0.4,2.7,3.0,3.5,1.4,0.3,2.1,2.4,10.7,0.0,0.0,1000.0,0.0,0.0,0.0,0.0,0.0,0.0,0.0,0.0,0.0,0.0,0.0,0.0,0.0,42.0,2.0,1106.0,160.0,403.0,0.397,70.0,212.0,0.33,90.0,191.0,0.471,0.484,59.0,79.0,0.747,16.0,112.0,128.0,146.0,57.0,12.0,87.0,99.0,449.0,0.0,10.6,0.513,0.526,0.196,1.6,12.3,6.8,19.8,2.6,1.1,16.6,21.1,-0.9,1.5,0.6,0.024,-2.9,0.8,-2.1,0.0,0.0,2023
160,Cam Thomas,16.6,3.5,8.0,0.441,0.9,2.3,0.383,2.6,5.7,0.464,0.497,2.6,3.1,0.868,0.1,1.5,1.7,1.4,0.4,0.1,1.1,1.0,10.6,0.0,0.0,1000.0,0.0,0.0,0.0,0.0,0.0,0.0,0.0,0.0,0.0,0.0,0.0,0.0,0.0,57.0,4.0,948.0,201.0,456.0,0.441,51.0,133.0,0.383,150.0,323.0,0.464,0.497,151.0,174.0,0.868,8.0,87.0,95.0,78.0,20.0,7.0,63.0,55.0,604.0,0.0,14.7,0.567,0.292,0.382,1.0,10.1,5.6,12.7,1.0,0.6,10.6,27.8,0.3,0.7,1.0,0.049,-0.7,-2.0,-2.7,-0.2,0.0,2023
161,Jeenathan Williams,25.4,4.8,7.8,0.615,0.6,1.6,0.375,4.2,6.2,0.677,0.654,0.4,0.6,0.667,2.0,1.0,3.0,2.0,0.6,0.4,0.8,2.6,10.6,0.0,0.0,1000.0,0.0,0.0,0.0,0.0,0.0,0.0,0.0,0.0,0.0,0.0,0.0,0.0,0.0,5.0,4.0,127.0,24.0,39.0,0.615,3.0,8.0,0.375,21.0,31.0,0.677,0.654,2.0,3.0,0.667,10.0,5.0,15.0,10.0,3.0,2.0,4.0,13.0,53.0,0.0,15.5,0.657,0.205,0.077,9.0,4.6,6.8,12.1,1.2,1.4,9.0,15.2,0.3,0.0,0.3,0.12,-1.0,-2.1,-3.0,0.0,0.0,2023
162,Moritz Wagner,19.5,3.5,6.9,0.5,0.9,2.9,0.313,2.6,4.1,0.631,0.564,2.7,3.2,0.841,1.2,3.3,4.5,1.5,0.6,0.2,1.2,2.4,10.5,0.0,0.0,1000.0,0.0,0.0,0.0,0.0,0.0,0.0,0.0,0.0,0.0,0.0,0.0,0.0,0.0,57.0,18.0,1109.0,198.0,396.0,0.5,51.0,163.0,0.313,147.0,233.0,0.631,0.564,153.0,182.0,0.841,69.0,190.0,259.0,84.0,37.0,13.0,68.0,136.0,600.0,0.0,17.4,0.63,0.412,0.46,7.0,19.4,13.2,11.5,1.6,1.1,12.5,21.1,2.1,1.3,3.4,0.149,0.4,0.2,0.6,0.7,0.0,2023
163,Grayson Allen,27.4,3.4,7.7,0.44,2.0,5.1,0.399,1.4,2.7,0.518,0.571,1.6,1.8,0.905,0.8,2.4,3.3,2.3,0.9,0.2,1.0,1.6,10.4,0.0,0.0,1000.0,0.0,0.0,0.0,0.0,0.0,0.0,0.0,0.0,0.0,0.0,0.0,0.0,0.0,72.0,70.0,1972.0,245.0,557.0,0.44,146.0,366.0,0.399,99.0,191.0,0.518,0.571,114.0,126.0,0.905,61.0,176.0,237.0,163.0,62.0,14.0,72.0,117.0,750.0,0.0,12.3,0.612,0.657,0.226,3.4,9.0,6.3,10.9,1.5,0.6,10.5,14.6,2.8,2.2,5.1,0.123,-0.6,0.7,0.1,1.0,0.0,2023
164,Killian Hayes,28.3,4.0,10.7,0.377,1.1,3.8,0.28,3.0,7.0,0.429,0.426,1.2,1.5,0.821,0.4,2.5,2.9,6.2,1.4,0.4,2.3,2.9,10.3,0.0,0.0,1000.0,0.0,0.0,0.0,0.0,0.0,0.0,0.0,0.0,0.0,0.0,0.0,0.0,0.0,76.0,56.0,2154.0,307.0,815.0,0.377,80.0,286.0,0.28,227.0,529.0,0.429,0.426,92.0,112.0,0.821,28.0,193.0,221.0,470.0,104.0,28.0,173.0,219.0,786.0,0.0,10.2,0.455,0.351,0.137,1.4,10.2,5.7,32.3,2.3,1.1,16.7,20.5,-1.9,1.4,-0.5,-0.012,-3.3,-0.5,-3.8,-1.0,0.0,2023
165,Tyus Jones,24.3,3.9,8.9,0.438,1.5,4.1,0.371,2.4,4.8,0.495,0.523,1.0,1.3,0.8,0.4,2.2,2.5,5.2,1.0,0.1,0.9,0.4,10.3,0.0,0.0,1000.0,0.0,0.0,0.0,0.0,0.0,0.0,0.0,0.0,0.0,0.0,0.0,0.0,0.0,80.0,22.0,1940.0,311.0,710.0,0.438,121.0,326.0,0.371,190.0,384.0,0.495,0.523,80.0,100.0,0.8,28.0,172.0,200.0,417.0,83.0,6.0,74.0,32.0,823.0,1.0,16.0,0.546,0.459,0.141,1.5,9.4,5.5,28.8,2.0,0.3,8.9,17.7,3.4,2.3,5.7,0.141,1.2,0.3,1.6,1.7,0.0,2023
166,Monte Morris,27.3,4.0,8.3,0.48,1.3,3.3,0.382,2.7,5.0,0.543,0.555,1.0,1.2,0.831,0.4,3.0,3.4,5.3,0.7,0.2,1.0,1.2,10.3,0.0,0.0,1000.0,0.0,0.0,0.0,0.0,0.0,0.0,0.0,0.0,0.0,0.0,0.0,0.0,0.0,62.0,61.0,1695.0,247.0,515.0,0.48,78.0,204.0,0.382,169.0,311.0,0.543,0.555,64.0,77.0,0.831,26.0,184.0,210.0,326.0,43.0,13.0,60.0,75.0,636.0,0.0,15.0,0.579,0.396,0.15,1.8,11.6,6.9,26.4,1.2,0.6,9.9,15.6,3.1,1.1,4.2,0.12,0.8,-0.4,0.5,1.1,0.0,2023
167,Cameron Payne,20.2,3.9,9.4,0.415,1.4,3.9,0.368,2.5,5.6,0.448,0.49,1.0,1.3,0.766,0.3,2.0,2.2,4.5,0.7,0.2,1.7,1.8,10.3,0.0,0.0,1000.0,0.0,0.0,0.0,0.0,0.0,0.0,0.0,0.0,0.0,0.0,0.0,0.0,0.0,48.0,15.0,968.0,188.0,453.0,0.415,68.0,185.0,0.368,120.0,268.0,0.448,0.49,49.0,64.0,0.766,12.0,94.0,106.0,214.0,33.0,8.0,81.0,88.0,493.0,0.0,13.2,0.512,0.408,0.141,1.3,11.0,6.1,32.6,1.7,0.7,14.4,24.8,0.0,1.0,1.1,0.053,-0.5,-0.7,-1.2,0.2,0.0,2023
168,Reggie Jackson,24.4,3.9,9.4,0.411,1.4,4.2,0.333,2.5,5.2,0.474,0.486,1.0,1.1,0.91,0.4,1.8,2.1,3.4,0.7,0.1,1.7,1.7,10.2,0.0,0.0,1000.0,0.0,0.0,0.0,0.0,0.0,0.0,0.0,0.0,0.0,0.0,0.0,0.0,0.0,68.0,40.0,1657.0,263.0,640.0,0.411,96.0,288.0,0.333,167.0,352.0,0.474,0.486,71.0,78.0,0.91,25.0,119.0,144.0,233.0,47.0,6.0,115.0,114.0,693.0,0.0,10.0,0.514,0.45,0.122,1.7,8.0,4.9,20.0,1.4,0.3,14.6,20.8,-0.6,1.2,0.6,0.018,-2.9,-1.1,-3.9,-0.8,0.0,2023
169,Malaki Branham,23.5,4.1,9.3,0.44,1.2,3.9,0.302,2.9,5.4,0.539,0.503,0.9,1.1,0.829,0.4,2.3,2.7,1.9,0.5,0.1,1.2,1.7,10.2,0.0,0.0,1000.0,0.0,0.0,0.0,0.0,0.0,0.0,0.0,0.0,0.0,0.0,0.0,0.0,0.0,66.0,32.0,1550.0,269.0,611.0,0.44,77.0,255.0,0.302,192.0,356.0,0.539,0.503,58.0,70.0,0.829,28.0,153.0,181.0,127.0,33.0,7.0,76.0,115.0,673.0,0.0,9.5,0.524,0.417,0.115,1.9,11.2,6.4,11.4,1.0,0.4,10.6,19.1,-0.4,0.2,-0.1,-0.004,-3.0,-2.1,-5.2,-1.3,0.0,2023
170,Doug McDermott,20.5,3.7,8.2,0.457,1.9,4.7,0.413,1.8,3.5,0.516,0.575,0.8,1.1,0.757,0.4,1.8,2.2,1.4,0.2,0.1,0.9,1.8,10.2,0.0,0.0,1000.0,0.0,0.0,0.0,0.0,0.0,0.0,0.0,0.0,0.0,0.0,0.0,0.0,0.0,64.0,0.0,1314.0,239.0,523.0,0.457,123.0,298.0,0.413,116.0,225.0,0.516,0.575,53.0,70.0,0.757,23.0,116.0,139.0,91.0,13.0,6.0,58.0,118.0,654.0,0.0,11.2,0.59,0.57,0.134,1.9,9.9,5.8,9.8,0.5,0.4,9.5,19.2,1.0,0.0,1.0,0.035,-0.7,-2.5,-3.2,-0.4,0.0,2023
171,Patrick Williams,28.3,3.8,8.3,0.464,1.4,3.4,0.415,2.4,4.9,0.498,0.549,1.1,1.3,0.857,1.0,3.0,4.0,1.2,0.9,0.9,1.2,1.8,10.2,0.0,0.0,1000.0,0.0,0.0,0.0,0.0,0.0,0.0,0.0,0.0,0.0,0.0,0.0,0.0,0.0,82.0,65.0,2323.0,314.0,677.0,0.464,115.0,277.0,0.415,199.0,400.0,0.498,0.549,90.0,105.0,0.857,78.0,249.0,327.0,100.0,72.0,70.0,101.0,147.0,833.0,0.0,11.2,0.576,0.409,0.155,3.9,12.0,8.0,5.8,1.5,2.9,12.3,15.7,0.5,3.0,3.5,0.072,-1.7,0.4,-1.3,0.4,0.0,2023
172,Josh Richardson,23.5,3.7,8.5,0.431,1.6,4.5,0.365,2.0,4.0,0.506,0.528,1.1,1.2,0.852,0.6,2.1,2.7,2.7,1.1,0.3,1.3,1.8,10.1,0.0,0.0,1000.0,0.0,0.0,0.0,0.0,0.0,0.0,0.0,0.0,0.0,0.0,0.0,0.0,0.0,65.0,10.0,1530.0,239.0,554.0,0.431,107.0,293.0,0.365,132.0,261.0,0.506,0.528,69.0,81.0,0.852,41.0,134.0,175.0,174.0,69.0,20.0,86.0,117.0,654.0,0.0,12.3,0.555,0.529,0.146,2.9,9.9,6.3,15.8,2.2,1.2,12.7,18.4,0.6,1.1,1.8,0.055,-1.0,-0.1,-1.2,0.3,0.0,2023
173,De'Anthony Melton,27.9,3.6,8.5,0.425,2.0,5.2,0.39,1.6,3.2,0.484,0.546,0.9,1.1,0.793,0.9,3.2,4.1,2.6,1.6,0.5,1.3,2.5,10.1,0.0,0.0,1000.0,0.0,0.0,0.0,0.0,0.0,0.0,0.0,0.0,0.0,0.0,0.0,0.0,0.0,77.0,58.0,2150.0,277.0,651.0,0.425,157.0,403.0,0.39,120.0,248.0,0.484,0.546,69.0,87.0,0.793,69.0,243.0,312.0,197.0,126.0,41.0,102.0,191.0,780.0,0.0,12.7,0.566,0.619,0.134,3.9,13.1,8.6,12.9,2.9,1.8,12.9,16.4,1.1,3.1,4.2,0.095,-0.7,1.6,0.9,1.6,0.0,2023
174,Aaron Nesmith,24.9,3.5,8.1,0.427,1.6,4.3,0.366,1.9,3.8,0.496,0.525,1.6,1.9,0.838,0.8,2.9,3.8,1.3,0.8,0.5,1.0,3.2,10.1,0.0,0.0,1000.0,0.0,0.0,0.0,0.0,0.0,0.0,0.0,0.0,0.0,0.0,0.0,0.0,0.0,73.0,60.0,1816.0,252.0,590.0,0.427,115.0,314.0,0.366,137.0,276.0,0.496,0.525,119.0,142.0,0.838,62.0,215.0,277.0,98.0,55.0,34.0,75.0,235.0,738.0,0.0,10.5,0.566,0.532,0.241,3.8,13.1,8.5,7.4,1.4,1.6,10.3,16.8,0.9,1.1,2.0,0.052,-2.3,-0.7,-3.0,-0.4,0.0,2023
175,James Wiseman,19.3,4.2,7.5,0.558,0.1,0.4,0.2,4.1,7.1,0.58,0.563,1.5,2.2,0.701,1.6,4.3,5.9,0.7,0.2,0.6,1.1,2.4,10.0,0.0,0.0,1000.0,0.0,0.0,0.0,0.0,0.0,0.0,0.0,0.0,0.0,0.0,0.0,0.0,0.0,45.0,22.0,867.0,189.0,339.0,0.558,4.0,20.0,0.2,185.0,319.0,0.58,0.563,68.0,97.0,0.701,73.0,194.0,267.0,30.0,7.0,27.0,51.0,108.0,450.0,0.0,15.6,0.589,0.059,0.286,9.2,25.2,17.0,5.5,0.4,2.7,11.8,21.2,0.7,0.7,1.4,0.077,-2.1,-1.4,-3.5,-0.3,0.0,2023
176,Brandon Clarke,19.5,4.1,6.2,0.656,0.0,0.1,0.167,4.1,6.1,0.665,0.658,1.8,2.4,0.723,1.6,3.9,5.5,1.3,0.6,0.7,1.0,2.3,10.0,0.0,0.0,1000.0,0.0,0.0,0.0,0.0,0.0,0.0,0.0,0.0,0.0,0.0,0.0,0.0,0.0,56.0,8.0,1090.0,229.0,349.0,0.656,1.0,6.0,0.167,228.0,343.0,0.665,0.658,99.0,137.0,0.723,92.0,218.0,310.0,72.0,34.0,37.0,55.0,131.0,558.0,0.0,20.0,0.682,0.017,0.393,9.0,21.2,15.1,9.5,1.5,3.1,11.8,17.7,2.7,1.8,4.5,0.199,0.8,1.8,2.5,1.3,0.0,2023
177,Jonathan Kuminga,20.8,3.9,7.4,0.525,0.8,2.2,0.37,3.1,5.2,0.59,0.579,1.3,2.1,0.652,1.0,2.4,3.4,1.9,0.6,0.5,1.4,2.3,9.9,0.0,0.0,1000.0,0.0,0.0,0.0,0.0,0.0,0.0,0.0,0.0,0.0,0.0,0.0,0.0,0.0,67.0,16.0,1394.0,261.0,497.0,0.525,54.0,146.0,0.37,207.0,351.0,0.59,0.579,90.0,138.0,0.652,70.0,161.0,231.0,125.0,41.0,31.0,95.0,157.0,666.0,0.0,13.3,0.597,0.294,0.278,5.6,12.5,9.1,12.7,1.4,2.0,14.6,19.6,1.0,1.4,2.4,0.084,-1.7,-0.1,-1.7,0.1,0.0,2023
178,Onyeka Okongwu,23.1,4.0,6.2,0.638,0.1,0.2,0.308,3.9,6.1,0.647,0.642,1.9,2.5,0.781,2.7,4.5,7.2,1.0,0.7,1.3,1.0,3.1,9.9,0.0,0.0,1000.0,0.0,0.0,0.0,0.0,0.0,0.0,0.0,0.0,0.0,0.0,0.0,0.0,0.0,80.0,18.0,1849.0,317.0,497.0,0.638,4.0,13.0,0.308,313.0,484.0,0.647,0.642,153.0,196.0,0.781,217.0,359.0,576.0,81.0,56.0,107.0,81.0,251.0,791.0,0.0,19.4,0.678,0.026,0.394,12.7,21.5,17.0,5.8,1.4,4.9,12.2,15.1,4.7,2.4,7.1,0.185,0.0,0.8,0.8,1.3,0.0,2023
179,Luka Šamanić,23.0,3.7,8.1,0.456,1.1,4.4,0.258,2.6,3.7,0.692,0.526,1.3,1.9,0.692,0.0,4.3,4.3,2.1,0.9,0.3,1.4,2.4,9.9,0.0,0.0,1000.0,0.0,0.0,0.0,0.0,0.0,0.0,0.0,0.0,0.0,0.0,0.0,0.0,0.0,7.0,4.0,161.0,26.0,57.0,0.456,8.0,31.0,0.258,18.0,26.0,0.692,0.526,9.0,13.0,0.692,0.0,30.0,30.0,15.0,6.0,2.0,10.0,17.0,69.0,0.0,11.0,0.55,0.544,0.228,0.0,19.9,10.1,13.0,1.8,1.1,13.8,18.9,0.0,0.2,0.2,0.045,-3.2,1.1,-2.1,0.0,0.0,2023
180,Shaedon Sharpe,22.2,3.8,8.1,0.472,1.3,3.5,0.36,2.6,4.6,0.559,0.551,0.9,1.3,0.714,0.8,2.2,3.0,1.2,0.5,0.3,1.0,1.7,9.9,0.0,0.0,1000.0,0.0,0.0,0.0,0.0,0.0,0.0,0.0,0.0,0.0,0.0,0.0,0.0,0.0,80.0,15.0,1779.0,306.0,648.0,0.472,102.0,283.0,0.36,204.0,365.0,0.559,0.551,75.0,105.0,0.714,63.0,173.0,236.0,94.0,38.0,24.0,83.0,136.0,789.0,0.0,11.5,0.568,0.437,0.162,4.0,11.3,7.6,7.9,1.0,1.2,10.7,19.0,0.6,0.6,1.2,0.032,-1.3,-2.0,-3.3,-0.6,0.0,2023
181,Jalen Suggs,23.5,3.5,8.4,0.419,1.2,3.8,0.327,2.3,4.6,0.496,0.493,1.6,2.2,0.723,1.0,2.0,3.0,2.9,1.3,0.5,1.8,2.3,9.9,0.0,0.0,1000.0,0.0,0.0,0.0,0.0,0.0,0.0,0.0,0.0,0.0,0.0,0.0,0.0,0.0,53.0,19.0,1246.0,186.0,444.0,0.419,66.0,202.0,0.327,120.0,242.0,0.496,0.493,86.0,119.0,0.723,55.0,106.0,161.0,155.0,67.0,27.0,94.0,120.0,524.0,0.0,12.5,0.528,0.455,0.268,5.0,9.6,7.3,18.0,2.6,2.1,15.9,20.3,-0.2,1.5,1.4,0.053,-1.8,0.8,-1.0,0.3,0.0,2023
182,Thomas Bryant,18.3,3.9,6.3,0.623,0.4,1.0,0.441,3.5,5.3,0.658,0.659,1.6,2.1,0.738,1.5,4.3,5.7,0.5,0.3,0.5,0.6,1.7,9.8,0.0,0.0,1000.0,0.0,0.0,0.0,0.0,0.0,0.0,0.0,0.0,0.0,0.0,0.0,0.0,0.0,59.0,26.0,1081.0,230.0,369.0,0.623,26.0,59.0,0.441,204.0,310.0,0.658,0.659,93.0,126.0,0.738,86.0,253.0,339.0,31.0,16.0,30.0,38.0,102.0,579.0,0.0,19.7,0.682,0.16,0.341,8.9,24.6,17.0,4.3,0.7,2.4,8.2,18.2,2.7,1.4,4.1,0.183,1.1,-0.5,0.6,0.7,0.0,2023
183,Josh Hart,32.3,3.6,6.8,0.529,0.8,2.2,0.372,2.8,4.7,0.601,0.588,1.7,2.3,0.75,1.9,5.9,7.8,3.8,1.2,0.3,1.5,2.6,9.8,0.0,0.0,1000.0,0.0,0.0,0.0,0.0,0.0,0.0,0.0,0.0,0.0,0.0,0.0,0.0,0.0,76.0,52.0,2454.0,275.0,520.0,0.529,61.0,164.0,0.372,214.0,356.0,0.601,0.588,132.0,176.0,0.75,142.0,451.0,593.0,290.0,88.0,21.0,117.0,195.0,743.0,0.0,14.1,0.622,0.315,0.338,6.5,21.0,13.7,16.1,1.8,0.8,16.4,12.6,3.8,2.2,6.0,0.118,-0.2,1.1,0.9,1.8,0.0,2023
184,Al Horford,30.5,3.6,7.6,0.476,2.3,5.2,0.446,1.3,2.4,0.539,0.627,0.2,0.3,0.714,1.2,5.0,6.2,3.0,0.5,1.0,0.6,1.9,9.8,0.0,0.0,1000.0,0.0,0.0,0.0,0.0,0.0,0.0,0.0,0.0,0.0,0.0,0.0,0.0,0.0,63.0,63.0,1922.0,228.0,479.0,0.476,145.0,325.0,0.446,83.0,154.0,0.539,0.627,15.0,21.0,0.714,73.0,317.0,390.0,189.0,30.0,61.0,37.0,121.0,616.0,0.0,13.8,0.631,0.678,0.044,4.2,17.7,11.1,13.2,0.8,2.7,7.0,11.9,3.6,2.7,6.3,0.157,1.6,1.7,3.3,2.5,0.0,2023
185,Herbert Jones,29.6,3.6,7.6,0.469,0.8,2.5,0.335,2.7,5.1,0.536,0.525,1.9,2.4,0.764,1.5,2.6,4.1,2.5,1.6,0.6,1.3,3.2,9.8,0.0,0.0,1000.0,0.0,0.0,0.0,0.0,0.0,0.0,0.0,0.0,0.0,0.0,0.0,0.0,0.0,66.0,66.0,1951.0,235.0,501.0,0.469,56.0,167.0,0.335,179.0,334.0,0.536,0.525,123.0,161.0,0.764,97.0,172.0,269.0,162.0,103.0,42.0,88.0,208.0,649.0,0.0,12.1,0.567,0.333,0.321,5.6,10.0,7.8,11.1,2.6,2.1,13.3,14.5,1.5,2.7,4.2,0.104,-1.9,1.7,-0.3,0.8,0.0,2023
186,Julian Champagnie,18.8,3.5,7.6,0.454,1.9,4.8,0.402,1.5,2.8,0.542,0.581,0.8,1.0,0.824,0.6,2.9,3.5,0.6,0.4,0.3,0.6,1.5,9.7,0.0,0.0,1000.0,0.0,0.0,0.0,0.0,0.0,0.0,0.0,0.0,0.0,0.0,0.0,0.0,0.0,17.0,3.0,320.0,59.0,130.0,0.454,33.0,82.0,0.402,26.0,48.0,0.542,0.581,14.0,17.0,0.824,10.0,50.0,60.0,10.0,6.0,5.0,11.0,26.0,165.0,0.0,13.4,0.6,0.631,0.131,3.3,17.7,10.2,4.5,0.9,1.3,7.4,19.2,0.3,0.1,0.4,0.061,-0.6,-2.7,-3.3,-0.1,0.0,2023
187,Cam Reddish,24.8,3.5,7.8,0.446,1.1,3.6,0.313,2.4,4.2,0.56,0.518,1.6,1.9,0.853,0.5,1.8,2.2,1.4,1.0,0.4,1.2,1.8,9.7,0.0,0.0,1000.0,0.0,0.0,0.0,0.0,0.0,0.0,0.0,0.0,0.0,0.0,0.0,0.0,0.0,40.0,20.0,990.0,139.0,312.0,0.446,45.0,144.0,0.313,94.0,168.0,0.56,0.518,64.0,75.0,0.853,18.0,70.0,88.0,57.0,39.0,14.0,47.0,72.0,387.0,0.0,10.6,0.561,0.462,0.24,2.0,8.1,5.0,8.1,1.9,1.3,12.0,17.1,0.3,0.7,0.9,0.046,-2.6,-0.8,-3.4,-0.4,0.0,2023
188,Keita Bates-Diop,21.7,3.5,6.9,0.508,0.8,2.1,0.394,2.7,4.8,0.557,0.568,1.8,2.2,0.793,1.0,2.7,3.7,1.5,0.7,0.3,0.8,0.9,9.7,0.0,0.0,1000.0,0.0,0.0,0.0,0.0,0.0,0.0,0.0,0.0,0.0,0.0,0.0,0.0,0.0,67.0,42.0,1452.0,236.0,465.0,0.508,56.0,142.0,0.394,180.0,323.0,0.557,0.568,119.0,150.0,0.793,65.0,183.0,248.0,103.0,46.0,20.0,56.0,63.0,647.0,0.0,14.9,0.609,0.305,0.323,4.7,14.3,9.3,9.8,1.5,1.1,9.5,16.7,2.1,0.6,2.7,0.089,0.3,-0.9,-0.6,0.5,0.0,2023
189,Coby White,23.4,3.6,8.0,0.443,1.7,4.6,0.372,1.8,3.4,0.54,0.551,0.8,0.9,0.871,0.2,2.6,2.9,2.8,0.7,0.1,1.0,1.6,9.7,0.0,0.0,1000.0,0.0,0.0,0.0,0.0,0.0,0.0,0.0,0.0,0.0,0.0,0.0,0.0,0.0,74.0,2.0,1730.0,263.0,594.0,0.443,128.0,344.0,0.372,135.0,250.0,0.54,0.551,61.0,70.0,0.871,16.0,196.0,212.0,204.0,54.0,6.0,74.0,122.0,715.0,0.0,12.5,0.572,0.579,0.118,1.1,12.6,6.9,16.3,1.5,0.3,10.6,17.9,1.2,1.9,3.1,0.087,-1.0,0.2,-0.8,0.5,0.0,2023
190,Caleb Martin,29.3,3.6,7.7,0.464,1.2,3.3,0.356,2.4,4.4,0.545,0.54,1.3,1.6,0.805,1.2,3.6,4.8,1.6,1.0,0.4,1.1,2.0,9.6,0.0,0.0,1000.0,0.0,0.0,0.0,0.0,0.0,0.0,0.0,0.0,0.0,0.0,0.0,0.0,0.0,71.0,49.0,2077.0,254.0,548.0,0.464,84.0,236.0,0.356,170.0,312.0,0.545,0.54,91.0,113.0,0.805,88.0,256.0,344.0,117.0,71.0,31.0,78.0,145.0,683.0,0.0,11.4,0.571,0.431,0.206,4.8,15.0,9.7,8.2,1.7,1.5,11.5,14.4,1.2,2.5,3.7,0.086,-1.8,0.5,-1.2,0.4,0.0,2023
191,Isaiah Joe,19.1,3.1,7.0,0.441,2.2,5.4,0.409,0.9,1.6,0.553,0.599,1.1,1.4,0.82,0.4,2.0,2.4,1.2,0.7,0.1,0.5,1.4,9.5,0.0,0.0,1000.0,0.0,0.0,0.0,0.0,0.0,0.0,0.0,0.0,0.0,0.0,0.0,0.0,0.0,73.0,10.0,1395.0,224.0,508.0,0.441,161.0,394.0,0.409,63.0,114.0,0.553,0.599,82.0,100.0,0.82,27.0,148.0,175.0,88.0,48.0,8.0,39.0,105.0,691.0,0.0,14.5,0.626,0.776,0.197,2.0,11.6,6.7,8.7,1.6,0.5,6.6,17.7,2.5,1.3,3.8,0.131,1.3,-0.4,0.9,1.0,0.0,2023
192,Andrew Nembhard,27.6,3.8,8.6,0.441,1.2,3.5,0.35,2.6,5.1,0.504,0.512,0.7,0.8,0.79,0.5,2.2,2.7,4.5,0.9,0.2,1.7,2.4,9.5,0.0,0.0,1000.0,0.0,0.0,0.0,0.0,0.0,0.0,0.0,0.0,0.0,0.0,0.0,0.0,0.0,75.0,63.0,2073.0,284.0,644.0,0.441,92.0,263.0,0.35,192.0,381.0,0.504,0.512,49.0,62.0,0.79,35.0,164.0,199.0,341.0,70.0,13.0,126.0,179.0,709.0,0.0,10.0,0.528,0.408,0.096,1.9,8.8,5.3,22.4,1.6,0.5,15.8,16.1,0.4,0.8,1.2,0.029,-2.4,-0.8,-3.2,-0.6,0.0,2023
193,Jalen McDaniels,23.9,3.5,7.7,0.455,1.0,2.9,0.332,2.6,4.8,0.53,0.518,1.5,1.7,0.841,0.8,3.5,4.3,1.6,1.0,0.4,1.2,2.6,9.4,0.0,0.0,1000.0,0.0,0.0,0.0,0.0,0.0,0.0,0.0,0.0,0.0,0.0,0.0,0.0,0.0,80.0,24.0,1913.0,281.0,617.0,0.455,77.0,232.0,0.332,204.0,385.0,0.53,0.518,116.0,138.0,0.841,63.0,283.0,346.0,130.0,83.0,34.0,93.0,209.0,755.0,0.0,11.8,0.557,0.376,0.224,3.6,16.3,9.9,9.6,2.1,1.6,12.1,17.2,0.5,2.2,2.7,0.068,-2.7,0.6,-2.1,-0.1,0.0,2023
194,Kyle Anderson,28.4,3.7,7.2,0.509,0.6,1.5,0.41,3.0,5.7,0.536,0.553,1.4,2.0,0.735,1.0,4.4,5.3,4.9,1.1,0.9,1.5,2.1,9.4,0.0,0.0,1000.0,0.0,0.0,0.0,0.0,0.0,0.0,0.0,0.0,0.0,0.0,0.0,0.0,0.0,69.0,46.0,1957.0,252.0,495.0,0.509,43.0,105.0,0.41,209.0,390.0,0.536,0.553,100.0,136.0,0.735,66.0,302.0,368.0,335.0,78.0,63.0,103.0,146.0,647.0,3.0,14.8,0.583,0.212,0.275,3.8,16.9,10.5,22.6,1.9,2.8,15.7,14.4,2.5,2.6,5.1,0.125,0.2,2.3,2.5,2.2,0.0,2023
195,Chris Boucher,20.0,3.4,7.0,0.493,0.8,2.5,0.328,2.6,4.5,0.585,0.552,1.7,2.2,0.762,2.1,3.5,5.5,0.4,0.6,0.8,0.5,1.9,9.4,0.0,0.0,1000.0,0.0,0.0,0.0,0.0,0.0,0.0,0.0,0.0,0.0,0.0,0.0,0.0,0.0,76.0,0.0,1523.0,261.0,529.0,0.493,62.0,189.0,0.328,199.0,340.0,0.585,0.552,128.0,168.0,0.762,157.0,264.0,421.0,29.0,47.0,64.0,41.0,143.0,712.0,0.0,18.0,0.59,0.357,0.318,10.9,21.2,15.7,2.7,1.5,4.1,6.4,18.0,3.0,2.0,5.0,0.156,0.7,-0.8,-0.1,0.7,0.0,2023
196,Donte DiVincenzo,26.3,3.3,7.5,0.435,2.1,5.3,0.397,1.2,2.3,0.525,0.574,0.8,1.0,0.817,1.1,3.4,4.5,3.5,1.3,0.1,1.6,1.8,9.4,0.0,0.0,1000.0,0.0,0.0,0.0,0.0,0.0,0.0,0.0,0.0,0.0,0.0,0.0,0.0,0.0,72.0,36.0,1894.0,235.0,540.0,0.435,150.0,378.0,0.397,85.0,162.0,0.525,0.574,58.0,71.0,0.817,80.0,245.0,325.0,252.0,97.0,10.0,112.0,133.0,678.0,0.0,12.8,0.593,0.7,0.131,4.7,14.0,9.4,17.3,2.4,0.5,16.4,15.1,1.9,2.3,4.2,0.106,-0.6,1.3,0.7,1.3,0.0,2023
197,Jalen Smith,18.8,3.6,7.5,0.476,0.8,2.8,0.283,2.8,4.7,0.593,0.53,1.5,2.0,0.759,1.9,3.9,5.8,1.0,0.3,0.9,1.1,2.3,9.4,0.0,0.0,1000.0,0.0,0.0,0.0,0.0,0.0,0.0,0.0,0.0,0.0,0.0,0.0,0.0,0.0,68.0,31.0,1279.0,242.0,508.0,0.476,54.0,191.0,0.283,188.0,317.0,0.593,0.53,104.0,137.0,0.759,129.0,265.0,394.0,66.0,21.0,60.0,72.0,153.0,642.0,0.0,15.9,0.565,0.376,0.27,11.2,22.9,17.1,7.6,0.8,4.0,11.2,21.0,1.1,1.1,2.3,0.085,-0.9,-1.1,-2.1,0.0,0.0,2023
198,Gabe Vincent,25.9,3.4,8.3,0.402,1.7,5.1,0.334,1.6,3.2,0.512,0.505,1.0,1.1,0.872,0.4,1.7,2.1,2.5,0.9,0.1,1.4,2.3,9.4,0.0,0.0,1000.0,0.0,0.0,0.0,0.0,0.0,0.0,0.0,0.0,0.0,0.0,0.0,0.0,0.0,68.0,34.0,1759.0,228.0,567.0,0.402,117.0,350.0,0.334,111.0,217.0,0.512,0.505,68.0,78.0,0.872,27.0,118.0,145.0,167.0,62.0,5.0,92.0,154.0,641.0,0.0,9.0,0.533,0.617,0.138,1.7,8.1,4.8,13.9,1.8,0.3,13.3,17.5,-0.3,1.7,1.4,0.038,-3.1,-0.3,-3.4,-0.6,0.0,2023
199,Luke Kennard,22.3,3.2,6.5,0.492,2.3,4.6,0.494,0.9,1.9,0.487,0.666,0.6,0.7,0.949,0.3,2.4,2.7,1.5,0.5,0.1,0.8,1.4,9.3,0.0,0.0,1000.0,0.0,0.0,0.0,0.0,0.0,0.0,0.0,0.0,0.0,0.0,0.0,0.0,0.0,59.0,14.0,1315.0,188.0,382.0,0.492,133.0,269.0,0.494,55.0,113.0,0.487,0.666,37.0,39.0,0.949,15.0,143.0,158.0,91.0,32.0,5.0,46.0,82.0,546.0,0.0,13.0,0.684,0.704,0.102,1.2,11.8,6.6,9.4,1.2,0.3,10.3,14.5,2.2,1.2,3.4,0.124,0.6,-0.1,0.5,0.8,0.0,2023
200,Hamidou Diallo,17.8,3.8,6.7,0.573,0.1,0.4,0.238,3.8,6.3,0.593,0.58,1.6,2.6,0.588,1.0,2.4,3.5,1.0,0.9,0.3,1.3,2.2,9.3,0.0,0.0,1000.0,0.0,0.0,0.0,0.0,0.0,0.0,0.0,0.0,0.0,0.0,0.0,0.0,0.0,56.0,0.0,996.0,215.0,375.0,0.573,5.0,21.0,0.238,210.0,354.0,0.593,0.58,87.0,148.0,0.588,57.0,137.0,194.0,55.0,53.0,16.0,71.0,124.0,522.0,0.0,15.7,0.593,0.056,0.395,6.2,15.7,10.8,9.2,2.6,1.4,13.9,21.8,0.4,0.9,1.3,0.063,-1.8,0.4,-1.4,0.1,0.0,2023
201,Tari Eason,21.5,3.6,8.0,0.448,0.7,2.1,0.343,2.9,6.0,0.486,0.493,1.3,1.8,0.752,2.4,3.7,6.0,1.1,1.2,0.6,1.2,2.3,9.3,0.0,0.0,1000.0,0.0,0.0,0.0,0.0,0.0,0.0,0.0,0.0,0.0,0.0,0.0,0.0,0.0,82.0,5.0,1767.0,296.0,660.0,0.448,59.0,172.0,0.343,237.0,488.0,0.486,0.493,109.0,145.0,0.752,195.0,301.0,496.0,88.0,96.0,47.0,101.0,189.0,760.0,0.0,15.2,0.525,0.261,0.22,12.0,18.9,15.4,7.4,2.6,2.6,12.2,19.3,0.9,1.7,2.6,0.07,-1.3,-0.4,-1.7,0.1,0.0,2023
202,Precious Achiuwa,20.7,3.6,7.3,0.485,0.5,2.0,0.269,3.0,5.4,0.564,0.521,1.6,2.3,0.702,1.8,4.1,6.0,0.9,0.6,0.5,1.1,1.9,9.2,0.0,0.0,1000.0,0.0,0.0,0.0,0.0,0.0,0.0,0.0,0.0,0.0,0.0,0.0,0.0,0.0,55.0,12.0,1140.0,196.0,404.0,0.485,29.0,108.0,0.269,167.0,296.0,0.564,0.521,87.0,124.0,0.702,100.0,228.0,328.0,50.0,31.0,30.0,59.0,102.0,508.0,0.0,15.2,0.554,0.267,0.307,9.3,24.4,16.3,6.3,1.3,2.6,11.4,19.4,0.8,1.4,2.2,0.093,-1.4,-0.8,-2.3,-0.1,0.0,2023
203,Deni Avdija,26.6,3.3,7.6,0.437,0.9,3.1,0.297,2.4,4.6,0.53,0.497,1.6,2.2,0.739,1.0,5.4,6.4,2.8,0.9,0.4,1.6,2.8,9.2,0.0,0.0,1000.0,0.0,0.0,0.0,0.0,0.0,0.0,0.0,0.0,0.0,0.0,0.0,0.0,0.0,76.0,40.0,2020.0,253.0,579.0,0.437,69.0,232.0,0.297,184.0,347.0,0.53,0.497,122.0,165.0,0.739,74.0,413.0,487.0,211.0,65.0,29.0,123.0,209.0,697.0,0.0,11.2,0.535,0.401,0.285,4.2,21.9,13.4,13.9,1.6,1.2,15.9,16.7,0.0,2.3,2.3,0.054,-2.8,0.5,-2.3,-0.1,0.0,2023
204,Seth Curry,19.9,3.4,7.4,0.463,1.5,3.8,0.405,1.9,3.6,0.525,0.568,0.8,0.9,0.927,0.2,1.4,1.6,1.6,0.6,0.1,0.8,1.6,9.2,0.0,0.0,1000.0,0.0,0.0,0.0,0.0,0.0,0.0,0.0,0.0,0.0,0.0,0.0,0.0,0.0,61.0,7.0,1211.0,208.0,449.0,0.463,94.0,232.0,0.405,114.0,217.0,0.525,0.568,51.0,55.0,0.927,13.0,87.0,100.0,99.0,36.0,7.0,51.0,96.0,561.0,0.0,12.3,0.593,0.517,0.122,1.2,7.9,4.6,11.9,1.5,0.5,9.7,19.2,0.9,0.9,1.8,0.07,-1.2,-0.9,-2.1,0.0,0.0,2023
205,Walker Kessler,23.0,4.0,5.6,0.72,0.0,0.0,0.333,4.0,5.6,0.723,0.721,1.1,2.1,0.516,3.1,5.3,8.4,0.9,0.4,2.3,0.8,2.3,9.2,0.0,0.0,1000.0,0.0,0.0,0.0,0.0,0.0,0.0,0.0,0.0,0.0,0.0,0.0,0.0,0.0,74.0,40.0,1703.0,298.0,414.0,0.72,1.0,3.0,0.333,297.0,411.0,0.723,0.721,82.0,159.0,0.516,231.0,389.0,620.0,69.0,26.0,173.0,58.0,169.0,679.0,0.0,21.5,0.702,0.007,0.384,14.9,24.4,19.7,5.7,0.7,8.6,10.7,13.3,4.6,2.5,7.1,0.2,1.4,1.5,2.9,2.1,0.0,2023
206,Bol Bol,21.5,3.7,6.8,0.546,0.4,1.6,0.265,3.3,5.2,0.633,0.577,1.2,1.5,0.759,1.0,4.8,5.8,1.0,0.4,1.2,1.6,1.3,9.1,0.0,0.0,1000.0,0.0,0.0,0.0,0.0,0.0,0.0,0.0,0.0,0.0,0.0,0.0,0.0,0.0,70.0,33.0,1505.0,261.0,478.0,0.546,30.0,113.0,0.265,231.0,365.0,0.633,0.577,82.0,108.0,0.759,69.0,336.0,405.0,69.0,30.0,85.0,112.0,92.0,634.0,0.0,14.4,0.603,0.236,0.226,5.2,25.3,15.2,6.9,1.0,5.5,17.6,18.2,0.0,2.2,2.3,0.072,-1.8,0.9,-0.9,0.4,0.0,2023
207,Jalen Duren,24.9,3.9,5.9,0.648,0.0,0.0,0.0,3.9,5.9,0.652,0.648,1.4,2.3,0.611,3.4,5.5,8.9,1.1,0.7,0.9,1.4,2.7,9.1,0.0,0.0,1000.0,0.0,0.0,0.0,0.0,0.0,0.0,0.0,0.0,0.0,0.0,0.0,0.0,0.0,67.0,31.0,1670.0,258.0,398.0,0.648,0.0,2.0,0.0,258.0,396.0,0.652,0.648,96.0,157.0,0.611,229.0,366.0,595.0,75.0,44.0,59.0,92.0,182.0,612.0,0.0,17.3,0.655,0.005,0.394,14.7,25.1,19.7,6.8,1.3,3.1,16.5,14.3,2.9,1.6,4.5,0.129,-0.4,-0.4,-0.8,0.5,0.0,2023
208,Josh Green,25.7,3.4,6.4,0.537,1.1,2.8,0.402,2.3,3.6,0.643,0.626,1.1,1.6,0.723,0.9,2.1,3.0,1.7,0.7,0.1,1.2,2.6,9.1,0.0,0.0,1000.0,0.0,0.0,0.0,0.0,0.0,0.0,0.0,0.0,0.0,0.0,0.0,0.0,0.0,60.0,21.0,1539.0,205.0,382.0,0.537,68.0,169.0,0.402,137.0,213.0,0.643,0.626,68.0,94.0,0.723,55.0,127.0,182.0,103.0,42.0,5.0,72.0,156.0,546.0,0.0,11.2,0.645,0.442,0.246,4.1,9.7,6.9,9.7,1.4,0.3,14.5,14.6,1.7,0.9,2.6,0.082,-1.9,-0.6,-2.4,-0.2,0.0,2023
209,Naji Marshall,23.3,3.2,7.4,0.433,0.9,2.8,0.303,2.4,4.6,0.513,0.49,1.8,2.3,0.789,0.6,3.0,3.6,2.5,0.7,0.2,1.3,1.5,9.1,0.0,0.0,1000.0,0.0,0.0,0.0,0.0,0.0,0.0,0.0,0.0,0.0,0.0,0.0,0.0,0.0,77.0,21.0,1792.0,247.0,571.0,0.433,66.0,218.0,0.303,181.0,353.0,0.513,0.49,138.0,175.0,0.789,48.0,231.0,279.0,189.0,54.0,14.0,97.0,113.0,698.0,0.0,11.4,0.539,0.382,0.306,3.0,14.6,8.8,14.4,1.5,0.7,13.0,17.8,0.5,2.0,2.5,0.068,-1.9,0.0,-1.9,0.1,0.0,2023
210,Taurean Prince,22.1,3.3,7.0,0.467,1.4,3.6,0.381,1.9,3.4,0.557,0.565,1.2,1.4,0.844,0.3,2.2,2.4,1.6,0.5,0.3,1.3,2.3,9.1,0.0,0.0,1000.0,0.0,0.0,0.0,0.0,0.0,0.0,0.0,0.0,0.0,0.0,0.0,0.0,0.0,54.0,4.0,1192.0,177.0,379.0,0.467,74.0,194.0,0.381,103.0,185.0,0.557,0.565,65.0,77.0,0.844,15.0,117.0,132.0,84.0,28.0,15.0,69.0,123.0,493.0,0.0,10.0,0.597,0.512,0.203,1.4,10.8,6.2,9.6,1.1,1.1,14.3,17.3,0.3,1.0,1.3,0.052,-2.6,-0.6,-3.3,-0.4,0.0,2023
211,Jae'Sean Tate,21.8,3.5,7.4,0.48,0.4,1.5,0.283,3.1,5.9,0.53,0.509,1.6,2.2,0.725,1.3,2.5,3.8,2.7,0.7,0.2,1.5,3.4,9.1,0.0,0.0,1000.0,0.0,0.0,0.0,0.0,0.0,0.0,0.0,0.0,0.0,0.0,0.0,0.0,0.0,31.0,7.0,677.0,110.0,229.0,0.48,13.0,46.0,0.283,97.0,183.0,0.53,0.509,50.0,69.0,0.725,41.0,77.0,118.0,84.0,21.0,7.0,47.0,106.0,283.0,0.0,12.2,0.546,0.201,0.301,6.6,12.6,9.6,18.2,1.5,1.0,15.3,18.8,0.4,0.3,0.7,0.049,-2.8,-0.7,-3.5,-0.3,0.0,2023
212,Santi Aldama,21.8,3.2,6.8,0.47,1.2,3.5,0.353,2.0,3.4,0.591,0.56,1.4,1.9,0.75,1.1,3.7,4.8,1.3,0.6,0.6,0.8,1.9,9.0,0.0,0.0,1000.0,0.0,0.0,0.0,0.0,0.0,0.0,0.0,0.0,0.0,0.0,0.0,0.0,0.0,77.0,20.0,1682.0,247.0,525.0,0.47,94.0,266.0,0.353,153.0,259.0,0.591,0.56,108.0,144.0,0.75,85.0,286.0,371.0,97.0,45.0,48.0,60.0,143.0,696.0,0.0,13.9,0.591,0.507,0.274,5.4,18.0,11.7,7.6,1.3,2.6,9.3,16.0,2.1,2.4,4.6,0.13,-0.3,0.8,0.5,1.1,0.0,2023
213,Jose Alvarado,21.5,3.3,8.0,0.411,1.4,4.0,0.336,1.9,4.0,0.488,0.496,1.1,1.3,0.813,0.5,1.9,2.3,3.0,1.1,0.2,1.3,2.0,9.0,0.0,0.0,1000.0,0.0,0.0,0.0,0.0,0.0,0.0,0.0,0.0,0.0,0.0,0.0,0.0,0.0,61.0,10.0,1310.0,201.0,489.0,0.411,83.0,247.0,0.336,118.0,242.0,0.488,0.496,65.0,80.0,0.813,28.0,113.0,141.0,186.0,67.0,10.0,81.0,125.0,550.0,0.0,11.8,0.525,0.505,0.164,2.4,9.8,6.1,19.9,2.5,0.7,13.4,19.8,0.1,1.7,1.8,0.066,-2.0,0.7,-1.2,0.3,0.0,2023
214,Daniel Gafford,20.6,3.7,5.1,0.732,0.0,0.0,0.0,3.7,5.1,0.732,0.732,1.6,2.4,0.679,2.1,3.5,5.6,1.1,0.4,1.3,1.1,2.4,9.0,0.0,0.0,1000.0,0.0,0.0,0.0,0.0,0.0,0.0,0.0,0.0,0.0,0.0,0.0,0.0,0.0,78.0,47.0,1604.0,289.0,395.0,0.732,0.0,0.0,0.0,289.0,395.0,0.732,0.732,127.0,187.0,0.679,163.0,270.0,433.0,84.0,33.0,99.0,85.0,187.0,705.0,0.0,19.7,0.739,0.0,0.473,11.7,18.0,15.0,7.5,1.0,5.2,15.1,15.2,4.2,1.9,6.1,0.184,0.4,0.6,1.0,1.2,0.0,2023
215,Mark Williams,19.3,3.7,5.8,0.637,0.0,0.0,0.0,3.7,5.8,0.637,0.637,1.6,2.3,0.691,2.2,4.9,7.1,0.4,0.7,1.0,0.9,2.2,9.0,0.0,0.0,1000.0,0.0,0.0,0.0,0.0,0.0,0.0,0.0,0.0,0.0,0.0,0.0,0.0,0.0,43.0,17.0,828.0,160.0,251.0,0.637,0.0,0.0,0.0,160.0,251.0,0.637,0.637,67.0,97.0,0.691,93.0,211.0,304.0,18.0,28.0,45.0,40.0,94.0,387.0,0.0,19.8,0.659,0.0,0.386,11.7,27.7,19.6,3.3,1.6,4.7,12.0,17.0,1.5,1.3,2.8,0.163,-0.5,0.6,0.1,0.4,0.0,2023
216,AJ Griffin,19.5,3.4,7.4,0.465,1.4,3.6,0.39,2.0,3.8,0.536,0.56,0.6,0.7,0.894,0.5,1.6,2.1,1.0,0.6,0.2,0.6,1.2,8.9,0.0,0.0,1000.0,0.0,0.0,0.0,0.0,0.0,0.0,0.0,0.0,0.0,0.0,0.0,0.0,0.0,72.0,12.0,1401.0,248.0,533.0,0.465,101.0,259.0,0.39,147.0,274.0,0.536,0.56,42.0,47.0,0.894,37.0,116.0,153.0,73.0,42.0,12.0,42.0,87.0,639.0,0.0,12.6,0.577,0.486,0.088,2.9,9.2,6.0,7.0,1.4,0.7,7.1,17.9,1.3,0.9,2.2,0.075,-0.3,-0.5,-0.8,0.4,0.0,2023
217,Jaden Hardy,14.8,3.0,6.9,0.438,1.3,3.3,0.404,1.7,3.7,0.469,0.533,1.4,1.6,0.823,0.2,1.6,1.9,1.4,0.4,0.1,1.0,1.3,8.8,0.0,0.0,1000.0,0.0,0.0,0.0,0.0,0.0,0.0,0.0,0.0,0.0,0.0,0.0,0.0,0.0,48.0,5.0,708.0,146.0,333.0,0.438,63.0,156.0,0.404,83.0,177.0,0.469,0.533,65.0,79.0,0.823,11.0,78.0,89.0,65.0,17.0,7.0,46.0,64.0,420.0,0.0,14.6,0.571,0.468,0.237,1.8,13.0,7.3,14.9,1.2,0.9,11.1,26.4,0.2,0.5,0.7,0.048,-0.4,-1.9,-2.3,0.0,0.0,2023
218,Shaquille Harrison,24.0,3.0,7.2,0.417,0.6,2.0,0.3,2.4,5.2,0.462,0.458,2.2,3.0,0.733,0.2,4.2,4.4,6.0,2.2,0.4,1.2,2.4,8.8,0.0,0.0,1000.0,0.0,0.0,0.0,0.0,0.0,0.0,0.0,0.0,0.0,0.0,0.0,0.0,0.0,5.0,0.0,120.0,15.0,36.0,0.417,3.0,10.0,0.3,12.0,26.0,0.462,0.458,11.0,15.0,0.733,1.0,21.0,22.0,30.0,11.0,2.0,6.0,12.0,44.0,0.0,17.9,0.516,0.278,0.417,1.0,20.3,10.5,34.9,4.5,1.5,12.3,17.6,0.2,0.2,0.3,0.137,-2.5,2.6,0.1,0.1,0.0,2023
219,Terance Mann,23.1,3.4,6.5,0.519,1.0,2.4,0.389,2.4,4.0,0.598,0.593,1.1,1.5,0.78,1.0,2.5,3.4,2.3,0.5,0.3,1.0,1.8,8.8,0.0,0.0,1000.0,0.0,0.0,0.0,0.0,0.0,0.0,0.0,0.0,0.0,0.0,0.0,0.0,0.0,81.0,36.0,1872.0,272.0,524.0,0.519,77.0,198.0,0.389,195.0,326.0,0.598,0.593,92.0,118.0,0.78,77.0,199.0,276.0,184.0,42.0,22.0,80.0,149.0,713.0,0.0,13.4,0.619,0.378,0.225,4.7,11.8,8.3,14.0,1.1,1.0,12.2,15.3,2.8,1.5,4.3,0.111,-0.3,0.1,-0.2,0.8,0.0,2023
220,Royce O'Neale,31.7,3.0,7.8,0.386,2.1,5.5,0.389,0.9,2.3,0.379,0.524,0.7,0.9,0.725,0.7,4.3,5.1,3.7,0.9,0.6,1.5,3.1,8.8,0.0,0.0,1000.0,0.0,0.0,0.0,0.0,0.0,0.0,0.0,0.0,0.0,0.0,0.0,0.0,0.0,76.0,53.0,2409.0,229.0,593.0,0.386,163.0,419.0,0.389,66.0,174.0,0.379,0.524,50.0,69.0,0.725,55.0,329.0,384.0,283.0,65.0,49.0,114.0,239.0,671.0,1.0,9.2,0.538,0.707,0.116,2.6,15.0,9.0,15.3,1.3,1.7,15.5,13.6,0.4,2.5,2.9,0.057,-1.7,0.6,-1.1,0.5,0.0,2023
221,Dennis Smith Jr.,25.7,3.4,8.4,0.412,0.4,2.1,0.216,3.0,6.3,0.475,0.438,1.4,2.0,0.736,0.5,2.6,3.1,4.8,1.4,0.5,1.5,2.3,8.8,0.0,0.0,1000.0,0.0,0.0,0.0,0.0,0.0,0.0,0.0,0.0,0.0,0.0,0.0,0.0,0.0,54.0,15.0,1390.0,186.0,452.0,0.412,24.0,111.0,0.216,162.0,341.0,0.475,0.438,78.0,106.0,0.736,27.0,140.0,167.0,261.0,75.0,25.0,82.0,122.0,474.0,0.0,11.6,0.475,0.246,0.235,2.0,11.0,6.4,26.1,2.6,1.6,14.1,17.6,-0.4,1.5,1.1,0.039,-3.5,1.2,-2.2,-0.1,0.0,2023
222,Jordan Nwora,19.2,3.1,7.2,0.436,1.4,3.4,0.408,1.7,3.8,0.462,0.533,1.1,1.4,0.791,0.8,2.9,3.7,1.4,0.4,0.2,1.1,1.2,8.7,0.0,0.0,1000.0,0.0,0.0,0.0,0.0,0.0,0.0,0.0,0.0,0.0,0.0,0.0,0.0,0.0,62.0,14.0,1188.0,194.0,445.0,0.436,86.0,211.0,0.408,108.0,234.0,0.462,0.533,68.0,86.0,0.791,51.0,178.0,229.0,88.0,24.0,14.0,66.0,74.0,542.0,0.0,12.2,0.561,0.474,0.193,4.7,15.8,10.4,10.5,1.0,1.0,12.0,19.4,0.5,1.0,1.5,0.06,-0.8,-1.3,-2.1,0.0,0.0,2023
223,T.J. McConnell,20.3,3.8,6.9,0.543,0.3,0.8,0.441,3.4,6.2,0.556,0.568,0.8,0.9,0.853,0.6,2.5,3.1,5.3,1.1,0.1,1.9,1.4,8.7,0.0,0.0,1000.0,0.0,0.0,0.0,0.0,0.0,0.0,0.0,0.0,0.0,0.0,0.0,0.0,0.0,75.0,6.0,1526.0,283.0,521.0,0.543,26.0,59.0,0.441,257.0,462.0,0.556,0.568,58.0,68.0,0.853,45.0,189.0,234.0,397.0,81.0,10.0,143.0,105.0,650.0,1.0,16.8,0.59,0.113,0.131,3.3,13.7,8.5,37.9,2.5,0.6,20.6,19.1,1.9,1.2,3.1,0.098,0.4,0.1,0.5,1.0,0.0,2023
224,Cedi Osman,20.1,3.1,6.9,0.451,1.5,4.1,0.372,1.6,2.8,0.564,0.56,1.0,1.4,0.694,0.3,2.0,2.3,1.5,0.5,0.1,0.7,1.6,8.7,0.0,0.0,1000.0,0.0,0.0,0.0,0.0,0.0,0.0,0.0,0.0,0.0,0.0,0.0,0.0,0.0,77.0,2.0,1548.0,239.0,530.0,0.451,116.0,312.0,0.372,123.0,218.0,0.564,0.56,75.0,108.0,0.694,25.0,151.0,176.0,115.0,35.0,11.0,52.0,122.0,669.0,0.0,12.0,0.579,0.589,0.204,1.9,11.5,6.7,10.6,1.1,0.7,8.3,18.2,1.4,1.9,3.3,0.103,-0.8,0.2,-0.7,0.5,0.0,2023
225,Landry Shamet,20.2,2.8,7.5,0.377,1.9,5.0,0.377,1.0,2.5,0.376,0.502,1.1,1.3,0.882,0.3,1.4,1.7,2.3,0.7,0.1,0.9,1.5,8.7,0.0,0.0,1000.0,0.0,0.0,0.0,0.0,0.0,0.0,0.0,0.0,0.0,0.0,0.0,0.0,0.0,40.0,9.0,807.0,113.0,300.0,0.377,75.0,199.0,0.377,38.0,101.0,0.376,0.502,45.0,51.0,0.882,11.0,56.0,67.0,93.0,26.0,5.0,36.0,61.0,346.0,0.0,10.9,0.537,0.663,0.17,1.5,7.9,4.6,15.7,1.6,0.6,10.0,18.9,0.5,0.7,1.2,0.071,-1.1,-0.3,-1.4,0.1,0.0,2023
226,Steven Adams,27.0,3.7,6.3,0.597,0.0,0.0,0.0,3.7,6.2,0.599,0.597,1.1,3.1,0.364,5.1,6.5,11.5,2.3,0.9,1.1,1.9,2.3,8.6,0.0,0.0,1000.0,0.0,0.0,0.0,0.0,0.0,0.0,0.0,0.0,0.0,0.0,0.0,0.0,0.0,42.0,42.0,1133.0,157.0,263.0,0.597,0.0,1.0,0.0,157.0,262.0,0.599,0.597,47.0,129.0,0.364,214.0,271.0,485.0,97.0,36.0,46.0,79.0,98.0,361.0,0.0,17.5,0.564,0.004,0.49,20.1,25.3,22.7,11.2,1.5,3.7,19.8,14.6,1.3,2.1,3.4,0.144,-0.3,0.9,0.6,0.7,0.0,2023
227,Ayo Dosunmu,26.2,3.5,7.1,0.493,0.7,2.4,0.312,2.8,4.8,0.583,0.545,0.8,1.0,0.805,0.6,2.2,2.8,2.6,0.8,0.3,1.2,2.3,8.6,0.0,0.0,1000.0,0.0,0.0,0.0,0.0,0.0,0.0,0.0,0.0,0.0,0.0,0.0,0.0,0.0,80.0,51.0,2098.0,281.0,570.0,0.493,59.0,189.0,0.312,222.0,381.0,0.583,0.545,66.0,82.0,0.805,45.0,175.0,220.0,206.0,62.0,26.0,99.0,182.0,687.0,0.0,10.2,0.567,0.332,0.144,2.5,9.3,5.9,13.2,1.4,1.2,14.0,14.9,0.7,2.2,2.9,0.067,-3.0,0.6,-2.5,-0.2,0.0,2023
228,Draymond Green,31.5,3.4,6.5,0.527,0.5,1.8,0.305,2.9,4.7,0.612,0.57,1.1,1.5,0.713,0.9,6.3,7.2,6.8,1.0,0.8,2.8,3.1,8.5,0.0,0.0,1000.0,0.0,0.0,0.0,0.0,0.0,0.0,0.0,0.0,0.0,0.0,0.0,0.0,0.0,73.0,73.0,2297.0,250.0,474.0,0.527,40.0,131.0,0.305,210.0,343.0,0.612,0.57,77.0,108.0,0.713,66.0,459.0,525.0,500.0,74.0,60.0,204.0,229.0,617.0,0.0,12.2,0.592,0.276,0.228,3.2,21.6,12.6,27.8,1.5,2.3,28.1,13.2,1.6,3.1,4.7,0.098,-1.8,2.6,0.8,1.6,0.0,2023
229,Shake Milton,20.6,3.2,6.6,0.479,0.7,1.9,0.378,2.4,4.7,0.521,0.535,1.3,1.5,0.853,0.5,2.0,2.5,3.2,0.3,0.2,1.2,1.6,8.4,0.0,0.0,1000.0,0.0,0.0,0.0,0.0,0.0,0.0,0.0,0.0,0.0,0.0,0.0,0.0,0.0,76.0,11.0,1567.0,241.0,503.0,0.479,56.0,148.0,0.378,185.0,355.0,0.521,0.535,99.0,116.0,0.853,39.0,152.0,191.0,240.0,25.0,13.0,94.0,123.0,637.0,0.0,12.7,0.575,0.294,0.231,3.0,11.3,7.2,22.3,0.8,0.8,14.5,18.5,1.6,1.2,2.9,0.087,-1.0,-0.9,-2.0,0.0,0.0,2023
230,Dorian Finney-Smith,30.4,3.0,7.6,0.391,1.7,5.1,0.337,1.2,2.5,0.503,0.505,0.7,0.9,0.763,1.7,3.1,4.8,1.5,0.8,0.5,0.9,2.2,8.3,0.0,0.0,1000.0,0.0,0.0,0.0,0.0,0.0,0.0,0.0,0.0,0.0,0.0,0.0,0.0,0.0,66.0,66.0,2009.0,196.0,501.0,0.391,114.0,338.0,0.337,82.0,163.0,0.503,0.505,45.0,59.0,0.763,114.0,202.0,316.0,100.0,55.0,36.0,62.0,144.0,551.0,0.0,9.2,0.523,0.675,0.118,6.5,11.5,9.0,6.7,1.4,1.6,10.5,13.2,0.6,1.6,2.1,0.051,-1.7,-0.3,-2.0,0.0,0.0,2023
231,Terrence Ross,21.1,3.2,7.4,0.43,1.5,4.1,0.368,1.7,3.3,0.507,0.532,0.4,0.5,0.794,0.3,2.1,2.4,1.5,0.6,0.2,0.7,1.5,8.3,0.0,0.0,1000.0,0.0,0.0,0.0,0.0,0.0,0.0,0.0,0.0,0.0,0.0,0.0,0.0,0.0,63.0,9.0,1330.0,200.0,465.0,0.43,95.0,258.0,0.368,105.0,207.0,0.507,0.532,27.0,34.0,0.794,22.0,132.0,154.0,95.0,35.0,10.0,43.0,97.0,522.0,0.0,10.2,0.544,0.555,0.073,1.8,11.2,6.5,10.2,1.3,0.7,8.2,16.8,0.5,1.2,1.6,0.059,-1.8,-0.3,-2.1,0.0,0.0,2023
232,Gary Harris,24.7,2.9,6.4,0.45,2.0,4.5,0.431,0.9,1.9,0.494,0.603,0.6,0.6,0.9,0.4,1.6,2.0,1.2,0.9,0.3,0.6,1.9,8.3,0.0,0.0,1000.0,0.0,0.0,0.0,0.0,0.0,0.0,0.0,0.0,0.0,0.0,0.0,0.0,0.0,48.0,42.0,1184.0,138.0,307.0,0.45,94.0,218.0,0.431,44.0,89.0,0.494,0.603,27.0,30.0,0.9,21.0,77.0,98.0,59.0,45.0,12.0,28.0,93.0,397.0,0.0,10.5,0.62,0.71,0.098,2.0,7.4,4.7,6.9,1.8,1.0,8.0,12.6,1.3,1.1,2.3,0.095,-1.4,0.7,-0.7,0.4,0.0,2023
233,Kevin Love,20.0,2.7,6.8,0.389,1.6,4.8,0.334,1.1,2.1,0.516,0.506,1.3,1.5,0.879,1.0,5.5,6.4,1.9,0.3,0.2,1.1,1.6,8.2,0.0,0.0,1000.0,0.0,0.0,0.0,0.0,0.0,0.0,0.0,0.0,0.0,0.0,0.0,0.0,0.0,62.0,20.0,1240.0,165.0,424.0,0.389,99.0,296.0,0.334,66.0,128.0,0.516,0.506,80.0,91.0,0.879,59.0,340.0,399.0,116.0,16.0,12.0,70.0,97.0,509.0,0.0,13.1,0.548,0.698,0.215,5.5,32.6,18.9,13.2,0.6,0.9,13.1,19.2,0.6,2.0,2.6,0.099,0.2,0.4,0.6,0.8,0.0,2023
234,Damion Lee,20.4,2.7,6.1,0.442,1.5,3.3,0.445,1.2,2.8,0.439,0.564,1.3,1.4,0.904,0.5,2.5,3.0,1.3,0.4,0.1,1.1,1.6,8.2,0.0,0.0,1000.0,0.0,0.0,0.0,0.0,0.0,0.0,0.0,0.0,0.0,0.0,0.0,0.0,0.0,74.0,5.0,1506.0,200.0,452.0,0.442,110.0,247.0,0.445,90.0,205.0,0.439,0.564,94.0,104.0,0.904,39.0,186.0,225.0,99.0,30.0,7.0,78.0,118.0,604.0,0.0,10.7,0.607,0.546,0.23,2.8,14.0,8.3,8.9,1.0,0.4,13.5,16.3,1.1,1.4,2.6,0.081,-1.3,-0.4,-1.7,0.1,0.0,2023
235,Georges Niang,19.4,2.8,6.4,0.442,2.0,4.9,0.401,0.9,1.5,0.576,0.596,0.5,0.6,0.867,0.2,2.1,2.4,1.0,0.4,0.2,0.7,1.9,8.2,0.0,0.0,1000.0,0.0,0.0,0.0,0.0,0.0,0.0,0.0,0.0,0.0,0.0,0.0,0.0,0.0,78.0,1.0,1512.0,222.0,502.0,0.442,154.0,384.0,0.401,68.0,118.0,0.576,0.596,39.0,45.0,0.867,19.0,166.0,185.0,77.0,30.0,14.0,54.0,145.0,637.0,0.0,10.9,0.61,0.765,0.09,1.5,12.8,7.2,7.3,1.0,0.9,9.4,17.0,1.1,1.4,2.5,0.078,-0.4,-1.0,-1.4,0.2,0.0,2023
236,Nick Richards,18.7,3.0,4.8,0.629,0.0,0.0,1.0,3.0,4.8,0.628,0.631,2.1,2.8,0.749,2.3,4.1,6.4,0.6,0.2,1.1,0.9,2.4,8.2,0.0,0.0,1000.0,0.0,0.0,0.0,0.0,0.0,0.0,0.0,0.0,0.0,0.0,0.0,0.0,0.0,65.0,9.0,1217.0,197.0,313.0,0.629,1.0,1.0,1.0,196.0,312.0,0.628,0.631,137.0,183.0,0.749,147.0,269.0,416.0,38.0,11.0,71.0,59.0,154.0,532.0,0.0,18.3,0.676,0.003,0.585,12.6,24.0,18.2,4.5,0.4,5.1,13.0,15.6,2.7,1.5,4.2,0.165,-1.0,-0.2,-1.3,0.2,0.0,2023
237,Aleksej Pokusevski,20.6,3.2,7.3,0.434,1.1,3.1,0.365,2.1,4.3,0.483,0.51,0.6,1.0,0.629,1.3,3.4,4.7,1.9,0.6,1.3,1.3,1.7,8.1,0.0,0.0,1000.0,0.0,0.0,0.0,0.0,0.0,0.0,0.0,0.0,0.0,0.0,0.0,0.0,0.0,34.0,25.0,701.0,108.0,249.0,0.434,38.0,104.0,0.365,70.0,145.0,0.483,0.51,22.0,35.0,0.629,45.0,114.0,159.0,64.0,20.0,43.0,43.0,58.0,276.0,0.0,13.4,0.522,0.418,0.141,6.8,17.8,12.2,12.4,1.4,5.7,14.0,18.3,0.0,1.0,1.0,0.066,-1.0,1.0,0.0,0.3,0.0,2023
238,Grant Williams,25.9,2.7,6.0,0.454,1.5,3.7,0.395,1.3,2.3,0.546,0.575,1.2,1.5,0.77,1.1,3.5,4.6,1.7,0.5,0.4,1.0,2.4,8.1,0.0,0.0,1000.0,0.0,0.0,0.0,0.0,0.0,0.0,0.0,0.0,0.0,0.0,0.0,0.0,0.0,79.0,23.0,2045.0,216.0,476.0,0.454,115.0,291.0,0.395,101.0,185.0,0.546,0.575,94.0,122.0,0.77,87.0,276.0,363.0,131.0,41.0,31.0,82.0,192.0,641.0,0.0,10.3,0.605,0.611,0.256,4.7,14.5,9.7,8.4,1.0,1.3,13.4,13.1,1.9,2.6,4.4,0.104,-1.8,0.7,-1.1,0.5,0.0,2023
239,Jevon Carter,22.3,3.0,7.0,0.423,1.8,4.2,0.421,1.2,2.8,0.425,0.549,0.4,0.5,0.816,0.4,2.1,2.5,2.4,0.8,0.4,1.0,2.0,8.0,0.0,0.0,1000.0,0.0,0.0,0.0,0.0,0.0,0.0,0.0,0.0,0.0,0.0,0.0,0.0,0.0,81.0,39.0,1810.0,239.0,565.0,0.423,142.0,337.0,0.421,97.0,228.0,0.425,0.549,31.0,38.0,0.816,35.0,167.0,202.0,197.0,66.0,29.0,78.0,158.0,651.0,0.0,10.9,0.56,0.596,0.067,2.1,9.3,5.8,14.5,1.7,1.3,11.8,15.3,1.2,2.3,3.5,0.092,-1.9,1.2,-0.6,0.6,0.0,2023
240,Kemba Walker,16.0,2.7,6.3,0.421,0.8,3.1,0.25,1.9,3.2,0.586,0.482,1.9,2.3,0.81,0.3,1.4,1.8,2.1,0.2,0.2,0.4,1.2,8.0,0.0,0.0,1000.0,0.0,0.0,0.0,0.0,0.0,0.0,0.0,0.0,0.0,0.0,0.0,0.0,0.0,9.0,1.0,144.0,24.0,57.0,0.421,7.0,28.0,0.25,17.0,29.0,0.586,0.482,17.0,21.0,0.81,3.0,13.0,16.0,19.0,2.0,2.0,4.0,11.0,72.0,0.0,15.0,0.543,0.491,0.368,2.4,10.6,6.5,20.1,0.7,1.2,5.7,22.1,0.2,0.1,0.3,0.098,0.3,-0.6,-0.3,0.1,0.0,2023
241,Kenrich Williams,22.8,3.4,6.5,0.517,0.9,2.5,0.373,2.4,4.0,0.608,0.59,0.3,0.7,0.436,1.8,3.1,4.9,2.0,0.8,0.3,0.6,2.1,8.0,0.0,0.0,1000.0,0.0,0.0,0.0,0.0,0.0,0.0,0.0,0.0,0.0,0.0,0.0,0.0,0.0,53.0,10.0,1206.0,179.0,346.0,0.517,50.0,134.0,0.373,129.0,212.0,0.608,0.59,17.0,39.0,0.436,97.0,164.0,261.0,105.0,45.0,14.0,32.0,112.0,425.0,0.0,14.4,0.585,0.387,0.113,8.5,14.9,11.6,11.7,1.8,1.1,8.1,13.7,2.0,1.3,3.3,0.133,0.1,0.4,0.5,0.8,0.0,2023
242,Robert Williams,23.5,3.6,4.9,0.747,0.0,0.0,0.0,3.6,4.8,0.751,0.747,0.7,1.2,0.61,3.0,5.4,8.3,1.4,0.6,1.4,1.0,1.9,8.0,0.0,0.0,1000.0,0.0,0.0,0.0,0.0,0.0,0.0,0.0,0.0,0.0,0.0,0.0,0.0,0.0,35.0,20.0,824.0,127.0,170.0,0.747,0.0,1.0,0.0,127.0,169.0,0.751,0.747,25.0,41.0,0.61,104.0,188.0,292.0,50.0,22.0,48.0,34.0,68.0,279.0,0.0,19.8,0.742,0.006,0.241,14.0,24.5,19.3,8.5,1.3,5.0,15.3,11.8,2.3,1.6,3.8,0.224,1.0,2.4,3.3,1.1,0.0,2023
243,Gabe York,18.7,2.7,7.0,0.381,2.0,6.0,0.333,0.7,1.0,0.667,0.524,0.7,0.7,1.0,0.0,2.0,2.0,1.7,0.7,0.0,0.0,1.7,8.0,0.0,0.0,1000.0,0.0,0.0,0.0,0.0,0.0,0.0,0.0,0.0,0.0,0.0,0.0,0.0,0.0,3.0,0.0,56.0,8.0,21.0,0.381,6.0,18.0,0.333,2.0,3.0,0.667,0.524,2.0,2.0,1.0,0.0,6.0,6.0,5.0,2.0,0.0,0.0,5.0,24.0,0.0,11.8,0.548,0.857,0.095,0.0,11.9,5.9,12.3,1.7,0.0,0.0,16.4,0.1,0.0,0.1,0.091,-1.7,-1.8,-3.5,0.0,0.0,2023
244,Jarred Vanderbilt,24.1,3.2,5.8,0.548,0.4,1.2,0.322,2.8,4.6,0.604,0.58,1.2,1.8,0.691,2.2,5.3,7.5,2.4,1.1,0.3,1.2,2.4,7.9,0.0,0.0,1000.0,0.0,0.0,0.0,0.0,0.0,0.0,0.0,0.0,0.0,0.0,0.0,0.0,0.0,78.0,65.0,1879.0,247.0,451.0,0.548,29.0,90.0,0.322,218.0,361.0,0.604,0.58,96.0,139.0,0.691,170.0,412.0,582.0,184.0,83.0,21.0,97.0,190.0,619.0,0.0,15.1,0.604,0.2,0.308,10.0,23.2,16.7,13.1,2.1,0.9,15.9,13.6,2.7,2.5,5.2,0.132,-0.6,1.6,1.1,1.5,0.0,2023
245,Ochai Agbaji,20.5,2.8,6.5,0.427,1.4,3.9,0.355,1.4,2.7,0.532,0.532,0.9,1.2,0.812,0.7,1.3,2.1,1.1,0.3,0.3,0.7,1.7,7.9,0.0,0.0,1000.0,0.0,0.0,0.0,0.0,0.0,0.0,0.0,0.0,0.0,0.0,0.0,0.0,0.0,59.0,22.0,1209.0,165.0,386.0,0.427,81.0,228.0,0.355,84.0,158.0,0.532,0.532,56.0,69.0,0.812,43.0,78.0,121.0,67.0,16.0,15.0,41.0,99.0,467.0,0.0,9.5,0.561,0.591,0.179,3.9,6.9,5.4,7.5,0.6,1.0,9.0,15.8,0.9,0.4,1.3,0.053,-1.7,-1.4,-3.0,-0.3,0.0,2023
246,Chris Duarte,19.5,2.7,7.2,0.369,1.2,3.8,0.316,1.5,3.5,0.428,0.452,1.3,1.6,0.847,0.4,2.1,2.5,1.4,0.5,0.2,0.9,1.4,7.9,0.0,0.0,1000.0,0.0,0.0,0.0,0.0,0.0,0.0,0.0,0.0,0.0,0.0,0.0,0.0,0.0,46.0,12.0,897.0,123.0,333.0,0.369,55.0,174.0,0.316,68.0,159.0,0.428,0.452,61.0,72.0,0.847,19.0,96.0,115.0,64.0,25.0,9.0,41.0,65.0,362.0,0.0,8.6,0.496,0.523,0.216,2.4,11.9,7.1,9.7,1.3,0.9,10.1,19.0,-0.5,0.4,0.0,-0.003,-2.9,-1.6,-4.5,-0.6,0.0,2023
247,Duane Washington Jr.,12.7,3.0,8.3,0.367,1.3,3.6,0.36,1.7,4.7,0.372,0.445,0.5,0.8,0.667,0.1,1.1,1.2,2.0,0.2,0.1,1.1,0.7,7.9,0.0,0.0,1000.0,0.0,0.0,0.0,0.0,0.0,0.0,0.0,0.0,0.0,0.0,0.0,0.0,0.0,31.0,3.0,394.0,94.0,256.0,0.367,40.0,111.0,0.36,54.0,145.0,0.372,0.445,16.0,24.0,0.667,2.0,34.0,36.0,63.0,6.0,4.0,34.0,23.0,244.0,0.0,9.3,0.458,0.434,0.094,0.6,9.8,5.1,25.2,0.7,0.9,11.3,32.5,-0.8,0.3,-0.5,-0.065,-1.8,-2.8,-4.6,-0.3,0.0,2023
248,Jeff Green,19.5,2.9,5.9,0.488,0.5,1.9,0.288,2.3,4.0,0.58,0.534,1.6,2.1,0.744,0.7,1.9,2.6,1.2,0.3,0.3,0.8,1.8,7.8,0.0,0.0,1000.0,0.0,0.0,0.0,0.0,0.0,0.0,0.0,0.0,0.0,0.0,0.0,0.0,0.0,56.0,4.0,1091.0,160.0,328.0,0.488,30.0,104.0,0.288,130.0,224.0,0.58,0.534,87.0,117.0,0.744,38.0,106.0,144.0,69.0,18.0,17.0,46.0,99.0,437.0,0.0,11.0,0.576,0.317,0.357,4.1,10.9,7.6,8.3,0.8,1.4,10.8,17.0,0.8,0.8,1.7,0.074,-2.4,-1.0,-3.4,-0.4,0.0,2023
249,Tre Mann,17.7,2.9,7.5,0.393,1.2,3.8,0.315,1.7,3.6,0.475,0.474,0.6,0.8,0.764,0.4,1.9,2.3,1.8,0.6,0.2,0.9,1.5,7.7,0.0,0.0,1000.0,0.0,0.0,0.0,0.0,0.0,0.0,0.0,0.0,0.0,0.0,0.0,0.0,0.0,67.0,5.0,1183.0,197.0,501.0,0.393,81.0,257.0,0.315,116.0,244.0,0.475,0.474,42.0,55.0,0.764,27.0,128.0,155.0,120.0,40.0,11.0,62.0,99.0,517.0,1.0,10.0,0.492,0.513,0.11,2.4,11.8,7.0,14.0,1.6,0.9,10.6,20.7,-0.6,1.1,0.5,0.021,-3.0,-1.0,-3.9,-0.6,0.0,2023
250,Pat Connaughton,23.7,2.7,6.9,0.392,1.8,5.3,0.339,0.9,1.6,0.566,0.521,0.4,0.7,0.659,0.8,3.8,4.6,1.3,0.6,0.2,0.5,1.1,7.6,0.0,0.0,1000.0,0.0,0.0,0.0,0.0,0.0,0.0,0.0,0.0,0.0,0.0,0.0,0.0,0.0,61.0,33.0,1443.0,165.0,421.0,0.392,109.0,322.0,0.339,56.0,99.0,0.566,0.521,27.0,41.0,0.659,50.0,233.0,283.0,77.0,37.0,11.0,33.0,69.0,466.0,0.0,10.0,0.531,0.765,0.097,3.8,16.2,10.2,6.9,1.2,0.6,7.0,13.8,0.7,1.8,2.5,0.085,-1.3,0.3,-1.0,0.3,0.0,2023
251,Joe Harris,20.6,2.7,5.9,0.457,1.9,4.5,0.426,0.8,1.4,0.551,0.618,0.2,0.4,0.643,0.3,1.9,2.2,1.4,0.5,0.2,0.6,1.9,7.6,0.0,0.0,1000.0,0.0,0.0,0.0,0.0,0.0,0.0,0.0,0.0,0.0,0.0,0.0,0.0,0.0,74.0,33.0,1527.0,201.0,440.0,0.457,142.0,333.0,0.426,59.0,107.0,0.551,0.618,18.0,28.0,0.643,23.0,141.0,164.0,101.0,34.0,13.0,41.0,140.0,562.0,0.0,10.6,0.621,0.757,0.064,1.7,10.1,6.0,9.1,1.1,0.7,8.3,14.3,1.5,1.1,2.6,0.083,-0.6,-0.6,-1.1,0.3,0.0,2023
252,Trey Lyles,16.9,2.5,5.5,0.458,1.2,3.2,0.363,1.4,2.3,0.595,0.565,1.4,1.7,0.815,0.9,3.1,4.1,0.9,0.4,0.4,0.9,1.3,7.6,0.0,0.0,1000.0,0.0,0.0,0.0,0.0,0.0,0.0,0.0,0.0,0.0,0.0,0.0,0.0,0.0,74.0,0.0,1247.0,187.0,408.0,0.458,87.0,240.0,0.363,100.0,168.0,0.595,0.565,101.0,124.0,0.815,68.0,232.0,300.0,66.0,27.0,31.0,64.0,97.0,562.0,0.0,14.2,0.607,0.588,0.304,6.3,21.1,13.7,7.0,1.0,2.2,12.2,18.1,1.4,1.2,2.6,0.098,0.0,-0.9,-1.0,0.3,0.0,2023
253,T.J. Warren,16.4,3.1,6.4,0.489,0.5,1.6,0.328,2.6,4.8,0.542,0.53,0.7,0.8,0.8,0.6,2.3,2.9,1.0,0.5,0.3,0.5,1.5,7.5,0.0,0.0,1000.0,0.0,0.0,0.0,0.0,0.0,0.0,0.0,0.0,0.0,0.0,0.0,0.0,0.0,42.0,0.0,687.0,132.0,270.0,0.489,22.0,67.0,0.328,110.0,203.0,0.542,0.53,28.0,35.0,0.8,26.0,95.0,121.0,40.0,22.0,12.0,20.0,65.0,314.0,0.0,13.5,0.55,0.248,0.13,4.2,15.4,9.8,8.7,1.6,1.5,6.5,19.5,0.4,0.8,1.2,0.081,-1.7,-0.2,-2.0,0.0,0.0,2023
254,Devonte' Graham,18.3,2.2,5.9,0.374,1.6,4.6,0.352,0.6,1.3,0.452,0.512,1.3,1.8,0.748,0.3,1.4,1.7,2.7,0.6,0.2,0.7,1.1,7.4,0.0,0.0,1000.0,0.0,0.0,0.0,0.0,0.0,0.0,0.0,0.0,0.0,0.0,0.0,0.0,0.0,73.0,8.0,1338.0,161.0,431.0,0.374,119.0,338.0,0.352,42.0,93.0,0.452,0.512,98.0,131.0,0.748,19.0,103.0,122.0,196.0,45.0,16.0,53.0,79.0,539.0,0.0,12.5,0.552,0.784,0.304,1.6,8.7,5.1,19.4,1.6,1.1,9.8,17.1,1.5,1.0,2.5,0.091,0.1,-0.2,-0.1,0.6,0.0,2023
255,Torrey Craig,24.7,2.9,6.3,0.456,1.3,3.2,0.395,1.6,3.1,0.518,0.556,0.4,0.6,0.711,1.8,3.6,5.4,1.5,0.6,0.8,0.9,2.3,7.4,0.0,0.0,1000.0,0.0,0.0,0.0,0.0,0.0,0.0,0.0,0.0,0.0,0.0,0.0,0.0,0.0,79.0,60.0,1948.0,228.0,500.0,0.456,100.0,253.0,0.395,128.0,247.0,0.518,0.556,32.0,45.0,0.711,145.0,281.0,426.0,117.0,50.0,62.0,73.0,179.0,588.0,0.0,11.6,0.566,0.506,0.09,8.1,16.3,12.1,7.9,1.3,2.9,12.3,13.0,1.5,2.5,4.0,0.098,-1.3,0.7,-0.6,0.7,0.0,2023
256,Mitchell Robinson,27.0,3.2,4.7,0.671,0.0,0.0,0.0,3.2,4.7,0.671,0.671,1.0,2.1,0.484,4.5,4.9,9.4,0.9,0.9,1.8,0.7,2.7,7.4,0.0,0.0,1000.0,0.0,0.0,0.0,0.0,0.0,0.0,0.0,0.0,0.0,0.0,0.0,0.0,0.0,59.0,58.0,1591.0,188.0,280.0,0.671,0.0,0.0,0.0,188.0,280.0,0.671,0.671,59.0,122.0,0.484,267.0,288.0,555.0,53.0,56.0,109.0,41.0,160.0,435.0,0.0,18.9,0.652,0.0,0.436,18.4,20.0,19.2,4.5,1.7,6.5,10.9,10.1,4.0,2.6,6.5,0.197,1.0,1.4,2.4,1.7,0.0,2023
257,Obi Toppin,15.7,2.8,6.3,0.446,1.3,3.7,0.344,1.5,2.6,0.593,0.548,0.6,0.7,0.809,0.4,2.4,2.8,1.0,0.3,0.2,0.6,1.0,7.4,0.0,0.0,1000.0,0.0,0.0,0.0,0.0,0.0,0.0,0.0,0.0,0.0,0.0,0.0,0.0,0.0,67.0,5.0,1050.0,187.0,419.0,0.446,85.0,247.0,0.344,102.0,172.0,0.593,0.548,38.0,47.0,0.809,29.0,158.0,187.0,66.0,23.0,12.0,38.0,68.0,497.0,0.0,13.6,0.565,0.589,0.112,3.0,16.6,9.8,9.2,1.1,1.1,8.0,19.5,1.1,1.0,2.1,0.095,0.3,-0.8,-0.5,0.4,0.0,2023
258,Trendon Watford,19.1,2.9,5.2,0.56,0.4,1.0,0.391,2.5,4.2,0.602,0.599,1.2,1.6,0.72,0.7,3.2,3.8,2.1,0.5,0.2,1.1,1.9,7.4,0.0,0.0,1000.0,0.0,0.0,0.0,0.0,0.0,0.0,0.0,0.0,0.0,0.0,0.0,0.0,0.0,62.0,12.0,1182.0,181.0,323.0,0.56,25.0,64.0,0.391,156.0,259.0,0.602,0.599,72.0,100.0,0.72,42.0,196.0,238.0,130.0,32.0,12.0,71.0,118.0,459.0,0.0,13.6,0.625,0.198,0.31,4.1,19.2,11.6,16.0,1.3,0.9,16.2,16.1,1.3,0.7,2.1,0.084,-1.4,-0.4,-1.8,0.1,0.0,2023
259,Delon Wright,24.4,2.8,5.8,0.474,0.8,2.4,0.345,1.9,3.4,0.564,0.545,1.0,1.2,0.867,1.2,2.4,3.6,3.9,1.8,0.3,0.9,1.2,7.4,0.0,0.0,1000.0,0.0,0.0,0.0,0.0,0.0,0.0,0.0,0.0,0.0,0.0,0.0,0.0,0.0,50.0,14.0,1221.0,138.0,291.0,0.474,41.0,119.0,0.345,97.0,172.0,0.564,0.545,52.0,60.0,0.867,58.0,122.0,180.0,194.0,92.0,17.0,44.0,59.0,369.0,0.0,16.3,0.581,0.409,0.206,5.5,10.7,8.2,20.9,3.7,1.2,12.2,12.9,2.1,1.6,3.7,0.146,0.4,3.1,3.4,1.7,0.0,2023
260,Jay Huff,13.6,2.1,3.6,0.6,0.9,1.7,0.5,1.3,1.9,0.692,0.72,2.1,2.3,0.938,0.9,2.1,3.0,1.4,0.4,0.6,0.7,2.1,7.3,0.0,0.0,1000.0,0.0,0.0,0.0,0.0,0.0,0.0,0.0,0.0,0.0,0.0,0.0,0.0,0.0,7.0,0.0,95.0,15.0,25.0,0.6,6.0,12.0,0.5,9.0,13.0,0.692,0.72,15.0,16.0,0.938,6.0,15.0,21.0,10.0,3.0,4.0,5.0,15.0,51.0,0.0,22.3,0.796,0.48,0.64,7.3,16.9,12.3,14.7,1.5,3.6,13.5,16.9,0.4,0.1,0.5,0.261,2.8,1.2,4.0,0.1,0.0,2023
261,Josh Okogie,18.8,2.3,5.8,0.391,0.9,2.7,0.335,1.3,3.0,0.442,0.471,1.9,2.7,0.724,1.5,2.0,3.5,1.5,0.8,0.5,0.9,1.6,7.3,0.0,0.0,1000.0,0.0,0.0,0.0,0.0,0.0,0.0,0.0,0.0,0.0,0.0,0.0,0.0,0.0,72.0,26.0,1350.0,162.0,414.0,0.391,66.0,197.0,0.335,96.0,217.0,0.442,0.471,139.0,192.0,0.724,109.0,142.0,251.0,105.0,56.0,34.0,63.0,114.0,529.0,0.0,13.3,0.531,0.476,0.464,8.8,11.9,10.3,10.3,2.0,2.3,11.2,17.7,1.1,1.7,2.8,0.101,-0.8,0.5,-0.2,0.6,0.0,2023
262,Reggie Bullock,30.3,2.5,6.0,0.409,1.9,5.1,0.38,0.5,0.9,0.562,0.569,0.3,0.5,0.703,0.4,3.2,3.6,1.4,0.7,0.2,0.5,2.1,7.2,0.0,0.0,1000.0,0.0,0.0,0.0,0.0,0.0,0.0,0.0,0.0,0.0,0.0,0.0,0.0,0.0,78.0,55.0,2364.0,192.0,470.0,0.409,151.0,397.0,0.38,41.0,73.0,0.562,0.569,26.0,37.0,0.703,32.0,251.0,283.0,108.0,54.0,13.0,36.0,166.0,561.0,0.0,7.7,0.577,0.845,0.079,1.6,12.5,7.0,6.2,1.1,0.5,6.9,10.0,1.3,1.4,2.8,0.056,-2.3,-0.3,-2.6,-0.4,0.0,2023
263,Isaiah Jackson,16.5,2.8,5.0,0.563,0.0,0.2,0.143,2.8,4.8,0.582,0.566,1.5,2.3,0.651,1.8,2.7,4.5,0.8,0.5,1.5,0.8,2.4,7.2,0.0,0.0,1000.0,0.0,0.0,0.0,0.0,0.0,0.0,0.0,0.0,0.0,0.0,0.0,0.0,0.0,63.0,12.0,1042.0,179.0,318.0,0.563,2.0,14.0,0.143,177.0,304.0,0.582,0.566,95.0,146.0,0.651,113.0,169.0,282.0,51.0,31.0,93.0,51.0,154.0,455.0,0.0,17.5,0.595,0.044,0.459,12.1,18.0,15.0,7.0,1.4,7.7,11.8,17.4,1.5,1.2,2.7,0.124,-1.7,0.9,-0.8,0.3,0.0,2023
264,Kendrick Nunn,13.8,2.7,6.4,0.424,1.1,3.2,0.354,1.6,3.2,0.493,0.512,0.5,0.6,0.854,0.2,1.3,1.6,1.3,0.4,0.1,0.9,0.9,7.1,0.0,0.0,1000.0,0.0,0.0,0.0,0.0,0.0,0.0,0.0,0.0,0.0,0.0,0.0,0.0,0.0,70.0,2.0,964.0,191.0,450.0,0.424,79.0,223.0,0.354,112.0,227.0,0.493,0.512,35.0,41.0,0.854,15.0,94.0,109.0,90.0,28.0,7.0,66.0,66.0,496.0,0.0,11.1,0.53,0.496,0.091,1.8,10.3,6.2,13.8,1.4,0.6,12.4,23.7,-0.6,0.8,0.2,0.008,-2.0,-1.5,-3.5,-0.4,0.0,2023
265,Troy Brown Jr.,24.5,2.6,6.1,0.43,1.4,3.7,0.381,1.2,2.4,0.505,0.545,0.4,0.5,0.872,0.8,3.2,4.1,1.3,0.8,0.2,0.6,1.6,7.1,0.0,0.0,1000.0,0.0,0.0,0.0,0.0,0.0,0.0,0.0,0.0,0.0,0.0,0.0,0.0,0.0,76.0,45.0,1860.0,200.0,465.0,0.43,107.0,281.0,0.381,93.0,184.0,0.505,0.545,34.0,39.0,0.872,62.0,246.0,308.0,95.0,59.0,16.0,49.0,120.0,541.0,0.0,9.6,0.561,0.604,0.084,3.7,13.7,8.9,6.6,1.5,0.7,9.2,12.1,1.0,2.0,2.9,0.075,-1.8,0.8,-1.0,0.5,0.0,2023
266,Edmond Sumner,13.9,2.3,5.1,0.461,0.6,1.6,0.356,1.8,3.4,0.511,0.519,1.9,2.0,0.917,0.2,1.2,1.5,1.3,0.6,0.2,0.9,1.6,7.1,0.0,0.0,1000.0,0.0,0.0,0.0,0.0,0.0,0.0,0.0,0.0,0.0,0.0,0.0,0.0,0.0,53.0,12.0,736.0,124.0,269.0,0.461,31.0,87.0,0.356,93.0,182.0,0.511,0.519,99.0,108.0,0.917,13.0,66.0,79.0,68.0,31.0,10.0,50.0,83.0,378.0,0.0,14.0,0.597,0.323,0.401,2.0,9.9,6.0,13.3,2.1,1.2,13.6,22.1,0.6,0.7,1.3,0.086,-2.4,-0.2,-2.6,-0.1,0.0,2023
267,Lindell Wigginton,12.4,2.6,5.3,0.486,0.9,2.6,0.333,1.7,2.7,0.632,0.568,1.1,1.3,0.889,0.0,1.0,1.0,2.0,0.0,0.3,1.7,1.0,7.1,0.0,0.0,1000.0,0.0,0.0,0.0,0.0,0.0,0.0,0.0,0.0,0.0,0.0,0.0,0.0,0.0,7.0,1.0,87.0,18.0,37.0,0.486,6.0,18.0,0.333,12.0,19.0,0.632,0.568,8.0,9.0,0.889,0.0,7.0,7.0,14.0,0.0,2.0,12.0,7.0,50.0,0.0,11.8,0.61,0.486,0.243,0.0,8.1,4.2,23.8,0.0,1.9,22.7,25.6,0.0,0.1,0.1,0.028,-3.1,-3.6,-6.7,-0.1,0.0,2023
268,Eugene Omoruyi,16.1,2.5,5.7,0.443,0.6,2.2,0.281,1.9,3.5,0.547,0.498,1.3,1.9,0.68,1.1,1.7,2.8,0.7,0.7,0.1,0.9,2.3,7.0,0.0,0.0,1000.0,0.0,0.0,0.0,0.0,0.0,0.0,0.0,0.0,0.0,0.0,0.0,0.0,0.0,40.0,6.0,645.0,101.0,228.0,0.443,25.0,89.0,0.281,76.0,139.0,0.547,0.498,51.0,75.0,0.68,43.0,68.0,111.0,28.0,28.0,3.0,34.0,91.0,278.0,0.0,10.9,0.533,0.39,0.329,7.1,11.8,9.4,6.3,2.1,0.4,11.5,19.3,0.1,0.5,0.6,0.042,-3.5,-0.9,-4.4,-0.4,0.0,2023
269,Chance Comanche,21.0,3.0,5.0,0.6,0.0,0.0,0.0,3.0,5.0,0.6,0.6,1.0,4.0,0.25,2.0,1.0,3.0,0.0,0.0,1.0,0.0,0.0,7.0,0.0,0.0,1000.0,0.0,0.0,0.0,0.0,0.0,0.0,0.0,0.0,0.0,0.0,0.0,0.0,0.0,1.0,0.0,21.0,3.0,5.0,0.6,0.0,0.0,0.0,3.0,5.0,0.6,0.6,1.0,4.0,0.25,2.0,1.0,3.0,0.0,0.0,1.0,0.0,0.0,7.0,0.0,12.2,0.518,0.0,0.8,10.9,5.5,8.2,0.0,0.0,4.2,0.0,14.0,0.0,0.0,0.0,0.043,-2.6,-4.9,-7.5,0.0,0.0,2023
270,Kevon Looney,23.9,3.0,4.7,0.63,0.0,0.0,0.0,3.0,4.7,0.632,0.63,1.1,1.9,0.606,3.3,5.9,9.3,2.5,0.6,0.6,0.5,2.7,7.0,0.0,0.0,1000.0,0.0,0.0,0.0,0.0,0.0,0.0,0.0,0.0,0.0,0.0,0.0,0.0,0.0,82.0,70.0,1958.0,242.0,384.0,0.63,0.0,1.0,0.0,242.0,383.0,0.632,0.63,94.0,155.0,0.606,274.0,486.0,760.0,207.0,52.0,50.0,45.0,225.0,578.0,0.0,17.8,0.639,0.003,0.404,15.7,26.8,21.4,13.8,1.3,2.2,9.1,10.6,5.9,2.8,8.7,0.212,0.9,1.3,2.1,2.0,0.0,2023
271,Joshua Primo,23.3,2.3,6.5,0.346,0.8,3.0,0.25,1.5,3.5,0.429,0.404,1.8,2.3,0.778,0.5,2.8,3.3,4.5,0.3,0.5,2.8,2.0,7.0,0.0,0.0,1000.0,0.0,0.0,0.0,0.0,0.0,0.0,0.0,0.0,0.0,0.0,0.0,0.0,0.0,4.0,0.0,93.0,9.0,26.0,0.346,3.0,12.0,0.25,6.0,14.0,0.429,0.404,7.0,9.0,0.778,2.0,11.0,13.0,18.0,1.0,2.0,11.0,8.0,28.0,0.0,6.1,0.467,0.462,0.346,2.3,13.4,7.6,24.4,0.5,1.8,26.9,18.2,-0.2,0.0,-0.1,-0.073,-4.7,-1.6,-6.3,-0.1,0.0,2023
272,Daniel Theis,15.6,3.0,6.3,0.477,0.3,1.6,0.182,2.7,4.7,0.576,0.5,0.7,1.7,0.417,1.0,2.1,3.1,1.3,0.3,0.9,0.4,1.0,7.0,0.0,0.0,1000.0,0.0,0.0,0.0,0.0,0.0,0.0,0.0,0.0,0.0,0.0,0.0,0.0,0.0,7.0,1.0,109.0,21.0,44.0,0.477,2.0,11.0,0.182,19.0,33.0,0.576,0.5,5.0,12.0,0.417,7.0,15.0,22.0,9.0,2.0,6.0,3.0,7.0,49.0,0.0,14.2,0.497,0.25,0.273,7.1,15.2,11.2,12.2,0.9,4.7,5.7,20.1,0.0,0.1,0.1,0.046,-0.9,-0.5,-1.4,0.0,0.0,2023
273,Xavier Tillman Sr.,19.3,3.1,5.0,0.614,0.1,0.2,0.267,3.0,4.8,0.632,0.621,0.8,1.5,0.551,2.0,3.0,5.0,1.6,1.0,0.5,0.7,1.6,7.0,0.0,0.0,1000.0,0.0,0.0,0.0,0.0,0.0,0.0,0.0,0.0,0.0,0.0,0.0,0.0,0.0,61.0,29.0,1180.0,188.0,306.0,0.614,4.0,15.0,0.267,184.0,291.0,0.632,0.621,49.0,89.0,0.551,121.0,186.0,307.0,96.0,58.0,29.0,44.0,97.0,429.0,0.0,17.3,0.621,0.049,0.291,10.9,16.7,13.8,10.9,2.3,2.2,11.3,13.7,2.3,1.9,4.2,0.171,0.3,1.7,1.9,1.2,0.0,2023
274,Svi Mykhailiuk,14.6,2.4,5.4,0.445,1.3,3.1,0.424,1.1,2.3,0.473,0.566,0.8,1.2,0.667,0.5,1.2,1.7,1.7,0.5,0.1,0.8,0.7,6.9,0.0,0.0,1000.0,0.0,0.0,0.0,0.0,0.0,0.0,0.0,0.0,0.0,0.0,0.0,0.0,0.0,32.0,8.0,468.0,77.0,173.0,0.445,42.0,99.0,0.424,35.0,74.0,0.473,0.566,26.0,39.0,0.667,15.0,38.0,53.0,53.0,15.0,4.0,24.0,23.0,222.0,0.0,14.0,0.584,0.572,0.225,3.4,8.9,6.1,16.5,1.5,0.7,11.2,19.3,0.5,0.3,0.8,0.081,0.5,-0.7,-0.1,0.2,0.0,2023
275,Jae Crowder,18.9,2.5,5.2,0.479,1.3,3.1,0.436,1.2,2.2,0.538,0.606,0.6,0.7,0.833,0.9,2.9,3.8,1.5,0.7,0.3,0.4,1.5,6.9,0.0,0.0,1000.0,0.0,0.0,0.0,0.0,0.0,0.0,0.0,0.0,0.0,0.0,0.0,0.0,0.0,18.0,3.0,340.0,45.0,94.0,0.479,24.0,55.0,0.436,21.0,39.0,0.538,0.606,10.0,12.0,0.833,17.0,52.0,69.0,27.0,12.0,6.0,7.0,27.0,124.0,0.0,14.6,0.624,0.585,0.128,5.4,15.3,10.6,10.6,1.7,1.4,6.6,13.2,0.7,0.5,1.2,0.165,0.1,1.1,1.2,0.3,0.0,2023
276,Willy Hernangómez,12.1,2.3,4.4,0.527,0.1,0.3,0.273,2.3,4.2,0.544,0.536,2.1,2.7,0.779,1.5,3.2,4.7,0.9,0.4,0.3,1.0,1.7,6.9,0.0,0.0,1000.0,0.0,0.0,0.0,0.0,0.0,0.0,0.0,0.0,0.0,0.0,0.0,0.0,0.0,38.0,2.0,458.0,89.0,169.0,0.527,3.0,11.0,0.273,86.0,158.0,0.544,0.536,81.0,104.0,0.779,58.0,122.0,180.0,33.0,17.0,13.0,39.0,64.0,262.0,0.0,20.7,0.61,0.065,0.615,14.4,30.1,22.3,10.7,1.8,2.7,15.4,23.8,0.8,0.8,1.6,0.171,-0.2,0.5,0.3,0.3,0.0,2023
277,Joe Ingles,22.7,2.3,5.4,0.435,1.8,4.4,0.409,0.5,1.0,0.556,0.603,0.4,0.5,0.857,0.3,2.5,2.8,3.3,0.7,0.1,1.2,1.6,6.9,0.0,0.0,1000.0,0.0,0.0,0.0,0.0,0.0,0.0,0.0,0.0,0.0,0.0,0.0,0.0,0.0,46.0,0.0,1044.0,108.0,248.0,0.435,83.0,203.0,0.409,25.0,45.0,0.556,0.603,18.0,21.0,0.857,13.0,115.0,128.0,150.0,33.0,6.0,55.0,74.0,317.0,0.0,10.7,0.616,0.819,0.085,1.4,11.1,6.4,18.4,1.5,0.5,17.6,12.6,1.1,1.2,2.3,0.107,-1.6,0.8,-0.7,0.3,0.0,2023
278,Ty Jerome,18.1,2.6,5.4,0.488,0.8,2.0,0.389,1.8,3.4,0.546,0.56,0.8,0.9,0.927,0.2,1.6,1.7,3.0,0.5,0.1,0.7,1.4,6.9,0.0,0.0,1000.0,0.0,0.0,0.0,0.0,0.0,0.0,0.0,0.0,0.0,0.0,0.0,0.0,0.0,45.0,2.0,816.0,118.0,242.0,0.488,35.0,90.0,0.389,83.0,152.0,0.546,0.56,38.0,41.0,0.927,7.0,71.0,78.0,135.0,23.0,5.0,30.0,64.0,309.0,0.0,12.8,0.594,0.372,0.169,1.0,9.4,5.3,22.1,1.3,0.5,10.3,14.9,1.4,0.7,2.1,0.124,-1.1,0.3,-0.8,0.3,0.0,2023
279,Cory Joseph,19.8,2.4,5.7,0.427,1.1,2.9,0.389,1.3,2.8,0.468,0.527,0.9,1.2,0.792,0.3,1.4,1.7,3.5,0.5,0.1,0.9,1.4,6.9,0.0,0.0,1000.0,0.0,0.0,0.0,0.0,0.0,0.0,0.0,0.0,0.0,0.0,0.0,0.0,0.0,62.0,2.0,1227.0,150.0,351.0,0.427,70.0,180.0,0.389,80.0,171.0,0.468,0.527,57.0,72.0,0.792,21.0,85.0,106.0,217.0,34.0,9.0,56.0,88.0,427.0,0.0,12.1,0.558,0.513,0.205,1.8,7.9,4.8,25.4,1.3,0.6,12.8,15.2,1.5,0.3,1.8,0.07,-0.7,-0.8,-1.5,0.2,0.0,2023
280,Romeo Langford,19.6,2.8,6.0,0.467,0.4,1.4,0.262,2.4,4.6,0.53,0.498,0.9,1.3,0.696,1.3,1.3,2.7,1.2,0.6,0.3,0.7,1.6,6.9,0.0,0.0,1000.0,0.0,0.0,0.0,0.0,0.0,0.0,0.0,0.0,0.0,0.0,0.0,0.0,0.0,43.0,21.0,844.0,121.0,259.0,0.467,16.0,61.0,0.262,105.0,198.0,0.53,0.498,39.0,56.0,0.696,57.0,57.0,114.0,50.0,24.0,13.0,30.0,67.0,297.0,0.0,10.4,0.524,0.236,0.216,7.1,7.7,7.4,7.9,1.3,1.3,9.6,15.4,0.3,0.2,0.5,0.029,-2.6,-1.5,-4.2,-0.5,0.0,2023
281,Ben Simmons,26.3,3.2,5.6,0.566,0.0,0.0,0.0,3.2,5.5,0.571,0.566,0.6,1.4,0.439,1.0,5.3,6.3,6.1,1.3,0.6,2.3,3.3,6.9,0.0,0.0,1000.0,0.0,0.0,0.0,0.0,0.0,0.0,0.0,0.0,0.0,0.0,0.0,0.0,0.0,42.0,33.0,1105.0,133.0,235.0,0.566,0.0,2.0,0.0,133.0,233.0,0.571,0.566,25.0,57.0,0.439,40.0,223.0,263.0,256.0,54.0,24.0,97.0,139.0,291.0,1.0,13.4,0.559,0.009,0.243,4.2,22.2,13.4,31.3,2.4,1.9,27.2,14.3,0.5,1.7,2.2,0.097,-2.2,2.6,0.4,0.7,0.0,2023
282,Will Barton,17.7,2.5,6.5,0.379,1.2,3.2,0.367,1.3,3.3,0.391,0.47,0.7,0.8,0.787,0.3,2.2,2.4,2.0,0.5,0.2,0.9,1.0,6.8,0.0,0.0,1000.0,0.0,0.0,0.0,0.0,0.0,0.0,0.0,0.0,0.0,0.0,0.0,0.0,0.0,56.0,2.0,993.0,138.0,364.0,0.379,66.0,180.0,0.367,72.0,184.0,0.391,0.47,37.0,47.0,0.787,15.0,122.0,137.0,112.0,28.0,13.0,48.0,56.0,379.0,0.0,10.0,0.493,0.495,0.129,1.7,13.5,7.7,15.4,1.4,1.1,11.1,18.9,-0.4,0.8,0.4,0.021,-2.0,-0.6,-2.6,-0.2,0.0,2023
283,Larry Nance Jr.,21.2,2.9,4.7,0.61,0.2,0.6,0.333,2.6,4.0,0.654,0.633,0.8,1.2,0.696,1.6,3.8,5.4,1.8,0.9,0.6,0.6,2.0,6.8,0.0,0.0,1000.0,0.0,0.0,0.0,0.0,0.0,0.0,0.0,0.0,0.0,0.0,0.0,0.0,0.0,65.0,1.0,1381.0,186.0,305.0,0.61,14.0,42.0,0.333,172.0,263.0,0.654,0.633,55.0,79.0,0.696,106.0,248.0,354.0,119.0,56.0,37.0,42.0,133.0,441.0,0.0,16.0,0.649,0.138,0.259,8.7,20.3,14.5,11.7,2.0,2.6,11.0,11.9,2.8,2.1,4.9,0.171,0.0,2.0,2.0,1.4,0.0,2023
284,Jeremiah Robinson-Earl,18.9,2.6,5.8,0.444,0.9,2.6,0.333,1.7,3.2,0.533,0.518,0.8,1.0,0.833,1.7,2.5,4.2,1.0,0.6,0.3,0.4,1.7,6.8,0.0,0.0,1000.0,0.0,0.0,0.0,0.0,0.0,0.0,0.0,0.0,0.0,0.0,0.0,0.0,0.0,43.0,20.0,814.0,110.0,248.0,0.444,37.0,111.0,0.333,73.0,137.0,0.533,0.518,35.0,42.0,0.833,71.0,109.0,180.0,43.0,24.0,11.0,19.0,71.0,292.0,0.0,13.0,0.548,0.448,0.169,9.2,14.7,11.9,7.0,1.4,1.2,6.7,14.6,1.1,0.8,1.9,0.111,-0.8,-0.7,-1.5,0.1,0.0,2023
285,Aaron Wiggins,18.5,2.7,5.2,0.512,0.7,1.7,0.393,2.0,3.4,0.573,0.579,0.8,1.0,0.831,1.0,2.0,3.0,1.1,0.6,0.2,0.8,1.6,6.8,0.0,0.0,1000.0,0.0,0.0,0.0,0.0,0.0,0.0,0.0,0.0,0.0,0.0,0.0,0.0,0.0,70.0,14.0,1297.0,186.0,363.0,0.512,48.0,122.0,0.393,138.0,241.0,0.573,0.579,59.0,71.0,0.831,68.0,142.0,210.0,80.0,39.0,15.0,55.0,110.0,479.0,0.0,12.2,0.607,0.336,0.196,5.5,12.0,8.7,8.3,1.4,1.1,12.2,14.5,1.4,1.2,2.6,0.097,-1.5,-0.5,-2.1,0.0,0.0,2023
286,Justise Winslow,26.8,2.8,6.8,0.409,0.5,1.6,0.311,2.3,5.3,0.438,0.444,0.7,1.0,0.714,1.7,3.3,5.0,3.4,1.0,0.4,1.5,3.1,6.8,0.0,0.0,1000.0,0.0,0.0,0.0,0.0,0.0,0.0,0.0,0.0,0.0,0.0,0.0,0.0,0.0,29.0,11.0,776.0,81.0,198.0,0.409,14.0,45.0,0.311,67.0,153.0,0.438,0.444,20.0,28.0,0.714,49.0,96.0,145.0,98.0,30.0,11.0,43.0,89.0,196.0,0.0,9.3,0.466,0.227,0.141,7.2,14.3,10.7,17.2,1.9,1.3,17.0,14.2,-0.1,0.5,0.4,0.022,-3.4,0.6,-2.8,-0.2,0.0,2023
287,Terence Davis,13.1,2.4,5.7,0.423,1.4,3.8,0.366,1.0,1.9,0.537,0.545,0.5,0.7,0.791,0.3,1.9,2.2,1.0,0.7,0.2,0.8,1.6,6.7,0.0,0.0,1000.0,0.0,0.0,0.0,0.0,0.0,0.0,0.0,0.0,0.0,0.0,0.0,0.0,0.0,64.0,5.0,841.0,154.0,364.0,0.423,89.0,243.0,0.366,65.0,121.0,0.537,0.545,34.0,43.0,0.791,20.0,119.0,139.0,67.0,43.0,12.0,53.0,104.0,431.0,0.0,12.9,0.563,0.668,0.118,2.7,16.1,9.4,11.1,2.4,1.2,12.2,22.2,0.0,0.9,0.9,0.054,-1.3,-0.3,-1.5,0.1,0.0,2023
288,Anthony Lamb,19.3,2.4,5.1,0.471,1.2,3.2,0.367,1.2,1.9,0.652,0.588,0.7,1.0,0.767,0.9,2.6,3.5,1.5,0.5,0.3,0.9,2.2,6.7,0.0,0.0,1000.0,0.0,0.0,0.0,0.0,0.0,0.0,0.0,0.0,0.0,0.0,0.0,0.0,0.0,62.0,4.0,1195.0,148.0,314.0,0.471,73.0,199.0,0.367,75.0,115.0,0.652,0.588,46.0,60.0,0.767,56.0,159.0,215.0,96.0,28.0,20.0,54.0,134.0,415.0,0.0,10.9,0.61,0.634,0.191,5.3,14.4,9.9,10.5,1.1,1.5,13.7,13.8,1.2,1.2,2.4,0.096,-1.6,0.4,-1.1,0.3,0.0,2023
289,Isaiah Livers,23.1,2.3,5.5,0.417,1.4,3.9,0.365,0.9,1.6,0.541,0.545,0.6,0.8,0.821,0.5,2.2,2.8,0.8,0.5,0.5,0.6,2.0,6.7,0.0,0.0,1000.0,0.0,0.0,0.0,0.0,0.0,0.0,0.0,0.0,0.0,0.0,0.0,0.0,0.0,52.0,22.0,1199.0,120.0,288.0,0.417,74.0,203.0,0.365,46.0,85.0,0.541,0.545,32.0,39.0,0.821,28.0,115.0,143.0,41.0,28.0,28.0,30.0,103.0,346.0,0.0,8.4,0.567,0.705,0.135,2.5,11.0,6.6,4.8,1.1,2.1,9.0,11.9,0.5,0.5,1.0,0.041,-2.1,-0.3,-2.4,-0.1,0.0,2023
290,Théo Maledon,19.4,2.3,5.8,0.402,0.6,2.2,0.295,1.7,3.6,0.465,0.457,1.4,1.7,0.851,0.3,2.5,2.8,3.5,0.8,0.3,1.3,1.4,6.7,0.0,0.0,1000.0,0.0,0.0,0.0,0.0,0.0,0.0,0.0,0.0,0.0,0.0,0.0,0.0,0.0,44.0,7.0,854.0,102.0,254.0,0.402,28.0,95.0,0.295,74.0,159.0,0.465,0.457,63.0,74.0,0.851,14.0,109.0,123.0,152.0,37.0,12.0,59.0,61.0,295.0,0.0,11.6,0.515,0.374,0.291,1.7,13.9,7.7,24.2,2.1,1.2,17.1,17.0,0.0,0.9,0.8,0.047,-3.0,0.5,-2.5,-0.1,0.0,2023
291,Dwight Powell,19.2,2.6,3.5,0.732,0.0,0.1,0.0,2.6,3.5,0.746,0.732,1.5,2.2,0.667,2.0,2.2,4.1,0.9,0.6,0.3,0.9,2.8,6.7,0.0,0.0,1000.0,0.0,0.0,0.0,0.0,0.0,0.0,0.0,0.0,0.0,0.0,0.0,0.0,0.0,76.0,64.0,1458.0,197.0,269.0,0.732,0.0,5.0,0.0,197.0,264.0,0.746,0.732,112.0,168.0,0.667,149.0,165.0,314.0,69.0,48.0,26.0,65.0,209.0,506.0,0.0,15.5,0.738,0.019,0.625,11.8,13.3,12.5,6.9,1.6,1.6,15.9,12.6,3.8,1.3,5.1,0.168,-1.2,0.0,-1.2,0.3,0.0,2023
292,David Roddy,18.0,2.6,6.0,0.429,0.9,3.0,0.307,1.6,3.0,0.553,0.506,0.6,0.9,0.631,0.7,2.0,2.8,0.8,0.4,0.3,0.8,1.5,6.7,0.0,0.0,1000.0,0.0,0.0,0.0,0.0,0.0,0.0,0.0,0.0,0.0,0.0,0.0,0.0,0.0,70.0,4.0,1258.0,180.0,420.0,0.429,65.0,212.0,0.307,115.0,208.0,0.553,0.506,41.0,65.0,0.631,50.0,143.0,193.0,59.0,29.0,19.0,57.0,107.0,466.0,0.0,8.8,0.519,0.505,0.155,4.2,12.0,8.1,6.1,1.1,1.4,11.3,16.7,-0.3,1.4,1.1,0.043,-3.2,-0.7,-3.9,-0.6,0.0,2023
293,Kevin Knox,15.1,2.4,5.3,0.458,1.0,3.0,0.349,1.4,2.3,0.596,0.556,0.7,1.0,0.767,0.5,2.3,2.8,0.5,0.4,0.2,0.8,1.5,6.6,0.0,0.0,1000.0,0.0,0.0,0.0,0.0,0.0,0.0,0.0,0.0,0.0,0.0,0.0,0.0,0.0,63.0,5.0,952.0,152.0,332.0,0.458,65.0,186.0,0.349,87.0,146.0,0.596,0.556,46.0,60.0,0.767,34.0,143.0,177.0,33.0,24.0,12.0,50.0,95.0,415.0,0.0,11.1,0.579,0.56,0.181,3.9,17.3,10.5,5.2,1.2,1.1,12.2,18.4,0.2,0.5,0.7,0.034,-2.1,-1.4,-3.5,-0.4,0.0,2023
294,Mo Bamba,15.7,2.4,4.9,0.485,1.0,2.5,0.387,1.4,2.4,0.59,0.585,0.8,1.3,0.661,1.2,3.4,4.6,0.9,0.3,0.9,0.6,2.1,6.6,0.0,0.0,1000.0,0.0,0.0,0.0,0.0,0.0,0.0,0.0,0.0,0.0,0.0,0.0,0.0,0.0,49.0,7.0,769.0,117.0,241.0,0.485,48.0,124.0,0.387,69.0,117.0,0.59,0.585,41.0,62.0,0.661,58.0,167.0,225.0,46.0,13.0,43.0,30.0,105.0,323.0,0.0,15.7,0.602,0.515,0.257,8.5,24.2,16.4,8.7,0.8,5.3,10.1,16.6,1.1,1.1,2.2,0.139,-0.2,0.7,0.5,0.5,0.0,2023
295,Drew Eubanks,20.3,2.7,4.3,0.641,0.1,0.2,0.389,2.7,4.1,0.655,0.651,1.1,1.6,0.664,1.7,3.7,5.4,1.3,0.5,1.3,0.9,2.2,6.6,0.0,0.0,1000.0,0.0,0.0,0.0,0.0,0.0,0.0,0.0,0.0,0.0,0.0,0.0,0.0,0.0,78.0,28.0,1584.0,214.0,334.0,0.641,7.0,18.0,0.389,207.0,316.0,0.655,0.651,83.0,125.0,0.664,132.0,286.0,418.0,103.0,40.0,102.0,67.0,169.0,518.0,0.0,16.2,0.666,0.054,0.374,9.5,20.9,15.2,9.2,1.2,5.7,14.7,12.5,2.9,1.6,4.4,0.134,-0.9,0.9,0.1,0.8,0.0,2023
296,Jordan Goodwin,17.8,2.5,5.7,0.448,0.6,1.9,0.322,1.9,3.8,0.511,0.501,0.9,1.1,0.768,0.9,2.4,3.3,2.7,0.9,0.4,0.9,1.5,6.6,0.0,0.0,1000.0,0.0,0.0,0.0,0.0,0.0,0.0,0.0,0.0,0.0,0.0,0.0,0.0,0.0,62.0,7.0,1106.0,158.0,353.0,0.448,38.0,118.0,0.322,120.0,235.0,0.511,0.501,53.0,69.0,0.768,57.0,148.0,205.0,168.0,58.0,26.0,57.0,95.0,407.0,0.0,14.8,0.531,0.334,0.195,6.0,14.3,10.3,20.8,2.6,2.0,12.9,17.3,0.9,1.3,2.2,0.097,-0.7,1.4,0.7,0.8,0.0,2023
297,Jock Landale,14.2,2.6,4.9,0.528,0.3,1.2,0.25,2.3,3.7,0.621,0.559,1.1,1.5,0.752,1.7,2.3,4.1,1.0,0.2,0.4,0.9,1.8,6.6,0.0,0.0,1000.0,0.0,0.0,0.0,0.0,0.0,0.0,0.0,0.0,0.0,0.0,0.0,0.0,0.0,69.0,4.0,979.0,178.0,337.0,0.528,21.0,84.0,0.25,157.0,253.0,0.621,0.559,79.0,105.0,0.752,119.0,161.0,280.0,68.0,16.0,30.0,59.0,126.0,456.0,0.0,16.4,0.595,0.249,0.312,13.2,18.6,15.8,10.1,0.8,2.7,13.3,19.3,1.5,1.2,2.7,0.132,-0.7,-0.4,-1.1,0.2,0.0,2023
298,Nassir Little,18.1,2.5,5.6,0.442,1.1,2.9,0.367,1.4,2.7,0.524,0.538,0.6,0.9,0.717,0.5,2.1,2.6,0.9,0.4,0.4,0.7,1.2,6.6,0.0,0.0,1000.0,0.0,0.0,0.0,0.0,0.0,0.0,0.0,0.0,0.0,0.0,0.0,0.0,0.0,54.0,4.0,976.0,134.0,303.0,0.442,58.0,158.0,0.367,76.0,145.0,0.524,0.538,33.0,46.0,0.717,27.0,114.0,141.0,50.0,20.0,20.0,36.0,66.0,359.0,0.0,10.2,0.555,0.521,0.152,3.2,13.5,8.3,7.3,1.0,1.8,10.0,16.0,0.2,0.4,0.7,0.032,-1.6,-1.4,-3.0,-0.3,0.0,2023
299,Brandon Boston Jr.,11.3,2.3,5.5,0.418,0.5,1.3,0.414,1.8,4.2,0.419,0.467,1.3,1.7,0.763,0.3,1.0,1.4,0.9,0.4,0.0,0.5,1.0,6.5,0.0,0.0,1000.0,0.0,0.0,0.0,0.0,0.0,0.0,0.0,0.0,0.0,0.0,0.0,0.0,0.0,22.0,1.0,248.0,51.0,122.0,0.418,12.0,29.0,0.414,39.0,93.0,0.419,0.467,29.0,38.0,0.763,7.0,23.0,30.0,20.0,9.0,0.0,12.0,21.0,143.0,0.0,13.4,0.515,0.238,0.311,3.2,10.3,6.8,12.5,1.8,0.0,8.0,26.5,0.0,0.2,0.2,0.04,-1.5,-0.7,-2.2,0.0,0.0,2023
300,Luka Garza,8.7,2.3,4.1,0.543,0.5,1.4,0.359,1.8,2.8,0.636,0.603,1.5,1.9,0.788,1.2,1.1,2.3,0.6,0.1,0.1,0.5,1.5,6.5,0.0,0.0,1000.0,0.0,0.0,0.0,0.0,0.0,0.0,0.0,0.0,0.0,0.0,0.0,0.0,0.0,28.0,0.0,243.0,63.0,116.0,0.543,14.0,39.0,0.359,49.0,77.0,0.636,0.603,41.0,52.0,0.788,33.0,30.0,63.0,18.0,3.0,2.0,14.0,43.0,181.0,0.0,23.0,0.652,0.336,0.448,15.5,13.5,14.5,11.8,0.6,0.7,9.2,26.9,0.9,0.2,1.1,0.211,2.2,-2.6,-0.4,0.1,0.0,2023
301,Jay Scrubb,15.0,2.5,3.5,0.714,1.0,1.0,1.0,1.5,2.5,0.6,0.857,0.5,1.0,0.5,0.0,3.0,3.0,0.5,1.0,0.0,1.5,1.0,6.5,0.0,0.0,1000.0,0.0,0.0,0.0,0.0,0.0,0.0,0.0,0.0,0.0,0.0,0.0,0.0,0.0,2.0,0.0,30.0,5.0,7.0,0.714,2.0,2.0,1.0,3.0,5.0,0.6,0.857,1.0,2.0,0.5,0.0,6.0,6.0,1.0,2.0,0.0,3.0,2.0,13.0,0.0,14.2,0.825,0.286,0.286,0.0,22.7,11.3,5.0,3.2,0.0,27.6,15.6,0.0,0.0,0.1,0.083,-2.9,1.0,-1.9,0.0,0.0,2023
302,Cody Zeller,14.5,2.5,3.9,0.627,0.0,0.1,0.0,2.5,3.8,0.649,0.627,1.6,2.3,0.686,1.7,2.6,4.3,0.7,0.2,0.3,0.9,2.2,6.5,0.0,0.0,1000.0,0.0,0.0,0.0,0.0,0.0,0.0,0.0,0.0,0.0,0.0,0.0,0.0,0.0,15.0,2.0,217.0,37.0,59.0,0.627,0.0,2.0,0.0,37.0,57.0,0.649,0.627,24.0,35.0,0.686,25.0,39.0,64.0,10.0,3.0,4.0,14.0,33.0,98.0,0.0,16.4,0.659,0.034,0.593,13.0,21.8,17.3,7.2,0.7,1.9,15.8,18.1,0.4,0.3,0.7,0.147,-2.0,-0.7,-2.8,0.0,0.0,2023
303,Dario Šarić,14.1,2.2,4.9,0.458,0.8,2.0,0.391,1.4,2.8,0.506,0.54,1.1,1.3,0.829,0.9,2.7,3.6,1.3,0.4,0.1,1.0,1.7,6.4,0.0,0.0,1000.0,0.0,0.0,0.0,0.0,0.0,0.0,0.0,0.0,0.0,0.0,0.0,0.0,0.0,57.0,12.0,806.0,127.0,277.0,0.458,45.0,115.0,0.391,82.0,162.0,0.506,0.54,63.0,76.0,0.829,53.0,154.0,207.0,74.0,20.0,7.0,55.0,99.0,362.0,0.0,13.5,0.583,0.415,0.274,7.1,21.4,14.1,12.7,1.2,0.8,15.1,19.2,0.7,1.0,1.7,0.099,-1.5,0.1,-1.4,0.1,0.0,2023
304,R.J. Hampton,16.0,2.2,5.0,0.43,0.9,2.5,0.353,1.3,2.6,0.504,0.517,1.2,1.6,0.75,0.4,1.5,1.9,1.1,0.6,0.2,0.9,1.1,6.4,0.0,0.0,1000.0,0.0,0.0,0.0,0.0,0.0,0.0,0.0,0.0,0.0,0.0,0.0,0.0,0.0,47.0,3.0,750.0,102.0,237.0,0.43,41.0,116.0,0.353,61.0,121.0,0.504,0.517,57.0,76.0,0.75,18.0,69.0,87.0,54.0,27.0,9.0,42.0,51.0,302.0,0.0,10.8,0.558,0.489,0.321,2.6,10.5,6.5,10.4,1.7,1.1,13.4,17.8,0.1,0.5,0.7,0.042,-2.3,-0.6,-2.9,-0.2,0.0,2023
305,JaMychal Green,14.0,2.4,4.4,0.54,0.7,1.9,0.378,1.6,2.5,0.667,0.623,0.9,1.2,0.776,1.3,2.3,3.6,0.9,0.4,0.4,0.9,1.8,6.4,0.0,0.0,1000.0,0.0,0.0,0.0,0.0,0.0,0.0,0.0,0.0,0.0,0.0,0.0,0.0,0.0,57.0,1.0,797.0,136.0,252.0,0.54,42.0,111.0,0.378,94.0,141.0,0.667,0.623,52.0,67.0,0.776,72.0,133.0,205.0,51.0,25.0,23.0,52.0,105.0,366.0,0.0,15.5,0.65,0.44,0.266,10.1,18.0,14.1,8.9,1.5,2.5,15.6,17.5,1.2,1.0,2.2,0.133,-0.7,0.2,-0.5,0.3,0.0,2023
306,Sam Hauser,16.1,2.3,5.0,0.455,1.8,4.2,0.418,0.5,0.8,0.656,0.631,0.2,0.2,0.706,0.4,2.1,2.6,0.9,0.4,0.3,0.4,1.2,6.4,0.0,0.0,1000.0,0.0,0.0,0.0,0.0,0.0,0.0,0.0,0.0,0.0,0.0,0.0,0.0,0.0,80.0,8.0,1290.0,180.0,396.0,0.455,140.0,335.0,0.418,40.0,61.0,0.656,0.631,12.0,17.0,0.706,35.0,169.0,204.0,71.0,29.0,21.0,30.0,99.0,512.0,0.0,12.7,0.634,0.846,0.043,3.0,14.1,8.6,7.6,1.1,1.4,6.9,14.7,1.8,1.6,3.4,0.128,0.6,0.4,1.0,1.0,0.0,2023
307,Isaac Okoro,21.7,2.3,4.7,0.494,0.8,2.3,0.363,1.5,2.4,0.617,0.582,1.0,1.4,0.757,0.7,1.8,2.5,1.1,0.7,0.4,0.6,2.1,6.4,0.0,0.0,1000.0,0.0,0.0,0.0,0.0,0.0,0.0,0.0,0.0,0.0,0.0,0.0,0.0,0.0,76.0,46.0,1652.0,175.0,354.0,0.494,62.0,171.0,0.363,113.0,183.0,0.617,0.582,78.0,103.0,0.757,52.0,135.0,187.0,87.0,56.0,30.0,42.0,158.0,490.0,0.0,10.7,0.614,0.483,0.291,3.7,9.6,6.7,7.0,1.7,1.7,9.5,11.9,1.9,2.3,4.2,0.122,-1.9,1.6,-0.3,0.7,0.0,2023
308,Duncan Robinson,16.5,2.1,5.6,0.371,1.5,4.6,0.328,0.6,1.1,0.556,0.504,0.7,0.8,0.906,0.2,1.5,1.6,1.1,0.3,0.0,0.7,1.8,6.4,0.0,0.0,1000.0,0.0,0.0,0.0,0.0,0.0,0.0,0.0,0.0,0.0,0.0,0.0,0.0,0.0,42.0,1.0,691.0,88.0,237.0,0.371,63.0,192.0,0.328,25.0,45.0,0.556,0.504,29.0,32.0,0.906,8.0,61.0,69.0,46.0,14.0,0.0,28.0,77.0,268.0,0.0,7.8,0.534,0.81,0.135,1.3,10.7,5.9,9.7,1.0,0.0,10.0,17.9,-0.1,0.6,0.5,0.035,-3.5,-1.5,-5.0,-0.5,0.0,2023
309,Goran Dragić,15.0,2.4,5.8,0.421,0.9,2.5,0.359,1.5,3.3,0.468,0.499,0.5,0.8,0.689,0.3,1.1,1.4,2.6,0.2,0.1,1.1,1.1,6.3,0.0,0.0,1000.0,0.0,0.0,0.0,0.0,0.0,0.0,0.0,0.0,0.0,0.0,0.0,0.0,0.0,58.0,0.0,870.0,141.0,335.0,0.421,52.0,145.0,0.359,89.0,190.0,0.468,0.499,31.0,45.0,0.689,16.0,65.0,81.0,151.0,13.0,4.0,63.0,65.0,365.0,0.0,10.3,0.514,0.433,0.134,2.1,8.2,5.2,24.3,0.7,0.4,15.1,21.1,-0.3,0.7,0.4,0.025,-2.1,-1.8,-3.9,-0.4,0.0,2023
310,Simone Fontecchio,14.7,2.2,6.0,0.369,1.2,3.7,0.33,1.0,2.3,0.43,0.47,0.7,0.8,0.795,0.6,1.1,1.7,0.8,0.3,0.2,0.8,1.2,6.3,0.0,0.0,1000.0,0.0,0.0,0.0,0.0,0.0,0.0,0.0,0.0,0.0,0.0,0.0,0.0,0.0,52.0,6.0,766.0,115.0,312.0,0.369,63.0,191.0,0.33,52.0,121.0,0.43,0.47,35.0,44.0,0.795,31.0,55.0,86.0,42.0,15.0,8.0,39.0,62.0,328.0,0.0,8.0,0.495,0.612,0.141,4.4,7.7,6.1,7.5,0.9,0.9,10.5,20.2,-0.4,0.3,-0.1,-0.004,-3.0,-2.1,-5.2,-0.6,0.0,2023
311,Patrick Beverley,27.1,2.1,5.4,0.4,1.2,3.6,0.335,1.0,1.8,0.529,0.511,0.7,1.0,0.723,0.7,3.0,3.7,2.9,0.9,0.6,0.9,2.8,6.2,0.0,0.0,1000.0,0.0,0.0,0.0,0.0,0.0,0.0,0.0,0.0,0.0,0.0,0.0,0.0,0.0,67.0,67.0,1816.0,144.0,360.0,0.4,80.0,239.0,0.335,64.0,121.0,0.529,0.511,47.0,65.0,0.723,44.0,203.0,247.0,194.0,63.0,41.0,60.0,187.0,415.0,0.0,8.9,0.534,0.664,0.181,2.7,12.0,7.5,13.3,1.7,2.0,13.4,10.6,0.8,2.1,3.0,0.079,-2.9,1.7,-1.2,0.3,0.0,2023
312,Nickeil Alexander-Walker,15.0,2.2,5.0,0.444,1.0,2.7,0.384,1.2,2.3,0.515,0.547,0.7,1.0,0.667,0.3,1.5,1.7,1.8,0.5,0.4,0.9,1.5,6.2,0.0,0.0,1000.0,0.0,0.0,0.0,0.0,0.0,0.0,0.0,0.0,0.0,0.0,0.0,0.0,0.0,59.0,3.0,884.0,131.0,295.0,0.444,61.0,159.0,0.384,70.0,136.0,0.515,0.547,40.0,60.0,0.667,15.0,86.0,101.0,108.0,32.0,21.0,55.0,88.0,363.0,0.0,11.6,0.565,0.539,0.203,1.9,10.5,6.3,16.7,1.7,2.0,14.6,17.9,0.3,0.8,1.1,0.062,-1.4,0.4,-0.9,0.2,0.0,2023
313,Jared Butler,12.8,2.5,5.3,0.469,1.2,2.3,0.5,1.3,3.0,0.444,0.578,0.0,0.0,0.0,0.2,0.5,0.7,1.3,0.8,0.0,0.8,0.8,6.2,0.0,0.0,1000.0,0.0,0.0,0.0,0.0,0.0,0.0,0.0,0.0,0.0,0.0,0.0,0.0,0.0,6.0,1.0,77.0,15.0,32.0,0.469,7.0,14.0,0.5,8.0,18.0,0.444,0.578,0.0,0.0,0.0,1.0,3.0,4.0,8.0,5.0,0.0,5.0,5.0,37.0,0.0,13.0,0.578,0.438,0.0,1.4,4.3,2.8,15.0,3.1,0.0,13.5,20.1,0.0,0.1,0.1,0.061,-2.2,-0.4,-2.6,0.0,0.0,2023
314,Quenton Jackson,15.0,2.1,4.7,0.452,0.1,1.3,0.083,2.0,3.3,0.6,0.464,1.9,2.4,0.773,0.2,0.7,0.9,1.7,0.4,0.1,0.4,1.1,6.2,0.0,0.0,1000.0,0.0,0.0,0.0,0.0,0.0,0.0,0.0,0.0,0.0,0.0,0.0,0.0,0.0,9.0,0.0,135.0,19.0,42.0,0.452,1.0,12.0,0.083,18.0,30.0,0.6,0.464,17.0,22.0,0.773,2.0,6.0,8.0,15.0,4.0,1.0,4.0,10.0,56.0,0.0,12.2,0.542,0.286,0.524,1.7,4.8,3.3,15.1,1.4,0.6,7.2,17.9,0.1,0.1,0.2,0.078,-3.7,-1.5,-5.1,-0.1,0.0,2023
315,Patty Mills,14.2,2.2,5.2,0.411,1.2,3.4,0.366,0.9,1.9,0.493,0.529,0.6,0.8,0.833,0.2,0.9,1.1,1.4,0.4,0.1,0.8,0.8,6.2,0.0,0.0,1000.0,0.0,0.0,0.0,0.0,0.0,0.0,0.0,0.0,0.0,0.0,0.0,0.0,0.0,40.0,2.0,567.0,86.0,209.0,0.411,49.0,134.0,0.366,37.0,75.0,0.493,0.529,25.0,30.0,0.833,8.0,36.0,44.0,56.0,15.0,3.0,30.0,32.0,246.0,0.0,10.6,0.554,0.641,0.144,1.6,7.0,4.4,13.9,1.3,0.5,11.9,19.7,0.0,0.4,0.4,0.035,-1.4,-1.7,-3.1,-0.2,0.0,2023
316,Sandro Mamukelashvili,15.3,2.3,5.3,0.422,0.7,2.3,0.303,1.6,3.0,0.511,0.487,0.9,1.3,0.684,1.6,2.7,4.3,1.4,0.3,0.3,0.8,1.2,6.1,0.0,0.0,1000.0,0.0,0.0,0.0,0.0,0.0,0.0,0.0,0.0,0.0,0.0,0.0,0.0,0.0,43.0,7.0,660.0,97.0,230.0,0.422,30.0,99.0,0.303,67.0,131.0,0.511,0.487,39.0,57.0,0.684,70.0,115.0,185.0,62.0,14.0,12.0,35.0,52.0,263.0,0.0,13.4,0.516,0.43,0.248,11.2,19.0,15.1,12.8,1.0,1.5,12.1,18.2,0.4,0.5,0.9,0.063,-1.1,-1.3,-2.4,-0.1,0.0,2023
317,Mike Muscala,15.0,2.1,4.6,0.449,1.3,3.3,0.391,0.8,1.3,0.588,0.587,0.6,0.8,0.769,0.6,2.6,3.2,0.8,0.2,0.4,0.4,1.6,6.1,0.0,0.0,1000.0,0.0,0.0,0.0,0.0,0.0,0.0,0.0,0.0,0.0,0.0,0.0,0.0,0.0,63.0,9.0,945.0,131.0,292.0,0.449,81.0,207.0,0.391,50.0,85.0,0.588,0.587,40.0,52.0,0.769,37.0,166.0,203.0,50.0,15.0,24.0,23.0,98.0,383.0,0.0,13.0,0.608,0.709,0.178,4.2,19.1,11.6,7.1,0.8,2.3,6.8,15.1,1.4,1.1,2.5,0.128,-0.3,-0.1,-0.4,0.4,0.0,2023
318,Nicolas Batum,21.9,2.1,4.9,0.42,1.6,4.1,0.391,0.5,0.8,0.563,0.583,0.4,0.6,0.708,0.8,3.0,3.8,1.6,0.7,0.6,0.6,1.9,6.1,0.0,0.0,1000.0,0.0,0.0,0.0,0.0,0.0,0.0,0.0,0.0,0.0,0.0,0.0,0.0,0.0,78.0,19.0,1709.0,160.0,381.0,0.42,124.0,317.0,0.391,36.0,64.0,0.563,0.583,34.0,48.0,0.708,62.0,237.0,299.0,121.0,54.0,44.0,50.0,149.0,478.0,0.0,11.0,0.594,0.832,0.126,4.1,15.4,9.8,9.4,1.5,2.3,11.1,11.5,1.7,1.9,3.6,0.101,-0.8,1.2,0.5,1.0,0.0,2023
319,Oshae Brissett,16.7,1.9,4.9,0.386,0.7,2.4,0.31,1.2,2.5,0.457,0.461,1.6,2.2,0.717,1.0,2.4,3.4,0.7,0.5,0.2,0.5,1.2,6.1,0.0,0.0,1000.0,0.0,0.0,0.0,0.0,0.0,0.0,0.0,0.0,0.0,0.0,0.0,0.0,0.0,65.0,2.0,1083.0,123.0,319.0,0.386,48.0,155.0,0.31,75.0,164.0,0.457,0.461,104.0,145.0,0.717,62.0,156.0,218.0,44.0,33.0,13.0,34.0,79.0,398.0,0.0,10.6,0.52,0.486,0.455,6.4,16.0,11.2,5.4,1.4,1.0,8.2,16.1,0.4,0.7,1.1,0.05,-2.0,-1.2,-3.2,-0.3,0.0,2023
320,Evan Fournier,17.0,2.1,6.1,0.337,1.3,4.2,0.307,0.8,1.9,0.404,0.443,0.7,0.8,0.857,0.1,1.7,1.8,1.3,0.6,0.1,0.8,1.7,6.1,0.0,0.0,1000.0,0.0,0.0,0.0,0.0,0.0,0.0,0.0,0.0,0.0,0.0,0.0,0.0,0.0,27.0,7.0,459.0,56.0,166.0,0.337,35.0,114.0,0.307,21.0,52.0,0.404,0.443,18.0,21.0,0.857,4.0,45.0,49.0,36.0,16.0,3.0,22.0,46.0,165.0,0.0,6.9,0.471,0.687,0.127,1.0,10.8,5.9,10.6,1.7,0.6,11.2,18.4,-0.3,0.4,0.1,0.01,-4.0,0.0,-4.0,-0.2,0.0,2023
321,Saben Lee,14.9,2.0,4.8,0.405,0.4,1.2,0.367,1.5,3.6,0.418,0.45,1.7,2.3,0.737,0.5,1.3,1.8,2.7,0.8,0.0,1.0,1.3,6.0,0.0,0.0,1000.0,0.0,0.0,0.0,0.0,0.0,0.0,0.0,0.0,0.0,0.0,0.0,0.0,0.0,25.0,1.0,373.0,49.0,121.0,0.405,11.0,30.0,0.367,38.0,91.0,0.418,0.45,42.0,57.0,0.737,13.0,32.0,45.0,67.0,19.0,1.0,24.0,32.0,151.0,0.0,13.1,0.517,0.248,0.471,3.8,9.7,6.7,24.3,2.5,0.2,14.1,19.5,0.2,0.4,0.7,0.088,-2.7,0.9,-1.8,0.0,0.0,2023
322,Robert Covington,16.2,2.1,4.8,0.445,1.1,2.8,0.397,1.0,1.9,0.516,0.563,0.6,0.8,0.75,0.6,2.8,3.5,1.2,0.8,0.7,0.7,1.8,6.0,0.0,0.0,1000.0,0.0,0.0,0.0,0.0,0.0,0.0,0.0,0.0,0.0,0.0,0.0,0.0,0.0,48.0,0.0,779.0,102.0,229.0,0.445,54.0,136.0,0.397,48.0,93.0,0.516,0.563,30.0,40.0,0.75,31.0,135.0,166.0,57.0,38.0,33.0,32.0,86.0,288.0,0.0,14.2,0.584,0.594,0.175,4.5,19.2,11.9,10.2,2.4,3.7,11.5,15.6,0.7,1.2,1.9,0.117,-0.5,2.1,1.7,0.7,0.0,2023
323,Andre Drummond,12.7,2.5,4.1,0.606,0.0,0.0,0.0,2.5,4.0,0.613,0.606,1.0,1.9,0.536,2.1,4.6,6.6,0.5,0.7,0.4,1.1,1.7,6.0,0.0,0.0,1000.0,0.0,0.0,0.0,0.0,0.0,0.0,0.0,0.0,0.0,0.0,0.0,0.0,0.0,67.0,0.0,849.0,166.0,274.0,0.606,0.0,3.0,0.0,166.0,271.0,0.613,0.606,67.0,125.0,0.536,138.0,306.0,444.0,33.0,45.0,27.0,75.0,117.0,399.0,0.0,20.8,0.606,0.011,0.456,18.7,40.2,29.6,5.7,2.6,3.1,18.6,21.0,0.8,2.0,2.8,0.159,-1.2,0.5,-0.8,0.3,0.0,2023
324,Maxi Kleber,25.1,2.1,4.6,0.456,1.1,3.0,0.348,1.0,1.5,0.667,0.571,0.7,1.0,0.711,0.8,2.8,3.6,1.4,0.3,0.8,0.7,2.3,5.9,0.0,0.0,1000.0,0.0,0.0,0.0,0.0,0.0,0.0,0.0,0.0,0.0,0.0,0.0,0.0,0.0,37.0,5.0,930.0,77.0,169.0,0.456,39.0,112.0,0.348,38.0,57.0,0.667,0.571,27.0,38.0,0.711,30.0,105.0,135.0,52.0,12.0,30.0,27.0,85.0,220.0,0.0,8.7,0.592,0.663,0.225,3.7,13.3,8.4,7.5,0.6,2.9,12.7,10.3,0.7,0.6,1.3,0.067,-2.2,0.0,-2.2,0.0,0.0,2023
325,Jaylin Williams,18.7,2.1,4.8,0.436,0.9,2.3,0.407,1.1,2.5,0.463,0.534,0.8,1.1,0.704,0.9,4.0,4.9,1.6,0.6,0.2,0.8,2.3,5.9,0.0,0.0,1000.0,0.0,0.0,0.0,0.0,0.0,0.0,0.0,0.0,0.0,0.0,0.0,0.0,0.0,49.0,36.0,914.0,102.0,234.0,0.436,46.0,113.0,0.407,56.0,121.0,0.463,0.534,38.0,54.0,0.704,44.0,197.0,241.0,76.0,28.0,12.0,37.0,111.0,288.0,0.0,11.2,0.559,0.483,0.231,5.1,23.6,14.1,10.7,1.5,1.2,12.6,13.5,0.7,1.2,1.9,0.099,-2.3,0.6,-1.7,0.1,0.0,2023
326,Josh Christopher,12.3,2.4,5.1,0.465,0.3,1.4,0.236,2.1,3.8,0.55,0.497,0.7,0.9,0.75,0.3,0.8,1.1,1.1,0.5,0.2,0.9,0.9,5.8,0.0,0.0,1000.0,0.0,0.0,0.0,0.0,0.0,0.0,0.0,0.0,0.0,0.0,0.0,0.0,0.0,64.0,2.0,786.0,153.0,329.0,0.465,21.0,89.0,0.236,132.0,240.0,0.55,0.497,45.0,60.0,0.75,20.0,51.0,71.0,73.0,33.0,15.0,60.0,59.0,372.0,0.0,11.5,0.523,0.271,0.182,2.8,7.2,5.0,14.3,2.0,1.9,14.4,21.9,-0.3,0.3,0.0,-0.001,-3.0,-1.4,-4.3,-0.5,0.0,2023
327,Johnny Davis,15.1,2.4,6.1,0.386,0.6,2.5,0.243,1.8,3.6,0.485,0.436,0.5,1.0,0.519,0.4,2.0,2.3,1.0,0.4,0.3,0.6,1.7,5.8,0.0,0.0,1000.0,0.0,0.0,0.0,0.0,0.0,0.0,0.0,0.0,0.0,0.0,0.0,0.0,0.0,28.0,5.0,423.0,66.0,171.0,0.386,17.0,70.0,0.243,49.0,101.0,0.485,0.436,14.0,27.0,0.519,10.0,55.0,65.0,28.0,10.0,8.0,17.0,48.0,163.0,0.0,7.2,0.446,0.409,0.158,2.7,13.9,8.5,9.2,1.2,1.6,8.5,20.5,-0.6,0.3,-0.3,-0.033,-5.8,-1.7,-7.4,-0.6,0.0,2023
328,Stanley Johnson,15.6,2.2,4.1,0.533,0.6,1.3,0.45,1.6,2.7,0.573,0.607,0.9,1.3,0.667,0.7,2.4,3.2,2.2,0.5,0.2,1.1,1.6,5.8,0.0,0.0,1000.0,0.0,0.0,0.0,0.0,0.0,0.0,0.0,0.0,0.0,0.0,0.0,0.0,0.0,30.0,0.0,469.0,65.0,122.0,0.533,18.0,40.0,0.45,47.0,82.0,0.573,0.607,26.0,39.0,0.667,22.0,73.0,95.0,67.0,16.0,6.0,33.0,48.0,174.0,0.0,13.5,0.625,0.328,0.32,4.9,17.7,11.1,19.0,1.6,1.1,19.2,15.2,0.5,0.3,0.7,0.076,-0.8,-0.2,-1.0,0.1,0.0,2023
329,Charles Bassey,14.5,2.5,3.9,0.644,0.1,0.2,0.375,2.4,3.6,0.661,0.656,0.6,1.1,0.595,2.1,3.4,5.5,1.4,0.5,0.9,1.2,2.1,5.7,0.0,0.0,1000.0,0.0,0.0,0.0,0.0,0.0,0.0,0.0,0.0,0.0,0.0,0.0,0.0,0.0,35.0,2.0,508.0,87.0,135.0,0.644,3.0,8.0,0.375,84.0,127.0,0.661,0.656,22.0,37.0,0.595,75.0,118.0,193.0,48.0,16.0,33.0,41.0,74.0,199.0,0.0,18.8,0.658,0.059,0.274,15.5,26.4,20.7,12.9,1.5,5.4,21.3,15.6,0.7,0.6,1.3,0.122,-0.6,1.3,0.7,0.3,0.0,2023
330,Rodney McGruder,16.4,1.9,4.8,0.408,1.3,3.0,0.423,0.7,1.7,0.382,0.543,0.6,0.7,0.818,0.6,1.7,2.3,0.9,0.5,0.0,0.3,1.2,5.7,0.0,0.0,1000.0,0.0,0.0,0.0,0.0,0.0,0.0,0.0,0.0,0.0,0.0,0.0,0.0,0.0,32.0,12.0,524.0,62.0,152.0,0.408,41.0,97.0,0.423,21.0,55.0,0.382,0.543,18.0,22.0,0.818,20.0,54.0,74.0,28.0,16.0,1.0,11.0,39.0,183.0,0.0,10.7,0.566,0.638,0.145,4.1,11.8,7.8,7.6,1.5,0.2,6.4,14.0,0.5,0.2,0.7,0.068,-0.8,-0.7,-1.5,0.1,0.0,2023
331,Ziaire Williams,15.2,2.3,5.3,0.429,0.7,2.6,0.258,1.6,2.7,0.596,0.492,0.5,0.6,0.773,0.4,1.7,2.1,0.9,0.4,0.2,1.0,1.6,5.7,0.0,0.0,1000.0,0.0,0.0,0.0,0.0,0.0,0.0,0.0,0.0,0.0,0.0,0.0,0.0,0.0,37.0,4.0,561.0,84.0,196.0,0.429,25.0,97.0,0.258,59.0,99.0,0.596,0.492,17.0,22.0,0.773,16.0,63.0,79.0,35.0,14.0,6.0,37.0,58.0,210.0,0.0,7.4,0.511,0.495,0.112,3.0,11.9,7.5,8.2,1.2,1.0,15.2,18.0,-0.5,0.6,0.1,0.011,-4.7,-0.8,-5.6,-0.5,0.0,2023
332,James Bouknight,15.1,2.0,5.7,0.358,1.0,3.2,0.303,1.1,2.5,0.429,0.443,0.6,0.9,0.667,0.2,1.9,2.1,1.2,0.4,0.1,0.9,1.4,5.6,0.0,0.0,1000.0,0.0,0.0,0.0,0.0,0.0,0.0,0.0,0.0,0.0,0.0,0.0,0.0,0.0,34.0,0.0,515.0,69.0,193.0,0.358,33.0,109.0,0.303,36.0,84.0,0.429,0.443,20.0,30.0,0.667,8.0,64.0,72.0,41.0,14.0,5.0,32.0,49.0,191.0,0.0,6.2,0.463,0.565,0.155,1.6,13.5,7.5,11.1,1.3,0.8,13.4,19.5,-0.8,0.4,-0.4,-0.04,-5.4,-1.1,-6.5,-0.6,0.0,2023
333,Alex Caruso,23.5,1.9,4.3,0.455,0.8,2.3,0.364,1.1,2.0,0.556,0.551,0.9,1.1,0.808,0.6,2.3,2.9,2.9,1.5,0.7,1.1,2.4,5.6,0.0,0.0,1000.0,0.0,0.0,0.0,0.0,0.0,0.0,0.0,0.0,0.0,0.0,0.0,0.0,0.0,67.0,36.0,1575.0,130.0,286.0,0.455,55.0,151.0,0.364,75.0,135.0,0.556,0.551,59.0,73.0,0.808,42.0,154.0,196.0,193.0,98.0,46.0,77.0,159.0,374.0,0.0,11.5,0.588,0.528,0.255,3.1,10.9,7.1,15.4,3.0,2.8,19.5,11.1,1.0,2.6,3.6,0.109,-2.2,3.3,1.1,1.2,0.0,2023
334,Montrezl Harrell,11.9,2.2,3.7,0.598,0.0,0.1,0.0,2.2,3.6,0.616,0.598,1.2,1.8,0.693,1.2,1.6,2.8,0.6,0.3,0.4,0.6,1.3,5.6,0.0,0.0,1000.0,0.0,0.0,0.0,0.0,0.0,0.0,0.0,0.0,0.0,0.0,0.0,0.0,0.0,57.0,7.0,681.0,125.0,209.0,0.598,0.0,6.0,0.0,125.0,203.0,0.616,0.598,70.0,101.0,0.693,67.0,92.0,159.0,33.0,17.0,25.0,35.0,75.0,320.0,0.0,17.6,0.631,0.029,0.483,11.8,15.7,13.8,7.4,1.2,3.4,12.1,18.9,1.3,0.8,2.2,0.153,-0.9,-0.4,-1.3,0.1,0.0,2023
335,Jalen Johnson,14.9,2.3,4.6,0.491,0.4,1.5,0.288,1.8,3.1,0.587,0.537,0.7,1.1,0.628,0.7,3.3,4.0,1.2,0.5,0.5,0.6,1.6,5.6,0.0,0.0,1000.0,0.0,0.0,0.0,0.0,0.0,0.0,0.0,0.0,0.0,0.0,0.0,0.0,0.0,70.0,6.0,1042.0,158.0,322.0,0.491,30.0,104.0,0.288,128.0,218.0,0.587,0.537,49.0,78.0,0.628,51.0,231.0,282.0,83.0,38.0,34.0,41.0,113.0,395.0,0.0,14.1,0.554,0.323,0.242,5.3,24.6,14.8,10.4,1.7,2.8,10.3,16.0,0.8,1.3,2.1,0.099,-1.2,1.5,0.3,0.6,0.0,2023
336,Davion Mitchell,18.1,2.3,5.0,0.454,0.8,2.5,0.32,1.5,2.5,0.584,0.533,0.3,0.4,0.806,0.2,1.1,1.3,2.3,0.6,0.2,0.8,1.4,5.6,0.0,0.0,1000.0,0.0,0.0,0.0,0.0,0.0,0.0,0.0,0.0,0.0,0.0,0.0,0.0,0.0,80.0,9.0,1447.0,181.0,399.0,0.454,63.0,197.0,0.32,118.0,202.0,0.584,0.533,25.0,31.0,0.806,16.0,89.0,105.0,185.0,44.0,15.0,62.0,112.0,450.0,0.0,9.4,0.545,0.494,0.078,1.3,7.0,4.1,16.5,1.5,0.9,13.1,14.1,0.7,0.8,1.5,0.05,-2.4,-0.4,-2.8,-0.3,0.0,2023
337,Payton Pritchard,13.4,2.1,5.1,0.412,1.2,3.2,0.364,0.9,1.9,0.495,0.527,0.3,0.3,0.75,0.5,1.3,1.8,1.3,0.3,0.0,0.8,0.8,5.6,0.0,0.0,1000.0,0.0,0.0,0.0,0.0,0.0,0.0,0.0,0.0,0.0,0.0,0.0,0.0,0.0,48.0,3.0,643.0,101.0,245.0,0.412,56.0,154.0,0.364,45.0,91.0,0.495,0.527,12.0,16.0,0.75,25.0,63.0,88.0,64.0,14.0,1.0,40.0,37.0,270.0,1.0,10.3,0.536,0.629,0.065,4.3,10.5,7.5,14.0,1.1,0.1,13.7,19.8,-0.1,0.7,0.6,0.045,-2.1,-1.2,-3.4,-0.2,0.0,2023
338,Derrick Rose,12.5,2.3,5.9,0.384,0.7,2.3,0.302,1.6,3.6,0.438,0.443,0.4,0.4,0.917,0.3,1.2,1.5,1.7,0.3,0.2,0.8,0.7,5.6,0.0,0.0,1000.0,0.0,0.0,0.0,0.0,0.0,0.0,0.0,0.0,0.0,0.0,0.0,0.0,0.0,27.0,0.0,338.0,61.0,159.0,0.384,19.0,63.0,0.302,42.0,96.0,0.438,0.443,11.0,12.0,0.917,8.0,32.0,40.0,46.0,7.0,5.0,22.0,18.0,152.0,0.0,10.1,0.463,0.396,0.075,2.6,10.4,6.5,19.9,1.0,1.4,11.8,23.6,-0.3,0.3,0.0,-0.001,-2.2,-1.5,-3.7,-0.1,0.0,2023
339,Yuta Watanabe,16.0,2.0,4.0,0.491,1.0,2.3,0.444,0.9,1.7,0.557,0.621,0.6,0.8,0.723,0.5,1.9,2.4,0.8,0.4,0.3,0.4,1.4,5.6,0.0,0.0,1000.0,0.0,0.0,0.0,0.0,0.0,0.0,0.0,0.0,0.0,0.0,0.0,0.0,0.0,58.0,1.0,928.0,114.0,232.0,0.491,60.0,135.0,0.444,54.0,97.0,0.557,0.621,34.0,47.0,0.723,30.0,111.0,141.0,48.0,25.0,17.0,22.0,80.0,322.0,0.0,12.1,0.637,0.582,0.203,3.7,13.1,8.5,7.0,1.3,1.6,8.0,13.1,1.3,0.9,2.1,0.111,-0.4,-0.2,-0.6,0.3,0.0,2023
340,Danny Green,12.5,2.0,4.5,0.449,1.5,3.4,0.432,0.5,1.1,0.5,0.612,0.1,0.1,1.0,0.3,1.0,1.3,0.5,0.5,0.3,0.9,1.5,5.5,0.0,0.0,1000.0,0.0,0.0,0.0,0.0,0.0,0.0,0.0,0.0,0.0,0.0,0.0,0.0,0.0,11.0,0.0,138.0,22.0,49.0,0.449,16.0,37.0,0.432,6.0,12.0,0.5,0.612,1.0,1.0,1.0,3.0,11.0,14.0,6.0,6.0,3.0,10.0,16.0,61.0,0.0,10.8,0.617,0.755,0.02,2.5,9.1,5.8,6.1,2.2,2.0,16.8,18.9,0.0,0.2,0.2,0.059,-2.1,0.2,-1.9,0.0,0.0,2023
341,Jarrell Brantley,9.8,2.0,3.5,0.571,1.0,2.3,0.444,1.0,1.3,0.8,0.714,0.5,0.5,1.0,0.3,1.3,1.5,0.8,0.0,0.5,0.5,0.8,5.5,0.0,0.0,1000.0,0.0,0.0,0.0,0.0,0.0,0.0,0.0,0.0,0.0,0.0,0.0,0.0,0.0,4.0,0.0,39.0,8.0,14.0,0.571,4.0,9.0,0.444,4.0,5.0,0.8,0.714,2.0,2.0,1.0,1.0,5.0,6.0,3.0,0.0,2.0,2.0,3.0,22.0,0.0,18.5,0.739,0.643,0.143,2.8,13.7,8.3,11.4,0.0,4.3,11.8,18.1,0.1,0.0,0.1,0.16,3.1,0.4,3.5,0.1,0.0,2023
342,Wenyen Gabriel,15.1,2.3,3.8,0.596,0.1,0.5,0.278,2.1,3.3,0.647,0.615,0.8,1.2,0.619,1.7,2.5,4.2,0.5,0.4,0.5,0.7,2.1,5.5,0.0,0.0,1000.0,0.0,0.0,0.0,0.0,0.0,0.0,0.0,0.0,0.0,0.0,0.0,0.0,0.0,68.0,2.0,1024.0,155.0,260.0,0.596,10.0,36.0,0.278,145.0,224.0,0.647,0.615,52.0,84.0,0.619,116.0,170.0,286.0,36.0,26.0,35.0,46.0,144.0,372.0,0.0,14.4,0.626,0.138,0.323,12.6,17.2,15.0,4.8,1.2,2.9,13.4,14.1,1.5,1.3,2.8,0.132,-2.3,0.1,-2.2,-0.1,0.0,2023
343,Nikola Jović,13.6,1.9,4.6,0.406,0.5,2.3,0.229,1.3,2.3,0.588,0.464,1.2,1.3,0.947,0.6,1.5,2.1,0.7,0.5,0.1,0.7,1.3,5.5,0.0,0.0,1000.0,0.0,0.0,0.0,0.0,0.0,0.0,0.0,0.0,0.0,0.0,0.0,0.0,0.0,15.0,8.0,204.0,28.0,69.0,0.406,8.0,35.0,0.229,20.0,34.0,0.588,0.464,18.0,19.0,0.947,9.0,22.0,31.0,10.0,7.0,2.0,10.0,19.0,82.0,0.0,10.6,0.53,0.507,0.275,5.0,13.1,8.9,7.3,1.7,1.0,11.4,19.0,0.0,0.2,0.2,0.053,-3.4,0.0,-3.4,-0.1,0.0,2023
344,Otto Porter Jr.,18.3,1.9,3.8,0.5,0.8,2.1,0.353,1.1,1.6,0.692,0.6,1.0,1.0,1.0,0.8,1.6,2.4,1.0,1.4,0.0,0.5,0.9,5.5,0.0,0.0,1000.0,0.0,0.0,0.0,0.0,0.0,0.0,0.0,0.0,0.0,0.0,0.0,0.0,0.0,8.0,2.0,146.0,15.0,30.0,0.5,6.0,17.0,0.353,9.0,13.0,0.692,0.6,8.0,8.0,1.0,6.0,13.0,19.0,8.0,11.0,0.0,4.0,7.0,44.0,0.0,14.0,0.656,0.567,0.267,4.3,10.9,7.4,7.2,3.7,0.0,10.7,11.0,0.2,0.2,0.4,0.142,-1.3,2.0,0.7,0.1,0.0,2023
345,Jamal Cain,13.3,2.1,3.7,0.561,0.4,1.1,0.35,1.7,2.6,0.652,0.614,0.9,1.2,0.773,0.8,2.1,2.9,0.7,0.6,0.1,0.3,1.2,5.4,0.0,0.0,1000.0,0.0,0.0,0.0,0.0,0.0,0.0,0.0,0.0,0.0,0.0,0.0,0.0,0.0,18.0,0.0,240.0,37.0,66.0,0.561,7.0,20.0,0.35,30.0,46.0,0.652,0.614,17.0,22.0,0.773,15.0,37.0,52.0,12.0,11.0,1.0,6.0,21.0,98.0,0.0,16.5,0.647,0.303,0.333,7.1,18.7,12.7,7.6,2.3,0.4,7.3,15.1,0.5,0.3,0.8,0.169,-0.5,1.3,0.8,0.2,0.0,2023
346,Bryce McGowens,17.1,1.7,4.4,0.396,0.6,1.7,0.325,1.2,2.7,0.443,0.46,1.3,1.7,0.75,0.4,1.6,2.0,1.2,0.3,0.1,0.9,1.0,5.3,0.0,0.0,1000.0,0.0,0.0,0.0,0.0,0.0,0.0,0.0,0.0,0.0,0.0,0.0,0.0,0.0,46.0,7.0,787.0,80.0,202.0,0.396,26.0,80.0,0.325,54.0,122.0,0.443,0.46,60.0,80.0,0.75,20.0,73.0,93.0,54.0,15.0,6.0,43.0,48.0,246.0,0.0,7.2,0.519,0.396,0.396,2.7,10.1,6.3,9.1,0.9,0.7,15.3,15.0,-0.4,0.4,0.1,0.005,-4.6,-1.4,-6.0,-0.8,0.0,2023
347,Lamar Stevens,18.1,2.1,4.6,0.448,0.5,1.5,0.316,1.6,3.1,0.513,0.5,0.6,0.9,0.702,0.8,2.6,3.3,0.5,0.4,0.3,0.4,1.3,5.3,0.0,0.0,1000.0,0.0,0.0,0.0,0.0,0.0,0.0,0.0,0.0,0.0,0.0,0.0,0.0,0.0,62.0,25.0,1120.0,129.0,288.0,0.448,30.0,95.0,0.316,99.0,193.0,0.513,0.5,40.0,57.0,0.702,48.0,159.0,207.0,33.0,27.0,19.0,27.0,79.0,328.0,0.0,9.5,0.524,0.33,0.198,5.0,16.7,10.9,4.0,1.2,1.6,7.9,13.6,0.3,1.6,1.9,0.08,-3.0,0.2,-2.8,-0.2,0.0,2023
348,Dewayne Dedmon,11.2,2.0,4.0,0.51,0.3,1.0,0.308,1.7,2.9,0.58,0.55,0.9,1.3,0.673,0.9,2.6,3.5,0.7,0.2,0.5,0.7,2.0,5.2,0.0,0.0,1000.0,0.0,0.0,0.0,0.0,0.0,0.0,0.0,0.0,0.0,0.0,0.0,0.0,0.0,38.0,1.0,426.0,77.0,151.0,0.51,12.0,39.0,0.308,65.0,112.0,0.58,0.55,33.0,49.0,0.673,34.0,100.0,134.0,26.0,9.0,19.0,25.0,75.0,199.0,0.0,15.5,0.577,0.258,0.325,9.1,28.3,18.5,9.5,1.1,4.4,12.7,20.6,0.3,0.7,1.0,0.115,-2.6,1.0,-1.6,0.0,0.0,2023
349,Darius Bazley,14.3,1.9,4.3,0.454,0.5,1.2,0.377,1.5,3.0,0.485,0.508,0.9,1.6,0.543,0.8,2.4,3.2,0.9,0.5,0.8,0.6,1.0,5.2,0.0,0.0,1000.0,0.0,0.0,0.0,0.0,0.0,0.0,0.0,0.0,0.0,0.0,0.0,0.0,0.0,43.0,1.0,616.0,83.0,183.0,0.454,20.0,53.0,0.377,63.0,130.0,0.485,0.508,38.0,70.0,0.543,34.0,104.0,138.0,38.0,22.0,34.0,27.0,44.0,224.0,0.0,13.1,0.524,0.29,0.383,5.8,18.5,12.1,8.3,1.7,5.1,11.2,16.4,0.1,0.9,1.0,0.078,-2.0,1.0,-1.0,0.2,0.0,2023
350,Rudy Gay,14.6,1.9,5.1,0.38,0.6,2.3,0.254,1.4,2.8,0.484,0.437,0.8,0.9,0.857,0.6,2.3,2.9,1.0,0.3,0.3,0.7,1.2,5.2,0.0,0.0,1000.0,0.0,0.0,0.0,0.0,0.0,0.0,0.0,0.0,0.0,0.0,0.0,0.0,0.0,56.0,0.0,816.0,109.0,287.0,0.38,33.0,130.0,0.254,76.0,157.0,0.484,0.437,42.0,49.0,0.857,33.0,130.0,163.0,57.0,19.0,18.0,37.0,68.0,293.0,0.0,9.0,0.475,0.453,0.171,4.4,17.0,10.8,9.4,1.1,1.9,10.7,17.7,-0.4,0.7,0.3,0.018,-3.6,-0.4,-4.0,-0.4,0.0,2023
351,Javonte Green,15.0,1.9,3.4,0.565,0.4,1.1,0.371,1.5,2.3,0.658,0.625,0.9,1.4,0.667,0.8,1.9,2.8,0.7,0.8,0.7,0.6,1.6,5.2,0.0,0.0,1000.0,0.0,0.0,0.0,0.0,0.0,0.0,0.0,0.0,0.0,0.0,0.0,0.0,0.0,32.0,1.0,480.0,61.0,108.0,0.565,13.0,35.0,0.371,48.0,73.0,0.658,0.625,30.0,45.0,0.667,27.0,61.0,88.0,23.0,24.0,21.0,20.0,52.0,165.0,0.0,14.5,0.646,0.324,0.417,6.5,14.2,10.4,6.4,2.4,4.2,13.5,13.6,0.6,0.8,1.4,0.142,-1.1,2.5,1.4,0.4,0.0,2023
352,Zeke Nnaji,13.7,2.1,3.7,0.561,0.3,1.2,0.262,1.8,2.5,0.71,0.605,0.8,1.2,0.645,1.2,1.4,2.6,0.3,0.3,0.4,0.6,2.0,5.2,0.0,0.0,1000.0,0.0,0.0,0.0,0.0,0.0,0.0,0.0,0.0,0.0,0.0,0.0,0.0,0.0,53.0,5.0,728.0,110.0,196.0,0.561,17.0,65.0,0.262,93.0,131.0,0.71,0.605,40.0,62.0,0.645,65.0,73.0,138.0,18.0,17.0,23.0,31.0,105.0,277.0,0.0,12.5,0.62,0.332,0.316,10.5,11.2,10.9,3.3,1.1,2.8,12.2,15.2,0.9,0.7,1.6,0.106,-2.7,-0.9,-3.7,-0.3,0.0,2023
353,Ricky Rubio,17.2,1.8,5.4,0.343,0.6,2.5,0.256,1.2,2.9,0.417,0.402,0.8,1.1,0.8,0.3,1.8,2.1,3.5,0.8,0.2,0.9,1.5,5.2,0.0,0.0,1000.0,0.0,0.0,0.0,0.0,0.0,0.0,0.0,0.0,0.0,0.0,0.0,0.0,0.0,33.0,2.0,566.0,61.0,178.0,0.343,21.0,82.0,0.256,40.0,96.0,0.417,0.402,28.0,35.0,0.8,9.0,61.0,70.0,115.0,26.0,6.0,31.0,51.0,171.0,0.0,10.4,0.442,0.461,0.197,1.9,12.7,7.3,27.1,2.3,1.0,13.8,17.7,-0.2,0.9,0.7,0.062,-3.8,1.1,-2.8,-0.1,0.0,2023
354,Lindy Waters III,13.0,1.7,4.3,0.393,1.4,4.0,0.358,0.3,0.4,0.75,0.556,0.4,0.5,0.8,0.4,1.4,1.8,0.7,0.3,0.3,0.2,1.0,5.2,0.0,0.0,1000.0,0.0,0.0,0.0,0.0,0.0,0.0,0.0,0.0,0.0,0.0,0.0,0.0,0.0,41.0,0.0,531.0,70.0,178.0,0.393,58.0,162.0,0.358,12.0,16.0,0.75,0.556,16.0,20.0,0.8,16.0,59.0,75.0,28.0,14.0,11.0,10.0,42.0,214.0,0.0,11.8,0.573,0.91,0.112,3.2,12.2,7.6,7.0,1.3,1.9,5.1,15.5,0.6,0.5,1.1,0.101,0.5,-0.4,0.1,0.3,0.0,2023
355,MarJon Beauchamp,13.5,1.8,4.7,0.395,0.9,2.7,0.331,0.9,1.9,0.485,0.492,0.5,0.7,0.73,0.7,1.5,2.2,0.7,0.4,0.1,0.9,1.4,5.1,0.0,0.0,1000.0,0.0,0.0,0.0,0.0,0.0,0.0,0.0,0.0,0.0,0.0,0.0,0.0,0.0,52.0,11.0,701.0,96.0,243.0,0.395,47.0,142.0,0.331,49.0,101.0,0.485,0.492,27.0,37.0,0.73,38.0,77.0,115.0,35.0,21.0,7.0,45.0,71.0,266.0,0.0,8.2,0.513,0.584,0.152,5.9,11.0,8.5,6.7,1.4,0.8,14.8,18.3,-0.4,0.8,0.4,0.027,-4.1,-0.6,-4.8,-0.5,0.0,2023
356,DeAndre Jordan,15.0,2.3,2.9,0.765,0.0,0.0,1.0,2.2,2.9,0.763,0.77,0.6,1.2,0.458,1.3,3.8,5.2,0.9,0.3,0.6,1.2,1.8,5.1,0.0,0.0,1000.0,0.0,0.0,0.0,0.0,0.0,0.0,0.0,0.0,0.0,0.0,0.0,0.0,0.0,39.0,8.0,586.0,88.0,115.0,0.765,1.0,1.0,1.0,87.0,114.0,0.763,0.77,22.0,48.0,0.458,52.0,150.0,202.0,34.0,12.0,23.0,48.0,71.0,199.0,0.0,14.7,0.731,0.009,0.417,10.5,28.6,19.8,7.7,1.0,3.5,26.1,13.7,0.5,0.9,1.4,0.112,-2.4,0.7,-1.8,0.0,0.0,2023
357,John Konchar,20.8,1.9,4.4,0.431,0.8,2.5,0.339,1.1,2.0,0.545,0.525,0.4,0.5,0.778,0.9,3.4,4.3,1.4,1.1,0.3,0.5,1.6,5.1,0.0,0.0,1000.0,0.0,0.0,0.0,0.0,0.0,0.0,0.0,0.0,0.0,0.0,0.0,0.0,0.0,72.0,23.0,1494.0,138.0,320.0,0.431,60.0,177.0,0.339,78.0,143.0,0.545,0.525,28.0,36.0,0.778,64.0,246.0,310.0,100.0,77.0,25.0,37.0,112.0,364.0,0.0,10.8,0.542,0.553,0.113,4.5,17.4,11.0,8.2,2.4,1.5,9.9,10.4,1.0,2.5,3.5,0.111,-1.9,2.4,0.5,0.9,0.0,2023
358,George Hill,18.1,1.7,3.6,0.47,0.7,2.1,0.358,1.0,1.5,0.62,0.572,0.9,1.2,0.764,0.3,1.5,1.8,2.4,0.6,0.1,0.7,1.2,5.0,0.0,0.0,1000.0,0.0,0.0,0.0,0.0,0.0,0.0,0.0,0.0,0.0,0.0,0.0,0.0,0.0,46.0,1.0,834.0,78.0,166.0,0.47,34.0,95.0,0.358,44.0,71.0,0.62,0.572,42.0,55.0,0.764,15.0,70.0,85.0,110.0,26.0,6.0,34.0,55.0,232.0,0.0,10.6,0.61,0.572,0.331,2.0,8.6,5.4,16.7,1.5,0.6,15.2,11.3,1.1,0.8,1.9,0.107,-2.4,0.9,-1.5,0.1,0.0,2023
359,Vlatko Čančar,14.8,1.8,3.8,0.476,0.7,1.9,0.374,1.1,1.9,0.58,0.57,0.6,0.7,0.927,0.4,1.7,2.1,1.3,0.4,0.2,0.6,1.4,5.0,0.0,0.0,1000.0,0.0,0.0,0.0,0.0,0.0,0.0,0.0,0.0,0.0,0.0,0.0,0.0,0.0,60.0,9.0,889.0,108.0,227.0,0.476,43.0,115.0,0.374,65.0,112.0,0.58,0.57,38.0,41.0,0.927,24.0,104.0,128.0,80.0,22.0,14.0,37.0,84.0,297.0,0.0,11.0,0.606,0.507,0.181,3.2,13.1,8.3,11.5,1.2,1.4,13.1,13.8,0.9,0.8,1.7,0.093,-1.7,-0.1,-1.8,0.0,0.0,2023
360,Isaiah Hartenstein,19.8,2.1,4.0,0.535,0.1,0.5,0.216,2.0,3.5,0.576,0.547,0.6,0.9,0.676,2.5,4.0,6.5,1.2,0.6,0.8,0.8,2.6,5.0,0.0,0.0,1000.0,0.0,0.0,0.0,0.0,0.0,0.0,0.0,0.0,0.0,0.0,0.0,0.0,0.0,82.0,8.0,1626.0,175.0,327.0,0.535,8.0,37.0,0.216,167.0,290.0,0.576,0.547,48.0,71.0,0.676,209.0,327.0,536.0,102.0,53.0,64.0,66.0,213.0,406.0,0.0,14.2,0.567,0.113,0.217,14.1,22.2,18.1,8.3,1.6,3.7,15.6,11.2,2.2,2.4,4.6,0.136,-1.5,1.2,-0.3,0.7,0.0,2023
361,Jaxson Hayes,13.0,1.8,3.3,0.551,0.1,0.6,0.103,1.8,2.7,0.654,0.561,1.2,1.8,0.699,0.8,2.0,2.8,0.7,0.4,0.4,0.7,1.4,5.0,0.0,0.0,1000.0,0.0,0.0,0.0,0.0,0.0,0.0,0.0,0.0,0.0,0.0,0.0,0.0,0.0,47.0,2.0,610.0,86.0,156.0,0.551,3.0,29.0,0.103,83.0,127.0,0.654,0.561,58.0,83.0,0.699,39.0,93.0,132.0,34.0,20.0,19.0,31.0,67.0,233.0,0.0,13.7,0.605,0.186,0.532,7.3,17.3,12.3,7.7,1.6,3.0,13.9,15.7,0.6,0.9,1.5,0.118,-2.2,1.0,-1.2,0.1,0.0,2023
362,Jonathan Isaac,11.3,2.0,4.8,0.415,0.5,1.4,0.4,1.5,3.5,0.421,0.472,0.5,0.8,0.556,1.4,2.6,4.0,0.5,1.3,0.4,0.4,0.5,5.0,0.0,0.0,1000.0,0.0,0.0,0.0,0.0,0.0,0.0,0.0,0.0,0.0,0.0,0.0,0.0,0.0,11.0,0.0,124.0,22.0,53.0,0.415,6.0,15.0,0.4,16.0,38.0,0.421,0.472,5.0,9.0,0.556,15.0,29.0,44.0,6.0,14.0,4.0,4.0,5.0,55.0,0.0,20.3,0.483,0.283,0.17,13.7,26.5,20.1,7.3,5.5,3.1,6.6,21.1,0.0,0.3,0.3,0.13,1.0,3.0,4.0,0.2,0.0,2023
363,Derrick Jones Jr.,14.0,1.8,3.6,0.5,0.4,1.3,0.338,1.4,2.3,0.587,0.559,1.0,1.3,0.738,0.9,1.5,2.4,0.5,0.5,0.6,0.4,1.3,5.0,0.0,0.0,1000.0,0.0,0.0,0.0,0.0,0.0,0.0,0.0,0.0,0.0,0.0,0.0,0.0,0.0,64.0,0.0,893.0,115.0,230.0,0.5,27.0,80.0,0.338,88.0,150.0,0.587,0.559,62.0,84.0,0.738,60.0,93.0,153.0,34.0,29.0,37.0,25.0,86.0,319.0,0.0,13.8,0.597,0.348,0.365,7.7,11.6,9.7,5.1,1.6,4.0,8.6,14.5,1.2,1.2,2.4,0.131,-1.2,0.8,-0.4,0.3,0.0,2023
364,Kenneth Lofton Jr.,7.3,2.0,3.9,0.527,0.3,0.7,0.353,1.8,3.2,0.566,0.559,0.7,1.1,0.593,0.8,1.3,2.1,0.8,0.2,0.1,0.5,1.2,5.0,0.0,0.0,1000.0,0.0,0.0,0.0,0.0,0.0,0.0,0.0,0.0,0.0,0.0,0.0,0.0,0.0,24.0,1.0,176.0,49.0,93.0,0.527,6.0,17.0,0.353,43.0,76.0,0.566,0.559,16.0,27.0,0.593,19.0,32.0,51.0,20.0,5.0,2.0,12.0,28.0,120.0,0.0,20.2,0.572,0.183,0.29,11.5,19.2,15.4,18.1,1.3,1.0,10.3,27.6,0.3,0.2,0.5,0.145,0.7,-1.1,-0.4,0.1,0.0,2023
365,Cody Martin,19.1,2.0,5.1,0.389,0.4,2.0,0.214,1.6,3.1,0.5,0.431,0.6,1.0,0.571,1.1,2.3,3.4,1.6,0.6,0.1,0.3,1.9,5.0,0.0,0.0,1000.0,0.0,0.0,0.0,0.0,0.0,0.0,0.0,0.0,0.0,0.0,0.0,0.0,0.0,7.0,0.0,134.0,14.0,36.0,0.389,3.0,14.0,0.214,11.0,22.0,0.5,0.431,4.0,7.0,0.571,8.0,16.0,24.0,11.0,4.0,1.0,2.0,13.0,35.0,0.0,8.7,0.448,0.389,0.194,6.2,13.0,9.5,11.0,1.4,0.6,4.9,12.9,0.0,0.1,0.1,0.045,-3.8,-0.8,-4.6,-0.1,0.0,2023
366,Sam Merrill,11.8,1.8,4.4,0.409,1.0,3.6,0.278,0.8,0.8,1.0,0.523,0.4,0.4,1.0,0.0,1.8,1.8,1.0,0.8,0.0,0.0,0.6,5.0,0.0,0.0,1000.0,0.0,0.0,0.0,0.0,0.0,0.0,0.0,0.0,0.0,0.0,0.0,0.0,0.0,5.0,0.0,59.0,9.0,22.0,0.409,5.0,18.0,0.278,4.0,4.0,1.0,0.523,2.0,2.0,1.0,0.0,9.0,9.0,5.0,4.0,0.0,0.0,3.0,25.0,0.0,15.5,0.546,0.818,0.091,0.0,18.0,9.0,12.0,3.4,0.0,0.0,17.3,0.1,0.1,0.2,0.16,-1.2,2.5,1.2,0.0,0.0,2023
367,Blake Wesley,18.1,1.9,5.8,0.321,0.5,1.4,0.385,1.3,4.4,0.301,0.367,0.7,1.2,0.591,0.3,1.9,2.2,2.6,0.7,0.1,1.8,1.8,5.0,0.0,0.0,1000.0,0.0,0.0,0.0,0.0,0.0,0.0,0.0,0.0,0.0,0.0,0.0,0.0,0.0,37.0,1.0,669.0,69.0,215.0,0.321,20.0,52.0,0.385,49.0,163.0,0.301,0.367,26.0,44.0,0.591,12.0,69.0,81.0,98.0,25.0,5.0,65.0,67.0,184.0,0.0,3.5,0.393,0.242,0.205,1.7,11.9,6.6,18.8,1.8,0.6,21.7,18.5,-1.9,0.3,-1.6,-0.114,-7.9,-1.8,-9.6,-1.3,0.0,2023
368,Ousmane Dieng,14.6,1.9,4.6,0.42,0.7,2.5,0.265,1.3,2.1,0.602,0.492,0.4,0.6,0.652,0.5,2.2,2.7,1.2,0.4,0.2,0.7,1.1,4.9,0.0,0.0,1000.0,0.0,0.0,0.0,0.0,0.0,0.0,0.0,0.0,0.0,0.0,0.0,0.0,0.0,39.0,1.0,569.0,76.0,181.0,0.42,26.0,98.0,0.265,50.0,83.0,0.602,0.492,15.0,23.0,0.652,19.0,86.0,105.0,46.0,14.0,7.0,26.0,42.0,193.0,0.0,9.3,0.505,0.541,0.127,3.5,16.5,9.9,10.7,1.2,1.1,12.0,15.9,-0.1,0.6,0.4,0.038,-3.1,-0.5,-3.6,-0.2,0.0,2023
369,Chimezie Metu,10.4,2.0,3.3,0.589,0.1,0.6,0.237,1.8,2.7,0.663,0.61,0.8,1.1,0.74,0.7,2.3,3.0,0.6,0.3,0.3,0.5,1.2,4.9,0.0,0.0,1000.0,0.0,0.0,0.0,0.0,0.0,0.0,0.0,0.0,0.0,0.0,0.0,0.0,0.0,66.0,0.0,689.0,129.0,219.0,0.589,9.0,38.0,0.237,120.0,181.0,0.663,0.61,54.0,73.0,0.74,47.0,151.0,198.0,40.0,22.0,21.0,32.0,81.0,321.0,0.0,17.3,0.639,0.174,0.333,7.8,24.9,16.4,8.1,1.5,2.7,11.3,17.6,1.2,0.8,2.1,0.143,-0.3,0.2,-0.1,0.3,0.0,2023
370,Austin Rivers,19.5,1.8,4.0,0.435,0.8,2.4,0.35,0.9,1.7,0.558,0.538,0.6,0.8,0.769,0.1,1.5,1.6,1.4,0.5,0.1,0.4,1.5,4.9,0.0,0.0,1000.0,0.0,0.0,0.0,0.0,0.0,0.0,0.0,0.0,0.0,0.0,0.0,0.0,0.0,52.0,10.0,1016.0,91.0,209.0,0.435,43.0,123.0,0.35,48.0,86.0,0.558,0.538,30.0,39.0,0.769,5.0,78.0,83.0,75.0,28.0,4.0,23.0,80.0,255.0,0.0,7.4,0.564,0.589,0.187,0.6,8.4,4.6,9.3,1.3,0.3,9.2,10.5,0.5,0.8,1.3,0.061,-3.3,0.5,-2.8,-0.2,0.0,2023
371,Danuel House Jr.,14.4,1.7,3.5,0.472,0.7,2.0,0.336,1.0,1.6,0.644,0.566,0.8,1.1,0.75,0.2,1.5,1.7,0.8,0.3,0.2,0.5,1.2,4.8,0.0,0.0,1000.0,0.0,0.0,0.0,0.0,0.0,0.0,0.0,0.0,0.0,0.0,0.0,0.0,0.0,56.0,5.0,807.0,93.0,197.0,0.472,37.0,110.0,0.336,56.0,87.0,0.644,0.566,45.0,60.0,0.75,9.0,85.0,94.0,44.0,14.0,9.0,26.0,69.0,268.0,0.0,9.4,0.6,0.558,0.305,1.3,12.2,6.9,7.5,0.9,1.0,10.4,13.8,0.6,0.7,1.3,0.075,-2.5,-0.5,-3.0,-0.2,0.0,2023
372,Johnny Juzang,12.9,1.9,5.8,0.337,0.8,3.5,0.238,1.1,2.3,0.488,0.409,0.1,0.2,0.5,0.4,1.7,2.2,0.4,0.2,0.2,0.2,0.7,4.8,0.0,0.0,1000.0,0.0,0.0,0.0,0.0,0.0,0.0,0.0,0.0,0.0,0.0,0.0,0.0,0.0,18.0,0.0,232.0,35.0,104.0,0.337,15.0,63.0,0.238,20.0,41.0,0.488,0.409,2.0,4.0,0.5,8.0,31.0,39.0,8.0,4.0,3.0,3.0,13.0,87.0,0.0,6.5,0.411,0.606,0.038,3.8,14.3,9.1,4.7,0.8,1.1,2.8,19.6,-0.3,0.1,-0.2,-0.032,-4.3,-2.2,-6.5,-0.3,0.0,2023
373,Meyers Leonard,12.7,1.6,3.2,0.483,0.8,2.0,0.389,0.8,1.2,0.636,0.603,0.9,1.0,0.889,1.3,2.4,3.8,0.1,0.2,0.0,0.7,1.8,4.8,0.0,0.0,1000.0,0.0,0.0,0.0,0.0,0.0,0.0,0.0,0.0,0.0,0.0,0.0,0.0,0.0,9.0,2.0,114.0,14.0,29.0,0.483,7.0,18.0,0.389,7.0,11.0,0.636,0.603,8.0,9.0,0.889,12.0,22.0,34.0,1.0,2.0,0.0,6.0,16.0,43.0,0.0,12.0,0.652,0.621,0.31,11.4,19.4,15.5,1.2,0.8,0.0,15.4,14.4,0.2,0.1,0.3,0.126,-2.8,-2.2,-5.0,-0.1,0.0,2023
374,Garrison Mathews,12.7,1.4,3.7,0.363,1.2,3.3,0.35,0.2,0.4,0.476,0.52,0.9,1.0,0.906,0.2,1.1,1.4,0.5,0.4,0.1,0.4,1.1,4.8,0.0,0.0,1000.0,0.0,0.0,0.0,0.0,0.0,0.0,0.0,0.0,0.0,0.0,0.0,0.0,0.0,54.0,0.0,686.0,73.0,201.0,0.363,63.0,180.0,0.35,10.0,21.0,0.476,0.52,48.0,53.0,0.906,11.0,62.0,73.0,26.0,24.0,5.0,19.0,62.0,257.0,0.0,9.7,0.573,0.896,0.264,1.7,10.0,5.8,5.1,1.7,0.7,7.8,14.7,0.7,0.3,1.0,0.067,-2.0,-0.4,-2.4,-0.1,0.0,2023
375,Moses Moody,13.0,1.7,3.6,0.476,0.8,2.1,0.363,0.9,1.5,0.641,0.584,0.6,0.8,0.698,0.4,1.2,1.7,0.8,0.3,0.1,0.5,0.9,4.8,0.0,0.0,1000.0,0.0,0.0,0.0,0.0,0.0,0.0,0.0,0.0,0.0,0.0,0.0,0.0,0.0,63.0,3.0,817.0,108.0,227.0,0.476,49.0,135.0,0.363,59.0,92.0,0.641,0.584,37.0,53.0,0.698,28.0,77.0,105.0,51.0,18.0,7.0,34.0,54.0,302.0,0.0,10.3,0.603,0.595,0.233,3.8,10.2,7.1,8.2,1.0,0.8,12.0,14.6,0.7,0.6,1.3,0.076,-1.7,-0.9,-2.6,-0.1,0.0,2023
376,Christian Braun,15.5,1.9,3.8,0.495,0.4,1.3,0.354,1.4,2.5,0.565,0.554,0.5,0.8,0.625,0.6,1.8,2.4,0.8,0.5,0.2,0.5,1.3,4.7,0.0,0.0,1000.0,0.0,0.0,0.0,0.0,0.0,0.0,0.0,0.0,0.0,0.0,0.0,0.0,0.0,76.0,6.0,1181.0,143.0,289.0,0.495,34.0,96.0,0.354,109.0,193.0,0.565,0.554,40.0,64.0,0.625,48.0,133.0,181.0,59.0,41.0,17.0,35.0,101.0,360.0,0.0,10.3,0.568,0.332,0.221,4.8,12.6,8.8,6.4,1.7,1.3,9.9,13.0,0.7,1.2,1.9,0.079,-2.5,0.1,-2.4,-0.1,0.0,2023
377,Keon Johnson,10.4,1.7,4.5,0.376,0.7,2.0,0.346,1.0,2.4,0.402,0.455,0.7,1.0,0.659,0.3,0.8,1.1,1.5,0.5,0.2,1.1,1.1,4.7,0.0,0.0,1000.0,0.0,0.0,0.0,0.0,0.0,0.0,0.0,0.0,0.0,0.0,0.0,0.0,0.0,40.0,0.0,416.0,67.0,178.0,0.376,28.0,81.0,0.346,39.0,97.0,0.402,0.455,27.0,41.0,0.659,11.0,33.0,44.0,59.0,19.0,6.0,43.0,43.0,189.0,0.0,9.0,0.482,0.455,0.23,3.0,9.2,6.1,20.9,2.2,1.3,18.0,25.0,-0.7,0.2,-0.5,-0.057,-3.8,-1.6,-5.4,-0.4,0.0,2023
378,Chuma Okeke,19.2,1.6,4.5,0.352,1.0,3.2,0.302,0.6,1.3,0.472,0.459,0.6,0.8,0.762,1.0,2.6,3.6,1.4,0.7,0.4,0.6,1.5,4.7,0.0,0.0,1000.0,0.0,0.0,0.0,0.0,0.0,0.0,0.0,0.0,0.0,0.0,0.0,0.0,0.0,27.0,8.0,518.0,43.0,122.0,0.352,26.0,86.0,0.302,17.0,36.0,0.472,0.459,16.0,21.0,0.762,26.0,70.0,96.0,37.0,19.0,11.0,17.0,40.0,128.0,0.0,9.1,0.488,0.705,0.172,5.7,15.3,10.5,9.4,1.8,2.1,11.5,12.3,0.0,0.6,0.7,0.061,-2.4,0.8,-1.6,0.1,0.0,2023
379,Day'Ron Sharpe,11.5,1.9,3.6,0.544,0.1,0.2,0.545,1.8,3.3,0.544,0.561,0.7,1.1,0.636,2.1,2.1,4.2,0.8,0.3,0.7,0.9,1.9,4.7,0.0,0.0,1000.0,0.0,0.0,0.0,0.0,0.0,0.0,0.0,0.0,0.0,0.0,0.0,0.0,0.0,48.0,3.0,552.0,93.0,171.0,0.544,6.0,11.0,0.545,87.0,160.0,0.544,0.561,35.0,55.0,0.636,99.0,101.0,200.0,37.0,15.0,32.0,42.0,89.0,227.0,0.0,17.8,0.581,0.064,0.322,20.6,20.1,20.4,9.7,1.3,5.0,17.7,19.0,0.8,0.8,1.6,0.139,-1.8,-0.6,-2.3,0.0,0.0,2023
380,Dean Wade,20.3,1.7,4.0,0.412,1.0,2.9,0.354,0.6,1.1,0.56,0.54,0.3,0.5,0.652,0.5,3.0,3.4,0.8,0.6,0.5,0.4,2.0,4.7,0.0,0.0,1000.0,0.0,0.0,0.0,0.0,0.0,0.0,0.0,0.0,0.0,0.0,0.0,0.0,0.0,44.0,13.0,891.0,73.0,177.0,0.412,45.0,127.0,0.354,28.0,50.0,0.56,0.54,15.0,23.0,0.652,20.0,130.0,150.0,37.0,28.0,21.0,17.0,89.0,206.0,0.0,8.5,0.55,0.718,0.13,2.6,17.2,9.9,5.4,1.6,2.2,8.3,10.2,0.4,1.4,1.8,0.097,-2.9,2.1,-0.7,0.3,0.0,2023
381,TyTy Washington Jr.,14.0,1.9,5.2,0.363,0.6,2.6,0.238,1.3,2.6,0.488,0.422,0.3,0.6,0.556,0.1,1.4,1.5,1.5,0.5,0.1,0.5,0.9,4.7,0.0,0.0,1000.0,0.0,0.0,0.0,0.0,0.0,0.0,0.0,0.0,0.0,0.0,0.0,0.0,0.0,31.0,2.0,433.0,58.0,160.0,0.363,19.0,80.0,0.238,39.0,80.0,0.488,0.422,10.0,18.0,0.556,2.0,43.0,45.0,47.0,15.0,2.0,14.0,29.0,145.0,0.0,7.5,0.432,0.5,0.113,0.5,11.0,5.7,15.3,1.7,0.5,7.7,17.4,-0.3,0.1,-0.1,-0.016,-5.0,-1.3,-6.3,-0.5,0.0,2023
382,Gary Payton II,16.7,1.9,3.1,0.594,0.6,1.2,0.5,1.3,2.0,0.651,0.688,0.3,0.3,0.857,1.1,2.0,3.1,1.4,1.0,0.2,0.7,2.0,4.6,0.0,0.0,1000.0,0.0,0.0,0.0,0.0,0.0,0.0,0.0,0.0,0.0,0.0,0.0,0.0,0.0,22.0,1.0,367.0,41.0,69.0,0.594,13.0,26.0,0.5,28.0,43.0,0.651,0.688,6.0,7.0,0.857,24.0,45.0,69.0,30.0,22.0,5.0,16.0,43.0,101.0,0.0,13.3,0.701,0.377,0.101,7.4,13.9,10.6,11.0,2.9,1.2,18.2,10.3,0.6,0.4,1.0,0.125,-1.2,1.5,0.3,0.2,0.0,2023
383,Dalano Banton,9.0,1.8,4.2,0.423,0.5,1.6,0.294,1.3,2.5,0.506,0.481,0.5,0.8,0.708,0.4,1.1,1.5,1.2,0.4,0.4,0.6,1.1,4.6,0.0,0.0,1000.0,0.0,0.0,0.0,0.0,0.0,0.0,0.0,0.0,0.0,0.0,0.0,0.0,0.0,31.0,2.0,279.0,55.0,130.0,0.423,15.0,51.0,0.294,40.0,79.0,0.506,0.481,17.0,24.0,0.708,11.0,34.0,45.0,36.0,13.0,13.0,18.0,34.0,142.0,0.0,14.9,0.505,0.392,0.185,4.2,14.9,9.1,19.3,2.3,4.5,11.4,24.2,0.0,0.4,0.4,0.064,-1.1,0.6,-0.5,0.1,0.0,2023
384,Dāvis Bertāns,10.9,1.5,3.6,0.431,1.2,3.1,0.39,0.3,0.4,0.737,0.603,0.3,0.3,0.867,0.2,1.0,1.2,0.5,0.2,0.2,0.2,1.2,4.6,0.0,0.0,1000.0,0.0,0.0,0.0,0.0,0.0,0.0,0.0,0.0,0.0,0.0,0.0,0.0,0.0,45.0,1.0,492.0,69.0,160.0,0.431,55.0,141.0,0.39,14.0,19.0,0.737,0.603,13.0,15.0,0.867,10.0,43.0,53.0,21.0,11.0,8.0,10.0,53.0,206.0,0.0,11.9,0.618,0.881,0.094,2.3,10.3,6.3,6.2,1.1,1.5,5.7,16.2,0.6,0.3,0.9,0.09,0.0,-1.3,-1.2,0.1,0.0,2023
385,Malachi Flynn,13.0,1.6,4.6,0.36,0.9,2.5,0.353,0.8,2.1,0.367,0.457,0.5,0.6,0.758,0.3,1.2,1.4,1.3,0.4,0.1,0.5,1.2,4.6,0.0,0.0,1000.0,0.0,0.0,0.0,0.0,0.0,0.0,0.0,0.0,0.0,0.0,0.0,0.0,0.0,53.0,2.0,691.0,87.0,242.0,0.36,47.0,133.0,0.353,40.0,109.0,0.367,0.457,25.0,33.0,0.758,15.0,61.0,76.0,70.0,21.0,4.0,25.0,65.0,246.0,0.0,8.7,0.479,0.55,0.136,2.3,10.8,6.2,13.7,1.5,0.6,8.9,17.4,0.0,0.5,0.5,0.034,-3.3,-0.8,-4.1,-0.4,0.0,2023
386,Kira Lewis Jr.,9.4,1.6,3.5,0.455,0.6,1.4,0.441,1.0,2.2,0.463,0.54,0.8,0.9,0.864,0.2,1.1,1.3,0.9,0.4,0.1,0.4,1.0,4.6,0.0,0.0,1000.0,0.0,0.0,0.0,0.0,0.0,0.0,0.0,0.0,0.0,0.0,0.0,0.0,0.0,25.0,0.0,235.0,40.0,88.0,0.455,15.0,34.0,0.441,25.0,54.0,0.463,0.54,19.0,22.0,0.864,5.0,28.0,33.0,23.0,10.0,2.0,10.0,24.0,114.0,0.0,14.5,0.584,0.386,0.25,2.4,13.5,8.0,14.0,2.1,0.8,9.3,19.7,0.3,0.3,0.6,0.122,-0.8,0.5,-0.3,0.1,0.0,2023
387,Justin Holiday,15.3,1.7,4.4,0.377,1.0,3.1,0.322,0.7,1.3,0.508,0.49,0.1,0.2,0.625,0.1,1.1,1.2,0.9,0.4,0.4,0.5,1.5,4.5,0.0,0.0,1000.0,0.0,0.0,0.0,0.0,0.0,0.0,0.0,0.0,0.0,0.0,0.0,0.0,0.0,46.0,2.0,706.0,77.0,204.0,0.377,46.0,143.0,0.322,31.0,61.0,0.508,0.49,5.0,8.0,0.625,5.0,50.0,55.0,41.0,19.0,19.0,22.0,68.0,205.0,0.0,6.6,0.494,0.701,0.039,0.8,8.1,4.4,7.5,1.3,2.3,9.6,14.1,-0.4,0.5,0.1,0.008,-3.7,-0.1,-3.9,-0.3,0.0,2023
388,Goga Bitadze,12.0,1.8,3.3,0.552,0.2,0.7,0.231,1.7,2.6,0.636,0.576,0.6,1.1,0.548,1.6,2.0,3.6,1.0,0.4,0.7,0.6,1.7,4.4,0.0,0.0,1000.0,0.0,0.0,0.0,0.0,0.0,0.0,0.0,0.0,0.0,0.0,0.0,0.0,0.0,38.0,1.0,457.0,69.0,125.0,0.552,6.0,26.0,0.231,63.0,99.0,0.636,0.576,23.0,42.0,0.548,61.0,76.0,137.0,39.0,16.0,26.0,22.0,64.0,167.0,0.0,17.1,0.582,0.208,0.336,15.0,18.7,16.8,12.1,1.7,5.3,13.3,15.4,0.8,0.6,1.3,0.141,-0.8,1.1,0.3,0.3,0.0,2023
389,Jarrett Culver,13.7,1.7,4.3,0.395,0.1,1.2,0.083,1.6,3.1,0.516,0.407,0.9,1.3,0.692,1.0,2.8,3.8,0.6,0.6,0.2,0.7,1.4,4.4,0.0,0.0,1000.0,0.0,0.0,0.0,0.0,0.0,0.0,0.0,0.0,0.0,0.0,0.0,0.0,0.0,10.0,1.0,137.0,17.0,43.0,0.395,1.0,12.0,0.083,16.0,31.0,0.516,0.407,9.0,13.0,0.692,10.0,28.0,38.0,6.0,6.0,2.0,7.0,14.0,44.0,0.0,9.5,0.452,0.279,0.302,7.9,22.6,15.2,5.5,2.1,1.2,12.6,17.1,-0.1,0.2,0.0,0.014,-4.8,0.6,-4.2,-0.1,0.0,2023
390,A.J. Green,9.9,1.5,3.6,0.424,1.3,3.0,0.419,0.3,0.6,0.45,0.6,0.1,0.1,1.0,0.2,1.1,1.3,0.6,0.2,0.0,0.3,0.9,4.4,0.0,0.0,1000.0,0.0,0.0,0.0,0.0,0.0,0.0,0.0,0.0,0.0,0.0,0.0,0.0,0.0,35.0,1.0,345.0,53.0,125.0,0.424,44.0,105.0,0.419,9.0,20.0,0.45,0.6,4.0,4.0,1.0,6.0,39.0,45.0,22.0,6.0,0.0,9.0,31.0,154.0,0.0,11.5,0.607,0.84,0.032,1.9,11.3,6.8,8.7,0.8,0.0,6.6,16.6,0.5,0.3,0.8,0.111,-0.3,-0.6,-0.9,0.1,0.0,2023
391,Haywood Highsmith,17.9,1.7,4.0,0.431,0.7,2.0,0.339,1.0,2.0,0.523,0.516,0.2,0.5,0.464,1.1,2.4,3.5,0.8,0.7,0.3,0.8,1.5,4.4,0.0,0.0,1000.0,0.0,0.0,0.0,0.0,0.0,0.0,0.0,0.0,0.0,0.0,0.0,0.0,0.0,54.0,11.0,969.0,93.0,216.0,0.431,37.0,109.0,0.339,56.0,107.0,0.523,0.516,13.0,28.0,0.464,57.0,131.0,188.0,43.0,36.0,17.0,45.0,82.0,236.0,0.0,8.5,0.517,0.505,0.13,6.7,16.4,11.4,6.2,1.9,1.8,16.5,12.5,-0.3,1.3,0.9,0.046,-3.7,0.7,-3.1,-0.3,0.0,2023
392,JaVale McGee,8.5,1.9,3.0,0.64,0.0,0.1,0.4,1.9,2.9,0.65,0.648,0.6,1.0,0.585,0.7,1.8,2.5,0.3,0.1,0.6,0.9,1.3,4.4,0.0,0.0,1000.0,0.0,0.0,0.0,0.0,0.0,0.0,0.0,0.0,0.0,0.0,0.0,0.0,0.0,42.0,7.0,355.0,80.0,125.0,0.64,2.0,5.0,0.4,78.0,120.0,0.65,0.648,24.0,41.0,0.585,30.0,77.0,107.0,11.0,4.0,26.0,36.0,54.0,186.0,0.0,17.2,0.65,0.04,0.328,9.7,25.5,17.5,5.2,0.6,6.5,20.1,22.8,0.1,0.5,0.6,0.076,-3.6,-0.1,-3.7,-0.1,0.0,2023
393,Thaddeus Young,14.7,2.0,3.7,0.545,0.1,0.6,0.176,1.9,3.0,0.622,0.561,0.3,0.5,0.692,1.3,1.8,3.1,1.4,1.0,0.1,0.8,1.6,4.4,0.0,0.0,1000.0,0.0,0.0,0.0,0.0,0.0,0.0,0.0,0.0,0.0,0.0,0.0,0.0,0.0,54.0,9.0,795.0,108.0,198.0,0.545,6.0,34.0,0.176,102.0,164.0,0.622,0.561,18.0,26.0,0.692,71.0,95.0,166.0,75.0,54.0,5.0,42.0,88.0,240.0,0.0,14.1,0.573,0.172,0.131,9.4,14.6,11.8,12.9,3.4,0.6,16.7,13.5,0.7,1.1,1.8,0.109,-1.8,1.9,0.1,0.4,0.0,2023
394,Omer Yurtseven,9.2,1.8,3.0,0.593,0.3,0.8,0.429,1.4,2.2,0.65,0.648,0.6,0.7,0.833,0.9,1.7,2.6,0.2,0.2,0.2,0.4,1.8,4.4,0.0,0.0,1000.0,0.0,0.0,0.0,0.0,0.0,0.0,0.0,0.0,0.0,0.0,0.0,0.0,0.0,9.0,0.0,83.0,16.0,27.0,0.593,3.0,7.0,0.429,13.0,20.0,0.65,0.648,5.0,6.0,0.833,8.0,15.0,23.0,2.0,2.0,2.0,4.0,16.0,40.0,0.0,16.7,0.675,0.259,0.222,10.9,21.9,16.2,3.9,1.2,2.5,11.9,18.0,0.2,0.1,0.3,0.159,-2.5,-1.5,-3.9,0.0,0.0,2023
395,Moses Brown,8.2,1.7,2.7,0.635,0.0,0.0,0.0,1.7,2.7,0.635,0.635,0.9,2.0,0.458,1.6,2.3,3.9,0.1,0.1,0.4,0.4,1.1,4.3,0.0,0.0,1000.0,0.0,0.0,0.0,0.0,0.0,0.0,0.0,0.0,0.0,0.0,0.0,0.0,0.0,36.0,1.0,294.0,61.0,96.0,0.635,0.0,0.0,0.0,61.0,96.0,0.635,0.635,33.0,72.0,0.458,57.0,82.0,139.0,4.0,4.0,14.0,15.0,39.0,155.0,0.0,22.2,0.607,0.0,0.75,22.0,30.9,26.5,2.1,0.7,4.2,10.5,21.2,0.7,0.4,1.1,0.179,0.6,-1.2,-0.6,0.1,0.0,2023
396,Bismack Biyombo,14.3,2.0,3.4,0.578,0.0,0.0,0.0,2.0,3.4,0.578,0.578,0.4,1.1,0.357,1.5,2.8,4.3,0.9,0.3,1.4,0.8,1.9,4.3,0.0,0.0,1000.0,0.0,0.0,0.0,0.0,0.0,0.0,0.0,0.0,0.0,0.0,0.0,0.0,0.0,61.0,14.0,874.0,119.0,206.0,0.578,0.0,0.0,0.0,119.0,206.0,0.578,0.578,25.0,70.0,0.357,89.0,171.0,260.0,56.0,18.0,88.0,51.0,114.0,263.0,0.0,14.4,0.555,0.0,0.34,11.0,22.1,16.5,8.7,1.0,9.0,17.7,14.0,0.2,1.6,1.9,0.102,-3.4,2.5,-0.9,0.2,0.0,2023
397,Michael Carter-Williams,11.0,1.5,3.5,0.429,0.3,0.8,0.333,1.3,2.8,0.455,0.464,1.0,1.8,0.571,0.3,1.0,1.3,1.8,0.3,0.3,1.0,1.3,4.3,0.0,0.0,1000.0,0.0,0.0,0.0,0.0,0.0,0.0,0.0,0.0,0.0,0.0,0.0,0.0,0.0,4.0,0.0,44.0,6.0,14.0,0.429,1.0,3.0,0.333,5.0,11.0,0.455,0.464,4.0,7.0,0.571,1.0,4.0,5.0,7.0,1.0,1.0,4.0,5.0,17.0,0.0,9.0,0.498,0.214,0.5,2.6,10.3,6.4,22.6,1.1,2.2,19.0,20.6,0.0,0.0,0.0,-0.003,-5.1,-1.2,-6.3,0.0,0.0,2023
398,Justin Minaya,22.3,1.8,5.8,0.304,0.8,3.0,0.25,1.0,2.8,0.364,0.37,0.0,0.3,0.0,0.8,3.0,3.8,1.0,0.5,1.3,1.0,2.3,4.3,0.0,0.0,1000.0,0.0,0.0,0.0,0.0,0.0,0.0,0.0,0.0,0.0,0.0,0.0,0.0,0.0,4.0,0.0,89.0,7.0,23.0,0.304,3.0,12.0,0.25,4.0,11.0,0.364,0.37,0.0,1.0,0.0,3.0,12.0,15.0,4.0,2.0,5.0,4.0,9.0,17.0,0.0,4.0,0.363,0.522,0.043,3.8,15.6,9.7,5.9,1.1,5.0,14.6,13.4,-0.2,0.1,-0.1,-0.067,-7.2,-1.9,-9.0,-0.2,0.0,2023
399,Xavier Sneed,12.0,1.3,2.5,0.5,0.8,1.5,0.5,0.5,1.0,0.5,0.65,1.0,1.0,1.0,0.0,1.3,1.3,1.3,0.0,0.3,0.8,1.8,4.3,0.0,0.0,1000.0,0.0,0.0,0.0,0.0,0.0,0.0,0.0,0.0,0.0,0.0,0.0,0.0,0.0,4.0,0.0,48.0,5.0,10.0,0.5,3.0,6.0,0.5,2.0,4.0,0.5,0.65,4.0,4.0,1.0,0.0,5.0,5.0,5.0,0.0,1.0,3.0,7.0,17.0,0.0,9.5,0.723,0.6,0.4,0.0,11.3,5.6,13.9,0.0,1.8,20.3,12.9,0.1,0.0,0.1,0.086,-3.1,-0.4,-3.6,0.0,0.0,2023
400,Paul Reed,10.9,1.8,3.0,0.593,0.0,0.1,0.167,1.8,2.9,0.606,0.596,0.6,0.7,0.745,1.6,2.2,3.8,0.4,0.7,0.7,0.7,1.8,4.2,0.0,0.0,1000.0,0.0,0.0,0.0,0.0,0.0,0.0,0.0,0.0,0.0,0.0,0.0,0.0,0.0,69.0,2.0,755.0,124.0,209.0,0.593,1.0,6.0,0.167,123.0,203.0,0.606,0.596,38.0,51.0,0.745,112.0,150.0,262.0,27.0,46.0,51.0,45.0,123.0,287.0,0.0,19.2,0.62,0.029,0.244,17.8,23.1,20.5,5.3,3.0,6.3,16.3,16.4,1.2,1.6,2.8,0.18,-1.6,1.5,-0.1,0.4,0.0,2023
401,Admiral Schofield,12.2,1.5,3.3,0.451,0.6,2.0,0.324,0.8,1.3,0.646,0.549,0.6,0.6,0.913,0.6,1.1,1.7,0.8,0.2,0.1,0.4,1.6,4.2,0.0,0.0,1000.0,0.0,0.0,0.0,0.0,0.0,0.0,0.0,0.0,0.0,0.0,0.0,0.0,0.0,37.0,0.0,451.0,55.0,122.0,0.451,24.0,74.0,0.324,31.0,48.0,0.646,0.549,21.0,23.0,0.913,23.0,39.0,62.0,31.0,8.0,5.0,16.0,61.0,155.0,0.0,10.1,0.587,0.607,0.189,5.8,9.8,7.8,9.6,0.9,1.1,10.8,14.1,0.5,0.3,0.8,0.089,-2.2,-0.7,-2.9,-0.1,0.0,2023
402,Ish Wainright,15.3,1.4,3.8,0.37,1.0,2.9,0.329,0.5,0.9,0.5,0.496,0.4,0.5,0.839,0.8,1.6,2.3,0.9,0.6,0.4,0.4,2.0,4.2,0.0,0.0,1000.0,0.0,0.0,0.0,0.0,0.0,0.0,0.0,0.0,0.0,0.0,0.0,0.0,0.0,60.0,2.0,915.0,84.0,227.0,0.37,57.0,173.0,0.329,27.0,54.0,0.5,0.496,26.0,31.0,0.839,45.0,94.0,139.0,53.0,38.0,22.0,22.0,117.0,251.0,0.0,9.2,0.522,0.762,0.137,5.3,11.6,8.4,7.4,2.0,2.2,8.4,12.2,0.5,1.2,1.7,0.089,-2.7,1.5,-1.2,0.2,0.0,2023
403,McKinley Wright IV,12.4,1.7,3.6,0.469,0.3,1.0,0.321,1.4,2.6,0.529,0.515,0.5,0.7,0.684,0.3,1.4,1.7,2.1,0.3,0.2,0.7,0.9,4.2,0.0,0.0,1000.0,0.0,0.0,0.0,0.0,0.0,0.0,0.0,0.0,0.0,0.0,0.0,0.0,0.0,27.0,1.0,335.0,46.0,98.0,0.469,9.0,28.0,0.321,37.0,70.0,0.529,0.515,13.0,19.0,0.684,9.0,38.0,47.0,58.0,8.0,5.0,19.0,24.0,114.0,0.0,12.4,0.536,0.286,0.194,3.1,13.4,8.2,25.2,1.2,1.3,15.2,16.9,0.2,0.2,0.5,0.069,-1.9,-0.8,-2.7,-0.1,0.0,2023
404,Matisse Thybulle,16.9,1.5,3.6,0.435,0.8,2.1,0.365,0.8,1.5,0.533,0.542,0.3,0.4,0.679,0.6,1.4,2.0,0.7,1.2,0.5,0.3,1.6,4.1,0.0,0.0,1000.0,0.0,0.0,0.0,0.0,0.0,0.0,0.0,0.0,0.0,0.0,0.0,0.0,0.0,71.0,28.0,1200.0,110.0,253.0,0.435,54.0,148.0,0.365,56.0,105.0,0.533,0.542,19.0,28.0,0.679,40.0,100.0,140.0,53.0,83.0,32.0,24.0,113.0,293.0,0.0,10.5,0.552,0.585,0.111,3.9,9.7,6.8,5.9,3.4,2.4,8.3,10.6,0.6,1.5,2.1,0.086,-2.7,2.2,-0.5,0.4,0.0,2023
405,Blake Griffin,13.9,1.5,3.2,0.485,0.6,1.6,0.348,1.0,1.6,0.625,0.573,0.5,0.8,0.656,1.1,2.6,3.8,1.5,0.3,0.2,0.5,1.8,4.1,0.0,0.0,1000.0,0.0,0.0,0.0,0.0,0.0,0.0,0.0,0.0,0.0,0.0,0.0,0.0,0.0,41.0,16.0,569.0,63.0,130.0,0.485,23.0,66.0,0.348,40.0,64.0,0.625,0.573,21.0,32.0,0.656,47.0,108.0,155.0,61.0,14.0,9.0,22.0,75.0,170.0,0.0,13.1,0.59,0.508,0.246,9.2,20.4,14.9,14.2,1.2,1.4,13.2,12.7,1.0,0.8,1.8,0.153,-1.4,1.5,0.1,0.3,0.0,2023
406,Kevon Harris,13.4,1.4,3.1,0.439,0.5,1.3,0.372,0.9,1.9,0.484,0.514,0.9,1.2,0.756,0.8,1.2,2.1,0.5,0.5,0.1,0.6,1.6,4.1,0.0,0.0,1000.0,0.0,0.0,0.0,0.0,0.0,0.0,0.0,0.0,0.0,0.0,0.0,0.0,0.0,34.0,0.0,457.0,47.0,107.0,0.439,16.0,43.0,0.372,31.0,64.0,0.484,0.514,31.0,41.0,0.756,28.0,42.0,70.0,16.0,17.0,5.0,21.0,53.0,141.0,0.0,9.2,0.564,0.402,0.383,6.9,10.4,8.7,4.7,1.8,1.1,14.4,13.7,0.2,0.4,0.6,0.065,-3.5,-0.1,-3.6,-0.2,0.0,2023
407,Serge Ibaka,11.6,1.6,3.4,0.481,0.4,1.1,0.333,1.3,2.3,0.556,0.537,0.5,0.8,0.615,0.9,1.8,2.8,0.3,0.1,0.4,0.7,1.4,4.1,0.0,0.0,1000.0,0.0,0.0,0.0,0.0,0.0,0.0,0.0,0.0,0.0,0.0,0.0,0.0,0.0,16.0,0.0,185.0,26.0,54.0,0.481,6.0,18.0,0.333,20.0,36.0,0.556,0.537,8.0,13.0,0.615,15.0,29.0,44.0,4.0,2.0,7.0,11.0,23.0,66.0,0.0,9.8,0.553,0.333,0.241,8.8,15.7,12.4,2.9,0.5,3.1,15.6,16.1,0.0,0.2,0.2,0.058,-4.6,0.0,-4.5,-0.1,0.0,2023
408,Isaiah Roby,11.3,1.6,3.7,0.432,0.4,1.4,0.3,1.2,2.3,0.516,0.49,0.5,1.0,0.488,0.5,2.0,2.5,0.9,0.4,0.2,0.7,1.3,4.1,0.0,0.0,1000.0,0.0,0.0,0.0,0.0,0.0,0.0,0.0,0.0,0.0,0.0,0.0,0.0,0.0,42.0,2.0,474.0,67.0,155.0,0.432,18.0,60.0,0.3,49.0,95.0,0.516,0.49,20.0,41.0,0.488,21.0,86.0,107.0,38.0,18.0,7.0,31.0,53.0,172.0,0.0,9.3,0.497,0.387,0.265,4.7,20.6,12.3,10.7,1.8,1.2,15.2,17.8,-0.4,0.3,-0.1,-0.011,-4.0,-0.6,-4.6,-0.3,0.0,2023
409,Daishen Nix,16.0,1.4,4.2,0.342,0.7,2.5,0.286,0.7,1.7,0.423,0.426,0.4,0.6,0.667,0.3,1.4,1.7,2.3,0.5,0.1,1.5,1.0,4.0,0.0,0.0,1000.0,0.0,0.0,0.0,0.0,0.0,0.0,0.0,0.0,0.0,0.0,0.0,0.0,0.0,57.0,7.0,914.0,81.0,237.0,0.342,40.0,140.0,0.286,41.0,97.0,0.423,0.426,24.0,36.0,0.667,18.0,80.0,98.0,132.0,31.0,7.0,86.0,59.0,226.0,0.0,5.3,0.447,0.591,0.152,2.1,9.7,5.9,19.2,1.6,0.7,25.4,15.4,-1.5,0.3,-1.2,-0.062,-5.0,-1.5,-6.5,-1.0,0.0,2023
410,Olivier Sarr,12.7,1.7,3.3,0.5,0.1,0.9,0.125,1.6,2.4,0.636,0.517,0.6,0.8,0.714,1.3,2.1,3.4,0.4,0.1,0.6,0.4,1.9,4.0,0.0,0.0,1000.0,0.0,0.0,0.0,0.0,0.0,0.0,0.0,0.0,0.0,0.0,0.0,0.0,0.0,9.0,1.0,114.0,15.0,30.0,0.5,1.0,8.0,0.125,14.0,22.0,0.636,0.517,5.0,7.0,0.714,12.0,19.0,31.0,4.0,1.0,5.0,4.0,17.0,36.0,0.0,11.5,0.544,0.267,0.233,11.1,18.2,14.6,4.6,0.4,4.1,10.8,13.6,0.1,0.1,0.2,0.094,-4.2,-0.7,-4.9,-0.1,0.0,2023
411,Bruno Fernando,10.4,1.5,2.9,0.527,0.0,0.1,0.0,1.5,2.8,0.546,0.527,0.9,1.3,0.7,1.4,2.1,3.5,0.8,0.2,0.9,0.6,1.9,3.9,0.0,0.0,1000.0,0.0,0.0,0.0,0.0,0.0,0.0,0.0,0.0,0.0,0.0,0.0,0.0,0.0,39.0,4.0,405.0,59.0,112.0,0.527,0.0,4.0,0.0,59.0,108.0,0.546,0.527,35.0,50.0,0.7,54.0,83.0,137.0,31.0,6.0,34.0,25.0,74.0,153.0,0.0,16.6,0.571,0.036,0.446,14.5,22.8,18.6,10.8,0.7,8.1,15.7,16.3,0.5,0.4,0.9,0.109,-2.8,0.7,-2.0,0.0,0.0,2023
412,Patrick Baldwin Jr.,7.3,1.4,3.5,0.394,1.0,2.7,0.381,0.4,0.8,0.44,0.541,0.1,0.2,0.667,0.0,1.3,1.3,0.4,0.2,0.1,0.4,0.5,3.9,0.0,0.0,1000.0,0.0,0.0,0.0,0.0,0.0,0.0,0.0,0.0,0.0,0.0,0.0,0.0,0.0,31.0,0.0,226.0,43.0,109.0,0.394,32.0,84.0,0.381,11.0,25.0,0.44,0.541,4.0,6.0,0.667,1.0,39.0,40.0,11.0,6.0,4.0,11.0,14.0,122.0,0.0,11.3,0.546,0.771,0.055,0.5,18.6,9.7,6.9,1.3,1.6,9.0,22.8,-0.1,0.3,0.1,0.029,-0.7,-1.4,-2.1,0.0,0.0,2023
413,Dominick Barlow,14.6,1.6,3.1,0.535,0.0,0.1,0.0,1.6,2.9,0.561,0.535,0.6,0.9,0.72,1.6,2.0,3.6,0.9,0.4,0.7,0.5,2.0,3.9,0.0,0.0,1000.0,0.0,0.0,0.0,0.0,0.0,0.0,0.0,0.0,0.0,0.0,0.0,0.0,0.0,28.0,0.0,408.0,46.0,86.0,0.535,0.0,4.0,0.0,46.0,82.0,0.561,0.535,18.0,25.0,0.72,46.0,56.0,102.0,24.0,10.0,19.0,15.0,56.0,110.0,0.0,12.4,0.567,0.047,0.291,11.9,15.6,13.7,7.6,1.2,3.8,13.4,11.3,0.5,0.2,0.7,0.082,-3.7,-0.9,-4.6,-0.3,0.0,2023
414,Gorgui Dieng,11.5,1.5,3.8,0.385,0.7,2.4,0.28,0.8,1.4,0.571,0.474,0.3,0.4,0.769,0.9,2.6,3.5,1.7,0.1,0.5,1.0,1.8,3.9,0.0,0.0,1000.0,0.0,0.0,0.0,0.0,0.0,0.0,0.0,0.0,0.0,0.0,0.0,0.0,0.0,31.0,1.0,358.0,45.0,117.0,0.385,21.0,75.0,0.28,24.0,42.0,0.571,0.474,10.0,13.0,0.769,27.0,80.0,107.0,53.0,4.0,14.0,32.0,57.0,121.0,0.0,9.9,0.493,0.641,0.111,7.9,25.4,16.3,19.4,0.5,3.2,20.7,17.9,-0.2,0.2,0.0,0.001,-4.0,0.1,-3.9,-0.2,0.0,2023
415,Udonis Haslem,10.1,1.4,4.1,0.345,0.4,1.3,0.333,1.0,2.9,0.35,0.397,0.6,0.7,0.8,0.6,1.0,1.6,0.0,0.1,0.3,0.1,1.6,3.9,0.0,0.0,1000.0,0.0,0.0,0.0,0.0,0.0,0.0,0.0,0.0,0.0,0.0,0.0,0.0,0.0,7.0,1.0,71.0,10.0,29.0,0.345,3.0,9.0,0.333,7.0,20.0,0.35,0.397,4.0,5.0,0.8,4.0,7.0,11.0,0.0,1.0,2.0,1.0,11.0,27.0,0.0,6.2,0.433,0.31,0.172,6.4,12.0,9.1,0.0,0.7,2.9,3.1,20.1,-0.1,0.1,0.0,-0.009,-8.2,-3.9,-12.1,-0.2,0.0,2023
416,Aaron Holiday,13.4,1.5,3.5,0.418,0.6,1.4,0.409,0.9,2.1,0.424,0.5,0.4,0.5,0.844,0.4,0.8,1.2,1.4,0.6,0.2,0.6,1.3,3.9,0.0,0.0,1000.0,0.0,0.0,0.0,0.0,0.0,0.0,0.0,0.0,0.0,0.0,0.0,0.0,0.0,63.0,6.0,845.0,92.0,220.0,0.418,36.0,88.0,0.409,56.0,132.0,0.424,0.5,27.0,32.0,0.844,25.0,49.0,74.0,89.0,37.0,12.0,36.0,79.0,247.0,0.0,9.4,0.528,0.4,0.145,3.2,6.4,4.8,13.0,2.1,1.2,13.3,13.4,0.3,0.6,0.9,0.053,-2.9,0.9,-2.0,0.0,0.0,2023
417,Jabari Walker,11.1,1.5,3.5,0.419,0.3,1.0,0.286,1.2,2.5,0.472,0.46,0.6,0.8,0.756,0.9,1.5,2.3,0.6,0.2,0.2,0.5,1.2,3.9,0.0,0.0,1000.0,0.0,0.0,0.0,0.0,0.0,0.0,0.0,0.0,0.0,0.0,0.0,0.0,0.0,56.0,0.0,619.0,83.0,198.0,0.419,16.0,56.0,0.286,67.0,142.0,0.472,0.46,34.0,45.0,0.756,48.0,83.0,131.0,34.0,10.0,13.0,29.0,69.0,216.0,0.0,9.6,0.496,0.283,0.227,8.8,15.5,12.2,7.8,0.8,1.9,11.8,17.3,-0.1,0.3,0.2,0.015,-3.9,-2.1,-6.1,-0.6,0.0,2023
418,Markieff Morris,10.1,1.3,3.3,0.409,0.8,2.0,0.394,0.5,1.3,0.432,0.53,0.3,0.3,1.0,0.4,1.7,2.0,0.9,0.3,0.1,0.5,1.4,3.8,0.0,0.0,1000.0,0.0,0.0,0.0,0.0,0.0,0.0,0.0,0.0,0.0,0.0,0.0,0.0,0.0,35.0,2.0,355.0,47.0,115.0,0.409,28.0,71.0,0.394,19.0,44.0,0.432,0.53,10.0,10.0,1.0,13.0,58.0,71.0,31.0,9.0,5.0,18.0,48.0,132.0,0.0,10.4,0.553,0.617,0.087,4.2,18.2,11.3,12.2,1.2,1.2,13.1,17.2,0.1,0.4,0.4,0.059,-2.3,-0.4,-2.7,-0.1,0.0,2023
419,Xavier Cooks,12.6,1.7,2.8,0.607,0.0,0.1,0.0,1.7,2.7,0.63,0.607,0.4,1.0,0.4,1.6,2.2,3.8,0.6,0.6,0.4,0.8,1.3,3.8,0.0,0.0,1000.0,0.0,0.0,0.0,0.0,0.0,0.0,0.0,0.0,0.0,0.0,0.0,0.0,0.0,10.0,1.0,126.0,17.0,28.0,0.607,0.0,1.0,0.0,17.0,27.0,0.63,0.607,4.0,10.0,0.4,16.0,22.0,38.0,6.0,6.0,4.0,8.0,13.0,38.0,0.0,14.3,0.586,0.036,0.357,14.7,18.7,16.8,6.4,2.3,2.7,19.8,13.9,0.1,0.2,0.2,0.094,-3.2,-0.4,-3.6,-0.1,0.0,2023
420,Dyson Daniels,17.7,1.5,3.5,0.418,0.5,1.5,0.314,1.0,2.1,0.492,0.483,0.4,0.7,0.65,0.6,2.6,3.2,2.3,0.7,0.2,1.0,1.7,3.8,0.0,0.0,1000.0,0.0,0.0,0.0,0.0,0.0,0.0,0.0,0.0,0.0,0.0,0.0,0.0,0.0,59.0,11.0,1042.0,87.0,208.0,0.418,27.0,86.0,0.314,60.0,122.0,0.492,0.483,26.0,40.0,0.65,36.0,152.0,188.0,134.0,43.0,11.0,57.0,99.0,227.0,0.0,8.8,0.503,0.413,0.192,3.9,16.5,10.2,16.4,2.0,1.0,20.2,11.6,-0.1,1.4,1.3,0.061,-3.4,1.6,-1.8,0.0,0.0,2023
421,Darius Days,6.3,1.3,3.0,0.417,0.8,2.5,0.3,0.5,0.5,1.0,0.542,0.5,0.5,1.0,0.3,1.3,1.5,0.3,0.0,0.3,0.0,0.5,3.8,0.0,0.0,1000.0,0.0,0.0,0.0,0.0,0.0,0.0,0.0,0.0,0.0,0.0,0.0,0.0,0.0,4.0,0.0,25.0,5.0,12.0,0.417,3.0,10.0,0.3,2.0,2.0,1.0,0.542,2.0,2.0,1.0,1.0,5.0,6.0,1.0,0.0,1.0,0.0,2.0,15.0,0.0,18.3,0.582,0.833,0.167,4.3,22.2,13.2,6.2,0.0,3.9,0.0,21.4,0.1,0.0,0.1,0.156,4.7,-1.2,3.5,0.0,0.0,2023
422,Caleb Houstan,15.9,1.3,3.6,0.363,0.9,2.7,0.338,0.4,0.9,0.435,0.489,0.3,0.4,0.833,0.7,1.3,1.9,0.6,0.2,0.1,0.4,1.2,3.8,0.0,0.0,1000.0,0.0,0.0,0.0,0.0,0.0,0.0,0.0,0.0,0.0,0.0,0.0,0.0,0.0,51.0,4.0,812.0,66.0,182.0,0.363,46.0,136.0,0.338,20.0,46.0,0.435,0.489,15.0,18.0,0.833,34.0,65.0,99.0,30.0,12.0,7.0,18.0,63.0,193.0,0.0,6.2,0.508,0.747,0.099,4.7,9.1,6.9,4.9,0.7,0.8,8.7,11.0,0.1,0.5,0.7,0.039,-3.1,-0.9,-4.0,-0.4,0.0,2023
423,Furkan Korkmaz,9.5,1.3,3.0,0.432,0.5,1.2,0.391,0.8,1.8,0.462,0.514,0.7,1.0,0.722,0.2,1.0,1.1,0.6,0.3,0.1,0.6,0.5,3.8,0.0,0.0,1000.0,0.0,0.0,0.0,0.0,0.0,0.0,0.0,0.0,0.0,0.0,0.0,0.0,0.0,37.0,0.0,353.0,48.0,111.0,0.432,18.0,46.0,0.391,30.0,65.0,0.462,0.514,26.0,36.0,0.722,6.0,36.0,42.0,22.0,10.0,3.0,24.0,18.0,140.0,0.0,9.3,0.552,0.414,0.324,2.0,11.8,7.0,8.8,1.4,0.8,15.9,19.1,-0.2,0.3,0.1,0.019,-3.3,-1.0,-4.4,-0.2,0.0,2023
424,Luke Kornet,11.7,1.6,2.5,0.665,0.0,0.2,0.231,1.6,2.3,0.701,0.674,0.5,0.6,0.821,1.2,1.6,2.9,0.8,0.2,0.7,0.4,1.2,3.8,0.0,0.0,1000.0,0.0,0.0,0.0,0.0,0.0,0.0,0.0,0.0,0.0,0.0,0.0,0.0,0.0,69.0,0.0,804.0,113.0,170.0,0.665,3.0,13.0,0.231,110.0,157.0,0.701,0.674,32.0,39.0,0.821,86.0,111.0,197.0,53.0,11.0,46.0,25.0,81.0,261.0,0.0,16.7,0.697,0.076,0.229,11.9,14.8,13.4,9.1,0.7,4.9,11.8,11.5,2.1,1.2,3.3,0.198,-0.4,1.3,1.0,0.6,0.0,2023
425,JT Thor,14.0,1.4,3.4,0.399,0.6,1.8,0.317,0.8,1.7,0.487,0.481,0.5,0.7,0.702,0.5,1.7,2.2,0.5,0.3,0.3,0.6,1.0,3.8,0.0,0.0,1000.0,0.0,0.0,0.0,0.0,0.0,0.0,0.0,0.0,0.0,0.0,0.0,0.0,0.0,69.0,8.0,969.0,95.0,238.0,0.399,39.0,123.0,0.317,56.0,115.0,0.487,0.481,33.0,47.0,0.702,36.0,116.0,152.0,36.0,22.0,23.0,44.0,66.0,262.0,0.0,7.0,0.506,0.517,0.197,3.9,13.0,8.4,4.9,1.1,2.1,14.5,13.1,-0.6,0.8,0.2,0.009,-4.3,-0.4,-4.7,-0.7,0.0,2023
426,A.J. Lawson,7.2,1.5,2.9,0.5,0.7,1.7,0.4,0.8,1.3,0.632,0.614,0.1,0.5,0.25,0.4,1.0,1.4,0.1,0.1,0.0,0.2,0.7,3.7,0.0,0.0,1000.0,0.0,0.0,0.0,0.0,0.0,0.0,0.0,0.0,0.0,0.0,0.0,0.0,0.0,15.0,0.0,108.0,22.0,44.0,0.5,10.0,25.0,0.4,12.0,19.0,0.632,0.614,2.0,8.0,0.25,6.0,15.0,21.0,2.0,2.0,0.0,3.0,11.0,56.0,0.0,13.9,0.589,0.568,0.182,6.4,16.3,11.3,3.0,0.9,0.0,5.9,21.1,0.1,0.1,0.1,0.063,-1.5,-2.9,-4.4,-0.1,0.0,2023
427,David Duke Jr.,9.9,1.6,3.4,0.462,0.0,0.5,0.083,1.5,2.9,0.53,0.468,0.5,0.7,0.706,0.5,0.8,1.3,0.9,0.4,0.0,0.8,1.3,3.7,0.0,0.0,1000.0,0.0,0.0,0.0,0.0,0.0,0.0,0.0,0.0,0.0,0.0,0.0,0.0,0.0,23.0,0.0,228.0,36.0,78.0,0.462,1.0,12.0,0.083,35.0,66.0,0.53,0.468,12.0,17.0,0.706,11.0,18.0,29.0,21.0,10.0,1.0,18.0,31.0,85.0,0.0,8.3,0.497,0.154,0.218,5.5,8.7,7.1,13.1,2.1,0.4,17.4,20.1,-0.3,0.2,-0.1,-0.011,-6.3,-1.0,-7.3,-0.3,0.0,2023
428,Nathan Knight,7.7,1.2,2.1,0.568,0.2,0.6,0.364,1.0,1.6,0.644,0.617,1.0,1.5,0.684,0.6,0.9,1.5,0.3,0.3,0.2,0.6,1.1,3.7,0.0,0.0,1000.0,0.0,0.0,0.0,0.0,0.0,0.0,0.0,0.0,0.0,0.0,0.0,0.0,0.0,38.0,0.0,291.0,46.0,81.0,0.568,8.0,22.0,0.364,38.0,59.0,0.644,0.617,39.0,57.0,0.684,22.0,34.0,56.0,13.0,10.0,6.0,21.0,41.0,139.0,0.0,14.5,0.655,0.272,0.704,8.6,12.8,10.8,6.1,1.6,1.8,16.5,18.7,0.4,0.3,0.7,0.116,-2.4,-0.8,-3.2,-0.1,0.0,2023
429,Jordan McLaughlin,15.8,1.4,3.4,0.421,0.6,1.8,0.308,0.9,1.6,0.552,0.503,0.3,0.4,0.833,0.3,1.1,1.4,3.4,0.7,0.1,0.8,0.7,3.7,0.0,0.0,1000.0,0.0,0.0,0.0,0.0,0.0,0.0,0.0,0.0,0.0,0.0,0.0,0.0,0.0,43.0,0.0,678.0,61.0,145.0,0.421,24.0,78.0,0.308,37.0,67.0,0.552,0.503,15.0,18.0,0.833,15.0,47.0,62.0,148.0,32.0,4.0,33.0,28.0,161.0,0.0,11.8,0.526,0.538,0.124,2.5,7.6,5.1,27.4,2.2,0.5,17.7,11.7,0.7,0.6,1.3,0.094,-1.3,0.6,-0.7,0.2,0.0,2023
430,Orlando Robinson,13.7,1.5,2.9,0.528,0.0,0.2,0.0,1.5,2.7,0.566,0.528,0.7,1.0,0.71,1.5,2.5,4.1,0.8,0.4,0.4,0.5,1.7,3.7,0.0,0.0,1000.0,0.0,0.0,0.0,0.0,0.0,0.0,0.0,0.0,0.0,0.0,0.0,0.0,0.0,31.0,1.0,425.0,47.0,89.0,0.528,0.0,6.0,0.0,47.0,83.0,0.566,0.528,22.0,31.0,0.71,48.0,78.0,126.0,25.0,12.0,12.0,16.0,53.0,116.0,0.0,13.4,0.565,0.067,0.348,12.8,22.3,17.4,8.4,1.4,2.9,13.5,12.4,0.5,0.6,1.1,0.129,-2.7,0.7,-2.1,0.0,0.0,2023
431,Matt Ryan,9.1,1.2,3.2,0.37,0.9,2.5,0.381,0.2,0.7,0.333,0.519,0.3,0.4,0.833,0.1,0.6,0.8,0.5,0.1,0.0,0.2,0.8,3.6,0.0,0.0,1000.0,0.0,0.0,0.0,0.0,0.0,0.0,0.0,0.0,0.0,0.0,0.0,0.0,0.0,34.0,0.0,310.0,40.0,108.0,0.37,32.0,84.0,0.381,8.0,24.0,0.333,0.519,10.0,12.0,0.833,4.0,22.0,26.0,16.0,5.0,1.0,7.0,27.0,122.0,0.0,8.1,0.538,0.778,0.111,1.4,7.6,4.6,6.9,0.8,0.3,5.8,16.5,0.1,0.2,0.3,0.044,-1.9,-1.5,-3.4,-0.1,0.0,2023
432,Bryn Forbes,10.7,1.2,3.3,0.361,0.6,1.8,0.304,0.6,1.5,0.432,0.446,0.6,0.6,1.0,0.2,0.4,0.6,0.7,0.3,0.1,0.5,0.9,3.6,0.0,0.0,1000.0,0.0,0.0,0.0,0.0,0.0,0.0,0.0,0.0,0.0,0.0,0.0,0.0,0.0,25.0,0.0,268.0,30.0,83.0,0.361,14.0,46.0,0.304,16.0,37.0,0.432,0.446,15.0,15.0,1.0,4.0,11.0,15.0,17.0,7.0,2.0,12.0,22.0,89.0,0.0,6.2,0.497,0.554,0.181,1.7,4.5,3.1,8.2,1.2,0.7,11.8,16.2,-0.2,0.2,0.0,0.0,-4.8,-1.5,-6.3,-0.3,0.0,2023
433,Damian Jones,11.6,1.3,2.1,0.64,0.2,0.4,0.588,1.1,1.7,0.652,0.698,0.5,0.7,0.759,1.0,2.0,3.0,0.4,0.2,0.5,0.6,1.3,3.5,0.0,0.0,1000.0,0.0,0.0,0.0,0.0,0.0,0.0,0.0,0.0,0.0,0.0,0.0,0.0,0.0,41.0,1.0,477.0,55.0,86.0,0.64,10.0,17.0,0.588,45.0,69.0,0.652,0.698,22.0,29.0,0.759,42.0,80.0,122.0,15.0,8.0,21.0,23.0,55.0,142.0,0.0,12.9,0.719,0.198,0.337,9.7,17.7,13.8,4.1,0.8,3.7,18.9,10.7,0.7,0.5,1.2,0.119,-2.0,0.3,-1.7,0.0,0.0,2023
434,Udoka Azubuike,10.0,1.6,2.0,0.819,0.0,0.0,0.0,1.6,2.0,0.819,0.819,0.2,0.6,0.35,0.9,2.4,3.3,0.3,0.2,0.4,0.5,0.9,3.5,0.0,0.0,1000.0,0.0,0.0,0.0,0.0,0.0,0.0,0.0,0.0,0.0,0.0,0.0,0.0,0.0,36.0,4.0,359.0,59.0,72.0,0.819,0.0,0.0,0.0,59.0,72.0,0.819,0.819,7.0,20.0,0.35,31.0,88.0,119.0,11.0,6.0,15.0,18.0,34.0,125.0,0.0,16.1,0.774,0.0,0.278,9.5,26.1,17.9,4.3,0.8,3.5,18.2,11.5,0.6,0.4,1.0,0.134,-1.2,0.5,-0.6,0.1,0.0,2023
435,Miles McBride,11.9,1.2,3.4,0.358,0.6,2.1,0.299,0.6,1.3,0.457,0.451,0.4,0.7,0.667,0.2,0.6,0.8,1.1,0.6,0.1,0.4,0.9,3.5,0.0,0.0,1000.0,0.0,0.0,0.0,0.0,0.0,0.0,0.0,0.0,0.0,0.0,0.0,0.0,0.0,64.0,2.0,760.0,77.0,215.0,0.358,40.0,134.0,0.299,37.0,81.0,0.457,0.451,28.0,42.0,0.667,13.0,37.0,50.0,72.0,37.0,8.0,25.0,60.0,222.0,0.0,8.4,0.475,0.623,0.195,1.9,5.4,3.6,12.4,2.4,1.0,9.7,14.6,0.0,0.7,0.7,0.047,-3.6,1.4,-2.3,-0.1,0.0,2023
436,P.J. Tucker,25.6,1.3,3.0,0.427,0.7,1.9,0.393,0.5,1.1,0.482,0.549,0.3,0.3,0.826,1.3,2.7,3.9,0.8,0.5,0.2,0.6,2.4,3.5,0.0,0.0,1000.0,0.0,0.0,0.0,0.0,0.0,0.0,0.0,0.0,0.0,0.0,0.0,0.0,0.0,75.0,75.0,1920.0,96.0,225.0,0.427,55.0,140.0,0.393,41.0,85.0,0.482,0.549,19.0,23.0,0.826,95.0,200.0,295.0,60.0,39.0,15.0,44.0,180.0,266.0,0.0,5.7,0.566,0.622,0.102,5.9,12.1,9.1,3.9,1.0,0.7,15.8,6.5,0.9,1.7,2.5,0.064,-3.2,0.2,-3.0,-0.5,0.0,2023
437,Amir Coffey,12.5,1.1,2.9,0.386,0.2,0.8,0.275,0.9,2.1,0.429,0.424,1.0,1.3,0.778,0.3,0.7,1.1,1.1,0.1,0.1,0.4,1.0,3.4,0.0,0.0,1000.0,0.0,0.0,0.0,0.0,0.0,0.0,0.0,0.0,0.0,0.0,0.0,0.0,0.0,50.0,9.0,625.0,56.0,145.0,0.386,11.0,40.0,0.275,45.0,105.0,0.429,0.424,49.0,63.0,0.778,17.0,36.0,53.0,53.0,7.0,5.0,21.0,50.0,172.0,0.0,7.0,0.498,0.276,0.434,3.1,6.4,4.7,11.2,0.5,0.7,10.8,13.5,0.1,0.3,0.4,0.033,-4.3,-0.7,-5.0,-0.5,0.0,2023
438,Taj Gibson,9.8,1.3,2.6,0.52,0.2,0.5,0.333,1.2,2.1,0.564,0.552,0.6,0.9,0.714,0.7,1.2,1.9,0.7,0.3,0.2,0.5,1.7,3.4,0.0,0.0,1000.0,0.0,0.0,0.0,0.0,0.0,0.0,0.0,0.0,0.0,0.0,0.0,0.0,0.0,49.0,2.0,480.0,65.0,125.0,0.52,8.0,24.0,0.333,57.0,101.0,0.564,0.552,30.0,42.0,0.714,32.0,61.0,93.0,34.0,15.0,12.0,26.0,84.0,168.0,0.0,11.4,0.585,0.192,0.336,7.7,13.6,10.8,9.6,1.5,2.1,15.3,15.3,0.4,0.5,0.8,0.082,-3.6,0.5,-3.2,-0.1,0.0,2023
439,Kai Jones,12.0,1.5,2.6,0.558,0.1,0.4,0.211,1.4,2.2,0.624,0.575,0.4,0.6,0.731,0.8,1.9,2.7,0.3,0.4,0.7,0.7,1.4,3.4,0.0,0.0,1000.0,0.0,0.0,0.0,0.0,0.0,0.0,0.0,0.0,0.0,0.0,0.0,0.0,0.0,46.0,0.0,550.0,67.0,120.0,0.558,4.0,19.0,0.211,63.0,101.0,0.624,0.575,19.0,26.0,0.731,37.0,86.0,123.0,15.0,17.0,30.0,31.0,65.0,157.0,0.0,10.8,0.597,0.158,0.217,7.0,17.0,11.9,3.7,1.5,4.7,19.1,12.4,0.0,0.7,0.7,0.062,-4.8,0.8,-4.0,-0.3,0.0,2023
440,Wesley Matthews,15.8,1.1,3.1,0.363,0.8,2.4,0.315,0.4,0.7,0.528,0.484,0.5,0.5,0.857,0.7,1.5,2.2,0.7,0.4,0.3,0.3,1.4,3.4,0.0,0.0,1000.0,0.0,0.0,0.0,0.0,0.0,0.0,0.0,0.0,0.0,0.0,0.0,0.0,0.0,52.0,0.0,820.0,58.0,160.0,0.363,39.0,124.0,0.315,19.0,36.0,0.528,0.484,24.0,28.0,0.857,34.0,79.0,113.0,34.0,20.0,13.0,18.0,71.0,179.0,0.0,7.0,0.519,0.775,0.175,4.5,9.7,7.2,5.1,1.2,1.3,9.5,9.8,0.3,0.9,1.2,0.073,-3.4,0.8,-2.7,-0.1,0.0,2023
441,Micah Potter,7.4,1.4,2.1,0.667,0.6,1.0,0.571,0.9,1.1,0.75,0.8,0.0,0.0,0.0,0.4,1.9,2.3,0.6,0.1,0.0,0.3,0.7,3.4,0.0,0.0,1000.0,0.0,0.0,0.0,0.0,0.0,0.0,0.0,0.0,0.0,0.0,0.0,0.0,0.0,7.0,0.0,52.0,10.0,15.0,0.667,4.0,7.0,0.571,6.0,8.0,0.75,0.8,0.0,0.0,0.0,3.0,13.0,16.0,4.0,1.0,0.0,2.0,5.0,24.0,0.0,18.6,0.8,0.467,0.0,6.3,26.7,16.6,11.2,0.9,0.0,11.8,13.7,0.2,0.0,0.2,0.186,2.4,1.2,3.5,0.1,0.0,2023
442,Jericho Sims,15.6,1.6,2.1,0.776,0.0,0.0,0.0,1.6,2.0,0.783,0.776,0.2,0.3,0.75,1.9,2.8,4.7,0.5,0.3,0.5,0.5,1.8,3.4,0.0,0.0,1000.0,0.0,0.0,0.0,0.0,0.0,0.0,0.0,0.0,0.0,0.0,0.0,0.0,0.0,52.0,16.0,812.0,83.0,107.0,0.776,0.0,1.0,0.0,83.0,106.0,0.783,0.776,12.0,16.0,0.75,99.0,143.0,242.0,25.0,15.0,28.0,27.0,96.0,178.0,0.0,13.8,0.78,0.009,0.15,13.3,19.4,16.4,4.0,0.9,3.2,19.1,7.4,1.6,0.9,2.6,0.153,-1.0,0.5,-0.5,0.3,0.0,2023
443,Anthony Gill,10.6,1.2,2.2,0.538,0.1,0.5,0.138,1.1,1.7,0.65,0.553,0.8,1.1,0.731,0.6,1.1,1.7,0.6,0.1,0.2,0.3,1.2,3.3,0.0,0.0,1000.0,0.0,0.0,0.0,0.0,0.0,0.0,0.0,0.0,0.0,0.0,0.0,0.0,0.0,59.0,8.0,624.0,71.0,132.0,0.538,4.0,29.0,0.138,67.0,103.0,0.65,0.553,49.0,67.0,0.731,37.0,62.0,99.0,34.0,7.0,12.0,15.0,70.0,195.0,0.0,11.1,0.604,0.22,0.508,6.9,10.6,8.8,7.2,0.5,1.6,8.5,12.3,1.0,0.4,1.3,0.101,-2.4,-0.9,-3.3,-0.2,0.0,2023
444,Boban Marjanović,5.5,1.3,1.9,0.683,0.0,0.0,0.0,1.3,1.9,0.695,0.683,0.6,0.9,0.741,0.6,1.3,1.9,0.3,0.2,0.1,0.5,0.3,3.3,0.0,0.0,1000.0,0.0,0.0,0.0,0.0,0.0,0.0,0.0,0.0,0.0,0.0,0.0,0.0,0.0,31.0,0.0,171.0,41.0,60.0,0.683,0.0,1.0,0.0,41.0,59.0,0.695,0.683,20.0,27.0,0.741,20.0,40.0,60.0,9.0,5.0,2.0,14.0,10.0,102.0,0.0,23.4,0.71,0.017,0.45,12.7,26.0,19.3,8.7,1.4,1.1,16.3,20.8,0.4,0.1,0.6,0.158,3.0,-1.5,1.6,0.2,0.0,2023
445,Raul Neto,10.5,1.2,2.3,0.518,0.3,0.9,0.286,0.9,1.4,0.662,0.573,0.6,0.7,0.912,0.2,0.8,1.0,1.6,0.4,0.1,0.5,1.0,3.3,0.0,0.0,1000.0,0.0,0.0,0.0,0.0,0.0,0.0,0.0,0.0,0.0,0.0,0.0,0.0,0.0,48.0,1.0,505.0,57.0,110.0,0.518,12.0,42.0,0.286,45.0,68.0,0.662,0.573,31.0,34.0,0.912,10.0,36.0,46.0,79.0,17.0,4.0,24.0,49.0,157.0,0.0,12.6,0.628,0.382,0.309,2.3,8.4,5.4,21.0,1.7,0.7,16.1,13.2,0.8,0.6,1.5,0.142,-1.7,1.5,-0.2,0.2,0.0,2023
446,Peyton Watson,8.1,1.3,2.6,0.492,0.3,0.6,0.429,1.0,2.0,0.511,0.542,0.5,0.9,0.55,0.3,1.3,1.6,0.5,0.1,0.5,0.3,0.6,3.3,0.0,0.0,1000.0,0.0,0.0,0.0,0.0,0.0,0.0,0.0,0.0,0.0,0.0,0.0,0.0,0.0,23.0,2.0,186.0,29.0,59.0,0.492,6.0,14.0,0.429,23.0,45.0,0.511,0.542,11.0,20.0,0.55,8.0,29.0,37.0,11.0,2.0,11.0,8.0,14.0,75.0,0.0,12.8,0.553,0.237,0.339,5.1,17.4,11.4,7.9,0.5,5.2,10.6,17.7,0.1,0.2,0.3,0.073,-2.7,-0.1,-2.8,0.0,0.0,2023
447,Jared Rhoden,14.1,1.2,3.1,0.386,0.4,1.4,0.25,0.9,1.7,0.5,0.443,0.4,0.4,1.0,0.8,1.9,2.6,0.3,0.3,0.1,0.2,1.6,3.2,0.0,0.0,1000.0,0.0,0.0,0.0,0.0,0.0,0.0,0.0,0.0,0.0,0.0,0.0,0.0,0.0,14.0,0.0,198.0,17.0,44.0,0.386,5.0,20.0,0.25,12.0,24.0,0.5,0.443,6.0,6.0,1.0,11.0,26.0,37.0,4.0,4.0,1.0,3.0,23.0,45.0,0.0,6.5,0.482,0.455,0.136,6.0,15.0,10.4,2.8,1.0,0.4,6.0,10.7,0.0,0.1,0.1,0.027,-5.0,-1.1,-6.1,-0.2,0.0,2023
448,Max Christie,12.5,1.1,2.6,0.415,0.6,1.5,0.419,0.4,1.1,0.409,0.538,0.3,0.4,0.875,0.2,1.7,1.8,0.5,0.2,0.2,0.3,0.8,3.1,0.0,0.0,1000.0,0.0,0.0,0.0,0.0,0.0,0.0,0.0,0.0,0.0,0.0,0.0,0.0,0.0,41.0,3.0,512.0,44.0,106.0,0.415,26.0,62.0,0.419,18.0,44.0,0.409,0.538,14.0,16.0,0.875,7.0,68.0,75.0,21.0,9.0,7.0,13.0,33.0,128.0,0.0,7.4,0.566,0.585,0.151,1.5,13.8,7.8,5.1,0.8,1.2,10.3,10.4,0.1,0.5,0.6,0.058,-3.2,0.0,-3.1,-0.1,0.0,2023
449,Jordan Hall,9.2,1.0,3.1,0.321,0.3,1.7,0.2,0.7,1.4,0.462,0.375,0.8,1.0,0.778,0.3,1.0,1.3,1.2,0.1,0.0,0.8,0.7,3.1,0.0,0.0,1000.0,0.0,0.0,0.0,0.0,0.0,0.0,0.0,0.0,0.0,0.0,0.0,0.0,0.0,9.0,0.0,83.0,9.0,28.0,0.321,3.0,15.0,0.2,6.0,13.0,0.462,0.375,7.0,9.0,0.778,3.0,9.0,12.0,11.0,1.0,0.0,7.0,6.0,28.0,0.0,5.5,0.438,0.536,0.321,3.8,12.3,7.9,17.0,0.6,0.0,18.0,19.4,-0.1,0.0,-0.1,-0.077,-4.7,-2.9,-7.6,-0.1,0.0,2023
450,Richaun Holmes,8.3,1.3,2.1,0.618,0.1,0.2,0.625,1.2,1.9,0.617,0.646,0.4,0.5,0.789,0.7,1.2,1.9,0.2,0.1,0.3,0.3,1.2,3.1,0.0,0.0,1000.0,0.0,0.0,0.0,0.0,0.0,0.0,0.0,0.0,0.0,0.0,0.0,0.0,0.0,42.0,1.0,348.0,55.0,89.0,0.618,5.0,8.0,0.625,50.0,81.0,0.617,0.646,15.0,19.0,0.789,29.0,51.0,80.0,9.0,3.0,11.0,14.0,50.0,130.0,0.0,12.9,0.668,0.09,0.213,9.6,16.6,13.1,3.5,0.4,2.8,12.6,13.7,0.6,0.3,0.8,0.113,-2.0,-0.9,-2.9,-0.1,0.0,2023
451,Christian Koloko,13.8,1.2,2.6,0.48,0.0,0.2,0.083,1.2,2.4,0.514,0.483,0.6,1.0,0.627,1.4,1.5,2.9,0.5,0.4,1.0,0.3,2.2,3.1,0.0,0.0,1000.0,0.0,0.0,0.0,0.0,0.0,0.0,0.0,0.0,0.0,0.0,0.0,0.0,0.0,58.0,19.0,802.0,72.0,150.0,0.48,1.0,12.0,0.083,71.0,138.0,0.514,0.483,37.0,59.0,0.627,84.0,87.0,171.0,31.0,21.0,57.0,20.0,128.0,182.0,0.0,11.4,0.517,0.08,0.393,11.1,13.3,12.1,5.0,1.3,6.9,10.2,10.4,0.7,1.0,1.7,0.104,-4.3,0.8,-3.5,-0.3,0.0,2023
452,Josh Minott,6.4,1.2,2.4,0.5,0.1,0.4,0.333,1.1,2.0,0.533,0.528,0.5,0.5,1.0,0.3,1.3,1.7,0.3,0.3,0.4,0.2,0.7,3.1,0.0,0.0,1000.0,0.0,0.0,0.0,0.0,0.0,0.0,0.0,0.0,0.0,0.0,0.0,0.0,0.0,15.0,0.0,96.0,18.0,36.0,0.5,2.0,6.0,0.333,16.0,30.0,0.533,0.528,8.0,8.0,1.0,5.0,20.0,25.0,5.0,4.0,6.0,3.0,10.0,46.0,0.0,17.9,0.582,0.167,0.222,5.9,22.9,14.6,7.5,2.0,5.4,7.1,18.9,0.1,0.2,0.3,0.146,-1.9,0.4,-1.6,0.0,0.0,2023
453,Jamaree Bouyea,14.2,1.2,2.8,0.429,0.4,1.2,0.333,0.8,1.6,0.5,0.5,0.2,0.4,0.5,0.2,1.0,1.2,0.8,0.8,0.4,0.8,1.2,3.0,0.0,0.0,1000.0,0.0,0.0,0.0,0.0,0.0,0.0,0.0,0.0,0.0,0.0,0.0,0.0,0.0,5.0,0.0,71.0,6.0,14.0,0.429,2.0,6.0,0.333,4.0,8.0,0.5,0.5,1.0,2.0,0.5,1.0,5.0,6.0,4.0,4.0,2.0,4.0,6.0,15.0,0.0,6.5,0.504,0.429,0.143,1.6,8.4,4.9,7.8,2.8,2.9,21.2,11.8,-0.1,0.1,0.0,0.013,-5.8,1.6,-4.2,0.0,0.0,2023
454,Juan Toscano-Anderson,13.5,1.2,2.8,0.448,0.2,0.8,0.186,1.1,1.9,0.56,0.476,0.4,0.5,0.792,0.5,1.8,2.4,1.3,0.3,0.2,0.7,1.5,3.0,0.0,0.0,1000.0,0.0,0.0,0.0,0.0,0.0,0.0,0.0,0.0,0.0,0.0,0.0,0.0,0.0,52.0,9.0,700.0,64.0,143.0,0.448,8.0,43.0,0.186,56.0,100.0,0.56,0.476,19.0,24.0,0.792,28.0,96.0,124.0,65.0,16.0,10.0,34.0,80.0,155.0,0.0,7.2,0.505,0.301,0.168,4.4,14.4,9.5,11.8,1.1,1.2,18.1,11.3,-0.1,0.6,0.5,0.038,-4.6,0.8,-3.8,-0.3,0.0,2023
455,Tyler Dorsey,2.7,1.3,1.7,0.8,0.3,0.7,0.5,1.0,1.0,1.0,0.9,0.0,0.0,0.0,0.3,0.3,0.7,0.0,0.0,0.0,0.0,0.0,3.0,0.0,0.0,1000.0,0.0,0.0,0.0,0.0,0.0,0.0,0.0,0.0,0.0,0.0,0.0,0.0,0.0,3.0,0.0,8.0,4.0,5.0,0.8,1.0,2.0,0.5,3.0,3.0,1.0,0.9,0.0,0.0,0.0,1.0,1.0,2.0,0.0,0.0,0.0,0.0,0.0,9.0,0.0,45.5,0.9,0.4,0.0,14.4,14.7,14.5,0.0,0.0,0.0,0.0,28.3,0.1,0.0,0.1,0.367,17.0,0.8,17.8,0.0,0.0,2023
456,Usman Garuba,12.9,1.1,2.4,0.486,0.3,0.8,0.407,0.8,1.6,0.525,0.554,0.4,0.6,0.617,1.6,2.5,4.1,0.9,0.6,0.4,0.6,1.8,3.0,0.0,0.0,1000.0,0.0,0.0,0.0,0.0,0.0,0.0,0.0,0.0,0.0,0.0,0.0,0.0,0.0,75.0,1.0,970.0,86.0,177.0,0.486,24.0,59.0,0.407,62.0,118.0,0.525,0.554,29.0,47.0,0.617,120.0,187.0,307.0,64.0,44.0,29.0,47.0,135.0,225.0,0.0,12.9,0.569,0.333,0.266,13.4,21.4,17.4,8.8,2.2,2.9,19.2,10.5,0.9,0.9,1.8,0.091,-2.0,0.6,-1.4,0.2,0.0,2023
457,Jacob Gilyard,41.0,1.0,3.0,0.333,1.0,3.0,0.333,0.0,0.0,0.0,0.5,0.0,0.0,0.0,0.0,4.0,4.0,7.0,3.0,0.0,2.0,3.0,3.0,0.0,0.0,1000.0,0.0,0.0,0.0,0.0,0.0,0.0,0.0,0.0,0.0,0.0,0.0,0.0,0.0,1.0,0.0,41.0,1.0,3.0,0.333,1.0,3.0,0.333,0.0,0.0,0.0,0.5,0.0,0.0,0.0,0.0,4.0,4.0,7.0,3.0,0.0,2.0,3.0,3.0,0.0,7.3,0.5,1.0,0.0,0.0,10.3,5.2,19.4,3.5,0.0,40.0,5.1,0.0,0.1,0.1,0.079,-7.8,1.7,-6.1,0.0,0.0,2023
458,Jake LaRavia,11.8,1.1,2.7,0.389,0.7,2.0,0.338,0.4,0.7,0.542,0.516,0.2,0.3,0.778,0.5,1.3,1.8,0.6,0.3,0.1,0.5,1.4,3.0,0.0,0.0,1000.0,0.0,0.0,0.0,0.0,0.0,0.0,0.0,0.0,0.0,0.0,0.0,0.0,0.0,35.0,0.0,414.0,37.0,95.0,0.389,24.0,71.0,0.338,13.0,24.0,0.542,0.516,7.0,9.0,0.778,19.0,44.0,63.0,21.0,12.0,4.0,18.0,49.0,105.0,0.0,6.7,0.531,0.747,0.095,4.9,11.3,8.1,6.2,1.4,0.9,15.4,11.7,0.0,0.5,0.5,0.054,-3.9,0.4,-3.5,-0.2,0.0,2023
459,Robin Lopez,8.1,1.3,2.0,0.64,0.1,0.1,0.5,1.2,1.9,0.648,0.653,0.4,0.5,0.778,0.6,0.8,1.4,0.5,0.1,0.2,0.7,1.2,3.0,0.0,0.0,1000.0,0.0,0.0,0.0,0.0,0.0,0.0,0.0,0.0,0.0,0.0,0.0,0.0,0.0,37.0,2.0,299.0,48.0,75.0,0.64,2.0,4.0,0.5,46.0,71.0,0.648,0.653,14.0,18.0,0.778,23.0,28.0,51.0,19.0,2.0,8.0,25.0,43.0,112.0,0.0,11.6,0.675,0.053,0.24,9.1,11.0,10.0,9.1,0.3,2.5,23.2,16.1,0.2,0.3,0.6,0.094,-3.4,0.3,-3.0,-0.1,0.0,2023
460,Trevelin Queen,10.0,1.0,4.1,0.241,0.3,2.1,0.133,0.7,2.0,0.357,0.276,0.7,0.7,1.0,1.1,1.3,2.4,0.9,0.3,0.7,1.0,0.6,3.0,0.0,0.0,1000.0,0.0,0.0,0.0,0.0,0.0,0.0,0.0,0.0,0.0,0.0,0.0,0.0,0.0,7.0,0.0,70.0,7.0,29.0,0.241,2.0,15.0,0.133,5.0,14.0,0.357,0.276,5.0,5.0,1.0,8.0,9.0,17.0,6.0,2.0,5.0,7.0,4.0,21.0,0.0,6.0,0.337,0.517,0.172,12.7,14.2,13.5,11.1,1.4,6.1,18.3,22.9,-0.3,0.1,-0.2,-0.133,-5.6,-1.5,-7.2,-0.1,0.0,2023
461,Terry Taylor,8.5,1.3,2.4,0.52,0.2,0.6,0.263,1.1,1.8,0.607,0.553,0.2,0.4,0.545,0.9,0.6,1.5,0.3,0.1,0.2,0.3,0.8,2.9,0.0,0.0,1000.0,0.0,0.0,0.0,0.0,0.0,0.0,0.0,0.0,0.0,0.0,0.0,0.0,0.0,31.0,2.0,264.0,39.0,75.0,0.52,5.0,19.0,0.263,34.0,56.0,0.607,0.553,6.0,11.0,0.545,27.0,20.0,47.0,10.0,3.0,6.0,9.0,26.0,89.0,0.0,11.0,0.557,0.253,0.147,11.4,8.4,9.9,5.1,0.5,2.0,10.1,14.2,0.2,0.1,0.3,0.054,-2.3,-1.8,-4.1,-0.1,0.0,2023
462,Dru Smith,10.5,1.2,3.0,0.4,0.3,1.3,0.263,0.9,1.7,0.5,0.456,0.2,0.2,1.0,0.1,1.5,1.6,1.5,0.7,0.3,0.2,1.5,2.9,0.0,0.0,1000.0,0.0,0.0,0.0,0.0,0.0,0.0,0.0,0.0,0.0,0.0,0.0,0.0,0.0,15.0,1.0,158.0,18.0,45.0,0.4,5.0,19.0,0.263,13.0,26.0,0.5,0.456,3.0,3.0,1.0,2.0,22.0,24.0,22.0,10.0,4.0,3.0,23.0,44.0,0.0,11.4,0.475,0.422,0.067,1.4,15.9,8.7,19.3,3.1,2.5,6.1,13.8,0.1,0.3,0.3,0.099,-3.8,2.9,-0.9,0.0,0.0,2023
463,Juancho Hernangómez,14.6,1.1,2.7,0.421,0.4,1.6,0.254,0.7,1.1,0.66,0.496,0.2,0.4,0.563,0.6,2.3,2.9,0.6,0.4,0.1,0.4,1.0,2.9,0.0,0.0,1000.0,0.0,0.0,0.0,0.0,0.0,0.0,0.0,0.0,0.0,0.0,0.0,0.0,0.0,42.0,10.0,614.0,48.0,114.0,0.421,17.0,67.0,0.254,31.0,47.0,0.66,0.496,9.0,16.0,0.563,27.0,96.0,123.0,25.0,16.0,6.0,15.0,43.0,122.0,0.0,7.6,0.504,0.588,0.14,4.6,19.1,11.3,5.2,1.3,0.9,11.0,9.4,0.1,0.6,0.7,0.053,-3.5,0.2,-3.3,-0.2,0.0,2023
464,Carlik Jones,8.0,0.9,2.1,0.4,0.4,0.9,0.5,0.4,1.3,0.333,0.5,0.7,1.1,0.625,0.1,0.6,0.7,0.9,0.3,0.0,0.3,0.3,2.9,0.0,0.0,1000.0,0.0,0.0,0.0,0.0,0.0,0.0,0.0,0.0,0.0,0.0,0.0,0.0,0.0,7.0,0.0,56.0,6.0,15.0,0.4,3.0,6.0,0.5,3.0,9.0,0.333,0.5,5.0,8.0,0.625,1.0,4.0,5.0,6.0,2.0,0.0,2.0,2.0,20.0,0.0,11.1,0.54,0.4,0.533,2.1,8.0,5.1,13.9,1.7,0.0,9.7,16.2,0.0,0.1,0.1,0.078,-2.8,0.4,-2.5,0.0,0.0,2023
465,Frank Ntilikina,12.9,1.0,2.8,0.364,0.4,1.4,0.254,0.7,1.4,0.477,0.428,0.5,0.7,0.667,0.1,1.2,1.3,1.2,0.3,0.1,0.6,1.4,2.9,0.0,0.0,1000.0,0.0,0.0,0.0,0.0,0.0,0.0,0.0,0.0,0.0,0.0,0.0,0.0,0.0,47.0,5.0,607.0,48.0,132.0,0.364,17.0,67.0,0.254,31.0,65.0,0.477,0.428,22.0,33.0,0.667,7.0,55.0,62.0,58.0,16.0,7.0,29.0,65.0,135.0,0.0,5.2,0.461,0.508,0.25,1.3,10.7,5.9,12.8,1.3,1.0,16.5,13.1,-0.5,0.4,-0.1,-0.01,-6.1,-0.7,-6.7,-0.7,0.0,2023
466,Jason Preston,8.9,1.3,2.9,0.439,0.4,1.3,0.278,0.9,1.6,0.565,0.5,0.0,0.1,0.0,0.1,1.4,1.6,1.9,0.1,0.0,0.7,0.5,2.9,0.0,0.0,1000.0,0.0,0.0,0.0,0.0,0.0,0.0,0.0,0.0,0.0,0.0,0.0,0.0,0.0,14.0,0.0,124.0,18.0,41.0,0.439,5.0,18.0,0.278,13.0,23.0,0.565,0.5,0.0,2.0,0.0,2.0,20.0,22.0,27.0,2.0,0.0,10.0,7.0,41.0,0.0,10.3,0.489,0.439,0.049,1.8,17.9,9.9,30.9,0.8,0.0,19.3,18.3,0.0,0.1,0.1,0.021,-2.1,-0.5,-2.6,0.0,0.0,2023
467,Kessler Edwards,10.7,1.0,2.6,0.387,0.5,1.5,0.309,0.5,1.1,0.5,0.478,0.3,0.4,0.733,0.6,1.1,1.7,0.6,0.4,0.2,0.4,1.1,2.8,0.0,0.0,1000.0,0.0,0.0,0.0,0.0,0.0,0.0,0.0,0.0,0.0,0.0,0.0,0.0,0.0,36.0,4.0,385.0,36.0,93.0,0.387,17.0,55.0,0.309,19.0,38.0,0.5,0.478,11.0,15.0,0.733,23.0,38.0,61.0,23.0,14.0,6.0,13.0,40.0,100.0,0.0,8.4,0.502,0.591,0.161,6.9,11.1,9.0,7.5,1.7,1.4,11.5,12.7,0.1,0.3,0.4,0.048,-3.2,-0.7,-3.9,-0.2,0.0,2023
468,James Johnson,9.0,1.2,2.7,0.449,0.2,0.8,0.2,1.1,1.9,0.559,0.48,0.2,0.4,0.5,0.2,1.4,1.7,0.8,0.4,0.3,0.4,1.8,2.8,0.0,0.0,1000.0,0.0,0.0,0.0,0.0,0.0,0.0,0.0,0.0,0.0,0.0,0.0,0.0,0.0,18.0,1.0,162.0,22.0,49.0,0.449,3.0,15.0,0.2,19.0,34.0,0.559,0.48,4.0,8.0,0.5,4.0,26.0,30.0,15.0,7.0,6.0,8.0,32.0,51.0,0.0,8.4,0.486,0.306,0.163,2.7,17.8,10.3,12.6,2.1,3.2,13.2,15.7,-0.1,0.2,0.1,0.017,-5.7,1.2,-4.4,-0.1,0.0,2023
469,Moussa Diabaté,8.9,1.1,2.1,0.511,0.0,0.1,0.5,1.0,2.0,0.511,0.521,0.5,0.7,0.625,1.4,0.9,2.3,0.2,0.3,0.4,0.4,0.7,2.7,0.0,0.0,1000.0,0.0,0.0,0.0,0.0,0.0,0.0,0.0,0.0,0.0,0.0,0.0,0.0,0.0,22.0,1.0,195.0,24.0,47.0,0.511,1.0,2.0,0.5,23.0,45.0,0.511,0.521,10.0,16.0,0.625,31.0,19.0,50.0,4.0,7.0,8.0,9.0,15.0,59.0,0.0,14.2,0.546,0.043,0.34,18.0,10.8,14.4,2.8,1.8,3.6,14.3,14.1,0.2,0.2,0.4,0.105,-1.9,-0.8,-2.8,0.0,0.0,2023
470,Mamadi Diakite,8.0,1.1,2.3,0.48,0.3,1.0,0.333,0.8,1.3,0.586,0.55,0.1,0.1,1.0,0.4,1.0,1.4,0.4,0.2,0.4,0.5,1.2,2.6,0.0,0.0,1000.0,0.0,0.0,0.0,0.0,0.0,0.0,0.0,0.0,0.0,0.0,0.0,0.0,0.0,22.0,2.0,176.0,24.0,50.0,0.48,7.0,21.0,0.333,17.0,29.0,0.586,0.55,2.0,2.0,1.0,8.0,22.0,30.0,8.0,4.0,9.0,12.0,26.0,57.0,0.0,9.0,0.56,0.42,0.04,5.4,14.7,10.0,6.3,1.1,4.7,19.1,16.0,-0.1,0.3,0.2,0.051,-4.9,1.6,-3.4,-0.1,0.0,2023
471,Isaiah Mobley,7.0,1.0,2.3,0.429,0.3,0.7,0.375,0.8,1.7,0.45,0.482,0.3,0.3,1.0,0.3,1.3,1.7,0.3,0.3,0.3,0.1,0.7,2.6,0.0,0.0,1000.0,0.0,0.0,0.0,0.0,0.0,0.0,0.0,0.0,0.0,0.0,0.0,0.0,0.0,12.0,0.0,84.0,12.0,28.0,0.429,3.0,8.0,0.375,9.0,20.0,0.45,0.482,4.0,4.0,1.0,4.0,16.0,20.0,3.0,4.0,3.0,1.0,8.0,31.0,0.0,14.1,0.521,0.286,0.143,5.6,22.4,14.0,5.0,2.4,3.3,3.3,16.4,0.1,0.2,0.2,0.135,-2.5,1.1,-1.4,0.0,0.0,2023
472,Jaden Springer,5.6,1.1,2.2,0.486,0.1,0.3,0.4,0.9,1.9,0.5,0.514,0.4,0.5,0.75,0.4,0.5,0.9,0.5,0.4,0.2,0.2,0.9,2.6,0.0,0.0,1000.0,0.0,0.0,0.0,0.0,0.0,0.0,0.0,0.0,0.0,0.0,0.0,0.0,0.0,16.0,2.0,89.0,17.0,35.0,0.486,2.0,5.0,0.4,15.0,30.0,0.5,0.514,6.0,8.0,0.75,6.0,8.0,14.0,8.0,7.0,3.0,3.0,15.0,42.0,0.0,17.2,0.545,0.143,0.229,8.1,10.4,9.3,13.8,3.9,3.1,7.2,20.8,0.1,0.2,0.3,0.145,-2.6,2.9,0.3,0.1,0.0,2023
473,Frank Kaminsky,6.5,0.9,1.8,0.492,0.4,0.9,0.394,0.5,0.8,0.6,0.595,0.4,0.4,0.875,0.2,1.3,1.4,0.9,0.2,0.1,0.3,0.6,2.5,0.0,0.0,1000.0,0.0,0.0,0.0,0.0,0.0,0.0,0.0,0.0,0.0,0.0,0.0,0.0,0.0,36.0,0.0,235.0,31.0,63.0,0.492,13.0,33.0,0.394,18.0,30.0,0.6,0.595,14.0,16.0,0.875,7.0,45.0,52.0,32.0,6.0,4.0,9.0,22.0,89.0,0.0,15.3,0.635,0.524,0.254,3.2,21.2,12.1,17.8,1.2,1.6,11.4,14.1,0.5,0.2,0.7,0.141,1.2,1.7,2.8,0.3,0.0,2023
474,Lester Quiñones,4.5,0.5,1.3,0.4,0.5,1.0,0.5,0.0,0.3,0.0,0.6,1.0,1.5,0.667,0.3,0.5,0.8,0.5,0.3,0.0,1.3,0.0,2.5,0.0,0.0,1000.0,0.0,0.0,0.0,0.0,0.0,0.0,0.0,0.0,0.0,0.0,0.0,0.0,0.0,4.0,0.0,18.0,2.0,5.0,0.4,2.0,4.0,0.5,0.0,1.0,0.0,0.6,4.0,6.0,0.667,1.0,2.0,3.0,2.0,1.0,0.0,5.0,0.0,10.0,0.0,8.6,0.654,0.8,1.2,6.2,12.0,9.2,14.2,2.6,0.0,39.6,29.4,-0.1,0.0,0.0,-0.103,-6.4,-3.7,-10.2,0.0,0.0,2023
475,Ish Smith,9.3,1.2,3.0,0.397,0.0,0.3,0.167,1.2,2.8,0.42,0.405,0.0,0.1,0.5,0.1,1.1,1.3,2.3,0.2,0.2,1.0,0.8,2.5,0.0,0.0,1000.0,0.0,0.0,0.0,0.0,0.0,0.0,0.0,0.0,0.0,0.0,0.0,0.0,0.0,43.0,0.0,398.0,52.0,131.0,0.397,2.0,12.0,0.167,50.0,119.0,0.42,0.405,2.0,4.0,0.5,5.0,49.0,54.0,100.0,8.0,7.0,44.0,33.0,108.0,0.0,6.5,0.407,0.092,0.031,1.5,13.8,7.8,32.5,1.0,1.6,24.9,19.3,-0.8,0.4,-0.5,-0.056,-5.5,-1.1,-6.6,-0.5,0.0,2023
476,John Butler,11.6,0.9,2.8,0.321,0.4,1.8,0.229,0.5,0.9,0.5,0.396,0.2,0.2,0.75,0.2,0.7,0.9,0.6,0.4,0.5,0.1,1.2,2.4,0.0,0.0,1000.0,0.0,0.0,0.0,0.0,0.0,0.0,0.0,0.0,0.0,0.0,0.0,0.0,0.0,19.0,1.0,221.0,17.0,53.0,0.321,8.0,35.0,0.229,9.0,18.0,0.5,0.396,3.0,4.0,0.75,3.0,14.0,17.0,11.0,7.0,9.0,1.0,22.0,45.0,0.0,5.7,0.411,0.66,0.075,1.5,7.3,4.4,6.5,1.5,3.6,1.8,11.0,-0.1,0.1,0.0,0.001,-5.4,-0.8,-6.2,-0.2,0.0,2023
477,Jeff Dowtin,10.4,1.0,2.3,0.439,0.2,0.6,0.313,0.8,1.6,0.488,0.482,0.2,0.4,0.667,0.2,0.7,0.9,1.2,0.4,0.1,0.2,0.5,2.4,0.0,0.0,1000.0,0.0,0.0,0.0,0.0,0.0,0.0,0.0,0.0,0.0,0.0,0.0,0.0,0.0,25.0,0.0,259.0,25.0,57.0,0.439,5.0,16.0,0.313,20.0,41.0,0.488,0.482,6.0,9.0,0.667,6.0,17.0,23.0,31.0,9.0,3.0,5.0,13.0,61.0,0.0,9.9,0.5,0.281,0.158,2.4,8.0,5.0,15.5,1.7,1.1,7.6,10.9,0.2,0.2,0.4,0.076,-2.8,0.9,-1.9,0.0,0.0,2023
478,Theo Pinson,8.1,0.8,2.2,0.356,0.6,1.6,0.355,0.2,0.6,0.36,0.483,0.3,0.3,0.846,0.3,1.3,1.6,1.2,0.2,0.0,0.3,0.9,2.4,0.0,0.0,1000.0,0.0,0.0,0.0,0.0,0.0,0.0,0.0,0.0,0.0,0.0,0.0,0.0,0.0,40.0,1.0,323.0,31.0,87.0,0.356,22.0,62.0,0.355,9.0,25.0,0.36,0.483,11.0,13.0,0.846,10.0,53.0,63.0,46.0,6.0,1.0,12.0,34.0,95.0,1.0,10.1,0.512,0.713,0.149,3.6,19.3,11.4,19.6,0.9,0.3,11.5,14.7,0.2,0.2,0.5,0.071,-2.5,-0.9,-3.4,-0.1,0.0,2023
479,Neemias Queta,5.8,1.2,1.8,0.667,0.0,0.0,0.0,1.2,1.8,0.667,0.667,0.0,0.4,0.0,1.0,1.2,2.2,0.2,0.0,0.4,0.2,1.4,2.4,0.0,0.0,1000.0,0.0,0.0,0.0,0.0,0.0,0.0,0.0,0.0,0.0,0.0,0.0,0.0,0.0,5.0,0.0,29.0,6.0,9.0,0.667,0.0,0.0,0.0,6.0,9.0,0.667,0.667,0.0,2.0,0.0,5.0,6.0,11.0,1.0,0.0,2.0,1.0,7.0,12.0,0.0,17.0,0.607,0.0,0.222,19.8,23.5,21.7,5.0,0.0,6.0,9.2,16.1,0.1,0.0,0.1,0.149,-2.6,-0.8,-3.4,0.0,0.0,2023
480,Trent Forrest,12.0,1.1,2.6,0.417,0.0,0.1,0.0,1.1,2.5,0.431,0.417,0.1,0.1,0.667,0.2,1.4,1.6,1.7,0.3,0.1,0.7,0.7,2.3,0.0,0.0,1000.0,0.0,0.0,0.0,0.0,0.0,0.0,0.0,0.0,0.0,0.0,0.0,0.0,0.0,23.0,3.0,277.0,25.0,60.0,0.417,0.0,2.0,0.0,25.0,58.0,0.431,0.417,2.0,3.0,0.667,5.0,32.0,37.0,38.0,7.0,2.0,15.0,17.0,52.0,0.0,6.1,0.424,0.033,0.05,2.0,12.8,7.3,16.5,1.2,0.6,19.7,11.6,-0.2,0.2,-0.1,-0.011,-5.3,0.2,-5.1,-0.2,0.0,2023
481,Scotty Pippen Jr.,5.3,0.7,2.0,0.333,0.2,0.5,0.333,0.5,1.5,0.333,0.375,0.8,1.5,0.556,0.3,0.3,0.7,0.3,0.3,0.2,0.3,0.5,2.3,0.0,0.0,1000.0,0.0,0.0,0.0,0.0,0.0,0.0,0.0,0.0,0.0,0.0,0.0,0.0,0.0,6.0,0.0,32.0,4.0,12.0,0.333,1.0,3.0,0.333,3.0,9.0,0.333,0.375,5.0,9.0,0.556,2.0,2.0,4.0,2.0,2.0,1.0,2.0,3.0,14.0,0.0,9.6,0.439,0.25,0.75,6.9,6.5,6.7,8.2,3.0,2.6,11.1,23.7,-0.1,0.0,0.0,-0.017,-5.1,-0.8,-5.9,0.0,0.0,2023
482,Justin Champagnie,6.8,1.0,3.0,0.333,0.2,1.0,0.2,0.8,2.0,0.4,0.367,0.0,0.0,0.0,0.6,1.0,1.6,0.8,0.2,0.0,0.0,0.4,2.2,0.0,0.0,1000.0,0.0,0.0,0.0,0.0,0.0,0.0,0.0,0.0,0.0,0.0,0.0,0.0,0.0,5.0,0.0,34.0,5.0,15.0,0.333,1.0,5.0,0.2,4.0,10.0,0.4,0.367,0.0,0.0,0.0,3.0,5.0,8.0,4.0,1.0,0.0,0.0,2.0,11.0,0.0,10.3,0.367,0.333,0.0,9.6,17.1,13.1,16.3,1.4,0.0,0.0,19.2,0.0,0.0,0.0,0.009,-5.1,-2.8,-7.9,-0.1,0.0,2023
483,Khem Birch,8.1,1.0,1.6,0.594,0.1,0.1,0.5,0.9,1.5,0.6,0.609,0.2,0.3,0.8,0.4,0.9,1.3,0.4,0.3,0.3,0.4,1.2,2.2,0.0,0.0,1000.0,0.0,0.0,0.0,0.0,0.0,0.0,0.0,0.0,0.0,0.0,0.0,0.0,0.0,20.0,0.0,162.0,19.0,32.0,0.594,1.0,2.0,0.5,18.0,30.0,0.6,0.609,4.0,5.0,0.8,8.0,17.0,25.0,7.0,5.0,5.0,8.0,24.0,43.0,0.0,9.4,0.629,0.063,0.156,5.2,12.8,8.7,5.8,1.5,3.0,19.0,11.1,0.1,0.2,0.2,0.072,-4.6,1.1,-3.5,-0.1,0.0,2023
484,Kennedy Chandler,7.8,1.0,2.3,0.422,0.1,0.4,0.133,0.9,1.9,0.485,0.434,0.2,0.4,0.462,0.3,0.8,1.1,1.6,0.3,0.1,0.5,0.4,2.2,0.0,0.0,1000.0,0.0,0.0,0.0,0.0,0.0,0.0,0.0,0.0,0.0,0.0,0.0,0.0,0.0,36.0,0.0,281.0,35.0,83.0,0.422,2.0,15.0,0.133,33.0,68.0,0.485,0.434,6.0,13.0,0.462,9.0,29.0,38.0,58.0,12.0,5.0,18.0,15.0,78.0,0.0,10.6,0.44,0.181,0.157,3.4,10.9,7.2,26.4,2.0,1.6,16.9,15.8,-0.1,0.4,0.3,0.044,-3.3,0.6,-2.7,0.0,0.0,2023
485,Ron Harper Jr.,5.3,0.9,1.8,0.5,0.3,1.0,0.333,0.6,0.8,0.714,0.594,0.1,0.1,1.0,0.3,0.4,0.8,0.4,0.0,0.1,0.0,0.3,2.2,0.0,0.0,1000.0,0.0,0.0,0.0,0.0,0.0,0.0,0.0,0.0,0.0,0.0,0.0,0.0,0.0,9.0,0.0,48.0,8.0,16.0,0.5,3.0,9.0,0.333,5.0,7.0,0.714,0.594,1.0,1.0,1.0,3.0,4.0,7.0,4.0,0.0,1.0,0.0,3.0,20.0,0.0,15.7,0.608,0.563,0.063,6.6,10.2,8.3,11.9,0.0,2.0,0.0,14.6,0.1,0.0,0.2,0.158,2.4,-1.2,1.2,0.0,0.0,2023
486,Dalen Terry,5.6,0.8,1.9,0.444,0.2,0.7,0.259,0.7,1.2,0.556,0.493,0.4,0.6,0.667,0.3,0.7,1.0,0.6,0.3,0.1,0.2,0.6,2.2,0.0,0.0,1000.0,0.0,0.0,0.0,0.0,0.0,0.0,0.0,0.0,0.0,0.0,0.0,0.0,0.0,38.0,0.0,214.0,32.0,72.0,0.444,7.0,27.0,0.259,25.0,45.0,0.556,0.493,14.0,21.0,0.667,12.0,25.0,37.0,22.0,11.0,5.0,8.0,24.0,85.0,0.0,14.1,0.523,0.375,0.292,6.5,13.0,9.8,14.1,2.5,2.3,9.0,18.4,0.1,0.3,0.5,0.105,-1.7,1.7,0.0,0.1,0.0,2023
487,Nerlens Noel,11.5,0.8,2.1,0.361,0.1,0.1,0.5,0.7,2.0,0.353,0.375,0.5,0.7,0.667,0.6,2.1,2.7,0.6,0.9,0.6,0.8,1.9,2.1,0.0,0.0,1000.0,0.0,0.0,0.0,0.0,0.0,0.0,0.0,0.0,0.0,0.0,0.0,0.0,0.0,17.0,4.0,195.0,13.0,36.0,0.361,1.0,2.0,0.5,12.0,34.0,0.353,0.375,8.0,12.0,0.667,10.0,36.0,46.0,10.0,16.0,10.0,13.0,32.0,35.0,0.0,7.9,0.424,0.056,0.333,5.6,21.0,13.1,6.7,4.0,4.5,23.9,12.0,-0.3,0.3,0.0,0.007,-6.5,2.6,-3.8,-0.1,0.0,2023
488,Davon Reed,8.0,0.7,2.0,0.333,0.4,1.1,0.37,0.3,0.9,0.289,0.435,0.4,0.6,0.667,0.2,1.1,1.4,0.5,0.3,0.1,0.5,0.9,2.1,0.0,0.0,1000.0,0.0,0.0,0.0,0.0,0.0,0.0,0.0,0.0,0.0,0.0,0.0,0.0,0.0,43.0,1.0,342.0,28.0,84.0,0.333,17.0,46.0,0.37,11.0,38.0,0.289,0.435,16.0,24.0,0.667,10.0,49.0,59.0,23.0,15.0,4.0,20.0,39.0,89.0,0.0,6.2,0.471,0.548,0.286,3.4,16.0,9.9,8.2,2.1,1.0,17.5,14.5,-0.4,0.4,0.1,0.008,-5.4,0.0,-5.3,-0.3,0.0,2023
489,Andre Iguodala,14.1,0.9,1.9,0.467,0.1,1.1,0.111,0.8,0.8,1.0,0.5,0.3,0.4,0.667,0.4,1.8,2.1,2.4,0.5,0.4,1.1,1.4,2.1,0.0,0.0,1000.0,0.0,0.0,0.0,0.0,0.0,0.0,0.0,0.0,0.0,0.0,0.0,0.0,0.0,8.0,0.0,113.0,7.0,15.0,0.467,1.0,9.0,0.111,6.0,6.0,1.0,0.5,2.0,3.0,0.667,3.0,14.0,17.0,19.0,4.0,3.0,9.0,11.0,17.0,0.0,7.3,0.521,0.6,0.2,3.0,13.4,8.3,20.3,1.7,2.3,35.5,9.4,0.0,0.1,0.1,0.044,-4.3,1.7,-2.5,0.0,0.0,2023
490,Chris Silva,3.0,1.0,1.0,1.0,0.0,0.0,0.0,1.0,1.0,1.0,1.0,0.0,0.0,0.0,0.0,0.0,0.0,0.0,0.0,0.0,1.0,2.0,2.0,0.0,0.0,1000.0,0.0,0.0,0.0,0.0,0.0,0.0,0.0,0.0,0.0,0.0,0.0,0.0,0.0,1.0,0.0,3.0,1.0,1.0,1.0,0.0,0.0,0.0,1.0,1.0,1.0,1.0,0.0,0.0,0.0,0.0,0.0,0.0,0.0,0.0,0.0,1.0,2.0,2.0,0.0,-2.2,1.0,0.0,0.0,0.0,0.0,0.0,0.0,0.0,0.0,50.0,30.1,0.0,0.0,0.0,-0.26,-22.5,-0.1,-22.6,0.0,0.0,2023
491,Garrett Temple,6.5,0.7,1.8,0.4,0.4,1.0,0.423,0.3,0.8,0.368,0.522,0.1,0.2,0.75,0.2,0.5,0.7,0.5,0.4,0.1,0.2,0.6,2.0,0.0,0.0,1000.0,0.0,0.0,0.0,0.0,0.0,0.0,0.0,0.0,0.0,0.0,0.0,0.0,0.0,25.0,0.0,162.0,18.0,45.0,0.4,11.0,26.0,0.423,7.0,19.0,0.368,0.522,3.0,4.0,0.75,5.0,12.0,17.0,13.0,9.0,2.0,4.0,15.0,50.0,0.0,10.5,0.535,0.578,0.089,3.5,8.4,5.9,10.6,2.7,1.2,7.9,13.4,0.1,0.2,0.3,0.094,-2.5,1.6,-1.0,0.0,0.0,2023
492,Stanley Umude,2.0,0.0,1.0,0.0,0.0,1.0,0.0,0.0,0.0,0.0,0.0,2.0,2.0,1.0,0.0,0.0,0.0,0.0,1.0,1.0,0.0,0.0,2.0,0.0,0.0,1000.0,0.0,0.0,0.0,0.0,0.0,0.0,0.0,0.0,0.0,0.0,0.0,0.0,0.0,1.0,0.0,2.0,0.0,1.0,0.0,0.0,1.0,0.0,0.0,0.0,0.0,0.0,2.0,2.0,1.0,0.0,0.0,0.0,0.0,1.0,1.0,0.0,0.0,2.0,0.0,65.6,0.532,1.0,2.0,0.0,0.0,0.0,0.0,24.2,44.1,0.0,40.0,0.0,0.0,0.0,0.626,15.9,32.7,48.6,0.0,0.0,2023
493,Donovan Williams,2.0,1.0,2.5,0.4,0.0,1.0,0.0,1.0,1.5,0.667,0.4,0.0,0.0,0.0,0.0,1.0,1.0,0.0,0.0,0.0,0.0,0.0,2.0,0.0,0.0,1000.0,0.0,0.0,0.0,0.0,0.0,0.0,0.0,0.0,0.0,0.0,0.0,0.0,0.0,2.0,0.0,4.0,2.0,5.0,0.4,0.0,2.0,0.0,2.0,3.0,0.667,0.4,0.0,0.0,0.0,0.0,2.0,2.0,0.0,0.0,0.0,0.0,0.0,4.0,0.0,14.5,0.4,0.4,0.0,0.0,55.4,27.4,0.0,0.0,0.0,0.0,52.5,0.0,0.0,0.0,-0.225,-9.1,-6.1,-15.2,0.0,0.0,2023
494,Vince Williams Jr.,7.0,0.8,2.7,0.3,0.3,1.9,0.143,0.5,0.8,0.667,0.35,0.1,0.1,1.0,0.3,0.7,1.0,0.3,0.4,0.1,0.3,0.8,2.0,0.0,0.0,1000.0,0.0,0.0,0.0,0.0,0.0,0.0,0.0,0.0,0.0,0.0,0.0,0.0,0.0,15.0,1.0,105.0,12.0,40.0,0.3,4.0,28.0,0.143,8.0,12.0,0.667,0.35,2.0,2.0,1.0,4.0,11.0,15.0,4.0,6.0,2.0,5.0,12.0,30.0,0.0,3.9,0.367,0.7,0.05,4.0,11.1,7.6,4.8,2.7,1.7,10.9,18.1,-0.3,0.2,-0.1,-0.049,-8.3,-0.2,-8.5,-0.2,0.0,2023
495,Ryan Rollins,5.2,0.6,1.7,0.35,0.3,0.8,0.333,0.3,0.9,0.364,0.425,0.5,0.5,1.0,0.3,0.8,1.0,0.5,0.1,0.1,1.3,0.8,1.9,0.0,0.0,1000.0,0.0,0.0,0.0,0.0,0.0,0.0,0.0,0.0,0.0,0.0,0.0,0.0,0.0,12.0,0.0,62.0,7.0,20.0,0.35,3.0,9.0,0.333,4.0,11.0,0.364,0.425,6.0,6.0,1.0,3.0,9.0,12.0,6.0,1.0,1.0,16.0,10.0,23.0,0.0,-1.4,0.508,0.45,0.3,5.4,15.7,10.6,12.4,0.8,1.4,41.4,26.1,-0.3,0.1,-0.3,-0.218,-11.3,-3.7,-15.0,-0.2,0.0,2023
496,Greg Brown III,5.8,0.7,1.8,0.393,0.1,0.4,0.143,0.6,1.3,0.476,0.411,0.3,0.8,0.417,0.1,1.1,1.2,0.2,0.3,0.3,0.4,0.8,1.8,0.0,0.0,1000.0,0.0,0.0,0.0,0.0,0.0,0.0,0.0,0.0,0.0,0.0,0.0,0.0,0.0,16.0,0.0,93.0,11.0,28.0,0.393,1.0,7.0,0.143,10.0,21.0,0.476,0.411,5.0,12.0,0.417,2.0,17.0,19.0,3.0,4.0,5.0,6.0,13.0,28.0,0.0,5.8,0.421,0.25,0.429,2.5,21.2,11.7,4.5,2.1,4.8,15.3,18.4,-0.3,0.1,-0.1,-0.074,-8.5,0.0,-8.5,-0.2,0.0,2023
497,Trevor Hudgins,5.6,0.4,1.8,0.222,0.4,1.6,0.25,0.0,0.2,0.0,0.333,0.6,0.6,1.0,0.0,0.0,0.0,0.6,0.0,0.0,0.2,0.2,1.8,0.0,0.0,1000.0,0.0,0.0,0.0,0.0,0.0,0.0,0.0,0.0,0.0,0.0,0.0,0.0,0.0,5.0,0.0,28.0,2.0,9.0,0.222,2.0,8.0,0.25,0.0,1.0,0.0,0.333,3.0,3.0,1.0,0.0,0.0,0.0,3.0,0.0,0.0,1.0,1.0,9.0,0.0,4.2,0.436,0.889,0.333,0.0,0.0,0.0,13.9,0.0,0.0,8.8,16.8,0.0,0.0,0.0,-0.035,-3.8,-4.7,-8.4,0.0,0.0,2023
498,Alize Johnson,7.5,0.8,1.5,0.5,0.0,0.5,0.0,0.8,1.0,0.75,0.5,0.3,0.5,0.5,0.5,2.0,2.5,0.3,0.3,0.0,1.0,0.8,1.8,0.0,0.0,1000.0,0.0,0.0,0.0,0.0,0.0,0.0,0.0,0.0,0.0,0.0,0.0,0.0,0.0,4.0,0.0,30.0,3.0,6.0,0.5,0.0,2.0,0.0,3.0,4.0,0.75,0.5,1.0,2.0,0.5,2.0,8.0,10.0,1.0,1.0,0.0,4.0,3.0,7.0,0.0,4.3,0.509,0.333,0.333,7.0,30.3,18.2,4.2,1.6,0.0,36.8,15.0,-0.1,0.0,-0.1,-0.099,-7.4,-1.7,-9.1,-0.1,0.0,2023
499,Xavier Moon,5.0,0.8,2.3,0.333,0.3,0.8,0.333,0.5,1.5,0.333,0.389,0.0,0.0,0.0,0.0,0.8,0.8,1.3,0.0,0.0,0.3,0.5,1.8,0.0,0.0,1000.0,0.0,0.0,0.0,0.0,0.0,0.0,0.0,0.0,0.0,0.0,0.0,0.0,0.0,4.0,0.0,20.0,3.0,9.0,0.333,1.0,3.0,0.333,2.0,6.0,0.333,0.389,0.0,0.0,0.0,0.0,3.0,3.0,5.0,0.0,0.0,1.0,2.0,7.0,0.0,7.2,0.389,0.333,0.0,0.0,16.6,8.4,35.7,0.0,0.0,10.0,21.8,0.0,0.0,0.0,-0.03,-4.1,-1.0,-5.1,0.0,0.0,2023
500,Alex Len,6.2,0.6,1.2,0.533,0.0,0.1,0.0,0.6,1.1,0.571,0.533,0.4,0.6,0.688,0.9,1.4,2.3,0.5,0.2,0.4,0.6,1.1,1.7,0.0,0.0,1000.0,0.0,0.0,0.0,0.0,0.0,0.0,0.0,0.0,0.0,0.0,0.0,0.0,0.0,26.0,2.0,161.0,16.0,30.0,0.533,0.0,2.0,0.0,16.0,28.0,0.571,0.533,11.0,16.0,0.688,24.0,36.0,60.0,12.0,4.0,11.0,16.0,28.0,43.0,0.0,12.8,0.58,0.067,0.533,17.2,25.4,21.3,9.3,1.2,6.0,30.2,14.1,0.1,0.2,0.3,0.085,-4.9,0.9,-4.0,-0.1,0.0,2023
501,Dylan Windler,3.3,0.7,1.0,0.667,0.3,0.7,0.5,0.3,0.3,1.0,0.833,0.0,0.0,0.0,0.0,0.0,0.0,0.3,0.3,0.0,0.3,0.0,1.7,0.0,0.0,1000.0,0.0,0.0,0.0,0.0,0.0,0.0,0.0,0.0,0.0,0.0,0.0,0.0,0.0,3.0,0.0,10.0,2.0,3.0,0.667,1.0,2.0,0.5,1.0,1.0,1.0,0.833,0.0,0.0,0.0,0.0,0.0,0.0,1.0,1.0,0.0,1.0,0.0,5.0,0.0,19.0,0.833,0.667,0.0,0.0,0.0,0.0,15.2,5.0,0.0,25.0,17.9,0.0,0.0,0.0,0.149,3.2,3.5,6.7,0.0,0.0,2023
502,Buddy Boeheim,9.0,0.5,2.7,0.185,0.4,2.5,0.16,0.1,0.2,0.5,0.259,0.2,0.2,1.0,0.2,0.4,0.6,0.4,0.2,0.0,0.0,0.6,1.6,0.0,0.0,1000.0,0.0,0.0,0.0,0.0,0.0,0.0,0.0,0.0,0.0,0.0,0.0,0.0,0.0,10.0,0.0,90.0,5.0,27.0,0.185,4.0,25.0,0.16,1.0,2.0,0.5,0.259,2.0,2.0,1.0,2.0,4.0,6.0,4.0,2.0,0.0,0.0,6.0,16.0,0.0,0.5,0.287,0.926,0.074,2.4,5.1,3.7,5.8,1.1,0.0,0.0,13.2,-0.2,0.0,-0.2,-0.091,-7.5,-2.0,-9.5,-0.2,0.0,2023
503,Tony Bradley,2.8,0.5,1.0,0.5,0.3,0.4,0.6,0.3,0.6,0.429,0.625,0.3,0.3,1.0,0.1,0.8,0.9,0.1,0.1,0.1,0.1,0.2,1.6,0.0,0.0,1000.0,0.0,0.0,0.0,0.0,0.0,0.0,0.0,0.0,0.0,0.0,0.0,0.0,0.0,12.0,0.0,33.0,6.0,12.0,0.5,3.0,5.0,0.6,3.0,7.0,0.429,0.625,4.0,4.0,1.0,1.0,10.0,11.0,1.0,1.0,1.0,1.0,2.0,19.0,0.0,21.7,0.69,0.417,0.333,3.5,33.8,18.9,4.4,1.5,2.9,6.8,19.8,0.1,0.1,0.2,0.22,4.4,0.5,4.9,0.1,0.0,2023
504,JD Davison,5.5,0.7,1.6,0.421,0.2,0.6,0.286,0.5,1.0,0.5,0.474,0.1,0.2,0.5,0.2,0.6,0.8,0.9,0.2,0.2,0.3,0.4,1.6,0.0,0.0,1000.0,0.0,0.0,0.0,0.0,0.0,0.0,0.0,0.0,0.0,0.0,0.0,0.0,0.0,12.0,0.0,66.0,8.0,19.0,0.421,2.0,7.0,0.286,6.0,12.0,0.5,0.474,1.0,2.0,0.5,2.0,7.0,9.0,11.0,2.0,2.0,4.0,5.0,19.0,0.0,10.1,0.478,0.368,0.105,3.4,11.4,7.4,22.4,1.5,2.6,16.8,15.8,0.0,0.1,0.1,0.059,-4.5,0.4,-4.2,0.0,0.0,2023
505,Kendall Brown,6.7,0.7,1.2,0.571,0.0,0.2,0.0,0.7,1.0,0.667,0.571,0.2,0.3,0.5,0.3,0.7,1.0,0.5,0.7,0.0,0.3,1.5,1.5,0.0,0.0,1000.0,0.0,0.0,0.0,0.0,0.0,0.0,0.0,0.0,0.0,0.0,0.0,0.0,0.0,6.0,0.0,40.0,4.0,7.0,0.571,0.0,1.0,0.0,4.0,6.0,0.667,0.571,1.0,2.0,0.5,2.0,4.0,6.0,3.0,4.0,0.0,2.0,9.0,9.0,0.0,9.1,0.571,0.143,0.286,5.6,11.1,8.3,9.7,4.7,0.0,20.2,10.4,0.0,0.1,0.1,0.071,-7.0,4.0,-2.9,0.0,0.0,2023
506,Matthew Dellavedova,6.7,0.5,1.6,0.34,0.3,0.8,0.333,0.3,0.7,0.348,0.43,0.1,0.2,0.571,0.0,0.4,0.4,1.3,0.2,0.0,0.3,0.6,1.5,0.0,0.0,1000.0,0.0,0.0,0.0,0.0,0.0,0.0,0.0,0.0,0.0,0.0,0.0,0.0,0.0,32.0,0.0,213.0,17.0,50.0,0.34,9.0,27.0,0.333,8.0,23.0,0.348,0.43,4.0,7.0,0.571,1.0,12.0,13.0,41.0,7.0,0.0,10.0,20.0,47.0,0.0,6.7,0.443,0.54,0.14,0.5,6.4,3.5,23.4,1.6,0.0,15.9,12.7,0.0,0.1,0.1,0.021,-4.4,-0.8,-5.2,-0.2,0.0,2023
507,Keon Ellis,4.4,0.4,1.0,0.438,0.4,0.8,0.5,0.1,0.3,0.25,0.625,0.3,0.4,0.571,0.3,0.3,0.5,0.4,0.3,0.1,0.1,0.6,1.5,0.0,0.0,1000.0,0.0,0.0,0.0,0.0,0.0,0.0,0.0,0.0,0.0,0.0,0.0,0.0,0.0,16.0,0.0,71.0,7.0,16.0,0.438,6.0,12.0,0.5,1.0,4.0,0.25,0.625,4.0,7.0,0.571,4.0,4.0,8.0,6.0,5.0,1.0,1.0,10.0,24.0,0.0,14.0,0.629,0.75,0.438,6.5,6.4,6.4,10.5,3.4,1.2,5.0,12.1,0.2,0.1,0.2,0.162,-0.1,1.4,1.3,0.1,0.0,2023
508,Mfiondu Kabengele,9.0,0.5,1.8,0.286,0.0,0.8,0.0,0.5,1.0,0.5,0.286,0.5,0.5,1.0,1.3,1.3,2.5,0.0,0.5,0.0,0.3,0.8,1.5,0.0,0.0,1000.0,0.0,0.0,0.0,0.0,0.0,0.0,0.0,0.0,0.0,0.0,0.0,0.0,0.0,4.0,0.0,36.0,2.0,7.0,0.286,0.0,3.0,0.0,2.0,4.0,0.5,0.286,2.0,2.0,1.0,5.0,5.0,10.0,0.0,2.0,0.0,1.0,3.0,6.0,0.0,8.1,0.381,0.429,0.286,15.4,14.9,15.2,0.0,2.7,0.0,11.3,10.8,0.0,0.1,0.1,0.067,-6.6,-2.4,-8.9,-0.1,0.0,2023
509,Jordan Schakel,3.0,0.5,1.0,0.5,0.5,0.5,1.0,0.0,0.5,0.0,0.75,0.0,0.0,0.0,0.0,0.0,0.0,0.5,0.5,0.0,0.0,0.5,1.5,0.0,0.0,1000.0,0.0,0.0,0.0,0.0,0.0,0.0,0.0,0.0,0.0,0.0,0.0,0.0,0.0,2.0,0.0,6.0,1.0,2.0,0.5,1.0,1.0,1.0,0.0,1.0,0.0,0.75,0.0,0.0,0.0,0.0,0.0,0.0,1.0,1.0,0.0,0.0,1.0,3.0,0.0,24.3,0.75,0.5,0.0,0.0,0.0,0.0,23.5,8.1,0.0,0.0,14.5,0.0,0.0,0.0,0.314,7.7,9.3,17.0,0.0,0.0,2023
510,Isaiah Todd,10.2,0.5,3.2,0.158,0.2,1.7,0.1,0.3,1.5,0.222,0.184,0.3,0.3,1.0,0.3,1.7,2.0,0.7,0.2,0.0,0.3,0.7,1.5,0.0,0.0,1000.0,0.0,0.0,0.0,0.0,0.0,0.0,0.0,0.0,0.0,0.0,0.0,0.0,0.0,6.0,1.0,61.0,3.0,19.0,0.158,1.0,10.0,0.1,2.0,9.0,0.222,0.184,2.0,2.0,1.0,2.0,10.0,12.0,4.0,1.0,0.0,2.0,4.0,9.0,0.0,-1.0,0.226,0.526,0.105,3.8,17.6,10.9,7.9,0.8,0.0,9.1,15.6,-0.2,0.0,-0.2,-0.147,-10.3,-3.9,-14.2,-0.2,0.0,2023
511,Thanasis Antetokounmpo,5.6,0.5,1.2,0.435,0.0,0.2,0.0,0.5,1.0,0.526,0.435,0.3,0.6,0.5,0.4,0.8,1.2,0.4,0.1,0.1,0.3,0.6,1.4,0.0,0.0,1000.0,0.0,0.0,0.0,0.0,0.0,0.0,0.0,0.0,0.0,0.0,0.0,0.0,0.0,37.0,0.0,206.0,20.0,46.0,0.435,0.0,8.0,0.0,20.0,38.0,0.526,0.435,11.0,22.0,0.5,15.0,29.0,44.0,15.0,3.0,3.0,12.0,22.0,51.0,0.0,6.7,0.458,0.174,0.478,7.9,14.1,11.1,9.3,0.7,1.2,17.7,13.8,-0.1,0.2,0.1,0.022,-6.5,-1.1,-7.6,-0.3,0.0,2023
512,PJ Dozier,4.9,0.6,2.1,0.303,0.1,1.0,0.125,0.5,1.1,0.471,0.333,0.0,0.0,0.0,0.1,0.8,0.9,0.6,0.4,0.1,0.3,0.4,1.4,0.0,0.0,1000.0,0.0,0.0,0.0,0.0,0.0,0.0,0.0,0.0,0.0,0.0,0.0,0.0,0.0,16.0,0.0,79.0,10.0,33.0,0.303,2.0,16.0,0.125,8.0,17.0,0.471,0.333,0.0,0.0,0.0,1.0,13.0,14.0,10.0,6.0,1.0,5.0,7.0,22.0,0.0,5.2,0.333,0.485,0.0,1.5,18.7,10.1,16.3,3.6,1.1,13.2,20.6,-0.3,0.1,-0.2,-0.097,-8.6,0.7,-7.8,-0.1,0.0,2023
513,Wendell Moore Jr.,5.3,0.6,1.5,0.419,0.1,0.6,0.118,0.6,0.9,0.615,0.442,0.1,0.2,0.8,0.1,0.5,0.6,0.6,0.3,0.2,0.3,0.4,1.4,0.0,0.0,1000.0,0.0,0.0,0.0,0.0,0.0,0.0,0.0,0.0,0.0,0.0,0.0,0.0,0.0,29.0,2.0,153.0,18.0,43.0,0.419,2.0,17.0,0.118,16.0,26.0,0.615,0.442,4.0,5.0,0.8,4.0,14.0,18.0,18.0,8.0,5.0,8.0,13.0,42.0,0.0,9.3,0.465,0.395,0.116,3.0,10.0,6.6,15.3,2.5,2.8,15.0,14.9,-0.1,0.2,0.1,0.028,-3.8,1.3,-2.4,0.0,0.0,2023
514,Ryan Arcidiacono,8.6,0.5,1.9,0.243,0.4,1.2,0.348,0.1,0.7,0.071,0.351,0.0,0.0,0.0,0.0,0.8,0.8,1.2,0.3,0.0,0.4,0.9,1.3,0.0,0.0,1000.0,0.0,0.0,0.0,0.0,0.0,0.0,0.0,0.0,0.0,0.0,0.0,0.0,0.0,20.0,4.0,172.0,9.0,37.0,0.243,8.0,23.0,0.348,1.0,14.0,0.071,0.351,0.0,0.0,0.0,0.0,15.0,15.0,23.0,5.0,0.0,7.0,17.0,26.0,0.0,2.7,0.351,0.622,0.0,0.0,10.0,5.0,16.9,1.4,0.0,15.9,11.1,-0.2,0.1,-0.2,-0.043,-7.3,-1.5,-8.8,-0.3,0.0,2023
515,Facundo Campazzo,6.5,0.4,1.6,0.231,0.4,1.4,0.273,0.0,0.3,0.0,0.346,0.1,0.3,0.5,0.0,0.3,0.3,1.1,0.8,0.0,0.4,0.4,1.3,0.0,0.0,1000.0,0.0,0.0,0.0,0.0,0.0,0.0,0.0,0.0,0.0,0.0,0.0,0.0,0.0,8.0,0.0,52.0,3.0,13.0,0.231,3.0,11.0,0.273,0.0,2.0,0.0,0.346,1.0,2.0,0.5,0.0,2.0,2.0,9.0,6.0,0.0,3.0,3.0,10.0,0.0,7.8,0.36,0.846,0.154,0.0,4.5,2.2,22.6,5.7,0.0,17.8,14.7,-0.1,0.1,0.0,-0.012,-4.8,3.6,-1.2,0.0,0.0,2023
516,Braxton Key,3.0,0.3,0.3,1.0,0.0,0.0,0.0,0.3,0.3,1.0,1.0,0.7,0.7,1.0,0.0,0.3,0.3,0.0,0.0,0.0,0.0,0.0,1.3,0.0,0.0,1000.0,0.0,0.0,0.0,0.0,0.0,0.0,0.0,0.0,0.0,0.0,0.0,0.0,0.0,3.0,0.0,9.0,1.0,1.0,1.0,0.0,0.0,0.0,1.0,1.0,1.0,1.0,2.0,2.0,1.0,0.0,1.0,1.0,0.0,0.0,0.0,0.0,0.0,4.0,0.0,18.6,1.064,0.0,2.0,0.0,12.7,6.2,0.0,0.0,0.0,0.0,8.9,0.0,0.0,0.0,0.242,2.1,0.8,2.9,0.0,0.0,2023
517,Tyrese Martin,4.1,0.6,1.4,0.391,0.1,0.4,0.143,0.5,1.0,0.5,0.413,0.1,0.1,1.0,0.3,0.4,0.8,0.1,0.1,0.0,0.1,0.1,1.3,0.0,0.0,1000.0,0.0,0.0,0.0,0.0,0.0,0.0,0.0,0.0,0.0,0.0,0.0,0.0,0.0,16.0,0.0,66.0,9.0,23.0,0.391,1.0,7.0,0.143,8.0,16.0,0.5,0.413,2.0,2.0,1.0,5.0,7.0,12.0,2.0,1.0,0.0,2.0,2.0,21.0,0.0,7.7,0.44,0.304,0.087,8.2,11.7,10.0,3.9,0.7,0.0,7.7,16.5,0.0,0.0,0.0,-0.01,-4.2,-3.1,-7.4,-0.1,0.0,2023
518,KZ Okpala,7.1,0.5,1.1,0.421,0.2,0.6,0.333,0.3,0.5,0.529,0.513,0.2,0.2,0.875,0.2,0.8,1.0,0.4,0.2,0.2,0.2,1.1,1.3,0.0,0.0,1000.0,0.0,0.0,0.0,0.0,0.0,0.0,0.0,0.0,0.0,0.0,0.0,0.0,0.0,35.0,3.0,248.0,16.0,38.0,0.421,7.0,21.0,0.333,9.0,17.0,0.529,0.513,7.0,8.0,0.875,7.0,27.0,34.0,13.0,7.0,7.0,7.0,39.0,46.0,0.0,6.2,0.554,0.553,0.211,3.2,12.4,7.8,6.3,1.4,2.5,14.4,8.4,0.1,0.2,0.3,0.057,-4.3,1.1,-3.2,-0.1,0.0,2023
519,Cole Swider,5.9,0.4,1.3,0.333,0.4,1.1,0.375,0.0,0.1,0.0,0.5,0.0,0.0,0.0,0.1,0.9,1.0,0.6,0.0,0.0,0.0,0.4,1.3,0.0,0.0,1000.0,0.0,0.0,0.0,0.0,0.0,0.0,0.0,0.0,0.0,0.0,0.0,0.0,0.0,7.0,0.0,41.0,3.0,9.0,0.333,3.0,8.0,0.375,0.0,1.0,0.0,0.5,0.0,0.0,0.0,1.0,6.0,7.0,4.0,0.0,0.0,0.0,3.0,9.0,0.0,7.4,0.5,0.889,0.0,2.7,15.2,9.1,12.0,0.0,0.0,0.0,9.3,0.0,0.0,0.1,0.08,-2.9,-0.5,-3.4,0.0,0.0,2023
520,Vit Krejci,5.7,0.5,1.3,0.405,0.2,0.7,0.238,0.3,0.6,0.625,0.473,0.0,0.1,0.5,0.2,0.7,0.9,0.6,0.2,0.0,0.2,0.6,1.2,0.0,0.0,1000.0,0.0,0.0,0.0,0.0,0.0,0.0,0.0,0.0,0.0,0.0,0.0,0.0,0.0,29.0,0.0,165.0,15.0,37.0,0.405,5.0,21.0,0.238,10.0,16.0,0.625,0.473,1.0,2.0,0.5,6.0,20.0,26.0,17.0,5.0,1.0,5.0,17.0,36.0,0.0,7.7,0.475,0.568,0.054,3.9,13.4,8.6,12.4,1.4,0.5,11.7,10.9,0.0,0.1,0.1,0.042,-4.2,0.6,-3.6,-0.1,0.0,2023
521,Jack White,3.9,0.5,1.1,0.421,0.2,0.5,0.333,0.3,0.6,0.5,0.5,0.1,0.2,0.667,0.4,0.6,1.0,0.2,0.2,0.1,0.1,0.5,1.2,0.0,0.0,1000.0,0.0,0.0,0.0,0.0,0.0,0.0,0.0,0.0,0.0,0.0,0.0,0.0,0.0,17.0,0.0,66.0,8.0,19.0,0.421,3.0,9.0,0.333,5.0,10.0,0.5,0.5,2.0,3.0,0.667,6.0,11.0,17.0,4.0,3.0,2.0,2.0,9.0,21.0,0.0,12.6,0.517,0.474,0.158,10.7,18.6,14.8,7.7,2.2,2.7,9.0,14.7,0.1,0.1,0.1,0.108,-2.6,0.7,-1.9,0.0,0.0,2023
522,Noah Vonleh,7.4,0.5,1.0,0.458,0.0,0.2,0.25,0.4,0.9,0.5,0.479,0.1,0.1,1.0,0.8,1.3,2.1,0.3,0.1,0.3,0.5,1.5,1.1,0.0,0.0,1000.0,0.0,0.0,0.0,0.0,0.0,0.0,0.0,0.0,0.0,0.0,0.0,0.0,0.0,23.0,1.0,171.0,11.0,24.0,0.458,1.0,4.0,0.25,10.0,20.0,0.5,0.479,2.0,2.0,1.0,18.0,30.0,48.0,7.0,2.0,8.0,11.0,35.0,25.0,0.0,5.9,0.502,0.167,0.083,11.7,18.8,15.3,5.1,0.6,4.0,30.7,9.2,0.0,0.3,0.2,0.06,-7.0,0.7,-6.3,-0.2,0.0,2023
523,Malcolm Hill,1.8,0.4,0.8,0.5,0.2,0.6,0.333,0.2,0.2,1.0,0.625,0.0,0.0,0.0,0.0,0.6,0.6,0.0,0.0,0.0,0.0,0.2,1.0,0.0,0.0,1000.0,0.0,0.0,0.0,0.0,0.0,0.0,0.0,0.0,0.0,0.0,0.0,0.0,0.0,5.0,0.0,9.0,2.0,4.0,0.5,1.0,3.0,0.333,1.0,1.0,1.0,0.625,0.0,0.0,0.0,0.0,3.0,3.0,0.0,0.0,0.0,0.0,1.0,5.0,0.0,15.4,0.625,0.75,0.0,0.0,37.2,18.9,0.0,0.0,0.0,0.0,19.7,0.0,0.0,0.0,0.125,1.6,0.8,2.4,0.0,0.0,2023
524,Trevor Keels,2.7,0.3,1.3,0.25,0.3,1.3,0.25,0.0,0.0,0.0,0.375,0.0,0.0,0.0,0.0,0.7,0.7,0.0,0.0,0.0,0.0,0.0,1.0,0.0,0.0,1000.0,0.0,0.0,0.0,0.0,0.0,0.0,0.0,0.0,0.0,0.0,0.0,0.0,0.0,3.0,0.0,8.0,1.0,4.0,0.25,1.0,4.0,0.25,0.0,0.0,0.0,0.375,0.0,0.0,0.0,0.0,2.0,2.0,0.0,0.0,0.0,0.0,0.0,3.0,0.0,3.7,0.375,1.0,0.0,0.0,27.6,13.7,0.0,0.0,0.0,0.0,21.4,0.0,0.0,0.0,-0.062,-7.4,-5.6,-13.0,0.0,0.0,2023
525,Chima Moneke,4.0,0.5,1.0,0.5,0.0,0.0,0.0,0.5,1.0,0.5,0.5,0.0,1.0,0.0,1.0,0.0,1.0,0.5,0.0,0.0,1.0,1.0,1.0,0.0,0.0,1000.0,0.0,0.0,0.0,0.0,0.0,0.0,0.0,0.0,0.0,0.0,0.0,0.0,0.0,2.0,0.0,8.0,1.0,2.0,0.5,0.0,0.0,0.0,1.0,2.0,0.5,0.5,0.0,2.0,0.0,2.0,0.0,2.0,1.0,0.0,0.0,2.0,2.0,2.0,0.0,-3.5,0.347,0.0,1.0,28.8,0.0,14.3,16.1,0.0,0.0,41.0,26.2,0.0,0.0,0.0,-0.288,-12.7,-8.0,-20.7,0.0,0.0,2023
526,Kobi Simmons,5.6,0.2,1.2,0.167,0.2,1.0,0.2,0.0,0.2,0.0,0.25,0.4,0.4,1.0,0.2,0.6,0.8,1.0,0.0,0.4,0.2,0.0,1.0,0.0,0.0,1000.0,0.0,0.0,0.0,0.0,0.0,0.0,0.0,0.0,0.0,0.0,0.0,0.0,0.0,5.0,0.0,28.0,1.0,6.0,0.167,1.0,5.0,0.2,0.0,1.0,0.0,0.25,2.0,2.0,1.0,1.0,3.0,4.0,5.0,0.0,2.0,1.0,0.0,5.0,0.0,9.0,0.363,0.833,0.333,3.7,11.7,7.6,21.8,0.0,6.2,12.7,11.8,0.0,0.0,0.0,0.019,-1.0,0.1,-0.9,0.0,0.0,2023
527,Joe Wieskamp,5.6,0.3,1.6,0.214,0.3,1.3,0.25,0.0,0.2,0.0,0.321,0.0,0.0,0.0,0.0,0.4,0.4,0.3,0.0,0.0,0.1,0.3,1.0,0.0,0.0,1000.0,0.0,0.0,0.0,0.0,0.0,0.0,0.0,0.0,0.0,0.0,0.0,0.0,0.0,9.0,0.0,50.0,3.0,14.0,0.214,3.0,12.0,0.25,0.0,2.0,0.0,0.321,0.0,0.0,0.0,0.0,4.0,4.0,3.0,0.0,0.0,1.0,3.0,9.0,0.0,-0.4,0.321,0.857,0.0,0.0,9.8,4.5,7.4,0.0,0.0,6.7,12.8,-0.1,0.0,-0.1,-0.076,-7.0,-3.6,-10.6,-0.1,0.0,2023
528,Justin Jackson,4.7,0.3,1.2,0.259,0.2,0.9,0.25,0.1,0.3,0.286,0.352,0.0,0.1,0.5,0.1,0.7,0.7,0.4,0.2,0.2,0.1,0.3,0.9,0.0,0.0,1000.0,0.0,0.0,0.0,0.0,0.0,0.0,0.0,0.0,0.0,0.0,0.0,0.0,0.0,23.0,0.0,107.0,7.0,27.0,0.259,5.0,20.0,0.25,2.0,7.0,0.286,0.352,1.0,2.0,0.5,2.0,15.0,17.0,9.0,4.0,4.0,2.0,7.0,20.0,0.0,6.3,0.359,0.741,0.074,2.1,15.1,8.7,10.5,1.8,3.2,6.7,12.2,-0.1,0.2,0.1,0.025,-4.2,1.6,-2.6,0.0,0.0,2023
529,Marko Simonovic,2.9,0.3,1.0,0.286,0.1,0.6,0.25,0.1,0.4,0.333,0.357,0.1,0.3,0.5,0.1,0.1,0.3,0.0,0.0,0.0,0.0,0.7,0.9,0.0,0.0,1000.0,0.0,0.0,0.0,0.0,0.0,0.0,0.0,0.0,0.0,0.0,0.0,0.0,0.0,7.0,0.0,20.0,2.0,7.0,0.286,1.0,4.0,0.25,1.0,3.0,0.333,0.357,1.0,2.0,0.5,1.0,1.0,2.0,0.0,0.0,0.0,0.0,5.0,6.0,0.0,-0.1,0.381,0.571,0.286,5.8,5.6,5.7,0.0,0.0,0.0,0.0,17.4,0.0,0.0,0.0,-0.052,-10.5,-3.8,-14.4,-0.1,0.0,2023
530,Dereon Seabron,2.4,0.4,1.0,0.4,0.0,0.0,0.0,0.4,1.0,0.4,0.4,0.0,0.0,0.0,0.2,0.0,0.2,0.0,0.0,0.0,0.0,0.2,0.8,0.0,0.0,1000.0,0.0,0.0,0.0,0.0,0.0,0.0,0.0,0.0,0.0,0.0,0.0,0.0,0.0,5.0,0.0,12.0,2.0,5.0,0.4,0.0,0.0,0.0,2.0,5.0,0.4,0.4,0.0,0.0,0.0,1.0,0.0,1.0,0.0,0.0,0.0,0.0,1.0,4.0,0.0,4.6,0.4,0.0,0.0,9.5,0.0,4.7,0.0,0.0,0.0,0.0,17.9,0.0,0.0,0.0,-0.034,-6.6,-4.7,-11.3,0.0,0.0,2023
531,Vernon Carey Jr.,2.5,0.2,0.7,0.25,0.0,0.0,0.0,0.2,0.7,0.25,0.25,0.2,0.2,1.0,0.3,0.7,1.0,0.3,0.2,0.2,0.2,0.5,0.5,0.0,0.0,1000.0,0.0,0.0,0.0,0.0,0.0,0.0,0.0,0.0,0.0,0.0,0.0,0.0,0.0,11.0,0.0,28.0,2.0,8.0,0.25,0.0,0.0,0.0,2.0,8.0,0.25,0.25,2.0,2.0,1.0,3.0,8.0,11.0,3.0,2.0,2.0,2.0,5.0,6.0,0.0,10.8,0.338,0.0,0.25,12.4,30.6,21.8,13.3,3.5,6.0,18.4,16.9,-0.1,0.1,0.0,0.014,-7.1,2.1,-5.0,0.0,0.0,2023
532,Devon Dotson,8.8,0.2,1.7,0.1,0.2,0.7,0.25,0.0,1.0,0.0,0.15,0.0,0.0,0.0,1.0,0.7,1.7,1.3,0.8,0.0,0.5,1.5,0.5,0.0,0.0,1000.0,0.0,0.0,0.0,0.0,0.0,0.0,0.0,0.0,0.0,0.0,0.0,0.0,0.0,6.0,0.0,53.0,1.0,10.0,0.1,1.0,4.0,0.25,0.0,6.0,0.0,0.15,0.0,0.0,0.0,6.0,4.0,10.0,8.0,5.0,0.0,3.0,9.0,3.0,0.0,4.8,0.15,0.4,0.0,13.1,8.1,10.5,17.6,4.6,0.0,23.1,10.7,-0.1,0.1,0.0,-0.025,-7.0,1.8,-5.3,0.0,0.0,2023
533,Leandro Bolmaro,4.9,0.2,1.4,0.15,0.0,0.3,0.0,0.2,1.1,0.188,0.15,0.0,0.0,0.0,0.3,0.2,0.5,0.5,0.2,0.1,0.5,0.7,0.4,0.0,0.0,1000.0,0.0,0.0,0.0,0.0,0.0,0.0,0.0,0.0,0.0,0.0,0.0,0.0,0.0,14.0,0.0,68.0,3.0,20.0,0.15,0.0,4.0,0.0,3.0,16.0,0.188,0.15,0.0,0.0,0.0,4.0,3.0,7.0,7.0,3.0,1.0,7.0,10.0,6.0,0.0,-5.0,0.15,0.2,0.0,6.5,4.7,5.6,12.3,2.1,1.2,25.9,16.6,-0.4,0.0,-0.3,-0.231,-12.4,-2.3,-14.7,-0.2,0.0,2023
534,Sterling Brown,6.0,0.0,1.0,0.0,0.0,0.5,0.0,0.0,0.5,0.0,0.0,0.0,0.0,0.0,0.8,1.3,2.0,0.5,0.8,0.0,0.0,1.0,0.0,0.0,0.0,1000.0,0.0,0.0,0.0,0.0,0.0,0.0,0.0,0.0,0.0,0.0,0.0,0.0,0.0,4.0,0.0,24.0,0.0,4.0,0.0,0.0,2.0,0.0,0.0,2.0,0.0,0.0,0.0,0.0,0.0,3.0,5.0,8.0,2.0,3.0,0.0,0.0,4.0,0.0,0.0,7.0,0.0,0.5,0.0,13.9,21.6,17.8,9.4,5.9,0.0,0.0,7.0,0.0,0.1,0.0,0.04,-7.7,4.3,-3.3,0.0,0.0,2023
535,Deonte Burton,3.0,0.0,1.0,0.0,0.0,0.5,0.0,0.0,0.5,0.0,0.0,0.0,0.0,0.0,0.0,0.0,0.0,0.0,0.0,0.0,0.0,0.0,0.0,0.0,0.0,1000.0,0.0,0.0,0.0,0.0,0.0,0.0,0.0,0.0,0.0,0.0,0.0,0.0,0.0,2.0,0.0,6.0,0.0,2.0,0.0,0.0,1.0,0.0,0.0,1.0,0.0,0.0,0.0,0.0,0.0,0.0,0.0,0.0,0.0,0.0,0.0,0.0,0.0,0.0,0.0,-12.6,0.0,0.5,0.0,0.0,0.0,0.0,0.0,0.0,0.0,0.0,14.3,0.0,0.0,0.0,-0.347,-13.9,-10.4,-24.2,0.0,0.0,2023
536,Michael Foster Jr.,1.0,0.0,0.0,0.0,0.0,0.0,0.0,0.0,0.0,0.0,0.0,0.0,0.0,0.0,0.0,0.0,0.0,0.0,0.0,0.0,0.0,0.0,0.0,0.0,0.0,1000.0,0.0,0.0,0.0,0.0,0.0,0.0,0.0,0.0,0.0,0.0,0.0,0.0,0.0,1.0,0.0,1.0,0.0,0.0,0.0,0.0,0.0,0.0,0.0,0.0,0.0,0.0,0.0,0.0,0.0,0.0,0.0,0.0,0.0,0.0,0.0,0.0,0.0,0.0,0.0,0.0,0.0,0.0,0.0,0.0,0.0,0.0,0.0,0.0,0.0,0.0,0.0,0.0,0.0,0.0,0.01,-7.2,-1.9,-9.2,0.0,0.0,2023
537,Frank Jackson,5.0,0.0,3.0,0.0,0.0,1.0,0.0,0.0,2.0,0.0,0.0,0.0,0.0,0.0,1.0,1.0,2.0,1.0,0.0,0.0,0.0,0.0,0.0,0.0,0.0,1000.0,0.0,0.0,0.0,0.0,0.0,0.0,0.0,0.0,0.0,0.0,0.0,0.0,0.0,1.0,0.0,5.0,0.0,3.0,0.0,0.0,1.0,0.0,0.0,2.0,0.0,0.0,0.0,0.0,0.0,1.0,1.0,2.0,1.0,0.0,0.0,0.0,0.0,0.0,0.0,-6.8,0.0,0.333,0.0,21.9,21.3,21.6,22.7,0.0,0.0,0.0,25.1,0.0,0.0,0.0,-0.378,-12.5,-9.8,-22.2,0.0,0.0,2023
538,Alondes Williams,5.0,0.0,0.0,0.0,0.0,0.0,0.0,0.0,0.0,0.0,0.0,0.0,0.0,0.0,0.0,1.0,1.0,0.0,0.0,0.0,2.0,1.0,0.0,0.0,0.0,1000.0,0.0,0.0,0.0,0.0,0.0,0.0,0.0,0.0,0.0,0.0,0.0,0.0,0.0,1.0,0.0,5.0,0.0,0.0,0.0,0.0,0.0,0.0,0.0,0.0,0.0,0.0,0.0,0.0,0.0,0.0,1.0,1.0,0.0,0.0,0.0,2.0,1.0,0.0,0.0,-20.9,0.0,0.0,0.0,0.0,22.0,11.2,0.0,0.0,0.0,100.0,17.7,-0.1,0.0,-0.1,-0.517,-21.3,-5.2,-26.5,0.0,0.0,2023
